,Created,Message,Status
0,2026-04-08 00:00:54.776,"11000001,5,4764428799,1,1,1,4,66,1775606479,1775606479,-12.0054376,-77.0910703,8324,0,9,10,01000000,10,-73,11110010,9,OFF,1101000,00000000,0,5,36,fs:3:0x3E010716C206236CA03E010716C206236CA03E010716C206236CA03E010716C206236CA0|",0x8305476442879901010104004269D59ACF69D59ACFF8D81D98D20CD611000020840000000000090A02000AFFB74F091600000500243E010716C206236CA03E010716C206236CA03E010716C206236CA03E010716C206236CA0
1,2026-04-08 00:04:54.972,"11000001,5,4764428799,1,1,1,4,67,1775606719,1775606719,-12.0054675,-77.0910711,7324,2,9,8,01000000,10,-75,11110010,10,OFF,1101000,00000000,0,5,36,fs:3:0x3E010716C206236CA03E010716C206236CA03E010716C206236CA03E010716C206236CA0|",0x8305476442879901010104004369D59BBF69D59BBFF8D81C6DD20CD60900001C9C0000000200090802000AFFB54F0A1600000500243E010716C206236CA03E010716C206236CA03E010716C206236CA03E010716C206236CA0
2,2026-04-08 00:08:54.879,"11000001,5,4764428799,1,1,1,4,68,1775606959,1775606959,-12.0054951,-77.0910845,7602,0,9,10,01000000,10,-75,11110010,8,OFF,1101000,00000000,0,5,36,fs:3:0x3E010716C206236CA03E010716C206236CA03E010716C206236CA03E010716C206226C64|",0x8305476442879901010104004469D59CAF69D59CAFF8D81B59D20CD58300001DB20000000000090A02000AFFB54F081600000500243E010716C206236CA03E010716C206236CA03E010716C206236CA03E010716C206226C64
4,2026-04-08 00:12:54.863,"11000001,5,4764428799,1,1,1,4,70,1775607199,1775607199,-12.0054871,-77.0910765,7852,0,9,10,01000000,10,-75,11110010,9,OFF,1101000,00000000,0,5,36,fs:3:0x3E010716C206226C643E010716C206226C643E010716C206226C643E010716C206216C31|",0x8305476442879901010104004669D59D9F69D59D9FF8D81BA9D20CD5D300001EAC0000000000090A02000AFFB54F091600000500243E010716C206226C643E010716C206226C643E010716C206226C643E010716C206216C31
5,2026-04-08 00:16:54.805,"11000001,5,4764428799,1,1,1,4,71,1775607439,1775607439,-12.0054675,-77.09107,8140,0,9,10,01000000,10,-75,11110010,8,OFF,1101000,00000000,0,5,36,fs:3:0x3E010716C206216C313E010716C206216C313E010716C206216C313E010716C206216C31|",0x8305476442879901010104004769D59E8F69D59E8FF8D81C6DD20CD61400001FCC0000000000090A02000AFFB54F081600000500243E010716C206216C313E010716C206216C313E010716C206216C313E010716C206216C31
6,2026-04-08 00:21:21.575,"11000001,5,4764428799,1,1,1,4,72,1775607679,1775607679,-12.0053865,-77.0910938,11075,0,9,8,01000000,10,-75,11110010,12,OFF,1101000,00000000,0,5,36,fs:3:0x3E010716C206216C313E010716C206206CF53E010716C206206CF53E010716C206206CF5|",0x8305476442879901010104004869D59F7F69D59F7FF8D81F97D20CD52600002B430000000000090802000AFFB54F0C1600000500243E010716C206216C313E010716C206206CF53E010716C206206CF53E010716C206206CF5
7,2026-04-08 00:25:20.020,"11000001,5,4764428799,1,1,1,4,73,1775607919,1775607919,-12.0054771,-77.0910003,9018,0,9,10,01000000,10,-75,11110010,8,OFF,1101000,00000000,0,5,36,fs:3:0x3E010716C206206CF53E010716C206206CF53E010717C1061F6C853E010717C1061F6C85|",0x8305476442879901010104004969D5A06F69D5A06FF8D81C0DD20CD8CD0000233A0000000000090A02000AFFB54F081600000500243E010716C206206CF53E010716C206206CF53E010717C1061F6C853E010717C1061F6C85
8,2026-04-08 00:29:20.232,"11000001,5,4764428799,1,1,1,4,74,1775608159,1775608159,-12.0054943,-77.0910363,8803,2,9,10,01000000,10,-75,11110010,9,OFF,1101000,00000000,0,5,36,fs:3:0x3E010717C1061F6C853E010717C1061F6C853E010717C1061F6C853E010717C1061F6C85|",0x8305476442879901010104004A69D5A15F69D5A15FF8D81B61D20CD765000022630000000200090A02000AFFB54F091600000500243E010717C1061F6C853E010717C1061F6C853E010717C1061F6C853E010717C1061F6C85
9,2026-04-08 00:33:20.053,"11000001,5,4764428799,1,1,1,4,75,1775608399,1775608399,-12.0054938,-77.0910905,7084,0,9,9,01000000,10,-75,11110010,9,OFF,1101000,00000000,0,5,36,fs:3:0x3E010717C1061F6C853E010717C1061F6C853E010717C1061F6C853E010717C1061E6C41|",0x8305476442879901010104004B69D5A24F69D5A24FF8D81B66D20CD54700001BAC0000000000090902000AFFB54F091600000500243E010717C1061F6C853E010717C1061F6C853E010717C1061F6C853E010717C1061E6C41
10,2026-04-08 00:37:20.266,"11000001,5,4764428799,1,1,1,4,76,1775608639,1775608639,-12.0054098,-77.0911115,7933,0,9,10,01000000,10,-75,11110010,8,OFF,1101000,00000000,0,5,36,fs:3:0x3E010717C1061E6C413E010717C1061E6C413E010717C1061E6C413E010717C1061E6C41|",0x8305476442879901010104004C69D5A33F69D5A33FF8D81EAED20CD47500001EFD0000000000090A02000AFFB54F081600000500243E010717C1061E6C413E010717C1061E6C413E010717C1061E6C413E010717C1061E6C41
11,2026-04-08 00:41:21.748,"11000001,5,4764428799,1,1,1,4,77,1775608879,1775608879,-12.0055366,-77.0910976,8492,11,216,8,01000000,10,-75,11110010,10,OFF,1101000,00000000,0,5,36,fs:3:0x3E010717C1061E6C413E010717C1061F6C853E010717C1061E6C413E010717C1061F6C85|",0x8305476442879901010104004D69D5A42F69D5A42FF8D819BAD20CD5000000212C0000000B00D80802000AFFB54F0A1600000500243E010717C1061E6C413E010717C1061F6C853E010717C1061E6C413E010717C1061F6C85
12,2026-04-08 00:45:20.263,"11000001,5,4764428799,1,1,1,4,78,1775609119,1775609119,-12.0054965,-77.0910936,8466,0,216,10,01000000,10,-75,11110010,8,OFF,1101000,00000000,0,5,36,fs:3:0x3E010717C1061F6C853E010717C1061F6C853E010717C1061F6C853E010717C1061F6C85|",0x8305476442879901010104004E69D5A51F69D5A51FF8D81B4BD20CD528000021120000000000D80A02000AFFB54F081600000500243E010717C1061F6C853E010717C1061F6C853E010717C1061F6C853E010717C1061F6C85
13,2026-04-08 00:49:20.096,"11000001,5,4764428799,1,1,1,4,79,1775609359,1775609359,-12.0054668,-77.0910773,7095,0,216,11,01000000,10,-75,11110010,8,OFF,1101000,00000000,0,5,36,fs:3:0x3E010717C1061F6C853E010717C1061F6C853E010717C1061F6C853E010717C1061F6C85|",0x8305476442879901010104004F69D5A60F69D5A60FF8D81C74D20CD5CB00001BB70000000000D80B02000AFFB54F081600000500243E010717C1061F6C853E010717C1061F6C853E010717C1061F6C853E010717C1061F6C85
14,2026-04-08 00:53:20.158,"11000001,5,4764428799,1,1,1,4,80,1775609599,1775609599,-12.0054241,-77.0910408,7338,0,216,11,01000000,10,-75,11110010,8,OFF,1101000,00000000,0,5,36,fs:3:0x3E010717C1061E6C413E010717C1061E6C413E010717C1061E6C413E010717C1061E6C41|",0x8305476442879901010104005069D5A6FF69D5A6FFF8D81E1FD20CD73800001CAA0000000000D80B02000AFFB54F081600000500243E010717C1061E6C413E010717C1061E6C413E010717C1061E6C413E010717C1061E6C41
15,2026-04-08 00:57:20.257,"11000001,5,4764428799,1,1,1,4,81,1775609839,1775609839,-12.0053883,-77.0910525,7005,0,216,10,01000000,10,-75,11110010,8,OFF,1101000,00000000,0,5,36,fs:3:0x3E010717C1061E6C413E010717C1061E6C413E010717C1061E6C413E010717C1061E6C41|",0x8305476442879901010104005169D5A7EF69D5A7EFF8D81F85D20CD6C300001B5D0000000000D80A02000AFFB54F081600000500243E010717C1061E6C413E010717C1061E6C413E010717C1061E6C413E010717C1061E6C41
16,2026-04-08 01:01:20.340,"11000001,5,4764428799,1,1,1,4,82,1775610079,1775610079,-12.005434,-77.0911133,11229,5,216,11,01000000,10,-75,11110010,9,OFF,1101000,00000000,0,5,36,fs:3:0x3E010717C1061E6C413E010717C1061E6C413E010717C1061E6C413E010717C1061E6C41|",0x8305476442879901010104005269D5A8DF69D5A8DFF8D81DBCD20CD46300002BDD0000000500D80B02000AFFB54F091600000500243E010717C1061E6C413E010717C1061E6C413E010717C1061E6C413E010717C1061E6C41
17,2026-04-08 01:05:20.251,"11000001,5,4764428799,1,1,1,4,83,1775610319,1775610319,-12.0054845,-77.0910341,10414,0,216,10,01000000,10,-75,11110010,8,OFF,1101000,00000000,0,5,36,fs:3:0x3E010717C1061E6C413E010717C1061E6C413E010717C1061E6C413E010717C1061E6C41|",0x8305476442879901010104005369D5A9CF69D5A9CFF8D81BC3D20CD77B000028AE0000000000D80A02000AFFB54F081600000500243E010717C1061E6C413E010717C1061E6C413E010717C1061E6C413E010717C1061E6C41
18,2026-04-08 01:09:20.246,"11000001,5,4764428799,1,1,1,4,84,1775610559,1775610559,-12.0054903,-77.0910201,7670,5,216,11,01000000,10,-73,11110010,9,OFF,1101000,00000000,0,5,36,fs:3:0x3E010717C1061E6C413E010717C1061E6C413E010717C1061E6C413E010717C1061E6C41|",0x8305476442879901010104005469D5AABF69D5AABFF8D81B89D20CD80700001DF60000000500D80B02000AFFB74F091600000500243E010717C1061E6C413E010717C1061E6C413E010717C1061E6C413E010717C1061E6C41
19,2026-04-08 01:13:20.239,"11000001,5,4764428799,1,1,1,4,85,1775610799,1775610799,-12.0054648,-77.0910518,8537,2,216,10,01000000,10,-75,11110010,10,OFF,1101000,00000000,0,5,36,fs:3:0x3E010717C1061E6C413E010717C1061D6C143E010717C1061D6C143E010717C1061D6C14|",0x8305476442879901010104005569D5ABAF69D5ABAFF8D81C88D20CD6CA000021590000000200D80A02000AFFB54F0A1600000500243E010717C1061E6C413E010717C1061D6C143E010717C1061D6C143E010717C1061D6C14
20,2026-04-08 01:17:20.441,"11000001,5,4764428799,1,1,1,4,86,1775611039,1775611039,-12.005437,-77.0911031,9660,0,216,11,01000000,10,-75,11110010,9,OFF,1101000,00000000,0,5,36,fs:3:0x3E010717C1061D6C143E010717C1061D6C143E010717C1061D6C143E010717C1061D6C14|",0x8305476442879901010104005669D5AC9F69D5AC9FF8D81D9ED20CD4C9000025BC0000000000D80B02000AFFB54F091600000500243E010717C1061D6C143E010717C1061D6C143E010717C1061D6C143E010717C1061D6C14
21,2026-04-08 01:21:20.350,"11000001,5,4764428799,1,1,1,4,87,1775611279,1775611279,-12.0054505,-77.0910856,8684,0,216,11,01000000,10,-75,11110010,8,OFF,1101000,00000000,0,5,36,fs:3:0x3E010717C1061D6C143E010717C1061D6C143E010717C1061D6C143E010717C1061D6C14|",0x8305476442879901010104005769D5AD8F69D5AD8FF8D81D17D20CD578000021EC0000000000D80B02000AFFB54F081600000500243E010717C1061D6C143E010717C1061D6C143E010717C1061D6C143E010717C1061D6C14
22,2026-04-08 01:25:20.504,"11000001,5,4764428799,1,1,1,4,88,1775611519,1775611519,-12.0054508,-77.0910686,9255,0,216,11,01000000,10,-73,11110010,8,OFF,1101000,00000000,0,5,36,fs:3:0x3E010717C1061D6C143E010717C1061D6C143E010717C1061D6C143E010717C1061D6C14|",0x8305476442879901010104005869D5AE7F69D5AE7FF8D81D14D20CD622000024270000000000D80B02000AFFB74F081600000500243E010717C1061D6C143E010717C1061D6C143E010717C1061D6C143E010717C1061D6C14
23,2026-04-08 01:29:20.499,"11000001,5,4764428799,1,1,1,4,89,1775611759,1775611759,-12.0054666,-77.0911093,8361,2,216,11,01000000,10,-75,11110010,8,OFF,1101000,00000000,0,5,36,fs:3:0x3E010717C1061D6C143E010717C1061D6C143E010717C1061D6C143E010717C1061D6C14|",0x8305476442879901010104005969D5AF6F69D5AF6FF8D81C76D20CD48B000020A90000000200D80B02000AFFB54F081600000500243E010717C1061D6C143E010717C1061D6C143E010717C1061D6C143E010717C1061D6C14
24,2026-04-08 01:33:20.420,"11000001,5,4764428799,1,1,1,4,90,1775611999,1775611999,-12.0054111,-77.0910911,6614,2,216,11,01000000,10,-75,11110010,8,OFF,1101000,00000000,0,5,36,fs:3:0x3E010717C1061D6C143E010717C1061D6C143E010717C1061D6C143E010717C1061D6C14|",0x8305476442879901010104005A69D5B05F69D5B05FF8D81EA1D20CD541000019D60000000200D80B02000AFFB54F081600000500243E010717C1061D6C143E010717C1061D6C143E010717C1061D6C143E010717C1061D6C14
25,2026-04-08 01:37:20.420,"11000001,5,4764428799,1,1,1,4,91,1775612239,1775612239,-12.005442,-77.0911371,9618,5,64,10,01000000,10,-75,11110010,8,OFF,1101000,00000000,0,5,36,fs:3:0x3E010717C1061D6C143E010717C1061D6C143E010717C1061D6C143E010717C1061D6C14|",0x8305476442879901010104005B69D5B14F69D5B14FF8D81D6CD20CD375000025920000000500400A02000AFFB54F081600000500243E010717C1061D6C143E010717C1061D6C143E010717C1061D6C143E010717C1061D6C14
26,2026-04-08 01:41:20.404,"11000001,5,4764428799,1,1,1,4,92,1775612479,1775612479,-12.0054525,-77.0911361,9541,2,64,11,01000000,10,-75,11110010,8,OFF,1101000,00000000,0,5,36,fs:3:0x3E010717C1061D6C143E010717C1061D6C143E010717C1061D6C143E010717C1061D6C14|",0x8305476442879901010104005C69D5B23F69D5B23FF8D81D03D20CD37F000025450000000200400B02000AFFB54F081600000500243E010717C1061D6C143E010717C1061D6C143E010717C1061D6C143E010717C1061D6C14
27,2026-04-08 01:45:20.477,"11000001,5,4764428799,1,1,1,4,93,1775612719,1775612719,-12.0054888,-77.091083,8251,2,64,10,01000000,10,-75,11110010,8,OFF,1101000,00000000,0,5,36,fs:3:0x3E010717C1061D6C143E010717C1061D6C143E010717C1061D6C143E010717C1061D6C14|",0x8305476442879901010104005D69D5B32F69D5B32FF8D81B98D20CD5920000203B0000000200400A02000AFFB54F081600000500243E010717C1061D6C143E010717C1061D6C143E010717C1061D6C143E010717C1061D6C14
28,2026-04-08 01:49:20.518,"11000001,5,4764428799,1,1,1,4,94,1775612959,1775612959,-12.0054651,-77.0910798,8480,0,64,11,01000000,10,-75,11110010,8,OFF,1101000,00000000,0,5,36,fs:3:0x3E010717C1061D6C143E010717C1061D6C143E010717C1061D6C143E010717C1061E6C41|",0x8305476442879901010104005E69D5B41F69D5B41FF8D81C85D20CD5B2000021200000000000400B02000AFFB54F081600000500243E010717C1061D6C143E010717C1061D6C143E010717C1061D6C143E010717C1061E6C41
29,2026-04-08 01:53:20.560,"11000001,5,4764428799,1,1,1,4,95,1775613199,1775613199,-12.0054855,-77.0910853,8316,0,64,10,01000000,10,-75,11110010,8,OFF,1101000,00000000,0,5,36,fs:3:0x3E010717C1061E6C413E010717C1061E6C413E010717C1061E6C413E010717C1061E6C41|",0x8305476442879901010104005F69D5B50F69D5B50FF8D81BB9D20CD57B0000207C0000000000400A02000AFFB54F081600000500243E010717C1061E6C413E010717C1061E6C413E010717C1061E6C413E010717C1061E6C41
32,2026-04-08 01:57:20.746,"11000001,5,4764428799,1,1,1,4,98,1775613439,1775613439,-12.0054645,-77.0910596,7765,2,64,10,01000000,10,-75,11110010,10,ON,1101000,00000000,0,5,36,fs:3:0x3E010717C1061D6C143E010717C1061C6CD03E010717C106146CA63E010717C0060C6CB3|",0x8305476442879901010104006269D5B5FF69D5B5FFF8D81C8BD20CD67C00001E550000000200400A02000AFFB54F0A1700000500243E010717C1061D6C143E010717C1061C6CD03E010717C106146CA63E010717C0060C6CB3
34,2026-04-08 02:06:16.198,"11000001,5,4764428799,1,1,1,4,100,1775613679,1775613679,-12.0054765,-77.0910883,9658,2,64,11,01000100,10,-75,11110010,8,ON,1101000,00000000,0,5,36,fs:3:0x3E010717C006026C6F3E010717BF06F56B293E010718BE06E86BAC3E010718BD06DB6B5C|",0x8305476442879901010104006469D5B6EF69D5B6EFF8D81C13D20CD55D000025BA0000000200400B22000AFFB54F081700000500243E010717C006026C6F3E010717BF06F56B293E010718BE06E86BAC3E010718BD06DB6B5C
35,2026-04-08 02:06:16.684,"11000001,5,4764428799,1,1,1,4,101,1775613919,1775613919,-12.0055061,-77.0912638,9044,33,73,12,00000100,10,-81,11110010,7,ON,1101000,00000000,0,5,36,fs:3:0x3E010718BC06CD6B953E010718BC06C06B1C3E010718B906996B583E010718A506566A80|",0x8305476442879901010104006569D5B7DF69D5B7DFF8D81AEBD20CCE82000023540000002100490C20000AFFAF4F071700000500243E010718BC06CD6B953E010718BC06C06B1C3E010718B906996B583E010718A506566A80
37,2026-04-08 02:08:46.931,"11000001,5,4764428799,1,1,1,4,103,1775614159,1775614159,-12.0054841,-77.0911665,10509,11,134,10,00000000,10,-75,11110010,8,OFF,1101000,00000000,0,5,36,fs:3:0x3E010718AD06D16ADD3E010718AF06F96A6D3E010719B4064A6B053E010719B806856BBB|",0x8305476442879901010104006769D5B8CF69D5B8CFF8D81BC7D20CD24F0000290D0000000B00860A00000AFFB54F081600000500243E010718AD06D16ADD3E010718AF06F96A6D3E010719B4064A6B053E010719B806856BBB
38,2026-04-08 02:12:46.871,"11000001,5,4764428799,1,1,1,4,104,1775614399,1775614399,-12.00551,-77.0912285,8013,16,262,10,00000000,10,-77,11110010,8,OFF,1101000,00000000,0,5,36,fs:3:0x3E010719B9069F6B3F3E010719B9069F6B3F3E010719B9069B6B043E010719B9069D6BAE|",0x8305476442879901010104006869D5B9BF69D5B9BFF8D81AC4D20CCFE300001F4D0000001001060A00000AFFB34F081600000500243E010719B9069F6B3F3E010719B9069F6B3F3E010719B9069B6B043E010719B9069D6BAE
39,2026-04-08 02:16:46.902,"11000001,5,4764428799,1,1,1,4,105,1775614639,1775614639,-12.0055083,-77.0911253,6931,5,30,9,00000000,10,-77,11110010,8,OFF,1101000,00000000,0,5,36,fs:3:0x3E010719B9069C6B6A3E010719B9069C6B6A3E010719B9069B6B043E010719B9069B6B04|",0x8305476442879901010104006969D5BAAF69D5BAAFF8D81AD5D20CD3EB00001B1300000005001E0900000AFFB34F081600000500243E010719B9069C6B6A3E010719B9069C6B6A3E010719B9069B6B043E010719B9069B6B04
41,2026-04-08 02:20:46.929,"11000001,5,4764428799,1,1,1,4,107,1775614879,1775614879,-12.0054995,-77.0910575,8687,16,279,9,00000000,10,-77,11110010,8,OFF,1101000,00000000,0,5,36,fs:3:0x3E010719B9069C6B6A3E010719B9069C6B6A3E010719B9069C6B6A3E010719B9069C6B6A|",0x8305476442879901010104006B69D5BB9F69D5BB9FF8D81B2DD20CD691000021EF0000001001170900000AFFB34F081600000500243E010719B9069C6B6A3E010719B9069C6B6A3E010719B9069C6B6A3E010719B9069C6B6A
42,2026-04-08 02:24:47.001,"11000001,5,4764428799,1,1,1,4,108,1775615119,1775615119,-12.0055518,-77.0911206,8865,36,278,9,00000000,10,-77,11110010,10,OFF,1101000,00000000,0,5,36,fs:3:0x3E010719B9069D6BAE3E010719B9069D6BAE3E010719B9069D6BAE3E010719B9069D6BAE|",0x8305476442879901010104006C69D5BC8F69D5BC8FF8D81922D20CD41A000022A10000002401160900000AFFB34F0A1600000500243E010719B9069D6BAE3E010719B9069D6BAE3E010719B9069D6BAE3E010719B9069D6BAE
43,2026-04-08 02:28:47.013,"11000001,5,4764428799,1,1,1,4,109,1775615360,1775615360,-12.0055385,-77.0911178,7591,5,86,7,00000000,10,-77,11110010,11,OFF,1101000,00000000,0,5,36,fs:3:0x3E010719B9069D6BAE3E010719B9069D6BAE3E010719B9069D6BAE3E010719B9069E6BFB|",0x8305476442879901010104006D69D5BD8069D5BD80F8D819A7D20CD43600001DA70000000500560700000AFFB34F0B1600000500243E010719B9069D6BAE3E010719B9069D6BAE3E010719B9069D6BAE3E010719B9069E6BFB
44,2026-04-08 02:32:47.103,"11000001,5,4764428799,1,1,1,4,110,1775615600,1775615600,-12.0055246,-77.0911585,9754,41,271,7,00000000,10,-73,11110010,10,OFF,1101000,00000000,0,5,36,fs:3:0x3E010719B9069E6BFB3E010719B9069F6B3F3E010719B9069F6B3F3E010719BA06A06B82|",0x8305476442879901010104006E69D5BE7069D5BE70F8D81A32D20CD29F0000261A00000029010F0700000AFFB74F0A1600000500243E010719B9069E6BFB3E010719B9069F6B3F3E010719B9069F6B3F3E010719BA06A06B82
45,2026-04-08 02:36:47.190,"11000001,5,4764428799,1,1,1,4,111,1775615840,1775615840,-12.0054883,-77.0911903,7355,2,271,7,00000000,10,-75,11110010,9,OFF,1101000,00000000,0,5,36,fs:3:0x3E010719BA06A06B823E010719BA06A16B463E010719BA06A16B463E010719BA06A06B82|",0x8305476442879901010104006F69D5BF6069D5BF60F8D81B9DD20CD16100001CBB00000002010F0700000AFFB54F091600000500243E010719BA06A06B823E010719BA06A16B463E010719BA06A16B463E010719BA06A06B82
46,2026-04-08 02:40:48.661,"11000001,5,4764428799,1,1,1,4,112,1775616080,1775616080,-12.0055208,-77.0912053,7512,8,55,8,00000000,10,-75,11110010,9,OFF,1101000,00000000,0,5,36,fs:3:0x3E010719BA06A16B463E010719BA06A26B133E010719BA06A26B133E010719BA06A26B13|",0x8305476442879901010104007069D5C05069D5C050F8D81A58D20CD0CB00001D580000000800370800000AFFB54F091600000500243E010719BA06A16B463E010719BA06A26B133E010719BA06A26B133E010719BA06A26B13
47,2026-04-08 02:44:47.161,"11000001,5,4764428799,1,1,1,4,113,1775616320,1775616320,-12.0055518,-77.0911808,6617,5,85,6,00000000,10,-75,11110010,12,OFF,1101000,00000000,0,5,36,fs:3:0x3E010719BA06A36BD73E010719BA06A36BD73E010719BA06A46BB93E010719BA06A46BB9|",0x8305476442879901010104007169D5C14069D5C140F8D81922D20CD1C0000019D90000000500550600000AFFB54F0C1600000500243E010719BA06A36BD73E010719BA06A36BD73E010719BA06A46BB93E010719BA06A46BB9
48,2026-04-08 02:48:47.190,"11000001,5,4764428799,1,1,1,4,114,1775616560,1775616560,-12.0054191,-77.0911988,8365,5,149,9,00000000,10,-75,11110010,9,OFF,1101000,00000000,0,5,36,fs:3:0x3E010719BA06A56B7D3E010719BA06A56B7D3E010719BA06A56B7D3E010719BA06A56B7D|",0x8305476442879901010104007269D5C23069D5C230F8D81E51D20CD10C000020AD0000000500950900000AFFB54F091600000500243E010719BA06A56B7D3E010719BA06A56B7D3E010719BA06A56B7D3E010719BA06A56B7D
49,2026-04-08 02:52:47.259,"11000001,5,4764428799,1,1,1,4,115,1775616800,1775616800,-12.0055385,-77.0910981,6730,2,56,8,00000000,10,-75,11110010,9,OFF,1101000,00000000,0,5,36,fs:3:0x3E010719BA06A66B283E010719BA06A66B283E010719BA06A66B283E010719BA06A76BEC|",0x8305476442879901010104007369D5C32069D5C320F8D819A7D20CD4FB00001A4A0000000200380800000AFFB54F091600000500243E010719BA06A66B283E010719BA06A66B283E010719BA06A66B283E010719BA06A76BEC
50,2026-04-08 02:56:47.203,"11000001,5,4764428799,1,1,1,4,116,1775617040,1775617040,-12.0055388,-77.0909476,10532,11,245,7,00000000,10,-79,11110010,11,OFF,1101000,00000000,0,5,36,fs:3:0x3E010719BA06A76BEC3E010719BA06A76BEC3E010719BA06A76BEC3E010719BA06A76BEC|",0x8305476442879901010104007469D5C41069D5C410F8D819A4D20CDADC000029240000000B00F50700000AFFB14F0B1600000500243E010719BA06A76BEC3E010719BA06A76BEC3E010719BA06A76BEC3E010719BA06A76BEC
51,2026-04-08 03:00:47.208,"11000001,5,4764428799,1,1,1,4,117,1775617280,1775617280,-12.0055643,-77.0911061,8724,41,103,8,00000000,10,-79,11110010,10,OFF,1101000,00000000,0,5,36,fs:3:0x3E010719BA06A86BF43E010719BA06A86BF43E010719BA06A86BF43E010719BA06A96B30|",0x8305476442879901010104007569D5C50069D5C500F8D818A5D20CD4AB000022140000002900670800000AFFB14F0A1600000500243E010719BA06A86BF43E010719BA06A86BF43E010719BA06A86BF43E010719BA06A96B30
52,2026-04-08 03:04:47.336,"11000001,5,4764428799,1,1,1,4,118,1775617520,1775617520,-12.0056038,-77.0909786,10367,27,91,9,00000000,10,-79,11110010,8,OFF,1101000,00000000,0,5,36,fs:3:0x3E010719BA06A96B303E010719BA06A96B303E010719BA06A96B303E010719BA06AA6B65|",0x8305476442879901010104007669D5C5F069D5C5F0F8D8171AD20CD9A60000287F0000001B005B0900000AFFB14F081600000500243E010719BA06A96B303E010719BA06A96B303E010719BA06A96B303E010719BA06AA6B65
53,2026-04-08 03:08:47.330,"11000001,5,4764428799,1,1,1,4,119,1775617760,1775617760,-12.005654,-77.090932,9828,27,54,8,00000000,10,-79,11110010,10,OFF,1101000,00000000,0,5,36,fs:3:0x3E010719BA06AA6B653E010719BA06AA6B653E010719BA06AA6B653E010719BA06AA6B65|",0x8305476442879901010104007769D5C6E069D5C6E0F8D81524D20CDB78000026640000001B00360800000AFFB14F0A1600000500243E010719BA06AA6B653E010719BA06AA6B653E010719BA06AA6B653E010719BA06AA6B65
61,2026-04-09 23:59:10.668,"11000001,5,4764428799,1,1,1,4,3,1775779143,0,0,0,0,0,0,0,00110000,10,-79,11110010,0,ON,1101000,00010000,0,5,36,fs:3:0x3E01071ABA06A56B333E01071ABA06AD6B453E01071ABA06A56B333E01071AB306316B58|",0x8305476442879901010104000369D83D4700000000000000000000000000000000000000000000000C000AFFB14F001708000500243E01071ABA06A56B333E01071ABA06AD6B453E01071ABA06A56B333E01071AB306316B58
64,2026-04-10 00:03:10.724,"11000001,5,4764428799,1,1,1,4,6,1775779383,0,0,0,0,0,0,0,00110000,10,-79,11110010,0,OFF,1101000,00010000,0,5,36,fs:3:0x3E01071AB706726B983E01071AB706736B5C3E01071AB706716BCD3E01071AB706726B98|",0x8305476442879901010104000669D83E3700000000000000000000000000000000000000000000000C000AFFB14F001608000500243E01071AB706726B983E01071AB706736B5C3E01071AB706716BCD3E01071AB706726B98
65,2026-04-10 00:07:10.733,"11000001,5,4764428799,1,1,1,4,7,1775779623,0,0,0,0,0,0,0,00110000,10,-79,11110010,0,OFF,1101000,00010000,0,5,36,fs:3:0x3E01071AB706706B093E01071AB706706B093E01071AB6066F6B723E01071AB6066F6B72|",0x8305476442879901010104000769D83F2700000000000000000000000000000000000000000000000C000AFFB14F001608000500243E01071AB706706B093E01071AB706706B093E01071AB6066F6B723E01071AB6066F6B72
67,2026-04-10 00:11:10.782,"11000001,5,4764428799,1,1,1,4,9,1775779870,0,0,0,0,0,0,0,00110000,10,-81,11110010,0,OFF,1101000,00010000,0,5,36,fs:3:0x3E01071AB6066F6B723E01071AB6066E6BB63E01071BB6066E6B7B3E01071BB6066E6B7B|",0x8305476442879901010104000969D8401E00000000000000000000000000000000000000000000000C000AFFAF4F001608000500243E01071AB6066F6B723E01071AB6066E6BB63E01071BB6066E6B7B3E01071BB6066E6B7B
68,2026-04-10 00:15:10.804,"11000001,5,4764428799,1,1,1,4,10,1775780110,0,0,0,0,0,0,0,00110000,10,-75,11110010,0,OFF,1101000,00010000,0,5,36,fs:3:0x3E01071BB6066E6B7B3E01071BB6066E6B7B3E01071BB6066E6B7B3E01071BB6066E6B7B|",0x8305476442879901010104000A69D8410E00000000000000000000000000000000000000000000000C000AFFB54F001608000500243E01071BB6066E6B7B3E01071BB6066E6B7B3E01071BB6066E6B7B3E01071BB6066E6B7B
69,2026-04-10 00:19:10.763,"11000001,5,4764428799,1,1,1,4,11,1775780350,1775780350,-12.0056201,-77.0912641,6812,11,0,5,00000000,10,-81,11110010,24,OFF,1101000,00000000,0,5,36,fs:3:0x3E01071BB6066E6B7B3E01071BB6066E6B7B3E01071BB6066E6B7B3E01071BB6066E6B7B|",0x8305476442879901010104000B69D841FE69D841FEF8D81677D20CCE7F00001A9C0000000B00000500000AFFAF4F181600000500243E01071BB6066E6B7B3E01071BB6066E6B7B3E01071BB6066E6B7B3E01071BB6066E6B7B
70,2026-04-10 00:23:10.935,"11000001,5,4764428799,1,1,1,4,12,1775780590,1775780590,-12.0055626,-77.0911063,5676,0,78,5,00000000,10,-75,11110010,24,OFF,1101000,00000000,0,5,36,fs:3:0x3E01071BB6066E6B7B3E01071BB6066E6B7B3E01071BB6066E6B7B3E01071BB6066E6B7B|",0x8305476442879901010104000C69D842EE69D842EEF8D818B6D20CD4A90000162C00000000004E0500000AFFB54F181600000500243E01071BB6066E6B7B3E01071BB6066E6B7B3E01071BB6066E6B7B3E01071BB6066E6B7B
71,2026-04-10 00:27:10.921,"11000001,5,4764428799,1,1,1,4,13,1775780830,1775780830,-12.005605,-77.0912158,8443,33,119,6,00000000,10,-75,11110010,14,OFF,1101000,00000000,0,5,36,fs:3:0x3E01071BB6066E6B7B3E01071BB6066E6B7B3E01071BB6066F6BBF3E01071BB6066F6BBF|",0x8305476442879901010104000D69D843DE69D843DEF8D8170ED20CD062000020FB0000002100770600000AFFB54F0E1600000500243E01071BB6066E6B7B3E01071BB6066E6B7B3E01071BB6066F6BBF3E01071BB6066F6BBF
72,2026-04-10 00:31:10.895,"11000001,5,4764428799,1,1,1,4,14,1775781070,1775781070,-12.0055881,-77.0911778,5969,11,119,6,00000000,10,-75,11110010,14,OFF,1101000,00000000,0,5,36,fs:3:0x3E01071BB6066F6BBF3E01071BB6066F6BBF3E01071AB6066F6B723E01071BB6066F6BBF|",0x8305476442879901010104000E69D844CE69D844CEF8D817B7D20CD1DE000017510000000B00770600000AFFB54F0E1600000500243E01071BB6066F6BBF3E01071BB6066F6BBF3E01071AB6066F6B723E01071BB6066F6BBF
73,2026-04-10 00:35:10.915,"11000001,5,4764428799,1,1,1,4,15,1775781310,1775781310,-12.0055943,-77.0911705,5661,2,214,6,00000000,10,-75,11110010,14,OFF,1101000,00000000,0,5,36,fs:3:0x3E01071BB6066F6BBF3E01071AB706706B093E01071AB706706B093E01071AB706706B09|",0x8305476442879901010104000F69D845BE69D845BEF8D81779D20CD2270000161D0000000200D60600000AFFB54F0E1600000500243E01071BB6066F6BBF3E01071AB706706B093E01071AB706706B093E01071AB706706B09
74,2026-04-10 00:39:10.892,"11000001,5,4764428799,1,1,1,4,16,1775781550,1775781550,-12.0056026,-77.091163,5702,127,208,6,00000000,10,-81,11110010,16,OFF,1101000,00000000,0,5,36,fs:3:0x3E01071AB706706B093E01071AB706706B093E01071AB706706B093E01071AB706706B09|",0x8305476442879901010104001069D846AE69D846AEF8D81726D20CD272000016460000007F00D00600000AFFAF4F101600000500243E01071AB706706B093E01071AB706706B093E01071AB706706B093E01071AB706706B09
75,2026-04-10 00:43:10.959,"11000001,5,4764428799,1,1,1,4,17,1775781790,1775781790,-12.005574,-77.0910008,7991,22,19,6,00000000,10,-81,11110010,14,OFF,1101000,00000000,0,5,36,fs:3:0x3E01071AB706716BCD3E01071AB706716BCD3E01071AB706716BCD3E01071AB706716BCD|",0x8305476442879901010104001169D8479E69D8479EF8D81844D20CD8C800001F370000001600130600000AFFAF4F0E1600000500243E01071AB706716BCD3E01071AB706716BCD3E01071AB706716BCD3E01071AB706716BCD
76,2026-04-10 00:47:10.984,"11000001,5,4764428799,1,1,1,4,18,1775782030,1775782030,-12.0056131,-77.0911728,5375,41,236,6,00000000,10,-81,11110010,15,OFF,1101000,00000000,0,5,36,fs:3:0x3E01071AB706716BCD3E01071AB706716BCD3E01071AB706716BCD3E01071AB706726B98|",0x8305476442879901010104001269D8488E69D8488EF8D816BDD20CD210000014FF0000002900EC0600000AFFAF4F0F1600000500243E01071AB706716BCD3E01071AB706716BCD3E01071AB706716BCD3E01071AB706726B98
77,2026-04-10 00:51:10.969,"11000001,5,4764428799,1,1,1,4,19,1775782270,1775782270,-12.0055681,-77.0911571,5759,16,56,6,00000000,10,-81,11110010,16,OFF,1101000,00000000,0,5,36,fs:3:0x3E01071AB706726B983E01071AB706726B983E01071AB706726B983E01071AB706726B98|",0x8305476442879901010104001369D8497E69D8497EF8D8187FD20CD2AD0000167F0000001000380600000AFFAF4F101600000500243E01071AB706726B983E01071AB706726B983E01071AB706726B983E01071AB706726B98
78,2026-04-10 00:55:10.957,"11000001,5,4764428799,1,1,1,4,20,1775782510,1775782510,-12.0054855,-77.0912755,4181,5,56,6,00000000,10,-81,11110010,16,OFF,1101000,00000000,0,5,36,fs:3:0x3E01071AB706726B983E01071AB706736B5C3E01071AB706736B5C3E01071AB706736B5C|",0x8305476442879901010104001469D84A6E69D84A6EF8D81BB9D20CCE0D000010550000000500380600000AFFAF4F101600000500243E01071AB706726B983E01071AB706736B5C3E01071AB706736B5C3E01071AB706736B5C
79,2026-04-10 00:59:11.345,"11000001,5,4764428799,1,1,1,4,21,1775782750,1775782750,-12.0057256,-77.0909036,12529,16,66,5,00000000,10,-81,11110010,29,OFF,1101000,00000000,0,5,36,fs:3:0x3E01071AB706736B5C3E01071AB706736B5C3E01071AB706746B323E01071AB706746B32|",0x8305476442879901010104001569D84B5E69D84B5EF8D81258D20CDC94000030F10000001000420500000AFFAF4F1D1600000500243E01071AB706736B5C3E01071AB706736B5C3E01071AB706746B323E01071AB706746B32
80,2026-04-10 01:03:11.071,"11000001,5,4764428799,1,1,1,4,22,1775782990,1775782990,-12.0059533,-77.0910036,13671,50,152,7,00000000,10,-75,11110010,11,OFF,1101000,00000000,0,5,36,fs:3:0x3E01071AB706746B323E01071AB706746B323E01071AB706746B323E01071AB706746B32|",0x8305476442879901010104001669D84C4E69D84C4EF8D80973D20CD8AC000035670000003200980700000AFFB54F0B1600000500243E01071AB706746B323E01071AB706746B323E01071AB706746B323E01071AB706746B32
81,2026-04-10 01:07:11.061,"11000001,5,4764428799,1,1,1,4,23,1775783230,1775783230,-12.00561,-77.0910568,7589,11,348,6,00000000,10,-75,11110010,14,OFF,1101000,00000000,0,5,36,fs:3:0x3E01071AB706756BF63E01071AB706756BF63E01071AB706756BF63E01071AB706756BF6|",0x8305476442879901010104001769D84D3E69D84D3EF8D816DCD20CD69800001DA50000000B015C0600000AFFB54F0E1600000500243E01071AB706756BF63E01071AB706756BF63E01071AB706756BF63E01071AB706756BF6
82,2026-04-10 01:11:11.076,"11000001,5,4764428799,1,1,1,4,24,1775783470,1775783470,-12.005639,-77.0910725,13787,41,164,5,00000000,10,-75,11110010,13,OFF,1101000,00000000,0,5,36,fs:3:0x3E01071AB706756BF63E01071AB706756BF63E01071AB706756BF63E01071AB706756BF6|",0x8305476442879901010104001869D84E2E69D84E2EF8D815BAD20CD5FB000035DB0000002900A40500000AFFB54F0D1600000500243E01071AB706756BF63E01071AB706756BF63E01071AB706756BF63E01071AB706756BF6
83,2026-04-10 01:15:11.155,"11000001,5,4764428799,1,1,1,4,25,1775783710,1775783710,-12.005627,-77.091074,8338,13,169,6,00000000,10,-75,11110010,12,OFF,1101000,00000000,0,5,36,fs:3:0x3E01071AB706766BA33E01071AB706766BA33E01071AB706766BA33E01071AB706766BA3|",0x8305476442879901010104001969D84F1E69D84F1EF8D81632D20CD5EC000020920000000D00A90600000AFFB54F0C1600000500243E01071AB706766BA33E01071AB706766BA33E01071AB706766BA33E01071AB706766BA3
84,2026-04-10 01:19:11.115,"11000001,5,4764428799,1,1,1,4,26,1775783950,1775783950,-12.0056616,-77.0910953,13926,5,135,6,00000000,10,-81,11110010,12,OFF,1101000,00000000,0,5,36,fs:3:0x3E01071AB706766BA33E01071AB706766BA33E01071AB706766BA33E01071AB706766BA3|",0x8305476442879901010104001A69D8500E69D8500EF8D814D8D20CD517000036660000000500870600000AFFAF4F0C1600000500243E01071AB706766BA33E01071AB706766BA33E01071AB706766BA33E01071AB706766BA3
85,2026-04-10 01:23:11.107,"11000001,5,4764428799,1,1,1,4,27,1775784191,1775784190,-12.0055598,-77.091072,8324,13,345,6,00000000,10,-75,11110010,12,OFF,1101000,00000000,0,5,36,fs:3:0x3E01071AB706766BA33E01071AB706766BA33E01071AB706766BA33E01071AB706766BA3|",0x8305476442879901010104001B69D850FF69D850FEF8D818D2D20CD600000020840000000D01590600000AFFB54F0C1600000500243E01071AB706766BA33E01071AB706766BA33E01071AB706766BA33E01071AB706766BA3
86,2026-04-10 01:27:10.989,"11000001,5,4764428799,1,1,1,4,28,1775784431,1775784430,-12.0055585,-77.0911518,5544,8,345,7,00000000,10,-75,11110010,10,OFF,1101000,00000000,0,5,36,fs:3:0x3E01071AB706776B673E01071AB706776B673E01071AB706776B673E01071AB706776B67|",0x8305476442879901010104001C69D851EF69D851EEF8D818DFD20CD2E2000015A80000000801590700000AFFB54F0A1600000500243E01071AB706776B673E01071AB706776B673E01071AB706776B673E01071AB706776B67
87,2026-04-10 01:31:11.217,"11000001,5,4764428799,1,1,1,4,29,1775784671,1775784670,-12.005598,-77.09112,6878,8,121,7,00000000,10,-77,11110010,10,OFF,1101000,00000000,0,5,36,fs:3:0x3E01071AB706776B673E01071AB706776B673E01071AB706776B673E01071AB706776B67|",0x8305476442879901010104001D69D852DF69D852DEF8D81754D20CD42000001ADE0000000800790700000AFFB34F0A1600000500243E01071AB706776B673E01071AB706776B673E01071AB706776B673E01071AB706776B67
88,2026-04-10 01:35:11.194,"11000001,5,4764428799,1,1,1,4,30,1775784911,1775784911,-12.0055271,-77.0911371,3753,16,121,6,00000000,10,-83,11110010,10,OFF,1101000,00000000,0,5,36,fs:3:0x3E01071AB706776B673E01071AB706776B673E01071AB706776B673E01071AB706786B7F|",0x8305476442879901010104001E69D853CF69D853CFF8D81A19D20CD37500000EA90000001000790600000AFFAD4F0A1600000500243E01071AB706776B673E01071AB706776B673E01071AB706776B673E01071AB706786B7F
89,2026-04-10 01:39:11.176,"11000001,5,4764428799,1,1,1,4,31,1775785151,1775785151,-12.0055815,-77.0911595,3894,91,36,7,00000000,10,-83,11110010,10,OFF,1101000,00000000,0,5,36,fs:3:0x3E01071AB706786B7F3E01071AB706786B7F3E01071AB706786B7F3E01071AB706786B7F|",0x8305476442879901010104001F69D854BF69D854BFF8D817F9D20CD29500000F360000005B00240700000AFFAD4F0A1600000500243E01071AB706786B7F3E01071AB706786B7F3E01071AB706786B7F3E01071AB706786B7F
90,2026-04-10 01:43:11.163,"11000001,5,4764428799,1,1,1,4,32,1775785391,1775785391,-12.0055748,-77.0913488,1265,16,19,5,00000000,10,-75,11110010,13,OFF,1101000,00000000,0,5,36,fs:3:0x3E01071AB706786B7F3E01071AB706786B7F3E01071AB706786B7F3E01071AB706786B7F|",0x8305476442879901010104002069D855AF69D855AFF8D8183CD20CCB30000004F10000001000130500000AFFB54F0D1600000500243E01071AB706786B7F3E01071AB706786B7F3E01071AB706786B7F3E01071AB706786B7F
91,2026-04-10 01:47:11.263,"11000001,5,4764428799,1,1,1,4,33,1775785631,1775785631,-12.0055786,-77.0911938,7044,52,221,7,00000000,10,-77,11110010,10,OFF,1101000,00000000,0,5,36,fs:3:0x3E01071AB706796BBB3E01071AB706796BBB3E01071AB706796BBB3E01071AB706796BBB|",0x8305476442879901010104002169D8569F69D8569FF8D81816D20CD13E00001B840000003400DD0700000AFFB34F0A1600000500243E01071AB706796BBB3E01071AB706796BBB3E01071AB706796BBB3E01071AB706796BBB
92,2026-04-10 01:51:11.251,"11000001,5,4764428799,1,1,1,4,34,1775785871,1775785871,-12.0055336,-77.091259,8140,19,289,6,00000000,10,-83,11110010,14,OFF,1101000,00000000,0,5,36,fs:3:0x3E01071AB706796BBB3E01071AB706796BBB3E01071AB706796BBB3E01071AB706796BBB|",0x8305476442879901010104002269D8578F69D8578FF8D819D8D20CCEB200001FCC0000001301210600000AFFAD4F0E1600000500243E01071AB706796BBB3E01071AB706796BBB3E01071AB706796BBB3E01071AB706796BBB
93,2026-04-10 01:55:11.316,"11000001,5,4764428799,1,1,1,4,35,1775786111,1775786111,-12.0055243,-77.0910245,10358,44,315,6,00000000,10,-77,11110010,12,OFF,1101000,00000000,0,5,36,fs:3:0x3E01071AB706796BBB3E01071AB706796BBB3E01071AB706796BBB3E01071AB706796BBB|",0x8305476442879901010104002369D8587F69D8587FF8D81A35D20CD7DB000028760000002C013B0600000AFFB34F0C1600000500243E01071AB706796BBB3E01071AB706796BBB3E01071AB706796BBB3E01071AB706796BBB
94,2026-04-10 01:59:11.360,"11000001,5,4764428799,1,1,1,4,36,1775786351,1775786351,-12.0055898,-77.0911125,7610,38,304,7,00000000,10,-77,11110010,10,OFF,1101000,00000000,0,5,36,fs:3:0x3E01071AB706796BBB3E01071AB706796BBB3E01071AB706796BBB3E01071AB706796BBB|",0x8305476442879901010104002469D8596F69D8596FF8D817A6D20CD46B00001DBA0000002601300700000AFFB34F0A1600000500243E01071AB706796BBB3E01071AB706796BBB3E01071AB706796BBB3E01071AB706796BBB
95,2026-04-10 02:02:45.117,"11000001,5,4764428799,1,1,1,4,37,1775786591,1775786591,-12.0054865,-77.0913658,8512,19,300,7,00000000,10,-81,11110010,10,OFF,1101000,00000000,0,5,36,fs:3:0x3E01071AB706796BBB3E01071AB706796BBB3E01071AB706796BBB3E01071AB706796BBB|",0x8305476442879901010104002569D85A5F69D85A5FF8D81BAFD20CCA860000214000000013012C0700000AFFAF4F0A1600000500243E01071AB706796BBB3E01071AB706796BBB3E01071AB706796BBB3E01071AB706796BBB
96,2026-04-10 02:06:45.131,"11000001,5,4764428799,1,1,1,4,38,1775786831,1775786831,-12.0055705,-77.0911628,6163,19,5,6,00000000,10,-81,11110010,29,OFF,1101000,00000000,0,5,36,fs:3:0x3E01071AB7067A6BEE3E01071AB7067A6BEE3E01071AB7067A6BEE3E01071AB7067A6BEE|",0x8305476442879901010104002669D85B4F69D85B4FF8D81867D20CD274000018130000001300050600000AFFAF4F1D1600000500243E01071AB7067A6BEE3E01071AB7067A6BEE3E01071AB7067A6BEE3E01071AB7067A6BEE
97,2026-04-10 02:10:45.181,"11000001,5,4764428799,1,1,1,4,39,1775787071,1775787071,-12.0055881,-77.0910386,6296,13,117,9,00000000,10,-81,11110010,9,OFF,1101000,00000000,0,5,36,fs:3:0x3E01071AB7067A6BEE3E01071AB7067A6BEE3E01071AB7067A6BEE3E01071AB7067A6BEE|",0x8305476442879901010104002769D85C3F69D85C3FF8D817B7D20CD74E000018980000000D00750900000AFFAF4F091600000500243E01071AB7067A6BEE3E01071AB7067A6BEE3E01071AB7067A6BEE3E01071AB7067A6BEE
98,2026-04-10 02:14:45.169,"11000001,5,4764428799,1,1,1,4,40,1775787311,1775787311,-12.0055468,-77.0911245,8932,77,319,8,00000000,10,-81,11110010,10,OFF,1101000,00000000,0,5,36,fs:3:0x3E01071AB7067A6BEE3E01071AB7067A6BEE3E01071AB7067A6BEE3E01071AB7067A6BEE|",0x8305476442879901010104002869D85D2F69D85D2FF8D81954D20CD3F3000022E40000004D013F0800000AFFAF4F0A1600000500243E01071AB7067A6BEE3E01071AB7067A6BEE3E01071AB7067A6BEE3E01071AB7067A6BEE
99,2026-04-10 02:18:45.225,"11000001,5,4764428799,1,1,1,4,41,1775787551,1775787551,-12.0056495,-77.0911908,9737,77,303,8,00000000,10,-81,11110010,9,OFF,1101000,00000000,0,5,36,fs:3:0x3E01071AB7067A6BEE3E01071AB7067A6BEE3E01071AB7067A6BEE3E01071AB7067A6BEE|",0x8305476442879901010104002969D85E1F69D85E1FF8D81551D20CD15C000026090000004D012F0800000AFFAF4F091600000500243E01071AB7067A6BEE3E01071AB7067A6BEE3E01071AB7067A6BEE3E01071AB7067A6BEE
100,2026-04-10 02:22:45.279,"11000001,5,4764428799,1,1,1,4,42,1775787791,1775787791,-12.0055963,-77.0910223,4855,19,358,8,00000000,10,-75,11110010,9,OFF,1101000,00000000,0,5,36,fs:3:0x3E01071AB7067A6BEE3E01071AB7067A6BEE3E01071AB7067A6BEE3E01071AB7067A6BEE|",0x8305476442879901010104002A69D85F0F69D85F0FF8D81765D20CD7F1000012F70000001301660800000AFFB54F091600000500243E01071AB7067A6BEE3E01071AB7067A6BEE3E01071AB7067A6BEE3E01071AB7067A6BEE
101,2026-04-10 02:26:45.312,"11000001,5,4764428799,1,1,1,4,43,1775788031,1775788031,-12.005625,-77.09137,7694,27,78,7,00000000,10,-75,11110010,11,OFF,1101000,00000000,0,5,36,fs:3:0x3E01071AB7067A6BEE3E01071AB7067A6BEE3E01071AB7067A6BEE3E01071AB7067A6BEE|",0x8305476442879901010104002B69D85FFF69D85FFFF8D81646D20CCA5C00001E0E0000001B004E0700000AFFB54F0B1600000500243E01071AB7067A6BEE3E01071AB7067A6BEE3E01071AB7067A6BEE3E01071AB7067A6BEE
102,2026-04-10 02:30:45.276,"11000001,5,4764428799,1,1,1,4,44,1775788271,1775788271,-12.0055706,-77.0911538,6581,8,269,7,00000000,10,-81,11110010,10,OFF,1101000,00000000,0,5,36,fs:3:0x3E01071AB7067A6BEE3E01071AB7067B6B2A3E01071AB7067B6B2A3E01071AB7067B6B2A|",0x8305476442879901010104002C69D860EF69D860EFF8D81866D20CD2CE000019B500000008010D0700000AFFAF4F0A1600000500243E01071AB7067A6BEE3E01071AB7067B6B2A3E01071AB7067B6B2A3E01071AB7067B6B2A
103,2026-04-10 02:34:45.317,"11000001,5,4764428799,1,1,1,4,45,1775788511,1775788511,-12.0056183,-77.0911376,4664,13,118,6,00000000,10,-81,11110010,12,OFF,1101000,00000000,0,5,36,fs:3:0x3E01071AB7067B6B2A3E01071AB7067B6B2A3E01071AB7067B6B2A3E01071AB7067B6B2A|",0x8305476442879901010104002D69D861DF69D861DFF8D81689D20CD370000012380000000D00760600000AFFAF4F0C1600000500243E01071AB7067B6B2A3E01071AB7067B6B2A3E01071AB7067B6B2A3E01071AB7067B6B2A
104,2026-04-10 02:38:45.318,"11000001,5,4764428799,1,1,1,4,46,1775788751,1775788751,-12.005575,-77.0909985,7683,5,274,7,00000000,10,-81,11110010,10,OFF,1101000,00000000,0,5,36,fs:3:0x3E01071AB7067B6B2A3E01071AB7067B6B2A3E01071AB7067B6B2A3E01071AB7067B6B2A|",0x8305476442879901010104002E69D862CF69D862CFF8D8183AD20CD8DF00001E030000000501120700000AFFAF4F0A1600000500243E01071AB7067B6B2A3E01071AB7067B6B2A3E01071AB7067B6B2A3E01071AB7067B6B2A
105,2026-04-10 02:42:45.378,"11000001,5,4764428799,1,1,1,4,47,1775788991,1775788991,-12.005587,-77.0910948,7501,8,327,8,00000000,10,-77,11110010,9,OFF,1101000,00000000,0,5,36,fs:3:0x3E01071AB7067B6B2A3E01071AB7067B6B2A3E01071AB7067C6B443E01071AB7067C6B44|",0x8305476442879901010104002F69D863BF69D863BFF8D817C2D20CD51C00001D4D0000000801470800000AFFB34F091600000500243E01071AB7067B6B2A3E01071AB7067B6B2A3E01071AB7067C6B443E01071AB7067C6B44
106,2026-04-10 02:46:45.370,"11000001,5,4764428799,1,1,1,4,48,1775789231,1775789231,-12.0055555,-77.090966,8421,27,311,7,00000000,10,-81,11110010,11,OFF,1101000,00000000,0,5,36,fs:3:0x3E01071AB7067C6B443E01071AB7067C6B443E01071AB7067C6B443E01071AB7067C6B44|",0x8305476442879901010104003069D864AF69D864AFF8D818FDD20CDA24000020E50000001B01370700000AFFAF4F0B1600000500243E01071AB7067C6B443E01071AB7067C6B443E01071AB7067C6B443E01071AB7067C6B44
107,2026-04-10 02:50:45.402,"11000001,5,4764428799,1,1,1,4,49,1775789471,1775789471,-12.0055605,-77.0911301,9654,27,266,7,00000000,10,-75,11110010,11,OFF,1101000,00000000,0,5,36,fs:3:0x3E01071AB7067C6B443E01071AB7067C6B443E01071AB7067C6B443E01071AB7067C6B44|",0x8305476442879901010104003169D8659F69D8659FF8D818CBD20CD3BB000025B60000001B010A0700000AFFB54F0B1600000500243E01071AB7067C6B443E01071AB7067C6B443E01071AB7067C6B443E01071AB7067C6B44
108,2026-04-10 02:54:45.432,"11000001,5,4764428799,1,1,1,4,50,1775789711,1775789711,-12.0056653,-77.090991,8490,11,86,9,00000000,10,-75,11110010,9,OFF,1101000,00000000,0,5,36,fs:3:0x3E01071AB7067C6B443E01071AB7067C6B443E01071AB7067C6B443E01071AB7067C6B44|",0x8305476442879901010104003269D8668F69D8668FF8D814B3D20CD92A0000212A0000000B00560900000AFFB54F091600000500243E01071AB7067C6B443E01071AB7067C6B443E01071AB7067C6B443E01071AB7067C6B44
109,2026-04-10 02:58:45.440,"11000001,5,4764428799,1,1,1,4,51,1775789951,1775789951,-12.00569,-77.0908988,9381,13,195,6,00000000,10,-77,11110010,14,OFF,1101000,00000000,0,5,36,fs:3:0x3E01071AB7067D6B803E01071AB7067D6B803E01071AB7067D6B803E01071AB7067D6B80|",0x8305476442879901010104003369D8677F69D8677FF8D813BCD20CDCC4000024A50000000D00C30600000AFFB34F0E1600000500243E01071AB7067D6B803E01071AB7067D6B803E01071AB7067D6B803E01071AB7067D6B80
110,2026-04-10 03:02:45.589,"11000001,5,4764428799,1,1,1,4,52,1775790191,1775790191,-12.0056418,-77.09098,10158,8,68,7,00000000,10,-81,11110010,10,OFF,1101000,00000000,0,5,36,fs:3:0x3E01071AB7067D6B803E01071AB7067D6B803E01071AB7067D6B803E01071AB7067D6B80|",0x8305476442879901010104003469D8686F69D8686FF8D8159ED20CD998000027AE0000000800440700000AFFAF4F0A1600000500243E01071AB7067D6B803E01071AB7067D6B803E01071AB7067D6B803E01071AB7067D6B80
111,2026-04-10 03:06:45.460,"11000001,5,4764428799,1,1,1,4,53,1775790431,1775790431,-12.0056985,-77.0910718,8932,5,14,6,00000000,10,-81,11110010,12,OFF,1101000,00000000,0,5,36,fs:3:0x3E01071AB7067D6B803E01071AB7067D6B803E01071AB7067D6B803E01071AB7067E6BD5|",0x8305476442879901010104003569D8695F69D8695FF8D81367D20CD602000022E400000005000E0600000AFFAF4F0C1600000500243E01071AB7067D6B803E01071AB7067D6B803E01071AB7067D6B803E01071AB7067E6BD5
112,2026-04-10 03:10:45.456,"11000001,5,4764428799,1,1,1,4,54,1775790671,1775790671,-12.0056953,-77.0910673,7998,11,150,9,00000000,10,-77,11110010,9,OFF,1101000,00000000,0,5,36,fs:3:0x3E01071AB7067E6BD53E01071AB7067E6BD53E01071AB7067E6BD53E01071AB7067E6BD5|",0x8305476442879901010104003669D86A4F69D86A4FF8D81387D20CD62F00001F3E0000000B00960900000AFFB34F091600000500243E01071AB7067E6BD53E01071AB7067E6BD53E01071AB7067E6BD53E01071AB7067E6BD5
113,2026-04-10 03:14:45.523,"11000001,5,4764428799,1,1,1,4,55,1775790911,1775790911,-12.0056578,-77.090976,9272,27,150,7,00000000,10,-77,11110010,10,OFF,1101000,00000000,0,5,36,fs:3:0x3E01071AB7067E6BD53E01071AB7067E6BD53E01071AB7067E6BD53E01071AB7067E6BD5|",0x8305476442879901010104003769D86B3F69D86B3FF8D814FED20CD9C0000024380000001B00960700000AFFB34F0A1600000500243E01071AB7067E6BD53E01071AB7067E6BD53E01071AB7067E6BD53E01071AB7067E6BD5
114,2026-04-10 03:18:46.133,"11000001,5,4764428799,1,1,1,4,56,1775791151,1775791151,-12.005568,-77.0910005,9756,13,150,8,00000000,10,-77,11110010,10,OFF,1101000,00000000,0,5,36,fs:3:0x3E01071AB7067E6BD53E01071AB7067E6BD53E01071AB7067E6BD53E01071AB7067E6BD5|",0x8305476442879901010104003869D86C2F69D86C2FF8D81880D20CD8CB0000261C0000000D00960800000AFFB34F0A1600000500243E01071AB7067E6BD53E01071AB7067E6BD53E01071AB7067E6BD53E01071AB7067E6BD5
115,2026-04-10 03:22:45.555,"11000001,5,4764428799,1,1,1,4,57,1775791391,1775791391,-12.0056831,-77.0909966,8890,11,62,9,00000000,10,-77,11110010,9,OFF,1101000,00000000,0,5,36,fs:3:0x3E01071AB7067F6B113E01071AB7067F6B113E01071AB7067F6B113E01071AB7067F6B11|",0x8305476442879901010104003969D86D1F69D86D1FF8D81401D20CD8F2000022BA0000000B003E0900000AFFB34F091600000500243E01071AB7067F6B113E01071AB7067F6B113E01071AB7067F6B113E01071AB7067F6B11
116,2026-04-10 03:26:45.576,"11000001,5,4764428799,1,1,1,4,58,1775791631,1775791631,-12.0056966,-77.0910725,9791,30,44,10,00000000,10,-77,11110010,8,OFF,1101000,00000000,0,5,36,fs:3:0x3E01071AB7067F6B113E01071AB7067F6B113E01071AB7067F6B113E01071AB7067F6B11|",0x8305476442879901010104003A69D86E0F69D86E0FF8D8137AD20CD5FB0000263F0000001E002C0A00000AFFB34F081600000500243E01071AB7067F6B113E01071AB7067F6B113E01071AB7067F6B113E01071AB7067F6B11
117,2026-04-10 03:30:45.588,"11000001,5,4764428799,1,1,1,4,59,1775791871,1775791871,-12.0056436,-77.0909361,11210,11,66,9,00000000,10,-81,11110010,9,OFF,1101000,00000000,0,5,36,fs:3:0x3E01071AB7067F6B113E01071AB806806B0A3E01071AB7067F6B113E01071AB806806B0A|",0x8305476442879901010104003B69D86EFF69D86EFFF8D8158CD20CDB4F00002BCA0000000B00420900000AFFAF4F091600000500243E01071AB7067F6B113E01071AB806806B0A3E01071AB7067F6B113E01071AB806806B0A
118,2026-04-10 03:34:45.596,"11000001,5,4764428799,1,1,1,4,60,1775792111,1775792111,-12.0056378,-77.0909971,9214,27,242,9,00000000,10,-81,11110010,9,OFF,1101000,00000000,0,5,36,fs:3:0x3E01071AB806806B0A3E01071AB806806B0A3E01071AB806806B0A3E01071AB806806B0A|",0x8305476442879901010104003C69D86FEF69D86FEFF8D815C6D20CD8ED000023FE0000001B00F20900000AFFAF4F091600000500243E01071AB806806B0A3E01071AB806806B0A3E01071AB806806B0A3E01071AB806806B0A
119,2026-04-10 03:38:45.602,"11000001,5,4764428799,1,1,1,4,61,1775792351,1775792351,-12.0057261,-77.0909986,11417,5,48,8,00000000,10,-77,11110010,10,OFF,1101000,00000000,0,5,36,fs:3:0x3E01071AB806806B0A3E01071AB806806B0A3E01071AB806806B0A3E01071AB806806B0A|",0x8305476442879901010104003D69D870DF69D870DFF8D81253D20CD8DE00002C990000000500300800000AFFB34F0A1600000500243E01071AB806806B0A3E01071AB806806B0A3E01071AB806806B0A3E01071AB806806B0A
120,2026-04-10 03:42:45.702,"11000001,5,4764428799,1,1,1,4,62,1775792591,1775792591,-12.0056788,-77.0909415,10522,5,76,9,00000000,10,-81,11110010,9,OFF,1101000,00000000,0,5,36,fs:3:0x3E01071AB806816BCE3E01071AB806816BCE3E01071AB806816BCE3E01071AB806816BCE|",0x8305476442879901010104003E69D871CF69D871CFF8D8142CD20CDB190000291A00000005004C0900000AFFAF4F091600000500243E01071AB806816BCE3E01071AB806816BCE3E01071AB806816BCE3E01071AB806816BCE
121,2026-04-10 03:46:45.691,"11000001,5,4764428799,1,1,1,4,63,1775792831,1775792831,-12.005627,-77.090902,9333,19,253,10,00000000,10,-81,11110010,9,OFF,1101000,00000000,0,5,36,fs:3:0x3E01071AB806816BCE3E01071AB806816BCE3E01071AB806816BCE3E01071AB806816BCE|",0x8305476442879901010104003F69D872BF69D872BFF8D81632D20CDCA4000024750000001300FD0A00000AFFAF4F091600000500243E01071AB806816BCE3E01071AB806816BCE3E01071AB806816BCE3E01071AB806816BCE
122,2026-04-10 03:50:45.707,"11000001,5,4764428799,1,1,1,4,64,1775793071,1775793071,-12.0056356,-77.090975,9294,8,70,9,00000000,10,-81,11110010,9,OFF,1101000,00000000,0,5,36,fs:3:0x3E01071AB806826B9B3E01071AB806826B9B3E01071AB806826B9B3E01071AB806826B9B|",0x8305476442879901010104004069D873AF69D873AFF8D815DCD20CD9CA0000244E0000000800460900000AFFAF4F091600000500243E01071AB806826B9B3E01071AB806826B9B3E01071AB806826B9B3E01071AB806826B9B
123,2026-04-10 03:54:45.829,"11000001,5,4764428799,1,1,1,4,65,1775793311,1775793311,-12.0055228,-77.0909623,9036,13,249,9,00000000,10,-81,11110010,9,OFF,1101000,00000000,0,5,36,fs:3:0x3E01071AB806826B9B3E01071AB806826B9B3E01071AB806826B9B3E01071AB806826B9B|",0x8305476442879901010104004169D8749F69D8749FF8D81A44D20CDA490000234C0000000D00F90900000AFFAF4F091600000500243E01071AB806826B9B3E01071AB806826B9B3E01071AB806826B9B3E01071AB806826B9B
124,2026-04-10 03:58:45.840,"11000001,5,4764428799,1,1,1,4,66,1775793551,1775793551,-12.0056255,-77.0910176,11339,11,60,9,00000000,10,-81,11110010,9,OFF,1101000,00000000,0,5,36,fs:3:0x3E01071AB806836B5F3E01071AB806836B5F3E01071AB806836B5F3E01071AB806836B5F|",0x8305476442879901010104004269D8758F69D8758FF8D81641D20CD82000002C4B0000000B003C0900000AFFAF4F091600000500243E01071AB806836B5F3E01071AB806836B5F3E01071AB806836B5F3E01071AB806836B5F
125,2026-04-10 04:02:45.796,"11000001,5,4764428799,1,1,1,4,67,1775793791,1775793791,-12.0056176,-77.0909548,13227,13,55,6,00000000,10,-77,11110010,12,OFF,1101000,00000000,0,5,36,fs:3:0x3E01071AB806836B5F3E010719B806836B113E01071AB806846B313E01071AB806846B31|",0x8305476442879901010104004369D8767F69D8767FF8D81690D20CDA94000033AB0000000D00370600000AFFB34F0C1600000500243E01071AB806836B5F3E010719B806836B113E01071AB806846B313E01071AB806846B31
126,2026-04-10 04:06:45.797,"11000001,5,4764428799,1,1,1,4,68,1775794031,1775794031,-12.0055728,-77.0910615,8400,11,240,9,00000000,10,-77,11110010,9,OFF,1101000,00000000,0,5,36,fs:3:0x3E01071AB806846B313E01071AB806846B313E01071AB806846B313E010719B806846B7F|",0x8305476442879901010104004469D8776F69D8776FF8D81850D20CD669000020D00000000B00F00900000AFFB34F091600000500243E01071AB806846B313E01071AB806846B313E01071AB806846B313E010719B806846B7F
128,2026-04-10 04:10:45.848,"11000001,5,4764428799,1,1,1,4,70,1775794271,1775794271,-12.0055636,-77.090994,12188,16,42,10,00000000,10,-77,11110010,9,OFF,1101000,00000000,0,5,36,fs:3:0x3E010719B806846B7F3E01071AB806846B313E010719B806856BBB3E010719B806856BBB|",0x8305476442879901010104004669D8785F69D8785FF8D818ACD20CD90C00002F9C00000010002A0A00000AFFB34F091600000500243E010719B806846B7F3E01071AB806846B313E010719B806856BBB3E010719B806856BBB
129,2026-04-10 04:14:45.801,"11000001,5,4764428799,1,1,1,4,71,1775794512,1775794511,-12.0056195,-77.0910041,8779,13,173,8,00000000,10,-77,11110010,10,OFF,1101000,00000000,0,5,36,fs:3:0x3E010719B806856BBB3E010719B806856BBB3E010719B806856BBB3E010719B806856BBB|",0x8305476442879901010104004769D8795069D8794FF8D8167DD20CD8A70000224B0000000D00AD0800000AFFB34F0A1600000500243E010719B806856BBB3E010719B806856BBB3E010719B806856BBB3E010719B806856BBB
130,2026-04-10 04:18:45.813,"11000001,5,4764428799,1,1,1,4,72,1775794752,1775794751,-12.0055593,-77.090969,13453,11,38,10,00000000,10,-77,11110010,9,OFF,1101000,00000000,0,5,36,fs:3:0x3E010719B806866BEE3E010719B806866BEE3E010719B806866BEE3E010719B806866BEE|",0x8305476442879901010104004869D87A4069D87A3FF8D818D7D20CDA060000348D0000000B00260A00000AFFB34F091600000500243E010719B806866BEE3E010719B806866BEE3E010719B806866BEE3E010719B806866BEE
131,2026-04-10 04:22:45.896,"11000001,5,4764428799,1,1,1,4,73,1775794992,1775794992,-12.0056451,-77.091072,12326,19,239,7,00000000,10,-81,11110010,12,OFF,1101000,00000000,0,5,36,fs:3:0x3E010719B806866BEE3E010719B806866BEE3E010719B806866BEE3E010719B806866BEE|",0x8305476442879901010104004969D87B3069D87B30F8D8157DD20CD600000030260000001300EF0700000AFFAF4F0C1600000500243E010719B806866BEE3E010719B806866BEE3E010719B806866BEE3E010719B806866BEE
132,2026-04-10 04:26:45.920,"11000001,5,4764428799,1,1,1,4,74,1775795232,1775795232,-12.0056113,-77.0911763,11024,13,276,9,00000000,10,-81,11110010,9,OFF,1101000,00000000,0,5,36,fs:3:0x3E010719B806866BEE3E010719B806866BEE3E010719B806866BEE3E010719B806876B2A|",0x8305476442879901010104004A69D87C2069D87C20F8D816CFD20CD1ED00002B100000000D01140900000AFFAF4F091600000500243E010719B806866BEE3E010719B806866BEE3E010719B806866BEE3E010719B806876B2A
133,2026-04-10 04:30:45.913,"11000001,5,4764428799,1,1,1,4,75,1775795472,1775795472,-12.0055808,-77.0911601,5436,30,314,8,00000000,10,-77,11110010,11,OFF,1101000,00000000,0,5,36,fs:3:0x3E010719B806876B2A3E010719B806876B2A3E010719B806876B2A3E010719B806876B2A|",0x8305476442879901010104004B69D87D1069D87D10F8D81800D20CD28F0000153C0000001E013A0800000AFFB34F0B1600000500243E010719B806876B2A3E010719B806876B2A3E010719B806876B2A3E010719B806876B2A
134,2026-04-10 04:34:45.989,"11000001,5,4764428799,1,1,1,4,76,1775795712,1775795712,-12.0055866,-77.0910901,7617,0,189,9,00000000,10,-77,11110010,9,OFF,1101000,00000000,0,5,36,fs:3:0x3E010719B806876B2A3E010719B806876B2A3E010719B806876B2A3E010719B806876B2A|",0x8305476442879901010104004C69D87E0069D87E00F8D817C6D20CD54B00001DC10000000000BD0900000AFFB34F091600000500243E010719B806876B2A3E010719B806876B2A3E010719B806876B2A3E010719B806876B2A
135,2026-04-10 04:38:46.018,"11000001,5,4764428799,1,1,1,4,77,1775795952,1775795952,-12.00565,-77.0911845,11553,144,225,9,00000000,10,-81,11110010,9,OFF,1101000,00000000,0,5,36,fs:3:0x3E010719B806876B2A3E010719B806876B2A3E010719B806886B323E010719B806876B2A|",0x8305476442879901010104004D69D87EF069D87EF0F8D8154CD20CD19B00002D210000009000E10900000AFFAF4F091600000500243E010719B806876B2A3E010719B806876B2A3E010719B806886B323E010719B806876B2A
136,2026-04-10 04:42:45.994,"11000001,5,4764428799,1,1,1,4,78,1775796192,1775796192,-12.0055693,-77.0911368,4602,11,277,8,00000000,10,-81,11110010,11,OFF,1101000,00000000,0,5,36,fs:3:0x3E010719B806886B323E010719B806886B323E010719B806886B323E010719B806886B32|",0x8305476442879901010104004E69D87FE069D87FE0F8D81873D20CD378000011FA0000000B01150800000AFFAF4F0B1600000500243E010719B806886B323E010719B806886B323E010719B806886B323E010719B806886B32
137,2026-04-10 04:46:46.015,"11000001,5,4764428799,1,1,1,4,79,1775796432,1775796432,-12.0056605,-77.0910398,8522,91,18,10,00000000,10,-81,11110010,9,OFF,1101000,00000000,0,5,36,fs:3:0x3E010719B806886B323E010719B806886B323E010719B806886B323E010719B806886B32|",0x8305476442879901010104004F69D880D069D880D0F8D814E3D20CD7420000214A0000005B00120A00000AFFAF4F091600000500243E010719B806886B323E010719B806886B323E010719B806886B323E010719B806886B32
138,2026-04-10 04:50:46.088,"11000001,5,4764428799,1,1,1,4,80,1775796672,1775796672,-12.0056611,-77.0911826,5149,11,111,7,00000000,10,-77,11110010,12,OFF,1101000,00000000,0,5,36,fs:3:0x3E010719B806886B323E010719B806886B323E010719B806886B323E010719B806886B32|",0x8305476442879901010104005069D881C069D881C0F8D814DDD20CD1AE0000141D0000000B006F0700000AFFB34F0C1600000500243E010719B806886B323E010719B806886B323E010719B806886B323E010719B806886B32
139,2026-04-10 04:54:45.978,"11000001,5,4764428799,1,1,1,4,81,1775796912,1775796912,-12.0056091,-77.0909816,8614,13,93,6,00000000,10,-77,11110010,12,OFF,1101000,00000000,0,5,36,fs:3:0x3E010719B806886B323E010719B806896BF63E010719B806896BF63E010719B806896BF6|",0x8305476442879901010104005169D882B069D882B0F8D816E5D20CD988000021A60000000D005D0600000AFFB34F0C1600000500243E010719B806886B323E010719B806896BF63E010719B806896BF63E010719B806896BF6
140,2026-04-10 04:58:46.018,"11000001,5,4764428799,1,1,1,4,82,1775797152,1775797152,-12.0056656,-77.0911775,5055,27,209,10,00000000,10,-77,11110010,9,OFF,1101000,00000000,0,5,36,fs:3:0x3E010719B806896BF63E010719B806896BF63E010719B806896BF63E010719B806896BF6|",0x8305476442879901010104005269D883A069D883A0F8D814B0D20CD1E1000013BF0000001B00D10A00000AFFB34F091600000500243E010719B806896BF63E010719B806896BF63E010719B806896BF63E010719B806896BF6
141,2026-04-10 05:02:46.192,"11000001,5,4764428799,1,1,1,4,83,1775797392,1775797392,-12.0056511,-77.0910886,7301,2,81,9,00000000,10,-81,11110010,9,OFF,1101000,00000000,0,5,36,fs:3:0x3E010719B806896BF63E010719B806896BF63E010719B806896BF63E010719B806896BF6|",0x8305476442879901010104005369D8849069D88490F8D81541D20CD55A00001C850000000200510900000AFFAF4F091600000500243E010719B806896BF63E010719B806896BF63E010719B806896BF63E010719B806896BF6
142,2026-04-10 05:06:46.154,"11000001,5,4764428799,1,1,1,4,84,1775797632,1775797632,-12.0055965,-77.0910448,8814,91,83,9,00000000,10,-81,11110010,9,OFF,1101000,00000000,0,5,36,fs:3:0x3E010719B806896BF63E010719B806896BF63E010719B8068A6BA33E010719B8068A6BA3|",0x8305476442879901010104005469D8858069D88580F8D81763D20CD7100000226E0000005B00530900000AFFAF4F091600000500243E010719B806896BF63E010719B806896BF63E010719B8068A6BA33E010719B8068A6BA3
143,2026-04-10 05:10:46.107,"11000001,5,4764428799,1,1,1,4,85,1775797872,1775797872,-12.005544,-77.0910351,5930,5,78,10,00000000,10,-81,11110010,9,OFF,1101000,00000000,0,5,36,fs:3:0x3E010719B8068A6BA33E010719B8068A6BA33E010719B8068A6BA33E010719B8068A6BA3|",0x8305476442879901010104005569D8867069D88670F8D81970D20CD7710000172A00000005004E0A00000AFFAF4F091600000500243E010719B8068A6BA33E010719B8068A6BA33E010719B8068A6BA33E010719B8068A6BA3
144,2026-04-10 05:14:46.231,"11000001,5,4764428799,1,1,1,4,86,1775798112,1775798112,-12.0056158,-77.091086,6242,44,176,9,00000000,10,-81,11110010,9,OFF,1101000,00000000,0,5,36,fs:3:0x3E010719B8068A6BA33E010719B8068A6BA33E010719B8068A6BA33E010719B8068A6BA3|",0x8305476442879901010104005669D8876069D88760F8D816A2D20CD574000018620000002C00B00900000AFFAF4F091600000500243E010719B8068A6BA33E010719B8068A6BA33E010719B8068A6BA33E010719B8068A6BA3
145,2026-04-10 05:18:46.187,"11000001,5,4764428799,1,1,1,4,87,1775798352,1775798352,-12.0056563,-77.0910471,8174,16,56,10,00000000,10,-77,11110010,9,OFF,1101000,00000000,0,5,36,fs:3:0x3E010719B8068A6BA33E010719B8068A6BA33E010719B8068A6BA33E010719B8068A6BA3|",0x8305476442879901010104005769D8885069D88850F8D8150DD20CD6F900001FEE0000001000380A00000AFFB34F091600000500243E010719B8068A6BA33E010719B8068A6BA33E010719B8068A6BA33E010719B8068A6BA3
146,2026-04-10 05:22:46.195,"11000001,5,4764428799,1,1,1,4,88,1775798592,1775798592,-12.0055875,-77.0911835,8467,13,58,10,00000000,10,-77,11110010,8,OFF,1101000,00000000,0,5,36,fs:3:0x3E010719B8068A6BA33E010719B8068A6BA33E010719B8068B6B673E010719B8068B6B67|",0x8305476442879901010104005869D8894069D88940F8D817BDD20CD1A5000021130000000D003A0A00000AFFB34F081600000500243E010719B8068A6BA33E010719B8068A6BA33E010719B8068B6B673E010719B8068B6B67
147,2026-04-10 05:26:46.208,"11000001,5,4764428799,1,1,1,4,89,1775798832,1775798832,-12.0056483,-77.091146,9810,13,243,7,00000000,10,-77,11110010,12,OFF,1101000,00000000,0,5,36,fs:3:0x3E010719B8068B6B673E010719B8068B6B673E010719B8068B6B673E010719B8068B6B67|",0x8305476442879901010104005969D88A3069D88A30F8D8155DD20CD31C000026520000000D00F30700000AFFB34F0C1600000500243E010719B8068B6B673E010719B8068B6B673E010719B8068B6B673E010719B8068B6B67
148,2026-04-10 05:30:46.286,"11000001,5,4764428799,1,1,1,4,90,1775799072,1775799072,-12.0056025,-77.0910906,8448,30,114,9,00000000,10,-81,11110010,10,OFF,1101000,00000000,0,5,36,fs:3:0x3E010719B8068B6B673E010719B8068B6B673E010719B8068B6B673E010719B8068B6B67|",0x8305476442879901010104005A69D88B2069D88B20F8D81727D20CD546000021000000001E00720900000AFFAF4F0A1600000500243E010719B8068B6B673E010719B8068B6B673E010719B8068B6B673E010719B8068B6B67
149,2026-04-10 05:34:46.261,"11000001,5,4764428799,1,1,1,4,91,1775799312,1775799312,-12.0056951,-77.0911111,9122,22,182,5,00000000,10,-81,11110010,20,OFF,1101000,00000000,0,5,36,fs:3:0x3E010719B8068B6B673E010719B8068B6B673E010719B8068B6B673E010719B8068B6B67|",0x8305476442879901010104005B69D88C1069D88C10F8D81389D20CD479000023A20000001600B60500000AFFAF4F141600000500243E010719B8068B6B673E010719B8068B6B673E010719B8068B6B673E010719B8068B6B67
150,2026-04-10 05:38:46.296,"11000001,5,4764428799,1,1,1,4,92,1775799552,1775799552,-12.0056428,-77.0911658,8014,5,253,10,00000000,10,-77,11110010,9,OFF,1101000,00000000,0,5,36,fs:3:0x3E010719B8068C6B093E010719B8068C6B093E010719B8068C6B093E010719B8068C6B09|",0x8305476442879901010104005C69D88D0069D88D00F8D81594D20CD25600001F4E0000000500FD0A00000AFFB34F091600000500243E010719B8068C6B093E010719B8068C6B093E010719B8068C6B093E010719B8068C6B09
151,2026-04-10 05:42:46.378,"11000001,5,4764428799,1,1,1,4,93,1775799792,1775799792,-12.0056026,-77.0910975,7222,33,80,9,00000000,10,-77,11110010,10,OFF,1101000,00000000,0,5,36,fs:3:0x3E010719B8068C6B093E010719B8068C6B093E010719B8068C6B093E010719B8068C6B09|",0x8305476442879901010104005D69D88DF069D88DF0F8D81726D20CD50100001C360000002100500900000AFFB34F0A1600000500243E010719B8068C6B093E010719B8068C6B093E010719B8068C6B093E010719B8068C6B09
152,2026-04-10 05:46:46.336,"11000001,5,4764428799,1,1,1,4,94,1775800032,1775800032,-12.0057221,-77.09119,7263,25,242,8,00000000,10,-77,11110010,10,OFF,1101000,00000000,0,5,36,fs:3:0x3E010719B8068C6B093E010719B8068C6B093E010719B8068C6B093E010719B8068D6BCD|",0x8305476442879901010104005E69D88EE069D88EE0F8D8127BD20CD16400001C5F0000001900F20800000AFFB34F0A1600000500243E010719B8068C6B093E010719B8068C6B093E010719B8068C6B093E010719B8068D6BCD
153,2026-04-10 05:50:46.339,"11000001,5,4764428799,1,1,1,4,95,1775800272,1775800272,-12.0056301,-77.0910435,6844,36,244,10,00000000,10,-77,11110010,8,OFF,1101000,00000000,0,5,36,fs:3:0x3E010719B8068C6B093E010719B8068D6BCD3E010719B8068D6BCD3E010719B8068D6BCD|",0x8305476442879901010104005F69D88FD069D88FD0F8D81613D20CD71D00001ABC0000002400F40A00000AFFB34F081600000500243E010719B8068C6B093E010719B8068D6BCD3E010719B8068D6BCD3E010719B8068D6BCD
154,2026-04-10 05:54:46.346,"11000001,5,4764428799,1,1,1,4,96,1775800512,1775800512,-12.0055861,-77.0908616,9618,61,250,8,00000000,10,-77,11110010,12,OFF,1101000,00000000,0,5,36,fs:3:0x3E010719B8068D6BCD3E010719B8068D6BCD3E010719B8068D6BCD3E010719B8068D6BCD|",0x8305476442879901010104006069D890C069D890C0F8D817CBD20CDE38000025920000003D00FA0800000AFFB34F0C1600000500243E010719B8068D6BCD3E010719B8068D6BCD3E010719B8068D6BCD3E010719B8068D6BCD
155,2026-04-10 05:58:46.426,"11000001,5,4764428799,1,1,1,4,97,1775800752,1775800752,-12.0055286,-77.0910995,7031,16,114,9,00000000,10,-81,11110010,9,OFF,1101000,00000000,0,5,36,fs:3:0x3E010719B8068D6BCD3E010719B8068D6BCD3E010719B8068D6BCD3E010719B8068E6B98|",0x8305476442879901010104006169D891B069D891B0F8D81A0AD20CD4ED00001B770000001000720900000AFFAF4F091600000500243E010719B8068D6BCD3E010719B8068D6BCD3E010719B8068D6BCD3E010719B8068E6B98
156,2026-04-10 06:02:47.909,"11000001,5,4764428799,1,1,1,4,98,1775800992,1775800992,-12.0056016,-77.091198,8174,8,208,8,00000000,10,-81,11110010,11,OFF,1101000,00000000,0,5,36,fs:3:0x3E010719B8068E6B983E010719B8068E6B983E010719B8068E6B983E010719B8068E6B98|",0x8305476442879901010104006269D892A069D892A0F8D81730D20CD11400001FEE0000000800D00800000AFFAF4F0B1600000500243E010719B8068E6B983E010719B8068E6B983E010719B8068E6B983E010719B8068E6B98
157,2026-04-10 06:06:46.413,"11000001,5,4764428799,1,1,1,4,99,1775801232,1775801232,-12.0056366,-77.0909816,5627,25,75,10,00000000,10,-77,11110010,8,OFF,1101000,00000000,0,5,36,fs:3:0x3E010719B8068E6B983E010719B8068E6B983E010719B8068E6B983E010719B8068E6B98|",0x8305476442879901010104006369D8939069D89390F8D815D2D20CD988000015FB00000019004B0A00000AFFB34F081600000500243E010719B8068E6B983E010719B8068E6B983E010719B8068E6B983E010719B8068E6B98
158,2026-04-10 06:10:46.809,"11000001,5,4764428799,1,1,1,4,100,1775801472,1775801472,-12.0056088,-77.0910478,7346,8,58,9,00000000,10,-77,11110010,9,OFF,1101000,00000000,0,5,36,fs:3:0x3E010719B8068E6B983E010719B8068E6B983E010719B8068E6B983E010719B8068E6B98|",0x8305476442879901010104006469D8948069D89480F8D816E8D20CD6F200001CB200000008003A0900000AFFB34F091600000500243E010719B8068E6B983E010719B8068E6B983E010719B8068E6B983E010719B8068E6B98
159,2026-04-10 06:14:46.492,"11000001,5,4764428799,1,1,1,4,101,1775801712,1775801712,-12.0056161,-77.0909928,8470,25,191,9,00000000,10,-77,11110010,9,OFF,1101000,00000000,0,5,36,fs:3:0x3E010719B8068F6B5C3E010719B8068F6B5C3E010719B8068F6B5C3E010719B8068F6B5C|",0x8305476442879901010104006569D8957069D89570F8D8169FD20CD918000021160000001900BF0900000AFFB34F091600000500243E010719B8068F6B5C3E010719B8068F6B5C3E010719B8068F6B5C3E010719B8068F6B5C
160,2026-04-10 06:18:46.510,"11000001,5,4764428799,1,1,1,4,102,1775801952,1775801952,-12.0055758,-77.090925,9777,30,147,8,00000000,10,-77,11110010,12,OFF,1101000,00000000,0,5,36,fs:3:0x3E010719B8068F6B5C3E010719B8068F6B5C3E010719B8068F6B5C3E010719B8068F6B5C|",0x8305476442879901010104006669D8966069D89660F8D81832D20CDBBE000026310000001E00930800000AFFB34F0C1600000500243E010719B8068F6B5C3E010719B8068F6B5C3E010719B8068F6B5C3E010719B8068F6B5C
161,2026-04-10 06:22:46.538,"11000001,5,4764428799,1,1,1,4,103,1775802192,1775802192,-12.005611,-77.0912471,6547,33,114,6,00000000,10,-77,11110010,13,OFF,1101000,00000000,0,5,36,fs:3:0x3E010719B8068F6B5C3E010719B8068F6B5C3E010719B8068F6B5C3E010719B8068F6B5C|",0x8305476442879901010104006769D8975069D89750F8D816D2D20CCF29000019930000002100720600000AFFB34F0D1600000500243E010719B8068F6B5C3E010719B8068F6B5C3E010719B8068F6B5C3E010719B8068F6B5C
162,2026-04-10 06:26:46.560,"11000001,5,4764428799,1,1,1,4,104,1775802432,1775802432,-12.0056265,-77.0910123,7289,38,311,8,00000000,10,-77,11110010,12,OFF,1101000,00000000,0,5,36,fs:3:0x3E010719B8068F6B5C3E010719B8068F6B5C3E010719B906906B273E010719B906906B27|",0x8305476442879901010104006869D8984069D89840F8D81637D20CD85500001C790000002601370800000AFFB34F0C1600000500243E010719B8068F6B5C3E010719B8068F6B5C3E010719B906906B273E010719B906906B27
163,2026-04-10 06:30:46.527,"11000001,5,4764428799,1,1,1,4,105,1775802672,1775802672,-12.0056618,-77.0909815,6650,0,250,9,00000000,10,-81,11110010,10,OFF,1101000,00000000,0,5,36,fs:3:0x3E010719B906906B273E010719B906906B273E010719B906906B273E010719B906906B27|",0x8305476442879901010104006969D8993069D89930F8D814D6D20CD989000019FA0000000000FA0900000AFFAF4F0A1600000500243E010719B906906B273E010719B906906B273E010719B906906B273E010719B906906B27
164,2026-04-10 06:34:46.614,"11000001,5,4764428799,1,1,1,4,106,1775802912,1775802912,-12.0056501,-77.0910175,8336,13,122,9,00000000,10,-81,11110010,9,OFF,1101000,00000000,0,5,36,fs:3:0x3E010719B906906B273E010719B906906B273E010719B906916BE33E010719B906916BE3|",0x8305476442879901010104006A69D89A2069D89A20F8D8154BD20CD821000020900000000D007A0900000AFFAF4F091600000500243E010719B906906B273E010719B906906B273E010719B906916BE33E010719B906916BE3
165,2026-04-10 06:38:46.622,"11000001,5,4764428799,1,1,1,4,107,1775803152,1775803152,-12.0056616,-77.0910776,8709,8,119,9,00000000,10,-77,11110010,9,OFF,1101000,00000000,0,5,36,fs:3:0x3E010719B906916BE33E010719B906916BE33E010719B906916BE33E010719B906916BE3|",0x8305476442879901010104006B69D89B1069D89B10F8D814D8D20CD5C8000022050000000800770900000AFFB34F091600000500243E010719B906916BE33E010719B906916BE33E010719B906916BE33E010719B906916BE3
166,2026-04-10 06:42:46.627,"11000001,5,4764428799,1,1,1,4,108,1775803392,1775803392,-12.005614,-77.091052,9074,25,100,8,00000000,10,-77,11110010,12,OFF,1101000,00000000,0,5,36,fs:3:0x3E010719B906916BE33E010719B906916BE33E010719B906916BE33E010719B906916BE3|",0x8305476442879901010104006C69D89C0069D89C00F8D816B4D20CD6C8000023720000001900640800000AFFB34F0C1600000500243E010719B906916BE33E010719B906916BE33E010719B906916BE33E010719B906916BE3
167,2026-04-10 06:46:46.624,"11000001,5,4764428799,1,1,1,4,109,1775803632,1775803632,-12.0056153,-77.091119,8814,47,231,7,00000000,10,-77,11110010,11,OFF,1101000,00000000,0,5,36,fs:3:0x3E010719B906916BE33E010719B906926BB63E010719B906926BB63E010719B906926BB6|",0x8305476442879901010104006D69D89CF069D89CF0F8D816A7D20CD42A0000226E0000002F00E70700000AFFB34F0B1600000500243E010719B906916BE33E010719B906926BB63E010719B906926BB63E010719B906926BB6
168,2026-04-10 06:50:46.702,"11000001,5,4764428799,1,1,1,4,110,1775803872,1775803872,-12.0056193,-77.0910231,8422,25,297,7,00000000,10,-77,11110010,10,OFF,1101000,00000000,0,5,36,fs:3:0x3E010719B906926BB63E010719B906926BB63E010719B906926BB63E010719B906926BB6|",0x8305476442879901010104006E69D89DE069D89DE0F8D8167FD20CD7E9000020E60000001901290700000AFFB34F0A1600000500243E010719B906926BB63E010719B906926BB63E010719B906926BB63E010719B906926BB6
169,2026-04-10 06:54:46.732,"11000001,5,4764428799,1,1,1,4,111,1775804112,1775804112,-12.0055933,-77.0910978,7866,11,254,7,00000000,10,-81,11110010,11,OFF,1101000,00000000,0,5,36,fs:3:0x3E010719B906936B723E010719B906936B723E010719B906936B723E010719B906936B72|",0x8305476442879901010104006F69D89ED069D89ED0F8D81783D20CD4FE00001EBA0000000B00FE0700000AFFAF4F0B1600000500243E010719B906936B723E010719B906936B723E010719B906936B723E010719B906936B72
170,2026-04-10 06:58:46.737,"11000001,5,4764428799,1,1,1,4,112,1775804352,1775804352,-12.005596,-77.091126,8637,55,252,8,00000000,10,-81,11110010,9,OFF,1101000,00000000,0,5,36,fs:3:0x3E010719B906936B723E010719B906936B723E010719B906936B723E010719B906936B72|",0x8305476442879901010104007069D89FC069D89FC0F8D81768D20CD3E4000021BD0000003700FC0800000AFFAF4F091600000500243E010719B906936B723E010719B906936B723E010719B906936B723E010719B906936B72
171,2026-04-10 07:02:46.815,"11000001,5,4764428799,1,1,1,4,113,1775804593,1775804592,-12.0055323,-77.0910801,5570,69,301,7,00000000,10,-81,11110010,11,OFF,1101000,00000000,0,5,36,fs:3:0x3E010719B906936B723E010719B906936B723E010719B906936B723E010719B906936B72|",0x8305476442879901010104007169D8A0B169D8A0B0F8D819E5D20CD5AF000015C200000045012D0700000AFFAF4F0B1600000500243E010719B906936B723E010719B906936B723E010719B906936B723E010719B906936B72
172,2026-04-10 07:06:46.799,"11000001,5,4764428799,1,1,1,4,114,1775804833,1775804832,-12.0055395,-77.0911883,8054,13,265,9,00000000,10,-77,11110010,9,OFF,1101000,00000000,0,5,36,fs:3:0x3E010719B906936B723E010719B906936B723E010719B906936B723E010719B906946B1C|",0x8305476442879901010104007269D8A1A169D8A1A0F8D8199DD20CD17500001F760000000D01090900000AFFB34F091600000500243E010719B906936B723E010719B906936B723E010719B906936B723E010719B906946B1C
173,2026-04-10 07:10:46.822,"11000001,5,4764428799,1,1,1,4,115,1775805073,1775805073,-12.005608,-77.0911143,6910,8,73,9,00000000,10,-81,11110010,11,OFF,1101000,00000000,0,5,36,fs:3:0x3E010719B906946B1C3E010719B906946B1C3E010719B906946B1C3E010719B906946B1C|",0x8305476442879901010104007369D8A29169D8A291F8D816F0D20CD45900001AFE0000000800490900000AFFAF4F0B1600000500243E010719B906946B1C3E010719B906946B1C3E010719B906946B1C3E010719B906946B1C
174,2026-04-10 07:14:46.746,"11000001,5,4764428799,1,1,1,4,116,1775805313,1775805313,-12.0056906,-77.0912551,11448,58,226,6,00000000,10,-77,11110010,16,OFF,1101000,00000000,0,5,36,fs:3:0x3E010719B906946B1C3E010719B906946B1C3E010719B906946B1C3E010719B906946B1C|",0x8305476442879901010104007469D8A38169D8A381F8D813B6D20CCED900002CB80000003A00E20600000AFFB34F101600000500243E010719B906946B1C3E010719B906946B1C3E010719B906946B1C3E010719B906946B1C
175,2026-04-10 07:18:46.853,"11000001,5,4764428799,1,1,1,4,117,1775805553,1775805553,-12.0056463,-77.091154,6723,2,80,6,00000000,10,-77,11110010,13,OFF,1101000,00000000,0,5,36,fs:3:0x3E010719B906956BD83E010719B906956BD83E010719B906956BD83E010719B906956BD8|",0x8305476442879901010104007569D8A47169D8A471F8D81571D20CD2CC00001A430000000200500600000AFFB34F0D1600000500243E010719B906956BD83E010719B906956BD83E010719B906956BD83E010719B906956BD8
176,2026-04-10 07:22:46.820,"11000001,5,4764428799,1,1,1,4,118,1775805793,1775805793,-12.0056511,-77.0910043,8648,27,142,6,00000000,10,-77,11110010,14,OFF,1101000,00000000,0,5,36,fs:3:0x3E010719B906956BD83E010719B906956BD83E010719B906956BD83E010719B906956BD8|",0x8305476442879901010104007669D8A56169D8A561F8D81541D20CD8A5000021C80000001B008E0600000AFFB34F0E1600000500243E010719B906956BD83E010719B906956BD83E010719B906956BD83E010719B906956BD8
177,2026-04-10 07:26:46.869,"11000001,5,4764428799,1,1,1,4,119,1775806033,1775806033,-12.0056348,-77.0909683,3966,27,257,7,00000000,10,-81,11110010,13,OFF,1101000,00000000,0,5,36,fs:3:0x3E010719B906956BD83E010719B906956BD83E010719B906956BD83E010719B906956BD8|",0x8305476442879901010104007769D8A65169D8A651F8D815E4D20CDA0D00000F7E0000001B01010700000AFFAF4F0D1600000500243E010719B906956BD83E010719B906956BD83E010719B906956BD83E010719B906956BD8
178,2026-04-10 07:30:46.949,"11000001,5,4764428799,1,1,1,4,120,1775806273,1775806273,-12.0054946,-77.0911793,15239,25,256,8,00000000,10,-81,11110010,10,OFF,1101000,00000000,0,5,36,fs:3:0x3E010719B906966B8D3E010719B906966B8D3E010719B906966B8D3E010719B906966B8D|",0x8305476442879901010104007869D8A74169D8A741F8D81B5ED20CD1CF00003B870000001901000800000AFFAF4F0A1600000500243E010719B906966B8D3E010719B906966B8D3E010719B906966B8D3E010719B906966B8D
179,2026-04-10 07:34:46.923,"11000001,5,4764428799,1,1,1,4,121,1775806513,1775806513,-12.0055248,-77.0910408,8342,13,265,9,00000000,10,-81,11110010,9,OFF,1101000,00000000,0,5,36,fs:3:0x3E010719B906966B8D3E010719B906966B8D3E010719B906966B8D3E010719B906966B8D|",0x8305476442879901010104007969D8A83169D8A831F8D81A30D20CD738000020960000000D01090900000AFFAF4F091600000500243E010719B906966B8D3E010719B906966B8D3E010719B906966B8D3E010719B906966B8D
180,2026-04-10 07:38:46.915,"11000001,5,4764428799,1,1,1,4,122,1775806753,1775806753,-12.005537,-77.0911308,6714,8,292,9,00000000,10,-77,11110010,9,OFF,1101000,00000000,0,5,36,fs:3:0x3E010719B906966B8D3E010719B906976B493E010719B906976B493E010719B906976B49|",0x8305476442879901010104007A69D8A92169D8A921F8D819B6D20CD3B400001A3A0000000801240900000AFFB34F091600000500243E010719B906966B8D3E010719B906976B493E010719B906976B493E010719B906976B49
181,2026-04-10 07:42:46.990,"11000001,5,4764428799,1,1,1,4,123,1775806993,1775806993,-12.0055515,-77.090916,7839,19,273,9,00000000,10,-77,11110010,9,OFF,1101000,00000000,0,5,36,fs:3:0x3E010719B906976B493E010719B906976B493E010719B906976B493E010719B906976B49|",0x8305476442879901010104007B69D8AA1169D8AA11F8D81925D20CDC1800001E9F0000001301110900000AFFB34F091600000500243E010719B906976B493E010719B906976B493E010719B906976B493E010719B906976B49
182,2026-04-10 07:46:47.036,"11000001,5,4764428799,1,1,1,4,124,1775807233,1775807233,-12.0055951,-77.0910548,5862,2,266,8,00000000,10,-77,11110010,11,OFF,1101000,00000000,0,5,36,fs:3:0x3E010719B906976B493E010719B906976B493E010719B906976B493E010719B906986B51|",0x8305476442879901010104007C69D8AB0169D8AB01F8D81771D20CD6AC000016E600000002010A0800000AFFB34F0B1600000500243E010719B906976B493E010719B906976B493E010719B906976B493E010719B906986B51
183,2026-04-10 07:50:47.014,"11000001,5,4764428799,1,1,1,4,125,1775807473,1775807473,-12.005561,-77.0910533,4290,5,271,9,00000000,10,-81,11110010,9,OFF,1101000,00000000,0,5,36,fs:3:0x3E010719B906986B513E010719B906986B513E010719B906986B513E010719B906986B51|",0x8305476442879901010104007D69D8ABF169D8ABF1F8D818C6D20CD6BB000010C200000005010F0900000AFFAF4F091600000500243E010719B906986B513E010719B906986B513E010719B906986B513E010719B906986B51
184,2026-04-10 07:54:47.056,"11000001,5,4764428799,1,1,1,4,126,1775807713,1775807713,-12.0055456,-77.0911491,4171,16,216,7,00000000,10,-81,11110010,11,OFF,1101000,00000000,0,5,36,fs:3:0x3E010719B906986B513E010719B906986B513E010719B906986B513E010719B906986B51|",0x8305476442879901010104007E69D8ACE169D8ACE1F8D81960D20CD2FD0000104B0000001000D80700000AFFAF4F0B1600000500243E010719B906986B513E010719B906986B513E010719B906986B513E010719B906986B51
185,2026-04-10 07:58:47.053,"11000001,5,4764428799,1,1,1,4,127,1775807953,1775807953,-12.0055668,-77.0911138,3992,22,107,9,00000000,10,-81,11110010,9,OFF,1101000,00000000,0,5,36,fs:3:0x3E010719B906986B513E010719B906986B513E010719B906986B513E010719B906986B51|",0x8305476442879901010104007F69D8ADD169D8ADD1F8D8188CD20CD45E00000F9800000016006B0900000AFFAF4F091600000500243E010719B906986B513E010719B906986B513E010719B906986B513E010719B906986B51
186,2026-04-10 08:02:47.040,"11000001,5,4764428799,1,1,1,4,128,1775808193,1775808193,-12.0055948,-77.0911626,5769,22,309,8,00000000,10,-81,11110010,11,OFF,1101000,00000000,0,5,36,fs:3:0x3E010719B906996B953E010719B906996B953E010719B906996B953E010719B906996B95|",0x8305476442879901010104008069D8AEC169D8AEC1F8D81774D20CD276000016890000001601350800000AFFAF4F0B1600000500243E010719B906996B953E010719B906996B953E010719B906996B953E010719B906996B95
187,2026-04-10 08:06:47.043,"11000001,5,4764428799,1,1,1,4,129,1775808433,1775808433,-12.0056848,-77.0912285,7580,30,224,6,00000000,10,-83,11110010,13,OFF,1101000,00000000,0,5,36,fs:3:0x3E010719B906996B953E010719B906996B953E010719B906996B953E010719B906996B95|",0x8305476442879901010104008169D8AFB169D8AFB1F8D813F0D20CCFE300001D9C0000001E00E00600000AFFAD4F0D1600000500243E010719B906996B953E010719B906996B953E010719B906996B953E010719B906996B95
189,2026-04-10 08:10:47.138,"11000001,5,4764428799,1,1,1,4,131,1775808673,1775808673,-12.0056283,-77.0911006,6671,61,106,7,00000000,10,-81,11110010,12,OFF,1101000,00000000,0,5,36,fs:3:0x3E010719B906996B953E010719B906996B953E010719B906996B953E010719B906996B95|",0x8305476442879901010104008369D8B0A169D8B0A1F8D81625D20CD4E200001A0F0000003D006A0700000AFFAF4F0C1600000500243E010719B906996B953E010719B906996B953E010719B906996B953E010719B906996B95
190,2026-04-10 08:14:47.148,"11000001,5,4764428799,1,1,1,4,132,1775808913,1775808913,-12.005504,-77.0911323,5288,66,46,8,00000000,10,-81,11110010,10,OFF,1101000,00000000,0,5,36,fs:3:0x3E010719B906996B953E010719B906996B953E010719B906996B953E010719B906996B95|",0x8305476442879901010104008469D8B19169D8B191F8D81B00D20CD3A5000014A800000042002E0800000AFFAF4F0A1600000500243E010719B906996B953E010719B906996B953E010719B906996B953E010719B906996B95
191,2026-04-10 08:18:47.148,"11000001,5,4764428799,1,1,1,4,133,1775809153,1775809153,-12.0055671,-77.0911641,7260,94,99,8,00000000,10,-81,11110010,10,OFF,1101000,00000000,0,5,36,fs:3:0x3E010719B906996B953E010719B906996B953E010719B906996B953E010719B906996B95|",0x8305476442879901010104008569D8B28169D8B281F8D81889D20CD26700001C5C0000005E00630800000AFFAF4F0A1600000500243E010719B906996B953E010719B906996B953E010719B906996B953E010719B906996B95
192,2026-04-10 08:22:47.198,"11000001,5,4764428799,1,1,1,4,134,1775809393,1775809393,-12.0055605,-77.0911921,5298,22,75,7,00000000,10,-81,11110010,10,OFF,1101000,00000000,0,5,36,fs:3:0x3E010719B906996B953E010719B906996B953E010719B906996B953E010719B906996B95|",0x8305476442879901010104008669D8B37169D8B371F8D818CBD20CD14F000014B200000016004B0700000AFFAF4F0A1600000500243E010719B906996B953E010719B906996B953E010719B906996B953E010719B906996B95
193,2026-04-10 08:26:47.216,"11000001,5,4764428799,1,1,1,4,135,1775809633,1775809633,-12.005634,-77.0912413,5538,16,75,9,00000000,10,-81,11110010,9,OFF,1101000,00000000,0,5,36,fs:3:0x3E010719B906996B953E010719B906996B953E010719B906986B513E010719B906986B51|",0x8305476442879901010104008769D8B46169D8B461F8D815ECD20CCF63000015A200000010004B0900000AFFAF4F091600000500243E010719B906996B953E010719B906996B953E010719B906986B513E010719B906986B51
194,2026-04-10 08:30:47.201,"11000001,5,4764428799,1,1,1,4,136,1775809873,1775809873,-12.0055953,-77.0911275,4833,13,14,9,00000000,10,-81,11110010,10,OFF,1101000,00000000,0,5,36,fs:3:0x3E010719B906996B953E010719B906996B953E010719B906996B953E010719B906996B95|",0x8305476442879901010104008869D8B55169D8B551F8D8176FD20CD3D5000012E10000000D000E0900000AFFAF4F0A1600000500243E010719B906996B953E010719B906996B953E010719B906996B953E010719B906996B95
195,2026-04-10 08:34:47.276,"11000001,5,4764428799,1,1,1,4,137,1775810113,1775810113,-12.0055406,-77.0910968,7917,2,272,7,00000000,10,-81,11110010,11,OFF,1101000,00000000,0,5,36,fs:3:0x3E010719B906996B953E010719B906996B953E010719B906996B953E010719B906996B95|",0x8305476442879901010104008969D8B64169D8B641F8D81992D20CD50800001EED0000000201100700000AFFAF4F0B1600000500243E010719B906996B953E010719B906996B953E010719B906996B953E010719B906996B95
196,2026-04-10 08:38:47.248,"11000001,5,4764428799,1,1,1,4,138,1775810353,1775810353,-12.0055768,-77.0910433,6145,8,175,8,00000000,10,-81,11110010,10,OFF,1101000,00000000,0,5,36,fs:3:0x3E010719B906996B953E010719B906996B953E010719B906996B953E010719B906996B95|",0x8305476442879901010104008A69D8B73169D8B731F8D81828D20CD71F000018010000000800AF0800000AFFAF4F0A1600000500243E010719B906996B953E010719B906996B953E010719B906996B953E010719B906996B95
197,2026-04-10 08:42:47.251,"11000001,5,4764428799,1,1,1,4,139,1775810593,1775810593,-12.0057245,-77.0910475,9012,2,59,9,00000000,10,-81,11110010,10,OFF,1101000,00000000,0,5,36,fs:3:0x3E010719B906996B953E010719B906996B953E010719B906996B953E010719B906996B95|",0x8305476442879901010104008B69D8B82169D8B821F8D81263D20CD6F50000233400000002003B0900000AFFAF4F0A1600000500243E010719B906996B953E010719B906996B953E010719B906996B953E010719B906996B95
198,2026-04-10 08:46:47.315,"11000001,5,4764428799,1,1,1,4,140,1775810833,1775810833,-12.0056796,-77.0910975,8152,5,312,8,00000000,10,-81,11110010,10,OFF,1101000,00000000,0,5,36,fs:3:0x3E010719B906996B953E010719B906996B953E010719B906996B953E010719B906996B95|",0x8305476442879901010104008C69D8B91169D8B911F8D81424D20CD50100001FD80000000501380800000AFFAF4F0A1600000500243E010719B906996B953E010719B906996B953E010719B906996B953E010719B906996B95
199,2026-04-10 08:50:47.349,"11000001,5,4764428799,1,1,1,4,141,1775811073,1775811073,-12.005544,-77.0908823,8883,36,108,8,00000000,10,-77,11110010,11,OFF,1101000,00000000,0,5,36,fs:3:0x3E010719B906996B953E010719B906996B953E010719B906996B953E010719B906996B95|",0x8305476442879901010104008D69D8BA0169D8BA01F8D81970D20CDD69000022B300000024006C0800000AFFB34F0B1600000500243E010719B906996B953E010719B906996B953E010719B906996B953E010719B906996B95
200,2026-04-10 08:54:47.383,"11000001,5,4764428799,1,1,1,4,142,1775811313,1775811313,-12.005627,-77.091076,6269,33,109,7,00000000,10,-81,11110010,12,OFF,1101000,00000000,0,5,36,fs:3:0x3E010719B906996B953E010719B906996B953E010719B906996B953E010719B906996B95|",0x8305476442879901010104008E69D8BAF169D8BAF1F8D81632D20CD5D80000187D00000021006D0700000AFFAF4F0C1600000500243E010719B906996B953E010719B906996B953E010719B906996B953E010719B906996B95
201,2026-04-10 08:58:47.364,"11000001,5,4764428799,1,1,1,4,143,1775811553,1775811553,-12.0054995,-77.0910351,7514,16,84,9,00000000,10,-81,11110010,10,OFF,1101000,00000000,0,5,36,fs:3:0x3E010719B906996B953E010719B906996B953E010719B9069A6BC03E010719B906996B95|",0x8305476442879901010104008F69D8BBE169D8BBE1F8D81B2DD20CD77100001D5A0000001000540900000AFFAF4F0A1600000500243E010719B906996B953E010719B906996B953E010719B9069A6BC03E010719B906996B95
202,2026-04-10 09:02:47.435,"11000001,5,4764428799,1,1,1,4,144,1775811793,1775811793,-12.0055868,-77.0910043,7533,44,304,9,00000000,10,-81,11110010,9,OFF,1101000,00000000,0,5,36,fs:3:0x3E010719B9069A6BC03E010719B9069A6BC03E010719B9069A6BC03E010719B9069A6BC0|",0x8305476442879901010104009069D8BCD169D8BCD1F8D817C4D20CD8A500001D6D0000002C01300900000AFFAF4F091600000500243E010719B9069A6BC03E010719B9069A6BC03E010719B9069A6BC03E010719B9069A6BC0
203,2026-04-10 09:06:47.471,"11000001,5,4764428799,1,1,1,4,145,1775812033,1775812033,-12.0056768,-77.0910378,6284,16,283,9,00000000,10,-81,11110010,9,OFF,1101000,00000000,0,5,36,fs:3:0x3E010719B9069A6BC03E010719B9069A6BC03E010719B9069A6BC03E010719B9069A6BC0|",0x8305476442879901010104009169D8BDC169D8BDC1F8D81440D20CD7560000188C00000010011B0900000AFFAF4F091600000500243E010719B9069A6BC03E010719B9069A6BC03E010719B9069A6BC03E010719B9069A6BC0
204,2026-04-10 09:10:47.425,"11000001,5,4764428799,1,1,1,4,146,1775812273,1775812273,-12.0056053,-77.0911006,6516,8,93,8,00000000,10,-81,11110010,10,OFF,1101000,00000000,0,5,36,fs:3:0x3E010719B9069A6BC03E010719B9069A6BC03E010719B9069A6BC03E010719B9069A6BC0|",0x8305476442879901010104009269D8BEB169D8BEB1F8D8170BD20CD4E20000197400000008005D0800000AFFAF4F0A1600000500243E010719B9069A6BC03E010719B9069A6BC03E010719B9069A6BC03E010719B9069A6BC0
205,2026-04-10 09:14:47.460,"11000001,5,4764428799,1,1,1,4,147,1775812513,1775812513,-12.0055818,-77.0910078,7546,25,93,7,00000000,10,-81,11110010,12,OFF,1101000,00000000,0,5,36,fs:3:0x3E010719B9069A6BC03E010719B9069A6BC03E010719B9069A6BC03E010719B9069B6B04|",0x8305476442879901010104009369D8BFA169D8BFA1F8D817F6D20CD88200001D7A00000019005D0700000AFFAF4F0C1600000500243E010719B9069A6BC03E010719B9069A6BC03E010719B9069A6BC03E010719B9069B6B04
206,2026-04-10 09:18:47.540,"11000001,5,4764428799,1,1,1,4,148,1775812753,1775812753,-12.0055865,-77.0911468,1987,13,50,6,00000000,10,-81,11110010,14,OFF,1101000,00000000,0,5,36,fs:3:0x3E010719B9069B6B043E010719B9069B6B043E010719B9069B6B043E010719B9069B6B04|",0x8305476442879901010104009469D8C09169D8C091F8D817C7D20CD314000007C30000000D00320600000AFFAF4F0E1600000500243E010719B9069B6B043E010719B9069B6B043E010719B9069B6B043E010719B9069B6B04
207,2026-04-10 09:22:47.521,"11000001,5,4764428799,1,1,1,4,149,1775812993,1775812993,-12.0056213,-77.0910986,4864,2,235,9,00000000,10,-81,11110010,9,OFF,1101000,00000000,0,5,36,fs:3:0x3E010719B9069B6B043E010719B9069B6B043E010719B9069B6B043E010719B9069B6B04|",0x8305476442879901010104009569D8C18169D8C181F8D8166BD20CD4F6000013000000000200EB0900000AFFAF4F091600000500243E010719B9069B6B043E010719B9069B6B043E010719B9069B6B043E010719B9069B6B04
208,2026-04-10 09:26:47.601,"11000001,5,4764428799,1,1,1,4,150,1775813233,1775813233,-12.0056541,-77.0911775,3473,41,108,9,00000000,10,-81,11110010,9,OFF,1101000,00000000,0,5,36,fs:3:0x3E010719B9069C6B6A3E010719B9069C6B6A3E010719B9069C6B6A3E010719B9069C6B6A|",0x8305476442879901010104009669D8C27169D8C271F8D81523D20CD1E100000D9100000029006C0900000AFFAF4F091600000500243E010719B9069C6B6A3E010719B9069C6B6A3E010719B9069C6B6A3E010719B9069C6B6A
209,2026-04-10 09:30:47.552,"11000001,5,4764428799,1,1,1,4,151,1775813473,1775813473,-12.0055986,-77.0912305,8296,202,68,8,00000000,10,-81,11110010,10,OFF,1101000,00000000,0,5,36,fs:3:0x3E010719B9069C6B6A3E010719B9069C6B6A3E010719B9069C6B6A3E010719B9069C6B6A|",0x8305476442879901010104009769D8C36169D8C361F8D8174ED20CCFCF00002068000000CA00440800000AFFAF4F0A1600000500243E010719B9069C6B6A3E010719B9069C6B6A3E010719B9069C6B6A3E010719B9069C6B6A
210,2026-04-10 09:34:47.610,"11000001,5,4764428799,1,1,1,4,152,1775813713,1775813713,-12.0056491,-77.0911101,7403,38,260,8,00000000,10,-79,11110010,11,OFF,1101000,00000000,0,5,36,fs:3:0x3E010719B9069C6B6A3E010719B9069C6B6A3E010719B9069C6B6A3E010719B9069D6BAE|",0x8305476442879901010104009869D8C45169D8C451F8D81555D20CD48300001CEB0000002601040800000AFFB14F0B1600000500243E010719B9069C6B6A3E010719B9069C6B6A3E010719B9069C6B6A3E010719B9069D6BAE
211,2026-04-10 09:38:47.589,"11000001,5,4764428799,1,1,1,4,153,1775813953,1775813953,-12.0055305,-77.0911145,5108,63,204,6,00000000,10,-81,11110010,13,OFF,1101000,00000000,0,5,36,fs:3:0x3E010719B9069C6B6A3E010719B9069D6BAE3E010719B9069D6BAE3E010719B9069D6BAE|",0x8305476442879901010104009969D8C54169D8C541F8D819F7D20CD457000013F40000003F00CC0600000AFFAF4F0D1600000500243E010719B9069C6B6A3E010719B9069D6BAE3E010719B9069D6BAE3E010719B9069D6BAE
212,2026-04-10 09:42:47.657,"11000001,5,4764428799,1,1,1,4,154,1775814193,1775814193,-12.0056028,-77.0911433,6242,80,75,8,00000000,10,-79,11110010,10,OFF,1101000,00000000,0,5,36,fs:3:0x3E010719B9069D6BAE3E010719B9069D6BAE3E010718B9069D6B633E010719B9069D6BAE|",0x8305476442879901010104009A69D8C63169D8C631F8D81724D20CD3370000186200000050004B0800000AFFB14F0A1600000500243E010719B9069D6BAE3E010719B9069D6BAE3E010718B9069D6B633E010719B9069D6BAE
213,2026-04-10 09:46:47.611,"11000001,5,4764428799,1,1,1,4,155,1775814434,1775814433,-12.0055961,-77.0911196,5404,16,70,9,00000000,10,-79,11110010,11,OFF,1101000,00000000,0,5,36,fs:3:0x3E010719B9069D6BAE3E010718B9069E6B363E010718B9069E6B363E010718B9069E6B36|",0x8305476442879901010104009B69D8C72269D8C721F8D81767D20CD4240000151C0000001000460900000AFFB14F0B1600000500243E010719B9069D6BAE3E010718B9069E6B363E010718B9069E6B363E010718B9069E6B36
214,2026-04-10 09:50:47.664,"11000001,5,4764428799,1,1,1,4,156,1775814674,1775814673,-12.0056101,-77.0909885,6889,13,35,10,00000000,10,-77,11110010,9,OFF,1101000,00000000,0,5,36,fs:3:0x3E010718B9069E6B363E010718B9069E6B363E010718B9069E6B363E010718B9069E6B36|",0x8305476442879901010104009C69D8C81269D8C811F8D816DBD20CD94300001AE90000000D00230A00000AFFB34F091600000500243E010718B9069E6B363E010718B9069E6B363E010718B9069E6B363E010718B9069E6B36
215,2026-04-10 09:54:47.638,"11000001,5,4764428799,1,1,1,4,157,1775814914,1775814914,-12.0056425,-77.0910573,7404,22,62,8,00000000,10,-77,11110010,12,OFF,1101000,00000000,0,5,36,fs:3:0x3E010718B9069E6B363E010718B9069E6B363E010718B9069E6B363E010718B9069E6B36|",0x8305476442879901010104009D69D8C90269D8C902F8D81597D20CD69300001CEC00000016003E0800000AFFB34F0C1600000500243E010718B9069E6B363E010718B9069E6B363E010718B9069E6B363E010718B9069E6B36
216,2026-04-10 09:58:47.766,"11000001,5,4764428799,1,1,1,4,158,1775815154,1775815154,-12.0056696,-77.0908821,9547,83,56,7,00000000,10,-77,11110010,12,OFF,1101000,00000000,0,5,36,fs:3:0x3E010718B9069F6BF23E010718B9069F6BF23E010718B9069F6BF23E010718B9069F6BF2|",0x8305476442879901010104009E69D8C9F269D8C9F2F8D81488D20CDD6B0000254B0000005300380700000AFFB34F0C1600000500243E010718B9069F6BF23E010718B9069F6BF23E010718B9069F6BF23E010718B9069F6BF2
217,2026-04-10 10:02:47.746,"11000001,5,4764428799,1,1,1,4,159,1775815394,1775815394,-12.0056106,-77.091031,6921,27,229,8,00000000,10,-75,11110010,12,OFF,1101000,00000000,0,5,36,fs:3:0x3E010718B9069F6BF23E010718B9069F6BF23E010718B9069F6BF23E010718B9069F6BF2|",0x8305476442879901010104009F69D8CAE269D8CAE2F8D816D6D20CD79A00001B090000001B00E50800000AFFB54F0C1600000500243E010718B9069F6BF23E010718B9069F6BF23E010718B9069F6BF23E010718B9069F6BF2
218,2026-04-10 10:06:47.720,"11000001,5,4764428799,1,1,1,4,160,1775815634,1775815634,-12.0056296,-77.0909663,10131,16,285,5,00000000,10,-75,11110010,12,OFF,1101000,00000000,0,5,36,fs:3:0x3E010718B9069F6BF23E010718B9069F6BF23E010718B9069F6BF23E010718BA06A06B4F|",0x830547644287990101010400A069D8CBD269D8CBD2F8D81618D20CDA210000279300000010011D0500000AFFB54F0C1600000500243E010718B9069F6BF23E010718B9069F6BF23E010718B9069F6BF23E010718BA06A06B4F
219,2026-04-10 10:10:47.767,"11000001,5,4764428799,1,1,1,4,161,1775815874,1775815874,-12.005697,-77.0909735,7407,11,72,8,00000000,10,-77,11110010,10,OFF,1101000,00000000,0,5,36,fs:3:0x3E010718BA06A06B4F3E010718BA06A06B4F3E010718BA06A06B4F3E010718BA06A06B4F|",0x830547644287990101010400A169D8CCC269D8CCC2F8D81376D20CD9D900001CEF0000000B00480800000AFFB34F0A1600000500243E010718BA06A06B4F3E010718BA06A06B4F3E010718BA06A06B4F3E010718BA06A06B4F
220,2026-04-10 10:14:47.780,"11000001,5,4764428799,1,1,1,4,162,1775816114,1775816114,-12.0056513,-77.0911113,11609,33,274,8,00000000,10,-75,11110010,10,OFF,1101000,00000000,0,5,36,fs:3:0x3E010718BA06A06B4F3E010718BA06A16B8B3E010718BA06A06B4F3E010718BA06A06B4F|",0x830547644287990101010400A269D8CDB269D8CDB2F8D8153FD20CD47700002D590000002101120800000AFFB54F0A1600000500243E010718BA06A06B4F3E010718BA06A16B8B3E010718BA06A06B4F3E010718BA06A06B4F
221,2026-04-10 10:18:47.783,"11000001,5,4764428799,1,1,1,4,163,1775816354,1775816354,-12.0055308,-77.0911953,5138,25,219,8,00000000,10,-75,11110010,10,OFF,1101000,00000000,0,5,36,fs:3:0x3E010718BA06A16B8B3E010718BA06A16B8B3E010718BA06A16B8B3E010718BA06A16B8B|",0x830547644287990101010400A369D8CEA269D8CEA2F8D819F4D20CD12F000014120000001900DB0800000AFFB54F0A1600000500243E010718BA06A16B8B3E010718BA06A16B8B3E010718BA06A16B8B3E010718BA06A16B8B
222,2026-04-10 10:22:48.280,"11000001,5,4764428799,1,1,1,4,164,1775816594,1775816594,-12.0054606,-77.0910016,7889,33,40,8,00000000,10,-75,11110010,10,OFF,1101000,00000000,0,5,36,fs:3:0x3E010718BA06A16B8B3E010718BA06A16B8B3E010718BA06A26BDE3E010718BA06A26BDE|",0x830547644287990101010400A469D8CF9269D8CF92F8D81CB2D20CD8C000001ED10000002100280800000AFFB54F0A1600000500243E010718BA06A16B8B3E010718BA06A16B8B3E010718BA06A26BDE3E010718BA06A26BDE
223,2026-04-10 10:26:47.912,"11000001,5,4764428799,1,1,1,4,165,1775816834,1775816834,-12.0056383,-77.0911216,3023,36,33,8,00000000,10,-79,11110010,10,OFF,1101000,00000000,0,5,36,fs:3:0x3E010718BA06A26BDE3E010718BA06A36B1A3E010718BA06A36B1A3E010718BA06A36B1A|",0x830547644287990101010400A569D8D08269D8D082F8D815C1D20CD41000000BCF0000002400210800000AFFB14F0A1600000500243E010718BA06A26BDE3E010718BA06A36B1A3E010718BA06A36B1A3E010718BA06A36B1A
224,2026-04-10 10:30:47.923,"11000001,5,4764428799,1,1,1,4,166,1775817074,1775817074,-12.005532,-77.0910335,7289,38,39,8,00000000,10,-79,11110010,10,OFF,1101000,00000000,0,5,36,fs:3:0x3E010718BA06A36B1A3E010718BA06A36B1A3E010718BA06A46B743E010718BA06A46B74|",0x830547644287990101010400A669D8D17269D8D172F8D819E8D20CD78100001C790000002600270800000AFFB14F0A1600000500243E010718BA06A36B1A3E010718BA06A36B1A3E010718BA06A46B743E010718BA06A46B74
225,2026-04-10 10:34:47.865,"11000001,5,4764428799,1,1,1,4,167,1775817314,1775817314,-12.005556,-77.0911878,6482,2,273,8,00000000,10,-79,11110010,10,OFF,1101000,00000000,0,5,36,fs:3:0x3E010718BA06A46B743E010718BA06A46B743E010718BA06A56BB03E010718BA06A56BB0|",0x830547644287990101010400A769D8D26269D8D262F8D818F8D20CD17A000019520000000201110800000AFFB14F0A1600000500243E010718BA06A46B743E010718BA06A46B743E010718BA06A56BB03E010718BA06A56BB0
226,2026-04-10 10:38:47.937,"11000001,5,4764428799,1,1,1,4,168,1775817554,1775817554,-12.0056295,-77.0911888,8159,55,268,8,00000000,10,-79,11110010,11,OFF,1101000,00000000,0,5,36,fs:3:0x3E010718BA06A56BB03E010718BA06A56BB03E010718BA06A56BB03E010718BA06A56BB0|",0x830547644287990101010400A869D8D35269D8D352F8D81619D20CD17000001FDF00000037010C0800000AFFB14F0B1600000500243E010718BA06A56BB03E010718BA06A56BB03E010718BA06A56BB03E010718BA06A56BB0
227,2026-04-10 10:42:47.944,"11000001,5,4764428799,1,1,1,4,169,1775817794,1775817794,-12.0055856,-77.0911951,5107,2,95,8,00000000,10,-81,11110010,10,OFF,1101000,00000000,0,5,36,fs:3:0x3E010718BA06A56BB03E010718BA06A66BE53E010718BA06A66BE53E010718BA06A66BE5|",0x830547644287990101010400A969D8D44269D8D442F8D817D0D20CD131000013F300000002005F0800000AFFAF4F0A1600000500243E010718BA06A56BB03E010718BA06A66BE53E010718BA06A66BE53E010718BA06A66BE5
228,2026-04-10 10:46:47.958,"11000001,5,4764428799,1,1,1,4,170,1775818034,1775818034,-12.005545,-77.0912211,5798,50,78,9,00000000,10,-79,11110010,10,OFF,1101000,00000000,0,5,36,fs:3:0x3E010718BA06A66BE53E010718BA06A66BE53E010718BA06A66BE53E010718BA06A76B21|",0x830547644287990101010400AA69D8D53269D8D532F8D81966D20CD02D000016A600000032004E0900000AFFB14F0A1600000500243E010718BA06A66BE53E010718BA06A66BE53E010718BA06A66BE53E010718BA06A76B21
229,2026-04-10 10:50:48.094,"11000001,5,4764428799,1,1,1,4,171,1775818274,1775818274,-12.0055786,-77.0911505,6986,8,314,7,00000000,10,-75,11110010,11,OFF,1101000,00000000,0,5,36,fs:3:0x3E010718BA06A76B213E010718BA06A76B213E010718BA06A76B213E010718BA06A76B21|",0x830547644287990101010400AB69D8D62269D8D622F8D81816D20CD2EF00001B4A00000008013A0700000AFFB54F0B1600000500243E010718BA06A76B213E010718BA06A76B213E010718BA06A76B213E010718BA06A76B21
230,2026-04-10 10:54:48.149,"11000001,5,4764428799,1,1,1,4,172,1775818514,1775818514,-12.0054783,-77.0912201,7505,25,110,7,00000000,10,-79,11110010,11,OFF,1101000,00000000,0,5,36,fs:3:0x3E010718BA06A76B213E010718BA06A86B393E010718BA06A86B393E010718BA06A86B39|",0x830547644287990101010400AC69D8D71269D8D712F8D81C01D20CD03700001D5100000019006E0700000AFFB14F0B1600000500243E010718BA06A76B213E010718BA06A86B393E010718BA06A86B393E010718BA06A86B39
231,2026-04-10 10:58:42.265,"11000001,5,4764428799,1,1,1,4,173,1775818754,1775818754,-12.0056023,-77.0911295,4507,27,295,8,00000000,10,-79,11110010,11,OFF,1101000,00000000,0,5,36,fs:3:0x3E010718BA06A86B393E010718BA06A86B393E010718BA06A96BFD3E010718BA06A96BFD|",0x830547644287990101010400AD69D8D80269D8D802F8D81729D20CD3C10000119B0000001B01270800000AFFB14F0B1600000500243E010718BA06A86B393E010718BA06A86B393E010718BA06A96BFD3E010718BA06A96BFD
232,2026-04-10 11:02:41.192,"11000001,5,4764428799,1,1,1,4,174,1775818994,1775818994,-12.0056391,-77.0910858,6495,61,335,7,00000000,10,-75,11110010,11,OFF,1101000,00000000,0,5,36,fs:3:0x3E010718BA06A96BFD3E010718BA06A96BFD3E010718BA06A96BFD3E010718BA06A96BFD|",0x830547644287990101010400AE69D8D8F269D8D8F2F8D815B9D20CD5760000195F0000003D014F0700000AFFB54F0B1600000500243E010718BA06A96BFD3E010718BA06A96BFD3E010718BA06A96BFD3E010718BA06A96BFD
233,2026-04-10 11:06:40.902,"11000001,5,4764428799,1,1,1,4,175,1775819234,1775819234,-12.005576,-77.0911726,7194,33,321,8,00000000,10,-75,11110010,10,OFF,1101000,00000000,0,5,36,fs:3:0x3E010718BA06A96BFD3E010718BA06A96BFD3E010718BA06A96BFD3E010718BA06AA6BA8|",0x830547644287990101010400AF69D8D9E269D8D9E2F8D81830D20CD21200001C1A0000002101410800000AFFB54F0A1600000500243E010718BA06A96BFD3E010718BA06A96BFD3E010718BA06A96BFD3E010718BA06AA6BA8
234,2026-04-10 11:10:40.816,"11000001,5,4764428799,1,1,1,4,176,1775819474,1775819474,-12.0056268,-77.0912328,6445,63,98,7,00000000,10,-75,11110010,10,OFF,1101000,00000000,0,5,36,fs:3:0x3E010718BA06AA6BA83E010718BA06AA6BA83E010718BA06AA6BA83E010718BA06AA6BA8|",0x830547644287990101010400B069D8DAD269D8DAD2F8D81634D20CCFB80000192D0000003F00620700000AFFB54F0A1600000500243E010718BA06AA6BA83E010718BA06AA6BA83E010718BA06AA6BA83E010718BA06AA6BA8
235,2026-04-10 11:15:15.558,"11000001,5,4764428799,1,1,1,4,177,1775819714,1775819714,-12.0055271,-77.091138,3993,72,274,8,00000000,10,-79,11110010,10,OFF,1101000,00000000,0,5,36,fs:3:0x3E010718BA06AA6BA83E010718BA06AA6BA83E010718BA06AA6BA83E010718BA06AB6B6C|",0x830547644287990101010400B169D8DBC269D8DBC2F8D81A19D20CD36C00000F990000004801120800000AFFB14F0A1600000500243E010718BA06AA6BA83E010718BA06AA6BA83E010718BA06AA6BA83E010718BA06AB6B6C
236,2026-04-10 11:19:15.684,"11000001,5,4764428799,1,1,1,4,178,1775819954,1775819954,-12.0055236,-77.0910503,6755,27,258,6,00000000,10,-79,11110010,13,OFF,1101000,00000000,0,5,36,fs:3:0x3E010718BA06AB6B6C3E010718BA06AB6B6C3E010718BA06AB6B6C3E010718BA06AB6B6C|",0x830547644287990101010400B269D8DCB269D8DCB2F8D81A3CD20CD6D900001A630000001B01020600000AFFB14F0D1600000500243E010718BA06AB6B6C3E010718BA06AB6B6C3E010718BA06AB6B6C3E010718BA06AB6B6C
237,2026-04-10 11:23:15.656,"11000001,5,4764428799,1,1,1,4,179,1775820194,1775820194,-12.005481,-77.0912013,5518,33,279,6,00000000,10,-81,11110010,10,OFF,1101000,00000000,0,5,36,fs:3:0x3E010718BA06AB6B6C3E010718BA06AB6B6C3E010718BA06AB6B6C3E010718BA06AB6B6C|",0x830547644287990101010400B369D8DDA269D8DDA2F8D81BE6D20CD0F30000158E0000002101170600000AFFAF4F0A1600000500243E010718BA06AB6B6C3E010718BA06AB6B6C3E010718BA06AB6B6C3E010718BA06AB6B6C
238,2026-04-10 11:27:15.665,"11000001,5,4764428799,1,1,1,4,180,1775820434,1775820434,-12.0055061,-77.0911431,4494,33,276,5,00000000,10,-79,11110010,37,OFF,1101000,00000000,0,5,36,fs:3:0x3E010718BA06AB6B6C3E010718BA06AC6B023E010718BA06AC6B023E010718BA06AC6B02|",0x830547644287990101010400B469D8DE9269D8DE92F8D81AEBD20CD3390000118E0000002101140500000AFFB14F251600000500243E010718BA06AB6B6C3E010718BA06AC6B023E010718BA06AC6B023E010718BA06AC6B02
239,2026-04-10 11:31:15.719,"11000001,5,4764428799,1,1,1,4,181,1775820674,1775820674,-12.005506,-77.091253,4893,13,112,8,00000000,10,-81,11110010,10,OFF,1101000,00000000,0,5,36,fs:3:0x3E010718BA06AC6B023E010718BA06AC6B023E010718BA06AC6B023E010718BA06AC6B02|",0x830547644287990101010400B569D8DF8269D8DF82F8D81AECD20CCEEE0000131D0000000D00700800000AFFAF4F0A1600000500243E010718BA06AC6B023E010718BA06AC6B023E010718BA06AC6B023E010718BA06AC6B02
240,2026-04-10 11:35:15.765,"11000001,5,4764428799,1,1,1,4,182,1775820914,1775820914,-12.0055481,-77.0910698,8931,41,287,6,00000000,10,-79,11110010,17,OFF,1101000,00000000,0,5,36,fs:3:0x3E010718BA06AC6B023E010718BA06AC6B023E010718BA06AC6B023E010718BA06AC6B02|",0x830547644287990101010400B669D8E07269D8E072F8D81947D20CD616000022E300000029011F0600000AFFB14F111600000500243E010718BA06AC6B023E010718BA06AC6B023E010718BA06AC6B023E010718BA06AC6B02
241,2026-04-10 11:39:15.702,"11000001,5,4764428799,1,1,1,4,183,1775821154,1775821154,-12.0055345,-77.0910213,8433,16,86,8,00000000,10,-75,11110010,9,OFF,1101000,00000000,0,5,36,fs:3:0x3E010718BA06AC6B023E010718BA06AC6B023E010718BA06AD6BC63E010718BA06AD6BC6|",0x830547644287990101010400B769D8E16269D8E162F8D819CFD20CD7FB000020F10000001000560800000AFFB54F091600000500243E010718BA06AC6B023E010718BA06AC6B023E010718BA06AD6BC63E010718BA06AD6BC6
242,2026-04-10 11:43:15.819,"11000001,5,4764428799,1,1,1,4,184,1775821394,1775821394,-12.0055828,-77.0910423,6742,22,102,7,00000000,10,-75,11110010,12,OFF,1101000,00000000,0,5,36,fs:3:0x3E010718BA06AD6BC63E010718BA06AD6BC63E010718BA06AD6BC63E010718BA06AD6BC6|",0x830547644287990101010400B869D8E25269D8E252F8D817ECD20CD72900001A560000001600660700000AFFB54F0C1600000500243E010718BA06AD6BC63E010718BA06AD6BC63E010718BA06AD6BC63E010718BA06AD6BC6
243,2026-04-10 11:47:15.841,"11000001,5,4764428799,1,1,1,4,185,1775821634,1775821634,-12.0055813,-77.0910731,5691,33,109,8,00000000,10,-75,11110010,9,OFF,1101000,00000000,0,5,36,fs:3:0x3E010717BA06AD6BA93E010718BA06AD6BC63E010717BA06AD6BA93E010717BA06AD6BA9|",0x830547644287990101010400B969D8E34269D8E342F8D817FBD20CD5F50000163B00000021006D0800000AFFB54F091600000500243E010717BA06AD6BA93E010718BA06AD6BC63E010717BA06AD6BA93E010717BA06AD6BA9
244,2026-04-10 11:51:15.786,"11000001,5,4764428799,1,1,1,4,186,1775821874,1775821874,-12.0056196,-77.0910648,6857,66,274,8,00000000,10,-79,11110010,9,OFF,1101000,00000000,0,5,36,fs:3:0x3E010717BA06AE6BFC3E010717BA06AE6BFC3E010717BA06AE6BFC3E010717BA06AE6BFC|",0x830547644287990101010400BA69D8E43269D8E432F8D8167CD20CD64800001AC90000004201120800000AFFB14F091600000500243E010717BA06AE6BFC3E010717BA06AE6BFC3E010717BA06AE6BFC3E010717BA06AE6BFC
245,2026-04-10 11:55:15.918,"11000001,5,4764428799,1,1,1,4,187,1775822114,1775822114,-12.0055558,-77.0909888,6568,44,44,7,00000000,10,-75,11110010,10,OFF,1101000,00000000,0,5,36,fs:3:0x3E010717BA06AE6BFC3E010717BA06AE6BFC3E010717BA06AE6BFC3E010718BA06AE6B93|",0x830547644287990101010400BB69D8E52269D8E522F8D818FAD20CD940000019A80000002C002C0700000AFFB54F0A1600000500243E010717BA06AE6BFC3E010717BA06AE6BFC3E010717BA06AE6BFC3E010718BA06AE6B93
246,2026-04-10 11:59:16.017,"11000001,5,4764428799,1,1,1,4,188,1775822354,1775822354,-12.0057416,-77.0910386,8194,44,44,8,00000000,10,-79,11110010,10,OFF,1101000,00000000,0,5,36,fs:3:0x3E010717BA06AF6B383E010717BA06AE6BFC3E010717BA06AF6B383E010717BA06AF6B38|",0x830547644287990101010400BC69D8E61269D8E612F8D811B8D20CD74E000020020000002C002C0800000AFFB14F0A1600000500243E010717BA06AF6B383E010717BA06AE6BFC3E010717BA06AF6B383E010717BA06AF6B38
247,2026-04-10 12:03:15.946,"11000001,5,4764428799,1,1,1,4,189,1775822594,1775822594,-12.0057101,-77.0910606,6800,13,58,6,00000000,10,-81,11110010,16,OFF,1101000,00000000,0,5,36,fs:3:0x3E010718BA06AF6B573E010718BA06AF6B573E010717BA06AF6B383E010717BA06AF6B38|",0x830547644287990101010400BD69D8E70269D8E702F8D812F3D20CD67200001A900000000D003A0600000AFFAF4F101600000500243E010718BA06AF6B573E010718BA06AF6B573E010717BA06AF6B383E010717BA06AF6B38
248,2026-04-10 12:07:15.923,"11000001,5,4764428799,1,1,1,4,190,1775822834,1775822834,-12.0056673,-77.0909781,7277,47,63,9,00000000,10,-81,11110010,9,OFF,1101000,00000000,0,5,36,fs:3:0x3E010717BA06AF6B383E010717BA06AF6B383E010717BA06AF6B383E010718BA06AF6B57|",0x830547644287990101010400BE69D8E7F269D8E7F2F8D8149FD20CD9AB00001C6D0000002F003F0900000AFFAF4F091600000500243E010717BA06AF6B383E010717BA06AF6B383E010717BA06AF6B383E010718BA06AF6B57
250,2026-04-10 12:11:15.993,"11000001,5,4764428799,1,1,1,4,192,1775823074,1775823074,-12.0055725,-77.0910626,5829,5,241,8,00000000,10,-81,11110010,12,OFF,1101000,00000000,0,5,36,fs:3:0x3E010717BA06AF6B383E010718BA06AF6B573E010717BA06AF6B383E010717BA06AF6B38|",0x830547644287990101010400C069D8E8E269D8E8E2F8D81853D20CD65E000016C50000000500F10800000AFFAF4F0C1600000500243E010717BA06AF6B383E010718BA06AF6B573E010717BA06AF6B383E010717BA06AF6B38
251,2026-04-10 12:15:16.017,"11000001,5,4764428799,1,1,1,4,193,1775823314,1775823314,-12.0056438,-77.0911886,5180,22,218,8,00000000,10,-81,11110010,11,OFF,1101000,00000000,0,5,36,fs:3:0x3E010717BB06B06B433E010717BB06B06B433E010717BB06B06B433E010718BB06B06B2C|",0x830547644287990101010400C169D8E9D269D8E9D2F8D8158AD20CD1720000143C0000001600DA0800000AFFAF4F0B1600000500243E010717BB06B06B433E010717BB06B06B433E010717BB06B06B433E010718BB06B06B2C
252,2026-04-10 12:19:16.140,"11000001,5,4764428799,1,1,1,4,194,1775823554,1775823554,-12.0056656,-77.091208,5700,19,281,9,00000000,10,-81,11110010,9,OFF,1101000,00000000,0,5,36,fs:3:0x3E010718BB06B06B2C3E010717BB06B06B433E010718BB06B06B2C3E010717BB06B06B43|",0x830547644287990101010400C269D8EAC269D8EAC2F8D814B0D20CD0B0000016440000001301190900000AFFAF4F091600000500243E010718BB06B06B2C3E010717BB06B06B433E010718BB06B06B2C3E010717BB06B06B43
253,2026-04-10 12:23:16.094,"11000001,5,4764428799,1,1,1,4,195,1775823794,1775823794,-12.00556,-77.091051,5365,25,322,8,00000000,10,-79,11110010,12,OFF,1101000,00000000,0,5,36,fs:3:0x3E010717BB06B06B433E010718BB06B06B2C3E010717BB06B06B433E010718BB06B06B2C|",0x830547644287990101010400C369D8EBB269D8EBB2F8D818D0D20CD6D2000014F50000001901420800000AFFB14F0C1600000500243E010717BB06B06B433E010718BB06B06B2C3E010717BB06B06B433E010718BB06B06B2C
254,2026-04-10 12:27:16.069,"11000001,5,4764428799,1,1,1,4,196,1775824034,1775824034,-12.0054988,-77.0910655,3942,22,231,8,00000000,10,-75,11110010,10,OFF,1101000,00000000,0,5,36,fs:3:0x3E010718BB06B06B2C3E010718BB06B06B2C3E010718BB06B06B2C3E010718BB06B06B2C|",0x830547644287990101010400C469D8ECA269D8ECA2F8D81B34D20CD64100000F660000001600E70800000AFFB54F0A1600000500243E010718BB06B06B2C3E010718BB06B06B2C3E010718BB06B06B2C3E010718BB06B06B2C
255,2026-04-10 12:31:16.044,"11000001,5,4764428799,1,1,1,4,197,1775824274,1775824274,-12.0055958,-77.0911903,3143,11,252,6,00000000,10,-75,11110010,13,OFF,1101000,00000000,0,5,36,fs:3:0x3E010718BB06B16BE83E010718BB06B06B2C3E010718BB06B16BE83E010718BB06B06B2C|",0x830547644287990101010400C569D8ED9269D8ED92F8D8176AD20CD16100000C470000000B00FC0600000AFFB54F0D1600000500243E010718BB06B16BE83E010718BB06B06B2C3E010718BB06B16BE83E010718BB06B06B2C
256,2026-04-10 12:35:16.090,"11000001,5,4764428799,1,1,1,4,198,1775824515,1775824514,-12.005566,-77.0913001,7091,5,275,6,00000000,10,-75,11110010,12,OFF,1101000,00000000,0,5,36,fs:3:0x3E010718BB06B16BE83E010718BB06B06B2C3E010718BB06B06B2C3E010718BB06B16BE8|",0x830547644287990101010400C669D8EE8369D8EE82F8D81894D20CCD1700001BB30000000501130600000AFFB54F0C1600000500243E010718BB06B16BE83E010718BB06B06B2C3E010718BB06B06B2C3E010718BB06B16BE8
257,2026-04-10 12:39:16.132,"11000001,5,4764428799,1,1,1,4,199,1775824755,1775824754,-12.0056508,-77.0910616,8556,83,249,8,00000000,10,-75,11110010,10,OFF,1101000,00000000,0,5,36,fs:3:0x3E010718BB06B16BE83E010718BB06B16BE83E010718BB06B16BE83E010718BB06B16BE8|",0x830547644287990101010400C769D8EF7369D8EF72F8D81544D20CD6680000216C0000005300F90800000AFFB54F0A1600000500243E010718BB06B16BE83E010718BB06B16BE83E010718BB06B16BE83E010718BB06B16BE8
258,2026-04-10 12:43:16.178,"11000001,5,4764428799,1,1,1,4,200,1775824995,1775824995,-12.0056111,-77.091174,9464,30,103,8,00000000,10,-77,11110010,9,OFF,1101000,00000000,0,5,36,fs:3:0x3E010718BB06B16BE83E010718BB06B16BE83E010718BB06B16BE83E010718BB06B16BE8|",0x830547644287990101010400C869D8F06369D8F063F8D816D1D20CD204000024F80000001E00670800000AFFB34F091600000500243E010718BB06B16BE83E010718BB06B16BE83E010718BB06B16BE83E010718BB06B16BE8
259,2026-04-10 12:47:16.171,"11000001,5,4764428799,1,1,1,4,201,1775825235,1775825235,-12.005701,-77.0910885,10031,22,195,6,00000000,10,-79,11110010,11,OFF,1101000,00000000,0,5,36,fs:3:0x3E010718BB06B06B2C3E010718BB06B16BE83E010718BB06B16BE83E010718BB06B16BE8|",0x830547644287990101010400C969D8F15369D8F153F8D8134ED20CD55B0000272F0000001600C30600000AFFB14F0B1600000500243E010718BB06B06B2C3E010718BB06B16BE83E010718BB06B16BE83E010718BB06B16BE8
260,2026-04-10 12:51:16.232,"11000001,5,4764428799,1,1,1,4,202,1775825475,1775825475,-12.0055976,-77.0911376,7738,19,125,7,00000000,10,-81,11110010,11,OFF,1101000,00000000,0,5,36,fs:3:0x3E010718BB06B16BE83E010718BB06B16BE83E010718BB06B16BE83E010718BB06B16BE8|",0x830547644287990101010400CA69D8F24369D8F243F8D81758D20CD37000001E3A00000013007D0700000AFFAF4F0B1600000500243E010718BB06B16BE83E010718BB06B16BE83E010718BB06B16BE83E010718BB06B16BE8
261,2026-04-10 12:55:16.250,"11000001,5,4764428799,1,1,1,4,203,1775825715,1775825715,-12.0056365,-77.0911743,8137,19,22,7,00000000,10,-81,11110010,11,OFF,1101000,00000000,0,5,36,fs:3:0x3E010718BB06B16BE83E010718BB06B16BE83E010718BB06B16BE83E010718BB06B16BE8|",0x830547644287990101010400CB69D8F33369D8F333F8D815D3D20CD20100001FC90000001300160700000AFFAF4F0B1600000500243E010718BB06B16BE83E010718BB06B16BE83E010718BB06B16BE83E010718BB06B16BE8
262,2026-04-10 12:59:16.286,"11000001,5,4764428799,1,1,1,4,204,1775825955,1775825955,-12.005581,-77.0910626,2906,19,17,8,00000000,10,-75,11110010,9,OFF,1101000,00000000,0,5,36,fs:3:0x3E010718BB06B16BE83E010718BB06B16BE83E010718BB06B16BE83E010718BB06B16BE8|",0x830547644287990101010400CC69D8F42369D8F423F8D817FED20CD65E00000B5A0000001300110800000AFFB54F091600000500243E010718BB06B16BE83E010718BB06B16BE83E010718BB06B16BE83E010718BB06B16BE8
263,2026-04-10 13:03:16.324,"11000001,5,4764428799,1,1,1,4,205,1775826195,1775826195,-12.005552,-77.091266,6431,19,76,7,00000000,10,-81,11110010,11,OFF,1101000,00000000,0,5,36,fs:3:0x3E010718BB06B06B2C3E010718BB06B16BE83E010718BB06B06B2C3E010718BB06B06B2C|",0x830547644287990101010400CD69D8F51369D8F513F8D81920D20CCE6C0000191F00000013004C0700000AFFAF4F0B1600000500243E010718BB06B06B2C3E010718BB06B16BE83E010718BB06B06B2C3E010718BB06B06B2C
264,2026-04-10 13:07:16.372,"11000001,5,4764428799,1,1,1,4,206,1775826435,1775826435,-12.0056883,-77.0910556,10840,11,247,8,00000000,10,-81,11110010,10,OFF,1101000,00000000,0,5,36,fs:3:0x3E010718BB06B06B2C3E010718BB06B16BE83E010718BB06B16BE83E010718BB06B06B2C|",0x830547644287990101010400CE69D8F60369D8F603F8D813CDD20CD6A400002A580000000B00F70800000AFFAF4F0A1600000500243E010718BB06B06B2C3E010718BB06B16BE83E010718BB06B16BE83E010718BB06B06B2C
265,2026-04-10 13:11:16.330,"11000001,5,4764428799,1,1,1,4,207,1775826675,1775826675,-12.0056906,-77.0910921,8126,5,77,9,00000000,10,-79,11110010,9,OFF,1101000,00000000,0,5,36,fs:3:0x3E010718BB06B06B2C3E010718BB06B16BE83E010718BB06B06B2C3E010718BB06B06B2C|",0x830547644287990101010400CF69D8F6F369D8F6F3F8D813B6D20CD53700001FBE00000005004D0900000AFFB14F091600000500243E010718BB06B06B2C3E010718BB06B16BE83E010718BB06B06B2C3E010718BB06B06B2C
266,2026-04-10 13:15:16.345,"11000001,5,4764428799,1,1,1,4,208,1775826915,1775826915,-12.0055745,-77.0911195,6578,38,164,7,00000000,10,-81,11110010,11,OFF,1101000,00000000,0,5,36,fs:3:0x3E010718BB06B06B2C3E010718BB06B06B2C3E010718BB06B06B2C3E010718BB06B06B2C|",0x830547644287990101010400D069D8F7E369D8F7E3F8D8183FD20CD425000019B20000002600A40700000AFFAF4F0B1600000500243E010718BB06B06B2C3E010718BB06B06B2C3E010718BB06B06B2C3E010718BB06B06B2C
267,2026-04-10 13:19:16.453,"11000001,5,4764428799,1,1,1,4,209,1775827155,1775827155,-12.0056461,-77.0910151,10215,22,164,9,00000000,10,-75,11110010,9,OFF,1101000,00000000,0,5,36,fs:3:0x3E010718BB06B06B2C3E010718BB06B06B2C3E010718BB06B06B2C3E010718BB06B06B2C|",0x830547644287990101010400D169D8F8D369D8F8D3F8D81573D20CD839000027E70000001600A40900000AFFB54F091600000500243E010718BB06B06B2C3E010718BB06B06B2C3E010718BB06B06B2C3E010718BB06B06B2C
268,2026-04-10 13:23:16.487,"11000001,5,4764428799,1,1,1,4,210,1775827395,1775827395,-12.00569,-77.0911176,10074,13,262,9,00000000,10,-75,11110010,9,OFF,1101000,00000000,0,5,36,fs:3:0x3E010718BB06B06B2C3E010718BB06B06B2C3E010718BB06B06B2C3E010718BB06B06B2C|",0x830547644287990101010400D269D8F9C369D8F9C3F8D813BCD20CD4380000275A0000000D01060900000AFFB54F091600000500243E010718BB06B06B2C3E010718BB06B06B2C3E010718BB06B06B2C3E010718BB06B06B2C
269,2026-04-10 13:27:16.806,"11000001,5,4764428799,1,1,1,4,211,1775827635,1775827635,-12.005639,-77.0910825,7204,25,63,8,00000000,10,-79,11110010,9,OFF,1101000,00000000,0,5,36,fs:3:0x3E010718BB06B06B2C3E010718BB06B06B2C3E010718BB06B06B2C3E010718BB06B06B2C|",0x830547644287990101010400D369D8FAB369D8FAB3F8D815BAD20CD59700001C2400000019003F0800000AFFB14F091600000500243E010718BB06B06B2C3E010718BB06B06B2C3E010718BB06B06B2C3E010718BB06B06B2C
270,2026-04-10 13:31:16.500,"11000001,5,4764428799,1,1,1,4,212,1775827875,1775827875,-12.005654,-77.0911728,3971,11,28,7,00000000,10,-79,11110010,11,OFF,1101000,00000000,0,5,36,fs:3:0x3E010718BB06B06B2C3E010718BB06B06B2C3E010718BB06B06B2C3E010718BB06B06B2C|",0x830547644287990101010400D469D8FBA369D8FBA3F8D81524D20CD21000000F830000000B001C0700000AFFB14F0B1600000500243E010718BB06B06B2C3E010718BB06B06B2C3E010718BB06B06B2C3E010718BB06B06B2C
271,2026-04-10 13:35:16.470,"11000001,5,4764428799,1,1,1,4,213,1775828115,1775828115,-12.0056201,-77.0911196,5498,13,18,9,00000000,10,-75,11110010,9,OFF,1101000,00000000,0,5,36,fs:3:0x3E010718BA06AF6B573E010718BB06B06B2C3E010718BB06B06B2C3E010718BB06B06B2C|",0x830547644287990101010400D569D8FC9369D8FC93F8D81677D20CD4240000157A0000000D00120900000AFFB54F091600000500243E010718BA06AF6B573E010718BB06B06B2C3E010718BB06B06B2C3E010718BB06B06B2C
272,2026-04-10 13:39:16.508,"11000001,5,4764428799,1,1,1,4,214,1775828355,1775828355,-12.0057266,-77.0910111,8369,33,49,8,00000000,10,-79,11110010,9,OFF,1101000,00000000,0,5,36,fs:3:0x3E010718BB06B06B2C3E010718BB06B06B2C3E010718BB06B06B2C3E010718BB06B06B2C|",0x830547644287990101010400D669D8FD8369D8FD83F8D8124ED20CD861000020B10000002100310800000AFFB14F091600000500243E010718BB06B06B2C3E010718BB06B06B2C3E010718BB06B06B2C3E010718BB06B06B2C
273,2026-04-10 13:43:16.543,"11000001,5,4764428799,1,1,1,4,215,1775828595,1775828595,-12.0056076,-77.091065,8552,19,339,8,00000000,10,-75,11110010,9,OFF,1101000,00000000,0,5,36,fs:3:0x3E010718BB06B06B2C3E010718BB06B06B2C3E010718BB06B06B2C3E010718BB06B06B2C|",0x830547644287990101010400D769D8FE7369D8FE73F8D816F4D20CD646000021680000001301530800000AFFB54F091600000500243E010718BB06B06B2C3E010718BB06B06B2C3E010718BB06B06B2C3E010718BB06B06B2C
274,2026-04-10 13:47:16.581,"11000001,5,4764428799,1,1,1,4,216,1775828835,1775828835,-12.0056951,-77.0910885,3072,25,42,5,00000000,10,-75,11110010,12,OFF,1101000,00000000,0,5,36,fs:3:0x3E010718BB06B06B2C3E010718BA06AF6B573E010718BB06B06B2C3E010718BA06AF6B57|",0x830547644287990101010400D869D8FF6369D8FF63F8D81389D20CD55B00000C0000000019002A0500000AFFB54F0C1600000500243E010718BB06B06B2C3E010718BA06AF6B573E010718BB06B06B2C3E010718BA06AF6B57
275,2026-04-10 13:51:16.607,"11000001,5,4764428799,1,1,1,4,217,1775829075,1775829075,-12.0056808,-77.0911248,10607,19,233,8,00000000,10,-75,11110010,9,OFF,1101000,00000000,0,5,36,fs:3:0x3E010718BA06AF6B573E010718BA06AF6B573E010718BA06AF6B573E010718BA06AF6B57|",0x830547644287990101010400D969D9005369D90053F8D81418D20CD3F00000296F0000001300E90800000AFFB54F091600000500243E010718BA06AF6B573E010718BA06AF6B573E010718BA06AF6B573E010718BA06AF6B57
276,2026-04-10 13:55:16.603,"11000001,5,4764428799,1,1,1,4,218,1775829315,1775829315,-12.0056478,-77.091013,10063,13,39,8,00000000,10,-75,11110010,10,OFF,1101000,00000000,0,5,36,fs:3:0x3E010718BA06AF6B573E010718BA06AF6B573E010718BA06AF6B573E010718BA06AF6B57|",0x830547644287990101010400DA69D9014369D90143F8D81562D20CD84E0000274F0000000D00270800000AFFB54F0A1600000500243E010718BA06AF6B573E010718BA06AF6B573E010718BA06AF6B573E010718BA06AF6B57
277,2026-04-10 13:59:16.799,"11000001,5,4764428799,1,1,1,4,219,1775829555,1775829555,-12.0056605,-77.0911145,6820,36,249,5,00000000,10,-75,11110010,12,OFF,1101000,00000000,0,5,36,fs:3:0x3E010718BA06AF6B573E010718BA06AF6B573E010718BA06AF6B573E010718BA06AF6B57|",0x830547644287990101010400DB69D9023369D90233F8D814E3D20CD45700001AA40000002400F90500000AFFB54F0C1600000500243E010718BA06AF6B573E010718BA06AF6B573E010718BA06AF6B573E010718BA06AF6B57
278,2026-04-10 14:03:16.693,"11000001,5,4764428799,1,1,1,4,220,1775829795,1775829795,-12.0056208,-77.0912068,3670,36,285,7,00000000,10,-75,11110010,12,OFF,1101000,00000000,0,5,36,fs:3:0x3E010718BA06AF6B573E010718BA06AF6B573E010718BA06AE6B933E010718BA06AF6B57|",0x830547644287990101010400DC69D9032369D90323F8D81670D20CD0BC00000E5600000024011D0700000AFFB54F0C1600000500243E010718BA06AF6B573E010718BA06AF6B573E010718BA06AE6B933E010718BA06AF6B57
282,2026-04-10 16:43:42.206,"11000001,5,4764428799,1,1,1,4,2,1775839420,0,0,0,0,0,0,0,00110000,10,-81,11110010,0,OFF,1101000,00010000,0,5,36,fs:3:0x3E01071AB9069C6B243E01071AB9069B6B4A3E01071AB9069C6B243E01071AB9069B6B4A|",0x8305476442879901010104000269D928BC00000000000000000000000000000000000000000000000C000AFFAF4F001608000500243E01071AB9069C6B243E01071AB9069B6B4A3E01071AB9069C6B243E01071AB9069B6B4A
283,2026-04-10 16:47:42.247,"11000001,5,4764428799,1,1,1,4,3,1775839660,0,0,0,0,0,0,0,00110000,10,-75,11110010,0,OFF,1101000,00010000,0,5,36,fs:3:0x3E01071BB9069C6BE93E01071BB9069C6BE93E01071BB9069B6B873E01071BB9069B6B87|",0x8305476442879901010104000369D929AC00000000000000000000000000000000000000000000000C000AFFB54F001608000500243E01071BB9069C6BE93E01071BB9069C6BE93E01071BB9069B6B873E01071BB9069B6B87
285,2026-04-10 16:51:42.213,"11000001,5,4764428799,1,1,1,4,5,1775839901,0,0,0,0,0,0,0,00110000,10,-77,11110010,0,OFF,1101000,00010000,0,5,36,fs:3:0x3E01071BB9069C6BE93E01071BB9069B6B873E01071BB9069A6B433E01071BB9069A6B43|",0x8305476442879901010104000569D92A9D00000000000000000000000000000000000000000000000C000AFFB34F001608000500243E01071BB9069C6BE93E01071BB9069B6B873E01071BB9069A6B433E01071BB9069A6B43
286,2026-04-10 16:55:42.219,"11000001,5,4764428799,1,1,1,4,6,1775840141,0,0,0,0,0,0,0,00110000,10,-77,11110010,0,OFF,1101000,00010000,0,5,36,fs:3:0x3E01071BB906996B163E01071BB906996B163E01071BB906996B163E01071BB906996B16|",0x8305476442879901010104000669D92B8D00000000000000000000000000000000000000000000000C000AFFB34F001608000500243E01071BB906996B163E01071BB906996B163E01071BB906996B163E01071BB906996B16
287,2026-04-10 16:59:42.294,"11000001,5,4764428799,1,1,1,4,7,1775840381,0,0,0,0,0,0,0,00110000,10,-79,11110010,0,OFF,1101000,00010000,0,5,36,fs:3:0x3E01071BB906996B163E01071BB906986BD23E01071BB906986BD23E01071BB906986BD2|",0x8305476442879901010104000769D92C7D00000000000000000000000000000000000000000000000C000AFFB14F001608000500243E01071BB906996B163E01071BB906986BD23E01071BB906986BD23E01071BB906986BD2
288,2026-04-10 17:03:42.233,"11000001,5,4764428799,1,1,1,4,8,1775840621,0,0,0,0,0,0,0,00110000,10,-79,11110010,0,OFF,1101000,00010000,0,5,36,fs:3:0x3E01071BB906976BCA3E01071BB906976BCA3E01071BB906976BCA3E01071BB906976BCA|",0x8305476442879901010104000869D92D6D00000000000000000000000000000000000000000000000C000AFFB14F001608000500243E01071BB906976BCA3E01071BB906976BCA3E01071BB906976BCA3E01071BB906976BCA
289,2026-04-10 17:07:42.261,"11000001,5,4764428799,1,1,1,4,9,1775840861,1775840861,-12.0058223,-77.0909711,7932,44,100,4,00000000,10,-79,11110010,16,OFF,1101000,00000000,0,5,36,fs:3:0x3E01071BB906906BA43E01071BB906916B603E01071BB906926B353E01071BB906926B35|",0x8305476442879901010104000969D92E5D69D92E5DF8D80E91D20CD9F100001EFC0000002C00640400000AFFB14F101600000500243E01071BB906906BA43E01071BB906916B603E01071BB906926B353E01071BB906926B35
290,2026-04-10 17:11:42.296,"11000001,5,4764428799,1,1,1,4,10,1775841101,1775841101,-12.0055905,-77.091174,8768,22,259,6,00000000,10,-79,11110010,13,OFF,1101000,00000000,0,5,36,fs:3:0x3E01071BB906926B353E01071BB906926B353E01071BB906926B353E01071BB906926B35|",0x8305476442879901010104000A69D92F4D69D92F4DF8D8179FD20CD204000022400000001601030600000AFFB14F0D1600000500243E01071BB906926B353E01071BB906926B353E01071BB906926B353E01071BB906926B35
291,2026-04-10 17:15:42.431,"11000001,5,4764428799,1,1,1,4,11,1775841341,1775841341,-12.0057491,-77.0912485,10081,47,190,7,00000000,10,-75,11110010,11,OFF,1101000,00000000,0,5,36,fs:3:0x3E01071BB906926B353E01071BB906916B603E01071BB906916B603E01071BB906916B60|",0x8305476442879901010104000B69D9303D69D9303DF8D8116DD20CCF1B000027610000002F00BE0700000AFFB54F0B1600000500243E01071BB906926B353E01071BB906916B603E01071BB906916B603E01071BB906916B60
298,2026-04-10 22:14:55.498,"11000001,5,4764428799,1,1,1,4,2,1775859321,0,0,0,0,0,0,0,00110000,10,-73,11110010,0,OFF,1101000,00010000,0,5,36,fs:3:0x3E01071CB706766B3F3E01071CB706776BFB3E01071CB706776BFB3E01071CB706766B3F|",0x8305476442879901010104000269D9767900000000000000000000000000000000000000000000000C000AFFB74F001608000500243E01071CB706766B3F3E01071CB706776BFB3E01071CB706776BFB3E01071CB706766B3F
299,2026-04-10 22:18:55.258,"11000001,5,4764428799,1,1,1,4,3,1775859561,0,0,0,0,0,0,0,00110000,10,-77,11110010,0,OFF,1101000,00010000,0,5,36,fs:3:0x3E01071CB706766B3F3E01071CB706776BFB3E01071CB706766B3F3E01071CB706766B3F|",0x8305476442879901010104000369D9776900000000000000000000000000000000000000000000000C000AFFB34F001608000500243E01071CB706766B3F3E01071CB706776BFB3E01071CB706766B3F3E01071CB706766B3F
312,2026-04-11 21:01:54.858,"11000001,5,4764428799,1,1,1,4,4,1775941304,1775941304,-12.0054725,-77.0908376,18888,11,74,4,00000000,10,-73,11110010,54,ON,1101000,00000000,0,5,36,fs:3:0x3E01071DB6066D6BB23E01071DB6066E6BE73E01071DB6066F6B233E01071DB6066E6BE7|",0x8305476442879901010104000469DAB6B869DAB6B8F8D81C3BD20CDF28000049C80000000B004A0400000AFFB74F361700000500243E01071DB6066D6BB23E01071DB6066E6BE73E01071DB6066F6B233E01071DB6066E6BE7
314,2026-04-11 21:05:54.655,"11000001,5,4764428799,1,1,1,4,6,1775941544,1775941544,-12.0055828,-77.0911305,6695,2,52,5,00000000,10,-73,11110010,14,ON,1101000,00000000,0,5,36,fs:3:0x3E01071DB6066F6B233E01071DB6066E6BE73E01071DB6066E6BE73E01071DB6066E6BE7|",0x8305476442879901010104000669DAB7A869DAB7A8F8D817ECD20CD3B700001A270000000200340500000AFFB74F0E1700000500243E01071DB6066F6B233E01071DB6066E6BE73E01071DB6066E6BE73E01071DB6066E6BE7
315,2026-04-11 21:09:54.734,"11000001,5,4764428799,1,1,1,4,7,1775941794,1775941794,-12.0055268,-77.0910786,6899,27,241,6,00000000,10,-73,11110010,12,ON,1101000,00000000,0,5,36,fs:3:0x3E01071DB6066E6BE73E01071DB6066E6BE73E01071DB6066E6BE73E01071DB6066E6BE7|",0x8305476442879901010104000769DAB8A269DAB8A2F8D81A1CD20CD5BE00001AF30000001B00F10600000AFFB74F0C1700000500243E01071DB6066E6BE73E01071DB6066E6BE73E01071DB6066E6BE73E01071DB6066E6BE7
316,2026-04-11 21:13:54.659,"11000001,5,4764428799,1,1,1,4,8,1775942034,1775942034,-12.0055255,-77.0911225,8016,13,56,8,00000000,10,-75,11110010,9,ON,1101000,00000000,0,5,36,fs:3:0x3E01071DB6066F6B233E01071DB6066E6BE73E01071DB6066E6BE73E01071DB6066E6BE7|",0x8305476442879901010104000869DAB99269DAB992F8D81A29D20CD40700001F500000000D00380800000AFFB54F091700000500243E01071DB6066F6B233E01071DB6066E6BE73E01071DB6066E6BE73E01071DB6066E6BE7
318,2026-04-11 21:17:54.849,"11000001,5,4764428799,1,1,1,4,10,1775942274,1775942274,-12.0056213,-77.091126,6149,13,245,8,00000000,10,-73,11110010,10,OFF,1101000,00000000,0,5,36,fs:3:0x3E01071DB6066E6BE73E01071DB706726BC93E01071DB706726BC93E01071DB706726BC9|",0x8305476442879901010104000A69DABA8269DABA82F8D8166BD20CD3E4000018050000000D00F50800000AFFB74F0A1600000500243E01071DB6066E6BE73E01071DB706726BC93E01071DB706726BC93E01071DB706726BC9
319,2026-04-11 21:21:54.762,"11000001,5,4764428799,1,1,1,4,11,1775942514,1775942514,-12.005596,-77.0911251,7439,11,214,10,00000000,10,-75,11110010,9,OFF,1101000,00000000,0,5,36,fs:3:0x3E01071DB706726BC93E01071DB706726BC93E01071CB706726B043E01071CB706726B04|",0x8305476442879901010104000B69DABB7269DABB72F8D81768D20CD3ED00001D0F0000000B00D60A00000AFFB54F091600000500243E01071DB706726BC93E01071DB706726BC93E01071CB706726B043E01071CB706726B04
321,2026-04-11 21:25:54.779,"11000001,5,4764428799,1,1,1,4,13,1775942754,1775942754,-12.0056826,-77.091023,7113,27,271,9,00000000,10,-75,11110010,10,OFF,1101000,00000000,0,5,36,fs:3:0x3E01071CB706726B043E01071CB706726B043E01071CB706726B043E01071CB706726B04|",0x8305476442879901010104000D69DABC6269DABC62F8D81406D20CD7EA00001BC90000001B010F0900000AFFB54F0A1600000500243E01071CB706726B043E01071CB706726B043E01071CB706726B043E01071CB706726B04
322,2026-04-11 21:29:54.764,"11000001,5,4764428799,1,1,1,4,14,1775942994,1775942994,-12.0055718,-77.091111,8523,22,116,9,00000000,10,-79,11110010,9,OFF,1101000,00000000,0,5,36,fs:3:0x3E01071CB706726B043E01071CB706726B043E01071CB706726B043E01071CB706716B51|",0x8305476442879901010104000E69DABD5269DABD52F8D8185AD20CD47A0000214B0000001600740900000AFFB14F091600000500243E01071CB706726B043E01071CB706726B043E01071CB706726B043E01071CB706716B51
323,2026-04-11 21:33:55.121,"11000001,5,4764428799,1,1,1,4,15,1775943234,1775943234,-12.0055313,-77.0910563,6766,38,229,8,00000000,10,-73,11110010,10,OFF,1101000,00000000,0,5,36,fs:3:0x3E01071CB706726B043E01071CB706726B043E01071CB706726B043E01071CB706726B04|",0x8305476442879901010104000F69DABE4269DABE42F8D819EFD20CD69D00001A6E0000002600E50800000AFFB74F0A1600000500243E01071CB706726B043E01071CB706726B043E01071CB706726B043E01071CB706726B04
324,2026-04-11 21:37:54.831,"11000001,5,4764428799,1,1,1,4,16,1775943474,1775943474,-12.005564,-77.0910953,7202,11,321,5,00000000,10,-77,11110010,15,OFF,1101000,00000000,0,5,36,fs:3:0x3E01071CB706726B043E01071CB706726B043E01071CB706726B043E01071CB706726B04|",0x8305476442879901010104001069DABF3269DABF32F8D818A8D20CD51700001C220000000B01410500000AFFB34F0F1600000500243E01071CB706726B043E01071CB706726B043E01071CB706726B043E01071CB706726B04
327,2026-04-11 21:41:54.898,"11000001,5,4764428799,1,1,1,4,19,1775943714,1775943714,-12.0057055,-77.0911188,6787,38,275,10,00000000,10,-75,11110010,8,OFF,1101000,00000000,0,5,36,fs:3:0x3E01071CB706726B043E01071CB706726B043E01071CB706726B043E01071CB706726B04|",0x8305476442879901010104001369DAC02269DAC022F8D81321D20CD42C00001A830000002601130A00000AFFB54F081600000500243E01071CB706726B043E01071CB706726B043E01071CB706726B043E01071CB706726B04
328,2026-04-11 21:45:54.827,"11000001,5,4764428799,1,1,1,4,20,1775943954,1775943954,-12.0056235,-77.0910665,7120,0,248,10,00000000,10,-73,11110010,8,OFF,1101000,00000000,0,5,36,fs:3:0x3E01071CB706726B043E01071CB706726B043E01071CB6066D6B7F3E01071CB6066E6B2A|",0x8305476442879901010104001469DAC11269DAC112F8D81655D20CD63700001BD00000000000F80A00000AFFB74F081600000500243E01071CB706726B043E01071CB706726B043E01071CB6066D6B7F3E01071CB6066E6B2A
335,2026-04-11 23:18:43.468,"11000001,5,4764428799,1,1,1,4,4,1775948038,0,0,0,0,0,0,0,00110100,0,-113,00000000,0,OFF,1101000,00010000,0,5,36,fs:3:0x3E01071BB706716B003E01071BB706716B003E01071BB706786BB2000000000000000000|",0x8305476442879901010104000469DAD10600000000000000000000000000000000000000000000002C0000FF8F00001608000500243E01071BB706716B003E01071BB706716B003E01071BB706786BB2000000000000000000
341,2026-04-11 23:21:41.828,"11000001,5,4764428799,1,1,1,4,4,1775949733,0,0,0,0,0,0,0,00110000,10,-77,11110010,0,ON,1101000,00010000,0,5,36,fs:3:0x00003E01071AB706766BA33E01071AB6066F6B723E01071AB606686B1C3E01071AB60661|",0x8305476442879901010104000469DAD7A500000000000000000000000000000000000000000000000C000AFFB34F0017080005002400003E01071AB706766BA33E01071AB6066F6B723E01071AB606686B1C3E01071AB60661
343,2026-04-11 23:25:41.824,"11000001,5,4764428799,1,1,1,4,6,1775949976,0,0,0,0,0,0,0,00110000,10,-75,11110010,0,ON,1101000,00010000,0,5,36,fs:3:0x6BAE3E01071AB606626BFB3E01071AB506526B5E3E01071AB506526B5E3E01071AB50651|",0x8305476442879901010104000669DAD89800000000000000000000000000000000000000000000000C000AFFB54F001708000500246BAE3E01071AB606626BFB3E01071AB506526B5E3E01071AB506526B5E3E01071AB50651
344,2026-04-11 23:29:41.790,"11000001,5,4764428799,1,1,1,4,7,1775950216,0,0,0,0,0,0,0,00110000,10,-75,11110010,0,ON,1101000,00010000,0,5,36,fs:3:0x6B0B3E01071AB506506BCF3E01071AB506506BCF3E01071BB506506B023E01071BB50650|",0x8305476442879901010104000769DAD98800000000000000000000000000000000000000000000000C000AFFB54F001708000500246B0B3E01071AB506506BCF3E01071AB506506BCF3E01071BB506506B023E01071BB50650
347,2026-04-11 23:35:39.939,"11000001,5,4764428799,1,1,1,4,10,1775950540,0,0,0,0,0,0,0,00110000,10,-73,11110010,0,ON,1101000,00010000,0,5,36,fs:3:0x6B023E01071BB506506B023E01071BB4064F6B79000000003E01071BB506576B6C3E0107|",0x8305476442879901010104000A69DADACC00000000000000000000000000000000000000000000000C000AFFB74F001708000500246B023E01071BB506506B023E01071BB4064F6B79000000003E01071BB506576B6C3E0107
350,2026-04-11 23:39:39.913,"11000001,5,4764428799,1,1,1,4,13,1775950780,0,0,0,0,0,0,0,00110000,10,-75,11110010,0,ON,1101000,00010000,0,5,36,fs:3:0x1BB506526B933E01071BB4064B6B423E01071BB406446B5A3E01071BB3063E6B8D3E0107|",0x8305476442879901010104000D69DADBBC00000000000000000000000000000000000000000000000C000AFFB54F001708000500241BB506526B933E01071BB4064B6B423E01071BB406446B5A3E01071BB3063E6B8D3E0107
351,2026-04-11 23:43:39.997,"11000001,5,4764428799,1,1,1,4,14,1775951020,0,0,0,0,0,0,0,00110000,10,-75,11110010,0,ON,1101000,00010000,0,5,36,fs:3:0x1BB306366BFB3E01071BB2062D6BBB3E01071BB206236B673E01071BB106176BF93E0107|",0x8305476442879901010104000E69DADCAC00000000000000000000000000000000000000000000000C000AFFB54F001708000500241BB306366BFB3E01071BB2062D6BBB3E01071BB206236B673E01071BB106176BF93E0107
352,2026-04-11 23:47:39.962,"11000001,5,4764428799,1,1,1,4,15,1775951260,0,0,0,0,0,0,0,00110000,10,-75,11110010,0,ON,1101000,00010000,0,5,36,fs:3:0x1BB006086B823E01071BB006056B0B3E01071BB006046BCF3E01071BB006036BA13E0107|",0x8305476442879901010104000F69DADD9C00000000000000000000000000000000000000000000000C000AFFB54F001708000500241BB006086B823E01071BB006056B0B3E01071BB006046BCF3E01071BB006036BA13E0107
353,2026-04-11 23:51:13.990,"11000001,5,4764428799,1,1,1,4,16,1775951500,0,0,0,0,0,0,0,00110000,10,-75,11110010,0,ON,1101000,00010000,0,5,36,fs:3:0x1BB006026B653E01071BB006026B653E01071BB006016B303E01071BB006016B303E0107|",0x8305476442879901010104001069DADE8C00000000000000000000000000000000000000000000000C000AFFB54F001708000500241BB006026B653E01071BB006026B653E01071BB006016B303E01071BB006016B303E0107
354,2026-04-11 23:55:12.439,"11000001,5,4764428799,1,1,1,4,17,1775951740,0,0,0,0,0,0,0,00110000,10,-77,11110010,0,ON,1101000,00010000,0,5,36,fs:3:0x1BB006016B303E01071BB006016B303E01071BB006016B303E01071BB006016B303E0107|",0x8305476442879901010104001169DADF7C00000000000000000000000000000000000000000000000C000AFFB34F001708000500241BB006016B303E01071BB006016B303E01071BB006016B303E01071BB006016B303E0107
355,2026-04-11 23:59:49.603,"11000001,5,4764428799,1,1,1,4,18,1775951990,1775951989,-12.0057951,-77.0918851,7659,0,70,5,00000000,10,-81,11110010,25,ON,1101000,00000000,0,5,36,fs:3:0x1BB006016B30003E01071BB306316B953E01071B99069669C23E01071BA506576A0A3E01|",0x8305476442879901010104001269DAE07669DAE075F8D80FA1D20CB63D00001DEB0000000000460500000AFFAF4F191700000500241BB006016B30003E01071BB306316B953E01071B99069669C23E01071BA506576A0A3E01
356,2026-04-12 00:03:49.677,"11000001,5,4764428799,1,1,1,4,19,1775952230,1775952230,-12.0058378,-77.0918403,7990,2,107,6,01000000,10,-81,11110010,19,ON,1101000,00000000,0,5,36,fs:3:0x071BAD06DE6A8B3E01071BAC06CC6A793E01071BAD06D26AC63E01071BAC06C46A0F3E01|",0x8305476442879901010104001369DAE16669DAE166F8D80DF6D20CB7FD00001F3600000002006B0602000AFFAF4F13170000050024071BAD06DE6A8B3E01071BAC06CC6A793E01071BAD06D26AC63E01071BAC06C46A0F3E01
357,2026-04-12 00:07:49.662,"11000001,5,4764428799,1,1,1,4,20,1775952470,1775952470,-12.0057578,-77.0916853,7450,5,67,8,01000000,10,-75,11110010,9,ON,1101000,00000000,0,5,36,fs:3:0x071BAB06BC6A493E01071BA406456AF83E01071BAB06B76A6A3E01071BA3063F6A2F3E01|",0x8305476442879901010104001469DAE25669DAE256F8D81116D20CBE0B00001D1A0000000500430802000AFFB54F09170000050024071BAB06BC6A493E01071BA406456AF83E01071BAB06B76A6A3E01071BA3063F6A2F3E01
358,2026-04-12 00:11:49.653,"11000001,5,4764428799,1,1,1,4,21,1775952710,1775952710,-12.0056888,-77.0917166,8093,2,136,7,01000000,10,-83,11110010,15,ON,1101000,00000000,0,5,36,fs:3:0x071BA806806AA13E01071BA0060F6A8A3E01071BAB06B06A043E01071BA706706AA23E01|",0x8305476442879901010104001569DAE34669DAE346F8D813C8D20CBCD200001F9D0000000200880702000AFFAD4F0F170000050024071BA806806AA13E01071BA0060F6A8A3E01071BAB06B06A043E01071BA706706AA23E01
359,2026-04-12 00:15:49.648,"11000001,5,4764428799,1,1,1,4,22,1775952950,1775952950,-12.0056553,-77.0917066,6885,2,136,9,01000000,10,-83,11110010,13,ON,1101000,00000000,0,5,36,fs:3:0x071B8C06C668523E01071B9F06F8694D3E01071B8B06BD68413E01071BA306366A9D3E01|",0x8305476442879901010104001669DAE43669DAE436F8D81517D20CBD3600001AE50000000200880902000AFFAD4F0D170000050024071B8C06C668523E01071B9F06F8694D3E01071B8B06BD68413E01071BA306366A9D3E01
360,2026-04-12 00:20:44.152,"11000001,5,4764428799,1,1,1,4,23,1775953243,1775953243,-12.005655,-77.0917125,7487,33,218,8,01000000,10,-73,11110010,10,ON,1101000,00000000,0,5,36,fs:3:0x071BA306386A413E01071CA3063C6A2B3E01071CA306336A333E01071CA2062A6AE2003E|",0x8305476442879901010104001769DAE55B69DAE55BF8D8151AD20CBCFB00001D3F0000002100DA0802000AFFB74F0A170000050024071BA306386A413E01071CA3063C6A2B3E01071CA306336A333E01071CA2062A6AE2003E
361,2026-04-12 00:24:44.080,"11000001,5,4764428799,1,1,1,4,24,1775953483,1775953483,-12.0057316,-77.0917218,8913,33,79,10,01000000,10,-75,11110010,8,ON,1101000,00000000,0,5,36,fs:3:0x01071C9D06DB698F3E01071C9C06C869B93E01071C9F06F0696A3E01071C9F06F769043E|",0x8305476442879901010104001869DAE64B69DAE64BF8D8121CD20CBC9E000022D100000021004F0A02000AFFB54F0817000005002401071C9D06DB698F3E01071C9C06C869B93E01071C9F06F0696A3E01071C9F06F769043E
363,2026-04-12 00:29:13.710,"11000001,5,4764428799,1,1,1,4,26,1775953752,1775953752,-12.0056953,-77.0917085,7764,2,230,9,01000000,10,-71,11110010,9,OFF,1101000,00000000,0,5,36,fs:3:0x01071D9A06A669FB3E01071D9C06CC694F3E01071D9C06C369573E01071D9C06CF691A3E|",0x8305476442879901010104001A69DAE75869DAE758F8D81387D20CBD2300001E540000000200E60902000AFFB94F0916000005002401071D9A06A669FB3E01071D9C06CC694F3E01071D9C06C369573E01071D9C06CF691A3E
364,2026-04-12 00:33:13.715,"11000001,5,4764428799,1,1,1,4,27,1775953992,1775953992,-12.0057353,-77.0917378,8065,5,230,10,01000000,10,-71,11110010,9,OFF,1101000,00000000,0,5,36,fs:3:0x01071D9C06CB69213E01071D9C06CC694F3E01071D9C06CB69213E01071D9C06CB69213E|",0x8305476442879901010104001B69DAE84869DAE848F8D811F7D20CBBFE00001F810000000500E60A02000AFFB94F0916000005002401071D9C06CB69213E01071D9C06CC694F3E01071D9C06CB69213E01071D9C06CB69213E
366,2026-04-12 00:37:13.672,"11000001,5,4764428799,1,1,1,4,29,1775954232,1775954232,-12.0057101,-77.091766,8449,2,230,10,01000000,10,-71,11110010,9,OFF,1101000,00000000,0,5,36,fs:3:0x01071D9C06CC694F3E01071D9C06CC694F3E01071D9C06CD698B3E01071D9C06CF691A3E|",0x8305476442879901010104001D69DAE93869DAE938F8D812F3D20CBAE4000021010000000200E60A02000AFFB94F0916000005002401071D9C06CC694F3E01071D9C06CC694F3E01071D9C06CD698B3E01071D9C06CF691A3E
367,2026-04-12 00:41:13.749,"11000001,5,4764428799,1,1,1,4,30,1775954472,1775954472,-12.0057398,-77.0917556,9367,0,230,10,01000000,10,-71,11110010,9,OFF,1101000,00000000,0,5,36,fs:3:0x01071D9D06D069613E01071D9D06D169A53E01071D9D06D269F03E01071D9D06D369343E|",0x8305476442879901010104001E69DAEA2869DAEA28F8D811CAD20CBB4C000024970000000000E60A02000AFFB94F0916000005002401071D9D06D069613E01071D9D06D169A53E01071D9D06D269F03E01071D9D06D369343E
368,2026-04-12 00:45:13.608,"11000001,5,4764428799,1,1,1,4,31,1775954712,1775954712,-12.0056886,-77.0917636,8501,2,230,10,01000000,10,-71,11110010,9,OFF,1101000,00000000,0,5,36,fs:3:0x01071D9D06D369343E01071D9D06D4695A3E01071D9D06D4695A3E01071D9D06D669CB3E|",0x8305476442879901010104001F69DAEB1869DAEB18F8D813CAD20CBAFC000021350000000200E60A02000AFFB94F0916000005002401071D9D06D369343E01071D9D06D4695A3E01071D9D06D4695A3E01071D9D06D669CB3E
369,2026-04-12 00:49:14.169,"11000001,5,4764428799,1,1,1,4,32,1775954952,1775954952,-12.00571,-77.0917538,7904,0,230,10,01000000,10,-77,11110010,9,OFF,1101000,00000000,0,5,36,fs:3:0x01071D9D06D7690F3E01071D9D06D869173E01071D9D06D969D33E01071D9D06D969D33E|",0x8305476442879901010104002069DAEC0869DAEC08F8D812F4D20CBB5E00001EE00000000000E60A02000AFFB34F0916000005002401071D9D06D7690F3E01071D9D06D869173E01071D9D06D969D33E01071D9D06D969D33E
370,2026-04-12 00:53:13.779,"11000001,5,4764428799,1,1,1,4,33,1775955193,1775955192,-12.005664,-77.0917668,6836,0,230,10,01000000,10,-71,11110010,9,OFF,1101000,00000000,0,5,36,fs:3:0x01071D9D06DA69863E01071D9D06DB69423E01071D9D06DC692C3E01071D9D06DD69E83E|",0x8305476442879901010104002169DAECF969DAECF8F8D814C0D20CBADC00001AB40000000000E60A02000AFFB94F0916000005002401071D9D06DA69863E01071D9D06DB69423E01071D9D06DC692C3E01071D9D06DD69E83E
371,2026-04-12 00:57:13.864,"11000001,5,4764428799,1,1,1,4,34,1775955433,1775955433,-12.005761,-77.0917105,9380,2,230,10,01000000,10,-71,11110010,9,OFF,1101000,00000000,0,5,36,fs:3:0x01071D9D06DD69E83E01071D9D06DE69BD3E01071D9D06DF69793E01071D9E06E069C43E|",0x8305476442879901010104002269DAEDE969DAEDE9F8D810F6D20CBD0F000024A40000000200E60A02000AFFB94F0916000005002401071D9D06DD69E83E01071D9D06DE69BD3E01071D9D06DF69793E01071D9E06E069C43E
372,2026-04-12 01:01:13.826,"11000001,5,4764428799,1,1,1,4,35,1775955673,1775955673,-12.0057538,-77.0917358,8541,0,230,10,01000000,10,-71,11110010,9,OFF,1101000,00000000,0,5,36,fs:3:0x01071D9D06DF69793E01071D9E06E069C43E01071D9E06E169003E01071C9E06E269983E|",0x8305476442879901010104002369DAEED969DAEED9F8D8113ED20CBC120000215D0000000000E60A02000AFFB94F0916000005002401071D9D06DF69793E01071D9E06E069C43E01071D9E06E169003E01071C9E06E269983E
373,2026-04-12 01:05:13.715,"11000001,5,4764428799,1,1,1,4,36,1775955913,1775955913,-12.0056721,-77.0917076,10020,0,230,9,01000000,10,-77,11110010,9,OFF,1101000,00000000,0,5,36,fs:3:0x01071C9E06E469323E01071C9E06E469323E01071C9E06E569F63E01071C9E06E669A33E|",0x8305476442879901010104002469DAEFC969DAEFC9F8D8146FD20CBD2C000027240000000000E60902000AFFB34F0916000005002401071C9E06E469323E01071C9E06E469323E01071C9E06E569F63E01071C9E06E669A33E
374,2026-04-12 01:09:13.787,"11000001,5,4764428799,1,1,1,4,37,1775956153,1775956153,-12.0056633,-77.0917073,9254,0,230,11,01000000,10,-77,11110010,8,OFF,1101000,00000000,0,5,36,fs:3:0x01071C9E06E669A33E01071C9E06E769673E01071C9E06E8697F3E01071C9E06EB692A3E|",0x8305476442879901010104002569DAF0B969DAF0B9F8D814C7D20CBD2F000024260000000000E60B02000AFFB34F0816000005002401071C9E06E669A33E01071C9E06E769673E01071C9E06E8697F3E01071C9E06EB692A3E
375,2026-04-12 01:13:13.943,"11000001,5,4764428799,1,1,1,4,38,1775956393,1775956393,-12.0057036,-77.0917301,7547,0,230,10,01000000,10,-71,11110010,8,OFF,1101000,00000000,0,5,36,fs:3:0x01071C9E06EC69443E01071C9E06EE69D53E01071B9E06EF69403E01071B9F06F0693B3E|",0x8305476442879901010104002669DAF1A969DAF1A9F8D81334D20CBC4B00001D7B0000000000E60A02000AFFB94F0816000005002401071C9E06EC69443E01071C9E06EE69D53E01071B9E06EF69403E01071B9F06F0693B3E
376,2026-04-12 01:17:13.916,"11000001,5,4764428799,1,1,1,4,39,1775956633,1775956633,-12.0056955,-77.091738,8849,0,230,10,01000000,10,-71,11110010,8,OFF,1101000,00000000,0,5,36,fs:3:0x01071B9F06F0693B3E01071B9F06F269AA3E01071B9F06F269AA3E01071B9F06F3696E3E|",0x8305476442879901010104002769DAF29969DAF299F8D81385D20CBBFC000022910000000000E60A02000AFFB94F0816000005002401071B9F06F0693B3E01071B9F06F269AA3E01071B9F06F269AA3E01071B9F06F3696E3E
379,2026-04-12 01:21:35.746,"11000001,5,4764428799,1,1,1,4,42,1775956895,1775956895,-12.0056843,-77.0917633,9530,2,248,10,01000000,10,-77,11110010,8,ON,1101000,00000000,0,5,36,fs:3:0x01071B9F06F569C4003E01071B9F06FD69B23E01071B9F06F569C43E01071B84064768A5|",0x8305476442879901010104002A69DAF39F69DAF39FF8D813F5D20CBAFF0000253A0000000200F80A02000AFFB34F0817000005002401071B9F06F569C4003E01071B9F06FD69B23E01071B9F06F569C43E01071B84064768A5
384,2026-04-12 01:25:35.825,"11000001,5,4764428799,1,1,1,4,47,1775957135,1775957135,-12.0021198,-77.091662,7305,947,28,8,00000000,10,-55,11110010,9,ON,1101100,00000000,0,5,36,fs:3:0x3E01071B96066269FA3E01071B8A06A968193E01071B96066969D93E01071C94064469C7|",0x8305476442879901010104002F69DAF48F69DAF48FF8D89F32D20CBEF400001C89000003B3001C0800000AFFC94F093700000500243E01071B96066269FA3E01071B8A06A968193E01071B96066969D93E01071C94064469C7
388,2026-04-12 01:29:36.000,"11000001,5,4764428799,1,1,1,4,51,1775957375,1775957375,-11.9963171,-77.0853106,7414,161,76,9,00000000,10,-53,11110010,9,ON,1101100,00000000,0,5,36,fs:3:0x3E01071C8D06DA682D3E01071D940644690A3E01071D60060866E23E01071D940647695F|",0x8305476442879901010104003369DAF57F69DAF57FF8D981DDD20DB70E00001CF6000000A1004C0900000AFFCB4F093700000500243E01071C8D06DA682D3E01071D940644690A3E01071D60060866E23E01071D940647695F
393,2026-04-12 01:33:39.653,"11000001,5,4764428799,1,1,1,4,56,1775957615,1775957615,-11.9891055,-77.0810938,8643,111,30,11,00000000,10,-83,11110010,8,ON,1101000,00000000,0,5,36,fs:3:0x3E01071E87067C68F13E01071E8D06D468723E01071E93063669E53E01071E6B06BF6654|",0x8305476442879901010104003869DAF66F69DAF66FF8DA9B91D20E5BC6000021C30000006F001E0B00000AFFAD4F081700000500243E01071E87067C68F13E01071E8D06D468723E01071E93063669E53E01071E6B06BF6654
394,2026-04-12 01:33:40.477,"11000001,5,4764428799,1,1,1,4,56,1775957615,1775957615,-11.9891055,-77.0810938,8643,111,30,11,00000100,10,-83,11110010,8,ON,1101000,00000000,0,5,36,fs:3:0x3E01071E87067C68F13E01071E8D06D468723E01071E93063669E53E01071E6B06BF6654|",0x8305476442879901010104003869DAF66F69DAF66FF8DA9B91D20E5BC6000021C30000006F001E0B20000AFFAD4F081700000500243E01071E87067C68F13E01071E8D06D468723E01071E93063669E53E01071E6B06BF6654
397,2026-04-12 01:37:35.899,"11000001,5,4764428799,1,1,1,4,59,1775957855,1775957855,-11.9833403,-77.0782896,8581,269,9,10,00000000,10,-55,11110010,9,ON,1101100,00000000,0,5,36,fs:3:0x3E01071E83063568D63E01071F7A06A6672E3E01071F8D06D768EA3E01072080060B6889|",0x8305476442879901010104003B69DAF75F69DAF75FF8DB7CC5D20EC950000021850000010D00090A00000AFFC94F093700000500243E01071E83063568D63E01071F7A06A6672E3E01071F8D06D768EA3E01072080060B6889
401,2026-04-12 01:41:36.010,"11000001,5,4764428799,1,1,1,4,63,1775958095,1775958095,-11.9783626,-77.076853,10124,2,22,11,01000000,10,-67,11110010,8,ON,1101000,00000000,0,5,36,fs:3:0x3E01072087067E68463E01072073063167FB3E0107207F06F767F73E01072189069A68D0|",0x8305476442879901010104003F69DAF84F69DAF84FF8DC3F36D20F016E0000278C0000000200160B02000AFFBD4F081700000500243E01072087067E68463E01072073063167FB3E0107207F06F767F73E01072189069A68D0
405,2026-04-12 01:45:35.865,"11000001,5,4764428799,1,1,1,4,67,1775958335,1775958335,-11.9657136,-77.0736936,12161,458,36,9,01000000,10,-63,11110010,9,ON,1101100,00000000,0,5,36,fs:3:0x3E01072178068867123E01072289069568863E0107227F06F167DE3E0107237F06F26746|",0x8305476442879901010104004369DAF93F69DAF93FF8DE2D50D20F7CD800002F81000001CA00240902000AFFC14F093700000500243E01072178068867123E01072289069568863E0107227F06F167DE3E0107237F06F26746
414,2026-04-12 01:49:36.397,"11000001,5,4764428799,1,1,1,4,75,1775958575,1775958575,-11.9572361,-77.0691758,10653,730,351,9,01000000,10,-69,11110010,9,ON,1101100,00000000,0,5,36,fs:3:0x3E01072378068767893E01072379069267153E01072377067D676D3E0107247106196754|",0x8305476442879901010104004B69DAFA2F69DAFA2FF8DF7877D2102D520000299D000002DA015F0902000AFFBB4F093700000500243E01072378068767893E01072379069267153E01072377067D676D3E0107247106196754
418,2026-04-12 01:53:35.854,"11000001,5,4764428799,1,1,1,4,79,1775958815,1775958815,-11.9438623,-77.0710906,14136,0,357,12,01000000,10,-79,11110010,9,ON,1101000,00000000,0,5,36,fs:3:0x3E01072478068D673F3E0107246E06E5667C3E010725770673672D3E0107257A06AA675A|",0x8305476442879901010104004F69DAFB1F69DAFB1FF8E182E1D20FE286000037380000000001650C02000AFFB14F091700000500243E01072478068D673F3E0107246E06E5667C3E010725770673672D3E0107257A06AA675A
422,2026-04-12 01:57:35.931,"11000001,5,4764428799,1,1,1,4,83,1775959055,1775959055,-11.9397466,-77.0714373,14066,652,351,12,01000000,10,-69,11110010,7,ON,1101000,00000000,0,5,36,fs:3:0x3E01072566066366283E010725680682668C3E0107266D06D266343E0107264E06EC6481|",0x8305476442879901010104005369DAFC0F69DAFC0FF8E223A6D20FD4FB000036F20000028C015F0C02000AFFBB4F071700000500243E01072566066366283E010725680682668C3E0107266D06D266343E0107264E06EC6481
427,2026-04-12 02:06:03.892,"11000001,5,4764428799,1,1,1,4,88,1775959295,1775959295,-11.9304501,-77.072359,13908,952,355,12,01000100,10,-57,11110010,7,ON,1101100,00000000,0,5,36,fs:3:0x3E01072671061367303E0107266E06E066003E0107275D06DF65DA3E0107275F06FB6527|",0x8305476442879901010104005869DAFCFF69DAFCFFF8E38ECBD20FB0FA00003654000003B801630C22000AFFC74F073700000500243E01072671061367303E0107266E06E066003E0107275D06DF65DA3E0107275F06FB6527
431,2026-04-12 02:06:05.384,"11000001,5,4764428799,1,1,1,4,92,1775959535,1775959535,-11.9137611,-77.07373,15261,1252,13,12,01000100,10,-61,11110010,7,ON,1101100,00000000,0,5,36,fs:3:0x3E0107273A06AF63A73E0107275F06F4653F3E01072765065766353E0107276106166664|",0x8305476442879901010104005C69DAFDEF69DAFDEFF8E61AB5D20F7B6C00003B9D000004E4000D0C22000AFFC34F073700000500243E0107273A06AF63A73E0107275F06F4653F3E01072765065766353E0107276106166664
434,2026-04-12 02:09:00.889,"11000001,5,4764428799,1,1,1,4,95,1775959775,1775959775,-11.9011928,-77.0676138,17219,808,358,12,01000000,10,-61,11110010,7,ON,1101000,00000000,0,5,36,fs:3:0x3E0107265C06CC65213E010726540643650A3E0107265E06E065AA3E0107255D06D16585|",0x8305476442879901010104005F69DAFEDF69DAFEDFF8E805A8D2106A56000043430000032801660C02000AFFC34F071700000500243E0107265C06CC65213E010726540643650A3E0107265E06E065AA3E0107255D06D16585
438,2026-04-12 02:13:01.339,"11000001,5,4764428799,1,1,1,4,99,1775960015,1775960015,-11.8873795,-77.0680238,20177,125,4,12,00000000,10,-65,11110010,10,ON,1101000,00000000,0,5,36,fs:3:0x3E010725530636658B3E0107255B06BA65F53E0107254A06A064173E0107254B06B964C6|",0x8305476442879901010104006369DAFFCF69DAFFCFF8EA213DD2105A5200004ED10000007D00040C00000AFFBF4F0A1700000500243E010725530636658B3E0107255B06BA65F53E0107254A06A064173E0107254B06B964C6
448,2026-04-12 03:10:05.070,"11000001,5,4764428799,1,1,1,4,5,1775963429,1775963429,-11.8789248,-77.068846,20642,1377,356,8,01000000,10,-61,11110010,10,ON,1101100,00000000,0,5,36,fs:3:0x003E01072014064161863E01072031061B635B3E01072051061365603E01072052062565|",0x8305476442879901010104000569DB0D2569DB0D25F8EB6B80D2103A34000050A20000056101640802000AFFC34F0A370000050024003E01072014064161863E01072031061B635B3E01072051061365603E01072052062565
450,2026-04-12 03:14:04.960,"11000001,5,4764428799,1,1,1,4,7,1775963669,1775963669,-11.861493,-77.0785106,22462,1675,309,11,01000000,10,-63,11110010,8,ON,1101100,00000000,0,5,36,fs:3:0x6F3E010721450653645E3E01072151061A651F3E0107214D06D264A93E01072238068563|",0x8305476442879901010104000769DB0E1569DB0E15F8EE146ED20EC0AE000057BE0000068B01350B02000AFFC14F083700000500246F3E010721450653645E3E01072151061A651F3E0107214D06D264A93E01072238068563
454,2026-04-12 03:18:05.094,"11000001,5,4764428799,1,1,1,4,11,1775963919,1775963919,-11.848873,-77.0942803,22641,450,309,11,01000000,10,-65,11110010,8,ON,1101000,00000000,0,5,36,fs:3:0x543E01072335065B63803E010723460668645B3E01072440060D64A63E01072432062663|",0x8305476442879901010104000B69DB0F0F69DB0F0FF8F00166D20C58AD00005871000001C201350B02000AFFBF4F08170000050024543E01072335065B63803E010723460668645B3E01072440060D64A63E01072432062663
457,2026-04-12 03:22:05.052,"11000001,5,4764428799,1,1,1,4,14,1775964159,1775964159,-11.838087,-77.1077181,24909,1055,309,11,01000000,10,-57,11110010,9,ON,1101100,00000000,0,5,36,fs:3:0x683E0107243B06BD631B3E01072429069162F63E01072539069B63BA3E01072535065363|",0x8305476442879901010104000E69DB0FFF69DB0FFFF8F1A6BAD20A4BC30000614D0000041F01350B02000AFFC74F09370000050024683E0107243B06BD631B3E01072429069162F63E01072539069B63BA3E01072535065363
460,2026-04-12 03:26:05.184,"11000001,5,4764428799,1,1,1,4,17,1775964399,1775964399,-11.8235906,-77.1239916,23952,1191,319,13,01000000,10,-57,11110010,7,ON,1101100,00000000,0,5,36,fs:3:0x6A3E010725340648632A3E01072541061F64993E01072631061363B13E0107262D06D962|",0x8305476442879901010104001169DB10EF69DB10EFF8F3DCFED207D01400005D90000004A7013F0D02000AFFC74F073700000500246A3E010725340648632A3E01072541061F64993E01072631061363B13E0107262D06D962
461,2026-04-12 03:26:05.630,"11000001,5,4764428799,1,1,1,10,18,1775964400,-11.8234893,-77.1240808,319,42,10110000,11110000,ON,1101100,3,3,66066264,13862,0x00000000,0,0|",0x830547644287990101010A001269DB10F0F8F3E0F3D207CC98013F2A0D0F37030303F017580000362600000000
465,2026-04-12 03:30:11.774,"11000001,5,4764428799,1,1,1,4,22,1775964639,1775964639,-11.8002606,-77.1388575,13499,2155,315,11,01000000,10,-93,11110010,9,ON,1101100,00000000,0,5,36,fs:3:0x963E01072522062A628E3E0107252F06F762C23E0107242B06BC62B93E01072429069162|",0x8305476442879901010104001669DB11DF69DB11DFF8F76C52D2058B61000034BB0000086B013B0B02000AFFA34F09370000050024963E01072522062A628E3E0107252F06F762C23E0107242B06BC62B93E01072429069162
506,2026-04-12 04:05:56.665,"11000001,5,4764428799,1,1,1,10,62,1775966777,-11.6211651,-77.219789,303,62,10110000,11110000,ON,1101100,3,3,66093431,13801,0x00000000,0,0|",0x830547644287990101010A003E69DB1A39F912C03DD1F931FE012F3E0D0F37030303F08177000035E900000000
511,2026-04-12 04:11:14.346,"11000001,5,4764428799,1,1,1,10,66,1775967102,-11.6027031,-77.2027886,69,45,00110000,11110000,ON,1101000,3,3,66097982,14014,0x00000000,0,0|",0x830547644287990101010A004269DB1B7EF9159169D1FBCA1200452D0C0F17030303F0933E000036BE00000000
549,2026-04-12 04:51:09.913,"11000001,5,4764428799,1,1,1,10,103,1775969496,-11.4906486,-77.1800708,163,6,00110001,00110000,ON,1101100,9,3,66114366,13923,0x00000000,0,0|",0x830547644287990101010A006769DB24D8F926AA8AD1FF417C00A3068C0C37090303F0D33E0000366300000000
561,2026-04-12 05:15:39.468,"11000001,5,4764428799,1,1,1,10,3,1775970973,-11.5000246,-77.1780935,62,0,00110000,11110000,ON,1101000,4,3,66115605,13953,0x00000000,0,0|",0x830547644287990101010A000369DB2A9DF9253C4AD1FF8EB9003E000C0F17040303F0D8150000368100000000
859,2026-04-13 14:07:46.594,"11000001,5,4764428799,1,1,1,10,19,1776089265,-12.031245,-76.9861058,250,0,10110000,11110000,ON,1101000,4,3,66226562,13832,0x00000000,0,0|",0x830547644287990101010A001369DCF8B1F8D42D7ED21CDA3E00FA000D0F17040303F289820000360800000000
870,2026-04-13 14:19:11.486,"11000001,5,4764428799,1,1,1,10,29,1776089951,-12.0601911,-76.9727286,160,0,11010000,11110000,ON,1101000,9,3,66231358,13376,0x00000000,0,0|",0x830547644287990101010A001D69DCFB5FF8CFC2C9D21EE4CA00A0000B0F17090303F29C3E0000344000000000
871,2026-04-13 14:22:11.466,"11000001,5,4764428799,1,1,1,10,30,1776090131,-12.0602301,-76.9727601,160,0,11010000,11110000,ON,1101000,4,3,66231358,13680,0x00000000,0,0|",0x830547644287990101010A001E69DCFC13F8CFC143D21EE38F00A0000B0F17040303F29C3E0000357000000000
889,2026-04-13 14:51:46.449,"11000001,5,4764428799,1,1,1,10,48,1776091906,-12.2019331,-76.9741748,190,62,11010000,11110000,ON,1101100,3,3,66247669,13710,0x00000000,0,0|",0x830547644287990101010A003069DD0302F8BA21FDD21EAC4C00BE3E0B0F37030303F2DBF50000358E00000000
910,2026-04-13 15:17:08.715,"11000001,5,4764428799,1,1,1,10,69,1776093428,-12.3626396,-76.7937045,134,62,01110000,11110000,ON,1101100,34,3,66275536,13832,0x00000000,0,0|",0x830547644287990101010A004569DD08F4F8A19C64D23A35EB00863E0E0F37220303F348D00000360800000000
914,2026-04-13 15:23:19.817,"11000001,5,4764428799,1,1,1,10,73,1776093800,-12.4127625,-76.7559106,167,45,01110000,11110000,ON,1101100,3,3,66282756,13710,0x00000000,0,0|",0x830547644287990101010A004969DD0A68F899F677D23FFA3E00A72D0E0F37030303F365040000358E00000000
932,2026-04-13 15:44:57.359,"11000001,5,4764428799,1,1,1,10,91,1776095097,-12.5796046,-76.6799665,117,62,00110000,11110000,ON,1101100,3,3,66304085,13923,0x00000000,0,0|",0x830547644287990101010A005B69DD0F79F8808132D24B90CF00753E0C0F37030303F3B8550000366300000000
974,2026-04-13 16:32:23.254,"11000001,5,4764428799,1,1,1,10,131,1776097943,-12.9938488,-76.487896,157,62,01110000,11110000,ON,1101100,3,3,66358259,13923,0x00000000,0,0|",0x830547644287990101010A008369DD1A97F8414BC8D268DF90009D3E0E0F37030303F48BF30000366300000000
1031,2026-04-13 17:57:35.197,"11000001,5,4764428799,1,1,1,10,187,1776103055,-13.4102803,-76.1604793,20,14,10110000,11110000,ON,1101000,8,3,66420286,13953,0x00000000,0,0|",0x830547644287990101010A00BB69DD2E8FF801C0EDD29AD54700140E0D0F17080303F57E3E0000368100000000
1133,2026-04-13 23:12:04.175,"11000001,5,4764428799,1,1,1,10,79,1776121924,-13.829816,-76.1408706,159,1,00110000,11110000,ON,1101000,9,3,66479469,13801,0x00000000,0,0|",0x830547644287990101010A004F69DD7844F7C1BCD0D29DD33E009F010C0F17090303F6656D000035E900000000
1271,2026-04-14 07:49:48.033,"11000001,5,4764428799,1,1,1,10,8,1776153018,-13.7969331,-76.162733,243,10,00110000,11110000,ON,1101000,3,3,66497564,14044,0x00000000,0,0|",0x830547644287990101010A000869DDF1BAF7C6C14DD29A7D3E00F30A0C0F17030303F6AC1C000036DC00000000
1321,2026-04-14 20:36:48.308,"11000001,5,4764428799,1,1,1,10,2,1776193342,0,0,0,0,00000111,00000001,OFF,1101011,5,3,66498709,30,0x00000000,0,0|",0x830547644287990101010A000269DE8F3E0000000000000000000000E080D6050303F6B0950000001E00000000
1323,2026-04-14 20:46:00.322,"11000001,5,4764428799,1,1,1,10,2,1776199595,-13.7941356,-76.1657538,0,0,01110000,11110000,OFF,1101000,5,3,66498709,12524,0x00000000,0,0|",0x830547644287990101010A000269DEA7ABF7C72E94D29A073E0000000E0F16050303F6B095000030EC00000000
1427,2026-04-15 22:20:57.617,"11000001,5,4764428799,1,1,1,10,18,1776291648,-13.8367821,-76.1375776,173,22,00110000,11110000,ON,1101000,3,3,66506727,13406,0x00000000,0,0|",0x830547644287990101010A001269E00F40F7C0ACB3D29E53E000AD160C0F17030303F6CFE70000345E00000000
1484,2026-04-15 23:25:52.537,"11000001,5,4764428799,1,1,1,10,75,1776295588,-13.3625541,-76.2155715,329,62,10010000,11110000,ON,1101100,3,3,66562084,13862,0x00000000,0,0|",0x830547644287990101010A004B69E01EA4F809093BD2926D3D01493E090F37030303F7A8240000362600000000
1491,2026-04-15 23:39:52.376,"11000001,5,4764428799,1,1,1,10,82,1776296428,-13.2747501,-76.2748756,331,62,01010000,11110000,ON,1101100,3,3,66573782,13771,0x00000000,0,0|",0x830547644287990101010A005269E021ECF8166F13D28960AC014B3E0A0F37030303F7D5D6000035CB00000000
1496,2026-04-15 23:56:43.711,"11000001,5,4764428799,1,1,1,10,87,1776297403,-13.271953,-76.2758858,62,0,01010000,11110000,OFF,1101000,5,3,66574128,12950,0x00000000,0,0|",0x830547644287990101010A005769E025BBF816DC56D2893936003E000A0F16050303F7D7300000329600000000
1516,2026-04-16 01:40:24.785,"11000001,5,4764428799,1,1,1,10,107,1776303624,-13.1832058,-76.3557826,345,79,00110000,11110000,ON,1101100,38,3,66588134,13771,0x00000000,0,0|",0x830547644287990101010A006B69E03E08F8246706D27D083E01594F0C0F37260303F80DE6000035CB00000000
1545,2026-04-16 02:12:32.816,"11000001,5,4764428799,1,1,1,10,135,1776305589,-12.9459653,-76.5005761,37,62,11010000,11110000,ON,1101100,3,3,66619973,13588,0x00000000,0,0|",0x830547644287990101010A008769E045B5F8489A3BD266F03F00253E0B0F37030303F88A450000351400000000
1551,2026-04-16 02:19:52.155,"11000001,5,4764428799,1,1,1,10,141,1776306028,-12.8854028,-76.5103706,349,62,11010000,11110000,ON,1101100,34,3,66627166,13436,0x00000000,0,0|",0x830547644287990101010A008D69E0476CF851D7F4D26571A6015D3E0B0F37220303F8A65E0000347C00000000
1586,2026-04-16 02:57:25.966,"11000001,5,4764428799,1,1,1,10,176,1776308282,-12.5574968,-76.709947,337,68,00110000,11110000,ON,1101100,34,3,66672738,13771,0x00000000,0,0|",0x830547644287990101010A00B069E0503AF883E0C8D246FDB20151440C0F37220303F95862000035CB00000000
1639,2026-04-16 04:02:13.923,"11000001,5,4764428799,1,1,1,10,229,1776312170,-12.2788651,-76.8189796,62,6,10110000,11110000,ON,1101000,9,3,66709855,13892,0x00000000,0,0|",0x830547644287990101010A00E569E05F6AF8AE64D5D2365A9C003E060D0F17090303F9E95F0000364400000000
1753,2026-04-16 15:58:30.655,"11000001,5,4764428799,1,1,1,10,27,1776355143,-12.2376498,-76.9530015,298,62,11010000,11110000,ON,1101100,34,3,66733832,14105,0x00000000,0,0|",0x830547644287990101010A001B69E10747F8B4AECED221E761012A3E0B0F37220303FA47080000371900000000
1919,2026-04-16 21:08:30.764,"11000001,5,4764428799,1,1,1,10,24,1776373711,-12.0235441,-77.0816098,301,0,01110000,11110000,ON,1101000,9,3,66777150,13984,0x00000000,0,0|",0x830547644287990101010A001869E14FCFF8D55A4FD20E479E012D000E0F17090303FAF03E000036A000000000
1982,2026-04-16 23:49:54.235,"11000001,5,4764428799,1,1,1,10,11,1776383393,-11.996581,-77.0861596,62,0,11100000,11110000,ON,1101000,9,3,66782960,13984,0x00000000,0,0|",0x830547644287990101010A000B69E175A1F8D9778ED20D95E4003E00070F17090303FB06F0000036A000000000
2070,2026-04-17 03:17:49.596,"11000001,5,4764428799,1,1,1,10,43,1776395902,-11.7305276,-77.171428,335,62,11010000,11110000,ON,1101100,3,3,66818327,14105,0x00000000,0,0|",0x830547644287990101010A002B69E1A67EF9021044D2009318014F3E0B0F37030303FB91170000371900000000
2151,2026-04-17 05:28:28.514,"11000001,5,4764428799,1,1,1,10,6,1776403741,-11.4999801,-77.1772713,64,0,00110000,11110000,OFF,1101010,2,3,66855266,0,0x00000000,0,0|",0x830547644287990101010A000669E1C51DF9253E07D1FFAED70040000C0F56020303FC21620000000000000000
2160,2026-04-17 06:03:31.568,"11000001,5,4764428799,1,1,1,10,4,1776405848,-11.4999808,-77.1772321,0,0,11010000,11110000,ON,1101000,45,3,66855266,14075,0x00000000,0,0|",0x830547644287990101010A000469E1CD58F9253E00D1FFB05F0000000B0F172D0303FC2162000036FB00000000
2161,2026-04-17 06:09:35.393,"11000001,5,4764428799,1,1,1,10,5,1776406212,-11.4997035,-77.1771116,62,0,10110000,11110000,OFF,1101010,2,3,66855336,0,0x00000000,0,0|",0x830547644287990101010A000569E1CEC4F92548D5D1FFB514003E000D0F56020303FC21A80000000000000000
2222,2026-04-17 09:16:18.458,"11000001,5,4764428799,1,1,1,10,49,1776417407,-11.6067463,-77.2137766,249,62,10010000,11110000,ON,1101100,34,3,66873409,13832,0x00000000,0,0|",0x830547644287990101010A003169E1FA7FF914F379D1FA1CDA00F93E090F37220303FC68410000360800000000
2268,2026-04-17 10:17:09.285,"11000001,5,4764428799,1,1,1,10,91,1776421062,-11.8188416,-77.126701,160,18,01010000,11110000,ON,1101000,3,3,66903270,13649,0x00000000,0,0|",0x830547644287990101010A005B69E208C6F8F49680D207663E00A0120A0F17030303FCDCE60000355100000000
2407,2026-04-17 17:59:55.628,"11000001,5,4764428799,1,1,1,10,14,1776448795,-12.348948,-76.8079251,134,62,01110000,11110000,ON,1101100,3,3,66982944,14075,0x00000000,0,0|",0x830547644287990101010A000E69E2751BF8A3B338D2380A6D00863E0E0F37030303FE1420000036FB00000000
2559,2026-04-18 01:19:42.290,"11000001,5,4764428799,1,1,1,10,19,1776475216,-13.409672,-76.1907215,254,24,00010000,11110000,ON,1101100,3,3,67137854,13862,0x00000000,0,0|",0x830547644287990101010A001369E2DC50F801D8B0D29637F100FE18080F3703030400713E0000362600000000
2581,2026-04-18 01:40:50.641,"11000001,5,4764428799,1,1,1,10,41,1776476484,-13.6060846,-76.1668515,188,79,10110000,11110000,ON,1101100,3,3,67160785,14075,0x00000000,0,0|",0x830547644287990101010A002969E2E144F7E3E052D299DC5D00BC4F0D0F3703030400CAD1000036FB00000000
2820,2026-04-18 11:54:38.719,"11000001,5,4764428799,1,1,1,10,81,1776513278,-13.3627431,-76.2154921,329,62,11010000,11110000,ON,1101100,3,3,67247816,14166,0x00000000,0,0|",0x830547644287990101010A005169E370FEF80901D9D292705701493E0B0F37030304021EC80000375600000000
2947,2026-04-18 15:49:46.895,"11000001,5,4764428799,1,1,1,10,207,1776527380,-12.2812825,-76.8814226,302,62,00110000,11110000,ON,1101000,3,3,67396285,14227,0x00000000,0,0|",0x830547644287990101010A00CF69E3A814F8AE0667D22CD36E012E3E0C0F170303040462BD0000379300000000
3058,2026-04-18 18:46:26.059,"11000001,5,4764428799,1,1,1,10,317,1776538023,-11.8872618,-77.0681026,358,0,11110000,11110000,ON,1101000,4,3,67454788,13680,0x00000000,0,0|",0x830547644287990101010A013D69E3D1A7F8EA25D6D210573E0166000F0F170403040547440000357000000000
3085,2026-04-18 19:48:38.203,"11000001,5,4764428799,1,1,1,10,1,1776541709,0,0,0,0,00000111,00000001,ON,1101001,6,3,67461091,0,0x00000000,0,0|",0x830547644287990101010A000169E3E00D0000000000000000000000E08097060304055FE30000000000000000
3086,2026-04-18 19:48:38.617,"11000001,5,4764428799,1,1,1,10,2,1776541714,0,0,0,0,00000111,00000001,ON,1101001,1,3,67461091,13771,0x00000000,0,0|",0x830547644287990101010A000269E3E0120000000000000000000000E08097010304055FE3000035CB00000000
3087,2026-04-18 19:50:58.795,"11000001,5,4764428799,1,1,1,10,3,1776541896,-11.8450343,-77.098714,0,0,10110000,11110000,ON,1101000,4,3,67461091,13923,0x00000000,0,0|",0x830547644287990101010A000369E3E0C8F8F09759D20BAB7C0000000D0F17040304055FE30000366300000000
3185,2026-04-20 23:32:19.449,"11000001,5,4764428799,1,1,1,10,51,1776727977,-11.6017496,-77.1973773,115,37,00010000,11110000,ON,1101100,3,3,67502910,14014,0x00000000,0,0|",0x830547644287990101010A003369E6B7A9F915B6A8D1FC9D73007325080F3703030406033E000036BE00000000
3240,2026-04-21 05:31:08.529,"11000001,5,4764428799,1,1,1,10,9,1776749506,-11.499717,-77.1771655,62,0,01010000,11110000,OFF,1101000,2,3,67519993,13649,0x00000000,0,0|",0x830547644287990101010A000969E70BC2F925484ED1FFB2F9003E000A0F160203040645F90000355100000000
3241,2026-04-21 05:41:09.351,"11000001,5,4764428799,1,1,1,10,10,1776750106,-11.499714,-77.1771608,62,0,00110000,11110000,OFF,1101000,5,3,67519993,12555,0x00000000,0,0|",0x830547644287990101010A000A69E70E1AF925486CD1FFB328003E000C0F160503040645F90000310B00000000
3242,2026-04-21 05:51:15.977,"11000001,5,4764428799,1,1,1,10,11,1776750712,-11.4997066,-77.177132,62,0,10110000,11110000,ON,1101000,1,3,67519993,12433,0x00000000,0,0|",0x830547644287990101010A000B69E71078F92548B6D1FFB448003E000D0F170103040645F90000309100000000
3256,2026-04-21 07:01:08.640,"11000001,5,4764428799,1,1,1,10,25,1776754906,-11.4941615,-77.1801101,62,8,11010000,11110000,ON,1101100,8,3,67520826,14136,0x00000000,0,0|",0x830547644287990101010A001969E720DAF9262151D1FF3FF3003E080B0F3708030406493A0000373800000000
3260,2026-04-21 07:07:35.429,"11000001,5,4764428799,1,1,1,10,29,1776755293,-11.4902656,-77.1801598,339,6,01010000,11110000,ON,1101100,45,3,67521331,14136,0x00000000,0,0|",0x830547644287990101010A001D69E7225DF926B980D1FF3E020153060A0F372D0304064B330000373800000000
3296,2026-04-21 07:55:59.412,"11000001,5,4764428799,1,1,1,10,63,1776758197,-11.6239193,-77.2183985,168,43,10010000,11110000,ON,1101000,3,3,67541822,13953,0x00000000,0,0|",0x830547644287990101010A003F69E72DB5F91254A7D1F9684F00A82B090F17030304069B3E0000368100000000
3354,2026-04-21 09:09:42.991,"11000001,5,4764428799,1,1,1,10,118,1776762619,-11.9331571,-77.0723071,173,36,10010000,11110000,ON,1101100,3,3,67583491,14105,0x00000000,0,0|",0x830547644287990101010A007669E73EFBF8E3250DD20FB30100AD24090F37030304073E030000371900000000
3484,2026-04-21 15:26:21.202,"11000001,5,4764428799,1,1,1,10,79,1776785180,-12.8107001,-76.5416425,172,76,10010000,11110000,ON,1101100,38,3,67711270,14044,0x00000000,0,0|",0x830547644287990101010A004F69E7971CF85D3E07D260AC1700AC4C090F37260304093126000036DC00000000
3557,2026-04-21 16:47:20.881,"11000001,5,4764428799,1,1,1,10,152,1776790077,-13.5431345,-76.1827381,169,62,10110000,11110000,ON,1101100,3,3,67806556,14166,0x00000000,0,0|",0x830547644287990101010A009869E7AA3DF7ED7B4FD2976FCB00A93E0D0F370303040AA55C0000375600000000
3627,2026-04-21 18:52:33.582,"11000001,5,4764428799,1,1,1,10,35,1776797553,-13.9338896,-75.8837948,94,62,10110000,11110000,ON,1101100,3,3,67872816,13740,0x00000000,0,0|",0x830547644287990101010A002369E7C771F7B1DB70D2C50D44005E3E0D0F370303040BA830000035AC00000000
3635,2026-04-21 19:02:10.474,"11000001,5,4764428799,1,1,1,10,43,1776798130,-13.9673993,-75.7808488,155,62,10110000,11110000,ON,1101100,34,3,67885190,13801,0x00000000,0,0|",0x830547644287990101010A002B69E7C9B2F7ACBE77D2D4C298009B3E0D0F372203040BD886000035E900000000
3799,2026-04-22 03:14:52.375,"11000001,5,4764428799,1,1,1,10,6,1776827731,-13.7917135,-76.1655945,62,8,01010000,11110000,ON,1101000,3,3,67957159,14075,0x00000000,0,0|",0x830547644287990101010A000669E83D53F7C78D31D29A0D77003E080A0F170303040CF1A7000036FB00000000
3904,2026-04-22 10:58:22.156,"11000001,5,4764428799,1,1,1,10,45,1776855540,-13.6738256,-76.1656463,327,62,00110000,11110000,ON,1101100,3,3,67984862,14014,0x00000000,0,0|",0x830547644287990101010A002D69E8A9F4F7D98A30D29A0B7101473E0C0F370303040D5DDE000036BE00000000
3963,2026-04-22 12:06:18.134,"11000001,5,4764428799,1,1,1,10,103,1776859615,-13.1792173,-76.3563618,359,62,00110000,11110000,ON,1101100,34,3,68047489,14196,0x00000000,0,0|",0x830547644287990101010A006769E8B9DFF82502D3D27CF19E01673E0C0F372203040E52810000377400000000
4022,2026-04-22 14:23:53.951,"11000001,5,4764428799,1,1,1,10,41,1776867872,-12.7129945,-76.6290626,309,65,01110000,11110000,ON,1101100,34,3,68110236,14196,0x00000000,0,0|",0x830547644287990101010A002969E8DA20F86C26A7D253553E0135410E0F372203040F479C0000377400000000
4043,2026-04-22 14:52:30.631,"11000001,5,4764428799,1,1,1,10,62,1776869589,-12.4835678,-76.7462495,345,62,11110000,11110000,ON,1101100,3,3,68140782,14227,0x00000000,0,0|",0x830547644287990101010A003E69E8E0D5F88F28A2D24173A101593E0F0F370303040FBEEE0000379300000000
4070,2026-04-22 15:52:59.242,"11000001,5,4764428799,1,1,1,10,88,1776873179,-12.3465335,-76.8102338,314,70,01110000,11110000,ON,1101100,34,3,68158610,14166,0x00000000,0,0|",0x830547644287990101010A005869E8EEDBF8A41189D237B03E013A460E0F372203041004920000375600000000
4081,2026-04-22 16:09:28.087,"11000001,5,4764428799,1,1,1,10,99,1776874168,-12.2751385,-76.8490545,10,30,01110000,11110000,ON,1101100,3,3,68168254,14196,0x00000000,0,0|",0x830547644287990101010A006369E8F2B8F8AEF667D231C3CF000A1E0E0F37030304102A3E0000377400000000
4084,2026-04-22 16:14:23.811,"11000001,5,4764428799,1,1,1,10,102,1776874464,-12.272187,-76.849624,55,0,01110000,11110000,OFF,1101000,2,3,68168632,13254,0x00000000,0,0|",0x830547644287990101010A006669E8F3E0F8AF69B2D231AD900037000E0F16020304102BB8000033C600000000
4129,2026-04-22 20:44:21.860,"11000001,5,4764428799,1,1,1,10,31,1776890663,-12.2823388,-76.850274,188,38,00110000,11110000,ON,1101100,3,3,68173312,14257,0x00000000,0,0|",0x830547644287990101010A001F69E93327F8ADDD24D231942C00BC260C0F37030304103E00000037B100000000
4303,2026-04-23 14:31:48.194,"11000001,5,4764428799,1,1,1,10,59,1776954708,-12.1474791,-76.98236,16,16,10110000,11110000,ON,1101000,3,3,68214334,14075,0x00000000,0,0|",0x830547644287990101010A003B69EA2D54F8C27119D21D6C900010100D0F1703030410DE3E000036FB00000000
4508,2026-04-24 14:47:22.956,"11000001,5,4764428799,1,1,1,10,1,1777038654,0,0,0,0,00000111,00000001,OFF,1101011,6,3,68256699,13132,0x00000000,0,0|",0x830547644287990101010A000169EB753E0000000000000000000000E080D60603041183BB0000334C00000000
