GroupName,UnitName,StartTime,MovingTimeSecs,MilesDriven,MaxSpeed,StopTime,textbox43,StopLengthSecs,ContactName,textbox45,textbox54,textbox28,textbox29,textbox30,textbox32,MovingTimeSecs_1,MilesDriven_1,MaxSpeed_1,StopLengthSecs_1
,Unit: A1 LUL 144,18/04/2026 12:08 a.m.,00h:02m:00s,"0,00",2,18/04/2026 12:10:1.m.,Idle,00h:02m:00s,"Cl. 8 #15-144, Mosquera, Cundinamarca, Colombia",Cundinamar,250040,11h:42m:44s,"336,35",54,41h:25m:00s,80h:57m:49s,"3.033,05",58,484h:03m:56s
,Unit: A1 LUL 144,18/04/2026 12:12 a.m.,00h:02m:00s,"0,00",1,18/04/2026 12:14:1.m.,Idle,00h:04m:00s,"Avda Troncal de Occidente # 18 - 76 Parque Industrial Santo Domingo, Manzana F, Bodega 1, Mosquera, ",Cundinamar,250040,11h:42m:44s,"336,35",54,41h:25m:00s,80h:57m:49s,"3.033,05",58,484h:03m:56s
,Unit: A1 LUL 144,18/04/2026 12:18 a.m.,00h:02m:00s,"0,00",1,18/04/2026 12:20:1.m.,Idle/Ign Off,09h:39m:47s,"Avda Troncal de Occidente # 18 - 76 Parque Industrial Santo Domingo, Manzana F, Bodega 1, Mosquera, ",Cundinamar,250040,11h:42m:44s,"336,35",54,41h:25m:00s,80h:57m:49s,"3.033,05",58,484h:03m:56s
,Unit: A1 LUL 144,18/04/2026 9:59 a.m.,00h:00m:00s,"0,00",4,18/04/2026 9:59:0.m.,Parked/Idle,00h:00m:00s,"Cl. 8 #15143, Mosquera, Cundinamarca, Colombia",Cundinamar,250040,11h:42m:44s,"336,35",54,41h:25m:00s,80h:57m:49s,"3.033,05",58,484h:03m:56s
,Unit: A1 LUL 144,18/04/2026 9:59 a.m.,00h:05m:01s,"1,61",16,18/04/2026 10:04:3.m.,Idle/Ign Off,00h:29m:32s,"Cl 24 E #2-210, Madrid, Cundinamarca, Colombia",Cundinamar,250038,11h:42m:44s,"336,35",54,41h:25m:00s,80h:57m:49s,"3.033,05",58,484h:03m:56s
,Unit: A1 LUL 144,18/04/2026 10:29 a.m.,00h:00m:00s,"0,00",0,18/04/2026 10:29:5.m.,Parked/Idle,00h:00m:00s,"Cl 24 E #2-210, Madrid, Cundinamarca, Colombia",Cundinamar,250038,11h:42m:44s,"336,35",54,41h:25m:00s,80h:57m:49s,"3.033,05",58,484h:03m:56s
,Unit: A1 LUL 144,18/04/2026 10:29 a.m.,00h:02m:01s,"0,00",7,18/04/2026 10:31:5.m.,Idle/Ign Off,00h:10m:59s,"Cl 24 E #2-210, Madrid, Cundinamarca, Colombia",Cundinamar,250038,11h:42m:44s,"336,35",54,41h:25m:00s,80h:57m:49s,"3.033,05",58,484h:03m:56s
,Unit: A1 LUL 144,18/04/2026 10:42 a.m.,00h:00m:00s,"0,00",0,18/04/2026 10:42:5.m.,Parked/Idle,00h:00m:00s,"Cl 24 E #2-40, Madrid, Cundinamarca, Colombia",Cundinamar,250038,11h:42m:44s,"336,35",54,41h:25m:00s,80h:57m:49s,"3.033,05",58,484h:03m:56s
,Unit: A1 LUL 144,18/04/2026 10:44 a.m.,01h:19m:00s,,53,18/04/2026 12:03:2.m.,Idle/Ign Off,00h:10m:14s,"Carrera 70c #5360, Bogotá, Colombia",Bogotá,111071,11h:42m:44s,"336,35",54,41h:25m:00s,80h:57m:49s,"3.033,05",58,484h:03m:56s
,Unit: A1 LUL 144,18/04/2026 12:10 p.m.,00h:00m:00s,"0,00",0,18/04/2026 12:10:2.m.,Parked/Idle,00h:00m:00s,"Parcelas de cota, parcela 20, lote 4, Cota, Cundinamarca, Colombia",Cundinamar,250017,11h:42m:44s,"336,35",54,41h:25m:00s,80h:57m:49s,"3.033,05",58,484h:03m:56s
,Unit: A1 LUL 144,18/04/2026 12:12 p.m.,00h:04m:00s,"0,00",3,18/04/2026 12:16:2.m.,Idle/Ign Off,04h:52m:40s,"Parcelas de cota, parcela 20, lote 4, Cota, Cundinamarca, Colombia",Cundinamar,250017,11h:42m:44s,"336,35",54,41h:25m:00s,80h:57m:49s,"3.033,05",58,484h:03m:56s
,Unit: A1 LUL 144,18/04/2026 5:06 p.m.,00h:00m:00s,"0,00",0,18/04/2026 5:06:0.m.,Parked/Idle,00h:00m:00s,"Parcelas de cota, parcela 20, lote 4, Cota, Cundinamarca, Colombia",Cundinamar,250017,11h:42m:44s,"336,35",54,41h:25m:00s,80h:57m:49s,"3.033,05",58,484h:03m:56s
,Unit: A1 LUL 144,18/04/2026 5:08 p.m.,00h:04m:00s,"0,00",2,18/04/2026 5:12:0.m.,Idle/Ign Off,00h:55m:55s,"Parcelas de cota, parcela 20, lote 4, Cota, Cundinamarca, Colombia",Cundinamar,250017,11h:42m:44s,"336,35",54,41h:25m:00s,80h:57m:49s,"3.033,05",58,484h:03m:56s
,Unit: A1 LUL 144,18/04/2026 6:01 p.m.,00h:00m:00s,"0,00",0,18/04/2026 6:01:4.m.,Parked/Idle,00h:00m:00s,"Carrera 70c #5360, Bogotá, Colombia",Bogotá,111071,11h:42m:44s,"336,35",54,41h:25m:00s,80h:57m:49s,"3.033,05",58,484h:03m:56s
,Unit: A1 LUL 144,18/04/2026 6:02 p.m.,00h:07m:31s,"3,22",42,18/04/2026 6:09:4.m.,Idle,00h:01m:30s,"Km 4.5 autopista medellin, Cota, Cundinamarca, Colombia",Cundinamar,250017,11h:42m:44s,"336,35",54,41h:25m:00s,80h:57m:49s,"3.033,05",58,484h:03m:56s
,Unit: A1 LUL 144,18/04/2026 6:11 p.m.,00h:08m:00s,"6,44",43,18/04/2026 6:19:1.m.,Idle,00h:02m:30s,"50, Tenjo, Cundinamarca, Colombia",Cundinamar,250208,11h:42m:44s,"336,35",54,41h:25m:00s,80h:57m:49s,"3.033,05",58,484h:03m:56s
,Unit: A1 LUL 144,18/04/2026 6:21 p.m.,02h:28m:00s,"82,08",46,18/04/2026 8:49:4.m.,Idle/Ign Off,00h:37m:14s,"2F26+JM Villeta, Cundinamarca, Colombia",Cundinamar,253447,11h:42m:44s,"336,35",54,41h:25m:00s,80h:57m:49s,"3.033,05",58,484h:03m:56s
,Unit: A1 LUL 144,18/04/2026 9:26 p.m.,00h:00m:00s,"0,00",0,18/04/2026 9:26:5.m.,Parked/Idle,00h:00m:00s,"2F36+86 Guaduas, Cundinamarca, Colombia",Cundinamar,253447,11h:42m:44s,"336,35",54,41h:25m:00s,80h:57m:49s,"3.033,05",58,484h:03m:56s
,Unit: A1 LUL 144,18/04/2026 9:28 p.m.,02h:22m:13s,,54,18/04/2026 11:50:4.m.,Idle,00h:00m:30s,"Carrera 2 # 6-5, Puerto Libre, Puerto Salgar, Cundinamarca, Colombia",Cundinamar,253487,11h:42m:44s,"336,35",54,41h:25m:00s,80h:57m:49s,"3.033,05",58,484h:03m:56s
,Unit: A1 LUL 144,18/04/2026 11:51 p.m.,00h:02m:00s,"0,00",1,18/04/2026 11:53:1.m.,Idle/Ign Off,02h:15m:17s,"Carrera 2 # 6-5, Puerto Libre, Puerto Salgar, Cundinamarca, Colombia",Cundinamar,253487,11h:42m:44s,"336,35",54,41h:25m:00s,80h:57m:49s,"3.033,05",58,484h:03m:56s
,Unit: A1 LUL 144,19/04/2026 2:06 a.m.,00h:00m:00s,"0,00",0,19/04/2026 2:06:1.m.,Parked/Idle,00h:00m:00s,"45, Puerto Libre, Puerto Salgar, Cundinamarca, Colombia",Cundinamar,253487,11h:42m:44s,"336,35",54,41h:25m:00s,80h:57m:49s,"3.033,05",58,484h:03m:56s
,Unit: A1 LUL 144,19/04/2026 2:06 a.m.,00h:26m:01s,"24,14",48,19/04/2026 2:32:1.m.,Idle,00h:00m:30s,"45, Puerto Boyacá, Boyacá, Colombia",Boyacá,155217,11h:42m:44s,"336,35",54,41h:25m:00s,80h:57m:49s,"3.033,05",58,484h:03m:56s
,Unit: A1 LUL 144,19/04/2026 2:32 a.m.,00h:32m:30s,"37,01",54,19/04/2026 3:05:1.m.,Idle/Ign Off,00h:11m:09s,"6CCX+2Q Puerto Boyacá, Boyaca, Colombia",Boyaca,155209,11h:42m:44s,"336,35",54,41h:25m:00s,80h:57m:49s,"3.033,05",58,484h:03m:56s
,Unit: A1 LUL 144,19/04/2026 3:16 a.m.,00h:00m:00s,"0,00",0,19/04/2026 3:16:2.m.,Parked/Idle,00h:00m:00s,"6FC2+Q2, Puerto Boyacá, Boyaca, Colombia",Boyaca,155209,11h:42m:44s,"336,35",54,41h:25m:00s,80h:57m:49s,"3.033,05",58,484h:03m:56s
,Unit: A1 LUL 144,19/04/2026 3:16 a.m.,00h:00m:00s,"0,00",0,19/04/2026 3:16:2.m.,Parked/Idle,00h:00m:00s,"6FC2+Q2, Puerto Boyacá, Boyaca, Colombia",Boyaca,155209,11h:42m:44s,"336,35",54,41h:25m:00s,80h:57m:49s,"3.033,05",58,484h:03m:56s
,Unit: A1 LUL 144,19/04/2026 3:16 a.m.,01h:19m:00s,"88,51",54,19/04/2026 4:35:2.m.,Idle,00h:02m:30s,"A 100 Metros del peaje aguas negras El cruce de, Puerto Parra, Santander, Colombia",Santander,686008,11h:42m:44s,"336,35",54,41h:25m:00s,80h:57m:49s,"3.033,05",58,484h:03m:56s
,Unit: A1 LUL 144,19/04/2026 4:37 a.m.,00h:12m:00s,"14,48",50,19/04/2026 4:49:5.m.,Idle/Ign Off,00h:09m:35s,"45, Simacota, Santander, Colombia",Santander,683577,11h:42m:44s,"336,35",54,41h:25m:00s,80h:57m:49s,"3.033,05",58,484h:03m:56s
,Unit: A1 LUL 144,19/04/2026 4:59 a.m.,00h:00m:00s,"0,00",0,19/04/2026 4:59:3.m.,Parked/Idle,00h:00m:00s,"45, Simacota, Santander, Colombia",Santander,683577,11h:42m:44s,"336,35",54,41h:25m:00s,80h:57m:49s,"3.033,05",58,484h:03m:56s
,Unit: A1 LUL 144,19/04/2026 4:59 a.m.,00h:00m:00s,"0,00",0,19/04/2026 4:59:3.m.,Parked/Idle,00h:00m:00s,"45, Simacota, Santander, Colombia",Santander,683577,11h:42m:44s,"336,35",54,41h:25m:00s,80h:57m:49s,"3.033,05",58,484h:03m:56s
,Unit: A1 LUL 144,19/04/2026 4:59 a.m.,01h:01m:30s,"53,11",47,19/04/2026 6:01:0.m.,Idle,00h:02m:30s,"#63-39 a, Dg. 60 #6365, Barrancabermeja, Santander, Colombia",Santander,687032,11h:42m:44s,"336,35",54,41h:25m:00s,80h:57m:49s,"3.033,05",58,484h:03m:56s
,Unit: A1 LUL 144,19/04/2026 6:03 a.m.,00h:16m:00s,"8,05",23,19/04/2026 6:19:3.m.,Idle,00h:02m:30s,"34J7+GM Barrancabermeja, Santander, Colombia",Santander,687031,11h:42m:44s,"336,35",54,41h:25m:00s,80h:57m:49s,"3.033,05",58,484h:03m:56s
,Unit: A1 LUL 144,19/04/2026 6:22 a.m.,00h:01m:23s,"0,00",3,19/04/2026 6:23:2.m.,Ign Off,00h:06m:26s,"34J7+JV Barrancabermeja, Santander, Colombia",Santander,687031,11h:42m:44s,"336,35",54,41h:25m:00s,80h:57m:49s,"3.033,05",58,484h:03m:56s
,Unit: A1 LUL 144,19/04/2026 6:29 a.m.,00h:00m:00s,"0,00",0,19/04/2026 6:29:5.m.,Parked/Idle,00h:00m:00s,"34M9+62 Barrancabermeja, Santander, Colombia",Santander,687031,11h:42m:44s,"336,35",54,41h:25m:00s,80h:57m:49s,"3.033,05",58,484h:03m:56s
,Unit: A1 LUL 144,19/04/2026 6:30 a.m.,00h:09m:01s,"3,22",20,19/04/2026 6:39:5.m.,Idle,00h:04m:00s,"Cra. 18 # 71-20, Barrancabermeja, Santander, Colombia",Santander,687031,11h:42m:44s,"336,35",54,41h:25m:00s,80h:57m:49s,"3.033,05",58,484h:03m:56s
,Unit: A1 LUL 144,19/04/2026 6:43 a.m.,00h:14m:00s,"3,22",21,19/04/2026 6:57:5.m.,Idle,00h:03m:30s,"34JC+H6 Barrancabermeja, Santander, Colombia",Santander,687031,11h:42m:44s,"336,35",54,41h:25m:00s,80h:57m:49s,"3.033,05",58,484h:03m:56s
,Unit: A1 LUL 144,19/04/2026 7:01 a.m.,00h:02m:30s,"0,00",10,19/04/2026 7:03:5.m.,Idle/Ign Off,00h:45m:53s,"34H9+H2 Barrancabermeja, Santander, Colombia",Santander,687031,11h:42m:44s,"336,35",54,41h:25m:00s,80h:57m:49s,"3.033,05",58,484h:03m:56s
,Unit: A1 LUL 144,19/04/2026 7:45 a.m.,00h:00m:00s,"0,00",2,19/04/2026 7:45:3.m.,Parked/Idle,00h:20m:56s,"34H9+85 Barrancabermeja, Santander, Colombia",Santander,687031,11h:42m:44s,"336,35",54,41h:25m:00s,80h:57m:49s,"3.033,05",58,484h:03m:56s
,Unit: A1 LUL 144,19/04/2026 8:03 a.m.,00h:00m:00s,"0,00",0,19/04/2026 8:03:0.m.,Parked/Idle,00h:02m:00s,"34H9+65 Barrancabermeja, Santander, Colombia",Santander,687031,11h:42m:44s,"336,35",54,41h:25m:00s,80h:57m:49s,"3.033,05",58,484h:03m:56s
,Unit: A1 LUL 144,19/04/2026 8:07 a.m.,00h:04m:00s,"0,00",3,19/04/2026 8:11:0.m.,Idle/Ign Off,01h:31m:02s,"34H9+99 Barrancabermeja, Santander, Colombia",Santander,687031,11h:42m:44s,"336,35",54,41h:25m:00s,80h:57m:49s,"3.033,05",58,484h:03m:56s
,Unit: A1 LUL 144,19/04/2026 9:39 a.m.,00h:00m:00s,"0,00",0,19/04/2026 9:39:2.m.,Parked/Idle,00h:00m:00s,"34H9+8C Barrancabermeja, Santander, Colombia",Santander,687031,11h:42m:44s,"336,35",54,41h:25m:00s,80h:57m:49s,"3.033,05",58,484h:03m:56s
,Unit: A1 LUL 144,19/04/2026 9:40 a.m.,00h:00m:31s,"0,00",8,19/04/2026 9:41:2.m.,Idle/Ign Off,00h:32m:42s,"34H9+F3 Barrancabermeja, Santander, Colombia",Santander,687031,11h:42m:44s,"336,35",54,41h:25m:00s,80h:57m:49s,"3.033,05",58,484h:03m:56s
,Unit: A1 LUL 144,19/04/2026 10:09 a.m.,00h:00m:00s,"0,00",0,19/04/2026 10:09:2.m.,Parked/Idle,00h:00m:00s,"34H9+H2 Barrancabermeja, Santander, Colombia",Santander,687031,11h:42m:44s,"336,35",54,41h:25m:00s,80h:57m:49s,"3.033,05",58,484h:03m:56s
,Unit: A1 LUL 144,19/04/2026 10:09 a.m.,00h:01m:31s,"1,61",12,19/04/2026 10:11:2.m.,Idle,00h:01m:00s,"34JC+H6 Barrancabermeja, Santander, Colombia",Santander,687031,11h:42m:44s,"336,35",54,41h:25m:00s,80h:57m:49s,"3.033,05",58,484h:03m:56s
,Unit: A1 LUL 144,19/04/2026 10:12 a.m.,00h:11m:00s,"3,22",18,19/04/2026 10:23:2.m.,Idle,00h:00m:30s,"Cl. 71 # 23-85, Barrancabermeja, Santander, Colombia",Santander,687031,11h:42m:44s,"336,35",54,41h:25m:00s,80h:57m:49s,"3.033,05",58,484h:03m:56s
,Unit: A1 LUL 144,19/04/2026 10:23 a.m.,00h:01m:30s,"1,61",3,19/04/2026 10:25:2.m.,Idle,00h:00m:30s,"Cl. 67 # 29-56, Barrancabermeja, Santander, Colombia",Santander,687031,11h:42m:44s,"336,35",54,41h:25m:00s,80h:57m:49s,"3.033,05",58,484h:03m:56s
,Unit: A1 LUL 144,19/04/2026 10:25 a.m.,00h:07m:00s,"1,61",34,19/04/2026 10:32:5.m.,Idle,00h:00m:30s,"Tv. 47 # 64B-21, Barrancabermeja, Santander, Colombia",Santander,687032,11h:42m:44s,"336,35",54,41h:25m:00s,80h:57m:49s,"3.033,05",58,484h:03m:56s
,Unit: A1 LUL 144,19/04/2026 10:33 a.m.,00h:08m:00s,"3,22",9,19/04/2026 10:41:2.m.,Idle/Ign Off,00h:11m:34s,"taller tovar, Barrancabermeja, Santander, Colombia",Santander,687032,11h:42m:44s,"336,35",54,41h:25m:00s,80h:57m:49s,"3.033,05",58,484h:03m:56s
,Unit: A1 LUL 144,19/04/2026 10:49 a.m.,00h:00m:00s,"0,00",0,19/04/2026 10:49:5.m.,Parked/Idle,00h:02m:00s,"Tv. 48 # 53-47, Barrancabermeja, Santander, Colombia",Santander,687032,11h:42m:44s,"336,35",54,41h:25m:00s,80h:57m:49s,"3.033,05",58,484h:03m:56s
,Unit: A1 LUL 144,19/04/2026 10:53 a.m.,00h:02m:00s,"0,00",1,19/04/2026 10:55:5.m.,Idle/Ign Off,04h:43m:06s,"taller tovar, Barrancabermeja, Santander, Colombia",Santander,687032,11h:42m:44s,"336,35",54,41h:25m:00s,80h:57m:49s,"3.033,05",58,484h:03m:56s
,Unit: A1 LUL 144,19/04/2026 3:34 p.m.,00h:00m:00s,"0,00",2,19/04/2026 3:34:1.m.,Parked/Idle,00h:00m:00s,"Tv. 48 # 53-47, Barrancabermeja, Santander, Colombia",Santander,687032,11h:42m:44s,"336,35",54,41h:25m:00s,80h:57m:49s,"3.033,05",58,484h:03m:56s
,Unit: A1 LUL 144,19/04/2026 3:34 p.m.,00h:05m:31s,"0,00",6,19/04/2026 3:40:1.m.,Idle/Ign Off,13h:08m:29s,"Tv. 48 #52b:51, Barrancabermeja, Santander, Colombia",Santander,687032,11h:42m:44s,"336,35",54,41h:25m:00s,80h:57m:49s,"3.033,05",58,484h:03m:56s
,Unit: LQK053,18/04/2026 12:00 a.m.,00h:00m:00s,"0,00",0,18/04/2026 8:29:3.m.,Parked/Idle,08h:45m:31s,"Cl9b 16c-50, Mosquera, Cundinamarca, Colombia",Cundinamar,250040,01h:06m:20s,"36,19",42,51h:56m:28s,80h:57m:49s,"3.033,05",58,484h:03m:56s
,Unit: LQK053,18/04/2026 8:46 a.m.,00h:00m:00s,"0,00",0,18/04/2026 8:46:1.m.,Parked/Idle,00h:09m:57s,"Cl9b 16c-50, Mosquera, Cundinamarca, Colombia",Cundinamar,250040,01h:06m:20s,"36,19",42,51h:56m:28s,80h:57m:49s,"3.033,05",58,484h:03m:56s
,Unit: LQK053,18/04/2026 8:53 a.m.,00h:00m:00s,"0,00",0,18/04/2026 8:53:2.m.,Parked/Idle,00h:14m:45s,"Cl9b 16c-50, Mosquera, Cundinamarca, Colombia",Cundinamar,250040,01h:06m:20s,"36,19",42,51h:56m:28s,80h:57m:49s,"3.033,05",58,484h:03m:56s
,Unit: LQK053,18/04/2026 9:03 a.m.,00h:00m:00s,"0,00",0,18/04/2026 9:03:0.m.,Parked/Idle,00h:00m:00s,"Cl9b 16c-50, Mosquera, Cundinamarca, Colombia",Cundinamar,250040,01h:06m:20s,"36,19",42,51h:56m:28s,80h:57m:49s,"3.033,05",58,484h:03m:56s
,Unit: LQK053,18/04/2026 9:03 a.m.,00h:01m:57s,"0,05",6,18/04/2026 9:05:0.m.,Idle/Ign Off,00h:09m:33s,"Cl9b 16c-50, Mosquera, Cundinamarca, Colombia",Cundinamar,250040,01h:06m:20s,"36,19",42,51h:56m:28s,80h:57m:49s,"3.033,05",58,484h:03m:56s
,Unit: LQK053,18/04/2026 9:14 a.m.,00h:00m:00s,"0,00",0,18/04/2026 9:14:1.m.,Parked/Idle,00h:18m:42s,"Cl9b 16c-50, Mosquera, Cundinamarca, Colombia",Cundinamar,250040,01h:06m:20s,"36,19",42,51h:56m:28s,80h:57m:49s,"3.033,05",58,484h:03m:56s
,Unit: LQK053,18/04/2026 9:32 a.m.,00h:00m:00s,"0,00",0,18/04/2026 9:32:3.m.,Parked/Idle,00h:07m:25s,"Cl9b 16c-50, Mosquera, Cundinamarca, Colombia",Cundinamar,250040,01h:06m:20s,"36,19",42,51h:56m:28s,80h:57m:49s,"3.033,05",58,484h:03m:56s
,Unit: LQK053,18/04/2026 9:41 a.m.,00h:12m:35s,"5,84",35,18/04/2026 9:53:4.m.,Idle,00h:02m:00s,"Cl. 21 #7-30, Madrid, Cundinamarca, Colombia",Cundinamar,250030,01h:06m:20s,"36,19",42,51h:56m:28s,80h:57m:49s,"3.033,05",58,484h:03m:56s
,Unit: LQK053,18/04/2026 9:55 a.m.,00h:10m:00s,"6,32",37,18/04/2026 10:05:4.m.,Idle,00h:02m:00s,"Via Principal-88, Funza, Cundinamarca",Cun,250047,01h:06m:20s,"36,19",42,51h:56m:28s,80h:57m:49s,"3.033,05",58,484h:03m:56s
,Unit: LQK053,18/04/2026 10:07 a.m.,00h:01m:00s,"0,74",29,18/04/2026 10:08:4.m.,Idle,00h:01m:00s,"Cl7b 8a-60, Funza, Cundinamarca",Cun,250047,01h:06m:20s,"36,19",42,51h:56m:28s,80h:57m:49s,"3.033,05",58,484h:03m:56s
,Unit: LQK053,18/04/2026 10:09 a.m.,00h:01m:00s,"0,16",4,18/04/2026 10:10:4.m.,Idle,00h:03m:00s,"Via Principal-69, Funza, Cundinamarca",Cun,250047,01h:06m:20s,"36,19",42,51h:56m:28s,80h:57m:49s,"3.033,05",58,484h:03m:56s
,Unit: LQK053,18/04/2026 10:13 a.m.,00h:02m:00s,"0,48",4,18/04/2026 10:15:4.m.,Idle,00h:01m:00s,"Via Principal-33, Funza, Cundinamarca, Colombia",Cun,250047,01h:06m:20s,"36,19",42,51h:56m:28s,80h:57m:49s,"3.033,05",58,484h:03m:56s
,Unit: LQK053,18/04/2026 10:16 a.m.,00h:04m:22s,"3,33",31,18/04/2026 10:21:0.m.,Ign Off,00h:00m:03s,"Via Principal, Bogota, Cundinamarca",Cun,250047,01h:06m:20s,"36,19",42,51h:56m:28s,80h:57m:49s,"3.033,05",58,484h:03m:56s
,Unit: LQK053,18/04/2026 10:21 a.m.,00h:00m:00s,"0,00",0,18/04/2026 10:22:0.m.,Parked/Idle,00h:06m:50s,"Via Principal, Bogota, Cundinamarca, Colombia",Cun,250047,01h:06m:20s,"36,19",42,51h:56m:28s,80h:57m:49s,"3.033,05",58,484h:03m:56s
,Unit: LQK053,18/04/2026 10:28 a.m.,00h:00m:00s,"0,00",4,18/04/2026 10:29:4.m.,Parked/Idle,00h:22m:11s,"Via Principal-12, Bogota, Cundinamarca",Cun,250047,01h:06m:20s,"36,19",42,51h:56m:28s,80h:57m:49s,"3.033,05",58,484h:03m:56s
,Unit: LQK053,18/04/2026 10:51 a.m.,00h:00m:00s,"0,00",0,18/04/2026 10:52:3.m.,Parked/Idle,00h:00m:04s,"Via Principal-98, Bogota, Cundinamarca, Colombia",Cun,250047,01h:06m:20s,"36,19",42,51h:56m:28s,80h:57m:49s,"3.033,05",58,484h:03m:56s
,Unit: LQK053,18/04/2026 10:52 a.m.,00h:00m:00s,"0,00",9,18/04/2026 10:52:3.m.,Parked/Idle,00h:00m:17s,"Via Principal, Bogota, Cundinamarca",Cun,250047,01h:06m:20s,"36,19",42,51h:56m:28s,80h:57m:49s,"3.033,05",58,484h:03m:56s
,Unit: LQK053,18/04/2026 10:52 a.m.,00h:00m:00s,"0,00",4,18/04/2026 10:53:5.m.,Parked/Idle,00h:03m:50s,"Via Principal, Bogota, Cundinamarca",Cun,250047,01h:06m:20s,"36,19",42,51h:56m:28s,80h:57m:49s,"3.033,05",58,484h:03m:56s
,Unit: LQK053,18/04/2026 10:57 a.m.,00h:00m:00s,"0,00",0,18/04/2026 10:57:5.m.,Parked/Idle,00h:00m:02s,"Via Parque La Florida-57, Bogota, Cundinamarca",Cun,250047,01h:06m:20s,"36,19",42,51h:56m:28s,80h:57m:49s,"3.033,05",58,484h:03m:56s
,Unit: LQK053,18/04/2026 10:58 a.m.,00h:00m:00s,"0,00",0,18/04/2026 10:58:0.m.,Parked/Idle,00h:00m:00s,"Via Parque La Florida-56, Bogota, Cundinamarca",Cun,250047,01h:06m:20s,"36,19",42,51h:56m:28s,80h:57m:49s,"3.033,05",58,484h:03m:56s
,Unit: LQK053,18/04/2026 10:58 a.m.,00h:00m:02s,"0,02",10,18/04/2026 10:58:0.m.,Ign Off,00h:03m:04s,"Via Parque La Florida-56, Bogota, Cundinamarca",Cun,250047,01h:06m:20s,"36,19",42,51h:56m:28s,80h:57m:49s,"3.033,05",58,484h:03m:56s
,Unit: LQK053,18/04/2026 11:01 a.m.,00h:00m:00s,"0,00",21,18/04/2026 11:01:3.m.,Parked/Idle,00h:02m:56s,"Unnamed Road, Cota, Cundinamarca, Colombia",Cundinamar,250017,01h:06m:20s,"36,19",42,51h:56m:28s,80h:57m:49s,"3.033,05",58,484h:03m:56s
,Unit: LQK053,18/04/2026 11:04 a.m.,00h:00m:00s,"0,00",7,18/04/2026 11:04:3.m.,Parked/Idle,00h:12m:49s,"Av 50, Bogota, Cundinamarca",Cun,250017,01h:06m:20s,"36,19",42,51h:56m:28s,80h:57m:49s,"3.033,05",58,484h:03m:56s
,Unit: LQK053,18/04/2026 11:17 a.m.,00h:00m:00s,"0,00",0,18/04/2026 11:17:1.m.,Parked/Idle,00h:01m:00s,"Cl80 102-52, Bogota, Cundinamarca",Cun,250017,01h:06m:20s,"36,19",42,51h:56m:28s,80h:57m:49s,"3.033,05",58,484h:03m:56s
,Unit: LQK053,18/04/2026 11:19 a.m.,00h:01m:00s,"0,23",6,18/04/2026 11:20:2.m.,Idle,00h:01m:00s,"Calle 80 # 96-1 a 96-100, Bogotá, Cundinamarca, Colombia",Cundinamar,250017,01h:06m:20s,"36,19",42,51h:56m:28s,80h:57m:49s,"3.033,05",58,484h:03m:56s
,Unit: LQK053,18/04/2026 11:21 a.m.,00h:00m:06s,"0,69",11,18/04/2026 11:21:2.m.,Ign Off,00h:07m:53s,"Cl80 96-39, Bogota, Cundinamarca, Colombia",Cun,250017,01h:06m:20s,"36,19",42,51h:56m:28s,80h:57m:49s,"3.033,05",58,484h:03m:56s
,Unit: LQK053,18/04/2026 11:29 a.m.,00h:00m:00s,"0,00",31,18/04/2026 11:29:2.m.,Parked/Idle,00h:09m:26s,"Kr92 86a-10, Bogota, Cundinamarca",Cun,250017,01h:06m:20s,"36,19",42,51h:56m:28s,80h:57m:49s,"3.033,05",58,484h:03m:56s
,Unit: LQK053,18/04/2026 11:38 a.m.,00h:00m:00s,"0,00",0,18/04/2026 11:38:5.m.,Parked/Idle,00h:00m:00s,"Kr98 127b-14, Bogota, Cundinamarca, Colombia",Cun,250017,01h:06m:20s,"36,19",42,51h:56m:28s,80h:57m:49s,"3.033,05",58,484h:03m:56s
,Unit: LQK053,18/04/2026 11:39 a.m.,00h:01m:18s,"0,32",12,18/04/2026 11:41:1.m.,Ign Off,00h:01m:27s,"Cl128c 97-34, Bogota, Cundinamarca",Cun,250017,01h:06m:20s,"36,19",42,51h:56m:28s,80h:57m:49s,"3.033,05",58,484h:03m:56s
,Unit: LQK053,18/04/2026 11:42 a.m.,00h:00m:00s,"0,00",6,18/04/2026 11:43:0.m.,Parked/Idle,01h:28m:28s,"Kr96a 129-77, Bogota, Cundinamarca",Cun,250017,01h:06m:20s,"36,19",42,51h:56m:28s,80h:57m:49s,"3.033,05",58,484h:03m:56s
,Unit: LQK053,18/04/2026 1:11 p.m.,00h:00m:00s,"0,00",0,18/04/2026 1:11:3.m.,Parked/Idle,01h:02m:08s,"Cl130c 95b-76, Bogota, Cundinamarca",Cun,250017,01h:06m:20s,"36,19",42,51h:56m:28s,80h:57m:49s,"3.033,05",58,484h:03m:56s
,Unit: LQK053,18/04/2026 2:13 p.m.,00h:00m:00s,"0,00",0,18/04/2026 2:13:4.m.,Parked/Idle,00h:00m:00s,"Cl130c 95b-67, Bogota, Cundinamarca",Cun,250017,01h:06m:20s,"36,19",42,51h:56m:28s,80h:57m:49s,"3.033,05",58,484h:03m:56s
,Unit: LQK053,18/04/2026 2:14 p.m.,00h:00m:41s,"0,68",7,18/04/2026 2:15:2.m.,Ign Off,00h:07m:43s,"Cl129d 95-94, Bogota, Cundinamarca",Cun,250017,01h:06m:20s,"36,19",42,51h:56m:28s,80h:57m:49s,"3.033,05",58,484h:03m:56s
,Unit: LQK053,18/04/2026 2:23 p.m.,00h:00m:00s,"0,00",5,18/04/2026 2:23:3.m.,Parked/Idle,00h:00m:35s,"Cl. 129a #97-30 a 97-98, Bogotá, Bogotá, Colombia",Bogotá,111131,01h:06m:20s,"36,19",42,51h:56m:28s,80h:57m:49s,"3.033,05",58,484h:03m:56s
,Unit: LQK053,18/04/2026 2:24 p.m.,00h:00m:00s,"0,00",6,18/04/2026 2:24:1.m.,Parked/Idle,00h:00m:19s,"Kr99a 129bis-38, Bogota, Cundinamarca, Colombia",Bogotá,111131,01h:06m:20s,"36,19",42,51h:56m:28s,80h:57m:49s,"3.033,05",58,484h:03m:56s
,Unit: LQK053,18/04/2026 2:24 p.m.,00h:00m:00s,"0,00",0,18/04/2026 2:24:3.m.,Parked/Idle,00h:00m:00s,"Cra. 99a #129a-1 a 129a-61, Bogotá, Bogotá, Colombia",Bogotá,111131,01h:06m:20s,"36,19",42,51h:56m:28s,80h:57m:49s,"3.033,05",58,484h:03m:56s
,Unit: LQK053,18/04/2026 2:24 p.m.,00h:01m:01s,"0,82",21,18/04/2026 2:25:4.m.,Ign Off,00h:10m:28s,"Kr96a 129-51, Bogota, Cundinamarca",Cun,111131,01h:06m:20s,"36,19",42,51h:56m:28s,80h:57m:49s,"3.033,05",58,484h:03m:56s
,Unit: LQK053,18/04/2026 2:36 p.m.,00h:00m:00s,"0,00",12,18/04/2026 2:36:1.m.,Parked/Idle,00h:01m:44s,"Cl127 91-45, Bogota, Cundinamarca",Cun,111131,01h:06m:20s,"36,19",42,51h:56m:28s,80h:57m:49s,"3.033,05",58,484h:03m:56s
,Unit: LQK053,18/04/2026 2:37 p.m.,00h:00m:00s,"0,00",0,18/04/2026 2:37:5.m.,Parked/Idle,00h:00m:00s,"Kr91 127-71, Bogota, Cundinamarca",Cun,111131,01h:06m:20s,"36,19",42,51h:56m:28s,80h:57m:49s,"3.033,05",58,484h:03m:56s
,Unit: LQK053,18/04/2026 2:39 p.m.,00h:00m:32s,"0,42",3,18/04/2026 2:40:1.m.,Ign Off,00h:00m:04s,"Cl90b 91-8, Bogota, Cundinamarca",Cun,111131,01h:06m:20s,"36,19",42,51h:56m:28s,80h:57m:49s,"3.033,05",58,484h:03m:56s
,Unit: LQK053,18/04/2026 2:40 p.m.,00h:00m:00s,"0,00",6,18/04/2026 2:40:3.m.,Parked/Idle,00h:09m:49s,"Cl90b 91-8, Bogota, Cundinamarca",Cun,111131,01h:06m:20s,"36,19",42,51h:56m:28s,80h:57m:49s,"3.033,05",58,484h:03m:56s
,Unit: LQK053,18/04/2026 2:50 p.m.,00h:00m:00s,"0,00",0,18/04/2026 2:50:2.m.,Parked/Idle,00h:00m:00s,"Kr95g 90-64, Bogota, Cundinamarca",Cun,111131,01h:06m:20s,"36,19",42,51h:56m:28s,80h:57m:49s,"3.033,05",58,484h:03m:56s
,Unit: LQK053,18/04/2026 2:52 p.m.,00h:01m:00s,"0,21",4,18/04/2026 2:53:1.m.,Idle,00h:06m:01s,"Kr95g 87-72, Bogota, Cundinamarca",Cun,111131,01h:06m:20s,"36,19",42,51h:56m:28s,80h:57m:49s,"3.033,05",58,484h:03m:56s
,Unit: LQK053,18/04/2026 2:59 p.m.,00h:00m:59s,"0,26",6,18/04/2026 3:00:1.m.,Idle,00h:00m:22s,"Kr95g 86-56, Bogota, Cundinamarca, Colombia",Cun,111131,01h:06m:20s,"36,19",42,51h:56m:28s,80h:57m:49s,"3.033,05",58,484h:03m:56s
,Unit: LQK053,18/04/2026 3:00 p.m.,00h:02m:39s,"1,14",27,18/04/2026 3:03:2.m.,Idle,00h:00m:31s,"Dg86a 110-64, Bogota, Cundinamarca",Cun,111131,01h:06m:20s,"36,19",42,51h:56m:28s,80h:57m:49s,"3.033,05",58,484h:03m:56s
,Unit: LQK053,18/04/2026 3:03 p.m.,00h:03m:29s,"0,61",21,18/04/2026 3:07:2.m.,Idle,00h:01m:00s,"Cl83a 112f-70, Bogota, Cundinamarca",Cun,111131,01h:06m:20s,"36,19",42,51h:56m:28s,80h:57m:49s,"3.033,05",58,484h:03m:56s
,Unit: LQK053,18/04/2026 3:08 p.m.,00h:03m:00s,"0,95",19,18/04/2026 3:11:2.m.,Idle,00h:07m:22s,"Kr116a, Bogota, Cundinamarca",Cun,111131,01h:06m:20s,"36,19",42,51h:56m:28s,80h:57m:49s,"3.033,05",58,484h:03m:56s
,Unit: LQK053,18/04/2026 3:18 p.m.,00h:00m:15s,"0,16",4,18/04/2026 3:18:5.m.,Ign Off,00h:03m:07s,"Kr116b 80a-96, Bogota, Cundinamarca",Cun,111131,01h:06m:20s,"36,19",42,51h:56m:28s,80h:57m:49s,"3.033,05",58,484h:03m:56s
,Unit: LQK053,18/04/2026 3:22 p.m.,00h:00m:00s,"0,00",0,18/04/2026 3:22:0.m.,Parked/Idle,00h:03m:30s,"Kr116b 80a-96, Bogota, Cundinamarca",Cun,111131,01h:06m:20s,"36,19",42,51h:56m:28s,80h:57m:49s,"3.033,05",58,484h:03m:56s
,Unit: LQK053,18/04/2026 3:24 p.m.,00h:00m:00s,"0,00",16,18/04/2026 3:25:2.m.,Parked/Idle,00h:13m:17s,"Kr116b 80-40, Bogota, Cundinamarca",Cun,111131,01h:06m:20s,"36,19",42,51h:56m:28s,80h:57m:49s,"3.033,05",58,484h:03m:56s
,Unit: LQK053,18/04/2026 3:38 p.m.,00h:00m:00s,"0,00",0,18/04/2026 3:38:3.m.,Parked/Idle,00h:00m:00s,"Av 50-93, Bogota, Cundinamarca",Cun,111131,01h:06m:20s,"36,19",42,51h:56m:28s,80h:57m:49s,"3.033,05",58,484h:03m:56s
,Unit: LQK053,18/04/2026 3:39 p.m.,00h:06m:43s,"4,89",34,18/04/2026 3:45:5.m.,Ign Off,00h:00m:01s,"Via Principal, Bogota, Cundinamarca",Cun,111131,01h:06m:20s,"36,19",42,51h:56m:28s,80h:57m:49s,"3.033,05",58,484h:03m:56s
,Unit: LQK053,18/04/2026 3:45 p.m.,00h:00m:00s,"0,00",0,18/04/2026 3:46:4.m.,Parked/Idle,00h:00m:04s,"Via Principal, Bogota, Cundinamarca",Cun,111131,01h:06m:20s,"36,19",42,51h:56m:28s,80h:57m:49s,"3.033,05",58,484h:03m:56s
,Unit: LQK053,18/04/2026 3:46 p.m.,00h:00m:00s,"0,00",0,18/04/2026 3:46:5.m.,Parked/Idle,00h:00m:00s,"Via Principal, Bogota, Cundinamarca",Cun,111131,01h:06m:20s,"36,19",42,51h:56m:28s,80h:57m:49s,"3.033,05",58,484h:03m:56s
,Unit: LQK053,18/04/2026 3:48 p.m.,00h:01m:59s,"2,12",32,18/04/2026 3:50:3.m.,Idle/Ign Off,00h:00m:06s,"Via Principal-63, Funza, Cundinamarca",Cun,111131,01h:06m:20s,"36,19",42,51h:56m:28s,80h:57m:49s,"3.033,05",58,484h:03m:56s
,Unit: LQK053,18/04/2026 3:50 p.m.,00h:00m:00s,"0,00",0,18/04/2026 3:50:4.m.,Parked/Idle,00h:00m:59s,"Via Principal-63, Funza, Cundinamarca",Cun,111131,01h:06m:20s,"36,19",42,51h:56m:28s,80h:57m:49s,"3.033,05",58,484h:03m:56s
,Unit: LQK053,18/04/2026 3:53 p.m.,00h:06m:46s,"5,26",42,18/04/2026 4:00:2.m.,Ign Off,00h:01m:25s,"Av 50, Madrid, Cundinamarca",Cun,111131,01h:06m:20s,"36,19",42,51h:56m:28s,80h:57m:49s,"3.033,05",58,484h:03m:56s
,Unit: LQK053,18/04/2026 4:01 p.m.,00h:00m:00s,"0,00",0,18/04/2026 4:01:4.m.,Parked/Idle,00h:00m:00s,"Km 9 de la vía Bogotá - Facatativa, , Cundinamarca, Colombia",Cun,111131,01h:06m:20s,"36,19",42,51h:56m:28s,80h:57m:49s,"3.033,05",58,484h:03m:56s
,Unit: LQK053,18/04/2026 4:02 p.m.,00h:01m:56s,"0,48",16,18/04/2026 4:04:0.m.,Ign Off,00h:05m:05s,"Cl9b 16c-51, Mosquera, Cundinamarca, Colombia",Cun,111131,01h:06m:20s,"36,19",42,51h:56m:28s,80h:57m:49s,"3.033,05",58,484h:03m:56s
,Unit: LQK053,18/04/2026 4:09 p.m.,00h:00m:00s,"0,00",0,18/04/2026 4:09:1.m.,Parked/Idle,37h:04m:35s,"Cl9b 16c-51, Mosquera, Cundinamarca, Colombia",Cun,111131,01h:06m:20s,"36,19",42,51h:56m:28s,80h:57m:49s,"3.033,05",58,484h:03m:56s
,Unit: LUL144,18/04/2026 12:10 a.m.,00h:02m:30s,"0,08",4,18/04/2026 12:13:2.m.,Idle/Ign Off,08h:42m:41s,"Cl9b 16c-50, Mosquera, Cundinamarca, Colombia",Cundinamar,250040,11h:26m:21s,"479,81",55,42h:06m:53s,80h:57m:49s,"3.033,05",58,484h:03m:56s
,Unit: LUL144,18/04/2026 8:46 a.m.,00h:00m:00s,"0,00",0,18/04/2026 8:46:3.m.,Parked/Idle,01h:24m:40s,"Cl9b 16c-50, Mosquera, Cundinamarca, Colombia",Cundinamar,250040,11h:26m:21s,"479,81",55,42h:06m:53s,80h:57m:49s,"3.033,05",58,484h:03m:56s
,Unit: LUL144,18/04/2026 9:48 a.m.,00h:00m:00s,"0,00",0,18/04/2026 9:48:4.m.,Parked/Idle,00h:13m:02s,"Cl9b 16c-50, Mosquera, Cundinamarca, Colombia",Cundinamar,250040,11h:26m:21s,"479,81",55,42h:06m:53s,80h:57m:49s,"3.033,05",58,484h:03m:56s
,Unit: LUL144,18/04/2026 9:55 a.m.,00h:00m:00s,"0,00",0,18/04/2026 9:55:4.m.,Parked/Idle,00h:01m:27s,"Cl9b 16c-50, Mosquera, Cundinamarca, Colombia",Cundinamar,250040,11h:26m:21s,"479,81",55,42h:06m:53s,80h:57m:49s,"3.033,05",58,484h:03m:56s
,Unit: LUL144,18/04/2026 9:59 a.m.,00h:04m:33s,"2,14",40,18/04/2026 10:03:4.m.,Idle/Ign Off,00h:25m:53s,"Av 50-18, Madrid, Cundinamarca",Cun,250040,11h:26m:21s,"479,81",55,42h:06m:53s,80h:57m:49s,"3.033,05",58,484h:03m:56s
,Unit: LUL144,18/04/2026 10:28 a.m.,00h:00m:00s,"0,00",0,18/04/2026 10:28:4.m.,Parked/Idle,00h:00m:00s,"Av 50-18, Madrid, Cundinamarca",Cun,250040,11h:26m:21s,"479,81",55,42h:06m:53s,80h:57m:49s,"3.033,05",58,484h:03m:56s
,Unit: LUL144,18/04/2026 10:29 a.m.,00h:00m:41s,"0,11",5,18/04/2026 10:30:2.m.,Ign Off,00h:09m:42s,"Av 50-22, Madrid, Cundinamarca",Cun,250040,11h:26m:21s,"479,81",55,42h:06m:53s,80h:57m:49s,"3.033,05",58,484h:03m:56s
,Unit: LUL144,18/04/2026 10:40 a.m.,00h:00m:00s,"0,00",0,18/04/2026 10:40:0.m.,Parked/Idle,00h:01m:09s,"Av 50-22, Madrid, Cundinamarca",Cun,250040,11h:26m:21s,"479,81",55,42h:06m:53s,80h:57m:49s,"3.033,05",58,484h:03m:56s
,Unit: LUL144,18/04/2026 10:42 a.m.,00h:03m:51s,"1,80",32,18/04/2026 10:46:0.m.,Idle,00h:01m:00s,"Av 50-49, Madrid, Cundinamarca",Cun,250040,11h:26m:21s,"479,81",55,42h:06m:53s,80h:57m:49s,"3.033,05",58,484h:03m:56s
,Unit: LUL144,18/04/2026 10:47 a.m.,00h:02m:00s,"0,77",18,18/04/2026 10:49:0.m.,Idle,00h:01m:00s,"Madrid # 66 a 94, Madrid, Cundinamarca, Colombia",Cundinamar,250040,11h:26m:21s,"479,81",55,42h:06m:53s,80h:57m:49s,"3.033,05",58,484h:03m:56s
,Unit: LUL144,18/04/2026 10:50 a.m.,00h:01m:00s,"0,27",10,18/04/2026 10:51:0.m.,Idle,00h:01m:00s,"Madrid-65, Madrid, Cundinamarca, Colombia",Cun,250040,11h:26m:21s,"479,81",55,42h:06m:53s,80h:57m:49s,"3.033,05",58,484h:03m:56s
,Unit: LUL144,18/04/2026 10:52 a.m.,00h:49m:00s,"23,29",48,18/04/2026 11:41:0.m.,Idle,00h:01m:00s,"Av 50-13, Bogota, Cundinamarca",Cun,250038,11h:26m:21s,"479,81",55,42h:06m:53s,80h:57m:49s,"3.033,05",58,484h:03m:56s
,Unit: LUL144,18/04/2026 11:42 a.m.,00h:02m:00s,"0,35",6,18/04/2026 11:44:0.m.,Idle,00h:02m:00s,"Av 50, Bogota, Cundinamarca",Cun,250017,11h:26m:21s,"479,81",55,42h:06m:53s,80h:57m:49s,"3.033,05",58,484h:03m:56s
,Unit: LUL144,18/04/2026 11:46 a.m.,00h:03m:00s,"0,68",6,18/04/2026 11:49:0.m.,Idle,00h:01m:00s,"Av 50, Bogota, Cundinamarca",Cun,250017,11h:26m:21s,"479,81",55,42h:06m:53s,80h:57m:49s,"3.033,05",58,484h:03m:56s
,Unit: LUL144,18/04/2026 11:50 a.m.,00h:13m:00s,"4,07",22,18/04/2026 12:03:0.m.,Idle/Ign Off,00h:11m:23s,"Carrera 70c #5360, Bogotá, Colombia",Bogotá,111071,11h:26m:21s,"479,81",55,42h:06m:53s,80h:57m:49s,"3.033,05",58,484h:03m:56s
,Unit: LUL144,18/04/2026 12:09 p.m.,00h:00m:00s,"0,00",0,18/04/2026 12:09:2.m.,Parked/Idle,00h:00m:00s,"Carrera 70c ##5360, Bogotá, Colombia",Bogotá,111071,11h:26m:21s,"479,81",55,42h:06m:53s,80h:57m:49s,"3.033,05",58,484h:03m:56s
,Unit: LUL144,18/04/2026 12:10 p.m.,00h:01m:44s,"0,06",3,18/04/2026 12:12:0.m.,Idle/Ign Off,04h:52m:47s,"Parcelas de cota, parcela 20, lote 4, Cota, Cundinamarca, Colombia",Cundinamar,250017,11h:26m:21s,"479,81",55,42h:06m:53s,80h:57m:49s,"3.033,05",58,484h:03m:56s
,Unit: LUL144,18/04/2026 5:02 p.m.,00h:00m:00s,"0,00",0,18/04/2026 5:02:0.m.,Parked/Idle,00h:02m:58s,"Parcelas de cota, parcela 20, lote 4, Cota, Cundinamarca, Colombia",Cundinamar,250017,11h:26m:21s,"479,81",55,42h:06m:53s,80h:57m:49s,"3.033,05",58,484h:03m:56s
,Unit: LUL144,18/04/2026 5:05 p.m.,00h:02m:02s,"0,18",3,18/04/2026 5:08:0.m.,Idle/Ign Off,00h:01m:33s,"Parcelas de cota, parcela 20, lote 4, Cota, Cundinamarca, Colombia",Cundinamar,250017,11h:26m:21s,"479,81",55,42h:06m:53s,80h:57m:49s,"3.033,05",58,484h:03m:56s
,Unit: LUL144,18/04/2026 5:09 p.m.,00h:00m:00s,"0,00",0,18/04/2026 5:09:1.m.,Parked/Idle,00h:40m:20s,"Carrera 70c #5360, Bogotá, Colombia",Bogotá,111071,11h:26m:21s,"479,81",55,42h:06m:53s,80h:57m:49s,"3.033,05",58,484h:03m:56s
,Unit: LUL144,18/04/2026 5:46 p.m.,00h:00m:00s,"0,00",0,18/04/2026 5:46:3.m.,Parked/Idle,00h:13m:42s,"Parcelas de cota, parcela 20, lote 4, Cota, Cundinamarca, Colombia",Cundinamar,250017,11h:26m:21s,"479,81",55,42h:06m:53s,80h:57m:49s,"3.033,05",58,484h:03m:56s
,Unit: LUL144,18/04/2026 5:57 p.m.,00h:00m:00s,"0,00",0,18/04/2026 5:57:4.m.,Parked/Idle,00h:00m:44s,"Carrera 70c ##5360, Bogotá, Colombia",Bogotá,111071,11h:26m:21s,"479,81",55,42h:06m:53s,80h:57m:49s,"3.033,05",58,484h:03m:56s
,Unit: LUL144,18/04/2026 5:58 p.m.,00h:00m:00s,"0,00",0,18/04/2026 5:58:2.m.,Parked/Idle,00h:03m:00s,"Carrera 70c ##5360, Bogotá, Colombia",Bogotá,111071,11h:26m:21s,"479,81",55,42h:06m:53s,80h:57m:49s,"3.033,05",58,484h:03m:56s
,Unit: LUL144,18/04/2026 6:02 p.m.,00h:07m:00s,"4,23",40,18/04/2026 6:09:3.m.,Idle,00h:01m:00s,"Av 50-93, Bogota, Cundinamarca",Cun,111071,11h:26m:21s,"479,81",55,42h:06m:53s,80h:57m:49s,"3.033,05",58,484h:03m:56s
,Unit: LUL144,18/04/2026 6:10 p.m.,00h:06m:00s,"4,09",44,18/04/2026 6:16:3.m.,Idle,00h:01m:00s,"Av 50-54, Bogota, Cundinamarca",Cun,111071,11h:26m:21s,"479,81",55,42h:06m:53s,80h:57m:49s,"3.033,05",58,484h:03m:56s
,Unit: LUL144,18/04/2026 6:17 p.m.,02h:33m:00s,"86,39",46,18/04/2026 8:50:3.m.,Idle/Ign Off,00h:36m:04s,"Av 50-13, Guaduas, Cundinamarca",Cun,253418,11h:26m:21s,"479,81",55,42h:06m:53s,80h:57m:49s,"3.033,05",58,484h:03m:56s
,Unit: LUL144,18/04/2026 9:25 p.m.,00h:00m:00s,"0,00",0,18/04/2026 9:25:0.m.,Parked/Idle,00h:00m:17s,"Av 50-13, Guaduas, Cundinamarca",Cun,253418,11h:26m:21s,"479,81",55,42h:06m:53s,80h:57m:49s,"3.033,05",58,484h:03m:56s
,Unit: LUL144,18/04/2026 9:26 p.m.,00h:41m:43s,"20,37",30,18/04/2026 10:08:0.m.,Idle,00h:03m:00s,"South America, Guaduas, Cundinamarca",CUN,253418,11h:26m:21s,"479,81",55,42h:06m:53s,80h:57m:49s,"3.033,05",58,484h:03m:56s
,Unit: LUL144,18/04/2026 10:11 p.m.,01h:39m:59s,"86,58",54,18/04/2026 11:51:0.m.,Idle/Ign Off,02h:10m:35s,"I-45 # 1, Puerto Salgar, Cundinamarca, Colombia",Cundinamar,253487,11h:26m:21s,"479,81",55,42h:06m:53s,80h:57m:49s,"3.033,05",58,484h:03m:56s
,Unit: LUL144,19/04/2026 1:49 a.m.,00h:00m:00s,"0,00",0,19/04/2026 1:49:5.m.,Parked/Idle,00h:15m:00s,"I-45 # 1, Puerto Salgar, Cundinamarca, Colombia",Cundinamar,253487,11h:26m:21s,"479,81",55,42h:06m:53s,80h:57m:49s,"3.033,05",58,484h:03m:56s
,Unit: LUL144,19/04/2026 2:06 a.m.,00h:26m:00s,"25,06",52,19/04/2026 2:32:0.m.,Idle,00h:02m:00s,"Av 45, Puerto Salgar, Cundinamarca",Cun,155219,11h:26m:21s,"479,81",55,42h:06m:53s,80h:57m:49s,"3.033,05",58,484h:03m:56s
,Unit: LUL144,19/04/2026 2:34 a.m.,00h:29m:59s,"36,92",55,19/04/2026 3:03:5.m.,Idle,00h:13m:01s,"Puerto Boyaca-Puerto Nare, Puerto Boyacá, Boyacá, Colombia",Boyacá,155209,11h:26m:21s,"479,81",55,42h:06m:53s,80h:57m:49s,"3.033,05",58,484h:03m:56s
,Unit: LUL144,19/04/2026 3:17 a.m.,01h:33m:00s,"102,05",54,19/04/2026 4:50:0.m.,Idle,00h:01m:00s,"Km 199 de la vía Dorada - Sabana de Torres, , Santander",Ant,686057,11h:26m:21s,"479,81",55,42h:06m:53s,80h:57m:49s,"3.033,05",58,484h:03m:56s
,Unit: LUL144,19/04/2026 4:51 a.m.,00h:01m:00s,"0,27",18,19/04/2026 4:52:0.m.,Idle,00h:08m:00s,"Km 199 de la vía Dorada - Sabana de Torres, , Santander",Ant,686057,11h:26m:21s,"479,81",55,42h:06m:53s,80h:57m:49s,"3.033,05",58,484h:03m:56s
,Unit: LUL144,19/04/2026 5:00 a.m.,01h:01m:00s,"54,80",51,19/04/2026 6:01:0.m.,Idle,00h:00m:50s,"Dg60-67, Barrancabermeja, Santander",Snt,687038,11h:26m:21s,"479,81",55,42h:06m:53s,80h:57m:49s,"3.033,05",58,484h:03m:56s
,Unit: LUL144,19/04/2026 6:01 a.m.,00h:11m:10s,"4,41",20,19/04/2026 6:13:0.m.,Idle,00h:01m:00s,"Kr7 75-21, Barrancabermeja, Santander, Colombia",Snt,687031,11h:26m:21s,"479,81",55,42h:06m:53s,80h:57m:49s,"3.033,05",58,484h:03m:56s
,Unit: LUL144,19/04/2026 6:14 a.m.,00h:05m:00s,"2,01",21,19/04/2026 6:19:0.m.,Idle,00h:07m:01s,"Puente, Barrancabermeja, Santander, Colombia",Santander,687031,11h:26m:21s,"479,81",55,42h:06m:53s,80h:57m:49s,"3.033,05",58,484h:03m:56s
,Unit: LUL144,19/04/2026 6:26 a.m.,00h:01m:59s,"0,32",2,19/04/2026 6:28:0.m.,Idle,00h:01m:48s,"Puente, Barrancabermeja, Santander, Colombia",Santander,687031,11h:26m:21s,"479,81",55,42h:06m:53s,80h:57m:49s,"3.033,05",58,484h:03m:56s
,Unit: LUL144,19/04/2026 6:29 a.m.,00h:10m:12s,"3,80",28,19/04/2026 6:40:0.m.,Idle,00h:05m:13s,"Kr18 71-11, Barrancabermeja, Santander",Snt,687031,11h:26m:21s,"479,81",55,42h:06m:53s,80h:57m:49s,"3.033,05",58,484h:03m:56s
,Unit: LUL144,19/04/2026 6:45 a.m.,00h:01m:46s,"0,26",4,19/04/2026 6:46:5.m.,Idle,00h:00m:23s,"Cl71 20-69, Barrancabermeja, Santander",Snt,687031,11h:26m:21s,"479,81",55,42h:06m:53s,80h:57m:49s,"3.033,05",58,484h:03m:56s
,Unit: LUL144,19/04/2026 6:47 a.m.,00h:09m:29s,"3,69",25,19/04/2026 6:56:5.m.,Ign Off,00h:03m:50s,"Puente, Barrancabermeja, Santander",Snt,687031,11h:26m:21s,"479,81",55,42h:06m:53s,80h:57m:49s,"3.033,05",58,484h:03m:56s
,Unit: LUL144,19/04/2026 7:00 a.m.,00h:00m:00s,"0,00",0,19/04/2026 7:00:4.m.,Parked/Idle,00h:00m:00s,"Puente, Barrancabermeja, Santander",Snt,687031,11h:26m:21s,"479,81",55,42h:06m:53s,80h:57m:49s,"3.033,05",58,484h:03m:56s
,Unit: LUL144,19/04/2026 7:01 a.m.,00h:02m:01s,"0,47",16,19/04/2026 7:03:4.m.,Idle/Ign Off,00h:12m:14s,"Refinería Ecopetrol, Unnamed Road, Barrancabermeja, Santander, Colombia",Santander,687031,11h:26m:21s,"479,81",55,42h:06m:53s,80h:57m:49s,"3.033,05",58,484h:03m:56s
,Unit: LUL144,19/04/2026 7:12 a.m.,00h:00m:00s,"0,00",0,19/04/2026 7:12:0.m.,Parked/Idle,00h:45m:37s,"Refinería Ecopetrol, Unnamed Road, Barrancabermeja, Santander, Colombia",Santander,687031,11h:26m:21s,"479,81",55,42h:06m:53s,80h:57m:49s,"3.033,05",58,484h:03m:56s
,Unit: LUL144,19/04/2026 7:44 a.m.,00h:00m:00s,"0,00",0,19/04/2026 7:44:2.m.,Parked/Idle,00h:00m:08s,"Refinería Ecopetrol, Unnamed Road, Barrancabermeja, Santander, Colombia",Santander,687031,11h:26m:21s,"479,81",55,42h:06m:53s,80h:57m:49s,"3.033,05",58,484h:03m:56s
,Unit: LUL144,19/04/2026 7:45 a.m.,00h:01m:52s,"0,10",3,19/04/2026 7:47:2.m.,Idle/Ign Off,00h:15m:35s,"Puente, Barrancabermeja, Santander, Colombia",Santander,687031,11h:26m:21s,"479,81",55,42h:06m:53s,80h:57m:49s,"3.033,05",58,484h:03m:56s
,Unit: LUL144,19/04/2026 8:00 a.m.,00h:00m:00s,"0,00",0,19/04/2026 8:00:3.m.,Parked/Idle,00h:01m:14s,"Puente, Barrancabermeja, Santander, Colombia",Santander,687031,11h:26m:21s,"479,81",55,42h:06m:53s,80h:57m:49s,"3.033,05",58,484h:03m:56s
,Unit: LUL144,19/04/2026 8:02 a.m.,00h:01m:46s,"0,03",3,19/04/2026 8:04:4.m.,Idle,00h:02m:25s,"Puente, Barrancabermeja, Santander, Colombia",Santander,687031,11h:26m:21s,"479,81",55,42h:06m:53s,80h:57m:49s,"3.033,05",58,484h:03m:56s
,Unit: LUL144,19/04/2026 8:07 a.m.,00h:02m:34s,"0,13",4,19/04/2026 8:09:3.m.,Idle/Ign Off,01h:30m:41s,"34H9+88 Barrancabermeja, Santander, Colombia",Santander,687031,11h:26m:21s,"479,81",55,42h:06m:53s,80h:57m:49s,"3.033,05",58,484h:03m:56s
,Unit: LUL144,19/04/2026 9:37 a.m.,00h:00m:00s,"0,00",0,19/04/2026 9:37:0.m.,Parked/Idle,00h:01m:21s,"34H9+88 Barrancabermeja, Santander, Colombia",Santander,687031,11h:26m:21s,"479,81",55,42h:06m:53s,80h:57m:49s,"3.033,05",58,484h:03m:56s
,Unit: LUL144,19/04/2026 9:39 a.m.,00h:02m:05s,"0,26",6,19/04/2026 9:41:2.m.,Ign Off,00h:25m:48s,"Puente, Barrancabermeja, Santander, Colombia",Santander,687031,11h:26m:21s,"479,81",55,42h:06m:53s,80h:57m:49s,"3.033,05",58,484h:03m:56s
,Unit: LUL144,19/04/2026 10:07 a.m.,00h:00m:00s,"0,00",0,19/04/2026 10:07:1.m.,Parked/Idle,00h:01m:07s,"Puente, Barrancabermeja, Santander, Colombia",Santander,687031,11h:26m:21s,"479,81",55,42h:06m:53s,80h:57m:49s,"3.033,05",58,484h:03m:56s
,Unit: LUL144,19/04/2026 10:09 a.m.,00h:01m:52s,"0,48",3,19/04/2026 10:11:1.m.,Idle/Ign Off,00h:00m:43s,"Puente, Barrancabermeja, Santander",Snt,687031,11h:26m:21s,"479,81",55,42h:06m:53s,80h:57m:49s,"3.033,05",58,484h:03m:56s
,Unit: LUL144,19/04/2026 10:11 a.m.,00h:00m:00s,"0,00",0,19/04/2026 10:11:5.m.,Parked/Idle,00h:00m:00s,"Puente, Barrancabermeja, Santander",Snt,687031,11h:26m:21s,"479,81",55,42h:06m:53s,80h:57m:49s,"3.033,05",58,484h:03m:56s
,Unit: LUL144,19/04/2026 10:12 a.m.,00h:10m:39s,"3,99",31,19/04/2026 10:23:1.m.,Idle,00h:01m:00s,"Cl71 23-73, Barrancabermeja, Santander",Snt,687031,11h:26m:21s,"479,81",55,42h:06m:53s,80h:57m:49s,"3.033,05",58,484h:03m:56s
,Unit: LUL144,19/04/2026 10:24 a.m.,00h:01m:00s,"0,56",30,19/04/2026 10:25:1.m.,Idle,00h:01m:00s,"Kr30 67-43, Barrancabermeja, Santander",Snt,687031,11h:26m:21s,"479,81",55,42h:06m:53s,80h:57m:49s,"3.033,05",58,484h:03m:56s
,Unit: LUL144,19/04/2026 10:26 a.m.,00h:07m:00s,"2,75",34,19/04/2026 10:33:1.m.,Idle,00h:00m:39s,"Dg65 47-32, Barrancabermeja, Santander",Snt,687031,11h:26m:21s,"479,81",55,42h:06m:53s,80h:57m:49s,"3.033,05",58,484h:03m:56s
,Unit: LUL144,19/04/2026 10:33 a.m.,00h:06m:20s,"1,53",15,19/04/2026 10:40:1.m.,Idle,00h:12m:52s,"Tr48, Barrancabermeja, Santander, Colombia",Snt,687031,11h:26m:21s,"479,81",55,42h:06m:53s,80h:57m:49s,"3.033,05",58,484h:03m:56s
,Unit: LUL144,19/04/2026 10:53 a.m.,00h:01m:08s,"0,05",3,19/04/2026 10:54:1.m.,Idle/Ign Off,04h:16m:34s,"Tr48, Barrancabermeja, Santander, Colombia",SNT,687031,11h:26m:21s,"479,81",55,42h:06m:53s,80h:57m:49s,"3.033,05",58,484h:03m:56s
,Unit: LUL144,19/04/2026 3:08 p.m.,00h:00m:00s,"0,00",0,19/04/2026 3:08:1.m.,Parked/Idle,00h:25m:00s,"Tr48, Barrancabermeja, Santander, Colombia",SNT,687031,11h:26m:21s,"479,81",55,42h:06m:53s,80h:57m:49s,"3.033,05",58,484h:03m:56s
,Unit: LUL144,19/04/2026 3:34 p.m.,00h:03m:00s,"0,27",4,19/04/2026 3:37:2.m.,Idle,00h:00m:34s,"Tv. 48, Barrancabermeja, Santander, Colombia",Santander,687032,11h:26m:21s,"479,81",55,42h:06m:53s,80h:57m:49s,"3.033,05",58,484h:03m:56s
,Unit: LUL144,19/04/2026 3:37 p.m.,00h:01m:26s,"0,13",4,19/04/2026 3:39:2.m.,Idle/Ign Off,12h:49m:18s,"Tr48, Barrancabermeja, Santander, Colombia",Santander,687032,11h:26m:21s,"479,81",55,42h:06m:53s,80h:57m:49s,"3.033,05",58,484h:03m:56s
,Unit: LUM169,18/04/2026 12:00 a.m.,00h:00m:00s,"0,00",0,18/04/2026 12:18:5.m.,Parked/Idle,00h:26m:50s,"Km 46 de la vía OrocuÚ - Cravo viejo, , Casanare, Colombia",Casanare,853059,13h:19m:45s,"513,04",57,41h:09m:53s,80h:57m:49s,"3.033,05",58,484h:03m:56s
,Unit: LUM169,18/04/2026 12:27 a.m.,00h:01m:14s,"0,08",4,18/04/2026 12:29:0.m.,Idle,00h:00m:05s,"Km 46 de la vía OrocuÚ - Cravo viejo, , Casanare, Colombia",Casanare,853059,13h:19m:45s,"513,04",57,41h:09m:53s,80h:57m:49s,"3.033,05",58,484h:03m:56s
,Unit: LUM169,18/04/2026 12:29 a.m.,00h:01m:43s,"0,13",6,18/04/2026 12:30:5.m.,Idle/Ign Off,01h:24m:29s,"Km 46 de la vía OrocuÚ - Cravo viejo, , Casanare, Colombia",Casanare,853059,13h:19m:45s,"513,04",57,41h:09m:53s,80h:57m:49s,"3.033,05",58,484h:03m:56s
,Unit: LUM169,18/04/2026 1:49 a.m.,00h:00m:00s,"0,00",0,18/04/2026 1:49:1.m.,Parked/Idle,03h:02m:49s,"Km 46 de la vía OrocuÚ - Cravo viejo, , Casanare, Colombia",Casanare,853059,13h:19m:45s,"513,04",57,41h:09m:53s,80h:57m:49s,"3.033,05",58,484h:03m:56s
,Unit: LUM169,18/04/2026 4:42 a.m.,00h:00m:00s,"0,00",0,18/04/2026 4:42:1.m.,Parked/Idle,02h:17m:09s,"Km 46 de la vía OrocuÚ - Cravo viejo, , Casanare, Colombia",Casanare,853059,13h:19m:45s,"513,04",57,41h:09m:53s,80h:57m:49s,"3.033,05",58,484h:03m:56s
,Unit: LUM169,18/04/2026 6:56 a.m.,00h:00m:00s,"0,00",0,18/04/2026 6:56:0.m.,Parked/Idle,00h:00m:38s,"Km 46 de la vía OrocuÚ - Cravo viejo, , Casanare, Colombia",Casanare,853059,13h:19m:45s,"513,04",57,41h:09m:53s,80h:57m:49s,"3.033,05",58,484h:03m:56s
,Unit: LUM169,18/04/2026 6:57 a.m.,00h:02m:04s,"0,10",4,18/04/2026 6:59:5.m.,Ign Off,00h:50m:14s,"Km 46 de la vía OrocuÚ - Cravo viejo, , Casanare, Colombia",Casanare,853059,13h:19m:45s,"513,04",57,41h:09m:53s,80h:57m:49s,"3.033,05",58,484h:03m:56s
,Unit: LUM169,18/04/2026 7:50 a.m.,00h:00m:00s,"0,00",0,18/04/2026 7:50:0.m.,Parked/Idle,00h:01m:40s,"Km 46 de la vía OrocuÚ - Cravo viejo, , Casanare, Colombia",Casanare,853059,13h:19m:45s,"513,04",57,41h:09m:53s,80h:57m:49s,"3.033,05",58,484h:03m:56s
,Unit: LUM169,18/04/2026 7:52 a.m.,00h:33m:20s,"6,10",11,18/04/2026 8:26:0.m.,Idle,00h:00m:54s,"Km 46 de la vía OrocuÚ - Cravo viejo, , Casanare",Casanare,853059,13h:19m:45s,"513,04",57,41h:09m:53s,80h:57m:49s,"3.033,05",58,484h:03m:56s
,Unit: LUM169,18/04/2026 8:27 a.m.,00h:08m:06s,"1,13",9,18/04/2026 8:35:0.m.,Idle,00h:02m:00s,"Km 46 de la vía OrocuÚ - Cravo viejo, , Casanare, Colombia",Casanare,853059,13h:19m:45s,"513,04",57,41h:09m:53s,80h:57m:49s,"3.033,05",58,484h:03m:56s
,Unit: LUM169,18/04/2026 8:37 a.m.,00h:47m:00s,"7,50",14,18/04/2026 9:24:0.m.,Idle,00h:02m:00s,"Km 46 de la vía OrocuÚ - Cravo viejo, , Casanare, Colombia",Casanare,853059,13h:19m:45s,"513,04",57,41h:09m:53s,80h:57m:49s,"3.033,05",58,484h:03m:56s
,Unit: LUM169,18/04/2026 9:26 a.m.,00h:09m:00s,"1,29",7,18/04/2026 9:35:0.m.,Idle,00h:01m:00s,"Km 47 de la vía OrocuÚ - Cravo viejo, , Casanare, Colombia",Casanare,853059,13h:19m:45s,"513,04",57,41h:09m:53s,80h:57m:49s,"3.033,05",58,484h:03m:56s
,Unit: LUM169,18/04/2026 9:36 a.m.,00h:00m:59s,"0,18",4,18/04/2026 9:37:0.m.,Idle,00h:03m:01s,"Km 47 de la vía OrocuÚ - Cravo viejo, , Casanare, Colombia",Casanare,853059,13h:19m:45s,"513,04",57,41h:09m:53s,80h:57m:49s,"3.033,05",58,484h:03m:56s
,Unit: LUM169,18/04/2026 9:40 a.m.,00h:06m:59s,"2,06",16,18/04/2026 9:47:0.m.,Idle,00h:02m:01s,"Km 47 de la vía OrocuÚ - Cravo viejo, , Casanare, Colombia",Casanare,853059,13h:19m:45s,"513,04",57,41h:09m:53s,80h:57m:49s,"3.033,05",58,484h:03m:56s
,Unit: LUM169,18/04/2026 9:49 a.m.,01h:23m:00s,"27,10",21,18/04/2026 11:12:0.m.,Idle,00h:00m:27s,"Km 0 de la vía Algarrobo, , Casanare, Colombia",CAS,853059,13h:19m:45s,"513,04",57,41h:09m:53s,80h:57m:49s,"3.033,05",58,484h:03m:56s
,Unit: LUM169,18/04/2026 11:12 a.m.,00h:39m:33s,"10,72",13,18/04/2026 11:52:0.m.,Idle,00h:06m:00s,"Km 10 de la vía Algarrobo - La Fortuna, , Casanare, Colombia",Casanare,850009,13h:19m:45s,"513,04",57,41h:09m:53s,80h:57m:49s,"3.033,05",58,484h:03m:56s
,Unit: LUM169,18/04/2026 11:58 a.m.,01h:26m:00s,"78,20",55,18/04/2026 1:24:0.m.,Idle,00h:03m:59s,"7GCG+HP Yopal, Casanare, Colombia",Casanare,850002,13h:19m:45s,"513,04",57,41h:09m:53s,80h:57m:49s,"3.033,05",58,484h:03m:56s
,Unit: LUM169,18/04/2026 1:28 p.m.,00h:13m:01s,"15,61",53,18/04/2026 1:41:0.m.,Idle,00h:01m:51s,"Av 65, Aguazul, Casanare",Cas,850002,13h:19m:45s,"513,04",57,41h:09m:53s,80h:57m:49s,"3.033,05",58,484h:03m:56s
,Unit: LUM169,18/04/2026 1:42 p.m.,00h:51m:09s,"55,81",56,18/04/2026 2:34:0.m.,Idle,00h:00m:59s,"Km 18 de la vía Monterrey - El Venado, , Casanare, Colombia",Cas,850002,13h:19m:45s,"513,04",57,41h:09m:53s,80h:57m:49s,"3.033,05",58,484h:03m:56s
,Unit: LUM169,18/04/2026 2:35 p.m.,01h:06m:01s,"63,57",57,18/04/2026 3:41:0.m.,Idle,00h:02m:00s,"Kr9 11-10, Villanueva, Casanare",Cas,855058,13h:19m:45s,"513,04",57,41h:09m:53s,80h:57m:49s,"3.033,05",58,484h:03m:56s
,Unit: LUM169,18/04/2026 3:43 p.m.,02h:45m:00s,"138,23",57,18/04/2026 6:28:0.m.,Idle,00h:01m:29s,"Km 60 de la vía Bogotá - Villavicencio, , Cundinamarca",Cundinamar,251857,13h:19m:45s,"513,04",57,41h:09m:53s,80h:57m:49s,"3.033,05",58,484h:03m:56s
,Unit: LUM169,18/04/2026 6:29 p.m.,00h:22m:31s,"14,52",42,18/04/2026 6:52:0.m.,Idle,00h:02m:40s,"South America, Cundinamarca",CUN,251847,13h:19m:45s,"513,04",57,41h:09m:53s,80h:57m:49s,"3.033,05",58,484h:03m:56s
,Unit: LUM169,18/04/2026 6:54 p.m.,01h:20m:20s,"46,20",46,18/04/2026 8:15:0.m.,Idle,00h:01m:23s,"Av 40-14, Bogota, Cundinamarca",Cun,251827,13h:19m:45s,"513,04",57,41h:09m:53s,80h:57m:49s,"3.033,05",58,484h:03m:56s
,Unit: LUM169,18/04/2026 8:16 p.m.,00h:08m:37s,"7,48",35,18/04/2026 8:25:0.m.,Idle,00h:00m:42s,"Kr5e 82s-69, Bogota, Cundinamarca",Cun,251827,13h:19m:45s,"513,04",57,41h:09m:53s,80h:57m:49s,"3.033,05",58,484h:03m:56s
,Unit: LUM169,18/04/2026 8:25 p.m.,00h:05m:18s,"2,95",29,18/04/2026 8:31:0.m.,Idle,00h:03m:59s,"Av Boyaca S 73abis, Bogota, Cundinamarca",Cun,251827,13h:19m:45s,"513,04",57,41h:09m:53s,80h:57m:49s,"3.033,05",58,484h:03m:56s
,Unit: LUM169,18/04/2026 8:35 p.m.,00h:01m:01s,"0,60",14,18/04/2026 8:36:0.m.,Idle,00h:01m:00s,"Av Boyaca S 3g, Bogota, Cundinamarca",Cun,251827,13h:19m:45s,"513,04",57,41h:09m:53s,80h:57m:49s,"3.033,05",58,484h:03m:56s
,Unit: LUM169,18/04/2026 8:37 p.m.,00h:06m:00s,"4,78",34,18/04/2026 8:43:0.m.,Idle,00h:01m:00s,"Av Boyaca 18b-67, Bogota, Cundinamarca, Colombia",Cun,251827,13h:19m:45s,"513,04",57,41h:09m:53s,80h:57m:49s,"3.033,05",58,484h:03m:56s
,Unit: LUM169,18/04/2026 8:44 p.m.,00h:02m:00s,"1,45",25,18/04/2026 8:46:0.m.,Idle,00h:00m:59s,"Av Boyaca S-53, Bogota, Cundinamarca, Colombia",Cun,251827,13h:19m:45s,"513,04",57,41h:09m:53s,80h:57m:49s,"3.033,05",58,484h:03m:56s
,Unit: LUM169,18/04/2026 8:47 p.m.,00h:01m:01s,"0,40",15,18/04/2026 8:48:0.m.,Idle,00h:01m:00s,"Av Boyaca S 24c-31, Bogota, Cundinamarca",Cun,251827,13h:19m:45s,"513,04",57,41h:09m:53s,80h:57m:49s,"3.033,05",58,484h:03m:56s
,Unit: LUM169,18/04/2026 8:49 p.m.,00h:04m:00s,"1,64",30,18/04/2026 8:53:0.m.,Idle,00h:01m:00s,"Av Boyaca 51as-13, Bogota, Cundinamarca",Cun,251827,13h:19m:45s,"513,04",57,41h:09m:53s,80h:57m:49s,"3.033,05",58,484h:03m:56s
,Unit: LUM169,18/04/2026 8:54 p.m.,00h:01m:00s,"0,90",17,18/04/2026 8:55:0.m.,Idle,00h:01m:00s,"Av Boyaca 44as-45, Bogota, Cundinamarca",Cun,251827,13h:19m:45s,"513,04",57,41h:09m:53s,80h:57m:49s,"3.033,05",58,484h:03m:56s
,Unit: LUM169,18/04/2026 8:56 p.m.,00h:05m:00s,"1,82",19,18/04/2026 9:01:0.m.,Idle,00h:01m:00s,"Av Boyaca 37s-66, Bogota, Cundinamarca",Cun,251827,13h:19m:45s,"513,04",57,41h:09m:53s,80h:57m:49s,"3.033,05",58,484h:03m:56s
,Unit: LUM169,18/04/2026 9:02 p.m.,00h:02m:00s,"1,27",15,18/04/2026 9:04:0.m.,Idle,00h:00m:59s,"Av Boyaca 2abis-59, Bogota, Cundinamarca",Cun,251827,13h:19m:45s,"513,04",57,41h:09m:53s,80h:57m:49s,"3.033,05",58,484h:03m:56s
,Unit: LUM169,18/04/2026 9:05 p.m.,00h:04m:01s,"1,54",17,18/04/2026 9:09:0.m.,Idle,00h:01m:00s,"Av Boyaca 8b-29, Bogota, Cundinamarca",Cun,251827,13h:19m:45s,"513,04",57,41h:09m:53s,80h:57m:49s,"3.033,05",58,484h:03m:56s
,Unit: LUM169,18/04/2026 9:10 p.m.,00h:01m:00s,"0,19",9,18/04/2026 9:11:0.m.,Idle,00h:04m:00s,"Av Boyaca 9-16, Bogota, Cundinamarca",Cun,251827,13h:19m:45s,"513,04",57,41h:09m:53s,80h:57m:49s,"3.033,05",58,484h:03m:56s
,Unit: LUM169,18/04/2026 9:15 p.m.,00h:01m:00s,"0,40",7,18/04/2026 9:16:0.m.,Idle,00h:04m:59s,"Av Boyaca-59, Bogota, Cundinamarca",Cun,251827,13h:19m:45s,"513,04",57,41h:09m:53s,80h:57m:49s,"3.033,05",58,484h:03m:56s
,Unit: LUM169,18/04/2026 9:21 p.m.,00h:15m:01s,"8,50",27,18/04/2026 9:36:0.m.,Idle,00h:00m:59s,"Cl80 75-23, Bogota, Cundinamarca",Cun,251827,13h:19m:45s,"513,04",57,41h:09m:53s,80h:57m:49s,"3.033,05",58,484h:03m:56s
,Unit: LUM169,18/04/2026 9:37 p.m.,00h:03m:01s,"1,88",29,18/04/2026 9:40:0.m.,Idle,00h:01m:00s,"Cl80 93-35, Bogota, Cundinamarca",Cun,251827,13h:19m:45s,"513,04",57,41h:09m:53s,80h:57m:49s,"3.033,05",58,484h:03m:56s
,Unit: LUM169,18/04/2026 9:41 p.m.,00h:02m:00s,"0,90",14,18/04/2026 9:43:0.m.,Idle,00h:01m:00s,"Via Principal-47, Bogota, Cundinamarca",Cun,251827,13h:19m:45s,"513,04",57,41h:09m:53s,80h:57m:49s,"3.033,05",58,484h:03m:56s
,Unit: LUM169,18/04/2026 9:44 p.m.,00h:05m:00s,"2,29",25,18/04/2026 9:49:0.m.,Idle,00h:01m:00s,"Cl80 119-83, Bogota, Cundinamarca",Cun,251827,13h:19m:45s,"513,04",57,41h:09m:53s,80h:57m:49s,"3.033,05",58,484h:03m:56s
,Unit: LUM169,18/04/2026 9:50 p.m.,00h:06m:59s,"4,83",44,18/04/2026 9:57:0.m.,Idle/Ign Off,00h:28m:30s,"Parcelas de cota, parcela 20, lote 4, Cota, Cundinamarca, Colombia",Cundinamar,250017,13h:19m:45s,"513,04",57,41h:09m:53s,80h:57m:49s,"3.033,05",58,484h:03m:56s
,Unit: LUM169,18/04/2026 10:18 p.m.,00h:00m:00s,"0,00",0,18/04/2026 10:18:0.m.,Parked/Idle,07h:51m:18s,"Parcelas de cota, parcela 20, lote 4, Cota, Cundinamarca, Colombia",Cundinamar,250017,13h:19m:45s,"513,04",57,41h:09m:53s,80h:57m:49s,"3.033,05",58,484h:03m:56s
,Unit: LUM169,19/04/2026 6:09 a.m.,00h:00m:00s,"0,00",0,19/04/2026 6:09:2.m.,Parked/Idle,00h:01m:28s,"Parcelas de cota, parcela 20, lote 4, Cota, Cundinamarca, Colombia",Cundinamar,250017,13h:19m:45s,"513,04",57,41h:09m:53s,80h:57m:49s,"3.033,05",58,484h:03m:56s
,Unit: LUM169,19/04/2026 6:11 a.m.,00h:02m:31s,"0,18",10,19/04/2026 6:14:2.m.,Idle,00h:02m:34s,"Carrera 70c #5360, Bogotá, Colombia",Bogotá,111071,13h:19m:45s,"513,04",57,41h:09m:53s,80h:57m:49s,"3.033,05",58,484h:03m:56s
,Unit: LUM169,19/04/2026 6:17 a.m.,00h:02m:26s,"0,11",8,19/04/2026 6:19:2.m.,Idle/Ign Off,02h:06m:11s,"Parcelas de cota, parcela 20, lote 4, Cota, Cundinamarca, Colombia",Cundinamar,250017,13h:19m:45s,"513,04",57,41h:09m:53s,80h:57m:49s,"3.033,05",58,484h:03m:56s
,Unit: LUM169,19/04/2026 8:22 a.m.,00h:00m:00s,"0,00",0,19/04/2026 8:22:1.m.,Parked/Idle,00h:09m:24s,"Parcelas de cota, parcela 20, lote 4, Cota, Cundinamarca, Colombia",Cundinamar,250017,13h:19m:45s,"513,04",57,41h:09m:53s,80h:57m:49s,"3.033,05",58,484h:03m:56s
,Unit: LUM169,19/04/2026 8:31 a.m.,00h:00m:00s,"0,00",0,19/04/2026 8:31:4.m.,Parked/Idle,00h:17m:28s,"Parcelas de cota, parcela 20, lote 4, Cota, Cundinamarca, Colombia",Cundinamar,250017,13h:19m:45s,"513,04",57,41h:09m:53s,80h:57m:49s,"3.033,05",58,484h:03m:56s
,Unit: LUM169,19/04/2026 8:41 a.m.,00h:00m:00s,"0,00",0,19/04/2026 8:41:2.m.,Parked/Idle,00h:00m:00s,"Parcelas de cota, parcela 20, lote 4, Cota, Cundinamarca, Colombia",Cundinamar,250017,13h:19m:45s,"513,04",57,41h:09m:53s,80h:57m:49s,"3.033,05",58,484h:03m:56s
,Unit: LUM169,19/04/2026 8:41 a.m.,00h:01m:49s,"0,21",3,19/04/2026 8:43:4.m.,Idle,00h:03m:01s,"QV69+2W Cota, Cundinamarca, Colombia",Cundinamar,250017,13h:19m:45s,"513,04",57,41h:09m:53s,80h:57m:49s,"3.033,05",58,484h:03m:56s
,Unit: LUM169,19/04/2026 8:46 a.m.,00h:02m:00s,"0,21",10,19/04/2026 8:48:4.m.,Idle/Ign Off,01h:15m:50s,"Parcelas de cota, parcela 20, lote 4, Cota, Cundinamarca, Colombia",Cundinamar,250017,13h:19m:45s,"513,04",57,41h:09m:53s,80h:57m:49s,"3.033,05",58,484h:03m:56s
,Unit: LUM169,19/04/2026 10:03 a.m.,00h:00m:00s,"0,00",0,19/04/2026 10:03:5.m.,Parked/Idle,01h:49m:42s,"Parcelas de cota, parcela 20, lote 4, Cota, Cundinamarca, Colombia",Cundinamar,250017,13h:19m:45s,"513,04",57,41h:09m:53s,80h:57m:49s,"3.033,05",58,484h:03m:56s
,Unit: LUM169,19/04/2026 11:53 a.m.,00h:00m:00s,"0,00",0,19/04/2026 11:53:4.m.,Parked/Idle,00h:28m:31s,"Parcelas de cota, parcela 20, lote 4, Cota, Cundinamarca, Colombia",Cundinamar,250017,13h:19m:45s,"513,04",57,41h:09m:53s,80h:57m:49s,"3.033,05",58,484h:03m:56s
,Unit: LUM169,19/04/2026 12:22 p.m.,00h:00m:00s,"0,00",0,19/04/2026 12:22:1.m.,Parked/Idle,17h:33m:41s,"Parcelas de cota, parcela 20, lote 4, Cota, Cundinamarca, Colombia",Cundinamar,250017,13h:19m:45s,"513,04",57,41h:09m:53s,80h:57m:49s,"3.033,05",58,484h:03m:56s
,Unit: NOY423,18/04/2026 12:00 a.m.,00h:00m:00s,"0,00",0,18/04/2026 8:40:1.m.,Parked/Idle,08h:40m:24s,"Cl9b 16c-51, Mosquera, Cundinamarca, Colombia",Cundinamar,250040,00h:25m:29s,"12,12",45,53h:02m:57s,80h:57m:49s,"3.033,05",58,484h:03m:56s
,Unit: NOY423,18/04/2026 8:41 a.m.,00h:16m:54s,"9,69",45,18/04/2026 8:58:1.m.,Idle,00h:01m:48s,"Kr5 3-27, Mosquera, Cundinamarca",Cun,250038,00h:25m:29s,"12,12",45,53h:02m:57s,80h:57m:49s,"3.033,05",58,484h:03m:56s
,Unit: NOY423,18/04/2026 9:00 a.m.,00h:06m:12s,"2,41",19,18/04/2026 9:06:1.m.,Idle,00h:00m:50s,"Cl9b 16c-50, Mosquera, Cundinamarca, Colombia",Cundinamar,250040,00h:25m:29s,"12,12",45,53h:02m:57s,80h:57m:49s,"3.033,05",58,484h:03m:56s
,Unit: NOY423,18/04/2026 9:07 a.m.,00h:01m:10s,"0,00",4,18/04/2026 9:08:1.m.,Idle,00h:03m:47s,"Cl9b 16c-51, Mosquera, Cundinamarca, Colombia",Cundinamar,250040,00h:25m:29s,"12,12",45,53h:02m:57s,80h:57m:49s,"3.033,05",58,484h:03m:56s
,Unit: NOY423,18/04/2026 9:12 a.m.,00h:01m:13s,"0,02",4,18/04/2026 9:13:1.m.,Idle/Ign Off,07h:05m:07s,"Cl9b 16c-50, Mosquera, Cundinamarca, Colombia",Cundinamar,250040,00h:25m:29s,"12,12",45,53h:02m:57s,80h:57m:49s,"3.033,05",58,484h:03m:56s
,Unit: NOY423,18/04/2026 4:03 p.m.,00h:00m:00s,"0,00",0,18/04/2026 4:04:2.m.,Parked/Idle,37h:11m:01s,"Cl9b 16c-50, Mosquera, Cundinamarca, Colombia",Cundinamar,250040,00h:25m:29s,"12,12",45,53h:02m:57s,80h:57m:49s,"3.033,05",58,484h:03m:56s
,Unit: NOY424,18/04/2026 12:00 a.m.,00h:00m:00s,"0,00",0,18/04/2026 7:56:0.m.,Parked/Idle,08h:11m:23s,"Cl9b 16c-51, Mosquera, Cundinamarca, Colombia",Cun,250010,00h:00m:00s,"0,00",0,53h:26m:00s,80h:57m:49s,"3.033,05",58,484h:03m:56s
,Unit: NOY424,18/04/2026 8:12 a.m.,00h:00m:00s,"0,00",0,18/04/2026 8:12:0.m.,Parked/Idle,00h:53m:51s,"Cl9b 16c-51, Mosquera, Cundinamarca, Colombia",Cun,250010,00h:00m:00s,"0,00",0,53h:26m:00s,80h:57m:49s,"3.033,05",58,484h:03m:56s
,Unit: NOY424,18/04/2026 8:52 a.m.,00h:00m:00s,"0,00",0,18/04/2026 8:52:5.m.,Parked/Idle,44h:20m:46s,"Cl9b 16c-51, Mosquera, Cundinamarca, Colombia",Cun,250010,00h:00m:00s,"0,00",0,53h:26m:00s,80h:57m:49s,"3.033,05",58,484h:03m:56s
,Unit: NUW693,18/04/2026 12:00 a.m.,00h:00m:00s,"0,00",0,18/04/2026 2:36:2.m.,Parked/Idle,02h:38m:22s,"5CW4+PC, Villavicencio, La Palmera, Villavicencio, Meta, Colombia",Meta,500007,10h:43m:51s,"457,09",55,25h:51m:40s,80h:57m:49s,"3.033,05",58,484h:03m:56s
,Unit: NUW693,18/04/2026 2:39 a.m.,00h:41m:02s,"39,94",55,18/04/2026 3:20:2.m.,Idle,00h:01m:01s,"Km 22 de la vía Cumaral - Paratebueno, , Cundinamarca",Meta,501027,10h:43m:51s,"457,09",55,25h:51m:40s,80h:57m:49s,"3.033,05",58,484h:03m:56s
,Unit: NUW693,18/04/2026 3:21 a.m.,01h:36m:00s,"93,13",53,18/04/2026 4:57:2.m.,Idle,00h:01m:00s,"Av 65-49, Villanueva, Casanare, Colombia",Cas,855038,10h:43m:51s,"457,09",55,25h:51m:40s,80h:57m:49s,"3.033,05",58,484h:03m:56s
,Unit: NUW693,18/04/2026 4:58 a.m.,00h:02m:00s,"0,69",8,18/04/2026 5:00:2.m.,Idle,00h:00m:59s,"Av 65-49, Villanueva, Casanare",Cas,855038,10h:43m:51s,"457,09",55,25h:51m:40s,80h:57m:49s,"3.033,05",58,484h:03m:56s
,Unit: NUW693,18/04/2026 5:01 a.m.,00h:32m:01s,"20,39",50,18/04/2026 5:33:2.m.,Idle,00h:01m:00s,"Av 65-49, Villanueva, Casanare, Colombia",Casanare,855038,10h:43m:51s,"457,09",55,25h:51m:40s,80h:57m:49s,"3.033,05",58,484h:03m:56s
,Unit: NUW693,18/04/2026 5:34 a.m.,00h:03m:00s,"0,71",7,18/04/2026 5:37:2.m.,Idle,00h:04m:00s,"G9M5+3Q Villanueva, Casanare, Colombia",Casanare,855038,10h:43m:51s,"457,09",55,25h:51m:40s,80h:57m:49s,"3.033,05",58,484h:03m:56s
,Unit: NUW693,18/04/2026 5:41 a.m.,00h:03m:00s,"0,80",7,18/04/2026 5:44:2.m.,Idle,00h:02m:00s,"G9Q7+H7 Villanueva, Casanare, Colombia",Casanare,855038,10h:43m:51s,"457,09",55,25h:51m:40s,80h:57m:49s,"3.033,05",58,484h:03m:56s
,Unit: NUW693,18/04/2026 5:46 a.m.,00h:02m:00s,"0,58",6,18/04/2026 5:48:2.m.,Idle,00h:02m:00s,"Av 65-49, Villanueva, Casanare, Colombia",Casanare,855038,10h:43m:51s,"457,09",55,25h:51m:40s,80h:57m:49s,"3.033,05",58,484h:03m:56s
,Unit: NUW693,18/04/2026 5:50 a.m.,00h:02m:00s,"0,80",6,18/04/2026 5:52:2.m.,Idle/Ign Off,00h:25m:59s,"Av 65-49, Villanueva, Casanare, Colombia",Casanare,855038,10h:43m:51s,"457,09",55,25h:51m:40s,80h:57m:49s,"3.033,05",58,484h:03m:56s
,Unit: NUW693,18/04/2026 6:08 a.m.,00h:00m:00s,"0,00",0,18/04/2026 6:08:3.m.,Parked/Idle,00h:00m:05s,"G9X9+RR Villanueva, Casanare, Colombia",Casanare,855038,10h:43m:51s,"457,09",55,25h:51m:40s,80h:57m:49s,"3.033,05",58,484h:03m:56s
,Unit: NUW693,18/04/2026 6:08 a.m.,00h:00m:00s,"0,00",0,18/04/2026 6:08:3.m.,Parked/Idle,01h:29m:38s,"G9X9+RR Villanueva, Casanare, Colombia",Casanare,855038,10h:43m:51s,"457,09",55,25h:51m:40s,80h:57m:49s,"3.033,05",58,484h:03m:56s
,Unit: NUW693,18/04/2026 7:38 a.m.,00h:00m:00s,"0,00",0,18/04/2026 7:38:1.m.,Parked/Idle,00h:16m:14s,"G9X9+RR Villanueva, Casanare, Colombia",Casanare,855038,10h:43m:51s,"457,09",55,25h:51m:40s,80h:57m:49s,"3.033,05",58,484h:03m:56s
,Unit: NUW693,18/04/2026 7:47 a.m.,00h:00m:00s,"0,00",0,18/04/2026 7:47:1.m.,Parked/Idle,00h:02m:54s,"G9X9+RR Villanueva, Casanare, Colombia",Casanare,855038,10h:43m:51s,"457,09",55,25h:51m:40s,80h:57m:49s,"3.033,05",58,484h:03m:56s
,Unit: NUW693,18/04/2026 7:49 a.m.,00h:00m:00s,"0,00",0,18/04/2026 7:49:1.m.,Parked/Idle,00h:05m:59s,"G9X9+RR Villanueva, Casanare, Colombia",Casanare,855038,10h:43m:51s,"457,09",55,25h:51m:40s,80h:57m:49s,"3.033,05",58,484h:03m:56s
,Unit: NUW693,18/04/2026 7:57 a.m.,00h:00m:55s,"0,14",3,18/04/2026 7:58:1.m.,Ign Off,00h:07m:41s,67P9G9XC+Q3,Casanare,855038,10h:43m:51s,"457,09",55,25h:51m:40s,80h:57m:49s,"3.033,05",58,484h:03m:56s
,Unit: NUW693,18/04/2026 8:05 a.m.,00h:00m:00s,"0,00",0,18/04/2026 8:05:5.m.,Parked/Idle,02h:27m:15s,67P9G9XC+Q3,Casanare,855038,10h:43m:51s,"457,09",55,25h:51m:40s,80h:57m:49s,"3.033,05",58,484h:03m:56s
,Unit: NUW693,18/04/2026 10:17 a.m.,00h:00m:00s,"0,00",0,18/04/2026 10:17:1.m.,Parked/Idle,00h:01m:19s,67P9G9XC+Q4,Casanare,855038,10h:43m:51s,"457,09",55,25h:51m:40s,80h:57m:49s,"3.033,05",58,484h:03m:56s
,Unit: NUW693,18/04/2026 10:19 a.m.,00h:05m:42s,"0,51",5,18/04/2026 10:25:1.m.,Idle/Ign Off,00h:00m:36s,67P9G9WC+PG,Casanare,855038,10h:43m:51s,"457,09",55,25h:51m:40s,80h:57m:49s,"3.033,05",58,484h:03m:56s
,Unit: NUW693,18/04/2026 10:25 a.m.,00h:00m:00s,"0,00",0,18/04/2026 10:25:3.m.,Parked/Idle,00h:55m:23s,67P9G9WC+PG,Casanare,855038,10h:43m:51s,"457,09",55,25h:51m:40s,80h:57m:49s,"3.033,05",58,484h:03m:56s
,Unit: NUW693,18/04/2026 11:13 a.m.,00h:00m:00s,"0,00",0,18/04/2026 11:13:5.m.,Parked/Idle,00h:46m:18s,67P9G9WC+PG,Casanare,855038,10h:43m:51s,"457,09",55,25h:51m:40s,80h:57m:49s,"3.033,05",58,484h:03m:56s
,Unit: NUW693,18/04/2026 11:59 a.m.,00h:00m:00s,"0,00",0,18/04/2026 11:59:5.m.,Parked/Idle,01h:48m:52s,67P9G9WC+PG,Casanare,855038,10h:43m:51s,"457,09",55,25h:51m:40s,80h:57m:49s,"3.033,05",58,484h:03m:56s
,Unit: NUW693,18/04/2026 1:18 p.m.,00h:00m:00s,"0,00",0,18/04/2026 1:18:2.m.,Parked/Idle,02h:48m:32s,67P9G9WC+PG,Casanare,855038,10h:43m:51s,"457,09",55,25h:51m:40s,80h:57m:49s,"3.033,05",58,484h:03m:56s
,Unit: NUW693,18/04/2026 3:56 p.m.,00h:00m:00s,"0,00",0,18/04/2026 3:56:1.m.,Parked/Idle,00h:02m:06s,67P9G9WC+PG,Casanare,855038,10h:43m:51s,"457,09",55,25h:51m:40s,80h:57m:49s,"3.033,05",58,484h:03m:56s
,Unit: NUW693,18/04/2026 3:59 p.m.,00h:02m:54s,"0,27",3,18/04/2026 4:02:1.m.,Idle,00h:00m:52s,67P9G9XC+GH,Casanare,855038,10h:43m:51s,"457,09",55,25h:51m:40s,80h:57m:49s,"3.033,05",58,484h:03m:56s
,Unit: NUW693,18/04/2026 4:03 p.m.,00h:01m:38s,"0,13",3,18/04/2026 4:04:4.m.,Idle/Ign Off,00h:07m:29s,67P9G9XC+Q5,Casanare,855038,10h:43m:51s,"457,09",55,25h:51m:40s,80h:57m:49s,"3.033,05",58,484h:03m:56s
,Unit: NUW693,18/04/2026 4:09 p.m.,00h:00m:00s,"0,00",0,18/04/2026 4:09:2.m.,Parked/Idle,00h:00m:33s,"G9XC+Q2 Villanueva, Casanare, Colombia",Casanare,855038,10h:43m:51s,"457,09",55,25h:51m:40s,80h:57m:49s,"3.033,05",58,484h:03m:56s
,Unit: NUW693,18/04/2026 4:10 p.m.,00h:01m:27s,"0,03",3,18/04/2026 4:12:2.m.,Idle/Ign Off,01h:40m:00s,67P9G9XC+Q3,Casanare,855038,10h:43m:51s,"457,09",55,25h:51m:40s,80h:57m:49s,"3.033,05",58,484h:03m:56s
,Unit: NUW693,18/04/2026 5:20 p.m.,00h:00m:00s,"0,00",0,18/04/2026 5:20:4.m.,Parked/Idle,00h:25m:25s,67P9G9XC+Q3,Casanare,855038,10h:43m:51s,"457,09",55,25h:51m:40s,80h:57m:49s,"3.033,05",58,484h:03m:56s
,Unit: NUW693,18/04/2026 5:38 p.m.,00h:00m:00s,"0,00",0,18/04/2026 5:38:0.m.,Parked/Idle,00h:09m:01s,67P9G9XC+Q3,Casanare,855038,10h:43m:51s,"457,09",55,25h:51m:40s,80h:57m:49s,"3.033,05",58,484h:03m:56s
,Unit: NUW693,18/04/2026 5:48 p.m.,00h:00m:59s,"0,03",3,18/04/2026 5:49:0.m.,Idle,00h:03m:01s,67P9G9XC+R2,Casanare,855038,10h:43m:51s,"457,09",55,25h:51m:40s,80h:57m:49s,"3.033,05",58,484h:03m:56s
,Unit: NUW693,18/04/2026 5:52 p.m.,00h:01m:00s,"0,13",4,18/04/2026 5:53:0.m.,Idle,00h:02m:15s,"G9X9+HM Villanueva, Casanare, Colombia",Casanare,855038,10h:43m:51s,"457,09",55,25h:51m:40s,80h:57m:49s,"3.033,05",58,484h:03m:56s
,Unit: NUW693,18/04/2026 5:55 p.m.,00h:04m:44s,"1,06",9,18/04/2026 6:00:0.m.,Idle,00h:02m:01s,"G9R7+7P Villanueva, Casanare, Colombia",Casanare,855038,10h:43m:51s,"457,09",55,25h:51m:40s,80h:57m:49s,"3.033,05",58,484h:03m:56s
,Unit: NUW693,18/04/2026 6:02 p.m.,00h:03m:00s,"0,97",9,18/04/2026 6:05:0.m.,Idle,00h:03m:00s,67P9G9M5+8X,Casanare,854039,10h:43m:51s,"457,09",55,25h:51m:40s,80h:57m:49s,"3.033,05",58,484h:03m:56s
,Unit: NUW693,18/04/2026 6:08 p.m.,00h:01m:00s,"0,32",7,18/04/2026 6:09:0.m.,Idle,00h:01m:00s,"Av 65-49, Villanueva, Casanare, Colombia",Casanare,854039,10h:43m:51s,"457,09",55,25h:51m:40s,80h:57m:49s,"3.033,05",58,484h:03m:56s
,Unit: NUW693,18/04/2026 6:10 p.m.,00h:04m:00s,"0,80",9,18/04/2026 6:14:0.m.,Idle,00h:01m:00s,"Av 65-49, Villanueva, Casanare, Colombia",Casanare,854039,10h:43m:51s,"457,09",55,25h:51m:40s,80h:57m:49s,"3.033,05",58,484h:03m:56s
,Unit: NUW693,18/04/2026 6:15 p.m.,00h:05m:00s,"1,24",9,18/04/2026 6:20:0.m.,Idle,00h:01m:00s,"G974+9F Villanueva, Casanare, Colombia",Casanare,854039,10h:43m:51s,"457,09",55,25h:51m:40s,80h:57m:49s,"3.033,05",58,484h:03m:56s
,Unit: NUW693,18/04/2026 6:21 p.m.,00h:15m:00s,"3,41",11,18/04/2026 6:36:0.m.,Idle,00h:00m:34s,"Km 43 de la vía Puerto López - Puerto Gaitán, , Meta, Colombia",Casanare,854039,10h:43m:51s,"457,09",55,25h:51m:40s,80h:57m:49s,"3.033,05",58,484h:03m:56s
,Unit: NUW693,18/04/2026 6:36 p.m.,00h:23m:26s,"16,17",42,18/04/2026 7:00:0.m.,Idle,00h:02m:04s,"Av 65-49, Villanueva, Casanare",Cas,854039,10h:43m:51s,"457,09",55,25h:51m:40s,80h:57m:49s,"3.033,05",58,484h:03m:56s
,Unit: NUW693,18/04/2026 7:02 p.m.,00h:00m:09s,"0,03",7,18/04/2026 7:02:2.m.,Ign Off,00h:26m:13s,"Av 65-49, Villanueva, Casanare",Cas,854039,10h:43m:51s,"457,09",55,25h:51m:40s,80h:57m:49s,"3.033,05",58,484h:03m:56s
,Unit: NUW693,18/04/2026 7:28 p.m.,00h:00m:00s,"0,00",0,18/04/2026 7:28:3.m.,Parked/Idle,00h:02m:01s,"Av 65-49, Villanueva, Casanare",Cas,854039,10h:43m:51s,"457,09",55,25h:51m:40s,80h:57m:49s,"3.033,05",58,484h:03m:56s
,Unit: NUW693,18/04/2026 7:31 p.m.,01h:23m:59s,"75,69",53,18/04/2026 8:55:3.m.,Idle,00h:08m:00s,"Av 65, Barranca De Upia, Meta",Met,251407,10h:43m:51s,"457,09",55,25h:51m:40s,80h:57m:49s,"3.033,05",58,484h:03m:56s
,Unit: NUW693,18/04/2026 9:03 p.m.,00h:45m:03s,"34,95",45,18/04/2026 9:48:3.m.,Idle,00h:10m:51s,"7H63+P7 Cumaral, Meta, Colombia",Meta,501027,10h:43m:51s,"457,09",55,25h:51m:40s,80h:57m:49s,"3.033,05",58,484h:03m:56s
,Unit: NUW693,18/04/2026 9:59 p.m.,00h:25m:10s,"19,60",44,18/04/2026 10:24:3.m.,Idle,00h:01m:00s,"6CC8+5V Restrepo, Meta, Colombia",Meta,501031,10h:43m:51s,"457,09",55,25h:51m:40s,80h:57m:49s,"3.033,05",58,484h:03m:56s
,Unit: NUW693,18/04/2026 10:25 p.m.,00h:05m:00s,"3,25",35,18/04/2026 10:30:3.m.,Idle,00h:32m:00s,"5CW3+5V Villavicencio, Meta, Colombia",Meta,501031,10h:43m:51s,"457,09",55,25h:51m:40s,80h:57m:49s,"3.033,05",58,484h:03m:56s
,Unit: NUW693,18/04/2026 11:02 p.m.,00h:09m:00s,"6,87",38,18/04/2026 11:11:3.m.,Idle,00h:00m:51s,"Kr23 35-46, Villavicencio, Meta",Met,501031,10h:43m:51s,"457,09",55,25h:51m:40s,80h:57m:49s,"3.033,05",58,484h:03m:56s
,Unit: NUW693,18/04/2026 11:12 p.m.,00h:02m:09s,"0,97",22,18/04/2026 11:14:3.m.,Idle,00h:02m:00s,"Cl35 19-35, Villavicencio, Meta",Met,501031,10h:43m:51s,"457,09",55,25h:51m:40s,80h:57m:49s,"3.033,05",58,484h:03m:56s
,Unit: NUW693,18/04/2026 11:16 p.m.,00h:10m:00s,"6,92",40,18/04/2026 11:26:3.m.,Idle,00h:00m:59s,"Av 40-22, Villavicencio, Meta",Met,501031,10h:43m:51s,"457,09",55,25h:51m:40s,80h:57m:49s,"3.033,05",58,484h:03m:56s
,Unit: NUW693,18/04/2026 11:27 p.m.,00h:10m:01s,"5,31",30,18/04/2026 11:37:3.m.,Idle,00h:04m:36s,"Av 40, Villavicencio, Meta",Met,501031,10h:43m:51s,"457,09",55,25h:51m:40s,80h:57m:49s,"3.033,05",58,484h:03m:56s
,Unit: NUW693,18/04/2026 11:42 p.m.,00h:11m:24s,"11,14",35,18/04/2026 11:53:3.m.,Idle,00h:00m:06s,"Km 70 de la vía Bogotá - Villavicencio, , Meta, Colombia",Met,501031,10h:43m:51s,"457,09",55,25h:51m:40s,80h:57m:49s,"3.033,05",58,484h:03m:56s
,Unit: NUW693,18/04/2026 11:53 p.m.,00h:30m:54s,"19,99",41,19/04/2026 12:24:3.m.,Idle,00h:03m:00s,"Km 49 de la vía Bogotá - Villavicencio, , Cundinamarca",Cundinamar,251857,10h:43m:51s,"457,09",55,25h:51m:40s,80h:57m:49s,"3.033,05",58,484h:03m:56s
,Unit: NUW693,19/04/2026 12:27 a.m.,00h:02m:00s,"0,27",24,19/04/2026 12:29:3.m.,Idle,00h:02m:50s,"845P+WR Quetame, Cundinamarca, Colombia",Cundinamar,251847,10h:43m:51s,"457,09",55,25h:51m:40s,80h:57m:49s,"3.033,05",58,484h:03m:56s
,Unit: NUW693,19/04/2026 12:32 a.m.,00h:42m:22s,"31,62",45,19/04/2026 1:14:5.m.,Idle,00h:01m:09s,"Av 40, Chipaque, Cundinamarca",Cun,251827,10h:43m:51s,"457,09",55,25h:51m:40s,80h:57m:49s,"3.033,05",58,484h:03m:56s
,Unit: NUW693,19/04/2026 1:16 a.m.,00h:34m:01s,"13,73",27,19/04/2026 1:50:0.m.,Idle,00h:01m:40s,"Km 2 de la vía Bogotá - Villavicencio, , Cundinamarca",Cun,251807,10h:43m:51s,"457,09",55,25h:51m:40s,80h:57m:49s,"3.033,05",58,484h:03m:56s
,Unit: NUW693,19/04/2026 1:51 a.m.,00h:05m:20s,"4,68",37,19/04/2026 1:57:0.m.,Idle,00h:02m:00s,"Cl115s 7ae-31, Bogota, Cundinamarca",Cun,251807,10h:43m:51s,"457,09",55,25h:51m:40s,80h:57m:49s,"3.033,05",58,484h:03m:56s
,Unit: NUW693,19/04/2026 1:59 a.m.,00h:04m:00s,"2,85",31,19/04/2026 2:03:0.m.,Idle,00h:00m:51s,"Kr5e 82s-39, Bogota, Cundinamarca",Cun,251807,10h:43m:51s,"457,09",55,25h:51m:40s,80h:57m:49s,"3.033,05",58,484h:03m:56s
,Unit: NUW693,19/04/2026 2:03 a.m.,00h:02m:09s,"1,29",29,19/04/2026 2:06:0.m.,Idle,00h:01m:00s,"Cl84s 1be-35, Bogota, Cundinamarca",Cun,251807,10h:43m:51s,"457,09",55,25h:51m:40s,80h:57m:49s,"3.033,05",58,484h:03m:56s
,Unit: NUW693,19/04/2026 2:07 a.m.,00h:16m:00s,"10,54",32,19/04/2026 2:23:0.m.,Idle,00h:01m:00s,"Entrada A La Av Boyaca-87, Bogota, Cundinamarca",Cun,110511,10h:43m:51s,"457,09",55,25h:51m:40s,80h:57m:49s,"3.033,05",58,484h:03m:56s
,Unit: NUW693,19/04/2026 2:24 a.m.,00h:03m:00s,"1,79",19,19/04/2026 2:27:0.m.,Idle,00h:01m:00s,"Av Boyaca 39bs-93, Bogota, Cundinamarca",Cun,110511,10h:43m:51s,"457,09",55,25h:51m:40s,80h:57m:49s,"3.033,05",58,484h:03m:56s
,Unit: NUW693,19/04/2026 2:28 a.m.,00h:01m:00s,"0,55",15,19/04/2026 2:29:0.m.,Idle,00h:01m:59s,"Av Boyaca 37ds-56, Bogota, Cundinamarca",Cun,110511,10h:43m:51s,"457,09",55,25h:51m:40s,80h:57m:49s,"3.033,05",58,484h:03m:56s
,Unit: NUW693,19/04/2026 2:31 a.m.,00h:06m:01s,"3,20",25,19/04/2026 2:37:0.m.,Idle,00h:00m:59s,"Av Boyaca 8b-62, Bogota, Cundinamarca",Cun,110511,10h:43m:51s,"457,09",55,25h:51m:40s,80h:57m:49s,"3.033,05",58,484h:03m:56s
,Unit: NUW693,19/04/2026 2:38 a.m.,00h:19m:01s,"10,98",27,19/04/2026 2:57:0.m.,Idle,00h:01m:11s,"Via Principal-53, Bogota, Cundinamarca",Cun,110511,10h:43m:51s,"457,09",55,25h:51m:40s,80h:57m:49s,"3.033,05",58,484h:03m:56s
,Unit: NUW693,19/04/2026 2:58 a.m.,00h:02m:48s,"1,13",25,19/04/2026 3:01:0.m.,Idle,00h:01m:01s,"Cl80 102-18, Bogota, Cundinamarca",Cun,110511,10h:43m:51s,"457,09",55,25h:51m:40s,80h:57m:49s,"3.033,05",58,484h:03m:56s
,Unit: NUW693,19/04/2026 3:02 a.m.,00h:11m:00s,"6,76",34,19/04/2026 3:13:0.m.,Idle/Ign Off,02h:58m:29s,"QV6C+33 Cota, Cundinamarca, Colombia",Cundinamar,111071,10h:43m:51s,"457,09",55,25h:51m:40s,80h:57m:49s,"3.033,05",58,484h:03m:56s
,Unit: NUW693,19/04/2026 6:01 a.m.,00h:00m:00s,"0,00",0,19/04/2026 6:01:3.m.,Parked/Idle,00h:10m:06s,"QV6C+33 Cota, Cundinamarca, Colombia",Cundinamar,111071,10h:43m:51s,"457,09",55,25h:51m:40s,80h:57m:49s,"3.033,05",58,484h:03m:56s
,Unit: NUW693,19/04/2026 6:11 a.m.,00h:00m:00s,"0,00",0,19/04/2026 6:11:3.m.,Parked/Idle,00h:13m:40s,"QV6C+33 Cota, Cundinamarca, Colombia",Cundinamar,111071,10h:43m:51s,"457,09",55,25h:51m:40s,80h:57m:49s,"3.033,05",58,484h:03m:56s
,Unit: NUW693,19/04/2026 6:26 a.m.,00h:02m:20s,"0,21",11,19/04/2026 6:28:3.m.,Idle,00h:02m:32s,"Carrera 70c #5360, Bogotá, Colombia",Bogotá,111071,10h:43m:51s,"457,09",55,25h:51m:40s,80h:57m:49s,"3.033,05",58,484h:03m:56s
,Unit: NUW693,19/04/2026 6:31 a.m.,00h:02m:28s,"0,19",8,19/04/2026 6:33:3.m.,Idle/Ign Off,03h:40m:16s,"Parcelas de cota, parcela 20, lote 4, Cota, Cundinamarca, Colombia",Cundinamar,250017,10h:43m:51s,"457,09",55,25h:51m:40s,80h:57m:49s,"3.033,05",58,484h:03m:56s
,Unit: NUW693,19/04/2026 10:11 a.m.,00h:00m:00s,"0,00",0,19/04/2026 10:11:4.m.,Parked/Idle,00h:01m:08s,"Parcelas de cota, parcela 20, lote 4, Cota, Cundinamarca, Colombia",Cundinamar,250017,10h:43m:51s,"457,09",55,25h:51m:40s,80h:57m:49s,"3.033,05",58,484h:03m:56s
,Unit: NUW693,19/04/2026 10:13 a.m.,00h:01m:52s,"0,14",4,19/04/2026 10:15:4.m.,Idle/Ign Off,00h:05m:44s,"Parcelas de cota, parcela 20, lote 4, Cota, Cundinamarca, Colombia",Cundinamar,250017,10h:43m:51s,"457,09",55,25h:51m:40s,80h:57m:49s,"3.033,05",58,484h:03m:56s
,Unit: NUW693,19/04/2026 10:19 a.m.,00h:00m:00s,"0,00",0,19/04/2026 10:19:0.m.,Parked/Idle,00h:00m:00s,"Carrera 70c ##5360, Bogotá, Colombia",Bogotá,111071,10h:43m:51s,"457,09",55,25h:51m:40s,80h:57m:49s,"3.033,05",58,484h:03m:56s
,Unit: NUW693,19/04/2026 10:19 a.m.,00h:02m:10s,"0,05",4,19/04/2026 10:21:4.m.,Idle,00h:03m:00s,"Carrera 70c #5360, Bogotá, Colombia",Bogotá,111071,10h:43m:51s,"457,09",55,25h:51m:40s,80h:57m:49s,"3.033,05",58,484h:03m:56s
,Unit: NUW693,19/04/2026 10:24 a.m.,00h:01m:42s,"0,10",9,19/04/2026 10:26:2.m.,Ign Off,00h:00m:00s,"Parcelas de cota, parcela 20, lote 4, Cota, Cundinamarca, Colombia",Cundinamar,250017,10h:43m:51s,"457,09",55,25h:51m:40s,80h:57m:49s,"3.033,05",58,484h:03m:56s
,Unit: QJX175,18/04/2026 12:47 a.m.,00h:04m:49s,"0,90",7,18/04/2026 12:52:2.m.,Idle,00h:01m:00s,"I-62 # 14 a 42, Maní, Casanare, Colombia",Casanare,854018,13h:02m:45s,"481,58",48,36h:01m:35s,80h:57m:49s,"3.033,05",58,484h:03m:56s
,Unit: QJX175,18/04/2026 12:53 a.m.,00h:01m:00s,"0,31",6,18/04/2026 12:54:2.m.,Idle,00h:03m:00s,"Av 62, Aguazul, Casanare, Colombia",Casanare,854018,13h:02m:45s,"481,58",48,36h:01m:35s,80h:57m:49s,"3.033,05",58,484h:03m:56s
,Unit: QJX175,18/04/2026 12:57 a.m.,00h:01m:00s,"0,51",5,18/04/2026 12:58:2.m.,Idle,00h:02m:00s,"Av 62, Aguazul, Casanare, Colombia",Casanare,854018,13h:02m:45s,"481,58",48,36h:01m:35s,80h:57m:49s,"3.033,05",58,484h:03m:56s
,Unit: QJX175,18/04/2026 1:00 a.m.,00h:02m:59s,"0,87",6,18/04/2026 1:03:2.m.,Idle,00h:02m:01s,"Av 62, Aguazul, Casanare, Colombia",Casanare,854018,13h:02m:45s,"481,58",48,36h:01m:35s,80h:57m:49s,"3.033,05",58,484h:03m:56s
,Unit: QJX175,18/04/2026 1:05 a.m.,00h:20m:59s,"4,31",8,18/04/2026 1:26:2.m.,Idle,00h:01m:01s,"Puerto Gaitán-Maní, Maní, Casanare, Colombia",Casanare,854018,13h:02m:45s,"481,58",48,36h:01m:35s,80h:57m:49s,"3.033,05",58,484h:03m:56s
,Unit: QJX175,18/04/2026 1:27 a.m.,00h:02m:00s,"0,50",7,18/04/2026 1:29:2.m.,Idle,00h:01m:00s,"Av 62, Aguazul, Casanare, Colombia",Casanare,854018,13h:02m:45s,"481,58",48,36h:01m:35s,80h:57m:49s,"3.033,05",58,484h:03m:56s
,Unit: QJX175,18/04/2026 1:30 a.m.,00h:13m:00s,"2,67",8,18/04/2026 1:43:2.m.,Idle,00h:01m:00s,"Puerto Gaitán-Maní, Maní, Casanare, Colombia",Casanare,854018,13h:02m:45s,"481,58",48,36h:01m:35s,80h:57m:49s,"3.033,05",58,484h:03m:56s
,Unit: QJX175,18/04/2026 1:44 a.m.,00h:06m:00s,"1,30",7,18/04/2026 1:50:2.m.,Idle,00h:01m:00s,67P9MP3H+95,Casanare,854018,13h:02m:45s,"481,58",48,36h:01m:35s,80h:57m:49s,"3.033,05",58,484h:03m:56s
,Unit: QJX175,18/04/2026 1:51 a.m.,00h:01m:00s,"0,32",6,18/04/2026 1:52:2.m.,Idle,00h:01m:00s,67P9MP2H+6C,Casanare,854018,13h:02m:45s,"481,58",48,36h:01m:35s,80h:57m:49s,"3.033,05",58,484h:03m:56s
,Unit: QJX175,18/04/2026 1:53 a.m.,00h:06m:00s,"1,11",7,18/04/2026 1:59:2.m.,Idle,00h:02m:59s,"Puerto Gaitán-Maní, Maní, Casanare, Colombia",Casanare,854018,13h:02m:45s,"481,58",48,36h:01m:35s,80h:57m:49s,"3.033,05",58,484h:03m:56s
,Unit: QJX175,18/04/2026 2:02 a.m.,00h:01m:01s,"0,56",6,18/04/2026 2:03:2.m.,Idle,00h:12m:59s,"South America, Casanare",CAS,854018,13h:02m:45s,"481,58",48,36h:01m:35s,80h:57m:49s,"3.033,05",58,484h:03m:56s
,Unit: QJX175,18/04/2026 2:16 a.m.,00h:01m:00s,"1,80",4,18/04/2026 2:17:2.m.,Idle,00h:00m:52s,67P9JPFP+47,Casanare,854018,13h:02m:45s,"481,58",48,36h:01m:35s,80h:57m:49s,"3.033,05",58,484h:03m:56s
,Unit: QJX175,18/04/2026 2:18 a.m.,00h:01m:08s,"0,21",4,18/04/2026 2:19:2.m.,Idle,00h:02m:01s,67P9JPCP+88,Casanare,854018,13h:02m:45s,"481,58",48,36h:01m:35s,80h:57m:49s,"3.033,05",58,484h:03m:56s
,Unit: QJX175,18/04/2026 2:21 a.m.,00h:01m:00s,"0,40",5,18/04/2026 2:22:2.m.,Idle,00h:01m:00s,67P9JP8M+XV,Casanare,854018,13h:02m:45s,"481,58",48,36h:01m:35s,80h:57m:49s,"3.033,05",58,484h:03m:56s
,Unit: QJX175,18/04/2026 2:23 a.m.,00h:01m:00s,"1,03",6,18/04/2026 2:24:2.m.,Idle/Ign Off,04h:58m:34s,67P9JP8M+44,Casanare,854018,13h:02m:45s,"481,58",48,36h:01m:35s,80h:57m:49s,"3.033,05",58,484h:03m:56s
,Unit: QJX175,18/04/2026 6:39 a.m.,00h:00m:00s,"0,00",0,18/04/2026 6:39:5.m.,Parked/Idle,03h:00m:46s,67P9JP6H+J3,Casanare,854018,13h:02m:45s,"481,58",48,36h:01m:35s,80h:57m:49s,"3.033,05",58,484h:03m:56s
,Unit: QJX175,18/04/2026 8:54 a.m.,00h:00m:00s,"0,00",0,18/04/2026 8:54:0.m.,Parked/Idle,04h:21m:58s,67P9JP6H+J3,Casanare,854018,13h:02m:45s,"481,58",48,36h:01m:35s,80h:57m:49s,"3.033,05",58,484h:03m:56s
,Unit: QJX175,18/04/2026 1:15 p.m.,00h:00m:00s,"0,00",0,18/04/2026 1:16:0.m.,Parked/Idle,00h:00m:01s,67P9JP6H+J3,Casanare,854018,13h:02m:45s,"481,58",48,36h:01m:35s,80h:57m:49s,"3.033,05",58,484h:03m:56s
,Unit: QJX175,18/04/2026 1:16 p.m.,00h:00m:00s,"0,00",0,18/04/2026 1:16:1.m.,Parked/Idle,00h:00m:00s,67P9JP6H+J3,Casanare,854018,13h:02m:45s,"481,58",48,36h:01m:35s,80h:57m:49s,"3.033,05",58,484h:03m:56s
,Unit: QJX175,18/04/2026 1:17 p.m.,00h:01m:32s,"0,05",5,18/04/2026 1:18:5.m.,Idle,00h:04m:15s,67P9JP6H+H3,Casanare,854018,13h:02m:45s,"481,58",48,36h:01m:35s,80h:57m:49s,"3.033,05",58,484h:03m:56s
,Unit: QJX175,18/04/2026 1:23 p.m.,00h:01m:45s,"0,10",3,18/04/2026 1:24:5.m.,Idle,00h:04m:42s,67P9JP6G+7W,Casanare,854018,13h:02m:45s,"481,58",48,36h:01m:35s,80h:57m:49s,"3.033,05",58,484h:03m:56s
,Unit: QJX175,18/04/2026 1:29 p.m.,00h:01m:18s,"0,16",4,18/04/2026 1:30:5.m.,Idle/Ign Off,01h:58m:45s,67P9JP5G+QW,Casanare,854018,13h:02m:45s,"481,58",48,36h:01m:35s,80h:57m:49s,"3.033,05",58,484h:03m:56s
,Unit: QJX175,18/04/2026 2:32 p.m.,00h:00m:00s,"0,00",0,18/04/2026 2:32:3.m.,Parked/Idle,00h:14m:40s,67P9JP5G+RW,Casanare,854018,13h:02m:45s,"481,58",48,36h:01m:35s,80h:57m:49s,"3.033,05",58,484h:03m:56s
,Unit: QJX175,18/04/2026 2:46 p.m.,00h:00m:00s,"0,00",0,18/04/2026 2:46:2.m.,Parked/Idle,00h:26m:36s,67P9JP5G+RW,Casanare,854018,13h:02m:45s,"481,58",48,36h:01m:35s,80h:57m:49s,"3.033,05",58,484h:03m:56s
,Unit: QJX175,18/04/2026 3:12 p.m.,00h:00m:00s,"0,00",0,18/04/2026 3:12:4.m.,Parked/Idle,00h:20m:56s,67P9JP5G+RW,Casanare,854018,13h:02m:45s,"481,58",48,36h:01m:35s,80h:57m:49s,"3.033,05",58,484h:03m:56s
,Unit: QJX175,18/04/2026 3:33 p.m.,00h:00m:00s,"0,00",0,18/04/2026 3:33:3.m.,Parked/Idle,00h:01m:25s,67P9JP5G+RW,Casanare,854018,13h:02m:45s,"481,58",48,36h:01m:35s,80h:57m:49s,"3.033,05",58,484h:03m:56s
,Unit: QJX175,18/04/2026 3:36 p.m.,00h:01m:34s,"0,06",3,18/04/2026 3:37:3.m.,Idle,00h:00m:10s,67P9JP5G+XR,Casanare,854018,13h:02m:45s,"481,58",48,36h:01m:35s,80h:57m:49s,"3.033,05",58,484h:03m:56s
,Unit: QJX175,18/04/2026 3:37 p.m.,00h:01m:51s,"0,03",3,18/04/2026 3:39:3.m.,Idle,00h:01m:00s,67P9JP6G+3Q,Casanare,854018,13h:02m:45s,"481,58",48,36h:01m:35s,80h:57m:49s,"3.033,05",58,484h:03m:56s
,Unit: QJX175,18/04/2026 3:40 p.m.,00h:01m:00s,"0,08",3,18/04/2026 3:41:3.m.,Idle/Ign Off,02h:29m:28s,67P9JP6G+7W,Casanare,854018,13h:02m:45s,"481,58",48,36h:01m:35s,80h:57m:49s,"3.033,05",58,484h:03m:56s
,Unit: QJX175,18/04/2026 5:33 p.m.,00h:00m:00s,"0,00",0,18/04/2026 5:33:1.m.,Parked/Idle,00h:05m:01s,"Av 62, Aguazul, Casanare, Colombia",Casanare,854018,13h:02m:45s,"481,58",48,36h:01m:35s,80h:57m:49s,"3.033,05",58,484h:03m:56s
,Unit: QJX175,18/04/2026 5:39 p.m.,00h:02m:00s,"0,24",3,18/04/2026 5:41:1.m.,Idle,00h:01m:00s,67P9JP6H+VG,Casanare,854018,13h:02m:45s,"481,58",48,36h:01m:35s,80h:57m:49s,"3.033,05",58,484h:03m:56s
,Unit: QJX175,18/04/2026 5:42 p.m.,01h:31m:00s,"17,51",11,18/04/2026 7:13:1.m.,Idle,00h:04m:00s,"Av 62, Aguazul, Casanare, Colombia",Casanare,854018,13h:02m:45s,"481,58",48,36h:01m:35s,80h:57m:49s,"3.033,05",58,484h:03m:56s
,Unit: QJX175,18/04/2026 7:17 p.m.,00h:25m:00s,"10,94",40,18/04/2026 7:42:1.m.,Idle,00h:05m:50s,"I-62 # 2, Maní, Casanare, Colombia",Casanare,854018,13h:02m:45s,"481,58",48,36h:01m:35s,80h:57m:49s,"3.033,05",58,484h:03m:56s
,Unit: QJX175,18/04/2026 7:48 p.m.,01h:13m:10s,"56,73",43,18/04/2026 9:01:1.m.,Idle,00h:42m:00s,"I-65 # 60 a 100, Aguazul, Casanare, Colombia",Casanare,856018,13h:02m:45s,"481,58",48,36h:01m:35s,80h:57m:49s,"3.033,05",58,484h:03m:56s
,Unit: QJX175,18/04/2026 9:43 p.m.,00h:35m:00s,"29,68",44,18/04/2026 10:18:1.m.,Idle,00h:01m:59s,"Km 45 de la vía Monterrey - El Venado, , Casanare",CAS,854037,13h:02m:45s,"481,58",48,36h:01m:35s,80h:57m:49s,"3.033,05",58,484h:03m:56s
,Unit: QJX175,18/04/2026 10:20 p.m.,00h:28m:01s,"26,36",43,18/04/2026 10:48:1.m.,Idle,00h:01m:00s,"Km 18 de la vía Monterrey - El Venado, , Casanare, Colombia",Casanare,855018,13h:02m:45s,"481,58",48,36h:01m:35s,80h:57m:49s,"3.033,05",58,484h:03m:56s
,Unit: QJX175,18/04/2026 10:49 p.m.,00h:39m:00s,"25,35",41,18/04/2026 11:28:1.m.,Idle,00h:06m:00s,"Monterrey-Aguaclara, Monterrey, Casanare, Colombia",Casanare,855017,13h:02m:45s,"481,58",48,36h:01m:35s,80h:57m:49s,"3.033,05",58,484h:03m:56s
,Unit: QJX175,18/04/2026 11:34 p.m.,00h:51m:00s,"46,09",47,19/04/2026 12:25:1.m.,Idle,00h:15m:00s,"Kr5 10-85, Barranca De Upia, Meta",Met,855058,13h:02m:45s,"481,58",48,36h:01m:35s,80h:57m:49s,"3.033,05",58,484h:03m:56s
,Unit: QJX175,19/04/2026 12:40 a.m.,01h:28m:00s,"76,57",44,19/04/2026 2:08:1.m.,Idle/Ign Off,02h:37m:50s,"Km 4 de la vía Cumaral - Paratebueno, , Meta, Colombia",Meta,501027,13h:02m:45s,"481,58",48,36h:01m:35s,80h:57m:49s,"3.033,05",58,484h:03m:56s
,Unit: QJX175,19/04/2026 4:41 a.m.,00h:00m:00s,"0,00",0,19/04/2026 4:41:0.m.,Parked/Idle,00h:46m:51s,"7H62+86 Cumaral, Meta, Colombia",Meta,501027,13h:02m:45s,"481,58",48,36h:01m:35s,80h:57m:49s,"3.033,05",58,484h:03m:56s
,Unit: QJX175,19/04/2026 5:27 a.m.,00h:00m:00s,"0,00",0,19/04/2026 5:27:2.m.,Parked/Idle,00h:00m:01s,"7H62+86 Cumaral, Meta, Colombia",Meta,501027,13h:02m:45s,"481,58",48,36h:01m:35s,80h:57m:49s,"3.033,05",58,484h:03m:56s
,Unit: QJX175,19/04/2026 5:27 a.m.,00h:00m:00s,"0,00",0,19/04/2026 5:27:3.m.,Parked/Idle,00h:01m:00s,"7H62+86 Cumaral, Meta, Colombia",Meta,501027,13h:02m:45s,"481,58",48,36h:01m:35s,80h:57m:49s,"3.033,05",58,484h:03m:56s
,Unit: QJX175,19/04/2026 5:30 a.m.,01h:09m:00s,"50,94",48,19/04/2026 6:39:1.m.,Idle,00h:00m:13s,"57X2+5Q Guayabetal, Cundinamarca, Colombia",Cundinamar,251857,13h:02m:45s,"481,58",48,36h:01m:35s,80h:57m:49s,"3.033,05",58,484h:03m:56s
,Unit: QJX175,19/04/2026 6:39 a.m.,00h:15m:47s,"12,05",40,19/04/2026 6:55:1.m.,Idle,00h:01m:08s,"I-40 # 94 a 100, Guayabetal, Cundinamarca, Colombia",Cundinamar,251857,13h:02m:45s,"481,58",48,36h:01m:35s,80h:57m:49s,"3.033,05",58,484h:03m:56s
,Unit: QJX175,19/04/2026 6:56 a.m.,00h:03m:52s,"5,66",37,19/04/2026 7:00:1.m.,Idle,00h:03m:34s,"I-40 #23 a 39, Guayabetal, Cundinamarca, Colombia",Cundinamar,251857,13h:02m:45s,"481,58",48,36h:01m:35s,80h:57m:49s,"3.033,05",58,484h:03m:56s
,Unit: QJX175,19/04/2026 7:03 a.m.,01h:05m:26s,"46,35",47,19/04/2026 8:09:1.m.,Idle,00h:01m:28s,"Tunel Argelino Duran Quintero, Bogotá, Colombia",Bogotá,251808,13h:02m:45s,"481,58",48,36h:01m:35s,80h:57m:49s,"3.033,05",58,484h:03m:56s
,Unit: QJX175,19/04/2026 8:10 a.m.,00h:20m:32s,"17,06",35,19/04/2026 8:31:1.m.,Idle,00h:01m:59s,"Av Boyaca S 23-30, Bogota, Cundinamarca, Colombia",Cun,251808,13h:02m:45s,"481,58",48,36h:01m:35s,80h:57m:49s,"3.033,05",58,484h:03m:56s
,Unit: QJX175,19/04/2026 8:33 a.m.,00h:12m:01s,"4,41",21,19/04/2026 8:45:1.m.,Idle,00h:01m:00s,"Av Boyaca 38as-24, Bogota, Cundinamarca",Cun,251808,13h:02m:45s,"481,58",48,36h:01m:35s,80h:57m:49s,"3.033,05",58,484h:03m:56s
,Unit: QJX175,19/04/2026 8:46 a.m.,00h:01m:00s,"0,11",6,19/04/2026 8:47:1.m.,Idle,00h:00m:59s,"Entrada A La Boyaca-21, Bogota, Cundinamarca",Cun,251808,13h:02m:45s,"481,58",48,36h:01m:35s,80h:57m:49s,"3.033,05",58,484h:03m:56s
,Unit: QJX175,19/04/2026 8:48 a.m.,00h:01m:01s,"0,37",12,19/04/2026 8:49:1.m.,Idle,00h:01m:00s,"Av Boyaca 37bs-6, Bogota, Cundinamarca",Cun,251808,13h:02m:45s,"481,58",48,36h:01m:35s,80h:57m:49s,"3.033,05",58,484h:03m:56s
,Unit: QJX175,19/04/2026 8:50 a.m.,00h:03m:00s,"1,30",25,19/04/2026 8:53:1.m.,Idle,00h:01m:00s,"Av Boyaca 2abis-59, Bogota, Cundinamarca",Cun,251808,13h:02m:45s,"481,58",48,36h:01m:35s,80h:57m:49s,"3.033,05",58,484h:03m:56s
,Unit: QJX175,19/04/2026 8:54 a.m.,00h:03m:00s,"1,59",27,19/04/2026 8:57:1.m.,Idle,00h:01m:00s,"Av Boyaca 8b-69, Bogota, Cundinamarca",Cun,251808,13h:02m:45s,"481,58",48,36h:01m:35s,80h:57m:49s,"3.033,05",58,484h:03m:56s
,Unit: QJX175,19/04/2026 8:58 a.m.,00h:01m:00s,"0,61",15,19/04/2026 8:59:1.m.,Idle,00h:01m:00s,"Av Boyaca 11b-33, Bogota, Cundinamarca",Cun,251808,13h:02m:45s,"481,58",48,36h:01m:35s,80h:57m:49s,"3.033,05",58,484h:03m:56s
,Unit: QJX175,19/04/2026 9:00 a.m.,00h:02m:00s,"0,27",6,19/04/2026 9:02:1.m.,Idle,00h:00m:59s,"Av Boyaca 12-7, Bogota, Cundinamarca",Cun,251808,13h:02m:45s,"481,58",48,36h:01m:35s,80h:57m:49s,"3.033,05",58,484h:03m:56s
,Unit: QJX175,19/04/2026 9:03 a.m.,00h:10m:01s,"5,01",27,19/04/2026 9:13:1.m.,Idle,00h:03m:00s,"Av Boyaca 64h-4, Bogota, Cundinamarca",Cun,251808,13h:02m:45s,"481,58",48,36h:01m:35s,80h:57m:49s,"3.033,05",58,484h:03m:56s
,Unit: QJX175,19/04/2026 9:16 a.m.,00h:02m:00s,"1,45",29,19/04/2026 9:18:1.m.,Idle,00h:01m:59s,"Av Boyaca 73a-58, Bogota, Cundinamarca",Cun,251808,13h:02m:45s,"481,58",48,36h:01m:35s,80h:57m:49s,"3.033,05",58,484h:03m:56s
,Unit: QJX175,19/04/2026 9:20 a.m.,00h:03m:01s,"1,67",19,19/04/2026 9:23:1.m.,Idle,00h:01m:00s,"Cl80 74b-52, Bogota, Cundinamarca, Colombia",Cun,251808,13h:02m:45s,"481,58",48,36h:01m:35s,80h:57m:49s,"3.033,05",58,484h:03m:56s
,Unit: QJX175,19/04/2026 9:24 a.m.,00h:03m:59s,"2,16",25,19/04/2026 9:28:1.m.,Idle,00h:01m:00s,"Cl80 94-58, Bogota, Cundinamarca",Cun,251808,13h:02m:45s,"481,58",48,36h:01m:35s,80h:57m:49s,"3.033,05",58,484h:03m:56s
,Unit: QJX175,19/04/2026 9:29 a.m.,00h:06m:00s,"2,96",25,19/04/2026 9:35:1.m.,Idle,00h:01m:01s,"Cl80 119-72, Bogota, Cundinamarca",Cun,251808,13h:02m:45s,"481,58",48,36h:01m:35s,80h:57m:49s,"3.033,05",58,484h:03m:56s
,Unit: QJX175,19/04/2026 9:36 a.m.,00h:05m:00s,"3,60",33,19/04/2026 9:41:1.m.,Idle,00h:01m:00s,"Cl138b 159b, Bogota, Cundinamarca",Cun,251808,13h:02m:45s,"481,58",48,36h:01m:35s,80h:57m:49s,"3.033,05",58,484h:03m:56s
,Unit: QJX175,19/04/2026 9:42 a.m.,00h:03m:00s,"1,24",33,19/04/2026 9:45:1.m.,Idle,00h:01m:31s,"Parcelas de cota, parcela 20, lote 4, Cota, Cundinamarca, Colombia",Cundinamar,250017,13h:02m:45s,"481,58",48,36h:01m:35s,80h:57m:49s,"3.033,05",58,484h:03m:56s
,Unit: QJX175,19/04/2026 9:46 a.m.,00h:06m:29s,"0,31",7,19/04/2026 9:53:1.m.,Idle/Ign Off,01h:42m:40s,"Parcelas de cota, parcela 20, lote 4, Cota, Cundinamarca, Colombia",Cundinamar,250017,13h:02m:45s,"481,58",48,36h:01m:35s,80h:57m:49s,"3.033,05",58,484h:03m:56s
,Unit: QJX175,19/04/2026 11:07 a.m.,00h:00m:00s,"0,00",0,19/04/2026 11:07:4.m.,Parked/Idle,00h:54m:38s,"Parcelas de cota, parcela 20, lote 4, Cota, Cundinamarca, Colombia",Cundinamar,250017,13h:02m:45s,"481,58",48,36h:01m:35s,80h:57m:49s,"3.033,05",58,484h:03m:56s
,Unit: QJX175,19/04/2026 12:03 p.m.,00h:01m:22s,"0,18",3,19/04/2026 12:04:4.m.,Idle,00h:02m:15s,"QV69+2W Cota, Cundinamarca, Colombia",Cundinamar,250017,13h:02m:45s,"481,58",48,36h:01m:35s,80h:57m:49s,"3.033,05",58,484h:03m:56s
,Unit: QJX175,19/04/2026 12:07 p.m.,00h:01m:45s,"0,11",6,19/04/2026 12:08:4.m.,Idle,00h:02m:00s,"Carrera 70c #5360, Bogotá, Colombia",Bogotá,111071,13h:02m:45s,"481,58",48,36h:01m:35s,80h:57m:49s,"3.033,05",58,484h:03m:56s
,Unit: QJX175,19/04/2026 12:10 p.m.,00h:01m:00s,"0,03",3,19/04/2026 12:11:4.m.,Idle,00h:00m:58s,"Carrera 70c #5360, Bogotá, Colombia",Bogotá,111071,13h:02m:45s,"481,58",48,36h:01m:35s,80h:57m:49s,"3.033,05",58,484h:03m:56s
,Unit: QJX175,19/04/2026 12:12 p.m.,00h:02m:02s,"0,21",10,19/04/2026 12:14:4.m.,Idle/Ign Off,04h:13m:29s,"Parcelas de cota, parcela 20, lote 4, Cota, Cundinamarca, Colombia",Cundinamar,250017,13h:02m:45s,"481,58",48,36h:01m:35s,80h:57m:49s,"3.033,05",58,484h:03m:56s
,Unit: QJX175,19/04/2026 4:27 p.m.,00h:00m:00s,"0,00",0,19/04/2026 4:27:3.m.,Parked/Idle,00h:00m:01s,"Parcelas de cota, parcela 20, lote 4, Cota, Cundinamarca, Colombia",Cundinamar,250017,13h:02m:45s,"481,58",48,36h:01m:35s,80h:57m:49s,"3.033,05",58,484h:03m:56s
,Unit: QJX175,19/04/2026 4:27 p.m.,00h:00m:00s,"0,00",0,19/04/2026 4:27:3.m.,Parked/Idle,00h:00m:18s,"Parcelas de cota, parcela 20, lote 4, Cota, Cundinamarca, Colombia",Cundinamar,250017,13h:02m:45s,"481,58",48,36h:01m:35s,80h:57m:49s,"3.033,05",58,484h:03m:56s
,Unit: QJX175,19/04/2026 4:29 p.m.,00h:01m:43s,"0,06",6,19/04/2026 4:31:3.m.,Idle,00h:03m:00s,"Parcelas de cota, parcela 20, lote 4, Cota, Cundinamarca, Colombia",Cundinamar,250017,13h:02m:45s,"481,58",48,36h:01m:35s,80h:57m:49s,"3.033,05",58,484h:03m:56s
,Unit: QJX175,19/04/2026 4:34 p.m.,00h:00m:10s,"0,10",3,19/04/2026 4:34:4.m.,Ign Off,00h:01m:27s,"Carrera 70c ##5360, Bogotá, Colombia",Bogotá,111071,13h:02m:45s,"481,58",48,36h:01m:35s,80h:57m:49s,"3.033,05",58,484h:03m:56s
,Unit: QJX175,19/04/2026 4:36 p.m.,00h:00m:00s,"0,00",0,19/04/2026 4:36:0.m.,Parked/Idle,00h:00m:00s,"Carrera 70c ##5360, Bogotá, Colombia",Bogotá,111071,13h:02m:45s,"481,58",48,36h:01m:35s,80h:57m:49s,"3.033,05",58,484h:03m:56s
,Unit: QJX175,19/04/2026 4:36 p.m.,00h:01m:42s,"0,16",5,19/04/2026 4:38:3.m.,Idle,00h:00m:49s,"Parcelas de cota, parcela 20, lote 4, Cota, Cundinamarca, Colombia",Cundinamar,250017,13h:02m:45s,"481,58",48,36h:01m:35s,80h:57m:49s,"3.033,05",58,484h:03m:56s
,Unit: QJX175,19/04/2026 4:39 p.m.,00h:01m:11s,"0,05",3,19/04/2026 4:40:3.m.,Idle/Ign Off,00h:21m:01s,"Parcelas de cota, parcela 20, lote 4, Cota, Cundinamarca, Colombia",Cundinamar,250017,13h:02m:45s,"481,58",48,36h:01m:35s,80h:57m:49s,"3.033,05",58,484h:03m:56s
,Unit: QJX175,19/04/2026 4:59 p.m.,00h:00m:00s,"0,00",0,19/04/2026 4:59:4.m.,Parked/Idle,00h:02m:53s,"Parcelas de cota, parcela 20, lote 4, Cota, Cundinamarca, Colombia",Cundinamar,250017,13h:02m:45s,"481,58",48,36h:01m:35s,80h:57m:49s,"3.033,05",58,484h:03m:56s
,Unit: QJX175,19/04/2026 5:02 p.m.,00h:00m:00s,"0,00",0,19/04/2026 5:02:4.m.,Parked/Idle,00h:00m:02s,"Parcelas de cota, parcela 20, lote 4, Cota, Cundinamarca, Colombia",Cundinamar,250017,13h:02m:45s,"481,58",48,36h:01m:35s,80h:57m:49s,"3.033,05",58,484h:03m:56s
,Unit: QJX175,19/04/2026 5:02 p.m.,00h:00m:00s,"0,00",0,19/04/2026 5:02:4.m.,Parked/Idle,00h:00m:00s,"Parcelas de cota, parcela 20, lote 4, Cota, Cundinamarca, Colombia",Cundinamar,250017,13h:02m:45s,"481,58",48,36h:01m:35s,80h:57m:49s,"3.033,05",58,484h:03m:56s
,Unit: QJX175,19/04/2026 5:03 p.m.,00h:01m:54s,"0,13",7,19/04/2026 5:05:3.m.,Ign Off,00h:10m:41s,"Carrera 70c #5360, Bogotá, Colombia",Bogotá,111071,13h:02m:45s,"481,58",48,36h:01m:35s,80h:57m:49s,"3.033,05",58,484h:03m:56s
,Unit: QJX175,19/04/2026 5:16 p.m.,00h:00m:00s,"0,00",0,19/04/2026 5:16:2.m.,Parked/Idle,00h:00m:01s,"Carrera 70c #5360, Bogotá, Colombia",Bogotá,111071,13h:02m:45s,"481,58",48,36h:01m:35s,80h:57m:49s,"3.033,05",58,484h:03m:56s
,Unit: QJX175,19/04/2026 5:16 p.m.,00h:00m:00s,"0,00",0,19/04/2026 5:16:2.m.,Parked/Idle,00h:00m:00s,"Carrera 70c #5360, Bogotá, Colombia",Bogotá,111071,13h:02m:45s,"481,58",48,36h:01m:35s,80h:57m:49s,"3.033,05",58,484h:03m:56s
,Unit: QJX175,19/04/2026 5:17 p.m.,00h:01m:40s,"0,19",5,19/04/2026 5:18:4.m.,Ign Off,03h:46m:05s,"Parcelas de cota, parcela 20, lote 4, Cota, Cundinamarca, Colombia",Cundinamar,250017,13h:02m:45s,"481,58",48,36h:01m:35s,80h:57m:49s,"3.033,05",58,484h:03m:56s
,Unit: QJX175,19/04/2026 9:04 p.m.,00h:00m:00s,"0,00",0,19/04/2026 9:04:4.m.,Parked/Idle,00h:16m:00s,"Parcelas de cota, parcela 20, lote 4, Cota, Cundinamarca, Colombia",Cundinamar,250017,13h:02m:45s,"481,58",48,36h:01m:35s,80h:57m:49s,"3.033,05",58,484h:03m:56s
,Unit: QJX175,19/04/2026 9:21 p.m.,00h:14m:00s,"7,90",42,19/04/2026 9:35:4.m.,Idle/Ign Off,00h:18m:28s,"Via Principal-68, Bogota, Cundinamarca, Colombia",Cundinamar,250017,13h:02m:45s,"481,58",48,36h:01m:35s,80h:57m:49s,"3.033,05",58,484h:03m:56s
,Unit: QJX175,19/04/2026 9:50 p.m.,00h:00m:00s,"0,00",0,19/04/2026 9:51:4.m.,Parked/Idle,00h:00m:02s,"Via Principal-68, Bogota, Cundinamarca, Colombia",Cundinamar,250017,13h:02m:45s,"481,58",48,36h:01m:35s,80h:57m:49s,"3.033,05",58,484h:03m:56s
,Unit: QJX175,19/04/2026 9:51 p.m.,00h:00m:00s,"0,00",0,19/04/2026 9:51:4.m.,Parked/Idle,00h:01m:00s,"Via Principal-68, Bogota, Cundinamarca, Colombia",Cundinamar,250017,13h:02m:45s,"481,58",48,36h:01m:35s,80h:57m:49s,"3.033,05",58,484h:03m:56s
,Unit: QJX175,19/04/2026 9:53 p.m.,00h:02m:00s,"0,11",7,19/04/2026 9:55:5.m.,Idle,00h:11m:00s,"Via Principal-63, Bogota, Cundinamarca, Colombia",Cundinamar,250017,13h:02m:45s,"481,58",48,36h:01m:35s,80h:57m:49s,"3.033,05",58,484h:03m:56s
,Unit: QJX175,19/04/2026 10:06 p.m.,00h:10m:00s,"6,44",37,19/04/2026 10:16:5.m.,Idle,00h:03m:15s,"South America, Cundinamarca",CUN,250017,13h:02m:45s,"481,58",48,36h:01m:35s,80h:57m:49s,"3.033,05",58,484h:03m:56s
,Unit: QJY339,18/04/2026 1:53 a.m.,00h:24m:00s,"3,49",9,18/04/2026 2:17:3.m.,Idle,00h:00m:48s,67P9JPFP+47,Casanare,854018,14h:52m:59s,"630,99",58,33h:24m:00s,80h:57m:49s,"3.033,05",58,484h:03m:56s
,Unit: QJY339,18/04/2026 2:18 a.m.,00h:01m:12s,"0,29",6,18/04/2026 2:19:3.m.,Idle,00h:01m:20s,"Av 62, Aguazul, Casanare, Colombia",Casanare,854018,14h:52m:59s,"630,99",58,33h:24m:00s,80h:57m:49s,"3.033,05",58,484h:03m:56s
,Unit: QJY339,18/04/2026 2:20 a.m.,00h:01m:40s,"0,43",5,18/04/2026 2:22:3.m.,Idle,00h:05m:00s,67P9JP8M+JQ,Casanare,854018,14h:52m:59s,"630,99",58,33h:24m:00s,80h:57m:49s,"3.033,05",58,484h:03m:56s
,Unit: QJY339,18/04/2026 2:27 a.m.,00h:01m:00s,"0,95",8,18/04/2026 2:28:3.m.,Idle/Ign Off,04h:37m:13s,"Av 62, Aguazul, Casanare, Colombia",Casanare,854018,14h:52m:59s,"630,99",58,33h:24m:00s,80h:57m:49s,"3.033,05",58,484h:03m:56s
,Unit: QJY339,18/04/2026 6:41 a.m.,00h:00m:00s,"0,00",0,18/04/2026 6:41:4.m.,Parked/Idle,00h:51m:52s,67P9JP6H+C4,Casanare,854018,14h:52m:59s,"630,99",58,33h:24m:00s,80h:57m:49s,"3.033,05",58,484h:03m:56s
,Unit: QJY339,18/04/2026 7:26 a.m.,00h:00m:00s,"0,00",0,18/04/2026 7:26:2.m.,Parked/Idle,00h:00m:01s,67P9JP6H+C4,Casanare,854018,14h:52m:59s,"630,99",58,33h:24m:00s,80h:57m:49s,"3.033,05",58,484h:03m:56s
,Unit: QJY339,18/04/2026 7:26 a.m.,00h:00m:00s,"0,00",0,18/04/2026 7:26:2.m.,Parked/Idle,04h:14m:49s,67P9JP6H+C4,Casanare,854018,14h:52m:59s,"630,99",58,33h:24m:00s,80h:57m:49s,"3.033,05",58,484h:03m:56s
,Unit: QJY339,18/04/2026 11:31 a.m.,00h:00m:00s,"0,00",0,18/04/2026 11:31:0.m.,Parked/Idle,00h:00m:00s,67P9JP6H+C4,Casanare,854018,14h:52m:59s,"630,99",58,33h:24m:00s,80h:57m:49s,"3.033,05",58,484h:03m:56s
,Unit: QJY339,18/04/2026 11:32 a.m.,00h:03m:00s,"0,13",4,18/04/2026 11:35:0.m.,Idle/Ign Off,00h:16m:06s,67P9JP6H+H3,Casanare,854018,14h:52m:59s,"630,99",58,33h:24m:00s,80h:57m:49s,"3.033,05",58,484h:03m:56s
,Unit: QJY339,18/04/2026 11:44 a.m.,00h:00m:00s,"0,00",0,18/04/2026 11:44:0.m.,Parked/Idle,00h:00m:00s,67P9JP6G+FX,Casanare,854018,14h:52m:59s,"630,99",58,33h:24m:00s,80h:57m:49s,"3.033,05",58,484h:03m:56s
,Unit: QJY339,18/04/2026 11:44 a.m.,00h:02m:40s,"0,16",4,18/04/2026 11:47:0.m.,Idle,01h:48m:08s,67P9JP5G+VV,Casanare,854018,14h:52m:59s,"630,99",58,33h:24m:00s,80h:57m:49s,"3.033,05",58,484h:03m:56s
,Unit: QJY339,18/04/2026 1:35 p.m.,00h:00m:45s,"0,24",1,18/04/2026 1:36:0.m.,Ign Off,01h:03m:25s,67P9JP6G+FX,Casanare,854018,14h:52m:59s,"630,99",58,33h:24m:00s,80h:57m:49s,"3.033,05",58,484h:03m:56s
,Unit: QJY339,18/04/2026 2:39 p.m.,00h:00m:00s,"0,00",0,18/04/2026 2:39:2.m.,Parked/Idle,01h:27m:50s,67P9JP6G+FX,Casanare,854018,14h:52m:59s,"630,99",58,33h:24m:00s,80h:57m:49s,"3.033,05",58,484h:03m:56s
,Unit: QJY339,18/04/2026 3:28 p.m.,00h:00m:00s,"0,00",0,18/04/2026 3:28:0.m.,Parked/Idle,01h:26m:08s,67P9JP6G+FX,Casanare,854018,14h:52m:59s,"630,99",58,33h:24m:00s,80h:57m:49s,"3.033,05",58,484h:03m:56s
,Unit: QJY339,18/04/2026 4:40 p.m.,00h:00m:00s,"0,00",0,18/04/2026 4:40:0.m.,Parked/Idle,00h:00m:39s,67P9JP6G+FX,Casanare,854018,14h:52m:59s,"630,99",58,33h:24m:00s,80h:57m:49s,"3.033,05",58,484h:03m:56s
,Unit: QJY339,18/04/2026 4:41 p.m.,00h:02m:21s,"0,10",3,18/04/2026 4:44:1.m.,Idle/Ign Off,01h:00m:35s,67P9JP6H+M6,Casanare,854018,14h:52m:59s,"630,99",58,33h:24m:00s,80h:57m:49s,"3.033,05",58,484h:03m:56s
,Unit: QJY339,18/04/2026 5:36 p.m.,00h:00m:00s,"0,00",0,18/04/2026 5:36:2.m.,Parked/Idle,00h:04m:00s,67P9JP6H+M6,Casanare,854018,14h:52m:59s,"630,99",58,33h:24m:00s,80h:57m:49s,"3.033,05",58,484h:03m:56s
,Unit: QJY339,18/04/2026 5:41 p.m.,00h:04m:00s,"0,87",9,18/04/2026 5:45:2.m.,Idle,00h:00m:34s,67P9JP8M+HP,Casanare,854018,14h:52m:59s,"630,99",58,33h:24m:00s,80h:57m:49s,"3.033,05",58,484h:03m:56s
,Unit: QJY339,18/04/2026 5:45 p.m.,01h:27m:27s,"16,72",12,18/04/2026 7:13:2.m.,Idle,00h:04m:00s,67P9PMPH+FV,Casanare,854018,14h:52m:59s,"630,99",58,33h:24m:00s,80h:57m:49s,"3.033,05",58,484h:03m:56s
,Unit: QJY339,18/04/2026 7:17 p.m.,00h:25m:00s,"10,93",39,18/04/2026 7:42:2.m.,Idle,00h:06m:00s,"I-62 # 2 a 100, Maní, Casanare, Colombia",Casanare,854018,14h:52m:59s,"630,99",58,33h:24m:00s,80h:57m:49s,"3.033,05",58,484h:03m:56s
,Unit: QJY339,18/04/2026 7:48 p.m.,01h:13m:00s,"56,79",42,18/04/2026 9:01:2.m.,Idle,00h:42m:00s,"Av 65, Aguazul, Casanare",Cas,856018,14h:52m:59s,"630,99",58,33h:24m:00s,80h:57m:49s,"3.033,05",58,484h:03m:56s
,Unit: QJY339,18/04/2026 9:43 p.m.,00h:31m:00s,"28,39",46,18/04/2026 10:14:2.m.,Idle,00h:00m:35s,"Av 65, Aguazul, Casanare",Cas,856019,14h:52m:59s,"630,99",58,33h:24m:00s,80h:57m:49s,"3.033,05",58,484h:03m:56s
,Unit: QJY339,18/04/2026 10:15 p.m.,00h:01m:25s,"0,63",22,18/04/2026 10:16:2.m.,Idle,00h:00m:59s,"Km 0 de la vía El Venado, , Casanare",Cas,856019,14h:52m:59s,"630,99",58,33h:24m:00s,80h:57m:49s,"3.033,05",58,484h:03m:56s
,Unit: QJY339,18/04/2026 10:17 p.m.,00h:01m:00s,"0,61",24,18/04/2026 10:18:2.m.,Idle,00h:02m:01s," Km 45 de la vía Monterrey - El Venado, , Casanare, Colombia",Cas,856019,14h:52m:59s,"630,99",58,33h:24m:00s,80h:57m:49s,"3.033,05",58,484h:03m:56s
,Unit: QJY339,18/04/2026 10:20 p.m.,00h:21m:59s,"22,03",45,18/04/2026 10:42:2.m.,Idle,00h:02m:01s,"Av 65, Villanueva, Casanare, Colombia",Cas,854038,14h:52m:59s,"630,99",58,33h:24m:00s,80h:57m:49s,"3.033,05",58,484h:03m:56s
,Unit: QJY339,18/04/2026 10:44 p.m.,00h:04m:00s,"4,30",37,18/04/2026 10:48:2.m.,Idle,00h:02m:00s,"I-65 # 68 a 88, Monterrey, Casanare, Colombia",Casanare,854038,14h:52m:59s,"630,99",58,33h:24m:00s,80h:57m:49s,"3.033,05",58,484h:03m:56s
,Unit: QJY339,18/04/2026 10:50 p.m.,00h:38m:00s,"25,38",39,18/04/2026 11:28:2.m.,Idle,00h:07m:00s," Km 4 de la vía Villa Carola - Monterrey, , Casanare, Colombia",Cas,855017,14h:52m:59s,"630,99",58,33h:24m:00s,80h:57m:49s,"3.033,05",58,484h:03m:56s
,Unit: QJY339,18/04/2026 11:35 p.m.,00h:49m:00s,"46,06",47,19/04/2026 12:24:2.m.,Idle,00h:16m:00s,"Cl11 4-87, Barranca De Upia, Meta",Met,855058,14h:52m:59s,"630,99",58,33h:24m:00s,80h:57m:49s,"3.033,05",58,484h:03m:56s
,Unit: QJY339,19/04/2026 12:40 a.m.,01h:27m:59s,"76,54",45,19/04/2026 2:08:2.m.,Idle,00h:01m:01s,"Km 4 de la vía Cumaral - Paratebueno, , Meta, Colombia",Meta,251407,14h:52m:59s,"630,99",58,33h:24m:00s,80h:57m:49s,"3.033,05",58,484h:03m:56s
,Unit: QJY339,19/04/2026 2:09 a.m.,00h:01m:00s,"0,05",8,19/04/2026 2:10:2.m.,Idle/Ign Off,02h:30m:10s,"Km 4 de la vía Cumaral - Paratebueno, , Meta, Colombia",Meta,251407,14h:52m:59s,"630,99",58,33h:24m:00s,80h:57m:49s,"3.033,05",58,484h:03m:56s
,Unit: QJY339,19/04/2026 4:38 a.m.,00h:00m:00s,"0,00",0,19/04/2026 4:39:0.m.,Parked/Idle,00h:00m:01s,"Km 4 de la vía Cumaral - Paratebueno, , Meta, Colombia",Meta,251407,14h:52m:59s,"630,99",58,33h:24m:00s,80h:57m:49s,"3.033,05",58,484h:03m:56s
,Unit: QJY339,19/04/2026 4:39 a.m.,00h:00m:00s,"0,00",0,19/04/2026 4:39:1.m.,Parked/Idle,00h:00m:02s,"Km 4 de la vía Cumaral - Paratebueno, , Meta, Colombia",Meta,251407,14h:52m:59s,"630,99",58,33h:24m:00s,80h:57m:49s,"3.033,05",58,484h:03m:56s
,Unit: QJY339,19/04/2026 4:39 a.m.,00h:00m:00s,"0,00",0,19/04/2026 4:39:1.m.,Parked/Idle,00h:50m:02s,"Km 4 de la vía Cumaral - Paratebueno, , Meta, Colombia",Meta,251407,14h:52m:59s,"630,99",58,33h:24m:00s,80h:57m:49s,"3.033,05",58,484h:03m:56s
,Unit: QJY339,19/04/2026 5:25 a.m.,00h:00m:00s,"0,00",0,19/04/2026 5:25:0.m.,Parked/Idle,00h:04m:43s,"Km 4 de la vía Cumaral - Paratebueno, , Meta, Colombia",Meta,251407,14h:52m:59s,"630,99",58,33h:24m:00s,80h:57m:49s,"3.033,05",58,484h:03m:56s
,Unit: QJY339,19/04/2026 5:30 a.m.,01h:12m:16s,"51,11",49,19/04/2026 6:43:0.m.,Idle,00h:00m:07s,"57X2+5Q Guayabetal, Cundinamarca, Colombia",Cundinamar,251857,14h:52m:59s,"630,99",58,33h:24m:00s,80h:57m:49s,"3.033,05",58,484h:03m:56s
,Unit: QJY339,19/04/2026 6:43 a.m.,00h:02m:54s,"3,27",38,19/04/2026 6:46:0.m.,Idle,00h:00m:56s,"Km 64 de la vía Bogotá - Villavicencio, , Cundinamarca, Colombia",Cundinamar,251857,14h:52m:59s,"630,99",58,33h:24m:00s,80h:57m:49s,"3.033,05",58,484h:03m:56s
,Unit: QJY339,19/04/2026 6:47 a.m.,00h:18m:03s,"14,45",41,19/04/2026 7:05:0.m.,Idle,00h:02m:41s,"Km 49 de la vía Bogotá - Villavicencio, , Cundinamarca, Colombia",Cundinamar,251857,14h:52m:59s,"630,99",58,33h:24m:00s,80h:57m:49s,"3.033,05",58,484h:03m:56s
,Unit: QJY339,19/04/2026 7:07 a.m.,01h:18m:19s,"46,37",49,19/04/2026 8:26:0.m.,Idle,00h:01m:17s,"Km 2 de la vía Bogotá - Villavicencio, , Cundinamarca",Cun,251827,14h:52m:59s,"630,99",58,33h:24m:00s,80h:57m:49s,"3.033,05",58,484h:03m:56s
,Unit: QJY339,19/04/2026 8:27 a.m.,00h:03m:44s,"4,76",29,19/04/2026 8:31:0.m.,Idle,00h:01m:00s,"Cl115s 6he-33, Bogota, Cundinamarca",Cun,251827,14h:52m:59s,"630,99",58,33h:24m:00s,80h:57m:49s,"3.033,05",58,484h:03m:56s
,Unit: QJY339,19/04/2026 8:32 a.m.,00h:19m:59s,"12,89",35,19/04/2026 8:52:0.m.,Idle,00h:01m:01s,"Av Boyaca S 24c-39, Bogota, Cundinamarca",Cun,251827,14h:52m:59s,"630,99",58,33h:24m:00s,80h:57m:49s,"3.033,05",58,484h:03m:56s
,Unit: QJY339,19/04/2026 8:53 a.m.,00h:01m:00s,"0,48",12,19/04/2026 8:54:0.m.,Idle,00h:01m:00s,"Av Boyaca S 31-73, Bogota, Cundinamarca",Cun,251827,14h:52m:59s,"630,99",58,33h:24m:00s,80h:57m:49s,"3.033,05",58,484h:03m:56s
,Unit: QJY339,19/04/2026 8:55 a.m.,00h:07m:00s,"3,30",30,19/04/2026 9:02:0.m.,Idle,00h:02m:00s,"Av Boyaca 39abiss-61, Bogota, Cundinamarca",Cun,251827,14h:52m:59s,"630,99",58,33h:24m:00s,80h:57m:49s,"3.033,05",58,484h:03m:56s
,Unit: QJY339,19/04/2026 9:04 a.m.,00h:01m:00s,"0,19",6,19/04/2026 9:05:0.m.,Idle,00h:00m:59s,"Entrada A La Boyaca-12, Bogota, Cundinamarca",Cun,251827,14h:52m:59s,"630,99",58,33h:24m:00s,80h:57m:49s,"3.033,05",58,484h:03m:56s
,Unit: QJY339,19/04/2026 9:06 a.m.,00h:01m:01s,"0,39",11,19/04/2026 9:07:0.m.,Idle,00h:01m:00s,"Av Boyaca 37s-85, Bogota, Cundinamarca",Cun,251827,14h:52m:59s,"630,99",58,33h:24m:00s,80h:57m:49s,"3.033,05",58,484h:03m:56s
,Unit: QJY339,19/04/2026 9:08 a.m.,00h:03m:00s,"1,29",16,19/04/2026 9:11:0.m.,Idle,00h:01m:00s,"Av Boyaca 2abis-47, Bogota, Cundinamarca",Cun,251827,14h:52m:59s,"630,99",58,33h:24m:00s,80h:57m:49s,"3.033,05",58,484h:03m:56s
,Unit: QJY339,19/04/2026 9:12 a.m.,00h:05m:00s,"2,20",32,19/04/2026 9:17:0.m.,Idle,00h:02m:00s,"Av Boyaca 11b-40, Bogota, Cundinamarca",Cun,251827,14h:52m:59s,"630,99",58,33h:24m:00s,80h:57m:49s,"3.033,05",58,484h:03m:56s
,Unit: QJY339,19/04/2026 9:19 a.m.,00h:00m:59s,"0,27",6,19/04/2026 9:20:0.m.,Idle,00h:01m:01s,"Av Boyaca 12bis-47, Bogota, Cundinamarca",Cun,251827,14h:52m:59s,"630,99",58,33h:24m:00s,80h:57m:49s,"3.033,05",58,484h:03m:56s
,Unit: QJY339,19/04/2026 9:21 a.m.,00h:07m:00s,"3,77",32,19/04/2026 9:28:0.m.,Idle,00h:01m:00s,"Av Boyaca 51-84, Bogota, Cundinamarca",Cun,251827,14h:52m:59s,"630,99",58,33h:24m:00s,80h:57m:49s,"3.033,05",58,484h:03m:56s
,Unit: QJY339,19/04/2026 9:29 a.m.,00h:04m:59s,"1,43",21,19/04/2026 9:34:0.m.,Idle,00h:01m:01s,"Av Boyaca 65b-40, Bogota, Cundinamarca",Cun,251827,14h:52m:59s,"630,99",58,33h:24m:00s,80h:57m:49s,"3.033,05",58,484h:03m:56s
,Unit: QJY339,19/04/2026 9:35 a.m.,00h:10m:00s,"4,86",39,19/04/2026 9:45:0.m.,Idle,00h:01m:00s,"Via Principal-77, Bogota, Cundinamarca",Cun,251827,14h:52m:59s,"630,99",58,33h:24m:00s,80h:57m:49s,"3.033,05",58,484h:03m:56s
,Unit: QJY339,19/04/2026 9:46 a.m.,00h:13m:59s,"7,98",41,19/04/2026 10:00:0.m.,Idle,00h:00m:21s,"Parcelas de cota, parcela 20, lote 4, Cota, Cundinamarca, Colombia",Cundinamar,250017,14h:52m:59s,"630,99",58,33h:24m:00s,80h:57m:49s,"3.033,05",58,484h:03m:56s
,Unit: QJY339,19/04/2026 10:00 a.m.,00h:01m:39s,"0,00",3,19/04/2026 10:02:0.m.,Idle/Ign Off,00h:13m:57s,"Parcelas de cota, parcela 20, lote 4, Cota, Cundinamarca, Colombia",Cundinamar,250017,14h:52m:59s,"630,99",58,33h:24m:00s,80h:57m:49s,"3.033,05",58,484h:03m:56s
,Unit: QJY339,19/04/2026 10:14 a.m.,00h:00m:00s,"0,00",0,19/04/2026 10:14:3.m.,Parked/Idle,00h:00m:01s,"Parcelas de cota, parcela 20, lote 4, Cota, Cundinamarca, Colombia",Cundinamar,250017,14h:52m:59s,"630,99",58,33h:24m:00s,80h:57m:49s,"3.033,05",58,484h:03m:56s
,Unit: QJY339,19/04/2026 10:14 a.m.,00h:00m:00s,"0,00",0,19/04/2026 10:14:3.m.,Parked/Idle,00h:00m:00s,"Parcelas de cota, parcela 20, lote 4, Cota, Cundinamarca, Colombia",Cundinamar,250017,14h:52m:59s,"630,99",58,33h:24m:00s,80h:57m:49s,"3.033,05",58,484h:03m:56s
,Unit: QJY339,19/04/2026 10:15 a.m.,00h:02m:08s,"0,18",10,19/04/2026 10:17:2.m.,Idle/Ign Off,00h:02m:13s,"Carrera 70c #5360, Bogotá, Colombia",Bogotá,111071,14h:52m:59s,"630,99",58,33h:24m:00s,80h:57m:49s,"3.033,05",58,484h:03m:56s
,Unit: QJY339,19/04/2026 10:18 a.m.,00h:00m:00s,"0,00",0,19/04/2026 10:18:3.m.,Parked/Idle,00h:00m:00s,"Carrera 70c #5360, Bogotá, Colombia",Bogotá,111071,14h:52m:59s,"630,99",58,33h:24m:00s,80h:57m:49s,"3.033,05",58,484h:03m:56s
,Unit: QJY339,19/04/2026 10:19 a.m.,00h:01m:38s,"0,02",3,19/04/2026 10:21:2.m.,Idle,00h:01m:45s,"Carrera 70c #5360, Bogotá, Colombia",Bogotá,111071,14h:52m:59s,"630,99",58,33h:24m:00s,80h:57m:49s,"3.033,05",58,484h:03m:56s
,Unit: QJY339,19/04/2026 10:23 a.m.,00h:03m:14s,"0,16",9,19/04/2026 10:26:2.m.,Idle/Ign Off,03h:04m:29s,"Parcelas de cota, parcela 20, lote 4, Cota, Cundinamarca, Colombia",Cundinamar,250017,14h:52m:59s,"630,99",58,33h:24m:00s,80h:57m:49s,"3.033,05",58,484h:03m:56s
,Unit: QJY339,19/04/2026 1:29 p.m.,00h:00m:00s,"0,00",0,19/04/2026 1:29:4.m.,Parked/Idle,00h:01m:12s,"Parcelas de cota, parcela 20, lote 4, Cota, Cundinamarca, Colombia",Cundinamar,250017,14h:52m:59s,"630,99",58,33h:24m:00s,80h:57m:49s,"3.033,05",58,484h:03m:56s
,Unit: QJY339,19/04/2026 1:32 p.m.,00h:02m:48s,"0,18",4,19/04/2026 1:34:5.m.,Idle,00h:02m:21s,"Carrera 70c ##5360, Bogotá, Colombia",Bogotá,111071,14h:52m:59s,"630,99",58,33h:24m:00s,80h:57m:49s,"3.033,05",58,484h:03m:56s
,Unit: QJY339,19/04/2026 1:37 p.m.,00h:02m:38s,"0,19",9,19/04/2026 1:39:4.m.,Idle/Ign Off,06h:05m:47s,"Parcelas de cota, parcela 20, lote 4, Cota, Cundinamarca, Colombia",Cundinamar,250017,14h:52m:59s,"630,99",58,33h:24m:00s,80h:57m:49s,"3.033,05",58,484h:03m:56s
,Unit: QJY339,19/04/2026 7:42 p.m.,00h:00m:00s,"0,00",0,19/04/2026 7:42:0.m.,Parked/Idle,00h:02m:13s,"Parcelas de cota, parcela 20, lote 4, Cota, Cundinamarca, Colombia",Cundinamar,250017,14h:52m:59s,"630,99",58,33h:24m:00s,80h:57m:49s,"3.033,05",58,484h:03m:56s
,Unit: QJY339,19/04/2026 7:45 p.m.,00h:09m:47s,"5,50",40,19/04/2026 7:55:0.m.,Idle,00h:01m:01s,"Via Principal-77, Bogota, Cundinamarca",Cun,250017,14h:52m:59s,"630,99",58,33h:24m:00s,80h:57m:49s,"3.033,05",58,484h:03m:56s
,Unit: QJY339,19/04/2026 7:56 p.m.,00h:01m:00s,"1,09",35,19/04/2026 7:57:0.m.,Idle,00h:00m:06s,"Via Principal-37, Bogota, Cundinamarca",Cun,250017,14h:52m:59s,"630,99",58,33h:24m:00s,80h:57m:49s,"3.033,05",58,484h:03m:56s
,Unit: QJY339,19/04/2026 7:57 p.m.,00h:02m:30s,"1,32",10,19/04/2026 7:59:4.m.,Ign Off,00h:12m:45s,"Funza-Cota, Cota, Cundinamarca, Colombia",Cundinamar,250017,14h:52m:59s,"630,99",58,33h:24m:00s,80h:57m:49s,"3.033,05",58,484h:03m:56s
,Unit: QJY339,19/04/2026 8:12 p.m.,00h:00m:00s,"0,00",0,19/04/2026 8:12:2.m.,Parked/Idle,00h:00m:00s,"Funza-Cota, Cota, Cundinamarca, Colombia",Cundinamar,250017,14h:52m:59s,"630,99",58,33h:24m:00s,80h:57m:49s,"3.033,05",58,484h:03m:56s
,Unit: QJY339,19/04/2026 8:12 p.m.,00h:01m:34s,"0,11",4,19/04/2026 8:14:2.m.,Idle,00h:09m:56s,"Via Principal-67, Bogota, Cundinamarca, Colombia",Cundinamar,250017,14h:52m:59s,"630,99",58,33h:24m:00s,80h:57m:49s,"3.033,05",58,484h:03m:56s
,Unit: QJY339,19/04/2026 8:24 p.m.,00h:00m:12s,"0,02",4,19/04/2026 8:24:3.m.,Ign Off,00h:11m:57s,"Via Principal-66, Bogota, Cundinamarca, Colombia",Cundinamar,250017,14h:52m:59s,"630,99",58,33h:24m:00s,80h:57m:49s,"3.033,05",58,484h:03m:56s
,Unit: QJY339,19/04/2026 8:36 p.m.,00h:00m:00s,"0,00",0,19/04/2026 8:36:3.m.,Parked/Idle,00h:00m:14s,"Via Principal-66, Bogota, Cundinamarca, Colombia",Cundinamar,250017,14h:52m:59s,"630,99",58,33h:24m:00s,80h:57m:49s,"3.033,05",58,484h:03m:56s
,Unit: QJY339,19/04/2026 8:37 p.m.,00h:01m:46s,"0,08",9,19/04/2026 8:39:3.m.,Idle,00h:08m:24s,"Via Principal-62, Bogota, Cundinamarca, Colombia",Cundinamar,250017,14h:52m:59s,"630,99",58,33h:24m:00s,80h:57m:49s,"3.033,05",58,484h:03m:56s
,Unit: QJY339,19/04/2026 8:47 p.m.,00h:02m:37s,"1,05",12,19/04/2026 8:50:3.m.,Idle,00h:03m:13s,"Av Siberia Cota, Bogota, Cundinamarca",Cun,250017,14h:52m:59s,"630,99",58,33h:24m:00s,80h:57m:49s,"3.033,05",58,484h:03m:56s
,Unit: QJY339,19/04/2026 8:53 p.m.,00h:10m:03s,"6,95",39,19/04/2026 9:03:4.m.,Ign Off,00h:05m:27s," Km 7 de la vía Calle 80 - Cota, , Cundinamarca, Colombia",Cundinamar,250017,14h:52m:59s,"630,99",58,33h:24m:00s,80h:57m:49s,"3.033,05",58,484h:03m:56s
,Unit: QJY339,19/04/2026 9:09 p.m.,00h:00m:00s,"0,00",0,19/04/2026 9:09:1.m.,Parked/Idle,00h:01m:59s," Km 7 de la vía Calle 80 - Cota, , Cundinamarca, Colombia",Cundinamar,250017,14h:52m:59s,"630,99",58,33h:24m:00s,80h:57m:49s,"3.033,05",58,484h:03m:56s
,Unit: QJY339,19/04/2026 9:12 p.m.,00h:14m:00s,"10,06",41,19/04/2026 9:26:1.m.,Idle,00h:01m:00s,"Cl2 4-62, Chia, Cundinamarca",Cun,250017,14h:52m:59s,"630,99",58,33h:24m:00s,80h:57m:49s,"3.033,05",58,484h:03m:56s
,Unit: QJY339,19/04/2026 9:27 p.m.,00h:06m:01s,"2,62",32,19/04/2026 9:33:1.m.,Idle,00h:00m:27s,"Via Principal-56, Chia, Cundinamarca, Colombia",Cun,250017,14h:52m:59s,"630,99",58,33h:24m:00s,80h:57m:49s,"3.033,05",58,484h:03m:56s
,Unit: QJY339,19/04/2026 9:33 p.m.,00h:01m:32s,"0,60",7,19/04/2026 9:35:1.m.,Idle,00h:00m:46s,"Av Pradilla, Chia, Cundinamarca",Cun,250017,14h:52m:59s,"630,99",58,33h:24m:00s,80h:57m:49s,"3.033,05",58,484h:03m:56s
,Unit: QJY339,19/04/2026 9:36 p.m.,00h:25m:14s,"32,70",56,19/04/2026 10:01:1.m.,Idle,00h:02m:03s,"Av 55-62, Sesquile, Cundinamarca",Cun,251010,14h:52m:59s,"630,99",58,33h:24m:00s,80h:57m:49s,"3.033,05",58,484h:03m:56s
,Unit: QJY339,19/04/2026 10:03 p.m.,00h:04m:39s,"3,64",54,19/04/2026 10:07:5.m.,Ign Off,00h:17m:35s,"Av 55-96, Sesquile, Cundinamarca, Colombia",Cun,251010,14h:52m:59s,"630,99",58,33h:24m:00s,80h:57m:49s,"3.033,05",58,484h:03m:56s
,Unit: QJY339,19/04/2026 10:25 p.m.,00h:00m:00s,"0,00",0,19/04/2026 10:25:3.m.,Parked/Idle,00h:01m:42s,"Av 55-96, Sesquile, Cundinamarca, Colombia",Cun,251010,14h:52m:59s,"630,99",58,33h:24m:00s,80h:57m:49s,"3.033,05",58,484h:03m:56s
,Unit: QJY339,19/04/2026 10:28 p.m.,01h:26m:18s,"110,42",58,19/04/2026 11:54:3.m.,Idle,00h:25m:00s,"Av 55, Tunja, Boyaca, Colombia",Boy,150207,14h:52m:59s,"630,99",58,33h:24m:00s,80h:57m:49s,"3.033,05",58,484h:03m:56s
,Unit: SMR391,18/04/2026 12:00 a.m.,00h:00m:00s,"0,00",0,18/04/2026 8:22:5.m.,Parked/Idle,08h:25m:42s,"Cl9b 16c-51, Mosquera, Cundinamarca, Colombia",Cundinamar,250040,00h:29m:23s,"14,79",42,55h:53m:12s,80h:57m:49s,"3.033,05",58,484h:03m:56s
,Unit: SMR391,18/04/2026 8:26 a.m.,00h:00m:17s,"0,03",3,18/04/2026 8:27:0.m.,Ign Off,00h:00m:05s,"Cl. 8 #15143, Mosquera, Cundinamarca, Colombia",Cundinamar,250040,00h:29m:23s,"14,79",42,55h:53m:12s,80h:57m:49s,"3.033,05",58,484h:03m:56s
,Unit: SMR391,18/04/2026 8:27 a.m.,00h:00m:00s,"0,00",0,18/04/2026 8:27:0.m.,Parked/Idle,00h:00m:00s,"Cl. 8 #15143, Mosquera, Cundinamarca, Colombia",Cundinamar,250040,00h:29m:23s,"14,79",42,55h:53m:12s,80h:57m:49s,"3.033,05",58,484h:03m:56s
,Unit: SMR391,18/04/2026 8:27 a.m.,00h:26m:19s,"14,63",42,18/04/2026 8:53:5.m.,Idle,00h:03m:41s,"Av 50, Bogota, Cundinamarca, Colombia",Cundinamar,250047,00h:29m:23s,"14,79",42,55h:53m:12s,80h:57m:49s,"3.033,05",58,484h:03m:56s
,Unit: SMR391,18/04/2026 8:57 a.m.,00h:01m:19s,"0,02",3,18/04/2026 8:58:5.m.,Idle,00h:05m:32s,"Av 50, Bogota, Cundinamarca, Colombia",Cundinamar,250047,00h:29m:23s,"14,79",42,55h:53m:12s,80h:57m:49s,"3.033,05",58,484h:03m:56s
,Unit: SMR391,18/04/2026 9:04 a.m.,00h:01m:28s,"0,11",4,18/04/2026 9:05:5.m.,Idle/Ign Off,47h:18m:12s,"MQXV+MV Funza, Cundinamarca, Colombia",Cundinamar,250047,00h:29m:23s,"14,79",42,55h:53m:12s,80h:57m:49s,"3.033,05",58,484h:03m:56s
,Unit: SXY625,18/04/2026 12:00 a.m.,00h:00m:00s,"0,00",0,18/04/2026 6:52:2.m.,Parked/Idle,06h:57m:25s,"Av 30 De Agosto, Pereira, Risaralda, Colombia",Risaralda,660001,03h:48m:12s,"71,08",37,49h:46m:18s,80h:57m:49s,"3.033,05",58,484h:03m:56s
,Unit: SXY625,18/04/2026 6:59 a.m.,00h:06m:00s,"3,38",26,18/04/2026 7:05:2.m.,Idle,00h:04m:00s,"Av 30 De Agosto, Pereira, Risaralda",Ris,660001,03h:48m:12s,"71,08",37,49h:46m:18s,80h:57m:49s,"3.033,05",58,484h:03m:56s
,Unit: SXY625,18/04/2026 7:09 a.m.,00h:25m:00s,"10,75",29,18/04/2026 7:34:2.m.,Idle,00h:09m:51s,"Cl29 35a-59, Dos Quebradas, Risaralda, Colombia",Risaralda,661008,03h:48m:12s,"71,08",37,49h:46m:18s,80h:57m:49s,"3.033,05",58,484h:03m:56s
,Unit: SXY625,18/04/2026 7:44 a.m.,00h:04m:09s,"1,26",14,18/04/2026 7:48:2.m.,Idle,00h:03m:59s,"Cl26 27a-19, Dos Quebradas, Risaralda, Colombia",Risaralda,661008,03h:48m:12s,"71,08",37,49h:46m:18s,80h:57m:49s,"3.033,05",58,484h:03m:56s
,Unit: SXY625,18/04/2026 7:52 a.m.,00h:04m:01s,"1,32",21,18/04/2026 7:56:2.m.,Idle,00h:05m:14s,"Kr24 23a-23, Dos Quebradas, Risaralda, Colombia",RIS,661008,03h:48m:12s,"71,08",37,49h:46m:18s,80h:57m:49s,"3.033,05",58,484h:03m:56s
,Unit: SXY625,18/04/2026 8:01 a.m.,00h:06m:46s,"2,06",20,18/04/2026 8:08:2.m.,Idle,00h:03m:46s,"Cl43 18-17, Dos Quebradas, Risaralda, Colombia",Risaralda,661001,03h:48m:12s,"71,08",37,49h:46m:18s,80h:57m:49s,"3.033,05",58,484h:03m:56s
,Unit: SXY625,18/04/2026 8:12 a.m.,00h:04m:00s,"1,01",14,18/04/2026 8:16:1.m.,Ign Off,00h:13m:21s,"Calle 49 # 19-2 a 19-100, Dosquebradas, Risaralda, Colombia",Risaralda,661001,03h:48m:12s,"71,08",37,49h:46m:18s,80h:57m:49s,"3.033,05",58,484h:03m:56s
,Unit: SXY625,18/04/2026 8:29 a.m.,00h:00m:00s,"0,00",0,18/04/2026 8:29:3.m.,Parked/Idle,00h:03m:00s,"Calle 49 # 19-2 a 19-100, Dosquebradas, Risaralda, Colombia",Risaralda,661001,03h:48m:12s,"71,08",37,49h:46m:18s,80h:57m:49s,"3.033,05",58,484h:03m:56s
,Unit: SXY625,18/04/2026 8:34 a.m.,00h:03m:00s,"0,60",11,18/04/2026 8:37:3.m.,Idle,00h:04m:31s,"Cl56 17-11, Dos Quebradas, Risaralda, Colombia",Risaralda,661001,03h:48m:12s,"71,08",37,49h:46m:18s,80h:57m:49s,"3.033,05",58,484h:03m:56s
,Unit: SXY625,18/04/2026 8:42 a.m.,00h:02m:29s,"0,82",12,18/04/2026 8:44:3.m.,Idle,00h:01m:00s,"Kr16 51-57, Dos Quebradas, Risaralda",Ris,661002,03h:48m:12s,"71,08",37,49h:46m:18s,80h:57m:49s,"3.033,05",58,484h:03m:56s
,Unit: SXY625,18/04/2026 8:45 a.m.,00h:01m:00s,"0,45",22,18/04/2026 8:46:3.m.,Idle,00h:01m:00s,"Kr16 43-43, Dos Quebradas, Risaralda, Colombia",Ris,661002,03h:48m:12s,"71,08",37,49h:46m:18s,80h:57m:49s,"3.033,05",58,484h:03m:56s
,Unit: SXY625,18/04/2026 8:47 a.m.,00h:02m:00s,"0,64",22,18/04/2026 8:49:3.m.,Idle,00h:02m:00s,"Calle 38 # 11-21 a 11-99, Dosquebradas, Risaralda, Colombia",Risaralda,661002,03h:48m:12s,"71,08",37,49h:46m:18s,80h:57m:49s,"3.033,05",58,484h:03m:56s
,Unit: SXY625,18/04/2026 8:51 a.m.,00h:06m:00s,"1,96",24,18/04/2026 8:57:3.m.,Idle,00h:02m:42s,"Cl41b 9-50, Dos Quebradas, Risaralda, Colombia",Ris,661002,03h:48m:12s,"71,08",37,49h:46m:18s,80h:57m:49s,"3.033,05",58,484h:03m:56s
,Unit: SXY625,18/04/2026 9:00 a.m.,00h:02m:57s,"0,87",16,18/04/2026 9:03:1.m.,Ign Off,00h:07m:58s,"Diagonal 30c #3-87, Dosquebradas, Dosquebradas, Risaralda, Colombia",Risaralda,661002,03h:48m:12s,"71,08",37,49h:46m:18s,80h:57m:49s,"3.033,05",58,484h:03m:56s
,Unit: SXY625,18/04/2026 9:11 a.m.,00h:00m:00s,"0,00",0,18/04/2026 9:11:1.m.,Parked/Idle,00h:00m:00s,"Diagonal 30c #3-87, Dosquebradas, Dosquebradas, Risaralda, Colombia",Risaralda,661002,03h:48m:12s,"71,08",37,49h:46m:18s,80h:57m:49s,"3.033,05",58,484h:03m:56s
,Unit: SXY625,18/04/2026 9:11 a.m.,00h:03m:31s,"1,00",16,18/04/2026 9:15:2.m.,Ign Off,00h:07m:18s,"Via Principal-33, Dos Quebradas, Risaralda",Ris,661002,03h:48m:12s,"71,08",37,49h:46m:18s,80h:57m:49s,"3.033,05",58,484h:03m:56s
,Unit: SXY625,18/04/2026 9:22 a.m.,00h:00m:00s,"0,00",0,18/04/2026 9:22:4.m.,Parked/Idle,00h:00m:00s,"Via Principal-33, Dos Quebradas, Risaralda",Ris,661002,03h:48m:12s,"71,08",37,49h:46m:18s,80h:57m:49s,"3.033,05",58,484h:03m:56s
,Unit: SXY625,18/04/2026 9:23 a.m.,00h:03m:13s,"0,60",13,18/04/2026 9:26:4.m.,Idle,00h:04m:00s,"Via Principal, Dos Quebradas, Risaralda, Colombia",Ris,661002,03h:48m:12s,"71,08",37,49h:46m:18s,80h:57m:49s,"3.033,05",58,484h:03m:56s
,Unit: SXY625,18/04/2026 9:30 a.m.,00h:04m:00s,"1,03",24,18/04/2026 9:34:4.m.,Idle,00h:00m:10s,"Kr2a 16b, Dos Quebradas, Risaralda",Ris,661002,03h:48m:12s,"71,08",37,49h:46m:18s,80h:57m:49s,"3.033,05",58,484h:03m:56s
,Unit: SXY625,18/04/2026 9:34 a.m.,00h:02m:39s,"0,45",11,18/04/2026 9:37:3.m.,Ign Off,00h:08m:34s,"Kr2a 19a-42, Dos Quebradas, Risaralda",Ris,661002,03h:48m:12s,"71,08",37,49h:46m:18s,80h:57m:49s,"3.033,05",58,484h:03m:56s
,Unit: SXY625,18/04/2026 9:46 a.m.,00h:00m:00s,"0,00",0,18/04/2026 9:47:0.m.,Parked/Idle,00h:10m:05s,"Kr2a 19a-42, Dos Quebradas, Risaralda",Ris,661002,03h:48m:12s,"71,08",37,49h:46m:18s,80h:57m:49s,"3.033,05",58,484h:03m:56s
,Unit: SXY625,18/04/2026 9:57 a.m.,00h:00m:00s,"0,00",0,18/04/2026 9:57:0.m.,Parked/Idle,00h:00m:00s,"South America, Pereira, Risaralda",RIS,661002,03h:48m:12s,"71,08",37,49h:46m:18s,80h:57m:49s,"3.033,05",58,484h:03m:56s
,Unit: SXY625,18/04/2026 9:57 a.m.,00h:07m:22s,"2,72",17,18/04/2026 10:05:0.m.,Idle,00h:01m:00s,"Via La Popa, Dos Quebradas, Risaralda, Colombia",Ris,661002,03h:48m:12s,"71,08",37,49h:46m:18s,80h:57m:49s,"3.033,05",58,484h:03m:56s
,Unit: SXY625,18/04/2026 10:06 a.m.,00h:03m:00s,"0,77",17,18/04/2026 10:09:0.m.,Idle,00h:00m:08s,"Cl9 16-82, Dos Quebradas, Risaralda",Ris,661002,03h:48m:12s,"71,08",37,49h:46m:18s,80h:57m:49s,"3.033,05",58,484h:03m:56s
,Unit: SXY625,18/04/2026 10:09 a.m.,00h:09m:52s,"3,48",25,18/04/2026 10:19:0.m.,Idle,00h:01m:33s,"Kr41b 17-54, Dos Quebradas, Risaralda, Colombia",RIS,661001,03h:48m:12s,"71,08",37,49h:46m:18s,80h:57m:49s,"3.033,05",58,484h:03m:56s
,Unit: SXY625,18/04/2026 10:20 a.m.,00h:02m:27s,"0,56",5,18/04/2026 10:23:0.m.,Idle,00h:00m:20s,"Cl15a 41b-54, Dos Quebradas, Risaralda, Colombia",RIS,661001,03h:48m:12s,"71,08",37,49h:46m:18s,80h:57m:49s,"3.033,05",58,484h:03m:56s
,Unit: SXY625,18/04/2026 10:23 a.m.,00h:03m:40s,"1,50",29,18/04/2026 10:27:0.m.,Idle,00h:05m:00s,"Calle 8 #31-2 a 31-236, Dosquebradas, Dosquebradas, Risaralda, Colombia",Risaralda,661001,03h:48m:12s,"71,08",37,49h:46m:18s,80h:57m:49s,"3.033,05",58,484h:03m:56s
,Unit: SXY625,18/04/2026 10:32 a.m.,00h:05m:00s,"1,40",9,18/04/2026 10:37:0.m.,Idle,00h:00m:52s,"Via Principal-49, Dos Quebradas, Risaralda",Ris,661001,03h:48m:12s,"71,08",37,49h:46m:18s,80h:57m:49s,"3.033,05",58,484h:03m:56s
,Unit: SXY625,18/04/2026 10:38 a.m.,00h:05m:08s,"1,51",21,18/04/2026 10:43:0.m.,Idle,00h:01m:00s,"Av Via La Popa, Dos Quebradas, Risaralda",Ris,661002,03h:48m:12s,"71,08",37,49h:46m:18s,80h:57m:49s,"3.033,05",58,484h:03m:56s
,Unit: SXY625,18/04/2026 10:44 a.m.,00h:03m:00s,"1,85",25,18/04/2026 10:47:0.m.,Idle,00h:01m:24s,"Av Via La Popa, Dos Quebradas, Risaralda, Colombia",RIS,661002,03h:48m:12s,"71,08",37,49h:46m:18s,80h:57m:49s,"3.033,05",58,484h:03m:56s
,Unit: SXY625,18/04/2026 10:48 a.m.,00h:06m:30s,"2,59",27,18/04/2026 10:55:0.m.,Ign Off,00h:12m:51s,"Via Principal, Pereira, Risaralda, Colombia",Ris,660007,03h:48m:12s,"71,08",37,49h:46m:18s,80h:57m:49s,"3.033,05",58,484h:03m:56s
,Unit: SXY625,18/04/2026 11:07 a.m.,00h:00m:00s,"0,00",0,18/04/2026 11:07:5.m.,Parked/Idle,00h:00m:00s,"Via Principal, Pereira, Risaralda, Colombia",Ris,660007,03h:48m:12s,"71,08",37,49h:46m:18s,80h:57m:49s,"3.033,05",58,484h:03m:56s
,Unit: SXY625,18/04/2026 11:08 a.m.,00h:04m:21s,"0,48",14,18/04/2026 11:12:5.m.,Idle,00h:04m:52s,"Via Principal, Pereira, Risaralda, Colombia",Risaralda,660001,03h:48m:12s,"71,08",37,49h:46m:18s,80h:57m:49s,"3.033,05",58,484h:03m:56s
,Unit: SXY625,18/04/2026 11:17 a.m.,00h:06m:08s,"2,38",37,18/04/2026 11:23:5.m.,Idle,00h:01m:00s,"Av Del Rio 40, Pereira, Risaralda, Colombia",Risaralda,660001,03h:48m:12s,"71,08",37,49h:46m:18s,80h:57m:49s,"3.033,05",58,484h:03m:56s
,Unit: SXY625,18/04/2026 11:24 a.m.,00h:04m:00s,"1,21",23,18/04/2026 11:28:5.m.,Idle,00h:09m:18s,"Av Del Rio 29-22, Pereira, Risaralda, Colombia",Ris,660001,03h:48m:12s,"71,08",37,49h:46m:18s,80h:57m:49s,"3.033,05",58,484h:03m:56s
,Unit: SXY625,18/04/2026 11:38 a.m.,00h:07m:42s,"2,72",24,18/04/2026 11:45:5.m.,Idle,00h:01m:00s,"Kr4 15-49, Pereira, Risaralda, Colombia",Ris,660001,03h:48m:12s,"71,08",37,49h:46m:18s,80h:57m:49s,"3.033,05",58,484h:03m:56s
,Unit: SXY625,18/04/2026 11:46 a.m.,00h:02m:00s,"0,10",6,18/04/2026 11:48:5.m.,Idle,00h:01m:00s,"Kr4 16-42, Pereira, Risaralda",Ris,660001,03h:48m:12s,"71,08",37,49h:46m:18s,80h:57m:49s,"3.033,05",58,484h:03m:56s
,Unit: SXY625,18/04/2026 11:49 a.m.,00h:01m:00s,"0,08",4,18/04/2026 11:50:5.m.,Idle,00h:03m:00s,"Carrera 4 # 17-1 a 17-99, Pereira, Risaralda, Colombia",Risaralda,660001,03h:48m:12s,"71,08",37,49h:46m:18s,80h:57m:49s,"3.033,05",58,484h:03m:56s
,Unit: SXY625,18/04/2026 11:53 a.m.,00h:02m:00s,"0,31",7,18/04/2026 11:55:5.m.,Idle,00h:05m:00s,"Kr4 20-56, Pereira, Risaralda, Colombia",Ris,660001,03h:48m:12s,"71,08",37,49h:46m:18s,80h:57m:49s,"3.033,05",58,484h:03m:56s
,Unit: SXY625,18/04/2026 12:00 p.m.,00h:01m:00s,"0,48",21,18/04/2026 12:01:5.m.,Idle,00h:00m:10s,"Kr4 25-76, Pereira, Risaralda",Ris,660002,03h:48m:12s,"71,08",37,49h:46m:18s,80h:57m:49s,"3.033,05",58,484h:03m:56s
,Unit: SXY625,18/04/2026 12:02 p.m.,00h:03m:50s,"0,35",9,18/04/2026 12:05:5.m.,Idle,00h:01m:00s,"Cl26 7-43, Pereira, Risaralda, Colombia",Ris,660002,03h:48m:12s,"71,08",37,49h:46m:18s,80h:57m:49s,"3.033,05",58,484h:03m:56s
,Unit: SXY625,18/04/2026 12:06 p.m.,00h:02m:00s,"0,56",14,18/04/2026 12:08:5.m.,Idle,00h:01m:57s,"Cl29 7-44, Pereira, Risaralda",Ris,660002,03h:48m:12s,"71,08",37,49h:46m:18s,80h:57m:49s,"3.033,05",58,484h:03m:56s
,Unit: SXY625,18/04/2026 12:10 p.m.,00h:04m:37s,"0,55",12,18/04/2026 12:15:2.m.,Ign Off,00h:14m:25s,"Kr7 28-38, Pereira, Risaralda",Ris,660002,03h:48m:12s,"71,08",37,49h:46m:18s,80h:57m:49s,"3.033,05",58,484h:03m:56s
,Unit: SXY625,18/04/2026 12:29 p.m.,00h:00m:00s,"0,00",0,18/04/2026 12:29:5.m.,Parked/Idle,00h:01m:00s,"Kr7 28-38, Pereira, Risaralda",Ris,660002,03h:48m:12s,"71,08",37,49h:46m:18s,80h:57m:49s,"3.033,05",58,484h:03m:56s
,Unit: SXY625,18/04/2026 12:32 p.m.,00h:02m:00s,"1,46",25,18/04/2026 12:34:5.m.,Idle,00h:00m:25s,"Kr7 43-50, Pereira, Risaralda, Colombia",Risaralda,660002,03h:48m:12s,"71,08",37,49h:46m:18s,80h:57m:49s,"3.033,05",58,484h:03m:56s
,Unit: SXY625,18/04/2026 12:35 p.m.,00h:00m:18s,"0,05",4,18/04/2026 12:35:3.m.,Ign Off,00h:00m:32s,"Kr8 44, Pereira, Risaralda, Colombia",Risaralda,660002,03h:48m:12s,"71,08",37,49h:46m:18s,80h:57m:49s,"3.033,05",58,484h:03m:56s
,Unit: SXY625,18/04/2026 12:36 p.m.,00h:00m:00s,"0,00",0,18/04/2026 12:36:0.m.,Parked/Idle,00h:06m:17s,"Kr8 44, Pereira, Risaralda, Colombia",Risaralda,660002,03h:48m:12s,"71,08",37,49h:46m:18s,80h:57m:49s,"3.033,05",58,484h:03m:56s
,Unit: SXY625,18/04/2026 12:44 p.m.,00h:01m:43s,"0,08",9,18/04/2026 12:45:5.m.,Idle,00h:03m:00s,"Kr8 44, Pereira, Risaralda, Colombia",Risaralda,660002,03h:48m:12s,"71,08",37,49h:46m:18s,80h:57m:49s,"3.033,05",58,484h:03m:56s
,Unit: SXY625,18/04/2026 12:48 p.m.,00h:10m:00s,"1,32",14,18/04/2026 12:58:5.m.,Idle,00h:00m:23s,"South America, Risaralda",RIS,660004,03h:48m:12s,"71,08",37,49h:46m:18s,80h:57m:49s,"3.033,05",58,484h:03m:56s
,Unit: SXY625,18/04/2026 12:59 p.m.,00h:02m:57s,"1,11",16,18/04/2026 1:02:1.m.,Ign Off,00h:12m:58s,"Cra. 17 #36a-1 a 36a-69, Pereira, Pereira, Risaralda, Colombia",Risaralda,660004,03h:48m:12s,"71,08",37,49h:46m:18s,80h:57m:49s,"3.033,05",58,484h:03m:56s
,Unit: SXY625,18/04/2026 1:15 p.m.,00h:00m:00s,"0,00",0,18/04/2026 1:15:1.m.,Parked/Idle,00h:00m:00s,"Cra. 17 #36a-1 a 36a-69, Pereira, Pereira, Risaralda, Colombia",Risaralda,660004,03h:48m:12s,"71,08",37,49h:46m:18s,80h:57m:49s,"3.033,05",58,484h:03m:56s
,Unit: SXY625,18/04/2026 1:16 p.m.,00h:04m:14s,"1,74",23,18/04/2026 1:21:1.m.,Idle,00h:01m:30s,"Calle 29, Pereira, Pereira, Risaralda, Colombia",Risaralda,660004,03h:48m:12s,"71,08",37,49h:46m:18s,80h:57m:49s,"3.033,05",58,484h:03m:56s
,Unit: SXY625,18/04/2026 1:22 p.m.,00h:05m:30s,"1,80",21,18/04/2026 1:28:1.m.,Idle,00h:00m:45s,"Via Principal-12, Pereira, Risaralda, Colombia",RIS,660004,03h:48m:12s,"71,08",37,49h:46m:18s,80h:57m:49s,"3.033,05",58,484h:03m:56s
,Unit: SXY625,18/04/2026 1:28 p.m.,00h:03m:42s,"0,71",16,18/04/2026 1:32:4.m.,Ign Off,00h:02m:15s,"Cra. 34, Pereira, Risaralda, Colombia",Risaralda,660004,03h:48m:12s,"71,08",37,49h:46m:18s,80h:57m:49s,"3.033,05",58,484h:03m:56s
,Unit: SXY625,18/04/2026 1:34 p.m.,00h:00m:00s,"0,00",0,18/04/2026 1:34:5.m.,Parked/Idle,00h:00m:00s,"Cra. 34, Pereira, Risaralda, Colombia",Risaralda,660004,03h:48m:12s,"71,08",37,49h:46m:18s,80h:57m:49s,"3.033,05",58,484h:03m:56s
,Unit: SXY625,18/04/2026 1:35 p.m.,00h:06m:36s,"2,59",25,18/04/2026 1:41:5.m.,Idle,00h:01m:00s,"Kr39 72, Pereira, Risaralda, Colombia",Risaralda,660009,03h:48m:12s,"71,08",37,49h:46m:18s,80h:57m:49s,"3.033,05",58,484h:03m:56s
,Unit: SXY625,18/04/2026 1:42 p.m.,00h:07m:00s,"2,83",27,18/04/2026 1:49:5.m.,Idle,00h:01m:54s,"Kr21 69-67, Pereira, Risaralda",Ris,660009,03h:48m:12s,"71,08",37,49h:46m:18s,80h:57m:49s,"3.033,05",58,484h:03m:56s
,Unit: SXY625,18/04/2026 1:51 p.m.,00h:02m:06s,"0,26",6,18/04/2026 1:53:5.m.,Idle,00h:02m:00s,"Via Principal-67, Pereira, Risaralda",Ris,660009,03h:48m:12s,"71,08",37,49h:46m:18s,80h:57m:49s,"3.033,05",58,484h:03m:56s
,Unit: SXY625,18/04/2026 1:55 p.m.,00h:07m:00s,"0,74",14,18/04/2026 2:02:5.m.,Idle,00h:01m:00s,"Cra. 17 #82a-226 a 82a-262, Pereira, Pereira, Risaralda, Colombia",Risaralda,660001,03h:48m:12s,"71,08",37,49h:46m:18s,80h:57m:49s,"3.033,05",58,484h:03m:56s
,Unit: SXY625,18/04/2026 2:03 p.m.,00h:08m:00s,"2,57",19,18/04/2026 2:11:5.m.,Idle,00h:06m:12s,"Av 30 De Agosto, Pereira, Risaralda, Colombia",Risaralda,660001,03h:48m:12s,"71,08",37,49h:46m:18s,80h:57m:49s,"3.033,05",58,484h:03m:56s
,Unit: SXY625,18/04/2026 2:18 p.m.,00h:01m:44s,"0,02",4,18/04/2026 2:19:5.m.,Ign Off,39h:28m:23s,"Av 30 De Agosto, Pereira, Risaralda, Colombia",Risaralda,660001,03h:48m:12s,"71,08",37,49h:46m:18s,80h:57m:49s,"3.033,05",58,484h:03m:56s

