,date,ncode,predicted_value
0,260819145845,2284,73.56525524830587
1,260819150030,2284,73.56525524830587
2,260819150215,2284,73.56525524830587
3,260819150400,2284,73.56525524830587
4,260819150545,2284,73.56525524830587
5,260819150730,2284,73.56525524830587
6,260819150915,2284,73.56525524830587
7,260819151100,2284,73.56525524830587
8,260819151245,2267,72.98053686098106
9,260819151430,2289,73.73723124457787
10,260819151615,2295,73.94360244010429
11,260819151800,2296,73.97799763935869
12,260819151945,2296,73.97799763935869
13,260819152130,2296,73.97799763935869
14,260819152315,2296,73.97799763935869
15,260819152500,2295,73.94360244010429
16,260819152645,2295,73.94360244010429
17,260819152830,2295,73.94360244010429
18,260819153015,2295,73.94360244010429
19,260819153200,2295,73.94360244010429
20,260819153345,2295,73.94360244010429
21,260819153530,2296,73.97799763935869
22,260819153715,2296,73.97799763935869
23,260819153900,2295,73.94360244010429
24,260819154045,2295,73.94360244010429
25,260819154230,2266,72.94614166172666
26,260819154415,2140,68.61234655567216
27,260819154600,1998,63.72822826154724
28,260819154745,1855,58.80971476816791
29,260819154930,1714,53.95999167329739
30,260819155115,1666,52.30902210908615
31,260819155300,1516,47.149742220926015
32,260819155445,1424,43.98538388952115
33,260819155630,1286,39.23884639241383
34,260819155815,1138,34.1483569027625
35,260819160000,987,28.95468181534798
36,260819160145,832,23.623425930915843
37,260819160330,699,19.048864430080535
38,260819160515,598,15.574949305386045
39,260819160700,455,10.656435812006727
40,260819160845,327,6.253850307443417
41,260819161030,142,-0.10926155462073847
42,260819161215,132,-0.45321354716474677
43,260819161400,132,-0.45321354716474677
44,260819161545,132,-0.45321354716474677
45,260819161730,132,-0.45321354716474677
46,260819161915,132,-0.45321354716474677
47,260819162100,132,-0.45321354716474677
48,260819162245,132,-0.45321354716474677
49,260819162430,131,-0.4876087464191482
50,260819162615,131,-0.4876087464191482
51,260819162800,132,-0.45321354716474677
52,260819162945,131,-0.4876087464191482
53,260819163130,131,-0.4876087464191482
54,260819163315,131,-0.4876087464191482
55,260819163500,131,-0.4876087464191482
56,260819163645,132,-0.45321354716474677
57,260819163830,129,-0.5563991449279501
58,260819164015,131,-0.4876087464191482
59,260819164201,131,-0.4876087464191482
60,260819164346,131,-0.4876087464191482
61,260819164531,131,-0.4876087464191482
62,260819164716,288,4.912437536521785
63,260819164901,854,24.380120314512663
64,260819165046,1064,31.603112157936838
65,260819165231,1313,40.16751677228265
66,260819165416,1569,48.97268778140926
67,260819165601,1963,62.5243962876432
68,260819165746,2358,76.11049999313154
69,260819165931,2757,89.83418449563747
70,260819170116,3167,103.93621618994182
71,260819170301,3558,117.38473909841255
72,260819170446,3950,130.8676572061377
73,260819170631,3982,131.9683035822785
74,260819170921,3979,131.8651179845153
75,260819171106,3979,131.8651179845153
76,260819171251,3990,132.24346517631372
77,260819171436,3990,132.24346517631372
78,260819171621,3990,132.24346517631372
79,260819171806,3990,132.24346517631372
80,260819171951,3990,132.24346517631372
81,260819172136,3990,132.24346517631372
82,260819172321,3990,132.24346517631372
83,260819172506,3990,132.24346517631372
84,260819172651,3990,132.24346517631372
85,260819172836,3990,132.24346517631372
86,260819173021,3990,132.24346517631372
87,260819173206,3990,132.24346517631372
88,260819173351,3990,132.24346517631372
89,260819173536,3990,132.24346517631372
90,260819173721,3990,132.24346517631372
91,260819173906,3990,132.24346517631372
92,260819174051,3990,132.24346517631372
93,260819174236,3990,132.24346517631372
94,260819174421,3990,132.24346517631372
95,260819174606,3990,132.24346517631372
96,260819174751,3990,132.24346517631372
97,260819174936,3990,132.24346517631372
98,260819175121,3990,132.24346517631372
99,260819175307,3991,132.2778603755681
100,260819175452,3990,132.24346517631372
101,260819175637,3990,132.24346517631372
102,260819175822,3990,132.24346517631372
103,260819180007,3990,132.24346517631372
104,260819180152,3990,132.24346517631372
105,260819180337,3989,132.2090699770593
106,260819180522,3990,132.24346517631372
107,260819180707,3990,132.24346517631372
108,260819180852,3990,132.24346517631372
109,260819181037,3990,132.24346517631372
110,260819181222,3990,132.24346517631372
111,260819181407,3990,132.24346517631372
112,260819181552,3989,132.2090699770593
113,260819181737,3990,132.24346517631372
114,260819181922,3989,132.2090699770593
115,260819182107,3989,132.2090699770593
116,260819182252,3989,132.2090699770593
117,260819182437,3984,132.03709398078732
118,260819182622,3978,131.8307227852609
119,260819182807,3977,131.79632758600653
120,260819182952,3979,131.8651179845153
121,260819183137,3985,132.07148918004174
122,260819183322,3986,132.1058843792961
123,260819183507,3987,132.1402795785505
124,260819183652,3987,132.1402795785505
125,260819183837,3987,132.1402795785505
126,260819184022,3989,132.2090699770593
127,260819184207,3999,132.55302196960332
128,260819184352,3999,132.55302196960332
129,260819184537,4000,132.58741716885774
130,260819184722,4000,132.58741716885774
131,260819184907,4000,132.58741716885774
132,260819185052,4000,132.58741716885774
133,260819185237,4008,132.86257876289295
134,260819185422,3987,132.1402795785505
135,260819185607,3999,132.55302196960332
136,260819185752,3998,132.51862677034893
137,260819185937,4023,133.37850675170895
138,260819190122,3997,132.4842315710945
139,260819190307,3996,132.44983637184012
140,260819190452,3996,132.44983637184012
141,260819190822,3985,132.07148918004174
142,260819191007,3984,132.03709398078732
143,260819191152,4006,132.79378836438414
144,260819191337,3992,132.31225557482253
145,260819191522,3998,132.51862677034893
146,260819191707,3992,132.31225557482253
147,260819191852,3991,132.2778603755681
148,260819192037,3989,132.2090699770593
149,260819192222,3988,132.1746747778049
150,260819192407,3988,132.1746747778049
151,260819192552,3986,132.1058843792961
152,260819192737,3984,132.03709398078732
153,260819192922,3999,132.55302196960332
154,260819193107,3982,131.9683035822785
155,260819193252,3985,132.07148918004174
156,260819193437,3988,132.1746747778049
157,260819193622,3973,131.6587467889889
158,260819193807,3979,131.8651179845153
159,260819193952,3978,131.8307227852609
160,260819194137,3978,131.8307227852609
161,260819194322,3978,131.8307227852609
162,260819194507,3978,131.8307227852609
163,260819194652,3978,131.8307227852609
164,260819194837,3978,131.8307227852609
165,260819195022,3978,131.8307227852609
166,260819195207,3978,131.8307227852609
167,260819195352,3978,131.8307227852609
168,260819195537,3978,131.8307227852609
169,260819195722,3978,131.8307227852609
170,260819195907,3978,131.8307227852609
171,260819200052,3978,131.8307227852609
172,260819200237,3978,131.8307227852609
173,260819200422,3979,131.8651179845153
174,260819200607,3978,131.8307227852609
175,260819200752,3978,131.8307227852609
176,260819200937,3979,131.8651179845153
177,260819201122,3979,131.8651179845153
178,260819201307,3979,131.8651179845153
179,260819201452,3979,131.8651179845153
180,260819201637,3970,131.55556119122568
181,260819201822,3970,131.55556119122568
182,260819202007,3970,131.55556119122568
183,260819202152,3970,131.55556119122568
184,260819202337,3970,131.55556119122568
185,260819202522,3969,131.52116599197132
186,260819202707,3969,131.52116599197132
187,260819202852,3969,131.52116599197132
188,260819203037,3969,131.52116599197132
189,260819203222,3969,131.52116599197132
190,260819203407,3969,131.52116599197132
191,260819203553,3969,131.52116599197132
192,260819203738,3969,131.52116599197132
193,260819203923,3969,131.52116599197132
194,260819204108,3969,131.52116599197132
195,260819204253,3969,131.52116599197132
196,260819204438,3969,131.52116599197132
197,260819204623,3969,131.52116599197132
198,260819204808,3969,131.52116599197132
199,260819204953,3969,131.52116599197132
200,260819205138,3969,131.52116599197132
201,260819205323,3969,131.52116599197132
202,260819205508,3975,131.72753718749772
203,260819205653,3978,131.8307227852609
204,260819205838,3978,131.8307227852609
205,260819210023,3977,131.79632758600653
206,260819210208,3977,131.79632758600653
207,260819210353,3976,131.7619323867521
208,260819210538,3976,131.7619323867521
209,260819210723,3976,131.7619323867521
210,260819210908,3976,131.7619323867521
211,260819211053,3976,131.7619323867521
212,260819211238,3976,131.7619323867521
213,260819211423,3973,131.6587467889889
214,260819211608,3976,131.7619323867521
215,260819211753,3978,131.8307227852609
216,260819211753,3978,131.8307227852609
217,260819211938,3974,131.6931419882433
218,260819212123,3973,131.6587467889889
219,260819212308,3973,131.6587467889889
220,260819212453,3973,131.6587467889889
221,260819212638,3973,131.6587467889889
222,260819212823,3973,131.6587467889889
223,260819213008,3973,131.6587467889889
224,260819213153,3971,131.5899563904801
225,260819213338,3973,131.6587467889889
226,260819213523,3971,131.5899563904801
227,260819213708,3975,131.72753718749772
228,260819213853,3976,131.7619323867521
229,260819214038,3975,131.72753718749772
230,260819214223,3974,131.6931419882433
231,260819214408,3967,131.4523755934625
232,260819214553,3967,131.4523755934625
233,260819214738,3966,131.4179803942081
234,260819214923,3965,131.3835851949537
235,260819215108,3965,131.3835851949537
236,260819215253,3964,131.34918999569928
237,260819215438,3964,131.34918999569928
238,260819215623,3964,131.34918999569928
239,260819215808,3964,131.34918999569928
240,260819215953,3964,131.34918999569928
241,260819220138,3964,131.34918999569928
242,260819220323,3964,131.34918999569928
243,260819220508,3964,131.34918999569928
244,260819220653,3964,131.34918999569928
245,260819220838,3964,131.34918999569928
246,260819221023,3964,131.34918999569928
247,260819221208,3970,131.55556119122568
248,260819221353,3972,131.6243515897345
249,260819221538,3972,131.6243515897345
250,260819221723,3973,131.6587467889889
251,260819221908,3978,131.8307227852609
252,260819222053,3978,131.8307227852609
253,260819222238,3978,131.8307227852609
254,260819222423,3978,131.8307227852609
255,260819222608,3978,131.8307227852609
256,260819222753,3978,131.8307227852609
257,260819222938,3978,131.8307227852609
258,260819223123,3978,131.8307227852609
259,260819223308,3977,131.79632758600653
260,260819223453,3962,131.28039959719047
261,260819223638,3971,131.5899563904801
262,260819223823,3959,131.1772139994273
263,260819224008,3964,131.34918999569928
264,260819224153,3962,131.28039959719047
265,260819224338,3964,131.34918999569928
266,260819224523,3964,131.34918999569928
267,260819224708,3963,131.3147947964449
268,260819224853,3963,131.3147947964449
269,260819225038,3963,131.3147947964449
270,260819225223,3963,131.3147947964449
271,260819225408,3963,131.3147947964449
272,260819225553,3963,131.3147947964449
273,260819225738,3963,131.3147947964449
274,260819225923,3963,131.3147947964449
275,260819230108,3963,131.3147947964449
276,260819230253,3963,131.3147947964449
277,260819230438,3963,131.3147947964449
278,260819230623,3963,131.3147947964449
279,260819230808,3965,131.3835851949537
280,260819230953,3963,131.3147947964449
281,260819231138,3963,131.3147947964449
282,260819231323,3962,131.28039959719047
283,260819231508,3962,131.28039959719047
284,260819231653,3961,131.2460043979361
285,260819231839,3973,131.6587467889889
286,260819232024,3965,131.3835851949537
287,260819232209,3964,131.34918999569928
288,260819232354,3967,131.4523755934625
289,260819232539,3960,131.21160919868169
290,260819232724,3967,131.4523755934625
291,260819232909,3962,131.28039959719047
292,260819233054,3960,131.21160919868169
293,260819233239,3956,131.0740284016641
294,260819233424,3957,131.10842360091848
295,260819233609,3954,131.00523800315528
296,260819233754,3956,131.0740284016641
297,260819233939,3951,130.90205240539208
298,260819234124,3945,130.69568120986568
299,260819234309,3957,131.10842360091848
300,260819234454,3956,131.0740284016641
301,260819234639,3952,130.9364476046465
302,260819234824,3953,130.9708428039009
303,260819235009,3958,131.1428188001729
304,260819235154,3948,130.79886680762888
305,260819235339,3967,131.4523755934625
306,260819235524,3952,130.9364476046465
307,260819235709,3949,130.83326200688327
308,260819235854,3944,130.6612860106113
309,260820000039,3948,130.79886680762888
310,260820000224,3950,130.8676572061377
311,260820000409,3951,130.90205240539208
312,260820000554,3951,130.90205240539208
313,260820000739,3960,131.21160919868169
314,260820000924,3950,130.8676572061377
315,260820001109,3941,130.55810041284806
316,260820001254,3947,130.76447160837446
317,260820001439,3955,131.03963320240968
318,260820001624,3958,131.1428188001729
319,260820001809,3942,130.59249561210248
320,260820001954,3944,130.6612860106113
321,260820002139,3941,130.55810041284806
322,260820002324,3947,130.76447160837446
323,260820002509,3946,130.73007640912007
324,260820002654,3933,130.28293881881285
325,260820002839,3936,130.38612441657608
326,260820003024,3938,130.45491481508486
327,260820003209,3933,130.28293881881285
328,260820003354,3945,130.69568120986568
329,260820003539,3936,130.38612441657608
330,260820003724,3938,130.45491481508486
331,260820003909,3934,130.31733401806727
332,260820004054,3933,130.28293881881285
333,260820004239,3931,130.21414842030407
334,260820004424,3930,130.17975322104965
335,260820004609,3923,129.93898682626886
336,260820004754,3917,129.73261563074246
337,260820004939,3917,129.73261563074246
338,260820005124,3907,129.38866363819844
339,260820005309,3913,129.59503483372487
340,260820005454,3914,129.62943003297926
341,260820005639,3907,129.38866363819844
342,260820005824,3904,129.28547804043524
343,260820010009,3904,129.28547804043524
344,260820010154,3894,128.94152604789122
345,260820010339,3905,129.31987323968966
346,260820010524,3902,129.21668764192643
347,260820010709,3894,128.94152604789122
348,260820010854,3891,128.83834045012804
349,260820011039,3892,128.87273564938243
350,260820011224,3889,128.76955005161923
351,260820011409,3887,128.70075965311042
352,260820011554,3884,128.59757405534722
353,260820011739,3885,128.63196925460164
354,260820011924,3888,128.73515485236484
355,260820012109,3870,128.1160412657856
356,260820012254,3879,128.4255980590752
357,260820012439,3860,127.7720892732416
358,260820012624,3878,128.39120285982082
359,260820012809,3867,128.0128556680224
360,260820012954,3837,126.98099969039038
361,260820013139,3849,127.3937420814432
362,260820013324,3855,127.60011327696961
363,260820013509,3851,127.462532479952
364,260820013654,3857,127.6689036754784
365,260820013839,3844,127.22176608517118
366,260820014024,3853,127.5313228784608
367,260820014209,3847,127.3249516829344
368,260820014354,3847,127.3249516829344
369,260820014539,3839,127.04979008889919
370,260820014724,3830,126.74023329560958
371,260820014909,3835,126.9122092918816
372,260820015054,3820,126.39628130306556
373,260820015239,3813,126.15551490828476
374,260820015424,3823,126.49946690082878
375,260820015609,3815,126.22430530679357
376,260820015754,3805,125.88035331424956
377,260820015940,3800,125.70837731797755
378,260820020125,3794,125.50200612245115
379,260820020310,3817,126.29309570530236
380,260820020455,3799,125.67398211872316
381,260820020640,3808,125.98353891201276
382,260820020825,3802,125.77716771648636
383,260820021010,3802,125.77716771648636
384,260820021155,3798,125.63958691946875
385,260820021340,3792,125.43321572394234
386,260820021525,3795,125.53640132170555
387,260820021710,3793,125.46761092319674
388,260820021855,3781,125.05486853214394
389,260820022040,3781,125.05486853214394
390,260820022225,3779,124.98607813363515
391,260820022410,3784,125.15805412990713
392,260820022555,3777,124.91728773512634
393,260820022740,3779,124.98607813363515
394,260820022925,3776,124.88289253587193
395,260820023110,3780,125.02047333288955
396,260820023255,3757,124.22938375003831
397,260820023440,3764,124.47015014481912
398,260820023625,3749,123.95422215600311
399,260820023810,3748,123.91982695674872
400,260820023955,3743,123.74785096047671
401,260820024140,3744,123.78224615973112
402,260820024325,3737,123.5414797649503
403,260820024510,3736,123.5070845656959
404,260820024655,3731,123.3351085694239
405,260820024840,3731,123.3351085694239
406,260820025025,3731,123.3351085694239
407,260820025210,3728,123.23192297166068
408,260820025355,3714,122.75039018209908
409,260820025540,3728,123.23192297166068
410,260820025725,3722,123.0255517761343
411,260820025910,3712,122.68159978359029
412,260820030055,3705,122.44083338880947
413,260820030240,3708,122.54401898657268
414,260820030425,3697,122.16567179477427
415,260820030610,3692,121.99369579850227
416,260820030755,3682,121.64974380595825
417,260820030940,3679,121.54655820819505
418,260820031125,3698,122.20006699402867
419,260820031310,3703,122.37204299030067
420,260820031455,3686,121.78732460297586
421,260820031640,3678,121.51216300894065
422,260820031825,3678,121.51216300894065
423,260820032010,3681,121.61534860670385
424,260820032155,3671,121.27139661415985
425,260820032340,3620,119.5172414521854
426,260820032525,3634,119.99877424174701
427,260820032710,3669,121.20260621565104
428,260820032855,3661,120.92744462161583
429,260820033040,3658,120.82425902385263
430,260820033225,3634,119.99877424174701
431,260820033410,3656,120.75546862534384
432,260820033555,3661,120.92744462161583
433,260820033740,3644,120.34272623429104
434,260820033925,3624,119.65482224920301
435,260820034110,3627,119.75800784696621
436,260820034255,3642,120.27393583578223
437,260820034440,3624,119.65482224920301
438,260820034625,3635,120.03316944100142
439,260820034810,3636,120.06756464025582
440,260820034955,3630,119.86119344472941
441,260820035140,3605,119.00131346336939
442,260820035325,3613,119.2764750574046
443,260820035510,3617,119.4140558544222
444,260820035655,3607,119.0701038618782
445,260820035840,3604,118.966918264115
446,260820040025,3603,118.93252306486059
447,260820040210,3600,118.82933746709739
448,260820040355,3597,118.72615186933417
449,260820040540,3581,118.17582868126377
450,260820040725,3584,118.27901427902698
451,260820040910,3577,118.03824788424616
452,260820041055,3603,118.93252306486059
453,260820041240,3566,117.65990069244775
454,260820041425,3571,117.83187668871976
455,260820041610,3569,117.76308629021095
456,260820041755,3583,118.24461907977258
457,260820041940,3546,116.97199670735974
458,260820042125,3537,116.66243991407012
459,260820042310,3533,116.52485911705253
460,260820042455,3530,116.42167351928933
461,260820042640,3511,115.7681647334557
462,260820042825,3513,115.8369551319645
463,260820043010,3504,115.52739833867491
464,260820043155,3509,115.6993743349469
465,260820043340,3507,115.63058393643811
466,260820043525,3498,115.3210271431485
467,260820043711,3495,115.2178415453853
468,260820043856,3500,115.38981754165731
469,260820044041,3527,116.31848792152613
470,260820044226,3526,116.28409272227172
471,260820044411,3525,116.24969752301732
472,260820044556,3501,115.4242127409117
473,260820044741,3507,115.63058393643811
474,260820044926,3486,114.90828475209568
475,260820045111,3491,115.08026074836769
476,260820045256,3479,114.66751835731489
477,260820045441,3484,114.83949435358689
478,260820045626,3477,114.59872795880608
479,260820045811,3470,114.35796156402527
480,260820045956,3474,114.49554236104288
481,260820050141,3458,113.94521917297246
482,260820050326,3455,113.84203357520926
483,260820050511,3449,113.63566237968287
484,260820050656,3444,113.46368638341086
485,260820050841,3436,113.18852478937565
486,260820051026,3439,113.29171038713885
487,260820051211,3438,113.25731518788444
488,260820051356,3404,112.08787841323482
489,260820051541,3404,112.08787841323482
490,260820051726,3405,112.12227361248922
491,260820051911,3407,112.19106401099802
492,260820052056,3394,111.74392642069081
493,260820052241,3384,111.3999744281468
494,260820052426,3372,110.987232037094
495,260820052611,3367,110.81525604082199
496,260820052756,3362,110.64328004454998
497,260820052941,3328,109.47384326990036
498,260820053126,3330,109.54263366840915
499,260820053311,3327,109.43944807064595
500,260820053456,3311,108.88912488257554
501,260820053641,3303,108.61396328854033
502,260820053826,3310,108.85472968332114
503,260820054010,3309,108.82033448406675
504,260820054155,3270,107.4789217131451
505,260820054340,3261,107.16936491985551
506,260820054525,3274,107.6165025101627
507,260820054710,3275,107.65089770941711
508,260820054855,3250,106.79101772805708
509,260820055040,3248,106.72222732954829
510,260820055225,3229,106.06871854371468
511,260820055411,3227,105.99992814520587
512,260820055556,3222,105.82795214893386
513,260820055741,3202,105.14004816384585
514,260820055926,3195,104.89928176906504
515,260820060111,3196,104.93367696831945
516,260820060256,3195,104.89928176906504
517,260820060441,3167,103.93621618994182
518,260820060626,3185,104.55532977652103
519,260820060811,3161,103.72984499441542
520,260820060956,3150,103.351497802617
521,260820061141,3164,103.83303059217862
522,260820061326,3133,102.76677941529219
523,260820061511,3143,103.1107314078362
524,260820061656,3088,101.21899544884415
525,260820061841,3117,102.21645622722178
526,260820062026,3105,101.80371383616897
527,260820062211,3094,101.42536664437057
528,260820062356,3046,99.77439708015932
529,260820062541,3073,100.70306746002814
530,260820062726,3065,100.42790586599294
531,260820062911,3052,99.98076827568572
532,260820063056,3054,100.04955867419453
533,260820063241,3033,99.32725948985211
534,260820063426,3035,99.3960498883609
535,260820063611,3016,98.7425411025273
536,260820063756,2959,96.78201474502644
537,260820063941,2990,97.84826592191288
538,260820064126,2970,97.16036193682486
539,260820064311,2974,97.29794273384246
540,260820064455,2989,97.81387072265848
541,260820064640,2986,97.71068512489528
542,260820064825,2972,97.22915233533365
543,260820065010,2934,95.92213476366643
544,260820065155,2904,94.8902787860344
545,260820065340,2929,95.75015876739442
546,260820065525,2903,94.85588358678
547,260820065710,2893,94.51193159423599
548,260820065855,2922,95.50939237261362
549,260820070040,2878,93.99600360541999
550,260820070225,2881,94.09918920318317
551,260820070409,2862,93.44568041734956
552,260820070554,2857,93.27370442107755
553,260820070739,2855,93.20491402256874
554,260820070924,2858,93.30809962033196
555,260820071109,2858,93.30809962033196
556,260820071254,2859,93.34249481958635
557,260820071439,2839,92.65459083449834
558,260820071624,2839,92.65459083449834
559,260820071809,2829,92.31063884195433
560,260820071954,2829,92.31063884195433
561,260820072139,2797,91.20999246581351
562,260820072324,2824,92.13866284568233
563,260820072509,2777,90.52208848072549
564,260820072654,2789,90.9348308717783
565,260820072839,2785,90.7972500747607
566,260820073024,2769,90.24692688669029
567,260820073209,2729,88.87111891651425
568,260820073354,2750,89.59341810085667
569,260820073539,2736,89.11188531129505
570,260820073724,2725,88.73353811949664
571,260820073909,2753,89.69660369861987
572,260820074054,2742,89.31825650682147
573,260820074238,2749,89.55902290160226
574,260820074423,2735,89.07749011204066
575,260820074608,2720,88.56156212322463
576,260820074753,2700,87.87365813813662
577,260820074938,2701,87.90805333739102
578,260820075123,2690,87.52970614559261
579,260820075308,2671,86.876197359759
580,260820075453,2671,86.876197359759
581,260820075638,2662,86.5666405664694
582,260820075824,2678,87.11696375453981
583,260820080009,2671,86.876197359759
584,260820080153,2670,86.8418021605046
585,260820080338,2654,86.29147897243419
586,260820080523,2648,86.08510777690778
587,260820080708,2650,86.15389817541659
588,260820080853,2644,85.94752697989017
589,260820081038,2654,86.29147897243419
590,260820081223,2636,85.67236538585496
591,260820081408,2617,85.01885660002135
592,260820081553,2620,85.12204219778455
593,260820081738,2594,84.22776701717014
594,260820081923,2571,83.43667743431892
595,260820082107,2594,84.22776701717014
596,260820082252,2585,83.91821022388052
597,260820082437,2580,83.74623422760853
598,260820082622,2581,83.78062942686292
599,260820082807,2603,84.53732381045975
600,260820082952,2615,84.95006620151256
601,260820083137,2635,85.63797018660058
602,260820083322,2618,85.05325179927576
603,260820083507,2597,84.33095261493334
604,260820083652,2581,83.78062942686292
605,260820083843,2594,84.22776701717014
606,260820084028,2598,84.36534781418774
607,260820084213,2593,84.19337181791573
608,260820084358,2607,84.67490460747736
609,260820084543,2598,84.36534781418774
610,260820084728,2612,84.84688060374934
611,260820084913,2614,84.91567100225815
612,260820085058,2625,85.29401819405656
613,260820085243,2586,83.95260542313493
614,260820085428,2626,85.32841339331097
615,260820085613,2553,82.8175638477397
616,260820085758,2595,84.26216221642454
617,260820085943,2589,84.05579102089813
618,260820090128,2624,85.25962299480216
619,260820090313,2649,86.11950297616218
620,260820090458,2648,86.08510777690778
621,260820090643,2629,85.43159899107417
622,260820090828,2599,84.39974301344215
623,260820091013,2592,84.15897661866133
624,260820091158,2601,84.46853341195094
625,260820091343,2565,83.23030623879251
626,260820091528,2563,83.16151584028371
627,260820091713,2552,82.7831686484853
628,260820091858,2502,81.06340868576525
629,260820092043,2560,83.0583302425205
630,260820092228,2538,82.30163585892369
631,260820092228,2538,82.30163585892369
632,260820092413,2574,83.53986303208212
633,260820092558,2532,82.09526466339727
634,260820092743,2529,81.99207906563407
635,260820092928,2514,81.47615107681807
636,260820093113,2482,80.37550470067724
637,260820093258,2511,81.37296547905487
638,260820093443,2534,82.16405506190608
639,260820093628,2493,80.75385189247565
640,260820093813,2514,81.47615107681807
641,260820093958,2480,80.30671430216843
642,260820094143,2434,78.724535136466
643,260820094328,2448,79.20606792602761
644,260820094513,2465,79.79078631335243
645,260820094658,2458,79.55001991857162
646,260820094843,2502,81.06340868576525
647,260820095028,2370,76.52324238418434
648,260820095213,2446,79.1372775275188
649,260820095358,2450,79.27485832453641
650,260820095544,2505,81.16659428352845
651,260820095729,2465,79.79078631335243
652,260820095914,2434,78.724535136466
653,260820100059,2459,79.58441511782603
654,260820100244,2454,79.41243912155402
655,260820100429,2475,80.13473830589643
656,260820100614,2459,79.58441511782603
657,260820100759,2456,79.48122952006283
658,260820100944,2450,79.27485832453641
659,260820101129,2438,78.86211593348361
660,260820101314,2426,78.44937354243079
661,260820101459,2439,78.89651113273801
662,260820101644,2415,78.0710263506324
663,260820101829,2371,76.55763758343875
664,260820102014,2376,76.72961357971076
665,260820102159,2383,76.97037997449156
666,260820102344,2356,76.04170959462274
667,260820102529,2356,76.04170959462274
668,260820102714,2376,76.72961357971076
669,260820102859,2381,76.90158957598275
670,260820103044,2330,75.14743441400832
671,260820103229,2312,74.5283208274291
672,260820103414,2327,75.04424881624512
673,260820103559,2343,75.59457200431552
674,260820103744,2308,74.3907400304115
675,260820103929,2286,73.63404564681467
676,260820104114,2289,73.73723124457787
677,260820104259,2284,73.56525524830587
678,260820104444,2289,73.73723124457787
679,260820104629,2301,74.14997363563069
680,260820104814,2264,72.87735126321786
681,260820104959,2277,73.32448885352507
682,260820105144,2279,73.39327925203388
683,260820105329,2252,72.46460887216506
684,260820105514,2261,72.77416566545465
685,260820105659,2256,72.60218966918265
686,260820105844,2227,71.60472889080502
687,260820110029,2177,69.88496892808497
688,260820110214,2140,68.61234655567216
689,260820110359,2212,71.08880090198902
690,260820110544,2194,70.4696873154098
691,260820110729,2158,69.23146014225136
692,260820110914,2184,70.1257353228658
693,260820111059,2161,69.33464574001458
694,260820111244,2156,69.16266974374257
695,260820111428,2146,68.81871775119855
696,260820111613,2149,68.92190334896175
697,260820111758,2142,68.68113695418096
698,260820111943,2146,68.81871775119855
699,260820112128,2120,67.92444257058413
700,260820112313,2133,68.37158016089136
701,260820112458,2104,67.37411938251373
702,260820112643,2075,66.3766586041361
703,260820112828,2043,65.27601222799527
704,260820113013,2098,67.16774818698731
705,260820113158,2087,66.78940099518891
706,260820113343,2069,66.1702874086097
707,260820113528,2090,66.8925865929521
708,260820113713,2066,66.06710181084648
709,260820113858,2036,65.03524583321446
710,260820114043,2034,64.96645543470567
711,260820114411,2045,65.34480262650408
712,260820114556,2046,65.37919782575847
713,260820114741,2054,65.65435941979368
714,260820114926,2053,65.61996422053929
715,260820115111,2023,64.58810824290725
716,260820115256,2050,65.51677862277607
717,260820115441,2035,65.00085063396006
718,260820115626,2033,64.93206023545127
719,260820115811,2042,65.24161702874086
720,260820115956,2041,65.20722182948647
721,260820120142,1978,63.04032427645922
722,260820120327,1967,62.661977084660805
723,260820120512,2007,64.03778505483685
724,260820120657,1980,63.10911467496801
725,260820120842,2032,64.89766503619687
726,260820121027,2028,64.76008423917926
727,260820121212,1986,63.31548587049442
728,260820121357,1953,62.180444295099186
729,260820121542,1996,63.659437863038434
730,260820121727,1983,63.21230027273121
731,260820121912,2011,64.17536585185444
732,260820122057,2020,64.48492264514405
733,260820122242,1956,62.28362989286239
734,260820122427,1940,61.733306704791985
735,260820122612,1974,62.90274347944162
736,260820122757,1990,63.453066667512026
737,260820122942,1966,62.62758188540641
738,260820123127,1969,62.73076748316961
739,260820123312,1959,62.386815490625594
740,260820123457,1967,62.661977084660805
741,260820123642,1948,62.00846829882718
742,260820123827,1930,61.38935471224797
743,260820124012,1933,61.49254031001117
744,260820124157,1884,59.80717554654554
745,260820124342,1874,59.46322355400152
746,260820124527,1905,60.52947473088795
747,260820124712,1929,61.35495951299357
748,260820124857,1922,61.11419311821276
749,260820125042,1927,61.286169114484764
750,260820125227,1916,60.90782192268637
751,260820125412,1961,62.4556058891344
752,260820125557,1953,62.180444295099186
753,260820125742,1944,61.87088750180959
754,260820125927,1931,61.42374991150237
755,260820130112,1933,61.49254031001117
756,260820130257,1918,60.97661232119517
757,260820130442,1902,60.42628913312475
758,260820130627,1895,60.185522738343934
759,260820130812,1882,59.738385148036734
760,260820130957,1838,58.22499638084309
761,260820131142,1823,57.709068392027085
762,260820131329,1818,57.537092395755074
763,260820131514,1832,58.018625185316694
764,260820131659,1851,58.6721339711503
765,260820131844,1830,57.94983478680789
766,260820132029,1854,58.77531956891351
767,260820132214,1850,58.637738771895904
768,260820132359,1853,58.740924369659105
769,260820132544,1854,58.77531956891351
770,260820132729,1854,58.77531956891351
771,260820132914,1786,56.436446019614245
772,260820133059,1838,58.22499638084309
773,260820133244,1838,58.22499638084309
774,260820133429,1870,59.32564275698392
775,260820133614,1834,58.087415583825496
776,260820133759,1844,58.431367576369496
777,260820133944,1834,58.087415583825496
778,260820134129,1822,57.67467319277268
779,260820134314,1820,57.60588279426388
780,260820134459,1846,58.5001579748783
781,260820134644,1819,57.57148759500948
782,260820134829,1804,57.05555960619347
783,260820135014,1859,58.94729556518551
784,260820135159,1857,58.87850516667671
785,260820135344,1811,57.29632600097426
786,260820135529,1800,56.917978809175864
787,260820135714,1791,56.608422015886255
788,260820135859,1794,56.711607613649456
789,260820140044,1800,56.917978809175864
790,260820140229,1808,57.193140403211075
791,260820140413,1804,57.05555960619347
792,260820140558,1812,57.330721200228666
793,260820140743,1806,57.12435000470227
794,260820140928,1785,56.40205082035985
795,260820141113,1826,57.812253989790285
796,260820141258,1800,56.917978809175864
797,260820141443,1794,56.711607613649456
798,260820141628,1832,58.018625185316694
799,260820141813,1832,58.018625185316694
800,260820141957,1807,57.15874520395668
801,260820142142,1803,57.02116440693907
802,260820142327,1795,56.74600281290386
803,260820142512,1787,56.47084121886865
804,260820142657,1781,56.264470023342255
805,260820142842,1774,56.02370362856144
806,260820143027,1770,55.88612283154384
807,260820143212,1794,56.711607613649456
808,260820143357,1790,56.57402681663185
809,260820143542,1753,55.30140444421903
810,260820143727,1750,55.19821884645582
811,260820144100,1769,55.85172763228944
812,260820144245,1796,56.78039801215826
813,260820144430,1809,57.22753560246548
814,260820144615,1791,56.608422015886255
815,260820144800,1800,56.917978809175864
816,260820144945,1794,56.711607613649456
817,260820145130,1767,55.782937233780636
818,260820145315,1754,55.33579964347343
819,260820145500,1772,55.95491323005264
820,260820145645,1753,55.30140444421903
821,260820145830,1786,56.436446019614245
822,260820150015,1778,56.16128442557905
823,260820150159,1771,55.92051803079824
824,260820150344,1793,56.67721241439506
825,260820150529,1763,55.64535643676303
826,260820150714,1780,56.23007482408785
827,260820150859,1775,56.05809882781585
828,260820151044,1750,55.19821884645582
829,260820151229,1801,56.95237400843027
830,260820151414,1790,56.57402681663185
831,260820151559,1781,56.264470023342255
832,260820151744,1779,56.19567962483345
833,260820151929,1777,56.12688922632465
834,260820152114,1794,56.711607613649456
835,260820152259,1757,55.43898524123662
836,260820152444,1762,55.610961237508626
837,260820152444,1762,55.610961237508626
838,260820152629,1734,54.6478956583854
839,260820152814,1755,55.37019484272782
840,260820153000,1737,54.75108125614861
841,260820153145,1673,52.54978850386695
842,260820153330,1690,53.13450689119177
843,260820153515,1660,52.10265091355974
844,260820153700,1753,55.30140444421903
845,260820153845,1763,55.64535643676303
846,260820154030,1734,54.6478956583854
847,260820154215,1725,54.33833886509581
848,260820154400,1735,54.682290857639806
849,260820154545,1642,51.48353732698053
850,260820154730,1744,54.991847650929415
851,260820154915,1732,54.5791052598766
852,260820155100,1705,53.65043488000778
853,260820155245,1704,53.616039680753374
854,260820155430,1739,54.81987165465741
855,260820155615,1686,52.996926094174164
856,260820155800,1728,54.44152446285899
857,260820155945,1735,54.682290857639806
858,260820160130,1673,52.54978850386695
859,260820160315,1702,53.54724928224457
860,260820160500,1685,52.962530894919766
861,260820160645,1705,53.65043488000778
862,260820160830,1756,55.40459004198222
863,260820161015,1755,55.37019484272782
864,260820161200,1755,55.37019484272782
865,260820161345,1754,55.33579964347343
866,260820161530,1753,55.30140444421903
867,260820161714,1683,52.89374049641096
868,260820161859,1648,51.689908522506926
869,260820162044,1659,52.068255714305344
870,260820162229,1664,52.24023171057735
871,260820162414,1671,52.48099810535816
872,260820162559,1638,51.345956529962926
873,260820162744,1652,51.82748931952453
874,260820162929,1659,52.068255714305344
875,260820163114,1658,52.03386051505094
876,260820163259,1661,52.13704611281415
877,260820163444,1627,50.967609338164515
878,260820163629,1643,51.51793252623494
879,260820163814,1645,51.58672292474374
880,260820163959,1625,50.89881893965571
881,260820164146,1625,50.89881893965571
882,260820164331,1600,50.03893895829569
883,260820164516,1633,51.17398053369092
884,260820164701,1584,49.48861577022528
885,260820164846,1631,51.10519013518212
886,260820165031,1598,49.970148559786885
887,260820165216,1590,49.69498696575169
888,260820165401,1603,50.142124556058896
889,260820165546,1582,49.41982537171648
890,260820165731,1598,49.970148559786885
891,260820165916,1558,48.59434058961086
892,260820170101,1533,47.73446060825084
893,260820170246,1586,49.55740616873408
894,260820170431,1548,48.250388597066845
895,260820170616,1554,48.45675979259325
896,260820170801,1509,46.90897582614521
897,260820170946,1530,47.63127501048764
898,260820171131,1566,48.869502183646055
899,260820171316,1607,50.2797053530765
900,260820171501,1646,51.62111812399812
901,260820171644,1681,52.82495009790216
902,260820171829,1718,54.097572470314994
903,260820172014,1754,55.33579964347343
904,260820172159,1790,56.57402681663185
905,260820172344,1825,57.77785879053589
906,260820172529,1860,58.98169076443992
907,260820172714,1896,60.21991793759834
908,260820172859,1930,61.38935471224797
909,260820173044,1965,62.593186686152
910,260820173229,1999,63.762623460801635
911,260820173414,2033,64.93206023545127
912,260820173559,2067,66.10149701010089
913,260820173744,2101,67.27093378475053
914,260820173929,2134,68.40597536014575
915,260820174114,2168,69.57541213479539
916,260820174259,2201,70.71045371019059
917,260820174444,2233,71.81110008633142
918,260820174629,2276,73.29009365427068
919,260820174814,2267,72.98053686098106
920,260820174959,2299,74.08118323712189
921,260820175144,2313,74.56271602668349
922,260820175329,2345,75.66336240282432
923,260820175514,2371,76.55763758343875
924,260820175659,2339,75.45699120729792
925,260820175843,2348,75.76654800058753
926,260820180028,2360,76.17929039164035
927,260820180213,2405,77.72707435808837
928,260820180358,2407,77.79586475659718
929,260820180543,2408,77.83025995585159
930,260820180731,2449,79.240463125282
931,260820180916,2489,80.61627109545805
932,260820181101,2429,78.55255914019399
933,260820181246,2463,79.72199591484363
934,260820181431,2483,80.40989989993164
935,260820181617,2510,81.33857027980046
936,260820181802,2515,81.51054627607247
937,260820181947,2524,81.82010306936208
938,260820182132,2515,81.51054627607247
939,260820182317,2537,82.26724065966928
940,260820182502,2561,83.0927254417749
941,260820182647,2547,82.6111926522133
942,260820182832,2588,84.02139582164372
943,260820183017,2583,83.84941982537173
944,260820183202,2567,83.29909663730132
945,260820183347,2602,84.50292861120535
946,260820183532,2609,84.74369500598614
947,260820183717,2622,85.19083259629336
948,260820183902,2643,85.91313178063578
949,260820184047,2635,85.63797018660058
950,260820184232,2663,86.6010357657238
951,260820184417,2662,86.5666405664694
952,260820184602,2680,87.1857541530486
953,260820184747,2707,88.11442453291744
954,260820184932,2731,88.93990931502306
955,260820185117,2763,90.04055569116389
956,260820185302,2786,90.8316452740151
957,260820185447,2797,91.20999246581351
958,260820185632,2793,91.07241166879591
959,260820185817,2817,91.89789645090153
960,260820190002,2836,92.55140523673514
961,260820190147,2842,92.75777643226155
962,260820190332,2859,93.34249481958635
963,260820190517,2845,92.86096203002475
964,260820190702,2896,94.61511719199919
965,260820190847,2909,95.0622547823064
966,260820191032,2895,94.58072199274478
967,260820191217,2939,96.09411075993842
968,260820191402,2949,96.43806275248244
969,260820191547,2932,95.85334436515762
970,260820191732,2952,96.54124835024564
971,260820191917,2953,96.57564354950004
972,260820192102,2996,98.05463711743927
973,260820192247,2992,97.91705632042166
974,260820192432,3013,98.6393555047641
975,260820192617,3025,99.0520978958169
976,260820192802,3007,98.43298430923768
977,260820192947,3028,99.1552834935801
978,260820193132,3017,98.7769363017817
979,260820193317,3035,99.3960498883609
980,260820193502,3044,99.70560668165052
981,260820193647,3050,99.91197787717692
982,260820193832,3058,100.18713947121213
983,260820194017,3066,100.46230106524735
984,260820194202,3024,99.0177026965625
985,260820194347,3052,99.98076827568572
986,260820194532,3069,100.56548666301055
987,260820194717,3086,101.15020505033536
988,260820194902,3111,102.01008503169537
989,260820195047,3135,102.83556981380099
990,260820195232,3180,104.38335378024904
991,260820195417,3229,106.06871854371468
992,260820195602,3242,106.51585613402187
993,260820195747,3231,106.13750894222348
994,260820195932,3204,105.20883856235466
995,260820200117,3203,105.17444336310025
996,260820200302,3261,107.16936491985551
997,260820200447,3234,106.24069453998668
998,260820200632,3205,105.24323376160906
999,260820200817,3217,105.65597615266186
1000,260820201002,3238,106.37827533700427
1001,260820201147,3248,106.72222732954829
1002,260820201332,3249,106.7566225288027
1003,260820201517,3247,106.68783213029388
1004,260820201702,3227,105.99992814520587
1005,260820201847,3265,107.3069457168731
1006,260820202032,3251,106.82541292731149
1007,260820202217,3230,106.10311374296907
1008,260820202402,3280,107.82287370568912
1009,260820202547,3300,108.51077769077713
1010,260820202732,3282,107.89166410419791
1011,260820202917,3296,108.37319689375953
1012,260820203102,3300,108.51077769077713
1013,260820203247,3291,108.20122089748752
1014,260820203247,3291,108.20122089748752
1015,260820203432,3313,108.95791528108435
1016,260820203617,3302,108.57956808928593
1017,260820203802,3302,108.57956808928593
1018,260820203947,3292,108.23561609674192
1019,260820204132,3300,108.51077769077713
1020,260820204317,3318,109.12989127735634
1021,260820204502,3310,108.85472968332114
1022,260820204647,3306,108.71714888630353
1023,260820204832,3328,109.47384326990036
1024,260820205017,3335,109.71460966468116
1025,260820205202,3312,108.92352008182995
1026,260820205347,3293,108.27001129599633
1027,260820205532,3330,109.54263366840915
1028,260820205718,3315,109.02670567959315
1029,260820205903,3328,109.47384326990036
1030,260820210048,3326,109.40505287139155
1031,260820210233,3307,108.75154408555794
1032,260820210418,3368,110.8496512400764
1033,260820210603,3363,110.67767524380439
1034,260820210748,3370,110.9184416385852
1035,260820210933,3385,111.43436962740121
1036,260820211118,3393,111.70953122143642
1037,260820211303,3400,111.95029761621721
1038,260820211448,3387,111.50316002591
1039,260820211633,3414,112.43183040577883
1040,260820211818,3470,114.35796156402527
1041,260820212003,3470,114.35796156402527
1042,260820212148,3475,114.52993756029728
1043,260820212333,3416,112.50062080428764
1044,260820212518,3434,113.11973439086684
1045,260820212703,3413,112.39743520652443
1046,260820212848,3457,113.91082397371805
1047,260820213033,3471,114.39235676327968
1048,260820213218,3479,114.66751835731489
1049,260820213403,3453,113.77324317670048
1050,260820213548,3476,114.56433275955169
1051,260820213733,3486,114.90828475209568
1052,260820213733,3486,114.90828475209568
1053,260820213918,3510,115.7337695342013
1054,260820214103,3475,114.52993756029728
1055,260820214248,3508,115.66497913569252
1056,260820214433,3501,115.4242127409117
1057,260820214618,3496,115.2522367446397
1058,260820214803,3517,115.9745359289821
1059,260820214948,3538,116.69683511332452
1060,260820215133,3536,116.62804471481574
1061,260820215318,3545,116.93760150810533
1062,260820215503,3568,117.72869109095656
1063,260820215648,3554,117.24715830139495
1064,260820215833,3564,117.59111029393895
1065,260820220018,3572,117.86627188797416
1066,260820220203,3574,117.93506228648296
1067,260820220348,3566,117.65990069244775
1068,260820220533,3593,118.58857107231657
1069,260820220718,3556,117.31594869990376
1070,260820220903,3560,117.45352949692136
1071,260820221048,3555,117.28155350064935
1072,260820221233,3570,117.79748148946535
1073,260820221418,3551,117.14397270363175
1074,260820221603,3552,117.17836790288615
1075,260820221748,3564,117.59111029393895
1076,260820221933,3594,118.62296627157097
1077,260820222118,3578,118.07264308350057
1078,260820222303,3598,118.76054706858858
1079,260820222448,3590,118.48538547455338
1080,260820222633,3593,118.58857107231657
1081,260820222633,3593,118.58857107231657
1082,260820222633,3593,118.58857107231657
1083,260820222818,3603,118.93252306486059
1084,260820222818,3603,118.93252306486059
1085,260820222818,3603,118.93252306486059
1086,260820223003,3600,118.82933746709739
1087,260820223148,3563,117.55671509468456
1088,260820223333,3606,119.03570866262379
1089,260820223518,3621,119.5516366514398
1090,260820223703,3589,118.45099027529898
1091,260820223848,3603,118.93252306486059
1092,260820224033,3580,118.14143348200938
1093,260820224218,3581,118.17582868126377
1094,260820224403,3595,118.65736147082538
1095,260820224548,3582,118.21022388051817
1096,260820224733,3592,118.55417587306218
1097,260820224918,3561,117.48792469617575
1098,260820225103,3562,117.52231989543016
1099,260820225248,3581,118.17582868126377
1100,260820225248,3581,118.17582868126377
1101,260820225433,3582,118.21022388051817
1102,260820225618,3592,118.55417587306218
1103,260820225803,3602,118.89812786560618
1104,260820225948,3614,119.310870256659
1105,260820230133,3586,118.34780467753578
1106,260820230318,3587,118.38219987679018
1107,260820230503,3584,118.27901427902698
1108,260820230648,3568,117.72869109095656
1109,260820230833,3557,117.35034389915815
1110,260820231018,3544,116.90320630885094
1111,260820231203,3553,117.21276310214054
1112,260820231348,3546,116.97199670735974
1113,260820231533,3539,116.73123031257893
1114,260820231533,3539,116.73123031257893
1115,260820231718,3529,116.38727832003492
1116,260820231903,3506,115.59618873718371
1117,260820232048,3527,116.31848792152613
1118,260820232233,3511,115.7681647334557
1119,260820232418,3507,115.63058393643811
1120,260820232603,3502,115.4586079401661
1121,260820232748,3492,115.1146559476221
1122,260820232933,3486,114.90828475209568
1123,260820233118,3477,114.59872795880608
1124,260820233303,3476,114.56433275955169
1125,260820233448,3454,113.80763837595487
1126,260820233634,3450,113.67005757893726
1127,260820233819,3450,113.67005757893726
1128,260820234004,3456,113.87642877446366
1129,260820234149,3456,113.87642877446366
1130,260820234334,3435,113.15412959012124
1131,260820234519,3430,112.98215359384923
1132,260820234704,3412,112.36304000727003
1133,260820234849,3406,112.15666881174361
1134,260820235034,3389,111.57195042441882
1135,260820235219,3375,111.09041763485719
1136,260820235404,3399,111.91590241696282
1137,260820235549,3404,112.08787841323482
1138,260820235734,3382,111.331184029638
1139,260820235919,3359,110.54009444678678
1140,260821000104,3373,111.0216272363484
1141,260821000249,3379,111.2279984318748
1142,260821000434,3359,110.54009444678678
1143,260821000619,3334,109.68021446542676
1144,260821000804,3343,109.98977125871637
1145,260821000949,3305,108.68275368704914
1146,260821001134,3310,108.85472968332114
1147,260821001319,3312,108.92352008182995
1148,260821001504,3303,108.61396328854033
1149,260821001649,3326,109.40505287139155
1150,260821001834,3292,108.23561609674192
1151,260821002019,3278,107.75408330718031
1152,260821002204,3329,109.50823846915476
1153,260821002349,3303,108.61396328854033
1154,260821002534,3295,108.33880169450512
1155,260821002719,3297,108.40759209301393
1156,260821002904,3283,107.92605930345232
1157,260821003049,3279,107.78847850643471
1158,260821003234,3262,107.2037601191099
1159,260821003419,3277,107.71968810792592
1160,260821003604,3267,107.3757361153819
1161,260821003749,3247,106.68783213029388
1162,260821003749,3247,106.68783213029388
1163,260821003934,3219,105.72476655117066
1164,260821004119,3255,106.9629937243291
1165,260821004304,3248,106.72222732954829
1166,260821004449,3216,105.62158095340746
1167,260821004634,3213,105.51839535564426
1168,260821004819,3214,105.55279055489865
1169,260821005004,3210,105.41520975788104
1170,260821005149,3200,105.07125776533705
1171,260821005334,3207,105.31202416011786
1172,260821005519,3232,106.17190414147788
1173,260821005704,3209,105.38081455862665
1174,260821005849,3209,105.38081455862665
1175,260821010034,3217,105.65597615266186
1176,260821010219,3201,105.10565296459146
1177,260821010404,3210,105.41520975788104
1178,260821010549,3216,105.62158095340746
1179,260821010734,3207,105.31202416011786
1180,260821010919,3202,105.14004816384585
1181,260821011104,3214,105.55279055489865
1182,260821011249,3202,105.14004816384585
1183,260821011434,3178,104.31456338174023
1184,260821011619,3187,104.62412017502983
1185,260821011804,3197,104.96807216757385
1186,260821011949,3200,105.07125776533705
1187,260821012134,3172,104.10819218621383
1188,260821012319,3177,104.28016818248584
1189,260821012504,3180,104.38335378024904
1190,260821012649,3184,104.52093457726663
1191,260821012834,3162,103.7642401936698
1192,260821013019,3204,105.20883856235466
1193,260821013204,3145,103.17952180634501
1194,260821013349,3144,103.1451266070906
1195,260821013534,3162,103.7642401936698
1196,260821013719,3155,103.523473798889
1197,260821013904,3145,103.17952180634501
1198,260821014049,3115,102.14766582871297
1199,260821014234,3149,103.31710260336261
1200,260821014419,3143,103.1107314078362
1201,260821014604,3153,103.45468340038022
1202,260821014749,3135,102.83556981380099
1203,260821014934,3121,102.35403702423939
1204,260821015119,3131,102.69798901678338
1205,260821015304,3108,101.90689943393217
1206,260821015449,3130,102.66359381752898
1207,260821015634,3113,102.07887543020418
1208,260821015819,3108,101.90689943393217
1209,260821020004,3096,101.49415704287937
1210,260821020149,3073,100.70306746002814
1211,260821020334,3070,100.59988186226495
1212,260821020519,3067,100.49669626450174
1213,260821020704,3064,100.39351066673854
1214,260821020849,3062,100.32472026822974
1215,260821021034,3060,100.25592986972093
1216,260821021219,3058,100.18713947121213
1217,260821021404,3056,100.11834907270332
1218,260821021550,3053,100.01516347494012
1219,260821021735,3051,99.94637307643131
1220,260821021920,3049,99.87758267792252
1221,260821022105,3046,99.77439708015932
1222,260821022250,3044,99.70560668165052
1223,260821022435,3042,99.63681628314173
1224,260821022620,3039,99.53363068537851
1225,260821022805,3036,99.43044508761531
1226,260821022950,3034,99.36165468910652
1227,260821023135,3031,99.2584690913433
1228,260821023320,3028,99.1552834935801
1229,260821023505,3015,98.7081459032729
1230,260821023650,3011,98.57056510625529
1231,260821023835,3042,99.63681628314173
1232,260821023835,3042,99.63681628314173
1233,260821024020,3031,99.2584690913433
1234,260821024205,3010,98.5361699070009
1235,260821024350,3017,98.7769363017817
1236,260821024535,3033,99.32725948985211
1237,260821024720,3019,98.84572670029048
1238,260821024905,3009,98.50177470774649
1239,260821025050,3001,98.22661311371128
1240,260821025235,3002,98.26100831296569
1241,260821025420,2996,98.05463711743927
1242,260821025605,3019,98.84572670029048
1243,260821025750,3009,98.50177470774649
1244,260821025935,2999,98.15782271520247
1245,260821030120,3001,98.22661311371128
1246,260821030305,3009,98.50177470774649
1247,260821030450,3003,98.29540351222008
1248,260821030635,2996,98.05463711743927
1249,260821030820,3033,99.32725948985211
1250,260821031005,3010,98.5361699070009
1251,260821031150,3016,98.7425411025273
1252,260821031335,3020,98.88012189954489
1253,260821031520,3030,99.22407389208891
1254,260821031705,3024,99.0177026965625
1255,260821031850,2992,97.91705632042166
1256,260821032035,3037,99.46484028686972
1257,260821032220,3000,98.19221791445688
1258,260821032405,2991,97.88266112116726
1259,260821032550,2989,97.81387072265848
1260,260821032735,2985,97.67628992564087
1261,260821032920,2982,97.57310432787767
1262,260821033105,2979,97.46991873011446
1263,260821033250,2973,97.26354753458806
1264,260821033435,2969,97.12596673757045
1265,260821033620,2966,97.02278113980725
1266,260821033805,2962,96.88520034278966
1267,260821033950,2960,96.81640994428085
1268,260821034135,2957,96.71322434651765
1269,260821034320,2953,96.57564354950004
1270,260821034505,2950,96.47245795173684
1271,260821034650,2947,96.36927235397363
1272,260821034835,2944,96.26608675621043
1273,260821035020,2941,96.16290115844723
1274,260821035205,2938,96.05971556068403
1275,260821035350,2935,95.95652996292083
1276,260821035535,2931,95.81894916590322
1277,260821035720,2928,95.71576356814002
1278,260821035905,2925,95.61257797037682
1279,260821040050,2922,95.50939237261362
1280,260821040235,2919,95.4062067748504
1281,260821040420,2916,95.3030211770872
1282,260821040605,2913,95.199835579324
1283,260821040750,2911,95.13104518081519
1284,260821040935,2908,95.027859583052
1285,260821041120,2905,94.9246739852888
1286,260821041305,2902,94.8214883875256
1287,260821041450,2899,94.71830278976239
1288,260821041635,2897,94.6495123912536
1289,260821041820,2894,94.5463267934904
1290,260821042005,2892,94.47753639498158
1291,260821042150,2889,94.37435079721838
1292,260821042335,2886,94.27116519945518
1293,260821042520,2884,94.20237480094637
1294,260821042705,2882,94.13358440243758
1295,260821042850,2880,94.06479400392878
1296,260821043035,2878,93.99600360541999
1297,260821043220,2877,93.96160840616558
1298,260821043405,2875,93.89281800765677
1299,260821043550,2873,93.82402760914798
1300,260821043735,2871,93.75523721063917
1301,260821043920,2869,93.68644681213037
1302,260821044105,2867,93.61765641362156
1303,260821044250,2865,93.54886601511276
1304,260821044435,2863,93.48007561660395
1305,260821044620,2861,93.41128521809516
1306,260821044805,2858,93.30809962033196
1307,260821044950,2856,93.23930922182315
1308,260821045135,2854,93.17051882331435
1309,260821045320,2852,93.10172842480556
1310,260821045505,2851,93.06733322555115
1311,260821045651,2849,92.99854282704236
1312,260821045836,2847,92.92975242853355
1313,260821050021,2845,92.86096203002475
1314,260821050206,2843,92.79217163151594
1315,260821050351,2841,92.72338123300715
1316,260821050536,2839,92.65459083449834
1317,260821050721,2837,92.58580043598954
1318,260821050906,2835,92.51701003748073
1319,260821051051,2833,92.44821963897193
1320,260821051236,2831,92.37942924046312
1321,260821051421,2829,92.31063884195433
1322,260821051606,2827,92.24184844344552
1323,260821051751,2826,92.20745324419114
1324,260821051936,2824,92.13866284568233
1325,260821052121,2823,92.10426764642794
1326,260821052306,2821,92.03547724791913
1327,260821052451,2820,92.00108204866473
1328,260821052636,2818,91.93229165015593
1329,260821052821,2816,91.86350125164712
1330,260821053006,2815,91.82910605239272
1331,260821053151,2813,91.76031565388392
1332,260821053336,2812,91.72592045462952
1333,260821053521,2810,91.65713005612072
1334,260821053706,2809,91.62273485686632
1335,260821053851,2808,91.58833965761191
1336,260821054036,2806,91.51954925910312
1337,260821054221,2805,91.48515405984871
1338,260821054406,2803,91.4163636613399
1339,260821054551,2802,91.38196846208551
1340,260821054736,2801,91.3475732628311
1341,260821054921,2799,91.2787828643223
1342,260821055106,2798,91.24438766506792
1343,260821055251,2797,91.20999246581351
1344,260821055436,2795,91.14120206730472
1345,260821055621,2794,91.10680686805031
1346,260821055806,2793,91.07241166879591
1347,260821055951,2792,91.0380164695415
1348,260821060136,2790,90.96922607103271
1349,260821060321,2790,90.96922607103271
1350,260821060506,2789,90.9348308717783
1351,260821060651,2788,90.9004356725239
1352,260821060836,2787,90.8660404732695
1353,260821061021,2787,90.8660404732695
1354,260821061206,2786,90.8316452740151
1355,260821061351,2785,90.7972500747607
1356,260821061536,2784,90.76285487550629
1357,260821061721,2783,90.7284596762519
1358,260821061906,2782,90.6940644769975
1359,260821062051,2781,90.65966927774309
1360,260821062236,2780,90.62527407848869
1361,260821062421,2780,90.62527407848869
1362,260821062606,2779,90.5908788792343
1363,260821062751,2777,90.52208848072549
1364,260821062936,2776,90.48769328147108
1365,260821063121,2775,90.45329808221669
1366,260821063306,2774,90.41890288296229
1367,260821063451,2774,90.41890288296229
1368,260821063636,2773,90.38450768370788
1369,260821063821,2772,90.35011248445348
1370,260821064006,2771,90.3157172851991
1371,260821064151,2771,90.3157172851991
1372,260821064336,2770,90.2813220859447
1373,260821064521,2770,90.2813220859447
1374,260821064706,2769,90.24692688669029
1375,260821064851,2769,90.24692688669029
1376,260821065036,2768,90.21253168743588
1377,260821065221,2768,90.21253168743588
1378,260821065406,2767,90.1781364881815
1379,260821065551,2766,90.14374128892709
1380,260821065736,2766,90.14374128892709
1381,260821065921,2765,90.10934608967268
1382,260821070106,2765,90.10934608967268
1383,260821070251,2764,90.07495089041828
1384,260821070436,2763,90.04055569116389
1385,260821070621,2763,90.04055569116389
1386,260821070806,2762,90.00616049190948
1387,260821070951,2761,89.97176529265508
1388,260821071136,2761,89.97176529265508
1389,260821071321,2760,89.93737009340067
1390,260821071506,2760,89.93737009340067
1391,260821071651,2758,89.86857969489188
1392,260821071836,2761,89.97176529265508
1393,260821072021,2760,89.93737009340067
1394,260821072206,2760,89.93737009340067
1395,260821072351,2760,89.93737009340067
1396,260821072536,2759,89.90297489414628
1397,260821072721,2759,89.90297489414628
1398,260821072906,2759,89.90297489414628
1399,260821073051,2758,89.86857969489188
1400,260821073236,2758,89.86857969489188
1401,260821073421,2757,89.83418449563747
1402,260821073606,2757,89.83418449563747
1403,260821073751,2757,89.83418449563747
1404,260821073936,2756,89.79978929638307
1405,260821074122,2756,89.79978929638307
1406,260821074307,2755,89.76539409712868
1407,260821074452,2755,89.76539409712868
1408,260821074637,2755,89.76539409712868
1409,260821074822,2755,89.76539409712868
1410,260821075007,2755,89.76539409712868
1411,260821075152,2754,89.73099889787427
1412,260821075337,2754,89.73099889787427
1413,260821075522,2754,89.73099889787427
1414,260821075707,2753,89.69660369861987
1415,260821075852,2753,89.69660369861987
1416,260821080037,2752,89.66220849936546
1417,260821080222,2752,89.66220849936546
1418,260821080407,2752,89.66220849936546
1419,260821080552,2751,89.62781330011107
1420,260821080737,2751,89.62781330011107
1421,260821080922,2751,89.62781330011107
1422,260821081107,2751,89.62781330011107
1423,260821081252,2750,89.59341810085667
1424,260821081437,2750,89.59341810085667
1425,260821081622,2749,89.55902290160226
1426,260821081807,2749,89.55902290160226
1427,260821081952,2749,89.55902290160226
1428,260821082137,2749,89.55902290160226
1429,260821082322,2749,89.55902290160226
1430,260821082507,2749,89.55902290160226
1431,260821082652,2749,89.55902290160226
1432,260821082837,2749,89.55902290160226
1433,260821083022,2748,89.52462770234786
1434,260821083207,2748,89.52462770234786
1435,260821083352,2748,89.52462770234786
1436,260821083537,2748,89.52462770234786
1437,260821083722,2748,89.52462770234786
1438,260821083907,2748,89.52462770234786
1439,260821084052,2748,89.52462770234786
1440,260821084237,2748,89.52462770234786
1441,260821084422,2748,89.52462770234786
1442,260821084607,2748,89.52462770234786
1443,260821084752,2748,89.52462770234786
1444,260821084937,2748,89.52462770234786
1445,260821085122,2748,89.52462770234786
1446,260821085307,2748,89.52462770234786
1447,260821085452,2748,89.52462770234786
1448,260821085637,2748,89.52462770234786
1449,260821085822,2748,89.52462770234786
1450,260821090007,2747,89.49023250309347
1451,260821090152,2747,89.49023250309347
1452,260821090337,2747,89.49023250309347
1453,260821090522,2747,89.49023250309347
1454,260821090707,2747,89.49023250309347
1455,260821090852,2747,89.49023250309347
1456,260821091037,2747,89.49023250309347
1457,260821091222,2747,89.49023250309347
1458,260821091407,2747,89.49023250309347
1459,260821091552,2746,89.45583730383906
1460,260821091737,2746,89.45583730383906
1461,260821091922,2746,89.45583730383906
1462,260821092107,2745,89.42144210458466
1463,260821092252,2745,89.42144210458466
1464,260821092437,2745,89.42144210458466
1465,260821092622,2745,89.42144210458466
1466,260821092807,2744,89.38704690533027
1467,260821092952,2744,89.38704690533027
1468,260821093137,2744,89.38704690533027
1469,260821093322,2744,89.38704690533027
1470,260821093507,2743,89.35265170607587
1471,260821093652,2743,89.35265170607587
1472,260821093837,2743,89.35265170607587
1473,260821094022,2743,89.35265170607587
1474,260821094207,2743,89.35265170607587
1475,260821094352,2743,89.35265170607587
1476,260821094537,2744,89.38704690533027
1477,260821094722,2744,89.38704690533027
1478,260821094907,2744,89.38704690533027
1479,260821095052,2744,89.38704690533027
1480,260821095237,2744,89.38704690533027
1481,260821095422,2744,89.38704690533027
1482,260821095607,2744,89.38704690533027
1483,260821095752,2745,89.42144210458466
1484,260821095937,2745,89.42144210458466
1485,260821100122,2745,89.42144210458466
1486,260821100307,2745,89.42144210458466
1487,260821100452,2745,89.42144210458466
1488,260821100637,2745,89.42144210458466
1489,260821100822,2746,89.45583730383906
1490,260821101007,2746,89.45583730383906
1491,260821101152,2746,89.45583730383906
1492,260821101337,2746,89.45583730383906
1493,260821101522,2746,89.45583730383906
1494,260821101707,2746,89.45583730383906
1495,260821101852,2746,89.45583730383906
1496,260821102037,2746,89.45583730383906
1497,260821102222,2746,89.45583730383906
1498,260821102407,2746,89.45583730383906
1499,260821102553,2746,89.45583730383906
1500,260821102738,2746,89.45583730383906
1501,260821102923,2746,89.45583730383906
1502,260821103108,2746,89.45583730383906
1503,260821103253,2746,89.45583730383906
1504,260821103438,2746,89.45583730383906
1505,260821103623,2746,89.45583730383906
1506,260821103808,2746,89.45583730383906
1507,260821103953,2746,89.45583730383906
1508,260821104138,2746,89.45583730383906
1509,260821104323,2746,89.45583730383906
1510,260821104508,2746,89.45583730383906
1511,260821104653,2746,89.45583730383906
1512,260821104838,2746,89.45583730383906
1513,260821105023,2746,89.45583730383906
1514,260821105208,2746,89.45583730383906
1515,260821105353,2746,89.45583730383906
1516,260821105538,2746,89.45583730383906
1517,260821105723,2746,89.45583730383906
1518,260821105908,2746,89.45583730383906
1519,260821110053,2746,89.45583730383906
1520,260821110238,2747,89.49023250309347
1521,260821110423,2747,89.49023250309347
1522,260821110608,2747,89.49023250309347
1523,260821110753,2745,89.42144210458466
1524,260821110938,2745,89.42144210458466
1525,260821111123,2741,89.28386130756707
1526,260821111308,2735,89.07749011204066
1527,260821111453,2734,89.04309491278626
1528,260821111638,2734,89.04309491278626
1529,260821111823,2733,89.00869971353185
1530,260821112008,2734,89.04309491278626
1531,260821112153,2734,89.04309491278626
1532,260821112338,2734,89.04309491278626
1533,260821112523,2734,89.04309491278626
1534,260821112708,2734,89.04309491278626
1535,260821112853,2734,89.04309491278626
1536,260821113038,2735,89.07749011204066
1537,260821113223,2735,89.07749011204066
1538,260821113408,2735,89.07749011204066
1539,260821113553,2735,89.07749011204066
1540,260821113738,2734,89.04309491278626
1541,260821113923,2734,89.04309491278626
1542,260821114108,2735,89.07749011204066
1543,260821114253,2735,89.07749011204066
1544,260821114438,2735,89.07749011204066
1545,260821114623,2735,89.07749011204066
1546,260821114808,2735,89.07749011204066
1547,260821114953,2736,89.11188531129505
1548,260821115138,2736,89.11188531129505
1549,260821115323,2736,89.11188531129505
1550,260821115508,2737,89.14628051054946
1551,260821115653,2737,89.14628051054946
1552,260821115838,2737,89.14628051054946
1553,260821120023,2737,89.14628051054946
1554,260821120208,2737,89.14628051054946
1555,260821120353,2737,89.14628051054946
1556,260821120538,2737,89.14628051054946
1557,260821120723,2737,89.14628051054946
1558,260821120908,2737,89.14628051054946
1559,260821121053,2737,89.14628051054946
1560,260821121238,2737,89.14628051054946
1561,260821121423,2737,89.14628051054946
1562,260821121608,2737,89.14628051054946
1563,260821121753,2737,89.14628051054946
1564,260821121938,2737,89.14628051054946
1565,260821122123,2737,89.14628051054946
1566,260821122308,2737,89.14628051054946
1567,260821122453,2737,89.14628051054946
1568,260821122638,2736,89.11188531129505
1569,260821122823,2735,89.07749011204066
1570,260821123008,2732,88.97430451427745
1571,260821123153,2730,88.90551411576865
1572,260821123338,2728,88.83672371725984
1573,260821123523,2726,88.76793331875105
1574,260821123708,2725,88.73353811949664
1575,260821123853,2723,88.66474772098785
1576,260821124038,2722,88.63035252173344
1577,260821124223,2721,88.59595732247904
1578,260821124408,2719,88.52716692397024
1579,260821124553,2718,88.49277172471584
1580,260821124738,2717,88.45837652546145
1581,260821124923,2716,88.42398132620704
1582,260821125108,2715,88.38958612695265
1583,260821125253,2713,88.32079572844384
1584,260821125438,2712,88.28640052918944
1585,260821125623,2711,88.25200532993505
1586,260821125808,2709,88.18321493142624
1587,260821125953,2708,88.14881973217183
1588,260821130138,2706,88.08002933366303
1589,260821130323,2705,88.04563413440863
1590,260821130508,2703,87.97684373589983
1591,260821130653,2702,87.94244853664543
1592,260821130839,2700,87.87365813813662
1593,260821131024,2699,87.83926293888223
1594,260821131209,2697,87.77047254037342
1595,260821131354,2695,87.70168214186462
1596,260821131539,2694,87.66728694261022
1597,260821131724,2692,87.59849654410141
1598,260821131909,2690,87.52970614559261
1599,260821132054,2688,87.46091574708382
1600,260821132239,2686,87.39212534857502
1601,260821132424,2683,87.28893975081182
1602,260821132609,2680,87.1857541530486
1603,260821132754,2677,87.0825685552854
1604,260821132939,2674,86.9793829575222
1605,260821133124,2670,86.8418021605046
1606,260821133309,2667,86.7386165627414
1607,260821133454,2664,86.63543096497818
1608,260821133639,2661,86.532245367215
1609,260821133824,2658,86.4290597694518
1610,260821134009,2655,86.3258741716886
1611,260821134154,2652,86.22268857392538
1612,260821134339,2651,86.18829337467099
1613,260821134524,2649,86.11950297616218
1614,260821134709,2648,86.08510777690778
1615,260821134854,2646,86.01631737839898
1616,260821135039,2645,85.98192217914458
1617,260821135224,2645,85.98192217914458
1618,260821135409,2643,85.91313178063578
1619,260821135554,2642,85.87873658138138
1620,260821135739,2640,85.80994618287257
1621,260821135924,2639,85.77555098361817
1622,260821140109,2637,85.70676058510936
1623,260821140254,2635,85.63797018660058
1624,260821140439,2634,85.60357498734618
1625,260821140624,2632,85.53478458883737
1626,260821140809,2631,85.50038938958298
1627,260821140954,2629,85.43159899107417
1628,260821141139,2628,85.39720379181976
1629,260821141324,2627,85.36280859256537
1630,260821141509,2626,85.32841339331097
1631,260821141654,2626,85.32841339331097
1632,260821141839,2625,85.29401819405656
1633,260821142024,2624,85.25962299480216
1634,260821142209,2623,85.22522779554777
1635,260821142354,2623,85.22522779554777
1636,260821142539,2621,85.15643739703896
1637,260821142724,2620,85.12204219778455
1638,260821142909,2618,85.05325179927576
1639,260821143054,2617,85.01885660002135
1640,260821143239,2615,84.95006620151256
1641,260821143424,2613,84.88127580300375
1642,260821143609,2611,84.81248540449495
1643,260821143754,2610,84.77809020524055
1644,260821143939,2608,84.70929980673174
1645,260821144124,2606,84.64050940822295
1646,260821144309,2604,84.57171900971414
1647,260821144454,2602,84.50292861120535
1648,260821144639,2601,84.46853341195094
1649,260821144824,2600,84.43413821269654
1650,260821145009,2598,84.36534781418774
1651,260821145154,2596,84.29655741567893
1652,260821145339,2595,84.26216221642454
1653,260821145524,2593,84.19337181791573
1654,260821145709,2592,84.15897661866133
1655,260821145854,2590,84.09018622015253
1656,260821150039,2588,84.02139582164372
1657,260821150224,2587,83.98700062238933
1658,260821150409,2586,83.95260542313493
1659,260821150554,2585,83.91821022388052
1660,260821150739,2583,83.84941982537173
1661,260821150924,2582,83.81502462611732
1662,260821151109,2581,83.78062942686292
1663,260821151254,2580,83.74623422760853
1664,260821151439,2579,83.71183902835413
1665,260821151624,2578,83.67744382909973
1666,260821151809,2578,83.67744382909973
1667,260821151954,2577,83.64304862984532
1668,260821152139,2577,83.64304862984532
1669,260821152324,2575,83.57425823133653
1670,260821152509,2574,83.53986303208212
1671,260821152654,2573,83.50546783282772
1672,260821152839,2571,83.43667743431892
1673,260821153024,2570,83.40228223506452
1674,260821153209,2569,83.36788703581011
1675,260821153354,2568,83.33349183655571
1676,260821153539,2567,83.29909663730132
1677,260821153724,2565,83.23030623879251
1678,260821153909,2563,83.16151584028371
1679,260821154054,2562,83.12712064102931
1680,260821154239,2561,83.0927254417749
1681,260821154424,2559,83.0239350432661
1682,260821154610,2558,82.9895398440117
1683,260821154755,2556,82.92074944550289
1684,260821154940,2555,82.8863542462485
1685,260821155125,2554,82.8519590469941
1686,260821155310,2552,82.7831686484853
1687,260821155455,2551,82.74877344923091
1688,260821155640,2551,82.74877344923091
1689,260821155825,2551,82.74877344923091
1690,260821160010,2550,82.7143782499765
1691,260821160155,2549,82.6799830507221
1692,260821160340,2549,82.6799830507221
1693,260821160525,2549,82.6799830507221
1694,260821160710,2549,82.6799830507221
1695,260821160855,2548,82.6455878514677
1696,260821161040,2548,82.6455878514677
1697,260821161225,2548,82.6455878514677
1698,260821161410,2547,82.6111926522133
1699,260821161555,2546,82.5767974529589
1700,260821161740,2545,82.5424022537045
1701,260821161925,2545,82.5424022537045
1702,260821162110,2544,82.50800705445009
1703,260821162255,2541,82.40482145668689
1704,260821162440,2535,82.19845026116049
1705,260821162625,2528,81.95768386637967
1706,260821162810,2527,81.92328866712528
1707,260821162955,2526,81.88889346787087
1708,260821163140,2525,81.85449826861648
1709,260821163325,2524,81.82010306936208
1710,260821163510,2523,81.78570787010769
1711,260821163655,2522,81.75131267085328
1712,260821163840,2522,81.75131267085328
1713,260821164025,2521,81.71691747159888
1714,260821164210,2521,81.71691747159888
1715,260821164355,2521,81.71691747159888
1716,260821164540,2520,81.68252227234447
1717,260821164725,2520,81.68252227234447
1718,260821164910,2519,81.64812707309008
1719,260821165055,2519,81.64812707309008
1720,260821165240,2519,81.64812707309008
1721,260821165425,2519,81.64812707309008
1722,260821165610,2519,81.64812707309008
1723,260821165755,2519,81.64812707309008
1724,260821165940,2519,81.64812707309008
1725,260821170125,2518,81.61373187383568
1726,260821170310,2518,81.61373187383568
1727,260821170455,2518,81.61373187383568
1728,260821170640,2518,81.61373187383568
1729,260821170825,2519,81.64812707309008
1730,260821171010,2519,81.64812707309008
1731,260821171155,2520,81.68252227234447
1732,260821171340,2520,81.68252227234447
1733,260821171525,2521,81.71691747159888
1734,260821171710,2521,81.71691747159888
1735,260821171855,2522,81.75131267085328
1736,260821172040,2522,81.75131267085328
1737,260821172225,2522,81.75131267085328
1738,260821172410,2523,81.78570787010769
1739,260821172555,2524,81.82010306936208
1740,260821172740,2524,81.82010306936208
1741,260821172925,2525,81.85449826861648
1742,260821173110,2525,81.85449826861648
1743,260821173255,2525,81.85449826861648
1744,260821173440,2526,81.88889346787087
1745,260821173625,2526,81.88889346787087
1746,260821173810,2527,81.92328866712528
1747,260821173955,2529,81.99207906563407
1748,260821174140,2531,82.06086946414288
1749,260821174325,2534,82.16405506190608
1750,260821174510,2537,82.26724065966928
1751,260821174655,2540,82.37042625743248
1752,260821174840,2544,82.50800705445009
1753,260821175025,2548,82.6455878514677
1754,260821175210,2552,82.7831686484853
1755,260821175355,2557,82.9551446447573
1756,260821175540,2562,83.12712064102931
1757,260821175725,2566,83.26470143804691
1758,260821175910,2571,83.43667743431892
1759,260821180055,2576,83.60865343059092
1760,260821180240,2580,83.74623422760853
1761,260821180425,2584,83.88381502462612
1762,260821180610,2588,84.02139582164372
1763,260821180755,2591,84.12458141940694
1764,260821180940,2594,84.22776701717014
1765,260821181125,2597,84.33095261493334
1766,260821181310,2599,84.39974301344215
1767,260821181455,2601,84.46853341195094
1768,260821181640,2604,84.57171900971414
1769,260821181825,2605,84.60611420896855
1770,260821182010,2607,84.67490460747736
1771,260821182156,2608,84.70929980673174
1772,260821182341,2611,84.81248540449495
1773,260821182526,2612,84.84688060374934
1774,260821182711,2612,84.84688060374934
1775,260821182856,2613,84.88127580300375
1776,260821183041,2614,84.91567100225815
1777,260821183226,2614,84.91567100225815
1778,260821183411,2615,84.95006620151256
1779,260821183556,2615,84.95006620151256
1780,260821183741,2615,84.95006620151256
1781,260821183926,2616,84.98446140076695
1782,260821184111,2616,84.98446140076695
1783,260821184256,2616,84.98446140076695
1784,260821184441,2616,84.98446140076695
1785,260821184626,2616,84.98446140076695
1786,260821184811,2616,84.98446140076695
1787,260821184956,2616,84.98446140076695
1788,260821185141,2616,84.98446140076695
1789,260821185326,2616,84.98446140076695
1790,260821185511,2616,84.98446140076695
1791,260821185656,2616,84.98446140076695
1792,260821185841,2616,84.98446140076695
1793,260821190026,2616,84.98446140076695
1794,260821190211,2615,84.95006620151256
1795,260821190356,2616,84.98446140076695
1796,260821190541,2615,84.95006620151256
1797,260821190726,2615,84.95006620151256
1798,260821190911,2615,84.95006620151256
1799,260821191056,2615,84.95006620151256
1800,260821191241,2616,84.98446140076695
1801,260821191426,2616,84.98446140076695
1802,260821191611,2616,84.98446140076695
1803,260821191756,2616,84.98446140076695
1804,260821191941,2616,84.98446140076695
1805,260821192126,2616,84.98446140076695
1806,260821192311,2616,84.98446140076695
1807,260821192456,2616,84.98446140076695
1808,260821192641,2616,84.98446140076695
1809,260821192826,2616,84.98446140076695
1810,260821193011,2617,85.01885660002135
1811,260821193156,2617,85.01885660002135
1812,260821193341,2617,85.01885660002135
1813,260821193526,2617,85.01885660002135
1814,260821193711,2617,85.01885660002135
1815,260821193856,2617,85.01885660002135
1816,260821194041,2617,85.01885660002135
1817,260821194226,2617,85.01885660002135
1818,260821194411,2617,85.01885660002135
1819,260821194556,2617,85.01885660002135
1820,260821194741,2617,85.01885660002135
1821,260821194926,2617,85.01885660002135
1822,260821195111,2617,85.01885660002135
1823,260821195256,2617,85.01885660002135
1824,260821195441,2617,85.01885660002135
1825,260821195626,2617,85.01885660002135
1826,260821195811,2617,85.01885660002135
1827,260821195956,2617,85.01885660002135
1828,260821200141,2617,85.01885660002135
1829,260821200326,2617,85.01885660002135
1830,260821200511,2617,85.01885660002135
1831,260821200656,2617,85.01885660002135
1832,260821200841,2617,85.01885660002135
1833,260821201026,2617,85.01885660002135
1834,260821201211,2617,85.01885660002135
1835,260821201356,2617,85.01885660002135
1836,260821201541,2617,85.01885660002135
1837,260821201726,2617,85.01885660002135
1838,260821201911,2617,85.01885660002135
1839,260821202056,2617,85.01885660002135
1840,260821202241,2617,85.01885660002135
1841,260821202426,2617,85.01885660002135
1842,260821202611,2617,85.01885660002135
1843,260821202756,2617,85.01885660002135
1844,260821202941,2617,85.01885660002135
1845,260821203126,2617,85.01885660002135
1846,260821203311,2617,85.01885660002135
1847,260821203456,2617,85.01885660002135
1848,260821203641,2617,85.01885660002135
1849,260821203826,2617,85.01885660002135
1850,260821204011,2616,84.98446140076695
1851,260821204156,2616,84.98446140076695
1852,260821204341,2616,84.98446140076695
1853,260821204526,2616,84.98446140076695
1854,260821204711,2616,84.98446140076695
1855,260821204856,2616,84.98446140076695
1856,260821205041,2616,84.98446140076695
1857,260821205226,2616,84.98446140076695
1858,260821205411,2616,84.98446140076695
1859,260821205556,2615,84.95006620151256
1860,260821205741,2615,84.95006620151256
1861,260821205926,2615,84.95006620151256
1862,260821210111,2615,84.95006620151256
1863,260821210256,2616,84.98446140076695
1864,260821210442,2615,84.95006620151256
1865,260821210627,2616,84.98446140076695
1866,260821210812,2615,84.95006620151256
1867,260821210957,2615,84.95006620151256
1868,260821211142,2615,84.95006620151256
1869,260821211327,2614,84.91567100225815
1870,260821211512,2614,84.91567100225815
1871,260821211657,2615,84.95006620151256
1872,260821211842,2614,84.91567100225815
1873,260821212027,2614,84.91567100225815
1874,260821212212,2614,84.91567100225815
1875,260821212357,2614,84.91567100225815
1876,260821212542,2614,84.91567100225815
1877,260821212727,2615,84.95006620151256
1878,260821212912,2615,84.95006620151256
1879,260821213057,2616,84.98446140076695
1880,260821213242,2616,84.98446140076695
1881,260821213427,2616,84.98446140076695
1882,260821213612,2616,84.98446140076695
1883,260821213757,2616,84.98446140076695
1884,260821213942,2616,84.98446140076695
1885,260821214127,2616,84.98446140076695
1886,260821214312,2617,85.01885660002135
1887,260821214457,2617,85.01885660002135
1888,260821214642,2617,85.01885660002135
1889,260821214827,2618,85.05325179927576
1890,260821215012,2619,85.08764699853016
1891,260821215157,2620,85.12204219778455
1892,260821215342,2621,85.15643739703896
1893,260821215527,2621,85.15643739703896
1894,260821215712,2622,85.19083259629336
1895,260821215857,2622,85.19083259629336
1896,260821220042,2622,85.19083259629336
1897,260821220227,2623,85.22522779554777
1898,260821220412,2623,85.22522779554777
1899,260821220557,2624,85.25962299480216
1900,260821220742,2624,85.25962299480216
1901,260821220927,2625,85.29401819405656
1902,260821221112,2625,85.29401819405656
1903,260821221257,2626,85.32841339331097
1904,260821221442,2626,85.32841339331097
1905,260821221627,2627,85.36280859256537
1906,260821221812,2628,85.39720379181976
1907,260821221957,2628,85.39720379181976
1908,260821222142,2628,85.39720379181976
1909,260821222327,2628,85.39720379181976
1910,260821222512,2629,85.43159899107417
1911,260821222657,2629,85.43159899107417
1912,260821222842,2629,85.43159899107417
1913,260821223027,2626,85.32841339331097
1914,260821223212,2618,85.05325179927576
1915,260821223357,2629,85.43159899107417
1916,260821223542,2641,85.84434138212697
1917,260821223727,2637,85.70676058510936
1918,260821223912,2639,85.77555098361817
1919,260821224057,2641,85.84434138212697
1920,260821224242,2643,85.91313178063578
1921,260821224427,2634,85.60357498734618
1922,260821224612,2614,84.91567100225815
1923,260821224757,2612,84.84688060374934
1924,260821224942,2629,85.43159899107417
1925,260821225127,2597,84.33095261493334
1926,260821225312,2598,84.36534781418774
1927,260821225457,2596,84.29655741567893
1928,260821225642,2610,84.77809020524055
1929,260821225827,2599,84.39974301344215
1930,260821230012,2585,83.91821022388052
1931,260821230157,2589,84.05579102089813
1932,260821230342,2560,83.0583302425205
1933,260821230527,2548,82.6455878514677
1934,260821230712,2563,83.16151584028371
1935,260821230857,2553,82.8175638477397
1936,260821231042,2557,82.9551446447573
1937,260821231227,2533,82.12965986265168
1938,260821231412,2536,82.23284546041488
1939,260821231557,2519,81.64812707309008
1940,260821231742,2524,81.82010306936208
1941,260821231927,2481,80.34110950142284
1942,260821232112,2499,80.96022308800205
1943,260821232257,2510,81.33857027980046
1944,260821232442,2472,80.03155270813322
1945,260821232627,2487,80.54748069694925
1946,260821232812,2499,80.96022308800205
1947,260821232957,2476,80.16913350515082
1948,260821233142,2444,79.06848712901001
1949,260821233327,2433,78.6901399372116
1950,260821233512,2450,79.27485832453641
1951,260821233657,2432,78.6557447379572
1952,260821233842,2459,79.58441511782603
1953,260821234027,2440,78.93090633199242
1954,260821234212,2494,80.78824709173006
1955,260821234357,2480,80.30671430216843
1956,260821234542,2505,81.16659428352845
1957,260821234728,2518,81.61373187383568
1958,260821234913,2513,81.44175587756366
1959,260821235058,2519,81.64812707309008
1960,260821235243,2541,82.40482145668689
1961,260821235428,2536,82.23284546041488
1962,260821235613,2553,82.8175638477397
1963,260821235758,2548,82.6455878514677
1964,260821235943,2524,81.82010306936208
1965,260822000128,2578,83.67744382909973
1966,260822000313,2581,83.78062942686292
1967,260822000458,2535,82.19845026116049
1968,260822000643,2594,84.22776701717014
1969,260822000828,2595,84.26216221642454
1970,260822001013,2584,83.88381502462612
1971,260822001158,2604,84.57171900971414
1972,260822001343,2592,84.15897661866133
1973,260822001528,2602,84.50292861120535
1974,260822001713,2592,84.15897661866133
1975,260822001858,2576,83.60865343059092
1976,260822002043,2587,83.98700062238933
1977,260822002228,2574,83.53986303208212
1978,260822002413,2603,84.53732381045975
1979,260822002558,2606,84.64050940822295
1980,260822002743,2604,84.57171900971414
1981,260822002928,2600,84.43413821269654
1982,260822003113,2595,84.26216221642454
1983,260822003258,2598,84.36534781418774
1984,260822003443,2582,83.81502462611732
1985,260822003628,2585,83.91821022388052
1986,260822003813,2526,81.88889346787087
1987,260822003958,2513,81.44175587756366
1988,260822004143,2503,81.09780388501966
1989,260822004328,2506,81.20098948278286
1990,260822004513,2499,80.96022308800205
1991,260822004658,2501,81.02901348651085
1992,260822004843,2497,80.89143268949326
1993,260822005028,2527,81.92328866712528
1994,260822005213,2521,81.71691747159888
1995,260822005358,2512,81.40736067830926
1996,260822005543,2507,81.23538468203726
1997,260822005728,2490,80.65066629471245
1998,260822005913,2492,80.71945669322126
1999,260822010058,2488,80.58187589620366
2000,260822010243,2488,80.58187589620366
2001,260822010428,2484,80.44429509918604
2002,260822010613,2472,80.03155270813322
2003,260822010758,2444,79.06848712901001
2004,260822010943,2467,79.85957671186124
2005,260822011128,2479,80.27231910291404
2006,260822011313,2470,79.96276230962444
2007,260822011458,2503,81.09780388501966
2008,260822011643,2485,80.47869029844044
2009,260822011828,2494,80.78824709173006
2010,260822012013,2537,82.26724065966928
2011,260822012158,2483,80.40989989993164
2012,260822012343,2509,81.30417508054606
2013,260822012528,2538,82.30163585892369
2014,260822012713,2536,82.23284546041488
2015,260822012858,2522,81.75131267085328
2016,260822013043,2508,81.26977988129165
2017,260822013228,2534,82.16405506190608
2018,260822013413,2577,83.64304862984532
2019,260822013558,2502,81.06340868576525
2020,260822013743,2543,82.4736118551957
2021,260822013928,2582,83.81502462611732
2022,260822014113,2627,85.36280859256537
2023,260822014258,2618,85.05325179927576
2024,260822014443,2602,84.50292861120535
2025,260822014628,2606,84.64050940822295
2026,260822014813,2634,85.60357498734618
2027,260822014958,2654,86.29147897243419
2028,260822015143,2640,85.80994618287257
2029,260822015328,2631,85.50038938958298
2030,260822015513,2663,86.6010357657238
2031,260822015658,2665,86.66982616423259
2032,260822015843,2653,86.25708377317979
2033,260822020028,2674,86.9793829575222
2034,260822020213,2707,88.11442453291744
2035,260822020358,2650,86.15389817541659
2036,260822020543,2708,88.14881973217183
2037,260822020728,2721,88.59595732247904
2038,260822020913,2672,86.9105925590134
2039,260822021058,2709,88.18321493142624
2040,260822021243,2714,88.35519092769825
2041,260822021428,2707,88.11442453291744
2042,260822021613,2730,88.90551411576865
2043,260822021758,2697,87.77047254037342
2044,260822021943,2704,88.01123893515422
2045,260822022128,2690,87.52970614559261
2046,260822022313,2704,88.01123893515422
2047,260822022458,2638,85.74115578436377
2048,260822022458,2638,85.74115578436377
2049,260822022644,2646,86.01631737839898
2050,260822022829,2638,85.74115578436377
2051,260822023014,2622,85.19083259629336
2052,260822023159,2619,85.08764699853016
2053,260822023344,2621,85.15643739703896
2054,260822023529,2639,85.77555098361817
2055,260822023714,2608,84.70929980673174
2056,260822023859,2568,83.33349183655571
2057,260822024044,2598,84.36534781418774
2058,260822024229,2587,83.98700062238933
2059,260822024414,2598,84.36534781418774
2060,260822024559,2574,83.53986303208212
2061,260822024744,2533,82.12965986265168
2062,260822024929,2533,82.12965986265168
2063,260822025114,2575,83.57425823133653
2064,260822025259,2530,82.02647426488848
2065,260822025444,2505,81.16659428352845
2066,260822025629,2500,80.99461828725644
2067,260822025814,2485,80.47869029844044
2068,260822025959,2452,79.34364872304522
2069,260822030144,2473,80.06594790738762
2070,260822030329,2454,79.41243912155402
2071,260822030514,2391,77.24554156852676
2072,260822030659,2463,79.72199591484363
2073,260822030844,2387,77.10796077150917
2074,260822031029,2421,78.27739754615878
2075,260822031214,2385,77.03917037300036
2076,260822031359,2346,75.69775760207872
2077,260822031544,2372,76.59203278269315
2078,260822031729,2374,76.66082318120195
2079,260822031914,2373,76.62642798194754
2080,260822032059,2380,76.86719437672836
2081,260822032244,2366,76.38566158716674
2082,260822032429,2301,74.14997363563069
2083,260822032614,2298,74.04678803786749
2084,260822032759,2308,74.3907400304115
2085,260822032944,2248,72.32702807514745
2086,260822033129,2252,72.46460887216506
2087,260822033314,2265,72.91174646247225
2088,260822033459,2294,73.90920724084988
2089,260822033644,2220,71.36396249602423
2090,260822033829,2244,72.18944727812985
2091,260822034014,2228,71.63912409005943
2092,260822034159,2228,71.63912409005943
2093,260822034344,2215,71.19198649975222
2094,260822034529,2150,68.95629854821615
2095,260822034714,2145,68.78432255194414
2096,260822034859,2158,69.23146014225136
2097,260822035044,2181,70.02254972510258
2098,260822035229,2129,68.23399936387375
2099,260822035414,2128,68.19960416461934
2100,260822035559,2132,68.33718496163695
2101,260822035744,2116,67.78686177356654
2102,260822035929,2055,65.68875461904808
2103,260822040114,2079,66.5142394011537
2104,260822040259,2057,65.7575450175569
2105,260822040444,2055,65.68875461904808
2106,260822040629,2033,64.93206023545127
2107,260822040814,2015,64.31294664887204
2108,260822040959,1999,63.762623460801635
2109,260822041144,1974,62.90274347944162
2110,260822041329,2035,65.00085063396006
2111,260822041514,1960,62.42121068988
2112,260822041659,1924,61.18298351672156
2113,260822041844,2021,64.51931784439846
2114,260822042029,2056,65.72314981830249
2115,260822042214,1981,63.14350987422241
2116,260822042359,2034,64.96645543470567
2117,260822042544,2025,64.65689864141606
2118,260822042729,2097,67.13335298773292
2119,260822042914,2123,68.02762816834733
2120,260822043059,2068,66.13589220935529
2121,260822043244,2075,66.3766586041361
2122,260822043429,2075,66.3766586041361
2123,260822043614,2133,68.37158016089136
2124,260822043759,2108,67.51170017953133
2125,260822043944,2079,66.5142394011537
2126,260822044129,2076,66.4110538033905
2127,260822044314,2086,66.75500579593451
2128,260822044459,2152,69.02508894672496
2129,260822044644,2184,70.1257353228658
2130,260822044829,2102,67.30532898400492
2131,260822045014,2142,68.68113695418096
2132,260822045159,2185,70.16013052212018
2133,260822045344,2167,69.54101693554098
2134,260822045529,2172,69.71299293181298
2135,260822045714,2161,69.33464574001458
2136,260822045859,2188,70.2633161198834
2137,260822050044,2178,69.91936412733938
2138,260822050229,2189,70.29771131913779
2139,260822050414,2194,70.4696873154098
2140,260822050600,2186,70.19452572137459
2141,260822050745,2208,70.95122010497141
2142,260822050930,2221,71.39835769527862
2143,260822051115,2233,71.81110008633142
2144,260822051300,2213,71.12319610124341
2145,260822051445,2230,71.70791448856822
2146,260822051630,2228,71.63912409005943
2147,260822051815,2235,71.87989048484023
2148,260822052000,2216,71.22638169900662
2149,260822052145,2230,71.70791448856822
2150,260822052330,2231,71.74230968782263
2151,260822052515,2328,75.07864401549952
2152,260822052700,2212,71.08880090198902
2153,260822052845,2257,72.63658486843704
2154,260822053030,2299,74.08118323712189
2155,260822053215,2255,72.56779446992824
2156,260822053400,2308,74.3907400304115
2157,260822053545,2260,72.73977046620026
2158,260822053730,2292,73.84041684234109
2159,260822053915,2290,73.77162644383228
2160,260822054100,2285,73.59965044756026
2161,260822054245,2761,89.97176529265508
2162,260822054430,3558,117.38473909841255
2163,260822054615,3545,116.93760150810533
2164,260822054800,3533,116.52485911705253
2165,260822054945,3520,116.07772152674532
2166,260822055130,3504,115.52739833867491
2167,260822055315,3482,114.77070395507808
2168,260822055500,3465,114.18598556775326
2169,260822055645,3475,114.52993756029728
2170,260822055830,3446,113.53247678191966
2171,260822060015,3455,113.84203357520926
2172,260822060200,3419,112.60380640205084
2173,260822060344,3406,112.15666881174361
2174,260822060529,3407,112.19106401099802
2175,260822060713,3367,110.81525604082199
2176,260822060858,3351,110.26493285275157
2177,260822061043,3387,111.50316002591
2178,260822061228,3333,109.64581926617237
2179,260822061413,3348,110.16174725498837
2180,260822061600,3320,109.19868167586515
2181,260822061745,3296,108.37319689375953
2182,260822061930,3338,109.81779526244436
2183,260822062115,3308,108.78593928481234
2184,260822062300,3280,107.82287370568912
2185,260822062445,3259,107.1005745213467
2186,260822062630,3277,107.71968810792592
2187,260822062815,3234,106.24069453998668
2188,260822063000,3217,105.65597615266186
2189,260822063145,3272,107.54771211165391
2190,260822063330,3201,105.10565296459146
2191,260822063515,3170,104.03940178770502
2192,260822063700,3155,103.523473798889
2193,260822063845,3190,104.72730577279303
2194,260822064030,3144,103.1451266070906
2195,260822064215,3163,103.79863539292421
2196,260822064400,3158,103.6266593966522
2197,260822064545,3121,102.35403702423939
2198,260822064730,3129,102.62919861827459
2199,260822064915,3090,101.28778584735296
2200,260822065100,3100,101.63173783989696
2201,260822065245,3096,101.49415704287937
2202,260822065430,3060,100.25592986972093
2203,260822065615,3047,99.80879227941371
2204,260822065800,3035,99.3960498883609
2205,260822065945,3007,98.43298430923768
2206,260822070130,3012,98.60496030550969
2207,260822070315,3024,99.0177026965625
2208,260822070500,3005,98.36419391072889
2209,260822070645,2992,97.91705632042166
2210,260822070830,3004,98.32979871147448
2211,260822071015,3028,99.1552834935801
2212,260822071200,2947,96.36927235397363
2213,260822071345,2937,96.02532036142962
2214,260822071530,2916,95.3030211770872
2215,260822071715,2949,96.43806275248244
2216,260822071900,2931,95.81894916590322
2217,260822072045,2907,94.9934643837976
2218,260822072230,2915,95.2686259778328
2219,260822072415,2850,93.03293802629676
2220,260822072600,2883,94.16797960169197
2221,260822072745,2853,93.13612362405996
2222,260822072931,2903,94.85588358678
2223,260822073116,2857,93.27370442107755
2224,260822073301,2854,93.17051882331435
2225,260822073446,2832,92.41382443971753
2226,260822073631,2858,93.30809962033196
2227,260822073816,2832,92.41382443971753
2228,260822074001,2827,92.24184844344552
2229,260822074146,2812,91.72592045462952
2230,260822074331,2775,90.45329808221669
2231,260822074516,2746,89.45583730383906
2232,260822074701,2708,88.14881973217183
2233,260822074846,2789,90.9348308717783
2234,260822075031,2754,89.73099889787427
2235,260822075216,2720,88.56156212322463
2236,260822075401,2726,88.76793331875105
2237,260822075546,2747,89.49023250309347
2238,260822075730,2686,87.39212534857502
2239,260822075915,2708,88.14881973217183
2240,260822080100,2716,88.42398132620704
2241,260822080245,2696,87.73607734111901
2242,260822080430,2683,87.28893975081182
2243,260822080615,2636,85.67236538585496
2244,260822080800,2659,86.4634549687062
2245,260822080945,2627,85.36280859256537
2246,260822081130,2654,86.29147897243419
2247,260822081315,2644,85.94752697989017
2248,260822081500,2636,85.67236538585496
2249,260822081645,2595,84.26216221642454
2250,260822081830,2604,84.57171900971414
2251,260822082015,2598,84.36534781418774
2252,260822082200,2579,83.71183902835413
2253,260822082345,2584,83.88381502462612
2254,260822082529,2580,83.74623422760853
2255,260822082714,2575,83.57425823133653
2256,260822082859,2544,82.50800705445009
2257,260822083044,2560,83.0583302425205
2258,260822083229,2593,84.19337181791573
2259,260822083414,2492,80.71945669322126
2260,260822083559,2502,81.06340868576525
2261,260822083744,2488,80.58187589620366
2262,260822083929,2470,79.96276230962444
2263,260822084114,2464,79.75639111409804
2264,260822084259,2440,78.93090633199242
2265,260822084443,2445,79.1028823282644
2266,260822084628,2420,78.24300234690439
2267,260822084813,2387,77.10796077150917
2268,260822084958,2355,76.00731439536834
2269,260822085143,2351,75.86973359835073
2270,260822085328,2367,76.42005678642114
2271,260822085328,2367,76.42005678642114
2272,260822085513,2367,76.42005678642114
2273,260822085658,2373,76.62642798194754
2274,260822085843,2368,76.45445198567555
2275,260822090028,2387,77.10796077150917
2276,260822090213,2403,77.65828395957958
2277,260822090358,2345,75.66336240282432
2278,260822090543,2386,77.07356557225476
2279,260822090728,2374,76.66082318120195
2280,260822090913,2387,77.10796077150917
2281,260822091058,2401,77.58949356107077
2282,260822091243,2388,77.14235597076357
2283,260822091428,2369,76.48884718492994
2284,260822091613,2378,76.79840397821955
2285,260822091758,2366,76.38566158716674
2286,260822091943,2359,76.14489519238595
2287,260822092128,2372,76.59203278269315
2288,260822092313,2350,75.83533839909633
2289,260822092458,2344,75.62896720356993
2290,260822092646,2324,74.94106321848191
2291,260822092831,2295,73.94360244010429
2292,260822093016,2283,73.53086004905147
2293,260822093201,2291,73.80602164308668
2294,260822093346,2302,74.18436883488509
2295,260822093531,2309,74.42513522966588
2296,260822093716,2341,75.52578160580671
2297,260822094046,2368,76.45445198567555
2298,260822094230,2326,75.00985361699071
2299,260822094415,2347,75.73215280133313
2300,260822094600,2324,74.94106321848191
2301,260822094745,2305,74.28755443264829
2302,260822094930,2294,73.90920724084988
2303,260822095115,2276,73.29009365427068
2304,260822095300,2249,72.36142327440184
2305,260822095445,2272,73.15251285725307
2306,260822095630,2259,72.70537526694585
2307,260822095815,2275,73.25569845501627
2308,260822100000,2281,73.46206965054266
2309,260822100145,2292,73.84041684234109
2310,260822100330,2275,73.25569845501627
2311,260822100515,2247,72.29263287589305
2312,260822100700,2293,73.87481204159548
2313,260822100845,2285,73.59965044756026
2314,260822101030,2220,71.36396249602423
2315,260822101215,2280,73.42767445128828
2316,260822101400,2298,74.04678803786749
2317,260822101545,2298,74.04678803786749
2318,260822101730,2315,74.6315064251923
2319,260822101915,2295,73.94360244010429
2320,260822102245,2305,74.28755443264829
2321,260822102430,2307,74.3563448311571
2322,260822102615,2312,74.5283208274291
2323,260822102800,2309,74.42513522966588
2324,260822102945,2338,75.42259600804351
2325,260822103130,2310,74.45953042892029
2326,260822103315,2318,74.7346920229555
2327,260822103500,2264,72.87735126321786
2328,260822103645,2299,74.08118323712189
2329,260822103830,2218,71.29517209751542
2330,260822104200,2298,74.04678803786749
2331,260822104345,2288,73.70283604532348
2332,260822104530,2228,71.63912409005943
2333,260822104715,2278,73.35888405277947
2334,260822104900,2232,71.77670488707703
2335,260822105045,2277,73.32448885352507
2336,260822105230,2230,71.70791448856822
2337,260822105415,2303,74.2187640341395
2338,260822105600,2294,73.90920724084988
2339,260822105745,2243,72.15505207887544
2340,260822110115,2247,72.29263287589305
2341,260822110300,2301,74.14997363563069
2342,260822110445,2306,74.3219496319027
2343,260822110630,2277,73.32448885352507
2344,260822110815,2261,72.77416566545465
2345,260822111000,2310,74.45953042892029
2346,260822111145,2246,72.25823767663864
2347,260822111330,2278,73.35888405277947
2348,260822111515,2261,72.77416566545465
2349,260822111659,2259,72.70537526694585
2350,260822111844,2259,72.70537526694585
2351,260822112028,2271,73.11811765799867
2352,260822112217,2212,71.08880090198902
2353,260822112402,2274,73.22130325576187
2354,260822112547,2284,73.56525524830587
2355,260822112732,2246,72.25823767663864
2356,260822112732,2246,72.25823767663864
2357,260822112732,2246,72.25823767663864
2358,260822112917,2298,74.04678803786749
2359,260822113102,2308,74.3907400304115
2360,260822113247,2234,71.84549528558583
2361,260822113433,2288,73.70283604532348
2362,260822113618,2320,74.80348242146431
2363,260822113803,2300,74.1155784363763
2364,260822113948,2289,73.73723124457787
2365,260822114133,2309,74.42513522966588
2366,260822114318,2377,76.76400877896515
2367,260822114503,2289,73.73723124457787
2368,260822114648,2326,75.00985361699071
2369,260822114833,2328,75.07864401549952
2370,260822115018,2263,72.84295606396346
2371,260822115203,2345,75.66336240282432
2372,260822115348,2310,74.45953042892029
2373,260822115533,2340,75.49138640655232
2374,260822115718,2334,75.28501521102592
2375,260822115903,2359,76.14489519238595
2376,260822120048,2330,75.14743441400832
2377,260822120233,2310,74.45953042892029
2378,260822120418,2338,75.42259600804351
2379,260822120603,2324,74.94106321848191
2380,260822120748,2321,74.8378776207187
2381,260822120933,2308,74.3907400304115
2382,260822121118,2317,74.7002968237011
2383,260822121303,2261,72.77416566545465
2384,260822121448,2236,71.91428568409464
2385,260822121633,2225,71.53593849229622
2386,260822121818,2225,71.53593849229622
2387,260822122003,2162,69.36904093926897
2388,260822122148,2176,69.85057372883058
2389,260822122333,2179,69.95375932659378
2390,260822122518,2206,70.8824297064626
2391,260822122703,2142,68.68113695418096
2392,260822122848,2180,69.98815452584819
2393,260822123033,2142,68.68113695418096
2394,260822123218,2249,72.36142327440184
2395,260822123403,2153,69.05948414597937
2396,260822123548,2197,70.57287291317301
2397,260822123733,2165,69.47222653703218
2398,260822123918,2197,70.57287291317301
2399,260822124103,2187,70.228920920629
2400,260822124248,2152,69.02508894672496
2401,260822124433,2139,68.57795135641776
2402,260822124616,2206,70.8824297064626
2403,260822124801,2210,71.02001050348021
2404,260822124946,2143,68.71553215343536
2405,260822125131,2202,70.744848909445
2406,260822125316,2167,69.54101693554098
2407,260822125501,2166,69.50662173628658
2408,260822125646,2196,70.53847771391861
2409,260822125831,2132,68.33718496163695
2410,260822130016,2172,69.71299293181298
2411,260822130202,2162,69.36904093926897
2412,260822130347,2098,67.16774818698731
2413,260822130532,2062,65.92952101382888
2414,260822130717,2051,65.55117382203048
2415,260822130902,2040,65.17282663023207
2416,260822131047,2031,64.86326983694246
2417,260822131231,2021,64.51931784439846
2418,260822131416,2013,64.24415625036325
2419,260822131601,2005,63.96899465632804
2420,260822131746,1997,63.69383306229283
2421,260822131931,1990,63.453066667512026
2422,260822132116,1983,63.21230027273121
2423,260822132301,1977,63.00592907720482
2424,260822132446,1970,62.76516268242401
2425,260822132631,1964,62.558791486897604
2426,260822132816,1958,62.352420291371196
2427,260822133001,1952,62.14604909584479
2428,260822133146,1946,61.93967790031838
2429,260822133331,1940,61.733306704791985
2430,260822133516,1935,61.561330708519975
2431,260822133701,1929,61.35495951299357
2432,260822133846,1920,61.04540271970396
2433,260822134031,1933,61.49254031001117
2434,260822134216,1957,62.31802509211679
2435,260822134401,1943,61.836492302555186
2436,260822134546,1978,63.04032427645922
2437,260822134731,1921,61.079797918958356
2438,260822135103,1916,60.90782192268637
2439,260822135248,1886,59.87596594505434
2440,260822135433,1876,59.532013952510326
2441,260822135618,1873,59.42882835474712
2442,260822135803,1867,59.22245715922071
2443,260822135948,1874,59.46322355400152
2444,260822140133,1829,57.91543958755349
2445,260822140318,1842,58.36257717786069
2446,260822140503,1864,59.11927156145751
2447,260822140647,1829,57.91543958755349
2448,260822140832,1825,57.77785879053589
2449,260822141017,1783,56.333260421851044
2450,260822141203,1727,54.40712926360461
2451,260822141348,1784,56.36765562110544
2452,260822141533,1753,55.30140444421903
2453,260822141718,1758,55.47338044049102
2454,260822141903,1775,56.05809882781585
2455,260822142048,1769,55.85172763228944
2456,260822142232,1801,56.95237400843027
2457,260822142417,1777,56.12688922632465
2458,260822142602,1824,57.74346359128148
2459,260822142747,1816,57.46830199724627
2460,260822142932,1795,56.74600281290386
2461,260822143117,1800,56.917978809175864
2462,260822143302,1810,57.26193080171986
2463,260822143447,1840,58.29378677935189
2464,260822143632,1864,59.11927156145751
2465,260822143817,1831,57.984229986062296
2466,260822144002,1860,58.98169076443992
2467,260822144146,1825,57.77785879053589
2468,260822144332,1853,58.740924369659105
2469,260822144516,1871,59.360037956238315
2470,260822144701,1888,59.94475634356314
2471,260822144846,1906,60.56386993014235
2472,260822145031,1924,61.18298351672156
2473,260822145216,1896,60.21991793759834
2474,260822145401,1915,60.87342672343196
2475,260822145546,1929,61.35495951299357
2476,260822145731,1885,59.841570745799935
2477,260822145916,1916,60.90782192268637
2478,260822150101,1893,60.11673233983513
2479,260822150246,1953,62.180444295099186
2480,260822150431,1953,62.180444295099186
2481,260822150616,1900,60.357498734615945
2482,260822150801,1971,62.79955788167841
2483,260822150946,1930,61.38935471224797
2484,260822151131,1896,60.21991793759834
2485,260822151316,1856,58.84410996742231
2486,260822151504,1959,62.386815490625594
2487,260822151649,1970,62.76516268242401
2488,260822151834,2023,64.58810824290725
2489,260822152019,1966,62.62758188540641
2490,260822152204,1995,63.62504266378403
2491,260822152349,1994,63.59064746452963
2492,260822152534,1992,63.52185706602083
2493,260822152719,1990,63.453066667512026
2494,260822152904,1987,63.34988106974882
2495,260822153049,1985,63.281090671240015
2496,260822153234,1982,63.177905073476815
2497,260822153419,1979,63.07471947571362
2498,260822153604,1976,62.97153387795042
2499,260822153749,1973,62.86834828018721
2500,260822153934,1971,62.79955788167841
2501,260822154119,1969,62.73076748316961
2502,260822154304,1966,62.62758188540641
2503,260822154304,1966,62.62758188540641
2504,260822154304,1966,62.62758188540641
2505,260822154449,1964,62.558791486897604
2506,260822154634,1962,62.4900010883888
2507,260822154818,1960,62.42121068988
2508,260822155003,1958,62.352420291371196
2509,260822155148,1957,62.31802509211679
2510,260822155333,1955,62.24923469360799
2511,260822155518,1953,62.180444295099186
2512,260822155703,1915,60.87342672343196
2513,260822155847,1924,61.18298351672156
2514,260822160032,1945,61.90528270106399
2515,260822160217,1940,61.733306704791985
2516,260822160404,1943,61.836492302555186
2517,260822160549,1931,61.42374991150237
2518,260822160734,1952,62.14604909584479
2519,260822160919,1923,61.14858831746716
2520,260822161104,1955,62.24923469360799
2521,260822161249,1942,61.80209710330079
2522,260822161434,1923,61.14858831746716
2523,260822161619,1915,60.87342672343196
2524,260822161804,1997,63.69383306229283
2525,260822161949,1913,60.80463632492316
2526,260822162134,1913,60.80463632492316
2527,260822162319,1981,63.14350987422241
2528,260822162502,1958,62.352420291371196
2529,260822162647,1977,63.00592907720482
2530,260822162832,1944,61.87088750180959
2531,260822163017,1910,60.70145072715996
2532,260822163202,1959,62.386815490625594
2533,260822163347,1998,63.72822826154724
2534,260822163532,2007,64.03778505483685
2535,260822163717,1945,61.90528270106399
2536,260822163902,1966,62.62758188540641
2537,260822164047,1985,63.281090671240015
2538,260822164232,1894,60.151127539089536
2539,260822164417,1970,62.76516268242401
2540,260822164602,1969,62.73076748316961
2541,260822164747,2002,63.86580905856484
2542,260822164934,2015,64.31294664887204
2543,260822165119,2020,64.48492264514405
2544,260822165304,2019,64.45052744588965
2545,260822165449,2014,64.27855144961764
2546,260822165634,2008,64.07218025409124
2547,260822165819,2000,63.79701866005604
2548,260822170004,2003,63.90020425781924
2549,260822170149,2008,64.07218025409124
2550,260822170334,2025,64.65689864141606
2551,260822170519,2033,64.93206023545127
2552,260822170704,2007,64.03778505483685
2553,260822170849,2015,64.31294664887204
2554,260822171034,1997,63.69383306229283
2555,260822171219,2048,65.44798822426728
2556,260822171404,2027,64.72568903992486
2557,260822171550,2044,65.31040742724967
2558,260822171735,2023,64.58810824290725
2559,260822171920,2039,65.13843143097766
2560,260822172105,2039,65.13843143097766
2561,260822172250,2021,64.51931784439846
2562,260822172435,2025,64.65689864141606
2563,260822172620,2017,64.38173704738085
2564,260822172805,1994,63.59064746452963
2565,260822172950,2003,63.90020425781924
2566,260822173135,2010,64.14097065260003
2567,260822173320,1991,63.487461866766424
2568,260822173505,1984,63.24669547198562
2569,260822173650,1987,63.34988106974882
2570,260822173835,1971,62.79955788167841
2571,260822174020,1989,63.41867146825762
2572,260822174205,1943,61.836492302555186
2573,260822174205,1943,61.836492302555186
2574,260822174205,1943,61.836492302555186
2575,260822174350,1962,62.4900010883888
2576,260822174535,1982,63.177905073476815
2577,260822174535,1982,63.177905073476815
2578,260822174720,1984,63.24669547198562
2579,260822174905,1982,63.177905073476815
2580,260822175050,1971,62.79955788167841
2581,260822175235,1960,62.42121068988
2582,260822175420,1982,63.177905073476815
2583,260822175605,1969,62.73076748316961
2584,260822175750,1968,62.69637228391521
2585,260822175935,1949,62.04286349808158
2586,260822180120,1935,61.561330708519975
2587,260822180305,1934,61.52693550926558
2588,260822180450,1928,61.32056431373917
2589,260822180635,1920,61.04540271970396
2590,260822180820,1913,60.80463632492316
2591,260822181005,1906,60.56386993014235
2592,260822181150,1899,60.32310353536154
2593,260822181335,1893,60.11673233983513
2594,260822181520,1887,59.91036114430874
2595,260822181705,1880,59.66959474952793
2596,260822181850,1875,59.49761875325592
2597,260822182035,1869,59.29124755772951
2598,260822182220,1864,59.11927156145751
2599,260822182405,1858,58.912900365931115
2600,260822182550,1853,58.740924369659105
2601,260822182735,1848,58.5689483733871
2602,260822182920,1843,58.39697237711509
2603,260822183105,1838,58.22499638084309
2604,260822183250,1833,58.0530203845711
2605,260822183435,1828,57.88104438829909
2606,260822183620,1824,57.74346359128148
2607,260822183805,1818,57.537092395755074
2608,260822183950,1794,56.711607613649456
2609,260822184135,1810,57.26193080171986
2610,260822184320,1792,56.64281721514065
2611,260822184505,1802,56.98676920768467
2612,260822184650,1794,56.711607613649456
2613,260822184835,1770,55.88612283154384
2614,260822185020,1747,55.09503324869262
2615,260822185205,1785,56.40205082035985
2616,260822185350,1721,54.2007580680782
2617,260822185535,1747,55.09503324869262
2618,260822185720,1741,54.888662053166215
2619,260822185905,1772,55.95491323005264
2620,260822190050,1776,56.092494027070245
2621,260822190235,1781,56.264470023342255
2622,260822190420,1788,56.50523641812305
2623,260822190605,1794,56.711607613649456
2624,260822190750,1800,56.917978809175864
2625,260822190935,1804,57.05555960619347
2626,260822191120,1808,57.193140403211075
2627,260822191305,1811,57.29632600097426
2628,260822191450,1812,57.330721200228666
2629,260822191635,1813,57.365116399483064
2630,260822191820,1813,57.365116399483064
2631,260822192005,1795,56.74600281290386
2632,260822192150,1769,55.85172763228944
2633,260822192335,1807,57.15874520395668
2634,260822192520,1806,57.12435000470227
2635,260822192705,1793,56.67721241439506
2636,260822192850,1737,54.75108125614861
2637,260822193035,1722,54.2351532673326
2638,260822193220,1707,53.71922527851658
2639,260822193405,1684,52.92813569566536
2640,260822193550,1699,53.444063684481385
2641,260822193735,1687,53.03132129342857
2642,260822193920,1689,53.10011169193737
2643,260822194105,1683,52.89374049641096
2644,260822194250,1681,52.82495009790216
2645,260822194435,1687,53.03132129342857
2646,260822194620,1689,53.10011169193737
2647,260822194805,1683,52.89374049641096
2648,260822194950,1685,52.962530894919766
2649,260822195135,1697,53.37527328597258
2650,260822195320,1686,52.996926094174164
2651,260822195505,1670,52.446602906103756
2652,260822195650,1677,52.687369300884555
2653,260822195835,1669,52.41220770684936
2654,260822200020,1657,51.99946531579654
2655,260822200205,1646,51.62111812399812
2656,260822200350,1653,51.861884518778936
2657,260822200535,1639,51.38035172921733
2658,260822200720,1643,51.51793252623494
2659,260822200905,1626,50.93321413891011
2660,260822201050,1651,51.79309412027013
2661,260822201235,1651,51.79309412027013
2662,260822201420,1680,52.790554898647756
2663,260822201605,1693,53.23769248895498
2664,260822201750,1696,53.34087808671818
2665,260822201935,1699,53.444063684481385
2666,260822202120,1700,53.47845888373577
2667,260822202305,1702,53.54724928224457
2668,260822202450,1703,53.58164448149898
2669,260822202635,1704,53.616039680753374
2670,260822202820,1705,53.65043488000778
2671,260822203005,1705,53.65043488000778
2672,260822203150,1681,52.82495009790216
2673,260822203335,1673,52.54978850386695
2674,260822203520,1655,51.93067491728774
2675,260822203705,1659,52.068255714305344
2676,260822203850,1634,51.20837573294532
2677,260822204035,1638,51.345956529962926
2678,260822204220,1640,51.41474692847173
2679,260822204405,1639,51.38035172921733
2680,260822204551,1637,51.31156133070853
2681,260822204736,1630,51.070794935927715
2682,260822204921,1635,51.242770932199726
2683,260822205106,1624,50.86442374040131
2684,260822205251,1608,50.3141005523309
2685,260822205436,1614,50.52047174785731
2686,260822205621,1591,49.72938216500608
2687,260822205806,1581,49.38543017246208
2688,260822205951,1562,48.731921386628464
2689,260822210136,1570,49.00708298066366
2690,260822210321,1577,49.247849375444474
2691,260822210506,1569,48.97268778140926
2692,260822210651,1554,48.45675979259325
2693,260822210836,1578,49.28224457469887
2694,260822211021,1592,49.76377736426048
2695,260822211206,1590,49.69498696575169
2696,260822211351,1583,49.45422057097088
2697,260822211536,1556,48.525550191102056
2698,260822211721,1573,49.11026857842687
2699,260822211906,1567,48.90389738290046
2700,260822212051,1569,48.97268778140926
2701,260822212236,1554,48.45675979259325
2702,260822212421,1554,48.45675979259325
2703,260822212606,1563,48.76631658588287
2704,260822212751,1555,48.49115499184766
2705,260822212936,1579,49.31663977395328
2706,260822213121,1565,48.83510698439166
2707,260822213306,1574,49.14466377768127
2708,260822213451,1575,49.17905897693567
2709,260822213636,1585,49.523010969479685
2710,260822213821,1575,49.17905897693567
2711,260822214006,1547,48.21599339781245
2712,260822214151,1565,48.83510698439166
2713,260822214336,1553,48.422364593338855
2714,260822214521,1558,48.59434058961086
2715,260822214706,1541,48.00962220228604
2716,260822214851,1538,47.90643660452283
2717,260822215036,1524,47.424903814961226
2718,260822215221,1537,47.87204140526843
2719,260822215406,1528,47.56248461197884
2720,260822215551,1528,47.56248461197884
2721,260822215736,1528,47.56248461197884
2722,260822215921,1536,47.83764620601405
2723,260822220106,1555,48.49115499184766
2724,260822220251,1547,48.21599339781245
2725,260822220436,1550,48.31917899557565
2726,260822220621,1555,48.49115499184766
2727,260822220806,1550,48.31917899557565
2728,260822220951,1548,48.250388597066845
2729,260822221136,1562,48.731921386628464
2730,260822221321,1552,48.38796939408445
2731,260822221506,1561,48.697526187374066
2732,260822221651,1563,48.76631658588287
2733,260822221836,1581,49.38543017246208
2734,260822222021,1577,49.247849375444474
2735,260822222206,1583,49.45422057097088
2736,260822222351,1586,49.55740616873408
2737,260822222536,1570,49.00708298066366
2738,260822222721,1574,49.14466377768127
2739,260822222906,1563,48.76631658588287
2740,260822223051,1555,48.49115499184766
2741,260822223236,1564,48.80071178513725
2742,260822223421,1561,48.697526187374066
2743,260822223606,1558,48.59434058961086
2744,260822223751,1557,48.55994539035646
2745,260822223936,1553,48.422364593338855
2746,260822224121,1549,48.28478379632125
2747,260822224306,1867,59.22245715922071
2748,260822224451,1860,58.98169076443992
2749,260822224636,1820,57.60588279426388
2750,260822224821,1836,58.1562059823343
2751,260822225006,1835,58.1218107830799
2752,260822225151,1828,57.88104438829909
2753,260822225336,1819,57.57148759500948
2754,260822225521,1819,57.57148759500948
2755,260822225706,1800,56.917978809175864
2756,260822225851,1797,56.81479321141266
2757,260822230036,1792,56.64281721514065
2758,260822230221,1769,55.85172763228944
2759,260822230406,1780,56.23007482408785
2760,260822230551,1803,57.02116440693907
2761,260822230736,1789,56.53963161737745
2762,260822230921,1783,56.333260421851044
2763,260822231106,1778,56.16128442557905
2764,260822231251,1772,55.95491323005264
2765,260822231436,1767,55.782937233780636
2766,260822231621,1762,55.610961237508626
2767,260822231806,1757,55.43898524123662
2768,260822231951,1753,55.30140444421903
2769,260822232136,1748,55.12942844794702
2770,260822232321,1744,54.991847650929415
2771,260822232506,1739,54.81987165465741
2772,260822232652,1735,54.682290857639806
2773,260822232837,1730,54.510314861367796
2774,260822233022,1726,54.372734064350205
2775,260822233207,1722,54.2351532673326
2776,260822233352,1719,54.1319676695694
2777,260822233537,1715,53.99438687255179
2778,260822233722,1711,53.85680607553419
2779,260822233907,1708,53.75362047777098
2780,260822234052,1704,53.616039680753374
2781,260822234237,1701,53.512854082990174
2782,260822234422,1698,53.40966848522698
2783,260822234607,1695,53.30648288746378
2784,260822234752,1692,53.20329728970057
2785,260822234937,1690,53.13450689119177
2786,260822235122,1687,53.03132129342857
2787,260822235307,1684,52.92813569566536
2788,260822235452,1682,52.85934529715656
2789,260822235637,1679,52.75615969939336
2790,260822235822,1699,53.444063684481385
2791,260823000007,1673,52.54978850386695
2792,260823000152,1680,52.790554898647756
2793,260823000337,1679,52.75615969939336
2794,260823000522,1670,52.446602906103756
2795,260823000707,1654,51.896279718033334
2796,260823000852,1655,51.93067491728774
2797,260823001037,1659,52.068255714305344
2798,260823001222,1654,51.896279718033334
2799,260823001407,1627,50.967609338164515
2800,260823001552,1642,51.48353732698053
2801,260823001737,1646,51.62111812399812
2802,260823001922,1643,51.51793252623494
2803,260823002107,1642,51.48353732698053
2804,260823002252,1628,51.00200453741891
2805,260823002437,1627,50.967609338164515
2806,260823002622,1630,51.070794935927715
2807,260823002807,1632,51.13958533443652
2808,260823002952,1617,50.623657345620515
2809,260823003137,1614,50.52047174785731
2810,260823003322,1605,50.2109149545677
2811,260823003507,1598,49.970148559786885
2812,260823003652,1613,50.48607654860291
2813,260823003837,1597,49.93575336053249
2814,260823004022,1593,49.79817256351488
2815,260823004207,1588,49.626196567242886
2816,260823004352,1584,49.48861577022528
2817,260823004537,1579,49.31663977395328
2818,260823004722,1574,49.14466377768127
2819,260823004907,1570,49.00708298066366
2820,260823005052,1566,48.869502183646055
2821,260823005237,1572,49.075873379172464
2822,260823005422,1576,49.21345417619007
2823,260823005607,1579,49.31663977395328
2824,260823005752,1569,48.97268778140926
2825,260823005937,1573,49.11026857842687
2826,260823010122,1572,49.075873379172464
2827,260823010307,1572,49.075873379172464
2828,260823010452,1571,49.041478179918066
2829,260823010637,1571,49.041478179918066
2830,260823010822,1571,49.041478179918066
2831,260823011007,1570,49.00708298066366
2832,260823011152,1570,49.00708298066366
2833,260823011337,1569,48.97268778140926
2834,260823011522,1568,48.93829258215486
2835,260823011707,1568,48.93829258215486
2836,260823011852,1567,48.90389738290046
2837,260823012037,1567,48.90389738290046
2838,260823012222,1567,48.90389738290046
2839,260823012407,1566,48.869502183646055
2840,260823012552,1566,48.869502183646055
2841,260823012737,1565,48.83510698439166
2842,260823012922,1565,48.83510698439166
2843,260823013107,1565,48.83510698439166
2844,260823013252,1564,48.80071178513725
2845,260823013437,1564,48.80071178513725
2846,260823013622,1564,48.80071178513725
2847,260823013807,1563,48.76631658588287
2848,260823013952,1563,48.76631658588287
2849,260823014137,1562,48.731921386628464
2850,260823014322,1562,48.731921386628464
2851,260823014507,1562,48.731921386628464
2852,260823014652,1561,48.697526187374066
2853,260823014837,1561,48.697526187374066
2854,260823015022,1561,48.697526187374066
2855,260823015207,1560,48.66313098811966
2856,260823015352,1560,48.66313098811966
2857,260823015537,1560,48.66313098811966
2858,260823015722,1559,48.628735788865264
2859,260823015907,1559,48.628735788865264
2860,260823020052,1559,48.628735788865264
2861,260823020237,1558,48.59434058961086
2862,260823020422,1558,48.59434058961086
2863,260823020607,1557,48.55994539035646
2864,260823020752,1557,48.55994539035646
2865,260823020938,1557,48.55994539035646
2866,260823021123,1557,48.55994539035646
2867,260823021308,1556,48.525550191102056
2868,260823021453,1556,48.525550191102056
2869,260823021638,1556,48.525550191102056
2870,260823021823,1555,48.49115499184766
2871,260823022008,1555,48.49115499184766
2872,260823022153,1555,48.49115499184766
2873,260823022338,1555,48.49115499184766
2874,260823022523,1555,48.49115499184766
2875,260823022708,1555,48.49115499184766
2876,260823022853,1555,48.49115499184766
2877,260823023038,1554,48.45675979259325
2878,260823023223,1554,48.45675979259325
2879,260823023408,1554,48.45675979259325
2880,260823023553,1554,48.45675979259325
2881,260823023738,1554,48.45675979259325
2882,260823023923,1554,48.45675979259325
2883,260823024108,1554,48.45675979259325
2884,260823024253,1553,48.422364593338855
2885,260823024438,1553,48.422364593338855
2886,260823024623,1553,48.422364593338855
2887,260823024808,1553,48.422364593338855
2888,260823024953,1553,48.422364593338855
2889,260823025138,1553,48.422364593338855
2890,260823025323,1552,48.38796939408445
2891,260823025508,1552,48.38796939408445
2892,260823025653,1552,48.38796939408445
2893,260823025838,1552,48.38796939408445
2894,260823030023,1552,48.38796939408445
2895,260823030208,1552,48.38796939408445
2896,260823030353,1552,48.38796939408445
2897,260823030538,1552,48.38796939408445
2898,260823030723,1552,48.38796939408445
2899,260823030908,1553,48.422364593338855
2900,260823031053,1552,48.38796939408445
2901,260823031238,1552,48.38796939408445
2902,260823031423,1540,47.975227003031634
2903,260823031608,1546,48.18159819855804
2904,260823031753,1544,48.11280780004924
2905,260823031938,1546,48.18159819855804
2906,260823032123,1521,47.321718217198026
2907,260823032308,1533,47.73446060825084
2908,260823032453,1519,47.25292781868922
2909,260823032638,1522,47.35611341645242
2910,260823032823,1522,47.35611341645242
2911,260823033008,1523,47.39050861570683
2912,260823033153,1520,47.28732301794362
2913,260823033338,1512,47.01216142390841
2914,260823033523,1519,47.25292781868922
2915,260823033708,1517,47.18413742018042
2916,260823033853,1513,47.046556623162815
2917,260823034038,1507,46.84018542763642
2918,260823034223,1504,46.73699982987322
2919,260823034408,1494,46.393047837329206
2920,260823034553,1471,45.601958254477985
2921,260823034738,1502,46.66820943136442
2922,260823034923,1505,46.77139502912762
2923,260823035108,1521,47.321718217198026
2924,260823035253,1504,46.73699982987322
2925,260823035438,1497,46.49623343509241
2926,260823035623,1499,46.56502383360121
2927,260823035808,1498,46.53062863434681
2928,260823035953,1469,45.53316785596918
2929,260823040138,1450,44.879659070135574
2930,260823040323,1491,46.289862239566
2931,260823040508,1466,45.42998225820598
2932,260823040653,1447,44.776473472372366
2933,260823040838,1490,46.2554670403116
2934,260823041023,1491,46.289862239566
2935,260823041208,1490,46.2554670403116
2936,260823041353,1488,46.1866766418028
2937,260823041538,1488,46.1866766418028
2938,260823102043,1440,44.53570707759156
2939,260823102228,1435,44.36373108131955
2940,260823102413,1410,43.50385109995953
2941,260823102558,1434,44.32933588206515
2942,260823102743,1433,44.29494068281075
2943,260823102928,1432,44.26054548355635
2944,260823103113,1444,44.673287874609166
2945,260823103258,1406,43.36627030294193
2946,260823103443,1441,44.57010227684596
2947,260823103628,1426,44.054174288029955
2948,260823103813,1421,43.882198291757945
2949,260823103958,1420,43.84780309250355
2950,260823104143,1418,43.779012693994744
2951,260823104328,1412,43.572641498468336
2952,260823104513,1405,43.33187510368752
2953,260823104658,1403,43.26308470517872
2954,260823104843,1346,41.30255834767787
2955,260823105028,1408,43.43506070145073
2956,260823105213,1412,43.572641498468336
2957,260823105358,1413,43.607036697722734
2958,260823105543,1413,43.607036697722734
2959,260823105728,1413,43.607036697722734
2960,260823105913,1413,43.607036697722734
2961,260823110059,1414,43.64143189697714
2962,260823110244,1414,43.64143189697714
2963,260823110429,1415,43.67582709623154
2964,260823110614,1415,43.67582709623154
2965,260823110759,1416,43.71022229548594
2966,260823110944,1417,43.74461749474034
2967,260823111129,1417,43.74461749474034
2968,260823111314,1418,43.779012693994744
2969,260823111459,1418,43.779012693994744
2970,260823111644,1419,43.81340789324914
2971,260823111829,1418,43.779012693994744
2972,260823112014,1401,43.19429430666992
2973,260823112159,1385,42.64397111859951
2974,260823112344,1411,43.53824629921393
2975,260823112529,1413,43.607036697722734
2976,260823112714,1415,43.67582709623154
2977,260823112859,1417,43.74461749474034
2978,260823113044,1420,43.84780309250355
2979,260823113229,1423,43.95098869026675
2980,260823113414,1424,43.98538388952115
2981,260823113559,1426,44.054174288029955
2982,260823113744,1427,44.08856948728434
2983,260823113929,1428,44.122964686538744
2984,260823114114,1429,44.15735988579314
2985,260823114259,1431,44.226150284301944
2986,260823114444,1432,44.26054548355635
2987,260823114629,1434,44.32933588206515
2988,260823114814,1435,44.36373108131955
2989,260823114959,1435,44.36373108131955
2990,260823115144,1422,43.91659349101235
2991,260823115329,1426,44.054174288029955
2992,260823115514,1400,43.15989910741552
2993,260823115659,1407,43.400665502196325
2994,260823115844,1389,42.781551915617115
2995,260823120029,1400,43.15989910741552
2996,260823120214,1412,43.572641498468336
2997,260823120359,1409,43.46945590070513
2998,260823120544,1399,43.12550390816113
2999,260823120729,1341,41.13058235140588
3000,260823120914,1321,40.44267836631785
3001,260823121059,1332,40.82102555811627
3002,260823121244,1316,40.27070237004586
3003,260823121429,1321,40.44267836631785
3004,260823121614,1278,38.96368479837862
3005,260823121944,1256,38.20699041478181
3006,260823122129,1298,39.651588783466636
3007,260823122314,1282,39.10126559539623
3008,260823122459,1280,39.032475196887425
3009,260823122644,1253,38.1038048170186
3010,260823122829,1262,38.413361610308215
3011,260823123014,1246,37.86303842223779
3012,260823123159,1228,37.24392483565858
3013,260823123344,1268,38.61973280583461
3014,260823123529,1267,38.585337606580204
3015,260823123714,1268,38.61973280583461
3016,260823123859,1261,38.37896641105381
3017,260823124044,1263,38.4477568095626
3018,260823124229,1268,38.61973280583461
3019,260823124414,1272,38.757313602852214
3020,260823124559,1276,38.89489439986982
3021,260823124744,1280,39.032475196887425
3022,260823124929,1283,39.135660794650626
3023,260823125114,1287,39.27324159166823
3024,260823125259,1290,39.37642718943144
3025,260823125444,1293,39.479612787194625
3026,260823125629,1296,39.58279838495783
3027,260823125814,1298,39.651588783466636
3028,260823125959,1301,39.754774381229836
3029,260823130144,1304,39.857959978993044
3030,260823130329,1294,39.51400798644903
3031,260823130514,1221,37.00315844087777
3032,260823130659,1278,38.96368479837862
3033,260823130659,1278,38.96368479837862
3034,260823130844,1297,39.61719358421223
3035,260823131029,1238,37.58787682820258
3036,260823131214,1258,38.27578081329061
3037,260823131359,1266,38.550942407325806
3038,260823131544,1273,38.79170880210661
3039,260823131729,1271,38.72291840359781
3040,260823131914,1240,37.656667226711384
3041,260823132059,1242,37.72545762522019
3042,260823132244,1259,38.31017601254501
3043,260823132429,1254,38.138200016273004
3044,260823132614,1272,38.757313602852214
3045,260823132759,1254,38.138200016273004
3046,260823132944,1258,38.27578081329061
3047,260823133129,1259,38.31017601254501
3048,260823133314,1298,39.651588783466636
3049,260823133459,1312,40.133121573028255
3050,260823133644,1310,40.06433117451945
3051,260823133829,1313,40.16751677228265
3052,260823134014,1312,40.133121573028255
3053,260823134159,1319,40.37388796780905
3054,260823134345,1303,39.82356477973864
3055,260823134530,1265,38.5165472080714
3056,260823134715,1310,40.06433117451945
3057,260823134900,1318,40.33949276855465
3058,260823135045,1317,40.30509756930026
3059,260823135230,1314,40.20191197153706
3060,260823135415,1313,40.16751677228265
3061,260823135600,1313,40.16751677228265
3062,260823135745,1313,40.16751677228265
3063,260823135930,1313,40.16751677228265
3064,260823140115,1314,40.20191197153706
3065,260823140300,1316,40.27070237004586
3066,260823140445,1317,40.30509756930026
3067,260823140630,1317,40.30509756930026
3068,260823140815,1315,40.236307170791456
3069,260823141000,1313,40.16751677228265
3070,260823141145,1312,40.133121573028255
3071,260823141330,1311,40.09872637377385
3072,260823141515,1310,40.06433117451945
3073,260823141700,1309,40.02993597526505
3074,260823141845,1308,39.99554077601065
3075,260823142030,1307,39.961145576756245
3076,260823142215,1306,39.92675037750185
3077,260823142400,1305,39.89235517824744
3078,260823142545,1298,39.651588783466636
3079,260823142730,1305,39.89235517824744
3080,260823142915,1294,39.51400798644903
3081,260823143100,1284,39.17005599390503
3082,260823143245,1282,39.10126559539623
3083,260823143430,1281,39.06687039614182
3084,260823143615,1266,38.550942407325806
3085,260823143800,1252,38.0694096177642
3086,260823143945,1249,37.96622402000099
3087,260823144130,1218,36.89997284311457
3088,260823144315,1257,38.241385614036204
3089,260823144500,1230,37.312715234167385
3090,260823144645,1233,37.415900831930585
3091,260823144830,1201,36.31525445578976
3092,260823145015,1189,35.90251206473694
3093,260823145200,1201,36.31525445578976
3094,260823145345,1157,34.801865688596116
3095,260823145530,1181,35.62735047070175
3096,260823145715,1185,35.764931267719334
3097,260823145900,1189,35.90251206473694
3098,260823150045,1165,35.07702728263133
3099,260823150230,1171,35.283398478157736
3100,260823150415,1158,34.836260887850514
3101,260823150600,1122,33.59803371469209
3102,260823150745,1121,33.56363851543769
3103,260823150930,1128,33.804404910218494
3104,260823151115,1122,33.59803371469209
3105,260823151300,1127,33.77000971096409
3106,260823151445,1127,33.77000971096409
3107,260823151630,1130,33.87319530872729
3108,260823151815,1132,33.94198570723609
3109,260823152000,1136,34.0795665042537
3110,260823152145,1139,34.182752102016906
3111,260823152330,1143,34.32033289903451
3112,260823152515,1148,34.492308895306515
3113,260823152700,1153,34.664284891578525
3114,260823152845,1158,34.836260887850514
3115,260823153030,1165,35.07702728263133
3116,260823153215,1171,35.283398478157736
3117,260823153400,1178,35.52416487293854
3118,260823153545,1183,35.69614086921053
3119,260823153730,1102,32.91012972960407
3120,260823153915,1150,34.56109929381532
3121,260823154100,1140,34.217147301271304
3122,260823154245,1135,34.0451713049993
3123,260823154430,1113,33.28847692140248
3124,260823154615,1126,33.7356145117097
3125,260823154800,1094,32.63496813556887
3126,260823154945,1133,33.9763809064905
3127,260823155130,1147,34.45791369605212
3128,260823155315,1107,33.082105725876076
3129,260823155500,1100,32.84133933109527
3130,260823155645,1089,32.46299213929686
3131,260823155830,1124,33.666824113200896
3132,260823160015,1156,34.76747048934171
3133,260823160200,1161,34.93944648561372
3134,260823160345,1162,34.97384168486812
3135,260823160530,1139,34.182752102016906
3136,260823160715,1120,33.52924331618329
3137,260823160900,1129,33.83880010947289
3138,260823161045,1130,33.87319530872729
3139,260823161230,1177,35.489769673684144
3140,260823161415,1176,35.45537447442974
3141,260823161600,1121,33.56363851543769
3142,260823161745,1158,34.836260887850514
3143,260823161930,1152,34.62988969232412
3144,260823162115,1156,34.76747048934171
3145,260823162300,1136,34.0795665042537
3146,260823162446,1134,34.010776105744895
3147,260823162631,1131,33.907590507981695
3148,260823162816,1154,34.69868009083291
3149,260823163001,1156,34.76747048934171
3150,260823163146,1156,34.76747048934171
3151,260823163331,1137,34.1139617035081
3152,260823163516,1151,34.59549449306972
3153,260823163701,1162,34.97384168486812
3154,260823163846,1164,35.04263208337692
3155,260823164031,1166,35.111422481885725
3156,260823164216,1169,35.21460807964893
3157,260823164401,1172,35.31779367741213
3158,260823164546,1174,35.386584075920936
3159,260823164731,1176,35.45537447442974
3160,260823164916,1179,35.55856007219295
3161,260823165101,1181,35.62735047070175
3162,260823165246,1183,35.69614086921053
3163,260823165431,1184,35.730536068464936
3164,260823165616,1185,35.764931267719334
3165,260823165801,1185,35.764931267719334
3166,260823165946,1186,35.79932646697374
3167,260823170131,1187,35.833721666228136
3168,260823170316,1188,35.86811686548254
3169,260823170501,1187,35.833721666228136
3170,260823170646,1188,35.86811686548254
3171,260823170831,1188,35.86811686548254
3172,260823171016,1189,35.90251206473694
3173,260823171201,1190,35.936907263991344
3174,260823171346,1190,35.936907263991344
3175,260823171531,1191,35.97130246324574
3176,260823171716,1190,35.936907263991344
3177,260823171901,1190,35.936907263991344
3178,260823172046,1190,35.936907263991344
3179,260823172231,1187,35.833721666228136
3180,260823172416,1181,35.62735047070175
3181,260823172601,1179,35.55856007219295
3182,260823172746,1178,35.52416487293854
3183,260823172931,1176,35.45537447442974
3184,260823173116,1177,35.489769673684144
3185,260823173301,1182,35.66174566995613
3186,260823173446,1178,35.52416487293854
3187,260823173631,1178,35.52416487293854
3188,260823173816,1177,35.489769673684144
3189,260823174001,1175,35.42097927517534
3190,260823174146,1174,35.386584075920936
3191,260823174331,1174,35.386584075920936
3192,260823174516,1174,35.386584075920936
3193,260823174701,1174,35.386584075920936
3194,260823174846,1171,35.283398478157736
3195,260823175031,1168,35.18021288039453
3196,260823175216,1165,35.07702728263133
3197,260823175401,1164,35.04263208337692
3198,260823175546,1169,35.21460807964893
3199,260823175731,1169,35.21460807964893
3200,260823175916,1168,35.18021288039453
3201,260823180101,1168,35.18021288039453
3202,260823180246,1168,35.18021288039453
3203,260823180431,1167,35.14581768114013
3204,260823180616,1166,35.111422481885725
3205,260823180801,1165,35.07702728263133
3206,260823180946,1165,35.07702728263133
3207,260823181131,1164,35.04263208337692
3208,260823181316,1162,34.97384168486812
3209,260823181501,1161,34.93944648561372
3210,260823181646,1158,34.836260887850514
3211,260823181831,1163,35.008236884122525
3212,260823182016,1164,35.04263208337692
3213,260823182201,1164,35.04263208337692
3214,260823182346,1163,35.008236884122525
3215,260823182531,1164,35.04263208337692
3216,260823182716,1164,35.04263208337692
3217,260823182901,1164,35.04263208337692
3218,260823183046,1163,35.008236884122525
3219,260823183231,1163,35.008236884122525
3220,260823183416,1162,34.97384168486812
3221,260823183601,1162,34.97384168486812
3222,260823183746,1161,34.93944648561372
3223,260823183931,1160,34.90505128635932
3224,260823184116,1152,34.62988969232412
3225,260823184301,1153,34.664284891578525
3226,260823184446,1146,34.42351849679771
3227,260823184631,1135,34.0451713049993
3228,260823184816,1142,34.285937699780106
3229,260823185001,1140,34.217147301271304
3230,260823185146,1138,34.1483569027625
3231,260823185331,1136,34.0795665042537
3232,260823185516,1131,33.907590507981695
3233,260823185701,1142,34.285937699780106
3234,260823185846,1142,34.285937699780106
3235,260823190031,1142,34.285937699780106
3236,260823190216,1143,34.32033289903451
3237,260823190401,1143,34.32033289903451
3238,260823190546,1143,34.32033289903451
3239,260823190732,1143,34.32033289903451
3240,260823190917,1144,34.35472809828891
3241,260823191102,1145,34.389123297543314
3242,260823191247,1145,34.389123297543314
3243,260823191432,1145,34.389123297543314
3244,260823191617,1146,34.42351849679771
3245,260823191802,1146,34.42351849679771
3246,260823191947,1147,34.45791369605212
3247,260823192132,1147,34.45791369605212
3248,260823192317,1148,34.492308895306515
3249,260823192502,1148,34.492308895306515
3250,260823192647,1149,34.52670409456092
3251,260823192832,1149,34.52670409456092
3252,260823193017,1150,34.56109929381532
3253,260823193202,1151,34.59549449306972
3254,260823193347,1152,34.62988969232412
3255,260823193532,1152,34.62988969232412
3256,260823193717,1153,34.664284891578525
3257,260823193902,1153,34.664284891578525
3258,260823194047,1154,34.69868009083291
3259,260823194232,1145,34.389123297543314
3260,260823194417,1155,34.733075290087314
3261,260823194602,1154,34.69868009083291
3262,260823194747,1154,34.69868009083291
3263,260823194932,1155,34.733075290087314
3264,260823195117,1155,34.733075290087314
3265,260823195302,1155,34.733075290087314
3266,260823195447,1156,34.76747048934171
3267,260823195632,1157,34.801865688596116
3268,260823195817,1157,34.801865688596116
3269,260823200002,1158,34.836260887850514
3270,260823200147,1158,34.836260887850514
3271,260823200332,1159,34.87065608710492
3272,260823200517,1159,34.87065608710492
3273,260823200517,1159,34.87065608710492
3274,260823200517,1159,34.87065608710492
3275,260823200517,1159,34.87065608710492
3276,260823200517,1159,34.87065608710492
3277,260823200517,1159,34.87065608710492
3278,260823200702,1159,34.87065608710492
3279,260823200847,1159,34.87065608710492
3280,260823201032,1160,34.90505128635932
3281,260823201217,1160,34.90505128635932
3282,260823201402,1160,34.90505128635932
3283,260823201547,1160,34.90505128635932
3284,260823201732,1160,34.90505128635932
3285,260823201917,1160,34.90505128635932
3286,260823202102,1160,34.90505128635932
3287,260823202247,1160,34.90505128635932
3288,260823202432,1160,34.90505128635932
3289,260823202617,1161,34.93944648561372
3290,260823202802,1161,34.93944648561372
3291,260823202947,1161,34.93944648561372
3292,260823203132,1162,34.97384168486812
3293,260823203317,1162,34.97384168486812
3294,260823203502,1161,34.93944648561372
3295,260823203647,1162,34.97384168486812
3296,260823203832,1162,34.97384168486812
3297,260823204017,1162,34.97384168486812
3298,260823204202,1162,34.97384168486812
3299,260823204347,1162,34.97384168486812
3300,260823204532,1163,35.008236884122525
3301,260823204717,1164,35.04263208337692
3302,260823204902,1164,35.04263208337692
3303,260823205047,1165,35.07702728263133
3304,260823205232,1165,35.07702728263133
3305,260823205417,1166,35.111422481885725
3306,260823205602,1166,35.111422481885725
3307,260823205747,1167,35.14581768114013
3308,260823205932,1167,35.14581768114013
3309,260823210117,1167,35.14581768114013
3310,260823210302,1167,35.14581768114013
3311,260823210447,1167,35.14581768114013
3312,260823210632,1167,35.14581768114013
3313,260823210817,1167,35.14581768114013
3314,260823211002,1167,35.14581768114013
3315,260823211147,1167,35.14581768114013
3316,260823211332,1167,35.14581768114013
3317,260823211517,1167,35.14581768114013
3318,260823211702,1167,35.14581768114013
3319,260823211847,1167,35.14581768114013
3320,260823212032,1167,35.14581768114013
3321,260823212217,1167,35.14581768114013
3322,260823212402,1167,35.14581768114013
3323,260823212547,1167,35.14581768114013
3324,260823212732,1167,35.14581768114013
3325,260823212917,1159,34.87065608710492
3326,260823213102,1162,34.97384168486812
3327,260823213247,1163,35.008236884122525
3328,260823213432,1164,35.04263208337692
3329,260823213617,1165,35.07702728263133
3330,260823213802,1166,35.111422481885725
3331,260823213947,1167,35.14581768114013
3332,260823214132,1168,35.18021288039453
3333,260823214317,1169,35.21460807964893
3334,260823214502,1170,35.24900327890333
3335,260823214648,1171,35.283398478157736
3336,260823214833,1172,35.31779367741213
3337,260823215018,1172,35.31779367741213
3338,260823215203,1173,35.35218887666654
3339,260823215348,1174,35.386584075920936
3340,260823215533,1174,35.386584075920936
3341,260823215718,1175,35.42097927517534
3342,260823215903,1175,35.42097927517534
3343,260823220048,1176,35.45537447442974
3344,260823220233,1176,35.45537447442974
3345,260823220418,1177,35.489769673684144
3346,260823220603,1177,35.489769673684144
3347,260823220748,1177,35.489769673684144
3348,260823220933,1178,35.52416487293854
3349,260823221118,1178,35.52416487293854
3350,260823221303,1178,35.52416487293854
3351,260823221448,1179,35.55856007219295
3352,260823221633,1179,35.55856007219295
3353,260823221818,1179,35.55856007219295
3354,260823222003,1179,35.55856007219295
3355,260823222148,1179,35.55856007219295
3356,260823222333,1179,35.55856007219295
3357,260823222518,1180,35.592955271447345
3358,260823222703,1180,35.592955271447345
3359,260823222848,1180,35.592955271447345
3360,260823223033,1180,35.592955271447345
3361,260823223218,1180,35.592955271447345
3362,260823223403,1181,35.62735047070175
3363,260823223548,1181,35.62735047070175
3364,260823223733,1181,35.62735047070175
3365,260823223918,1181,35.62735047070175
3366,260823224103,1181,35.62735047070175
3367,260823224248,1181,35.62735047070175
3368,260823224433,1181,35.62735047070175
3369,260823224618,1181,35.62735047070175
3370,260823224803,1181,35.62735047070175
3371,260823224948,1181,35.62735047070175
3372,260823225133,1181,35.62735047070175
3373,260823225318,1182,35.66174566995613
3374,260823225503,1182,35.66174566995613
3375,260823225648,1182,35.66174566995613
3376,260823225833,1182,35.66174566995613
3377,260823230018,1182,35.66174566995613
3378,260823230203,1182,35.66174566995613
3379,260823230348,1182,35.66174566995613
3380,260823230533,1182,35.66174566995613
3381,260823230718,1182,35.66174566995613
3382,260823230903,1182,35.66174566995613
3383,260823231048,1182,35.66174566995613
3384,260823231233,1182,35.66174566995613
3385,260823231418,1182,35.66174566995613
3386,260823231603,1182,35.66174566995613
3387,260823231748,1182,35.66174566995613
3388,260823231933,1182,35.66174566995613
3389,260823232118,1182,35.66174566995613
3390,260823232303,1182,35.66174566995613
3391,260823232448,1182,35.66174566995613
3392,260823232633,1182,35.66174566995613
3393,260823232818,1182,35.66174566995613
3394,260823233003,1182,35.66174566995613
3395,260823233148,1182,35.66174566995613
3396,260823233333,1182,35.66174566995613
3397,260823233518,1182,35.66174566995613
3398,260823233703,1182,35.66174566995613
3399,260823233848,1182,35.66174566995613
3400,260823234033,1182,35.66174566995613
3401,260823234218,1181,35.62735047070175
3402,260823234403,1181,35.62735047070175
3403,260823234548,1181,35.62735047070175
3404,260823234733,1180,35.592955271447345
3405,260823234918,1180,35.592955271447345
3406,260823235103,1179,35.55856007219295
3407,260823235248,1179,35.55856007219295
3408,260823235433,1178,35.52416487293854
3409,260823235618,1178,35.52416487293854
3410,260823235803,1177,35.489769673684144
3411,260823235948,1176,35.45537447442974
3412,260824000133,1176,35.45537447442974
3413,260824000318,1175,35.42097927517534
3414,260824000503,1175,35.42097927517534
3415,260824000648,1174,35.386584075920936
3416,260824000833,1174,35.386584075920936
3417,260824001018,1174,35.386584075920936
3418,260824001203,1173,35.35218887666654
3419,260824001348,1173,35.35218887666654
3420,260824001533,1172,35.31779367741213
3421,260824001718,1172,35.31779367741213
3422,260824001903,1171,35.283398478157736
3423,260824002048,1171,35.283398478157736
3424,260824002233,1171,35.283398478157736
3425,260824002418,1170,35.24900327890333
3426,260824002603,1170,35.24900327890333
3427,260824002748,1169,35.21460807964893
3428,260824002934,1169,35.21460807964893
3429,260824003119,1168,35.18021288039453
3430,260824003304,1168,35.18021288039453
3431,260824003449,1168,35.18021288039453
3432,260824003634,1168,35.18021288039453
3433,260824003819,1167,35.14581768114013
3434,260824004004,1167,35.14581768114013
3435,260824004149,1167,35.14581768114013
3436,260824004334,1166,35.111422481885725
3437,260824004519,1166,35.111422481885725
3438,260824004704,1166,35.111422481885725
3439,260824004849,1166,35.111422481885725
3440,260824005034,1165,35.07702728263133
3441,260824005219,1165,35.07702728263133
3442,260824005404,1165,35.07702728263133
3443,260824005549,1165,35.07702728263133
3444,260824005734,1164,35.04263208337692
3445,260824005919,1164,35.04263208337692
3446,260824010104,1164,35.04263208337692
3447,260824010249,1164,35.04263208337692
3448,260824010434,1164,35.04263208337692
3449,260824010619,1163,35.008236884122525
3450,260824010804,1163,35.008236884122525
3451,260824010949,1163,35.008236884122525
3452,260824011134,1163,35.008236884122525
3453,260824011319,1163,35.008236884122525
3454,260824011504,1162,34.97384168486812
3455,260824011649,1162,34.97384168486812
3456,260824011834,1162,34.97384168486812
3457,260824012019,1162,34.97384168486812
3458,260824012204,1162,34.97384168486812
3459,260824012349,1161,34.93944648561372
3460,260824012534,1161,34.93944648561372
3461,260824012719,1161,34.93944648561372
3462,260824012904,1161,34.93944648561372
3463,260824013049,1161,34.93944648561372
3464,260824013234,1161,34.93944648561372
3465,260824013419,1161,34.93944648561372
3466,260824013604,1161,34.93944648561372
3467,260824013749,1161,34.93944648561372
3468,260824013934,1161,34.93944648561372
3469,260824014119,1160,34.90505128635932
3470,260824014304,1160,34.90505128635932
3471,260824014449,1160,34.90505128635932
3472,260824014634,1160,34.90505128635932
3473,260824014819,1160,34.90505128635932
3474,260824015004,1160,34.90505128635932
3475,260824015149,1160,34.90505128635932
3476,260824015334,1160,34.90505128635932
3477,260824015519,1159,34.87065608710492
3478,260824015704,1159,34.87065608710492
3479,260824015849,1159,34.87065608710492
3480,260824020034,1159,34.87065608710492
3481,260824020219,1159,34.87065608710492
3482,260824020404,1159,34.87065608710492
3483,260824020549,1159,34.87065608710492
3484,260824020734,1159,34.87065608710492
3485,260824020919,1159,34.87065608710492
3486,260824021104,1159,34.87065608710492
3487,260824021249,1159,34.87065608710492
3488,260824021434,1159,34.87065608710492
3489,260824021619,1159,34.87065608710492
3490,260824021804,1159,34.87065608710492
3491,260824021949,1159,34.87065608710492
3492,260824022134,1159,34.87065608710492
3493,260824022319,1159,34.87065608710492
3494,260824022504,1159,34.87065608710492
3495,260824022649,1159,34.87065608710492
3496,260824022834,1159,34.87065608710492
3497,260824023019,1159,34.87065608710492
3498,260824023204,1159,34.87065608710492
3499,260824023349,1159,34.87065608710492
3500,260824023534,1159,34.87065608710492
3501,260824023719,1159,34.87065608710492
3502,260824023904,1159,34.87065608710492
3503,260824024049,1159,34.87065608710492
3504,260824024234,1159,34.87065608710492
3505,260824024419,1159,34.87065608710492
3506,260824024604,1159,34.87065608710492
3507,260824024749,1159,34.87065608710492
3508,260824024934,1159,34.87065608710492
3509,260824025119,1159,34.87065608710492
3510,260824025304,1159,34.87065608710492
3511,260824025449,1159,34.87065608710492
3512,260824025634,1159,34.87065608710492
3513,260824025819,1159,34.87065608710492
3514,260824030004,1159,34.87065608710492
3515,260824030149,1159,34.87065608710492
3516,260824030334,1159,34.87065608710492
3517,260824030519,1159,34.87065608710492
3518,260824030704,1159,34.87065608710492
3519,260824030849,1159,34.87065608710492
3520,260824031034,1159,34.87065608710492
3521,260824031220,1159,34.87065608710492
3522,260824031405,1159,34.87065608710492
3523,260824031550,1159,34.87065608710492
3524,260824031735,1158,34.836260887850514
3525,260824031920,1158,34.836260887850514
3526,260824032105,1158,34.836260887850514
3527,260824032250,1158,34.836260887850514
3528,260824032435,1158,34.836260887850514
3529,260824032620,1158,34.836260887850514
3530,260824032805,1158,34.836260887850514
3531,260824032950,1158,34.836260887850514
3532,260824033135,1158,34.836260887850514
3533,260824033320,1158,34.836260887850514
3534,260824033505,1158,34.836260887850514
3535,260824033650,1158,34.836260887850514
3536,260824033835,1158,34.836260887850514
3537,260824034020,1158,34.836260887850514
3538,260824034205,1158,34.836260887850514
3539,260824034350,1158,34.836260887850514
3540,260824034535,1159,34.87065608710492
3541,260824034720,1159,34.87065608710492
3542,260824034905,1159,34.87065608710492
3543,260824035050,1159,34.87065608710492
3544,260824035235,1159,34.87065608710492
3545,260824035420,1159,34.87065608710492
3546,260824035605,1159,34.87065608710492
3547,260824035750,1159,34.87065608710492
3548,260824035935,1159,34.87065608710492
3549,260824040120,1160,34.90505128635932
3550,260824040305,1160,34.90505128635932
3551,260824040450,1160,34.90505128635932
3552,260824040635,1160,34.90505128635932
3553,260824040820,1160,34.90505128635932
3554,260824041005,1160,34.90505128635932
3555,260824041150,1160,34.90505128635932
3556,260824041335,1160,34.90505128635932
3557,260824041520,1160,34.90505128635932
3558,260824041705,1160,34.90505128635932
3559,260824041850,1160,34.90505128635932
3560,260824042035,1160,34.90505128635932
3561,260824042220,1160,34.90505128635932
3562,260824042405,1160,34.90505128635932
3563,260824042550,1160,34.90505128635932
3564,260824042735,1160,34.90505128635932
3565,260824042920,1160,34.90505128635932
3566,260824043105,1161,34.93944648561372
3567,260824043250,1161,34.93944648561372
3568,260824043435,1161,34.93944648561372
3569,260824043620,1161,34.93944648561372
3570,260824043805,1161,34.93944648561372
3571,260824043950,1161,34.93944648561372
3572,260824044135,1161,34.93944648561372
3573,260824044320,1161,34.93944648561372
3574,260824044505,1162,34.97384168486812
3575,260824044650,1161,34.93944648561372
3576,260824044835,1161,34.93944648561372
3577,260824045020,1161,34.93944648561372
3578,260824045205,1161,34.93944648561372
3579,260824045350,1161,34.93944648561372
3580,260824045535,1161,34.93944648561372
3581,260824045720,1161,34.93944648561372
3582,260824045905,1161,34.93944648561372
3583,260824050050,1161,34.93944648561372
3584,260824050235,1161,34.93944648561372
3585,260824050420,1161,34.93944648561372
3586,260824050605,1161,34.93944648561372
3587,260824050750,1161,34.93944648561372
3588,260824050935,1161,34.93944648561372
3589,260824051120,1161,34.93944648561372
3590,260824051305,1161,34.93944648561372
3591,260824051450,1161,34.93944648561372
3592,260824051635,1161,34.93944648561372
3593,260824051820,1162,34.97384168486812
3594,260824052005,1162,34.97384168486812
3595,260824052150,1162,34.97384168486812
3596,260824052335,1162,34.97384168486812
3597,260824052520,1162,34.97384168486812
3598,260824052705,1162,34.97384168486812
3599,260824052850,1162,34.97384168486812
3600,260824053035,1162,34.97384168486812
3601,260824053220,1162,34.97384168486812
3602,260824053405,1162,34.97384168486812
3603,260824053550,1162,34.97384168486812
3604,260824053735,1162,34.97384168486812
3605,260824053920,1162,34.97384168486812
3606,260824054105,1162,34.97384168486812
3607,260824054250,1162,34.97384168486812
3608,260824054435,1162,34.97384168486812
3609,260824054620,1162,34.97384168486812
3610,260824054805,1162,34.97384168486812
3611,260824054950,1162,34.97384168486812
3612,260824055135,1162,34.97384168486812
3613,260824055321,1162,34.97384168486812
3614,260824055506,1162,34.97384168486812
3615,260824055651,1162,34.97384168486812
3616,260824055836,1162,34.97384168486812
3617,260824060021,1162,34.97384168486812
3618,260824060206,1162,34.97384168486812
3619,260824060351,1162,34.97384168486812
3620,260824060536,1162,34.97384168486812
3621,260824060721,1162,34.97384168486812
3622,260824060906,1162,34.97384168486812
3623,260824061051,1162,34.97384168486812
3624,260824061236,1162,34.97384168486812
3625,260824061421,1162,34.97384168486812
3626,260824061606,1162,34.97384168486812
3627,260824061751,1162,34.97384168486812
3628,260824061936,1162,34.97384168486812
3629,260824062121,1162,34.97384168486812
3630,260824062306,1162,34.97384168486812
3631,260824062451,1162,34.97384168486812
3632,260824062636,1162,34.97384168486812
3633,260824062821,1162,34.97384168486812
3634,260824063006,1162,34.97384168486812
3635,260824063151,1162,34.97384168486812
3636,260824063336,1162,34.97384168486812
3637,260824063521,1162,34.97384168486812
3638,260824063706,1163,35.008236884122525
3639,260824063851,1163,35.008236884122525
3640,260824064036,1163,35.008236884122525
3641,260824064221,1163,35.008236884122525
3642,260824064406,1163,35.008236884122525
3643,260824064551,1163,35.008236884122525
3644,260824064736,1163,35.008236884122525
3645,260824064921,1163,35.008236884122525
3646,260824065106,1163,35.008236884122525
3647,260824065251,1163,35.008236884122525
3648,260824065436,1163,35.008236884122525
3649,260824065621,1163,35.008236884122525
3650,260824065806,1163,35.008236884122525
3651,260824065951,1163,35.008236884122525
3652,260824070136,1163,35.008236884122525
3653,260824070321,1164,35.04263208337692
3654,260824070506,1164,35.04263208337692
3655,260824070651,1164,35.04263208337692
3656,260824070836,1164,35.04263208337692
3657,260824071021,1164,35.04263208337692
3658,260824071206,1164,35.04263208337692
3659,260824071351,1164,35.04263208337692
3660,260824071536,1164,35.04263208337692
3661,260824071721,1164,35.04263208337692
3662,260824071906,1164,35.04263208337692
3663,260824072051,1164,35.04263208337692
3664,260824072236,1164,35.04263208337692
3665,260824072421,1164,35.04263208337692
3666,260824072606,1164,35.04263208337692
3667,260824072751,1164,35.04263208337692
3668,260824072936,1165,35.07702728263133
3669,260824073121,1165,35.07702728263133
3670,260824073306,1165,35.07702728263133
3671,260824073451,1165,35.07702728263133
3672,260824073636,1165,35.07702728263133
3673,260824073821,1165,35.07702728263133
3674,260824074006,1165,35.07702728263133
3675,260824074151,1165,35.07702728263133
3676,260824074336,1165,35.07702728263133
3677,260824074521,1165,35.07702728263133
3678,260824074706,1165,35.07702728263133
3679,260824074851,1165,35.07702728263133
3680,260824075036,1165,35.07702728263133
3681,260824075221,1165,35.07702728263133
3682,260824075406,1165,35.07702728263133
3683,260824075551,1165,35.07702728263133
3684,260824075736,1165,35.07702728263133
3685,260824075921,1165,35.07702728263133
3686,260824080106,1165,35.07702728263133
3687,260824080251,1165,35.07702728263133
3688,260824080436,1165,35.07702728263133
3689,260824080621,1165,35.07702728263133
3690,260824080806,1165,35.07702728263133
3691,260824080951,1165,35.07702728263133
3692,260824081136,1165,35.07702728263133
3693,260824081321,1165,35.07702728263133
3694,260824081506,1165,35.07702728263133
3695,260824081651,1165,35.07702728263133
3696,260824081836,1165,35.07702728263133
3697,260824082021,1165,35.07702728263133
3698,260824082206,1165,35.07702728263133
3699,260824082351,1165,35.07702728263133
3700,260824082536,1165,35.07702728263133
3701,260824082721,1165,35.07702728263133
3702,260824082906,1165,35.07702728263133
3703,260824083051,1165,35.07702728263133
3704,260824083236,1165,35.07702728263133
3705,260824083421,1165,35.07702728263133
3706,260824083607,1165,35.07702728263133
3707,260824083752,1165,35.07702728263133
3708,260824083937,1165,35.07702728263133
3709,260824084122,1165,35.07702728263133
3710,260824084307,1165,35.07702728263133
3711,260824084452,1165,35.07702728263133
3712,260824084637,1165,35.07702728263133
3713,260824084822,1165,35.07702728263133
3714,260824085007,1165,35.07702728263133
3715,260824085152,1165,35.07702728263133
3716,260824085337,1165,35.07702728263133
3717,260824085522,1165,35.07702728263133
3718,260824085707,1165,35.07702728263133
3719,260824085852,1165,35.07702728263133
3720,260824090037,1165,35.07702728263133
3721,260824090222,1165,35.07702728263133
3722,260824090407,1165,35.07702728263133
3723,260824090552,1165,35.07702728263133
3724,260824090737,1165,35.07702728263133
3725,260824090922,1165,35.07702728263133
3726,260824091107,1165,35.07702728263133
3727,260824091252,1165,35.07702728263133
3728,260824091437,1165,35.07702728263133
3729,260824091622,1165,35.07702728263133
3730,260824091807,1165,35.07702728263133
3731,260824091952,1165,35.07702728263133
3732,260824092137,1165,35.07702728263133
3733,260824092322,1165,35.07702728263133
3734,260824092507,1165,35.07702728263133
3735,260824092652,1165,35.07702728263133
3736,260824092837,1165,35.07702728263133
3737,260824093022,1165,35.07702728263133
3738,260824093207,1165,35.07702728263133
3739,260824093352,1165,35.07702728263133
3740,260824093537,1165,35.07702728263133
3741,260824093722,1165,35.07702728263133
3742,260824093907,1165,35.07702728263133
3743,260824094052,1165,35.07702728263133
3744,260824094237,1165,35.07702728263133
3745,260824094422,1165,35.07702728263133
3746,260824094607,1165,35.07702728263133
3747,260824094752,1165,35.07702728263133
3748,260824094937,1165,35.07702728263133
3749,260824095122,1165,35.07702728263133
3750,260824095307,1165,35.07702728263133
3751,260824095452,1165,35.07702728263133
3752,260824095637,1165,35.07702728263133
3753,260824095822,1165,35.07702728263133
3754,260824100007,1165,35.07702728263133
3755,260824100152,1165,35.07702728263133
3756,260824100337,1165,35.07702728263133
3757,260824100522,1165,35.07702728263133
3758,260824100707,1165,35.07702728263133
3759,260824100852,1165,35.07702728263133
3760,260824101037,1165,35.07702728263133
3761,260824101222,1165,35.07702728263133
3762,260824101407,1164,35.04263208337692
3763,260824101552,1164,35.04263208337692
3764,260824101737,1164,35.04263208337692
3765,260824101922,1164,35.04263208337692
3766,260824102107,1164,35.04263208337692
3767,260824102252,1164,35.04263208337692
3768,260824102437,1164,35.04263208337692
3769,260824102622,1164,35.04263208337692
3770,260824102807,1164,35.04263208337692
3771,260824102952,1164,35.04263208337692
3772,260824103137,1164,35.04263208337692
3773,260824103322,1164,35.04263208337692
3774,260824103507,1164,35.04263208337692
3775,260824103652,1164,35.04263208337692
3776,260824103837,1164,35.04263208337692
3777,260824104022,1164,35.04263208337692
3778,260824104207,1165,35.07702728263133
3779,260824104352,1165,35.07702728263133
3780,260824104537,1165,35.07702728263133
3781,260824104722,1165,35.07702728263133
3782,260824104907,1165,35.07702728263133
3783,260824105052,1165,35.07702728263133
3784,260824105237,1164,35.04263208337692
3785,260824105422,1164,35.04263208337692
3786,260824105607,1164,35.04263208337692
3787,260824105752,1164,35.04263208337692
3788,260824105937,1164,35.04263208337692
3789,260824110122,1164,35.04263208337692
3790,260824110307,1164,35.04263208337692
3791,260824110452,1164,35.04263208337692
3792,260824110637,1164,35.04263208337692
3793,260824110822,1164,35.04263208337692
3794,260824111007,1164,35.04263208337692
3795,260824111152,1164,35.04263208337692
3796,260824111337,1164,35.04263208337692
3797,260824111522,1164,35.04263208337692
3798,260824111708,1164,35.04263208337692
3799,260824111853,1164,35.04263208337692
3800,260824112038,1164,35.04263208337692
3801,260824112223,1164,35.04263208337692
3802,260824112408,1164,35.04263208337692
3803,260824112553,1164,35.04263208337692
3804,260824112738,1164,35.04263208337692
3805,260824112923,1164,35.04263208337692
3806,260824113108,1164,35.04263208337692
3807,260824113253,1163,35.008236884122525
3808,260824113438,1161,34.93944648561372
3809,260824113623,1156,34.76747048934171
3810,260824113808,1100,32.84133933109527
3811,260824113953,1123,33.63242891394649
3812,260824114138,1151,34.59549449306972
3813,260824114323,1142,34.285937699780106
3814,260824114508,1106,33.04771052662168
3815,260824114653,1136,34.0795665042537
3816,260824114838,1125,33.701219312455294
3817,260824115023,1130,33.87319530872729
3818,260824115208,1130,33.87319530872729
3819,260824115353,1130,33.87319530872729
3820,260824115538,1130,33.87319530872729
3821,260824115723,1122,33.59803371469209
3822,260824115908,1135,34.0451713049993
3823,260824120053,1140,34.217147301271304
3824,260824120238,1131,33.907590507981695
3825,260824120423,1107,33.082105725876076
3826,260824120608,1133,33.9763809064905
3827,260824120753,1133,33.9763809064905
3828,260824120938,1133,33.9763809064905
3829,260824121123,1134,34.010776105744895
3830,260824121308,1134,34.010776105744895
3831,260824121453,1134,34.010776105744895
3832,260824121638,1107,33.082105725876076
3833,260824121823,1138,34.1483569027625
3834,260824122008,1112,33.254081722148086
3835,260824122153,1122,33.59803371469209
3836,260824122338,1148,34.492308895306515
3837,260824122523,1111,33.21968652289368
3838,260824122708,1112,33.254081722148086
3839,260824122853,1112,33.254081722148086
3840,260824123038,1101,32.87573453034967
3841,260824123223,1099,32.80694413184087
3842,260824123408,1080,32.15343534600726
3843,260824123553,1108,33.11650092513048
3844,260824123738,1117,33.42605771842008
3845,260824123923,1136,34.0795665042537
3846,260824124108,1096,32.70375853407767
3847,260824124253,1130,33.87319530872729
3848,260824124438,1128,33.804404910218494
3849,260824124623,1119,33.494848116928885
3850,260824124808,1131,33.907590507981695
3851,260824124953,1133,33.9763809064905
3852,260824125138,1133,33.9763809064905
3853,260824125323,1133,33.9763809064905
3854,260824125508,1134,34.010776105744895
3855,260824125653,1135,34.0451713049993
3856,260824125838,1135,34.0451713049993
3857,260824130023,1136,34.0795665042537
3858,260824130208,1136,34.0795665042537
3859,260824130353,1137,34.1139617035081
3860,260824130538,1137,34.1139617035081
3861,260824130723,1138,34.1483569027625
3862,260824130908,1138,34.1483569027625
3863,260824131053,1139,34.182752102016906
3864,260824131238,1139,34.182752102016906
3865,260824131423,1139,34.182752102016906
3866,260824131608,1140,34.217147301271304
3867,260824131753,1140,34.217147301271304
3868,260824131938,1140,34.217147301271304
3869,260824132123,1141,34.25154250052571
3870,260824132308,1141,34.25154250052571
3871,260824132453,1141,34.25154250052571
3872,260824132638,1142,34.285937699780106
3873,260824132823,1142,34.285937699780106
3874,260824133008,1142,34.285937699780106
3875,260824133153,1142,34.285937699780106
3876,260824133338,1142,34.285937699780106
3877,260824133523,1142,34.285937699780106
3878,260824133708,1142,34.285937699780106
3879,260824133853,1143,34.32033289903451
3880,260824134038,1143,34.32033289903451
3881,260824134223,1143,34.32033289903451
3882,260824134408,1143,34.32033289903451
3883,260824134553,1143,34.32033289903451
3884,260824134738,1143,34.32033289903451
3885,260824134923,1143,34.32033289903451
3886,260824135108,1144,34.35472809828891
3887,260824135253,1144,34.35472809828891
3888,260824135438,1144,34.35472809828891
3889,260824135623,1144,34.35472809828891
3890,260824135809,1144,34.35472809828891
3891,260824135954,1144,34.35472809828891
3892,260824140139,1144,34.35472809828891
3893,260824140324,1144,34.35472809828891
3894,260824140509,1144,34.35472809828891
3895,260824140654,1144,34.35472809828891
3896,260824140839,1144,34.35472809828891
3897,260824141024,1144,34.35472809828891
3898,260824141209,1144,34.35472809828891
3899,260824141354,1144,34.35472809828891
3900,260824141539,1144,34.35472809828891
3901,260824141724,1144,34.35472809828891
3902,260824141909,1144,34.35472809828891
3903,260824142054,1144,34.35472809828891
3904,260824142239,1144,34.35472809828891
3905,260824142424,1144,34.35472809828891
3906,260824142609,1144,34.35472809828891
3907,260824142754,1144,34.35472809828891
3908,260824142939,1145,34.389123297543314
3909,260824143124,1145,34.389123297543314
3910,260824143309,1145,34.389123297543314
3911,260824143454,1145,34.389123297543314
3912,260824143639,1144,34.35472809828891
3913,260824143824,1144,34.35472809828891
3914,260824144009,1144,34.35472809828891
3915,260824144154,1144,34.35472809828891
3916,260824144339,1144,34.35472809828891
3917,260824144524,1144,34.35472809828891
3918,260824144709,1144,34.35472809828891
3919,260824144854,1143,34.32033289903451
3920,260824145039,1143,34.32033289903451
3921,260824145224,1143,34.32033289903451
3922,260824145409,1143,34.32033289903451
3923,260824145554,1143,34.32033289903451
3924,260824145739,1143,34.32033289903451
3925,260824145924,1142,34.285937699780106
3926,260824150109,1142,34.285937699780106
3927,260824150254,1142,34.285937699780106
3928,260824150439,1141,34.25154250052571
3929,260824150624,1142,34.285937699780106
3930,260824150809,1141,34.25154250052571
3931,260824150954,1141,34.25154250052571
3932,260824151139,1141,34.25154250052571
3933,260824151324,1141,34.25154250052571
3934,260824151509,1140,34.217147301271304
3935,260824151654,1138,34.1483569027625
3936,260824151839,1136,34.0795665042537
3937,260824152024,1136,34.0795665042537
3938,260824152209,1136,34.0795665042537
3939,260824152354,1136,34.0795665042537
3940,260824152539,1136,34.0795665042537
3941,260824152724,1135,34.0451713049993
3942,260824152909,1135,34.0451713049993
3943,260824153054,1135,34.0451713049993
3944,260824153239,1135,34.0451713049993
3945,260824153424,1135,34.0451713049993
3946,260824153609,1135,34.0451713049993
3947,260824153754,1135,34.0451713049993
3948,260824153939,1135,34.0451713049993
3949,260824154124,1135,34.0451713049993
3950,260824154309,1136,34.0795665042537
3951,260824154454,1136,34.0795665042537
3952,260824154639,1136,34.0795665042537
3953,260824154824,1135,34.0451713049993
3954,260824155009,1136,34.0795665042537
3955,260824155154,1136,34.0795665042537
3956,260824155339,1135,34.0451713049993
3957,260824155524,1136,34.0795665042537
3958,260824155709,1136,34.0795665042537
3959,260824155854,1136,34.0795665042537
3960,260824160039,1136,34.0795665042537
3961,260824160224,1136,34.0795665042537
3962,260824160409,1136,34.0795665042537
3963,260824160554,1136,34.0795665042537
3964,260824160739,1136,34.0795665042537
3965,260824160924,1136,34.0795665042537
3966,260824161109,1136,34.0795665042537
3967,260824161254,1136,34.0795665042537
3968,260824161439,1136,34.0795665042537
3969,260824161624,1136,34.0795665042537
3970,260824161809,1136,34.0795665042537
3971,260824161954,1136,34.0795665042537
3972,260824162139,1136,34.0795665042537
3973,260824162324,1135,34.0451713049993
3974,260824162509,1135,34.0451713049993
3975,260824162654,1135,34.0451713049993
3976,260824162839,1135,34.0451713049993
3977,260824163024,1135,34.0451713049993
3978,260824163209,1135,34.0451713049993
3979,260824163354,1135,34.0451713049993
3980,260824163539,1134,34.010776105744895
3981,260824163724,1123,33.63242891394649
3982,260824163909,1122,33.59803371469209
3983,260824164054,1106,33.04771052662168
3984,260824164240,1103,32.94452492885847
3985,260824164425,1122,33.59803371469209
3986,260824164610,1099,32.80694413184087
3987,260824164755,1091,32.53178253780566
3988,260824164940,1097,32.73815373333207
3989,260824165125,1096,32.70375853407767
3990,260824165310,1099,32.80694413184087
3991,260824165455,1097,32.73815373333207
3992,260824165640,1101,32.87573453034967
3993,260824165825,1080,32.15343534600726
3994,260824170010,1080,32.15343534600726
3995,260824170155,1086,32.35980654153366
3996,260824170340,1085,32.32541134227926
3997,260824170525,1070,31.809483353463246
3998,260824170710,1039,30.74323217657682
3999,260824170855,1047,31.018393770612022
4000,260824171040,1068,31.740692954954444
4001,260824171225,1076,32.01585454898965
4002,260824171410,1077,32.05024974824405
4003,260824171555,1077,32.05024974824405
4004,260824171740,1077,32.05024974824405
4005,260824171925,1065,31.63750735719124
4006,260824172110,1077,32.05024974824405
4007,260824172255,1079,32.11904014675285
4008,260824172440,1081,32.187830545261654
4009,260824172625,1631,51.10519013518212
4010,260824172810,1712,53.891201274788585
4011,260824172955,1709,53.788015677025385
4012,260824173140,1705,53.65043488000778
4013,260824173325,1692,53.20329728970057
4014,260824173510,1681,52.82495009790216
4015,260824173655,1680,52.790554898647756
4016,260824173840,1702,53.54724928224457
4017,260824174025,1672,52.51539330461256
4018,260824174210,1664,52.24023171057735
4019,260824174355,1658,52.03386051505094
4020,260824174540,1652,51.82748931952453
4021,260824174725,1646,51.62111812399812
4022,260824174910,1641,51.449142127726134
4023,260824175055,1636,51.27716613145412
4024,260824175240,1630,51.070794935927715
4025,260824175425,1625,50.89881893965571
4026,260824175610,1620,50.7268429433837
4027,260824175755,1615,50.55486694711171
4028,260824175940,1608,50.3141005523309
4029,260824180125,1618,50.6580525448749
4030,260824180310,1590,49.69498696575169
4031,260824180455,1605,50.2109149545677
4032,260824180640,1602,50.10772935680449
4033,260824180825,1601,50.07333415755009
4034,260824181010,1611,50.41728615009411
4035,260824181155,1590,49.69498696575169
4036,260824181340,1582,49.41982537171648
4037,260824181525,1590,49.69498696575169
4038,260824181710,1588,49.626196567242886
4039,260824181855,1586,49.55740616873408
4040,260824182040,1592,49.76377736426048
4041,260824182225,1577,49.247849375444474
4042,260824182410,1592,49.76377736426048
4043,260824182555,1597,49.93575336053249
4044,260824182740,1591,49.72938216500608
4045,260824182925,1582,49.41982537171648
4046,260824183110,1585,49.523010969479685
4047,260824183255,1578,49.28224457469887
4048,260824183440,1581,49.38543017246208
4049,260824183625,1570,49.00708298066366
4050,260824183810,1571,49.041478179918066
4051,260824183955,1574,49.14466377768127
4052,260824184140,1564,48.80071178513725
4053,260824184325,1555,48.49115499184766
4054,260824184510,1550,48.31917899557565
4055,260824184655,1554,48.45675979259325
4056,260824184840,1524,47.424903814961226
4057,260824185025,1550,48.31917899557565
4058,260824185210,1549,48.28478379632125
4059,260824185355,1547,48.21599339781245
4060,260824185540,1546,48.18159819855804
4061,260824185725,1545,48.147202999303644
4062,260824185910,1543,48.07841260079484
4063,260824190055,1542,48.04401740154044
4064,260824190240,1541,48.00962220228604
4065,260824190425,1540,47.975227003031634
4066,260824190610,1538,47.90643660452283
4067,260824190755,1537,47.87204140526843
4068,260824190940,1536,47.83764620601405
4069,260824191125,1535,47.803251006759645
4070,260824191310,1533,47.73446060825084
4071,260824191455,1532,47.700065408996444
4072,260824191640,1531,47.66567020974204
4073,260824191825,1507,46.84018542763642
4074,260824192010,1516,47.149742220926015
4075,260824192155,1518,47.21853261943482
4076,260824192340,1528,47.56248461197884
4077,260824192526,1529,47.59687981123324
4078,260824192711,1529,47.59687981123324
4079,260824192856,1528,47.56248461197884
4080,260824193041,1529,47.59687981123324
4081,260824193226,1527,47.528089412724434
4082,260824193411,1526,47.49369421347003
4083,260824193556,1525,47.45929901421563
4084,260824193741,1522,47.35611341645242
4085,260824193926,1520,47.28732301794362
4086,260824194111,1517,47.18413742018042
4087,260824194256,1515,47.11534702167162
4088,260824194441,1514,47.08095182241721
4089,260824194626,1512,47.01216142390841
4090,260824194811,1511,46.97776622465401
4091,260824194956,1510,46.94337102539961
4092,260824195141,1509,46.90897582614521
4093,260824195326,1507,46.84018542763642
4094,260824195511,1506,46.80579022838202
4095,260824195656,1505,46.77139502912762
4096,260824195841,1505,46.77139502912762
4097,260824200026,1504,46.73699982987322
4098,260824200211,1503,46.702604630618815
4099,260824200356,1503,46.702604630618815
4100,260824200541,1502,46.66820943136442
4101,260824200726,1502,46.66820943136442
4102,260824200911,1501,46.63381423211001
4103,260824201056,1500,46.599419032855614
4104,260824201241,1500,46.599419032855614
4105,260824201426,1499,46.56502383360121
4106,260824201611,1499,46.56502383360121
4107,260824201756,1498,46.53062863434681
4108,260824201941,1498,46.53062863434681
4109,260824202126,1498,46.53062863434681
4110,260824202311,1497,46.49623343509241
4111,260824202456,1497,46.49623343509241
4112,260824202641,1497,46.49623343509241
4113,260824202826,1496,46.46183823583801
4114,260824203011,1496,46.46183823583801
4115,260824203156,1495,46.427443036583604
4116,260824203341,1495,46.427443036583604
4117,260824203526,1495,46.427443036583604
4118,260824203711,1494,46.393047837329206
4119,260824203856,1494,46.393047837329206
4120,260824204041,1493,46.3586526380748
4121,260824204226,1493,46.3586526380748
4122,260824204411,1493,46.3586526380748
4123,260824204556,1493,46.3586526380748
4124,260824204741,1493,46.3586526380748
4125,260824204926,1492,46.3242574388204
4126,260824205111,1492,46.3242574388204
4127,260824205256,1492,46.3242574388204
4128,260824205441,1492,46.3242574388204
4129,260824205626,1492,46.3242574388204
4130,260824205811,1492,46.3242574388204
4131,260824205956,1492,46.3242574388204
4132,260824210141,1491,46.289862239566
4133,260824210326,1491,46.289862239566
4134,260824210511,1492,46.3242574388204
4135,260824210656,1491,46.289862239566
4136,260824210841,1491,46.289862239566
4137,260824211026,1490,46.2554670403116
4138,260824211211,1491,46.289862239566
4139,260824211356,1490,46.2554670403116
4140,260824211541,1490,46.2554670403116
4141,260824211726,1489,46.221071841057196
4142,260824211911,1489,46.221071841057196
4143,260824212056,1489,46.221071841057196
4144,260824212241,1488,46.1866766418028
4145,260824212426,1488,46.1866766418028
4146,260824212611,1487,46.15228144254839
4147,260824212756,1488,46.1866766418028
4148,260824212941,1479,45.877119848513196
4149,260824213126,1486,46.117886243293995
4150,260824213311,1488,46.1866766418028
4151,260824213456,1487,46.15228144254839
4152,260824213641,1488,46.1866766418028
4153,260824213826,1476,45.773934250749996
4154,260824214011,1476,45.773934250749996
4155,260824214156,1485,46.08349104403959
4156,260824214341,1486,46.117886243293995
4157,260824214526,1486,46.117886243293995
4158,260824214711,1487,46.15228144254839
4159,260824214856,1487,46.15228144254839
4160,260824215041,1487,46.15228144254839
4161,260824215226,1487,46.15228144254839
4162,260824215411,1487,46.15228144254839
4163,260824215556,1487,46.15228144254839
4164,260824215741,1487,46.15228144254839
4165,260824215926,1487,46.15228144254839
4166,260824220111,1487,46.15228144254839
4167,260824220256,1486,46.117886243293995
4168,260824220441,1486,46.117886243293995
4169,260824220626,1486,46.117886243293995
4170,260824220811,1486,46.117886243293995
4171,260824220957,1486,46.117886243293995
4172,260824221142,1485,46.08349104403959
4173,260824221327,1485,46.08349104403959
4174,260824221512,1485,46.08349104403959
4175,260824221657,1485,46.08349104403959
4176,260824221842,1484,46.04909584478519
4177,260824222027,1484,46.04909584478519
4178,260824222212,1484,46.04909584478519
4179,260824222357,1484,46.04909584478519
4180,260824222542,1483,46.01470064553079
4181,260824222727,1483,46.01470064553079
4182,260824222912,1483,46.01470064553079
4183,260824223057,1483,46.01470064553079
4184,260824223242,1483,46.01470064553079
4185,260824223427,1483,46.01470064553079
4186,260824223612,1483,46.01470064553079
4187,260824223757,1483,46.01470064553079
4188,260824223942,1482,45.98030544627638
4189,260824224127,1482,45.98030544627638
4190,260824224312,1482,45.98030544627638
4191,260824224457,1482,45.98030544627638
4192,260824224642,1482,45.98030544627638
4193,260824224827,1483,46.01470064553079
4194,260824225012,1482,45.98030544627638
4195,260824225157,1482,45.98030544627638
4196,260824225342,1482,45.98030544627638
4197,260824225527,1482,45.98030544627638
4198,260824225712,1481,45.945910247022
4199,260824225857,1481,45.945910247022
4200,260824230042,1481,45.945910247022
4201,260824230227,1480,45.9115150477676
4202,260824230412,1480,45.9115150477676
4203,260824230557,1480,45.9115150477676
4204,260824230742,1480,45.9115150477676
4205,260824230927,1480,45.9115150477676
4206,260824231112,1479,45.877119848513196
4207,260824231257,1479,45.877119848513196
4208,260824231442,1479,45.877119848513196
4209,260824231627,1479,45.877119848513196
4210,260824231812,1478,45.8427246492588
4211,260824231957,1471,45.601958254477985
4212,260824232142,1464,45.36119185969718
4213,260824232327,1459,45.18921586342517
4214,260824232512,1458,45.15482066417077
4215,260824232657,1451,44.91405426938997
4216,260824232842,1452,44.94844946864438
4217,260824233027,1453,44.982844667898775
4218,260824233212,1453,44.982844667898775
4219,260824233357,1453,44.982844667898775
4220,260824233542,1463,45.326796660442774
4221,260824233727,1458,45.15482066417077
4222,260824233912,1468,45.498772656714785
4223,260824234057,1461,45.25800626193397
4224,260824234242,1470,45.56756305522359
4225,260824234427,1470,45.56756305522359
4226,260824234612,1471,45.601958254477985
4227,260824234757,1471,45.601958254477985
4228,260824234942,1472,45.63635345373239
4229,260824235127,1473,45.67074865298679
4230,260824235312,1473,45.67074865298679
4231,260824235457,1474,45.70514385224119
4232,260824235642,1475,45.73953905149559
4233,260824235827,1475,45.73953905149559
4234,260825000012,1476,45.773934250749996
4235,260825000157,1477,45.80832945000439
4236,260825000342,1478,45.8427246492588
4237,260825000527,1479,45.877119848513196
4238,260825000712,1479,45.877119848513196
4239,260825000857,1480,45.9115150477676
4240,260825001042,1480,45.9115150477676
4241,260825001227,1481,45.945910247022
4242,260825001412,1482,45.98030544627638
4243,260825001557,1482,45.98030544627638
4244,260825001742,1483,46.01470064553079
4245,260825001927,1483,46.01470064553079
4246,260825002112,1484,46.04909584478519
4247,260825002257,1484,46.04909584478519
4248,260825002442,1485,46.08349104403959
4249,260825002627,1485,46.08349104403959
4250,260825002812,1486,46.117886243293995
4251,260825002957,1486,46.117886243293995
4252,260825003142,1486,46.117886243293995
4253,260825003327,1486,46.117886243293995
4254,260825003512,1487,46.15228144254839
4255,260825003657,1487,46.15228144254839
4256,260825003842,1487,46.15228144254839
4257,260825004027,1488,46.1866766418028
4258,260825004212,1488,46.1866766418028
4259,260825004357,1488,46.1866766418028
4260,260825004542,1489,46.221071841057196
4261,260825004727,1489,46.221071841057196
4262,260825004912,1489,46.221071841057196
4263,260825005057,1490,46.2554670403116
4264,260825005243,1490,46.2554670403116
4265,260825005428,1490,46.2554670403116
4266,260825005613,1491,46.289862239566
4267,260825005758,1491,46.289862239566
4268,260825005943,1491,46.289862239566
4269,260825010128,1492,46.3242574388204
4270,260825010313,1492,46.3242574388204
4271,260825010458,1492,46.3242574388204
4272,260825010643,1493,46.3586526380748
4273,260825010828,1493,46.3586526380748
4274,260825011013,1493,46.3586526380748
4275,260825011158,1493,46.3586526380748
4276,260825011343,1494,46.393047837329206
4277,260825011528,1494,46.393047837329206
4278,260825011713,1494,46.393047837329206
4279,260825011858,1494,46.393047837329206
4280,260825012043,1495,46.427443036583604
4281,260825012228,1495,46.427443036583604
4282,260825012413,1495,46.427443036583604
4283,260825012558,1496,46.46183823583801
4284,260825012743,1496,46.46183823583801
4285,260825012928,1497,46.49623343509241
4286,260825013113,1497,46.49623343509241
4287,260825013258,1498,46.53062863434681
4288,260825013443,1498,46.53062863434681
4289,260825013628,1498,46.53062863434681
4290,260825013813,1499,46.56502383360121
4291,260825013958,1499,46.56502383360121
4292,260825014143,1499,46.56502383360121
4293,260825014328,1490,46.2554670403116
4294,260825014513,1486,46.117886243293995
4295,260825014658,1486,46.117886243293995
4296,260825014843,1486,46.117886243293995
4297,260825015028,1486,46.117886243293995
4298,260825015213,1486,46.117886243293995
4299,260825015358,1486,46.117886243293995
4300,260825015543,1486,46.117886243293995
4301,260825015728,1486,46.117886243293995
4302,260825015913,1486,46.117886243293995
4303,260825020058,1485,46.08349104403959
4304,260825020243,1485,46.08349104403959
4305,260825020428,1485,46.08349104403959
4306,260825020613,1485,46.08349104403959
4307,260825020758,1485,46.08349104403959
4308,260825020943,1485,46.08349104403959
4309,260825021128,1485,46.08349104403959
4310,260825021313,1485,46.08349104403959
4311,260825021458,1485,46.08349104403959
4312,260825021643,1485,46.08349104403959
4313,260825021828,1485,46.08349104403959
4314,260825022013,1485,46.08349104403959
4315,260825022158,1485,46.08349104403959
4316,260825022343,1485,46.08349104403959
4317,260825022528,1485,46.08349104403959
4318,260825022713,1485,46.08349104403959
4319,260825022858,1485,46.08349104403959
4320,260825023043,1485,46.08349104403959
4321,260825023228,1485,46.08349104403959
4322,260825023413,1485,46.08349104403959
4323,260825023558,1485,46.08349104403959
4324,260825023743,1484,46.04909584478519
4325,260825023928,1484,46.04909584478519
4326,260825024113,1484,46.04909584478519
4327,260825024258,1484,46.04909584478519
4328,260825024443,1484,46.04909584478519
4329,260825024628,1484,46.04909584478519
4330,260825024813,1484,46.04909584478519
4331,260825024958,1484,46.04909584478519
4332,260825025143,1484,46.04909584478519
4333,260825025328,1484,46.04909584478519
4334,260825025513,1484,46.04909584478519
4335,260825025658,1483,46.01470064553079
4336,260825025843,1483,46.01470064553079
4337,260825030028,1483,46.01470064553079
4338,260825030213,1483,46.01470064553079
4339,260825030358,1483,46.01470064553079
4340,260825030543,1483,46.01470064553079
4341,260825030728,1483,46.01470064553079
4342,260825030913,1483,46.01470064553079
4343,260825031058,1483,46.01470064553079
4344,260825031243,1483,46.01470064553079
4345,260825031428,1483,46.01470064553079
4346,260825031613,1483,46.01470064553079
4347,260825031758,1483,46.01470064553079
4348,260825031943,1483,46.01470064553079
4349,260825032128,1483,46.01470064553079
4350,260825032313,1482,45.98030544627638
4351,260825032458,1482,45.98030544627638
4352,260825032643,1482,45.98030544627638
4353,260825032828,1482,45.98030544627638
4354,260825033013,1482,45.98030544627638
4355,260825033158,1482,45.98030544627638
4356,260825033343,1481,45.945910247022
4357,260825033528,1481,45.945910247022
4358,260825033714,1481,45.945910247022
4359,260825033859,1481,45.945910247022
4360,260825034044,1482,45.98030544627638
4361,260825034229,1481,45.945910247022
4362,260825034414,1481,45.945910247022
4363,260825034559,1481,45.945910247022
4364,260825034744,1481,45.945910247022
4365,260825034929,1482,45.98030544627638
4366,260825035114,1482,45.98030544627638
4367,260825035259,1482,45.98030544627638
4368,260825035444,1482,45.98030544627638
4369,260825035629,1482,45.98030544627638
4370,260825035814,1482,45.98030544627638
4371,260825035959,1482,45.98030544627638
4372,260825040144,1482,45.98030544627638
4373,260825040329,1482,45.98030544627638
4374,260825040514,1483,46.01470064553079
4375,260825040659,1483,46.01470064553079
4376,260825040844,1483,46.01470064553079
4377,260825041029,1483,46.01470064553079
4378,260825041214,1483,46.01470064553079
4379,260825041359,1483,46.01470064553079
4380,260825041544,1483,46.01470064553079
4381,260825041729,1483,46.01470064553079
4382,260825041914,1483,46.01470064553079
4383,260825042059,1483,46.01470064553079
4384,260825042244,1483,46.01470064553079
4385,260825042429,1483,46.01470064553079
4386,260825042614,1483,46.01470064553079
4387,260825042759,1483,46.01470064553079
4388,260825042944,1483,46.01470064553079
4389,260825043129,1483,46.01470064553079
4390,260825043314,1483,46.01470064553079
4391,260825043459,1482,45.98030544627638
4392,260825043644,1483,46.01470064553079
4393,260825043829,1483,46.01470064553079
4394,260825044014,1482,45.98030544627638
4395,260825044159,1482,45.98030544627638
4396,260825044344,1482,45.98030544627638
4397,260825044529,1482,45.98030544627638
4398,260825044714,1482,45.98030544627638
4399,260825044859,1482,45.98030544627638
4400,260825045044,1483,46.01470064553079
4401,260825045229,1483,46.01470064553079
4402,260825045414,1483,46.01470064553079
4403,260825045559,1483,46.01470064553079
4404,260825045744,1482,45.98030544627638
4405,260825045929,1482,45.98030544627638
4406,260825050114,1482,45.98030544627638
4407,260825050259,1482,45.98030544627638
4408,260825050444,1482,45.98030544627638
4409,260825050629,1481,45.945910247022
4410,260825050814,1481,45.945910247022
4411,260825050959,1481,45.945910247022
4412,260825051144,1481,45.945910247022
4413,260825051329,1481,45.945910247022
4414,260825051514,1481,45.945910247022
4415,260825051659,1481,45.945910247022
4416,260825051844,1481,45.945910247022
4417,260825052029,1481,45.945910247022
4418,260825052214,1481,45.945910247022
4419,260825052359,1481,45.945910247022
4420,260825052544,1481,45.945910247022
4421,260825052729,1481,45.945910247022
4422,260825052914,1481,45.945910247022
4423,260825053059,1481,45.945910247022
4424,260825053244,1480,45.9115150477676
4425,260825053429,1480,45.9115150477676
4426,260825053614,1480,45.9115150477676
4427,260825053759,1480,45.9115150477676
4428,260825053944,1480,45.9115150477676
4429,260825054129,1480,45.9115150477676
4430,260825054314,1480,45.9115150477676
4431,260825054459,1480,45.9115150477676
4432,260825054644,1480,45.9115150477676
4433,260825054829,1480,45.9115150477676
4434,260825055014,1480,45.9115150477676
4435,260825055159,1480,45.9115150477676
4436,260825055344,1480,45.9115150477676
4437,260825055529,1480,45.9115150477676
4438,260825055714,1480,45.9115150477676
4439,260825055859,1479,45.877119848513196
4440,260825060044,1479,45.877119848513196
4441,260825060229,1479,45.877119848513196
4442,260825060414,1479,45.877119848513196
4443,260825060559,1479,45.877119848513196
4444,260825060744,1479,45.877119848513196
4445,260825060929,1479,45.877119848513196
4446,260825061114,1479,45.877119848513196
4447,260825061259,1479,45.877119848513196
4448,260825061444,1479,45.877119848513196
4449,260825061629,1474,45.70514385224119
4450,260825061814,1464,45.36119185969718
4451,260825062000,1469,45.53316785596918
4452,260825062145,1467,45.46437745746038
4453,260825062330,1462,45.292401461188376
4454,260825062515,1463,45.326796660442774
4455,260825062700,1463,45.326796660442774
4456,260825062845,1464,45.36119185969718
4457,260825063030,1463,45.326796660442774
4458,260825063215,1463,45.326796660442774
4459,260825063400,1460,45.22361106267957
4460,260825063545,1453,44.982844667898775
4461,260825063730,1446,44.74207827311797
4462,260825063915,1456,45.08603026566197
4463,260825064100,1456,45.08603026566197
4464,260825064245,1457,45.120425464916366
4465,260825064430,1457,45.120425464916366
4466,260825064615,1457,45.120425464916366
4467,260825064800,1457,45.120425464916366
4468,260825064945,1457,45.120425464916366
4469,260825065130,1458,45.15482066417077
4470,260825065315,1458,45.15482066417077
4471,260825065500,1458,45.15482066417077
4472,260825065645,1459,45.18921586342517
4473,260825065830,1459,45.18921586342517
4474,260825070015,1459,45.18921586342517
4475,260825070200,1449,44.84526387088117
4476,260825070345,1449,44.84526387088117
4477,260825070530,1444,44.673287874609166
4478,260825070715,1455,45.05163506640756
4479,260825070900,1454,45.01723986715318
4480,260825071045,1453,44.982844667898775
4481,260825071230,1453,44.982844667898775
4482,260825071415,1453,44.982844667898775
4483,260825071600,1443,44.63889267535476
4484,260825071745,1451,44.91405426938997
4485,260825071930,1451,44.91405426938997
4486,260825072115,1451,44.91405426938997
4487,260825072300,1451,44.91405426938997
4488,260825072445,1450,44.879659070135574
4489,260825072630,1450,44.879659070135574
4490,260825072815,1451,44.91405426938997
4491,260825073000,1451,44.91405426938997
4492,260825073145,1451,44.91405426938997
4493,260825073330,1451,44.91405426938997
4494,260825073515,1452,44.94844946864438
4495,260825073700,1453,44.982844667898775
4496,260825073845,1452,44.94844946864438
4497,260825074030,1450,44.879659070135574
4498,260825074215,1449,44.84526387088117
4499,260825074400,1449,44.84526387088117
4500,260825074545,1449,44.84526387088117
4501,260825074730,1447,44.776473472372366
4502,260825074915,1446,44.74207827311797
4503,260825075100,1446,44.74207827311797
4504,260825075245,1439,44.501311878337155
4505,260825075430,1426,44.054174288029955
4506,260825075615,1432,44.26054548355635
4507,260825075800,1429,44.15735988579314
4508,260825075945,1435,44.36373108131955
4509,260825080130,1434,44.32933588206515
4510,260825080315,1436,44.398126280573955
4511,260825080500,1436,44.398126280573955
4512,260825080645,1436,44.398126280573955
4513,260825080830,1425,44.01977908877555
4514,260825081015,1434,44.32933588206515
4515,260825081200,1435,44.36373108131955
4516,260825081345,1436,44.398126280573955
4517,260825081530,1437,44.43252147982835
4518,260825081715,1431,44.226150284301944
4519,260825081900,1432,44.26054548355635
4520,260825082045,1428,44.122964686538744
4521,260825082230,1428,44.122964686538744
4522,260825082415,1427,44.08856948728434
4523,260825082600,1416,43.71022229548594
4524,260825082745,1430,44.19175508504755
4525,260825082930,1428,44.122964686538744
4526,260825083115,1426,44.054174288029955
4527,260825083300,1408,43.43506070145073
4528,260825083445,1407,43.400665502196325
4529,260825083630,1411,43.53824629921393
4530,260825083815,1407,43.400665502196325
4531,260825084000,1410,43.50385109995953
4532,260825084145,1399,43.12550390816113
4533,260825084330,1401,43.19429430666992
4534,260825084515,1393,42.91913271263472
4535,260825084700,1398,43.09110870890673
4536,260825084845,1407,43.400665502196325
4537,260825085030,1409,43.46945590070513
4538,260825085215,1390,42.81594711487152
4539,260825085400,1389,42.781551915617115
4540,260825085545,1380,42.471995122327506
4541,260825085730,1376,42.3344143253099
4542,260825085915,1363,41.88727673500269
4543,260825090101,1377,42.3688095245643
4544,260825090246,1355,41.61211514096748
4545,260825090431,1368,42.059252731274704
4546,260825090616,1363,41.88727673500269
4547,260825090801,1361,41.81848633649389
4548,260825090946,1359,41.74969593798509
4549,260825091131,1358,41.71530073873069
4550,260825091316,1357,41.680905539476285
4551,260825091501,1356,41.64651034022189
4552,260825091646,1356,41.64651034022189
4553,260825091831,1355,41.61211514096748
4554,260825092016,1355,41.61211514096748
4555,260825092201,1354,41.577719941713084
4556,260825092346,1353,41.54332474245868
4557,260825092531,1353,41.54332474245868
4558,260825092716,1352,41.50892954320428
4559,260825092901,1351,41.47453434394988
4560,260825093046,1350,41.44013914469548
4561,260825093231,1350,41.44013914469548
4562,260825093416,1349,41.405743945441074
4563,260825093601,1348,41.371348746186676
4564,260825093746,1348,41.371348746186676
4565,260825093931,1347,41.33695354693227
4566,260825094116,1346,41.30255834767787
4567,260825094301,1345,41.26816314842347
4568,260825094446,1343,41.19937274991468
4569,260825094631,1342,41.16497755066028
4570,260825094816,1341,41.13058235140588
4571,260825095001,1340,41.09618715215148
4572,260825095146,1339,41.061791952897075
4573,260825095331,1338,41.02739675364268
4574,260825095516,1337,40.99300155438827
4575,260825095701,1336,40.958606355133874
4576,260825095846,1335,40.92421115587947
4577,260825100031,1334,40.88981595662507
4578,260825100216,1333,40.855420757370666
4579,260825100401,1332,40.82102555811627
4580,260825100546,1331,40.78663035886186
4581,260825100731,1330,40.752235159607466
4582,260825100916,1329,40.71783996035306
4583,260825101101,1328,40.68344476109866
4584,260825101246,1327,40.64904956184426
4585,260825101431,1326,40.61465436258986
4586,260825101616,1325,40.580259163335455
4587,260825101801,1325,40.580259163335455
4588,260825101946,1324,40.54586396408106
4589,260825102131,1323,40.51146876482665
4590,260825102316,1322,40.477073565572255
4591,260825102501,1322,40.477073565572255
4592,260825102646,1320,40.40828316706345
4593,260825102831,1322,40.477073565572255
4594,260825103016,1325,40.580259163335455
4595,260825103201,1320,40.40828316706345
4596,260825103346,1333,40.855420757370666
4597,260825103531,1334,40.88981595662507
4598,260825103716,1308,39.99554077601065
4599,260825103901,1316,40.27070237004586
4600,260825104046,1318,40.33949276855465
4601,260825104231,1300,39.72037918197544
4602,260825104416,1328,40.68344476109866
4603,260825104601,1476,45.773934250749996
4604,260825104746,1866,59.18806195996631
4605,260825104931,2252,72.46460887216506
4606,260825105116,2598,84.36534781418774
4607,260825105301,2593,84.19337181791573
4608,260825105446,2589,84.05579102089813
4609,260825105631,2547,82.6111926522133
4610,260825105816,2545,82.5424022537045
4611,260825110001,2593,84.19337181791573
4612,260825110146,2569,83.36788703581011
4613,260825110331,2574,83.53986303208212
4614,260825110516,2566,83.26470143804691
4615,260825110701,2559,83.0239350432661
4616,260825110846,2556,82.92074944550289
4617,260825111031,2475,80.13473830589643
4618,260825111216,2559,83.0239350432661
4619,260825111401,2552,82.7831686484853
4620,260825111546,2544,82.50800705445009
4621,260825111731,2542,82.4392166559413
4622,260825111916,2514,81.47615107681807
4623,260825112101,2528,81.95768386637967
4624,260825112246,2527,81.92328866712528
4625,260825112431,2521,81.71691747159888
4626,260825112616,2477,80.20352870440523
4627,260825112801,2510,81.33857027980046
4628,260825112946,2505,81.16659428352845
4629,260825113131,2506,81.20098948278286
4630,260825113316,2458,79.55001991857162
4631,260825113501,2490,80.65066629471245
4632,260825113646,2475,80.13473830589643
4633,260825113831,2470,79.96276230962444
4634,260825114016,2453,79.37804392229961
4635,260825114201,2470,79.96276230962444
4636,260825114347,2462,79.68760071558923
4637,260825114532,2449,79.240463125282
4638,260825114717,2439,78.89651113273801
4639,260825114902,2419,78.20860714764999
4640,260825115047,2428,78.5181639409396
4641,260825115232,2439,78.89651113273801
4642,260825115417,2417,78.13981674914118
4643,260825115602,2417,78.13981674914118
4644,260825115747,2415,78.0710263506324
4645,260825115932,2405,77.72707435808837
4646,260825120117,2404,77.69267915883398
4647,260825120302,2398,77.48630796330757
4648,260825120447,2395,77.38312236554437
4649,260825120632,2391,77.24554156852676
4650,260825120817,2394,77.34872716628996
4651,260825121002,2390,77.21114636927236
4652,260825121147,2377,76.76400877896515
4653,260825121332,2361,76.21368559089474
4654,260825121517,2345,75.66336240282432
4655,260825121702,2343,75.59457200431552
4656,260825121847,2316,74.6659016244467
4657,260825122032,2365,76.35126638791233
4658,260825122217,2367,76.42005678642114
4659,260825122402,2364,76.31687118865794
4660,260825122547,2361,76.21368559089474
4661,260825122732,2359,76.14489519238595
4662,260825122917,2357,76.07610479387714
4663,260825123102,2355,76.00731439536834
4664,260825123247,2353,75.93852399685953
4665,260825123432,2351,75.86973359835073
4666,260825123617,2349,75.80094319984192
4667,260825123802,2348,75.76654800058753
4668,260825123947,2346,75.69775760207872
4669,260825124132,2344,75.62896720356993
4670,260825124317,2342,75.56017680506112
4671,260825124502,2332,75.21622481251713
4672,260825124647,2313,74.56271602668349
4673,260825124832,2311,74.4939256281747
4674,260825125017,2307,74.3563448311571
4675,260825125202,2302,74.18436883488509
4676,260825125347,2299,74.08118323712189
4677,260825125532,2305,74.28755443264829
4678,260825125717,2299,74.08118323712189
4679,260825125902,2303,74.2187640341395
4680,260825130047,2302,74.18436883488509
4681,260825130232,2298,74.04678803786749
4682,260825130417,2256,72.60218966918265
4683,260825130602,2290,73.77162644383228
4684,260825130747,2287,73.66844084606907
4685,260825130932,2281,73.46206965054266
4686,260825131117,2289,73.73723124457787
4687,260825131302,2283,73.53086004905147
4688,260825131447,2282,73.49646484979706
4689,260825131632,2268,73.01493206023547
4690,260825131817,2266,72.94614166172666
4691,260825132002,2277,73.32448885352507
4692,260825132147,2272,73.15251285725307
4693,260825132332,2268,73.01493206023547
4694,260825132517,2237,71.94868088334903
4695,260825132702,2253,72.49900407141944
4696,260825132847,2241,72.08626168036663
4697,260825133032,2225,71.53593849229622
4698,260825133217,2241,72.08626168036663
4699,260825133402,2211,71.05440570273461
4700,260825133547,2231,71.74230968782263
4701,260825133732,2225,71.53593849229622
4702,260825133917,2182,70.05694492435698
4703,260825134102,2204,70.8136393079538
4704,260825134247,2226,71.57033369155062
4705,260825134432,2204,70.8136393079538
4706,260825134617,2183,70.09134012361139
4707,260825134802,2224,71.50154329304183
4708,260825134947,2172,69.71299293181298
4709,260825135132,2195,70.5040825146642
4710,260825135317,2211,71.05440570273461
4711,260825135502,2203,70.7792441086994
4712,260825135647,2197,70.57287291317301
4713,260825135832,2195,70.5040825146642
4714,260825140017,2195,70.5040825146642
4715,260825140202,2167,69.54101693554098
4716,260825140347,2186,70.19452572137459
4717,260825140532,2193,70.4352921161554
4718,260825140717,2204,70.8136393079538
4719,260825140902,2208,70.95122010497141
4720,260825141047,2207,70.91682490571701
4721,260825141232,2205,70.8480345072082
4722,260825141417,2198,70.6072681124274
4723,260825141602,2177,69.88496892808497
4724,260825141747,2180,69.98815452584819
4725,260825141932,2162,69.36904093926897
4726,260825142117,2135,68.44037055940015
4727,260825142303,2128,68.19960416461934
4728,260825142448,2146,68.81871775119855
4729,260825142633,2130,68.26839456312814
4730,260825142818,2124,68.06202336760174
4731,260825143003,2127,68.16520896536494
4732,260825143148,2120,67.92444257058413
4733,260825143333,2117,67.82125697282093
4734,260825143518,2109,67.54609537878574
4735,260825143703,2121,67.95883776983854
4736,260825143848,2128,68.19960416461934
4737,260825144033,2147,68.85311295045295
4738,260825144218,2148,68.88750814970736
4739,260825144403,2141,68.64674175492657
4740,260825144548,2111,67.61488577729453
4741,260825144733,2107,67.47730498027693
4742,260825144918,2118,67.85565217207532
4743,260825145103,2110,67.58049057804013
4744,260825145248,2083,66.65182019817131
4745,260825145433,2082,66.6174249989169
4746,260825145618,2061,65.8951258145745
4747,260825145803,2075,66.3766586041361
4748,260825145948,2063,65.96391621308328
4749,260825150133,2063,65.96391621308328
4750,260825150318,2061,65.8951258145745
4751,260825150503,2022,64.55371304365285
4752,260825150648,2009,64.10657545334564
4753,260825150648,2009,64.10657545334564
4754,260825150648,2009,64.10657545334564
4755,260825150833,1972,62.833953080932815
4756,260825151018,2004,63.934599457073645
4757,260825151203,2010,64.14097065260003
4758,260825151348,2027,64.72568903992486
4759,260825151533,2053,65.61996422053929
4760,260825151718,2021,64.51931784439846
4761,260825151903,2063,65.96391621308328
4762,260825152048,2059,65.82633541606569
4763,260825152233,2011,64.17536585185444
4764,260825152418,2022,64.55371304365285
4765,260825152603,2037,65.06964103246887
4766,260825152748,2028,64.76008423917926
4767,260825152933,2024,64.62250344216166
4768,260825153118,2029,64.79447943843367
4769,260825153303,2031,64.86326983694246
4770,260825153448,2025,64.65689864141606
4771,260825153633,2002,63.86580905856484
4772,260825153818,1993,63.556252265275226
4773,260825154003,1991,63.487461866766424
4774,260825154148,1997,63.69383306229283
4775,260825154333,2020,64.48492264514405
4776,260825154518,1984,63.24669547198562
4777,260825154703,1991,63.487461866766424
4778,260825154848,1987,63.34988106974882
4779,260825155033,1984,63.24669547198562
4780,260825155218,1982,63.177905073476815
4781,260825155403,1979,63.07471947571362
4782,260825155548,1977,63.00592907720482
4783,260825155733,1974,62.90274347944162
4784,260825155918,1972,62.833953080932815
4785,260825160103,1970,62.76516268242401
4786,260825160248,1967,62.661977084660805
4787,260825160433,1964,62.558791486897604
4788,260825160618,1962,62.4900010883888
4789,260825160803,1960,62.42121068988
4790,260825160948,1950,62.077258697335985
4791,260825161133,1933,61.49254031001117
4792,260825161318,1935,61.561330708519975
4793,260825161503,1944,61.87088750180959
4794,260825161648,1937,61.63012110702878
4795,260825161833,1939,61.69891150553758
4796,260825162018,1917,60.942217121940764
4797,260825162203,1915,60.87342672343196
4798,260825162348,1920,61.04540271970396
4799,260825162533,1904,60.49507953163355
4800,260825162718,1927,61.286169114484764
4801,260825162903,1895,60.185522738343934
4802,260825163048,1918,60.97661232119517
4803,260825163233,1898,60.28870833610714
4804,260825163418,1908,60.632660328651156
4805,260825163603,1867,59.22245715922071
4806,260825163748,1861,59.016085963694316
4807,260825163933,1863,59.084876362203126
4808,260825164118,1866,59.18806195996631
4809,260825164303,1838,58.22499638084309
4810,260825164448,1828,57.88104438829909
4811,260825164633,1811,57.29632600097426
4812,260825164818,1831,57.984229986062296
4813,260825165003,1831,57.984229986062296
4814,260825165148,1829,57.91543958755349
4815,260825165333,1835,58.1218107830799
4816,260825165518,1850,58.637738771895904
4817,260825165703,1829,57.91543958755349
4818,260825165848,1840,58.29378677935189
4819,260825170033,1841,58.32818197860629
4820,260825170219,1847,58.5345531741327
4821,260825170404,1860,58.98169076443992
4822,260825170549,1806,57.12435000470227
4823,260825170734,1813,57.365116399483064
4824,260825170919,2774,90.41890288296229
4825,260825171104,3951,130.90205240539208
4826,260825171249,4095,135.8549610980258
4827,260825171434,4095,135.8549610980258
4828,260825171619,4095,135.8549610980258
4829,260825171804,4095,135.8549610980258
4830,260825171949,4095,135.8549610980258
4831,260825172134,4095,135.8549610980258
4832,260825172319,4095,135.8549610980258
4833,260825172504,4095,135.8549610980258
4834,260825172649,4095,135.8549610980258
4835,260825172834,4095,135.8549610980258
4836,260825173019,4095,135.8549610980258
4837,260825173204,4095,135.8549610980258
4838,260825173349,4095,135.8549610980258
4839,260825173534,4095,135.8549610980258
4840,260825173719,4095,135.8549610980258
4841,260825173904,4095,135.8549610980258
4842,260825174049,4095,135.8549610980258
4843,260825174234,4095,135.8549610980258
4844,260825174419,4095,135.8549610980258
4845,260825174604,4095,135.8549610980258
4846,260825174749,4095,135.8549610980258
4847,260825174934,4095,135.8549610980258
4848,260825175119,4095,135.8549610980258
4849,260825175304,4095,135.8549610980258
4850,260825175449,4095,135.8549610980258
4851,260825175634,4095,135.8549610980258
4852,260825175819,4095,135.8549610980258
4853,260825180004,4095,135.8549610980258
4854,260825180149,4095,135.8549610980258
4855,260825180334,4095,135.8549610980258
4856,260825180519,4095,135.8549610980258
4857,260825180704,4095,135.8549610980258
4858,260825180849,4095,135.8549610980258
4859,260825181034,4095,135.8549610980258
4860,260825181219,4095,135.8549610980258
4861,260825181404,4095,135.8549610980258
4862,260825181549,4095,135.8549610980258
4863,260825181734,4095,135.8549610980258
4864,260825181734,4095,135.8549610980258
4865,260825181734,4095,135.8549610980258
4866,260825181919,4095,135.8549610980258
4867,260825182104,4095,135.8549610980258
4868,260825182249,4095,135.8549610980258
4869,260825182434,4095,135.8549610980258
4870,260825182619,4095,135.8549610980258
4871,260825182804,4095,135.8549610980258
4872,260825182949,4095,135.8549610980258
4873,260825183134,4095,135.8549610980258
4874,260825183319,4095,135.8549610980258
4875,260825183649,4095,135.8549610980258
4876,260825183834,4095,135.8549610980258
4877,260825184019,4083,135.442218706973
4878,260825184204,4085,135.51100910548178
4879,260825184349,4095,135.8549610980258
4880,260825184534,4038,133.89443474052496
4881,260825184719,4064,134.7887099211394
4882,260825184904,4041,133.9976203382882
4883,260825185049,4084,135.47661390622739
4884,260825185234,4031,133.65366834574417
4885,260825185603,4034,133.75685394350734
4886,260825185747,4019,133.24092595469133
4887,260825185932,4026,133.48169234947213
4888,260825190117,4006,132.79378836438414
4889,260825190302,3998,132.51862677034893
4890,260825190447,3984,132.03709398078732
4891,260825190632,3996,132.44983637184012
4892,260825190817,3972,131.6243515897345
4893,260825191005,3965,131.3835851949537
4894,260825191150,3980,131.8995131837697
4895,260825191335,3989,132.2090699770593
4896,260825191520,3938,130.45491481508486
4897,260825191705,3946,130.73007640912007
4898,260825191850,3917,129.73261563074246
4899,260825192035,3926,130.04217242403206
4900,260825192220,3937,130.42051961583047
4901,260825192405,3862,127.84087967175041
4902,260825192550,3851,127.462532479952
4903,260825192735,3873,128.2192268635488
4904,260825192920,3869,128.08164606653122
4905,260825193105,3872,128.18483166429442
4906,260825193250,3862,127.84087967175041
4907,260825193435,3861,127.80648447249601
4908,260825193620,3861,127.80648447249601
4909,260825193805,3862,127.84087967175041
4910,260825193950,3868,128.0472508672768
4911,260825194135,3868,128.0472508672768
4912,260825194320,3869,128.08164606653122
4913,260825194505,3869,128.08164606653122
4914,260825194650,3866,127.978460468768
4915,260825194835,3855,127.60011327696961
4916,260825195020,3853,127.5313228784608
4917,260825195205,3841,127.11858048740798
4918,260825195350,3838,127.01539488964478
4919,260825195535,3835,126.9122092918816
4920,260825195720,3831,126.77462849486399
4921,260825195905,3828,126.67144289710077
4922,260825200050,3825,126.56825729933757
4923,260825200235,3822,126.46507170157437
4924,260825200420,3818,126.32749090455677
4925,260825200605,3815,126.22430530679357
4926,260825200750,3812,126.12111970903035
4927,260825200935,3809,126.01793411126717
4928,260825201120,3806,125.91474851350397
4929,260825201305,3804,125.84595811499516
4930,260825201450,3811,126.08672450977596
4931,260825201635,3792,125.43321572394234
4932,260825201820,3789,125.33003012617914
4933,260825202006,3788,125.29563492692473
4934,260825202151,3787,125.26123972767034
4935,260825202336,3787,125.26123972767034
4936,260825202521,3786,125.22684452841594
4937,260825202706,3795,125.53640132170555
4938,260825202851,3789,125.33003012617914
4939,260825203036,3776,124.88289253587193
4940,260825203221,3774,124.81410213736314
4941,260825203405,3779,124.98607813363515
4942,260825203550,3773,124.77970693810873
4943,260825203735,3756,124.1949885507839
4944,260825203920,3745,123.8166413589855
4945,260825204105,3738,123.5758749642047
4946,260825204250,3749,123.95422215600311
4947,260825204435,3725,123.1287373738975
4948,260825204620,3741,123.6790605619679
4949,260825204805,3738,123.5758749642047
4950,260825204950,3732,123.36950376867829
4951,260825205135,3720,122.9567613776255
4952,260825205320,3711,122.64720458433588
4953,260825205505,3674,121.37458221192304
4954,260825205649,3706,122.47522858806387
4955,260825205834,3682,121.64974380595825
4956,260825210019,3692,121.99369579850227
4957,260825210204,3675,121.40897741117745
4958,260825210349,3659,120.85865422310704
4959,260825210534,3666,121.09942061788784
4960,260825210719,3661,120.92744462161583
4961,260825210904,3643,120.30833103503663
4962,260825211049,3638,120.13635503876462
4963,260825211234,3639,120.17075023801902
4964,260825211419,3603,118.93252306486059
4965,260825211604,3600,118.82933746709739
4966,260825211749,3614,119.310870256659
4967,260825211934,3608,119.1044990611326
4968,260825212119,3592,118.55417587306218
4969,260825212304,3600,118.82933746709739
4970,260825212449,3585,118.31340947828137
4971,260825212634,3562,117.52231989543016
4972,260825212819,3572,117.86627188797416
4973,260825213004,3561,117.48792469617575
4974,260825213149,3551,117.14397270363175
4975,260825213334,3565,117.62550549319334
4976,260825213518,3563,117.55671509468456
4977,260825213703,3559,117.41913429766696
4978,260825213848,3546,116.97199670735974
4979,260825214033,3539,116.73123031257893
4980,260825214218,3521,116.11211672599971
4981,260825214403,3525,116.24969752301732
4982,260825214548,3511,115.7681647334557
4983,260825214733,3500,115.38981754165731
4984,260825214918,3509,115.6993743349469
4985,260825215103,3505,115.5617935379293
4986,260825215248,3502,115.4586079401661
4987,260825215433,3513,115.8369551319645
4988,260825215618,3497,115.2866319438941
4989,260825215803,3493,115.14905114687649
4990,260825215948,3483,114.80509915433248
4991,260825220133,3494,115.18344634613089
4992,260825220318,3462,114.08279996999006
4993,260825220503,3459,113.97961437222686
4994,260825220648,3484,114.83949435358689
4995,260825220833,3436,113.18852478937565
4996,260825221018,3474,114.49554236104288
4997,260825221203,3502,115.4586079401661
4998,260825221347,3453,113.77324317670048
4999,260825221532,3473,114.46114716178847
5000,260825221717,3480,114.7019135565693
5001,260825221902,3477,114.59872795880608
5002,260825222047,3485,114.87388955284128
5003,260825222232,3497,115.2866319438941
5004,260825222417,3453,113.77324317670048
5005,260825222602,3468,114.28917116551648
5006,260825222752,3477,114.59872795880608
5007,260825222937,3454,113.80763837595487
5008,260825223122,3475,114.52993756029728
5009,260825223307,3477,114.59872795880608
5010,260825223452,3473,114.46114716178847
5011,260825223637,3468,114.28917116551648
5012,260825223822,3453,113.77324317670048
5013,260825224007,3458,113.94521917297246
5014,260825224152,3472,114.42675196253408
5015,260825224337,3469,114.32356636477087
5016,260825224522,3478,114.63312315806049
5017,260825224707,3466,114.22038076700767
5018,260825224852,3486,114.90828475209568
5019,260825225037,3484,114.83949435358689
5020,260825225222,3459,113.97961437222686
5021,260825225407,3467,114.25477596626207
5022,260825225552,3473,114.46114716178847
5023,260825225737,3487,114.94267995135009
5024,260825225922,3467,114.25477596626207
5025,260825230107,3477,114.59872795880608
5026,260825230252,3465,114.18598556775326
5027,260825230437,3477,114.59872795880608
5028,260825230622,3430,112.98215359384923
5029,260825230807,3445,113.49808158266526
5030,260825230952,3444,113.46368638341086
5031,260825231137,3416,112.50062080428764
5032,260825231322,3432,113.05094399235804
5033,260825231507,3412,112.36304000727003
5034,260825231652,3422,112.70699199981404
5035,260825231837,3417,112.53501600354204
5036,260825232022,3411,112.32864480801562
5037,260825232207,3408,112.22545921025242
5038,260825232352,3393,111.70953122143642
5039,260825232352,3393,111.70953122143642
5040,260825232537,3410,112.29424960876122
5041,260825232722,3404,112.08787841323482
5042,260825232907,3391,111.64074082292761
5043,260825233052,3395,111.77832161994522
5044,260825233237,3394,111.74392642069081
5045,260825233422,3405,112.12227361248922
5046,260825233608,3379,111.2279984318748
5047,260825233753,3368,110.8496512400764
5048,260825233938,3362,110.64328004454998
5049,260825234123,3393,111.70953122143642
5050,260825234308,3386,111.4687648266556
5051,260825234453,3357,110.47130404827799
5052,260825234638,3366,110.78086084156759
5053,260825234823,3329,109.50823846915476
5054,260825235008,3352,110.29932805200598
5055,260825235153,3366,110.78086084156759
5056,260825235338,3366,110.78086084156759
5057,260825235523,3343,109.98977125871637
5058,260825235708,3327,109.43944807064595
5059,260825235853,3361,110.60888484529559
5060,260826000038,3335,109.71460966468116
5061,260826000223,3367,110.81525604082199
5062,260826000408,3368,110.8496512400764
5063,260826000553,3367,110.81525604082199
5064,260826000738,3346,110.09295685647956
5065,260826000923,3348,110.16174725498837
5066,260826001108,3345,110.05856165722518
5067,260826001253,3343,109.98977125871637
5068,260826001438,3341,109.92098086020758
5069,260826001623,3340,109.88658566095317
5070,260826001808,3338,109.81779526244436
5071,260826001953,3336,109.74900486393557
5072,260826002138,3334,109.68021446542676
5073,260826002323,3332,109.61142406691796
5074,260826002508,3330,109.54263366840915
5075,260826002653,3328,109.47384326990036
5076,260826002838,3326,109.40505287139155
5077,260826003023,3324,109.33626247288275
5078,260826003208,3322,109.26747207437394
5079,260826003353,3320,109.19868167586515
5080,260826003538,3318,109.12989127735634
5081,260826003723,3316,109.06110087884755
5082,260826003908,3315,109.02670567959315
5083,260826004053,3313,108.95791528108435
5084,260826004238,3311,108.88912488257554
5085,260826004423,3309,108.82033448406675
5086,260826004608,3307,108.75154408555794
5087,260826004753,3306,108.71714888630353
5088,260826004938,3304,108.64835848779474
5089,260826005123,3302,108.57956808928593
5090,260826005308,3301,108.54517289003154
5091,260826005453,3299,108.47638249152273
5092,260826005638,3297,108.40759209301393
5093,260826005823,3295,108.33880169450512
5094,260826010008,3294,108.30440649525072
5095,260826010153,3292,108.23561609674192
5096,260826010338,3290,108.16682569823313
5097,260826010523,3288,108.09803529972433
5098,260826010708,3287,108.06364010046993
5099,260826010853,3285,107.99484970196113
5100,260826011038,3284,107.96045450270672
5101,260826011223,3283,107.92605930345232
5102,260826011408,3281,107.85726890494352
5103,260826011553,3280,107.82287370568912
5104,260826011738,3279,107.78847850643471
5105,260826011923,3277,107.71968810792592
5106,260826012108,3276,107.68529290867151
5107,260826012253,3275,107.65089770941711
5108,260826012438,3274,107.6165025101627
5109,260826012623,3272,107.54771211165391
5110,260826012808,3271,107.5133169123995
5111,260826012953,3270,107.4789217131451
5112,260826013138,3269,107.44452651389071
5113,260826013323,3268,107.4101313146363
5114,260826013508,3266,107.34134091612749
5115,260826013653,3265,107.3069457168731
5116,260826013838,3264,107.2725505176187
5117,260826014023,3263,107.2381553183643
5118,260826014208,3262,107.2037601191099
5119,260826014353,3260,107.1349697206011
5120,260826014538,3259,107.1005745213467
5121,260826014723,3258,107.0661793220923
5122,260826014908,3257,107.0317841228379
5123,260826015053,3256,106.9973889235835
5124,260826015238,3255,106.9629937243291
5125,260826015423,3254,106.92859852507469
5126,260826015608,3253,106.8942033258203
5127,260826015753,3252,106.8598081265659
5128,260826015938,3251,106.82541292731149
5129,260826020123,3250,106.79101772805708
5130,260826020308,3250,106.79101772805708
5131,260826020453,3233,106.20629934073229
5132,260826020638,3206,105.27762896086345
5133,260826020823,3200,105.07125776533705
5134,260826021008,3196,104.93367696831945
5135,260826021153,3191,104.76170097204744
5136,260826021338,3186,104.58972497577543
5137,260826021524,3182,104.45214417875782
5138,260826021709,3178,104.31456338174023
5139,260826021854,3174,104.17698258472262
5140,260826022039,3179,104.34895858099463
5141,260826022224,3195,104.89928176906504
5142,260826022409,3221,105.79355694967947
5143,260826022554,3205,105.24323376160906
5144,260826022739,3233,106.20629934073229
5145,260826022924,3194,104.86488656981064
5146,260826023109,3196,104.93367696831945
5147,260826023254,3210,105.41520975788104
5148,260826023439,3210,105.41520975788104
5149,260826023624,3213,105.51839535564426
5150,260826023809,3198,105.00246736682824
5151,260826023954,3204,105.20883856235466
5152,260826024139,3186,104.58972497577543
5153,260826024324,3188,104.65851537428424
5154,260826024509,3180,104.38335378024904
5155,260826024654,3171,104.07379698695942
5156,260826024839,3171,104.07379698695942
5157,260826025024,3172,104.10819218621383
5158,260826025209,3172,104.10819218621383
5159,260826025354,3171,104.07379698695942
5160,260826025539,3171,104.07379698695942
5161,260826025724,3170,104.03940178770502
5162,260826025909,3170,104.03940178770502
5163,260826030054,3169,104.00500658845063
5164,260826030239,3168,103.97061138919622
5165,260826030423,3167,103.93621618994182
5166,260826030608,3165,103.86742579143302
5167,260826030753,3164,103.83303059217862
5168,260826030938,3163,103.79863539292421
5169,260826031123,3161,103.72984499441542
5170,260826031308,3160,103.69544979516101
5171,260826031453,3159,103.6610545959066
5172,260826031638,3157,103.59226419739781
5173,260826031823,3156,103.5578689981434
5174,260826032008,3154,103.4890785996346
5175,260826032153,3153,103.45468340038022
5176,260826032338,3151,103.38589300187141
5177,260826032524,3150,103.351497802617
5178,260826032709,3149,103.31710260336261
5179,260826032854,3147,103.2483122048538
5180,260826033039,3146,103.2139170055994
5181,260826033224,3144,103.1451266070906
5182,260826033409,3142,103.0763362085818
5183,260826033554,3141,103.0419410093274
5184,260826033739,3139,102.97315061081859
5185,260826033924,3138,102.93875541156419
5186,260826034109,3137,102.9043602123098
5187,260826034254,3135,102.83556981380099
5188,260826034439,3134,102.80117461454658
5189,260826034624,3133,102.76677941529219
5190,260826034809,3132,102.73238421603779
5191,260826034954,3130,102.66359381752898
5192,260826035139,3129,102.62919861827459
5193,260826035324,3128,102.59480341902018
5194,260826035509,3127,102.56040821976578
5195,260826035654,3126,102.5260130205114
5196,260826035839,3125,102.491617821257
5197,260826040024,3124,102.45722262200259
5198,260826040209,3123,102.42282742274818
5199,260826040354,3121,102.35403702423939
5200,260826040539,3120,102.31964182498498
5201,260826040724,3119,102.28524662573058
5202,260826040909,3118,102.25085142647619
5203,260826041054,3117,102.21645622722178
5204,260826041239,3117,102.21645622722178
5205,260826041424,3116,102.18206102796738
5206,260826041609,3115,102.14766582871297
5207,260826041754,3114,102.11327062945858
5208,260826041939,3113,102.07887543020418
5209,260826042124,3112,102.04448023094977
5210,260826042309,3111,102.01008503169537
5211,260826042454,3110,101.97568983244098
5212,260826042639,3109,101.94129463318657
5213,260826042824,3108,101.90689943393217
5214,260826043009,3107,101.87250423467776
5215,260826043154,3107,101.87250423467776
5216,260826043339,3106,101.83810903542336
5217,260826043524,3105,101.80371383616897
5218,260826043709,3104,101.76931863691456
5219,260826043854,3103,101.73492343766016
5220,260826044039,3103,101.73492343766016
5221,260826044224,3102,101.70052823840575
5222,260826044409,3101,101.66613303915136
5223,260826044554,3100,101.63173783989696
5224,260826044739,3100,101.63173783989696
5225,260826044924,3099,101.59734264064257
5226,260826045109,3098,101.56294744138818
5227,260826045254,3098,101.56294744138818
5228,260826045439,3097,101.52855224213377
5229,260826045624,3096,101.49415704287937
5230,260826045809,3095,101.45976184362496
5231,260826045954,3095,101.45976184362496
5232,260826050139,3094,101.42536664437057
5233,260826050324,3094,101.42536664437057
5234,260826050509,3093,101.39097144511616
5235,260826050654,3092,101.35657624586176
5236,260826050839,3092,101.35657624586176
5237,260826051024,3091,101.32218104660735
5238,260826051209,3090,101.28778584735296
5239,260826051354,3090,101.28778584735296
5240,260826051539,3089,101.25339064809856
5241,260826051724,3088,101.21899544884415
5242,260826051909,3088,101.21899544884415
5243,260826052054,3087,101.18460024958975
5244,260826052239,3087,101.18460024958975
5245,260826052424,3086,101.15020505033536
5246,260826052609,3086,101.15020505033536
5247,260826052754,3085,101.11580985108095
5248,260826052939,3085,101.11580985108095
5249,260826053124,3084,101.08141465182655
5250,260826053309,3084,101.08141465182655
5251,260826053454,3083,101.04701945257214
5252,260826053639,3082,101.01262425331775
5253,260826053824,3082,101.01262425331775
5254,260826054009,3081,100.97822905406335
5255,260826054154,3081,100.97822905406335
5256,260826054339,3080,100.94383385480894
5257,260826054524,3080,100.94383385480894
5258,260826054709,3080,100.94383385480894
5259,260826054854,3079,100.90943865555454
5260,260826055039,3079,100.90943865555454
5261,260826055224,3078,100.87504345630015
5262,260826055409,3078,100.87504345630015
5263,260826055554,3077,100.84064825704574
5264,260826055739,3077,100.84064825704574
5265,260826055924,3076,100.80625305779134
5266,260826060109,3076,100.80625305779134
5267,260826060254,3075,100.77185785853693
5268,260826060439,3075,100.77185785853693
5269,260826060624,3075,100.77185785853693
5270,260826060810,3074,100.73746265928254
5271,260826060955,3074,100.73746265928254
5272,260826061140,3073,100.70306746002814
5273,260826061325,3073,100.70306746002814
5274,260826061510,3072,100.66867226077375
5275,260826061655,3072,100.66867226077375
5276,260826061840,3071,100.63427706151934
5277,260826062025,3071,100.63427706151934
5278,260826062210,3070,100.59988186226495
5279,260826062355,3070,100.59988186226495
5280,260826062540,3069,100.56548666301055
5281,260826062725,3069,100.56548666301055
5282,260826062910,3068,100.53109146375614
5283,260826063055,3068,100.53109146375614
5284,260826063240,3067,100.49669626450174
5285,260826063425,3067,100.49669626450174
5286,260826063610,3066,100.46230106524735
5287,260826063755,3066,100.46230106524735
5288,260826063940,3065,100.42790586599294
5289,260826064125,3065,100.42790586599294
5290,260826064310,3064,100.39351066673854
5291,260826064455,3064,100.39351066673854
5292,260826064640,3063,100.35911546748413
5293,260826064825,3062,100.32472026822974
5294,260826065010,3062,100.32472026822974
5295,260826065155,3061,100.29032506897533
5296,260826065340,3060,100.25592986972093
5297,260826065525,3060,100.25592986972093
5298,260826065710,3059,100.22153467046653
5299,260826065855,3058,100.18713947121213
5300,260826070040,3057,100.15274427195773
5301,260826070225,3056,100.11834907270332
5302,260826070410,3055,100.08395387344892
5303,260826070555,3054,100.04955867419453
5304,260826070740,3054,100.04955867419453
5305,260826070925,3053,100.01516347494012
5306,260826071110,3052,99.98076827568572
5307,260826071255,3051,99.94637307643131
5308,260826071440,3050,99.91197787717692
5309,260826071625,3050,99.91197787717692
5310,260826071810,3049,99.87758267792252
5311,260826071955,3048,99.84318747866811
5312,260826072140,3047,99.80879227941371
5313,260826072325,3047,99.80879227941371
5314,260826072510,3046,99.77439708015932
5315,260826072655,3045,99.74000188090491
5316,260826072840,3044,99.70560668165052
5317,260826073025,3044,99.70560668165052
5318,260826073210,3043,99.67121148239612
5319,260826073355,3042,99.63681628314173
5320,260826073540,3042,99.63681628314173
5321,260826073725,3041,99.60242108388732
5322,260826073910,3040,99.56802588463292
5323,260826074055,3040,99.56802588463292
5324,260826074240,3039,99.53363068537851
5325,260826074425,3039,99.53363068537851
5326,260826074610,3038,99.49923548612412
5327,260826074755,3037,99.46484028686972
5328,260826074940,3037,99.46484028686972
5329,260826075125,3036,99.43044508761531
5330,260826075310,3035,99.3960498883609
5331,260826075455,3035,99.3960498883609
5332,260826075640,3034,99.36165468910652
5333,260826075825,3034,99.36165468910652
5334,260826080010,3033,99.32725948985211
5335,260826080155,3033,99.32725948985211
5336,260826080340,3032,99.2928642905977
5337,260826080525,3032,99.2928642905977
5338,260826080710,3031,99.2584690913433
5339,260826080855,3031,99.2584690913433
5340,260826081040,3030,99.22407389208891
5341,260826081225,3030,99.22407389208891
5342,260826081410,3029,99.1896786928345
5343,260826081555,3029,99.1896786928345
5344,260826081740,3028,99.1552834935801
5345,260826081925,3028,99.1552834935801
5346,260826082110,3027,99.1208882943257
5347,260826082255,3027,99.1208882943257
5348,260826082440,3026,99.0864930950713
5349,260826082625,3026,99.0864930950713
5350,260826082810,3026,99.0864930950713
5351,260826082955,3025,99.0520978958169
5352,260826083140,3025,99.0520978958169
5353,260826083325,3024,99.0177026965625
5354,260826083510,3024,99.0177026965625
5355,260826083655,3024,99.0177026965625
5356,260826083840,3023,98.98330749730809
5357,260826084025,3023,98.98330749730809
5358,260826084210,3022,98.9489122980537
5359,260826084355,3022,98.9489122980537
5360,260826084540,3022,98.9489122980537
5361,260826084725,3021,98.9145170987993
5362,260826084911,3021,98.9145170987993
5363,260826085056,3021,98.9145170987993
5364,260826085241,3020,98.88012189954489
5365,260826085426,3020,98.88012189954489
5366,260826085611,3018,98.8113315010361
5367,260826085756,3016,98.7425411025273
5368,260826085941,3016,98.7425411025273
5369,260826090126,3016,98.7425411025273
5370,260826090311,3016,98.7425411025273
5371,260826090455,3016,98.7425411025273
5372,260826090640,3015,98.7081459032729
5373,260826090824,3015,98.7081459032729
5374,260826091009,3015,98.7081459032729
5375,260826091154,3015,98.7081459032729
5376,260826091340,3015,98.7081459032729
5377,260826091525,3014,98.6737507040185
5378,260826091710,3014,98.6737507040185
5379,260826091855,3014,98.6737507040185
5380,260826092040,3014,98.6737507040185
5381,260826092225,3014,98.6737507040185
5382,260826092410,3013,98.6393555047641
5383,260826092555,3013,98.6393555047641
5384,260826092740,3013,98.6393555047641
5385,260826092925,3013,98.6393555047641
5386,260826093110,3013,98.6393555047641
5387,260826093255,3012,98.60496030550969
5388,260826093440,3012,98.60496030550969
5389,260826093625,3012,98.60496030550969
5390,260826093810,3012,98.60496030550969
5391,260826093955,3012,98.60496030550969
5392,260826094140,3011,98.57056510625529
5393,260826094325,3011,98.57056510625529
5394,260826094510,3011,98.57056510625529
5395,260826094655,3011,98.57056510625529
5396,260826094840,3011,98.57056510625529
5397,260826095025,3011,98.57056510625529
5398,260826095210,3010,98.5361699070009
5399,260826095355,3010,98.5361699070009
5400,260826095540,3010,98.5361699070009
5401,260826095725,3010,98.5361699070009
5402,260826095910,3010,98.5361699070009
5403,260826100055,3010,98.5361699070009
5404,260826100240,3010,98.5361699070009
5405,260826100425,3010,98.5361699070009
5406,260826100610,3010,98.5361699070009
5407,260826100755,3010,98.5361699070009
5408,260826100940,3010,98.5361699070009
5409,260826101125,3010,98.5361699070009
5410,260826101310,3010,98.5361699070009
5411,260826101455,3010,98.5361699070009
5412,260826101640,3010,98.5361699070009
5413,260826101825,3010,98.5361699070009
5414,260826102010,3010,98.5361699070009
5415,260826102155,3010,98.5361699070009
5416,260826102340,3010,98.5361699070009
5417,260826102525,3010,98.5361699070009
5418,260826102710,3009,98.50177470774649
5419,260826102855,3010,98.5361699070009
5420,260826103040,3009,98.50177470774649
5421,260826103225,3009,98.50177470774649
5422,260826103410,3009,98.50177470774649
5423,260826103555,3009,98.50177470774649
5424,260826103740,3009,98.50177470774649
5425,260826103925,3009,98.50177470774649
5426,260826104110,3009,98.50177470774649
5427,260826104255,3008,98.46737950849209
5428,260826104440,3008,98.46737950849209
5429,260826104625,3008,98.46737950849209
5430,260826104810,3008,98.46737950849209
5431,260826104955,3008,98.46737950849209
5432,260826105140,3008,98.46737950849209
5433,260826105325,3008,98.46737950849209
5434,260826105510,3008,98.46737950849209
5435,260826105655,3008,98.46737950849209
5436,260826105840,3008,98.46737950849209
5437,260826110025,3008,98.46737950849209
5438,260826110210,3008,98.46737950849209
5439,260826110355,3008,98.46737950849209
5440,260826110540,3008,98.46737950849209
5441,260826110725,3008,98.46737950849209
5442,260826110910,3008,98.46737950849209
5443,260826111055,3008,98.46737950849209
5444,260826111240,3008,98.46737950849209
5445,260826111425,3007,98.43298430923768
5446,260826111610,3007,98.43298430923768
5447,260826111755,3007,98.43298430923768
5448,260826111940,3007,98.43298430923768
5449,260826112125,3007,98.43298430923768
5450,260826112310,3007,98.43298430923768
5451,260826112455,3007,98.43298430923768
5452,260826112640,3007,98.43298430923768
5453,260826112825,3007,98.43298430923768
5454,260826113010,3007,98.43298430923768
5455,260826113155,3007,98.43298430923768
5456,260826113340,3007,98.43298430923768
5457,260826113525,3007,98.43298430923768
5458,260826113710,3007,98.43298430923768
5459,260826113855,3007,98.43298430923768
5460,260826114040,3007,98.43298430923768
5461,260826114225,3006,98.39858910998329
5462,260826114410,3006,98.39858910998329
5463,260826114555,3006,98.39858910998329
5464,260826114740,3006,98.39858910998329
5465,260826114925,3006,98.39858910998329
5466,260826115110,3006,98.39858910998329
5467,260826115256,3006,98.39858910998329
5468,260826115441,3006,98.39858910998329
5469,260826115626,3005,98.36419391072889
5470,260826115811,3005,98.36419391072889
5471,260826115956,3005,98.36419391072889
5472,260826120141,3005,98.36419391072889
5473,260826120326,3005,98.36419391072889
5474,260826120511,3005,98.36419391072889
5475,260826120656,3004,98.32979871147448
5476,260826120841,3004,98.32979871147448
5477,260826121026,3003,98.29540351222008
5478,260826121211,3002,98.26100831296569
5479,260826121356,3001,98.22661311371128
5480,260826121541,3000,98.19221791445688
5481,260826121726,2999,98.15782271520247
5482,260826121911,2998,98.12342751594808
5483,260826122056,2997,98.08903231669368
5484,260826122241,2996,98.05463711743927
5485,260826122426,2995,98.02024191818487
5486,260826122611,2994,97.98584671893047
5487,260826122756,2992,97.91705632042166
5488,260826122941,2992,97.91705632042166
5489,260826123126,2991,97.88266112116726
5490,260826123311,2990,97.84826592191288
5491,260826123456,2989,97.81387072265848
5492,260826123641,2988,97.77947552340407
5493,260826123826,2987,97.74508032414967
5494,260826124011,2987,97.74508032414967
5495,260826124156,2986,97.71068512489528
5496,260826124341,2985,97.67628992564087
5497,260826124526,2985,97.67628992564087
5498,260826124711,2984,97.64189472638647
5499,260826124856,2983,97.60749952713206
5500,260826125041,2983,97.60749952713206
5501,260826125226,2983,97.60749952713206
5502,260826125411,2982,97.57310432787767
5503,260826125556,2981,97.53870912862327
5504,260826125741,2981,97.53870912862327
5505,260826125926,2980,97.50431392936886
5506,260826130111,2980,97.50431392936886
5507,260826130256,2979,97.46991873011446
5508,260826130441,2979,97.46991873011446
5509,260826130626,2979,97.46991873011446
5510,260826130811,2980,97.50431392936886
5511,260826130956,2981,97.53870912862327
5512,260826131141,2983,97.60749952713206
5513,260826131326,2984,97.64189472638647
5514,260826131511,2986,97.71068512489528
5515,260826131656,2987,97.74508032414967
5516,260826131841,2988,97.77947552340407
5517,260826132026,2989,97.81387072265848
5518,260826132211,2989,97.81387072265848
5519,260826132356,2990,97.84826592191288
5520,260826132541,2990,97.84826592191288
5521,260826132726,2989,97.81387072265848
5522,260826132911,2989,97.81387072265848
5523,260826133056,2989,97.81387072265848
5524,260826133241,2988,97.77947552340407
5525,260826133426,2988,97.77947552340407
5526,260826133611,2988,97.77947552340407
5527,260826133756,2987,97.74508032414967
5528,260826133941,2987,97.74508032414967
5529,260826134126,2986,97.71068512489528
5530,260826134311,2986,97.71068512489528
5531,260826134456,2985,97.67628992564087
5532,260826134641,2984,97.64189472638647
5533,260826134826,2984,97.64189472638647
5534,260826135011,2983,97.60749952713206
5535,260826135156,2982,97.57310432787767
5536,260826135341,2982,97.57310432787767
5537,260826135526,2981,97.53870912862327
5538,260826135711,2980,97.50431392936886
5539,260826135856,2980,97.50431392936886
5540,260826140041,2979,97.46991873011446
5541,260826140226,2979,97.46991873011446
5542,260826140411,2978,97.43552353086007
5543,260826140556,2978,97.43552353086007
5544,260826140741,2977,97.40112833160566
5545,260826140926,2977,97.40112833160566
5546,260826141111,2977,97.40112833160566
5547,260826141256,2977,97.40112833160566
5548,260826141441,2976,97.36673313235126
5549,260826141626,2976,97.36673313235126
5550,260826141811,2976,97.36673313235126
5551,260826141956,2976,97.36673313235126
5552,260826142141,2976,97.36673313235126
5553,260826142326,2975,97.33233793309685
5554,260826142511,2973,97.26354753458806
5555,260826142656,2971,97.19475713607925
5556,260826142656,2971,97.19475713607925
5557,260826142656,2971,97.19475713607925
5558,260826142841,2963,96.91959554204404
5559,260826143027,2960,96.81640994428085
5560,260826143212,2954,96.61003874875445
5561,260826143357,2952,96.54124835024564
5562,260826143542,2952,96.54124835024564
5563,260826143727,2951,96.50685315099123
5564,260826143912,2948,96.40366755322803
5565,260826144057,2958,96.74761954577205
5566,260826144242,2929,95.75015876739442
5567,260826144427,2944,96.26608675621043
5568,260826144612,2984,97.64189472638647
5569,260826144757,2993,97.95145151967607
5570,260826144942,2963,96.91959554204404
5571,260826145127,2964,96.95399074129844
5572,260826145312,2992,97.91705632042166
5573,260826145457,3004,98.32979871147448
5574,260826145642,2987,97.74508032414967
5575,260826145827,2966,97.02278113980725
5576,260826150012,3009,98.50177470774649
5577,260826150157,2990,97.84826592191288
5578,260826150342,2939,96.09411075993842
5579,260826150527,2947,96.36927235397363
5580,260826150712,2969,97.12596673757045
5581,260826150857,2959,96.78201474502644
5582,260826151042,2881,94.09918920318317
5583,260826151227,2930,95.78455396664883
5584,260826151412,2906,94.95906918454321
5585,260826151557,2924,95.57818277112241
5586,260826151742,2900,94.7526979890168
5587,260826151927,2946,96.33487715471924
5588,260826152112,2959,96.78201474502644
5589,260826152257,2957,96.71322434651765
5590,260826152442,2908,95.027859583052
5591,260826152627,2951,96.50685315099123
5592,260826152812,3004,98.32979871147448
5593,260826152957,2948,96.40366755322803
5594,260826153142,2949,96.43806275248244
5595,260826153327,2974,97.29794273384246
5596,260826153512,2977,97.40112833160566
5597,260826153657,2916,95.3030211770872
5598,260826153842,2889,94.37435079721838
5599,260826154027,2962,96.88520034278966
5600,260826154212,3032,99.2928642905977
5601,260826154357,2917,95.33741637634161
5602,260826154542,2982,97.57310432787767
5603,260826154727,2933,95.88773956441203
5604,260826154912,2930,95.78455396664883
5605,260826155057,2902,94.8214883875256
5606,260826155242,2933,95.88773956441203
5607,260826155427,2883,94.16797960169197
5608,260826155612,2971,97.19475713607925
5609,260826155757,2930,95.78455396664883
5610,260826155942,2913,95.199835579324
5611,260826160127,2967,97.05717633906164
5612,260826160312,2973,97.26354753458806
5613,260826160457,2978,97.43552353086007
5614,260826160642,2983,97.60749952713206
5615,260826160827,2988,97.77947552340407
5616,260826161012,2994,97.98584671893047
5617,260826161157,3000,98.19221791445688
5618,260826161342,3006,98.39858910998329
5619,260826161527,2996,98.05463711743927
5620,260826161712,2962,96.88520034278966
5621,260826161857,2958,96.74761954577205
5622,260826162042,2977,97.40112833160566
5623,260826162227,2882,94.13358440243758
5624,260826162412,2972,97.22915233533365
5625,260826162557,2947,96.36927235397363
5626,260826162742,2944,96.26608675621043
5627,260826162927,2918,95.37181157559601
5628,260826163111,2954,96.61003874875445
5629,260826163256,2898,94.683907590508
5630,260826163441,2891,94.44314119572718
5631,260826163626,2915,95.2686259778328
5632,260826163811,2886,94.27116519945518
5633,260826163956,2889,94.37435079721838
5634,260826164141,2897,94.6495123912536
5635,260826164326,2902,94.8214883875256
5636,260826164511,2894,94.5463267934904
5637,260826164656,2910,95.0966499815608
5638,260826164841,2913,95.199835579324
5639,260826165025,2881,94.09918920318317
5640,260826165210,2850,93.03293802629676
5641,260826165355,2905,94.9246739852888
5642,260826165540,2909,95.0622547823064
5643,260826165725,2848,92.96414762778795
5644,260826165910,2913,95.199835579324
5645,260826170055,2925,95.61257797037682
5646,260826170240,2887,94.30556039870957
5647,260826170425,2877,93.96160840616558
5648,260826170610,2952,96.54124835024564
5649,260826170755,2929,95.75015876739442
5650,260826170939,2924,95.57818277112241
5651,260826171124,2935,95.95652996292083
5652,260826171309,2909,95.0622547823064
5653,260826171454,2917,95.33741637634161
5654,260826171639,2904,94.8902787860344
5655,260826171824,2953,96.57564354950004
5656,260826172009,2892,94.47753639498158
5657,260826172154,2868,93.65205161287597
5658,260826172339,2985,97.67628992564087
5659,260826172524,3030,99.22407389208891
5660,260826172709,2991,97.88266112116726
5661,260826172853,2943,96.23169155695602
5662,260826173038,2940,96.12850595919282
5663,260826173222,2935,95.95652996292083
5664,260826173407,2931,95.81894916590322
5665,260826173552,2928,95.71576356814002
5666,260826173737,2924,95.57818277112241
5667,260826173922,2921,95.47499717335921
5668,260826174107,2918,95.37181157559601
5669,260826174252,2916,95.3030211770872
5670,260826174437,2914,95.23423077857841
5671,260826174622,2911,95.13104518081519
5672,260826174807,2909,95.0622547823064
5673,260826174952,2907,94.9934643837976
5674,260826175136,2904,94.8902787860344
5675,260826175321,2902,94.8214883875256
5676,260826175506,2899,94.71830278976239
5677,260826175651,2897,94.6495123912536
5678,260826175836,2895,94.58072199274478
5679,260826180021,2893,94.51193159423599
5680,260826180206,2890,94.40874599647279
5681,260826180351,2887,94.30556039870957
5682,260826180536,2885,94.23677000020078
5683,260826180721,2904,94.8902787860344
5684,260826180906,2934,95.92213476366643
5685,260826181051,2875,93.89281800765677
5686,260826181236,2879,94.03039880467438
5687,260826181421,2907,94.9934643837976
5688,260826181759,2951,96.50685315099123
5689,260826181944,2972,97.22915233533365
5690,260826182129,2927,95.68136836888561
5691,260826182314,2961,96.85080514353525
5692,260826182459,2911,95.13104518081519
5693,260826182644,2889,94.37435079721838
5694,260826182829,2946,96.33487715471924
5695,260826183014,2986,97.71068512489528
5696,260826183159,2962,96.88520034278966
5697,260826183344,3010,98.5361699070009
5698,260826183529,3007,98.43298430923768
5699,260826183714,3013,98.6393555047641
5700,260826183859,2961,96.85080514353525
5701,260826184044,2944,96.26608675621043
5702,260826184229,2969,97.12596673757045
5703,260826184414,3022,98.9489122980537
5704,260826184559,2981,97.53870912862327
5705,260826184744,2977,97.40112833160566
5706,260826184929,2969,97.12596673757045
5707,260826185114,2944,96.26608675621043
5708,260826185259,2990,97.84826592191288
5709,260826185444,2978,97.43552353086007
5710,260826185629,2986,97.71068512489528
5711,260826185814,2984,97.64189472638647
5712,260826185959,3000,98.19221791445688
5713,260826190144,2996,98.05463711743927
5714,260826190329,2994,97.98584671893047
5715,260826190514,2999,98.15782271520247
5716,260826190659,3020,98.88012189954489
5717,260826190844,3018,98.8113315010361
5718,260826191029,3042,99.63681628314173
5719,260826191214,3017,98.7769363017817
5720,260826191359,3011,98.57056510625529
5721,260826191544,3043,99.67121148239612
5722,260826191729,3037,99.46484028686972
5723,260826191914,3038,99.49923548612412
5724,260826192059,3027,99.1208882943257
5725,260826192244,3034,99.36165468910652
5726,260826192429,3030,99.22407389208891
5727,260826192614,3028,99.1552834935801
5728,260826192759,3025,99.0520978958169
5729,260826192944,3007,98.43298430923768
5730,260826193129,3001,98.22661311371128
5731,260826193314,3008,98.46737950849209
5732,260826193459,3006,98.39858910998329
5733,260826193644,3002,98.26100831296569
5734,260826193829,2992,97.91705632042166
5735,260826194014,2994,97.98584671893047
5736,260826194159,2986,97.71068512489528
5737,260826194344,2991,97.88266112116726
5738,260826194529,3001,98.22661311371128
5739,260826194714,2999,98.15782271520247
5740,260826194859,2998,98.12342751594808
5741,260826195044,2994,97.98584671893047
5742,260826195229,2967,97.05717633906164
5743,260826195414,2974,97.29794273384246
5744,260826195559,2984,97.64189472638647
5745,260826195744,2977,97.40112833160566
5746,260826195929,2983,97.60749952713206
5747,260826200114,2981,97.53870912862327
5748,260826200259,2971,97.19475713607925
5749,260826200444,2980,97.50431392936886
5750,260826200629,2987,97.74508032414967
5751,260826200814,2976,97.36673313235126
5752,260826200959,2974,97.29794273384246
5753,260826201144,2966,97.02278113980725
5754,260826201329,2965,96.98838594055285
5755,260826201514,2955,96.64443394800884
5756,260826201659,2962,96.88520034278966
5757,260826201844,2954,96.61003874875445
5758,260826202029,2939,96.09411075993842
5759,260826202214,2949,96.43806275248244
5760,260826202359,2947,96.36927235397363
5761,260826202544,2954,96.61003874875445
5762,260826202729,2902,94.8214883875256
5763,260826202914,2909,95.0622547823064
5764,260826203059,2910,95.0966499815608
5765,260826203244,2953,96.57564354950004
5766,260826203429,2932,95.85334436515762
5767,260826203614,2929,95.75015876739442
5768,260826203800,2841,92.72338123300715
5769,260826203944,2910,95.0966499815608
5770,260826204130,2906,94.95906918454321
5771,260826204315,2903,94.85588358678
5772,260826204500,2881,94.09918920318317
5773,260826204645,2904,94.8902787860344
5774,260826204830,2898,94.683907590508
5775,260826205015,2906,94.95906918454321
5776,260826205200,2880,94.06479400392878
5777,260826205345,2889,94.37435079721838
5778,260826205530,2890,94.40874599647279
5779,260826205715,2903,94.85588358678
5780,260826205900,2880,94.06479400392878
5781,260826210045,2890,94.40874599647279
5782,260826210230,2897,94.6495123912536
5783,260826210415,2906,94.95906918454321
5784,260826210600,2900,94.7526979890168
5785,260826210745,2886,94.27116519945518
5786,260826210930,2889,94.37435079721838
5787,260826211115,2887,94.30556039870957
5788,260826211300,2891,94.44314119572718
5789,260826211445,2884,94.20237480094637
5790,260826211630,2876,93.92721320691118
5791,260826211815,2879,94.03039880467438
5792,260826212000,2878,93.99600360541999
5793,260826212145,2871,93.75523721063917
5794,260826212330,2878,93.99600360541999
5795,260826212515,2886,94.27116519945518
5796,260826212700,2879,94.03039880467438
5797,260826212845,2868,93.65205161287597
5798,260826213030,2871,93.75523721063917
5799,260826213215,2860,93.37689001884075
5800,260826213400,2896,94.61511719199919
5801,260826213545,2854,93.17051882331435
5802,260826213730,2850,93.03293802629676
5803,260826213915,2855,93.20491402256874
5804,260826214100,2859,93.34249481958635
5805,260826214245,2851,93.06733322555115
5806,260826214430,2825,92.17305804493674
5807,260826214615,2842,92.75777643226155
5808,260826214800,2827,92.24184844344552
5809,260826214945,2863,93.48007561660395
5810,260826215130,2820,92.00108204866473
5811,260826215315,2821,92.03547724791913
5812,260826215500,2827,92.24184844344552
5813,260826215645,2802,91.38196846208551
5814,260826215830,2849,92.99854282704236
5815,260826220015,2805,91.48515405984871
5816,260826220200,2811,91.69152525537511
5817,260826220345,2819,91.96668684941034
5818,260826220530,2831,92.37942924046312
5819,260826220715,2814,91.79471085313833
5820,260826220900,2823,92.10426764642794
5821,260826221045,2824,92.13866284568233
5822,260826221230,2792,91.0380164695415
5823,260826221415,2819,91.96668684941034
5824,260826221600,2820,92.00108204866473
5825,260826221745,2820,92.00108204866473
5826,260826221930,2782,90.6940644769975
5827,260826222115,2800,91.3131780635767
5828,260826222300,2789,90.9348308717783
5829,260826222445,2796,91.17559726655911
5830,260826222630,2795,91.14120206730472
5831,260826222815,2821,92.03547724791913
5832,260826223000,2813,91.76031565388392
5833,260826223145,2805,91.48515405984871
5834,260826223330,2804,91.4507588605943
5835,260826223515,2815,91.82910605239272
5836,260826223700,2787,90.8660404732695
5837,260826223845,2784,90.76285487550629
5838,260826224030,2807,91.5539444583575
5839,260826224215,2789,90.9348308717783
5840,260826224400,2790,90.96922607103271
5841,260826224545,2782,90.6940644769975
5842,260826224730,2778,90.55648367997989
5843,260826224915,2770,90.2813220859447
5844,260826225100,2767,90.1781364881815
5845,260826225245,2779,90.5908788792343
5846,260826225430,2766,90.14374128892709
5847,260826225615,2796,91.17559726655911
5848,260826225800,2769,90.24692688669029
5849,260826225945,2772,90.35011248445348
5850,260826230130,2769,90.24692688669029
5851,260826230315,2768,90.21253168743588
5852,260826230500,2760,89.93737009340067
5853,260826230645,2773,90.38450768370788
5854,260826230830,2755,89.76539409712868
5855,260826231015,2764,90.07495089041828
5856,260826231200,2769,90.24692688669029
5857,260826231345,2781,90.65966927774309
5858,260826231530,2757,89.83418449563747
5859,260826231715,2755,89.76539409712868
5860,260826231900,2760,89.93737009340067
5861,260826232046,2761,89.97176529265508
5862,260826232231,2759,89.90297489414628
5863,260826232416,2748,89.52462770234786
5864,260826232601,2750,89.59341810085667
5865,260826232746,2753,89.69660369861987
5866,260826232931,2761,89.97176529265508
5867,260826233116,2751,89.62781330011107
5868,260826233301,2765,90.10934608967268
5869,260826233446,2761,89.97176529265508
5870,260826233631,2754,89.73099889787427
5871,260826233816,2760,89.93737009340067
5872,260826234001,2754,89.73099889787427
5873,260826234146,2752,89.66220849936546
5874,260826234331,2751,89.62781330011107
5875,260826234516,2750,89.59341810085667
5876,260826234701,2749,89.55902290160226
5877,260826234846,2748,89.52462770234786
5878,260826235031,2746,89.45583730383906
5879,260826235216,2745,89.42144210458466
5880,260826235401,2743,89.35265170607587
5881,260826235546,2742,89.31825650682147
5882,260826235731,2740,89.24946610831266
5883,260826235916,2738,89.18067570980386
5884,260827000101,2737,89.14628051054946
5885,260827000246,2735,89.07749011204066
5886,260827000431,2733,89.00869971353185
5887,260827000616,2731,88.93990931502306
5888,260827000801,2730,88.90551411576865
5889,260827000946,2728,88.83672371725984
5890,260827001131,2726,88.76793331875105
5891,260827001316,2724,88.69914292024224
5892,260827001501,2721,88.59595732247904
5893,260827001646,2714,88.35519092769825
5894,260827001831,2728,88.83672371725984
5895,260827002016,2703,87.97684373589983
5896,260827002201,2676,87.048173356031
5897,260827002346,2696,87.73607734111901
5898,260827002531,2697,87.77047254037342
5899,260827002716,2683,87.28893975081182
5900,260827002901,2681,87.22014935230301
5901,260827003046,2678,87.11696375453981
5902,260827003231,2675,87.01377815677661
5903,260827003416,2673,86.9449877582678
5904,260827003601,2671,86.876197359759
5905,260827003746,2669,86.8074069612502
5906,260827003931,2667,86.7386165627414
5907,260827004116,2664,86.63543096497818
5908,260827004301,2662,86.5666405664694
5909,260827004446,2660,86.49785016796059
5910,260827004631,2657,86.39466457019739
5911,260827004816,2655,86.3258741716886
5912,260827015936,2580,83.74623422760853
5913,260827040154,2516,81.54494147532687
5914,260827040339,2513,81.44175587756366
5915,260827040524,2512,81.40736067830926
5916,260827040709,2511,81.37296547905487
5917,260827040854,2510,81.33857027980046
5918,260827041039,2510,81.33857027980046
5919,260827041224,2511,81.37296547905487
5920,260827041409,2510,81.33857027980046
5921,260827041554,2510,81.33857027980046
5922,260827041739,2509,81.30417508054606
5923,260827041924,2509,81.30417508054606
5924,260827042109,2509,81.30417508054606
5925,260827042254,2509,81.30417508054606
5926,260827042439,2508,81.26977988129165
5927,260827042625,2508,81.26977988129165
5928,260827042810,2508,81.26977988129165
5929,260827042955,2508,81.26977988129165
5930,260827043140,2508,81.26977988129165
5931,260827043325,2513,81.44175587756366
5932,260827043510,2512,81.40736067830926
5933,260827043655,2511,81.37296547905487
5934,260827043840,2511,81.37296547905487
5935,260827044025,2512,81.40736067830926
5936,260827044210,2511,81.37296547905487
5937,260827044355,2510,81.33857027980046
5938,260827044540,2510,81.33857027980046
5939,260827044725,2509,81.30417508054606
5940,260827044910,2508,81.26977988129165
5941,260827045055,2526,81.88889346787087
5942,260827045240,2511,81.37296547905487
5943,260827045425,2502,81.06340868576525
5944,260827045610,2487,80.54748069694925
5945,260827045755,2488,80.58187589620366
5946,260827045940,2521,81.71691747159888
5947,260827050125,2527,81.92328866712528
5948,260827050310,2514,81.47615107681807
5949,260827050455,2514,81.47615107681807
5950,260827050640,2514,81.47615107681807
5951,260827050825,2516,81.54494147532687
5952,260827051010,2510,81.33857027980046
5953,260827051155,2531,82.06086946414288
5954,260827051340,2491,80.68506149396686
5955,260827051525,2483,80.40989989993164
5956,260827051710,2518,81.61373187383568
5957,260827051855,2512,81.40736067830926
5958,260827052040,2512,81.40736067830926
5959,260827052225,2511,81.37296547905487
5960,260827052410,2511,81.37296547905487
5961,260827052555,2511,81.37296547905487
5962,260827052740,2510,81.33857027980046
5963,260827052925,2558,82.9895398440117
5964,260827053110,2510,81.33857027980046
5965,260827053255,2510,81.33857027980046
5966,260827053440,2509,81.30417508054606
5967,260827053625,2509,81.30417508054606
5968,260827053810,2509,81.30417508054606
5969,260827053955,2508,81.26977988129165
5970,260827054140,2508,81.26977988129165
5971,260827054325,2509,81.30417508054606
5972,260827054510,2510,81.33857027980046
5973,260827054655,2512,81.40736067830926
5974,260827054840,2513,81.44175587756366
5975,260827055025,2515,81.51054627607247
5976,260827055210,2516,81.54494147532687
5977,260827055355,2517,81.57933667458127
5978,260827055540,2516,81.54494147532687
5979,260827055725,2507,81.23538468203726
5980,260827055910,2513,81.44175587756366
5981,260827060055,2514,81.47615107681807
5982,260827060240,2514,81.47615107681807
5983,260827060425,2514,81.47615107681807
5984,260827060610,2516,81.54494147532687
5985,260827060755,2516,81.54494147532687
5986,260827060940,2517,81.57933667458127
5987,260827061125,2517,81.57933667458127
5988,260827061310,2517,81.57933667458127
5989,260827061455,2518,81.61373187383568
5990,260827061640,2518,81.61373187383568
5991,260827061825,2518,81.61373187383568
5992,260827062010,2518,81.61373187383568
5993,260827062155,2518,81.61373187383568
5994,260827062340,2518,81.61373187383568
5995,260827062525,2518,81.61373187383568
5996,260827062710,2518,81.61373187383568
5997,260827062855,2518,81.61373187383568
5998,260827063040,2518,81.61373187383568
5999,260827063225,2518,81.61373187383568
6000,260827063410,2518,81.61373187383568
6001,260827063555,2518,81.61373187383568
6002,260827063740,2518,81.61373187383568
6003,260827063925,2518,81.61373187383568
6004,260827064110,2518,81.61373187383568
6005,260827064255,2518,81.61373187383568
6006,260827064440,2518,81.61373187383568
6007,260827064625,2518,81.61373187383568
6008,260827064810,2518,81.61373187383568
6009,260827064955,2518,81.61373187383568
6010,260827065140,2518,81.61373187383568
6011,260827065325,2518,81.61373187383568
6012,260827065510,2518,81.61373187383568
6013,260827065655,2519,81.64812707309008
6014,260827065840,2519,81.64812707309008
6015,260827070025,2519,81.64812707309008
6016,260827070210,2519,81.64812707309008
6017,260827070355,2520,81.68252227234447
6018,260827070540,2520,81.68252227234447
6019,260827070726,2520,81.68252227234447
6020,260827070911,2520,81.68252227234447
6021,260827071056,2520,81.68252227234447
6022,260827071241,2520,81.68252227234447
6023,260827071426,2520,81.68252227234447
6024,260827071611,2520,81.68252227234447
6025,260827071756,2520,81.68252227234447
6026,260827071941,2520,81.68252227234447
6027,260827072126,2520,81.68252227234447
6028,260827072311,2520,81.68252227234447
6029,260827072456,2520,81.68252227234447
6030,260827072641,2520,81.68252227234447
6031,260827072826,2520,81.68252227234447
6032,260827073011,2520,81.68252227234447
6033,260827073156,2520,81.68252227234447
6034,260827073341,2520,81.68252227234447
6035,260827073526,2520,81.68252227234447
6036,260827073711,2520,81.68252227234447
6037,260827073856,2520,81.68252227234447
6038,260827074041,2520,81.68252227234447
6039,260827074226,2521,81.71691747159888
6040,260827074411,2521,81.71691747159888
6041,260827074556,2521,81.71691747159888
6042,260827074741,2522,81.75131267085328
6043,260827074926,2522,81.75131267085328
6044,260827075111,2523,81.78570787010769
6045,260827075256,2523,81.78570787010769
6046,260827075441,2524,81.82010306936208
6047,260827075626,2524,81.82010306936208
6048,260827075811,2524,81.82010306936208
6049,260827075956,2524,81.82010306936208
6050,260827080141,2525,81.85449826861648
6051,260827080326,2525,81.85449826861648
6052,260827080511,2525,81.85449826861648
6053,260827080656,2525,81.85449826861648
6054,260827080841,2525,81.85449826861648
6055,260827081026,2525,81.85449826861648
6056,260827081211,2525,81.85449826861648
6057,260827081356,2525,81.85449826861648
6058,260827081541,2525,81.85449826861648
6059,260827081726,2525,81.85449826861648
6060,260827081911,2525,81.85449826861648
6061,260827082056,2525,81.85449826861648
6062,260827082241,2525,81.85449826861648
6063,260827082426,2525,81.85449826861648
6064,260827082611,2525,81.85449826861648
6065,260827082756,2525,81.85449826861648
6066,260827082941,2525,81.85449826861648
6067,260827083126,2525,81.85449826861648
6068,260827083311,2525,81.85449826861648
6069,260827083456,2525,81.85449826861648
6070,260827083641,2525,81.85449826861648
6071,260827083826,2525,81.85449826861648
6072,260827084011,2524,81.82010306936208
6073,260827084156,2524,81.82010306936208
6074,260827084341,2524,81.82010306936208
6075,260827084526,2524,81.82010306936208
6076,260827084711,2524,81.82010306936208
6077,260827084856,2524,81.82010306936208
6078,260827085041,2524,81.82010306936208
6079,260827085226,2523,81.78570787010769
6080,260827085411,2523,81.78570787010769
6081,260827085556,2523,81.78570787010769
6082,260827085741,2523,81.78570787010769
6083,260827085926,2522,81.75131267085328
6084,260827090111,2522,81.75131267085328
6085,260827090256,2522,81.75131267085328
6086,260827090441,2522,81.75131267085328
6087,260827090626,2522,81.75131267085328
6088,260827090811,2521,81.71691747159888
6089,260827090956,2521,81.71691747159888
6090,260827091141,2521,81.71691747159888
6091,260827091326,2521,81.71691747159888
6092,260827091511,2521,81.71691747159888
6093,260827091656,2520,81.68252227234447
6094,260827091841,2520,81.68252227234447
6095,260827092026,2520,81.68252227234447
6096,260827092211,2520,81.68252227234447
6097,260827092356,2520,81.68252227234447
6098,260827092541,2520,81.68252227234447
6099,260827092726,2520,81.68252227234447
6100,260827092911,2519,81.64812707309008
6101,260827093056,2519,81.64812707309008
6102,260827093241,2519,81.64812707309008
6103,260827093426,2519,81.64812707309008
6104,260827093611,2518,81.61373187383568
6105,260827093756,2518,81.61373187383568
6106,260827093941,2518,81.61373187383568
6107,260827094126,2518,81.61373187383568
6108,260827094311,2518,81.61373187383568
6109,260827094456,2517,81.57933667458127
6110,260827094641,2517,81.57933667458127
6111,260827094826,2517,81.57933667458127
6112,260827095011,2517,81.57933667458127
6113,260827095157,2517,81.57933667458127
6114,260827095342,2517,81.57933667458127
6115,260827095527,2516,81.54494147532687
6116,260827095712,2516,81.54494147532687
6117,260827095857,2516,81.54494147532687
6118,260827100042,2516,81.54494147532687
6119,260827100227,2516,81.54494147532687
6120,260827100412,2516,81.54494147532687
6121,260827100557,2516,81.54494147532687
6122,260827100742,2516,81.54494147532687
6123,260827100927,2516,81.54494147532687
6124,260827101112,2516,81.54494147532687
6125,260827101257,2515,81.51054627607247
6126,260827101442,2515,81.51054627607247
6127,260827101627,2515,81.51054627607247
6128,260827101812,2515,81.51054627607247
6129,260827101957,2515,81.51054627607247
6130,260827102142,2514,81.47615107681807
6131,260827102327,2514,81.47615107681807
6132,260827102512,2514,81.47615107681807
6133,260827102657,2514,81.47615107681807
6134,260827102842,2514,81.47615107681807
6135,260827103027,2514,81.47615107681807
6136,260827103212,2514,81.47615107681807
6137,260827103357,2513,81.44175587756366
6138,260827103542,2513,81.44175587756366
6139,260827103727,2513,81.44175587756366
6140,260827103912,2513,81.44175587756366
6141,260827104057,2513,81.44175587756366
6142,260827104242,2513,81.44175587756366
6143,260827104427,2513,81.44175587756366
6144,260827104612,2513,81.44175587756366
6145,260827104757,2513,81.44175587756366
6146,260827104942,2512,81.40736067830926
6147,260827105127,2512,81.40736067830926
6148,260827105312,2512,81.40736067830926
6149,260827105457,2512,81.40736067830926
6150,260827105642,2512,81.40736067830926
6151,260827105827,2512,81.40736067830926
6152,260827110012,2512,81.40736067830926
6153,260827110157,2512,81.40736067830926
6154,260827110342,2512,81.40736067830926
6155,260827110527,2512,81.40736067830926
6156,260827110712,2512,81.40736067830926
6157,260827110857,2511,81.37296547905487
6158,260827111042,2511,81.37296547905487
6159,260827111227,2511,81.37296547905487
6160,260827111412,2511,81.37296547905487
6161,260827111557,2511,81.37296547905487
6162,260827111742,2511,81.37296547905487
6163,260827111927,2511,81.37296547905487
6164,260827112112,2511,81.37296547905487
6165,260827112257,2511,81.37296547905487
6166,260827112442,2511,81.37296547905487
6167,260827112627,2510,81.33857027980046
6168,260827112812,2509,81.30417508054606
6169,260827112957,2509,81.30417508054606
6170,260827113142,2507,81.23538468203726
6171,260827113327,2511,81.37296547905487
6172,260827113512,2498,80.92582788874766
6173,260827113657,2492,80.71945669322126
6174,260827113842,2486,80.51308549769485
6175,260827114027,2491,80.68506149396686
6176,260827114212,2481,80.34110950142284
6177,260827114357,2477,80.20352870440523
6178,260827114542,2486,80.51308549769485
6179,260827114727,2481,80.34110950142284
6180,260827114912,2486,80.51308549769485
6181,260827115057,2482,80.37550470067724
6182,260827115242,2476,80.16913350515082
6183,260827115427,2490,80.65066629471245
6184,260827115612,2456,79.48122952006283
6185,260827115757,2463,79.72199591484363
6186,260827115942,2434,78.724535136466
6187,260827120127,2448,79.20606792602761
6188,260827120312,2444,79.06848712901001
6189,260827120457,2441,78.96530153124681
6190,260827120642,2439,78.89651113273801
6191,260827120827,2437,78.8277207342292
6192,260827121012,2435,78.75893033572041
6193,260827121157,2434,78.724535136466
6194,260827121342,2431,78.6213495387028
6195,260827121527,2430,78.5869543394484
6196,260827121712,2428,78.5181639409396
6197,260827121857,2426,78.44937354243079
6198,260827122042,2425,78.41497834317639
6199,260827122227,2423,78.34618794466759
6200,260827122412,2422,78.31179274541319
6201,260827122557,2434,78.724535136466
6202,260827122742,2441,78.96530153124681
6203,260827122927,2429,78.55255914019399
6204,260827123112,2432,78.6557447379572
6205,260827123257,2430,78.5869543394484
6206,260827123443,2421,78.27739754615878
6207,260827123628,2432,78.6557447379572
6208,260827123813,2432,78.6557447379572
6209,260827123958,2434,78.724535136466
6210,260827124143,2434,78.724535136466
6211,260827124328,2434,78.724535136466
6212,260827124513,2434,78.724535136466
6213,260827124658,2434,78.724535136466
6214,260827124843,2434,78.724535136466
6215,260827125028,2434,78.724535136466
6216,260827125213,2434,78.724535136466
6217,260827125358,2434,78.724535136466
6218,260827125543,2434,78.724535136466
6219,260827125728,2433,78.6901399372116
6220,260827125913,2433,78.6901399372116
6221,260827130058,2433,78.6901399372116
6222,260827130243,2433,78.6901399372116
6223,260827130428,2432,78.6557447379572
6224,260827130613,2432,78.6557447379572
6225,260827130758,2431,78.6213495387028
6226,260827130943,2431,78.6213495387028
6227,260827131128,2430,78.5869543394484
6228,260827131313,2430,78.5869543394484
6229,260827131458,2429,78.55255914019399
6230,260827131643,2429,78.55255914019399
6231,260827131828,2429,78.55255914019399
6232,260827132013,2428,78.5181639409396
6233,260827132158,2428,78.5181639409396
6234,260827132343,2427,78.4837687416852
6235,260827132528,2427,78.4837687416852
6236,260827132713,2426,78.44937354243079
6237,260827132858,2426,78.44937354243079
6238,260827133043,2425,78.41497834317639
6239,260827133228,2425,78.41497834317639
6240,260827133413,2425,78.41497834317639
6241,260827133558,2425,78.41497834317639
6242,260827133743,2424,78.380583143922
6243,260827133928,2424,78.380583143922
6244,260827134113,2424,78.380583143922
6245,260827134258,2423,78.34618794466759
6246,260827134443,2422,78.31179274541319
6247,260827134628,2422,78.31179274541319
6248,260827134813,2421,78.27739754615878
6249,260827134958,2421,78.27739754615878
6250,260827135143,2421,78.27739754615878
6251,260827135328,2421,78.27739754615878
6252,260827135513,2421,78.27739754615878
6253,260827135658,2421,78.27739754615878
6254,260827135843,2421,78.27739754615878
6255,260827140028,2421,78.27739754615878
6256,260827140213,2421,78.27739754615878
6257,260827140358,2421,78.27739754615878
6258,260827140543,2421,78.27739754615878
6259,260827140728,2421,78.27739754615878
6260,260827140913,2421,78.27739754615878
6261,260827141058,2421,78.27739754615878
6262,260827141243,2422,78.31179274541319
6263,260827141428,2422,78.31179274541319
6264,260827141613,2422,78.31179274541319
6265,260827141758,2421,78.27739754615878
6266,260827141943,2419,78.20860714764999
6267,260827142128,2424,78.380583143922
6268,260827142313,2413,78.00223595212358
6269,260827142458,2412,77.9678407528692
6270,260827142643,2412,77.9678407528692
6271,260827142828,2412,77.9678407528692
6272,260827143013,2417,78.13981674914118
6273,260827143158,2416,78.1054215498868
6274,260827143343,2416,78.1054215498868
6275,260827143528,2416,78.1054215498868
6276,260827143713,2415,78.0710263506324
6277,260827143858,2415,78.0710263506324
6278,260827144043,2415,78.0710263506324
6279,260827144228,2416,78.1054215498868
6280,260827144413,2416,78.1054215498868
6281,260827144558,2416,78.1054215498868
6282,260827144743,2416,78.1054215498868
6283,260827144928,2416,78.1054215498868
6284,260827145113,2416,78.1054215498868
6285,260827145258,2416,78.1054215498868
6286,260827145443,2415,78.0710263506324
6287,260827145628,2415,78.0710263506324
6288,260827145813,2414,78.03663115137799
6289,260827145958,2412,77.9678407528692
6290,260827150143,2412,77.9678407528692
6291,260827150328,2404,77.69267915883398
6292,260827150513,2404,77.69267915883398
6293,260827150658,2404,77.69267915883398
6294,260827150843,2398,77.48630796330757
6295,260827151028,2406,77.76146955734278
6296,260827151213,2401,77.58949356107077
6297,260827151358,2405,77.72707435808837
6298,260827151543,2405,77.72707435808837
6299,260827151729,2405,77.72707435808837
6300,260827151914,2405,77.72707435808837
6301,260827152059,2405,77.72707435808837
6302,260827152244,2405,77.72707435808837
6303,260827152429,2404,77.69267915883398
6304,260827152614,2404,77.69267915883398
6305,260827152759,2404,77.69267915883398
6306,260827152944,2404,77.69267915883398
6307,260827153129,2403,77.65828395957958
6308,260827153314,2403,77.65828395957958
6309,260827153459,2403,77.65828395957958
6310,260827153644,2403,77.65828395957958
6311,260827153829,2403,77.65828395957958
6312,260827154014,2402,77.62388876032517
6313,260827154159,2402,77.62388876032517
6314,260827154344,2402,77.62388876032517
6315,260827154529,2402,77.62388876032517
6316,260827154714,2402,77.62388876032517
6317,260827154859,2400,77.55509836181638
6318,260827155044,2392,77.27993676778117
6319,260827155229,2392,77.27993676778117
6320,260827155414,2393,77.31433196703556
6321,260827155559,2396,77.41751756479877
6322,260827155744,2395,77.38312236554437
6323,260827155929,2399,77.52070316256197
6324,260827160114,2398,77.48630796330757
6325,260827160259,2400,77.55509836181638
6326,260827160444,2400,77.55509836181638
6327,260827160629,2401,77.58949356107077
6328,260827160814,2400,77.55509836181638
6329,260827160959,2400,77.55509836181638
6330,260827161144,2399,77.52070316256197
6331,260827161329,2400,77.55509836181638
6332,260827161514,2400,77.55509836181638
6333,260827161659,2400,77.55509836181638
6334,260827161844,2400,77.55509836181638
6335,260827162029,2399,77.52070316256197
6336,260827162214,2400,77.55509836181638
6337,260827162359,2401,77.58949356107077
6338,260827162544,2394,77.34872716628996
6339,260827162729,2393,77.31433196703556
6340,260827162914,2392,77.27993676778117
6341,260827163059,2389,77.17675117001797
6342,260827163244,2386,77.07356557225476
6343,260827163429,2381,76.90158957598275
6344,260827163614,2385,77.03917037300036
6345,260827163759,2384,77.00477517374597
6346,260827163944,2376,76.72961357971076
6347,260827164129,2377,76.76400877896515
6348,260827164314,2382,76.93598477523716
6349,260827164459,2391,77.24554156852676
6350,260827164644,2368,76.45445198567555
6351,260827164829,2370,76.52324238418434
6352,260827165014,2360,76.17929039164035
6353,260827165159,2365,76.35126638791233
6354,260827165344,2364,76.31687118865794
6355,260827165529,2364,76.31687118865794
6356,260827165714,2361,76.21368559089474
6357,260827165859,2352,75.90412879760514
6358,260827170044,2363,76.28247598940354
6359,260827170229,2352,75.90412879760514
6360,260827170414,2357,76.07610479387714
6361,260827170559,2355,76.00731439536834
6362,260827170744,2357,76.07610479387714
6363,260827170929,2370,76.52324238418434
6364,260827171114,2372,76.59203278269315
6365,260827171259,2348,75.76654800058753
6366,260827171444,2362,76.24808079014915
6367,260827171629,2340,75.49138640655232
6368,260827171814,2343,75.59457200431552
6369,260827171959,2342,75.56017680506112
6370,260827172144,2342,75.56017680506112
6371,260827172329,2343,75.59457200431552
6372,260827172514,2343,75.59457200431552
6373,260827172659,2350,75.83533839909633
6374,260827172844,2338,75.42259600804351
6375,260827173029,2347,75.73215280133313
6376,260827173214,2356,76.04170959462274
6377,260827173359,2357,76.07610479387714
6378,260827173544,2358,76.11049999313154
6379,260827173729,2350,75.83533839909633
6380,260827173914,2350,75.83533839909633
6381,260827174059,2350,75.83533839909633
6382,260827174244,2350,75.83533839909633
6383,260827174429,2349,75.80094319984192
6384,260827174614,2348,75.76654800058753
6385,260827174759,2348,75.76654800058753
6386,260827174944,2348,75.76654800058753
6387,260827175129,2348,75.76654800058753
6388,260827175314,2348,75.76654800058753
6389,260827175459,2348,75.76654800058753
6390,260827175644,2348,75.76654800058753
6391,260827175830,2319,74.7690872222099
6392,260827180015,2347,75.73215280133313
6393,260827180200,2330,75.14743441400832
6394,260827180345,2328,75.07864401549952
6395,260827180530,2326,75.00985361699071
6396,260827180715,2324,74.94106321848191
6397,260827180900,2323,74.90666801922751
6398,260827181045,2322,74.8722728199731
6399,260827181230,2322,74.8722728199731
6400,260827181415,2321,74.8378776207187
6401,260827181600,2321,74.8378776207187
6402,260827181745,2320,74.80348242146431
6403,260827181930,2319,74.7690872222099
6404,260827182115,2318,74.7346920229555
6405,260827182300,2318,74.7346920229555
6406,260827182445,2317,74.7002968237011
6407,260827182630,2317,74.7002968237011
6408,260827182815,2317,74.7002968237011
6409,260827183000,2317,74.7002968237011
6410,260827183145,2317,74.7002968237011
6411,260827183330,2317,74.7002968237011
6412,260827183515,2317,74.7002968237011
6413,260827183700,2317,74.7002968237011
6414,260827183845,2317,74.7002968237011
6415,260827184030,2317,74.7002968237011
6416,260827184215,2317,74.7002968237011
6417,260827184400,2317,74.7002968237011
6418,260827184545,2315,74.6315064251923
6419,260827184730,2314,74.5971112259379
6420,260827184915,2313,74.56271602668349
6421,260827185100,2312,74.5283208274291
6422,260827185245,2312,74.5283208274291
6423,260827185430,2311,74.4939256281747
6424,260827185615,2310,74.45953042892029
6425,260827185800,2310,74.45953042892029
6426,260827185945,2310,74.45953042892029
6427,260827190130,2310,74.45953042892029
6428,260827190315,2316,74.6659016244467
6429,260827190500,2306,74.3219496319027
6430,260827190645,2321,74.8378776207187
6431,260827190830,2313,74.56271602668349
6432,260827191015,2311,74.4939256281747
6433,260827191200,2310,74.45953042892029
6434,260827191345,2309,74.42513522966588
6435,260827191530,2309,74.42513522966588
6436,260827191715,2308,74.3907400304115
6437,260827191900,2307,74.3563448311571
6438,260827192045,2305,74.28755443264829
6439,260827192230,2305,74.28755443264829
6440,260827192415,2305,74.28755443264829
6441,260827192600,2304,74.2531592333939
6442,260827192745,2304,74.2531592333939
6443,260827192930,2304,74.2531592333939
6444,260827193115,2303,74.2187640341395
6445,260827193300,2302,74.18436883488509
6446,260827193445,2301,74.14997363563069
6447,260827193630,2300,74.1155784363763
6448,260827193815,2300,74.1155784363763
6449,260827194000,2299,74.08118323712189
6450,260827194145,2299,74.08118323712189
6451,260827194330,2300,74.1155784363763
6452,260827194515,2302,74.18436883488509
6453,260827194700,2303,74.2187640341395
6454,260827194845,2304,74.2531592333939
6455,260827195030,2304,74.2531592333939
6456,260827195215,2304,74.2531592333939
6457,260827195400,2304,74.2531592333939
6458,260827195545,2303,74.2187640341395
6459,260827195730,2303,74.2187640341395
6460,260827195915,2302,74.18436883488509
6461,260827200100,2302,74.18436883488509
6462,260827200245,2302,74.18436883488509
6463,260827200430,2302,74.18436883488509
6464,260827200615,2302,74.18436883488509
6465,260827200800,2302,74.18436883488509
6466,260827200945,2303,74.2187640341395
6467,260827201130,2303,74.2187640341395
6468,260827201315,2304,74.2531592333939
6469,260827201500,2304,74.2531592333939
6470,260827201645,2304,74.2531592333939
6471,260827201830,2305,74.28755443264829
6472,260827202015,2305,74.28755443264829
6473,260827230605,2313,74.56271602668349
6474,260827230750,2314,74.5971112259379
6475,260827230935,2313,74.56271602668349
6476,260827231120,2313,74.56271602668349
6477,260827231305,2311,74.4939256281747
6478,260827231450,2312,74.5283208274291
6479,260827231635,2311,74.4939256281747
6480,260827231820,2312,74.5283208274291
6481,260827232005,2312,74.5283208274291
6482,260827232150,2298,74.04678803786749
6483,260827232335,2294,73.90920724084988
6484,260827232520,2296,73.97799763935869
6485,260827232705,2296,73.97799763935869
6486,260827232850,2295,73.94360244010429
6487,260827233035,2295,73.94360244010429
6488,260827233220,2328,75.07864401549952
6489,260827233405,2302,74.18436883488509
6490,260827233550,2281,73.46206965054266
6491,260827233735,2261,72.77416566545465
6492,260827233920,2304,74.2531592333939
6493,260827234105,2290,73.77162644383228
6494,260827234250,2290,73.77162644383228
6495,260827234435,2289,73.73723124457787
6496,260827234620,2319,74.7690872222099
6497,260827234805,2290,73.77162644383228
6498,260827234950,2294,73.90920724084988
6499,260827235135,2300,74.1155784363763
6500,260827235320,2276,73.29009365427068
6501,260827235505,2278,73.35888405277947
6502,260827235650,2286,73.63404564681467
6503,260827235835,2747,89.49023250309347
6504,260828000020,3760,124.33256934780151
6505,260828000206,4095,135.8549610980258
6506,260828000351,4095,135.8549610980258
6507,260828000536,4095,135.8549610980258
6508,260828000721,4095,135.8549610980258
6509,260828000906,4095,135.8549610980258
6510,260828001051,4095,135.8549610980258
6511,260828001236,4095,135.8549610980258
6512,260828001421,4095,135.8549610980258
6513,260828001606,4095,135.8549610980258
6514,260828001751,4095,135.8549610980258
6515,260828001936,4095,135.8549610980258
6516,260828002121,4095,135.8549610980258
6517,260828002306,4095,135.8549610980258
6518,260828002451,4095,135.8549610980258
6519,260828002636,4095,135.8549610980258
6520,260828002821,4095,135.8549610980258
6521,260828003006,4095,135.8549610980258
6522,260828003151,4095,135.8549610980258
6523,260828003521,4095,135.8549610980258
6524,260828003706,4095,135.8549610980258
6525,260828003851,4095,135.8549610980258
6526,260828004036,4095,135.8549610980258
6527,260828004221,4095,135.8549610980258
6528,260828004406,4095,135.8549610980258
6529,260828004551,4095,135.8549610980258
6530,260828004736,4095,135.8549610980258
6531,260828004921,4095,135.8549610980258
6532,260828005106,4095,135.8549610980258
6533,260828005251,4095,135.8549610980258
6534,260828005436,4095,135.8549610980258
6535,260828005621,4095,135.8549610980258
6536,260828005806,4095,135.8549610980258
6537,260828005951,4095,135.8549610980258
6538,260828010136,4095,135.8549610980258
6539,260828010321,4095,135.8549610980258
6540,260828010506,4095,135.8549610980258
6541,260828010651,4095,135.8549610980258
6542,260828010836,4095,135.8549610980258
6543,260828011021,4095,135.8549610980258
6544,260828011206,4095,135.8549610980258
6545,260828011351,4095,135.8549610980258
6546,260828011536,4095,135.8549610980258
6547,260828011721,4095,135.8549610980258
6548,260828011906,4095,135.8549610980258
6549,260828012051,4095,135.8549610980258
6550,260828012236,4095,135.8549610980258
6551,260828012421,4095,135.8549610980258
6552,260828012606,4095,135.8549610980258
6553,260828012751,4095,135.8549610980258
6554,260828012936,4095,135.8549610980258
6555,260828013121,4095,135.8549610980258
6556,260828013306,4095,135.8549610980258
6557,260828013451,4095,135.8549610980258
6558,260828013636,4095,135.8549610980258
6559,260828013821,4095,135.8549610980258
6560,260828014006,4095,135.8549610980258
6561,260828014151,4095,135.8549610980258
6562,260828014336,4095,135.8549610980258
6563,260828014521,4095,135.8549610980258
6564,260828014706,4095,135.8549610980258
6565,260828014851,4095,135.8549610980258
6566,260828015036,4095,135.8549610980258
6567,260828015221,4095,135.8549610980258
6568,260828015406,4095,135.8549610980258
6569,260828015551,4095,135.8549610980258
6570,260828015736,4095,135.8549610980258
6571,260828015921,4095,135.8549610980258
6572,260828020106,4095,135.8549610980258
6573,260828020251,4095,135.8549610980258
6574,260828020436,4095,135.8549610980258
6575,260828020621,4095,135.8549610980258
6576,260828020806,4095,135.8549610980258
6577,260828020951,4095,135.8549610980258
6578,260828021136,4095,135.8549610980258
6579,260828021321,4095,135.8549610980258
6580,260828021506,4095,135.8549610980258
6581,260828021651,4095,135.8549610980258
6582,260828021836,4095,135.8549610980258
6583,260828022021,4095,135.8549610980258
6584,260828022206,4095,135.8549610980258
6585,260828022351,4095,135.8549610980258
6586,260828022536,4095,135.8549610980258
6587,260828022721,4095,135.8549610980258
6588,260828022906,4095,135.8549610980258
6589,260828023051,4095,135.8549610980258
6590,260828023236,4095,135.8549610980258
6591,260828023421,4095,135.8549610980258
6592,260828023606,4095,135.8549610980258
6593,260828023751,4095,135.8549610980258
6594,260828023936,4095,135.8549610980258
6595,260828024121,4095,135.8549610980258
6596,260828024306,4095,135.8549610980258
6597,260828024452,4095,135.8549610980258
6598,260828024637,4095,135.8549610980258
6599,260828024822,4095,135.8549610980258
6600,260828025007,4095,135.8549610980258
6601,260828025152,4095,135.8549610980258
6602,260828025337,4095,135.8549610980258
6603,260828025522,4095,135.8549610980258
6604,260828025707,4095,135.8549610980258
6605,260828025852,4095,135.8549610980258
6606,260828030037,4095,135.8549610980258
6607,260828030222,4095,135.8549610980258
6608,260828030407,4095,135.8549610980258
6609,260828030552,4095,135.8549610980258
6610,260828030737,4095,135.8549610980258
6611,260828030922,4095,135.8549610980258
6612,260828031107,4095,135.8549610980258
6613,260828031252,4095,135.8549610980258
6614,260828031437,4095,135.8549610980258
6615,260828031622,4095,135.8549610980258
6616,260828031807,4095,135.8549610980258
6617,260828031952,4095,135.8549610980258
6618,260828032137,4095,135.8549610980258
6619,260828032322,4095,135.8549610980258
6620,260828032507,4095,135.8549610980258
6621,260828032652,4095,135.8549610980258
6622,260828032837,4095,135.8549610980258
6623,260828033022,4095,135.8549610980258
6624,260828033207,4095,135.8549610980258
6625,260828033352,4095,135.8549610980258
6626,260828033537,4095,135.8549610980258
6627,260828033722,4095,135.8549610980258
6628,260828033907,4095,135.8549610980258
6629,260828034052,4095,135.8549610980258
6630,260828034237,4095,135.8549610980258
6631,260828034422,4095,135.8549610980258
6632,260828034607,4095,135.8549610980258
6633,260828034752,4095,135.8549610980258
6634,260828034937,4095,135.8549610980258
6635,260828035122,4095,135.8549610980258
6636,260828035307,4095,135.8549610980258
6637,260828035452,4095,135.8549610980258
6638,260828035637,4095,135.8549610980258
6639,260828035822,4095,135.8549610980258
6640,260828040007,4095,135.8549610980258
6641,260828040152,4095,135.8549610980258
6642,260828040337,4095,135.8549610980258
6643,260828040522,4095,135.8549610980258
6644,260828040918,4095,135.8549610980258
6645,260828102115,4095,135.8549610980258
6646,260828102300,4095,135.8549610980258
6647,260828102445,4095,135.8549610980258
6648,260828102630,4095,135.8549610980258
6649,260828102815,4095,135.8549610980258
6650,260828103000,4095,135.8549610980258
6651,260828103145,4095,135.8549610980258
6652,260828103330,4095,135.8549610980258
6653,260828103515,4095,135.8549610980258
6654,260828103700,4095,135.8549610980258
6655,260828103845,4095,135.8549610980258
6656,260828104030,4095,135.8549610980258
6657,260828104215,4095,135.8549610980258
6658,260828104400,4095,135.8549610980258
6659,260828104545,4095,135.8549610980258
6660,260828104730,4095,135.8549610980258
6661,260828104915,4095,135.8549610980258
6662,260828105100,4095,135.8549610980258
6663,260828105245,4095,135.8549610980258
6664,260828105430,4095,135.8549610980258
6665,260828105615,4095,135.8549610980258
6666,260828105800,4095,135.8549610980258
6667,260828105945,4095,135.8549610980258
6668,260828110130,4095,135.8549610980258
6669,260828110315,4095,135.8549610980258
6670,260828110500,4095,135.8549610980258
6671,260828110645,4095,135.8549610980258
6672,260828110830,4095,135.8549610980258
6673,260828111015,4095,135.8549610980258
6674,260828111200,4095,135.8549610980258
6675,260828111345,4095,135.8549610980258
6676,260828111530,4095,135.8549610980258
6677,260828111715,4095,135.8549610980258
6678,260828111900,4095,135.8549610980258
6679,260828112045,4095,135.8549610980258
6680,260828112230,4095,135.8549610980258
6681,260828112415,4095,135.8549610980258
6682,260828112600,4095,135.8549610980258
6683,260828112745,4095,135.8549610980258
6684,260828112930,4095,135.8549610980258
6685,260828113115,4095,135.8549610980258
6686,260828113300,4095,135.8549610980258
6687,260828113445,4095,135.8549610980258
6688,260828113630,4095,135.8549610980258
6689,260828113815,4095,135.8549610980258
6690,260828114000,4095,135.8549610980258
6691,260828114145,4095,135.8549610980258
6692,260828114330,4095,135.8549610980258
6693,260828114515,4095,135.8549610980258
6694,260828114700,4095,135.8549610980258
6695,260828115030,4095,135.8549610980258
6696,260828115215,4095,135.8549610980258
6697,260828115400,4095,135.8549610980258
6698,260828115545,4095,135.8549610980258
6699,260828115730,4095,135.8549610980258
6700,260828115915,4095,135.8549610980258
6701,260828120100,4095,135.8549610980258
6702,260828120246,4095,135.8549610980258
6703,260828120431,4095,135.8549610980258
6704,260828120616,4095,135.8549610980258
6705,260828120801,4095,135.8549610980258
6706,260828120946,4095,135.8549610980258
6707,260828121131,4095,135.8549610980258
6708,260828121316,4095,135.8549610980258
6709,260828121501,4095,135.8549610980258
6710,260828121646,4095,135.8549610980258
6711,260828121831,4095,135.8549610980258
6712,260828122016,4095,135.8549610980258
6713,260828122201,4095,135.8549610980258
6714,260828122346,4095,135.8549610980258
6715,260828122531,4095,135.8549610980258
6716,260828122716,4095,135.8549610980258
6717,260828122901,4095,135.8549610980258
6718,260828123046,4095,135.8549610980258
6719,260828123231,4095,135.8549610980258
6720,260828123416,4095,135.8549610980258
6721,260828123601,4095,135.8549610980258
6722,260828123746,4095,135.8549610980258
6723,260828123931,4095,135.8549610980258
6724,260828124116,4095,135.8549610980258
6725,260828124301,4090,135.6829851017538
6726,260828124446,4089,135.6485899024994
6727,260828124631,4086,135.54540430473617
6728,260828124816,4095,135.8549610980258
6729,260828125001,4081,135.37342830846418
6730,260828125146,4087,135.57979950399059
6731,260828125331,4073,135.098266714429
6732,260828125516,4066,134.85750031964818
6733,260828125701,4074,135.13266191368336
6734,260828125846,4067,134.89189551890257
6735,260828130031,4065,134.82310512039376
6736,260828130216,4057,134.54794352635855
6737,260828130401,4061,134.68552432337617
6738,260828130546,4070,134.99508111666577
6739,260828130731,4062,134.7199195226306
6740,260828130916,4042,134.03201553754255
6741,260828131101,4046,134.16959633456017
6742,260828131246,4041,133.9976203382882
6743,260828131431,4073,135.098266714429
6744,260828131616,4040,133.96322513903377
6745,260828131801,4035,133.79124914276176
6746,260828131946,4025,133.44729715021776
6747,260828132131,4029,133.58487794723536
6748,260828132316,4037,133.86003954127057
6749,260828132501,4028,133.55048274798094
6750,260828132646,4018,133.20653075543692
6751,260828132831,4020,133.27532115394573
6752,260828133016,4017,133.17213555618255
6753,260828133201,4003,132.6906027666209
6754,260828133346,4003,132.6906027666209
6755,260828133531,4024,133.41290195096335
6756,260828133716,3997,132.4842315710945
6757,260828133901,4006,132.79378836438414
6758,260828134046,3991,132.2778603755681
6759,260828134231,3994,132.3810459733313
6760,260828134416,3989,132.2090699770593
6761,260828134601,4019,133.24092595469133
6762,260828134746,3997,132.4842315710945
6763,260828134931,3993,132.34665077407692
6764,260828135116,3996,132.44983637184012
6765,260828135301,3991,132.2778603755681
6766,260828135446,3999,132.55302196960332
6767,260828135631,3989,132.2090699770593
6768,260828135816,3986,132.1058843792961
6769,260828140001,3986,132.1058843792961
6770,260828140146,3978,131.8307227852609
6771,260828140331,3976,131.7619323867521
6772,260828140516,3978,131.8307227852609
6773,260828140701,3977,131.79632758600653
6774,260828140846,3968,131.4867707927169
6775,260828141031,3981,131.93390838302412
6776,260828141216,3964,131.34918999569928
6777,260828141401,3966,131.4179803942081
6778,260828141546,3960,131.21160919868169
6779,260828141731,3978,131.8307227852609
6780,260828141916,3951,130.90205240539208
6781,260828142101,3957,131.10842360091848
6782,260828142246,3955,131.03963320240968
6783,260828142431,3952,130.9364476046465
6784,260828142616,3950,130.8676572061377
6785,260828142801,3948,130.79886680762888
6786,260828142946,3945,130.69568120986568
6787,260828143131,3943,130.62689081135687
6788,260828143316,3940,130.52370521359367
6789,260828143501,3938,130.45491481508486
6790,260828143646,3936,130.38612441657608
6791,260828143831,3934,130.31733401806727
6792,260828144016,3931,130.21414842030407
6793,260828144201,3929,130.14535802179526
6794,260828144347,3927,130.07656762328645
6795,260828144532,3925,130.00777722477767
6796,260828144717,3923,129.93898682626886
6797,260828144902,3921,129.87019642776005
6798,260828145047,3919,129.80140602925124
6799,260828145232,3917,129.73261563074246
6800,260828145417,3915,129.66382523223365
6801,260828145602,3913,129.59503483372487
6802,260828145747,3911,129.52624443521606
6803,260828145932,3909,129.45745403670725
6804,260828150117,3908,129.42305883745286
6805,260828150302,3907,129.38866363819844
6806,260828150447,3905,129.31987323968966
6807,260828150632,3904,129.28547804043524
6808,260828150817,3903,129.25108284118085
6809,260828151002,3901,129.18229244267204
6810,260828151147,3900,129.14789724341765
6811,260828151332,3899,129.11350204416323
6812,260828151517,3898,129.07910684490884
6813,260828151702,3896,129.01031644640003
6814,260828151847,3895,128.97592124714564
6815,260828152032,3894,128.94152604789122
6816,260828152217,3893,128.90713084863683
6817,260828152402,3891,128.83834045012804
6818,260828152547,3890,128.80394525087362
6819,260828152732,3889,128.76955005161923
6820,260828152917,3888,128.73515485236484
6821,260828153102,3887,128.70075965311042
6822,260828153247,3886,128.66636445385603
6823,260828153432,3885,128.63196925460164
6824,260828153617,3884,128.59757405534722
6825,260828153802,3884,128.59757405534722
6826,260828153947,3883,128.56317885609283
6827,260828154132,3882,128.5287836568384
6828,260828154317,3881,128.49438845758402
6829,260828154502,3880,128.45999325832963
6830,260828154647,3880,128.45999325832963
6831,260828154832,3879,128.4255980590752
6832,260828155017,3878,128.39120285982082
6833,260828155202,3877,128.35680766056643
6834,260828155347,3876,128.322412461312
6835,260828155532,3875,128.28801726205762
6836,260828155717,3874,128.2536220628032
6837,260828155902,3873,128.2192268635488
6838,260828160047,3872,128.18483166429442
6839,260828160232,3871,128.15043646504
6840,260828160417,3870,128.1160412657856
6841,260828160602,3870,128.1160412657856
6842,260828160747,3869,128.08164606653122
6843,260828160932,3868,128.0472508672768
6844,260828161117,3867,128.0128556680224
6845,260828161302,3867,128.0128556680224
6846,260828161447,3866,127.978460468768
6847,260828161632,3865,127.9440652695136
6848,260828161817,3864,127.9096700702592
6849,260828162002,3863,127.87527487100482
6850,260828162147,3862,127.84087967175041
6851,260828162332,3861,127.80648447249601
6852,260828162517,3861,127.80648447249601
6853,260828162702,3860,127.7720892732416
6854,260828162847,3859,127.73769407398721
6855,260828163032,3859,127.73769407398721
6856,260828163217,3858,127.70329887473281
6857,260828163402,3857,127.6689036754784
6858,260828163547,3857,127.6689036754784
6859,260828163732,3856,127.634508476224
6860,260828163917,3855,127.60011327696961
6861,260828164102,3855,127.60011327696961
6862,260828164247,3854,127.5657180777152
6863,260828164432,3853,127.5313228784608
6864,260828164617,3853,127.5313228784608
6865,260828164802,3852,127.4969276792064
6866,260828164947,3851,127.462532479952
6867,260828165132,3851,127.462532479952
6868,260828165317,3850,127.4281372806976
6869,260828165502,3849,127.3937420814432
6870,260828165647,3849,127.3937420814432
6871,260828165832,3848,127.35934688218879
6872,260828170017,3847,127.3249516829344
6873,260828170202,3846,127.29055648367999
6874,260828170347,3846,127.29055648367999
6875,260828170532,3845,127.25616128442559
6876,260828170717,3844,127.22176608517118
6877,260828170902,3843,127.18737088591679
6878,260828171047,3843,127.18737088591679
6879,260828171232,3842,127.15297568666239
6880,260828171417,3841,127.11858048740798
6881,260828171602,3840,127.08418528815358
6882,260828171747,3840,127.08418528815358
6883,260828171932,3839,127.04979008889919
6884,260828172117,3838,127.01539488964478
6885,260828172302,3838,127.01539488964478
6886,260828172448,3837,126.98099969039038
6887,260828172633,3836,126.94660449113599
6888,260828172818,3835,126.9122092918816
6889,260828173003,3834,126.87781409262719
6890,260828173148,3833,126.84341889337279
6891,260828173333,3833,126.84341889337279
6892,260828173518,3832,126.80902369411838
6893,260828173703,3831,126.77462849486399
6894,260828173848,3831,126.77462849486399
6895,260828174033,3830,126.74023329560958
6896,260828174218,3829,126.70583809635518
6897,260828174403,3829,126.70583809635518
6898,260828174548,3828,126.67144289710077
6899,260828174733,3827,126.63704769784638
6900,260828174918,3826,126.60265249859198
6901,260828175103,3826,126.60265249859198
6902,260828175248,3825,126.56825729933757
6903,260828175433,3824,126.53386210008317
6904,260828175618,3824,126.53386210008317
6905,260828175803,3823,126.49946690082878
6906,260828175948,3822,126.46507170157437
6907,260828180133,3822,126.46507170157437
6908,260828180318,3821,126.43067650231997
6909,260828180503,3820,126.39628130306556
6910,260828180648,3819,126.36188610381117
6911,260828180833,3818,126.32749090455677
6912,260828181018,3818,126.32749090455677
6913,260828181203,3817,126.29309570530236
6914,260828181348,3816,126.25870050604796
6915,260828181533,3816,126.25870050604796
6916,260828181718,3815,126.22430530679357
6917,260828181903,3814,126.18991010753916
6918,260828182048,3813,126.15551490828476
6919,260828182233,3813,126.15551490828476
6920,260828182418,3812,126.12111970903035
6921,260828182603,3811,126.08672450977596
6922,260828182748,3810,126.05232931052156
6923,260828182933,3810,126.05232931052156
6924,260828183118,3809,126.01793411126717
6925,260828183303,3808,125.98353891201276
6926,260828183448,3808,125.98353891201276
6927,260828183633,3808,125.98353891201276
6928,260828183818,3808,125.98353891201276
6929,260828184003,3807,125.94914371275837
6930,260828184148,3806,125.91474851350397
6931,260828184333,3805,125.88035331424956
6932,260828184518,3804,125.84595811499516
6933,260828184703,3803,125.81156291574077
6934,260828184848,3803,125.81156291574077
6935,260828185033,3802,125.77716771648636
6936,260828185218,3802,125.77716771648636
6937,260828185403,3801,125.74277251723196
6938,260828185548,3801,125.74277251723196
6939,260828185733,3800,125.70837731797755
6940,260828185918,3799,125.67398211872316
6941,260828190103,3799,125.67398211872316
6942,260828190248,3799,125.67398211872316
6943,260828190433,3798,125.63958691946875
6944,260828190618,3798,125.63958691946875
6945,260828190803,3797,125.60519172021435
6946,260828190948,3796,125.57079652095995
6947,260828191133,3795,125.53640132170555
6948,260828191318,3795,125.53640132170555
6949,260828191503,3794,125.50200612245115
6950,260828191648,3794,125.50200612245115
6951,260828191833,3793,125.46761092319674
6952,260828192018,3792,125.43321572394234
6953,260828192203,3792,125.43321572394234
6954,260828192348,3791,125.39882052468795
6955,260828192533,3790,125.36442532543354
6956,260828192718,3790,125.36442532543354
6957,260828192903,3789,125.33003012617914
6958,260828193048,3789,125.33003012617914
6959,260828193233,3788,125.29563492692473
6960,260828193418,3787,125.26123972767034
6961,260828193603,3787,125.26123972767034
6962,260828193748,3786,125.22684452841594
6963,260828193933,3786,125.22684452841594
6964,260828194118,3785,125.19244932916153
6965,260828194303,3785,125.19244932916153
6966,260828194448,3784,125.15805412990713
6967,260828194633,3783,125.12365893065274
6968,260828194818,3783,125.12365893065274
6969,260828195003,3782,125.08926373139833
6970,260828195148,3782,125.08926373139833
6971,260828195333,3781,125.05486853214394
6972,260828195518,3781,125.05486853214394
6973,260828195703,3780,125.02047333288955
6974,260828195848,3779,124.98607813363515
6975,260828200033,3779,124.98607813363515
6976,260828200219,3778,124.95168293438074
6977,260828200404,3778,124.95168293438074
6978,260828200549,3777,124.91728773512634
6979,260828200734,3777,124.91728773512634
6980,260828200919,3777,124.91728773512634
6981,260828201104,3777,124.91728773512634
6982,260828201249,3778,124.95168293438074
6983,260828201434,3777,124.91728773512634
6984,260828201619,3777,124.91728773512634
6985,260828201804,3777,124.91728773512634
6986,260828201949,3776,124.88289253587193
6987,260828202134,3776,124.88289253587193
6988,260828202319,3776,124.88289253587193
6989,260828202504,3775,124.84849733661754
6990,260828202649,3775,124.84849733661754
6991,260828202834,3775,124.84849733661754
6992,260828203019,3775,124.84849733661754
6993,260828203204,3775,124.84849733661754
6994,260828203349,3774,124.81410213736314
6995,260828203534,3774,124.81410213736314
6996,260828203719,3773,124.77970693810873
6997,260828203904,3773,124.77970693810873
6998,260828204049,3772,124.74531173885433
6999,260828204234,3772,124.74531173885433
7000,260828204419,3771,124.71091653959994
7001,260828204604,3771,124.71091653959994
7002,260828204749,3770,124.67652134034553
7003,260828204934,3769,124.64212614109113
7004,260828205119,3769,124.64212614109113
7005,260828205304,3768,124.60773094183672
7006,260828205449,3768,124.60773094183672
7007,260828205634,3767,124.57333574258233
7008,260828205819,3767,124.57333574258233
7009,260828210004,3766,124.53894054332793
7010,260828210149,3766,124.53894054332793
7011,260828210334,3765,124.50454534407352
7012,260828210519,3765,124.50454534407352
7013,260828210704,3764,124.47015014481912
7014,260828210849,3764,124.47015014481912
7015,260828211034,3763,124.43575494556472
7016,260828211219,3763,124.43575494556472
7017,260828211404,3763,124.43575494556472
7018,260828211549,3762,124.40135974631032
7019,260828211734,3761,124.36696454705591
7020,260828211919,3761,124.36696454705591
7021,260828212104,3760,124.33256934780151
7022,260828212249,3760,124.33256934780151
7023,260828212434,3760,124.33256934780151
7024,260828212619,3759,124.29817414854712
7025,260828212804,3758,124.26377894929271
7026,260828212949,3758,124.26377894929271
7027,260828213134,3757,124.22938375003831
7028,260828213319,3757,124.22938375003831
7029,260828213504,3757,124.22938375003831
7030,260828213649,3756,124.1949885507839
7031,260828213834,3756,124.1949885507839
7032,260828214019,3755,124.16059335152951
7033,260828214204,3755,124.16059335152951
7034,260828214349,3754,124.12619815227512
7035,260828214534,3754,124.12619815227512
7036,260828214719,3753,124.09180295302072
7037,260828214904,3753,124.09180295302072
7038,260828215049,3753,124.09180295302072
7039,260828215234,3752,124.05740775376633
7040,260828215419,3752,124.05740775376633
7041,260828215604,3751,124.02301255451192
7042,260828215749,3751,124.02301255451192
7043,260828215934,3750,123.98861735525752
7044,260828220119,3750,123.98861735525752
7045,260828220304,3749,123.95422215600311
7046,260828220449,3749,123.95422215600311
7047,260828220634,3748,123.91982695674872
7048,260828220819,3748,123.91982695674872
7049,260828221004,3747,123.88543175749432
7050,260828221149,3747,123.88543175749432
7051,260828221334,3746,123.85103655823991
7052,260828221519,3746,123.85103655823991
7053,260828221704,3745,123.8166413589855
7054,260828221849,3744,123.78224615973112
7055,260828222034,3744,123.78224615973112
7056,260828222219,3743,123.74785096047671
7057,260828222404,3743,123.74785096047671
7058,260828222549,3742,123.7134557612223
7059,260828222734,3742,123.7134557612223
7060,260828222919,3741,123.6790605619679
7061,260828223104,3741,123.6790605619679
7062,260828223249,3740,123.64466536271351
7063,260828223434,3740,123.64466536271351
7064,260828223619,3739,123.6102701634591
7065,260828223804,3738,123.5758749642047
7066,260828223949,3738,123.5758749642047
7067,260828224134,3737,123.5414797649503
7068,260828224320,3737,123.5414797649503
7069,260828224505,3736,123.5070845656959
7070,260828224650,3736,123.5070845656959
7071,260828224835,3735,123.4726893664415
7072,260828225020,3735,123.4726893664415
7073,260828225205,3734,123.4382941671871
7074,260828225350,3734,123.4382941671871
7075,260828225535,3733,123.40389896793269
7076,260828225720,3733,123.40389896793269
7077,260828225905,3732,123.36950376867829
7078,260828230050,3732,123.36950376867829
7079,260828230235,3731,123.3351085694239
7080,260828230420,3731,123.3351085694239
7081,260828230605,3730,123.30071337016949
7082,260828230750,3730,123.30071337016949
7083,260828230935,3729,123.26631817091508
7084,260828231120,3729,123.26631817091508
7085,260828231305,3728,123.23192297166068
7086,260828231450,3728,123.23192297166068
7087,260828231635,3727,123.1975277724063
7088,260828231820,3727,123.1975277724063
7089,260828232005,3726,123.1631325731519
7090,260828232150,3726,123.1631325731519
7091,260828232335,3725,123.1287373738975
7092,260828232520,3725,123.1287373738975
7093,260828232705,3724,123.0943421746431
7094,260828232850,3724,123.0943421746431
7095,260828233035,3723,123.0599469753887
7096,260828233220,3723,123.0599469753887
7097,260828233405,3723,123.0599469753887
7098,260828233550,3722,123.0255517761343
7099,260828233735,3722,123.0255517761343
7100,260828233920,3721,122.99115657687989
7101,260828234105,3721,122.99115657687989
7102,260828234250,3721,122.99115657687989
7103,260828234435,3720,122.9567613776255
7104,260828234620,3720,122.9567613776255
7105,260828234805,3720,122.9567613776255
7106,260828234950,3719,122.92236617837109
7107,260828235135,3719,122.92236617837109
7108,260828235320,3718,122.88797097911669
7109,260828235505,3718,122.88797097911669
7110,260828235650,3718,122.88797097911669
7111,260828235835,3717,122.85357577986228
7112,260829000020,3717,122.85357577986228
7113,260829000205,3717,122.85357577986228
7114,260829000350,3716,122.81918058060789
7115,260829000535,3716,122.81918058060789
7116,260829000720,3716,122.81918058060789
7117,260829000905,3715,122.78478538135349
7118,260829001050,3715,122.78478538135349
7119,260829001235,3715,122.78478538135349
7120,260829001420,3714,122.75039018209908
7121,260829001605,3714,122.75039018209908
7122,260829001750,3714,122.75039018209908
7123,260829001935,3713,122.71599498284468
7124,260829002120,3713,122.71599498284468
7125,260829002305,3713,122.71599498284468
7126,260829002450,3712,122.68159978359029
7127,260829002635,3712,122.68159978359029
7128,260829002820,3712,122.68159978359029
7129,260829003005,3711,122.64720458433588
7130,260829003150,3711,122.64720458433588
7131,260829003335,3711,122.64720458433588
7132,260829003520,3710,122.61280938508148
7133,260829003705,3710,122.61280938508148
7134,260829003850,3710,122.61280938508148
7135,260829004035,3709,122.57841418582707
7136,260829004220,3709,122.57841418582707
7137,260829004405,3709,122.57841418582707
7138,260829004550,3709,122.57841418582707
7139,260829004735,3708,122.54401898657268
7140,260829004920,3708,122.54401898657268
7141,260829005105,3708,122.54401898657268
7142,260829005250,3707,122.50962378731828
7143,260829005435,3707,122.50962378731828
7144,260829005620,3707,122.50962378731828
7145,260829005805,3706,122.47522858806387
7146,260829005950,3706,122.47522858806387
7147,260829010135,3706,122.47522858806387
7148,260829010320,3706,122.47522858806387
7149,260829010505,3705,122.44083338880947
7150,260829010650,3705,122.44083338880947
7151,260829010835,3705,122.44083338880947
7152,260829011020,3704,122.40643818955508
7153,260829011205,3704,122.40643818955508
7154,260829011350,3704,122.40643818955508
7155,260829011535,3704,122.40643818955508
7156,260829011720,3703,122.37204299030067
7157,260829011905,3703,122.37204299030067
7158,260829012050,3702,122.33764779104627
7159,260829012235,3702,122.33764779104627
7160,260829012421,3702,122.33764779104627
7161,260829012606,3701,122.30325259179186
7162,260829012751,3701,122.30325259179186
7163,260829012936,3701,122.30325259179186
7164,260829013121,3700,122.26885739253748
7165,260829013306,3700,122.26885739253748
7166,260829013451,3700,122.26885739253748
7167,260829013636,3699,122.23446219328308
7168,260829013821,3699,122.23446219328308
7169,260829014006,3699,122.23446219328308
7170,260829014151,3698,122.20006699402867
7171,260829014336,3698,122.20006699402867
7172,260829014521,3698,122.20006699402867
7173,260829014706,3697,122.16567179477427
7174,260829014851,3697,122.16567179477427
7175,260829015036,3697,122.16567179477427
7176,260829015221,3697,122.16567179477427
7177,260829015406,3696,122.13127659551988
7178,260829015551,3696,122.13127659551988
7179,260829015736,3696,122.13127659551988
7180,260829015921,3696,122.13127659551988
7181,260829020106,3695,122.09688139626547
7182,260829020251,3695,122.09688139626547
7183,260829020436,3695,122.09688139626547
7184,260829020621,3695,122.09688139626547
7185,260829020806,3694,122.06248619701107
7186,260829020951,3694,122.06248619701107
7187,260829021136,3694,122.06248619701107
7188,260829021321,3694,122.06248619701107
7189,260829021506,3693,122.02809099775666
7190,260829021651,3693,122.02809099775666
7191,260829021836,3693,122.02809099775666
7192,260829022021,3693,122.02809099775666
7193,260829022206,3693,122.02809099775666
7194,260829022351,3692,121.99369579850227
7195,260829022536,3692,121.99369579850227
7196,260829022721,3692,121.99369579850227
7197,260829022906,3692,121.99369579850227
7198,260829023051,3691,121.95930059924787
7199,260829023236,3691,121.95930059924787
7200,260829023421,3691,121.95930059924787
7201,260829023606,3691,121.95930059924787
7202,260829023751,3691,121.95930059924787
7203,260829023936,3690,121.92490539999346
7204,260829024121,3690,121.92490539999346
7205,260829024306,3690,121.92490539999346
7206,260829024451,3690,121.92490539999346
7207,260829024636,3689,121.89051020073906
7208,260829024821,3689,121.89051020073906
7209,260829025006,3688,121.85611500148467
7210,260829025151,3688,121.85611500148467
7211,260829025336,3687,121.82171980223026
7212,260829025521,3687,121.82171980223026
7213,260829025706,3686,121.78732460297586
7214,260829025851,3686,121.78732460297586
7215,260829030036,3686,121.78732460297586
7216,260829030221,3685,121.75292940372145
7217,260829030406,3685,121.75292940372145
7218,260829030551,3686,121.78732460297586
7219,260829030736,3683,121.68413900521266
7220,260829030921,3684,121.71853420446706
7221,260829031106,3684,121.71853420446706
7222,260829031251,3684,121.71853420446706
7223,260829031436,3684,121.71853420446706
7224,260829031621,3684,121.71853420446706
7225,260829031806,3684,121.71853420446706
7226,260829031951,3684,121.71853420446706
7227,260829032136,3684,121.71853420446706
7228,260829032321,3683,121.68413900521266
7229,260829032506,3683,121.68413900521266
7230,260829032651,3683,121.68413900521266
7231,260829032836,3683,121.68413900521266
7232,260829033021,3683,121.68413900521266
7233,260829033206,3682,121.64974380595825
7234,260829033351,3682,121.64974380595825
7235,260829033536,3682,121.64974380595825
7236,260829033721,3682,121.64974380595825
7237,260829033906,3683,121.68413900521266
7238,260829034051,3683,121.68413900521266
7239,260829034236,3683,121.68413900521266
7240,260829034421,3682,121.64974380595825
7241,260829034606,3682,121.64974380595825
7242,260829034751,3682,121.64974380595825
7243,260829034936,3682,121.64974380595825
7244,260829035121,3682,121.64974380595825
7245,260829035306,3682,121.64974380595825
7246,260829035451,3682,121.64974380595825
7247,260829035636,3682,121.64974380595825
7248,260829035821,3682,121.64974380595825
7249,260829040006,3682,121.64974380595825
7250,260829040151,3682,121.64974380595825
7251,260829040336,3682,121.64974380595825
7252,260829040521,3682,121.64974380595825
7253,260829040707,3681,121.61534860670385
7254,260829040852,3682,121.64974380595825
7255,260829041037,3682,121.64974380595825
7256,260829041222,3681,121.61534860670385
7257,260829041407,3681,121.61534860670385
7258,260829041552,3681,121.61534860670385
7259,260829041737,3681,121.61534860670385
7260,260829041922,3681,121.61534860670385
7261,260829042107,3681,121.61534860670385
7262,260829042252,3681,121.61534860670385
7263,260829042437,3681,121.61534860670385
7264,260829042622,3681,121.61534860670385
7265,260829042807,3681,121.61534860670385
7266,260829042952,3681,121.61534860670385
7267,260829043137,3681,121.61534860670385
7268,260829043322,3681,121.61534860670385
7269,260829043507,3681,121.61534860670385
7270,260829043652,3681,121.61534860670385
7271,260829043837,3681,121.61534860670385
7272,260829044022,3681,121.61534860670385
7273,260829044207,3681,121.61534860670385
7274,260829044352,3681,121.61534860670385
7275,260829044537,3681,121.61534860670385
7276,260829044722,3681,121.61534860670385
7277,260829044907,3681,121.61534860670385
7278,260829045052,3681,121.61534860670385
7279,260829045237,3681,121.61534860670385
7280,260829045422,3681,121.61534860670385
7281,260829045607,3681,121.61534860670385
7282,260829045752,3681,121.61534860670385
7283,260829045937,3681,121.61534860670385
7284,260829050122,3681,121.61534860670385
7285,260829050307,3681,121.61534860670385
7286,260829050452,3681,121.61534860670385
7287,260829050637,3681,121.61534860670385
7288,260829050822,3681,121.61534860670385
7289,260829051007,3681,121.61534860670385
7290,260829051152,3681,121.61534860670385
7291,260829051337,3681,121.61534860670385
7292,260829051522,3681,121.61534860670385
7293,260829051707,3681,121.61534860670385
7294,260829051852,3681,121.61534860670385
7295,260829052037,3681,121.61534860670385
7296,260829052222,3681,121.61534860670385
7297,260829052407,3681,121.61534860670385
7298,260829052552,3681,121.61534860670385
7299,260829052737,3681,121.61534860670385
7300,260829052922,3681,121.61534860670385
7301,260829053107,3681,121.61534860670385
7302,260829053252,3681,121.61534860670385
7303,260829053437,3681,121.61534860670385
7304,260829053622,3681,121.61534860670385
7305,260829053807,3681,121.61534860670385
7306,260829053952,3681,121.61534860670385
7307,260829054137,3681,121.61534860670385
7308,260829054322,3681,121.61534860670385
7309,260829054507,3681,121.61534860670385
7310,260829054652,3681,121.61534860670385
7311,260829054837,3681,121.61534860670385
7312,260829055022,3681,121.61534860670385
7313,260829055207,3680,121.58095340744946
7314,260829055352,3680,121.58095340744946
7315,260829055537,3680,121.58095340744946
7316,260829055722,3680,121.58095340744946
7317,260829055907,3680,121.58095340744946
7318,260829060052,3680,121.58095340744946
7319,260829060237,3680,121.58095340744946
7320,260829060422,3680,121.58095340744946
7321,260829060607,3680,121.58095340744946
7322,260829060752,3680,121.58095340744946
7323,260829060937,3680,121.58095340744946
7324,260829061122,3680,121.58095340744946
7325,260829061307,3680,121.58095340744946
7326,260829061452,3680,121.58095340744946
7327,260829061637,3680,121.58095340744946
7328,260829061822,3680,121.58095340744946
7329,260829062007,3680,121.58095340744946
7330,260829062152,3680,121.58095340744946
7331,260829062337,3680,121.58095340744946
7332,260829062522,3680,121.58095340744946
7333,260829062707,3679,121.54655820819505
7334,260829062852,3679,121.54655820819505
7335,260829063037,3679,121.54655820819505
7336,260829063222,3679,121.54655820819505
7337,260829063407,3679,121.54655820819505
7338,260829063552,3679,121.54655820819505
7339,260829063737,3679,121.54655820819505
7340,260829063922,3679,121.54655820819505
7341,260829064107,3679,121.54655820819505
7342,260829064252,3679,121.54655820819505
7343,260829064437,3679,121.54655820819505
7344,260829064622,3679,121.54655820819505
7345,260829064808,3679,121.54655820819505
7346,260829064953,3678,121.51216300894065
7347,260829065138,3678,121.51216300894065
7348,260829065323,3678,121.51216300894065
7349,260829065508,3678,121.51216300894065
7350,260829065653,3678,121.51216300894065
7351,260829065838,3678,121.51216300894065
7352,260829070023,3678,121.51216300894065
7353,260829070208,3678,121.51216300894065
7354,260829070353,3678,121.51216300894065
7355,260829070538,3678,121.51216300894065
7356,260829070723,3677,121.47776780968624
7357,260829070908,3677,121.47776780968624
7358,260829071053,3677,121.47776780968624
7359,260829071238,3677,121.47776780968624
7360,260829071423,3677,121.47776780968624
7361,260829071608,3677,121.47776780968624
7362,260829071753,3677,121.47776780968624
7363,260829071938,3677,121.47776780968624
7364,260829072123,3676,121.44337261043185
7365,260829072308,3676,121.44337261043185
7366,260829072453,3676,121.44337261043185
7367,260829072638,3676,121.44337261043185
7368,260829072823,3676,121.44337261043185
7369,260829073008,3676,121.44337261043185
7370,260829073153,3676,121.44337261043185
7371,260829073338,3676,121.44337261043185
7372,260829073523,3676,121.44337261043185
7373,260829073708,3675,121.40897741117745
7374,260829073853,3675,121.40897741117745
7375,260829074038,3675,121.40897741117745
7376,260829074223,3675,121.40897741117745
7377,260829074408,3675,121.40897741117745
7378,260829074553,3675,121.40897741117745
7379,260829074738,3675,121.40897741117745
7380,260829074923,3675,121.40897741117745
7381,260829075108,3675,121.40897741117745
7382,260829075253,3675,121.40897741117745
7383,260829075438,3675,121.40897741117745
7384,260829075623,3674,121.37458221192304
7385,260829075808,3674,121.37458221192304
7386,260829075953,3674,121.37458221192304
7387,260829080138,3674,121.37458221192304
7388,260829080323,3674,121.37458221192304
7389,260829080508,3674,121.37458221192304
7390,260829080653,3674,121.37458221192304
7391,260829080838,3674,121.37458221192304
7392,260829081023,3674,121.37458221192304
7393,260829081208,3674,121.37458221192304
7394,260829081353,3673,121.34018701266864
7395,260829081538,3673,121.34018701266864
7396,260829081723,3673,121.34018701266864
7397,260829081908,3673,121.34018701266864
7398,260829082053,3673,121.34018701266864
7399,260829082238,3673,121.34018701266864
7400,260829082423,3673,121.34018701266864
7401,260829082608,3673,121.34018701266864
7402,260829082753,3673,121.34018701266864
7403,260829082938,3673,121.34018701266864
7404,260829083123,3673,121.34018701266864
7405,260829083308,3673,121.34018701266864
7406,260829083453,3672,121.30579181341426
7407,260829083638,3672,121.30579181341426
7408,260829083823,3672,121.30579181341426
7409,260829084008,3672,121.30579181341426
7410,260829084153,3672,121.30579181341426
7411,260829084338,3672,121.30579181341426
7412,260829084523,3672,121.30579181341426
7413,260829084708,3672,121.30579181341426
7414,260829084853,3672,121.30579181341426
7415,260829085038,3672,121.30579181341426
7416,260829085223,3672,121.30579181341426
7417,260829085408,3672,121.30579181341426
7418,260829085553,3672,121.30579181341426
7419,260829085738,3672,121.30579181341426
7420,260829085923,3672,121.30579181341426
7421,260829090108,3672,121.30579181341426
7422,260829090253,3672,121.30579181341426
7423,260829090438,3672,121.30579181341426
7424,260829090623,3671,121.27139661415985
7425,260829090808,3671,121.27139661415985
7426,260829090953,3671,121.27139661415985
7427,260829091138,3671,121.27139661415985
7428,260829091323,3671,121.27139661415985
7429,260829091508,3671,121.27139661415985
7430,260829091653,3671,121.27139661415985
7431,260829091838,3671,121.27139661415985
7432,260829092023,3672,121.30579181341426
7433,260829092208,3671,121.27139661415985
7434,260829092353,3671,121.27139661415985
7435,260829092538,3670,121.23700141490545
7436,260829092723,3670,121.23700141490545
7437,260829092909,3669,121.20260621565104
7438,260829093054,3669,121.20260621565104
7439,260829093239,3660,120.89304942236144
7440,260829093424,3667,121.13381581714225
7441,260829093609,3673,121.34018701266864
7442,260829093754,3678,121.51216300894065
7443,260829093939,3677,121.47776780968624
7444,260829094124,3650,120.54909742981742
7445,260829094309,3657,120.78986382459823
7446,260829094454,3653,120.65228302758062
7447,260829094639,3652,120.61788782832623
7448,260829094824,3661,120.92744462161583
7449,260829095009,3657,120.78986382459823
7450,260829095154,3651,120.58349262907183
7451,260829095339,3656,120.75546862534384
7452,260829095524,3663,120.99623502012464
7453,260829095709,3671,121.27139661415985
7454,260829095854,3655,120.72107342608943
7455,260829100039,3658,120.82425902385263
7456,260829100224,3659,120.85865422310704
7457,260829100409,3657,120.78986382459823
7458,260829100554,3671,121.27139661415985
7459,260829100739,3649,120.51470223056302
7460,260829100924,3657,120.78986382459823
7461,260829101109,3654,120.68667822683503
7462,260829101254,3639,120.17075023801902
7463,260829101439,3647,120.44591183205422
7464,260829101624,3645,120.37712143354543
7465,260829101809,3644,120.34272623429104
7466,260829101954,3648,120.48030703130863
7467,260829102139,3646,120.41151663279982
7468,260829102324,3650,120.54909742981742
7469,260829102509,3639,120.17075023801902
7470,260829102654,3627,119.75800784696621
7471,260829102839,3622,119.5860318506942
7472,260829103024,3624,119.65482224920301
7473,260829103209,3643,120.30833103503663
7474,260829103354,3626,119.7236126477118
7475,260829103539,3627,119.75800784696621
7476,260829103724,3627,119.75800784696621
7477,260829103909,3626,119.7236126477118
7478,260829104054,3625,119.6892174484574
7479,260829104239,3624,119.65482224920301
7480,260829104424,3623,119.6204270499486
7481,260829104609,3623,119.6204270499486
7482,260829104754,3622,119.5860318506942
7483,260829104939,3621,119.5516366514398
7484,260829105124,3620,119.5172414521854
7485,260829105309,3619,119.482846252931
7486,260829105454,3618,119.4484510536766
7487,260829105639,3617,119.4140558544222
7488,260829105824,3615,119.3452654559134
7489,260829110009,3613,119.2764750574046
7490,260829110154,3611,119.2076846588958
7491,260829110339,3611,119.2076846588958
7492,260829110524,3610,119.1732894596414
7493,260829110709,3609,119.13889426038699
7494,260829110854,3608,119.1044990611326
7495,260829111039,3620,119.5172414521854
7496,260829111224,3609,119.13889426038699
7497,260829111409,3606,119.03570866262379
7498,260829111554,3606,119.03570866262379
7499,260829111739,3615,119.3452654559134
7500,260829111924,3606,119.03570866262379
7501,260829112109,3597,118.72615186933417
7502,260829112254,3597,118.72615186933417
7503,260829112439,3576,118.00385268499177
7504,260829112624,3590,118.48538547455338
7505,260829112809,3580,118.14143348200938
7506,260829112954,3587,118.38219987679018
7507,260829113139,3592,118.55417587306218
7508,260829113324,3592,118.55417587306218
7509,260829113509,3592,118.55417587306218
7510,260829113654,3592,118.55417587306218
7511,260829113839,3592,118.55417587306218
7512,260829114024,3591,118.51978067380777
7513,260829114209,3591,118.51978067380777
7514,260829114354,3591,118.51978067380777
7515,260829114539,3591,118.51978067380777
7516,260829114724,3591,118.51978067380777
7517,260829114909,3590,118.48538547455338
7518,260829115054,3590,118.48538547455338
7519,260829115239,3590,118.48538547455338
7520,260829115424,3589,118.45099027529898
7521,260829115609,3589,118.45099027529898
7522,260829115754,3589,118.45099027529898
7523,260829115939,3588,118.41659507604459
7524,260829120124,3588,118.41659507604459
7525,260829120309,3588,118.41659507604459
7526,260829120454,3587,118.38219987679018
7527,260829120639,3587,118.38219987679018
7528,260829120824,3613,119.2764750574046
7529,260829121010,3585,118.31340947828137
7530,260829121155,3585,118.31340947828137
7531,260829121340,3572,117.86627188797416
7532,260829121525,3578,118.07264308350057
7533,260829121710,3587,118.38219987679018
7534,260829121855,3567,117.69429589170215
7535,260829122040,3566,117.65990069244775
7536,260829122225,3564,117.59111029393895
7537,260829122410,3558,117.38473909841255
7538,260829122555,3552,117.17836790288615
7539,260829122740,3558,117.38473909841255
7540,260829122925,3558,117.38473909841255
7541,260829123110,3557,117.35034389915815
7542,260829123255,3557,117.35034389915815
7543,260829123440,3557,117.35034389915815
7544,260829123625,3556,117.31594869990376
7545,260829123810,3555,117.28155350064935
7546,260829123955,3555,117.28155350064935
7547,260829124140,3555,117.28155350064935
7548,260829124325,3554,117.24715830139495
7549,260829124510,3586,118.34780467753578
7550,260829124655,3568,117.72869109095656
7551,260829124840,3549,117.07518230512294
7552,260829125025,3551,117.14397270363175
7553,260829125210,3551,117.14397270363175
7554,260829125355,3533,116.52485911705253
7555,260829125540,3532,116.49046391779814
7556,260829125725,3519,116.04332632749092
7557,260829125910,3538,116.69683511332452
7558,260829130055,3554,117.24715830139495
7559,260829130240,3504,115.52739833867491
7560,260829130425,3537,116.66243991407012
7561,260829130610,3525,116.24969752301732
7562,260829130755,3525,116.24969752301732
7563,260829130940,3524,116.21530232376293
7564,260829131125,3543,116.86881110959654
7565,260829131310,3528,116.35288312078053
7566,260829131455,3517,115.9745359289821
7567,260829131640,3524,116.21530232376293
7568,260829131825,3528,116.35288312078053
7569,260829132010,3511,115.7681647334557
7570,260829132155,3520,116.07772152674532
7571,260829132340,3520,116.07772152674532
7572,260829132525,3511,115.7681647334557
7573,260829132710,3496,115.2522367446397
7574,260829132855,3503,115.49300313942051
7575,260829133040,3494,115.18344634613089
7576,260829133225,3495,115.2178415453853
7577,260829133410,3478,114.63312315806049
7578,260829133555,3477,114.59872795880608
7579,260829133740,3486,114.90828475209568
7580,260829133925,3492,115.1146559476221
7581,260829134110,3497,115.2866319438941
7582,260829134255,3502,115.4586079401661
7583,260829134440,3496,115.2522367446397
7584,260829134625,3491,115.08026074836769
7585,260829134810,3492,115.1146559476221
7586,260829134955,3482,114.77070395507808
7587,260829135140,3483,114.80509915433248
7588,260829135325,3485,114.87388955284128
7589,260829135510,3483,114.80509915433248
7590,260829135655,3473,114.46114716178847
7591,260829135840,3472,114.42675196253408
7592,260829140025,3459,113.97961437222686
7593,260829140210,3469,114.32356636477087
7594,260829140355,3475,114.52993756029728
7595,260829140540,3454,113.80763837595487
7596,260829140725,3443,113.42929118415645
7597,260829140910,3451,113.70445277819167
7598,260829141055,3450,113.67005757893726
7599,260829141240,3447,113.56687198117406
7600,260829141425,3451,113.70445277819167
7601,260829141610,3444,113.46368638341086
7602,260829141755,3447,113.56687198117406
7603,260829141940,3438,113.25731518788444
7604,260829142125,3420,112.63820160130524
7605,260829142310,3433,113.08533919161243
7606,260829142455,3442,113.39489598490205
7607,260829142640,3440,113.32610558639325
7608,260829142825,3437,113.22291998863004
7609,260829143010,3435,113.15412959012124
7610,260829143155,3434,113.11973439086684
7611,260829143340,3433,113.08533919161243
7612,260829143525,3432,113.05094399235804
7613,260829143710,3430,112.98215359384923
7614,260829143855,3428,112.91336319534044
7615,260829144040,3427,112.87896799608603
7616,260829144225,3427,112.87896799608603
7617,260829144410,3427,112.87896799608603
7618,260829144555,3431,113.01654879310364
7619,260829144740,3431,113.01654879310364
7620,260829144925,3431,113.01654879310364
7621,260829145111,3431,113.01654879310364
7622,260829145256,3428,112.91336319534044
7623,260829145441,3427,112.87896799608603
7624,260829145626,3426,112.84457279683164
7625,260829145811,3424,112.77578239832285
7626,260829145956,3421,112.67259680055965
7627,260829150141,3419,112.60380640205084
7628,260829150326,3417,112.53501600354204
7629,260829150511,3417,112.53501600354204
7630,260829150656,3416,112.50062080428764
7631,260829150841,3416,112.50062080428764
7632,260829151026,3415,112.46622560503323
7633,260829151211,3414,112.43183040577883
7634,260829151356,3412,112.36304000727003
7635,260829151541,3411,112.32864480801562
7636,260829151726,3409,112.25985440950683
7637,260829151911,3408,112.22545921025242
7638,260829152056,3406,112.15666881174361
7639,260829152241,3405,112.12227361248922
7640,260829152426,3404,112.08787841323482
7641,260829152611,3403,112.05348321398041
7642,260829152756,3401,111.98469281547162
7643,260829152941,3399,111.91590241696282
7644,260829153126,3400,111.95029761621721
7645,260829153311,3399,111.91590241696282
7646,260829153456,3398,111.88150721770842
7647,260829153641,3397,111.84711201845403
7648,260829153826,3399,111.91590241696282
7649,260829154011,3400,111.95029761621721
7650,260829154156,3400,111.95029761621721
7651,260829154341,3399,111.91590241696282
7652,260829154526,3397,111.84711201845403
7653,260829154711,3397,111.84711201845403
7654,260829154856,3396,111.81271681919962
7655,260829155041,3396,111.81271681919962
7656,260829155226,3394,111.74392642069081
7657,260829155411,3391,111.64074082292761
7658,260829155556,3389,111.57195042441882
7659,260829155741,3387,111.50316002591
7660,260829155926,3387,111.50316002591
7661,260829160111,3386,111.4687648266556
7662,260829160256,3384,111.3999744281468
7663,260829160441,3383,111.3655792288924
7664,260829160626,3381,111.2967888303836
7665,260829160811,3380,111.2623936311292
7666,260829160956,3379,111.2279984318748
7667,260829161141,3378,111.19360323262039
7668,260829161326,3377,111.159208033366
7669,260829161511,3376,111.1248128341116
7670,260829161656,3375,111.09041763485719
7671,260829161841,3374,111.05602243560278
7672,260829162026,3372,110.987232037094
7673,260829162211,3371,110.9528368378396
7674,260829162356,3370,110.9184416385852
7675,260829162541,3369,110.8840464393308
7676,260829162726,3369,110.8840464393308
7677,260829162911,3367,110.81525604082199
7678,260829163056,3368,110.8496512400764
7679,260829163241,3368,110.8496512400764
7680,260829163426,3368,110.8496512400764
7681,260829163611,3366,110.78086084156759
7682,260829163756,3366,110.78086084156759
7683,260829163941,3365,110.7464656423132
7684,260829164126,3365,110.7464656423132
7685,260829164311,3366,110.78086084156759
7686,260829164456,3365,110.7464656423132
7687,260829164641,3365,110.7464656423132
7688,260829164826,3364,110.71207044305879
7689,260829165011,3363,110.67767524380439
7690,260829165156,3362,110.64328004454998
7691,260829165341,3362,110.64328004454998
7692,260829165526,3361,110.60888484529559
7693,260829165711,3360,110.57448964604119
7694,260829165856,3359,110.54009444678678
7695,260829170041,3357,110.47130404827799
7696,260829170226,3356,110.43690884902358
7697,260829170411,3356,110.43690884902358
7698,260829170556,3356,110.43690884902358
7699,260829170741,3356,110.43690884902358
7700,260829170926,3356,110.43690884902358
7701,260829171111,3355,110.40251364976918
7702,260829171256,3355,110.40251364976918
7703,260829171441,3355,110.40251364976918
7704,260829171626,3356,110.43690884902358
7705,260829171811,3356,110.43690884902358
7706,260829171956,3355,110.40251364976918
7707,260829172141,3355,110.40251364976918
7708,260829172326,3354,110.36811845051477
7709,260829172511,3354,110.36811845051477
7710,260829172656,3353,110.33372325126038
7711,260829172842,3353,110.33372325126038
7712,260829173027,3353,110.33372325126038
7713,260829173212,3352,110.29932805200598
7714,260829173357,3351,110.26493285275157
7715,260829173542,3350,110.23053765349717
7716,260829173727,3348,110.16174725498837
7717,260829173912,3348,110.16174725498837
7718,260829174057,3348,110.16174725498837
7719,260829174242,3347,110.12735205573397
7720,260829174427,3346,110.09295685647956
7721,260829174612,3345,110.05856165722518
7722,260829174757,3345,110.05856165722518
7723,260829174942,3340,109.88658566095317
7724,260829175127,3341,109.92098086020758
7725,260829175312,3341,109.92098086020758
7726,260829175457,3341,109.92098086020758
7727,260829175642,3341,109.92098086020758
7728,260829175827,3341,109.92098086020758
7729,260829180012,3341,109.92098086020758
7730,260829180157,3341,109.92098086020758
7731,260829180342,3341,109.92098086020758
7732,260829180527,3341,109.92098086020758
7733,260829180712,3341,109.92098086020758
7734,260829180857,3342,109.95537605946197
7735,260829181042,3345,110.05856165722518
7736,260829181227,3345,110.05856165722518
7737,260829181412,3345,110.05856165722518
7738,260829181557,3346,110.09295685647956
7739,260829181742,3346,110.09295685647956
7740,260829181927,3346,110.09295685647956
7741,260829182112,3346,110.09295685647956
7742,260829182257,3346,110.09295685647956
7743,260829182442,3346,110.09295685647956
7744,260829182627,3346,110.09295685647956
7745,260829182812,3347,110.12735205573397
7746,260829182957,3347,110.12735205573397
7747,260829183142,3347,110.12735205573397
7748,260829183327,3348,110.16174725498837
7749,260829183512,3348,110.16174725498837
7750,260829183657,3348,110.16174725498837
7751,260829183842,3348,110.16174725498837
7752,260829184027,3349,110.19614245424277
7753,260829184212,3349,110.19614245424277
7754,260829184357,3349,110.19614245424277
7755,260829184542,3349,110.19614245424277
7756,260829184727,3349,110.19614245424277
7757,260829184912,3349,110.19614245424277
7758,260829185057,3349,110.19614245424277
7759,260829185242,3349,110.19614245424277
7760,260829185427,3349,110.19614245424277
7761,260829185612,3349,110.19614245424277
7762,260829185757,3349,110.19614245424277
7763,260829185942,3349,110.19614245424277
7764,260829190127,3349,110.19614245424277
7765,260829190312,3350,110.23053765349717
7766,260829190457,3349,110.19614245424277
7767,260829190642,3349,110.19614245424277
7768,260829190827,3350,110.23053765349717
7769,260829191012,3350,110.23053765349717
7770,260829191157,3350,110.23053765349717
7771,260829191342,3350,110.23053765349717
7772,260829191527,3350,110.23053765349717
7773,260829191712,3350,110.23053765349717
7774,260829191857,3350,110.23053765349717
7775,260829192042,3350,110.23053765349717
7776,260829192227,3350,110.23053765349717
7777,260829192412,3350,110.23053765349717
7778,260829192557,3351,110.26493285275157
7779,260829192742,3351,110.26493285275157
7780,260829192927,3351,110.26493285275157
7781,260829193112,3351,110.26493285275157
7782,260829193257,3351,110.26493285275157
7783,260829193442,3351,110.26493285275157
7784,260829193627,3351,110.26493285275157
7785,260829193812,3351,110.26493285275157
7786,260829193957,3351,110.26493285275157
7787,260829194142,3351,110.26493285275157
7788,260829194327,3351,110.26493285275157
7789,260829194512,3351,110.26493285275157
7790,260829194657,3351,110.26493285275157
7791,260829194842,3351,110.26493285275157
7792,260829195027,3351,110.26493285275157
7793,260829195212,3351,110.26493285275157
7794,260829195357,3351,110.26493285275157
7795,260829195542,3352,110.29932805200598
7796,260829195727,3353,110.33372325126038
7797,260829195912,3352,110.29932805200598
7798,260829200057,3352,110.29932805200598
7799,260829200242,3352,110.29932805200598
7800,260829200427,3352,110.29932805200598
7801,260829200613,3352,110.29932805200598
7802,260829200758,3353,110.33372325126038
7803,260829200943,3352,110.29932805200598
7804,260829201128,3352,110.29932805200598
7805,260829201313,3352,110.29932805200598
7806,260829201458,3352,110.29932805200598
7807,260829201643,3352,110.29932805200598
7808,260829201828,3351,110.26493285275157
7809,260829202013,3351,110.26493285275157
7810,260829202158,3351,110.26493285275157
7811,260829202343,3351,110.26493285275157
7812,260829202528,3351,110.26493285275157
7813,260829202713,3351,110.26493285275157
7814,260829202858,3351,110.26493285275157
7815,260829203043,3351,110.26493285275157
7816,260829203228,3351,110.26493285275157
7817,260829203413,3352,110.29932805200598
7818,260829203558,3353,110.33372325126038
7819,260829203743,3353,110.33372325126038
7820,260829203928,3354,110.36811845051477
7821,260829204113,3356,110.43690884902358
7822,260829204258,3356,110.43690884902358
7823,260829204443,3356,110.43690884902358
7824,260829204628,3356,110.43690884902358
7825,260829204813,3356,110.43690884902358
7826,260829204958,3355,110.40251364976918
7827,260829205143,3356,110.43690884902358
7828,260829205328,3356,110.43690884902358
7829,260829205513,3356,110.43690884902358
7830,260829205658,3356,110.43690884902358
7831,260829205843,3356,110.43690884902358
7832,260829210028,3356,110.43690884902358
7833,260829210213,3356,110.43690884902358
7834,260829210358,3355,110.40251364976918
7835,260829210543,3355,110.40251364976918
7836,260829210728,3355,110.40251364976918
7837,260829210913,3355,110.40251364976918
7838,260829211058,3355,110.40251364976918
7839,260829211243,3355,110.40251364976918
7840,260829211428,3355,110.40251364976918
7841,260829211613,3355,110.40251364976918
7842,260829211758,3355,110.40251364976918
7843,260829211943,3355,110.40251364976918
7844,260829212128,3356,110.43690884902358
7845,260829212313,3356,110.43690884902358
7846,260829212458,3356,110.43690884902358
7847,260829212643,3356,110.43690884902358
7848,260829212828,3350,110.23053765349717
7849,260829213013,3330,109.54263366840915
7850,260829213158,3356,110.43690884902358
7851,260829213343,3355,110.40251364976918
7852,260830040257,3296,108.37319689375953
7853,260830120031,3271,107.5133169123995
7854,260830120216,3245,106.61904173178509
7855,260830120401,3257,107.0317841228379
7856,260830120546,3256,106.9973889235835
7857,260830120731,3253,106.8942033258203
7858,260830120916,3284,107.96045450270672
7859,260830121101,3263,107.2381553183643
7860,260830121246,3260,107.1349697206011
7861,260830121431,3257,107.0317841228379
7862,260830121616,3245,106.61904173178509
7863,260830121801,3240,106.44706573551308
7864,260830121946,3240,106.44706573551308
7865,260830122131,3257,107.0317841228379
7866,260830122316,3260,107.1349697206011
7867,260830122501,3261,107.16936491985551
7868,260830122646,3274,107.6165025101627
7869,260830122831,3247,106.68783213029388
7870,260830123016,3255,106.9629937243291
7871,260830123201,3256,106.9973889235835
7872,260830123346,3258,107.0661793220923
7873,260830123531,3260,107.1349697206011
7874,260830123716,3263,107.2381553183643
7875,260830123901,3265,107.3069457168731
7876,260830124046,3265,107.3069457168731
7877,260830124231,3265,107.3069457168731
7878,260830124416,3266,107.34134091612749
7879,260830124601,3266,107.34134091612749
7880,260830124746,3267,107.3757361153819
7881,260830124931,3267,107.3757361153819
7882,260830125116,3267,107.3757361153819
7883,260830125301,3268,107.4101313146363
7884,260830125446,3268,107.4101313146363
7885,260830125631,3268,107.4101313146363
7886,260830125816,3268,107.4101313146363
7887,260830130001,3261,107.16936491985551
7888,260830130146,3252,106.8598081265659
7889,260830130331,3245,106.61904173178509
7890,260830130516,3244,106.58464653253068
7891,260830130701,3238,106.37827533700427
7892,260830130846,3243,106.55025133327628
7893,260830131031,3228,106.03432334446028
7894,260830131216,3209,105.38081455862665
7895,260830131401,3221,105.79355694967947
7896,260830131546,3167,103.93621618994182
7897,260830131731,3176,104.24577298323143
7898,260830131916,3212,105.48400015638985
7899,260830132101,3180,104.38335378024904
7900,260830132246,3196,104.93367696831945
7901,260830132431,3190,104.72730577279303
7902,260830132616,3203,105.17444336310025
7903,260830132801,3171,104.07379698695942
7904,260830132946,3154,103.4890785996346
7905,260830133132,3149,103.31710260336261
7906,260830133317,3200,105.07125776533705
7907,260830133502,3197,104.96807216757385
7908,260830133647,3198,105.00246736682824
7909,260830133832,3197,104.96807216757385
7910,260830134017,3197,104.96807216757385
7911,260830134202,3198,105.00246736682824
7912,260830134347,3199,105.03686256608265
7913,260830134532,3201,105.10565296459146
7914,260830134717,3204,105.20883856235466
7915,260830134902,3206,105.27762896086345
7916,260830135047,3209,105.38081455862665
7917,260830135232,3211,105.44960495713545
7918,260830135417,3214,105.55279055489865
7919,260830135602,3217,105.65597615266186
7920,260830135747,3218,105.69037135191626
7921,260830135932,3219,105.72476655117066
7922,260830140117,3176,104.24577298323143
7923,260830140302,3168,103.97061138919622
7924,260830140447,3151,103.38589300187141
7925,260830140632,3148,103.28270740410821
7926,260830140632,3148,103.28270740410821
7927,260830140817,3177,104.28016818248584
7928,260830141002,3152,103.42028820112581
7929,260830141147,3128,102.59480341902018
7930,260830141332,3163,103.79863539292421
7931,260830141517,3148,103.28270740410821
7932,260830141702,3171,104.07379698695942
7933,260830141847,3194,104.86488656981064
7934,260830142032,3190,104.72730577279303
7935,260830142217,3194,104.86488656981064
7936,260830142402,3197,104.96807216757385
7937,260830142547,3204,105.20883856235466
7938,260830142732,3189,104.69291057353864
7939,260830142917,3190,104.72730577279303
7940,260830143102,3204,105.20883856235466
7941,260830143247,3196,104.93367696831945
7942,260830143432,3196,104.93367696831945
7943,260830143617,3195,104.89928176906504
7944,260830143802,3195,104.89928176906504
7945,260830143947,3195,104.89928176906504
7946,260830144132,3196,104.93367696831945
7947,260830144317,3198,105.00246736682824
7948,260830144502,3199,105.03686256608265
7949,260830144647,3200,105.07125776533705
7950,260830144832,3200,105.07125776533705
7951,260830145017,3201,105.10565296459146
7952,260830145202,3202,105.14004816384585
7953,260830145347,3202,105.14004816384585
7954,260830145532,3203,105.17444336310025
7955,260830145717,3203,105.17444336310025
7956,260830145902,3203,105.17444336310025
7957,260830150047,3201,105.10565296459146
7958,260830150232,3202,105.14004816384585
7959,260830150417,3189,104.69291057353864
7960,260830150602,3188,104.65851537428424
7961,260830150747,3201,105.10565296459146
7962,260830150932,3189,104.69291057353864
7963,260830151117,3186,104.58972497577543
7964,260830151302,3188,104.65851537428424
7965,260830151447,3181,104.41774897950344
7966,260830151632,3187,104.62412017502983
7967,260830151817,3178,104.31456338174023
7968,260830152002,3137,102.9043602123098
7969,260830152147,3175,104.21137778397703
7970,260830152332,3093,101.39097144511616
7971,260830152517,3140,103.007545810073
7972,260830152702,3184,104.52093457726663
7973,260830152847,3130,102.66359381752898
7974,260830153032,3132,102.73238421603779
7975,260830153217,3149,103.31710260336261
7976,260830153402,3147,103.2483122048538
7977,260830153547,3160,103.69544979516101
7978,260830153732,3104,101.76931863691456
7979,260830153917,3128,102.59480341902018
7980,260830154102,3127,102.56040821976578
7981,260830154247,3144,103.1451266070906
7982,260830154432,3143,103.1107314078362
7983,260830154617,3140,103.007545810073
7984,260830154802,3140,103.007545810073
7985,260830154947,3140,103.007545810073
7986,260830155132,3142,103.0763362085818
7987,260830155317,3144,103.1451266070906
7988,260830155502,3148,103.28270740410821
7989,260830155647,3150,103.351497802617
7990,260830155832,3153,103.45468340038022
7991,260830160017,3157,103.59226419739781
7992,260830160202,3160,103.69544979516101
7993,260830160347,3162,103.7642401936698
7994,260830160532,3165,103.86742579143302
7995,260830160717,3167,103.93621618994182
7996,260830160902,3169,104.00500658845063
7997,260830161048,3165,103.86742579143302
7998,260830161233,3143,103.1107314078362
7999,260830161418,3096,101.49415704287937
8000,260830161603,3102,101.70052823840575
8001,260830161748,3135,102.83556981380099
8002,260830161933,3066,100.46230106524735
8003,260830162118,3042,99.63681628314173
8004,260830162303,3077,100.84064825704574
8005,260830162448,3090,101.28778584735296
8006,260830162633,3098,101.56294744138818
8007,260830162818,3141,103.0419410093274
8008,260830163003,3145,103.17952180634501
8009,260830163148,3152,103.42028820112581
8010,260830163333,3152,103.42028820112581
8011,260830163518,3145,103.17952180634501
8012,260830163703,3139,102.97315061081859
8013,260830163848,3153,103.45468340038022
8014,260830164033,3155,103.523473798889
8015,260830164218,3141,103.0419410093274
8016,260830164403,3141,103.0419410093274
8017,260830164548,3141,103.0419410093274
8018,260830164733,3140,103.007545810073
8019,260830164918,3140,103.007545810073
8020,260830165103,3141,103.0419410093274
8021,260830165248,3142,103.0763362085818
8022,260830165433,3142,103.0763362085818
8023,260830165618,3142,103.0763362085818
8024,260830165803,3143,103.1107314078362
8025,260830165948,3143,103.1107314078362
8026,260830170133,3144,103.1451266070906
8027,260830170318,3144,103.1451266070906
8028,260830170503,3143,103.1107314078362
8029,260830170648,3143,103.1107314078362
8030,260830170833,3143,103.1107314078362
8031,260830171018,3146,103.2139170055994
8032,260830171203,3140,103.007545810073
8033,260830171348,3126,102.5260130205114
8034,260830171533,3130,102.66359381752898
8035,260830171718,3130,102.66359381752898
8036,260830171903,3136,102.86996501305539
8037,260830172048,3116,102.18206102796738
8038,260830172233,3130,102.66359381752898
8039,260830172418,3131,102.69798901678338
8040,260830172603,3092,101.35657624586176
8041,260830172748,3101,101.66613303915136
8042,260830172933,3052,99.98076827568572
8043,260830173118,3089,101.25339064809856
8044,260830173303,3124,102.45722262200259
8045,260830173448,3075,100.77185785853693
8046,260830173633,3077,100.84064825704574
8047,260830173818,3087,101.18460024958975
8048,260830174003,3079,100.90943865555454
8049,260830174148,3085,101.11580985108095
8050,260830174333,3045,99.74000188090491
8051,260830174518,3038,99.49923548612412
8052,260830174703,3028,99.1552834935801
8053,260830174848,3051,99.94637307643131
8054,260830175033,3082,101.01262425331775
8055,260830175218,3081,100.97822905406335
8056,260830175403,3080,100.94383385480894
8057,260830175548,3079,100.90943865555454
8058,260830175733,3079,100.90943865555454
8059,260830175918,3080,100.94383385480894
8060,260830180103,3082,101.01262425331775
8061,260830180248,3084,101.08141465182655
8062,260830180433,3087,101.18460024958975
8063,260830180618,3089,101.25339064809856
8064,260830180803,3091,101.32218104660735
8065,260830180948,3092,101.35657624586176
8066,260830181133,3094,101.42536664437057
8067,260830181318,3095,101.45976184362496
8068,260830181503,3095,101.45976184362496
8069,260830181648,3030,99.22407389208891
8070,260830181833,3047,99.80879227941371
8071,260830182018,3089,101.25339064809856
8072,260830182203,3024,99.0177026965625
8073,260830182348,3026,99.0864930950713
8074,260830182533,3045,99.74000188090491
8075,260830182718,2995,98.02024191818487
8076,260830182903,3012,98.60496030550969
8077,260830183048,3020,98.88012189954489
8078,260830183233,3004,98.32979871147448
8079,260830183418,3014,98.6737507040185
8080,260830183603,3054,100.04955867419453
8081,260830183748,3094,101.42536664437057
8082,260830183933,3059,100.22153467046653
8083,260830184118,3054,100.04955867419453
8084,260830184303,3046,99.77439708015932
8085,260830184448,3042,99.63681628314173
8086,260830184633,3040,99.56802588463292
8087,260830184818,3039,99.53363068537851
8088,260830185003,3062,100.32472026822974
8089,260831122331,2819,91.96668684941034
8090,260831122516,2819,91.96668684941034
8091,260831122702,2821,92.03547724791913
8092,260831122847,2820,92.00108204866473
8093,260831123032,2814,91.79471085313833
8094,260831123217,2831,92.37942924046312
8095,260831123402,2803,91.4163636613399
8096,260831123547,2787,90.8660404732695
8097,260831123732,2810,91.65713005612072
8098,260831123917,2802,91.38196846208551
8099,260831124102,2802,91.38196846208551
8100,260831124247,2800,91.3131780635767
8101,260831124432,2799,91.2787828643223
8102,260831124617,2798,91.24438766506792
8103,260831124802,2798,91.24438766506792
8104,260831124947,2798,91.24438766506792
8105,260831125132,2799,91.2787828643223
8106,260831125317,2799,91.2787828643223
8107,260831125502,2799,91.2787828643223
8108,260831125647,2798,91.24438766506792
8109,260831125832,2798,91.24438766506792
8110,260831130017,2798,91.24438766506792
8111,260831130202,2798,91.24438766506792
8112,260831130347,2798,91.24438766506792
8113,260831130532,2798,91.24438766506792
8114,260831130717,2798,91.24438766506792
8115,260831130902,2798,91.24438766506792
8116,260831131047,2797,91.20999246581351
8117,260831131232,2797,91.20999246581351
8118,260831131417,2797,91.20999246581351
8119,260831131602,2786,90.8316452740151
8120,260831131747,2785,90.7972500747607
8121,260831131932,2784,90.76285487550629
8122,260831132117,2784,90.76285487550629
8123,260831132302,2781,90.65966927774309
8124,260831132447,2770,90.2813220859447
8125,260831132632,2766,90.14374128892709
8126,260831132817,2765,90.10934608967268
8127,260831133002,2764,90.07495089041828
8128,260831133147,2763,90.04055569116389
8129,260831133332,2762,90.00616049190948
8130,260831133517,2761,89.97176529265508
8131,260831133702,2760,89.93737009340067
8132,260831133847,2759,89.90297489414628
8133,260831134032,2759,89.90297489414628
8134,260831134217,2758,89.86857969489188
8135,260831134402,2757,89.83418449563747
8136,260831134547,2756,89.79978929638307
8137,260831134732,2755,89.76539409712868
8138,260831134917,2755,89.76539409712868
8139,260831135102,2754,89.73099889787427
8140,260831135247,2754,89.73099889787427
8141,260831135432,2753,89.69660369861987
8142,260831135617,2753,89.69660369861987
8143,260831135802,2752,89.66220849936546
8144,260831135947,2752,89.66220849936546
8145,260831140132,2751,89.62781330011107
8146,260831140317,2751,89.62781330011107
8147,260831140502,2750,89.59341810085667
8148,260831140647,2749,89.55902290160226
8149,260831140832,2748,89.52462770234786
8150,260831141017,2747,89.49023250309347
8151,260831141202,2746,89.45583730383906
8152,260831141347,2746,89.45583730383906
8153,260831141532,2744,89.38704690533027
8154,260831141717,2743,89.35265170607587
8155,260831141902,2742,89.31825650682147
8156,260831142047,2741,89.28386130756707
8157,260831142232,2739,89.21507090905827
8158,260831142417,2738,89.18067570980386
8159,260831142602,2736,89.11188531129505
8160,260831142747,2735,89.07749011204066
8161,260831142932,2743,89.35265170607587
8162,260831143117,2743,89.35265170607587
8163,260831143302,2742,89.31825650682147
8164,260831143447,2741,89.28386130756707
8165,260831143632,2739,89.21507090905827
8166,260831143817,2738,89.18067570980386
8167,260831144002,2737,89.14628051054946
8168,260831144147,2736,89.11188531129505
8169,260831144332,2735,89.07749011204066
8170,260831144517,2783,90.7284596762519
8171,260831144702,2749,89.55902290160226
8172,260831144847,2724,88.69914292024224
8173,260831145032,2737,89.14628051054946
8174,260831145217,2728,88.83672371725984
8175,260831145402,2663,86.6010357657238
8176,260831145547,2654,86.29147897243419
8177,260831145732,2649,86.11950297616218
8178,260831145917,2646,86.01631737839898
8179,260831150102,2642,85.87873658138138
8180,260831150247,2639,85.77555098361817
8181,260831150432,2636,85.67236538585496
8182,260831150617,2633,85.56917978809177
8183,260831150803,2631,85.50038938958298
8184,260831150948,2629,85.43159899107417
8185,260831151133,2627,85.36280859256537
8186,260831151318,2624,85.25962299480216
8187,260831151503,2620,85.12204219778455
8188,260831151648,2618,85.05325179927576
8189,260831151833,2615,84.95006620151256
8190,260831152018,6899,232.29909980736576
8191,260831152203,2672,86.9105925590134
8192,260831152348,2662,86.5666405664694
8193,260831152533,2655,86.3258741716886
8194,260831152718,2707,88.11442453291744
8195,260831152903,2722,88.63035252173344
8196,260831153048,2698,87.80486773962782
8197,260831153233,2701,87.90805333739102
8198,260831153418,2699,87.83926293888223
8199,260831153603,2695,87.70168214186462
8200,260831153748,2697,87.77047254037342
8201,260831153933,2699,87.83926293888223
8202,260831154118,2700,87.87365813813662
8203,260831154303,2702,87.94244853664543
8204,260831154448,2703,87.97684373589983
8205,260831154633,2705,88.04563413440863
8206,260831154818,2706,88.08002933366303
8207,260831155003,2707,88.11442453291744
8208,260831155148,2694,87.66728694261022
8209,260831155333,2693,87.63289174335581
8210,260831155518,2693,87.63289174335581
8211,260831155703,2692,87.59849654410141
8212,260831155848,2692,87.59849654410141
8213,260831160033,2692,87.59849654410141
8214,260831160218,2692,87.59849654410141
8215,260831160403,2691,87.56410134484702
8216,260831160548,2691,87.56410134484702
8217,260831160733,2691,87.56410134484702
8218,260831160918,2691,87.56410134484702
8219,260831161103,2690,87.52970614559261
8220,260831161248,2690,87.52970614559261
8221,260831161433,2690,87.52970614559261
8222,260831161618,2690,87.52970614559261
8223,260831161803,2689,87.49531094633822
8224,260831161948,2689,87.49531094633822
8225,260831162133,2688,87.46091574708382
8226,260831162318,2688,87.46091574708382
8227,260831162503,2688,87.46091574708382
8228,260831162648,2687,87.42652054782943
8229,260831162833,2687,87.42652054782943
8230,260831163018,2687,87.42652054782943
8231,260831163203,2687,87.42652054782943
8232,260831163348,2686,87.39212534857502
8233,260831163533,2686,87.39212534857502
8234,260831163718,2686,87.39212534857502
8235,260831163903,2686,87.39212534857502
8236,260831164048,2686,87.39212534857502
8237,260831164233,2686,87.39212534857502
8238,260831164418,2685,87.35773014932062
8239,260831164603,2685,87.35773014932062
8240,260831164748,2685,87.35773014932062
8241,260831164933,2684,87.32333495006621
8242,260831165118,2684,87.32333495006621
8243,260831165303,2683,87.28893975081182
8244,260831165448,2683,87.28893975081182
8245,260831165633,2683,87.28893975081182
8246,260831165818,2682,87.25454455155742
8247,260831170003,2681,87.22014935230301
8248,260831170148,2681,87.22014935230301
8249,260831170333,2681,87.22014935230301
8250,260831170518,2680,87.1857541530486
8251,260831170703,2679,87.15135895379422
8252,260831170848,2679,87.15135895379422
8253,260831171033,2679,87.15135895379422
8254,260831171218,2678,87.11696375453981
8255,260831171403,2678,87.11696375453981
8256,260831171548,2677,87.0825685552854
8257,260831171733,2676,87.048173356031
8258,260831171918,2675,87.01377815677661
8259,260831172103,2675,87.01377815677661
8260,260831172248,2674,86.9793829575222
8261,260831172433,2674,86.9793829575222
8262,260831172618,2673,86.9449877582678
8263,260831172803,2672,86.9105925590134
8264,260831172948,2662,86.5666405664694
8265,260831173133,2680,87.1857541530486
8266,260831173318,2681,87.22014935230301
8267,260831173503,2684,87.32333495006621
8268,260831173648,2686,87.39212534857502
8269,260831173833,2688,87.46091574708382
8270,260831174018,2689,87.49531094633822
8271,260831174203,2691,87.56410134484702
8272,260831174348,2692,87.59849654410141
8273,260831174533,2694,87.66728694261022
8274,260831174718,2695,87.70168214186462
8275,260831174904,2696,87.73607734111901
8276,260831175049,2697,87.77047254037342
8277,260831175234,2697,87.77047254037342
8278,260831175419,2698,87.80486773962782
8279,260831175604,2699,87.83926293888223
8280,260831175749,2699,87.83926293888223
8281,260831175934,2701,87.90805333739102
8282,260831180119,2701,87.90805333739102
8283,260831180304,2702,87.94244853664543
8284,260831180449,2703,87.97684373589983
8285,260831180634,2704,88.01123893515422
8286,260831180819,2704,88.01123893515422
8287,260831181004,2705,88.04563413440863
8288,260831181149,2706,88.08002933366303
8289,260831181334,2706,88.08002933366303
8290,260831181519,2706,88.08002933366303
8291,260831181704,2707,88.11442453291744
8292,260831181849,2707,88.11442453291744
8293,260831182034,2708,88.14881973217183
8294,260831182219,2708,88.14881973217183
8295,260831182404,2709,88.18321493142624
8296,260831182549,2709,88.18321493142624
8297,260831182734,2710,88.21761013068064
8298,260831182919,2710,88.21761013068064
8299,260831183104,2710,88.21761013068064
8300,260831183249,2711,88.25200532993505
8301,260831183434,2711,88.25200532993505
8302,260831183619,2712,88.28640052918944
8303,260831183804,2712,88.28640052918944
8304,260831183949,2713,88.32079572844384
8305,260831184134,2713,88.32079572844384
8306,260831184319,2713,88.32079572844384
8307,260831184504,2714,88.35519092769825
8308,260831184649,2714,88.35519092769825
8309,260831184834,2715,88.38958612695265
8310,260831185019,2715,88.38958612695265
8311,260831185204,2715,88.38958612695265
8312,260831185349,2716,88.42398132620704
8313,260831185534,2716,88.42398132620704
8314,260831185719,2717,88.45837652546145
8315,260831185904,2717,88.45837652546145
8316,260831190049,2718,88.49277172471584
8317,260831190234,2718,88.49277172471584
8318,260831190419,2718,88.49277172471584
8319,260831190604,2719,88.52716692397024
8320,260831190749,2719,88.52716692397024
8321,260831190934,2719,88.52716692397024
8322,260831191119,2720,88.56156212322463
8323,260831191304,2720,88.56156212322463
8324,260831191449,2720,88.56156212322463
8325,260831191634,2721,88.59595732247904
8326,260831191819,2721,88.59595732247904
8327,260831192004,2721,88.59595732247904
8328,260831192149,2722,88.63035252173344
8329,260831192334,2722,88.63035252173344
8330,260831192519,2722,88.63035252173344
8331,260831192704,2722,88.63035252173344
8332,260831192849,2723,88.66474772098785
8333,260831193034,2723,88.66474772098785
8334,260831193219,2724,88.69914292024224
8335,260831193404,2724,88.69914292024224
8336,260831193549,2724,88.69914292024224
8337,260831193734,2724,88.69914292024224
8338,260831193919,2725,88.73353811949664
8339,260831194104,2725,88.73353811949664
8340,260831194249,2725,88.73353811949664
8341,260831194434,2726,88.76793331875105
8342,260831194619,2726,88.76793331875105
8343,260831194804,2726,88.76793331875105
8344,260831194949,2726,88.76793331875105
8345,260831195134,2727,88.80232851800545
8346,260831195319,2727,88.80232851800545
8347,260831195504,2727,88.80232851800545
8348,260831195649,2727,88.80232851800545
8349,260831195834,2727,88.80232851800545
8350,260831200019,2728,88.83672371725984
8351,260831200204,2728,88.83672371725984
8352,260831200349,2728,88.83672371725984
8353,260831200534,2728,88.83672371725984
8354,260831200719,2728,88.83672371725984
8355,260831200904,2729,88.87111891651425
8356,260831201049,2729,88.87111891651425
8357,260831201234,2729,88.87111891651425
8358,260831201419,2729,88.87111891651425
8359,260831201604,2729,88.87111891651425
8360,260831201749,2729,88.87111891651425
8361,260831201934,2729,88.87111891651425
8362,260831202119,2729,88.87111891651425
8363,260831202304,2729,88.87111891651425
8364,260831202449,2729,88.87111891651425
8365,260831202634,2729,88.87111891651425
8366,260831202819,2729,88.87111891651425
8367,260831203004,2729,88.87111891651425
8368,260831203149,2729,88.87111891651425
8369,260831203334,2729,88.87111891651425
8370,260831203520,2729,88.87111891651425
8371,260831203705,2729,88.87111891651425
8372,260831203850,2729,88.87111891651425
8373,260831204035,2729,88.87111891651425
8374,260831204220,2729,88.87111891651425
8375,260831204405,2729,88.87111891651425
8376,260831204550,2729,88.87111891651425
8377,260831204735,2729,88.87111891651425
8378,260831204920,2730,88.90551411576865
8379,260831205105,2730,88.90551411576865
8380,260831205250,2730,88.90551411576865
8381,260831205435,2730,88.90551411576865
8382,260831205620,2730,88.90551411576865
8383,260831205805,2730,88.90551411576865
8384,260831205950,2730,88.90551411576865
8385,260831210135,2730,88.90551411576865
8386,260831210320,2730,88.90551411576865
8387,260831210505,2730,88.90551411576865
8388,260831210650,2730,88.90551411576865
8389,260831210835,2730,88.90551411576865
8390,260831211020,2730,88.90551411576865
8391,260831211205,2730,88.90551411576865
8392,260831211350,2730,88.90551411576865
8393,260831211535,2731,88.93990931502306
8394,260831211720,2731,88.93990931502306
8395,260831211905,2731,88.93990931502306
8396,260831212050,2731,88.93990931502306
8397,260831212235,2731,88.93990931502306
8398,260831212420,2731,88.93990931502306
8399,260831212605,2731,88.93990931502306
8400,260831212750,2731,88.93990931502306
8401,260831212935,2731,88.93990931502306
8402,260831213120,2731,88.93990931502306
8403,260831213305,2731,88.93990931502306
8404,260831213450,2731,88.93990931502306
8405,260831213635,2731,88.93990931502306
8406,260831213820,2731,88.93990931502306
8407,260831214005,2731,88.93990931502306
8408,260831214150,2731,88.93990931502306
8409,260831214335,2731,88.93990931502306
8410,260831214520,2731,88.93990931502306
8411,260831214705,2731,88.93990931502306
8412,260831214850,2731,88.93990931502306
8413,260831215035,2732,88.97430451427745
8414,260831215220,2732,88.97430451427745
8415,260831215405,2732,88.97430451427745
8416,260831215550,2732,88.97430451427745
8417,260831215735,2732,88.97430451427745
8418,260831215920,2732,88.97430451427745
8419,260831220105,2732,88.97430451427745
8420,260831220250,2732,88.97430451427745
8421,260831220435,2731,88.93990931502306
8422,260831220620,2731,88.93990931502306
8423,260831220805,2730,88.90551411576865
8424,260831220950,2729,88.87111891651425
8425,260831221135,2728,88.83672371725984
8426,260831221320,2727,88.80232851800545
8427,260831221505,2726,88.76793331875105
8428,260831221650,2726,88.76793331875105
8429,260831221835,2726,88.76793331875105
8430,260831222020,2726,88.76793331875105
8431,260831222205,2726,88.76793331875105
8432,260831222350,2727,88.80232851800545
8433,260831222535,2727,88.80232851800545
8434,260831222720,2727,88.80232851800545
8435,260831222905,2728,88.83672371725984
8436,260831223050,2728,88.83672371725984
8437,260831223235,2729,88.87111891651425
8438,260831223420,2730,88.90551411576865
8439,260831223605,2730,88.90551411576865
8440,260831223750,2731,88.93990931502306
8441,260831223935,2732,88.97430451427745
8442,260831224120,2732,88.97430451427745
8443,260831224305,2732,88.97430451427745
8444,260831224450,2733,89.00869971353185
8445,260831224635,2733,89.00869971353185
8446,260831224820,2733,89.00869971353185
8447,260831225005,2733,89.00869971353185
8448,260831225150,2734,89.04309491278626
8449,260831225335,2734,89.04309491278626
8450,260831225520,2734,89.04309491278626
8451,260831225705,2734,89.04309491278626
8452,260831225850,2735,89.07749011204066
8453,260831230035,2735,89.07749011204066
8454,260831230220,2735,89.07749011204066
8455,260831230405,2735,89.07749011204066
8456,260831230550,2735,89.07749011204066
8457,260831230735,2736,89.11188531129505
8458,260831230920,2736,89.11188531129505
8459,260831231105,2736,89.11188531129505
8460,260831231250,2736,89.11188531129505
8461,260831231435,2736,89.11188531129505
8462,260831231620,2736,89.11188531129505
8463,260831231806,2736,89.11188531129505
8464,260831231951,2736,89.11188531129505
8465,260831232136,2736,89.11188531129505
8466,260831232321,2736,89.11188531129505
8467,260831232506,2736,89.11188531129505
8468,260831232651,2737,89.14628051054946
8469,260831232836,2737,89.14628051054946
8470,260831233021,2737,89.14628051054946
8471,260831233206,2737,89.14628051054946
8472,260831233351,2737,89.14628051054946
8473,260831233536,2737,89.14628051054946
8474,260831233721,2737,89.14628051054946
8475,260831233906,2737,89.14628051054946
8476,260831234051,2737,89.14628051054946
8477,260831234236,2737,89.14628051054946
8478,260831234421,2737,89.14628051054946
8479,260831234606,2737,89.14628051054946
8480,260831234751,2737,89.14628051054946
8481,260831234936,2737,89.14628051054946
8482,260831235121,2737,89.14628051054946
8483,260831235306,2737,89.14628051054946
8484,260831235451,2737,89.14628051054946
8485,260831235636,2737,89.14628051054946
8486,260831235821,2737,89.14628051054946
8487,260901000006,2737,89.14628051054946
8488,260901000151,2737,89.14628051054946
8489,260901000336,2737,89.14628051054946
8490,260901000521,2737,89.14628051054946
8491,260901000706,2737,89.14628051054946
8492,260901000851,2737,89.14628051054946
8493,260901001036,2737,89.14628051054946
8494,260901001221,2737,89.14628051054946
8495,260901001406,2737,89.14628051054946
8496,260901001551,2737,89.14628051054946
8497,260901001736,2737,89.14628051054946
8498,260901001921,2737,89.14628051054946
8499,260901002106,2737,89.14628051054946
8500,260901184254,2731,88.93990931502306
8501,260901184439,2728,88.83672371725984
8502,260901184624,2719,88.52716692397024
8503,260901184809,2723,88.66474772098785
8504,260901184954,2723,88.66474772098785
8505,260901185139,2723,88.66474772098785
8506,260901185324,2722,88.63035252173344
8507,260901185509,2722,88.63035252173344
8508,260901185654,2721,88.59595732247904
8509,260901185839,2721,88.59595732247904
8510,260901190024,2721,88.59595732247904
8511,260901190209,2720,88.56156212322463
8512,260901190354,2720,88.56156212322463
8513,260901190539,2720,88.56156212322463
8514,260901190724,2719,88.52716692397024
8515,260901190909,2719,88.52716692397024
8516,260901191054,2718,88.49277172471584
8517,260901191239,2718,88.49277172471584
8518,260901191424,2718,88.49277172471584
8519,260901191609,2717,88.45837652546145
8520,260901191754,2717,88.45837652546145
8521,260901191939,2716,88.42398132620704
8522,260901192124,2715,88.38958612695265
8523,260901192309,2715,88.38958612695265
8524,260901192454,2714,88.35519092769825
8525,260901192639,2714,88.35519092769825
8526,260901192824,2714,88.35519092769825
8527,260901193009,2713,88.32079572844384
8528,260901193154,2713,88.32079572844384
8529,260901193339,2713,88.32079572844384
8530,260901193524,2712,88.28640052918944
8531,260901193709,2712,88.28640052918944
8532,260901193854,2712,88.28640052918944
8533,260901194039,2711,88.25200532993505
8534,260901194224,2704,88.01123893515422
8535,260901194409,2712,88.28640052918944
8536,260901194554,2711,88.25200532993505
8537,260901194739,2698,87.80486773962782
8538,260901194924,2717,88.45837652546145
8539,260901195109,2753,89.69660369861987
8540,260901195254,2686,87.39212534857502
8541,260901195439,2703,87.97684373589983
8542,260901195624,2693,87.63289174335581
8543,260901195809,2691,87.56410134484702
8544,260901195954,2692,87.59849654410141
8545,260901200140,2691,87.56410134484702
8546,260901200325,2692,87.59849654410141
8547,260901200510,2691,87.56410134484702
8548,260901200655,2688,87.46091574708382
8549,260901200840,2695,87.70168214186462
8550,260901201025,2695,87.70168214186462
8551,260901201210,2695,87.70168214186462
8552,260901201355,2690,87.52970614559261
8553,260901201540,2690,87.52970614559261
8554,260901201725,2700,87.87365813813662
8555,260901201910,2681,87.22014935230301
8556,260901202055,2675,87.01377815677661
8557,260901202240,2689,87.49531094633822
8558,260901202425,2676,87.048173356031
8559,260901202610,2702,87.94244853664543
8560,260901202755,2678,87.11696375453981
8561,260901202940,2696,87.73607734111901
8562,260901203125,2695,87.70168214186462
8563,260901203310,2695,87.70168214186462
8564,260901203455,2675,87.01377815677661
8565,260901203640,2663,86.6010357657238
8566,260901203825,2687,87.42652054782943
8567,260901204010,2679,87.15135895379422
8568,260901204155,2693,87.63289174335581
8569,260901204340,2677,87.0825685552854
8570,260901204525,2675,87.01377815677661
8571,260901204710,2674,86.9793829575222
8572,260901204855,2673,86.9449877582678
8573,260901205040,2681,87.22014935230301
8574,260901205225,2802,91.38196846208551
8575,260901205410,3818,126.32749090455677
8576,260901205555,4095,135.8549610980258
8577,260901205740,4095,135.8549610980258
8578,260901205925,4095,135.8549610980258
8579,260901210110,4095,135.8549610980258
8580,260901210255,4095,135.8549610980258
8581,260901210440,4095,135.8549610980258
8582,260901210625,4095,135.8549610980258
8583,260901210810,4095,135.8549610980258
8584,260901210955,4095,135.8549610980258
8585,260901211140,4095,135.8549610980258
8586,260901211325,4095,135.8549610980258
8587,260901211510,4095,135.8549610980258
8588,260901211655,4095,135.8549610980258
8589,260901211840,4095,135.8549610980258
8590,260901212025,4095,135.8549610980258
8591,260901212210,4095,135.8549610980258
8592,260901212355,4095,135.8549610980258
8593,260901212540,4095,135.8549610980258
8594,260901212725,4095,135.8549610980258
8595,260901212910,4095,135.8549610980258
8596,260901213055,4095,135.8549610980258
8597,260901213240,4095,135.8549610980258
8598,260901213425,4095,135.8549610980258
8599,260901213610,4095,135.8549610980258
8600,260901213755,4095,135.8549610980258
8601,260901213940,4095,135.8549610980258
8602,260901214125,4095,135.8549610980258
8603,260901214310,4095,135.8549610980258
8604,260901214455,4095,135.8549610980258
8605,260901214640,4095,135.8549610980258
8606,260901214825,4095,135.8549610980258
8607,260901215010,4095,135.8549610980258
8608,260901215155,4095,135.8549610980258
8609,260901215340,4095,135.8549610980258
8610,260901215525,4095,135.8549610980258
8611,260901215710,4095,135.8549610980258
8612,260901215855,4095,135.8549610980258
8613,260901220040,4095,135.8549610980258
8614,260901220225,4095,135.8549610980258
8615,260901220410,4095,135.8549610980258
8616,260901220555,4095,135.8549610980258
8617,260901220740,4095,135.8549610980258
8618,260901220925,4095,135.8549610980258
8619,260901221110,4095,135.8549610980258
8620,260901221255,4095,135.8549610980258
8621,260901221440,4095,135.8549610980258
8622,260901221625,4095,135.8549610980258
8623,260901221810,4095,135.8549610980258
8624,260901221955,4095,135.8549610980258
8625,260901222140,4095,135.8549610980258
8626,260901222325,4095,135.8549610980258
8627,260901222510,4095,135.8549610980258
8628,260901222655,4095,135.8549610980258
8629,260901222840,4095,135.8549610980258
8630,260901223025,4095,135.8549610980258
8631,260901223210,4095,135.8549610980258
8632,260901223355,4095,135.8549610980258
8633,260901223540,4095,135.8549610980258
8634,260901223725,4095,135.8549610980258
8635,260901223911,4095,135.8549610980258
8636,260901224055,4095,135.8549610980258
8637,260901224240,4095,135.8549610980258
8638,260901224426,4095,135.8549610980258
8639,260901224611,4095,135.8549610980258
8640,260901224756,4095,135.8549610980258
8641,260901224941,4095,135.8549610980258
8642,260901225126,4095,135.8549610980258
8643,260901225311,4095,135.8549610980258
8644,260901225456,4095,135.8549610980258
8645,260901225641,4095,135.8549610980258
8646,260901225826,4095,135.8549610980258
8647,260901230011,4095,135.8549610980258
8648,260901230156,4095,135.8549610980258
8649,260901230341,4095,135.8549610980258
8650,260901230526,4095,135.8549610980258
8651,260901230711,4095,135.8549610980258
8652,260901230856,4095,135.8549610980258
8653,260901231041,4095,135.8549610980258
8654,260901231226,4095,135.8549610980258
8655,260901231411,4095,135.8549610980258
8656,260901231556,4095,135.8549610980258
8657,260901231741,4095,135.8549610980258
8658,260901231926,4095,135.8549610980258
8659,260901232111,4095,135.8549610980258
8660,260901232256,4095,135.8549610980258
8661,260901232441,4095,135.8549610980258
8662,260901232626,4095,135.8549610980258
8663,260901232811,4095,135.8549610980258
8664,260901232956,4095,135.8549610980258
8665,260901233141,4095,135.8549610980258
8666,260901233326,4095,135.8549610980258
8667,260901233511,4095,135.8549610980258
8668,260901233656,4095,135.8549610980258
8669,260901233841,4095,135.8549610980258
8670,260901234026,4095,135.8549610980258
8671,260901234211,4095,135.8549610980258
8672,260901234356,4095,135.8549610980258
8673,260901234541,4095,135.8549610980258
8674,260901234726,4095,135.8549610980258
8675,260901234911,4095,135.8549610980258
8676,260901235056,4095,135.8549610980258
8677,260901235241,4095,135.8549610980258
8678,260901235426,4095,135.8549610980258
8679,260901235611,4095,135.8549610980258
8680,260901235756,4095,135.8549610980258
8681,260901235941,4095,135.8549610980258
8682,260902000126,4095,135.8549610980258
8683,260902000311,4095,135.8549610980258
8684,260902000456,4095,135.8549610980258
8685,260902000641,4095,135.8549610980258
8686,260902000826,4095,135.8549610980258
8687,260902001011,4095,135.8549610980258
8688,260902001156,4095,135.8549610980258
8689,260902001341,4095,135.8549610980258
8690,260902001526,4095,135.8549610980258
8691,260902001711,4095,135.8549610980258
8692,260902001856,4095,135.8549610980258
8693,260902002041,4095,135.8549610980258
8694,260902002226,4095,135.8549610980258
8695,260902002411,4095,135.8549610980258
8696,260902002556,4095,135.8549610980258
8697,260902002741,4095,135.8549610980258
8698,260902002926,4095,135.8549610980258
8699,260902003111,4095,135.8549610980258
8700,260902003256,4095,135.8549610980258
8701,260902003441,4095,135.8549610980258
8702,260902003626,4095,135.8549610980258
8703,260902003811,4095,135.8549610980258
8704,260902003956,4095,135.8549610980258
8705,260902004141,4095,135.8549610980258
8706,260902004326,4095,135.8549610980258
8707,260902004511,4095,135.8549610980258
8708,260902004656,4095,135.8549610980258
8709,260902004841,4095,135.8549610980258
8710,260902005026,4095,135.8549610980258
8711,260902005211,4095,135.8549610980258
8712,260902005356,4095,135.8549610980258
8713,260902005541,4095,135.8549610980258
8714,260902005726,4095,135.8549610980258
8715,260902005911,4095,135.8549610980258
8716,260902010056,4095,135.8549610980258
8717,260902010241,4095,135.8549610980258
8718,260902010426,4095,135.8549610980258
8719,260902010611,4095,135.8549610980258
8720,260902010756,4095,135.8549610980258
8721,260902010941,4095,135.8549610980258
8722,260902011126,4095,135.8549610980258
8723,260902011311,4095,135.8549610980258
8724,260902011456,4095,135.8549610980258
8725,260902011641,4095,135.8549610980258
8726,260902011826,4095,135.8549610980258
8727,260902012011,4095,135.8549610980258
8728,260902012156,4095,135.8549610980258
8729,260902012341,4095,135.8549610980258
8730,260902012526,4095,135.8549610980258
8731,260902012712,4095,135.8549610980258
8732,260902012857,4095,135.8549610980258
8733,260902013042,4095,135.8549610980258
8734,260902013227,4095,135.8549610980258
8735,260902013412,4095,135.8549610980258
8736,260902013557,4095,135.8549610980258
8737,260902013742,4095,135.8549610980258
8738,260902013927,4095,135.8549610980258
8739,260902014112,4095,135.8549610980258
8740,260902014257,4095,135.8549610980258
8741,260902014442,4095,135.8549610980258
8742,260902014627,4095,135.8549610980258
8743,260902014812,4095,135.8549610980258
8744,260902014957,4095,135.8549610980258
8745,260902015142,4095,135.8549610980258
8746,260902015327,4095,135.8549610980258
8747,260902015512,4095,135.8549610980258
8748,260902015657,4095,135.8549610980258
8749,260902015842,4095,135.8549610980258
8750,260902020027,4095,135.8549610980258
8751,260902020212,4095,135.8549610980258
8752,260902020357,4095,135.8549610980258
8753,260902020542,4095,135.8549610980258
8754,260902020727,4095,135.8549610980258
8755,260902020912,4095,135.8549610980258
8756,260902021057,4095,135.8549610980258
8757,260902021242,4095,135.8549610980258
8758,260902021427,4095,135.8549610980258
8759,260902021612,4095,135.8549610980258
8760,260902021757,4095,135.8549610980258
8761,260902021942,4095,135.8549610980258
8762,260902022127,4095,135.8549610980258
8763,260902022312,4095,135.8549610980258
8764,260902022457,4095,135.8549610980258
8765,260902022642,4095,135.8549610980258
8766,260902022827,4095,135.8549610980258
8767,260902023012,4095,135.8549610980258
8768,260902023157,4095,135.8549610980258
8769,260902023342,4095,135.8549610980258
8770,260902023527,4095,135.8549610980258
8771,260902023712,4095,135.8549610980258
8772,260902023857,4095,135.8549610980258
8773,260902024042,4095,135.8549610980258
8774,260902024227,4095,135.8549610980258
8775,260902024412,4095,135.8549610980258
8776,260902024557,4095,135.8549610980258
8777,260902024742,4095,135.8549610980258
8778,260902024927,4095,135.8549610980258
8779,260902025112,4095,135.8549610980258
8780,260902025257,4095,135.8549610980258
8781,260902025442,4095,135.8549610980258
8782,260902025627,4095,135.8549610980258
8783,260902025812,4095,135.8549610980258
8784,260902025957,4095,135.8549610980258
8785,260902030142,4095,135.8549610980258
8786,260902030327,4095,135.8549610980258
8787,260902030512,4095,135.8549610980258
8788,260902030657,4095,135.8549610980258
8789,260902030842,4095,135.8549610980258
8790,260902031027,4095,135.8549610980258
8791,260902031212,4095,135.8549610980258
8792,260902031357,4095,135.8549610980258
8793,260902031542,4095,135.8549610980258
8794,260902031727,4095,135.8549610980258
8795,260902031912,4095,135.8549610980258
8796,260902032057,4095,135.8549610980258
8797,260902032242,4095,135.8549610980258
8798,260902032427,4095,135.8549610980258
8799,260902032612,4095,135.8549610980258
8800,260902032757,4095,135.8549610980258
8801,260902032942,4095,135.8549610980258
8802,260902033127,4095,135.8549610980258
8803,260902033312,4095,135.8549610980258
8804,260902033457,4095,135.8549610980258
8805,260902033642,4095,135.8549610980258
8806,260902033827,4095,135.8549610980258
8807,260902034012,4095,135.8549610980258
8808,260902034157,4095,135.8549610980258
8809,260902034342,4095,135.8549610980258
8810,260902034527,4095,135.8549610980258
8811,260902034712,4095,135.8549610980258
8812,260902034857,4095,135.8549610980258
8813,260902035042,4095,135.8549610980258
8814,260902035227,4095,135.8549610980258
8815,260902035412,4095,135.8549610980258
8816,260902035557,4095,135.8549610980258
8817,260902035742,4095,135.8549610980258
8818,260902035927,4095,135.8549610980258
8819,260902040112,4095,135.8549610980258
8820,260902040257,4095,135.8549610980258
8821,260902040442,4095,135.8549610980258
8822,260902040627,4095,135.8549610980258
8823,260902040812,4095,135.8549610980258
8824,260902040957,4095,135.8549610980258
8825,260902041143,4095,135.8549610980258
8826,260902041328,4095,135.8549610980258
8827,260902041513,4095,135.8549610980258
8828,260902041658,4095,135.8549610980258
8829,260902041843,4095,135.8549610980258
8830,260902042028,4095,135.8549610980258
8831,260902042213,4095,135.8549610980258
8832,260902042358,4095,135.8549610980258
8833,260902042543,4095,135.8549610980258
8834,260902042728,4095,135.8549610980258
8835,260902042913,4095,135.8549610980258
8836,260902043058,4095,135.8549610980258
8837,260902043243,4095,135.8549610980258
8838,260902043428,4095,135.8549610980258
8839,260902043613,4095,135.8549610980258
8840,260902043758,4095,135.8549610980258
8841,260902043943,4095,135.8549610980258
8842,260902044128,4095,135.8549610980258
8843,260902044313,4095,135.8549610980258
8844,260902044458,4095,135.8549610980258
8845,260902044643,4095,135.8549610980258
8846,260902044828,4095,135.8549610980258
8847,260902045013,4095,135.8549610980258
8848,260902045158,4095,135.8549610980258
8849,260902045343,4095,135.8549610980258
8850,260902045528,4095,135.8549610980258
8851,260902045713,4095,135.8549610980258
8852,260902045858,4095,135.8549610980258
8853,260902050043,4095,135.8549610980258
8854,260902050228,4095,135.8549610980258
8855,260902050413,4095,135.8549610980258
8856,260902050558,4095,135.8549610980258
8857,260902050743,4095,135.8549610980258
8858,260902050928,4095,135.8549610980258
8859,260902051113,4095,135.8549610980258
8860,260902051258,4095,135.8549610980258
8861,260902051443,4095,135.8549610980258
8862,260902051628,4095,135.8549610980258
8863,260902051813,4095,135.8549610980258
8864,260902051958,4095,135.8549610980258
8865,260902052143,4095,135.8549610980258
8866,260902052328,4095,135.8549610980258
8867,260902052513,4095,135.8549610980258
8868,260902052658,4095,135.8549610980258
8869,260902052843,4095,135.8549610980258
8870,260902053028,4095,135.8549610980258
8871,260902053213,4095,135.8549610980258
8872,260902053358,4095,135.8549610980258
8873,260902053543,4095,135.8549610980258
8874,260902053728,4095,135.8549610980258
8875,260902053913,4095,135.8549610980258
8876,260902054058,4095,135.8549610980258
8877,260902054243,4095,135.8549610980258
8878,260902054428,4095,135.8549610980258
8879,260902054613,4095,135.8549610980258
8880,260902054758,4095,135.8549610980258
8881,260902054943,4095,135.8549610980258
8882,260902055128,4095,135.8549610980258
8883,260902055313,4095,135.8549610980258
8884,260902055458,4095,135.8549610980258
8885,260902055643,4095,135.8549610980258
8886,260902055828,4095,135.8549610980258
8887,260902060013,4095,135.8549610980258
8888,260902060158,4095,135.8549610980258
8889,260902060343,4095,135.8549610980258
8890,260902060528,4095,135.8549610980258
8891,260902060713,4095,135.8549610980258
8892,260902060858,4095,135.8549610980258
8893,260902061043,4095,135.8549610980258
8894,260902061228,4095,135.8549610980258
8895,260902061413,4095,135.8549610980258
8896,260902061558,4095,135.8549610980258
8897,260902061743,4095,135.8549610980258
8898,260902061928,4095,135.8549610980258
8899,260902062113,4095,135.8549610980258
8900,260902062258,4095,135.8549610980258
8901,260902062443,4095,135.8549610980258
8902,260902062628,4095,135.8549610980258
8903,260902062813,4095,135.8549610980258
8904,260902062958,4095,135.8549610980258
8905,260902063143,4095,135.8549610980258
8906,260902063328,4095,135.8549610980258
8907,260902063513,4095,135.8549610980258
8908,260902063658,4095,135.8549610980258
8909,260902063843,4095,135.8549610980258
8910,260902064028,4095,135.8549610980258
8911,260902064213,4095,135.8549610980258
8912,260902064358,4095,135.8549610980258
8913,260902064543,4095,135.8549610980258
8914,260902064728,4095,135.8549610980258
8915,260902064913,4095,135.8549610980258
8916,260902065058,4095,135.8549610980258
8917,260902065243,4095,135.8549610980258
8918,260902065428,4095,135.8549610980258
8919,260902065614,4095,135.8549610980258
8920,260902065759,4095,135.8549610980258
8921,260902065944,4095,135.8549610980258
8922,260902070129,4095,135.8549610980258
8923,260902070314,4095,135.8549610980258
8924,260902070459,4095,135.8549610980258
8925,260902070644,4095,135.8549610980258
8926,260902070829,4095,135.8549610980258
8927,260902071014,4095,135.8549610980258
8928,260902071159,4095,135.8549610980258
8929,260902071344,4095,135.8549610980258
8930,260902071529,4095,135.8549610980258
8931,260902071714,4095,135.8549610980258
8932,260902071859,4095,135.8549610980258
8933,260902072044,4095,135.8549610980258
8934,260902072229,4095,135.8549610980258
8935,260902072414,4095,135.8549610980258
8936,260902072559,4095,135.8549610980258
8937,260902072744,4095,135.8549610980258
8938,260902072929,4095,135.8549610980258
8939,260902073114,4095,135.8549610980258
8940,260902073259,4095,135.8549610980258
8941,260902073444,4095,135.8549610980258
8942,260902073629,4095,135.8549610980258
8943,260902073814,4095,135.8549610980258
8944,260902073959,4095,135.8549610980258
8945,260902074144,4095,135.8549610980258
8946,260902074329,4095,135.8549610980258
8947,260902074514,4095,135.8549610980258
8948,260902074659,4095,135.8549610980258
8949,260902074844,4095,135.8549610980258
8950,260902075029,4095,135.8549610980258
8951,260902075214,4095,135.8549610980258
8952,260902075359,4095,135.8549610980258
8953,260902075544,4095,135.8549610980258
8954,260902075729,4095,135.8549610980258
8955,260902075914,4095,135.8549610980258
8956,260902080059,4095,135.8549610980258
8957,260902080244,4095,135.8549610980258
8958,260902080429,4095,135.8549610980258
8959,260902080614,4095,135.8549610980258
8960,260902080759,4095,135.8549610980258
8961,260902080944,4095,135.8549610980258
8962,260902081129,4095,135.8549610980258
8963,260902081314,4095,135.8549610980258
8964,260902081459,4095,135.8549610980258
8965,260902081644,4095,135.8549610980258
8966,260902081829,4095,135.8549610980258
8967,260902082014,4095,135.8549610980258
8968,260902082159,4095,135.8549610980258
8969,260902082344,4095,135.8549610980258
8970,260902082529,4095,135.8549610980258
8971,260902082714,4095,135.8549610980258
8972,260902082859,4095,135.8549610980258
8973,260902083044,4095,135.8549610980258
8974,260902083229,4095,135.8549610980258
8975,260902083414,4095,135.8549610980258
8976,260902083559,4095,135.8549610980258
8977,260902083744,4095,135.8549610980258
8978,260902083929,4095,135.8549610980258
8979,260902084114,4095,135.8549610980258
8980,260902084259,4095,135.8549610980258
8981,260902084444,4095,135.8549610980258
8982,260902084629,4095,135.8549610980258
8983,260902084814,4095,135.8549610980258
8984,260902084959,4095,135.8549610980258
8985,260902085144,4095,135.8549610980258
8986,260902085329,4095,135.8549610980258
8987,260902085514,4095,135.8549610980258
8988,260902085659,4095,135.8549610980258
8989,260902085844,4095,135.8549610980258
8990,260902090029,4095,135.8549610980258
8991,260902090214,4095,135.8549610980258
8992,260902090359,4095,135.8549610980258
8993,260902090544,4095,135.8549610980258
8994,260902090729,4095,135.8549610980258
8995,260902090914,4095,135.8549610980258
8996,260902091059,4095,135.8549610980258
8997,260902091244,4095,135.8549610980258
8998,260902091429,4095,135.8549610980258
8999,260902091614,4095,135.8549610980258
9000,260902091759,4095,135.8549610980258
9001,260902091944,4095,135.8549610980258
9002,260902092129,4095,135.8549610980258
9003,260902092314,4095,135.8549610980258
9004,260902092459,4095,135.8549610980258
9005,260902092644,4095,135.8549610980258
9006,260902092829,4095,135.8549610980258
9007,260902093014,4095,135.8549610980258
9008,260902093159,4095,135.8549610980258
9009,260902093344,4095,135.8549610980258
9010,260902093529,4095,135.8549610980258
9011,260902093714,4095,135.8549610980258
9012,260902093900,4095,135.8549610980258
9013,260902094045,4095,135.8549610980258
9014,260902094230,4095,135.8549610980258
9015,260902094415,4095,135.8549610980258
9016,260902094600,4095,135.8549610980258
9017,260902094745,4095,135.8549610980258
9018,260902094930,4095,135.8549610980258
9019,260902095115,4095,135.8549610980258
9020,260902095300,4095,135.8549610980258
9021,260902095445,4095,135.8549610980258
9022,260902095630,4095,135.8549610980258
9023,260902095815,4095,135.8549610980258
9024,260902100000,4095,135.8549610980258
9025,260902100145,4095,135.8549610980258
9026,260902100330,4095,135.8549610980258
9027,260902100515,4095,135.8549610980258
9028,260902100700,4095,135.8549610980258
9029,260902100845,4095,135.8549610980258
9030,260902101030,4095,135.8549610980258
9031,260902101215,4095,135.8549610980258
9032,260902101400,4095,135.8549610980258
9033,260902101545,4095,135.8549610980258
9034,260902101730,4095,135.8549610980258
9035,260902101915,4095,135.8549610980258
9036,260902102100,4095,135.8549610980258
9037,260902102245,4095,135.8549610980258
9038,260902102430,4095,135.8549610980258
9039,260902102615,4095,135.8549610980258
9040,260902102800,4095,135.8549610980258
9041,260902102945,4095,135.8549610980258
9042,260902103130,4095,135.8549610980258
9043,260902103315,4095,135.8549610980258
9044,260902103500,4095,135.8549610980258
9045,260902103645,4095,135.8549610980258
9046,260902103830,4095,135.8549610980258
9047,260902104015,4095,135.8549610980258
9048,260902104200,4095,135.8549610980258
9049,260902104345,4095,135.8549610980258
9050,260902104530,4095,135.8549610980258
9051,260902104715,4095,135.8549610980258
9052,260902104900,4086,135.54540430473617
9053,260902104900,4086,135.54540430473617
9054,260902105045,4095,135.8549610980258
9055,260902105230,4095,135.8549610980258
9056,260902105415,4095,135.8549610980258
9057,260902105600,4095,135.8549610980258
9058,260902105745,4095,135.8549610980258
9059,260902105930,4095,135.8549610980258
9060,260902110115,4095,135.8549610980258
9061,260902110300,4095,135.8549610980258
9062,260902110445,4091,135.7173803010082
9063,260902110630,4094,135.82056589877138
9064,260902110815,4095,135.8549610980258
9065,260902111000,4095,135.8549610980258
9066,260902111145,4086,135.54540430473617
9067,260902111330,4085,135.51100910548178
9068,260902111515,4081,135.37342830846418
9069,260902111700,4079,135.30463790995537
9070,260902111845,4076,135.20145231219217
9071,260902112030,4084,135.47661390622739
9072,260902112215,4075,135.16705711293778
9073,260902112400,4067,134.89189551890257
9074,260902112545,4067,134.89189551890257
9075,260902112730,4073,135.098266714429
9076,260902112915,4079,135.30463790995537
9077,260902113100,4056,134.5135483271042
9078,260902113245,4056,134.5135483271042
9079,260902113430,4052,134.37596753008657
9080,260902113615,4048,134.23838673306898
9081,260902113800,4049,134.27278193232334
9082,260902113945,4045,134.13520113530575
9083,260902114130,4039,133.92882993977938
9084,260902114315,4043,134.06641073679694
9085,260902114500,4050,134.30717713157776
9086,260902114645,4035,133.79124914276176
9087,260902114830,4033,133.72245874425298
9088,260902115015,4025,133.44729715021776
9089,260902115200,4037,133.86003954127057
9090,260902115345,4035,133.79124914276176
9091,260902115530,4035,133.79124914276176
9092,260902115715,4034,133.75685394350734
9093,260902115900,4034,133.75685394350734
9094,260902120045,4033,133.72245874425298
9095,260902120230,4033,133.72245874425298
9096,260902120415,4032,133.68806354499856
9097,260902120600,4030,133.61927314648975
9098,260902120745,4039,133.92882993977938
9099,260902120930,4017,133.17213555618255
9100,260902121115,4022,133.34411155245454
9101,260902121300,4024,133.41290195096335
9102,260902121445,4017,133.17213555618255
9103,260902121630,4012,133.00015955991054
9104,260902121816,4016,133.13774035692813
9105,260902122001,4003,132.6906027666209
9106,260902122146,4015,133.10334515767374
9107,260902122331,3987,132.1402795785505
9108,260902122516,4015,133.10334515767374
9109,260902122701,4013,133.03455475916493
9110,260902122846,4003,132.6906027666209
9111,260902123031,4010,132.93136916140173
9112,260902123216,3996,132.44983637184012
9113,260902123401,3994,132.3810459733313
9114,260902123546,3990,132.24346517631372
9115,260902123731,3992,132.31225557482253
9116,260902123916,3977,131.79632758600653
9117,260902124101,3979,131.8651179845153
9118,260902124246,3986,132.1058843792961
9119,260902124431,3976,131.7619323867521
9120,260902124616,3975,131.72753718749772
9121,260902124801,3973,131.6587467889889
9122,260902124946,3964,131.34918999569928
9123,260902125131,3982,131.9683035822785
9124,260902125316,3970,131.55556119122568
9125,260902125501,3964,131.34918999569928
9126,260902125646,3976,131.7619323867521
9127,260902125831,3959,131.1772139994273
9128,260902130016,3966,131.4179803942081
9129,260902130201,3961,131.2460043979361
9130,260902130346,3966,131.4179803942081
9131,260902130531,3960,131.21160919868169
9132,260902130716,3961,131.2460043979361
9133,260902130901,3963,131.3147947964449
9134,260902131046,3956,131.0740284016641
9135,260902131231,3957,131.10842360091848
9136,260902131416,3947,130.76447160837446
9137,260902131601,3950,130.8676572061377
9138,260902131746,3952,130.9364476046465
9139,260902131931,3946,130.73007640912007
9140,260902132116,3935,130.35172921732166
9141,260902132301,3916,129.69822043148807
9142,260902132446,3937,130.42051961583047
9143,260902132631,3937,130.42051961583047
9144,260902132816,3925,130.00777722477767
9145,260902133001,3921,129.87019642776005
9146,260902133146,3922,129.90459162701444
9147,260902133331,3917,129.73261563074246
9148,260902133516,3917,129.73261563074246
9149,260902133701,3910,129.49184923596164
9150,260902133846,3913,129.59503483372487
9151,260902134031,3910,129.49184923596164
9152,260902134216,3910,129.49184923596164
9153,260902134401,3906,129.35426843894405
9154,260902134546,3903,129.25108284118085
9155,260902134731,3901,129.18229244267204
9156,260902134916,3896,129.01031644640003
9157,260902135101,3897,129.04471164565444
9158,260902135246,3882,128.5287836568384
9159,260902135431,3881,128.49438845758402
9160,260902135616,3882,128.5287836568384
9161,260902135801,3876,128.322412461312
9162,260902135946,3869,128.08164606653122
9163,260902140131,3896,129.01031644640003
9164,260902140316,3854,127.5657180777152
9165,260902140501,3865,127.9440652695136
9166,260902140646,3833,126.84341889337279
9167,260902140831,3855,127.60011327696961
9168,260902141016,3846,127.29055648367999
9169,260902141201,3859,127.73769407398721
9170,260902141346,3869,128.08164606653122
9171,260902141531,3861,127.80648447249601
9172,260902141716,3887,128.70075965311042
9173,260902141901,3861,127.80648447249601
9174,260902142046,3832,126.80902369411838
9175,260902142231,3816,126.25870050604796
9176,260902142416,3861,127.80648447249601
9177,260902142601,3831,126.77462849486399
9178,260902142746,3831,126.77462849486399
9179,260902142931,3831,126.77462849486399
9180,260902143116,3829,126.70583809635518
9181,260902143301,3831,126.77462849486399
9182,260902143446,3803,125.81156291574077
9183,260902143631,3811,126.08672450977596
9184,260902143816,3804,125.84595811499516
9185,260902144001,3816,126.25870050604796
9186,260902144146,3807,125.94914371275837
9187,260902144331,3825,126.56825729933757
9188,260902144516,3814,126.18991010753916
9189,260902144701,3807,125.94914371275837
9190,260902144846,3801,125.74277251723196
9191,260902145031,3790,125.36442532543354
9192,260902145217,3794,125.50200612245115
9193,260902145401,3795,125.53640132170555
9194,260902145546,3775,124.84849733661754
9195,260902145732,3781,125.05486853214394
9196,260902145917,3788,125.29563492692473
9197,260902150102,3784,125.15805412990713
9198,260902150247,3779,124.98607813363515
9199,260902150428,3768,124.60773094183672
9200,260902150613,3756,124.1949885507839
9201,260902150758,3751,124.02301255451192
9202,260902150943,3745,123.8166413589855
9203,260902151128,3735,123.4726893664415
9204,260902151314,3733,123.40389896793269
9205,260902151459,3721,122.99115657687989
9206,260902151644,3723,123.0599469753887
9207,260902151829,3718,122.88797097911669
9208,260902152014,3717,122.85357577986228
9209,260902152159,3723,123.0599469753887
9210,260902152344,3720,122.9567613776255
9211,260902152529,3717,122.85357577986228
9212,260902152714,3716,122.81918058060789
9213,260902152859,3713,122.71599498284468
9214,260902153044,3709,122.57841418582707
9215,260902153229,3703,122.37204299030067
9216,260902153414,3706,122.47522858806387
9217,260902153559,3704,122.40643818955508
9218,260902153744,3675,121.40897741117745
9219,260902153929,3691,121.95930059924787
9220,260902154114,3703,122.37204299030067
9221,260902154259,3682,121.64974380595825
9222,260902154444,3675,121.40897741117745
9223,260902154629,3670,121.23700141490545
9224,260902154814,3670,121.23700141490545
9225,260902154959,3648,120.48030703130863
9226,260902155144,3663,120.99623502012464
9227,260902155329,3661,120.92744462161583
9228,260902155514,3659,120.85865422310704
9229,260902155659,3658,120.82425902385263
9230,260902155844,3656,120.75546862534384
9231,260902160029,3655,120.72107342608943
9232,260902160214,3653,120.65228302758062
9233,260902160359,3651,120.58349262907183
9234,260902160543,3650,120.54909742981742
9235,260902160728,3648,120.48030703130863
9236,260902160913,3646,120.41151663279982
9237,260902161058,3644,120.34272623429104
9238,260902161243,3642,120.27393583578223
9239,260902161428,3640,120.20514543727343
9240,260902161613,3638,120.13635503876462
9241,260902161758,3636,120.06756464025582
9242,260902161943,3635,120.03316944100142
9243,260902162128,3633,119.96437904249261
9244,260902162313,3614,119.310870256659
9245,260902162458,3610,119.1732894596414
9246,260902162646,3609,119.13889426038699
9247,260902162831,3580,118.14143348200938
9248,260902163016,3587,118.38219987679018
9249,260902163201,3557,117.35034389915815
9250,260902163201,3557,117.35034389915815
9251,260902163201,3557,117.35034389915815
9252,260902163201,3557,117.35034389915815
9253,260902163201,3557,117.35034389915815
9254,260902163346,3576,118.00385268499177
9255,260902163531,3565,117.62550549319334
9256,260902163716,3555,117.28155350064935
9257,260902163901,3542,116.83441591034213
9258,260902164046,3542,116.83441591034213
9259,260902164231,3502,115.4586079401661
9260,260902164416,3514,115.8713503312189
9261,260902164601,3490,115.04586554911329
9262,260902164746,3483,114.80509915433248
9263,260902164931,3488,114.97707515060449
9264,260902165116,3489,115.01147034985888
9265,260902165301,3491,115.08026074836769
9266,260902165446,3446,113.53247678191966
9267,260902165631,3469,114.32356636477087
9268,260902165816,3468,114.28917116551648
9269,260902170001,3463,114.11719516924447
9270,260902170146,3457,113.91082397371805
9271,260902170331,3440,113.32610558639325
9272,260902170516,3440,113.32610558639325
9273,260902170701,3439,113.29171038713885
9274,260902170846,3407,112.19106401099802
9275,260902171031,3415,112.46622560503323
9276,260902171216,3414,112.43183040577883
9277,260902171401,3386,111.4687648266556
9278,260902171546,3395,111.77832161994522
9279,260902171731,3396,111.81271681919962
9280,260902171916,3374,111.05602243560278
9281,260902172101,3333,109.64581926617237
9282,260902172246,3393,111.70953122143642
9283,260902172431,3343,109.98977125871637
9284,260902172431,3343,109.98977125871637
9285,260902172431,3343,109.98977125871637
9286,260902172431,3343,109.98977125871637
9287,260902172431,3343,109.98977125871637
9288,260902172616,3359,110.54009444678678
9289,260902172801,3322,109.26747207437394
9290,260902172801,3322,109.26747207437394
9291,260902172801,3322,109.26747207437394
9292,260902172946,3327,109.43944807064595
9293,260902173131,3333,109.64581926617237
9294,260902173316,3300,108.51077769077713
9295,260902173501,3272,107.54771211165391
9296,260902173501,3272,107.54771211165391
9297,260902173646,3259,107.1005745213467
9298,260902173831,3268,107.4101313146363
9299,260902174016,3256,106.9973889235835
9300,260902174201,3247,106.68783213029388
9301,260902174346,3237,106.34388013774988
9302,260902174531,3222,105.82795214893386
9303,260902174716,3196,104.93367696831945
9304,260902174901,3238,106.37827533700427
9305,260902175046,3199,105.03686256608265
9306,260902175231,3183,104.48653937801222
9307,260902175416,3182,104.45214417875782
9308,260902175601,3178,104.31456338174023
9309,260902175746,3175,104.21137778397703
9310,260902175931,3168,103.97061138919622
9311,260902180116,3170,104.03940178770502
9312,260902180301,3132,102.73238421603779
9313,260902180446,3201,105.10565296459146
9314,260902180631,3159,103.6610545959066
9315,260902180816,3116,102.18206102796738
9316,260902181001,3103,101.73492343766016
9317,260902181146,3108,101.90689943393217
9318,260902181331,3097,101.52855224213377
9319,260902181516,3070,100.59988186226495
9320,260902181701,3053,100.01516347494012
9321,260902181846,3063,100.35911546748413
9322,260902182031,3044,99.70560668165052
9323,260902182216,3030,99.22407389208891
9324,260902182401,2997,98.08903231669368
9325,260902182546,2991,97.88266112116726
9326,260902182731,2964,96.95399074129844
9327,260902182916,2976,97.36673313235126
9328,260902183101,2954,96.61003874875445
9329,260902183246,2980,97.50431392936886
9330,260902183431,2990,97.84826592191288
9331,260902183616,2986,97.71068512489528
9332,260902183801,2971,97.19475713607925
9333,260902183946,2957,96.71322434651765
9334,260902184131,2935,95.95652996292083
9335,260902184316,2933,95.88773956441203
9336,260902184501,2922,95.50939237261362
9337,260902184646,2914,95.23423077857841
9338,260902184831,2929,95.75015876739442
9339,260902185017,2916,95.3030211770872
9340,260902185202,2920,95.44060197410481
9341,260902185347,2924,95.57818277112241
9342,260902185532,2913,95.199835579324
9343,260902185532,2913,95.199835579324
9344,260902185717,2903,94.85588358678
9345,260902185902,2913,95.199835579324
9346,260902190047,2906,94.95906918454321
9347,260902190232,2873,93.82402760914798
9348,260902190417,2853,93.13612362405996
9349,260902190602,2857,93.27370442107755
9350,260902190747,2863,93.48007561660395
9351,260902190932,2863,93.48007561660395
9352,260902191117,2850,93.03293802629676
9353,260902191302,2883,94.16797960169197
9354,260902191447,2867,93.61765641362156
9355,260902191632,2874,93.85842280840238
9356,260902191817,2875,93.89281800765677
9357,260902192002,2874,93.85842280840238
9358,260902192331,2871,93.75523721063917
9359,260902192516,2876,93.92721320691118
9360,260902192701,2843,92.79217163151594
9361,260902192846,2844,92.82656683077035
9362,260902193031,2860,93.37689001884075
9363,260902193216,2853,93.13612362405996
9364,260902193401,2824,92.13866284568233
9365,260902193546,2893,94.51193159423599
9366,260902193731,2876,93.92721320691118
9367,260902193916,2891,94.44314119572718
9368,260902194101,2867,93.61765641362156
9369,260902194246,2885,94.23677000020078
9370,260902194431,2895,94.58072199274478
9371,260902194431,2895,94.58072199274478
9372,260902194616,2842,92.75777643226155
9373,260902194801,2864,93.51447081585836
9374,260902194946,2864,93.51447081585836
9375,260902195131,2902,94.8214883875256
9376,260902195316,2922,95.50939237261362
9377,260902195501,2897,94.6495123912536
9378,260902195646,2873,93.82402760914798
9379,260902195831,2917,95.33741637634161
9380,260902200016,2906,94.95906918454321
9381,260902200201,2869,93.68644681213037
9382,260902200346,2881,94.09918920318317
9383,260902200531,2861,93.41128521809516
9384,260902200716,2834,92.48261483822634
9385,260902200901,2846,92.89535722927916
9386,260902201046,2827,92.24184844344552
9387,260902201231,2818,91.93229165015593
9388,260902201416,2822,92.06987244717354
9389,260902201601,2817,91.89789645090153
9390,260902201746,2840,92.68898603375274
9391,260902201931,2819,91.96668684941034
9392,260902202116,2798,91.24438766506792
9393,260902202301,2794,91.10680686805031
9394,260902202447,2753,89.69660369861987
9395,260902202631,2784,90.76285487550629
9396,260902202817,2741,89.28386130756707
9397,260902203002,2770,90.2813220859447
9398,260902203147,2794,91.10680686805031
9399,260902203332,2743,89.35265170607587
9400,260902203517,2796,91.17559726655911
9401,260902203702,2790,90.96922607103271
9402,260902203847,2761,89.97176529265508
9403,260902204032,2743,89.35265170607587
9404,260902204217,2739,89.21507090905827
9405,260902204402,2760,89.93737009340067
9406,260902204547,2724,88.69914292024224
9407,260902204732,2754,89.73099889787427
9408,260902204917,2756,89.79978929638307
9409,260902205102,2749,89.55902290160226
9410,260902205247,2753,89.69660369861987
9411,260902205432,2768,90.21253168743588
9412,260902205617,2748,89.52462770234786
9413,260902205802,2764,90.07495089041828
9414,260902205947,2739,89.21507090905827
9415,260902210132,2766,90.14374128892709
9416,260902210317,2745,89.42144210458466
9417,260902210502,2696,87.73607734111901
9418,260902210647,2772,90.35011248445348
9419,260902210832,2727,88.80232851800545
9420,260902211017,2669,86.8074069612502
9421,260902211202,2721,88.59595732247904
9422,260902211347,2679,87.15135895379422
9423,260902211532,2676,87.048173356031
9424,260902211717,2753,89.69660369861987
9425,260902211902,2682,87.25454455155742
9426,260902212047,2696,87.73607734111901
9427,260902212232,2660,86.49785016796059
9428,260902212417,2642,85.87873658138138
9429,260902212602,2654,86.29147897243419
9430,260902212602,2654,86.29147897243419
9431,260902212747,2708,88.14881973217183
9432,260902212932,2633,85.56917978809177
9433,260902213117,2591,84.12458141940694
9434,260902213302,2613,84.88127580300375
9435,260902213447,2630,85.46599419032857
9436,260902213632,2541,82.40482145668689
9437,260902213817,2531,82.06086946414288
9438,260902214002,2523,81.78570787010769
9439,260902214147,2528,81.95768386637967
9440,260902214332,2587,83.98700062238933
9441,260902214517,2566,83.26470143804691
9442,260902214702,2493,80.75385189247565
9443,260902214847,2566,83.26470143804691
9444,260902215032,2538,82.30163585892369
9445,260902215217,2485,80.47869029844044
9446,260902215402,2516,81.54494147532687
9447,260902215547,2511,81.37296547905487
9448,260902215732,2518,81.61373187383568
9449,260902215917,2487,80.54748069694925
9450,260902220102,2512,81.40736067830926
9451,260902220247,2448,79.20606792602761
9452,260902220432,2481,80.34110950142284
9453,260902220617,2485,80.47869029844044
9454,260902220802,2494,80.78824709173006
9455,260902220947,2474,80.10034310664203
9456,260902221132,2444,79.06848712901001
9457,260902221317,2424,78.380583143922
9458,260902221502,2452,79.34364872304522
9459,260902221647,2465,79.79078631335243
9460,260902221647,2465,79.79078631335243
9461,260902221832,2463,79.72199591484363
9462,260902222017,2436,78.79332553497481
9463,260902222202,2448,79.20606792602761
9464,260902222347,2462,79.68760071558923
9465,260902222532,2485,80.47869029844044
9466,260902222717,2440,78.93090633199242
9467,260902222902,2415,78.0710263506324
9468,260902223047,2438,78.86211593348361
9469,260902223232,2442,78.99969673050121
9470,260902223417,2464,79.75639111409804
9471,260902223602,2453,79.37804392229961
9472,260902223747,2481,80.34110950142284
9473,260902223932,2430,78.5869543394484
9474,260902224117,2455,79.44683432080842
9475,260902224302,2457,79.51562471931722
9476,260902224447,2443,79.03409192975562
9477,260902224632,2460,79.61881031708043
9478,260902224817,2401,77.58949356107077
9479,260902225002,2344,75.62896720356993
9480,260902225147,2348,75.76654800058753
9481,260902225332,2381,76.90158957598275
9482,260902225517,2399,77.52070316256197
9483,260902225702,2395,77.38312236554437
9484,260902225847,2343,75.59457200431552
9485,260902230032,2371,76.55763758343875
9486,260902230217,2316,74.6659016244467
9487,260902230403,2364,76.31687118865794
9488,260902230548,2342,75.56017680506112
9489,260902230733,2382,76.93598477523716
9490,260902230918,2368,76.45445198567555
9491,260902231103,2406,77.76146955734278
9492,260902231248,2380,76.86719437672836
9493,260902231433,2402,77.62388876032517
9494,260902231618,2411,77.93344555361479
9495,260902231803,2441,78.96530153124681
9496,260902231948,2430,78.5869543394484
9497,260902232133,2444,79.06848712901001
9498,260902232318,2453,79.37804392229961
9499,260902232503,2422,78.31179274541319
9500,260902232648,2432,78.6557447379572
9501,260902232833,2408,77.83025995585159
9502,260902233018,2395,77.38312236554437
9503,260902233203,2382,76.93598477523716
9504,260902233348,2360,76.17929039164035
9505,260902233533,2361,76.21368559089474
9506,260902233718,2376,76.72961357971076
9507,260902233903,2402,77.62388876032517
9508,260902234048,2383,76.97037997449156
9509,260902234233,2386,77.07356557225476
9510,260902234418,2394,77.34872716628996
9511,260902234603,2410,77.89905035436038
9512,260902234748,2340,75.49138640655232
9513,260902234933,2338,75.42259600804351
9514,260902235118,2374,76.66082318120195
9515,260902235302,2407,77.79586475659718
9516,260902235447,2366,76.38566158716674
9517,260902235632,2326,75.00985361699071
9518,260902235817,2349,75.80094319984192
9519,260903000002,2341,75.52578160580671
9520,260903000147,2363,76.28247598940354
9521,260903000332,2350,75.83533839909633
9522,260903000517,2334,75.28501521102592
9523,260903000702,2346,75.69775760207872
9524,260903000847,2322,74.8722728199731
9525,260903000847,2322,74.8722728199731
9526,260903001032,2329,75.11303921475391
9527,260903001217,2320,74.80348242146431
9528,260903001402,2338,75.42259600804351
9529,260903001547,2313,74.56271602668349
9530,260903001732,2300,74.1155784363763
9531,260903001917,2391,77.24554156852676
9532,260903002102,2292,73.84041684234109
9533,260903002247,2358,76.11049999313154
9534,260903002432,2386,77.07356557225476
9535,260903002617,2402,77.62388876032517
9536,260903002802,2385,77.03917037300036
9537,260903002947,2356,76.04170959462274
9538,260903003132,2361,76.21368559089474
9539,260903003317,2371,76.55763758343875
9540,260903003502,2331,75.18182961326272
9541,260903003647,2357,76.07610479387714
9542,260903003832,2376,76.72961357971076
9543,260903004017,2347,75.73215280133313
9544,260903004202,2415,78.0710263506324
9545,260903004347,2343,75.59457200431552
9546,260903004532,2365,76.35126638791233
9547,260903004717,2322,74.8722728199731
9548,260903004902,2331,75.18182961326272
9549,260903005047,2370,76.52324238418434
9550,260903005232,2310,74.45953042892029
9551,260903005417,2338,75.42259600804351
9552,260903005602,2345,75.66336240282432
9553,260903005747,2279,73.39327925203388
9554,260903005932,2361,76.21368559089474
9555,260903010117,2351,75.86973359835073
9556,260903010302,2362,76.24808079014915
9557,260903010447,2370,76.52324238418434
9558,260903010632,2349,75.80094319984192
9559,260903010817,2338,75.42259600804351
9560,260903011002,2306,74.3219496319027
9561,260903011147,2318,74.7346920229555
9562,260903011332,2298,74.04678803786749
9563,260903011517,2261,72.77416566545465
9564,260903011702,2267,72.98053686098106
9565,260903011847,2262,72.80856086470905
9566,260903012034,2335,75.31941041028031
9567,260903012219,2299,74.08118323712189
9568,260903012404,2321,74.8378776207187
9569,260903012549,2313,74.56271602668349
9570,260903012734,2295,73.94360244010429
9571,260903012919,2279,73.39327925203388
9572,260903013104,2288,73.70283604532348
9573,260903013249,2278,73.35888405277947
9574,260903013434,2281,73.46206965054266
9575,260903013619,2284,73.56525524830587
9576,260903013804,2186,70.19452572137459
9577,260903013949,2206,70.8824297064626
9578,260903014134,2241,72.08626168036663
9579,260903014319,2252,72.46460887216506
9580,260903014504,2253,72.49900407141944
9581,260903014649,2242,72.12065687962104
9582,260903014834,2270,73.08372245874426
9583,260903015020,2295,73.94360244010429
9584,260903015205,2294,73.90920724084988
9585,260903015350,2293,73.87481204159548
9586,260903015535,2292,73.84041684234109
9587,260903015720,2292,73.84041684234109
9588,260903015905,2231,71.74230968782263
9589,260903020050,2229,71.67351928931382
9590,260903020235,2246,72.25823767663864
9591,260903020420,2217,71.26077689826101
9592,260903020605,2216,71.22638169900662
9593,260903020750,2212,71.08880090198902
9594,260903020750,2212,71.08880090198902
9595,260903020935,2226,71.57033369155062
9596,260903021120,2180,69.98815452584819
9597,260903021305,2209,70.9856153042258
9598,260903021450,2202,70.744848909445
9599,260903021635,2177,69.88496892808497
9600,260903021820,2195,70.5040825146642
9601,260903022005,2211,71.05440570273461
9602,260903022150,2167,69.54101693554098
9603,260903022335,2187,70.228920920629
9604,260903022520,2176,69.85057372883058
9605,260903022705,2115,67.75246657431214
9606,260903022850,2141,68.64674175492657
9607,260903023035,2192,70.400896916901
9608,260903023220,2195,70.5040825146642
9609,260903023405,2267,72.98053686098106
9610,260903023550,2333,75.25062001177152
9611,260903023735,2398,77.48630796330757
9612,260903023920,2462,79.68760071558923
9613,260903024105,2525,81.85449826861648
9614,260903024250,2589,84.05579102089813
9615,260903024435,2648,86.08510777690778
9616,260903024620,2705,88.04563413440863
9617,260903024805,2763,90.04055569116389
9618,260903024950,2820,92.00108204866473
9619,260903025135,2878,93.99600360541999
9620,260903025320,2935,95.95652996292083
9621,260903025505,2993,97.95145151967607
9622,260903025650,3050,99.91197787717692
9623,260903025835,3107,101.87250423467776
9624,260903030020,3164,103.83303059217862
9625,260903030205,3223,105.86234734818827
9626,260903030350,3232,106.17190414147788
9627,260903030535,3234,106.24069453998668
9628,260903030720,3218,105.69037135191626
9629,260903030905,3190,104.72730577279303
9630,260903031050,3189,104.69291057353864
9631,260903031235,3112,102.04448023094977
9632,260903031420,3191,104.76170097204744
9633,260903031605,3142,103.0763362085818
9634,260903031750,3122,102.3884322234938
9635,260903031935,3164,103.83303059217862
9636,260903032120,3133,102.76677941529219
9637,260903032305,3130,102.66359381752898
9638,260903032450,3122,102.3884322234938
9639,260903032635,3126,102.5260130205114
9640,260903032820,3109,101.94129463318657
9641,260903033005,3096,101.49415704287937
9642,260903033150,3140,103.007545810073
9643,260903033335,3062,100.32472026822974
9644,260903033520,3102,101.70052823840575
9645,260903033520,3102,101.70052823840575
9646,260903033520,3102,101.70052823840575
9647,260903033520,3102,101.70052823840575
9648,260903033705,3057,100.15274427195773
9649,260903033850,3091,101.32218104660735
9650,260903034035,3053,100.01516347494012
9651,260903034220,3052,99.98076827568572
9652,260903034405,3042,99.63681628314173
9653,260903034550,3025,99.0520978958169
9654,260903034735,3019,98.84572670029048
9655,260903034920,2982,97.57310432787767
9656,260903034920,2982,97.57310432787767
9657,260903035105,2966,97.02278113980725
9658,260903035105,2966,97.02278113980725
9659,260903035250,2951,96.50685315099123
9660,260903035435,2950,96.47245795173684
9661,260903035620,2942,96.19729635770163
9662,260903035805,2929,95.75015876739442
9663,260903035805,2929,95.75015876739442
9664,260903035805,2929,95.75015876739442
9665,260903035950,2939,96.09411075993842
9666,260903040135,2940,96.12850595919282
9667,260903040320,2923,95.54378757186801
9668,260903040505,2925,95.61257797037682
9669,260903040650,2940,96.12850595919282
9670,260903040835,2910,95.0966499815608
9671,260903041020,2908,95.027859583052
9672,260903041205,2907,94.9934643837976
9673,260903041350,2906,94.95906918454321
9674,260903041535,2903,94.85588358678
9675,260903041720,2897,94.6495123912536
9676,260903041905,2900,94.7526979890168
9677,260903042050,2891,94.44314119572718
9678,260903042235,2839,92.65459083449834
9679,260903042420,2860,93.37689001884075
9680,260903042605,2851,93.06733322555115
9681,260903042751,2851,93.06733322555115
9682,260903042936,2829,92.31063884195433
9683,260903043121,2817,91.89789645090153
9684,260903043306,2799,91.2787828643223
9685,260903043451,2792,91.0380164695415
9686,260903043636,2778,90.55648367997989
9687,260903043821,2783,90.7284596762519
9688,260903044006,2782,90.6940644769975
9689,260903044151,2743,89.35265170607587
9690,260903044336,2741,89.28386130756707
9691,260903044521,2647,86.05071257765339
9692,260903044706,2750,89.59341810085667
9693,260903044851,2717,88.45837652546145
9694,260903045036,2693,87.63289174335581
9695,260903045221,2659,86.4634549687062
9696,260903045406,2675,87.01377815677661
9697,260903045551,2651,86.18829337467099
9698,260903045736,2681,87.22014935230301
9699,260903045921,2658,86.4290597694518
9700,260903045921,2658,86.4290597694518
9701,260903045921,2658,86.4290597694518
9702,260903045921,2658,86.4290597694518
9703,260903050106,2634,85.60357498734618
9704,260903050251,2605,84.60611420896855
9705,260903050436,2555,82.8863542462485
9706,260903050621,2596,84.29655741567893
9707,260903050806,2553,82.8175638477397
9708,260903050951,2561,83.0927254417749
9709,260903051136,2561,83.0927254417749
9710,260903051321,2543,82.4736118551957
9711,260903051506,2526,81.88889346787087
9712,260903051651,2485,80.47869029844044
9713,260903051836,2481,80.34110950142284
9714,260903052021,2486,80.51308549769485
9715,260903052206,2460,79.61881031708043
9716,260903052351,2485,80.47869029844044
9717,260903052536,2412,77.9678407528692
9718,260903052721,2412,77.9678407528692
9719,260903052906,2411,77.93344555361479
9720,260903053051,2416,78.1054215498868
9721,260903053236,2413,78.00223595212358
9722,260903053421,2387,77.10796077150917
9723,260903053606,2376,76.72961357971076
9724,260903053751,2378,76.79840397821955
9725,260903053936,2432,78.6557447379572
9726,260903054121,2378,76.79840397821955
9727,260903054306,2434,78.724535136466
9728,260903054451,2398,77.48630796330757
9729,260903054636,2413,78.00223595212358
9730,260903054821,2385,77.03917037300036
9731,260903055006,2394,77.34872716628996
9732,260903055151,2371,76.55763758343875
9733,260903055336,2392,77.27993676778117
9734,260903055521,2379,76.83279917747396
9735,260903055706,2432,78.6557447379572
9736,260903055851,2382,76.93598477523716
9737,260903060036,2392,77.27993676778117
9738,260903060221,2426,78.44937354243079
9739,260903060406,2375,76.69521838045635
9740,260903060406,2375,76.69521838045635
9741,260903060551,2402,77.62388876032517
9742,260903060736,2340,75.49138640655232
9743,260903060921,2418,78.17421194839558
9744,260903061106,2363,76.28247598940354
9745,260903061251,2456,79.48122952006283
9746,260903061436,2369,76.48884718492994
9747,260903061621,2457,79.51562471931722
9748,260903061806,2413,78.00223595212358
9749,260903061951,2414,78.03663115137799
9750,260903062136,2423,78.34618794466759
9751,260903062321,2390,77.21114636927236
9752,260903062506,2405,77.72707435808837
9753,260903062651,2354,75.97291919611393
9754,260903062836,2409,77.86465515510598
9755,260903063021,2446,79.1372775275188
9756,260903063206,2394,77.34872716628996
9757,260903063351,2383,76.97037997449156
9758,260903063536,2375,76.69521838045635
9759,260903063721,2363,76.28247598940354
9760,260903063906,2386,77.07356557225476
9761,260903064051,2420,78.24300234690439
9762,260903064236,2375,76.69521838045635
9763,260903064421,2369,76.48884718492994
9764,260903064606,2343,75.59457200431552
9765,260903064751,2409,77.86465515510598
9766,260903064936,2335,75.31941041028031
9767,260903065121,2396,77.41751756479877
9768,260903065306,2393,77.31433196703556
9769,260903065451,2338,75.42259600804351
9770,260903065636,2346,75.69775760207872
9771,260903065821,2390,77.21114636927236
9772,260903070006,2425,78.41497834317639
9773,260903070151,2421,78.27739754615878
9774,260903070336,2392,77.27993676778117
9775,260903070522,2390,77.21114636927236
9776,260903070707,2385,77.03917037300036
9777,260903070852,2345,75.66336240282432
9778,260903071037,2347,75.73215280133313
9779,260903071037,2347,75.73215280133313
9780,260903071037,2347,75.73215280133313
9781,260903071222,2338,75.42259600804351
9782,260903071407,2334,75.28501521102592
9783,260903071552,2267,72.98053686098106
9784,260903071737,2262,72.80856086470905
9785,260903071922,2291,73.80602164308668
9786,260903072107,2269,73.04932725948986
9787,260903072252,2241,72.08626168036663
9788,260903072437,2245,72.22384247738424
9789,260903072622,2232,71.77670488707703
9790,260903072807,2198,70.6072681124274
9791,260903072952,2223,71.46714809378743
9792,260903073137,2194,70.4696873154098
9793,260903073322,2156,69.16266974374257
9794,260903073507,2156,69.16266974374257
9795,260903073652,2150,68.95629854821615
9796,260903073837,2097,67.13335298773292
9797,260903074022,2028,64.76008423917926
9798,260903074207,2068,66.13589220935529
9799,260903074352,2121,67.95883776983854
9800,260903074537,2068,66.13589220935529
9801,260903074722,2080,66.5486346004081
9802,260903074907,2018,64.41613224663524
9803,260903075052,2025,64.65689864141606
9804,260903075237,1986,63.31548587049442
9805,260903075422,2008,64.07218025409124
9806,260903075607,1980,63.10911467496801
9807,260903075752,1975,62.937138678696016
9808,260903075937,2008,64.07218025409124
9809,260903080122,1915,60.87342672343196
9810,260903080307,1947,61.97407309957278
9811,260903080452,1967,62.661977084660805
9812,260903080637,1932,61.458145110756774
9813,260903080822,1912,60.77024112566876
9814,260903081007,1928,61.32056431373917
9815,260903081152,1884,59.80717554654554
9816,260903081337,1886,59.87596594505434
9817,260903081522,1832,58.018625185316694
9818,260903081707,1890,60.013546742071945
9819,260903081852,1903,60.460684332379145
9820,260903082037,1877,59.566409151764724
9821,260903082222,1919,61.01100752044955
9822,260903082407,1907,60.59826512939675
9823,260903082552,1914,60.839031524177564
9824,260903082737,1899,60.32310353536154
9825,260903082922,1899,60.32310353536154
9826,260903083107,1924,61.18298351672156
9827,260903083252,1904,60.49507953163355
9828,260903083437,1901,60.39189393387034
9829,260903083622,1890,60.013546742071945
9830,260903083807,1877,59.566409151764724
9831,260903083952,1875,59.49761875325592
9832,260903084137,1876,59.532013952510326
9833,260903084322,1848,58.5689483733871
9834,260903084507,1844,58.431367576369496
9835,260903084652,1824,57.74346359128148
9836,260903084837,1822,57.67467319277268
9837,260903085022,1842,58.36257717786069
9838,260903085207,1839,58.259391580097486
9839,260903085352,1787,56.47084121886865
9840,260903085537,1824,57.74346359128148
9841,260903085722,1780,56.23007482408785
9842,260903085907,1759,55.507775639745425
9843,260903090052,1791,56.608422015886255
9844,260903090237,1748,55.12942844794702
9845,260903090422,1748,55.12942844794702
9846,260903090607,1737,54.75108125614861
9847,260903090752,1731,54.5447100606222
9848,260903090937,1712,53.891201274788585
9849,260903091122,1736,54.716686056894204
9850,260903091307,1708,53.75362047777098
9851,260903091452,1703,53.58164448149898
9852,260903091637,1750,55.19821884645582
9853,260903091822,1705,53.65043488000778
9854,260903092007,1713,53.92559647404299
9855,260903092152,1659,52.068255714305344
9856,260903092337,1749,55.163823647201426
9857,260903092522,1745,55.02624285018382
9858,260903092707,1730,54.510314861367796
9859,260903092852,1736,54.716686056894204
9860,260903093037,1724,54.3039436658414
9861,260903093222,1746,55.06063804943822
9862,260903093407,1767,55.782937233780636
9863,260903093552,1713,53.92559647404299
9864,260903093737,1728,54.44152446285899
9865,260903093922,1728,54.44152446285899
9866,260903094108,1729,54.4759196621134
9867,260903094253,1728,54.44152446285899
9868,260903094438,1729,54.4759196621134
9869,260903094623,1730,54.510314861367796
9870,260903094808,1730,54.510314861367796
9871,260903094953,1730,54.510314861367796
9872,260903095138,1730,54.510314861367796
9873,260903095323,1731,54.5447100606222
9874,260903095508,1731,54.5447100606222
9875,260903095653,1731,54.5447100606222
9876,260903095838,1731,54.5447100606222
9877,260903100023,1732,54.5791052598766
9878,260903100208,1732,54.5791052598766
9879,260903100353,1732,54.5791052598766
9880,260903100538,1732,54.5791052598766
9881,260903100723,1732,54.5791052598766
9882,260903100908,1733,54.613500459131004
9883,260903101053,1733,54.613500459131004
9884,260903101238,1733,54.613500459131004
9885,260903101423,1733,54.613500459131004
9886,260903101608,1733,54.613500459131004
9887,260903101753,1733,54.613500459131004
9888,260903101938,1734,54.6478956583854
9889,260903102123,1734,54.6478956583854
9890,260903102308,1734,54.6478956583854
9891,260903102453,1735,54.682290857639806
9892,260903102638,1735,54.682290857639806
9893,260903102823,1735,54.682290857639806
9894,260903103008,1735,54.682290857639806
9895,260903103153,1735,54.682290857639806
9896,260903103338,1736,54.716686056894204
9897,260903103523,1736,54.716686056894204
9898,260903103708,1736,54.716686056894204
9899,260903103853,1736,54.716686056894204
9900,260903104038,1737,54.75108125614861
9901,260903104223,1737,54.75108125614861
9902,260903104408,1737,54.75108125614861
9903,260903104553,1738,54.78547645540301
9904,260903104738,1738,54.78547645540301
9905,260903104923,1738,54.78547645540301
9906,260903105108,1739,54.81987165465741
9907,260903105253,1739,54.81987165465741
9908,260903105438,1739,54.81987165465741
9909,260903105623,1740,54.85426685391181
9910,260903105808,1740,54.85426685391181
9911,260903105953,1741,54.888662053166215
9912,260903110138,1742,54.92305725242061
9913,260903110323,1742,54.92305725242061
9914,260903110508,1742,54.92305725242061
9915,260903110653,1742,54.92305725242061
9916,260903110838,1742,54.92305725242061
9917,260903111023,1743,54.95745245167502
9918,260903111208,1743,54.95745245167502
9919,260903111353,1743,54.95745245167502
9920,260903111538,1743,54.95745245167502
9921,260903111723,1743,54.95745245167502
9922,260903111908,1743,54.95745245167502
9923,260903112053,1743,54.95745245167502
9924,260903112238,1743,54.95745245167502
9925,260903112423,1743,54.95745245167502
9926,260903112608,1743,54.95745245167502
9927,260903112753,1743,54.95745245167502
9928,260903112938,1743,54.95745245167502
9929,260903113123,1743,54.95745245167502
9930,260903113308,1743,54.95745245167502
9931,260903113453,1743,54.95745245167502
9932,260903113638,1743,54.95745245167502
9933,260903113823,1744,54.991847650929415
9934,260903114008,1744,54.991847650929415
9935,260903114153,1744,54.991847650929415
9936,260903114338,1744,54.991847650929415
9937,260903114523,1744,54.991847650929415
9938,260903114708,1744,54.991847650929415
9939,260903114853,1744,54.991847650929415
9940,260903115038,1744,54.991847650929415
9941,260903115223,1744,54.991847650929415
9942,260903115408,1745,55.02624285018382
9943,260903115553,1745,55.02624285018382
9944,260903115738,1745,55.02624285018382
9945,260903115923,1745,55.02624285018382
9946,260903120108,1745,55.02624285018382
9947,260903120253,1745,55.02624285018382
9948,260903120438,1745,55.02624285018382
9949,260903120623,1745,55.02624285018382
9950,260903120808,1746,55.06063804943822
9951,260903120953,1746,55.06063804943822
9952,260903121138,1746,55.06063804943822
9953,260903121323,1746,55.06063804943822
9954,260903121508,1737,54.75108125614861
9955,260903121653,1736,54.716686056894204
9956,260903121838,1737,54.75108125614861
9957,260903122023,1736,54.716686056894204
9958,260903122208,1737,54.75108125614861
9959,260903122354,1737,54.75108125614861
9960,260903122539,1737,54.75108125614861
9961,260903122724,1737,54.75108125614861
9962,260903122909,1737,54.75108125614861
9963,260903123054,1737,54.75108125614861
9964,260903123239,1737,54.75108125614861
9965,260903123424,1777,56.12688922632465
9966,260903123609,1821,57.64027799351828
9967,260903123754,1866,59.18806195996631
9968,260903123939,1913,60.80463632492316
9969,260903124124,1959,62.386815490625594
9970,260903124309,2005,63.96899465632804
9971,260903124454,2050,65.51677862277607
9972,260903124639,2096,67.09895778847851
9973,260903124824,2141,68.64674175492657
9974,260903125009,2185,70.16013052212018
9975,260903125154,2230,71.70791448856822
9976,260903125339,2275,73.25569845501627
9977,260903125524,2320,74.80348242146431
9978,260903125709,2364,76.31687118865794
9979,260903125854,2407,77.79586475659718
9980,260903130039,2450,79.27485832453641
9981,260903130224,2494,80.78824709173006
9982,260903130409,2537,82.26724065966928
9983,260903130554,2580,83.74623422760853
9984,260903130739,2623,85.22522779554777
9985,260903130924,2666,86.704221363487
9986,260903131109,2709,88.18321493142624
9987,260903131254,2751,89.62781330011107
9988,260903131439,2792,91.0380164695415
9989,260903131624,2835,92.51701003748073
9990,260903131809,2876,93.92721320691118
9991,260903131954,2917,95.33741637634161
9992,260903132139,2959,96.78201474502644
9993,260903132324,3000,98.19221791445688
9994,260903132509,3041,99.60242108388732
9995,260903132654,3082,101.01262425331775
9996,260903132839,3122,102.3884322234938
9997,260903133024,3163,103.79863539292421
9998,260903133209,3203,105.17444336310025
9999,260903133354,3244,106.58464653253068
10000,260903133539,3284,107.96045450270672
10001,260903133724,3325,109.37065767213716
10002,260903133909,3365,110.7464656423132
10003,260903134054,3405,112.12227361248922
10004,260903134239,3445,113.49808158266526
10005,260903134424,3485,114.87388955284128
10006,260903134609,3525,116.24969752301732
10007,260903134754,3565,117.62550549319334
10008,260903134939,3605,119.00131346336939
10009,260903135124,3645,120.37712143354543
10010,260903135309,3685,121.75292940372145
10011,260903135454,3724,123.0943421746431
10012,260903135639,3750,123.98861735525752
10013,260903135824,3763,124.43575494556472
10014,260903140009,3775,124.84849733661754
10015,260903140154,3798,125.63958691946875
10016,260903140154,3798,125.63958691946875
10017,260903140339,3833,126.84341889337279
10018,260903140524,3867,128.0128556680224
10019,260903140709,3901,129.18229244267204
10020,260903140854,3936,130.38612441657608
10021,260903141039,3961,131.2460043979361
10022,260903141224,3967,131.4523755934625
10023,260903141409,3973,131.6587467889889
10024,260903141554,3978,131.8307227852609
10025,260903141739,3984,132.03709398078732
10026,260903141924,3989,132.2090699770593
10027,260903142109,3994,132.3810459733313
10028,260903142254,3999,132.55302196960332
10029,260903142439,4004,132.72499796587533
10030,260903142624,4009,132.89697396214734
10031,260903142809,4013,133.03455475916493
10032,260903142954,4017,133.17213555618255
10033,260903143139,4021,133.30971635320014
10034,260903143324,4025,133.44729715021776
10035,260903143509,4029,133.58487794723536
10036,260903143654,4032,133.68806354499856
10037,260903143839,4036,133.82564434201615
10038,260903144024,4039,133.92882993977938
10039,260903144209,4042,134.03201553754255
10040,260903144354,4046,134.16959633456017
10041,260903144539,4048,134.23838673306898
10042,260903144724,4050,134.30717713157776
10043,260903144909,4052,134.37596753008657
10044,260903145054,4054,134.44475792859538
10045,260903145239,4055,134.47915312784977
10046,260903145424,4048,134.23838673306898
10047,260903145609,4033,133.72245874425298
10048,260903145754,4016,133.13774035692813
10049,260903145939,3999,132.55302196960332
10050,260903150124,3982,131.9683035822785
10051,260903150309,3965,131.3835851949537
10052,260903150454,3948,130.79886680762888
10053,260903150640,3932,130.24854361955846
10054,260903150825,3915,129.66382523223365
10055,260903151010,3900,129.14789724341765
10056,260903151155,3884,128.59757405534722
10057,260903151340,3869,128.08164606653122
10058,260903151525,3853,127.5313228784608
10059,260903151710,3838,127.01539488964478
10060,260903151855,3823,126.49946690082878
10061,260903152040,3808,125.98353891201276
10062,260903152225,3793,125.46761092319674
10063,260903152410,3779,124.98607813363515
10064,260903152555,3765,124.50454534407352
10065,260903152740,3752,124.05740775376633
10066,260903152925,3740,123.64466536271351
10067,260903153110,3727,123.1975277724063
10068,260903153255,3715,122.78478538135349
10069,260903153440,3703,122.37204299030067
10070,260903153625,3692,121.99369579850227
10071,260903153810,3683,121.68413900521266
10072,260903153955,3674,121.37458221192304
10073,260903154140,3663,120.99623502012464
10074,260903154325,3655,120.72107342608943
10075,260903154510,3647,120.44591183205422
10076,260903154655,3638,120.13635503876462
10077,260903154840,3631,119.89558864398381
10078,260903155025,3624,119.65482224920301
10079,260903155210,3616,119.37966065516781
10080,260903155355,3609,119.13889426038699
10081,260903155540,3602,118.89812786560618
10082,260903155725,3596,118.69175667007978
10083,260903155910,3590,118.48538547455338
10084,260903160055,3583,118.24461907977258
10085,260903160240,3577,118.03824788424616
10086,260903160425,3570,117.79748148946535
10087,260903160610,3562,117.52231989543016
10088,260903160755,3555,117.28155350064935
10089,260903160940,3547,117.00639190661414
10090,260903161125,3540,116.76562551183333
10091,260903161310,3533,116.52485911705253
10092,260903161455,3524,116.21530232376293
10093,260903161640,3516,115.94014072972772
10094,260903161825,3507,115.63058393643811
10095,260903162010,3499,115.3554223424029
10096,260903162155,3490,115.04586554911329
10097,260903162340,3480,114.7019135565693
10098,260903162525,3471,114.39235676327968
10099,260903162710,3460,114.01400957148127
10100,260903162855,3450,113.67005757893726
10101,260903163040,3441,113.36050078564764
10102,260903163225,3434,113.11973439086684
10103,260903163410,3428,112.91336319534044
10104,260903163555,3422,112.70699199981404
10105,260903163740,3414,112.43183040577883
10106,260903163925,3407,112.19106401099802
10107,260903164110,3400,111.95029761621721
10108,260903164255,3391,111.64074082292761
10109,260903164440,3383,111.3655792288924
10110,260903164625,3375,111.09041763485719
10111,260903164810,3368,110.8496512400764
10112,260903164955,3364,110.71207044305879
10113,260903165140,3362,110.64328004454998
10114,260903165325,3361,110.60888484529559
10115,260903165510,3361,110.60888484529559
10116,260903165655,3362,110.64328004454998
10117,260903165840,3363,110.67767524380439
10118,260903170025,3363,110.67767524380439
10119,260903170210,3363,110.67767524380439
10120,260903170355,3364,110.71207044305879
10121,260903170540,3364,110.71207044305879
10122,260903170725,3361,110.60888484529559
10123,260903170910,3356,110.43690884902358
10124,260903171055,3351,110.26493285275157
10125,260903171240,3345,110.05856165722518
10126,260903171425,3339,109.85219046169877
10127,260903171610,3332,109.61142406691796
10128,260903171755,3325,109.37065767213716
10129,260903171940,3319,109.16428647661074
10130,260903172125,3313,108.95791528108435
10131,260903172310,3307,108.75154408555794
10132,260903172455,3302,108.57956808928593
10133,260903172640,3296,108.37319689375953
10134,260903172825,3290,108.16682569823313
10135,260903173010,3286,108.02924490121552
10136,260903173155,3285,107.99484970196113
10137,260903173340,3285,107.99484970196113
10138,260903173525,3287,108.06364010046993
10139,260903173710,3290,108.16682569823313
10140,260903173855,3294,108.30440649525072
10141,260903174040,3295,108.33880169450512
10142,260903174225,3295,108.33880169450512
10143,260903174411,3295,108.33880169450512
10144,260903174556,3295,108.33880169450512
10145,260903174741,3295,108.33880169450512
10146,260903174926,3295,108.33880169450512
10147,260903175111,3296,108.37319689375953
10148,260903175256,3297,108.40759209301393
10149,260903175441,3299,108.47638249152273
10150,260903175626,3301,108.54517289003154
10151,260903175811,3304,108.64835848779474
10152,260903175956,3306,108.71714888630353
10153,260903180141,3309,108.82033448406675
10154,260903180326,3313,108.95791528108435
10155,260903180511,3316,109.06110087884755
10156,260903180656,3318,109.12989127735634
10157,260903180841,3320,109.19868167586515
10158,260903181026,3322,109.26747207437394
10159,260903181211,3324,109.33626247288275
10160,260903181356,3325,109.37065767213716
10161,260903181541,3326,109.40505287139155
10162,260903181726,3326,109.40505287139155
10163,260903181911,3327,109.43944807064595
10164,260903182056,3328,109.47384326990036
10165,260903182241,3329,109.50823846915476
10166,260903182426,3330,109.54263366840915
10167,260903182611,3334,109.68021446542676
10168,260903182756,3338,109.81779526244436
10169,260903182941,3342,109.95537605946197
10170,260903183126,3346,110.09295685647956
10171,260903183311,3349,110.19614245424277
10172,260903183456,3350,110.23053765349717
10173,260903183641,3352,110.29932805200598
10174,260903183826,3352,110.29932805200598
10175,260903184011,3352,110.29932805200598
10176,260903184156,3351,110.26493285275157
10177,260903184341,3349,110.19614245424277
10178,260903184526,3346,110.09295685647956
10179,260903184711,3343,109.98977125871637
10180,260903184856,3341,109.92098086020758
10181,260903185041,3338,109.81779526244436
10182,260903185226,3334,109.68021446542676
10183,260903185411,3331,109.57702886766356
10184,260903185556,3327,109.43944807064595
10185,260903185741,3324,109.33626247288275
10186,260903185926,3319,109.16428647661074
10187,260903190111,3309,108.82033448406675
10188,260903190256,3305,108.68275368704914
10189,260903190441,3304,108.64835848779474
10190,260903190626,3297,108.40759209301393
10191,260903190811,3283,107.92605930345232
10192,260903190956,3279,107.78847850643471
10193,260903191141,3276,107.68529290867151
10194,260903191326,3274,107.6165025101627
10195,260903191511,3271,107.5133169123995
10196,260903191656,3269,107.44452651389071
10197,260903191841,3268,107.4101313146363
10198,260903192026,3266,107.34134091612749
10199,260903192211,3264,107.2725505176187
10200,260903192356,3262,107.2037601191099
10201,260903192541,3261,107.16936491985551
10202,260903192726,3259,107.1005745213467
10203,260903192911,3258,107.0661793220923
10204,260903193056,3255,106.9629937243291
10205,260903193241,3251,106.82541292731149
10206,260903193426,3247,106.68783213029388
10207,260903193611,3246,106.65343693103948
10208,260903193756,3244,106.58464653253068
10209,260903193941,3281,107.85726890494352
10210,260903194126,3270,107.4789217131451
10211,260903194311,3277,107.71968810792592
10212,260903194456,3282,107.89166410419791
10213,260903194641,3268,107.4101313146363
10214,260903194826,3280,107.82287370568912
10215,260903195011,3267,107.3757361153819
10216,260903195156,3258,107.0661793220923
10217,260903195341,3254,106.92859852507469
10218,260903195526,3235,106.27508973924108
10219,260903195711,3242,106.51585613402187
10220,260903195856,3241,106.48146093476748
10221,260903200041,3256,106.9973889235835
10222,260903200226,3219,105.72476655117066
10223,260903200411,3229,106.06871854371468
10224,260903200556,3219,105.72476655117066
10225,260903200741,3207,105.31202416011786
10226,260903200926,3195,104.89928176906504
10227,260903201111,3218,105.69037135191626
10228,260903201256,3194,104.86488656981064
10229,260903201441,3156,103.5578689981434
10230,260903201626,3171,104.07379698695942
10231,260903201811,3176,104.24577298323143
10232,260903201956,3131,102.69798901678338
10233,260903202141,3161,103.72984499441542
10234,260903202326,3118,102.25085142647619
10235,260903202511,3083,101.04701945257214
10236,260903202657,3118,102.25085142647619
10237,260903202842,3097,101.52855224213377
10238,260903203027,3123,102.42282742274818
10239,260903203212,3157,103.59226419739781
10240,260903203357,3174,104.17698258472262
10241,260903203542,3188,104.65851537428424
10242,260903203727,3223,105.86234734818827
10243,260903203912,3208,105.34641935937226
10244,260903204057,3222,105.82795214893386
10245,260903204242,3226,105.96553294595147
10246,260903204427,3223,105.86234734818827
10247,260903204612,3229,106.06871854371468
10248,260903204757,3263,107.2381553183643
10249,260903204942,3792,125.43321572394234
10250,260903205127,3985,132.07148918004174
10251,260903205312,3982,131.9683035822785
10252,260903205457,3978,131.8307227852609
10253,260903205642,3973,131.6587467889889
10254,260903205827,3966,131.4179803942081
10255,260903210012,3970,131.55556119122568
10256,260903210157,3960,131.21160919868169
10257,260903210342,3959,131.1772139994273
10258,260903210527,3990,132.24346517631372
10259,260903210712,3953,130.9708428039009
10260,260903210857,3943,130.62689081135687
10261,260903211042,3928,130.11096282254087
10262,260903211227,3973,131.6587467889889
10263,260903211412,3939,130.48931001433925
10264,260903211557,3930,130.17975322104965
10265,260903211742,3930,130.17975322104965
10266,260903211927,3926,130.04217242403206
10267,260903212112,3920,129.83580122850566
10268,260903212257,3921,129.87019642776005
10269,260903212442,3898,129.07910684490884
10270,260903212627,3894,128.94152604789122
10271,260903212812,3922,129.90459162701444
10272,260903212957,3911,129.52624443521606
10273,260903213142,3918,129.76701082999685
10274,260903213327,3890,128.80394525087362
10275,260903213512,3901,129.18229244267204
10276,260903213657,3906,129.35426843894405
10277,260903213842,3918,129.76701082999685
10278,260903214027,3873,128.2192268635488
10279,260903214212,3883,128.56317885609283
10280,260903214357,3880,128.45999325832963
10281,260903214542,3880,128.45999325832963
10282,260903214727,3873,128.2192268635488
10283,260903214912,3858,127.70329887473281
10284,260903215057,3866,127.978460468768
10285,260903215242,3901,129.18229244267204
10286,260903215427,3886,128.66636445385603
10287,260903215612,3874,128.2536220628032
10288,260903215757,3884,128.59757405534722
10289,260903215942,3851,127.462532479952
10290,260903220127,3889,128.76955005161923
10291,260903220312,3861,127.80648447249601
10292,260903220457,3895,128.97592124714564
10293,260903220642,3894,128.94152604789122
10294,260903220827,3888,128.73515485236484
10295,260903221012,3902,129.21668764192643
10296,260903221157,3900,129.14789724341765
10297,260903221342,3866,127.978460468768
10298,260903221527,3903,129.25108284118085
10299,260903221712,3878,128.39120285982082
10300,260903221857,3878,128.39120285982082
10301,260903222042,3903,129.25108284118085
10302,260903222227,3868,128.0472508672768
10303,260903222412,3903,129.25108284118085
10304,260903222557,3890,128.80394525087362
10305,260903222742,3896,129.01031644640003
10306,260903222927,3904,129.28547804043524
10307,260903223112,3918,129.76701082999685
10308,260903223257,3889,128.76955005161923
10309,260903223442,3878,128.39120285982082
10310,260903223627,3893,128.90713084863683
10311,260903223812,3871,128.15043646504
10312,260903223957,3885,128.63196925460164
10313,260903224142,3900,129.14789724341765
10314,260903224327,3883,128.56317885609283
10315,260903224512,3879,128.4255980590752
10316,260903224657,3852,127.4969276792064
10317,260903224842,3851,127.462532479952
10318,260903225027,3828,126.67144289710077
10319,260903225212,3853,127.5313228784608
10320,260903225357,3816,126.25870050604796
10321,260903225542,3823,126.49946690082878
10322,260903225727,3794,125.50200612245115
10323,260903225912,3800,125.70837731797755
10324,260903230057,3844,127.22176608517118
10325,260903230242,3804,125.84595811499516
10326,260903230427,3791,125.39882052468795
10327,260903230613,3788,125.29563492692473
10328,260903230758,3773,124.77970693810873
10329,260903230943,3777,124.91728773512634
10330,260903231128,3742,123.7134557612223
10331,260903231312,3770,124.67652134034553
10332,260903231457,3749,123.95422215600311
10333,260903231642,3728,123.23192297166068
10334,260903231827,3711,122.64720458433588
10335,260903232012,3733,123.40389896793269
10336,260903232157,3731,123.3351085694239
10337,260903232342,3738,123.5758749642047
10338,260903232527,3734,123.4382941671871
10339,260903232712,3726,123.1631325731519
10340,260903232857,3706,122.47522858806387
10341,260903233042,3678,121.51216300894065
10342,260903233227,3678,121.51216300894065
10343,260903233412,3664,121.03063021937905
10344,260903233557,3652,120.61788782832623
10345,260903233742,3699,122.23446219328308
10346,260903233742,3699,122.23446219328308
10347,260903233927,3691,121.95930059924787
10348,260903234112,3613,119.2764750574046
10349,260903234257,3682,121.64974380595825
10350,260903234442,3614,119.310870256659
10351,260903234627,3652,120.61788782832623
10352,260903234812,3664,121.03063021937905
10353,260903234957,3624,119.65482224920301
10354,260903235142,3613,119.2764750574046
10355,260903235327,3591,118.51978067380777
10356,260903235512,3566,117.65990069244775
10357,260903235657,3581,118.17582868126377
10358,260903235842,3552,117.17836790288615
10359,260904000027,3562,117.52231989543016
10360,260904000212,3531,116.45606871854373
10361,260904000357,3517,115.9745359289821
10362,260904000542,3514,115.8713503312189
10363,260904000727,3490,115.04586554911329
10364,260904000912,3474,114.49554236104288
10365,260904001057,3473,114.46114716178847
10366,260904001242,3485,114.87388955284128
10367,260904001427,3505,115.5617935379293
10368,260904001612,3460,114.01400957148127
10369,260904001757,3446,113.53247678191966
10370,260904001942,3474,114.49554236104288
10371,260904002127,3545,116.93760150810533
10372,260904002312,3476,114.56433275955169
10373,260904002457,3459,113.97961437222686
10374,260904002642,3486,114.90828475209568
10375,260904002827,3473,114.46114716178847
10376,260904003012,3471,114.39235676327968
10377,260904003157,3506,115.59618873718371
10378,260904003342,3477,114.59872795880608
10379,260904003527,3462,114.08279996999006
10380,260904003712,3447,113.56687198117406
10381,260904003857,3469,114.32356636477087
10382,260904004042,3467,114.25477596626207
10383,260904004227,3471,114.39235676327968
10384,260904004412,3465,114.18598556775326
10385,260904004557,3468,114.28917116551648
10386,260904004742,3474,114.49554236104288
10387,260904004927,3473,114.46114716178847
10388,260904005112,3513,115.8369551319645
10389,260904005257,3448,113.60126718042847
10390,260904005442,3435,113.15412959012124
10391,260904005627,3458,113.94521917297246
10392,260904005813,3471,114.39235676327968
10393,260904005957,3463,114.11719516924447
10394,260904010142,3473,114.46114716178847
10395,260904010328,3460,114.01400957148127
10396,260904010513,3477,114.59872795880608
10397,260904010658,3469,114.32356636477087
10398,260904010843,3466,114.22038076700767
10399,260904011028,3464,114.15159036849887
10400,260904011213,3456,113.87642877446366
10401,260904011358,3474,114.49554236104288
10402,260904011543,3468,114.28917116551648
10403,260904011728,3459,113.97961437222686
10404,260904011913,3456,113.87642877446366
10405,260904012058,3477,114.59872795880608
10406,260904012243,3462,114.08279996999006
10407,260904012428,3469,114.32356636477087
10408,260904012613,3450,113.67005757893726
10409,260904012758,3468,114.28917116551648
10410,260904012943,3446,113.53247678191966
10411,260904013128,3442,113.39489598490205
10412,260904013313,3467,114.25477596626207
10413,260904013458,3477,114.59872795880608
10414,260904013643,3446,113.53247678191966
10415,260904013828,3445,113.49808158266526
10416,260904014013,3430,112.98215359384923
10417,260904014158,3400,111.95029761621721
10418,260904014343,3448,113.60126718042847
10419,260904014528,3491,115.08026074836769
10420,260904014528,3491,115.08026074836769
10421,260904014528,3491,115.08026074836769
10422,260904014713,3477,114.59872795880608
10423,260904014858,3430,112.98215359384923
10424,260904015043,3452,113.73884797744607
10425,260904015228,3444,113.46368638341086
10426,260904015413,3455,113.84203357520926
10427,260904015558,3461,114.04840477073566
10428,260904015743,3439,113.29171038713885
10429,260904015928,3426,112.84457279683164
10430,260904020113,3395,111.77832161994522
10431,260904020258,3415,112.46622560503323
10432,260904020443,3425,112.81017759757725
10433,260904020628,3405,112.12227361248922
10434,260904020813,3392,111.67513602218202
10435,260904020958,3387,111.50316002591
10436,260904021143,3381,111.2967888303836
10437,260904021328,3376,111.1248128341116
10438,260904021512,3370,110.9184416385852
10439,260904021657,3366,110.78086084156759
10440,260904021842,3375,111.09041763485719
10441,260904022027,3376,111.1248128341116
10442,260904022212,3370,110.9184416385852
10443,260904022357,3364,110.71207044305879
10444,260904022542,3358,110.50569924753238
10445,260904022727,3353,110.33372325126038
10446,260904022912,3348,110.16174725498837
10447,260904023057,3342,109.95537605946197
10448,260904023242,3337,109.78340006318997
10449,260904023427,3332,109.61142406691796
10450,260904023612,3327,109.43944807064595
10451,260904023757,3322,109.26747207437394
10452,260904023942,3317,109.09549607810196
10453,260904023942,3317,109.09549607810196
10454,260904023942,3317,109.09549607810196
10455,260904024127,3313,108.95791528108435
10456,260904024312,3308,108.78593928481234
10457,260904024457,3304,108.64835848779474
10458,260904024642,3299,108.47638249152273
10459,260904024827,3295,108.33880169450512
10460,260904025012,3291,108.20122089748752
10461,260904025157,3304,108.64835848779474
10462,260904025342,3316,109.06110087884755
10463,260904025527,3277,107.71968810792592
10464,260904025712,3260,107.1349697206011
10465,260904025857,3289,108.13243049897874
10466,260904030042,3246,106.65343693103948
10467,260904030229,3277,107.71968810792592
10468,260904030414,3286,108.02924490121552
10469,260904030559,3253,106.8942033258203
10470,260904030744,3286,108.02924490121552
10471,260904030929,3263,107.2381553183643
10472,260904031114,3273,107.58210731090831
10473,260904031259,3264,107.2725505176187
10474,260904031444,3326,109.40505287139155
10475,260904031629,3243,106.55025133327628
10476,260904031814,3249,106.7566225288027
10477,260904031959,3271,107.5133169123995
10478,260904032144,3252,106.8598081265659
10479,260904032329,3248,106.72222732954829
10480,260904032514,3242,106.51585613402187
10481,260904032659,3272,107.54771211165391
10482,260904032844,3255,106.9629937243291
10483,260904033029,3197,104.96807216757385
10484,260904033214,3201,105.10565296459146
10485,260904033359,3194,104.86488656981064
10486,260904033544,3207,105.31202416011786
10487,260904033729,3177,104.28016818248584
10488,260904033914,3195,104.89928176906504
10489,260904034059,3186,104.58972497577543
10490,260904034244,3206,105.27762896086345
10491,260904034429,3173,104.14258738546823
10492,260904034614,3221,105.79355694967947
10493,260904034759,3161,103.72984499441542
10494,260904034944,3186,104.58972497577543
10495,260904035129,3175,104.21137778397703
10496,260904035314,3188,104.65851537428424
10497,260904035459,3157,103.59226419739781
10498,260904035644,3125,102.491617821257
10499,260904035829,3153,103.45468340038022
10500,260904040014,3161,103.72984499441542
10501,260904040159,3127,102.56040821976578
10502,260904040344,3150,103.351497802617
10503,260904040344,3150,103.351497802617
10504,260904040529,3154,103.4890785996346
10505,260904040714,3137,102.9043602123098
10506,260904040859,3174,104.17698258472262
10507,260904041044,3154,103.4890785996346
10508,260904041229,3110,101.97568983244098
10509,260904041415,3132,102.73238421603779
10510,260904041600,3115,102.14766582871297
10511,260904041745,3137,102.9043602123098
10512,260904041930,3131,102.69798901678338
10513,260904042115,3111,102.01008503169537
10514,260904042300,3128,102.59480341902018
10515,260904042445,3078,100.87504345630015
10516,260904042630,3095,101.45976184362496
10517,260904042815,3129,102.62919861827459
10518,260904043000,3057,100.15274427195773
10519,260904043145,3080,100.94383385480894
10520,260904043330,3064,100.39351066673854
10521,260904043515,3074,100.73746265928254
10522,260904043700,3086,101.15020505033536
10523,260904043845,3067,100.49669626450174
10524,260904044030,3072,100.66867226077375
10525,260904044215,3024,99.0177026965625
10526,260904044400,3050,99.91197787717692
10527,260904044545,3045,99.74000188090491
10528,260904044730,3027,99.1208882943257
10529,260904044915,3003,98.29540351222008
10530,260904045100,3033,99.32725948985211
10531,260904045245,3017,98.7769363017817
10532,260904045430,3003,98.29540351222008
10533,260904045615,3005,98.36419391072889
10534,260904045800,2994,97.98584671893047
10535,260904045945,3023,98.98330749730809
10536,260904050130,2982,97.57310432787767
10537,260904050315,2958,96.74761954577205
10538,260904050500,2954,96.61003874875445
10539,260904050645,2929,95.75015876739442
10540,260904050830,3018,98.8113315010361
10541,260904051015,2940,96.12850595919282
10542,260904051200,2886,94.27116519945518
10543,260904051345,2925,95.61257797037682
10544,260904051530,2893,94.51193159423599
10545,260904051715,2834,92.48261483822634
10546,260904051900,2905,94.9246739852888
10547,260904052045,2894,94.5463267934904
10548,260904052230,2883,94.16797960169197
10549,260904052415,2889,94.37435079721838
10550,260904052600,2866,93.58326121436717
10551,260904052745,2869,93.68644681213037
10552,260904052930,2891,94.44314119572718
10553,260904053115,2862,93.44568041734956
10554,260904053445,2850,93.03293802629676
10555,260904053630,2861,93.41128521809516
10556,260904053815,2865,93.54886601511276
10557,260904054000,2860,93.37689001884075
10558,260904054145,2829,92.31063884195433
10559,260904054330,2843,92.79217163151594
10560,260904054515,2774,90.41890288296229
10561,260904054700,2782,90.6940644769975
10562,260904054845,2831,92.37942924046312
10563,260904055030,2815,91.82910605239272
10564,260904055215,2842,92.75777643226155
10565,260904055400,2836,92.55140523673514
10566,260904055545,2809,91.62273485686632
10567,260904055730,2838,92.62019563524395
10568,260904055915,2822,92.06987244717354
10569,260904060100,2801,91.3475732628311
10570,260904060245,2778,90.55648367997989
10571,260904060430,2725,88.73353811949664
10572,260904060615,2717,88.45837652546145
10573,260904060800,2791,91.00362127028711
10574,260904060945,2775,90.45329808221669
10575,260904061130,2788,90.9004356725239
10576,260904061315,2801,91.3475732628311
10577,260904061500,2774,90.41890288296229
10578,260904061645,2852,93.10172842480556
10579,260904061830,2827,92.24184844344552
10580,260904062015,2710,88.21761013068064
10581,260904062200,2797,91.20999246581351
10582,260904062345,2821,92.03547724791913
10583,260904062530,2752,89.66220849936546
10584,260904062715,2797,91.20999246581351
10585,260904062900,2795,91.14120206730472
10586,260904063045,2708,88.14881973217183
10587,260904063230,2714,88.35519092769825
10588,260904063415,2750,89.59341810085667
10589,260904063600,2743,89.35265170607587
10590,260904063745,2765,90.10934608967268
10591,260904063930,2760,89.93737009340067
10592,260904064115,2663,86.6010357657238
10593,260904064300,2716,88.42398132620704
10594,260904064445,2719,88.52716692397024
10595,260904064630,2685,87.35773014932062
10596,260904064815,2759,89.90297489414628
10597,260904065000,2739,89.21507090905827
10598,260904065145,2691,87.56410134484702
10599,260904065330,2755,89.76539409712868
10600,260904065515,2689,87.49531094633822
10601,260904065700,2750,89.59341810085667
10602,260904065845,2700,87.87365813813662
10603,260904070030,2696,87.73607734111901
10604,260904070215,2794,91.10680686805031
10605,260904070400,2772,90.35011248445348
10606,260904070545,2705,88.04563413440863
10607,260904070730,2704,88.01123893515422
10608,260904070915,2696,87.73607734111901
10609,260904071100,2797,91.20999246581351
10610,260904071245,2734,89.04309491278626
10611,260904071431,2756,89.79978929638307
10612,260904071616,2728,88.83672371725984
10613,260904071801,2706,88.08002933366303
10614,260904071946,2685,87.35773014932062
10615,260904071946,2685,87.35773014932062
10616,260904071946,2685,87.35773014932062
10617,260904072131,2722,88.63035252173344
10618,260904072316,2737,89.14628051054946
10619,260904072501,2750,89.59341810085667
10620,260904072646,2702,87.94244853664543
10621,260904072831,2751,89.62781330011107
10622,260904073016,2756,89.79978929638307
10623,260904073201,2790,90.96922607103271
10624,260904073346,2738,89.18067570980386
10625,260904073531,2730,88.90551411576865
10626,260904073716,2710,88.21761013068064
10627,260904073901,2790,90.96922607103271
10628,260904074046,2767,90.1781364881815
10629,260904074231,2771,90.3157172851991
10630,260904074416,2747,89.49023250309347
10631,260904074601,2767,90.1781364881815
10632,260904074746,2770,90.2813220859447
10633,260904074931,2751,89.62781330011107
10634,260904075116,2790,90.96922607103271
10635,260904075301,2772,90.35011248445348
10636,260904075446,2738,89.18067570980386
10637,260904075631,2783,90.7284596762519
10638,260904075816,2724,88.69914292024224
10639,260904080001,2765,90.10934608967268
10640,260904080146,2837,92.58580043598954
10641,260904080331,2852,93.10172842480556
10642,260904080516,2858,93.30809962033196
10643,260904080701,2882,94.13358440243758
10644,260904080846,2835,92.51701003748073
10645,260904081031,2861,93.41128521809516
10646,260904081216,2869,93.68644681213037
10647,260904081401,2885,94.23677000020078
10648,260904081546,2891,94.44314119572718
10649,260904081731,2926,95.64697316963122
10650,260904081916,2939,96.09411075993842
10651,260904082101,2995,98.02024191818487
10652,260904082246,2943,96.23169155695602
10653,260904082431,2991,97.88266112116726
10654,260904082616,2982,97.57310432787767
10655,260904082801,2995,98.02024191818487
10656,260904082946,2999,98.15782271520247
10657,260904083131,2961,96.85080514353525
10658,260904083316,3000,98.19221791445688
10659,260904083501,3048,99.84318747866811
10660,260904083646,3038,99.49923548612412
10661,260904083831,3090,101.28778584735296
10662,260904084016,3043,99.67121148239612
10663,260904084201,3020,98.88012189954489
10664,260904084346,3040,99.56802588463292
10665,260904084531,2968,97.09157153831605
10666,260904084716,2954,96.61003874875445
10667,260904084901,3020,98.88012189954489
10668,260904085046,2963,96.91959554204404
10669,260904085231,2956,96.67882914726324
10670,260904085416,2934,95.92213476366643
10671,260904085601,2846,92.89535722927916
10672,260904085746,2880,94.06479400392878
10673,260904085931,2885,94.23677000020078
10674,260904090116,2875,93.89281800765677
10675,260904090301,2881,94.09918920318317
10676,260904090446,2861,93.41128521809516
10677,260904090631,2828,92.27624364269992
10678,260904090816,2804,91.4507588605943
10679,260904091001,2831,92.37942924046312
10680,260904091146,2847,92.92975242853355
10681,260904091331,2811,91.69152525537511
10682,260904091516,2802,91.38196846208551
10683,260904091701,2743,89.35265170607587
10684,260904091846,2741,89.28386130756707
10685,260904092031,2746,89.45583730383906
10686,260904092216,2761,89.97176529265508
10687,260904092401,2762,90.00616049190948
10688,260904092546,2741,89.28386130756707
10689,260904092731,2777,90.52208848072549
10690,260904092916,2803,91.4163636613399
10691,260904093101,2788,90.9004356725239
10692,260904093246,2780,90.62527407848869
10693,260904093431,2774,90.41890288296229
10694,260904093616,2811,91.69152525537511
10695,260904093801,2773,90.38450768370788
10696,260904093946,2814,91.79471085313833
10697,260904094131,2838,92.62019563524395
10698,260904094316,2858,93.30809962033196
10699,260904094501,2825,92.17305804493674
10700,260904094646,2838,92.62019563524395
10701,260904094831,2836,92.55140523673514
10702,260904095016,2871,93.75523721063917
10703,260904095201,2847,92.92975242853355
10704,260904095347,2845,92.86096203002475
10705,260904095532,2844,92.82656683077035
10706,260904095717,2838,92.62019563524395
10707,260904095902,2887,94.30556039870957
10708,260904100047,2859,93.34249481958635
10709,260904100232,2882,94.13358440243758
10710,260904100417,2856,93.23930922182315
10711,260904100602,2885,94.23677000020078
10712,260904100747,2840,92.68898603375274
10713,260904100932,2928,95.71576356814002
10714,260904101117,2852,93.10172842480556
10715,260904101302,2918,95.37181157559601
10716,260904101447,2946,96.33487715471924
10717,260904101632,2898,94.683907590508
10718,260904101817,2862,93.44568041734956
10719,260904102002,2902,94.8214883875256
10720,260904102147,2900,94.7526979890168
10721,260904102332,2945,96.30048195546483
10722,260904102332,2945,96.30048195546483
10723,260904102332,2945,96.30048195546483
10724,260904102332,2945,96.30048195546483
10725,260904102517,2895,94.58072199274478
10726,260904102702,2980,97.50431392936886
10727,260904102847,2934,95.92213476366643
10728,260904103032,2929,95.75015876739442
10729,260904103217,2893,94.51193159423599
10730,260904103402,2898,94.683907590508
10731,260904103547,2964,96.95399074129844
10732,260904103732,2933,95.88773956441203
10733,260904103917,2974,97.29794273384246
10734,260904104102,2975,97.33233793309685
10735,260904104247,2957,96.71322434651765
10736,260904104432,2944,96.26608675621043
10737,260904104617,2972,97.22915233533365
10738,260904104802,2952,96.54124835024564
10739,260904104947,2925,95.61257797037682
10740,260904105132,2900,94.7526979890168
10741,260904105317,2929,95.75015876739442
10742,260904105502,2962,96.88520034278966
10743,260904105647,2965,96.98838594055285
10744,260904105832,2944,96.26608675621043
10745,260904110017,2921,95.47499717335921
10746,260904110202,2942,96.19729635770163
10747,260904110347,2940,96.12850595919282
10748,260904110532,3001,98.22661311371128
10749,260904110717,2923,95.54378757186801
10750,260904110902,2993,97.95145151967607
10751,260904111047,2981,97.53870912862327
10752,260904111232,2964,96.95399074129844
10753,260904111417,2992,97.91705632042166
10754,260904111602,2942,96.19729635770163
10755,260904111747,2993,97.95145151967607
10756,260904111932,2982,97.57310432787767
10757,260904112117,2964,96.95399074129844
10758,260904112302,2980,97.50431392936886
10759,260904112447,2991,97.88266112116726
10760,260904112632,3001,98.22661311371128
10761,260904112817,2993,97.95145151967607
10762,260904113002,3001,98.22661311371128
10763,260904113147,2995,98.02024191818487
10764,260904113332,2986,97.71068512489528
10765,260904113517,2981,97.53870912862327
10766,260904113702,2973,97.26354753458806
10767,260904113847,2970,97.16036193682486
10768,260904114032,2953,96.57564354950004
10769,260904114217,2936,95.99092516217522
10770,260904114402,2920,95.44060197410481
10771,260904114547,2910,95.0966499815608
10772,260904114732,2906,94.95906918454321
10773,260904114917,2886,94.27116519945518
10774,260904115102,2898,94.683907590508
10775,260904115247,2833,92.44821963897193
10776,260904115432,2908,95.027859583052
10777,260904115617,2910,95.0966499815608
10778,260904115802,2918,95.37181157559601
10779,260904115947,2897,94.6495123912536
10780,260904120132,2874,93.85842280840238
10781,260904120317,2871,93.75523721063917
10782,260904120502,2849,92.99854282704236
10783,260904120647,2824,92.13866284568233
10784,260904120832,2858,93.30809962033196
10785,260904121017,2842,92.75777643226155
10786,260904121202,2845,92.86096203002475
10787,260904121347,2782,90.6940644769975
10788,260904121532,2816,91.86350125164712
10789,260904121717,2804,91.4507588605943
10790,260904121902,2795,91.14120206730472
10791,260904122047,2785,90.7972500747607
10792,260904122232,2776,90.48769328147108
10793,260904122417,2767,90.1781364881815
10794,260904122602,2759,89.90297489414628
10795,260904122747,2742,89.31825650682147
10796,260904122932,2708,88.14881973217183
10797,260904123118,2700,87.87365813813662
10798,260904123303,2692,87.59849654410141
10799,260904123448,2684,87.32333495006621
10800,260904123633,2677,87.0825685552854
10801,260904123818,2670,86.8418021605046
10802,260904124003,2663,86.6010357657238
10803,260904124148,2656,86.36026937094299
10804,260904124333,2649,86.11950297616218
10805,260904124518,2643,85.91313178063578
10806,260904124703,2636,85.67236538585496
10807,260904124848,2630,85.46599419032857
10808,260904125033,2624,85.25962299480216
10809,260904125218,2618,85.05325179927576
10810,260904125403,2612,84.84688060374934
10811,260904125548,2606,84.64050940822295
10812,260904125733,2645,85.98192217914458
10813,260904125918,2625,85.29401819405656
10814,260904130103,2624,85.25962299480216
10815,260904130248,2618,85.05325179927576
10816,260904130433,2620,85.12204219778455
10817,260904130618,2602,84.50292861120535
10818,260904130803,2627,85.36280859256537
