,Message,Message Type,Protocole,IMEI,Serial,Mileage,Date,Ignition,Latitude,Longitude,Altitude,External Power,RPM,Speed,Satellite Number,Azimuth,Bettery level
0,"[{""Protocol"":""0x2525""","MessageType:""LocationInfoMessage""",ProtocolHeadType:19,"Imei:""869487064485674""",SerialNo:25930,Mileage:5209774,"Date:""2026-04-16T03:20:30Z""",IopIgnition:false,Latitude:4.7552061080932617,Longitude:-74.116004943847656,Altitude:2557.5,ExternalPowerVoltage:25.66,Rpm:-999,Speed:0.0,SatelliteNumber:15,Azimuth:261,BatteryLevel:100}]
1,"[{""Protocol"":""0x2525""","MessageType:""LocationInfoMessage""",ProtocolHeadType:19,"Imei:""869487064485674""",SerialNo:25931,Mileage:5209774,"Date:""2026-04-16T07:20:31Z""",IopIgnition:false,Latitude:4.7552061080932617,Longitude:-74.116004943847656,Altitude:2557.5,ExternalPowerVoltage:25.52,Rpm:-999,Speed:0.0,SatelliteNumber:18,Azimuth:261,BatteryLevel:100}]
2,"[{""Protocol"":""0x2525""","MessageType:""LocationAlarmMessage""",ProtocolHeadType:20,"Imei:""869487064485674""",SerialNo:988,Mileage:5209774,"Date:""2026-04-16T11:07:14Z""",IopIgnition:true,Latitude:4.7552061080932617,Longitude:-74.116004943847656,Altitude:2557.5,ExternalPowerVoltage:25.4,Rpm:-999,Speed:0.0,SatelliteNumber:15,Azimuth:261,OriginalAlarmCode:22}]
3,"[{""Protocol"":""0x2525""","MessageType:""LocationInfoMessage""",ProtocolHeadType:19,"Imei:""869487064485674""",SerialNo:25932,Mileage:5209774,"Date:""2026-04-16T11:08:15Z""",IopIgnition:true,Latitude:4.7552061080932617,Longitude:-74.116004943847656,Altitude:2557.5,ExternalPowerVoltage:28.16,Rpm:-999,Speed:0.0,SatelliteNumber:16,Azimuth:261,BatteryLevel:100}]
4,"[{""Protocol"":""0x2525""","MessageType:""LocationInfoMessage""",ProtocolHeadType:19,"Imei:""869487064485674""",SerialNo:25933,Mileage:5209774,"Date:""2026-04-16T11:09:15Z""",IopIgnition:true,Latitude:4.7552061080932617,Longitude:-74.116004943847656,Altitude:2557.5,ExternalPowerVoltage:28.17,Rpm:-999,Speed:0.0,SatelliteNumber:17,Azimuth:261,BatteryLevel:100}]
5,"[{""Protocol"":""0x2525""","MessageType:""LocationInfoMessage""",ProtocolHeadType:19,"Imei:""869487064485674""",SerialNo:25934,Mileage:5209774,"Date:""2026-04-16T11:10:15Z""",IopIgnition:true,Latitude:4.7552061080932617,Longitude:-74.116004943847656,Altitude:2557.5,ExternalPowerVoltage:28.16,Rpm:-999,Speed:0.0,SatelliteNumber:17,Azimuth:261,BatteryLevel:100}]
6,"[{""Protocol"":""0x2525""","MessageType:""LocationInfoMessage""",ProtocolHeadType:19,"Imei:""869487064485674""",SerialNo:25935,Mileage:5209774,"Date:""2026-04-16T11:11:15Z""",IopIgnition:true,Latitude:4.7552061080932617,Longitude:-74.116004943847656,Altitude:2557.5,ExternalPowerVoltage:28.16,Rpm:-999,Speed:0.0,SatelliteNumber:16,Azimuth:261,BatteryLevel:100}]
7,"[{""Protocol"":""0x2525""","MessageType:""LocationInfoMessage""",ProtocolHeadType:19,"Imei:""869487064485674""",SerialNo:25936,Mileage:5209823,"Date:""2026-04-16T11:11:59Z""",IopIgnition:true,Latitude:4.7552294731140137,Longitude:-74.116439819335938,Altitude:2558.800048828125,ExternalPowerVoltage:28.16,Rpm:-999,Speed:5.0,SatelliteNumber:17,Azimuth:102,BatteryLevel:100}]
8,"[{""Protocol"":""0x2525""","MessageType:""LocationInfoMessage""",ProtocolHeadType:19,"Imei:""869487064485674""",SerialNo:25937,Mileage:5209831,"Date:""2026-04-16T11:13:15Z""",IopIgnition:true,Latitude:4.755218505859375,Longitude:-74.116378784179688,Altitude:2559.5,ExternalPowerVoltage:28.16,Rpm:-999,Speed:0.0,SatelliteNumber:16,Azimuth:113,BatteryLevel:100}]
9,"[{""Protocol"":""0x2525""","MessageType:""LocationInfoMessage""",ProtocolHeadType:19,"Imei:""869487064485674""",SerialNo:25938,Mileage:5209831,"Date:""2026-04-16T11:14:15Z""",IopIgnition:true,Latitude:4.755218505859375,Longitude:-74.116378784179688,Altitude:2559.5,ExternalPowerVoltage:28.1,Rpm:-999,Speed:0.0,SatelliteNumber:16,Azimuth:113,BatteryLevel:100}]
10,"[{""Protocol"":""0x2525""","MessageType:""LocationInfoMessage""",ProtocolHeadType:19,"Imei:""869487064485674""",SerialNo:25939,Mileage:5209831,"Date:""2026-04-16T11:15:14Z""",IopIgnition:true,Latitude:4.755218505859375,Longitude:-74.116378784179688,Altitude:2559.5,ExternalPowerVoltage:28.06,Rpm:-999,Speed:0.0,SatelliteNumber:16,Azimuth:113,BatteryLevel:100}]
11,"[{""Protocol"":""0x2525""","MessageType:""LocationInfoMessage""",ProtocolHeadType:19,"Imei:""869487064485674""",SerialNo:25940,Mileage:5209831,"Date:""2026-04-16T11:16:15Z""",IopIgnition:true,Latitude:4.755218505859375,Longitude:-74.116378784179688,Altitude:2559.5,ExternalPowerVoltage:28.13,Rpm:-999,Speed:0.0,SatelliteNumber:16,Azimuth:113,BatteryLevel:100}]
12,"[{""Protocol"":""0x2525""","MessageType:""LocationInfoMessage""",ProtocolHeadType:19,"Imei:""869487064485674""",SerialNo:25941,Mileage:5209831,"Date:""2026-04-16T11:17:15Z""",IopIgnition:true,Latitude:4.755218505859375,Longitude:-74.116378784179688,Altitude:2559.5,ExternalPowerVoltage:28.15,Rpm:-999,Speed:0.0,SatelliteNumber:15,Azimuth:113,BatteryLevel:100}]
13,"[{""Protocol"":""0x2525""","MessageType:""LocationInfoMessage""",ProtocolHeadType:19,"Imei:""869487064485674""",SerialNo:25942,Mileage:5209831,"Date:""2026-04-16T11:18:15Z""",IopIgnition:true,Latitude:4.755218505859375,Longitude:-74.116378784179688,Altitude:2559.5,ExternalPowerVoltage:28.14,Rpm:-999,Speed:0.0,SatelliteNumber:16,Azimuth:113,BatteryLevel:100}]
14,"[{""Protocol"":""0x2525""","MessageType:""LocationInfoMessage""",ProtocolHeadType:19,"Imei:""869487064485674""",SerialNo:25943,Mileage:5209831,"Date:""2026-04-16T11:19:15Z""",IopIgnition:true,Latitude:4.755218505859375,Longitude:-74.116378784179688,Altitude:2559.5,ExternalPowerVoltage:28.16,Rpm:-999,Speed:0.0,SatelliteNumber:16,Azimuth:113,BatteryLevel:100}]
15,"[{""Protocol"":""0x2525""","MessageType:""LocationInfoMessage""",ProtocolHeadType:19,"Imei:""869487064485674""",SerialNo:25944,Mileage:5209831,"Date:""2026-04-16T11:20:15Z""",IopIgnition:true,Latitude:4.755218505859375,Longitude:-74.116378784179688,Altitude:2559.5,ExternalPowerVoltage:28.14,Rpm:-999,Speed:0.0,SatelliteNumber:15,Azimuth:113,BatteryLevel:100}]
16,"[{""Protocol"":""0x2525""","MessageType:""LocationInfoMessage""",ProtocolHeadType:19,"Imei:""869487064485674""",SerialNo:25945,Mileage:5209917,"Date:""2026-04-16T11:21:15Z""",IopIgnition:true,Latitude:4.7550044059753418,Longitude:-74.115684509277344,Altitude:2559.5,ExternalPowerVoltage:28.16,Rpm:-999,Speed:8.0,SatelliteNumber:17,Azimuth:163,BatteryLevel:100}]
17,"[{""Protocol"":""0x2525""","MessageType:""LocationInfoMessage""",ProtocolHeadType:19,"Imei:""869487064485674""",SerialNo:25946,Mileage:5209917,"Date:""2026-04-16T11:21:15Z""",IopIgnition:true,Latitude:4.7550044059753418,Longitude:-74.115684509277344,Altitude:2559.5,ExternalPowerVoltage:28.16,Rpm:-999,Speed:8.0,SatelliteNumber:17,Azimuth:163,BatteryLevel:100}]
18,"[{""Protocol"":""0x2525""","MessageType:""LocationInfoMessage""",ProtocolHeadType:19,"Imei:""869487064485674""",SerialNo:25947,Mileage:5210279,"Date:""2026-04-16T11:23:04Z""",IopIgnition:true,Latitude:4.7518043518066406,Longitude:-74.116081237792969,Altitude:2558.60009765625,ExternalPowerVoltage:28.17,Rpm:-999,Speed:12.0,SatelliteNumber:16,Azimuth:104,BatteryLevel:100}]
19,"[{""Protocol"":""0x2525""","MessageType:""LocationInfoMessage""",ProtocolHeadType:19,"Imei:""869487064485674""",SerialNo:25948,Mileage:5210542,"Date:""2026-04-16T11:24:15Z""",IopIgnition:true,Latitude:4.7513408660888672,Longitude:-74.11376953125,Altitude:2560.699951171875,ExternalPowerVoltage:28.08,Rpm:-999,Speed:5.0,SatelliteNumber:15,Azimuth:112,BatteryLevel:100}]
20,"[{""Protocol"":""0x2525""","MessageType:""LocationInfoMessage""",ProtocolHeadType:19,"Imei:""869487064485674""",SerialNo:25949,Mileage:5210546,"Date:""2026-04-16T11:24:18Z""",IopIgnition:true,Latitude:4.7513060569763184,Longitude:-74.1137466430664,Altitude:2559.10009765625,ExternalPowerVoltage:28.09,Rpm:-999,Speed:13.0,SatelliteNumber:16,Azimuth:177,BatteryLevel:100}]
21,"[{""Protocol"":""0x2525""","MessageType:""LocationInfoMessage""",ProtocolHeadType:19,"Imei:""869487064485674""",SerialNo:25950,Mileage:5210589,"Date:""2026-04-16T11:24:31Z""",IopIgnition:true,Latitude:4.7509622573852539,Longitude:-74.113861083984375,Altitude:2562.60009765625,ExternalPowerVoltage:28.07,Rpm:-999,Speed:12.0,SatelliteNumber:16,Azimuth:124,BatteryLevel:100}]
22,"[{""Protocol"":""0x2525""","MessageType:""LocationInfoMessage""",ProtocolHeadType:19,"Imei:""869487064485674""",SerialNo:25951,Mileage:5210623,"Date:""2026-04-16T11:24:39Z""",IopIgnition:true,Latitude:4.750823974609375,Longitude:-74.113601684570313,Altitude:2560.699951171875,ExternalPowerVoltage:28.04,Rpm:-999,Speed:11.0,SatelliteNumber:16,Azimuth:181,BatteryLevel:100}]
23,"[{""Protocol"":""0x2525""","MessageType:""LocationInfoMessage""",ProtocolHeadType:19,"Imei:""869487064485674""",SerialNo:25952,Mileage:5210794,"Date:""2026-04-16T11:25:05Z""",IopIgnition:true,Latitude:4.7495346069335938,Longitude:-74.114418029785156,Altitude:2559.699951171875,ExternalPowerVoltage:28.16,Rpm:-999,Speed:16.0,SatelliteNumber:16,Azimuth:228,BatteryLevel:100}]
24,"[{""Protocol"":""0x2525""","MessageType:""LocationInfoMessage""",ProtocolHeadType:19,"Imei:""869487064485674""",SerialNo:25953,Mileage:5210978,"Date:""2026-04-16T11:26:15Z""",IopIgnition:true,Latitude:4.7481622695922852,Longitude:-74.115325927734375,Altitude:2562.199951171875,ExternalPowerVoltage:28.13,Rpm:-999,Speed:0.0,SatelliteNumber:15,Azimuth:211,BatteryLevel:100}]
25,"[{""Protocol"":""0x2525""","MessageType:""LocationInfoMessage""",ProtocolHeadType:19,"Imei:""869487064485674""",SerialNo:25954,Mileage:5210978,"Date:""2026-04-16T11:27:14Z""",IopIgnition:true,Latitude:4.7481622695922852,Longitude:-74.115325927734375,Altitude:2562.199951171875,ExternalPowerVoltage:28.07,Rpm:-999,Speed:0.0,SatelliteNumber:16,Azimuth:211,BatteryLevel:100}]
26,"[{""Protocol"":""0x2525""","MessageType:""LocationAlarmMessage""",ProtocolHeadType:20,"Imei:""869487064485674""",SerialNo:989,Mileage:5210978,"Date:""2026-04-16T11:27:34Z""",IopIgnition:false,Latitude:4.7481622695922852,Longitude:-74.115325927734375,Altitude:2562.199951171875,ExternalPowerVoltage:27.89,Rpm:-999,Speed:0.0,SatelliteNumber:17,Azimuth:211,OriginalAlarmCode:23}]
27,"[{""Protocol"":""0x2525""","MessageType:""LocationAlarmMessage""",ProtocolHeadType:20,"Imei:""869487064485674""",SerialNo:990,Mileage:5210978,"Date:""2026-04-16T11:51:03Z""",IopIgnition:true,Latitude:4.7481622695922852,Longitude:-74.115325927734375,Altitude:2562.199951171875,ExternalPowerVoltage:25.02,Rpm:-999,Speed:0.0,SatelliteNumber:15,Azimuth:211,OriginalAlarmCode:22}]
28,"[{""Protocol"":""0x2525""","MessageType:""LocationInfoMessage""",ProtocolHeadType:19,"Imei:""869487064485674""",SerialNo:25955,Mileage:5210994,"Date:""2026-04-16T11:52:04Z""",IopIgnition:true,Latitude:4.7480430603027344,Longitude:-74.115394592285156,Altitude:2563.5,ExternalPowerVoltage:28.1,Rpm:-999,Speed:12.0,SatelliteNumber:16,Azimuth:208,BatteryLevel:100}]
29,"[{""Protocol"":""0x2525""","MessageType:""LocationInfoMessage""",ProtocolHeadType:19,"Imei:""869487064485674""",SerialNo:25956,Mileage:5211038,"Date:""2026-04-16T11:52:18Z""",IopIgnition:true,Latitude:4.7477545738220215,Longitude:-74.11566162109375,Altitude:2564.300048828125,ExternalPowerVoltage:27.89,Rpm:-999,Speed:12.0,SatelliteNumber:16,Azimuth:267,BatteryLevel:100}]
30,"[{""Protocol"":""0x2525""","MessageType:""LocationInfoMessage""",ProtocolHeadType:19,"Imei:""869487064485674""",SerialNo:25957,Mileage:5211387,"Date:""2026-04-16T11:53:21Z""",IopIgnition:true,Latitude:4.7480401992797852,Longitude:-74.1187744140625,Altitude:2558.39990234375,ExternalPowerVoltage:28.02,Rpm:-999,Speed:13.0,SatelliteNumber:15,Azimuth:218,BatteryLevel:100}]
31,"[{""Protocol"":""0x2525""","MessageType:""LocationInfoMessage""",ProtocolHeadType:19,"Imei:""869487064485674""",SerialNo:25958,Mileage:5211427,"Date:""2026-04-16T11:53:29Z""",IopIgnition:true,Latitude:4.747683048248291,Longitude:-74.118820190429688,Altitude:2557.199951171875,ExternalPowerVoltage:28.0,Rpm:-999,Speed:9.0,SatelliteNumber:15,Azimuth:171,BatteryLevel:100}]
32,"[{""Protocol"":""0x2525""","MessageType:""LocationInfoMessage""",ProtocolHeadType:19,"Imei:""869487064485674""",SerialNo:25959,Mileage:5211466,"Date:""2026-04-16T11:54:17Z""",IopIgnition:true,Latitude:4.7473506927490234,Longitude:-74.118904113769531,Altitude:2560.39990234375,ExternalPowerVoltage:28.12,Rpm:-999,Speed:9.0,SatelliteNumber:16,Azimuth:278,BatteryLevel:100}]
33,"[{""Protocol"":""0x2525""","MessageType:""LocationInfoMessage""",ProtocolHeadType:19,"Imei:""869487064485674""",SerialNo:25960,Mileage:5211677,"Date:""2026-04-16T11:54:48Z""",IopIgnition:true,Latitude:4.7475419044494629,Longitude:-74.12078857421875,Altitude:2561.39990234375,ExternalPowerVoltage:28.04,Rpm:-999,Speed:12.0,SatelliteNumber:16,Azimuth:225,BatteryLevel:100}]
34,"[{""Protocol"":""0x2525""","MessageType:""LocationInfoMessage""",ProtocolHeadType:19,"Imei:""869487064485674""",SerialNo:25961,Mileage:5211686,"Date:""2026-04-16T11:54:50Z""",IopIgnition:true,Latitude:4.74747371673584,Longitude:-74.120811462402344,Altitude:2562.0,ExternalPowerVoltage:28.09,Rpm:-999,Speed:16.0,SatelliteNumber:16,Azimuth:166,BatteryLevel:100}]
35,"[{""Protocol"":""0x2525""","MessageType:""LocationInfoMessage""",ProtocolHeadType:19,"Imei:""869487064485674""",SerialNo:25962,Mileage:5211803,"Date:""2026-04-16T11:55:16Z""",IopIgnition:true,Latitude:4.7465109825134277,Longitude:-74.120491027832031,Altitude:2563.10009765625,ExternalPowerVoltage:28.05,Rpm:-999,Speed:10.0,SatelliteNumber:17,Azimuth:246,BatteryLevel:100}]
36,"[{""Protocol"":""0x2525""","MessageType:""LocationInfoMessage""",ProtocolHeadType:19,"Imei:""869487064485674""",SerialNo:25963,Mileage:5211848,"Date:""2026-04-16T11:57:04Z""",IopIgnition:true,Latitude:4.7464241981506348,Longitude:-74.120887756347656,Altitude:2559.699951171875,ExternalPowerVoltage:27.99,Rpm:-999,Speed:0.0,SatelliteNumber:12,Azimuth:241,BatteryLevel:100}]
37,"[{""Protocol"":""0x2525""","MessageType:""LocationAlarmMessage""",ProtocolHeadType:20,"Imei:""869487064485674""",SerialNo:991,Mileage:5211848,"Date:""2026-04-16T11:57:08Z""",IopIgnition:false,Latitude:4.7464241981506348,Longitude:-74.120887756347656,Altitude:2559.699951171875,ExternalPowerVoltage:27.93,Rpm:-999,Speed:0.0,SatelliteNumber:12,Azimuth:241,OriginalAlarmCode:23}]
38,"[{""Protocol"":""0x2525""","MessageType:""LocationAlarmMessage""",ProtocolHeadType:20,"Imei:""869487064485674""",SerialNo:992,Mileage:5211848,"Date:""2026-04-16T12:24:25Z""",IopIgnition:true,Latitude:4.7464241981506348,Longitude:-74.120887756347656,Altitude:2559.699951171875,ExternalPowerVoltage:25.02,Rpm:-999,Speed:0.0,SatelliteNumber:12,Azimuth:241,OriginalAlarmCode:22}]
39,"[{""Protocol"":""0x2525""","MessageType:""LocationInfoMessage""",ProtocolHeadType:19,"Imei:""869487064485674""",SerialNo:25964,Mileage:5211848,"Date:""2026-04-16T12:25:26Z""",IopIgnition:true,Latitude:4.7464241981506348,Longitude:-74.120887756347656,Altitude:2559.699951171875,ExternalPowerVoltage:27.98,Rpm:-999,Speed:0.0,SatelliteNumber:12,Azimuth:241,BatteryLevel:100}]
40,"[{""Protocol"":""0x2525""","MessageType:""LocationInfoMessage""",ProtocolHeadType:19,"Imei:""869487064485674""",SerialNo:25965,Mileage:5211848,"Date:""2026-04-16T12:26:26Z""",IopIgnition:true,Latitude:4.7464241981506348,Longitude:-74.120887756347656,Altitude:2559.699951171875,ExternalPowerVoltage:27.99,Rpm:-999,Speed:0.0,SatelliteNumber:16,Azimuth:241,BatteryLevel:100}]
41,"[{""Protocol"":""0x2525""","MessageType:""LocationInfoMessage""",ProtocolHeadType:19,"Imei:""869487064485674""",SerialNo:25966,Mileage:5212185,"Date:""2026-04-16T12:27:25Z""",IopIgnition:true,Latitude:4.7454314231872559,Longitude:-74.1237564086914,Altitude:2564.39990234375,ExternalPowerVoltage:28.12,Rpm:-999,Speed:29.0,SatelliteNumber:15,Azimuth:251,BatteryLevel:100}]
42,"[{""Protocol"":""0x2525""","MessageType:""LocationInfoMessage""",ProtocolHeadType:19,"Imei:""869487064485674""",SerialNo:25967,Mileage:5212653,"Date:""2026-04-16T12:28:26Z""",IopIgnition:true,Latitude:4.74412202835083,Longitude:-74.12774658203125,Altitude:2565.300048828125,ExternalPowerVoltage:27.99,Rpm:-999,Speed:15.0,SatelliteNumber:16,Azimuth:282,BatteryLevel:100}]
43,"[{""Protocol"":""0x2525""","MessageType:""LocationInfoMessage""",ProtocolHeadType:19,"Imei:""869487064485674""",SerialNo:25968,Mileage:5212677,"Date:""2026-04-16T12:29:26Z""",IopIgnition:true,Latitude:4.7441978454589844,Longitude:-74.1279525756836,Altitude:2567.0,ExternalPowerVoltage:28.04,Rpm:-999,Speed:0.0,SatelliteNumber:17,Azimuth:289,BatteryLevel:100}]
44,"[{""Protocol"":""0x2525""","MessageType:""LocationInfoMessage""",ProtocolHeadType:19,"Imei:""869487064485674""",SerialNo:25969,Mileage:5212677,"Date:""2026-04-16T12:30:26Z""",IopIgnition:true,Latitude:4.7441978454589844,Longitude:-74.1279525756836,Altitude:2567.0,ExternalPowerVoltage:27.91,Rpm:-999,Speed:0.0,SatelliteNumber:17,Azimuth:289,BatteryLevel:100}]
45,"[{""Protocol"":""0x2525""","MessageType:""LocationInfoMessage""",ProtocolHeadType:19,"Imei:""869487064485674""",SerialNo:25970,Mileage:5212690,"Date:""2026-04-16T12:31:26Z""",IopIgnition:true,Latitude:4.7442488670349121,Longitude:-74.128059387207031,Altitude:2567.60009765625,ExternalPowerVoltage:28.1,Rpm:-999,Speed:10.0,SatelliteNumber:17,Azimuth:284,BatteryLevel:100}]
46,"[{""Protocol"":""0x2525""","MessageType:""LocationInfoMessage""",ProtocolHeadType:19,"Imei:""869487064485674""",SerialNo:25971,Mileage:5212767,"Date:""2026-04-16T12:31:48Z""",IopIgnition:true,Latitude:4.74439001083374,Longitude:-74.128715515136719,Altitude:2561.5,ExternalPowerVoltage:28.05,Rpm:-999,Speed:11.0,SatelliteNumber:16,Azimuth:222,BatteryLevel:100}]
47,"[{""Protocol"":""0x2525""","MessageType:""LocationInfoMessage""",ProtocolHeadType:19,"Imei:""869487064485674""",SerialNo:25972,Mileage:5213161,"Date:""2026-04-16T12:32:55Z""",IopIgnition:true,Latitude:4.7418375015258789,Longitude:-74.130584716796875,Altitude:2559.0,ExternalPowerVoltage:28.02,Rpm:-999,Speed:6.0,SatelliteNumber:17,Azimuth:170,BatteryLevel:100}]
48,"[{""Protocol"":""0x2525""","MessageType:""LocationInfoMessage""",ProtocolHeadType:19,"Imei:""869487064485674""",SerialNo:25973,Mileage:5213373,"Date:""2026-04-16T12:33:32Z""",IopIgnition:true,Latitude:4.74012565612793,Longitude:-74.129806518554688,Altitude:2558.199951171875,ExternalPowerVoltage:28.05,Rpm:-999,Speed:13.0,SatelliteNumber:17,Azimuth:82,BatteryLevel:100}]
49,"[{""Protocol"":""0x2525""","MessageType:""LocationInfoMessage""",ProtocolHeadType:19,"Imei:""869487064485674""",SerialNo:25974,Mileage:5213921,"Date:""2026-04-16T12:35:26Z""",IopIgnition:true,Latitude:4.7420625686645508,Longitude:-74.1252670288086,Altitude:2560.800048828125,ExternalPowerVoltage:27.98,Rpm:-999,Speed:0.0,SatelliteNumber:16,Azimuth:61,BatteryLevel:100}]
50,"[{""Protocol"":""0x2525""","MessageType:""LocationInfoMessage""",ProtocolHeadType:19,"Imei:""869487064485674""",SerialNo:25975,Mileage:5213921,"Date:""2026-04-16T12:36:25Z""",IopIgnition:true,Latitude:4.7420625686645508,Longitude:-74.1252670288086,Altitude:2560.800048828125,ExternalPowerVoltage:27.91,Rpm:-999,Speed:0.0,SatelliteNumber:16,Azimuth:61,BatteryLevel:100}]
51,"[{""Protocol"":""0x2525""","MessageType:""LocationInfoMessage""",ProtocolHeadType:19,"Imei:""869487064485674""",SerialNo:25976,Mileage:5213921,"Date:""2026-04-16T12:37:26Z""",IopIgnition:true,Latitude:4.7420625686645508,Longitude:-74.1252670288086,Altitude:2560.800048828125,ExternalPowerVoltage:27.91,Rpm:-999,Speed:0.0,SatelliteNumber:16,Azimuth:61,BatteryLevel:100}]
52,"[{""Protocol"":""0x2525""","MessageType:""LocationInfoMessage""",ProtocolHeadType:19,"Imei:""869487064485674""",SerialNo:25977,Mileage:5214054,"Date:""2026-04-16T12:38:26Z""",IopIgnition:true,Latitude:4.742523193359375,Longitude:-74.1241683959961,Altitude:2558.10009765625,ExternalPowerVoltage:28.12,Rpm:-999,Speed:23.0,SatelliteNumber:16,Azimuth:69,BatteryLevel:100}]
53,"[{""Protocol"":""0x2525""","MessageType:""LocationInfoMessage""",ProtocolHeadType:19,"Imei:""869487064485674""",SerialNo:25978,Mileage:5214305,"Date:""2026-04-16T12:39:26Z""",IopIgnition:true,Latitude:4.7433409690856934,Longitude:-74.122062683105469,Altitude:2555.699951171875,ExternalPowerVoltage:27.91,Rpm:-999,Speed:0.0,SatelliteNumber:16,Azimuth:73,BatteryLevel:100}]
54,"[{""Protocol"":""0x2525""","MessageType:""LocationInfoMessage""",ProtocolHeadType:19,"Imei:""869487064485674""",SerialNo:25979,Mileage:5214610,"Date:""2026-04-16T12:40:26Z""",IopIgnition:true,Latitude:4.7443599700927734,Longitude:-74.119522094726563,Altitude:2558.39990234375,ExternalPowerVoltage:28.12,Rpm:-999,Speed:34.0,SatelliteNumber:16,Azimuth:68,BatteryLevel:100}]
55,"[{""Protocol"":""0x2525""","MessageType:""LocationInfoMessage""",ProtocolHeadType:19,"Imei:""869487064485674""",SerialNo:25980,Mileage:5214916,"Date:""2026-04-16T12:41:05Z""",IopIgnition:true,Latitude:4.7451043128967285,Longitude:-74.116958618164063,Altitude:2563.89990234375,ExternalPowerVoltage:28.11,Rpm:-999,Speed:28.0,SatelliteNumber:15,Azimuth:114,BatteryLevel:100}]
56,"[{""Protocol"":""0x2525""","MessageType:""LocationInfoMessage""",ProtocolHeadType:19,"Imei:""869487064485674""",SerialNo:25981,Mileage:5215496,"Date:""2026-04-16T12:42:26Z""",IopIgnition:true,Latitude:4.7425689697265625,Longitude:-74.112388610839844,Altitude:2569.199951171875,ExternalPowerVoltage:27.93,Rpm:-999,Speed:11.0,SatelliteNumber:16,Azimuth:118,BatteryLevel:100}]
57,"[{""Protocol"":""0x2525""","MessageType:""LocationInfoMessage""",ProtocolHeadType:19,"Imei:""869487064485674""",SerialNo:25982,Mileage:5215501,"Date:""2026-04-16T12:43:25Z""",IopIgnition:true,Latitude:4.742548942565918,Longitude:-74.112350463867188,Altitude:2569.199951171875,ExternalPowerVoltage:27.92,Rpm:-999,Speed:0.0,SatelliteNumber:16,Azimuth:119,BatteryLevel:100}]
58,"[{""Protocol"":""0x2525""","MessageType:""LocationInfoMessage""",ProtocolHeadType:19,"Imei:""869487064485674""",SerialNo:25983,Mileage:5215539,"Date:""2026-04-16T12:43:43Z""",IopIgnition:true,Latitude:4.7424535751342773,Longitude:-74.112030029296875,Altitude:2568.0,ExternalPowerVoltage:28.02,Rpm:-999,Speed:14.0,SatelliteNumber:16,Azimuth:62,BatteryLevel:100}]
59,"[{""Protocol"":""0x2525""","MessageType:""LocationInfoMessage""",ProtocolHeadType:19,"Imei:""869487064485674""",SerialNo:25984,Mileage:5215563,"Date:""2026-04-16T12:43:51Z""",IopIgnition:true,Latitude:4.7425613403320313,Longitude:-74.111854553222656,Altitude:2567.0,ExternalPowerVoltage:28.01,Rpm:-999,Speed:10.0,SatelliteNumber:15,Azimuth:114,BatteryLevel:100}]
60,"[{""Protocol"":""0x2525""","MessageType:""LocationInfoMessage""",ProtocolHeadType:19,"Imei:""869487064485674""",SerialNo:25985,Mileage:5215706,"Date:""2026-04-16T12:44:20Z""",IopIgnition:true,Latitude:4.74165678024292,Longitude:-74.11102294921875,Altitude:2569.300048828125,ExternalPowerVoltage:28.12,Rpm:-999,Speed:17.0,SatelliteNumber:15,Azimuth:55,BatteryLevel:100}]
61,"[{""Protocol"":""0x2525""","MessageType:""LocationInfoMessage""",ProtocolHeadType:19,"Imei:""869487064485674""",SerialNo:25986,Mileage:5215964,"Date:""2026-04-16T12:45:02Z""",IopIgnition:true,Latitude:4.7429614067077637,Longitude:-74.109138488769531,Altitude:2568.699951171875,ExternalPowerVoltage:28.09,Rpm:-999,Speed:24.0,SatelliteNumber:14,Azimuth:109,BatteryLevel:100}]
62,"[{""Protocol"":""0x2525""","MessageType:""LocationInfoMessage""",ProtocolHeadType:19,"Imei:""869487064485674""",SerialNo:25987,Mileage:5216157,"Date:""2026-04-16T12:45:47Z""",IopIgnition:true,Latitude:4.7420411109924316,Longitude:-74.107719421386719,Altitude:2568.10009765625,ExternalPowerVoltage:28.13,Rpm:-999,Speed:14.0,SatelliteNumber:16,Azimuth:163,BatteryLevel:100}]
63,"[{""Protocol"":""0x2525""","MessageType:""LocationInfoMessage""",ProtocolHeadType:19,"Imei:""869487064485674""",SerialNo:25988,Mileage:5216602,"Date:""2026-04-16T12:46:57Z""",IopIgnition:true,Latitude:4.7385025024414063,Longitude:-74.108070373535156,Altitude:2566.199951171875,ExternalPowerVoltage:28.07,Rpm:-999,Speed:17.0,SatelliteNumber:16,Azimuth:108,BatteryLevel:100}]
64,"[{""Protocol"":""0x2525""","MessageType:""LocationInfoMessage""",ProtocolHeadType:19,"Imei:""869487064485674""",SerialNo:25989,Mileage:5216621,"Date:""2026-04-16T12:47:01Z""",IopIgnition:true,Latitude:4.7385420799255371,Longitude:-74.10791015625,Altitude:2566.0,ExternalPowerVoltage:28.11,Rpm:-999,Speed:21.0,SatelliteNumber:15,Azimuth:61,BatteryLevel:100}]
65,"[{""Protocol"":""0x2525""","MessageType:""LocationInfoMessage""",ProtocolHeadType:19,"Imei:""869487064485674""",SerialNo:25990,Mileage:5216690,"Date:""2026-04-16T12:47:13Z""",IopIgnition:true,Latitude:4.7388110160827637,Longitude:-74.10736083984375,Altitude:2564.699951171875,ExternalPowerVoltage:28.1,Rpm:-999,Speed:15.0,SatelliteNumber:16,Azimuth:110,BatteryLevel:100}]
66,"[{""Protocol"":""0x2525""","MessageType:""LocationInfoMessage""",ProtocolHeadType:19,"Imei:""869487064485674""",SerialNo:25991,Mileage:5216892,"Date:""2026-04-16T12:47:57Z""",IopIgnition:true,Latitude:4.73817253112793,Longitude:-74.105697631835938,Altitude:2569.699951171875,ExternalPowerVoltage:28.12,Rpm:-999,Speed:17.0,SatelliteNumber:16,Azimuth:55,BatteryLevel:100}]
67,"[{""Protocol"":""0x2525""","MessageType:""LocationInfoMessage""",ProtocolHeadType:19,"Imei:""869487064485674""",SerialNo:25992,Mileage:5216918,"Date:""2026-04-16T12:48:02Z""",IopIgnition:true,Latitude:4.7382402420043945,Longitude:-74.105484008789063,Altitude:2568.699951171875,ExternalPowerVoltage:28.09,Rpm:-999,Speed:20.0,SatelliteNumber:16,Azimuth:108,BatteryLevel:100}]
68,"[{""Protocol"":""0x2525""","MessageType:""LocationInfoMessage""",ProtocolHeadType:19,"Imei:""869487064485674""",SerialNo:25993,Mileage:5217312,"Date:""2026-04-16T12:49:26Z""",IopIgnition:true,Latitude:4.736879825592041,Longitude:-74.102210998535156,Altitude:2571.800048828125,ExternalPowerVoltage:27.86,Rpm:-999,Speed:0.0,SatelliteNumber:15,Azimuth:137,BatteryLevel:100}]
69,"[{""Protocol"":""0x2525""","MessageType:""LocationInfoMessage""",ProtocolHeadType:19,"Imei:""869487064485674""",SerialNo:25994,Mileage:5217370,"Date:""2026-04-16T12:50:25Z""",IopIgnition:true,Latitude:4.7366456985473633,Longitude:-74.101753234863281,Altitude:2569.89990234375,ExternalPowerVoltage:28.02,Rpm:-999,Speed:0.0,SatelliteNumber:15,Azimuth:114,BatteryLevel:100}]
70,"[{""Protocol"":""0x2525""","MessageType:""LocationInfoMessage""",ProtocolHeadType:19,"Imei:""869487064485674""",SerialNo:25995,Mileage:5217370,"Date:""2026-04-16T12:51:26Z""",IopIgnition:true,Latitude:4.7366456985473633,Longitude:-74.101753234863281,Altitude:2569.89990234375,ExternalPowerVoltage:27.92,Rpm:-999,Speed:0.0,SatelliteNumber:15,Azimuth:114,BatteryLevel:100}]
71,"[{""Protocol"":""0x2525""","MessageType:""LocationInfoMessage""",ProtocolHeadType:19,"Imei:""869487064485674""",SerialNo:25996,Mileage:5217588,"Date:""2026-04-16T12:52:08Z""",IopIgnition:true,Latitude:4.7357039451599121,Longitude:-74.100059509277344,Altitude:2573.39990234375,ExternalPowerVoltage:28.09,Rpm:-999,Speed:8.0,SatelliteNumber:16,Azimuth:163,BatteryLevel:100}]
72,"[{""Protocol"":""0x2525""","MessageType:""LocationInfoMessage""",ProtocolHeadType:19,"Imei:""869487064485674""",SerialNo:25997,Mileage:5218176,"Date:""2026-04-16T12:53:26Z""",IopIgnition:true,Latitude:4.7304911613464355,Longitude:-74.1008071899414,Altitude:2571.199951171875,ExternalPowerVoltage:28.14,Rpm:-999,Speed:16.0,SatelliteNumber:17,Azimuth:188,BatteryLevel:100}]
73,"[{""Protocol"":""0x2525""","MessageType:""LocationInfoMessage""",ProtocolHeadType:19,"Imei:""869487064485674""",SerialNo:25998,Mileage:5218476,"Date:""2026-04-16T12:53:54Z""",IopIgnition:true,Latitude:4.7278957366943359,Longitude:-74.100830078125,Altitude:2573.39990234375,ExternalPowerVoltage:28.12,Rpm:-999,Speed:47.0,SatelliteNumber:17,Azimuth:140,BatteryLevel:100}]
74,"[{""Protocol"":""0x2525""","MessageType:""LocationInfoMessage""",ProtocolHeadType:19,"Imei:""869487064485674""",SerialNo:25999,Mileage:5219524,"Date:""2026-04-16T12:55:26Z""",IopIgnition:true,Latitude:4.72048807144165,Longitude:-74.095352172851563,Altitude:2566.10009765625,ExternalPowerVoltage:27.93,Rpm:-999,Speed:13.0,SatelliteNumber:17,Azimuth:131,BatteryLevel:100}]
75,"[{""Protocol"":""0x2525""","MessageType:""LocationInfoMessage""",ProtocolHeadType:19,"Imei:""869487064485674""",SerialNo:26000,Mileage:5219740,"Date:""2026-04-16T12:56:25Z""",IopIgnition:true,Latitude:4.7190375328063965,Longitude:-74.094047546386719,Altitude:2570.39990234375,ExternalPowerVoltage:28.09,Rpm:-999,Speed:14.0,SatelliteNumber:17,Azimuth:138,BatteryLevel:100}]
76,"[{""Protocol"":""0x2525""","MessageType:""LocationInfoMessage""",ProtocolHeadType:19,"Imei:""869487064485674""",SerialNo:26001,Mileage:5219936,"Date:""2026-04-16T12:57:26Z""",IopIgnition:true,Latitude:4.7176070213317871,Longitude:-74.093048095703125,Altitude:2565.5,ExternalPowerVoltage:27.89,Rpm:-999,Speed:0.0,SatelliteNumber:16,Azimuth:158,BatteryLevel:100}]
77,"[{""Protocol"":""0x2525""","MessageType:""LocationInfoMessage""",ProtocolHeadType:19,"Imei:""869487064485674""",SerialNo:26002,Mileage:5220091,"Date:""2026-04-16T12:58:26Z""",IopIgnition:true,Latitude:4.716280460357666,Longitude:-74.092666625976563,Altitude:2567.300048828125,ExternalPowerVoltage:28.12,Rpm:-999,Speed:50.0,SatelliteNumber:17,Azimuth:183,BatteryLevel:100}]
78,"[{""Protocol"":""0x2525""","MessageType:""LocationInfoMessage""",ProtocolHeadType:19,"Imei:""869487064485674""",SerialNo:26003,Mileage:5220765,"Date:""2026-04-16T12:59:26Z""",IopIgnition:true,Latitude:4.7105622291564941,Longitude:-74.0941162109375,Altitude:2567.699951171875,ExternalPowerVoltage:27.93,Rpm:-999,Speed:11.0,SatelliteNumber:17,Azimuth:220,BatteryLevel:100}]
79,"[{""Protocol"":""0x2525""","MessageType:""LocationInfoMessage""",ProtocolHeadType:19,"Imei:""869487064485674""",SerialNo:26004,Mileage:5220995,"Date:""2026-04-16T13:00:26Z""",IopIgnition:true,Latitude:4.7090835571289063,Longitude:-74.095550537109375,Altitude:2569.89990234375,ExternalPowerVoltage:28.12,Rpm:-999,Speed:31.0,SatelliteNumber:17,Azimuth:226,BatteryLevel:100}]
80,"[{""Protocol"":""0x2525""","MessageType:""LocationInfoMessage""",ProtocolHeadType:19,"Imei:""869487064485674""",SerialNo:26005,Mileage:5221545,"Date:""2026-04-16T13:01:25Z""",IopIgnition:true,Latitude:4.7055745124816895,Longitude:-74.099052429199219,Altitude:2571.800048828125,ExternalPowerVoltage:28.12,Rpm:-999,Speed:33.0,SatelliteNumber:16,Azimuth:222,BatteryLevel:100}]
81,"[{""Protocol"":""0x2525""","MessageType:""LocationInfoMessage""",ProtocolHeadType:19,"Imei:""869487064485674""",SerialNo:26006,Mileage:5222005,"Date:""2026-04-16T13:02:13Z""",IopIgnition:true,Latitude:4.70253324508667,Longitude:-74.101776123046875,Altitude:2573.300048828125,ExternalPowerVoltage:28.1,Rpm:-999,Speed:25.0,SatelliteNumber:16,Azimuth:282,BatteryLevel:100}]
82,"[{""Protocol"":""0x2525""","MessageType:""LocationInfoMessage""",ProtocolHeadType:19,"Imei:""869487064485674""",SerialNo:26007,Mileage:5222039,"Date:""2026-04-16T13:02:17Z""",IopIgnition:true,Latitude:4.7027268409729,Longitude:-74.101997375488281,Altitude:2571.10009765625,ExternalPowerVoltage:28.09,Rpm:-999,Speed:32.0,SatelliteNumber:16,Azimuth:331,BatteryLevel:100}]
83,"[{""Protocol"":""0x2525""","MessageType:""LocationInfoMessage""",ProtocolHeadType:19,"Imei:""869487064485674""",SerialNo:26008,Mileage:5222071,"Date:""2026-04-16T13:02:21Z""",IopIgnition:true,Latitude:4.7030067443847656,Longitude:-74.102012634277344,Altitude:2571.10009765625,ExternalPowerVoltage:28.08,Rpm:-999,Speed:26.0,SatelliteNumber:16,Azimuth:27,BatteryLevel:100}]
84,"[{""Protocol"":""0x2525""","MessageType:""LocationInfoMessage""",ProtocolHeadType:19,"Imei:""869487064485674""",SerialNo:26009,Mileage:5222103,"Date:""2026-04-16T13:02:26Z""",IopIgnition:true,Latitude:4.7031588554382324,Longitude:-74.101791381835938,Altitude:2570.39990234375,ExternalPowerVoltage:28.03,Rpm:-999,Speed:18.0,SatelliteNumber:16,Azimuth:94,BatteryLevel:100}]
85,"[{""Protocol"":""0x2525""","MessageType:""LocationInfoMessage""",ProtocolHeadType:19,"Imei:""869487064485674""",SerialNo:26010,Mileage:5222644,"Date:""2026-04-16T13:04:26Z""",IopIgnition:true,Latitude:4.7002744674682617,Longitude:-74.097900390625,Altitude:2575.60009765625,ExternalPowerVoltage:27.95,Rpm:-999,Speed:0.0,SatelliteNumber:14,Azimuth:130,BatteryLevel:100}]
86,"[{""Protocol"":""0x2525""","MessageType:""LocationInfoMessage""",ProtocolHeadType:19,"Imei:""869487064485674""",SerialNo:26011,Mileage:5223054,"Date:""2026-04-16T13:05:25Z""",IopIgnition:true,Latitude:4.698211669921875,Longitude:-74.094856262207031,Altitude:2577.10009765625,ExternalPowerVoltage:27.88,Rpm:-999,Speed:10.0,SatelliteNumber:17,Azimuth:118,BatteryLevel:100}]
87,"[{""Protocol"":""0x2525""","MessageType:""LocationInfoMessage""",ProtocolHeadType:19,"Imei:""869487064485674""",SerialNo:26012,Mileage:5223090,"Date:""2026-04-16T13:06:26Z""",IopIgnition:true,Latitude:4.6980624198913574,Longitude:-74.094566345214844,Altitude:2575.39990234375,ExternalPowerVoltage:28.11,Rpm:-999,Speed:18.0,SatelliteNumber:17,Azimuth:118,BatteryLevel:100}]
88,"[{""Protocol"":""0x2525""","MessageType:""LocationInfoMessage""",ProtocolHeadType:19,"Imei:""869487064485674""",SerialNo:26013,Mileage:5223507,"Date:""2026-04-16T13:07:26Z""",IopIgnition:true,Latitude:4.6963095664978027,Longitude:-74.09124755859375,Altitude:2571.60009765625,ExternalPowerVoltage:28.12,Rpm:-999,Speed:20.0,SatelliteNumber:18,Azimuth:118,BatteryLevel:100}]
89,"[{""Protocol"":""0x2525""","MessageType:""LocationInfoMessage""",ProtocolHeadType:19,"Imei:""869487064485674""",SerialNo:26014,Mileage:5223913,"Date:""2026-04-16T13:08:26Z""",IopIgnition:true,Latitude:4.6945652961730957,Longitude:-74.088050842285156,Altitude:2571.10009765625,ExternalPowerVoltage:28.08,Rpm:-999,Speed:9.0,SatelliteNumber:17,Azimuth:126,BatteryLevel:100}]
90,"[{""Protocol"":""0x2525""","MessageType:""LocationInfoMessage""",ProtocolHeadType:19,"Imei:""869487064485674""",SerialNo:26015,Mileage:5223970,"Date:""2026-04-16T13:08:47Z""",IopIgnition:true,Latitude:4.6941871643066406,Longitude:-74.087722778320313,Altitude:2568.0,ExternalPowerVoltage:28.01,Rpm:-999,Speed:7.0,SatelliteNumber:17,Azimuth:174,BatteryLevel:100}]
91,"[{""Protocol"":""0x2525""","MessageType:""LocationInfoMessage""",ProtocolHeadType:19,"Imei:""869487064485674""",SerialNo:26016,Mileage:5223987,"Date:""2026-04-16T13:08:53Z""",IopIgnition:true,Latitude:4.6940517425537109,Longitude:-74.0877914428711,Altitude:2566.89990234375,ExternalPowerVoltage:28.07,Rpm:-999,Speed:16.0,SatelliteNumber:17,Azimuth:220,BatteryLevel:100}]
92,"[{""Protocol"":""0x2525""","MessageType:""LocationInfoMessage""",ProtocolHeadType:19,"Imei:""869487064485674""",SerialNo:26017,Mileage:5224146,"Date:""2026-04-16T13:09:17Z""",IopIgnition:true,Latitude:4.6930427551269531,Longitude:-74.0887680053711,Altitude:2569.800048828125,ExternalPowerVoltage:28.01,Rpm:-999,Speed:16.0,SatelliteNumber:17,Azimuth:283,BatteryLevel:100}]
93,"[{""Protocol"":""0x2525""","MessageType:""LocationInfoMessage""",ProtocolHeadType:19,"Imei:""869487064485674""",SerialNo:26018,Mileage:5224309,"Date:""2026-04-16T13:09:34Z""",IopIgnition:true,Latitude:4.6941685676574707,Longitude:-74.0896987915039,Altitude:2569.60009765625,ExternalPowerVoltage:28.09,Rpm:-999,Speed:33.0,SatelliteNumber:16,Azimuth:331,BatteryLevel:100}]
94,"[{""Protocol"":""0x2525""","MessageType:""LocationInfoMessage""",ProtocolHeadType:19,"Imei:""869487064485674""",SerialNo:26019,Mileage:5224377,"Date:""2026-04-16T13:09:44Z""",IopIgnition:true,Latitude:4.6947441101074219,Longitude:-74.089805603027344,Altitude:2566.60009765625,ExternalPowerVoltage:27.94,Rpm:-999,Speed:12.0,SatelliteNumber:16,Azimuth:24,BatteryLevel:100}]
95,"[{""Protocol"":""0x2525""","MessageType:""LocationInfoMessage""",ProtocolHeadType:19,"Imei:""869487064485674""",SerialNo:26020,Mileage:5224407,"Date:""2026-04-16T13:09:56Z""",IopIgnition:true,Latitude:4.6949076652526855,Longitude:-74.089591979980469,Altitude:2566.699951171875,ExternalPowerVoltage:28.06,Rpm:-999,Speed:16.0,SatelliteNumber:15,Azimuth:72,BatteryLevel:100}]
96,"[{""Protocol"":""0x2525""","MessageType:""LocationInfoMessage""",ProtocolHeadType:19,"Imei:""869487064485674""",SerialNo:26021,Mileage:5224837,"Date:""2026-04-16T13:11:26Z""",IopIgnition:true,Latitude:4.69615364074707,Longitude:-74.086006164550781,Altitude:2573.5,ExternalPowerVoltage:27.93,Rpm:-999,Speed:9.0,SatelliteNumber:18,Azimuth:108,BatteryLevel:100}]
97,"[{""Protocol"":""0x2525""","MessageType:""LocationInfoMessage""",ProtocolHeadType:19,"Imei:""869487064485674""",SerialNo:26022,Mileage:5224859,"Date:""2026-04-16T13:11:31Z""",IopIgnition:true,Latitude:4.696019172668457,Longitude:-74.085861206054688,Altitude:2571.699951171875,ExternalPowerVoltage:28.07,Rpm:-999,Speed:22.0,SatelliteNumber:17,Azimuth:159,BatteryLevel:100}]
98,"[{""Protocol"":""0x2525""","MessageType:""LocationInfoMessage""",ProtocolHeadType:19,"Imei:""869487064485674""",SerialNo:26023,Mileage:5225240,"Date:""2026-04-16T13:13:04Z""",IopIgnition:true,Latitude:4.6934690475463867,Longitude:-74.083755493164063,Altitude:2568.5,ExternalPowerVoltage:28.1,Rpm:-999,Speed:28.0,SatelliteNumber:15,Azimuth:113,BatteryLevel:100}]
99,"[{""Protocol"":""0x2525""","MessageType:""LocationInfoMessage""",ProtocolHeadType:19,"Imei:""869487064485674""",SerialNo:26024,Mileage:5225377,"Date:""2026-04-16T13:13:41Z""",IopIgnition:true,Latitude:4.6926479339599609,Longitude:-74.082893371582031,Altitude:2569.300048828125,ExternalPowerVoltage:27.91,Rpm:-999,Speed:6.0,SatelliteNumber:17,Azimuth:159,BatteryLevel:100}]
100,"[{""Protocol"":""0x2525""","MessageType:""LocationInfoMessage""",ProtocolHeadType:19,"Imei:""869487064485674""",SerialNo:26025,Mileage:5225638,"Date:""2026-04-16T13:14:43Z""",IopIgnition:true,Latitude:4.69063138961792,Longitude:-74.081703186035156,Altitude:2567.39990234375,ExternalPowerVoltage:27.95,Rpm:-999,Speed:23.0,SatelliteNumber:18,Azimuth:108,BatteryLevel:100}]
101,"[{""Protocol"":""0x2525""","MessageType:""LocationInfoMessage""",ProtocolHeadType:19,"Imei:""869487064485674""",SerialNo:26026,Mileage:5225775,"Date:""2026-04-16T13:15:12Z""",IopIgnition:true,Latitude:4.6906886100769043,Longitude:-74.080520629882813,Altitude:2566.89990234375,ExternalPowerVoltage:27.95,Rpm:-999,Speed:12.0,SatelliteNumber:18,Azimuth:155,BatteryLevel:100}]
102,"[{""Protocol"":""0x2525""","MessageType:""LocationInfoMessage""",ProtocolHeadType:19,"Imei:""869487064485674""",SerialNo:26027,Mileage:5225831,"Date:""2026-04-16T13:15:26Z""",IopIgnition:true,Latitude:4.6902861595153809,Longitude:-74.080245971679688,Altitude:2564.5,ExternalPowerVoltage:27.88,Rpm:-999,Speed:9.0,SatelliteNumber:18,Azimuth:104,BatteryLevel:100}]
103,"[{""Protocol"":""0x2525""","MessageType:""LocationInfoMessage""",ProtocolHeadType:19,"Imei:""869487064485674""",SerialNo:26028,Mileage:5225836,"Date:""2026-04-16T13:15:28Z""",IopIgnition:true,Latitude:4.6902937889099121,Longitude:-74.080192565917969,Altitude:2565.0,ExternalPowerVoltage:27.87,Rpm:-999,Speed:10.0,SatelliteNumber:18,Azimuth:54,BatteryLevel:100}]
104,"[{""Protocol"":""0x2525""","MessageType:""LocationInfoMessage""",ProtocolHeadType:19,"Imei:""869487064485674""",SerialNo:26029,Mileage:5225910,"Date:""2026-04-16T13:16:10Z""",IopIgnition:true,Latitude:4.6907706260681152,Longitude:-74.079780578613281,Altitude:2561.800048828125,ExternalPowerVoltage:28.1,Rpm:-999,Speed:14.0,SatelliteNumber:17,Azimuth:116,BatteryLevel:100}]
105,"[{""Protocol"":""0x2525""","MessageType:""LocationInfoMessage""",ProtocolHeadType:19,"Imei:""869487064485674""",SerialNo:26030,Mileage:5226379,"Date:""2026-04-16T13:17:26Z""",IopIgnition:true,Latitude:4.6874489784240723,Longitude:-74.0772705078125,Altitude:2571.800048828125,ExternalPowerVoltage:27.99,Rpm:-999,Speed:9.0,SatelliteNumber:15,Azimuth:51,BatteryLevel:100}]
106,"[{""Protocol"":""0x2525""","MessageType:""LocationInfoMessage""",ProtocolHeadType:19,"Imei:""869487064485674""",SerialNo:26031,Mileage:5226379,"Date:""2026-04-16T13:17:26Z""",IopIgnition:true,Latitude:4.6874489784240723,Longitude:-74.0772705078125,Altitude:2571.800048828125,ExternalPowerVoltage:27.99,Rpm:-999,Speed:9.0,SatelliteNumber:15,Azimuth:51,BatteryLevel:100}]
107,"[{""Protocol"":""0x2525""","MessageType:""LocationInfoMessage""",ProtocolHeadType:19,"Imei:""869487064485674""",SerialNo:26032,Mileage:5226391,"Date:""2026-04-16T13:19:26Z""",IopIgnition:true,Latitude:4.6875042915344238,Longitude:-74.077186584472656,Altitude:2571.10009765625,ExternalPowerVoltage:27.96,Rpm:-999,Speed:0.0,SatelliteNumber:13,Azimuth:52,BatteryLevel:100}]
108,"[{""Protocol"":""0x2525""","MessageType:""LocationInfoMessage""",ProtocolHeadType:19,"Imei:""869487064485674""",SerialNo:26033,Mileage:5226391,"Date:""2026-04-16T13:20:26Z""",IopIgnition:true,Latitude:4.6875042915344238,Longitude:-74.077186584472656,Altitude:2571.10009765625,ExternalPowerVoltage:27.95,Rpm:-999,Speed:0.0,SatelliteNumber:14,Azimuth:52,BatteryLevel:100}]
109,"[{""Protocol"":""0x2525""","MessageType:""LocationInfoMessage""",ProtocolHeadType:19,"Imei:""869487064485674""",SerialNo:26034,Mileage:5226391,"Date:""2026-04-16T13:21:25Z""",IopIgnition:true,Latitude:4.6875042915344238,Longitude:-74.077186584472656,Altitude:2571.10009765625,ExternalPowerVoltage:28.01,Rpm:-999,Speed:0.0,SatelliteNumber:16,Azimuth:52,BatteryLevel:100}]
110,"[{""Protocol"":""0x2525""","MessageType:""LocationInfoMessage""",ProtocolHeadType:19,"Imei:""869487064485674""",SerialNo:26035,Mileage:5226391,"Date:""2026-04-16T13:22:25Z""",IopIgnition:true,Latitude:4.6875042915344238,Longitude:-74.077186584472656,Altitude:2571.10009765625,ExternalPowerVoltage:27.91,Rpm:-999,Speed:0.0,SatelliteNumber:17,Azimuth:52,BatteryLevel:100}]
111,"[{""Protocol"":""0x2525""","MessageType:""LocationInfoMessage""",ProtocolHeadType:19,"Imei:""869487064485674""",SerialNo:26036,Mileage:5226391,"Date:""2026-04-16T13:23:26Z""",IopIgnition:true,Latitude:4.6875042915344238,Longitude:-74.077186584472656,Altitude:2571.10009765625,ExternalPowerVoltage:27.98,Rpm:-999,Speed:0.0,SatelliteNumber:17,Azimuth:52,BatteryLevel:100}]
112,"[{""Protocol"":""0x2525""","MessageType:""LocationInfoMessage""",ProtocolHeadType:19,"Imei:""869487064485674""",SerialNo:26037,Mileage:5226391,"Date:""2026-04-16T13:24:26Z""",IopIgnition:true,Latitude:4.6875042915344238,Longitude:-74.077186584472656,Altitude:2571.10009765625,ExternalPowerVoltage:28.01,Rpm:-999,Speed:0.0,SatelliteNumber:17,Azimuth:52,BatteryLevel:100}]
113,"[{""Protocol"":""0x2525""","MessageType:""LocationInfoMessage""",ProtocolHeadType:19,"Imei:""869487064485674""",SerialNo:26038,Mileage:5226391,"Date:""2026-04-16T13:25:26Z""",IopIgnition:true,Latitude:4.6875042915344238,Longitude:-74.077186584472656,Altitude:2571.10009765625,ExternalPowerVoltage:27.91,Rpm:-999,Speed:0.0,SatelliteNumber:18,Azimuth:52,BatteryLevel:100}]
114,"[{""Protocol"":""0x2525""","MessageType:""LocationInfoMessage""",ProtocolHeadType:19,"Imei:""869487064485674""",SerialNo:26039,Mileage:5226391,"Date:""2026-04-16T13:26:26Z""",IopIgnition:true,Latitude:4.6875042915344238,Longitude:-74.077186584472656,Altitude:2571.10009765625,ExternalPowerVoltage:28.01,Rpm:-999,Speed:0.0,SatelliteNumber:15,Azimuth:52,BatteryLevel:100}]
115,"[{""Protocol"":""0x2525""","MessageType:""LocationInfoMessage""",ProtocolHeadType:19,"Imei:""869487064485674""",SerialNo:26040,Mileage:5226411,"Date:""2026-04-16T13:26:59Z""",IopIgnition:true,Latitude:4.6875910758972168,Longitude:-74.0770263671875,Altitude:2567.60009765625,ExternalPowerVoltage:28.08,Rpm:-999,Speed:5.0,SatelliteNumber:17,Azimuth:102,BatteryLevel:100}]
116,"[{""Protocol"":""0x2525""","MessageType:""LocationInfoMessage""",ProtocolHeadType:19,"Imei:""869487064485674""",SerialNo:26041,Mileage:5226536,"Date:""2026-04-16T13:28:26Z""",IopIgnition:true,Latitude:4.686680793762207,Longitude:-74.076370239257813,Altitude:2567.699951171875,ExternalPowerVoltage:28.01,Rpm:-999,Speed:8.0,SatelliteNumber:15,Azimuth:141,BatteryLevel:100}]
117,"[{""Protocol"":""0x2525""","MessageType:""LocationInfoMessage""",ProtocolHeadType:19,"Imei:""869487064485674""",SerialNo:26042,Mileage:5226575,"Date:""2026-04-16T13:29:11Z""",IopIgnition:true,Latitude:4.6863727569580078,Longitude:-74.076278686523438,Altitude:2566.60009765625,ExternalPowerVoltage:28.1,Rpm:-999,Speed:11.0,SatelliteNumber:19,Azimuth:227,BatteryLevel:100}]
118,"[{""Protocol"":""0x2525""","MessageType:""LocationInfoMessage""",ProtocolHeadType:19,"Imei:""869487064485674""",SerialNo:26043,Mileage:5226775,"Date:""2026-04-16T13:29:50Z""",IopIgnition:true,Latitude:4.6853156089782715,Longitude:-74.077705383300781,Altitude:2564.300048828125,ExternalPowerVoltage:28.02,Rpm:-999,Speed:5.0,SatelliteNumber:19,Azimuth:278,BatteryLevel:100}]
119,"[{""Protocol"":""0x2525""","MessageType:""LocationInfoMessage""",ProtocolHeadType:19,"Imei:""869487064485674""",SerialNo:26044,Mileage:5227004,"Date:""2026-04-16T13:30:22Z""",IopIgnition:true,Latitude:4.6862688064575195,Longitude:-74.079208374023438,Altitude:2567.10009765625,ExternalPowerVoltage:28.12,Rpm:-999,Speed:41.0,SatelliteNumber:19,Azimuth:232,BatteryLevel:100}]
120,"[{""Protocol"":""0x2525""","MessageType:""LocationInfoMessage""",ProtocolHeadType:19,"Imei:""869487064485674""",SerialNo:26045,Mileage:5227133,"Date:""2026-04-16T13:30:37Z""",IopIgnition:true,Latitude:4.685645580291748,Longitude:-74.080154418945313,Altitude:2567.800048828125,ExternalPowerVoltage:28.01,Rpm:-999,Speed:12.0,SatelliteNumber:18,Azimuth:284,BatteryLevel:100}]
121,"[{""Protocol"":""0x2525""","MessageType:""LocationInfoMessage""",ProtocolHeadType:19,"Imei:""869487064485674""",SerialNo:26046,Mileage:5228049,"Date:""2026-04-16T13:32:26Z""",IopIgnition:true,Latitude:4.6920781135559082,Longitude:-74.085273742675781,Altitude:2570.800048828125,ExternalPowerVoltage:28.06,Rpm:-999,Speed:0.0,SatelliteNumber:14,Azimuth:326,BatteryLevel:100}]
122,"[{""Protocol"":""0x2525""","MessageType:""LocationInfoMessage""",ProtocolHeadType:19,"Imei:""869487064485674""",SerialNo:26047,Mileage:5228316,"Date:""2026-04-16T13:33:26Z""",IopIgnition:true,Latitude:4.6939225196838379,Longitude:-74.0868148803711,Altitude:2570.5,ExternalPowerVoltage:28.15,Rpm:-999,Speed:44.0,SatelliteNumber:17,Azimuth:316,BatteryLevel:100}]
123,"[{""Protocol"":""0x2525""","MessageType:""LocationInfoMessage""",ProtocolHeadType:19,"Imei:""869487064485674""",SerialNo:26048,Mileage:5228759,"Date:""2026-04-16T13:34:25Z""",IopIgnition:true,Latitude:4.69629430770874,Longitude:-74.089958190917969,Altitude:2568.300048828125,ExternalPowerVoltage:28.11,Rpm:-999,Speed:0.0,SatelliteNumber:17,Azimuth:0,BatteryLevel:100}]
124,"[{""Protocol"":""0x2525""","MessageType:""LocationInfoMessage""",ProtocolHeadType:19,"Imei:""869487064485674""",SerialNo:26049,Mileage:5228792,"Date:""2026-04-16T13:34:30Z""",IopIgnition:true,Latitude:4.6965370178222656,Longitude:-74.089805603027344,Altitude:2567.5,ExternalPowerVoltage:28.12,Rpm:-999,Speed:30.0,SatelliteNumber:18,Azimuth:54,BatteryLevel:100}]
125,"[{""Protocol"":""0x2525""","MessageType:""LocationInfoMessage""",ProtocolHeadType:19,"Imei:""869487064485674""",SerialNo:26050,Mileage:5228818,"Date:""2026-04-16T13:34:33Z""",IopIgnition:true,Latitude:4.6965765953063965,Longitude:-74.089569091796875,Altitude:2566.5,ExternalPowerVoltage:28.13,Rpm:-999,Speed:36.0,SatelliteNumber:18,Azimuth:101,BatteryLevel:100}]
126,"[{""Protocol"":""0x2525""","MessageType:""LocationInfoMessage""",ProtocolHeadType:19,"Imei:""869487064485674""",SerialNo:26051,Mileage:5228883,"Date:""2026-04-16T13:34:39Z""",IopIgnition:true,Latitude:4.6962060928344727,Longitude:-74.0891342163086,Altitude:2565.5,ExternalPowerVoltage:28.11,Rpm:-999,Speed:28.0,SatelliteNumber:17,Azimuth:155,BatteryLevel:100}]
127,"[{""Protocol"":""0x2525""","MessageType:""LocationInfoMessage""",ProtocolHeadType:19,"Imei:""869487064485674""",SerialNo:26052,Mileage:5228913,"Date:""2026-04-16T13:34:43Z""",IopIgnition:true,Latitude:4.695950984954834,Longitude:-74.089141845703125,Altitude:2565.60009765625,ExternalPowerVoltage:28.11,Rpm:-999,Speed:30.0,SatelliteNumber:18,Azimuth:208,BatteryLevel:100}]
128,"[{""Protocol"":""0x2525""","MessageType:""LocationInfoMessage""",ProtocolHeadType:19,"Imei:""869487064485674""",SerialNo:26053,Mileage:5229709,"Date:""2026-04-16T13:36:26Z""",IopIgnition:true,Latitude:4.6901745796203613,Longitude:-74.093185424804688,Altitude:2575.39990234375,ExternalPowerVoltage:27.96,Rpm:-999,Speed:7.0,SatelliteNumber:17,Azimuth:217,BatteryLevel:100}]
129,"[{""Protocol"":""0x2525""","MessageType:""LocationInfoMessage""",ProtocolHeadType:19,"Imei:""869487064485674""",SerialNo:26054,Mileage:5229795,"Date:""2026-04-16T13:36:58Z""",IopIgnition:true,Latitude:4.68966007232666,Longitude:-74.093635559082031,Altitude:2567.0,ExternalPowerVoltage:28.11,Rpm:-999,Speed:9.0,SatelliteNumber:19,Azimuth:266,BatteryLevel:100}]
130,"[{""Protocol"":""0x2525""","MessageType:""LocationInfoMessage""",ProtocolHeadType:19,"Imei:""869487064485674""",SerialNo:26055,Mileage:5230276,"Date:""2026-04-16T13:38:26Z""",IopIgnition:true,Latitude:4.6921348571777344,Longitude:-74.097183227539063,Altitude:2573.800048828125,ExternalPowerVoltage:27.93,Rpm:-999,Speed:0.0,SatelliteNumber:17,Azimuth:310,BatteryLevel:100}]
131,"[{""Protocol"":""0x2525""","MessageType:""LocationInfoMessage""",ProtocolHeadType:19,"Imei:""869487064485674""",SerialNo:26056,Mileage:5230312,"Date:""2026-04-16T13:39:18Z""",IopIgnition:true,Latitude:4.6922435760498047,Longitude:-74.09747314453125,Altitude:2574.0,ExternalPowerVoltage:28.14,Rpm:-999,Speed:20.0,SatelliteNumber:19,Azimuth:240,BatteryLevel:100}]
132,"[{""Protocol"":""0x2525""","MessageType:""LocationInfoMessage""",ProtocolHeadType:19,"Imei:""869487064485674""",SerialNo:26057,Mileage:5230448,"Date:""2026-04-16T13:39:40Z""",IopIgnition:true,Latitude:4.6912841796875,Longitude:-74.098197937011719,Altitude:2574.60009765625,ExternalPowerVoltage:28.04,Rpm:-999,Speed:13.0,SatelliteNumber:19,Azimuth:153,BatteryLevel:100}]
133,"[{""Protocol"":""0x2525""","MessageType:""LocationAlarmMessage""",ProtocolHeadType:20,"Imei:""869487064485674""",SerialNo:993,Mileage:5230627,"Date:""2026-04-16T13:40:53Z""",IopIgnition:false,Latitude:4.6903467178344727,Longitude:-74.0969009399414,Altitude:2574.800048828125,ExternalPowerVoltage:27.95,Rpm:-999,Speed:0.0,SatelliteNumber:15,Azimuth:144,OriginalAlarmCode:23}]
134,"[{""Protocol"":""0x2525""","MessageType:""LocationAlarmMessage""",ProtocolHeadType:20,"Imei:""869487064485674""",SerialNo:994,Mileage:5230627,"Date:""2026-04-16T15:55:17Z""",IopIgnition:true,Latitude:4.6903467178344727,Longitude:-74.0969009399414,Altitude:2574.800048828125,ExternalPowerVoltage:25.63,Rpm:-999,Speed:0.0,SatelliteNumber:16,Azimuth:144,OriginalAlarmCode:22}]
135,"[{""Protocol"":""0x2525""","MessageType:""LocationInfoMessage""",ProtocolHeadType:19,"Imei:""869487064485674""",SerialNo:26058,Mileage:5230627,"Date:""2026-04-16T15:56:17Z""",IopIgnition:true,Latitude:4.6903467178344727,Longitude:-74.0969009399414,Altitude:2574.800048828125,ExternalPowerVoltage:28.0,Rpm:-999,Speed:0.0,SatelliteNumber:16,Azimuth:144,BatteryLevel:100}]
136,"[{""Protocol"":""0x2525""","MessageType:""LocationInfoMessage""",ProtocolHeadType:19,"Imei:""869487064485674""",SerialNo:26059,Mileage:5230761,"Date:""2026-04-16T15:57:18Z""",IopIgnition:true,Latitude:4.6896028518676758,Longitude:-74.095947265625,Altitude:2574.60009765625,ExternalPowerVoltage:28.16,Rpm:-999,Speed:16.0,SatelliteNumber:13,Azimuth:125,BatteryLevel:100}]
137,"[{""Protocol"":""0x2525""","MessageType:""LocationInfoMessage""",ProtocolHeadType:19,"Imei:""869487064485674""",SerialNo:26060,Mileage:5230786,"Date:""2026-04-16T15:57:41Z""",IopIgnition:true,Latitude:4.6895251274108887,Longitude:-74.095741271972656,Altitude:2575.89990234375,ExternalPowerVoltage:28.16,Rpm:-999,Speed:10.0,SatelliteNumber:16,Azimuth:50,BatteryLevel:100}]
138,"[{""Protocol"":""0x2525""","MessageType:""LocationInfoMessage""",ProtocolHeadType:19,"Imei:""869487064485674""",SerialNo:26061,Mileage:5231044,"Date:""2026-04-16T15:58:33Z""",IopIgnition:true,Latitude:4.6914467811584473,Longitude:-74.094474792480469,Altitude:2576.10009765625,ExternalPowerVoltage:28.17,Rpm:-999,Speed:16.0,SatelliteNumber:16,Azimuth:340,BatteryLevel:100}]
139,"[{""Protocol"":""0x2525""","MessageType:""LocationInfoMessage""",ProtocolHeadType:19,"Imei:""869487064485674""",SerialNo:26062,Mileage:5231173,"Date:""2026-04-16T15:58:55Z""",IopIgnition:true,Latitude:4.6921563148498535,Longitude:-74.095260620117188,Altitude:2573.300048828125,ExternalPowerVoltage:28.17,Rpm:-999,Speed:16.0,SatelliteNumber:14,Azimuth:43,BatteryLevel:100}]
140,"[{""Protocol"":""0x2525""","MessageType:""LocationInfoMessage""",ProtocolHeadType:19,"Imei:""869487064485674""",SerialNo:26063,Mileage:5231233,"Date:""2026-04-16T15:59:07Z""",IopIgnition:true,Latitude:4.6925883293151855,Longitude:-74.095039367675781,Altitude:2573.699951171875,ExternalPowerVoltage:28.14,Rpm:-999,Speed:13.0,SatelliteNumber:16,Azimuth:308,BatteryLevel:100}]
141,"[{""Protocol"":""0x2525""","MessageType:""LocationInfoMessage""",ProtocolHeadType:19,"Imei:""869487064485674""",SerialNo:26064,Mileage:5231426,"Date:""2026-04-16T15:59:42Z""",IopIgnition:true,Latitude:4.6933436393737793,Longitude:-74.096549987792969,Altitude:2574.39990234375,ExternalPowerVoltage:28.16,Rpm:-999,Speed:19.0,SatelliteNumber:17,Azimuth:358,BatteryLevel:100}]
142,"[{""Protocol"":""0x2525""","MessageType:""LocationInfoMessage""",ProtocolHeadType:19,"Imei:""869487064485674""",SerialNo:26065,Mileage:5231471,"Date:""2026-04-16T15:59:50Z""",IopIgnition:true,Latitude:4.693695068359375,Longitude:-74.096359252929688,Altitude:2572.0,ExternalPowerVoltage:28.17,Rpm:-999,Speed:20.0,SatelliteNumber:15,Azimuth:52,BatteryLevel:100}]
143,"[{""Protocol"":""0x2525""","MessageType:""LocationInfoMessage""",ProtocolHeadType:19,"Imei:""869487064485674""",SerialNo:26066,Mileage:5231867,"Date:""2026-04-16T16:00:49Z""",IopIgnition:true,Latitude:4.6965417861938477,Longitude:-74.094284057617188,Altitude:2571.300048828125,ExternalPowerVoltage:28.13,Rpm:-999,Speed:14.0,SatelliteNumber:14,Azimuth:305,BatteryLevel:100}]
144,"[{""Protocol"":""0x2525""","MessageType:""LocationInfoMessage""",ProtocolHeadType:19,"Imei:""869487064485674""",SerialNo:26067,Mileage:5232254,"Date:""2026-04-16T16:02:18Z""",IopIgnition:true,Latitude:4.6986804008483887,Longitude:-74.097030639648438,Altitude:2575.0,ExternalPowerVoltage:28.17,Rpm:-999,Speed:17.0,SatelliteNumber:17,Azimuth:308,BatteryLevel:100}]
145,"[{""Protocol"":""0x2525""","MessageType:""LocationInfoMessage""",ProtocolHeadType:19,"Imei:""869487064485674""",SerialNo:26068,Mileage:5232379,"Date:""2026-04-16T16:02:51Z""",IopIgnition:true,Latitude:4.6994051933288574,Longitude:-74.097869873046875,Altitude:2573.0,ExternalPowerVoltage:28.12,Rpm:-999,Speed:6.0,SatelliteNumber:15,Azimuth:355,BatteryLevel:100}]
146,"[{""Protocol"":""0x2525""","MessageType:""LocationInfoMessage""",ProtocolHeadType:19,"Imei:""869487064485674""",SerialNo:26069,Mileage:5232383,"Date:""2026-04-16T16:02:54Z""",IopIgnition:true,Latitude:4.6994433403015137,Longitude:-74.097862243652344,Altitude:2573.60009765625,ExternalPowerVoltage:28.02,Rpm:-999,Speed:5.0,SatelliteNumber:16,Azimuth:45,BatteryLevel:100}]
147,"[{""Protocol"":""0x2525""","MessageType:""LocationInfoMessage""",ProtocolHeadType:19,"Imei:""869487064485674""",SerialNo:26070,Mileage:5232492,"Date:""2026-04-16T16:04:08Z""",IopIgnition:true,Latitude:4.7002825736999512,Longitude:-74.097396850585938,Altitude:2580.199951171875,ExternalPowerVoltage:28.19,Rpm:-999,Speed:25.0,SatelliteNumber:16,Azimuth:345,BatteryLevel:100}]
148,"[{""Protocol"":""0x2525""","MessageType:""LocationInfoMessage""",ProtocolHeadType:19,"Imei:""869487064485674""",SerialNo:26071,Mileage:5233031,"Date:""2026-04-16T16:04:52Z""",IopIgnition:true,Latitude:4.7033047676086426,Longitude:-74.1011734008789,Altitude:2573.300048828125,ExternalPowerVoltage:28.17,Rpm:-999,Speed:47.0,SatelliteNumber:17,Azimuth:299,BatteryLevel:100}]
149,"[{""Protocol"":""0x2525""","MessageType:""LocationInfoMessage""",ProtocolHeadType:19,"Imei:""869487064485674""",SerialNo:26072,Mileage:5233580,"Date:""2026-04-16T16:06:18Z""",IopIgnition:true,Latitude:4.7053203582763672,Longitude:-74.105682373046875,Altitude:2573.39990234375,ExternalPowerVoltage:28.19,Rpm:-999,Speed:42.0,SatelliteNumber:17,Azimuth:294,BatteryLevel:100}]
150,"[{""Protocol"":""0x2525""","MessageType:""LocationInfoMessage""",ProtocolHeadType:19,"Imei:""869487064485674""",SerialNo:26073,Mileage:5233924,"Date:""2026-04-16T16:07:18Z""",IopIgnition:true,Latitude:4.7067441940307617,Longitude:-74.108428955078125,Altitude:2572.89990234375,ExternalPowerVoltage:28.18,Rpm:-999,Speed:33.0,SatelliteNumber:16,Azimuth:302,BatteryLevel:100}]
151,"[{""Protocol"":""0x2525""","MessageType:""LocationInfoMessage""",ProtocolHeadType:19,"Imei:""869487064485674""",SerialNo:26074,Mileage:5234118,"Date:""2026-04-16T16:08:17Z""",IopIgnition:true,Latitude:4.7078442573547363,Longitude:-74.109779357910156,Altitude:2571.0,ExternalPowerVoltage:28.09,Rpm:-999,Speed:0.0,SatelliteNumber:16,Azimuth:314,BatteryLevel:100}]
152,"[{""Protocol"":""0x2525""","MessageType:""LocationInfoMessage""",ProtocolHeadType:19,"Imei:""869487064485674""",SerialNo:26075,Mileage:5234315,"Date:""2026-04-16T16:09:17Z""",IopIgnition:true,Latitude:4.70906400680542,Longitude:-74.1110610961914,Altitude:2573.0,ExternalPowerVoltage:28.18,Rpm:-999,Speed:40.0,SatelliteNumber:16,Azimuth:314,BatteryLevel:100}]
153,"[{""Protocol"":""0x2525""","MessageType:""LocationInfoMessage""",ProtocolHeadType:19,"Imei:""869487064485674""",SerialNo:26076,Mileage:5234958,"Date:""2026-04-16T16:10:18Z""",IopIgnition:true,Latitude:4.7132978439331055,Longitude:-74.114982604980469,Altitude:2571.199951171875,ExternalPowerVoltage:28.18,Rpm:-999,Speed:49.0,SatelliteNumber:15,Azimuth:325,BatteryLevel:100}]
154,"[{""Protocol"":""0x2525""","MessageType:""LocationInfoMessage""",ProtocolHeadType:19,"Imei:""869487064485674""",SerialNo:26077,Mileage:5235367,"Date:""2026-04-16T16:11:18Z""",IopIgnition:true,Latitude:4.7162976264953613,Longitude:-74.117111206054688,Altitude:2567.0,ExternalPowerVoltage:28.16,Rpm:-999,Speed:43.0,SatelliteNumber:15,Azimuth:323,BatteryLevel:100}]
155,"[{""Protocol"":""0x2525""","MessageType:""LocationInfoMessage""",ProtocolHeadType:19,"Imei:""869487064485674""",SerialNo:26078,Mileage:5235781,"Date:""2026-04-16T16:12:18Z""",IopIgnition:true,Latitude:4.7193317413330078,Longitude:-74.119277954101563,Altitude:2565.89990234375,ExternalPowerVoltage:28.01,Rpm:-999,Speed:0.0,SatelliteNumber:12,Azimuth:323,BatteryLevel:100}]
156,"[{""Protocol"":""0x2525""","MessageType:""LocationInfoMessage""",ProtocolHeadType:19,"Imei:""869487064485674""",SerialNo:26079,Mileage:5235992,"Date:""2026-04-16T16:13:18Z""",IopIgnition:true,Latitude:4.7208905220031738,Longitude:-74.120361328125,Altitude:2569.199951171875,ExternalPowerVoltage:28.18,Rpm:-999,Speed:44.0,SatelliteNumber:15,Azimuth:324,BatteryLevel:100}]
157,"[{""Protocol"":""0x2525""","MessageType:""LocationInfoMessage""",ProtocolHeadType:19,"Imei:""869487064485674""",SerialNo:26080,Mileage:5236649,"Date:""2026-04-16T16:14:18Z""",IopIgnition:true,Latitude:4.7254891395568848,Longitude:-74.124069213867188,Altitude:2569.199951171875,ExternalPowerVoltage:28.11,Rpm:-999,Speed:28.0,SatelliteNumber:16,Azimuth:320,BatteryLevel:100}]
158,"[{""Protocol"":""0x2525""","MessageType:""LocationInfoMessage""",ProtocolHeadType:19,"Imei:""869487064485674""",SerialNo:26081,Mileage:5236912,"Date:""2026-04-16T16:15:17Z""",IopIgnition:true,Latitude:4.727506160736084,Longitude:-74.1251449584961,Altitude:2566.60009765625,ExternalPowerVoltage:27.94,Rpm:-999,Speed:0.0,SatelliteNumber:18,Azimuth:311,BatteryLevel:100}]
159,"[{""Protocol"":""0x2525""","MessageType:""LocationInfoMessage""",ProtocolHeadType:19,"Imei:""869487064485674""",SerialNo:26082,Mileage:5236957,"Date:""2026-04-16T16:15:39Z""",IopIgnition:true,Latitude:4.7277669906616211,Longitude:-74.125411987304688,Altitude:2566.89990234375,ExternalPowerVoltage:28.17,Rpm:-999,Speed:16.0,SatelliteNumber:18,Azimuth:8,BatteryLevel:100}]
160,"[{""Protocol"":""0x2525""","MessageType:""LocationInfoMessage""",ProtocolHeadType:19,"Imei:""869487064485674""",SerialNo:26083,Mileage:5238078,"Date:""2026-04-16T16:17:18Z""",IopIgnition:true,Latitude:4.73686408996582,Longitude:-74.125961303710938,Altitude:2565.89990234375,ExternalPowerVoltage:28.15,Rpm:-999,Speed:28.0,SatelliteNumber:18,Azimuth:22,BatteryLevel:100}]
161,"[{""Protocol"":""0x2525""","MessageType:""LocationInfoMessage""",ProtocolHeadType:19,"Imei:""869487064485674""",SerialNo:26084,Mileage:5238526,"Date:""2026-04-16T16:18:08Z""",IopIgnition:true,Latitude:4.740328311920166,Longitude:-74.124443054199219,Altitude:2563.89990234375,ExternalPowerVoltage:28.15,Rpm:-999,Speed:22.0,SatelliteNumber:17,Azimuth:70,BatteryLevel:100}]
162,"[{""Protocol"":""0x2525""","MessageType:""LocationInfoMessage""",ProtocolHeadType:19,"Imei:""869487064485674""",SerialNo:26085,Mileage:5238830,"Date:""2026-04-16T16:18:52Z""",IopIgnition:true,Latitude:4.7410683631896973,Longitude:-74.121864318847656,Altitude:2560.699951171875,ExternalPowerVoltage:28.17,Rpm:-999,Speed:10.0,SatelliteNumber:16,Azimuth:5,BatteryLevel:100}]
163,"[{""Protocol"":""0x2525""","MessageType:""LocationInfoMessage""",ProtocolHeadType:19,"Imei:""869487064485674""",SerialNo:26086,Mileage:5239048,"Date:""2026-04-16T16:20:18Z""",IopIgnition:true,Latitude:4.7428779602050781,Longitude:-74.122604370117188,Altitude:2559.5,ExternalPowerVoltage:28.07,Rpm:-999,Speed:0.0,SatelliteNumber:17,Azimuth:340,BatteryLevel:100}]
164,"[{""Protocol"":""0x2525""","MessageType:""LocationInfoMessage""",ProtocolHeadType:19,"Imei:""869487064485674""",SerialNo:26087,Mileage:5239086,"Date:""2026-04-16T16:20:29Z""",IopIgnition:true,Latitude:4.7432107925415039,Longitude:-74.122673034667969,Altitude:2567.89990234375,ExternalPowerVoltage:28.09,Rpm:-999,Speed:8.0,SatelliteNumber:16,Azimuth:53,BatteryLevel:100}]
165,"[{""Protocol"":""0x2525""","MessageType:""LocationInfoMessage""",ProtocolHeadType:19,"Imei:""869487064485674""",SerialNo:26088,Mileage:5239553,"Date:""2026-04-16T16:22:18Z""",IopIgnition:true,Latitude:4.7446813583374023,Longitude:-74.118743896484375,Altitude:2571.5,ExternalPowerVoltage:28.17,Rpm:-999,Speed:20.0,SatelliteNumber:16,Azimuth:72,BatteryLevel:100}]
166,"[{""Protocol"":""0x2525""","MessageType:""LocationInfoMessage""",ProtocolHeadType:19,"Imei:""869487064485674""",SerialNo:26089,Mileage:5239715,"Date:""2026-04-16T16:23:18Z""",IopIgnition:true,Latitude:4.7451534271240234,Longitude:-74.117431640625,Altitude:2577.5,ExternalPowerVoltage:28.19,Rpm:-999,Speed:13.0,SatelliteNumber:16,Azimuth:86,BatteryLevel:100}]
167,"[{""Protocol"":""0x2525""","MessageType:""LocationInfoMessage""",ProtocolHeadType:19,"Imei:""869487064485674""",SerialNo:26090,Mileage:5239966,"Date:""2026-04-16T16:24:13Z""",IopIgnition:true,Latitude:4.7443127632141113,Longitude:-74.115394592285156,Altitude:2571.800048828125,ExternalPowerVoltage:28.08,Rpm:-999,Speed:8.0,SatelliteNumber:16,Azimuth:35,BatteryLevel:100}]
168,"[{""Protocol"":""0x2525""","MessageType:""LocationInfoMessage""",ProtocolHeadType:19,"Imei:""869487064485674""",SerialNo:26091,Mileage:5240039,"Date:""2026-04-16T16:24:37Z""",IopIgnition:true,Latitude:4.7448611259460449,Longitude:-74.115074157714844,Altitude:2565.800048828125,ExternalPowerVoltage:28.09,Rpm:-999,Speed:10.0,SatelliteNumber:17,Azimuth:94,BatteryLevel:100}]
169,"[{""Protocol"":""0x2525""","MessageType:""LocationInfoMessage""",ProtocolHeadType:19,"Imei:""869487064485674""",SerialNo:26092,Mileage:5240177,"Date:""2026-04-16T16:26:18Z""",IopIgnition:true,Latitude:4.7444820404052734,Longitude:-74.1138916015625,Altitude:2567.39990234375,ExternalPowerVoltage:27.97,Rpm:-999,Speed:0.0,SatelliteNumber:15,Azimuth:109,BatteryLevel:100}]
170,"[{""Protocol"":""0x2525""","MessageType:""LocationInfoMessage""",ProtocolHeadType:19,"Imei:""869487064485674""",SerialNo:26093,Mileage:5240177,"Date:""2026-04-16T16:27:18Z""",IopIgnition:true,Latitude:4.7444820404052734,Longitude:-74.1138916015625,Altitude:2567.39990234375,ExternalPowerVoltage:28.13,Rpm:-999,Speed:0.0,SatelliteNumber:16,Azimuth:109,BatteryLevel:100}]
171,"[{""Protocol"":""0x2525""","MessageType:""LocationAlarmMessage""",ProtocolHeadType:20,"Imei:""869487064485674""",SerialNo:995,Mileage:5240237,"Date:""2026-04-16T16:27:59Z""",IopIgnition:false,Latitude:4.744330883026123,Longitude:-74.113372802734375,Altitude:2567.800048828125,ExternalPowerVoltage:27.78,Rpm:-999,Speed:0.0,SatelliteNumber:15,Azimuth:112,OriginalAlarmCode:23}]
172,"[{""Protocol"":""0x2525""","MessageType:""LocationAlarmMessage""",ProtocolHeadType:20,"Imei:""869487064485674""",SerialNo:996,Mileage:5240237,"Date:""2026-04-16T16:32:56Z""",IopIgnition:true,Latitude:4.744330883026123,Longitude:-74.113372802734375,Altitude:2567.800048828125,ExternalPowerVoltage:25.66,Rpm:-999,Speed:0.0,SatelliteNumber:16,Azimuth:112,OriginalAlarmCode:22}]
173,"[{""Protocol"":""0x2525""","MessageType:""LocationInfoMessage""",ProtocolHeadType:19,"Imei:""869487064485674""",SerialNo:26094,Mileage:5240311,"Date:""2026-04-16T16:33:42Z""",IopIgnition:true,Latitude:4.7442049980163574,Longitude:-74.11273193359375,Altitude:2571.699951171875,ExternalPowerVoltage:28.12,Rpm:-999,Speed:9.0,SatelliteNumber:17,Azimuth:64,BatteryLevel:100}]
174,"[{""Protocol"":""0x2525""","MessageType:""LocationInfoMessage""",ProtocolHeadType:19,"Imei:""869487064485674""",SerialNo:26095,Mileage:5240317,"Date:""2026-04-16T16:33:44Z""",IopIgnition:true,Latitude:4.7442569732666016,Longitude:-74.112701416015625,Altitude:2572.39990234375,ExternalPowerVoltage:28.12,Rpm:-999,Speed:13.0,SatelliteNumber:17,Azimuth:15,BatteryLevel:100}]
175,"[{""Protocol"":""0x2525""","MessageType:""LocationInfoMessage""",ProtocolHeadType:19,"Imei:""869487064485674""",SerialNo:26096,Mileage:5240430,"Date:""2026-04-16T16:34:11Z""",IopIgnition:true,Latitude:4.7452239990234375,Longitude:-74.112518310546875,Altitude:2570.0,ExternalPowerVoltage:28.12,Rpm:-999,Speed:12.0,SatelliteNumber:17,Azimuth:297,BatteryLevel:100}]
176,"[{""Protocol"":""0x2525""","MessageType:""LocationInfoMessage""",ProtocolHeadType:19,"Imei:""869487064485674""",SerialNo:26097,Mileage:5240601,"Date:""2026-04-16T16:34:43Z""",IopIgnition:true,Latitude:4.745659351348877,Longitude:-74.113929748535156,Altitude:2567.5,ExternalPowerVoltage:28.16,Rpm:-999,Speed:12.0,SatelliteNumber:16,Azimuth:26,BatteryLevel:100}]
177,"[{""Protocol"":""0x2525""","MessageType:""LocationInfoMessage""",ProtocolHeadType:19,"Imei:""869487064485674""",SerialNo:26098,Mileage:5240736,"Date:""2026-04-16T16:35:19Z""",IopIgnition:true,Latitude:4.7468123435974121,Longitude:-74.113616943359375,Altitude:2565.89990234375,ExternalPowerVoltage:28.12,Rpm:-999,Speed:9.0,SatelliteNumber:17,Azimuth:311,BatteryLevel:100}]
178,"[{""Protocol"":""0x2525""","MessageType:""LocationInfoMessage""",ProtocolHeadType:19,"Imei:""869487064485674""",SerialNo:26099,Mileage:5240960,"Date:""2026-04-16T16:35:59Z""",IopIgnition:true,Latitude:4.7470731735229492,Longitude:-74.115608215332031,Altitude:2567.39990234375,ExternalPowerVoltage:28.16,Rpm:-999,Speed:17.0,SatelliteNumber:15,Azimuth:263,BatteryLevel:100}]
179,"[{""Protocol"":""0x2525""","MessageType:""LocationInfoMessage""",ProtocolHeadType:19,"Imei:""869487064485674""",SerialNo:26100,Mileage:5241112,"Date:""2026-04-16T16:37:57Z""",IopIgnition:true,Latitude:4.7471928596496582,Longitude:-74.116973876953125,Altitude:2562.39990234375,ExternalPowerVoltage:28.1,Rpm:-999,Speed:0.0,SatelliteNumber:14,Azimuth:286,BatteryLevel:100}]
180,"[{""Protocol"":""0x2525""","MessageType:""LocationInfoMessage""",ProtocolHeadType:19,"Imei:""869487064485674""",SerialNo:26101,Mileage:5241112,"Date:""2026-04-16T16:38:56Z""",IopIgnition:true,Latitude:4.7471928596496582,Longitude:-74.116973876953125,Altitude:2562.39990234375,ExternalPowerVoltage:27.96,Rpm:-999,Speed:0.0,SatelliteNumber:13,Azimuth:286,BatteryLevel:100}]
181,"[{""Protocol"":""0x2525""","MessageType:""LocationInfoMessage""",ProtocolHeadType:19,"Imei:""869487064485674""",SerialNo:26102,Mileage:5241112,"Date:""2026-04-16T16:39:57Z""",IopIgnition:true,Latitude:4.7471928596496582,Longitude:-74.116973876953125,Altitude:2562.39990234375,ExternalPowerVoltage:27.96,Rpm:-999,Speed:0.0,SatelliteNumber:16,Azimuth:286,BatteryLevel:100}]
182,"[{""Protocol"":""0x2525""","MessageType:""LocationInfoMessage""",ProtocolHeadType:19,"Imei:""869487064485674""",SerialNo:26103,Mileage:5241112,"Date:""2026-04-16T16:40:57Z""",IopIgnition:true,Latitude:4.7471928596496582,Longitude:-74.116973876953125,Altitude:2562.39990234375,ExternalPowerVoltage:28.08,Rpm:-999,Speed:0.0,SatelliteNumber:17,Azimuth:286,BatteryLevel:100}]
183,"[{""Protocol"":""0x2525""","MessageType:""LocationInfoMessage""",ProtocolHeadType:19,"Imei:""869487064485674""",SerialNo:26104,Mileage:5241112,"Date:""2026-04-16T16:41:57Z""",IopIgnition:true,Latitude:4.7471928596496582,Longitude:-74.116973876953125,Altitude:2562.39990234375,ExternalPowerVoltage:27.98,Rpm:-999,Speed:0.0,SatelliteNumber:15,Azimuth:286,BatteryLevel:100}]
184,"[{""Protocol"":""0x2525""","MessageType:""LocationInfoMessage""",ProtocolHeadType:19,"Imei:""869487064485674""",SerialNo:26105,Mileage:5241112,"Date:""2026-04-16T16:42:57Z""",IopIgnition:true,Latitude:4.7471928596496582,Longitude:-74.116973876953125,Altitude:2562.39990234375,ExternalPowerVoltage:28.02,Rpm:-999,Speed:0.0,SatelliteNumber:16,Azimuth:286,BatteryLevel:100}]
185,"[{""Protocol"":""0x2525""","MessageType:""LocationInfoMessage""",ProtocolHeadType:19,"Imei:""869487064485674""",SerialNo:26106,Mileage:5241112,"Date:""2026-04-16T16:43:57Z""",IopIgnition:true,Latitude:4.7471928596496582,Longitude:-74.116973876953125,Altitude:2562.39990234375,ExternalPowerVoltage:28.09,Rpm:-999,Speed:0.0,SatelliteNumber:16,Azimuth:286,BatteryLevel:100}]
186,"[{""Protocol"":""0x2525""","MessageType:""LocationInfoMessage""",ProtocolHeadType:19,"Imei:""869487064485674""",SerialNo:26107,Mileage:5241112,"Date:""2026-04-16T16:44:57Z""",IopIgnition:true,Latitude:4.7471928596496582,Longitude:-74.116973876953125,Altitude:2562.39990234375,ExternalPowerVoltage:27.94,Rpm:-999,Speed:0.0,SatelliteNumber:16,Azimuth:286,BatteryLevel:100}]
187,"[{""Protocol"":""0x2525""","MessageType:""LocationInfoMessage""",ProtocolHeadType:19,"Imei:""869487064485674""",SerialNo:26108,Mileage:5241112,"Date:""2026-04-16T16:45:56Z""",IopIgnition:true,Latitude:4.7471928596496582,Longitude:-74.116973876953125,Altitude:2562.39990234375,ExternalPowerVoltage:27.98,Rpm:-999,Speed:0.0,SatelliteNumber:16,Azimuth:286,BatteryLevel:100}]
188,"[{""Protocol"":""0x2525""","MessageType:""LocationInfoMessage""",ProtocolHeadType:19,"Imei:""869487064485674""",SerialNo:26109,Mileage:5241112,"Date:""2026-04-16T16:46:56Z""",IopIgnition:true,Latitude:4.7471928596496582,Longitude:-74.116973876953125,Altitude:2562.39990234375,ExternalPowerVoltage:28.06,Rpm:-999,Speed:0.0,SatelliteNumber:16,Azimuth:286,BatteryLevel:100}]
189,"[{""Protocol"":""0x2525""","MessageType:""LocationInfoMessage""",ProtocolHeadType:19,"Imei:""869487064485674""",SerialNo:26110,Mileage:5241112,"Date:""2026-04-16T16:47:57Z""",IopIgnition:true,Latitude:4.7471928596496582,Longitude:-74.116973876953125,Altitude:2562.39990234375,ExternalPowerVoltage:27.96,Rpm:-999,Speed:0.0,SatelliteNumber:16,Azimuth:286,BatteryLevel:100}]
190,"[{""Protocol"":""0x2525""","MessageType:""LocationInfoMessage""",ProtocolHeadType:19,"Imei:""869487064485674""",SerialNo:26111,Mileage:5241112,"Date:""2026-04-16T16:48:57Z""",IopIgnition:true,Latitude:4.7471928596496582,Longitude:-74.116973876953125,Altitude:2562.39990234375,ExternalPowerVoltage:27.98,Rpm:-999,Speed:0.0,SatelliteNumber:15,Azimuth:286,BatteryLevel:100}]
191,"[{""Protocol"":""0x2525""","MessageType:""LocationInfoMessage""",ProtocolHeadType:19,"Imei:""869487064485674""",SerialNo:26112,Mileage:5241269,"Date:""2026-04-16T16:49:57Z""",IopIgnition:true,Latitude:4.74732780456543,Longitude:-74.118370056152344,Altitude:2564.199951171875,ExternalPowerVoltage:28.14,Rpm:-999,Speed:17.0,SatelliteNumber:15,Azimuth:273,BatteryLevel:100}]
192,"[{""Protocol"":""0x2525""","MessageType:""LocationInfoMessage""",ProtocolHeadType:19,"Imei:""869487064485674""",SerialNo:26113,Mileage:5241501,"Date:""2026-04-16T16:50:57Z""",IopIgnition:true,Latitude:4.7475008964538574,Longitude:-74.1204605102539,Altitude:2563.10009765625,ExternalPowerVoltage:28.05,Rpm:-999,Speed:0.0,SatelliteNumber:16,Azimuth:276,BatteryLevel:100}]
193,"[{""Protocol"":""0x2525""","MessageType:""LocationInfoMessage""",ProtocolHeadType:19,"Imei:""869487064485674""",SerialNo:26114,Mileage:5241546,"Date:""2026-04-16T16:51:17Z""",IopIgnition:true,Latitude:4.7474570274353027,Longitude:-74.120811462402344,Altitude:2566.0,ExternalPowerVoltage:28.09,Rpm:-999,Speed:7.0,SatelliteNumber:16,Azimuth:175,BatteryLevel:100}]
194,"[{""Protocol"":""0x2525""","MessageType:""LocationInfoMessage""",ProtocolHeadType:19,"Imei:""869487064485674""",SerialNo:26115,Mileage:5241656,"Date:""2026-04-16T16:52:17Z""",IopIgnition:true,Latitude:4.7465405464172363,Longitude:-74.1204833984375,Altitude:2564.89990234375,ExternalPowerVoltage:28.14,Rpm:-999,Speed:9.0,SatelliteNumber:17,Azimuth:231,BatteryLevel:100}]
195,"[{""Protocol"":""0x2525""","MessageType:""LocationInfoMessage""",ProtocolHeadType:19,"Imei:""869487064485674""",SerialNo:26116,Mileage:5241812,"Date:""2026-04-16T16:53:57Z""",IopIgnition:true,Latitude:4.7460689544677734,Longitude:-74.1218032836914,Altitude:2565.10009765625,ExternalPowerVoltage:28.07,Rpm:-999,Speed:0.0,SatelliteNumber:17,Azimuth:266,BatteryLevel:100}]
196,"[{""Protocol"":""0x2525""","MessageType:""LocationInfoMessage""",ProtocolHeadType:19,"Imei:""869487064485674""",SerialNo:26117,Mileage:5241876,"Date:""2026-04-16T16:54:56Z""",IopIgnition:true,Latitude:4.7458767890930176,Longitude:-74.122352600097656,Altitude:2568.699951171875,ExternalPowerVoltage:28.02,Rpm:-999,Speed:5.0,SatelliteNumber:16,Azimuth:254,BatteryLevel:100}]
197,"[{""Protocol"":""0x2525""","MessageType:""LocationInfoMessage""",ProtocolHeadType:19,"Imei:""869487064485674""",SerialNo:26118,Mileage:5241970,"Date:""2026-04-16T16:55:57Z""",IopIgnition:true,Latitude:4.7456316947937012,Longitude:-74.123153686523438,Altitude:2568.0,ExternalPowerVoltage:28.06,Rpm:-999,Speed:6.0,SatelliteNumber:17,Azimuth:261,BatteryLevel:100}]
198,"[{""Protocol"":""0x2525""","MessageType:""LocationInfoMessage""",ProtocolHeadType:19,"Imei:""869487064485674""",SerialNo:26119,Mileage:5242081,"Date:""2026-04-16T16:56:57Z""",IopIgnition:true,Latitude:4.7452735900878906,Longitude:-74.12408447265625,Altitude:2569.0,ExternalPowerVoltage:28.06,Rpm:-999,Speed:5.0,SatelliteNumber:16,Azimuth:251,BatteryLevel:100}]
199,"[{""Protocol"":""0x2525""","MessageType:""LocationInfoMessage""",ProtocolHeadType:19,"Imei:""869487064485674""",SerialNo:26120,Mileage:5242084,"Date:""2026-04-16T16:57:57Z""",IopIgnition:true,Latitude:4.7452554702758789,Longitude:-74.124107360839844,Altitude:2569.199951171875,ExternalPowerVoltage:27.93,Rpm:-999,Speed:0.0,SatelliteNumber:14,Azimuth:247,BatteryLevel:100}]
200,"[{""Protocol"":""0x2525""","MessageType:""LocationInfoMessage""",ProtocolHeadType:19,"Imei:""869487064485674""",SerialNo:26121,Mileage:5242126,"Date:""2026-04-16T16:58:57Z""",IopIgnition:true,Latitude:4.7451601028442383,Longitude:-74.124473571777344,Altitude:2570.10009765625,ExternalPowerVoltage:28.06,Rpm:-999,Speed:0.0,SatelliteNumber:17,Azimuth:254,BatteryLevel:100}]
201,"[{""Protocol"":""0x2525""","MessageType:""LocationInfoMessage""",ProtocolHeadType:19,"Imei:""869487064485674""",SerialNo:26122,Mileage:5242148,"Date:""2026-04-16T16:59:57Z""",IopIgnition:true,Latitude:4.745091438293457,Longitude:-74.124664306640625,Altitude:2569.0,ExternalPowerVoltage:28.06,Rpm:-999,Speed:0.0,SatelliteNumber:14,Azimuth:256,BatteryLevel:100}]
202,"[{""Protocol"":""0x2525""","MessageType:""LocationInfoMessage""",ProtocolHeadType:19,"Imei:""869487064485674""",SerialNo:26123,Mileage:5242220,"Date:""2026-04-16T17:00:57Z""",IopIgnition:true,Latitude:4.7448868751525879,Longitude:-74.125274658203125,Altitude:2567.800048828125,ExternalPowerVoltage:28.17,Rpm:-999,Speed:17.0,SatelliteNumber:19,Azimuth:247,BatteryLevel:100}]
203,"[{""Protocol"":""0x2525""","MessageType:""SignInMessage""",ProtocolHeadType:0,"Imei:""869487064485674""",SerialNo:261,"Firmware:""V1.0.1.8""",Model:0,ObdBootVersion:null,ObdDataVersion:null,ObdHareware:null,ObdSoftware:null,Platform:null,"Software:""V0.0.0""}]",,,,
204,"[{""Protocol"":""0x2525""","MessageType:""NetworkInfoMessage""",ProtocolHeadType:0,"Imei:""869487064485674""",SerialNo:241,"AccessTechnology:""CAT-1""","Band:""CAT-1 28""","Date:""2026-04-16T17:01:40Z""","Iccid:""89571017025023250790""","Imsi:""732101725325077""","NetworkOperator:""LaSeleNosLlama""}]",,,,,,
205,"[{""Protocol"":""0x2525""","MessageType:""LocationInfoMessage""",ProtocolHeadType:19,"Imei:""869487064485674""",SerialNo:26124,Mileage:5242309,"Date:""2026-04-16T17:01:56Z""",IopIgnition:true,Latitude:4.7446403503417969,Longitude:-74.126029968261719,Altitude:2567.800048828125,ExternalPowerVoltage:27.99,Rpm:-999,Speed:0.0,SatelliteNumber:16,Azimuth:256,BatteryLevel:100}]
206,"[{""Protocol"":""0x2525""","MessageType:""LocationInfoMessage""",ProtocolHeadType:19,"Imei:""869487064485674""",SerialNo:26125,Mileage:5242309,"Date:""2026-04-16T17:02:56Z""",IopIgnition:true,Latitude:4.7446403503417969,Longitude:-74.126029968261719,Altitude:2567.800048828125,ExternalPowerVoltage:28.14,Rpm:-999,Speed:0.0,SatelliteNumber:16,Azimuth:256,BatteryLevel:100}]
207,"[{""Protocol"":""0x2525""","MessageType:""LocationInfoMessage""",ProtocolHeadType:19,"Imei:""869487064485674""",SerialNo:26126,Mileage:5242387,"Date:""2026-04-16T17:03:57Z""",IopIgnition:true,Latitude:4.7443885803222656,Longitude:-74.126678466796875,Altitude:2571.89990234375,ExternalPowerVoltage:27.96,Rpm:-999,Speed:0.0,SatelliteNumber:19,Azimuth:250,BatteryLevel:100}]
208,"[{""Protocol"":""0x2525""","MessageType:""LocationInfoMessage""",ProtocolHeadType:19,"Imei:""869487064485674""",SerialNo:26127,Mileage:5242456,"Date:""2026-04-16T17:04:44Z""",IopIgnition:true,Latitude:4.7441806793212891,Longitude:-74.12725830078125,Altitude:2572.0,ExternalPowerVoltage:28.13,Rpm:-999,Speed:6.0,SatelliteNumber:18,Azimuth:151,BatteryLevel:100}]
209,"[{""Protocol"":""0x2525""","MessageType:""LocationInfoMessage""",ProtocolHeadType:19,"Imei:""869487064485674""",SerialNo:26128,Mileage:5242548,"Date:""2026-04-16T17:05:57Z""",IopIgnition:true,Latitude:4.743403434753418,Longitude:-74.126968383789063,Altitude:2561.300048828125,ExternalPowerVoltage:28.12,Rpm:-999,Speed:6.0,SatelliteNumber:17,Azimuth:149,BatteryLevel:100}]
210,"[{""Protocol"":""0x2525""","MessageType:""LocationInfoMessage""",ProtocolHeadType:19,"Imei:""869487064485674""",SerialNo:26129,Mileage:5242586,"Date:""2026-04-16T17:06:56Z""",IopIgnition:true,Latitude:4.7430901527404785,Longitude:-74.126846313476563,Altitude:2565.39990234375,ExternalPowerVoltage:28.04,Rpm:-999,Speed:0.0,SatelliteNumber:17,Azimuth:166,BatteryLevel:100}]
211,"[{""Protocol"":""0x2525""","MessageType:""LocationInfoMessage""",ProtocolHeadType:19,"Imei:""869487064485674""",SerialNo:26130,Mileage:5242633,"Date:""2026-04-16T17:07:57Z""",IopIgnition:true,Latitude:4.7426819801330566,Longitude:-74.1267318725586,Altitude:2565.699951171875,ExternalPowerVoltage:28.02,Rpm:-999,Speed:5.0,SatelliteNumber:18,Azimuth:155,BatteryLevel:100}]
212,"[{""Protocol"":""0x2525""","MessageType:""LocationInfoMessage""",ProtocolHeadType:19,"Imei:""869487064485674""",SerialNo:26131,Mileage:5242640,"Date:""2026-04-16T17:08:57Z""",IopIgnition:true,Latitude:4.742621898651123,Longitude:-74.126708984375,Altitude:2564.800048828125,ExternalPowerVoltage:27.94,Rpm:-999,Speed:0.0,SatelliteNumber:17,Azimuth:158,BatteryLevel:100}]
213,"[{""Protocol"":""0x2525""","MessageType:""LocationInfoMessage""",ProtocolHeadType:19,"Imei:""869487064485674""",SerialNo:26132,Mileage:5242692,"Date:""2026-04-16T17:09:57Z""",IopIgnition:true,Latitude:4.7422127723693848,Longitude:-74.126502990722656,Altitude:2565.89990234375,ExternalPowerVoltage:28.09,Rpm:-999,Speed:0.0,SatelliteNumber:16,Azimuth:158,BatteryLevel:100}]
214,"[{""Protocol"":""0x2525""","MessageType:""LocationInfoMessage""",ProtocolHeadType:19,"Imei:""869487064485674""",SerialNo:26133,Mileage:5242715,"Date:""2026-04-16T17:10:57Z""",IopIgnition:true,Latitude:4.7420220375061035,Longitude:-74.126426696777344,Altitude:2566.39990234375,ExternalPowerVoltage:28.1,Rpm:-999,Speed:0.0,SatelliteNumber:14,Azimuth:120,BatteryLevel:100}]
215,"[{""Protocol"":""0x2525""","MessageType:""LocationInfoMessage""",ProtocolHeadType:19,"Imei:""869487064485674""",SerialNo:26134,Mileage:5242715,"Date:""2026-04-16T17:11:57Z""",IopIgnition:true,Latitude:4.7420220375061035,Longitude:-74.126426696777344,Altitude:2566.39990234375,ExternalPowerVoltage:25.06,Rpm:-999,Speed:0.0,SatelliteNumber:17,Azimuth:120,BatteryLevel:100}]
216,"[{""Protocol"":""0x2525""","MessageType:""LocationInfoMessage""",ProtocolHeadType:19,"Imei:""869487064485674""",SerialNo:26135,Mileage:5242739,"Date:""2026-04-16T17:12:57Z""",IopIgnition:true,Latitude:4.7418289184570313,Longitude:-74.126335144042969,Altitude:2567.300048828125,ExternalPowerVoltage:25.3,Rpm:-999,Speed:0.0,SatelliteNumber:17,Azimuth:164,BatteryLevel:100}]
217,"[{""Protocol"":""0x2525""","MessageType:""LocationInfoMessage""",ProtocolHeadType:19,"Imei:""869487064485674""",SerialNo:26136,Mileage:5242757,"Date:""2026-04-16T17:13:35Z""",IopIgnition:true,Latitude:4.741724967956543,Longitude:-74.126213073730469,Altitude:2568.89990234375,ExternalPowerVoltage:26.57,Rpm:-999,Speed:6.0,SatelliteNumber:17,Azimuth:47,BatteryLevel:100}]
218,"[{""Protocol"":""0x2525""","MessageType:""LocationInfoMessage""",ProtocolHeadType:19,"Imei:""869487064485674""",SerialNo:26137,Mileage:5242868,"Date:""2026-04-16T17:14:57Z""",IopIgnition:true,Latitude:4.74208402633667,Longitude:-74.125282287597656,Altitude:2569.199951171875,ExternalPowerVoltage:28.02,Rpm:-999,Speed:0.0,SatelliteNumber:17,Azimuth:66,BatteryLevel:100}]
219,"[{""Protocol"":""0x2525""","MessageType:""SignInMessage""",ProtocolHeadType:0,"Imei:""869487064485674""",SerialNo:262,"Firmware:""V1.0.1.8""",Model:0,ObdBootVersion:null,ObdDataVersion:null,ObdHareware:null,ObdSoftware:null,Platform:null,"Software:""V0.0.0""}]",,,,
220,"[{""Protocol"":""0x2525""","MessageType:""NetworkInfoMessage""",ProtocolHeadType:0,"Imei:""869487064485674""",SerialNo:242,"AccessTechnology:""CAT-1""","Band:""CAT-1 7""","Date:""2026-04-16T17:15:48Z""","Iccid:""89571017025023250790""","Imsi:""732101725325077""","NetworkOperator:""LaSeleNosLlama""}]",,,,,,
221,"[{""Protocol"":""0x2525""","MessageType:""LocationInfoMessage""",ProtocolHeadType:19,"Imei:""869487064485674""",SerialNo:26138,Mileage:5243073,"Date:""2026-04-16T17:15:56Z""",IopIgnition:true,Latitude:4.7427444458007813,Longitude:-74.123573303222656,Altitude:2561.60009765625,ExternalPowerVoltage:28.01,Rpm:-999,Speed:10.0,SatelliteNumber:15,Azimuth:71,BatteryLevel:100}]
222,"[{""Protocol"":""0x2525""","MessageType:""LocationInfoMessage""",ProtocolHeadType:19,"Imei:""869487064485674""",SerialNo:26139,Mileage:5243251,"Date:""2026-04-16T17:16:56Z""",IopIgnition:true,Latitude:4.74336051940918,Longitude:-74.1220932006836,Altitude:2568.199951171875,ExternalPowerVoltage:28.06,Rpm:-999,Speed:6.0,SatelliteNumber:17,Azimuth:75,BatteryLevel:100}]
223,"[{""Protocol"":""0x2525""","MessageType:""LocationInfoMessage""",ProtocolHeadType:19,"Imei:""869487064485674""",SerialNo:26140,Mileage:5243323,"Date:""2026-04-16T17:17:57Z""",IopIgnition:true,Latitude:4.7436189651489258,Longitude:-74.121498107910156,Altitude:2570.10009765625,ExternalPowerVoltage:27.93,Rpm:-999,Speed:0.0,SatelliteNumber:17,Azimuth:65,BatteryLevel:100}]
224,"[{""Protocol"":""0x2525""","MessageType:""LocationInfoMessage""",ProtocolHeadType:19,"Imei:""869487064485674""",SerialNo:26141,Mileage:5243345,"Date:""2026-04-16T17:18:57Z""",IopIgnition:true,Latitude:4.7437114715576172,Longitude:-74.121322631835938,Altitude:2570.800048828125,ExternalPowerVoltage:28.12,Rpm:-999,Speed:12.0,SatelliteNumber:17,Azimuth:65,BatteryLevel:100}]
225,"[{""Protocol"":""0x2525""","MessageType:""LocationInfoMessage""",ProtocolHeadType:19,"Imei:""869487064485674""",SerialNo:26142,Mileage:5243695,"Date:""2026-04-16T17:19:57Z""",IopIgnition:true,Latitude:4.7448444366455078,Longitude:-74.1183853149414,Altitude:2564.39990234375,ExternalPowerVoltage:28.16,Rpm:-999,Speed:23.0,SatelliteNumber:16,Azimuth:59,BatteryLevel:100}]
226,"[{""Protocol"":""0x2525""","MessageType:""LocationInfoMessage""",ProtocolHeadType:19,"Imei:""869487064485674""",SerialNo:26143,Mileage:5243856,"Date:""2026-04-16T17:20:21Z""",IopIgnition:true,Latitude:4.7451434135437012,Longitude:-74.117050170898438,Altitude:2569.300048828125,ExternalPowerVoltage:28.18,Rpm:-999,Speed:23.0,SatelliteNumber:16,Azimuth:108,BatteryLevel:100}]
227,"[{""Protocol"":""0x2525""","MessageType:""LocationInfoMessage""",ProtocolHeadType:19,"Imei:""869487064485674""",SerialNo:26144,Mileage:5244062,"Date:""2026-04-16T17:20:57Z""",IopIgnition:true,Latitude:4.7443461418151855,Longitude:-74.115394592285156,Altitude:2571.0,ExternalPowerVoltage:28.09,Rpm:-999,Speed:12.0,SatelliteNumber:17,Azimuth:45,BatteryLevel:100}]
228,"[{""Protocol"":""0x2525""","MessageType:""LocationInfoMessage""",ProtocolHeadType:19,"Imei:""869487064485674""",SerialNo:26145,Mileage:5244243,"Date:""2026-04-16T17:22:10Z""",IopIgnition:true,Latitude:4.7458648681640625,Longitude:-74.114860534667969,Altitude:2584.5,ExternalPowerVoltage:28.06,Rpm:-999,Speed:5.0,SatelliteNumber:17,Azimuth:352,BatteryLevel:100}]
229,"[{""Protocol"":""0x2525""","MessageType:""LocationInfoMessage""",ProtocolHeadType:19,"Imei:""869487064485674""",SerialNo:26146,Mileage:5244252,"Date:""2026-04-16T17:22:14Z""",IopIgnition:true,Latitude:4.7459301948547363,Longitude:-74.114814758300781,Altitude:2584.60009765625,ExternalPowerVoltage:28.12,Rpm:-999,Speed:9.0,SatelliteNumber:17,Azimuth:43,BatteryLevel:100}]
230,"[{""Protocol"":""0x2525""","MessageType:""LocationInfoMessage""",ProtocolHeadType:19,"Imei:""869487064485674""",SerialNo:26147,Mileage:5244376,"Date:""2026-04-16T17:23:57Z""",IopIgnition:true,Latitude:4.7467522621154785,Longitude:-74.114082336425781,Altitude:2569.800048828125,ExternalPowerVoltage:27.85,Rpm:-999,Speed:0.0,SatelliteNumber:15,Azimuth:41,BatteryLevel:100}]
231,"[{""Protocol"":""0x2525""","MessageType:""LocationInfoMessage""",ProtocolHeadType:19,"Imei:""869487064485674""",SerialNo:26148,Mileage:5244376,"Date:""2026-04-16T17:24:57Z""",IopIgnition:true,Latitude:4.7467522621154785,Longitude:-74.114082336425781,Altitude:2569.800048828125,ExternalPowerVoltage:28.07,Rpm:-999,Speed:0.0,SatelliteNumber:18,Azimuth:41,BatteryLevel:100}]
232,"[{""Protocol"":""0x2525""","MessageType:""LocationInfoMessage""",ProtocolHeadType:19,"Imei:""869487064485674""",SerialNo:26149,Mileage:5244551,"Date:""2026-04-16T17:25:56Z""",IopIgnition:true,Latitude:4.7479939460754395,Longitude:-74.1131362915039,Altitude:2569.0,ExternalPowerVoltage:27.86,Rpm:-999,Speed:8.0,SatelliteNumber:16,Azimuth:29,BatteryLevel:100}]
233,"[{""Protocol"":""0x2525""","MessageType:""LocationInfoMessage""",ProtocolHeadType:19,"Imei:""869487064485674""",SerialNo:26150,Mileage:5244763,"Date:""2026-04-16T17:26:57Z""",IopIgnition:true,Latitude:4.74959659576416,Longitude:-74.112152099609375,Altitude:2572.800048828125,ExternalPowerVoltage:28.0,Rpm:-999,Speed:10.0,SatelliteNumber:16,Azimuth:98,BatteryLevel:100}]
234,"[{""Protocol"":""0x2525""","MessageType:""LocationInfoMessage""",ProtocolHeadType:19,"Imei:""869487064485674""",SerialNo:26151,Mileage:5245050,"Date:""2026-04-16T17:27:40Z""",IopIgnition:true,Latitude:4.7488274574279785,Longitude:-74.109687805175781,Altitude:2573.39990234375,ExternalPowerVoltage:27.98,Rpm:-999,Speed:8.0,SatelliteNumber:17,Azimuth:145,BatteryLevel:100}]
235,"[{""Protocol"":""0x2525""","MessageType:""LocationInfoMessage""",ProtocolHeadType:19,"Imei:""869487064485674""",SerialNo:26152,Mileage:5245059,"Date:""2026-04-16T17:27:43Z""",IopIgnition:true,Latitude:4.7487506866455078,Longitude:-74.10968017578125,Altitude:2574.10009765625,ExternalPowerVoltage:28.0,Rpm:-999,Speed:13.0,SatelliteNumber:17,Azimuth:193,BatteryLevel:100}]
236,"[{""Protocol"":""0x2525""","MessageType:""LocationInfoMessage""",ProtocolHeadType:19,"Imei:""869487064485674""",SerialNo:26153,Mileage:5245195,"Date:""2026-04-16T17:28:57Z""",IopIgnition:true,Latitude:4.7475872039794922,Longitude:-74.110054016113281,Altitude:2571.699951171875,ExternalPowerVoltage:28.01,Rpm:-999,Speed:0.0,SatelliteNumber:16,Azimuth:194,BatteryLevel:100}]
237,"[{""Protocol"":""0x2525""","MessageType:""LocationInfoMessage""",ProtocolHeadType:19,"Imei:""869487064485674""",SerialNo:26154,Mileage:5245195,"Date:""2026-04-16T17:29:56Z""",IopIgnition:true,Latitude:4.7475872039794922,Longitude:-74.110054016113281,Altitude:2571.699951171875,ExternalPowerVoltage:27.92,Rpm:-999,Speed:0.0,SatelliteNumber:16,Azimuth:194,BatteryLevel:100}]
238,"[{""Protocol"":""0x2525""","MessageType:""LocationInfoMessage""",ProtocolHeadType:19,"Imei:""869487064485674""",SerialNo:26155,Mileage:5245195,"Date:""2026-04-16T17:30:56Z""",IopIgnition:true,Latitude:4.7475872039794922,Longitude:-74.110054016113281,Altitude:2571.699951171875,ExternalPowerVoltage:25.04,Rpm:-999,Speed:0.0,SatelliteNumber:18,Azimuth:194,BatteryLevel:100}]
239,"[{""Protocol"":""0x2525""","MessageType:""LocationInfoMessage""",ProtocolHeadType:19,"Imei:""869487064485674""",SerialNo:26156,Mileage:5245195,"Date:""2026-04-16T17:31:57Z""",IopIgnition:true,Latitude:4.7475872039794922,Longitude:-74.110054016113281,Altitude:2571.699951171875,ExternalPowerVoltage:25.15,Rpm:-999,Speed:0.0,SatelliteNumber:18,Azimuth:194,BatteryLevel:100}]
240,"[{""Protocol"":""0x2525""","MessageType:""LocationInfoMessage""",ProtocolHeadType:19,"Imei:""869487064485674""",SerialNo:26157,Mileage:5245195,"Date:""2026-04-16T17:32:57Z""",IopIgnition:true,Latitude:4.7475872039794922,Longitude:-74.110054016113281,Altitude:2571.699951171875,ExternalPowerVoltage:25.24,Rpm:-999,Speed:0.0,SatelliteNumber:17,Azimuth:194,BatteryLevel:100}]
241,"[{""Protocol"":""0x2525""","MessageType:""LocationInfoMessage""",ProtocolHeadType:19,"Imei:""869487064485674""",SerialNo:26158,Mileage:5245244,"Date:""2026-04-16T17:33:37Z""",IopIgnition:true,Latitude:4.74719762802124,Longitude:-74.110198974609375,Altitude:2572.5,ExternalPowerVoltage:27.34,Rpm:-999,Speed:12.0,SatelliteNumber:18,Azimuth:258,BatteryLevel:100}]
242,"[{""Protocol"":""0x2525""","MessageType:""LocationInfoMessage""",ProtocolHeadType:19,"Imei:""869487064485674""",SerialNo:26159,Mileage:5245357,"Date:""2026-04-16T17:33:59Z""",IopIgnition:true,Latitude:4.7472186088562012,Longitude:-74.1111831665039,Altitude:2572.0,ExternalPowerVoltage:28.02,Rpm:-999,Speed:15.0,SatelliteNumber:18,Azimuth:196,BatteryLevel:100}]
243,"[{""Protocol"":""0x2525""","MessageType:""LocationInfoMessage""",ProtocolHeadType:19,"Imei:""869487064485674""",SerialNo:26160,Mileage:5245615,"Date:""2026-04-16T17:35:10Z""",IopIgnition:true,Latitude:4.744992733001709,Longitude:-74.111656188964844,Altitude:2575.300048828125,ExternalPowerVoltage:28.12,Rpm:-999,Speed:15.0,SatelliteNumber:18,Azimuth:274,BatteryLevel:100}]
244,"[{""Protocol"":""0x2525""","MessageType:""LocationInfoMessage""",ProtocolHeadType:19,"Imei:""869487064485674""",SerialNo:26161,Mileage:5245710,"Date:""2026-04-16T17:35:28Z""",IopIgnition:true,Latitude:4.7452092170715332,Longitude:-74.112480163574219,Altitude:2575.89990234375,ExternalPowerVoltage:28.05,Rpm:-999,Speed:11.0,SatelliteNumber:18,Azimuth:226,BatteryLevel:100}]
245,"[{""Protocol"":""0x2525""","MessageType:""LocationInfoMessage""",ProtocolHeadType:19,"Imei:""869487064485674""",SerialNo:26162,Mileage:5245962,"Date:""2026-04-16T17:36:32Z""",IopIgnition:true,Latitude:4.74314022064209,Longitude:-74.113334655761719,Altitude:2575.0,ExternalPowerVoltage:28.02,Rpm:-999,Speed:6.0,SatelliteNumber:17,Azimuth:141,BatteryLevel:100}]
246,"[{""Protocol"":""0x2525""","MessageType:""LocationInfoMessage""",ProtocolHeadType:19,"Imei:""869487064485674""",SerialNo:26163,Mileage:5246005,"Date:""2026-04-16T17:37:57Z""",IopIgnition:true,Latitude:4.7429471015930176,Longitude:-74.112998962402344,Altitude:2574.199951171875,ExternalPowerVoltage:25.71,Rpm:-999,Speed:0.0,SatelliteNumber:17,Azimuth:121,BatteryLevel:100}]
247,"[{""Protocol"":""0x2525""","MessageType:""LocationInfoMessage""",ProtocolHeadType:19,"Imei:""869487064485674""",SerialNo:26164,Mileage:5246074,"Date:""2026-04-16T17:38:56Z""",IopIgnition:true,Latitude:4.7426290512084961,Longitude:-74.112472534179688,Altitude:2577.699951171875,ExternalPowerVoltage:25.39,Rpm:-999,Speed:0.0,SatelliteNumber:18,Azimuth:116,BatteryLevel:100}]
248,"[{""Protocol"":""0x2525""","MessageType:""LocationInfoMessage""",ProtocolHeadType:19,"Imei:""869487064485674""",SerialNo:26165,Mileage:5246115,"Date:""2026-04-16T17:39:54Z""",IopIgnition:true,Latitude:4.7424383163452148,Longitude:-74.1121826171875,Altitude:2574.39990234375,ExternalPowerVoltage:26.35,Rpm:-999,Speed:6.0,SatelliteNumber:18,Azimuth:204,BatteryLevel:100}]
249,"[{""Protocol"":""0x2525""","MessageType:""LocationInfoMessage""",ProtocolHeadType:19,"Imei:""869487064485674""",SerialNo:26166,Mileage:5246318,"Date:""2026-04-16T17:40:57Z""",IopIgnition:true,Latitude:4.7412300109863281,Longitude:-74.113525390625,Altitude:2570.60009765625,ExternalPowerVoltage:25.69,Rpm:-999,Speed:0.0,SatelliteNumber:16,Azimuth:214,BatteryLevel:100}]
250,"[{""Protocol"":""0x2525""","MessageType:""LocationInfoMessage""",ProtocolHeadType:19,"Imei:""869487064485674""",SerialNo:26167,Mileage:5246318,"Date:""2026-04-16T17:41:56Z""",IopIgnition:true,Latitude:4.7412300109863281,Longitude:-74.113525390625,Altitude:2570.60009765625,ExternalPowerVoltage:25.53,Rpm:-999,Speed:0.0,SatelliteNumber:16,Azimuth:214,BatteryLevel:100}]
251,"[{""Protocol"":""0x2525""","MessageType:""LocationInfoMessage""",ProtocolHeadType:19,"Imei:""869487064485674""",SerialNo:26168,Mileage:5246381,"Date:""2026-04-16T17:42:57Z""",IopIgnition:true,Latitude:4.7407631874084473,Longitude:-74.113838195800781,Altitude:2571.5,ExternalPowerVoltage:27.87,Rpm:-999,Speed:10.0,SatelliteNumber:17,Azimuth:220,BatteryLevel:100}]
252,"[{""Protocol"":""0x2525""","MessageType:""LocationInfoMessage""",ProtocolHeadType:19,"Imei:""869487064485674""",SerialNo:26169,Mileage:5246406,"Date:""2026-04-16T17:43:06Z""",IopIgnition:true,Latitude:4.7405719757080078,Longitude:-74.113960266113281,Altitude:2572.60009765625,ExternalPowerVoltage:26.25,Rpm:-999,Speed:8.0,SatelliteNumber:17,Azimuth:170,BatteryLevel:100}]
253,"[{""Protocol"":""0x2525""","MessageType:""LocationInfoMessage""",ProtocolHeadType:19,"Imei:""869487064485674""",SerialNo:26170,Mileage:5246422,"Date:""2026-04-16T17:43:14Z""",IopIgnition:true,Latitude:4.7404704093933105,Longitude:-74.113876342773438,Altitude:2572.0,ExternalPowerVoltage:26.78,Rpm:-999,Speed:7.0,SatelliteNumber:17,Azimuth:123,BatteryLevel:100}]
254,"[{""Protocol"":""0x2525""","MessageType:""LocationInfoMessage""",ProtocolHeadType:19,"Imei:""869487064485674""",SerialNo:26171,Mileage:5246708,"Date:""2026-04-16T17:44:28Z""",IopIgnition:true,Latitude:4.7389802932739258,Longitude:-74.111808776855469,Altitude:2566.5,ExternalPowerVoltage:26.0,Rpm:-999,Speed:5.0,SatelliteNumber:17,Azimuth:41,BatteryLevel:100}]
255,"[{""Protocol"":""0x2525""","MessageType:""LocationInfoMessage""",ProtocolHeadType:19,"Imei:""869487064485674""",SerialNo:26172,Mileage:5246725,"Date:""2026-04-16T17:44:51Z""",IopIgnition:true,Latitude:4.7391281127929688,Longitude:-74.111846923828125,Altitude:2569.60009765625,ExternalPowerVoltage:26.28,Rpm:-999,Speed:5.0,SatelliteNumber:16,Azimuth:321,BatteryLevel:100}]
256,"[{""Protocol"":""0x2525""","MessageType:""LocationInfoMessage""",ProtocolHeadType:19,"Imei:""869487064485674""",SerialNo:26173,Mileage:5246737,"Date:""2026-04-16T17:45:57Z""",IopIgnition:true,Latitude:4.7392010688781738,Longitude:-74.111923217773438,Altitude:2568.699951171875,ExternalPowerVoltage:25.22,Rpm:-999,Speed:0.0,SatelliteNumber:16,Azimuth:312,BatteryLevel:100}]
257,"[{""Protocol"":""0x2525""","MessageType:""LocationInfoMessage""",ProtocolHeadType:19,"Imei:""869487064485674""",SerialNo:26174,Mileage:5246773,"Date:""2026-04-16T17:46:56Z""",IopIgnition:true,Latitude:4.7393732070922852,Longitude:-74.112197875976563,Altitude:2571.0,ExternalPowerVoltage:25.22,Rpm:-999,Speed:0.0,SatelliteNumber:17,Azimuth:310,BatteryLevel:100}]
258,"[{""Protocol"":""0x2525""","MessageType:""LocationInfoMessage""",ProtocolHeadType:19,"Imei:""869487064485674""",SerialNo:26175,Mileage:5246773,"Date:""2026-04-16T17:47:56Z""",IopIgnition:true,Latitude:4.7393732070922852,Longitude:-74.112197875976563,Altitude:2571.0,ExternalPowerVoltage:25.15,Rpm:-999,Speed:0.0,SatelliteNumber:17,Azimuth:310,BatteryLevel:100}]
259,"[{""Protocol"":""0x2525""","MessageType:""LocationInfoMessage""",ProtocolHeadType:19,"Imei:""869487064485674""",SerialNo:26176,Mileage:5246773,"Date:""2026-04-16T17:48:57Z""",IopIgnition:true,Latitude:4.7393732070922852,Longitude:-74.112197875976563,Altitude:2571.0,ExternalPowerVoltage:26.96,Rpm:-999,Speed:0.0,SatelliteNumber:16,Azimuth:310,BatteryLevel:100}]
260,"[{""Protocol"":""0x2525""","MessageType:""LocationInfoMessage""",ProtocolHeadType:19,"Imei:""869487064485674""",SerialNo:26177,Mileage:5246953,"Date:""2026-04-16T17:49:57Z""",IopIgnition:true,Latitude:4.7403659820556641,Longitude:-74.113479614257813,Altitude:2575.39990234375,ExternalPowerVoltage:27.83,Rpm:-999,Speed:20.0,SatelliteNumber:16,Azimuth:309,BatteryLevel:100}]
261,"[{""Protocol"":""0x2525""","MessageType:""LocationInfoMessage""",ProtocolHeadType:19,"Imei:""869487064485674""",SerialNo:26178,Mileage:5247014,"Date:""2026-04-16T17:50:40Z""",IopIgnition:true,Latitude:4.7407350540161133,Longitude:-74.113883972167969,Altitude:2575.800048828125,ExternalPowerVoltage:27.94,Rpm:-999,Speed:8.0,SatelliteNumber:16,Azimuth:27,BatteryLevel:100}]
262,"[{""Protocol"":""0x2525""","MessageType:""LocationInfoMessage""",ProtocolHeadType:19,"Imei:""869487064485674""",SerialNo:26179,Mileage:5247253,"Date:""2026-04-16T17:51:57Z""",IopIgnition:true,Latitude:4.7422585487365723,Longitude:-74.1124038696289,Altitude:2573.800048828125,ExternalPowerVoltage:27.98,Rpm:-999,Speed:0.0,SatelliteNumber:15,Azimuth:53,BatteryLevel:100}]
263,"[{""Protocol"":""0x2525""","MessageType:""LocationInfoMessage""",ProtocolHeadType:19,"Imei:""869487064485674""",SerialNo:26180,Mileage:5247744,"Date:""2026-04-16T17:52:56Z""",IopIgnition:true,Latitude:4.7449040412902832,Longitude:-74.108871459960938,Altitude:2578.199951171875,ExternalPowerVoltage:28.03,Rpm:-999,Speed:20.0,SatelliteNumber:17,Azimuth:52,BatteryLevel:100}]
264,"[{""Protocol"":""0x2525""","MessageType:""LocationInfoMessage""",ProtocolHeadType:19,"Imei:""869487064485674""",SerialNo:26181,Mileage:5247793,"Date:""2026-04-16T17:53:56Z""",IopIgnition:true,Latitude:4.7451629638671875,Longitude:-74.108505249023438,Altitude:2578.10009765625,ExternalPowerVoltage:28.08,Rpm:-999,Speed:15.0,SatelliteNumber:17,Azimuth:53,BatteryLevel:100}]
265,"[{""Protocol"":""0x2525""","MessageType:""LocationInfoMessage""",ProtocolHeadType:19,"Imei:""869487064485674""",SerialNo:26182,Mileage:5248172,"Date:""2026-04-16T17:54:57Z""",IopIgnition:true,Latitude:4.7478680610656738,Longitude:-74.106475830078125,Altitude:2581.800048828125,ExternalPowerVoltage:27.89,Rpm:-999,Speed:13.0,SatelliteNumber:17,Azimuth:29,BatteryLevel:100}]
266,"[{""Protocol"":""0x2525""","MessageType:""LocationInfoMessage""",ProtocolHeadType:19,"Imei:""869487064485674""",SerialNo:26183,Mileage:5248186,"Date:""2026-04-16T17:55:13Z""",IopIgnition:true,Latitude:4.7479877471923828,Longitude:-74.106452941894531,Altitude:2582.300048828125,ExternalPowerVoltage:27.94,Rpm:-999,Speed:5.0,SatelliteNumber:17,Azimuth:317,BatteryLevel:100}]
267,"[{""Protocol"":""0x2525""","MessageType:""LocationInfoMessage""",ProtocolHeadType:19,"Imei:""869487064485674""",SerialNo:26184,Mileage:5248566,"Date:""2026-04-16T17:56:02Z""",IopIgnition:true,Latitude:4.7490091323852539,Longitude:-74.109649658203125,Altitude:2576.800048828125,ExternalPowerVoltage:28.06,Rpm:-999,Speed:16.0,SatelliteNumber:17,Azimuth:16,BatteryLevel:100}]
268,"[{""Protocol"":""0x2525""","MessageType:""LocationInfoMessage""",ProtocolHeadType:19,"Imei:""869487064485674""",SerialNo:26185,Mileage:5248811,"Date:""2026-04-16T17:56:42Z""",IopIgnition:true,Latitude:4.7511329650878906,Longitude:-74.109146118164063,Altitude:2575.300048828125,ExternalPowerVoltage:28.04,Rpm:-999,Speed:9.0,SatelliteNumber:17,Azimuth:310,BatteryLevel:100}]
269,"[{""Protocol"":""0x2525""","MessageType:""LocationInfoMessage""",ProtocolHeadType:19,"Imei:""869487064485674""",SerialNo:26186,Mileage:5249196,"Date:""2026-04-16T17:57:57Z""",IopIgnition:true,Latitude:4.7520303726196289,Longitude:-74.112503051757813,Altitude:2569.300048828125,ExternalPowerVoltage:28.12,Rpm:-999,Speed:26.0,SatelliteNumber:16,Azimuth:284,BatteryLevel:100}]
270,"[{""Protocol"":""0x2525""","MessageType:""LocationInfoMessage""",ProtocolHeadType:19,"Imei:""869487064485674""",SerialNo:26187,Mileage:5249497,"Date:""2026-04-16T17:58:56Z""",IopIgnition:true,Latitude:4.7525057792663574,Longitude:-74.115165710449219,Altitude:2564.199951171875,ExternalPowerVoltage:28.09,Rpm:-999,Speed:15.0,SatelliteNumber:17,Azimuth:280,BatteryLevel:100}]
271,"[{""Protocol"":""0x2525""","MessageType:""LocationInfoMessage""",ProtocolHeadType:19,"Imei:""869487064485674""",SerialNo:26188,Mileage:5249588,"Date:""2026-04-16T17:59:57Z""",IopIgnition:true,Latitude:4.7525973320007324,Longitude:-74.115974426269531,Altitude:2565.0,ExternalPowerVoltage:27.95,Rpm:-999,Speed:8.0,SatelliteNumber:17,Azimuth:215,BatteryLevel:100}]
272,"[{""Protocol"":""0x2525""","MessageType:""LocationInfoMessage""",ProtocolHeadType:19,"Imei:""869487064485674""",SerialNo:26189,Mileage:5249668,"Date:""2026-04-16T18:00:21Z""",IopIgnition:true,Latitude:4.7518949508666992,Longitude:-74.116081237792969,Altitude:2565.699951171875,ExternalPowerVoltage:28.02,Rpm:-999,Speed:8.0,SatelliteNumber:16,Azimuth:150,BatteryLevel:100}]
273,"[{""Protocol"":""0x2525""","MessageType:""LocationInfoMessage""",ProtocolHeadType:19,"Imei:""869487064485674""",SerialNo:26190,Mileage:5249678,"Date:""2026-04-16T18:00:26Z""",IopIgnition:true,Latitude:4.7518644332885742,Longitude:-74.116012573242188,Altitude:2570.0,ExternalPowerVoltage:28.09,Rpm:-999,Speed:8.0,SatelliteNumber:17,Azimuth:90,BatteryLevel:100}]
274,"[{""Protocol"":""0x2525""","MessageType:""LocationInfoMessage""",ProtocolHeadType:19,"Imei:""869487064485674""",SerialNo:26191,Mileage:5249933,"Date:""2026-04-16T18:01:24Z""",IopIgnition:true,Latitude:4.7513847351074219,Longitude:-74.113777160644531,Altitude:2571.0,ExternalPowerVoltage:28.01,Rpm:-999,Speed:5.0,SatelliteNumber:16,Azimuth:145,BatteryLevel:100}]
275,"[{""Protocol"":""0x2525""","MessageType:""LocationInfoMessage""",ProtocolHeadType:19,"Imei:""869487064485674""",SerialNo:26192,Mileage:5249946,"Date:""2026-04-16T18:01:29Z""",IopIgnition:true,Latitude:4.7512669563293457,Longitude:-74.1137924194336,Altitude:2573.39990234375,ExternalPowerVoltage:28.09,Rpm:-999,Speed:10.0,SatelliteNumber:17,Azimuth:215,BatteryLevel:100}]
276,"[{""Protocol"":""0x2525""","MessageType:""LocationInfoMessage""",ProtocolHeadType:19,"Imei:""869487064485674""",SerialNo:26193,Mileage:5249975,"Date:""2026-04-16T18:01:39Z""",IopIgnition:true,Latitude:4.7510490417480469,Longitude:-74.113906860351563,Altitude:2571.89990234375,ExternalPowerVoltage:28.04,Rpm:-999,Speed:9.0,SatelliteNumber:17,Azimuth:141,BatteryLevel:100}]
277,"[{""Protocol"":""0x2525""","MessageType:""LocationInfoMessage""",ProtocolHeadType:19,"Imei:""869487064485674""",SerialNo:26194,Mileage:5250022,"Date:""2026-04-16T18:01:51Z""",IopIgnition:true,Latitude:4.7508144378662109,Longitude:-74.113594055175781,Altitude:2567.199951171875,ExternalPowerVoltage:28.09,Rpm:-999,Speed:17.0,SatelliteNumber:18,Azimuth:191,BatteryLevel:100}]
278,"[{""Protocol"":""0x2525""","MessageType:""LocationInfoMessage""",ProtocolHeadType:19,"Imei:""869487064485674""",SerialNo:26195,Mileage:5250429,"Date:""2026-04-16T18:02:51Z""",IopIgnition:true,Latitude:4.7477855682373047,Longitude:-74.1156234741211,Altitude:2565.89990234375,ExternalPowerVoltage:28.05,Rpm:-999,Speed:12.0,SatelliteNumber:18,Azimuth:244,BatteryLevel:100}]
279,"[{""Protocol"":""0x2525""","MessageType:""LocationInfoMessage""",ProtocolHeadType:19,"Imei:""869487064485674""",SerialNo:26196,Mileage:5250786,"Date:""2026-04-16T18:03:48Z""",IopIgnition:true,Latitude:4.7480301856994629,Longitude:-74.118804931640625,Altitude:2565.300048828125,ExternalPowerVoltage:27.98,Rpm:-999,Speed:6.0,SatelliteNumber:18,Azimuth:193,BatteryLevel:100}]
280,"[{""Protocol"":""0x2525""","MessageType:""LocationInfoMessage""",ProtocolHeadType:19,"Imei:""869487064485674""",SerialNo:26197,Mileage:5250858,"Date:""2026-04-16T18:04:20Z""",IopIgnition:true,Latitude:4.7474045753479,Longitude:-74.118904113769531,Altitude:2571.199951171875,ExternalPowerVoltage:28.11,Rpm:-999,Speed:6.0,SatelliteNumber:18,Azimuth:275,BatteryLevel:100}]
281,"[{""Protocol"":""0x2525""","MessageType:""LocationInfoMessage""",ProtocolHeadType:19,"Imei:""869487064485674""",SerialNo:26198,Mileage:5251067,"Date:""2026-04-16T18:05:11Z""",IopIgnition:true,Latitude:4.74751091003418,Longitude:-74.120773315429688,Altitude:2568.60009765625,ExternalPowerVoltage:28.11,Rpm:-999,Speed:9.0,SatelliteNumber:18,Azimuth:192,BatteryLevel:100}]
282,"[{""Protocol"":""0x2525""","MessageType:""LocationInfoMessage""",ProtocolHeadType:19,"Imei:""869487064485674""",SerialNo:26199,Mileage:5251078,"Date:""2026-04-16T18:05:15Z""",IopIgnition:true,Latitude:4.7474207878112793,Longitude:-74.120758056640625,Altitude:2568.39990234375,ExternalPowerVoltage:28.1,Rpm:-999,Speed:8.0,SatelliteNumber:18,Azimuth:142,BatteryLevel:100}]
283,"[{""Protocol"":""0x2525""","MessageType:""LocationInfoMessage""",ProtocolHeadType:19,"Imei:""869487064485674""",SerialNo:26200,Mileage:5251176,"Date:""2026-04-16T18:05:47Z""",IopIgnition:true,Latitude:4.7465863227844238,Longitude:-74.120521545410156,Altitude:2563.800048828125,ExternalPowerVoltage:28.1,Rpm:-999,Speed:9.0,SatelliteNumber:19,Azimuth:230,BatteryLevel:100}]
284,"[{""Protocol"":""0x2525""","MessageType:""LocationInfoMessage""",ProtocolHeadType:19,"Imei:""869487064485674""",SerialNo:26201,Mileage:5251402,"Date:""2026-04-16T18:06:57Z""",IopIgnition:true,Latitude:4.7459306716918945,Longitude:-74.1224365234375,Altitude:2562.60009765625,ExternalPowerVoltage:28.06,Rpm:-999,Speed:6.0,SatelliteNumber:18,Azimuth:253,BatteryLevel:100}]
285,"[{""Protocol"":""0x2525""","MessageType:""LocationInfoMessage""",ProtocolHeadType:19,"Imei:""869487064485674""",SerialNo:26202,Mileage:5251573,"Date:""2026-04-16T18:07:57Z""",IopIgnition:true,Latitude:4.7454047203063965,Longitude:-74.123886108398438,Altitude:2565.89990234375,ExternalPowerVoltage:27.98,Rpm:-999,Speed:10.0,SatelliteNumber:17,Azimuth:245,BatteryLevel:100}]
286,"[{""Protocol"":""0x2525""","MessageType:""LocationInfoMessage""",ProtocolHeadType:19,"Imei:""869487064485674""",SerialNo:26203,Mileage:5251668,"Date:""2026-04-16T18:08:56Z""",IopIgnition:true,Latitude:4.7451057434082031,Longitude:-74.124687194824219,Altitude:2566.199951171875,ExternalPowerVoltage:27.89,Rpm:-999,Speed:0.0,SatelliteNumber:17,Azimuth:246,BatteryLevel:100}]
287,"[{""Protocol"":""0x2525""","MessageType:""LocationInfoMessage""",ProtocolHeadType:19,"Imei:""869487064485674""",SerialNo:26204,Mileage:5251758,"Date:""2026-04-16T18:09:57Z""",IopIgnition:true,Latitude:4.7448334693908691,Longitude:-74.125450134277344,Altitude:2564.39990234375,ExternalPowerVoltage:28.07,Rpm:-999,Speed:26.0,SatelliteNumber:17,Azimuth:251,BatteryLevel:100}]
288,"[{""Protocol"":""0x2525""","MessageType:""LocationInfoMessage""",ProtocolHeadType:19,"Imei:""869487064485674""",SerialNo:26205,Mileage:5251973,"Date:""2026-04-16T18:10:30Z""",IopIgnition:true,Latitude:4.7441520690917969,Longitude:-74.127227783203125,Altitude:2564.5,ExternalPowerVoltage:27.93,Rpm:-999,Speed:8.0,SatelliteNumber:17,Azimuth:158,BatteryLevel:100}]
289,"[{""Protocol"":""0x2525""","MessageType:""LocationInfoMessage""",ProtocolHeadType:19,"Imei:""869487064485674""",SerialNo:26206,Mileage:5252266,"Date:""2026-04-16T18:11:41Z""",IopIgnition:true,Latitude:4.7417464256286621,Longitude:-74.126205444335938,Altitude:2577.699951171875,ExternalPowerVoltage:28.07,Rpm:-999,Speed:5.0,SatelliteNumber:18,Azimuth:65,BatteryLevel:100}]
290,"[{""Protocol"":""0x2525""","MessageType:""LocationInfoMessage""",ProtocolHeadType:19,"Imei:""869487064485674""",SerialNo:26207,Mileage:5252306,"Date:""2026-04-16T18:12:57Z""",IopIgnition:true,Latitude:4.7418580055236816,Longitude:-74.125869750976563,Altitude:2572.10009765625,ExternalPowerVoltage:27.89,Rpm:-999,Speed:0.0,SatelliteNumber:16,Azimuth:66,BatteryLevel:100}]
291,"[{""Protocol"":""0x2525""","MessageType:""LocationInfoMessage""",ProtocolHeadType:19,"Imei:""869487064485674""",SerialNo:26208,Mileage:5252398,"Date:""2026-04-16T18:13:56Z""",IopIgnition:true,Latitude:4.7421998977661133,Longitude:-74.125106811523438,Altitude:2570.0,ExternalPowerVoltage:27.88,Rpm:-999,Speed:6.0,SatelliteNumber:18,Azimuth:58,BatteryLevel:100}]
292,"[{""Protocol"":""0x2525""","MessageType:""LocationInfoMessage""",ProtocolHeadType:19,"Imei:""869487064485674""",SerialNo:26209,Mileage:5252490,"Date:""2026-04-16T18:14:56Z""",IopIgnition:true,Latitude:4.7424836158752441,Longitude:-74.124336242675781,Altitude:2567.699951171875,ExternalPowerVoltage:27.89,Rpm:-999,Speed:0.0,SatelliteNumber:15,Azimuth:77,BatteryLevel:100}]
293,"[{""Protocol"":""0x2525""","MessageType:""LocationInfoMessage""",ProtocolHeadType:19,"Imei:""869487064485674""",SerialNo:26210,Mileage:5252635,"Date:""2026-04-16T18:15:57Z""",IopIgnition:true,Latitude:4.7429819107055664,Longitude:-74.123123168945313,Altitude:2569.0,ExternalPowerVoltage:28.11,Rpm:-999,Speed:37.0,SatelliteNumber:19,Azimuth:70,BatteryLevel:100}]
294,"[{""Protocol"":""0x2525""","MessageType:""LocationInfoMessage""",ProtocolHeadType:19,"Imei:""869487064485674""",SerialNo:26211,Mileage:5252931,"Date:""2026-04-16T18:16:57Z""",IopIgnition:true,Latitude:4.7439908981323242,Longitude:-74.120658874511719,Altitude:2565.10009765625,ExternalPowerVoltage:28.12,Rpm:-999,Speed:15.0,SatelliteNumber:18,Azimuth:75,BatteryLevel:100}]
295,"[{""Protocol"":""0x2525""","MessageType:""LocationInfoMessage""",ProtocolHeadType:19,"Imei:""869487064485674""",SerialNo:26212,Mileage:5253249,"Date:""2026-04-16T18:17:57Z""",IopIgnition:true,Latitude:4.745145320892334,Longitude:-74.1180648803711,Altitude:2568.60009765625,ExternalPowerVoltage:28.12,Rpm:-999,Speed:16.0,SatelliteNumber:17,Azimuth:73,BatteryLevel:100}]
296,"[{""Protocol"":""0x2525""","MessageType:""LocationInfoMessage""",ProtocolHeadType:19,"Imei:""869487064485674""",SerialNo:26213,Mileage:5253388,"Date:""2026-04-16T18:18:21Z""",IopIgnition:true,Latitude:4.7450590133666992,Longitude:-74.116851806640625,Altitude:2572.39990234375,ExternalPowerVoltage:28.13,Rpm:-999,Speed:22.0,SatelliteNumber:18,Azimuth:121,BatteryLevel:100}]
297,"[{""Protocol"":""0x2525""","MessageType:""LocationInfoMessage""",ProtocolHeadType:19,"Imei:""869487064485674""",SerialNo:26214,Mileage:5253842,"Date:""2026-04-16T18:19:49Z""",IopIgnition:true,Latitude:4.743156909942627,Longitude:-74.113288879394531,Altitude:2582.60009765625,ExternalPowerVoltage:28.07,Rpm:-999,Speed:8.0,SatelliteNumber:17,Azimuth:20,BatteryLevel:100}]
298,"[{""Protocol"":""0x2525""","MessageType:""LocationInfoMessage""",ProtocolHeadType:19,"Imei:""869487064485674""",SerialNo:26215,Mileage:5254093,"Date:""2026-04-16T18:20:42Z""",IopIgnition:true,Latitude:4.7451939582824707,Longitude:-74.1124038696289,Altitude:2579.60009765625,ExternalPowerVoltage:28.12,Rpm:-999,Speed:12.0,SatelliteNumber:16,Azimuth:98,BatteryLevel:100}]
299,"[{""Protocol"":""0x2525""","MessageType:""LocationInfoMessage""",ProtocolHeadType:19,"Imei:""869487064485674""",SerialNo:26216,Mileage:5254192,"Date:""2026-04-16T18:21:04Z""",IopIgnition:true,Latitude:4.7449727058410645,Longitude:-74.111564636230469,Altitude:2577.300048828125,ExternalPowerVoltage:28.04,Rpm:-999,Speed:11.0,SatelliteNumber:16,Azimuth:48,BatteryLevel:100}]
300,"[{""Protocol"":""0x2525""","MessageType:""LocationInfoMessage""",ProtocolHeadType:19,"Imei:""869487064485674""",SerialNo:26217,Mileage:5254330,"Date:""2026-04-16T18:21:39Z""",IopIgnition:true,Latitude:4.7461686134338379,Longitude:-74.111259460449219,Altitude:2572.0,ExternalPowerVoltage:28.08,Rpm:-999,Speed:6.0,SatelliteNumber:15,Azimuth:349,BatteryLevel:100}]
301,"[{""Protocol"":""0x2525""","MessageType:""LocationInfoMessage""",ProtocolHeadType:19,"Imei:""869487064485674""",SerialNo:26218,Mileage:5254341,"Date:""2026-04-16T18:21:43Z""",IopIgnition:true,Latitude:4.746243953704834,Longitude:-74.111328125,Altitude:2572.39990234375,ExternalPowerVoltage:28.11,Rpm:-999,Speed:15.0,SatelliteNumber:16,Azimuth:289,BatteryLevel:100}]
302,"[{""Protocol"":""0x2525""","MessageType:""LocationInfoMessage""",ProtocolHeadType:19,"Imei:""869487064485674""",SerialNo:26219,Mileage:5254606,"Date:""2026-04-16T18:22:28Z""",IopIgnition:true,Latitude:4.7468461990356445,Longitude:-74.113616943359375,Altitude:2570.39990234375,ExternalPowerVoltage:28.06,Rpm:-999,Speed:5.0,SatelliteNumber:16,Azimuth:6,BatteryLevel:100}]
303,"[{""Protocol"":""0x2525""","MessageType:""LocationInfoMessage""",ProtocolHeadType:19,"Imei:""869487064485674""",SerialNo:26220,Mileage:5254960,"Date:""2026-04-16T18:23:37Z""",IopIgnition:true,Latitude:4.74962043762207,Longitude:-74.112167358398438,Altitude:2583.0,ExternalPowerVoltage:28.06,Rpm:-999,Speed:7.0,SatelliteNumber:16,Azimuth:91,BatteryLevel:100}]
304,"[{""Protocol"":""0x2525""","MessageType:""LocationInfoMessage""",ProtocolHeadType:19,"Imei:""869487064485674""",SerialNo:26221,Mileage:5255264,"Date:""2026-04-16T18:24:57Z""",IopIgnition:true,Latitude:4.7488493919372559,Longitude:-74.109542846679688,Altitude:2571.5,ExternalPowerVoltage:28.11,Rpm:-999,Speed:12.0,SatelliteNumber:16,Azimuth:101,BatteryLevel:100}]
305,"[{""Protocol"":""0x2525""","MessageType:""LocationInfoMessage""",ProtocolHeadType:19,"Imei:""869487064485674""",SerialNo:26222,Mileage:5255453,"Date:""2026-04-16T18:25:56Z""",IopIgnition:true,Latitude:4.7483644485473633,Longitude:-74.10791015625,Altitude:2577.0,ExternalPowerVoltage:28.04,Rpm:-999,Speed:0.0,SatelliteNumber:15,Azimuth:110,BatteryLevel:100}]
306,"[{""Protocol"":""0x2525""","MessageType:""LocationInfoMessage""",ProtocolHeadType:19,"Imei:""869487064485674""",SerialNo:26223,Mileage:5255453,"Date:""2026-04-16T18:26:56Z""",IopIgnition:true,Latitude:4.7483644485473633,Longitude:-74.10791015625,Altitude:2577.0,ExternalPowerVoltage:28.06,Rpm:-999,Speed:0.0,SatelliteNumber:15,Azimuth:110,BatteryLevel:100}]
307,"[{""Protocol"":""0x2525""","MessageType:""LocationInfoMessage""",ProtocolHeadType:19,"Imei:""869487064485674""",SerialNo:26224,Mileage:5255453,"Date:""2026-04-16T18:27:57Z""",IopIgnition:true,Latitude:4.7483644485473633,Longitude:-74.10791015625,Altitude:2577.0,ExternalPowerVoltage:27.94,Rpm:-999,Speed:0.0,SatelliteNumber:16,Azimuth:110,BatteryLevel:100}]
308,"[{""Protocol"":""0x2525""","MessageType:""LocationInfoMessage""",ProtocolHeadType:19,"Imei:""869487064485674""",SerialNo:26225,Mileage:5255453,"Date:""2026-04-16T18:28:57Z""",IopIgnition:true,Latitude:4.7483644485473633,Longitude:-74.10791015625,Altitude:2577.0,ExternalPowerVoltage:28.02,Rpm:-999,Speed:0.0,SatelliteNumber:14,Azimuth:110,BatteryLevel:100}]
309,"[{""Protocol"":""0x2525""","MessageType:""LocationInfoMessage""",ProtocolHeadType:19,"Imei:""869487064485674""",SerialNo:26226,Mileage:5255453,"Date:""2026-04-16T18:29:57Z""",IopIgnition:true,Latitude:4.7483644485473633,Longitude:-74.10791015625,Altitude:2577.0,ExternalPowerVoltage:27.96,Rpm:-999,Speed:0.0,SatelliteNumber:16,Azimuth:110,BatteryLevel:100}]
310,"[{""Protocol"":""0x2525""","MessageType:""LocationInfoMessage""",ProtocolHeadType:19,"Imei:""869487064485674""",SerialNo:26227,Mileage:5255453,"Date:""2026-04-16T18:30:57Z""",IopIgnition:true,Latitude:4.7483644485473633,Longitude:-74.10791015625,Altitude:2577.0,ExternalPowerVoltage:28.09,Rpm:-999,Speed:0.0,SatelliteNumber:16,Azimuth:110,BatteryLevel:100}]
311,"[{""Protocol"":""0x2525""","MessageType:""LocationInfoMessage""",ProtocolHeadType:19,"Imei:""869487064485674""",SerialNo:26228,Mileage:5255610,"Date:""2026-04-16T18:31:57Z""",IopIgnition:true,Latitude:4.7480001449584961,Longitude:-74.1065444946289,Altitude:2575.10009765625,ExternalPowerVoltage:28.04,Rpm:-999,Speed:7.0,SatelliteNumber:17,Azimuth:102,BatteryLevel:100}]
312,"[{""Protocol"":""0x2525""","MessageType:""LocationInfoMessage""",ProtocolHeadType:19,"Imei:""869487064485674""",SerialNo:26229,Mileage:5255627,"Date:""2026-04-16T18:32:04Z""",IopIgnition:true,Latitude:4.74801778793335,Longitude:-74.106399536132813,Altitude:2572.39990234375,ExternalPowerVoltage:28.1,Rpm:-999,Speed:18.0,SatelliteNumber:17,Azimuth:56,BatteryLevel:100}]
313,"[{""Protocol"":""0x2525""","MessageType:""LocationInfoMessage""",ProtocolHeadType:19,"Imei:""869487064485674""",SerialNo:26230,Mileage:5255745,"Date:""2026-04-16T18:32:23Z""",IopIgnition:true,Latitude:4.7488193511962891,Longitude:-74.10577392578125,Altitude:2568.89990234375,ExternalPowerVoltage:28.05,Rpm:-999,Speed:9.0,SatelliteNumber:17,Azimuth:115,BatteryLevel:100}]
314,"[{""Protocol"":""0x2525""","MessageType:""LocationInfoMessage""",ProtocolHeadType:19,"Imei:""869487064485674""",SerialNo:26231,Mileage:5255753,"Date:""2026-04-16T18:32:25Z""",IopIgnition:true,Latitude:4.7487664222717285,Longitude:-74.105728149414063,Altitude:2568.699951171875,ExternalPowerVoltage:28.1,Rpm:-999,Speed:15.0,SatelliteNumber:17,Azimuth:162,BatteryLevel:100}]
315,"[{""Protocol"":""0x2525""","MessageType:""LocationInfoMessage""",ProtocolHeadType:19,"Imei:""869487064485674""",SerialNo:26232,Mileage:5255899,"Date:""2026-04-16T18:32:45Z""",IopIgnition:true,Latitude:4.747495174407959,Longitude:-74.105697631835938,Altitude:2563.10009765625,ExternalPowerVoltage:28.14,Rpm:-999,Speed:26.0,SatelliteNumber:17,Azimuth:115,BatteryLevel:100}]
316,"[{""Protocol"":""0x2525""","MessageType:""LocationInfoMessage""",ProtocolHeadType:19,"Imei:""869487064485674""",SerialNo:26233,Mileage:5256110,"Date:""2026-04-16T18:33:07Z""",IopIgnition:true,Latitude:4.7473363876342773,Longitude:-74.103805541992188,Altitude:2568.199951171875,ExternalPowerVoltage:28.14,Rpm:-999,Speed:22.0,SatelliteNumber:17,Azimuth:63,BatteryLevel:100}]
317,"[{""Protocol"":""0x2525""","MessageType:""LocationInfoMessage""",ProtocolHeadType:19,"Imei:""869487064485674""",SerialNo:26234,Mileage:5256185,"Date:""2026-04-16T18:33:20Z""",IopIgnition:true,Latitude:4.7478976249694824,Longitude:-74.10345458984375,Altitude:2568.300048828125,ExternalPowerVoltage:27.95,Rpm:-999,Speed:7.0,SatelliteNumber:17,Azimuth:16,BatteryLevel:100}]
318,"[{""Protocol"":""0x2525""","MessageType:""LocationInfoMessage""",ProtocolHeadType:19,"Imei:""869487064485674""",SerialNo:26235,Mileage:5256426,"Date:""2026-04-16T18:34:07Z""",IopIgnition:true,Latitude:4.7497024536132813,Longitude:-74.1022720336914,Altitude:2576.89990234375,ExternalPowerVoltage:28.07,Rpm:-999,Speed:6.0,SatelliteNumber:17,Azimuth:71,BatteryLevel:100}]
319,"[{""Protocol"":""0x2525""","MessageType:""LocationInfoMessage""",ProtocolHeadType:19,"Imei:""869487064485674""",SerialNo:26236,Mileage:5256493,"Date:""2026-04-16T18:34:20Z""",IopIgnition:true,Latitude:4.7495317459106445,Longitude:-74.101699829101563,Altitude:2577.60009765625,ExternalPowerVoltage:28.14,Rpm:-999,Speed:32.0,SatelliteNumber:16,Azimuth:123,BatteryLevel:100}]
320,"[{""Protocol"":""0x2525""","MessageType:""LocationInfoMessage""",ProtocolHeadType:19,"Imei:""869487064485674""",SerialNo:26237,Mileage:5257527,"Date:""2026-04-16T18:35:57Z""",IopIgnition:true,Latitude:4.7446637153625488,Longitude:-74.093826293945313,Altitude:2577.60009765625,ExternalPowerVoltage:28.19,Rpm:-999,Speed:55.0,SatelliteNumber:17,Azimuth:127,BatteryLevel:100}]
321,"[{""Protocol"":""0x2525""","MessageType:""LocationInfoMessage""",ProtocolHeadType:19,"Imei:""869487064485674""",SerialNo:26238,Mileage:5257635,"Date:""2026-04-16T18:36:56Z""",IopIgnition:true,Latitude:4.7440676689147949,Longitude:-74.093063354492188,Altitude:2578.0,ExternalPowerVoltage:27.99,Rpm:-999,Speed:0.0,SatelliteNumber:19,Azimuth:125,BatteryLevel:100}]
322,"[{""Protocol"":""0x2525""","MessageType:""LocationInfoMessage""",ProtocolHeadType:19,"Imei:""869487064485674""",SerialNo:26239,Mileage:5257635,"Date:""2026-04-16T18:37:56Z""",IopIgnition:true,Latitude:4.7440676689147949,Longitude:-74.093063354492188,Altitude:2578.0,ExternalPowerVoltage:28.09,Rpm:-999,Speed:0.0,SatelliteNumber:19,Azimuth:125,BatteryLevel:100}]
323,"[{""Protocol"":""0x2525""","MessageType:""LocationInfoMessage""",ProtocolHeadType:19,"Imei:""869487064485674""",SerialNo:26240,Mileage:5257885,"Date:""2026-04-16T18:38:57Z""",IopIgnition:true,Latitude:4.7426853179931641,Longitude:-74.091293334960938,Altitude:2578.300048828125,ExternalPowerVoltage:28.17,Rpm:-999,Speed:41.0,SatelliteNumber:15,Azimuth:131,BatteryLevel:100}]
324,"[{""Protocol"":""0x2525""","MessageType:""LocationInfoMessage""",ProtocolHeadType:19,"Imei:""869487064485674""",SerialNo:26241,Mileage:5258205,"Date:""2026-04-16T18:39:57Z""",IopIgnition:true,Latitude:4.7409424781799316,Longitude:-74.08905029296875,Altitude:2575.199951171875,ExternalPowerVoltage:28.16,Rpm:-999,Speed:17.0,SatelliteNumber:18,Azimuth:134,BatteryLevel:100}]
325,"[{""Protocol"":""0x2525""","MessageType:""LocationInfoMessage""",ProtocolHeadType:19,"Imei:""869487064485674""",SerialNo:26242,Mileage:5258598,"Date:""2026-04-16T18:40:57Z""",IopIgnition:true,Latitude:4.7384305000305176,Longitude:-74.086563110351563,Altitude:2579.300048828125,ExternalPowerVoltage:28.12,Rpm:-999,Speed:0.0,SatelliteNumber:18,Azimuth:128,BatteryLevel:100}]
326,"[{""Protocol"":""0x2525""","MessageType:""LocationInfoMessage""",ProtocolHeadType:19,"Imei:""869487064485674""",SerialNo:26243,Mileage:5258788,"Date:""2026-04-16T18:41:57Z""",IopIgnition:true,Latitude:4.7378025054931641,Longitude:-74.084991455078125,Altitude:2582.10009765625,ExternalPowerVoltage:28.16,Rpm:-999,Speed:28.0,SatelliteNumber:19,Azimuth:107,BatteryLevel:100}]
327,"[{""Protocol"":""0x2525""","MessageType:""LocationInfoMessage""",ProtocolHeadType:19,"Imei:""869487064485674""",SerialNo:26244,Mileage:5259460,"Date:""2026-04-16T18:42:56Z""",IopIgnition:true,Latitude:4.7347049713134766,Longitude:-74.0799789428711,Altitude:2610.0,ExternalPowerVoltage:28.19,Rpm:-999,Speed:50.0,SatelliteNumber:19,Azimuth:128,BatteryLevel:100}]
328,"[{""Protocol"":""0x2525""","MessageType:""LocationInfoMessage""",ProtocolHeadType:19,"Imei:""869487064485674""",SerialNo:26245,Mileage:5260073,"Date:""2026-04-16T18:43:57Z""",IopIgnition:true,Latitude:4.732323169708252,Longitude:-74.075202941894531,Altitude:2612.89990234375,ExternalPowerVoltage:28.12,Rpm:-999,Speed:33.0,SatelliteNumber:19,Azimuth:149,BatteryLevel:100}]
329,"[{""Protocol"":""0x2525""","MessageType:""LocationInfoMessage""",ProtocolHeadType:19,"Imei:""869487064485674""",SerialNo:26246,Mileage:5260811,"Date:""2026-04-16T18:44:57Z""",IopIgnition:true,Latitude:4.725745677947998,Longitude:-74.074874877929688,Altitude:2598.39990234375,ExternalPowerVoltage:28.12,Rpm:-999,Speed:35.0,SatelliteNumber:19,Azimuth:181,BatteryLevel:100}]
330,"[{""Protocol"":""0x2525""","MessageType:""LocationInfoMessage""",ProtocolHeadType:19,"Imei:""869487064485674""",SerialNo:26247,Mileage:5261571,"Date:""2026-04-16T18:45:57Z""",IopIgnition:true,Latitude:4.7191267013549805,Longitude:-74.074089050292969,Altitude:2577.800048828125,ExternalPowerVoltage:28.19,Rpm:-999,Speed:43.0,SatelliteNumber:20,Azimuth:156,BatteryLevel:100}]
331,"[{""Protocol"":""0x2525""","MessageType:""LocationInfoMessage""",ProtocolHeadType:19,"Imei:""869487064485674""",SerialNo:26248,Mileage:5262197,"Date:""2026-04-16T18:46:57Z""",IopIgnition:true,Latitude:4.7136554718017578,Longitude:-74.072761535644531,Altitude:2576.0,ExternalPowerVoltage:27.98,Rpm:-999,Speed:10.0,SatelliteNumber:19,Azimuth:164,BatteryLevel:100}]
332,"[{""Protocol"":""0x2525""","MessageType:""LocationInfoMessage""",ProtocolHeadType:19,"Imei:""869487064485674""",SerialNo:26249,Mileage:5262403,"Date:""2026-04-16T18:47:56Z""",IopIgnition:true,Latitude:4.7118463516235352,Longitude:-74.072380065917969,Altitude:2573.5,ExternalPowerVoltage:27.97,Rpm:-999,Speed:0.0,SatelliteNumber:19,Azimuth:167,BatteryLevel:100}]
333,"[{""Protocol"":""0x2525""","MessageType:""LocationInfoMessage""",ProtocolHeadType:19,"Imei:""869487064485674""",SerialNo:26250,Mileage:5262420,"Date:""2026-04-16T18:48:57Z""",IopIgnition:true,Latitude:4.7116994857788086,Longitude:-74.072349548339844,Altitude:2574.699951171875,ExternalPowerVoltage:28.14,Rpm:-999,Speed:13.0,SatelliteNumber:18,Azimuth:167,BatteryLevel:100}]
334,"[{""Protocol"":""0x2525""","MessageType:""LocationInfoMessage""",ProtocolHeadType:19,"Imei:""869487064485674""",SerialNo:26251,Mileage:5262989,"Date:""2026-04-16T18:49:57Z""",IopIgnition:true,Latitude:4.7067098617553711,Longitude:-74.071258544921875,Altitude:2571.60009765625,ExternalPowerVoltage:28.12,Rpm:-999,Speed:21.0,SatelliteNumber:17,Azimuth:166,BatteryLevel:100}]
335,"[{""Protocol"":""0x2525""","MessageType:""LocationInfoMessage""",ProtocolHeadType:19,"Imei:""869487064485674""",SerialNo:26252,Mileage:5263003,"Date:""2026-04-16T18:50:57Z""",IopIgnition:true,Latitude:4.7065834999084473,Longitude:-74.07122802734375,Altitude:2572.60009765625,ExternalPowerVoltage:28.16,Rpm:-999,Speed:0.0,SatelliteNumber:18,Azimuth:169,BatteryLevel:100}]
336,"[{""Protocol"":""0x2525""","MessageType:""LocationInfoMessage""",ProtocolHeadType:19,"Imei:""869487064485674""",SerialNo:26253,Mileage:5263675,"Date:""2026-04-16T18:51:57Z""",IopIgnition:true,Latitude:4.7006211280822754,Longitude:-74.070388793945313,Altitude:2562.300048828125,ExternalPowerVoltage:28.03,Rpm:-999,Speed:5.0,SatelliteNumber:18,Azimuth:156,BatteryLevel:100}]
337,"[{""Protocol"":""0x2525""","MessageType:""LocationInfoMessage""",ProtocolHeadType:19,"Imei:""869487064485674""",SerialNo:26254,Mileage:5263934,"Date:""2026-04-16T18:52:56Z""",IopIgnition:true,Latitude:4.6983852386474609,Longitude:-74.069770812988281,Altitude:2566.89990234375,ExternalPowerVoltage:28.14,Rpm:-999,Speed:17.0,SatelliteNumber:18,Azimuth:191,BatteryLevel:100}]
338,"[{""Protocol"":""0x2525""","MessageType:""LocationInfoMessage""",ProtocolHeadType:19,"Imei:""869487064485674""",SerialNo:26255,Mileage:5264001,"Date:""2026-04-16T18:53:06Z""",IopIgnition:true,Latitude:4.6980056762695313,Longitude:-74.070220947265625,Altitude:2568.300048828125,ExternalPowerVoltage:28.13,Rpm:-999,Speed:34.0,SatelliteNumber:17,Azimuth:239,BatteryLevel:100}]
339,"[{""Protocol"":""0x2525""","MessageType:""LocationInfoMessage""",ProtocolHeadType:19,"Imei:""869487064485674""",SerialNo:26256,Mileage:5264472,"Date:""2026-04-16T18:54:57Z""",IopIgnition:true,Latitude:4.6954936981201172,Longitude:-74.073638916015625,Altitude:2578.800048828125,ExternalPowerVoltage:28.17,Rpm:-999,Speed:26.0,SatelliteNumber:19,Azimuth:233,BatteryLevel:100}]
340,"[{""Protocol"":""0x2525""","MessageType:""LocationInfoMessage""",ProtocolHeadType:19,"Imei:""869487064485674""",SerialNo:26257,Mileage:5264725,"Date:""2026-04-16T18:55:56Z""",IopIgnition:true,Latitude:4.6941499710083008,Longitude:-74.075477600097656,Altitude:2581.39990234375,ExternalPowerVoltage:27.94,Rpm:-999,Speed:0.0,SatelliteNumber:19,Azimuth:234,BatteryLevel:100}]
341,"[{""Protocol"":""0x2525""","MessageType:""LocationInfoMessage""",ProtocolHeadType:19,"Imei:""869487064485674""",SerialNo:26258,Mileage:5265193,"Date:""2026-04-16T18:56:57Z""",IopIgnition:true,Latitude:4.691652774810791,Longitude:-74.078865051269531,Altitude:2579.300048828125,ExternalPowerVoltage:28.12,Rpm:-999,Speed:25.0,SatelliteNumber:19,Azimuth:233,BatteryLevel:100}]
342,"[{""Protocol"":""0x2525""","MessageType:""LocationInfoMessage""",ProtocolHeadType:19,"Imei:""869487064485674""",SerialNo:26259,Mileage:5265292,"Date:""2026-04-16T18:57:23Z""",IopIgnition:true,Latitude:4.6911287307739258,Longitude:-74.0795669555664,Altitude:2575.199951171875,ExternalPowerVoltage:28.09,Rpm:-999,Speed:13.0,SatelliteNumber:18,Azimuth:179,BatteryLevel:100}]
343,"[{""Protocol"":""0x2525""","MessageType:""LocationInfoMessage""",ProtocolHeadType:19,"Imei:""869487064485674""",SerialNo:26260,Mileage:5265589,"Date:""2026-04-16T18:58:05Z""",IopIgnition:true,Latitude:4.6889524459838867,Longitude:-74.078140258789063,Altitude:2566.60009765625,ExternalPowerVoltage:28.08,Rpm:-999,Speed:14.0,SatelliteNumber:19,Azimuth:240,BatteryLevel:100}]
344,"[{""Protocol"":""0x2525""","MessageType:""LocationAlarmMessage""",ProtocolHeadType:20,"Imei:""869487064485674""",SerialNo:997,Mileage:5265691,"Date:""2026-04-16T18:58:44Z""",IopIgnition:false,Latitude:4.688450813293457,Longitude:-74.078903198242188,Altitude:2566.89990234375,ExternalPowerVoltage:27.8,Rpm:-999,Speed:0.0,SatelliteNumber:18,Azimuth:233,OriginalAlarmCode:23}]
345,"[{""Protocol"":""0x2525""","MessageType:""SignInMessage""",ProtocolHeadType:0,"Imei:""869487064485674""",SerialNo:263,"Firmware:""V1.0.1.8""",Model:0,ObdBootVersion:null,ObdDataVersion:null,ObdHareware:null,ObdSoftware:null,Platform:null,"Software:""V0.0.0""}]",,,,
346,"[{""Protocol"":""0x2525""","MessageType:""NetworkInfoMessage""",ProtocolHeadType:0,"Imei:""869487064485674""",SerialNo:243,"AccessTechnology:""CAT-1""","Band:""CAT-1 5""","Date:""2026-04-16T19:29:49Z""","Iccid:""89571017025023250790""","Imsi:""732101725325077""","NetworkOperator:""LaSeleNosLlama""}]",,,,,,
347,"[{""Protocol"":""0x2525""","MessageType:""LocationAlarmMessage""",ProtocolHeadType:20,"Imei:""869487064485674""",SerialNo:998,Mileage:5265691,"Date:""2026-04-16T19:39:22Z""",IopIgnition:true,Latitude:4.688450813293457,Longitude:-74.078903198242188,Altitude:2566.89990234375,ExternalPowerVoltage:25.62,Rpm:-999,Speed:0.0,SatelliteNumber:18,Azimuth:233,OriginalAlarmCode:22}]
348,"[{""Protocol"":""0x2525""","MessageType:""LocationInfoMessage""",ProtocolHeadType:19,"Imei:""869487064485674""",SerialNo:26261,Mileage:5265714,"Date:""2026-04-16T19:40:05Z""",IopIgnition:true,Latitude:4.6882739067077637,Longitude:-74.078941345214844,Altitude:2568.5,ExternalPowerVoltage:27.93,Rpm:-999,Speed:7.0,SatelliteNumber:17,Azimuth:146,BatteryLevel:100}]
349,"[{""Protocol"":""0x2525""","MessageType:""LocationInfoMessage""",ProtocolHeadType:19,"Imei:""869487064485674""",SerialNo:26262,Mileage:5265897,"Date:""2026-04-16T19:41:03Z""",IopIgnition:true,Latitude:4.6869935989379883,Longitude:-74.077926635742188,Altitude:2564.10009765625,ExternalPowerVoltage:28.13,Rpm:-999,Speed:6.0,SatelliteNumber:17,Azimuth:92,BatteryLevel:100}]
350,"[{""Protocol"":""0x2525""","MessageType:""LocationAlarmMessage""",ProtocolHeadType:20,"Imei:""869487064485674""",SerialNo:999,Mileage:5265967,"Date:""2026-04-16T19:41:40Z""",IopIgnition:false,Latitude:4.6873650550842285,Longitude:-74.0774154663086,Altitude:2563.0,ExternalPowerVoltage:27.91,Rpm:-999,Speed:0.0,SatelliteNumber:17,Azimuth:62,OriginalAlarmCode:23}]
351,"[{""Protocol"":""0x2525""","MessageType:""LocationAlarmMessage""",ProtocolHeadType:20,"Imei:""869487064485674""",SerialNo:1000,Mileage:5265967,"Date:""2026-04-16T20:35:04Z""",IopIgnition:true,Latitude:4.6873650550842285,Longitude:-74.0774154663086,Altitude:2563.0,ExternalPowerVoltage:25.46,Rpm:-999,Speed:0.0,SatelliteNumber:15,Azimuth:62,OriginalAlarmCode:22}]
352,"[{""Protocol"":""0x2525""","MessageType:""LocationInfoMessage""",ProtocolHeadType:19,"Imei:""869487064485674""",SerialNo:26263,Mileage:5265967,"Date:""2026-04-16T20:36:05Z""",IopIgnition:true,Latitude:4.6873650550842285,Longitude:-74.0774154663086,Altitude:2563.0,ExternalPowerVoltage:27.94,Rpm:-999,Speed:0.0,SatelliteNumber:16,Azimuth:62,BatteryLevel:100}]
353,"[{""Protocol"":""0x2525""","MessageType:""LocationInfoMessage""",ProtocolHeadType:19,"Imei:""869487064485674""",SerialNo:26264,Mileage:5265967,"Date:""2026-04-16T20:37:05Z""",IopIgnition:true,Latitude:4.6873650550842285,Longitude:-74.0774154663086,Altitude:2563.0,ExternalPowerVoltage:28.04,Rpm:-999,Speed:0.0,SatelliteNumber:14,Azimuth:62,BatteryLevel:100}]
354,"[{""Protocol"":""0x2525""","MessageType:""LocationInfoMessage""",ProtocolHeadType:19,"Imei:""869487064485674""",SerialNo:26265,Mileage:5265967,"Date:""2026-04-16T20:38:05Z""",IopIgnition:true,Latitude:4.6873650550842285,Longitude:-74.0774154663086,Altitude:2563.0,ExternalPowerVoltage:28.09,Rpm:-999,Speed:0.0,SatelliteNumber:14,Azimuth:62,BatteryLevel:100}]
355,"[{""Protocol"":""0x2525""","MessageType:""LocationInfoMessage""",ProtocolHeadType:19,"Imei:""869487064485674""",SerialNo:26266,Mileage:5265967,"Date:""2026-04-16T20:39:04Z""",IopIgnition:true,Latitude:4.6873650550842285,Longitude:-74.0774154663086,Altitude:2563.0,ExternalPowerVoltage:28.06,Rpm:-999,Speed:0.0,SatelliteNumber:18,Azimuth:62,BatteryLevel:100}]
356,"[{""Protocol"":""0x2525""","MessageType:""LocationInfoMessage""",ProtocolHeadType:19,"Imei:""869487064485674""",SerialNo:26267,Mileage:5265967,"Date:""2026-04-16T20:40:05Z""",IopIgnition:true,Latitude:4.6873650550842285,Longitude:-74.0774154663086,Altitude:2563.0,ExternalPowerVoltage:27.94,Rpm:-999,Speed:0.0,SatelliteNumber:16,Azimuth:62,BatteryLevel:100}]
357,"[{""Protocol"":""0x2525""","MessageType:""LocationInfoMessage""",ProtocolHeadType:19,"Imei:""869487064485674""",SerialNo:26268,Mileage:5265967,"Date:""2026-04-16T20:41:05Z""",IopIgnition:true,Latitude:4.6873650550842285,Longitude:-74.0774154663086,Altitude:2563.0,ExternalPowerVoltage:28.02,Rpm:-999,Speed:0.0,SatelliteNumber:16,Azimuth:62,BatteryLevel:100}]
358,"[{""Protocol"":""0x2525""","MessageType:""LocationInfoMessage""",ProtocolHeadType:19,"Imei:""869487064485674""",SerialNo:26269,Mileage:5265967,"Date:""2026-04-16T20:42:05Z""",IopIgnition:true,Latitude:4.6873650550842285,Longitude:-74.0774154663086,Altitude:2563.0,ExternalPowerVoltage:28.0,Rpm:-999,Speed:0.0,SatelliteNumber:18,Azimuth:62,BatteryLevel:100}]
359,"[{""Protocol"":""0x2525""","MessageType:""LocationInfoMessage""",ProtocolHeadType:19,"Imei:""869487064485674""",SerialNo:26270,Mileage:5265967,"Date:""2026-04-16T20:43:05Z""",IopIgnition:true,Latitude:4.6873650550842285,Longitude:-74.0774154663086,Altitude:2563.0,ExternalPowerVoltage:28.01,Rpm:-999,Speed:0.0,SatelliteNumber:17,Azimuth:62,BatteryLevel:100}]
360,"[{""Protocol"":""0x2525""","MessageType:""LocationInfoMessage""",ProtocolHeadType:19,"Imei:""869487064485674""",SerialNo:26271,Mileage:5265967,"Date:""2026-04-16T20:44:04Z""",IopIgnition:true,Latitude:4.6873650550842285,Longitude:-74.0774154663086,Altitude:2563.0,ExternalPowerVoltage:27.92,Rpm:-999,Speed:0.0,SatelliteNumber:19,Azimuth:62,BatteryLevel:100}]
361,"[{""Protocol"":""0x2525""","MessageType:""LocationInfoMessage""",ProtocolHeadType:19,"Imei:""869487064485674""",SerialNo:26272,Mileage:5265967,"Date:""2026-04-16T20:45:05Z""",IopIgnition:true,Latitude:4.6873650550842285,Longitude:-74.0774154663086,Altitude:2563.0,ExternalPowerVoltage:28.07,Rpm:-999,Speed:0.0,SatelliteNumber:19,Azimuth:62,BatteryLevel:100}]
362,"[{""Protocol"":""0x2525""","MessageType:""LocationInfoMessage""",ProtocolHeadType:19,"Imei:""869487064485674""",SerialNo:26273,Mileage:5265967,"Date:""2026-04-16T20:46:05Z""",IopIgnition:true,Latitude:4.6873650550842285,Longitude:-74.0774154663086,Altitude:2563.0,ExternalPowerVoltage:27.98,Rpm:-999,Speed:0.0,SatelliteNumber:17,Azimuth:62,BatteryLevel:100}]
363,"[{""Protocol"":""0x2525""","MessageType:""LocationInfoMessage""",ProtocolHeadType:19,"Imei:""869487064485674""",SerialNo:26274,Mileage:5266021,"Date:""2026-04-16T20:46:31Z""",IopIgnition:true,Latitude:4.6876816749572754,Longitude:-74.0770492553711,Altitude:2572.800048828125,ExternalPowerVoltage:27.86,Rpm:-999,Speed:8.0,SatelliteNumber:18,Azimuth:341,BatteryLevel:100}]
364,"[{""Protocol"":""0x2525""","MessageType:""LocationInfoMessage""",ProtocolHeadType:19,"Imei:""869487064485674""",SerialNo:26275,Mileage:5266498,"Date:""2026-04-16T20:47:39Z""",IopIgnition:true,Latitude:4.6911773681640625,Longitude:-74.079475402832031,Altitude:2567.5,ExternalPowerVoltage:28.06,Rpm:-999,Speed:15.0,SatelliteNumber:18,Azimuth:32,BatteryLevel:100}]
365,"[{""Protocol"":""0x2525""","MessageType:""LocationInfoMessage""",ProtocolHeadType:19,"Imei:""869487064485674""",SerialNo:26276,Mileage:5267049,"Date:""2026-04-16T20:49:05Z""",IopIgnition:true,Latitude:4.6940517425537109,Longitude:-74.075447082519531,Altitude:2582.0,ExternalPowerVoltage:28.11,Rpm:-999,Speed:33.0,SatelliteNumber:19,Azimuth:53,BatteryLevel:100}]
366,"[{""Protocol"":""0x2525""","MessageType:""LocationInfoMessage""",ProtocolHeadType:19,"Imei:""869487064485674""",SerialNo:26277,Mileage:5267273,"Date:""2026-04-16T20:50:04Z""",IopIgnition:true,Latitude:4.6952733993530273,Longitude:-74.073844909667969,Altitude:2583.0,ExternalPowerVoltage:28.02,Rpm:-999,Speed:0.0,SatelliteNumber:18,Azimuth:48,BatteryLevel:100}]
367,"[{""Protocol"":""0x2525""","MessageType:""LocationInfoMessage""",ProtocolHeadType:19,"Imei:""869487064485674""",SerialNo:26278,Mileage:5267610,"Date:""2026-04-16T20:51:05Z""",IopIgnition:true,Latitude:4.6970734596252441,Longitude:-74.071395874023438,Altitude:2579.5,ExternalPowerVoltage:27.9,Rpm:-999,Speed:6.0,SatelliteNumber:18,Azimuth:52,BatteryLevel:100}]
368,"[{""Protocol"":""0x2525""","MessageType:""LocationInfoMessage""",ProtocolHeadType:19,"Imei:""869487064485674""",SerialNo:26279,Mileage:5267747,"Date:""2026-04-16T20:52:05Z""",IopIgnition:true,Latitude:4.6977648735046387,Longitude:-74.070388793945313,Altitude:2583.699951171875,ExternalPowerVoltage:27.86,Rpm:-999,Speed:0.0,SatelliteNumber:18,Azimuth:55,BatteryLevel:100}]
369,"[{""Protocol"":""0x2525""","MessageType:""LocationInfoMessage""",ProtocolHeadType:19,"Imei:""869487064485674""",SerialNo:26280,Mileage:5267780,"Date:""2026-04-16T20:53:05Z""",IopIgnition:true,Latitude:4.6979413032531738,Longitude:-74.070144653320313,Altitude:2583.199951171875,ExternalPowerVoltage:28.11,Rpm:-999,Speed:20.0,SatelliteNumber:18,Azimuth:52,BatteryLevel:100}]
370,"[{""Protocol"":""0x2525""","MessageType:""LocationInfoMessage""",ProtocolHeadType:19,"Imei:""869487064485674""",SerialNo:26281,Mileage:5267882,"Date:""2026-04-16T20:53:31Z""",IopIgnition:true,Latitude:4.6985387802124023,Longitude:-74.069465637207031,Altitude:2581.89990234375,ExternalPowerVoltage:27.99,Rpm:-999,Speed:10.0,SatelliteNumber:17,Azimuth:359,BatteryLevel:100}]
371,"[{""Protocol"":""0x2525""","MessageType:""LocationInfoMessage""",ProtocolHeadType:19,"Imei:""869487064485674""",SerialNo:26282,Mileage:5268560,"Date:""2026-04-16T20:55:05Z""",IopIgnition:true,Latitude:4.7044477462768555,Longitude:-74.070709228515625,Altitude:2574.0,ExternalPowerVoltage:28.06,Rpm:-999,Speed:21.0,SatelliteNumber:17,Azimuth:357,BatteryLevel:100}]
372,"[{""Protocol"":""0x2525""","MessageType:""LocationInfoMessage""",ProtocolHeadType:19,"Imei:""869487064485674""",SerialNo:26283,Mileage:5268842,"Date:""2026-04-16T20:56:04Z""",IopIgnition:true,Latitude:4.70693302154541,Longitude:-74.071128845214844,Altitude:2576.300048828125,ExternalPowerVoltage:28.02,Rpm:-999,Speed:0.0,SatelliteNumber:18,Azimuth:346,BatteryLevel:100}]
373,"[{""Protocol"":""0x2525""","MessageType:""LocationInfoMessage""",ProtocolHeadType:19,"Imei:""869487064485674""",SerialNo:26284,Mileage:5268953,"Date:""2026-04-16T20:57:05Z""",IopIgnition:true,Latitude:4.7078943252563477,Longitude:-74.071403503417969,Altitude:2577.199951171875,ExternalPowerVoltage:27.85,Rpm:-999,Speed:0.0,SatelliteNumber:17,Azimuth:343,BatteryLevel:100}]
374,"[{""Protocol"":""0x2525""","MessageType:""LocationInfoMessage""",ProtocolHeadType:19,"Imei:""869487064485674""",SerialNo:26285,Mileage:5268993,"Date:""2026-04-16T20:58:05Z""",IopIgnition:true,Latitude:4.7082424163818359,Longitude:-74.071479797363281,Altitude:2577.10009765625,ExternalPowerVoltage:28.11,Rpm:-999,Speed:21.0,SatelliteNumber:19,Azimuth:347,BatteryLevel:100}]
375,"[{""Protocol"":""0x2525""","MessageType:""LocationInfoMessage""",ProtocolHeadType:19,"Imei:""869487064485674""",SerialNo:26286,Mileage:5269054,"Date:""2026-04-16T20:59:05Z""",IopIgnition:true,Latitude:4.7087745666503906,Longitude:-74.07159423828125,Altitude:2576.300048828125,ExternalPowerVoltage:27.94,Rpm:-999,Speed:0.0,SatelliteNumber:18,Azimuth:348,BatteryLevel:100}]
376,"[{""Protocol"":""0x2525""","MessageType:""LocationInfoMessage""",ProtocolHeadType:19,"Imei:""869487064485674""",SerialNo:26287,Mileage:5269180,"Date:""2026-04-16T21:00:05Z""",IopIgnition:true,Latitude:4.709897518157959,Longitude:-74.071769714355469,Altitude:2571.5,ExternalPowerVoltage:27.97,Rpm:-999,Speed:0.0,SatelliteNumber:12,Azimuth:351,BatteryLevel:100}]
377,"[{""Protocol"":""0x2525""","MessageType:""LocationInfoMessage""",ProtocolHeadType:19,"Imei:""869487064485674""",SerialNo:26288,Mileage:5269193,"Date:""2026-04-16T21:01:04Z""",IopIgnition:true,Latitude:4.7100138664245605,Longitude:-74.071762084960938,Altitude:2573.199951171875,ExternalPowerVoltage:28.11,Rpm:-999,Speed:18.0,SatelliteNumber:11,Azimuth:356,BatteryLevel:100}]
378,"[{""Protocol"":""0x2525""","MessageType:""LocationInfoMessage""",ProtocolHeadType:19,"Imei:""869487064485674""",SerialNo:26289,Mileage:5269683,"Date:""2026-04-16T21:02:05Z""",IopIgnition:true,Latitude:4.71429443359375,Longitude:-74.07275390625,Altitude:2573.300048828125,ExternalPowerVoltage:28.12,Rpm:-999,Speed:41.0,SatelliteNumber:18,Azimuth:345,BatteryLevel:100}]
379,"[{""Protocol"":""0x2525""","MessageType:""LocationInfoMessage""",ProtocolHeadType:19,"Imei:""869487064485674""",SerialNo:26290,Mileage:5270276,"Date:""2026-04-16T21:03:05Z""",IopIgnition:true,Latitude:4.7194528579711914,Longitude:-74.074066162109375,Altitude:2581.10009765625,ExternalPowerVoltage:28.13,Rpm:-999,Speed:33.0,SatelliteNumber:18,Azimuth:332,BatteryLevel:100}]
380,"[{""Protocol"":""0x2525""","MessageType:""LocationInfoMessage""",ProtocolHeadType:19,"Imei:""869487064485674""",SerialNo:26291,Mileage:5270921,"Date:""2026-04-16T21:04:05Z""",IopIgnition:true,Latitude:4.7250890731811523,Longitude:-74.074714660644531,Altitude:2605.300048828125,ExternalPowerVoltage:28.12,Rpm:-999,Speed:38.0,SatelliteNumber:16,Azimuth:1,BatteryLevel:100}]
381,"[{""Protocol"":""0x2525""","MessageType:""LocationInfoMessage""",ProtocolHeadType:19,"Imei:""869487064485674""",SerialNo:26292,Mileage:5271568,"Date:""2026-04-16T21:05:05Z""",IopIgnition:true,Latitude:4.73089075088501,Longitude:-74.074745178222656,Altitude:2610.39990234375,ExternalPowerVoltage:28.12,Rpm:-999,Speed:40.0,SatelliteNumber:17,Azimuth:349,BatteryLevel:100}]
382,"[{""Protocol"":""0x2525""","MessageType:""LocationInfoMessage""",ProtocolHeadType:19,"Imei:""869487064485674""",SerialNo:26293,Mileage:5271816,"Date:""2026-04-16T21:05:28Z""",IopIgnition:true,Latitude:4.7329516410827637,Longitude:-74.075424194335938,Altitude:2618.5,ExternalPowerVoltage:28.07,Rpm:-999,Speed:22.0,SatelliteNumber:18,Azimuth:302,BatteryLevel:100}]
383,"[{""Protocol"":""0x2525""","MessageType:""LocationInfoMessage""",ProtocolHeadType:19,"Imei:""869487064485674""",SerialNo:26294,Mileage:5272683,"Date:""2026-04-16T21:07:05Z""",IopIgnition:true,Latitude:4.7366151809692383,Longitude:-74.082077026367188,Altitude:2613.10009765625,ExternalPowerVoltage:28.1,Rpm:-999,Speed:41.0,SatelliteNumber:19,Azimuth:323,BatteryLevel:100}]
384,"[{""Protocol"":""0x2525""","MessageType:""LocationInfoMessage""",ProtocolHeadType:19,"Imei:""869487064485674""",SerialNo:26295,Mileage:5273280,"Date:""2026-04-16T21:08:04Z""",IopIgnition:true,Latitude:4.73892068862915,Longitude:-74.086799621582031,Altitude:2579.10009765625,ExternalPowerVoltage:27.93,Rpm:-999,Speed:0.0,SatelliteNumber:17,Azimuth:316,BatteryLevel:100}]
385,"[{""Protocol"":""0x2525""","MessageType:""LocationInfoMessage""",ProtocolHeadType:19,"Imei:""869487064485674""",SerialNo:26296,Mileage:5273363,"Date:""2026-04-16T21:09:05Z""",IopIgnition:true,Latitude:4.739438533782959,Longitude:-74.087326049804688,Altitude:2577.800048828125,ExternalPowerVoltage:27.99,Rpm:-999,Speed:12.0,SatelliteNumber:16,Azimuth:308,BatteryLevel:100}]
386,"[{""Protocol"":""0x2525""","MessageType:""LocationInfoMessage""",ProtocolHeadType:19,"Imei:""869487064485674""",SerialNo:26297,Mileage:5273424,"Date:""2026-04-16T21:10:05Z""",IopIgnition:true,Latitude:4.73983097076416,Longitude:-74.087715148925781,Altitude:2580.0,ExternalPowerVoltage:28.1,Rpm:-999,Speed:17.0,SatelliteNumber:16,Azimuth:315,BatteryLevel:100}]
387,"[{""Protocol"":""0x2525""","MessageType:""LocationInfoMessage""",ProtocolHeadType:19,"Imei:""869487064485674""",SerialNo:26298,Mileage:5273507,"Date:""2026-04-16T21:11:05Z""",IopIgnition:true,Latitude:4.7403578758239746,Longitude:-74.088241577148438,Altitude:2580.300048828125,ExternalPowerVoltage:27.86,Rpm:-999,Speed:0.0,SatelliteNumber:18,Azimuth:311,BatteryLevel:100}]
388,"[{""Protocol"":""0x2525""","MessageType:""LocationInfoMessage""",ProtocolHeadType:19,"Imei:""869487064485674""",SerialNo:26299,Mileage:5273686,"Date:""2026-04-16T21:12:05Z""",IopIgnition:true,Latitude:4.7414822578430176,Longitude:-74.089393615722656,Altitude:2578.800048828125,ExternalPowerVoltage:28.06,Rpm:-999,Speed:17.0,SatelliteNumber:17,Azimuth:302,BatteryLevel:100}]
389,"[{""Protocol"":""0x2525""","MessageType:""LocationInfoMessage""",ProtocolHeadType:19,"Imei:""869487064485674""",SerialNo:26300,Mileage:5273716,"Date:""2026-04-16T21:13:04Z""",IopIgnition:true,Latitude:4.7416319847106934,Longitude:-74.0896224975586,Altitude:2578.60009765625,ExternalPowerVoltage:27.82,Rpm:-999,Speed:0.0,SatelliteNumber:16,Azimuth:307,BatteryLevel:100}]
390,"[{""Protocol"":""0x2525""","MessageType:""LocationInfoMessage""",ProtocolHeadType:19,"Imei:""869487064485674""",SerialNo:26301,Mileage:5274102,"Date:""2026-04-16T21:14:05Z""",IopIgnition:true,Latitude:4.7437710762023926,Longitude:-74.09234619140625,Altitude:2576.0,ExternalPowerVoltage:28.11,Rpm:-999,Speed:23.0,SatelliteNumber:16,Azimuth:305,BatteryLevel:100}]
391,"[{""Protocol"":""0x2525""","MessageType:""LocationInfoMessage""",ProtocolHeadType:19,"Imei:""869487064485674""",SerialNo:26302,Mileage:5274170,"Date:""2026-04-16T21:15:05Z""",IopIgnition:true,Latitude:4.7441391944885254,Longitude:-74.092842102050781,Altitude:2575.39990234375,ExternalPowerVoltage:28.07,Rpm:-999,Speed:0.0,SatelliteNumber:17,Azimuth:312,BatteryLevel:100}]
392,"[{""Protocol"":""0x2525""","MessageType:""LocationInfoMessage""",ProtocolHeadType:19,"Imei:""869487064485674""",SerialNo:26303,Mileage:5274446,"Date:""2026-04-16T21:16:05Z""",IopIgnition:true,Latitude:4.7455897331237793,Longitude:-74.094856262207031,Altitude:2575.0,ExternalPowerVoltage:27.99,Rpm:-999,Speed:14.0,SatelliteNumber:18,Azimuth:307,BatteryLevel:100}]
393,"[{""Protocol"":""0x2525""","MessageType:""LocationInfoMessage""",ProtocolHeadType:19,"Imei:""869487064485674""",SerialNo:26304,Mileage:5274573,"Date:""2026-04-16T21:17:05Z""",IopIgnition:true,Latitude:4.7463531494140625,Longitude:-74.095703125,Altitude:2573.89990234375,ExternalPowerVoltage:28.07,Rpm:-999,Speed:25.0,SatelliteNumber:18,Azimuth:307,BatteryLevel:100}]
394,"[{""Protocol"":""0x2525""","MessageType:""LocationInfoMessage""",ProtocolHeadType:19,"Imei:""869487064485674""",SerialNo:26305,Mileage:5275166,"Date:""2026-04-16T21:18:05Z""",IopIgnition:true,Latitude:4.749016284942627,Longitude:-74.100303649902344,Altitude:2573.10009765625,ExternalPowerVoltage:28.11,Rpm:-999,Speed:19.0,SatelliteNumber:17,Azimuth:295,BatteryLevel:100}]
395,"[{""Protocol"":""0x2525""","MessageType:""LocationInfoMessage""",ProtocolHeadType:19,"Imei:""869487064485674""",SerialNo:26306,Mileage:5275569,"Date:""2026-04-16T21:19:04Z""",IopIgnition:true,Latitude:4.75061559677124,Longitude:-74.103561401367188,Altitude:2572.60009765625,ExternalPowerVoltage:28.05,Rpm:-999,Speed:14.0,SatelliteNumber:16,Azimuth:294,BatteryLevel:100}]
396,"[{""Protocol"":""0x2525""","MessageType:""LocationInfoMessage""",ProtocolHeadType:19,"Imei:""869487064485674""",SerialNo:26307,Mileage:5275584,"Date:""2026-04-16T21:19:12Z""",IopIgnition:true,Latitude:4.7506251335144043,Longitude:-74.103691101074219,Altitude:2573.89990234375,ExternalPowerVoltage:27.91,Rpm:-999,Speed:5.0,SatelliteNumber:17,Azimuth:226,BatteryLevel:100}]
397,"[{""Protocol"":""0x2525""","MessageType:""LocationInfoMessage""",ProtocolHeadType:19,"Imei:""869487064485674""",SerialNo:26308,Mileage:5275601,"Date:""2026-04-16T21:19:40Z""",IopIgnition:true,Latitude:4.7504839897155762,Longitude:-74.103630065917969,Altitude:2573.10009765625,ExternalPowerVoltage:28.09,Rpm:-999,Speed:21.0,SatelliteNumber:17,Azimuth:120,BatteryLevel:100}]
398,"[{""Protocol"":""0x2525""","MessageType:""LocationInfoMessage""",ProtocolHeadType:19,"Imei:""869487064485674""",SerialNo:26309,Mileage:5275761,"Date:""2026-04-16T21:19:58Z""",IopIgnition:true,Latitude:4.7497491836547852,Longitude:-74.102409362792969,Altitude:2570.199951171875,ExternalPowerVoltage:28.08,Rpm:-999,Speed:19.0,SatelliteNumber:17,Azimuth:177,BatteryLevel:100}]
399,"[{""Protocol"":""0x2525""","MessageType:""LocationInfoMessage""",ProtocolHeadType:19,"Imei:""869487064485674""",SerialNo:26310,Mileage:5276071,"Date:""2026-04-16T21:20:34Z""",IopIgnition:true,Latitude:4.7473549842834473,Longitude:-74.103797912597656,Altitude:2570.89990234375,ExternalPowerVoltage:28.0,Rpm:-999,Speed:17.0,SatelliteNumber:18,Azimuth:226,BatteryLevel:100}]
400,"[{""Protocol"":""0x2525""","MessageType:""LocationInfoMessage""",ProtocolHeadType:19,"Imei:""869487064485674""",SerialNo:26311,Mileage:5276086,"Date:""2026-04-16T21:20:37Z""",IopIgnition:true,Latitude:4.7473125457763672,Longitude:-74.103935241699219,Altitude:2570.39990234375,ExternalPowerVoltage:28.09,Rpm:-999,Speed:21.0,SatelliteNumber:17,Azimuth:279,BatteryLevel:100}]
401,"[{""Protocol"":""0x2525""","MessageType:""LocationInfoMessage""",ProtocolHeadType:19,"Imei:""869487064485674""",SerialNo:26312,Mileage:5276297,"Date:""2026-04-16T21:21:03Z""",IopIgnition:true,Latitude:4.7475814819335938,Longitude:-74.10577392578125,Altitude:2570.39990234375,ExternalPowerVoltage:28.06,Rpm:-999,Speed:14.0,SatelliteNumber:17,Azimuth:331,BatteryLevel:100}]
402,"[{""Protocol"":""0x2525""","MessageType:""LocationInfoMessage""",ProtocolHeadType:19,"Imei:""869487064485674""",SerialNo:26313,Mileage:5276452,"Date:""2026-04-16T21:21:38Z""",IopIgnition:true,Latitude:4.748896598815918,Longitude:-74.105819702148438,Altitude:2572.10009765625,ExternalPowerVoltage:28.06,Rpm:-999,Speed:10.0,SatelliteNumber:17,Azimuth:268,BatteryLevel:100}]
403,"[{""Protocol"":""0x2525""","MessageType:""LocationInfoMessage""",ProtocolHeadType:19,"Imei:""869487064485674""",SerialNo:26314,Mileage:5276460,"Date:""2026-04-16T21:21:40Z""",IopIgnition:true,Latitude:4.7488670349121094,Longitude:-74.105880737304688,Altitude:2573.0,ExternalPowerVoltage:28.11,Rpm:-999,Speed:17.0,SatelliteNumber:17,Azimuth:222,BatteryLevel:100}]
404,"[{""Protocol"":""0x2525""","MessageType:""LocationInfoMessage""",ProtocolHeadType:19,"Imei:""869487064485674""",SerialNo:26315,Mileage:5276893,"Date:""2026-04-16T21:23:04Z""",IopIgnition:true,Latitude:4.7455987930297852,Longitude:-74.107994079589844,Altitude:2569.0,ExternalPowerVoltage:28.06,Rpm:-999,Speed:0.0,SatelliteNumber:16,Azimuth:221,BatteryLevel:100}]
405,"[{""Protocol"":""0x2525""","MessageType:""LocationInfoMessage""",ProtocolHeadType:19,"Imei:""869487064485674""",SerialNo:26316,Mileage:5276933,"Date:""2026-04-16T21:23:25Z""",IopIgnition:true,Latitude:4.7454051971435547,Longitude:-74.108291625976563,Altitude:2568.89990234375,ExternalPowerVoltage:28.12,Rpm:-999,Speed:14.0,SatelliteNumber:17,Azimuth:269,BatteryLevel:100}]
406,"[{""Protocol"":""0x2525""","MessageType:""LocationInfoMessage""",ProtocolHeadType:19,"Imei:""869487064485674""",SerialNo:26317,Mileage:5277553,"Date:""2026-04-16T21:25:05Z""",IopIgnition:true,Latitude:4.7468438148498535,Longitude:-74.113685607910156,Altitude:2576.89990234375,ExternalPowerVoltage:28.12,Rpm:-999,Speed:15.0,SatelliteNumber:16,Azimuth:281,BatteryLevel:100}]
407,"[{""Protocol"":""0x2525""","MessageType:""LocationInfoMessage""",ProtocolHeadType:19,"Imei:""869487064485674""",SerialNo:26318,Mileage:5277936,"Date:""2026-04-16T21:26:04Z""",IopIgnition:true,Latitude:4.747246265411377,Longitude:-74.117103576660156,Altitude:2571.60009765625,ExternalPowerVoltage:28.12,Rpm:-999,Speed:13.0,SatelliteNumber:15,Azimuth:274,BatteryLevel:100}]
408,"[{""Protocol"":""0x2525""","MessageType:""LocationInfoMessage""",ProtocolHeadType:19,"Imei:""869487064485674""",SerialNo:26319,Mileage:5278222,"Date:""2026-04-16T21:27:05Z""",IopIgnition:true,Latitude:4.747471809387207,Longitude:-74.119667053222656,Altitude:2575.60009765625,ExternalPowerVoltage:28.12,Rpm:-999,Speed:19.0,SatelliteNumber:17,Azimuth:274,BatteryLevel:100}]
409,"[{""Protocol"":""0x2525""","MessageType:""LocationInfoMessage""",ProtocolHeadType:19,"Imei:""869487064485674""",SerialNo:26320,Mileage:5278353,"Date:""2026-04-16T21:28:03Z""",IopIgnition:true,Latitude:4.747535228729248,Longitude:-74.1208267211914,Altitude:2578.39990234375,ExternalPowerVoltage:28.12,Rpm:-999,Speed:11.0,SatelliteNumber:18,Azimuth:218,BatteryLevel:100}]
410,"[{""Protocol"":""0x2525""","MessageType:""LocationInfoMessage""",ProtocolHeadType:19,"Imei:""869487064485674""",SerialNo:26321,Mileage:5278361,"Date:""2026-04-16T21:28:05Z""",IopIgnition:true,Latitude:4.7474679946899414,Longitude:-74.120834350585938,Altitude:2578.0,ExternalPowerVoltage:28.12,Rpm:-999,Speed:13.0,SatelliteNumber:17,Azimuth:172,BatteryLevel:100}]
411,"[{""Protocol"":""0x2525""","MessageType:""LocationInfoMessage""",ProtocolHeadType:19,"Imei:""869487064485674""",SerialNo:26322,Mileage:5278473,"Date:""2026-04-16T21:28:38Z""",IopIgnition:true,Latitude:4.746577262878418,Longitude:-74.120498657226563,Altitude:2567.5,ExternalPowerVoltage:28.12,Rpm:-999,Speed:13.0,SatelliteNumber:18,Azimuth:253,BatteryLevel:100}]
412,"[{""Protocol"":""0x2525""","MessageType:""LocationInfoMessage""",ProtocolHeadType:19,"Imei:""869487064485674""",SerialNo:26323,Mileage:5278517,"Date:""2026-04-16T21:30:05Z""",IopIgnition:true,Latitude:4.7464694976806641,Longitude:-74.120880126953125,Altitude:2567.699951171875,ExternalPowerVoltage:28.02,Rpm:-999,Speed:0.0,SatelliteNumber:15,Azimuth:248,BatteryLevel:100}]
413,"[{""Protocol"":""0x2525""","MessageType:""LocationInfoMessage""",ProtocolHeadType:19,"Imei:""869487064485674""",SerialNo:26324,Mileage:5278527,"Date:""2026-04-16T21:31:04Z""",IopIgnition:true,Latitude:4.7464261054992676,Longitude:-74.120964050292969,Altitude:2568.300048828125,ExternalPowerVoltage:28.07,Rpm:-999,Speed:8.0,SatelliteNumber:17,Azimuth:266,BatteryLevel:100}]
414,"[{""Protocol"":""0x2525""","MessageType:""LocationInfoMessage""",ProtocolHeadType:19,"Imei:""869487064485674""",SerialNo:26325,Mileage:5278633,"Date:""2026-04-16T21:32:05Z""",IopIgnition:true,Latitude:4.7461047172546387,Longitude:-74.121856689453125,Altitude:2566.89990234375,ExternalPowerVoltage:27.96,Rpm:-999,Speed:0.0,SatelliteNumber:16,Azimuth:251,BatteryLevel:100}]
415,"[{""Protocol"":""0x2525""","MessageType:""LocationInfoMessage""",ProtocolHeadType:19,"Imei:""869487064485674""",SerialNo:26326,Mileage:5278716,"Date:""2026-04-16T21:33:05Z""",IopIgnition:true,Latitude:4.7458581924438477,Longitude:-74.12255859375,Altitude:2567.10009765625,ExternalPowerVoltage:27.93,Rpm:-999,Speed:0.0,SatelliteNumber:18,Azimuth:249,BatteryLevel:100}]
416,"[{""Protocol"":""0x2525""","MessageType:""LocationInfoMessage""",ProtocolHeadType:19,"Imei:""869487064485674""",SerialNo:26327,Mileage:5278944,"Date:""2026-04-16T21:34:05Z""",IopIgnition:true,Latitude:4.745234489440918,Longitude:-74.124504089355469,Altitude:2569.39990234375,ExternalPowerVoltage:28.11,Rpm:-999,Speed:14.0,SatelliteNumber:17,Azimuth:250,BatteryLevel:100}]
417,"[{""Protocol"":""0x2525""","MessageType:""LocationInfoMessage""",ProtocolHeadType:19,"Imei:""869487064485674""",SerialNo:26328,Mileage:5279269,"Date:""2026-04-16T21:35:05Z""",IopIgnition:true,Latitude:4.7442741394042969,Longitude:-74.127273559570313,Altitude:2569.89990234375,ExternalPowerVoltage:28.1,Rpm:-999,Speed:21.0,SatelliteNumber:16,Azimuth:251,BatteryLevel:100}]
418,"[{""Protocol"":""0x2525""","MessageType:""LocationInfoMessage""",ProtocolHeadType:19,"Imei:""869487064485674""",SerialNo:26329,Mileage:5279354,"Date:""2026-04-16T21:36:05Z""",IopIgnition:true,Latitude:4.7442598342895508,Longitude:-74.128013610839844,Altitude:2570.10009765625,ExternalPowerVoltage:28.0,Rpm:-999,Speed:0.0,SatelliteNumber:16,Azimuth:289,BatteryLevel:100}]
419,"[{""Protocol"":""0x2525""","MessageType:""LocationInfoMessage""",ProtocolHeadType:19,"Imei:""869487064485674""",SerialNo:26330,Mileage:5279354,"Date:""2026-04-16T21:37:06Z""",IopIgnition:true,Latitude:4.7442598342895508,Longitude:-74.128013610839844,Altitude:2570.10009765625,ExternalPowerVoltage:27.9,Rpm:-999,Speed:0.0,SatelliteNumber:16,Azimuth:289,BatteryLevel:100}]
420,"[{""Protocol"":""0x2525""","MessageType:""LocationInfoMessage""",ProtocolHeadType:19,"Imei:""869487064485674""",SerialNo:26331,Mileage:5279354,"Date:""2026-04-16T21:38:05Z""",IopIgnition:true,Latitude:4.7442598342895508,Longitude:-74.128013610839844,Altitude:2570.10009765625,ExternalPowerVoltage:27.9,Rpm:-999,Speed:0.0,SatelliteNumber:13,Azimuth:289,BatteryLevel:100}]
421,"[{""Protocol"":""0x2525""","MessageType:""LocationInfoMessage""",ProtocolHeadType:19,"Imei:""869487064485674""",SerialNo:26332,Mileage:5279354,"Date:""2026-04-16T21:39:05Z""",IopIgnition:true,Latitude:4.7442598342895508,Longitude:-74.128013610839844,Altitude:2570.10009765625,ExternalPowerVoltage:27.99,Rpm:-999,Speed:0.0,SatelliteNumber:19,Azimuth:289,BatteryLevel:100}]
422,"[{""Protocol"":""0x2525""","MessageType:""LocationInfoMessage""",ProtocolHeadType:19,"Imei:""869487064485674""",SerialNo:26333,Mileage:5279354,"Date:""2026-04-16T21:40:05Z""",IopIgnition:true,Latitude:4.7442598342895508,Longitude:-74.128013610839844,Altitude:2570.10009765625,ExternalPowerVoltage:27.88,Rpm:-999,Speed:0.0,SatelliteNumber:16,Azimuth:289,BatteryLevel:100}]
423,"[{""Protocol"":""0x2525""","MessageType:""LocationInfoMessage""",ProtocolHeadType:19,"Imei:""869487064485674""",SerialNo:26334,Mileage:5279354,"Date:""2026-04-16T21:41:05Z""",IopIgnition:true,Latitude:4.7442598342895508,Longitude:-74.128013610839844,Altitude:2570.10009765625,ExternalPowerVoltage:28.0,Rpm:-999,Speed:0.0,SatelliteNumber:17,Azimuth:289,BatteryLevel:100}]
424,"[{""Protocol"":""0x2525""","MessageType:""LocationInfoMessage""",ProtocolHeadType:19,"Imei:""869487064485674""",SerialNo:26335,Mileage:5279354,"Date:""2026-04-16T21:42:05Z""",IopIgnition:true,Latitude:4.7442598342895508,Longitude:-74.128013610839844,Altitude:2570.10009765625,ExternalPowerVoltage:27.92,Rpm:-999,Speed:0.0,SatelliteNumber:15,Azimuth:289,BatteryLevel:100}]
425,"[{""Protocol"":""0x2525""","MessageType:""LocationInfoMessage""",ProtocolHeadType:19,"Imei:""869487064485674""",SerialNo:26336,Mileage:5279354,"Date:""2026-04-16T21:43:05Z""",IopIgnition:true,Latitude:4.7442598342895508,Longitude:-74.128013610839844,Altitude:2570.10009765625,ExternalPowerVoltage:27.85,Rpm:-999,Speed:0.0,SatelliteNumber:16,Azimuth:289,BatteryLevel:100}]
426,"[{""Protocol"":""0x2525""","MessageType:""LocationInfoMessage""",ProtocolHeadType:19,"Imei:""869487064485674""",SerialNo:26337,Mileage:5279369,"Date:""2026-04-16T21:43:25Z""",IopIgnition:true,Latitude:4.7442159652709961,Longitude:-74.128135681152344,Altitude:2572.699951171875,ExternalPowerVoltage:28.06,Rpm:-999,Speed:9.0,SatelliteNumber:17,Azimuth:281,BatteryLevel:100}]
427,"[{""Protocol"":""0x2525""","MessageType:""SignInMessage""",ProtocolHeadType:0,"Imei:""869487064485674""",SerialNo:264,"Firmware:""V1.0.1.8""",Model:0,ObdBootVersion:null,ObdDataVersion:null,ObdHareware:null,ObdSoftware:null,Platform:null,"Software:""V0.0.0""}]",,,,
428,"[{""Protocol"":""0x2525""","MessageType:""NetworkInfoMessage""",ProtocolHeadType:0,"Imei:""869487064485674""",SerialNo:244,"AccessTechnology:""CAT-1""","Band:""CAT-1 2""","Date:""2026-04-16T21:43:49Z""","Iccid:""89571017025023250790""","Imsi:""732101725325077""","NetworkOperator:""LaSeleNosLlama""}]",,,,,,
429,"[{""Protocol"":""0x2525""","MessageType:""LocationInfoMessage""",ProtocolHeadType:19,"Imei:""869487064485674""",SerialNo:26338,Mileage:5279445,"Date:""2026-04-16T21:43:57Z""",IopIgnition:true,Latitude:4.7443509101867676,Longitude:-74.128753662109375,Altitude:2572.199951171875,ExternalPowerVoltage:28.06,Rpm:-999,Speed:14.0,SatelliteNumber:17,Azimuth:193,BatteryLevel:100}]
430,"[{""Protocol"":""0x2525""","MessageType:""LocationInfoMessage""",ProtocolHeadType:19,"Imei:""869487064485674""",SerialNo:26339,Mileage:5279683,"Date:""2026-04-16T21:44:37Z""",IopIgnition:true,Latitude:4.7423129081726074,Longitude:-74.129364013671875,Altitude:2560.5,ExternalPowerVoltage:28.12,Rpm:-999,Speed:17.0,SatelliteNumber:18,Azimuth:245,BatteryLevel:100}]
431,"[{""Protocol"":""0x2525""","MessageType:""LocationInfoMessage""",ProtocolHeadType:19,"Imei:""869487064485674""",SerialNo:26340,Mileage:5279829,"Date:""2026-04-16T21:45:00Z""",IopIgnition:true,Latitude:4.7418570518493652,Longitude:-74.130569458007813,Altitude:2557.800048828125,ExternalPowerVoltage:28.04,Rpm:-999,Speed:11.0,SatelliteNumber:15,Azimuth:181,BatteryLevel:100}]
432,"[{""Protocol"":""0x2525""","MessageType:""LocationInfoMessage""",ProtocolHeadType:19,"Imei:""869487064485674""",SerialNo:26341,Mileage:5280033,"Date:""2026-04-16T21:45:37Z""",IopIgnition:true,Latitude:4.7401881217956543,Longitude:-74.129829406738281,Altitude:2567.0,ExternalPowerVoltage:27.99,Rpm:-999,Speed:7.0,SatelliteNumber:16,Azimuth:129,BatteryLevel:100}]
433,"[{""Protocol"":""0x2525""","MessageType:""LocationInfoMessage""",ProtocolHeadType:19,"Imei:""869487064485674""",SerialNo:26342,Mileage:5280042,"Date:""2026-04-16T21:45:40Z""",IopIgnition:true,Latitude:4.7401762008666992,Longitude:-74.129745483398438,Altitude:2566.39990234375,ExternalPowerVoltage:28.04,Rpm:-999,Speed:14.0,SatelliteNumber:18,Azimuth:76,BatteryLevel:100}]
434,"[{""Protocol"":""0x2525""","MessageType:""LocationInfoMessage""",ProtocolHeadType:19,"Imei:""869487064485674""",SerialNo:26343,Mileage:5280534,"Date:""2026-04-16T21:47:05Z""",IopIgnition:true,Latitude:4.741919994354248,Longitude:-74.125694274902344,Altitude:2576.699951171875,ExternalPowerVoltage:28.09,Rpm:-999,Speed:7.0,SatelliteNumber:16,Azimuth:57,BatteryLevel:100}]
435,"[{""Protocol"":""0x2525""","MessageType:""LocationInfoMessage""",ProtocolHeadType:19,"Imei:""869487064485674""",SerialNo:26344,Mileage:5280616,"Date:""2026-04-16T21:48:04Z""",IopIgnition:true,Latitude:4.7421989440917969,Longitude:-74.125007629394531,Altitude:2576.199951171875,ExternalPowerVoltage:28.03,Rpm:-999,Speed:0.0,SatelliteNumber:15,Azimuth:48,BatteryLevel:100}]
436,"[{""Protocol"":""0x2525""","MessageType:""LocationInfoMessage""",ProtocolHeadType:19,"Imei:""869487064485674""",SerialNo:26345,Mileage:5280616,"Date:""2026-04-16T21:49:04Z""",IopIgnition:true,Latitude:4.7421989440917969,Longitude:-74.125007629394531,Altitude:2576.199951171875,ExternalPowerVoltage:27.89,Rpm:-999,Speed:0.0,SatelliteNumber:17,Azimuth:48,BatteryLevel:100}]
437,"[{""Protocol"":""0x2525""","MessageType:""LocationInfoMessage""",ProtocolHeadType:19,"Imei:""869487064485674""",SerialNo:26346,Mileage:5280616,"Date:""2026-04-16T21:50:05Z""",IopIgnition:true,Latitude:4.7421989440917969,Longitude:-74.125007629394531,Altitude:2576.199951171875,ExternalPowerVoltage:27.81,Rpm:-999,Speed:0.0,SatelliteNumber:15,Azimuth:48,BatteryLevel:100}]
438,"[{""Protocol"":""0x2525""","MessageType:""LocationInfoMessage""",ProtocolHeadType:19,"Imei:""869487064485674""",SerialNo:26347,Mileage:5280616,"Date:""2026-04-16T21:51:05Z""",IopIgnition:true,Latitude:4.7421989440917969,Longitude:-74.125007629394531,Altitude:2576.199951171875,ExternalPowerVoltage:27.98,Rpm:-999,Speed:0.0,SatelliteNumber:15,Azimuth:48,BatteryLevel:100}]
439,"[{""Protocol"":""0x2525""","MessageType:""LocationInfoMessage""",ProtocolHeadType:19,"Imei:""869487064485674""",SerialNo:26348,Mileage:5280616,"Date:""2026-04-16T21:52:05Z""",IopIgnition:true,Latitude:4.7421989440917969,Longitude:-74.125007629394531,Altitude:2576.199951171875,ExternalPowerVoltage:27.94,Rpm:-999,Speed:0.0,SatelliteNumber:15,Azimuth:48,BatteryLevel:100}]
440,"[{""Protocol"":""0x2525""","MessageType:""LocationInfoMessage""",ProtocolHeadType:19,"Imei:""869487064485674""",SerialNo:26349,Mileage:5280616,"Date:""2026-04-16T21:53:05Z""",IopIgnition:true,Latitude:4.7421989440917969,Longitude:-74.125007629394531,Altitude:2576.199951171875,ExternalPowerVoltage:27.86,Rpm:-999,Speed:0.0,SatelliteNumber:17,Azimuth:48,BatteryLevel:100}]
441,"[{""Protocol"":""0x2525""","MessageType:""LocationInfoMessage""",ProtocolHeadType:19,"Imei:""869487064485674""",SerialNo:26350,Mileage:5280616,"Date:""2026-04-16T21:54:05Z""",IopIgnition:true,Latitude:4.7421989440917969,Longitude:-74.125007629394531,Altitude:2576.199951171875,ExternalPowerVoltage:27.93,Rpm:-999,Speed:0.0,SatelliteNumber:18,Azimuth:48,BatteryLevel:100}]
442,"[{""Protocol"":""0x2525""","MessageType:""LocationInfoMessage""",ProtocolHeadType:19,"Imei:""869487064485674""",SerialNo:26351,Mileage:5280616,"Date:""2026-04-16T21:55:05Z""",IopIgnition:true,Latitude:4.7421989440917969,Longitude:-74.125007629394531,Altitude:2576.199951171875,ExternalPowerVoltage:27.93,Rpm:-999,Speed:0.0,SatelliteNumber:15,Azimuth:48,BatteryLevel:100}]
443,"[{""Protocol"":""0x2525""","MessageType:""LocationInfoMessage""",ProtocolHeadType:19,"Imei:""869487064485674""",SerialNo:26352,Mileage:5280616,"Date:""2026-04-16T21:56:04Z""",IopIgnition:true,Latitude:4.7421989440917969,Longitude:-74.125007629394531,Altitude:2576.199951171875,ExternalPowerVoltage:27.91,Rpm:-999,Speed:0.0,SatelliteNumber:16,Azimuth:48,BatteryLevel:100}]
444,"[{""Protocol"":""0x2525""","MessageType:""LocationInfoMessage""",ProtocolHeadType:19,"Imei:""869487064485674""",SerialNo:26353,Mileage:5280616,"Date:""2026-04-16T21:57:05Z""",IopIgnition:true,Latitude:4.7421989440917969,Longitude:-74.125007629394531,Altitude:2576.199951171875,ExternalPowerVoltage:27.92,Rpm:-999,Speed:0.0,SatelliteNumber:16,Azimuth:48,BatteryLevel:100}]
445,"[{""Protocol"":""0x2525""","MessageType:""LocationInfoMessage""",ProtocolHeadType:19,"Imei:""869487064485674""",SerialNo:26354,Mileage:5280616,"Date:""2026-04-16T21:58:05Z""",IopIgnition:true,Latitude:4.7421989440917969,Longitude:-74.125007629394531,Altitude:2576.199951171875,ExternalPowerVoltage:27.98,Rpm:-999,Speed:0.0,SatelliteNumber:13,Azimuth:48,BatteryLevel:100}]
446,"[{""Protocol"":""0x2525""","MessageType:""LocationInfoMessage""",ProtocolHeadType:19,"Imei:""869487064485674""",SerialNo:26355,Mileage:5280616,"Date:""2026-04-16T21:59:05Z""",IopIgnition:true,Latitude:4.7421989440917969,Longitude:-74.125007629394531,Altitude:2576.199951171875,ExternalPowerVoltage:27.98,Rpm:-999,Speed:0.0,SatelliteNumber:17,Azimuth:48,BatteryLevel:100}]
447,"[{""Protocol"":""0x2525""","MessageType:""LocationInfoMessage""",ProtocolHeadType:19,"Imei:""869487064485674""",SerialNo:26356,Mileage:5280616,"Date:""2026-04-16T22:00:05Z""",IopIgnition:true,Latitude:4.7421989440917969,Longitude:-74.125007629394531,Altitude:2576.199951171875,ExternalPowerVoltage:27.97,Rpm:-999,Speed:0.0,SatelliteNumber:18,Azimuth:48,BatteryLevel:100}]
448,"[{""Protocol"":""0x2525""","MessageType:""LocationInfoMessage""",ProtocolHeadType:19,"Imei:""869487064485674""",SerialNo:26357,Mileage:5280616,"Date:""2026-04-16T22:01:05Z""",IopIgnition:true,Latitude:4.7421989440917969,Longitude:-74.125007629394531,Altitude:2576.199951171875,ExternalPowerVoltage:28.04,Rpm:-999,Speed:0.0,SatelliteNumber:17,Azimuth:48,BatteryLevel:100}]
449,"[{""Protocol"":""0x2525""","MessageType:""LocationInfoMessage""",ProtocolHeadType:19,"Imei:""869487064485674""",SerialNo:26358,Mileage:5280616,"Date:""2026-04-16T22:02:05Z""",IopIgnition:true,Latitude:4.7421989440917969,Longitude:-74.125007629394531,Altitude:2576.199951171875,ExternalPowerVoltage:27.91,Rpm:-999,Speed:0.0,SatelliteNumber:14,Azimuth:48,BatteryLevel:100}]
450,"[{""Protocol"":""0x2525""","MessageType:""LocationInfoMessage""",ProtocolHeadType:19,"Imei:""869487064485674""",SerialNo:26359,Mileage:5280616,"Date:""2026-04-16T22:03:05Z""",IopIgnition:true,Latitude:4.7421989440917969,Longitude:-74.125007629394531,Altitude:2576.199951171875,ExternalPowerVoltage:27.98,Rpm:-999,Speed:0.0,SatelliteNumber:15,Azimuth:48,BatteryLevel:100}]
451,"[{""Protocol"":""0x2525""","MessageType:""LocationInfoMessage""",ProtocolHeadType:19,"Imei:""869487064485674""",SerialNo:26360,Mileage:5280616,"Date:""2026-04-16T22:04:04Z""",IopIgnition:true,Latitude:4.7421989440917969,Longitude:-74.125007629394531,Altitude:2576.199951171875,ExternalPowerVoltage:28.0,Rpm:-999,Speed:0.0,SatelliteNumber:15,Azimuth:48,BatteryLevel:100}]
452,"[{""Protocol"":""0x2525""","MessageType:""LocationInfoMessage""",ProtocolHeadType:19,"Imei:""869487064485674""",SerialNo:26361,Mileage:5280616,"Date:""2026-04-16T22:05:05Z""",IopIgnition:true,Latitude:4.7421989440917969,Longitude:-74.125007629394531,Altitude:2576.199951171875,ExternalPowerVoltage:27.92,Rpm:-999,Speed:0.0,SatelliteNumber:17,Azimuth:48,BatteryLevel:100}]
453,"[{""Protocol"":""0x2525""","MessageType:""LocationInfoMessage""",ProtocolHeadType:19,"Imei:""869487064485674""",SerialNo:26362,Mileage:5280616,"Date:""2026-04-16T22:06:05Z""",IopIgnition:true,Latitude:4.7421989440917969,Longitude:-74.125007629394531,Altitude:2576.199951171875,ExternalPowerVoltage:27.95,Rpm:-999,Speed:0.0,SatelliteNumber:16,Azimuth:48,BatteryLevel:100}]
454,"[{""Protocol"":""0x2525""","MessageType:""LocationInfoMessage""",ProtocolHeadType:19,"Imei:""869487064485674""",SerialNo:26363,Mileage:5280616,"Date:""2026-04-16T22:07:05Z""",IopIgnition:true,Latitude:4.7421989440917969,Longitude:-74.125007629394531,Altitude:2576.199951171875,ExternalPowerVoltage:28.03,Rpm:-999,Speed:0.0,SatelliteNumber:17,Azimuth:48,BatteryLevel:100}]
455,"[{""Protocol"":""0x2525""","MessageType:""LocationInfoMessage""",ProtocolHeadType:19,"Imei:""869487064485674""",SerialNo:26364,Mileage:5280824,"Date:""2026-04-16T22:08:05Z""",IopIgnition:true,Latitude:4.7429256439208984,Longitude:-74.123291015625,Altitude:2570.89990234375,ExternalPowerVoltage:28.12,Rpm:-999,Speed:24.0,SatelliteNumber:14,Azimuth:63,BatteryLevel:100}]
456,"[{""Protocol"":""0x2525""","MessageType:""LocationInfoMessage""",ProtocolHeadType:19,"Imei:""869487064485674""",SerialNo:26365,Mileage:5281017,"Date:""2026-04-16T22:09:05Z""",IopIgnition:true,Latitude:4.7435693740844727,Longitude:-74.121673583984375,Altitude:2570.300048828125,ExternalPowerVoltage:28.11,Rpm:-999,Speed:25.0,SatelliteNumber:15,Azimuth:67,BatteryLevel:100}]
457,"[{""Protocol"":""0x2525""","MessageType:""LocationInfoMessage""",ProtocolHeadType:19,"Imei:""869487064485674""",SerialNo:26366,Mileage:5281207,"Date:""2026-04-16T22:10:05Z""",IopIgnition:true,Latitude:4.7442283630371094,Longitude:-74.120101928710938,Altitude:2564.800048828125,ExternalPowerVoltage:27.9,Rpm:-999,Speed:0.0,SatelliteNumber:17,Azimuth:74,BatteryLevel:100}]
458,"[{""Protocol"":""0x2525""","MessageType:""LocationInfoMessage""",ProtocolHeadType:19,"Imei:""869487064485674""",SerialNo:26367,Mileage:5281392,"Date:""2026-04-16T22:11:05Z""",IopIgnition:true,Latitude:4.744840145111084,Longitude:-74.118545532226563,Altitude:2568.60009765625,ExternalPowerVoltage:28.12,Rpm:-999,Speed:24.0,SatelliteNumber:15,Azimuth:70,BatteryLevel:100}]
459,"[{""Protocol"":""0x2525""","MessageType:""LocationInfoMessage""",ProtocolHeadType:19,"Imei:""869487064485674""",SerialNo:26368,Mileage:5281568,"Date:""2026-04-16T22:11:33Z""",IopIgnition:true,Latitude:4.7451291084289551,Longitude:-74.117073059082031,Altitude:2572.10009765625,ExternalPowerVoltage:28.12,Rpm:-999,Speed:18.0,SatelliteNumber:18,Azimuth:122,BatteryLevel:100}]
460,"[{""Protocol"":""0x2525""","MessageType:""LocationInfoMessage""",ProtocolHeadType:19,"Imei:""869487064485674""",SerialNo:26369,Mileage:5281770,"Date:""2026-04-16T22:12:33Z""",IopIgnition:true,Latitude:4.7443375587463379,Longitude:-74.115447998046875,Altitude:2574.699951171875,ExternalPowerVoltage:28.09,Rpm:-999,Speed:14.0,SatelliteNumber:17,Azimuth:48,BatteryLevel:100}]
461,"[{""Protocol"":""0x2525""","MessageType:""LocationInfoMessage""",ProtocolHeadType:19,"Imei:""869487064485674""",SerialNo:26370,Mileage:5282099,"Date:""2026-04-16T22:14:05Z""",IopIgnition:true,Latitude:4.7468438148498535,Longitude:-74.1140365600586,Altitude:2577.89990234375,ExternalPowerVoltage:27.94,Rpm:-999,Speed:8.0,SatelliteNumber:17,Azimuth:39,BatteryLevel:100}]
462,"[{""Protocol"":""0x2525""","MessageType:""LocationInfoMessage""",ProtocolHeadType:19,"Imei:""869487064485674""",SerialNo:26371,Mileage:5282112,"Date:""2026-04-16T22:14:15Z""",IopIgnition:true,Latitude:4.7469320297241211,Longitude:-74.1141128540039,Altitude:2578.800048828125,ExternalPowerVoltage:28.1,Rpm:-999,Speed:14.0,SatelliteNumber:18,Azimuth:280,BatteryLevel:100}]
463,"[{""Protocol"":""0x2525""","MessageType:""LocationInfoMessage""",ProtocolHeadType:19,"Imei:""869487064485674""",SerialNo:26372,Mileage:5282369,"Date:""2026-04-16T22:15:08Z""",IopIgnition:true,Latitude:4.7472257614135742,Longitude:-74.116378784179688,Altitude:2568.5,ExternalPowerVoltage:27.75,Rpm:-999,Speed:7.0,SatelliteNumber:16,Azimuth:355,BatteryLevel:100}]
464,"[{""Protocol"":""0x2525""","MessageType:""LocationInfoMessage""",ProtocolHeadType:19,"Imei:""869487064485674""",SerialNo:26373,Mileage:5282440,"Date:""2026-04-16T22:15:24Z""",IopIgnition:true,Latitude:4.7478494644165039,Longitude:-74.116294860839844,Altitude:2565.89990234375,ExternalPowerVoltage:28.02,Rpm:-999,Speed:14.0,SatelliteNumber:16,Azimuth:55,BatteryLevel:100}]
465,"[{""Protocol"":""0x2525""","MessageType:""LocationInfoMessage""",ProtocolHeadType:19,"Imei:""869487064485674""",SerialNo:26374,Mileage:5282935,"Date:""2026-04-16T22:16:32Z""",IopIgnition:true,Latitude:4.7508883476257324,Longitude:-74.113525390625,Altitude:2567.800048828125,ExternalPowerVoltage:28.04,Rpm:-999,Speed:14.0,SatelliteNumber:18,Azimuth:9,BatteryLevel:100}]
466,"[{""Protocol"":""0x2525""","MessageType:""LocationInfoMessage""",ProtocolHeadType:19,"Imei:""869487064485674""",SerialNo:26375,Mileage:5283230,"Date:""2026-04-16T22:17:42Z""",IopIgnition:true,Latitude:4.75322151184082,Longitude:-74.112335205078125,Altitude:2564.0,ExternalPowerVoltage:28.06,Rpm:-999,Speed:12.0,SatelliteNumber:18,Azimuth:323,BatteryLevel:100}]
467,"[{""Protocol"":""0x2525""","MessageType:""LocationInfoMessage""",ProtocolHeadType:19,"Imei:""869487064485674""",SerialNo:26376,Mileage:5283246,"Date:""2026-04-16T22:17:46Z""",IopIgnition:true,Latitude:4.75327205657959,Longitude:-74.112472534179688,Altitude:2563.800048828125,ExternalPowerVoltage:28.09,Rpm:-999,Speed:15.0,SatelliteNumber:18,Azimuth:276,BatteryLevel:100}]
468,"[{""Protocol"":""0x2525""","MessageType:""LocationInfoMessage""",ProtocolHeadType:19,"Imei:""869487064485674""",SerialNo:26377,Mileage:5283588,"Date:""2026-04-16T22:19:05Z""",IopIgnition:true,Latitude:4.7535700798034668,Longitude:-74.11553955078125,Altitude:2563.199951171875,ExternalPowerVoltage:28.11,Rpm:-999,Speed:11.0,SatelliteNumber:16,Azimuth:276,BatteryLevel:100}]
469,"[{""Protocol"":""0x2525""","MessageType:""LocationInfoMessage""",ProtocolHeadType:19,"Imei:""869487064485674""",SerialNo:26378,Mileage:5283619,"Date:""2026-04-16T22:19:36Z""",IopIgnition:true,Latitude:4.7536187171936035,Longitude:-74.115806579589844,Altitude:2559.10009765625,ExternalPowerVoltage:27.99,Rpm:-999,Speed:5.0,SatelliteNumber:17,Azimuth:326,BatteryLevel:100}]
470,"[{""Protocol"":""0x2525""","MessageType:""LocationInfoMessage""",ProtocolHeadType:19,"Imei:""869487064485674""",SerialNo:26379,Mileage:5283753,"Date:""2026-04-16T22:20:10Z""",IopIgnition:true,Latitude:4.7548069953918457,Longitude:-74.115707397460938,Altitude:2562.89990234375,ExternalPowerVoltage:28.01,Rpm:-999,Speed:7.0,SatelliteNumber:16,Azimuth:15,BatteryLevel:100}]
471,"[{""Protocol"":""0x2525""","MessageType:""LocationInfoMessage""",ProtocolHeadType:19,"Imei:""869487064485674""",SerialNo:26380,Mileage:5283860,"Date:""2026-04-16T22:21:13Z""",IopIgnition:true,Latitude:4.755523681640625,Longitude:-74.115653991699219,Altitude:2565.10009765625,ExternalPowerVoltage:28.17,Rpm:-999,Speed:19.0,SatelliteNumber:16,Azimuth:188,BatteryLevel:100}]
472,"[{""Protocol"":""0x2525""","MessageType:""LocationInfoMessage""",ProtocolHeadType:19,"Imei:""869487064485674""",SerialNo:26381,Mileage:5283915,"Date:""2026-04-16T22:22:14Z""",IopIgnition:true,Latitude:4.7550411224365234,Longitude:-74.11572265625,Altitude:2565.10009765625,ExternalPowerVoltage:28.16,Rpm:-999,Speed:5.0,SatelliteNumber:18,Azimuth:333,BatteryLevel:100}]
473,"[{""Protocol"":""0x2525""","MessageType:""LocationInfoMessage""",ProtocolHeadType:19,"Imei:""869487064485674""",SerialNo:26382,Mileage:5283948,"Date:""2026-04-16T22:22:45Z""",IopIgnition:true,Latitude:4.755183219909668,Longitude:-74.115974426269531,Altitude:2566.699951171875,ExternalPowerVoltage:28.15,Rpm:-999,Speed:5.0,SatelliteNumber:15,Azimuth:275,BatteryLevel:100}]
474,"[{""Protocol"":""0x2525""","MessageType:""LocationInfoMessage""",ProtocolHeadType:19,"Imei:""869487064485674""",SerialNo:26383,Mileage:5283955,"Date:""2026-04-16T22:24:05Z""",IopIgnition:true,Latitude:4.7551937103271484,Longitude:-74.116035461425781,Altitude:2566.10009765625,ExternalPowerVoltage:28.01,Rpm:-999,Speed:0.0,SatelliteNumber:18,Azimuth:285,BatteryLevel:100}]
475,"[{""Protocol"":""0x2525""","MessageType:""LocationInfoMessage""",ProtocolHeadType:19,"Imei:""869487064485674""",SerialNo:26384,Mileage:5283955,"Date:""2026-04-16T22:25:04Z""",IopIgnition:true,Latitude:4.7551937103271484,Longitude:-74.116035461425781,Altitude:2566.10009765625,ExternalPowerVoltage:27.96,Rpm:-999,Speed:0.0,SatelliteNumber:16,Azimuth:285,BatteryLevel:100}]
476,"[{""Protocol"":""0x2525""","MessageType:""LocationAlarmMessage""",ProtocolHeadType:20,"Imei:""869487064485674""",SerialNo:1001,Mileage:5283955,"Date:""2026-04-16T22:25:17Z""",IopIgnition:false,Latitude:4.7551937103271484,Longitude:-74.116035461425781,Altitude:2566.10009765625,ExternalPowerVoltage:27.96,Rpm:-999,Speed:0.0,SatelliteNumber:16,Azimuth:285,OriginalAlarmCode:23}]
477,"[{""Protocol"":""0x2525""","MessageType:""LocationAlarmMessage""",ProtocolHeadType:20,"Imei:""869487064485674""",SerialNo:1002,Mileage:5283955,"Date:""2026-04-16T23:50:26Z""",IopIgnition:true,Latitude:4.7551937103271484,Longitude:-74.116035461425781,Altitude:2566.10009765625,ExternalPowerVoltage:25.64,Rpm:-999,Speed:0.0,SatelliteNumber:16,Azimuth:285,OriginalAlarmCode:22}]
478,"[{""Protocol"":""0x2525""","MessageType:""LocationAlarmMessage""",ProtocolHeadType:20,"Imei:""869487064485674""",SerialNo:1003,Mileage:5283955,"Date:""2026-04-16T23:50:41Z""",IopIgnition:false,Latitude:4.7551937103271484,Longitude:-74.116035461425781,Altitude:2566.10009765625,ExternalPowerVoltage:27.71,Rpm:-999,Speed:0.0,SatelliteNumber:17,Azimuth:285,OriginalAlarmCode:23}]
