Created,Message,Status
2026-04-21 02:49:00.314,"[{""Protocol"":""0x2525"",""MessageType"":""LocationInfoMessage"",""ProtocolHeadType"":19,""Imei"":""869487064485674"",""SerialNo"":27883,""Mileage"":5559281,""Date"":""2026-04-21T02:49:36Z"",""IopIgnition"":false,""Latitude"":4.75508975982666,""Longitude"":-74.115776062011719,""Altitude"":2563.5,""ExternalPowerVoltage"":25.77,""Rpm"":-999,""Speed"":0.0,""SatelliteNumber"":16,""Azimuth"":300,""BatteryLevel"":100}]",0x25251300596CEB0869487064485674003C38402D0000004F5000000007000020000000FFFFFFFFFFFFFFFFFFFF00D50054D3F10026042102493600382045473B94C2B22998400000012C03912577FFFFFF0000170000FFFFFF
2026-04-21 06:49:00.079,"[{""Protocol"":""0x2525"",""MessageType"":""LocationInfoMessage"",""ProtocolHeadType"":19,""Imei"":""869487064485674"",""SerialNo"":27884,""Mileage"":5559281,""Date"":""2026-04-21T06:49:36Z"",""IopIgnition"":false,""Latitude"":4.75508975982666,""Longitude"":-74.115776062011719,""Altitude"":2563.5,""ExternalPowerVoltage"":25.68,""Rpm"":-999,""Speed"":0.0,""SatelliteNumber"":17,""Azimuth"":300,""BatteryLevel"":100}]",0x25251300596CEC0869487064485674003C38402D000000415100000007000020000000FFFFFFFFFFFFFFFFFFFF00D50054D3F10026042106493600382045473B94C2B22998400000012C03902568FFFFFF0000130000FFFFFF
2026-04-21 09:24:34.412,"[{""Protocol"":""0x2525"",""MessageType"":""LocationAlarmMessage"",""ProtocolHeadType"":20,""Imei"":""869487064485674"",""SerialNo"":1050,""Mileage"":5559281,""Date"":""2026-04-21T09:25:10Z"",""IopIgnition"":true,""Latitude"":4.75508975982666,""Longitude"":-74.115776062011719,""Altitude"":2563.5,""ExternalPowerVoltage"":25.52,""Rpm"":-999,""Speed"":0.0,""SatelliteNumber"":17,""Azimuth"":300,""OriginalAlarmCode"":22}]",0x2525140059041A0869487064485674003C38402D0000004B5100000007000061000000FFFFFFFFFFFFFFFFFFFF16D50054D3F10026042109251000382045473B94C2B22998400000012C03902552FFFFFF0000110000FFFFFF
2026-04-21 09:25:35.165,"[{""Protocol"":""0x2525"",""MessageType"":""LocationInfoMessage"",""ProtocolHeadType"":19,""Imei"":""869487064485674"",""SerialNo"":27885,""Mileage"":5559281,""Date"":""2026-04-21T09:26:11Z"",""IopIgnition"":true,""Latitude"":4.75508975982666,""Longitude"":-74.115776062011719,""Altitude"":2563.5,""ExternalPowerVoltage"":28.17,""Rpm"":-999,""Speed"":0.0,""SatelliteNumber"":14,""Azimuth"":300,""BatteryLevel"":100}]",0x25251300596CED0869487064485674003C38402D0000004F4E00000007000061000000FFFFFFFFFFFFFFFFFFFF00D50054D3F10026042109261100382045473B94C2B22998400000012C03902817FFFFFF0000110000FFFFFF
2026-04-21 09:26:35.112,"[{""Protocol"":""0x2525"",""MessageType"":""LocationInfoMessage"",""ProtocolHeadType"":19,""Imei"":""869487064485674"",""SerialNo"":27886,""Mileage"":5559281,""Date"":""2026-04-21T09:27:11Z"",""IopIgnition"":true,""Latitude"":4.75508975982666,""Longitude"":-74.115776062011719,""Altitude"":2563.5,""ExternalPowerVoltage"":28.19,""Rpm"":-999,""Speed"":0.0,""SatelliteNumber"":16,""Azimuth"":300,""BatteryLevel"":100}]",0x25251300596CEE0869487064485674003C38402D0000004F5000000007000061000000FFFFFFFFFFFFFFFFFFFF00D50054D3F10026042109271100382045473B94C2B22998400000012C03902819FFFFFF0000110000FFFFFF
2026-04-21 09:27:34.920,"[{""Protocol"":""0x2525"",""MessageType"":""LocationInfoMessage"",""ProtocolHeadType"":19,""Imei"":""869487064485674"",""SerialNo"":27887,""Mileage"":5559281,""Date"":""2026-04-21T09:28:11Z"",""IopIgnition"":true,""Latitude"":4.75508975982666,""Longitude"":-74.115776062011719,""Altitude"":2563.5,""ExternalPowerVoltage"":28.16,""Rpm"":-999,""Speed"":0.0,""SatelliteNumber"":16,""Azimuth"":300,""BatteryLevel"":100}]",0x25251300596CEF0869487064485674003C38402D0000004B5000000007000061000000FFFFFFFFFFFFFFFFFFFF00D50054D3F10026042109281100382045473B94C2B22998400000012C03902816FFFFFF0000120000FFFFFF
2026-04-21 09:28:34.809,"[{""Protocol"":""0x2525"",""MessageType"":""LocationInfoMessage"",""ProtocolHeadType"":19,""Imei"":""869487064485674"",""SerialNo"":27888,""Mileage"":5559281,""Date"":""2026-04-21T09:29:11Z"",""IopIgnition"":true,""Latitude"":4.75508975982666,""Longitude"":-74.115776062011719,""Altitude"":2563.5,""ExternalPowerVoltage"":28.17,""Rpm"":-999,""Speed"":0.0,""SatelliteNumber"":17,""Azimuth"":300,""BatteryLevel"":100}]",0x25251300596CF00869487064485674003C38402D0000004F5100000007000061000000FFFFFFFFFFFFFFFFFFFF00D50054D3F10026042109291100382045473B94C2B22998400000012C03902817FFFFFF0000110000FFFFFF
2026-04-21 09:29:34.615,"[{""Protocol"":""0x2525"",""MessageType"":""LocationInfoMessage"",""ProtocolHeadType"":19,""Imei"":""869487064485674"",""SerialNo"":27889,""Mileage"":5559281,""Date"":""2026-04-21T09:30:11Z"",""IopIgnition"":true,""Latitude"":4.75508975982666,""Longitude"":-74.115776062011719,""Altitude"":2563.5,""ExternalPowerVoltage"":28.16,""Rpm"":-999,""Speed"":0.0,""SatelliteNumber"":16,""Azimuth"":300,""BatteryLevel"":100}]",0x25251300596CF10869487064485674003C38402D000000525000000007000061000000FFFFFFFFFFFFFFFFFFFF00D50054D3F10026042109301100382045473B94C2B22998400000012C03902816FFFFFF0000110000FFFFFF
2026-04-21 09:30:34.520,"[{""Protocol"":""0x2525"",""MessageType"":""LocationInfoMessage"",""ProtocolHeadType"":19,""Imei"":""869487064485674"",""SerialNo"":27890,""Mileage"":5559281,""Date"":""2026-04-21T09:31:10Z"",""IopIgnition"":true,""Latitude"":4.75508975982666,""Longitude"":-74.115776062011719,""Altitude"":2563.5,""ExternalPowerVoltage"":28.13,""Rpm"":-999,""Speed"":0.0,""SatelliteNumber"":16,""Azimuth"":300,""BatteryLevel"":100}]",0x25251300596CF20869487064485674003C38402D0000004B5000000007000061000000FFFFFFFFFFFFFFFFFFFF00D50054D3F10026042109311000382045473B94C2B22998400000012C03902813FFFFFF0000110000FFFFFF
2026-04-21 09:31:34.321,"[{""Protocol"":""0x2525"",""MessageType"":""LocationInfoMessage"",""ProtocolHeadType"":19,""Imei"":""869487064485674"",""SerialNo"":27891,""Mileage"":5559281,""Date"":""2026-04-21T09:32:10Z"",""IopIgnition"":true,""Latitude"":4.75508975982666,""Longitude"":-74.115776062011719,""Altitude"":2563.5,""ExternalPowerVoltage"":28.17,""Rpm"":-999,""Speed"":0.0,""SatelliteNumber"":17,""Azimuth"":300,""BatteryLevel"":100}]",0x25251300596CF30869487064485674003C38402D0000004B5100000007000061000000FFFFFFFFFFFFFFFFFFFF00D50054D3F10026042109321000382045473B94C2B22998400000012C03902817FFFFFF0000110000FFFFFF
2026-04-21 09:32:18.502,"[{""Protocol"":""0x2525"",""MessageType"":""LocationInfoMessage"",""ProtocolHeadType"":19,""Imei"":""869487064485674"",""SerialNo"":27892,""Mileage"":5559315,""Date"":""2026-04-21T09:32:54Z"",""IopIgnition"":true,""Latitude"":4.7551913261413574,""Longitude"":-74.1160659790039,""Altitude"":2561.89990234375,""ExternalPowerVoltage"":28.15,""Rpm"":-999,""Speed"":5.0,""SatelliteNumber"":17,""Azimuth"":91,""BatteryLevel"":100}]",0x25251300596CF40869487064485674003C38402D000000525100000007000061000000FFFFFFFFFFFFFFFFFFFF00D50054D41300260421093254661E20456D3B94C2872A98400050005B03902815FFFFFF0000120000FFFFFF
2026-04-21 09:33:34.320,"[{""Protocol"":""0x2525"",""MessageType"":""LocationInfoMessage"",""ProtocolHeadType"":19,""Imei"":""869487064485674"",""SerialNo"":27893,""Mileage"":5559341,""Date"":""2026-04-21T09:34:10Z"",""IopIgnition"":true,""Latitude"":4.755159854888916,""Longitude"":-74.115837097167969,""Altitude"":2563.60009765625,""ExternalPowerVoltage"":28.2,""Rpm"":-999,""Speed"":0.0,""SatelliteNumber"":16,""Azimuth"":110,""BatteryLevel"":100}]",0x25251300596CF50869487064485674003C38402D0000004B5000000007000061000000FFFFFFFFFFFFFFFFFFFF00D50054D42D002604210934109A3920454F3B94C2452A98400000006E03902820FFFFFF0000110000FFFFFF
2026-04-21 09:34:35.252,"[{""Protocol"":""0x2525"",""MessageType"":""LocationInfoMessage"",""ProtocolHeadType"":19,""Imei"":""869487064485674"",""SerialNo"":27894,""Mileage"":5559341,""Date"":""2026-04-21T09:35:11Z"",""IopIgnition"":true,""Latitude"":4.755159854888916,""Longitude"":-74.115837097167969,""Altitude"":2563.60009765625,""ExternalPowerVoltage"":28.21,""Rpm"":-999,""Speed"":0.0,""SatelliteNumber"":17,""Azimuth"":110,""BatteryLevel"":100}]",0x25251300596CF60869487064485674003C38402D000000485100000007000061000000FFFFFFFFFFFFFFFFFFFF00D50054D42D002604210935119A3920454F3B94C2452A98400000006E03902821FFFFFF0000120000FFFFFF
2026-04-21 09:35:35.047,"[{""Protocol"":""0x2525"",""MessageType"":""LocationInfoMessage"",""ProtocolHeadType"":19,""Imei"":""869487064485674"",""SerialNo"":27895,""Mileage"":5559341,""Date"":""2026-04-21T09:36:11Z"",""IopIgnition"":true,""Latitude"":4.755159854888916,""Longitude"":-74.115837097167969,""Altitude"":2563.60009765625,""ExternalPowerVoltage"":28.19,""Rpm"":-999,""Speed"":0.0,""SatelliteNumber"":17,""Azimuth"":110,""BatteryLevel"":100}]",0x25251300596CF70869487064485674003C38402D000000415100000007000061000000FFFFFFFFFFFFFFFFFFFF00D50054D42D002604210936119A3920454F3B94C2452A98400000006E03902819FFFFFF0000110000FFFFFF
2026-04-21 09:36:34.982,"[{""Protocol"":""0x2525"",""MessageType"":""LocationInfoMessage"",""ProtocolHeadType"":19,""Imei"":""869487064485674"",""SerialNo"":27896,""Mileage"":5559341,""Date"":""2026-04-21T09:37:11Z"",""IopIgnition"":true,""Latitude"":4.755159854888916,""Longitude"":-74.115837097167969,""Altitude"":2563.60009765625,""ExternalPowerVoltage"":28.19,""Rpm"":-999,""Speed"":0.0,""SatelliteNumber"":17,""Azimuth"":110,""BatteryLevel"":100}]",0x25251300596CF80869487064485674003C38402D000000415100000007000061000000FFFFFFFFFFFFFFFFFFFF00D50054D42D002604210937119A3920454F3B94C2452A98400000006E03902819FFFFFF0000120000FFFFFF
2026-04-21 09:37:34.796,"[{""Protocol"":""0x2525"",""MessageType"":""LocationInfoMessage"",""ProtocolHeadType"":19,""Imei"":""869487064485674"",""SerialNo"":27897,""Mileage"":5559341,""Date"":""2026-04-21T09:38:11Z"",""IopIgnition"":true,""Latitude"":4.755159854888916,""Longitude"":-74.115837097167969,""Altitude"":2563.60009765625,""ExternalPowerVoltage"":28.19,""Rpm"":-999,""Speed"":0.0,""SatelliteNumber"":16,""Azimuth"":110,""BatteryLevel"":100}]",0x25251300596CF90869487064485674003C38402D0000004B5000000007000061000000FFFFFFFFFFFFFFFFFFFF00D50054D42D002604210938119A3920454F3B94C2452A98400000006E03902819FFFFFF0000130000FFFFFF
2026-04-21 09:38:34.691,"[{""Protocol"":""0x2525"",""MessageType"":""LocationInfoMessage"",""ProtocolHeadType"":19,""Imei"":""869487064485674"",""SerialNo"":27898,""Mileage"":5559350,""Date"":""2026-04-21T09:39:11Z"",""IopIgnition"":true,""Latitude"":4.755124568939209,""Longitude"":-74.115760803222656,""Altitude"":2563.89990234375,""ExternalPowerVoltage"":27.97,""Rpm"":-999,""Speed"":5.0,""SatelliteNumber"":17,""Azimuth"":119,""BatteryLevel"":100}]",0x25251300596CFA0869487064485674003C38402D000000445100000007000061000000FFFFFFFFFFFFFFFFFFFF00D50054D43600260421093911663E2045453B94C2FB2998400050007703902797FFFFFF0000120000FFFFFF
2026-04-21 09:38:46.795,"[{""Protocol"":""0x2525"",""MessageType"":""LocationInfoMessage"",""ProtocolHeadType"":19,""Imei"":""869487064485674"",""SerialNo"":27899,""Mileage"":5559368,""Date"":""2026-04-21T09:39:23Z"",""IopIgnition"":true,""Latitude"":4.7549958229064941,""Longitude"":-74.115676879882813,""Altitude"":2565.0,""ExternalPowerVoltage"":28.04,""Rpm"":-999,""Speed"":8.0,""SatelliteNumber"":17,""Azimuth"":173,""BatteryLevel"":100}]",0x25251300596CFB0869487064485674003C38402D000000485100000007000061000000FFFFFFFFFFFFFFFFFFFF00D50054D44800260421093923005020453A3B94C2ED289840008000AD03902804FFFFFF0000140000FFFFFF
2026-04-21 09:40:29.895,"[{""Protocol"":""0x2525"",""MessageType"":""LocationInfoMessage"",""ProtocolHeadType"":19,""Imei"":""869487064485674"",""SerialNo"":27900,""Mileage"":5559723,""Date"":""2026-04-21T09:41:06Z"",""IopIgnition"":true,""Latitude"":4.7518429756164551,""Longitude"":-74.1160659790039,""Altitude"":2567.800048828125,""ExternalPowerVoltage"":28.0,""Rpm"":-999,""Speed"":7.0,""SatelliteNumber"":14,""Azimuth"":117,""BatteryLevel"":100}]",0x25251300596CFC0869487064485674003C38402D0000005D4E00000007000061000000FFFFFFFFFFFFFFFFFFFF00D50054D5AB00260421094106CD7C20456D3B94C2190F98400070007503902800FFFFFF0000120000FFFFFF
2026-04-21 09:41:11.794,"[{""Protocol"":""0x2525"",""MessageType"":""LocationInfoMessage"",""ProtocolHeadType"":19,""Imei"":""869487064485674"",""SerialNo"":27901,""Mileage"":5559993,""Date"":""2026-04-21T09:41:48Z"",""IopIgnition"":true,""Latitude"":4.7512907981872559,""Longitude"":-74.113723754882813,""Altitude"":2562.60009765625,""ExternalPowerVoltage"":27.99,""Rpm"":-999,""Speed"":11.0,""SatelliteNumber"":17,""Azimuth"":184,""BatteryLevel"":100}]",0x25251300596CFD0869487064485674003C38402D000000645100000007000061000000FFFFFFFFFFFFFFFFFFFF00D50054D6B9002604210941489A2920453A3A94C2930A9840011000B803902799FFFFFF0000130000FFFFFF
2026-04-21 09:41:23.893,"[{""Protocol"":""0x2525"",""MessageType"":""LocationInfoMessage"",""ProtocolHeadType"":19,""Imei"":""869487064485674"",""SerialNo"":27902,""Mileage"":5560036,""Date"":""2026-04-21T09:42:00Z"",""IopIgnition"":true,""Latitude"":4.7509489059448242,""Longitude"":-74.113800048828125,""Altitude"":2560.699951171875,""ExternalPowerVoltage"":28.04,""Rpm"":-999,""Speed"":14.0,""SatelliteNumber"":17,""Azimuth"":116,""BatteryLevel"":100}]",0x25251300596CFE0869487064485674003C38402D000000645100000007000061000000FFFFFFFFFFFFFFFFFFFF00D50054D6E400260421094200330B2045443A94C2C60798400140007403902804FFFFFF0000140000FFFFFF
2026-04-21 09:41:30.769,"[{""Protocol"":""0x2525"",""MessageType"":""LocationInfoMessage"",""ProtocolHeadType"":19,""Imei"":""869487064485674"",""SerialNo"":27903,""Mileage"":5560065,""Date"":""2026-04-21T09:42:07Z"",""IopIgnition"":true,""Latitude"":4.7508220672607422,""Longitude"":-74.11358642578125,""Altitude"":2559.60009765625,""ExternalPowerVoltage"":28.08,""Rpm"":-999,""Speed"":14.0,""SatelliteNumber"":16,""Azimuth"":164,""BatteryLevel"":100}]",0x25251300596CFF0869487064485674003C38402D000000645000000007000061000000FFFFFFFFFFFFFFFFFFFF00D50054D701002604210942079AF91F45283A94C2BC069840014000A403902808FFFFFF0000140000FFFFFF
2026-04-21 09:41:33.823,"[{""Protocol"":""0x2525"",""MessageType"":""LocationInfoMessage"",""ProtocolHeadType"":19,""Imei"":""869487064485674"",""SerialNo"":27904,""Mileage"":5560078,""Date"":""2026-04-21T09:42:10Z"",""IopIgnition"":true,""Latitude"":4.7507133483886719,""Longitude"":-74.113609313964844,""Altitude"":2560.60009765625,""ExternalPowerVoltage"":28.08,""Rpm"":-999,""Speed"":17.0,""SatelliteNumber"":16,""Azimuth"":215,""BatteryLevel"":100}]",0x25251300596D000869487064485674003C38402D000000645000000007000061000000FFFFFFFFFFFFFFFFFFFF00D50054D70E002604210942109A0920452B3A94C2D8059840017000D703902808FFFFFF0000140000FFFFFF
2026-04-21 09:42:33.807,"[{""Protocol"":""0x2525"",""MessageType"":""LocationInfoMessage"",""ProtocolHeadType"":19,""Imei"":""869487064485674"",""SerialNo"":27905,""Mileage"":5560483,""Date"":""2026-04-21T09:43:10Z"",""IopIgnition"":true,""Latitude"":4.7477421760559082,""Longitude"":-74.115653991699219,""Altitude"":2559.800048828125,""ExternalPowerVoltage"":28.02,""Rpm"":-999,""Speed"":15.0,""SatelliteNumber"":17,""Azimuth"":262,""BatteryLevel"":100}]",0x25251300596D010869487064485674003C38402D000000525100000007000061000000FFFFFFFFFFFFFFFFFFFF00D50054D8A300260421094310CDFC1F45373B94C281ED97400150010603902802FFFFFF0000120000FFFFFF
2026-04-21 09:43:23.978,"[{""Protocol"":""0x2525"",""MessageType"":""LocationInfoMessage"",""ProtocolHeadType"":19,""Imei"":""869487064485674"",""SerialNo"":27906,""Mileage"":5560836,""Date"":""2026-04-21T09:44:00Z"",""IopIgnition"":true,""Latitude"":4.7479734420776367,""Longitude"":-74.118789672851563,""Altitude"":2562.699951171875,""ExternalPowerVoltage"":27.99,""Rpm"":-999,""Speed"":10.0,""SatelliteNumber"":17,""Azimuth"":200,""BatteryLevel"":100}]",0x25251300596D020869487064485674003C38402D000000485100000007000061000000FFFFFFFFFFFFFFFFFFFF00D50054DA0400260421094400332B2045D23C94C266EF9740010000C803902799FFFFFF0000120000FFFFFF
2026-04-21 09:43:46.796,"[{""Protocol"":""0x2525"",""MessageType"":""LocationInfoMessage"",""ProtocolHeadType"":19,""Imei"":""869487064485674"",""SerialNo"":27907,""Mileage"":5560903,""Date"":""2026-04-21T09:44:23Z"",""IopIgnition"":true,""Latitude"":4.7473793029785156,""Longitude"":-74.118865966796875,""Altitude"":2566.300048828125,""ExternalPowerVoltage"":28.09,""Rpm"":-999,""Speed"":6.0,""SatelliteNumber"":16,""Azimuth"":259,""BatteryLevel"":100}]",0x25251300596D030869487064485674003C38402D000000525000000007000061000000FFFFFFFFFFFFFFFFFFFF00D50054DA4700260421094423CD642045DC3C94C288EA97400060010303902809FFFFFF0000130000FFFFFF
2026-04-21 09:44:15.898,"[{""Protocol"":""0x2525"",""MessageType"":""LocationInfoMessage"",""ProtocolHeadType"":19,""Imei"":""869487064485674"",""SerialNo"":27908,""Mileage"":5561121,""Date"":""2026-04-21T09:44:52Z"",""IopIgnition"":true,""Latitude"":4.7475152015686035,""Longitude"":-74.120796203613281,""Altitude"":2566.199951171875,""ExternalPowerVoltage"":27.99,""Rpm"":-999,""Speed"":19.0,""SatelliteNumber"":16,""Azimuth"":204,""BatteryLevel"":100}]",0x25251300596D040869487064485674003C38402D000000485000000007000061000000FFFFFFFFFFFFFFFFFFFF00D50054DB210026042109445233632045D93D94C2A5EB9740019000CC03902799FFFFFF0000130000FFFFFF
2026-04-21 09:44:26.792,"[{""Protocol"":""0x2525"",""MessageType"":""LocationInfoMessage"",""ProtocolHeadType"":19,""Imei"":""869487064485674"",""SerialNo"":27909,""Mileage"":5561202,""Date"":""2026-04-21T09:45:03Z"",""IopIgnition"":true,""Latitude"":4.7468233108520508,""Longitude"":-74.120590209960938,""Altitude"":2560.60009765625,""ExternalPowerVoltage"":27.93,""Rpm"":-999,""Speed"":22.0,""SatelliteNumber"":16,""Azimuth"":156,""BatteryLevel"":100}]",0x25251300596D050869487064485674003C38402D0000004F5000000007000061000000FFFFFFFFFFFFFFFFFFFF00D50054DB72002604210945039A092045BE3D94C2FAE597400220009C03902793FFFFFF0000150000FFFFFF
2026-04-21 09:44:33.832,"[{""Protocol"":""0x2525"",""MessageType"":""LocationInfoMessage"",""ProtocolHeadType"":19,""Imei"":""869487064485674"",""SerialNo"":27910,""Mileage"":5561233,""Date"":""2026-04-21T09:45:10Z"",""IopIgnition"":true,""Latitude"":4.7465558052062988,""Longitude"":-74.120513916015625,""Altitude"":2560.39990234375,""ExternalPowerVoltage"":27.96,""Rpm"":-999,""Speed"":8.0,""SatelliteNumber"":16,""Azimuth"":206,""BatteryLevel"":100}]",0x25251300596D060869487064485674003C38402D000000595000000007000061000000FFFFFFFFFFFFFFFFFFFF00D50054DB910026042109451066062045B43D94C2C9E39740008000CE03902796FFFFFF0000150000FFFFFF
2026-04-21 09:44:36.741,"[{""Protocol"":""0x2525"",""MessageType"":""LocationInfoMessage"",""ProtocolHeadType"":19,""Imei"":""869487064485674"",""SerialNo"":27911,""Mileage"":5561244,""Date"":""2026-04-21T09:45:13Z"",""IopIgnition"":true,""Latitude"":4.74649715423584,""Longitude"":-74.120574951171875,""Altitude"":2560.10009765625,""ExternalPowerVoltage"":28.07,""Rpm"":-999,""Speed"":17.0,""SatelliteNumber"":17,""Azimuth"":259,""BatteryLevel"":100}]",0x25251300596D070869487064485674003C38402D000000595100000007000061000000FFFFFFFFFFFFFFFFFFFF00D50054DB9C002604210945139A012045BC3D94C24EE397400170010303902807FFFFFF0000160000FFFFFF
2026-04-21 09:46:34.707,"[{""Protocol"":""0x2525"",""MessageType"":""LocationInfoMessage"",""ProtocolHeadType"":19,""Imei"":""869487064485674"",""SerialNo"":27912,""Mileage"":5561883,""Date"":""2026-04-21T09:47:11Z"",""IopIgnition"":true,""Latitude"":4.74462890625,""Longitude"":-74.126022338867188,""Altitude"":2565.699951171875,""ExternalPowerVoltage"":27.85,""Rpm"":-999,""Speed"":0.0,""SatelliteNumber"":16,""Azimuth"":252,""BatteryLevel"":100}]",0x25251300596D080869487064485674003C38402D000000485000000007000061000000FFFFFFFFFFFFFFFFFFFF00D50054DE1B00260421094711335B2045864094C200D49740000000FC03902785FFFFFF0000120000FFFFFF
2026-04-21 09:47:34.519,"[{""Protocol"":""0x2525"",""MessageType"":""LocationInfoMessage"",""ProtocolHeadType"":19,""Imei"":""869487064485674"",""SerialNo"":27913,""Mileage"":5561893,""Date"":""2026-04-21T09:48:11Z"",""IopIgnition"":true,""Latitude"":4.7446174621582031,""Longitude"":-74.126113891601563,""Altitude"":2564.0,""ExternalPowerVoltage"":27.89,""Rpm"":-999,""Speed"":0.0,""SatelliteNumber"":17,""Azimuth"":258,""BatteryLevel"":100}]",0x25251300596D090869487064485674003C38402D0000004B5100000007000061000000FFFFFFFFFFFFFFFFFFFF00D50054DE250026042109481100402045924094C2E8D397400000010203902789FFFFFF0000120000FFFFFF
2026-04-21 09:48:34.417,"[{""Protocol"":""0x2525"",""MessageType"":""LocationInfoMessage"",""ProtocolHeadType"":19,""Imei"":""869487064485674"",""SerialNo"":27914,""Mileage"":5561914,""Date"":""2026-04-21T09:49:10Z"",""IopIgnition"":true,""Latitude"":4.7445688247680664,""Longitude"":-74.126289367675781,""Altitude"":2563.5,""ExternalPowerVoltage"":27.98,""Rpm"":-999,""Speed"":0.0,""SatelliteNumber"":15,""Azimuth"":249,""BatteryLevel"":100}]",0x25251300596D0A0869487064485674003C38402D000000414F00000007000061000000FFFFFFFFFFFFFFFFFFFF00D50054DE3A0026042109491000382045A94094C282D39740000000F903902798FFFFFF0000120000FFFFFF
2026-04-21 09:49:35.192,"[{""Protocol"":""0x2525"",""MessageType"":""LocationInfoMessage"",""ProtocolHeadType"":19,""Imei"":""869487064485674"",""SerialNo"":27915,""Mileage"":5561951,""Date"":""2026-04-21T09:50:11Z"",""IopIgnition"":true,""Latitude"":4.7444610595703125,""Longitude"":-74.1266098022461,""Altitude"":2565.0,""ExternalPowerVoltage"":27.88,""Rpm"":-999,""Speed"":0.0,""SatelliteNumber"":17,""Azimuth"":255,""BatteryLevel"":100}]",0x25251300596D0B0869487064485674003C38402D000000415100000007000061000000FFFFFFFFFFFFFFFFFFFF00D50054DE5F0026042109501100502045D34094C2A0D29740000000FF03902788FFFFFF0000120000FFFFFF
2026-04-21 09:50:35.123,"[{""Protocol"":""0x2525"",""MessageType"":""LocationInfoMessage"",""ProtocolHeadType"":19,""Imei"":""869487064485674"",""SerialNo"":27916,""Mileage"":5561951,""Date"":""2026-04-21T09:51:11Z"",""IopIgnition"":true,""Latitude"":4.7444610595703125,""Longitude"":-74.1266098022461,""Altitude"":2565.0,""ExternalPowerVoltage"":27.86,""Rpm"":-999,""Speed"":0.0,""SatelliteNumber"":16,""Azimuth"":255,""BatteryLevel"":100}]",0x25251300596D0C0869487064485674003C38402D0000003E5000000007000061000000FFFFFFFFFFFFFFFFFFFF00D50054DE5F0026042109511100502045D34094C2A0D29740000000FF03902786FFFFFF0000120000FFFFFF
2026-04-21 09:51:34.966,"[{""Protocol"":""0x2525"",""MessageType"":""LocationInfoMessage"",""ProtocolHeadType"":19,""Imei"":""869487064485674"",""SerialNo"":27917,""Mileage"":5562007,""Date"":""2026-04-21T09:52:11Z"",""IopIgnition"":true,""Latitude"":4.7442417144775391,""Longitude"":-74.127059936523438,""Altitude"":2568.89990234375,""ExternalPowerVoltage"":27.93,""Rpm"":-999,""Speed"":0.0,""SatelliteNumber"":16,""Azimuth"":259,""BatteryLevel"":100}]",0x25251300596D0D0869487064485674003C38402D000000445000000007000061000000FFFFFFFFFFFFFFFFFFFF00D50054DE9700260421095211668E20450E4194C2D4D097400000010303902793FFFFFF0000120000FFFFFF
2026-04-21 09:52:34.892,"[{""Protocol"":""0x2525"",""MessageType"":""LocationInfoMessage"",""ProtocolHeadType"":19,""Imei"":""869487064485674"",""SerialNo"":27918,""Mileage"":5562191,""Date"":""2026-04-21T09:53:11Z"",""IopIgnition"":true,""Latitude"":4.744321346282959,""Longitude"":-74.128646850585938,""Altitude"":2569.300048828125,""ExternalPowerVoltage"":27.87,""Rpm"":-999,""Speed"":9.0,""SatelliteNumber"":14,""Azimuth"":289,""BatteryLevel"":100}]",0x25251300596D0E0869487064485674003C38402D000000334E00000007000061000000FFFFFFFFFFFFFFFFFFFF00D50054DF4F00260421095311CD942045DE4194C27BD197400090012103902787FFFFFF0000130000FFFFFF
2026-04-21 09:52:38.795,"[{""Protocol"":""0x2525"",""MessageType"":""LocationInfoMessage"",""ProtocolHeadType"":19,""Imei"":""869487064485674"",""SerialNo"":27919,""Mileage"":5562201,""Date"":""2026-04-21T09:53:15Z"",""IopIgnition"":true,""Latitude"":4.7443041801452637,""Longitude"":-74.128730773925781,""Altitude"":2568.199951171875,""ExternalPowerVoltage"":27.95,""Rpm"":-999,""Speed"":11.0,""SatelliteNumber"":16,""Azimuth"":212,""BatteryLevel"":100}]",0x25251300596D0F0869487064485674003C38402D000000335000000007000061000000FFFFFFFFFFFFFFFFFFFF00D50054DF590026042109531533832045E94194C257D19740011000D403902795FFFFFF0000130000FFFFFF
2026-04-21 09:53:48.881,"[{""Protocol"":""0x2525"",""MessageType"":""LocationInfoMessage"",""ProtocolHeadType"":19,""Imei"":""869487064485674"",""SerialNo"":27920,""Mileage"":5562589,""Date"":""2026-04-21T09:54:25Z"",""IopIgnition"":true,""Latitude"":4.7418060302734375,""Longitude"":-74.130577087402344,""Altitude"":2560.199951171875,""ExternalPowerVoltage"":28.02,""Rpm"":-999,""Speed"":9.0,""SatelliteNumber"":18,""Azimuth"":150,""BatteryLevel"":100}]",0x25251300596D100869487064485674003C38402D000000485200000007000061000000FFFFFFFFFFFFFFFFFFFF00D50054E0DD0026042109542533032045DB4294C2E0BC97400090009603902802FFFFFF0000120000FFFFFF
2026-04-21 09:54:27.797,"[{""Protocol"":""0x2525"",""MessageType"":""LocationInfoMessage"",""ProtocolHeadType"":19,""Imei"":""869487064485674"",""SerialNo"":27921,""Mileage"":5562800,""Date"":""2026-04-21T09:55:04Z"",""IopIgnition"":true,""Latitude"":4.7401151657104492,""Longitude"":-74.129776000976563,""Altitude"":2557.300048828125,""ExternalPowerVoltage"":28.03,""Rpm"":-999,""Speed"":12.0,""SatelliteNumber"":16,""Azimuth"":62,""BatteryLevel"":100}]",0x25251300596D110869487064485674003C38402D0000003A5000000007000061000000FFFFFFFFFFFFFFFFFFFF00D50054E1B000260421095504CDD41F45724294C206AF97400120003E03902803FFFFFF0000130000FFFFFF
2026-04-21 09:55:34.689,"[{""Protocol"":""0x2525"",""MessageType"":""LocationInfoMessage"",""ProtocolHeadType"":19,""Imei"":""869487064485674"",""SerialNo"":27922,""Mileage"":5562886,""Date"":""2026-04-21T09:56:11Z"",""IopIgnition"":true,""Latitude"":4.7403960227966309,""Longitude"":-74.1290512084961,""Altitude"":2557.800048828125,""ExternalPowerVoltage"":27.9,""Rpm"":-999,""Speed"":0.0,""SatelliteNumber"":16,""Azimuth"":96,""BatteryLevel"":100}]",0x25251300596D120869487064485674003C38402D0000005D5000000007000061000000FFFFFFFFFFFFFFFFFFFF00D50054E20600260421095611CDDC1F45134294C253B197400000006003902790FFFFFF0000120000FFFFFF
2026-04-21 09:56:34.493,"[{""Protocol"":""0x2525"",""MessageType"":""LocationInfoMessage"",""ProtocolHeadType"":19,""Imei"":""869487064485674"",""SerialNo"":27923,""Mileage"":5562886,""Date"":""2026-04-21T09:57:11Z"",""IopIgnition"":true,""Latitude"":4.7403960227966309,""Longitude"":-74.1290512084961,""Altitude"":2557.800048828125,""ExternalPowerVoltage"":27.97,""Rpm"":-999,""Speed"":0.0,""SatelliteNumber"":15,""Azimuth"":96,""BatteryLevel"":100}]",0x25251300596D130869487064485674003C38402D000000564F00000007000061000000FFFFFFFFFFFFFFFFFFFF00D50054E20600260421095711CDDC1F45134294C253B197400000006003902797FFFFFF0000120000FFFFFF
2026-04-21 09:57:34.399,"[{""Protocol"":""0x2525"",""MessageType"":""LocationInfoMessage"",""ProtocolHeadType"":19,""Imei"":""869487064485674"",""SerialNo"":27924,""Mileage"":5562886,""Date"":""2026-04-21T09:58:10Z"",""IopIgnition"":true,""Latitude"":4.7403960227966309,""Longitude"":-74.1290512084961,""Altitude"":2557.800048828125,""ExternalPowerVoltage"":27.85,""Rpm"":-999,""Speed"":0.0,""SatelliteNumber"":15,""Azimuth"":96,""BatteryLevel"":100}]",0x25251300596D140869487064485674003C38402D000000564F00000007000061000000FFFFFFFFFFFFFFFFFFFF00D50054E20600260421095810CDDC1F45134294C253B197400000006003902785FFFFFF0000130000FFFFFF
2026-04-21 09:58:35.181,"[{""Protocol"":""0x2525"",""MessageType"":""LocationInfoMessage"",""ProtocolHeadType"":19,""Imei"":""869487064485674"",""SerialNo"":27925,""Mileage"":5562886,""Date"":""2026-04-21T09:59:11Z"",""IopIgnition"":true,""Latitude"":4.7403960227966309,""Longitude"":-74.1290512084961,""Altitude"":2557.800048828125,""ExternalPowerVoltage"":27.91,""Rpm"":-999,""Speed"":0.0,""SatelliteNumber"":14,""Azimuth"":96,""BatteryLevel"":100}]",0x25251300596D150869487064485674003C38402D000000594E00000007000061000000FFFFFFFFFFFFFFFFFFFF00D50054E20600260421095911CDDC1F45134294C253B197400000006003902791FFFFFF0000130000FFFFFF
2026-04-21 09:59:35.136,"[{""Protocol"":""0x2525"",""MessageType"":""LocationInfoMessage"",""ProtocolHeadType"":19,""Imei"":""869487064485674"",""SerialNo"":27926,""Mileage"":5562886,""Date"":""2026-04-21T10:00:11Z"",""IopIgnition"":true,""Latitude"":4.7403960227966309,""Longitude"":-74.1290512084961,""Altitude"":2557.800048828125,""ExternalPowerVoltage"":27.98,""Rpm"":-999,""Speed"":0.0,""SatelliteNumber"":19,""Azimuth"":96,""BatteryLevel"":100}]",0x25251300596D160869487064485674003C38402D0000005D5300000007000061000000FFFFFFFFFFFFFFFFFFFF00D50054E20600260421100011CDDC1F45134294C253B197400000006003902798FFFFFF0000130000FFFFFF
2026-04-21 10:00:34.987,"[{""Protocol"":""0x2525"",""MessageType"":""LocationInfoMessage"",""ProtocolHeadType"":19,""Imei"":""869487064485674"",""SerialNo"":27927,""Mileage"":5562886,""Date"":""2026-04-21T10:01:11Z"",""IopIgnition"":true,""Latitude"":4.7403960227966309,""Longitude"":-74.1290512084961,""Altitude"":2557.800048828125,""ExternalPowerVoltage"":27.86,""Rpm"":-999,""Speed"":0.0,""SatelliteNumber"":17,""Azimuth"":96,""BatteryLevel"":100}]",0x25251300596D170869487064485674003C38402D000000645100000007000061000000FFFFFFFFFFFFFFFFFFFF00D50054E20600260421100111CDDC1F45134294C253B197400000006003902786FFFFFF0000130000FFFFFF
2026-04-21 10:01:34.901,"[{""Protocol"":""0x2525"",""MessageType"":""LocationInfoMessage"",""ProtocolHeadType"":19,""Imei"":""869487064485674"",""SerialNo"":27928,""Mileage"":5562886,""Date"":""2026-04-21T10:02:11Z"",""IopIgnition"":true,""Latitude"":4.7403960227966309,""Longitude"":-74.1290512084961,""Altitude"":2557.800048828125,""ExternalPowerVoltage"":27.86,""Rpm"":-999,""Speed"":0.0,""SatelliteNumber"":17,""Azimuth"":96,""BatteryLevel"":100}]",0x25251300596D180869487064485674003C38402D000000645100000007000061000000FFFFFFFFFFFFFFFFFFFF00D50054E20600260421100211CDDC1F45134294C253B197400000006003902786FFFFFF0000140000FFFFFF
2026-04-21 10:02:34.700,"[{""Protocol"":""0x2525"",""MessageType"":""LocationInfoMessage"",""ProtocolHeadType"":19,""Imei"":""869487064485674"",""SerialNo"":27929,""Mileage"":5562974,""Date"":""2026-04-21T10:03:11Z"",""IopIgnition"":true,""Latitude"":4.7407240867614746,""Longitude"":-74.128334045410156,""Altitude"":2554.5,""ExternalPowerVoltage"":28.12,""Rpm"":-999,""Speed"":22.0,""SatelliteNumber"":17,""Azimuth"":65,""BatteryLevel"":100}]",0x25251300596D190869487064485674003C38402D000000645100000007000061000000FFFFFFFFFFFFFFFFFFFF00D50054E25E0026042110031100A81F45B54194C203B497400220004103902812FFFFFF0000130000FFFFFF
2026-04-21 10:03:34.602,"[{""Protocol"":""0x2525"",""MessageType"":""LocationInfoMessage"",""ProtocolHeadType"":19,""Imei"":""869487064485674"",""SerialNo"":27930,""Mileage"":5563217,""Date"":""2026-04-21T10:04:11Z"",""IopIgnition"":true,""Latitude"":4.7416243553161621,""Longitude"":-74.126350402832031,""Altitude"":2557.10009765625,""ExternalPowerVoltage"":27.95,""Rpm"":-999,""Speed"":0.0,""SatelliteNumber"":18,""Azimuth"":57,""BatteryLevel"":100}]",0x25251300596D1A0869487064485674003C38402D000000645200000007000061000000FFFFFFFFFFFFFFFFFFFF00D50054E351002604211004119AD11F45B14094C263BB97400000003903902795FFFFFF0000130000FFFFFF
2026-04-21 10:04:34.412,"[{""Protocol"":""0x2525"",""MessageType"":""LocationInfoMessage"",""ProtocolHeadType"":19,""Imei"":""869487064485674"",""SerialNo"":27931,""Mileage"":5563233,""Date"":""2026-04-21T10:05:10Z"",""IopIgnition"":true,""Latitude"":4.7416820526123047,""Longitude"":-74.126205444335938,""Altitude"":2563.60009765625,""ExternalPowerVoltage"":27.88,""Rpm"":-999,""Speed"":0.0,""SatelliteNumber"":15,""Azimuth"":73,""BatteryLevel"":100}]",0x25251300596D1B0869487064485674003C38402D0000005D4F00000007000061000000FFFFFFFFFFFFFFFFFFFF00D50054E361002604211005109A3920459E4094C2DCBB97400000004903902788FFFFFF0000130000FFFFFF
2026-04-21 10:05:35.293,"[{""Protocol"":""0x2525"",""MessageType"":""LocationInfoMessage"",""ProtocolHeadType"":19,""Imei"":""869487064485674"",""SerialNo"":27932,""Mileage"":5563331,""Date"":""2026-04-21T10:06:11Z"",""IopIgnition"":true,""Latitude"":4.7420377731323242,""Longitude"":-74.125404357910156,""Altitude"":2560.60009765625,""ExternalPowerVoltage"":28.0,""Rpm"":-999,""Speed"":0.0,""SatelliteNumber"":16,""Azimuth"":72,""BatteryLevel"":100}]",0x25251300596D1C0869487064485674003C38402D000000525000000007000061000000FFFFFFFFFFFFFFFFFFFF00D50054E3C3002604211006119A092045354094C2C6BE97400000004803902800FFFFFF0000140000FFFFFF
2026-04-21 10:06:32.855,"[{""Protocol"":""0x2525"",""MessageType"":""LocationInfoMessage"",""ProtocolHeadType"":19,""Imei"":""869487064485674"",""SerialNo"":27933,""Mileage"":5563440,""Date"":""2026-04-21T10:07:09Z"",""IopIgnition"":true,""Latitude"":4.7423815727233887,""Longitude"":-74.124496459960938,""Altitude"":2561.5,""ExternalPowerVoltage"":27.96,""Rpm"":-999,""Speed"":7.0,""SatelliteNumber"":17,""Azimuth"":133,""BatteryLevel"":100}]",0x25251300596D1D0869487064485674003C38402D0000005D5100000007000061000000FFFFFFFFFFFFFFFFFFFF00D50054E4300026042110070900182045BE3F94C297C197400070008503902796FFFFFF0000140000FFFFFF
2026-04-21 10:07:34.658,"[{""Protocol"":""0x2525"",""MessageType"":""LocationInfoMessage"",""ProtocolHeadType"":19,""Imei"":""869487064485674"",""SerialNo"":27934,""Mileage"":5563487,""Date"":""2026-04-21T10:08:11Z"",""IopIgnition"":true,""Latitude"":4.7419919967651367,""Longitude"":-74.124343872070313,""Altitude"":2562.300048828125,""ExternalPowerVoltage"":27.83,""Rpm"":-999,""Speed"":0.0,""SatelliteNumber"":17,""Azimuth"":154,""BatteryLevel"":100}]",0x25251300596D1E0869487064485674003C38402D000000485100000007000061000000FFFFFFFFFFFFFFFFFFFF00D50054E45F00260421100811CD242045AA3F94C266BE97400000009A03902783FFFFFF0000160000FFFFFF
2026-04-21 10:08:34.535,"[{""Protocol"":""0x2525"",""MessageType"":""LocationInfoMessage"",""ProtocolHeadType"":19,""Imei"":""869487064485674"",""SerialNo"":27935,""Mileage"":5563633,""Date"":""2026-04-21T10:09:11Z"",""IopIgnition"":true,""Latitude"":4.7407851219177246,""Longitude"":-74.123832702636719,""Altitude"":2562.0,""ExternalPowerVoltage"":27.96,""Rpm"":-999,""Speed"":9.0,""SatelliteNumber"":16,""Azimuth"":162,""BatteryLevel"":100}]",0x25251300596D1F0869487064485674003C38402D000000485000000007000061000000FFFFFFFFFFFFFFFFFFFF00D50054E4F10026042110091100202045673F94C283B49740009000A203902796FFFFFF0000140000FFFFFF
2026-04-21 10:08:49.896,"[{""Protocol"":""0x2525"",""MessageType"":""LocationInfoMessage"",""ProtocolHeadType"":19,""Imei"":""869487064485674"",""SerialNo"":27936,""Mileage"":5563672,""Date"":""2026-04-21T10:09:26Z"",""IopIgnition"":true,""Latitude"":4.74045991897583,""Longitude"":-74.123786926269531,""Altitude"":2560.5,""ExternalPowerVoltage"":27.77,""Rpm"":-999,""Speed"":6.0,""SatelliteNumber"":18,""Azimuth"":220,""BatteryLevel"":100}]",0x25251300596D200869487064485674003C38402D000000445200000007000061000000FFFFFFFFFFFFFFFFFFFF00D50054E5180026042110092600082045613F94C2D9B19740006000DC03902777FFFFFF0000140000FFFFFF
2026-04-21 10:10:24.804,"[{""Protocol"":""0x2525"",""MessageType"":""LocationInfoMessage"",""ProtocolHeadType"":19,""Imei"":""869487064485674"",""SerialNo"":27937,""Mileage"":5564119,""Date"":""2026-04-21T10:11:01Z"",""IopIgnition"":true,""Latitude"":4.7375507354736328,""Longitude"":-74.12615966796875,""Altitude"":2563.39990234375,""ExternalPowerVoltage"":28.1,""Rpm"":-999,""Speed"":32.0,""SatelliteNumber"":18,""Azimuth"":169,""BatteryLevel"":100}]",0x25251300596D210869487064485674003C38402D000000645200000007000061000000FFFFFFFFFFFFFFFFFFFF00D50054E6D70026042110110166362045984094C2049A9740032000A903902810FFFFFF0000140000FFFFFF
2026-04-21 10:10:35.889,"[{""Protocol"":""0x2525"",""MessageType"":""LocationInfoMessage"",""ProtocolHeadType"":19,""Imei"":""869487064485674"",""SerialNo"":27938,""Mileage"":5564217,""Date"":""2026-04-21T10:11:12Z"",""IopIgnition"":true,""Latitude"":4.7367115020751953,""Longitude"":-74.126052856445313,""Altitude"":2560.89990234375,""ExternalPowerVoltage"":28.09,""Rpm"":-999,""Speed"":30.0,""SatelliteNumber"":18,""Azimuth"":221,""BatteryLevel"":100}]",0x25251300596D220869487064485674003C38402D000000645200000007000061000000FFFFFFFFFFFFFFFFFFFF00D50054E73900260421101112660E20458A4094C224939740030000DD03902809FFFFFF0000140000FFFFFF
2026-04-21 10:10:51.807,"[{""Protocol"":""0x2525"",""MessageType"":""LocationInfoMessage"",""ProtocolHeadType"":19,""Imei"":""869487064485674"",""SerialNo"":27939,""Mileage"":5564405,""Date"":""2026-04-21T10:11:28Z"",""IopIgnition"":true,""Latitude"":4.7353920936584473,""Longitude"":-74.126998901367188,""Altitude"":2561.300048828125,""ExternalPowerVoltage"":28.12,""Rpm"":-999,""Speed"":42.0,""SatelliteNumber"":17,""Azimuth"":170,""BatteryLevel"":100}]",0x25251300596D230869487064485674003C38402D0000005D5100000007000061000000FFFFFFFFFFFFFFFFFFFF00D50054E7F500260421101128CD142045064194C255889740042000AA03902812FFFFFF0000140000FFFFFF
2026-04-21 10:12:23.909,"[{""Protocol"":""0x2525"",""MessageType"":""LocationInfoMessage"",""ProtocolHeadType"":19,""Imei"":""869487064485674"",""SerialNo"":27940,""Mileage"":5565288,""Date"":""2026-04-21T10:13:00Z"",""IopIgnition"":true,""Latitude"":4.7279868125915527,""Longitude"":-74.1252670288086,""Altitude"":2562.39990234375,""ExternalPowerVoltage"":28.1,""Rpm"":-999,""Speed"":23.0,""SatelliteNumber"":18,""Azimuth"":218,""BatteryLevel"":100}]",0x25251300596D240869487064485674003C38402D000000645200000007000061000000FFFFFFFFFFFFFFFFFFFF00D50054EB680026042110130066262045234094C2AB4B9740023000DA03902810FFFFFF0000140000FFFFFF
2026-04-21 10:12:40.800,"[{""Protocol"":""0x2525"",""MessageType"":""LocationInfoMessage"",""ProtocolHeadType"":19,""Imei"":""869487064485674"",""SerialNo"":27941,""Mileage"":5565399,""Date"":""2026-04-21T10:13:17Z"",""IopIgnition"":true,""Latitude"":4.72720193862915,""Longitude"":-74.125846862792969,""Altitude"":2562.800048828125,""ExternalPowerVoltage"":28.11,""Rpm"":-999,""Speed"":17.0,""SatelliteNumber"":18,""Azimuth"":160,""BatteryLevel"":100}]",0x25251300596D250869487064485674003C38402D000000645200000007000061000000FFFFFFFFFFFFFFFFFFFF00D50054EBD700260421101317CD2C20456F4094C23D459740017000A003902811FFFFFF0000160000FFFFFF
2026-04-21 10:14:34.696,"[{""Protocol"":""0x2525"",""MessageType"":""LocationInfoMessage"",""ProtocolHeadType"":19,""Imei"":""869487064485674"",""SerialNo"":27942,""Mileage"":5566108,""Date"":""2026-04-21T10:15:11Z"",""IopIgnition"":true,""Latitude"":4.7223424911499023,""Longitude"":-74.121734619140625,""Altitude"":2565.60009765625,""ExternalPowerVoltage"":28.11,""Rpm"":-999,""Speed"":40.0,""SatelliteNumber"":18,""Azimuth"":139,""BatteryLevel"":100}]",0x25251300596D260869487064485674003C38402D000000565200000007000061000000FFFFFFFFFFFFFFFFFFFF00D50054EE9C002604211015119A592045543E94C26E1D97400400008B03902811FFFFFF0000150000FFFFFF
2026-04-21 10:15:34.502,"[{""Protocol"":""0x2525"",""MessageType"":""LocationInfoMessage"",""ProtocolHeadType"":19,""Imei"":""869487064485674"",""SerialNo"":27943,""Mileage"":5566793,""Date"":""2026-04-21T10:16:11Z"",""IopIgnition"":true,""Latitude"":4.7173371315002441,""Longitude"":-74.1181411743164,""Altitude"":2565.300048828125,""ExternalPowerVoltage"":28.13,""Rpm"":-999,""Speed"":43.0,""SatelliteNumber"":18,""Azimuth"":142,""BatteryLevel"":100}]",0x25251300596D270869487064485674003C38402D000000595200000007000061000000FFFFFFFFFFFFFFFFFFFF00D50054F14900260421101611CD5420457D3C94C26DF496400430008E03902813FFFFFF0000140000FFFFFF
2026-04-21 10:16:34.400,"[{""Protocol"":""0x2525"",""MessageType"":""LocationInfoMessage"",""ProtocolHeadType"":19,""Imei"":""869487064485674"",""SerialNo"":27944,""Mileage"":5566990,""Date"":""2026-04-21T10:17:10Z"",""IopIgnition"":true,""Latitude"":4.7158455848693848,""Longitude"":-74.117202758789063,""Altitude"":2566.199951171875,""ExternalPowerVoltage"":27.9,""Rpm"":-999,""Speed"":0.0,""SatelliteNumber"":17,""Azimuth"":149,""BatteryLevel"":100}]",0x25251300596D280869487064485674003C38402D000000645100000007000061000000FFFFFFFFFFFFFFFFFFFF00D50054F20E0026042110171033632045023C94C235E896400000009503902790FFFFFF0000140000FFFFFF
2026-04-21 10:17:35.115,"[{""Protocol"":""0x2525"",""MessageType"":""LocationInfoMessage"",""ProtocolHeadType"":19,""Imei"":""869487064485674"",""SerialNo"":27945,""Mileage"":5567321,""Date"":""2026-04-21T10:18:11Z"",""IopIgnition"":true,""Latitude"":4.713416576385498,""Longitude"":-74.115478515625,""Altitude"":2564.800048828125,""ExternalPowerVoltage"":27.8,""Rpm"":-999,""Speed"":0.0,""SatelliteNumber"":17,""Azimuth"":141,""BatteryLevel"":100}]",0x25251300596D290869487064485674003C38402D000000645100000007000061000000FFFFFFFFFFFFFFFFFFFF00D50054F35900260421101811CD4C2045203B94C24FD496400000008D03902780FFFFFF0000160000FFFFFF
2026-04-21 10:18:35.121,"[{""Protocol"":""0x2525"",""MessageType"":""LocationInfoMessage"",""ProtocolHeadType"":19,""Imei"":""869487064485674"",""SerialNo"":27946,""Mileage"":5567664,""Date"":""2026-04-21T10:19:11Z"",""IopIgnition"":true,""Latitude"":4.7110190391540527,""Longitude"":-74.113540649414063,""Altitude"":2564.39990234375,""ExternalPowerVoltage"":28.09,""Rpm"":-999,""Speed"":31.0,""SatelliteNumber"":17,""Azimuth"":134,""BatteryLevel"":100}]",0x25251300596D2A0869487064485674003C38402D000000525100000007000061000000FFFFFFFFFFFFFFFFFFFF00D50054F4B00026042110191166462045223A94C2ABC096400310008603902809FFFFFF0000150000FFFFFF
2026-04-21 10:19:34.958,"[{""Protocol"":""0x2525"",""MessageType"":""LocationInfoMessage"",""ProtocolHeadType"":19,""Imei"":""869487064485674"",""SerialNo"":27947,""Mileage"":5567996,""Date"":""2026-04-21T10:20:11Z"",""IopIgnition"":true,""Latitude"":4.7089638710021973,""Longitude"":-74.111381530761719,""Altitude"":2567.800048828125,""ExternalPowerVoltage"":28.11,""Rpm"":-999,""Speed"":18.0,""SatelliteNumber"":18,""Azimuth"":133,""BatteryLevel"":100}]",0x25251300596D2B0869487064485674003C38402D000000645200000007000061000000FFFFFFFFFFFFFFFFFFFF00D50054F5FC00260421102011CD7C2045073994C2D5AF96400180008503902811FFFFFF0000150000FFFFFF
2026-04-21 10:20:34.912,"[{""Protocol"":""0x2525"",""MessageType"":""LocationInfoMessage"",""ProtocolHeadType"":19,""Imei"":""869487064485674"",""SerialNo"":27948,""Mileage"":5568513,""Date"":""2026-04-21T10:21:11Z"",""IopIgnition"":true,""Latitude"":4.7059741020202637,""Longitude"":-74.107833862304688,""Altitude"":2569.39990234375,""ExternalPowerVoltage"":28.16,""Rpm"":-999,""Speed"":55.0,""SatelliteNumber"":18,""Azimuth"":116,""BatteryLevel"":100}]",0x25251300596D2C0869487064485674003C38402D000000645200000007000061000000FFFFFFFFFFFFFFFFFFFF00D50054F8010026042110211166962045363794C2579796400550007403902816FFFFFF0000150000FFFFFF
2026-04-21 10:21:35.060,"[{""Protocol"":""0x2525"",""MessageType"":""LocationInfoMessage"",""ProtocolHeadType"":19,""Imei"":""869487064485674"",""SerialNo"":27949,""Mileage"":5569205,""Date"":""2026-04-21T10:22:11Z"",""IopIgnition"":true,""Latitude"":4.703399658203125,""Longitude"":-74.102165222167969,""Altitude"":2574.699951171875,""ExternalPowerVoltage"":28.11,""Rpm"":-999,""Speed"":34.0,""SatelliteNumber"":16,""Azimuth"":113,""BatteryLevel"":100}]",0x25251300596D2D0869487064485674003C38402D000000645000000007000061000000FFFFFFFFFFFFFFFFFFFF00D50054FAB50026042110221133EB20454F3494C2408296400340007103902811FFFFFF0000150000FFFFFF
2026-04-21 10:22:34.588,"[{""Protocol"":""0x2525"",""MessageType"":""LocationInfoMessage"",""ProtocolHeadType"":19,""Imei"":""869487064485674"",""SerialNo"":27950,""Mileage"":5569703,""Date"":""2026-04-21T10:23:11Z"",""IopIgnition"":true,""Latitude"":4.700798511505127,""Longitude"":-74.0985336303711,""Altitude"":2572.0,""ExternalPowerVoltage"":27.85,""Rpm"":-999,""Speed"":5.0,""SatelliteNumber"":17,""Azimuth"":130,""BatteryLevel"":100}]",0x25251300596D2E0869487064485674003C38402D000000605100000007000061000000FFFFFFFFFFFFFFFFFFFF00D50054FCA70026042110231100C02045733294C2F16C96400050008203902785FFFFFF0000150000FFFFFF
2026-04-21 10:23:34.750,"[{""Protocol"":""0x2525"",""MessageType"":""LocationInfoMessage"",""ProtocolHeadType"":19,""Imei"":""869487064485674"",""SerialNo"":27951,""Mileage"":5570038,""Date"":""2026-04-21T10:24:10Z"",""IopIgnition"":true,""Latitude"":4.698979377746582,""Longitude"":-74.096138000488281,""Altitude"":2572.199951171875,""ExternalPowerVoltage"":28.09,""Rpm"":-999,""Speed"":41.0,""SatelliteNumber"":18,""Azimuth"":120,""BatteryLevel"":100}]",0x25251300596D2F0869487064485674003C38402D000000565200000007000061000000FFFFFFFFFFFFFFFFFFFF00D50054FDF60026042110241033C32045393194C20A5E96400410007803902809FFFFFF0000150000FFFFFF
2026-04-21 10:24:35.323,"[{""Protocol"":""0x2525"",""MessageType"":""LocationInfoMessage"",""ProtocolHeadType"":19,""Imei"":""869487064485674"",""SerialNo"":27952,""Mileage"":5570769,""Date"":""2026-04-21T10:25:11Z"",""IopIgnition"":true,""Latitude"":4.69597864151001,""Longitude"":-74.090286254882813,""Altitude"":2570.89990234375,""ExternalPowerVoltage"":28.12,""Rpm"":-999,""Speed"":51.0,""SatelliteNumber"":18,""Azimuth"":110,""BatteryLevel"":100}]",0x25251300596D300869487064485674003C38402D000000645200000007000061000000FFFFFFFFFFFFFFFFFFFF00D5005500D10026042110251166AE20453A2E94C2754596400510006E03902812FFFFFF0000150000FFFFFF
2026-04-21 10:25:35.120,"[{""Protocol"":""0x2525"",""MessageType"":""LocationInfoMessage"",""ProtocolHeadType"":19,""Imei"":""869487064485674"",""SerialNo"":27953,""Mileage"":5571528,""Date"":""2026-04-21T10:26:11Z"",""IopIgnition"":true,""Latitude"":4.691474437713623,""Longitude"":-74.085273742675781,""Altitude"":2568.5,""ExternalPowerVoltage"":28.08,""Rpm"":-999,""Speed"":38.0,""SatelliteNumber"":18,""Azimuth"":141,""BatteryLevel"":100}]",0x25251300596D310869487064485674003C38402D000000645200000007000061000000FFFFFFFFFFFFFFFFFFFF00D5005503C80026042110261100882045A92B94C28F2096400380008D03902808FFFFFF0000150000FFFFFF
2026-04-21 10:26:38.942,"[{""Protocol"":""0x2525"",""MessageType"":""LocationInfoMessage"",""ProtocolHeadType"":19,""Imei"":""869487064485674"",""SerialNo"":27954,""Mileage"":5572082,""Date"":""2026-04-21T10:27:11Z"",""IopIgnition"":true,""Latitude"":4.6875734329223633,""Longitude"":-74.0821762084961,""Altitude"":2565.0,""ExternalPowerVoltage"":28.01,""Rpm"":-999,""Speed"":31.0,""SatelliteNumber"":17,""Azimuth"":142,""BatteryLevel"":100}]",0x25251300596D320869487064485674003C38402D000000645100000007000061000000FFFFFFFFFFFFFFFFFFFF00D5005505F20026042110271100502045132A94C29A0096400310008E03902801FFFFFF0000190000FFFFFF
2026-04-21 10:27:34.911,"[{""Protocol"":""0x2525"",""MessageType"":""LocationInfoMessage"",""ProtocolHeadType"":19,""Imei"":""869487064485674"",""SerialNo"":27955,""Mileage"":5572754,""Date"":""2026-04-21T10:28:11Z"",""IopIgnition"":true,""Latitude"":4.6828141212463379,""Longitude"":-74.078453063964844,""Altitude"":2565.39990234375,""ExternalPowerVoltage"":28.09,""Rpm"":-999,""Speed"":47.0,""SatelliteNumber"":18,""Azimuth"":141,""BatteryLevel"":100}]",0x25251300596D330869487064485674003C38402D000000645200000007000061000000FFFFFFFFFFFFFFFFFFFF00D50055089200260421102811665620452B2894C29DD995400470008D03902809FFFFFF0000160000FFFFFF
2026-04-21 10:27:51.887,"[{""Protocol"":""0x2525"",""MessageType"":""LocationInfoMessage"",""ProtocolHeadType"":19,""Imei"":""869487064485674"",""SerialNo"":27956,""Mileage"":5572920,""Date"":""2026-04-21T10:28:28Z"",""IopIgnition"":true,""Latitude"":4.6816282272338867,""Longitude"":-74.077568054199219,""Altitude"":2564.699951171875,""ExternalPowerVoltage"":27.92,""Rpm"":-999,""Speed"":19.0,""SatelliteNumber"":16,""Azimuth"":194,""BatteryLevel"":100}]",0x25251300596D340869487064485674003C38402D000000645000000007000061000000FFFFFFFFFFFFFFFFFFFF00D50055093800260421102828334B2045B72794C2E6CF9540019000C203902792FFFFFF0000190000FFFFFF
2026-04-21 10:29:15.794,"[{""Protocol"":""0x2525"",""MessageType"":""LocationInfoMessage"",""ProtocolHeadType"":19,""Imei"":""869487064485674"",""SerialNo"":27957,""Mileage"":5573534,""Date"":""2026-04-21T10:29:52Z"",""IopIgnition"":true,""Latitude"":4.6771206855773926,""Longitude"":-74.080650329589844,""Altitude"":2569.5,""ExternalPowerVoltage"":27.96,""Rpm"":-999,""Speed"":10.0,""SatelliteNumber"":18,""Azimuth"":140,""BatteryLevel"":100}]",0x25251300596D350869487064485674003C38402D000000485200000007000061000000FFFFFFFFFFFFFFFFFFFF00D500550B9E00260421102952009820454B2994C2F9AA95400100008C03902796FFFFFF0000160000FFFFFF
2026-04-21 10:30:34.689,"[{""Protocol"":""0x2525"",""MessageType"":""LocationInfoMessage"",""ProtocolHeadType"":19,""Imei"":""869487064485674"",""SerialNo"":27958,""Mileage"":5573670,""Date"":""2026-04-21T10:31:11Z"",""IopIgnition"":true,""Latitude"":4.6763830184936523,""Longitude"":-74.079681396484375,""Altitude"":2567.39990234375,""ExternalPowerVoltage"":27.94,""Rpm"":-999,""Speed"":0.0,""SatelliteNumber"":17,""Azimuth"":127,""BatteryLevel"":100}]",0x25251300596D360869487064485674003C38402D000000415100000007000061000000FFFFFFFFFFFFFFFFFFFF00D500550C260026042110311166762045CC2894C2EEA495400000007F03902794FFFFFF0000160000FFFFFF
2026-04-21 10:31:34.474,"[{""Protocol"":""0x2525"",""MessageType"":""LocationInfoMessage"",""ProtocolHeadType"":19,""Imei"":""869487064485674"",""SerialNo"":27959,""Mileage"":5573670,""Date"":""2026-04-21T10:32:11Z"",""IopIgnition"":true,""Latitude"":4.6763830184936523,""Longitude"":-74.079681396484375,""Altitude"":2567.39990234375,""ExternalPowerVoltage"":27.96,""Rpm"":-999,""Speed"":0.0,""SatelliteNumber"":16,""Azimuth"":127,""BatteryLevel"":100}]",0x25251300596D370869487064485674003C38402D000000485000000007000061000000FFFFFFFFFFFFFFFFFFFF00D500550C260026042110321166762045CC2894C2EEA495400000007F03902796FFFFFF0000160000FFFFFF
2026-04-21 10:31:49.393,"[{""Protocol"":""0x2525"",""MessageType"":""LocationAlarmMessage"",""ProtocolHeadType"":20,""Imei"":""869487064485674"",""SerialNo"":1051,""Mileage"":5573670,""Date"":""2026-04-21T10:32:25Z"",""IopIgnition"":false,""Latitude"":4.6763830184936523,""Longitude"":-74.079681396484375,""Altitude"":2567.39990234375,""ExternalPowerVoltage"":27.69,""Rpm"":-999,""Speed"":0.0,""SatelliteNumber"":16,""Azimuth"":127,""OriginalAlarmCode"":23}]",0x2525140059041B0869487064485674003C38402D000000415000000007000020000000FFFFFFFFFFFFFFFFFFFF17D500550C260026042110322566762045CC2894C2EEA495400000007F03902769FFFFFF0000170000FFFFFF
2026-04-21 10:55:17.430,"[{""Protocol"":""0x2525"",""MessageType"":""LocationAlarmMessage"",""ProtocolHeadType"":20,""Imei"":""869487064485674"",""SerialNo"":1052,""Mileage"":5573670,""Date"":""2026-04-21T10:55:52Z"",""IopIgnition"":true,""Latitude"":4.6763830184936523,""Longitude"":-74.079681396484375,""Altitude"":2567.39990234375,""ExternalPowerVoltage"":24.88,""Rpm"":-999,""Speed"":0.0,""SatelliteNumber"":17,""Azimuth"":127,""OriginalAlarmCode"":22}]",0x2525140059041C0869487064485674003C38402D000000415100000007000061000000FFFFFFFFFFFFFFFFFFFF16D500550C260026042110555266762045CC2894C2EEA495400000007F03902488FFFFFF0000180000FFFFFF
2026-04-21 10:55:44.752,"[{""Protocol"":""0x2525"",""MessageType"":""LocationAlarmMessage"",""ProtocolHeadType"":20,""Imei"":""869487064485674"",""SerialNo"":1053,""Mileage"":5573670,""Date"":""2026-04-21T10:56:19Z"",""IopIgnition"":false,""Latitude"":4.6763830184936523,""Longitude"":-74.079681396484375,""Altitude"":2567.39990234375,""ExternalPowerVoltage"":24.65,""Rpm"":-999,""Speed"":0.0,""SatelliteNumber"":15,""Azimuth"":127,""OriginalAlarmCode"":23}]",0x2525140059041D0869487064485674003C38402D000000444F00000007000020000000FFFFFFFFFFFFFFFFFFFF17D500550C260026042110561966762045CC2894C2EEA495400000007F03902465FFFFFF0000180000FFFFFF
2026-04-21 10:55:55.711,"[{""Protocol"":""0x2525"",""MessageType"":""LocationAlarmMessage"",""ProtocolHeadType"":20,""Imei"":""869487064485674"",""SerialNo"":1054,""Mileage"":5573670,""Date"":""2026-04-21T10:56:30Z"",""IopIgnition"":true,""Latitude"":4.6763830184936523,""Longitude"":-74.079681396484375,""Altitude"":2567.39990234375,""ExternalPowerVoltage"":24.81,""Rpm"":-999,""Speed"":0.0,""SatelliteNumber"":16,""Azimuth"":127,""OriginalAlarmCode"":22}]",0x2525140059041E0869487064485674003C38402D000000445000000007000061000000FFFFFFFFFFFFFFFFFFFF16D500550C260026042110563066762045CC2894C2EEA495400000007F03902481FFFFFF0000190000FFFFFF
2026-04-21 10:57:18.665,"[{""Protocol"":""0x2525"",""MessageType"":""LocationInfoMessage"",""ProtocolHeadType"":19,""Imei"":""869487064485674"",""SerialNo"":27960,""Mileage"":5573699,""Date"":""2026-04-21T10:57:53Z"",""IopIgnition"":true,""Latitude"":4.676243782043457,""Longitude"":-74.079460144042969,""Altitude"":2565.699951171875,""ExternalPowerVoltage"":27.95,""Rpm"":-999,""Speed"":7.0,""SatelliteNumber"":17,""Azimuth"":129,""BatteryLevel"":100}]",0x25251300596D380869487064485674003C38402D000000415100000007000061000000FFFFFFFFFFFFFFFFFFFF00D500550C4300260421105753335B2045AF2894C2CAA395400070008103902795FFFFFF0000180000FFFFFF
2026-04-21 10:57:32.264,"[{""Protocol"":""0x2525"",""MessageType"":""LocationInfoMessage"",""ProtocolHeadType"":19,""Imei"":""869487064485674"",""SerialNo"":27961,""Mileage"":5573723,""Date"":""2026-04-21T10:58:07Z"",""IopIgnition"":true,""Latitude"":4.6761627197265625,""Longitude"":-74.079269409179688,""Altitude"":2565.39990234375,""ExternalPowerVoltage"":27.98,""Rpm"":-999,""Speed"":9.0,""SatelliteNumber"":17,""Azimuth"":56,""BatteryLevel"":100}]",0x25251300596D390869487064485674003C38402D000000415100000007000061000000FFFFFFFFFFFFFFFFFFFF00D500550C5B0026042110580766562045962894C220A395400090003803902798FFFFFF00001B0000FFFFFF
2026-04-21 10:57:46.374,"[{""Protocol"":""0x2525"",""MessageType"":""LocationInfoMessage"",""ProtocolHeadType"":19,""Imei"":""869487064485674"",""SerialNo"":27962,""Mileage"":5573758,""Date"":""2026-04-21T10:58:21Z"",""IopIgnition"":true,""Latitude"":4.67636251449585,""Longitude"":-74.079048156738281,""Altitude"":2566.0,""ExternalPowerVoltage"":27.83,""Rpm"":-999,""Speed"":8.0,""SatelliteNumber"":18,""Azimuth"":118,""BatteryLevel"":100}]",0x25251300596D3A0869487064485674003C38402D0000004F5200000007000061000000FFFFFFFFFFFFFFFFFFFF00D500550C7E0026042110582100602045792894C2C3A495400080007603902783FFFFFF00001C0000FFFFFF
2026-04-21 10:57:59.922,"[{""Protocol"":""0x2525"",""MessageType"":""LocationAlarmMessage"",""ProtocolHeadType"":20,""Imei"":""869487064485674"",""SerialNo"":1055,""Mileage"":5573762,""Date"":""2026-04-21T10:58:34Z"",""IopIgnition"":false,""Latitude"":4.6763381958007813,""Longitude"":-74.079025268554688,""Altitude"":2566.10009765625,""ExternalPowerVoltage"":27.76,""Rpm"":-999,""Speed"":0.0,""SatelliteNumber"":15,""Azimuth"":143,""OriginalAlarmCode"":23}]",0x2525140059041F0869487064485674003C38402D000000444F00000007000020000000FFFFFFFFFFFFFFFFFFFF17D500550C82002604211058349A612045762894C290A495400000008F03902776FFFFFF00001C0000FFFFFF
2026-04-21 11:12:45.317,"[{""Protocol"":""0x2525"",""MessageType"":""LocationAlarmMessage"",""ProtocolHeadType"":20,""Imei"":""869487064485674"",""SerialNo"":1056,""Mileage"":5573762,""Date"":""2026-04-21T11:13:21Z"",""IopIgnition"":true,""Latitude"":4.6763381958007813,""Longitude"":-74.079025268554688,""Altitude"":2566.10009765625,""ExternalPowerVoltage"":25.22,""Rpm"":-999,""Speed"":0.0,""SatelliteNumber"":15,""Azimuth"":143,""OriginalAlarmCode"":22}]",0x252514005904200869487064485674003C38402D000000444F00000007000061000000FFFFFFFFFFFFFFFFFFFF16D500550C82002604211113219A612045762894C290A495400000008F03902522FFFFFF0000190000FFFFFF
2026-04-21 11:13:46.137,"[{""Protocol"":""0x2525"",""MessageType"":""LocationInfoMessage"",""ProtocolHeadType"":19,""Imei"":""869487064485674"",""SerialNo"":27963,""Mileage"":5573787,""Date"":""2026-04-21T11:14:22Z"",""IopIgnition"":true,""Latitude"":4.67620849609375,""Longitude"":-74.078849792480469,""Altitude"":2568.5,""ExternalPowerVoltage"":28.01,""Rpm"":-999,""Speed"":13.0,""SatelliteNumber"":17,""Azimuth"":124,""BatteryLevel"":100}]",0x25251300596D3B0869487064485674003C38402D000000445100000007000061000000FFFFFFFFFFFFFFFFFFFF00D500550C9B00260421111422008820455F2894C280A395400130007C03902801FFFFFF0000190000FFFFFF
2026-04-21 11:14:29.939,"[{""Protocol"":""0x2525"",""MessageType"":""LocationInfoMessage"",""ProtocolHeadType"":19,""Imei"":""869487064485674"",""SerialNo"":27964,""Mileage"":5573945,""Date"":""2026-04-21T11:15:06Z"",""IopIgnition"":true,""Latitude"":4.6754136085510254,""Longitude"":-74.077705383300781,""Altitude"":2568.800048828125,""ExternalPowerVoltage"":28.04,""Rpm"":-999,""Speed"":15.0,""SatelliteNumber"":18,""Azimuth"":45,""BatteryLevel"":100}]",0x25251300596D3C0869487064485674003C38402D0000004B5200000007000061000000FFFFFFFFFFFFFFFFFFFF00D500550D3900260421111506CD8C2045C92794C2FD9C95400150002D03902804FFFFFF00001A0000FFFFFF
2026-04-21 11:15:02.782,"[{""Protocol"":""0x2525"",""MessageType"":""LocationInfoMessage"",""ProtocolHeadType"":19,""Imei"":""869487064485674"",""SerialNo"":27965,""Mileage"":5574108,""Date"":""2026-04-21T11:15:39Z"",""IopIgnition"":true,""Latitude"":4.6765108108520508,""Longitude"":-74.076751708984375,""Altitude"":2572.39990234375,""ExternalPowerVoltage"":28.06,""Rpm"":-999,""Speed"":11.0,""SatelliteNumber"":18,""Azimuth"":118,""BatteryLevel"":100}]",0x25251300596D3D0869487064485674003C38402D000000645200000007000061000000FFFFFFFFFFFFFFFFFFFF00D500550DDC0026042111153966C620454C2794C2FAA595400110007603902806FFFFFF00001A0000FFFFFF
2026-04-21 11:16:45.667,"[{""Protocol"":""0x2525"",""MessageType"":""LocationInfoMessage"",""ProtocolHeadType"":19,""Imei"":""869487064485674"",""SerialNo"":27966,""Mileage"":5574183,""Date"":""2026-04-21T11:17:22Z"",""IopIgnition"":true,""Latitude"":4.6760778427124023,""Longitude"":-74.076248168945313,""Altitude"":2573.39990234375,""ExternalPowerVoltage"":28.11,""Rpm"":-999,""Speed"":19.0,""SatelliteNumber"":17,""Azimuth"":128,""BatteryLevel"":100}]",0x25251300596D3E0869487064485674003C38402D000000645100000007000061000000FFFFFFFFFFFFFFFFFFFF00D500550E270026042111172266D620450A2794C26EA295400190008003902811FFFFFF0000190000FFFFFF
2026-04-21 11:16:58.781,"[{""Protocol"":""0x2525"",""MessageType"":""LocationInfoMessage"",""ProtocolHeadType"":19,""Imei"":""869487064485674"",""SerialNo"":27967,""Mileage"":5574274,""Date"":""2026-04-21T11:17:35Z"",""IopIgnition"":true,""Latitude"":4.6756200790405273,""Longitude"":-74.075576782226563,""Altitude"":2568.5,""ExternalPowerVoltage"":28.02,""Rpm"":-999,""Speed"":17.0,""SatelliteNumber"":18,""Azimuth"":76,""BatteryLevel"":100}]",0x25251300596D3F0869487064485674003C38402D000000645200000007000061000000FFFFFFFFFFFFFFFFFFFF00D500550E820026042111173500882045B22694C2AE9E95400170004C03902802FFFFFF00001D0000FFFFFF
2026-04-21 11:17:00.821,"[{""Protocol"":""0x2525"",""MessageType"":""LocationInfoMessage"",""ProtocolHeadType"":19,""Imei"":""869487064485674"",""SerialNo"":27968,""Mileage"":5574283,""Date"":""2026-04-21T11:17:37Z"",""IopIgnition"":true,""Latitude"":4.6756801605224609,""Longitude"":-74.075523376464844,""Altitude"":2567.699951171875,""ExternalPowerVoltage"":28.01,""Rpm"":-999,""Speed"":19.0,""SatelliteNumber"":18,""Azimuth"":11,""BatteryLevel"":100}]",0x25251300596D400869487064485674003C38402D000000645200000007000061000000FFFFFFFFFFFFFFFFFFFF00D500550E8B00260421111737337B2045AB2694C22C9F95400190000B03902801FFFFFF00001D0000FFFFFF
2026-04-21 11:18:15.788,"[{""Protocol"":""0x2525"",""MessageType"":""LocationInfoMessage"",""ProtocolHeadType"":19,""Imei"":""869487064485674"",""SerialNo"":27969,""Mileage"":5574668,""Date"":""2026-04-21T11:18:52Z"",""IopIgnition"":true,""Latitude"":4.6786408424377441,""Longitude"":-74.074333190917969,""Altitude"":2567.0,""ExternalPowerVoltage"":28.07,""Rpm"":-999,""Speed"":22.0,""SatelliteNumber"":18,""Azimuth"":316,""BatteryLevel"":100}]",0x25251300596D410869487064485674003C38402D000000605200000007000061000000FFFFFFFFFFFFFFFFFFFF00D50055100C00260421111852007020450F2694C26DB795400220013C03902807FFFFFF00001A0000FFFFFF
2026-04-21 11:19:45.703,"[{""Protocol"":""0x2525"",""MessageType"":""LocationInfoMessage"",""ProtocolHeadType"":19,""Imei"":""869487064485674"",""SerialNo"":27970,""Mileage"":5575889,""Date"":""2026-04-21T11:20:22Z"",""IopIgnition"":true,""Latitude"":4.6870794296264648,""Longitude"":-74.081306457519531,""Altitude"":2562.0,""ExternalPowerVoltage"":27.96,""Rpm"":-999,""Speed"":13.0,""SatelliteNumber"":17,""Azimuth"":324,""BatteryLevel"":100}]",0x25251300596D420869487064485674003C38402D000000645100000007000061000000FFFFFFFFFFFFFFFFFFFF00D5005514D10026042111202200202045A12994C28EFC95400130014403902796FFFFFF00001A0000FFFFFF
2026-04-21 11:19:50.730,"[{""Protocol"":""0x2525"",""MessageType"":""LocationInfoMessage"",""ProtocolHeadType"":19,""Imei"":""869487064485674"",""SerialNo"":27971,""Mileage"":5575905,""Date"":""2026-04-21T11:20:27Z"",""IopIgnition"":true,""Latitude"":4.6872067451477051,""Longitude"":-74.081344604492188,""Altitude"":2561.5,""ExternalPowerVoltage"":28.0,""Rpm"":-999,""Speed"":11.0,""SatelliteNumber"":18,""Azimuth"":13,""BatteryLevel"":100}]",0x25251300596D430869487064485674003C38402D000000645200000007000061000000FFFFFFFFFFFFFFFFFFFF00D5005514E10026042111202700182045A62994C299FD95400110000D03902800FFFFFF00001A0000FFFFFF
2026-04-21 11:19:55.882,"[{""Protocol"":""0x2525"",""MessageType"":""LocationInfoMessage"",""ProtocolHeadType"":19,""Imei"":""869487064485674"",""SerialNo"":27972,""Mileage"":5575928,""Date"":""2026-04-21T11:20:32Z"",""IopIgnition"":true,""Latitude"":4.6874003410339355,""Longitude"":-74.0813217163086,""Altitude"":2561.60009765625,""ExternalPowerVoltage"":28.07,""Rpm"":-999,""Speed"":20.0,""SatelliteNumber"":18,""Azimuth"":324,""BatteryLevel"":100}]",0x25251300596D440869487064485674003C38402D000000645200000007000061000000FFFFFFFFFFFFFFFFFFFF00D5005514F8002604211120329A192045A32994C22FFF95400200014403902807FFFFFF00001C0000FFFFFF
2026-04-21 11:20:20.808,"[{""Protocol"":""0x2525"",""MessageType"":""LocationInfoMessage"",""ProtocolHeadType"":19,""Imei"":""869487064485674"",""SerialNo"":27973,""Mileage"":5576113,""Date"":""2026-04-21T11:20:57Z"",""IopIgnition"":true,""Latitude"":4.6887130737304688,""Longitude"":-74.082084655761719,""Altitude"":2564.10009765625,""ExternalPowerVoltage"":28.1,""Rpm"":-999,""Speed"":26.0,""SatelliteNumber"":18,""Azimuth"":53,""BatteryLevel"":100}]",0x25251300596D450869487064485674003C38402D000000525200000007000061000000FFFFFFFFFFFFFFFFFFFF00D5005515B1002604211120579A412045072A94C2F00996400260003503902810FFFFFF00001A0000FFFFFF
2026-04-21 11:20:52.898,"[{""Protocol"":""0x2525"",""MessageType"":""LocationInfoMessage"",""ProtocolHeadType"":19,""Imei"":""869487064485674"",""SerialNo"":27974,""Mileage"":5576300,""Date"":""2026-04-21T11:21:29Z"",""IopIgnition"":true,""Latitude"":4.6897811889648438,""Longitude"":-74.080802917480469,""Altitude"":2561.199951171875,""ExternalPowerVoltage"":28.1,""Rpm"":-999,""Speed"":17.0,""SatelliteNumber"":17,""Azimuth"":4,""BatteryLevel"":100}]",0x25251300596D460869487064485674003C38402D000000525100000007000061000000FFFFFFFFFFFFFFFFFFFF00D50055166C00260421112129331320455F2994C2B01296400170000403902810FFFFFF00001B0000FFFFFF
2026-04-21 11:21:11.798,"[{""Protocol"":""0x2525"",""MessageType"":""LocationInfoMessage"",""ProtocolHeadType"":19,""Imei"":""869487064485674"",""SerialNo"":27975,""Mileage"":5576414,""Date"":""2026-04-21T11:21:48Z"",""IopIgnition"":true,""Latitude"":4.6906824111938477,""Longitude"":-74.081108093261719,""Altitude"":2564.300048828125,""ExternalPowerVoltage"":28.09,""Rpm"":-999,""Speed"":18.0,""SatelliteNumber"":17,""Azimuth"":58,""BatteryLevel"":100}]",0x25251300596D470869487064485674003C38402D000000645100000007000061000000FFFFFFFFFFFFFFFFFFFF00D5005516DE00260421112148CD442045872994C2121A96400180003A03902809FFFFFF00001B0000FFFFFF
2026-04-21 11:21:21.919,"[{""Protocol"":""0x2525"",""MessageType"":""LocationInfoMessage"",""ProtocolHeadType"":19,""Imei"":""869487064485674"",""SerialNo"":27976,""Mileage"":5576470,""Date"":""2026-04-21T11:21:58Z"",""IopIgnition"":true,""Latitude"":4.690737247467041,""Longitude"":-74.080604553222656,""Altitude"":2563.89990234375,""ExternalPowerVoltage"":28.09,""Rpm"":-999,""Speed"":16.0,""SatelliteNumber"":18,""Azimuth"":110,""BatteryLevel"":100}]",0x25251300596D480869487064485674003C38402D000000645200000007000061000000FFFFFFFFFFFFFFFFFFFF00D50055171600260421112158663E2045452994C2851A96400160006E03902809FFFFFF00001D0000FFFFFF
2026-04-21 11:21:34.715,"[{""Protocol"":""0x2525"",""MessageType"":""LocationInfoMessage"",""ProtocolHeadType"":19,""Imei"":""869487064485674"",""SerialNo"":27977,""Mileage"":5576552,""Date"":""2026-04-21T11:22:11Z"",""IopIgnition"":true,""Latitude"":4.6903648376464844,""Longitude"":-74.080146789550781,""Altitude"":2564.10009765625,""ExternalPowerVoltage"":28.08,""Rpm"":-999,""Speed"":21.0,""SatelliteNumber"":18,""Azimuth"":15,""BatteryLevel"":100}]",0x25251300596D490869487064485674003C38402D000000525200000007000061000000FFFFFFFFFFFFFFFFFFFF00D500551768002604211122119A412045092994C2781796400210000F03902808FFFFFF00001E0000FFFFFF
2026-04-21 11:22:45.678,"[{""Protocol"":""0x2525"",""MessageType"":""LocationInfoMessage"",""ProtocolHeadType"":19,""Imei"":""869487064485674"",""SerialNo"":27978,""Mileage"":5577141,""Date"":""2026-04-21T11:23:22Z"",""IopIgnition"":true,""Latitude"":4.6936054229736328,""Longitude"":-74.076004028320313,""Altitude"":2568.300048828125,""ExternalPowerVoltage"":27.92,""Rpm"":-999,""Speed"":5.0,""SatelliteNumber"":17,""Azimuth"":54,""BatteryLevel"":100}]",0x25251300596D4A0869487064485674003C38402D000000645100000007000061000000FFFFFFFFFFFFFFFFFFFF00D5005519B500260421112322CD842045EA2694C2043296400050003603902792FFFFFF00001B0000FFFFFF
2026-04-21 11:23:45.472,"[{""Protocol"":""0x2525"",""MessageType"":""LocationInfoMessage"",""ProtocolHeadType"":19,""Imei"":""869487064485674"",""SerialNo"":27979,""Mileage"":5577472,""Date"":""2026-04-21T11:24:22Z"",""IopIgnition"":true,""Latitude"":4.6953840255737305,""Longitude"":-74.073623657226563,""Altitude"":2568.0,""ExternalPowerVoltage"":28.09,""Rpm"":-999,""Speed"":40.0,""SatelliteNumber"":18,""Azimuth"":55,""BatteryLevel"":100}]",0x25251300596D4B0869487064485674003C38402D000000645200000007000061000000FFFFFFFFFFFFFFFFFFFF00D500551B000026042111242200802045B22594C2964096400400003703902809FFFFFF00001B0000FFFFFF
2026-04-21 11:24:45.463,"[{""Protocol"":""0x2525"",""MessageType"":""LocationInfoMessage"",""ProtocolHeadType"":19,""Imei"":""869487064485674"",""SerialNo"":27980,""Mileage"":5577970,""Date"":""2026-04-21T11:25:21Z"",""IopIgnition"":true,""Latitude"":4.6980276107788086,""Longitude"":-74.069992065429688,""Altitude"":2567.800048828125,""ExternalPowerVoltage"":28.02,""Rpm"":-999,""Speed"":14.0,""SatelliteNumber"":18,""Azimuth"":57,""BatteryLevel"":100}]",0x25251300596D4C0869487064485674003C38402D000000525200000007000061000000FFFFFFFFFFFFFFFFFFFF00D500551CF200260421112521CD7C2045D62394C23E5696400140003903902802FFFFFF00001B0000FFFFFF
2026-04-21 11:25:46.207,"[{""Protocol"":""0x2525"",""MessageType"":""LocationInfoMessage"",""ProtocolHeadType"":19,""Imei"":""869487064485674"",""SerialNo"":27981,""Mileage"":5577979,""Date"":""2026-04-21T11:26:22Z"",""IopIgnition"":true,""Latitude"":4.6980743408203125,""Longitude"":-74.069931030273438,""Altitude"":2567.10009765625,""ExternalPowerVoltage"":27.95,""Rpm"":-999,""Speed"":0.0,""SatelliteNumber"":14,""Azimuth"":49,""BatteryLevel"":100}]",0x25251300596D4D0869487064485674003C38402D000000524E00000007000061000000FFFFFFFFFFFFFFFFFFFF00D500551CFB002604211126229A712045CE2394C2A05696400000003103902795FFFFFF00001A0000FFFFFF
2026-04-21 11:26:15.898,"[{""Protocol"":""0x2525"",""MessageType"":""LocationInfoMessage"",""ProtocolHeadType"":19,""Imei"":""869487064485674"",""SerialNo"":27982,""Mileage"":5578052,""Date"":""2026-04-21T11:26:52Z"",""IopIgnition"":true,""Latitude"":4.6985244750976563,""Longitude"":-74.0694808959961,""Altitude"":2565.300048828125,""ExternalPowerVoltage"":28.04,""Rpm"":-999,""Speed"":11.0,""SatelliteNumber"":17,""Azimuth"":358,""BatteryLevel"":100}]",0x25251300596D4E0869487064485674003C38402D000000595100000007000061000000FFFFFFFFFFFFFFFFFFFF00D500551D4400260421112652CD542045932394C2505A96400110016603902804FFFFFF00001B0000FFFFFF
2026-04-21 11:27:45.691,"[{""Protocol"":""0x2525"",""MessageType"":""LocationInfoMessage"",""ProtocolHeadType"":19,""Imei"":""869487064485674"",""SerialNo"":27983,""Mileage"":5578887,""Date"":""2026-04-21T11:28:22Z"",""IopIgnition"":true,""Latitude"":4.7058405876159668,""Longitude"":-74.070854187011719,""Altitude"":2565.0,""ExternalPowerVoltage"":27.92,""Rpm"":-999,""Speed"":0.0,""SatelliteNumber"":15,""Azimuth"":343,""BatteryLevel"":100}]",0x25251300596D4F0869487064485674003C38402D000000644F00000007000061000000FFFFFFFFFFFFFFFFFFFF00D5005520870026042111282200502045472494C23F9696400000015703902792FFFFFF00001B0000FFFFFF
2026-04-21 11:28:45.584,"[{""Protocol"":""0x2525"",""MessageType"":""LocationInfoMessage"",""ProtocolHeadType"":19,""Imei"":""869487064485674"",""SerialNo"":27984,""Mileage"":5579379,""Date"":""2026-04-21T11:29:22Z"",""IopIgnition"":true,""Latitude"":4.7101469039916992,""Longitude"":-74.071807861328125,""Altitude"":2568.699951171875,""ExternalPowerVoltage"":28.12,""Rpm"":-999,""Speed"":39.0,""SatelliteNumber"":15,""Azimuth"":353,""BatteryLevel"":100}]",0x25251300596D500869487064485674003C38402D000000644F00000007000061000000FFFFFFFFFFFFFFFFFFFF00D50055227300260421112922338B2045C42494C286B996400390016103902812FFFFFF00001B0000FFFFFF
2026-04-21 11:29:45.372,"[{""Protocol"":""0x2525"",""MessageType"":""LocationInfoMessage"",""ProtocolHeadType"":19,""Imei"":""869487064485674"",""SerialNo"":27985,""Mileage"":5579819,""Date"":""2026-04-21T11:30:21Z"",""IopIgnition"":true,""Latitude"":4.7139987945556641,""Longitude"":-74.07269287109375,""Altitude"":2570.300048828125,""ExternalPowerVoltage"":28.15,""Rpm"":-999,""Speed"":63.0,""SatelliteNumber"":19,""Azimuth"":346,""BatteryLevel"":100}]",0x25251300596D510869487064485674003C38402D0000005D5300000007000061000000FFFFFFFFFFFFFFFFFFFF00D50055242B00260421113021CDA42045382594C214D996400630015A03902815FFFFFF00001B0000FFFFFF
2026-04-21 11:30:46.298,"[{""Protocol"":""0x2525"",""MessageType"":""LocationInfoMessage"",""ProtocolHeadType"":19,""Imei"":""869487064485674"",""SerialNo"":27986,""Mileage"":5580619,""Date"":""2026-04-21T11:31:22Z"",""IopIgnition"":true,""Latitude"":4.7208642959594727,""Longitude"":-74.074623107910156,""Altitude"":2581.0,""ExternalPowerVoltage"":28.18,""Rpm"":-999,""Speed"":49.0,""SatelliteNumber"":18,""Azimuth"":359,""BatteryLevel"":100}]",0x25251300596D520869487064485674003C38402D000000645200000007000061000000FFFFFFFFFFFFFFFFFFFF00D50055274B0026042111312200502145352694C2521197400490016703902818FFFFFF00001B0000FFFFFF
2026-04-21 11:31:46.135,"[{""Protocol"":""0x2525"",""MessageType"":""LocationInfoMessage"",""ProtocolHeadType"":19,""Imei"":""869487064485674"",""SerialNo"":27987,""Mileage"":5581407,""Date"":""2026-04-21T11:32:22Z"",""IopIgnition"":true,""Latitude"":4.7279396057128906,""Longitude"":-74.074592590332031,""Altitude"":2590.300048828125,""ExternalPowerVoltage"":28.11,""Rpm"":-999,""Speed"":41.0,""SatelliteNumber"":18,""Azimuth"":2,""BatteryLevel"":100}]",0x25251300596D530869487064485674003C38402D000000645200000007000061000000FFFFFFFFFFFFFFFFFFFF00D500552A5F00260421113222CDE42145312694C2484B97400410000203902811FFFFFF00001B0000FFFFFF
2026-04-21 11:32:30.892,"[{""Protocol"":""0x2525"",""MessageType"":""LocationInfoMessage"",""ProtocolHeadType"":19,""Imei"":""869487064485674"",""SerialNo"":27988,""Mileage"":5581963,""Date"":""2026-04-21T11:33:07Z"",""IopIgnition"":true,""Latitude"":4.7328062057495117,""Longitude"":-74.075302124023438,""Altitude"":2605.199951171875,""ExternalPowerVoltage"":28.11,""Rpm"":-999,""Speed"":34.0,""SatelliteNumber"":16,""Azimuth"":310,""BatteryLevel"":100}]",0x25251300596D540869487064485674003C38402D000000645000000007000061000000FFFFFFFFFFFFFFFFFFFF00D500552C8B0026042111330733D322458E2694C2267397400340013603902811FFFFFF00001B0000FFFFFF
2026-04-21 11:33:45.685,"[{""Protocol"":""0x2525"",""MessageType"":""LocationInfoMessage"",""ProtocolHeadType"":19,""Imei"":""869487064485674"",""SerialNo"":27989,""Mileage"":5582890,""Date"":""2026-04-21T11:34:22Z"",""IopIgnition"":true,""Latitude"":4.7368550300598145,""Longitude"":-74.082328796386719,""Altitude"":2599.300048828125,""ExternalPowerVoltage"":28.1,""Rpm"":-999,""Speed"":49.0,""SatelliteNumber"":18,""Azimuth"":316,""BatteryLevel"":100}]",0x25251300596D550869487064485674003C38402D0000005D5200000007000061000000FFFFFFFFFFFFFFFFFFFF00D50055302A00260421113422CD742245272A94C2519497400490013C03902810FFFFFF00001B0000FFFFFF
2026-04-21 11:34:45.606,"[{""Protocol"":""0x2525"",""MessageType"":""LocationInfoMessage"",""ProtocolHeadType"":19,""Imei"":""869487064485674"",""SerialNo"":27990,""Mileage"":5583584,""Date"":""2026-04-21T11:35:22Z"",""IopIgnition"":true,""Latitude"":4.7397589683532715,""Longitude"":-74.087692260742188,""Altitude"":2573.699951171875,""ExternalPowerVoltage"":27.95,""Rpm"":-999,""Speed"":25.0,""SatelliteNumber"":18,""Azimuth"":315,""BatteryLevel"":100}]",0x25251300596D560869487064485674003C38402D000000645200000007000061000000FFFFFFFFFFFFFFFFFFFF00D5005532E00026042111352233DB2045E62C94C21BAC97400250013B03902795FFFFFF00001B0000FFFFFF
2026-04-21 11:35:45.400,"[{""Protocol"":""0x2525"",""MessageType"":""LocationInfoMessage"",""ProtocolHeadType"":19,""Imei"":""869487064485674"",""SerialNo"":27991,""Mileage"":5583760,""Date"":""2026-04-21T11:36:21Z"",""IopIgnition"":true,""Latitude"":4.740882396697998,""Longitude"":-74.088798522949219,""Altitude"":2571.300048828125,""ExternalPowerVoltage"":27.87,""Rpm"":-999,""Speed"":11.0,""SatelliteNumber"":17,""Azimuth"":317,""BatteryLevel"":100}]",0x25251300596D570869487064485674003C38402D000000645100000007000061000000FFFFFFFFFFFFFFFFFFFF00D50055339000260421113621CDB42045772D94C24FB597400110013D03902787FFFFFF00001C0000FFFFFF
2026-04-21 11:36:46.288,"[{""Protocol"":""0x2525"",""MessageType"":""LocationInfoMessage"",""ProtocolHeadType"":19,""Imei"":""869487064485674"",""SerialNo"":27992,""Mileage"":5583894,""Date"":""2026-04-21T11:37:22Z"",""IopIgnition"":true,""Latitude"":4.7416481971740723,""Longitude"":-74.089729309082031,""Altitude"":2571.60009765625,""ExternalPowerVoltage"":28.13,""Rpm"":-999,""Speed"":27.0,""SatelliteNumber"":18,""Azimuth"":302,""BatteryLevel"":100}]",0x25251300596D580869487064485674003C38402D000000645200000007000061000000FFFFFFFFFFFFFFFFFFFF00D500553416002604211137229AB92045F12D94C295BB97400270012E03902813FFFFFF00001C0000FFFFFF
2026-04-21 11:37:46.180,"[{""Protocol"":""0x2525"",""MessageType"":""LocationInfoMessage"",""ProtocolHeadType"":19,""Imei"":""869487064485674"",""SerialNo"":27993,""Mileage"":5584358,""Date"":""2026-04-21T11:38:22Z"",""IopIgnition"":true,""Latitude"":4.7442226409912109,""Longitude"":-74.093009948730469,""Altitude"":2569.699951171875,""ExternalPowerVoltage"":27.86,""Rpm"":-999,""Speed"":0.0,""SatelliteNumber"":17,""Azimuth"":308,""BatteryLevel"":100}]",0x25251300596D590869487064485674003C38402D000000645100000007000061000000FFFFFFFFFFFFFFFFFFFF00D5005535E600260421113822339B20459F2F94C2ACD097400000013403902786FFFFFF00001B0000FFFFFF
2026-04-21 11:38:46.151,"[{""Protocol"":""0x2525"",""MessageType"":""LocationInfoMessage"",""ProtocolHeadType"":19,""Imei"":""869487064485674"",""SerialNo"":27994,""Mileage"":5584553,""Date"":""2026-04-21T11:39:22Z"",""IopIgnition"":true,""Latitude"":4.7452483177185059,""Longitude"":-74.094436645507813,""Altitude"":2567.0,""ExternalPowerVoltage"":27.95,""Rpm"":-999,""Speed"":19.0,""SatelliteNumber"":18,""Azimuth"":308,""BatteryLevel"":100}]",0x25251300596D5A0869487064485674003C38402D000000645200000007000061000000FFFFFFFFFFFFFFFFFFFF00D5005536A900260421113922007020455A3094C213D997400190013403902795FFFFFF00001C0000FFFFFF
2026-04-21 11:39:45.975,"[{""Protocol"":""0x2525"",""MessageType"":""LocationInfoMessage"",""ProtocolHeadType"":19,""Imei"":""869487064485674"",""SerialNo"":27995,""Mileage"":5584911,""Date"":""2026-04-21T11:40:22Z"",""IopIgnition"":true,""Latitude"":4.7472653388977051,""Longitude"":-74.096939086914063,""Altitude"":2568.699951171875,""ExternalPowerVoltage"":28.24,""Rpm"":-999,""Speed"":44.0,""SatelliteNumber"":18,""Azimuth"":300,""BatteryLevel"":100}]",0x25251300596D5B0869487064485674003C38402D000000645200000007000061000000FFFFFFFFFFFFFFFFFFFF00D50055380F00260421114022338B2045A23194C299E997400440012C03902824FFFFFF00001B0000FFFFFF
2026-04-21 11:40:45.902,"[{""Protocol"":""0x2525"",""MessageType"":""LocationInfoMessage"",""ProtocolHeadType"":19,""Imei"":""869487064485674"",""SerialNo"":27996,""Mileage"":5585308,""Date"":""2026-04-21T11:41:22Z"",""IopIgnition"":true,""Latitude"":4.7489094734191895,""Longitude"":-74.100112915039063,""Altitude"":2568.300048828125,""ExternalPowerVoltage"":28.16,""Rpm"":-999,""Speed"":20.0,""SatelliteNumber"":18,""Azimuth"":296,""BatteryLevel"":100}]",0x25251300596D5C0869487064485674003C38402D000000645200000007000061000000FFFFFFFFFFFFFFFFFFFF00D50055399C00260421114122CD842045423394C211F797400200012803902816FFFFFF00001C0000FFFFFF
2026-04-21 11:41:32.793,"[{""Protocol"":""0x2525"",""MessageType"":""LocationInfoMessage"",""ProtocolHeadType"":19,""Imei"":""869487064485674"",""SerialNo"":27997,""Mileage"":5585748,""Date"":""2026-04-21T11:42:09Z"",""IopIgnition"":true,""Latitude"":4.7505712509155273,""Longitude"":-74.10369873046875,""Altitude"":2569.39990234375,""ExternalPowerVoltage"":28.19,""Rpm"":-999,""Speed"":9.0,""SatelliteNumber"":18,""Azimuth"":221,""BatteryLevel"":100}]",0x25251300596D5D0869487064485674003C38402D000000415200000007000061000000FFFFFFFFFFFFFFFFFFFF00D500553B540026042111420966962045183594C2AE049840009000DD03902819FFFFFF00001C0000FFFFFF
2026-04-21 11:41:34.831,"[{""Protocol"":""0x2525"",""MessageType"":""LocationInfoMessage"",""ProtocolHeadType"":19,""Imei"":""869487064485674"",""SerialNo"":27998,""Mileage"":5585755,""Date"":""2026-04-21T11:42:11Z"",""IopIgnition"":true,""Latitude"":4.7505106925964355,""Longitude"":-74.103706359863281,""Altitude"":2569.39990234375,""ExternalPowerVoltage"":28.13,""Rpm"":-999,""Speed"":18.0,""SatelliteNumber"":17,""Azimuth"":162,""BatteryLevel"":100}]",0x25251300596D5E0869487064485674003C38402D000000415100000007000061000000FFFFFFFFFFFFFFFFFFFF00D500553B5B0026042111421166962045193594C22F049840018000A203902813FFFFFF00001F0000FFFFFF
2026-04-21 11:41:38.712,"[{""Protocol"":""0x2525"",""MessageType"":""LocationInfoMessage"",""ProtocolHeadType"":19,""Imei"":""869487064485674"",""SerialNo"":27999,""Mileage"":5585776,""Date"":""2026-04-21T11:42:15Z"",""IopIgnition"":true,""Latitude"":4.750394344329834,""Longitude"":-74.10357666015625,""Altitude"":2570.10009765625,""ExternalPowerVoltage"":28.18,""Rpm"":-999,""Speed"":19.0,""SatelliteNumber"":17,""Azimuth"":115,""BatteryLevel"":100}]",0x25251300596D5F0869487064485674003C38402D000000415100000007000061000000FFFFFFFFFFFFFFFFFFFF00D500553B70002604211142159AA12045083594C23B0398400190007303902818FFFFFF00001F0000FFFFFF
2026-04-21 11:42:23.880,"[{""Protocol"":""0x2525"",""MessageType"":""LocationInfoMessage"",""ProtocolHeadType"":19,""Imei"":""869487064485674"",""SerialNo"":28000,""Mileage"":5585930,""Date"":""2026-04-21T11:43:00Z"",""IopIgnition"":true,""Latitude"":4.7496938705444336,""Longitude"":-74.1023941040039,""Altitude"":2567.89990234375,""ExternalPowerVoltage"":27.83,""Rpm"":-999,""Speed"":22.0,""SatelliteNumber"":17,""Azimuth"":162,""BatteryLevel"":100}]",0x25251300596D600869487064485674003C38402D0000004B5100000007000061000000FFFFFFFFFFFFFFFFFFFF00D500553C0A00260421114300667E20456D3494C27EFD9740022000A203902783FFFFFF00001C0000FFFFFF
2026-04-21 11:42:26.717,"[{""Protocol"":""0x2525"",""MessageType"":""LocationInfoMessage"",""ProtocolHeadType"":19,""Imei"":""869487064485674"",""SerialNo"":28001,""Mileage"":5585944,""Date"":""2026-04-21T11:43:03Z"",""IopIgnition"":true,""Latitude"":4.7495713233947754,""Longitude"":-74.102409362792969,""Altitude"":2568.199951171875,""ExternalPowerVoltage"":27.91,""Rpm"":-999,""Speed"":10.0,""SatelliteNumber"":17,""Azimuth"":216,""BatteryLevel"":100}]",0x25251300596D610869487064485674003C38402D0000004B5100000007000061000000FFFFFFFFFFFFFFFFFFFF00D500553C1800260421114303338320456F3494C27DFC9740010000D803902791FFFFFF00001E0000FFFFFF
2026-04-21 11:43:15.895,"[{""Protocol"":""0x2525"",""MessageType"":""LocationInfoMessage"",""ProtocolHeadType"":19,""Imei"":""869487064485674"",""SerialNo"":28002,""Mileage"":5586259,""Date"":""2026-04-21T11:43:52Z"",""IopIgnition"":true,""Latitude"":4.74728536605835,""Longitude"":-74.103988647460938,""Altitude"":2564.5,""ExternalPowerVoltage"":28.16,""Rpm"":-999,""Speed"":23.0,""SatelliteNumber"":16,""Azimuth"":273,""BatteryLevel"":100}]",0x25251300596D620869487064485674003C38402D0000005D5000000007000061000000FFFFFFFFFFFFFFFFFFFF00D500553D5300260421114352004820453E3594C2C3E997400230011103902816FFFFFF00001B0000FFFFFF
2026-04-21 11:43:40.806,"[{""Protocol"":""0x2525"",""MessageType"":""LocationInfoMessage"",""ProtocolHeadType"":19,""Imei"":""869487064485674"",""SerialNo"":28003,""Mileage"":5586459,""Date"":""2026-04-21T11:44:17Z"",""IopIgnition"":true,""Latitude"":4.7475299835205078,""Longitude"":-74.105758666992188,""Altitude"":2564.60009765625,""ExternalPowerVoltage"":27.8,""Rpm"":-999,""Speed"":12.0,""SatelliteNumber"":15,""Azimuth"":325,""BatteryLevel"":100}]",0x25251300596D630869487064485674003C38402D000000564F00000007000061000000FFFFFFFFFFFFFFFFFFFF00D500553E1B002604211144179A492045263694C2C4EB97400120014503902780FFFFFF00001C0000FFFFFF
2026-04-21 11:44:23.816,"[{""Protocol"":""0x2525"",""MessageType"":""LocationInfoMessage"",""ProtocolHeadType"":19,""Imei"":""869487064485674"",""SerialNo"":28004,""Mileage"":5586613,""Date"":""2026-04-21T11:45:00Z"",""IopIgnition"":true,""Latitude"":4.7488932609558105,""Longitude"":-74.105758666992188,""Altitude"":2567.199951171875,""ExternalPowerVoltage"":28.09,""Rpm"":-999,""Speed"":8.0,""SatelliteNumber"":16,""Azimuth"":272,""BatteryLevel"":100}]",0x25251300596D640869487064485674003C38402D000000595000000007000061000000FFFFFFFFFFFFFFFFFFFF00D500553EB50026042111450033732045263694C2EFF697400080011003902809FFFFFF00001C0000FFFFFF
2026-04-21 11:44:26.716,"[{""Protocol"":""0x2525"",""MessageType"":""LocationInfoMessage"",""ProtocolHeadType"":19,""Imei"":""869487064485674"",""SerialNo"":28005,""Mileage"":5586626,""Date"":""2026-04-21T11:45:03Z"",""IopIgnition"":true,""Latitude"":4.7488417625427246,""Longitude"":-74.1058578491211,""Altitude"":2566.10009765625,""ExternalPowerVoltage"":28.15,""Rpm"":-999,""Speed"":18.0,""SatelliteNumber"":16,""Azimuth"":223,""BatteryLevel"":100}]",0x25251300596D650869487064485674003C38402D000000595000000007000061000000FFFFFFFFFFFFFFFFFFFF00D500553EC2002604211145039A612045333694C283F69740018000DF03902815FFFFFF00001E0000FFFFFF
2026-04-21 11:45:45.688,"[{""Protocol"":""0x2525"",""MessageType"":""LocationInfoMessage"",""ProtocolHeadType"":19,""Imei"":""869487064485674"",""SerialNo"":28006,""Mileage"":5587065,""Date"":""2026-04-21T11:46:22Z"",""IopIgnition"":true,""Latitude"":4.7455554008483887,""Longitude"":-74.1080322265625,""Altitude"":2562.199951171875,""ExternalPowerVoltage"":27.92,""Rpm"":-999,""Speed"":0.0,""SatelliteNumber"":17,""Azimuth"":226,""BatteryLevel"":100}]",0x25251300596D660869487064485674003C38402D000000525100000007000061000000FFFFFFFFFFFFFFFFFFFF00D5005540790026042111462233232045503794C297DB9740000000E203902792FFFFFF00001C0000FFFFFF
2026-04-21 11:46:19.778,"[{""Protocol"":""0x2525"",""MessageType"":""LocationInfoMessage"",""ProtocolHeadType"":19,""Imei"":""869487064485674"",""SerialNo"":28007,""Mileage"":5587104,""Date"":""2026-04-21T11:46:56Z"",""IopIgnition"":true,""Latitude"":4.7453646659851074,""Longitude"":-74.108314514160156,""Altitude"":2562.199951171875,""ExternalPowerVoltage"":28.04,""Rpm"":-999,""Speed"":12.0,""SatelliteNumber"":17,""Azimuth"":282,""BatteryLevel"":100}]",0x25251300596D670869487064485674003C38402D000000595100000007000061000000FFFFFFFFFFFFFFFFFFFF00D5005540A00026042111465633232045753794C207DA97400120011A03902804FFFFFF00001C0000FFFFFF
2026-04-21 11:47:45.696,"[{""Protocol"":""0x2525"",""MessageType"":""LocationInfoMessage"",""ProtocolHeadType"":19,""Imei"":""869487064485674"",""SerialNo"":28008,""Mileage"":5587736,""Date"":""2026-04-21T11:48:22Z"",""IopIgnition"":true,""Latitude"":4.7468514442443848,""Longitude"":-74.113815307617188,""Altitude"":2565.0,""ExternalPowerVoltage"":27.9,""Rpm"":-999,""Speed"":16.0,""SatelliteNumber"":18,""Azimuth"":285,""BatteryLevel"":100}]",0x25251300596D680869487064485674003C38402D000000645200000007000061000000FFFFFFFFFFFFFFFFFFFF00D5005543180026042111482200502045463A94C235E697400160011D03902790FFFFFF00001C0000FFFFFF
2026-04-21 11:48:45.485,"[{""Protocol"":""0x2525"",""MessageType"":""LocationInfoMessage"",""ProtocolHeadType"":19,""Imei"":""869487064485674"",""SerialNo"":28009,""Mileage"":5587860,""Date"":""2026-04-21T11:49:22Z"",""IopIgnition"":true,""Latitude"":4.7470254898071289,""Longitude"":-74.114921569824219,""Altitude"":2566.60009765625,""ExternalPowerVoltage"":27.86,""Rpm"":-999,""Speed"":0.0,""SatelliteNumber"":16,""Azimuth"":277,""BatteryLevel"":100}]",0x25251300596D690869487064485674003C38402D000000565000000007000061000000FFFFFFFFFFFFFFFFFFFF00D500554394002604211149229A692045D73A94C2A2E797400000011503902786FFFFFF00001C0000FFFFFF
2026-04-21 11:49:45.386,"[{""Protocol"":""0x2525"",""MessageType"":""LocationInfoMessage"",""ProtocolHeadType"":19,""Imei"":""869487064485674"",""SerialNo"":28010,""Mileage"":5588190,""Date"":""2026-04-21T11:50:21Z"",""IopIgnition"":true,""Latitude"":4.7472734451293945,""Longitude"":-74.117874145507813,""Altitude"":2568.0,""ExternalPowerVoltage"":28.17,""Rpm"":-999,""Speed"":25.0,""SatelliteNumber"":17,""Azimuth"":274,""BatteryLevel"":100}]",0x25251300596D6A0869487064485674003C38402D000000565100000007000061000000FFFFFFFFFFFFFFFFFFFF00D5005544DE00260421115021008020455A3C94C2AAE997400250011203902817FFFFFF00001C0000FFFFFF
2026-04-21 11:50:46.197,"[{""Protocol"":""0x2525"",""MessageType"":""LocationInfoMessage"",""ProtocolHeadType"":19,""Imei"":""869487064485674"",""SerialNo"":28011,""Mileage"":5588403,""Date"":""2026-04-21T11:51:22Z"",""IopIgnition"":true,""Latitude"":4.74750280380249,""Longitude"":-74.1197738647461,""Altitude"":2570.199951171875,""ExternalPowerVoltage"":27.96,""Rpm"":-999,""Speed"":0.0,""SatelliteNumber"":17,""Azimuth"":279,""BatteryLevel"":100}]",0x25251300596D6B0869487064485674003C38402D000000485100000007000061000000FFFFFFFFFFFFFFFFFFFF00D5005545B30026042111512233A32045533D94C28BEB97400000011703902796FFFFFF00001C0000FFFFFF
2026-04-21 11:51:46.144,"[{""Protocol"":""0x2525"",""MessageType"":""LocationInfoMessage"",""ProtocolHeadType"":19,""Imei"":""869487064485674"",""SerialNo"":28012,""Mileage"":5588464,""Date"":""2026-04-21T11:52:22Z"",""IopIgnition"":true,""Latitude"":4.7475194931030273,""Longitude"":-74.120323181152344,""Altitude"":2571.199951171875,""ExternalPowerVoltage"":27.98,""Rpm"":-999,""Speed"":6.0,""SatelliteNumber"":17,""Azimuth"":291,""BatteryLevel"":100}]",0x25251300596D6C0869487064485674003C38402D000000525100000007000061000000FFFFFFFFFFFFFFFFFFFF00D5005545F00026042111522233B320459B3D94C2AEEB97400060012303902798FFFFFF00001C0000FFFFFF
2026-04-21 11:52:37.990,"[{""Protocol"":""0x2525"",""MessageType"":""LocationInfoMessage"",""ProtocolHeadType"":19,""Imei"":""869487064485674"",""SerialNo"":28013,""Mileage"":5588515,""Date"":""2026-04-21T11:53:14Z"",""IopIgnition"":true,""Latitude"":4.7475409507751465,""Longitude"":-74.120780944824219,""Altitude"":2571.300048828125,""ExternalPowerVoltage"":27.97,""Rpm"":-999,""Speed"":5.0,""SatelliteNumber"":17,""Azimuth"":237,""BatteryLevel"":100}]",0x25251300596D6D0869487064485674003C38402D000000525100000007000061000000FFFFFFFFFFFFFFFFFFFF00D50055462300260421115314CDB42045D73D94C2DBEB9740005000ED03902797FFFFFF00001C0000FFFFFF
2026-04-21 11:52:40.891,"[{""Protocol"":""0x2525"",""MessageType"":""LocationInfoMessage"",""ProtocolHeadType"":19,""Imei"":""869487064485674"",""SerialNo"":28014,""Mileage"":5588519,""Date"":""2026-04-21T11:53:17Z"",""IopIgnition"":true,""Latitude"":4.7475142478942871,""Longitude"":-74.120811462402344,""Altitude"":2571.89990234375,""ExternalPowerVoltage"":27.89,""Rpm"":-999,""Speed"":5.0,""SatelliteNumber"":18,""Azimuth"":191,""BatteryLevel"":100}]",0x25251300596D6E0869487064485674003C38402D000000525200000007000061000000FFFFFFFFFFFFFFFFFFFF00D5005546270026042111531766BE2045DB3D94C2A3EB9740005000BF03902789FFFFFF00001C0000FFFFFF
2026-04-21 11:53:45.776,"[{""Protocol"":""0x2525"",""MessageType"":""LocationInfoMessage"",""ProtocolHeadType"":19,""Imei"":""869487064485674"",""SerialNo"":28015,""Mileage"":5588602,""Date"":""2026-04-21T11:54:22Z"",""IopIgnition"":true,""Latitude"":4.746821403503418,""Longitude"":-74.120567321777344,""Altitude"":2559.89990234375,""ExternalPowerVoltage"":27.94,""Rpm"":-999,""Speed"":5.0,""SatelliteNumber"":16,""Azimuth"":153,""BatteryLevel"":100}]",0x25251300596D6F0869487064485674003C38402D000000595000000007000061000000FFFFFFFFFFFFFFFFFFFF00D50055467A0026042111542266FE1F45BB3D94C2F6E597400050009903902794FFFFFF00001C0000FFFFFF
2026-04-21 11:54:03.888,"[{""Protocol"":""0x2525"",""MessageType"":""LocationInfoMessage"",""ProtocolHeadType"":19,""Imei"":""869487064485674"",""SerialNo"":28016,""Mileage"":5588636,""Date"":""2026-04-21T11:54:40Z"",""IopIgnition"":true,""Latitude"":4.7465229034423828,""Longitude"":-74.120491027832031,""Altitude"":2560.5,""ExternalPowerVoltage"":28.06,""Rpm"":-999,""Speed"":8.0,""SatelliteNumber"":17,""Azimuth"":209,""BatteryLevel"":100}]",0x25251300596D700869487064485674003C38402D000000605100000007000061000000FFFFFFFFFFFFFFFFFFFF00D50055469C0026042111544000082045B13D94C284E39740008000D103902806FFFFFF00001F0000FFFFFF
2026-04-21 11:54:06.713,"[{""Protocol"":""0x2525"",""MessageType"":""LocationInfoMessage"",""ProtocolHeadType"":19,""Imei"":""869487064485674"",""SerialNo"":28017,""Mileage"":5588644,""Date"":""2026-04-21T11:54:43Z"",""IopIgnition"":true,""Latitude"":4.7464876174926758,""Longitude"":-74.120559692382813,""Altitude"":2560.300048828125,""ExternalPowerVoltage"":28.07,""Rpm"":-999,""Speed"":11.0,""SatelliteNumber"":18,""Azimuth"":259,""BatteryLevel"":100}]",0x25251300596D710869487064485674003C38402D000000605200000007000061000000FFFFFFFFFFFFFFFFFFFF00D5005546A400260421115443CD042045BA3D94C23AE397400110010303902807FFFFFF00001E0000FFFFFF
2026-04-21 11:55:22.786,"[{""Protocol"":""0x2525"",""MessageType"":""LocationAlarmMessage"",""ProtocolHeadType"":20,""Imei"":""869487064485674"",""SerialNo"":1057,""Mileage"":5588682,""Date"":""2026-04-21T11:55:59Z"",""IopIgnition"":false,""Latitude"":4.74641752243042,""Longitude"":-74.120887756347656,""Altitude"":2559.39990234375,""ExternalPowerVoltage"":27.77,""Rpm"":-999,""Speed"":0.0,""SatelliteNumber"":16,""Azimuth"":247,""OriginalAlarmCode"":23}]",0x252514005904210869487064485674003C38402D000000645000000007000020000000FFFFFFFFFFFFFFFFFFFF17D5005546CA0026042111555966F61F45E53D94C2A7E29740000000F703902777FFFFFF00001C0000FFFFFF
2026-04-21 12:25:32.543,"[{""Protocol"":""0x2525"",""MessageType"":""LocationAlarmMessage"",""ProtocolHeadType"":20,""Imei"":""869487064485674"",""SerialNo"":1058,""Mileage"":5588682,""Date"":""2026-04-21T12:26:07Z"",""IopIgnition"":true,""Latitude"":4.74641752243042,""Longitude"":-74.120887756347656,""Altitude"":2559.39990234375,""ExternalPowerVoltage"":25.37,""Rpm"":-999,""Speed"":0.0,""SatelliteNumber"":17,""Azimuth"":247,""OriginalAlarmCode"":22}]",0x252514005904220869487064485674003C38402D000000645100000007000061000000FFFFFFFFFFFFFFFFFFFF16D5005546CA0026042112260766F61F45E53D94C2A7E29740000000F703912537FFFFFF00001D0000FFFFFF
2026-04-21 12:26:33.479,"[{""Protocol"":""0x2525"",""MessageType"":""LocationInfoMessage"",""ProtocolHeadType"":19,""Imei"":""869487064485674"",""SerialNo"":28018,""Mileage"":5588682,""Date"":""2026-04-21T12:27:08Z"",""IopIgnition"":true,""Latitude"":4.74641752243042,""Longitude"":-74.120887756347656,""Altitude"":2559.39990234375,""ExternalPowerVoltage"":27.93,""Rpm"":-999,""Speed"":0.0,""SatelliteNumber"":15,""Azimuth"":247,""BatteryLevel"":100}]",0x25251300596D720869487064485674003C38402D000000644F00000007000061000000FFFFFFFFFFFFFFFFFFFF00D5005546CA0026042112270866F61F45E53D94C2A7E29740000000F703912793FFFFFF00001D0000FFFFFF
2026-04-21 12:27:33.299,"[{""Protocol"":""0x2525"",""MessageType"":""LocationInfoMessage"",""ProtocolHeadType"":19,""Imei"":""869487064485674"",""SerialNo"":28019,""Mileage"":5588804,""Date"":""2026-04-21T12:28:08Z"",""IopIgnition"":true,""Latitude"":4.7460756301879883,""Longitude"":-74.1219253540039,""Altitude"":2556.5,""ExternalPowerVoltage"":28.09,""Rpm"":-999,""Speed"":19.0,""SatelliteNumber"":19,""Azimuth"":251,""BatteryLevel"":100}]",0x25251300596D730869487064485674003C38402D000000645300000007000061000000FFFFFFFFFFFFFFFFFFFF00D5005547440026042112280800C81F456D3E94C2DADF9740019000FB03912809FFFFFF00001C0000FFFFFF
2026-04-21 12:28:34.034,"[{""Protocol"":""0x2525"",""MessageType"":""LocationInfoMessage"",""ProtocolHeadType"":19,""Imei"":""869487064485674"",""SerialNo"":28020,""Mileage"":5589071,""Date"":""2026-04-21T12:29:08Z"",""IopIgnition"":true,""Latitude"":4.7453198432922363,""Longitude"":-74.124198913574219,""Altitude"":2555.60009765625,""ExternalPowerVoltage"":28.14,""Rpm"":-999,""Speed"":27.0,""SatelliteNumber"":18,""Azimuth"":248,""BatteryLevel"":100}]",0x25251300596D740869487064485674003C38402D0000005D5200000007000061000000FFFFFFFFFFFFFFFFFFFF00D50055484F002604211229089AB91F45973F94C2A9D99740027000F803912814FFFFFF00001E0000FFFFFF
2026-04-21 12:29:33.007,"[{""Protocol"":""0x2525"",""MessageType"":""LocationInfoMessage"",""ProtocolHeadType"":19,""Imei"":""869487064485674"",""SerialNo"":28021,""Mileage"":5589253,""Date"":""2026-04-21T12:30:08Z"",""IopIgnition"":true,""Latitude"":4.7447733879089355,""Longitude"":-74.125740051269531,""Altitude"":2558.300048828125,""ExternalPowerVoltage"":27.91,""Rpm"":-999,""Speed"":0.0,""SatelliteNumber"":17,""Azimuth"":245,""BatteryLevel"":100}]",0x25251300596D750869487064485674003C38402D0000004F5100000007000061000000FFFFFFFFFFFFFFFFFFFF00D50055490500260421123008CDE41F45614094C22FD59740000000F503912791FFFFFF00001D0000FFFFFF
2026-04-21 12:30:31.341,"[{""Protocol"":""0x2525"",""MessageType"":""LocationInfoMessage"",""ProtocolHeadType"":19,""Imei"":""869487064485674"",""SerialNo"":28022,""Mileage"":5589508,""Date"":""2026-04-21T12:31:06Z"",""IopIgnition"":true,""Latitude"":4.7441954612731934,""Longitude"":-74.127914428710938,""Altitude"":2558.10009765625,""ExternalPowerVoltage"":28.1,""Rpm"":-999,""Speed"":22.0,""SatelliteNumber"":18,""Azimuth"":293,""BatteryLevel"":100}]",0x25251300596D760869487064485674003C38402D0000004F5200000007000061000000FFFFFFFFFFFFFFFFFFFF00D500554A04002604211231069AE11F457E4194C273D097400220012503912810FFFFFF00001D0000FFFFFF
2026-04-21 12:31:33.124,"[{""Protocol"":""0x2525"",""MessageType"":""LocationInfoMessage"",""ProtocolHeadType"":19,""Imei"":""869487064485674"",""SerialNo"":28023,""Mileage"":5589517,""Date"":""2026-04-21T12:32:08Z"",""IopIgnition"":true,""Latitude"":4.7442231178283691,""Longitude"":-74.12799072265625,""Altitude"":2557.300048828125,""ExternalPowerVoltage"":27.95,""Rpm"":-999,""Speed"":0.0,""SatelliteNumber"":17,""Azimuth"":282,""BatteryLevel"":100}]",0x25251300596D770869487064485674003C38402D000000445100000007000061000000FFFFFFFFFFFFFFFFFFFF00D500554A0D00260421123208CDD41F45884194C2ADD097400000011A03912795FFFFFF00001D0000FFFFFF
2026-04-21 12:32:33.028,"[{""Protocol"":""0x2525"",""MessageType"":""LocationInfoMessage"",""ProtocolHeadType"":19,""Imei"":""869487064485674"",""SerialNo"":28024,""Mileage"":5589517,""Date"":""2026-04-21T12:33:08Z"",""IopIgnition"":true,""Latitude"":4.7442231178283691,""Longitude"":-74.12799072265625,""Altitude"":2557.300048828125,""ExternalPowerVoltage"":27.85,""Rpm"":-999,""Speed"":0.0,""SatelliteNumber"":17,""Azimuth"":282,""BatteryLevel"":100}]",0x25251300596D780869487064485674003C38402D000000485100000007000061000000FFFFFFFFFFFFFFFFFFFF00D500554A0D00260421123308CDD41F45884194C2ADD097400000011A03912785FFFFFF00001D0000FFFFFF
2026-04-21 12:33:32.829,"[{""Protocol"":""0x2525"",""MessageType"":""LocationInfoMessage"",""ProtocolHeadType"":19,""Imei"":""869487064485674"",""SerialNo"":28025,""Mileage"":5589517,""Date"":""2026-04-21T12:34:07Z"",""IopIgnition"":true,""Latitude"":4.7442231178283691,""Longitude"":-74.12799072265625,""Altitude"":2557.300048828125,""ExternalPowerVoltage"":27.97,""Rpm"":-999,""Speed"":0.0,""SatelliteNumber"":17,""Azimuth"":282,""BatteryLevel"":100}]",0x25251300596D790869487064485674003C38402D000000595100000007000061000000FFFFFFFFFFFFFFFFFFFF00D500554A0D00260421123407CDD41F45884194C2ADD097400000011A03912797FFFFFF00001D0000FFFFFF
2026-04-21 12:34:33.734,"[{""Protocol"":""0x2525"",""MessageType"":""LocationInfoMessage"",""ProtocolHeadType"":19,""Imei"":""869487064485674"",""SerialNo"":28026,""Mileage"":5589517,""Date"":""2026-04-21T12:35:08Z"",""IopIgnition"":true,""Latitude"":4.7442231178283691,""Longitude"":-74.12799072265625,""Altitude"":2557.300048828125,""ExternalPowerVoltage"":28.02,""Rpm"":-999,""Speed"":0.0,""SatelliteNumber"":19,""Azimuth"":282,""BatteryLevel"":100}]",0x25251300596D7A0869487064485674003C38402D000000445300000007000061000000FFFFFFFFFFFFFFFFFFFF00D500554A0D00260421123508CDD41F45884194C2ADD097400000011A03912802FFFFFF00001D0000FFFFFF
2026-04-21 12:35:11.235,"[{""Protocol"":""0x2525"",""MessageType"":""LocationInfoMessage"",""ProtocolHeadType"":19,""Imei"":""869487064485674"",""SerialNo"":28027,""Mileage"":5589605,""Date"":""2026-04-21T12:35:46Z"",""IopIgnition"":true,""Latitude"":4.7443437576293945,""Longitude"":-74.128753662109375,""Altitude"":2561.60009765625,""ExternalPowerVoltage"":28.06,""Rpm"":-999,""Speed"":11.0,""SatelliteNumber"":18,""Azimuth"":199,""BatteryLevel"":100}]",0x25251300596D7B0869487064485674003C38402D0000003A5200000007000061000000FFFFFFFFFFFFFFFFFFFF00D500554A65002604211235469A192045EC4194C2AAD19740011000C703912806FFFFFF00001E0000FFFFFF
2026-04-21 12:35:47.402,"[{""Protocol"":""0x2525"",""MessageType"":""LocationInfoMessage"",""ProtocolHeadType"":19,""Imei"":""869487064485674"",""SerialNo"":28028,""Mileage"":5589846,""Date"":""2026-04-21T12:36:22Z"",""IopIgnition"":true,""Latitude"":4.7423038482666016,""Longitude"":-74.129402160644531,""Altitude"":2559.39990234375,""ExternalPowerVoltage"":28.08,""Rpm"":-999,""Speed"":15.0,""SatelliteNumber"":18,""Azimuth"":256,""BatteryLevel"":100}]",0x25251300596D7C0869487064485674003C38402D0000004F5200000007000061000000FFFFFFFFFFFFFFFFFFFF00D500554B560026042112362266F61F45414294C2F4C097400150010003912808FFFFFF00001D0000FFFFFF
2026-04-21 12:36:17.291,"[{""Protocol"":""0x2525"",""MessageType"":""LocationInfoMessage"",""ProtocolHeadType"":19,""Imei"":""869487064485674"",""SerialNo"":28029,""Mileage"":5589991,""Date"":""2026-04-21T12:36:52Z"",""IopIgnition"":true,""Latitude"":4.7418370246887207,""Longitude"":-74.130599975585938,""Altitude"":2562.800048828125,""ExternalPowerVoltage"":27.93,""Rpm"":-999,""Speed"":10.0,""SatelliteNumber"":19,""Azimuth"":170,""BatteryLevel"":100}]",0x25251300596D7D0869487064485674003C38402D000000415300000007000061000000FFFFFFFFFFFFFFFFFFFF00D500554BE700260421123652CD2C2045DE4294C221BD9740010000AA03912793FFFFFF00001D0000FFFFFF
2026-04-21 12:36:54.407,"[{""Protocol"":""0x2525"",""MessageType"":""LocationInfoMessage"",""ProtocolHeadType"":19,""Imei"":""869487064485674"",""SerialNo"":28030,""Mileage"":5590198,""Date"":""2026-04-21T12:37:29Z"",""IopIgnition"":true,""Latitude"":4.7401666641235352,""Longitude"":-74.129806518554688,""Altitude"":2557.10009765625,""ExternalPowerVoltage"":28.02,""Rpm"":-999,""Speed"":9.0,""SatelliteNumber"":18,""Azimuth"":96,""BatteryLevel"":100}]",0x25251300596D7E0869487064485674003C38402D000000335200000007000061000000FFFFFFFFFFFFFFFFFFFF00D500554CB6002604211237299AD11F45764294C272AF97400090006003912802FFFFFF00001D0000FFFFFF
2026-04-21 12:37:44.047,"[{""Protocol"":""0x2525"",""MessageType"":""SignInMessage"",""ProtocolHeadType"":0,""Imei"":""869487064485674"",""SerialNo"":273,""Firmware"":""V1.0.1.8"",""Model"":0,""ObdBootVersion"":null,""ObdDataVersion"":null,""ObdHareware"":null,""ObdSoftware"":null,""Platform"":null,""Software"":""V0.0.0""}]",0x2525010017011108694870644856740000030502101812
2026-04-21 12:37:44.162,"[{""Protocol"":""0x2525"",""MessageType"":""NetworkInfoMessage"",""ProtocolHeadType"":0,""Imei"":""869487064485674"",""SerialNo"":253,""AccessTechnology"":""CAT-1"",""Band"":""CAT-1 5"",""Date"":""2026-04-21T12:38:20Z"",""Iccid"":""89571017025023250790"",""Imsi"":""732101725325077"",""NetworkOperator"":""LaSeleNosLlama""}]",0x252511006500FD08694870644856742604211238201C4C006100530065006C0065004E006F0073004C006C0061006D006100054341542D31074341542D3120350F373332313031373235333235303737143839353731303137303235303233323530373930
2026-04-21 12:38:29.698,"[{""Protocol"":""0x2525"",""MessageType"":""LocationInfoMessage"",""ProtocolHeadType"":19,""Imei"":""869487064485674"",""SerialNo"":28031,""Mileage"":5590662,""Date"":""2026-04-21T12:39:08Z"",""IopIgnition"":true,""Latitude"":4.7417731285095215,""Longitude"":-74.1259536743164,""Altitude"":2570.89990234375,""ExternalPowerVoltage"":27.95,""Rpm"":-999,""Speed"":7.0,""SatelliteNumber"":19,""Azimuth"":68,""BatteryLevel"":100}]",0x25251300596D7F0869487064485674003C38402D000000645300000007000061000000FFFFFFFFFFFFFFFFFFFF00D500554E860026042112390866AE20457D4094C29BBC97400070004403912795FFFFFF00001D0000FFFFFF
2026-04-21 12:39:29.590,"[{""Protocol"":""0x2525"",""MessageType"":""LocationInfoMessage"",""ProtocolHeadType"":19,""Imei"":""869487064485674"",""SerialNo"":28032,""Mileage"":5590762,""Date"":""2026-04-21T12:40:08Z"",""IopIgnition"":true,""Latitude"":4.74211311340332,""Longitude"":-74.125129699707031,""Altitude"":2570.0,""ExternalPowerVoltage"":27.85,""Rpm"":-999,""Speed"":0.0,""SatelliteNumber"":18,""Azimuth"":51,""BatteryLevel"":100}]",0x25251300596D800869487064485674003C38402D000000595200000007000061000000FFFFFFFFFFFFFFFFFFFF00D500554EEA0026042112400800A02045114094C264BF97400000003303912785FFFFFF00001D0000FFFFFF
2026-04-21 12:40:29.378,"[{""Protocol"":""0x2525"",""MessageType"":""LocationInfoMessage"",""ProtocolHeadType"":19,""Imei"":""869487064485674"",""SerialNo"":28033,""Mileage"":5590762,""Date"":""2026-04-21T12:41:08Z"",""IopIgnition"":true,""Latitude"":4.74211311340332,""Longitude"":-74.125129699707031,""Altitude"":2570.0,""ExternalPowerVoltage"":27.95,""Rpm"":-999,""Speed"":0.0,""SatelliteNumber"":18,""Azimuth"":51,""BatteryLevel"":100}]",0x25251300596D810869487064485674003C38402D000000645200000007000061000000FFFFFFFFFFFFFFFFFFFF00D500554EEA0026042112410800A02045114094C264BF97400000003303912795FFFFFF00001E0000FFFFFF
2026-04-21 12:41:29.290,"[{""Protocol"":""0x2525"",""MessageType"":""LocationInfoMessage"",""ProtocolHeadType"":19,""Imei"":""869487064485674"",""SerialNo"":28034,""Mileage"":5590762,""Date"":""2026-04-21T12:42:07Z"",""IopIgnition"":true,""Latitude"":4.74211311340332,""Longitude"":-74.125129699707031,""Altitude"":2570.0,""ExternalPowerVoltage"":27.93,""Rpm"":-999,""Speed"":0.0,""SatelliteNumber"":17,""Azimuth"":51,""BatteryLevel"":100}]",0x25251300596D820869487064485674003C38402D000000645100000007000061000000FFFFFFFFFFFFFFFFFFFF00D500554EEA0026042112420700A02045114094C264BF97400000003303912793FFFFFF00001D0000FFFFFF
2026-04-21 12:42:30.143,"[{""Protocol"":""0x2525"",""MessageType"":""LocationInfoMessage"",""ProtocolHeadType"":19,""Imei"":""869487064485674"",""SerialNo"":28035,""Mileage"":5590792,""Date"":""2026-04-21T12:43:08Z"",""IopIgnition"":true,""Latitude"":4.7422184944152832,""Longitude"":-74.124885559082031,""Altitude"":2567.60009765625,""ExternalPowerVoltage"":28.03,""Rpm"":-999,""Speed"":6.0,""SatelliteNumber"":18,""Azimuth"":71,""BatteryLevel"":100}]",0x25251300596D830869487064485674003C38402D0000005D5200000007000061000000FFFFFFFFFFFFFFFFFFFF00D500554F08002604211243089A792045F13F94C241C097400060004703912803FFFFFF00001D0000FFFFFF
2026-04-21 12:42:34.812,"[{""Protocol"":""0x2525"",""MessageType"":""LocationInfoMessage"",""ProtocolHeadType"":19,""Imei"":""869487064485674"",""SerialNo"":28036,""Mileage"":5590802,""Date"":""2026-04-21T12:43:13Z"",""IopIgnition"":true,""Latitude"":4.7422323226928711,""Longitude"":-74.124786376953125,""Altitude"":2569.199951171875,""ExternalPowerVoltage"":28.06,""Rpm"":-999,""Speed"":8.0,""SatelliteNumber"":18,""Azimuth"":118,""BatteryLevel"":100}]",0x25251300596D840869487064485674003C38402D0000005D5200000007000061000000FFFFFFFFFFFFFFFFFFFF00D500554F120026042112431333932045E43F94C25EC097400080007603912806FFFFFF0000200000FFFFFF
2026-04-21 12:42:40.712,"[{""Protocol"":""0x2525"",""MessageType"":""LocationInfoMessage"",""ProtocolHeadType"":19,""Imei"":""869487064485674"",""SerialNo"":28037,""Mileage"":5590814,""Date"":""2026-04-21T12:43:19Z"",""IopIgnition"":true,""Latitude"":4.7422647476196289,""Longitude"":-74.12469482421875,""Altitude"":2570.60009765625,""ExternalPowerVoltage"":27.97,""Rpm"":-999,""Speed"":7.0,""SatelliteNumber"":18,""Azimuth"":63,""BatteryLevel"":100}]",0x25251300596D850869487064485674003C38402D0000005D5200000007000061000000FFFFFFFFFFFFFFFFFFFF00D500554F1E002604211243199AA92045D83F94C2A2C097400070003F03912797FFFFFF0000200000FFFFFF
2026-04-21 12:44:29.694,"[{""Protocol"":""0x2525"",""MessageType"":""LocationInfoMessage"",""ProtocolHeadType"":19,""Imei"":""869487064485674"",""SerialNo"":28038,""Mileage"":5591502,""Date"":""2026-04-21T12:45:08Z"",""IopIgnition"":true,""Latitude"":4.74458646774292,""Longitude"":-74.118949890136719,""Altitude"":2569.5,""ExternalPowerVoltage"":28.12,""Rpm"":-999,""Speed"":23.0,""SatelliteNumber"":18,""Azimuth"":70,""BatteryLevel"":100}]",0x25251300596D860869487064485674003C38402D000000645200000007000061000000FFFFFFFFFFFFFFFFFFFF00D5005551CE0026042112450800982045E73C94C2A7D397400230004603912812FFFFFF00001E0000FFFFFF
2026-04-21 12:45:04.799,"[{""Protocol"":""0x2525"",""MessageType"":""LocationInfoMessage"",""ProtocolHeadType"":19,""Imei"":""869487064485674"",""SerialNo"":28039,""Mileage"":5591740,""Date"":""2026-04-21T12:45:43Z"",""IopIgnition"":true,""Latitude"":4.7450494766235352,""Longitude"":-74.116958618164063,""Altitude"":2567.800048828125,""ExternalPowerVoltage"":28.17,""Rpm"":-999,""Speed"":28.0,""SatelliteNumber"":18,""Azimuth"":122,""BatteryLevel"":100}]",0x25251300596D870869487064485674003C38402D000000595200000007000061000000FFFFFFFFFFFFFFFFFFFF00D5005552BC00260421124543CD7C2045E23B94C272D797400280007A03912817FFFFFF00001E0000FFFFFF
2026-04-21 12:46:29.679,"[{""Protocol"":""0x2525"",""MessageType"":""LocationInfoMessage"",""ProtocolHeadType"":19,""Imei"":""869487064485674"",""SerialNo"":28040,""Mileage"":5592305,""Date"":""2026-04-21T12:47:08Z"",""IopIgnition"":true,""Latitude"":4.7426414489746094,""Longitude"":-74.112480163574219,""Altitude"":2568.60009765625,""ExternalPowerVoltage"":28.09,""Rpm"":-999,""Speed"":21.0,""SatelliteNumber"":18,""Azimuth"":112,""BatteryLevel"":100}]",0x25251300596D880869487064485674003C38402D000000595200000007000061000000FFFFFFFFFFFFFFFFFFFF00D5005554F1002604211247089A892045973994C2B8C397400210007003912809FFFFFF00001F0000FFFFFF
2026-04-21 12:47:29.830,"[{""Protocol"":""0x2525"",""MessageType"":""LocationInfoMessage"",""ProtocolHeadType"":19,""Imei"":""869487064485674"",""SerialNo"":28041,""Mileage"":5592359,""Date"":""2026-04-21T12:48:08Z"",""IopIgnition"":true,""Latitude"":4.7424511909484863,""Longitude"":-74.112045288085938,""Altitude"":2567.5,""ExternalPowerVoltage"":28.15,""Rpm"":-999,""Speed"":18.0,""SatelliteNumber"":18,""Azimuth"":54,""BatteryLevel"":100}]",0x25251300596D890869487064485674003C38402D000000645200000007000061000000FFFFFFFFFFFFFFFFFFFF00D50055552700260421124808007820455E3994C229C297400180003603912815FFFFFF00001E0000FFFFFF
2026-04-21 12:47:29.949,"[{""Protocol"":""0x2525"",""MessageType"":""LocationInfoMessage"",""ProtocolHeadType"":19,""Imei"":""869487064485674"",""SerialNo"":28042,""Mileage"":5592359,""Date"":""2026-04-21T12:48:08Z"",""IopIgnition"":true,""Latitude"":4.7424511909484863,""Longitude"":-74.112045288085938,""Altitude"":2567.5,""ExternalPowerVoltage"":28.15,""Rpm"":-999,""Speed"":18.0,""SatelliteNumber"":18,""Azimuth"":54,""BatteryLevel"":100}]",0x25251300596D8A0869487064485674003C38402D00000064D200000007000061000000FFFFFFFFFFFFFFFFFFFF00D50055552700260421124808007820455E3994C229C297400180003603912815FFFFFF00001E0000FFFFFF
2026-04-21 12:47:34.784,"[{""Protocol"":""0x2525"",""MessageType"":""LocationInfoMessage"",""ProtocolHeadType"":19,""Imei"":""869487064485674"",""SerialNo"":28043,""Mileage"":5592383,""Date"":""2026-04-21T12:48:13Z"",""IopIgnition"":true,""Latitude"":4.7425341606140137,""Longitude"":-74.111854553222656,""Altitude"":2565.699951171875,""ExternalPowerVoltage"":27.94,""Rpm"":-999,""Speed"":14.0,""SatelliteNumber"":18,""Azimuth"":114,""BatteryLevel"":100}]",0x25251300596D8B0869487064485674003C38402D000000645200000007000061000000FFFFFFFFFFFFFFFFFFFF00D50055553F00260421124813335B2045453994C2D7C297400140007203912794FFFFFF0000210000FFFFFF
2026-04-21 12:47:54.883,"[{""Protocol"":""0x2525"",""MessageType"":""LocationInfoMessage"",""ProtocolHeadType"":19,""Imei"":""869487064485674"",""SerialNo"":28044,""Mileage"":5592522,""Date"":""2026-04-21T12:48:33Z"",""IopIgnition"":true,""Latitude"":4.7415895462036133,""Longitude"":-74.1110610961914,""Altitude"":2563.39990234375,""ExternalPowerVoltage"":28.09,""Rpm"":-999,""Speed"":18.0,""SatelliteNumber"":17,""Azimuth"":66,""BatteryLevel"":100}]",0x25251300596D8C0869487064485674003C38402D0000004F5100000007000061000000FFFFFFFFFFFFFFFFFFFF00D5005555CA0026042112483366362045DD3894C21ABB97400180004203912809FFFFFF00001E0000FFFFFF
2026-04-21 12:48:38.783,"[{""Protocol"":""0x2525"",""MessageType"":""LocationInfoMessage"",""ProtocolHeadType"":19,""Imei"":""869487064485674"",""SerialNo"":28045,""Mileage"":5592803,""Date"":""2026-04-21T12:49:17Z"",""IopIgnition"":true,""Latitude"":4.742884635925293,""Longitude"":-74.109001159667969,""Altitude"":2564.39990234375,""ExternalPowerVoltage"":28.16,""Rpm"":-999,""Speed"":27.0,""SatelliteNumber"":17,""Azimuth"":115,""BatteryLevel"":100}]",0x25251300596D8D0869487064485674003C38402D000000645100000007000061000000FFFFFFFFFFFFFFFFFFFF00D5005556E30026042112491766462045CF3794C2B6C597400270007303912816FFFFFF00001E0000FFFFFF
2026-04-21 12:49:08.787,"[{""Protocol"":""0x2525"",""MessageType"":""LocationInfoMessage"",""ProtocolHeadType"":19,""Imei"":""869487064485674"",""SerialNo"":28046,""Mileage"":5592983,""Date"":""2026-04-21T12:49:47Z"",""IopIgnition"":true,""Latitude"":4.7420010566711426,""Longitude"":-74.107704162597656,""Altitude"":2565.300048828125,""ExternalPowerVoltage"":28.17,""Rpm"":-999,""Speed"":16.0,""SatelliteNumber"":17,""Azimuth"":164,""BatteryLevel"":100}]",0x25251300596D8E0869487064485674003C38402D000000645100000007000061000000FFFFFFFFFFFFFFFFFFFF00D50055579700260421124947CD542045253794C279BE9740016000A403912817FFFFFF00001E0000FFFFFF
2026-04-21 12:50:13.725,"[{""Protocol"":""0x2525"",""MessageType"":""LocationInfoMessage"",""ProtocolHeadType"":19,""Imei"":""869487064485674"",""SerialNo"":28047,""Mileage"":5593432,""Date"":""2026-04-21T12:50:52Z"",""IopIgnition"":true,""Latitude"":4.7384800910949707,""Longitude"":-74.1080322265625,""Altitude"":2567.39990234375,""ExternalPowerVoltage"":28.15,""Rpm"":-999,""Speed"":17.0,""SatelliteNumber"":16,""Azimuth"":85,""BatteryLevel"":100}]",0x25251300596D8F0869487064485674003C38402D000000525000000007000061000000FFFFFFFFFFFFFFFFFFFF00D5005559580026042112505266762045503794C2A1A197400170005503912815FFFFFF00001E0000FFFFFF
2026-04-21 12:51:29.559,"[{""Protocol"":""0x2525"",""MessageType"":""LocationInfoMessage"",""ProtocolHeadType"":19,""Imei"":""869487064485674"",""SerialNo"":28048,""Mileage"":5593863,""Date"":""2026-04-21T12:52:08Z"",""IopIgnition"":true,""Latitude"":4.73784875869751,""Longitude"":-74.104476928710938,""Altitude"":2567.60009765625,""ExternalPowerVoltage"":28.03,""Rpm"":-999,""Speed"":12.0,""SatelliteNumber"":16,""Azimuth"":110,""BatteryLevel"":100}]",0x25251300596D900869487064485674003C38402D000000645000000007000061000000FFFFFFFFFFFFFFFFFFFF00D500555B07002604211252089A7920457E3594C2759C97400120006E03912803FFFFFF00001E0000FFFFFF
2026-04-21 12:52:29.334,"[{""Protocol"":""0x2525"",""MessageType"":""LocationInfoMessage"",""ProtocolHeadType"":19,""Imei"":""869487064485674"",""SerialNo"":28049,""Mileage"":5594134,""Date"":""2026-04-21T12:53:08Z"",""IopIgnition"":true,""Latitude"":4.7369041442871094,""Longitude"":-74.10223388671875,""Altitude"":2569.60009765625,""ExternalPowerVoltage"":28.08,""Rpm"":-999,""Speed"":13.0,""SatelliteNumber"":18,""Azimuth"":125,""BatteryLevel"":100}]",0x25251300596D910869487064485674003C38402D000000645200000007000061000000FFFFFFFFFFFFFFFFFFFF00D500555C16002604211253089A992045583494C2B89497400130007D03912808FFFFFF00001E0000FFFFFF
2026-04-21 12:53:29.113,"[{""Protocol"":""0x2525"",""MessageType"":""LocationInfoMessage"",""ProtocolHeadType"":19,""Imei"":""869487064485674"",""SerialNo"":28050,""Mileage"":5594303,""Date"":""2026-04-21T12:54:07Z"",""IopIgnition"":true,""Latitude"":4.736234188079834,""Longitude"":-74.100875854492188,""Altitude"":2568.199951171875,""ExternalPowerVoltage"":28.27,""Rpm"":-999,""Speed"":23.0,""SatelliteNumber"":18,""Azimuth"":115,""BatteryLevel"":100}]",0x25251300596D920869487064485674003C38402D000000645200000007000061000000FFFFFFFFFFFFFFFFFFFF00D500555CBF0026042112540733832045A63394C23B8F97400230007303912827FFFFFF00001E0000FFFFFF
2026-04-21 12:53:48.723,"[{""Protocol"":""0x2525"",""MessageType"":""LocationInfoMessage"",""ProtocolHeadType"":19,""Imei"":""869487064485674"",""SerialNo"":28051,""Mileage"":5594411,""Date"":""2026-04-21T12:54:27Z"",""IopIgnition"":true,""Latitude"":4.7357325553894043,""Longitude"":-74.1000747680664,""Altitude"":2568.60009765625,""ExternalPowerVoltage"":28.02,""Rpm"":-999,""Speed"":8.0,""SatelliteNumber"":18,""Azimuth"":163,""BatteryLevel"":100}]",0x25251300596D930869487064485674003C38402D000000645200000007000061000000FFFFFFFFFFFFFFFFFFFF00D500555D2B002604211254279A8920453D3394C21F8B9740008000A303912802FFFFFF00001E0000FFFFFF
2026-04-21 12:55:29.535,"[{""Protocol"":""0x2525"",""MessageType"":""LocationInfoMessage"",""ProtocolHeadType"":19,""Imei"":""869487064485674"",""SerialNo"":28052,""Mileage"":5595026,""Date"":""2026-04-21T12:56:08Z"",""IopIgnition"":true,""Latitude"":4.7302632331848145,""Longitude"":-74.100822448730469,""Altitude"":2569.10009765625,""ExternalPowerVoltage"":28.05,""Rpm"":-999,""Speed"":27.0,""SatelliteNumber"":16,""Azimuth"":187,""BatteryLevel"":100}]",0x25251300596D940869487064485674003C38402D000000645000000007000061000000FFFFFFFFFFFFFFFFFFFF00D500555F92002604211256089A9120459F3394C2515E9740027000BB03912805FFFFFF00001E0000FFFFFF
2026-04-21 12:55:55.130,"[{""Protocol"":""0x2525"",""MessageType"":""LocationInfoMessage"",""ProtocolHeadType"":19,""Imei"":""869487064485674"",""SerialNo"":28053,""Mileage"":5595304,""Date"":""2026-04-21T12:56:31Z"",""IopIgnition"":true,""Latitude"":4.727874755859375,""Longitude"":-74.100830078125,""Altitude"":2564.89990234375,""ExternalPowerVoltage"":28.14,""Rpm"":-999,""Speed"":58.0,""SatelliteNumber"":18,""Azimuth"":140,""BatteryLevel"":100}]",0x25251300596D950869487064485674003C38402D000000595200000007000061000000FFFFFFFFFFFFFFFFFFFF00D5005560A800260421125631664E2045A03394C2C04A97400580008C03912814FFFFFF0000200000FFFFFF
2026-04-21 12:57:29.549,"[{""Protocol"":""0x2525"",""MessageType"":""LocationInfoMessage"",""ProtocolHeadType"":19,""Imei"":""869487064485674"",""SerialNo"":28054,""Mileage"":5596251,""Date"":""2026-04-21T12:58:08Z"",""IopIgnition"":true,""Latitude"":4.7210330963134766,""Longitude"":-74.096054077148438,""Altitude"":2562.199951171875,""ExternalPowerVoltage"":28.02,""Rpm"":-999,""Speed"":0.0,""SatelliteNumber"":18,""Azimuth"":128,""BatteryLevel"":100}]",0x25251300596D960869487064485674003C38402D000000605200000007000061000000FFFFFFFFFFFFFFFFFFFF00D50055645B00260421125808332320452E3194C2B41297400000008003912802FFFFFF00001E0000FFFFFF
2026-04-21 12:58:29.356,"[{""Protocol"":""0x2525"",""MessageType"":""LocationInfoMessage"",""ProtocolHeadType"":19,""Imei"":""869487064485674"",""SerialNo"":28055,""Mileage"":5596390,""Date"":""2026-04-21T12:59:08Z"",""IopIgnition"":true,""Latitude"":4.7202262878417969,""Longitude"":-74.095100402832031,""Altitude"":2562.800048828125,""ExternalPowerVoltage"":27.96,""Rpm"":-999,""Speed"":0.0,""SatelliteNumber"":18,""Azimuth"":135,""BatteryLevel"":100}]",0x25251300596D970869487064485674003C38402D000000605200000007000061000000FFFFFFFFFFFFFFFFFFFF00D5005564E600260421125908CD2C2045B13094C2180C97400000008703912796FFFFFF00001E0000FFFFFF
2026-04-21 12:59:29.150,"[{""Protocol"":""0x2525"",""MessageType"":""LocationInfoMessage"",""ProtocolHeadType"":19,""Imei"":""869487064485674"",""SerialNo"":28056,""Mileage"":5596390,""Date"":""2026-04-21T13:00:07Z"",""IopIgnition"":true,""Latitude"":4.7202262878417969,""Longitude"":-74.095100402832031,""Altitude"":2562.800048828125,""ExternalPowerVoltage"":27.93,""Rpm"":-999,""Speed"":0.0,""SatelliteNumber"":18,""Azimuth"":135,""BatteryLevel"":100}]",0x25251300596D980869487064485674003C38402D000000525200000007000061000000FFFFFFFFFFFFFFFFFFFF00D5005564E600260421130007CD2C2045B13094C2180C97400000008703912793FFFFFF00001E0000FFFFFF
2026-04-21 13:00:30.024,"[{""Protocol"":""0x2525"",""MessageType"":""LocationInfoMessage"",""ProtocolHeadType"":19,""Imei"":""869487064485674"",""SerialNo"":28057,""Mileage"":5596513,""Date"":""2026-04-21T13:01:08Z"",""IopIgnition"":true,""Latitude"":4.7194066047668457,""Longitude"":-74.0943603515625,""Altitude"":2561.60009765625,""ExternalPowerVoltage"":27.98,""Rpm"":-999,""Speed"":0.0,""SatelliteNumber"":18,""Azimuth"":142,""BatteryLevel"":100}]",0x25251300596D990869487064485674003C38402D000000645200000007000061000000FFFFFFFFFFFFFFFFFFFF00D500556561002604211301089A192045503094C2610597400000008E03912798FFFFFF00001E0000FFFFFF
2026-04-21 13:01:29.817,"[{""Protocol"":""0x2525"",""MessageType"":""LocationInfoMessage"",""ProtocolHeadType"":19,""Imei"":""869487064485674"",""SerialNo"":28058,""Mileage"":5596723,""Date"":""2026-04-21T13:02:08Z"",""IopIgnition"":true,""Latitude"":4.7179279327392578,""Longitude"":-74.093185424804688,""Altitude"":2558.89990234375,""ExternalPowerVoltage"":27.91,""Rpm"":-999,""Speed"":10.0,""SatelliteNumber"":18,""Azimuth"":150,""BatteryLevel"":100}]",0x25251300596D9A0869487064485674003C38402D0000005D5200000007000061000000FFFFFFFFFFFFFFFFFFFF00D5005566330026042113020866EE1F45B62F94C244F996400100009603912791FFFFFF00001E0000FFFFFF
2026-04-21 13:02:29.655,"[{""Protocol"":""0x2525"",""MessageType"":""LocationInfoMessage"",""ProtocolHeadType"":19,""Imei"":""869487064485674"",""SerialNo"":28059,""Mileage"":5596723,""Date"":""2026-04-21T13:03:08Z"",""IopIgnition"":true,""Latitude"":4.7179279327392578,""Longitude"":-74.093185424804688,""Altitude"":2558.89990234375,""ExternalPowerVoltage"":27.86,""Rpm"":-999,""Speed"":0.0,""SatelliteNumber"":18,""Azimuth"":150,""BatteryLevel"":100}]",0x25251300596D9B0869487064485674003C38402D000000565200000007000061000000FFFFFFFFFFFFFFFFFFFF00D5005566330026042113030866EE1F45B62F94C244F996400000009603912786FFFFFF00001E0000FFFFFF
2026-04-21 13:03:16.764,"[{""Protocol"":""0x2525"",""MessageType"":""LocationInfoMessage"",""ProtocolHeadType"":19,""Imei"":""869487064485674"",""SerialNo"":28060,""Mileage"":5597055,""Date"":""2026-04-21T13:03:55Z"",""IopIgnition"":true,""Latitude"":4.7150516510009766,""Longitude"":-74.092842102050781,""Altitude"":2561.199951171875,""ExternalPowerVoltage"":28.2,""Rpm"":-999,""Speed"":49.0,""SatelliteNumber"":17,""Azimuth"":197,""BatteryLevel"":100}]",0x25251300596D9C0869487064485674003C38402D0000005D5100000007000061000000FFFFFFFFFFFFFFFFFFFF00D50055677F0026042113035533132045892F94C2B4E19640049000C503912820FFFFFF00001E0000FFFFFF
2026-04-21 13:04:29.539,"[{""Protocol"":""0x2525"",""MessageType"":""LocationInfoMessage"",""ProtocolHeadType"":19,""Imei"":""869487064485674"",""SerialNo"":28061,""Mileage"":5597574,""Date"":""2026-04-21T13:05:08Z"",""IopIgnition"":true,""Latitude"":4.7106590270996094,""Longitude"":-74.0939712524414,""Altitude"":2566.699951171875,""ExternalPowerVoltage"":28.17,""Rpm"":-999,""Speed"":21.0,""SatelliteNumber"":18,""Azimuth"":220,""BatteryLevel"":100}]",0x25251300596D9D0869487064485674003C38402D000000485200000007000061000000FFFFFFFFFFFFFFFFFFFF00D50055698600260421130508336B20451D3094C2B8BD9640021000DC03912817FFFFFF00001E0000FFFFFF
2026-04-21 13:05:29.327,"[{""Protocol"":""0x2525"",""MessageType"":""LocationInfoMessage"",""ProtocolHeadType"":19,""Imei"":""869487064485674"",""SerialNo"":28062,""Mileage"":5598093,""Date"":""2026-04-21T13:06:08Z"",""IopIgnition"":true,""Latitude"":4.7073578834533691,""Longitude"":-74.097274780273438,""Altitude"":2569.800048828125,""ExternalPowerVoltage"":28.07,""Rpm"":-999,""Speed"":19.0,""SatelliteNumber"":17,""Azimuth"":224,""BatteryLevel"":100}]",0x25251300596D9E0869487064485674003C38402D000000445100000007000061000000FFFFFFFFFFFFFFFFFFFF00D500556B8D00260421130608CD9C2045CE3194C2ADA29640019000E003912807FFFFFF00001E0000FFFFFF
2026-04-21 13:06:29.127,"[{""Protocol"":""0x2525"",""MessageType"":""LocationInfoMessage"",""ProtocolHeadType"":19,""Imei"":""869487064485674"",""SerialNo"":28063,""Mileage"":5598610,""Date"":""2026-04-21T13:07:07Z"",""IopIgnition"":true,""Latitude"":4.7039346694946289,""Longitude"":-74.100410461425781,""Altitude"":2573.699951171875,""ExternalPowerVoltage"":28.27,""Rpm"":-999,""Speed"":38.0,""SatelliteNumber"":18,""Azimuth"":219,""BatteryLevel"":100}]",0x25251300596D9F0869487064485674003C38402D000000645200000007000061000000FFFFFFFFFFFFFFFFFFFF00D500556D920026042113070733DB2045693394C2A2869640038000DB03912827FFFFFF00001E0000FFFFFF
2026-04-21 13:06:56.759,"[{""Protocol"":""0x2525"",""MessageType"":""LocationInfoMessage"",""ProtocolHeadType"":19,""Imei"":""869487064485674"",""SerialNo"":28064,""Mileage"":5598829,""Date"":""2026-04-21T13:07:35Z"",""IopIgnition"":true,""Latitude"":4.7025208473205566,""Longitude"":-74.101737976074219,""Altitude"":2573.699951171875,""ExternalPowerVoltage"":27.92,""Rpm"":-999,""Speed"":23.0,""SatelliteNumber"":18,""Azimuth"":271,""BatteryLevel"":100}]",0x25251300596DA00869487064485674003C38402D000000645200000007000061000000FFFFFFFFFFFFFFFFFFFF00D500556E6D0026042113073533DB2045173494C20D7B96400230010F03912792FFFFFF00001F0000FFFFFF
2026-04-21 13:07:01.687,"[{""Protocol"":""0x2525"",""MessageType"":""LocationInfoMessage"",""ProtocolHeadType"":19,""Imei"":""869487064485674"",""SerialNo"":28065,""Mileage"":5598860,""Date"":""2026-04-21T13:07:40Z"",""IopIgnition"":true,""Latitude"":4.7026643753051758,""Longitude"":-74.101974487304688,""Altitude"":2572.199951171875,""ExternalPowerVoltage"":27.91,""Rpm"":-999,""Speed"":23.0,""SatelliteNumber"":18,""Azimuth"":324,""BatteryLevel"":100}]",0x25251300596DA10869487064485674003C38402D000000645200000007000061000000FFFFFFFFFFFFFFFFFFFF00D500556E8C0026042113074033C32045363494C23A7C96400230014403912791FFFFFF00001F0000FFFFFF
2026-04-21 13:07:07.686,"[{""Protocol"":""0x2525"",""MessageType"":""LocationInfoMessage"",""ProtocolHeadType"":19,""Imei"":""869487064485674"",""SerialNo"":28066,""Mileage"":5598895,""Date"":""2026-04-21T13:07:46Z"",""IopIgnition"":true,""Latitude"":4.70296049118042,""Longitude"":-74.102043151855469,""Altitude"":2571.800048828125,""ExternalPowerVoltage"":28.11,""Rpm"":-999,""Speed"":18.0,""SatelliteNumber"":18,""Azimuth"":14,""BatteryLevel"":100}]",0x25251300596DA20869487064485674003C38402D000000645200000007000061000000FFFFFFFFFFFFFFFFFFFF00D500556EAF00260421130746CDBC20453F3494C2A77E96400180000E03912811FFFFFF0000210000FFFFFF
2026-04-21 13:07:13.679,"[{""Protocol"":""0x2525"",""MessageType"":""LocationInfoMessage"",""ProtocolHeadType"":19,""Imei"":""869487064485674"",""SerialNo"":28067,""Mileage"":5598922,""Date"":""2026-04-21T13:07:52Z"",""IopIgnition"":true,""Latitude"":4.7031407356262207,""Longitude"":-74.101898193359375,""Altitude"":2570.89990234375,""ExternalPowerVoltage"":27.92,""Rpm"":-999,""Speed"":14.0,""SatelliteNumber"":18,""Azimuth"":66,""BatteryLevel"":100}]",0x25251300596DA30869487064485674003C38402D000000645200000007000061000000FFFFFFFFFFFFFFFFFFFF00D500556ECA0026042113075266AE20452C3494C2218096400140004203912792FFFFFF0000210000FFFFFF
2026-04-21 13:07:31.732,"[{""Protocol"":""0x2525"",""MessageType"":""LocationInfoMessage"",""ProtocolHeadType"":19,""Imei"":""869487064485674"",""SerialNo"":28068,""Mileage"":5598969,""Date"":""2026-04-21T13:08:10Z"",""IopIgnition"":true,""Latitude"":4.7030658721923828,""Longitude"":-74.101493835449219,""Altitude"":2570.199951171875,""ExternalPowerVoltage"":28.11,""Rpm"":-999,""Speed"":14.0,""SatelliteNumber"":17,""Azimuth"":115,""BatteryLevel"":100}]",0x25251300596DA40869487064485674003C38402D000000645100000007000061000000FFFFFFFFFFFFFFFFFFFF00D500556EF90026042113081033A32045F73394C2847F96400140007303912811FFFFFF00001F0000FFFFFF
2026-04-21 13:09:29.537,"[{""Protocol"":""0x2525"",""MessageType"":""LocationInfoMessage"",""ProtocolHeadType"":19,""Imei"":""869487064485674"",""SerialNo"":28069,""Mileage"":5599327,""Date"":""2026-04-21T13:10:08Z"",""IopIgnition"":true,""Latitude"":4.701143741607666,""Longitude"":-74.098915100097656,""Altitude"":2571.39990234375,""ExternalPowerVoltage"":28.03,""Rpm"":-999,""Speed"":0.0,""SatelliteNumber"":17,""Azimuth"":130,""BatteryLevel"":100}]",0x25251300596DA50869487064485674003C38402D000000645100000007000061000000FFFFFFFFFFFFFFFFFFFF00D50055705F0026042113100866B62045A53294C2C56F96400000008203912803FFFFFF00001F0000FFFFFF
2026-04-21 13:10:29.322,"[{""Protocol"":""0x2525"",""MessageType"":""LocationInfoMessage"",""ProtocolHeadType"":19,""Imei"":""869487064485674"",""SerialNo"":28070,""Mileage"":5599512,""Date"":""2026-04-21T13:11:08Z"",""IopIgnition"":true,""Latitude"":4.7000675201416016,""Longitude"":-74.097648620605469,""Altitude"":2568.300048828125,""ExternalPowerVoltage"":27.99,""Rpm"":-999,""Speed"":0.0,""SatelliteNumber"":15,""Azimuth"":126,""BatteryLevel"":100}]",0x25251300596DA60869487064485674003C38402D000000644F00000007000061000000FFFFFFFFFFFFFFFFFFFF00D50055711800260421131108CD842045FF3194C2F46696400000007E03912799FFFFFF00001F0000FFFFFF
2026-04-21 13:11:29.165,"[{""Protocol"":""0x2525"",""MessageType"":""LocationInfoMessage"",""ProtocolHeadType"":19,""Imei"":""869487064485674"",""SerialNo"":28071,""Mileage"":5599555,""Date"":""2026-04-21T13:12:07Z"",""IopIgnition"":true,""Latitude"":4.6998553276062012,""Longitude"":-74.097328186035156,""Altitude"":2570.39990234375,""ExternalPowerVoltage"":28.12,""Rpm"":-999,""Speed"":11.0,""SatelliteNumber"":14,""Azimuth"":123,""BatteryLevel"":100}]",0x25251300596DA70869487064485674003C38402D000000644E00000007000061000000FFFFFFFFFFFFFFFFFFFF00D5005571430026042113120766A62045D53194C2376596400110007B03912812FFFFFF00001F0000FFFFFF
2026-04-21 13:12:30.044,"[{""Protocol"":""0x2525"",""MessageType"":""LocationInfoMessage"",""ProtocolHeadType"":19,""Imei"":""869487064485674"",""SerialNo"":28072,""Mileage"":5599884,""Date"":""2026-04-21T13:13:08Z"",""IopIgnition"":true,""Latitude"":4.6982293128967285,""Longitude"":-74.094856262207031,""Altitude"":2568.300048828125,""ExternalPowerVoltage"":27.99,""Rpm"":-999,""Speed"":7.0,""SatelliteNumber"":18,""Azimuth"":119,""BatteryLevel"":100}]",0x25251300596DA80869487064485674003C38402D000000595200000007000061000000FFFFFFFFFFFFFFFFFFFF00D50055728C00260421131308CD842045913094C2E55796400070007703912799FFFFFF00001F0000FFFFFF
2026-04-21 13:13:29.901,"[{""Protocol"":""0x2525"",""MessageType"":""LocationInfoMessage"",""ProtocolHeadType"":19,""Imei"":""869487064485674"",""SerialNo"":28073,""Mileage"":5600012,""Date"":""2026-04-21T13:14:08Z"",""IopIgnition"":true,""Latitude"":4.6976819038391113,""Longitude"":-74.093841552734375,""Altitude"":2570.699951171875,""ExternalPowerVoltage"":28.46,""Rpm"":-999,""Speed"":25.0,""SatelliteNumber"":17,""Azimuth"":118,""BatteryLevel"":100}]",0x25251300596DA90869487064485674003C38402D0000005D5100000007000061000000FFFFFFFFFFFFFFFFFFFF00D50055730C0026042113140833AB20450C3094C2695396400250007603912846FFFFFF00001F0000FFFFFF
2026-04-21 13:14:29.647,"[{""Protocol"":""0x2525"",""MessageType"":""LocationInfoMessage"",""ProtocolHeadType"":19,""Imei"":""869487064485674"",""SerialNo"":28074,""Mileage"":5600349,""Date"":""2026-04-21T13:15:08Z"",""IopIgnition"":true,""Latitude"":4.6962480545043945,""Longitude"":-74.091171264648438,""Altitude"":2567.699951171875,""ExternalPowerVoltage"":28.24,""Rpm"":-999,""Speed"":34.0,""SatelliteNumber"":18,""Azimuth"":118,""BatteryLevel"":100}]",0x25251300596DAA0869487064485674003C38402D000000645200000007000061000000FFFFFFFFFFFFFFFFFFFF00D50055745D00260421131508337B2045AE2E94C2AA4796400340007603912824FFFFFF00001F0000FFFFFF
2026-04-21 13:15:29.446,"[{""Protocol"":""0x2525"",""MessageType"":""LocationInfoMessage"",""ProtocolHeadType"":19,""Imei"":""869487064485674"",""SerialNo"":28075,""Mileage"":5600634,""Date"":""2026-04-21T13:16:08Z"",""IopIgnition"":true,""Latitude"":4.6950950622558594,""Longitude"":-74.0888900756836,""Altitude"":2575.5,""ExternalPowerVoltage"":27.97,""Rpm"":-999,""Speed"":12.0,""SatelliteNumber"":16,""Azimuth"":120,""BatteryLevel"":100}]",0x25251300596DAB0869487064485674003C38402D000000645000000007000061000000FFFFFFFFFFFFFFFFFFFF00D50055757A0026042113160800F82045832D94C2383E96400120007803912797FFFFFF00001F0000FFFFFF
2026-04-21 13:16:17.745,"[{""Protocol"":""0x2525"",""MessageType"":""LocationInfoMessage"",""ProtocolHeadType"":19,""Imei"":""869487064485674"",""SerialNo"":28076,""Mileage"":5600803,""Date"":""2026-04-21T13:16:56Z"",""IopIgnition"":true,""Latitude"":4.6941585540771484,""Longitude"":-74.087722778320313,""Altitude"":2572.89990234375,""ExternalPowerVoltage"":27.95,""Rpm"":-999,""Speed"":11.0,""SatelliteNumber"":18,""Azimuth"":184,""BatteryLevel"":100}]",0x25251300596DAC0869487064485674003C38402D000000645200000007000061000000FFFFFFFFFFFFFFFFFFFF00D5005576230026042113165666CE2045EA2C94C28C369640011000B803912795FFFFFF00001F0000FFFFFF
2026-04-21 13:16:50.794,"[{""Protocol"":""0x2525"",""MessageType"":""LocationInfoMessage"",""ProtocolHeadType"":19,""Imei"":""869487064485674"",""SerialNo"":28077,""Mileage"":5600970,""Date"":""2026-04-21T13:17:29Z"",""IopIgnition"":true,""Latitude"":4.6930370330810547,""Longitude"":-74.088706970214844,""Altitude"":2570.300048828125,""ExternalPowerVoltage"":28.02,""Rpm"":-999,""Speed"":20.0,""SatelliteNumber"":18,""Azimuth"":248,""BatteryLevel"":100}]",0x25251300596DAD0869487064485674003C38402D000000595200000007000061000000FFFFFFFFFFFFFFFFFFFF00D5005576CA00260421131729CDA420456B2D94C25C2D9640020000F803912802FFFFFF0000200000FFFFFF
2026-04-21 13:16:53.654,"[{""Protocol"":""0x2525"",""MessageType"":""LocationInfoMessage"",""ProtocolHeadType"":19,""Imei"":""869487064485674"",""SerialNo"":28078,""Mileage"":5600986,""Date"":""2026-04-21T13:17:32Z"",""IopIgnition"":true,""Latitude"":4.6930632591247559,""Longitude"":-74.0888442993164,""Altitude"":2570.300048828125,""ExternalPowerVoltage"":28.12,""Rpm"":-999,""Speed"":22.0,""SatelliteNumber"":17,""Azimuth"":309,""BatteryLevel"":100}]",0x25251300596DAE0869487064485674003C38402D000000595100000007000061000000FFFFFFFFFFFFFFFFFFFF00D5005576DA00260421131732CDA420457D2D94C2932D96400220013503912812FFFFFF0000200000FFFFFF
2026-04-21 13:17:34.131,"[{""Protocol"":""0x2525"",""MessageType"":""LocationInfoMessage"",""ProtocolHeadType"":19,""Imei"":""869487064485674"",""SerialNo"":28079,""Mileage"":5601176,""Date"":""2026-04-21T13:18:10Z"",""IopIgnition"":true,""Latitude"":4.6944618225097656,""Longitude"":-74.089790344238281,""Altitude"":2563.60009765625,""ExternalPowerVoltage"":27.99,""Rpm"":-999,""Speed"":12.0,""SatelliteNumber"":17,""Azimuth"":359,""BatteryLevel"":100}]",0x25251300596DAF0869487064485674003C38402D000000645100000007000061000000FFFFFFFFFFFFFFFFFFFF00D500557798002604211318109A392045F92D94C2083996400120016703912799FFFFFF0000200000FFFFFF
2026-04-21 13:17:43.761,"[{""Protocol"":""0x2525"",""MessageType"":""LocationInfoMessage"",""ProtocolHeadType"":19,""Imei"":""869487064485674"",""SerialNo"":28080,""Mileage"":5601216,""Date"":""2026-04-21T13:18:22Z"",""IopIgnition"":true,""Latitude"":4.69480562210083,""Longitude"":-74.089736938476563,""Altitude"":2564.5,""ExternalPowerVoltage"":28.07,""Rpm"":-999,""Speed"":10.0,""SatelliteNumber"":18,""Azimuth"":49,""BatteryLevel"":100}]",0x25251300596DB00869487064485674003C38402D000000645200000007000061000000FFFFFFFFFFFFFFFFFFFF00D5005577C00026042113182200482045F22D94C2D93B96400100003103912807FFFFFF0000210000FFFFFF
2026-04-21 13:19:29.521,"[{""Protocol"":""0x2525"",""MessageType"":""LocationInfoMessage"",""ProtocolHeadType"":19,""Imei"":""869487064485674"",""SerialNo"":28081,""Mileage"":5601628,""Date"":""2026-04-21T13:20:08Z"",""IopIgnition"":true,""Latitude"":4.6960763931274414,""Longitude"":-74.08636474609375,""Altitude"":2561.199951171875,""ExternalPowerVoltage"":27.87,""Rpm"":-999,""Speed"":0.0,""SatelliteNumber"":12,""Azimuth"":73,""BatteryLevel"":100}]",0x25251300596DB10869487064485674003C38402D000000604C00000007000061000000FFFFFFFFFFFFFFFFFFFF00D50055795C0026042113200833132045382C94C2424696400000004903912787FFFFFF00001F0000FFFFFF
2026-04-21 13:20:24.831,"[{""Protocol"":""0x2525"",""MessageType"":""LocationInfoMessage"",""ProtocolHeadType"":19,""Imei"":""869487064485674"",""SerialNo"":28082,""Mileage"":5601678,""Date"":""2026-04-21T13:21:03Z"",""IopIgnition"":true,""Latitude"":4.6960954666137695,""Longitude"":-74.0859375,""Altitude"":2563.800048828125,""ExternalPowerVoltage"":28.03,""Rpm"":-999,""Speed"":17.0,""SatelliteNumber"":18,""Azimuth"":129,""BatteryLevel"":100}]",0x25251300596DB20869487064485674003C38402D000000645200000007000061000000FFFFFFFFFFFFFFFFFFFF00D50055798E00260421132103CD3C2045002C94C26A4696400170008103912803FFFFFF0000200000FFFFFF
2026-04-21 13:21:29.627,"[{""Protocol"":""0x2525"",""MessageType"":""LocationInfoMessage"",""ProtocolHeadType"":19,""Imei"":""869487064485674"",""SerialNo"":28083,""Mileage"":5602093,""Date"":""2026-04-21T13:22:08Z"",""IopIgnition"":true,""Latitude"":4.6933422088623047,""Longitude"":-74.0836181640625,""Altitude"":2564.699951171875,""ExternalPowerVoltage"":28.12,""Rpm"":-999,""Speed"":26.0,""SatelliteNumber"":17,""Azimuth"":113,""BatteryLevel"":100}]",0x25251300596DB30869487064485674003C38402D000000565100000007000061000000FFFFFFFFFFFFFFFFFFFF00D500557B2D00260421132208334B2045D02A94C2DC2F96400260007103912812FFFFFF0000200000FFFFFF
2026-04-21 13:22:29.437,"[{""Protocol"":""0x2525"",""MessageType"":""LocationInfoMessage"",""ProtocolHeadType"":19,""Imei"":""869487064485674"",""SerialNo"":28084,""Mileage"":5602364,""Date"":""2026-04-21T13:23:08Z"",""IopIgnition"":true,""Latitude"":4.6914024353027344,""Longitude"":-74.082199096679688,""Altitude"":2566.199951171875,""ExternalPowerVoltage"":28.06,""Rpm"":-999,""Speed"":8.0,""SatelliteNumber"":18,""Azimuth"":153,""BatteryLevel"":100}]",0x25251300596DB40869487064485674003C38402D000000645200000007000061000000FFFFFFFFFFFFFFFFFFFF00D500557C3C0026042113230833632045162A94C2F81F96400080009903912806FFFFFF00001F0000FFFFFF
2026-04-21 13:22:44.743,"[{""Protocol"":""0x2525"",""MessageType"":""LocationInfoMessage"",""ProtocolHeadType"":19,""Imei"":""869487064485674"",""SerialNo"":28085,""Mileage"":5602474,""Date"":""2026-04-21T13:23:23Z"",""IopIgnition"":true,""Latitude"":4.6906046867370605,""Longitude"":-74.081672668457031,""Altitude"":2565.0,""ExternalPowerVoltage"":28.12,""Rpm"":-999,""Speed"":25.0,""SatelliteNumber"":18,""Azimuth"":92,""BatteryLevel"":100}]",0x25251300596DB50869487064485674003C38402D000000645200000007000061000000FFFFFFFFFFFFFFFFFFFF00D500557CAA0026042113232300502045D12994C26F1996400250005C03912812FFFFFF0000200000FFFFFF
2026-04-21 13:23:10.742,"[{""Protocol"":""0x2525"",""MessageType"":""LocationInfoMessage"",""ProtocolHeadType"":19,""Imei"":""869487064485674"",""SerialNo"":28086,""Mileage"":5602598,""Date"":""2026-04-21T13:23:49Z"",""IopIgnition"":true,""Latitude"":4.6906800270080566,""Longitude"":-74.080574035644531,""Altitude"":2562.10009765625,""ExternalPowerVoltage"":28.02,""Rpm"":-999,""Speed"":17.0,""SatelliteNumber"":18,""Azimuth"":144,""BatteryLevel"":100}]",0x25251300596DB60869487064485674003C38402D000000645200000007000061000000FFFFFFFFFFFFFFFFFFFF00D500557D26002604211323499A212045412994C20D1A96400170009003912802FFFFFF0000200000FFFFFF
2026-04-21 13:23:19.654,"[{""Protocol"":""0x2525"",""MessageType"":""LocationInfoMessage"",""ProtocolHeadType"":19,""Imei"":""869487064485674"",""SerialNo"":28087,""Mileage"":5602661,""Date"":""2026-04-21T13:23:58Z"",""IopIgnition"":true,""Latitude"":4.6902437210083008,""Longitude"":-74.08026123046875,""Altitude"":2560.5,""ExternalPowerVoltage"":28.11,""Rpm"":-999,""Speed"":20.0,""SatelliteNumber"":18,""Azimuth"":95,""BatteryLevel"":100}]",0x25251300596DB70869487064485674003C38402D0000005D5200000007000061000000FFFFFFFFFFFFFFFFFFFF00D500557D650026042113235800082045182994C27A1696400200005F03912811FFFFFF0000230000FFFFFF
2026-04-21 13:23:21.651,"[{""Protocol"":""0x2525"",""MessageType"":""LocationInfoMessage"",""ProtocolHeadType"":19,""Imei"":""869487064485674"",""SerialNo"":28088,""Mileage"":5602672,""Date"":""2026-04-21T13:24:00Z"",""IopIgnition"":true,""Latitude"":4.6902847290039063,""Longitude"":-74.080169677734375,""Altitude"":2560.300048828125,""ExternalPowerVoltage"":28.1,""Rpm"":-999,""Speed"":20.0,""SatelliteNumber"":18,""Azimuth"":43,""BatteryLevel"":100}]",0x25251300596DB80869487064485674003C38402D0000005D5200000007000061000000FFFFFFFFFFFFFFFFFFFF00D500557D7000260421132400CD0420450C2994C2D01696400200002B03912810FFFFFF0000230000FFFFFF
2026-04-21 13:23:32.750,"[{""Protocol"":""0x2525"",""MessageType"":""LocationInfoMessage"",""ProtocolHeadType"":19,""Imei"":""869487064485674"",""SerialNo"":28089,""Mileage"":5602742,""Date"":""2026-04-21T13:24:11Z"",""IopIgnition"":true,""Latitude"":4.6907877922058105,""Longitude"":-74.079818725585938,""Altitude"":2558.300048828125,""ExternalPowerVoltage"":27.93,""Rpm"":-999,""Speed"":12.0,""SatelliteNumber"":19,""Azimuth"":106,""BatteryLevel"":100}]",0x25251300596DB90869487064485674003C38402D000000605300000007000061000000FFFFFFFFFFFFFFFFFFFF00D500557DB600260421132411CDE41F45DE2894C2EF1A96400120006A03912793FFFFFF0000230000FFFFFF
2026-04-21 13:24:32.741,"[{""Protocol"":""0x2525"",""MessageType"":""LocationInfoMessage"",""ProtocolHeadType"":19,""Imei"":""869487064485674"",""SerialNo"":28090,""Mileage"":5603167,""Date"":""2026-04-21T13:25:11Z"",""IopIgnition"":true,""Latitude"":4.6876993179321289,""Longitude"":-74.077583312988281,""Altitude"":2564.300048828125,""ExternalPowerVoltage"":28.16,""Rpm"":-999,""Speed"":19.0,""SatelliteNumber"":17,""Azimuth"":153,""BatteryLevel"":100}]",0x25251300596DBA0869487064485674003C38402D000000595100000007000061000000FFFFFFFFFFFFFFFFFFFF00D500557F5F00260421132511CD442045B92794C2A20196400190009903912816FFFFFF0000210000FFFFFF
2026-04-21 13:24:44.819,"[{""Protocol"":""0x2525"",""MessageType"":""LocationInfoMessage"",""ProtocolHeadType"":19,""Imei"":""869487064485674"",""SerialNo"":28091,""Mileage"":5603206,""Date"":""2026-04-21T13:25:23Z"",""IopIgnition"":true,""Latitude"":4.687431812286377,""Longitude"":-74.0773696899414,""Altitude"":2560.199951171875,""ExternalPowerVoltage"":28.03,""Rpm"":-999,""Speed"":7.0,""SatelliteNumber"":17,""Azimuth"":96,""BatteryLevel"":100}]",0x25251300596DBB0869487064485674003C38402D000000565100000007000061000000FFFFFFFFFFFFFFFFFFFF00D500557F8600260421132523330320459D2794C271FF95400070006003912803FFFFFF0000200000FFFFFF
2026-04-21 13:26:29.670,"[{""Protocol"":""0x2525"",""MessageType"":""LocationInfoMessage"",""ProtocolHeadType"":19,""Imei"":""869487064485674"",""SerialNo"":28092,""Mileage"":5603227,""Date"":""2026-04-21T13:27:08Z"",""IopIgnition"":true,""Latitude"":4.6875109672546387,""Longitude"":-74.077194213867188,""Altitude"":2562.10009765625,""ExternalPowerVoltage"":27.99,""Rpm"":-999,""Speed"":0.0,""SatelliteNumber"":16,""Azimuth"":54,""BatteryLevel"":100}]",0x25251300596DBC0869487064485674003C38402D000000565000000007000061000000FFFFFFFFFFFFFFFFFFFF00D500557F9B002604211327089A212045862794C2170096400000003603912799FFFFFF0000200000FFFFFF
2026-04-21 13:27:29.436,"[{""Protocol"":""0x2525"",""MessageType"":""LocationInfoMessage"",""ProtocolHeadType"":19,""Imei"":""869487064485674"",""SerialNo"":28093,""Mileage"":5603227,""Date"":""2026-04-21T13:28:08Z"",""IopIgnition"":true,""Latitude"":4.6875109672546387,""Longitude"":-74.077194213867188,""Altitude"":2562.10009765625,""ExternalPowerVoltage"":27.96,""Rpm"":-999,""Speed"":0.0,""SatelliteNumber"":14,""Azimuth"":54,""BatteryLevel"":100}]",0x25251300596DBD0869487064485674003C38402D000000594E00000007000061000000FFFFFFFFFFFFFFFFFFFF00D500557F9B002604211328089A212045862794C2170096400000003603912796FFFFFF0000200000FFFFFF
2026-04-21 13:28:29.228,"[{""Protocol"":""0x2525"",""MessageType"":""LocationInfoMessage"",""ProtocolHeadType"":19,""Imei"":""869487064485674"",""SerialNo"":28094,""Mileage"":5603227,""Date"":""2026-04-21T13:29:07Z"",""IopIgnition"":true,""Latitude"":4.6875109672546387,""Longitude"":-74.077194213867188,""Altitude"":2562.10009765625,""ExternalPowerVoltage"":28.1,""Rpm"":-999,""Speed"":0.0,""SatelliteNumber"":15,""Azimuth"":54,""BatteryLevel"":100}]",0x25251300596DBE0869487064485674003C38402D000000594F00000007000061000000FFFFFFFFFFFFFFFFFFFF00D500557F9B002604211329079A212045862794C2170096400000003603912810FFFFFF0000200000FFFFFF
2026-04-21 13:29:30.025,"[{""Protocol"":""0x2525"",""MessageType"":""LocationInfoMessage"",""ProtocolHeadType"":19,""Imei"":""869487064485674"",""SerialNo"":28095,""Mileage"":5603227,""Date"":""2026-04-21T13:30:08Z"",""IopIgnition"":true,""Latitude"":4.6875109672546387,""Longitude"":-74.077194213867188,""Altitude"":2562.10009765625,""ExternalPowerVoltage"":27.98,""Rpm"":-999,""Speed"":0.0,""SatelliteNumber"":14,""Azimuth"":54,""BatteryLevel"":100}]",0x25251300596DBF0869487064485674003C38402D000000594E00000007000061000000FFFFFFFFFFFFFFFFFFFF00D500557F9B002604211330089A212045862794C2170096400000003603912798FFFFFF0000200000FFFFFF
2026-04-21 13:30:29.819,"[{""Protocol"":""0x2525"",""MessageType"":""LocationInfoMessage"",""ProtocolHeadType"":19,""Imei"":""869487064485674"",""SerialNo"":28096,""Mileage"":5603227,""Date"":""2026-04-21T13:31:08Z"",""IopIgnition"":true,""Latitude"":4.6875109672546387,""Longitude"":-74.077194213867188,""Altitude"":2562.10009765625,""ExternalPowerVoltage"":27.92,""Rpm"":-999,""Speed"":0.0,""SatelliteNumber"":13,""Azimuth"":54,""BatteryLevel"":100}]",0x25251300596DC00869487064485674003C38402D000000594D00000007000061000000FFFFFFFFFFFFFFFFFFFF00D500557F9B002604211331089A212045862794C2170096400000003603912792FFFFFF0000200000FFFFFF
2026-04-21 13:31:29.650,"[{""Protocol"":""0x2525"",""MessageType"":""LocationInfoMessage"",""ProtocolHeadType"":19,""Imei"":""869487064485674"",""SerialNo"":28097,""Mileage"":5603227,""Date"":""2026-04-21T13:32:08Z"",""IopIgnition"":true,""Latitude"":4.6875109672546387,""Longitude"":-74.077194213867188,""Altitude"":2562.10009765625,""ExternalPowerVoltage"":28.09,""Rpm"":-999,""Speed"":0.0,""SatelliteNumber"":14,""Azimuth"":54,""BatteryLevel"":100}]",0x25251300596DC10869487064485674003C38402D000000594E00000007000061000000FFFFFFFFFFFFFFFFFFFF00D500557F9B002604211332089A212045862794C2170096400000003603912809FFFFFF0000200000FFFFFF
2026-04-21 13:32:29.432,"[{""Protocol"":""0x2525"",""MessageType"":""LocationInfoMessage"",""ProtocolHeadType"":19,""Imei"":""869487064485674"",""SerialNo"":28098,""Mileage"":5603227,""Date"":""2026-04-21T13:33:08Z"",""IopIgnition"":true,""Latitude"":4.6875109672546387,""Longitude"":-74.077194213867188,""Altitude"":2562.10009765625,""ExternalPowerVoltage"":27.95,""Rpm"":-999,""Speed"":0.0,""SatelliteNumber"":15,""Azimuth"":54,""BatteryLevel"":100}]",0x25251300596DC20869487064485674003C38402D000000564F00000007000061000000FFFFFFFFFFFFFFFFFFFF00D500557F9B002604211333089A212045862794C2170096400000003603912795FFFFFF0000210000FFFFFF
2026-04-21 13:33:29.229,"[{""Protocol"":""0x2525"",""MessageType"":""LocationInfoMessage"",""ProtocolHeadType"":19,""Imei"":""869487064485674"",""SerialNo"":28099,""Mileage"":5603227,""Date"":""2026-04-21T13:34:07Z"",""IopIgnition"":true,""Latitude"":4.6875109672546387,""Longitude"":-74.077194213867188,""Altitude"":2562.10009765625,""ExternalPowerVoltage"":28.0,""Rpm"":-999,""Speed"":0.0,""SatelliteNumber"":14,""Azimuth"":54,""BatteryLevel"":100}]",0x25251300596DC30869487064485674003C38402D000000564E00000007000061000000FFFFFFFFFFFFFFFFFFFF00D500557F9B002604211334079A212045862794C2170096400000003603912800FFFFFF0000200000FFFFFF
2026-04-21 13:34:30.045,"[{""Protocol"":""0x2525"",""MessageType"":""LocationInfoMessage"",""ProtocolHeadType"":19,""Imei"":""869487064485674"",""SerialNo"":28100,""Mileage"":5603227,""Date"":""2026-04-21T13:35:08Z"",""IopIgnition"":true,""Latitude"":4.6875109672546387,""Longitude"":-74.077194213867188,""Altitude"":2562.10009765625,""ExternalPowerVoltage"":27.99,""Rpm"":-999,""Speed"":0.0,""SatelliteNumber"":15,""Azimuth"":54,""BatteryLevel"":100}]",0x25251300596DC40869487064485674003C38402D000000564F00000007000061000000FFFFFFFFFFFFFFFFFFFF00D500557F9B002604211335089A212045862794C2170096400000003603912799FFFFFF0000200000FFFFFF
2026-04-21 13:35:29.848,"[{""Protocol"":""0x2525"",""MessageType"":""LocationInfoMessage"",""ProtocolHeadType"":19,""Imei"":""869487064485674"",""SerialNo"":28101,""Mileage"":5603227,""Date"":""2026-04-21T13:36:08Z"",""IopIgnition"":true,""Latitude"":4.6875109672546387,""Longitude"":-74.077194213867188,""Altitude"":2562.10009765625,""ExternalPowerVoltage"":28.04,""Rpm"":-999,""Speed"":0.0,""SatelliteNumber"":14,""Azimuth"":54,""BatteryLevel"":100}]",0x25251300596DC50869487064485674003C38402D000000594E00000007000061000000FFFFFFFFFFFFFFFFFFFF00D500557F9B002604211336089A212045862794C2170096400000003603912804FFFFFF0000200000FFFFFF
2026-04-21 13:36:29.651,"[{""Protocol"":""0x2525"",""MessageType"":""LocationInfoMessage"",""ProtocolHeadType"":19,""Imei"":""869487064485674"",""SerialNo"":28102,""Mileage"":5603227,""Date"":""2026-04-21T13:37:08Z"",""IopIgnition"":true,""Latitude"":4.6875109672546387,""Longitude"":-74.077194213867188,""Altitude"":2562.10009765625,""ExternalPowerVoltage"":28.08,""Rpm"":-999,""Speed"":0.0,""SatelliteNumber"":15,""Azimuth"":54,""BatteryLevel"":100}]",0x25251300596DC60869487064485674003C38402D000000594F00000007000061000000FFFFFFFFFFFFFFFFFFFF00D500557F9B002604211337089A212045862794C2170096400000003603912808FFFFFF0000200000FFFFFF
2026-04-21 13:37:04.801,"[{""Protocol"":""0x2525"",""MessageType"":""LocationInfoMessage"",""ProtocolHeadType"":19,""Imei"":""869487064485674"",""SerialNo"":28103,""Mileage"":5603250,""Date"":""2026-04-21T13:37:43Z"",""IopIgnition"":true,""Latitude"":4.6875147819519043,""Longitude"":-74.076980590820313,""Altitude"":2564.0,""ExternalPowerVoltage"":28.12,""Rpm"":-999,""Speed"":6.0,""SatelliteNumber"":15,""Azimuth"":149,""BatteryLevel"":100}]",0x25251300596DC70869487064485674003C38402D000000594F00000007000061000000FFFFFFFFFFFFFFFFFFFF00D500557FB200260421133743004020456A2794C21F0096400060009503912812FFFFFF0000200000FFFFFF
2026-04-21 13:38:29.595,"[{""Protocol"":""0x2525"",""MessageType"":""LocationInfoMessage"",""ProtocolHeadType"":19,""Imei"":""869487064485674"",""SerialNo"":28104,""Mileage"":5603337,""Date"":""2026-04-21T13:39:08Z"",""IopIgnition"":true,""Latitude"":4.686887264251709,""Longitude"":-74.0765380859375,""Altitude"":2560.89990234375,""ExternalPowerVoltage"":28.1,""Rpm"":-999,""Speed"":8.0,""SatelliteNumber"":13,""Azimuth"":140,""BatteryLevel"":100}]",0x25251300596DC80869487064485674003C38402D000000644D00000007000061000000FFFFFFFFFFFFFFFFFFFF00D50055800900260421133908660E2045302794C2FBFA95400080008C03912810FFFFFF0000210000FFFFFF
2026-04-21 13:39:20.926,"[{""Protocol"":""0x2525"",""MessageType"":""LocationInfoMessage"",""ProtocolHeadType"":19,""Imei"":""869487064485674"",""SerialNo"":28105,""Mileage"":5603406,""Date"":""2026-04-21T13:39:59Z"",""IopIgnition"":true,""Latitude"":4.6863613128662109,""Longitude"":-74.0762710571289,""Altitude"":2565.60009765625,""ExternalPowerVoltage"":28.13,""Rpm"":-999,""Speed"":14.0,""SatelliteNumber"":17,""Azimuth"":223,""BatteryLevel"":100}]",0x25251300596DC90869487064485674003C38402D000000645100000007000061000000FFFFFFFFFFFFFFFFFFFF00D50055804E002604211339599A5920450D2794C2ACF69540014000DF03912813FFFFFF0000210000FFFFFF
2026-04-21 13:40:29.643,"[{""Protocol"":""0x2525"",""MessageType"":""LocationInfoMessage"",""ProtocolHeadType"":19,""Imei"":""869487064485674"",""SerialNo"":28106,""Mileage"":5603997,""Date"":""2026-04-21T13:41:08Z"",""IopIgnition"":true,""Latitude"":4.6830439567565918,""Longitude"":-74.0804214477539,""Altitude"":2570.10009765625,""ExternalPowerVoltage"":28.17,""Rpm"":-999,""Speed"":38.0,""SatelliteNumber"":17,""Azimuth"":233,""BatteryLevel"":100}]",0x25251300596DCA0869487064485674003C38402D000000645100000007000061000000FFFFFFFFFFFFFFFFFFFF00D50055829D002604211341089AA120452D2994C27FDB9540038000E903912817FFFFFF0000210000FFFFFF
2026-04-21 13:40:36.689,"[{""Protocol"":""0x2525"",""MessageType"":""LocationInfoMessage"",""ProtocolHeadType"":19,""Imei"":""869487064485674"",""SerialNo"":28107,""Mileage"":5604055,""Date"":""2026-04-21T13:41:15Z"",""IopIgnition"":true,""Latitude"":4.6828508377075195,""Longitude"":-74.080894470214844,""Altitude"":2566.5,""ExternalPowerVoltage"":28.03,""Rpm"":-999,""Speed"":25.0,""SatelliteNumber"":18,""Azimuth"":292,""BatteryLevel"":100}]",0x25251300596DCB0869487064485674003C38402D000000645200000007000061000000FFFFFFFFFFFFFFFFFFFF00D5005582D700260421134115006820456B2994C2EAD995400250012403912803FFFFFF0000230000FFFFFF
2026-04-21 13:40:50.794,"[{""Protocol"":""0x2525"",""MessageType"":""LocationInfoMessage"",""ProtocolHeadType"":19,""Imei"":""869487064485674"",""SerialNo"":28108,""Mileage"":5604194,""Date"":""2026-04-21T13:41:29Z"",""IopIgnition"":true,""Latitude"":4.6838226318359375,""Longitude"":-74.081657409667969,""Altitude"":2565.800048828125,""ExternalPowerVoltage"":28.19,""Rpm"":-999,""Speed"":33.0,""SatelliteNumber"":18,""Azimuth"":339,""BatteryLevel"":100}]",0x25251300596DCC0869487064485674003C38402D000000525200000007000061000000FFFFFFFFFFFFFFFFFFFF00D50055836200260421134129CD5C2045CF2994C2E0E195400330015303912819FFFFFF0000230000FFFFFF
2026-04-21 13:40:54.728,"[{""Protocol"":""0x2525"",""MessageType"":""LocationInfoMessage"",""ProtocolHeadType"":19,""Imei"":""869487064485674"",""SerialNo"":28109,""Mileage"":5604227,""Date"":""2026-04-21T13:41:33Z"",""IopIgnition"":true,""Latitude"":4.6841068267822266,""Longitude"":-74.0816421508789,""Altitude"":2566.800048828125,""ExternalPowerVoltage"":28.17,""Rpm"":-999,""Speed"":26.0,""SatelliteNumber"":18,""Azimuth"":31,""BatteryLevel"":100}]",0x25251300596DCD0869487064485674003C38402D000000645200000007000061000000FFFFFFFFFFFFFFFFFFFF00D50055838300260421134133CD6C2045CD2994C234E495400260001F03912817FFFFFF0000240000FFFFFF
2026-04-21 13:41:34.736,"[{""Protocol"":""0x2525"",""MessageType"":""LocationInfoMessage"",""ProtocolHeadType"":19,""Imei"":""869487064485674"",""SerialNo"":28110,""Mileage"":5604400,""Date"":""2026-04-21T13:42:13Z"",""IopIgnition"":true,""Latitude"":4.6850547790527344,""Longitude"":-74.080413818359375,""Altitude"":2565.60009765625,""ExternalPowerVoltage"":28.19,""Rpm"":-999,""Speed"":22.0,""SatelliteNumber"":17,""Azimuth"":81,""BatteryLevel"":100}]",0x25251300596DCE0869487064485674003C38402D000000645100000007000061000000FFFFFFFFFFFFFFFFFFFF00D500558430002604211342139A5920452C2994C2F8EB95400220005103912819FFFFFF0000210000FFFFFF
2026-04-21 13:41:40.651,"[{""Protocol"":""0x2525"",""MessageType"":""LocationInfoMessage"",""ProtocolHeadType"":19,""Imei"":""869487064485674"",""SerialNo"":28111,""Mileage"":5604433,""Date"":""2026-04-21T13:42:19Z"",""IopIgnition"":true,""Latitude"":4.6849560737609863,""Longitude"":-74.080146789550781,""Altitude"":2564.800048828125,""ExternalPowerVoltage"":28.16,""Rpm"":-999,""Speed"":21.0,""SatelliteNumber"":18,""Azimuth"":133,""BatteryLevel"":100}]",0x25251300596DCF0869487064485674003C38402D000000645200000007000061000000FFFFFFFFFFFFFFFFFFFF00D50055845100260421134219CD4C2045092994C229EB95400210008503912816FFFFFF0000210000FFFFFF
2026-04-21 13:42:55.752,"[{""Protocol"":""0x2525"",""MessageType"":""LocationInfoMessage"",""ProtocolHeadType"":19,""Imei"":""869487064485674"",""SerialNo"":28112,""Mileage"":5604910,""Date"":""2026-04-21T13:43:34Z"",""IopIgnition"":true,""Latitude"":4.6815762519836426,""Longitude"":-74.077568054199219,""Altitude"":2564.300048828125,""ExternalPowerVoltage"":28.18,""Rpm"":-999,""Speed"":29.0,""SatelliteNumber"":16,""Azimuth"":199,""BatteryLevel"":100}]",0x25251300596DD00869487064485674003C38402D000000645000000007000061000000FFFFFFFFFFFFFFFFFFFF00D50055862E00260421134334CD442045B72794C279CF9540029000C703912818FFFFFF0000200000FFFFFF
2026-04-21 13:44:29.527,"[{""Protocol"":""0x2525"",""MessageType"":""LocationInfoMessage"",""ProtocolHeadType"":19,""Imei"":""869487064485674"",""SerialNo"":28113,""Mileage"":5605634,""Date"":""2026-04-21T13:45:08Z"",""IopIgnition"":true,""Latitude"":4.6763167381286621,""Longitude"":-74.08135986328125,""Altitude"":2573.300048828125,""ExternalPowerVoltage"":28.24,""Rpm"":-999,""Speed"":33.0,""SatelliteNumber"":17,""Azimuth"":216,""BatteryLevel"":100}]",0x25251300596DD10869487064485674003C38402D000000605100000007000061000000FFFFFFFFFFFFFFFFFFFF00D50055890200260421134508CDD42045A82994C263A49540033000D803912824FFFFFF0000200000FFFFFF
2026-04-21 13:45:08.754,"[{""Protocol"":""0x2525"",""MessageType"":""LocationInfoMessage"",""ProtocolHeadType"":19,""Imei"":""869487064485674"",""SerialNo"":28114,""Mileage"":5605857,""Date"":""2026-04-21T13:45:47Z"",""IopIgnition"":true,""Latitude"":4.6747126579284668,""Longitude"":-74.082527160644531,""Altitude"":2576.800048828125,""ExternalPowerVoltage"":27.55,""Rpm"":-999,""Speed"":16.0,""SatelliteNumber"":18,""Azimuth"":160,""BatteryLevel"":100}]",0x25251300596DD20869487064485674003C38402D000000645200000007000061000000FFFFFFFFFFFFFFFFFFFF00D5005589E100260421134547CD0C2145412A94C23F979540016000A003912755FFFFFF0000210000FFFFFF
2026-04-21 13:45:32.187,"[{""Protocol"":""0x2525"",""MessageType"":""LocationInfoMessage"",""ProtocolHeadType"":19,""Imei"":""869487064485674"",""SerialNo"":28115,""Mileage"":5605962,""Date"":""2026-04-21T13:46:08Z"",""IopIgnition"":true,""Latitude"":4.6741318702697754,""Longitude"":-74.081832885742188,""Altitude"":2571.89990234375,""ExternalPowerVoltage"":27.98,""Rpm"":-999,""Speed"":10.0,""SatelliteNumber"":18,""Azimuth"":214,""BatteryLevel"":100}]",0x25251300596DD30869487064485674003C38402D000000605200000007000061000000FFFFFFFFFFFFFFFFFFFF00D500558A4A0026042113460866BE2045E62994C27D929540010000D603912798FFFFFF0000210000FFFFFF
2026-04-21 13:46:12.756,"[{""Protocol"":""0x2525"",""MessageType"":""LocationInfoMessage"",""ProtocolHeadType"":19,""Imei"":""869487064485674"",""SerialNo"":28116,""Mileage"":5606088,""Date"":""2026-04-21T13:46:51Z"",""IopIgnition"":true,""Latitude"":4.6735024452209473,""Longitude"":-74.082763671875,""Altitude"":2575.199951171875,""ExternalPowerVoltage"":27.52,""Rpm"":-999,""Speed"":7.0,""SatelliteNumber"":18,""Azimuth"":289,""BatteryLevel"":100}]",0x25251300596DD40869487064485674003C38402D000000645200000007000061000000FFFFFFFFFFFFFFFFFFFF00D500558AC80026042113465133F32045602A94C2558D95400070012103912752FFFFFF0000210000FFFFFF
2026-04-21 13:46:57.940,"[{""Protocol"":""0x2525"",""MessageType"":""LocationAlarmMessage"",""ProtocolHeadType"":20,""Imei"":""869487064485674"",""SerialNo"":1059,""Mileage"":5606092,""Date"":""2026-04-21T13:47:36Z"",""IopIgnition"":false,""Latitude"":4.6735200881958008,""Longitude"":-74.082794189453125,""Altitude"":2575.60009765625,""ExternalPowerVoltage"":27.96,""Rpm"":-999,""Speed"":0.0,""SatelliteNumber"":16,""Azimuth"":319,""OriginalAlarmCode"":23}]",0x252514005904230869487064485674003C38402D000000605000000007000020000000FFFFFFFFFFFFFFFFFFFF17D500558ACC002604211347369AF92045642A94C27A8D95400000013F03912796FFFFFF0000210000FFFFFF
2026-04-21 13:57:55.371,"[{""Protocol"":""0x2525"",""MessageType"":""LocationAlarmMessage"",""ProtocolHeadType"":20,""Imei"":""869487064485674"",""SerialNo"":1060,""Mileage"":5606092,""Date"":""2026-04-21T13:58:33Z"",""IopIgnition"":true,""Latitude"":4.6735200881958008,""Longitude"":-74.082794189453125,""Altitude"":2575.60009765625,""ExternalPowerVoltage"":25.6,""Rpm"":-999,""Speed"":0.0,""SatelliteNumber"":17,""Azimuth"":319,""OriginalAlarmCode"":22}]",0x252514005904240869487064485674003C38402D0000005D5100000007000061000000FFFFFFFFFFFFFFFFFFFF16D500558ACC002604211358339AF92045642A94C27A8D95400000013F03912560FFFFFF0000200000FFFFFF
2026-04-21 13:58:55.181,"[{""Protocol"":""0x2525"",""MessageType"":""LocationInfoMessage"",""ProtocolHeadType"":19,""Imei"":""869487064485674"",""SerialNo"":28117,""Mileage"":5606092,""Date"":""2026-04-21T13:59:33Z"",""IopIgnition"":true,""Latitude"":4.6735200881958008,""Longitude"":-74.082794189453125,""Altitude"":2575.60009765625,""ExternalPowerVoltage"":27.99,""Rpm"":-999,""Speed"":0.0,""SatelliteNumber"":16,""Azimuth"":319,""BatteryLevel"":100}]",0x25251300596DD50869487064485674003C38402D000000605000000007000061000000FFFFFFFFFFFFFFFFFFFF00D500558ACC002604211359339AF92045642A94C27A8D95400000013F03912799FFFFFF0000200000FFFFFF
2026-04-21 13:59:56.055,"[{""Protocol"":""0x2525"",""MessageType"":""LocationInfoMessage"",""ProtocolHeadType"":19,""Imei"":""869487064485674"",""SerialNo"":28118,""Mileage"":5606092,""Date"":""2026-04-21T14:00:34Z"",""IopIgnition"":true,""Latitude"":4.6735200881958008,""Longitude"":-74.082794189453125,""Altitude"":2575.60009765625,""ExternalPowerVoltage"":27.93,""Rpm"":-999,""Speed"":0.0,""SatelliteNumber"":17,""Azimuth"":319,""BatteryLevel"":100}]",0x25251300596DD60869487064485674003C38402D000000605100000007000061000000FFFFFFFFFFFFFFFFFFFF00D500558ACC002604211400349AF92045642A94C27A8D95400000013F03912793FFFFFF0000200000FFFFFF
2026-04-21 13:59:57.734,"[{""Protocol"":""0x2525"",""MessageType"":""LocationInfoMessage"",""ProtocolHeadType"":19,""Imei"":""869487064485674"",""SerialNo"":28119,""Mileage"":5606111,""Date"":""2026-04-21T14:00:36Z"",""IopIgnition"":true,""Latitude"":4.6736407279968262,""Longitude"":-74.0829086303711,""Altitude"":2572.699951171875,""ExternalPowerVoltage"":28.01,""Rpm"":-999,""Speed"":5.0,""SatelliteNumber"":17,""Azimuth"":254,""BatteryLevel"":100}]",0x25251300596DD70869487064485674003C38402D000000605100000007000061000000FFFFFFFFFFFFFFFFFFFF00D500558ADF0026042114003633CB2045732A94C2778E9540005000FE03912801FFFFFF0000200000FFFFFF
2026-04-21 14:00:19.965,"[{""Protocol"":""0x2525"",""MessageType"":""LocationInfoMessage"",""ProtocolHeadType"":19,""Imei"":""869487064485674"",""SerialNo"":28120,""Mileage"":5606154,""Date"":""2026-04-21T14:00:58Z"",""IopIgnition"":true,""Latitude"":4.6736998558044434,""Longitude"":-74.083251953125,""Altitude"":2569.39990234375,""ExternalPowerVoltage"":28.21,""Rpm"":-999,""Speed"":18.0,""SatelliteNumber"":18,""Azimuth"":318,""BatteryLevel"":100}]",0x25251300596DD80869487064485674003C38402D000000645200000007000061000000FFFFFFFFFFFFFFFFFFFF00D500558B0A0026042114005866962045A02A94C2F38E95400180013E03912821FFFFFF0000210000FFFFFF
2026-04-21 14:01:55.739,"[{""Protocol"":""0x2525"",""MessageType"":""LocationInfoMessage"",""ProtocolHeadType"":19,""Imei"":""869487064485674"",""SerialNo"":28121,""Mileage"":5606587,""Date"":""2026-04-21T14:02:34Z"",""IopIgnition"":true,""Latitude"":4.6769042015075684,""Longitude"":-74.085464477539063,""Altitude"":2568.5,""ExternalPowerVoltage"":28.25,""Rpm"":-999,""Speed"":44.0,""SatelliteNumber"":16,""Azimuth"":325,""BatteryLevel"":100}]",0x25251300596DD90869487064485674003C38402D000000595000000007000061000000FFFFFFFFFFFFFFFFFFFF00D500558CBB0026042114023400882045C22B94C233A995400440014503912825FFFFFF0000200000FFFFFF
2026-04-21 14:02:55.517,"[{""Protocol"":""0x2525"",""MessageType"":""LocationInfoMessage"",""ProtocolHeadType"":19,""Imei"":""869487064485674"",""SerialNo"":28122,""Mileage"":5607038,""Date"":""2026-04-21T14:03:34Z"",""IopIgnition"":true,""Latitude"":4.6801185607910156,""Longitude"":-74.087928771972656,""Altitude"":2565.10009765625,""ExternalPowerVoltage"":28.06,""Rpm"":-999,""Speed"":0.0,""SatelliteNumber"":13,""Azimuth"":314,""BatteryLevel"":100}]",0x25251300596DDA0869487064485674003C38402D000000644D00000007000061000000FFFFFFFFFFFFFFFFFFFF00D500558E7E002604211403349A512045052D94C288C395400000013A03912806FFFFFF0000210000FFFFFF
2026-04-21 14:03:16.787,"[{""Protocol"":""0x2525"",""MessageType"":""LocationInfoMessage"",""ProtocolHeadType"":19,""Imei"":""869487064485674"",""SerialNo"":28123,""Mileage"":5607107,""Date"":""2026-04-21T14:03:55Z"",""IopIgnition"":true,""Latitude"":4.6805996894836426,""Longitude"":-74.088264465332031,""Altitude"":2566.5,""ExternalPowerVoltage"":28.07,""Rpm"":-999,""Speed"":10.0,""SatelliteNumber"":15,""Azimuth"":56,""BatteryLevel"":100}]",0x25251300596DDB0869487064485674003C38402D000000644F00000007000061000000FFFFFFFFFFFFFFFFFFFF00D500558EC30026042114035500682045312D94C279C795400100003803912807FFFFFF0000210000FFFFFF
2026-04-21 14:04:55.598,"[{""Protocol"":""0x2525"",""MessageType"":""LocationInfoMessage"",""ProtocolHeadType"":19,""Imei"":""869487064485674"",""SerialNo"":28124,""Mileage"":5607657,""Date"":""2026-04-21T14:05:34Z"",""IopIgnition"":true,""Latitude"":4.6836376190185547,""Longitude"":-74.084365844726563,""Altitude"":2580.60009765625,""ExternalPowerVoltage"":28.2,""Rpm"":-999,""Speed"":24.0,""SatelliteNumber"":16,""Azimuth"":52,""BatteryLevel"":100}]",0x25251300596DDC0869487064485674003C38402D000000595000000007000061000000FFFFFFFFFFFFFFFFFFFF00D5005590E9002604211405349A492145322B94C25CE095400240003403912820FFFFFF0000210000FFFFFF
2026-04-21 14:05:13.137,"[{""Protocol"":""0x2525"",""MessageType"":""LocationInfoMessage"",""ProtocolHeadType"":19,""Imei"":""869487064485674"",""SerialNo"":28125,""Mileage"":5607728,""Date"":""2026-04-21T14:05:49Z"",""IopIgnition"":true,""Latitude"":4.6840710639953613,""Longitude"":-74.083915710449219,""Altitude"":2579.0,""ExternalPowerVoltage"":28.17,""Rpm"":-999,""Speed"":13.0,""SatelliteNumber"":15,""Azimuth"":324,""BatteryLevel"":100}]",0x25251300596DDD0869487064485674003C38402D000000564F00000007000061000000FFFFFFFFFFFFFFFFFFFF00D5005591300026042114054900302145F72A94C2E9E395400130014403912817FFFFFF0000230000FFFFFF
2026-04-21 14:06:26.736,"[{""Protocol"":""0x2525"",""MessageType"":""LocationInfoMessage"",""ProtocolHeadType"":19,""Imei"":""869487064485674"",""SerialNo"":28126,""Mileage"":5608008,""Date"":""2026-04-21T14:07:05Z"",""IopIgnition"":true,""Latitude"":4.6860222816467285,""Longitude"":-74.085464477539063,""Altitude"":2573.39990234375,""ExternalPowerVoltage"":28.19,""Rpm"":-999,""Speed"":11.0,""SatelliteNumber"":17,""Azimuth"":47,""BatteryLevel"":100}]",0x25251300596DDE0869487064485674003C38402D000000645100000007000061000000FFFFFFFFFFFFFFFFFFFF00D5005592480026042114070566D62045C22B94C2E5F395400110002F03912819FFFFFF0000210000FFFFFF
2026-04-21 14:07:55.541,"[{""Protocol"":""0x2525"",""MessageType"":""LocationInfoMessage"",""ProtocolHeadType"":19,""Imei"":""869487064485674"",""SerialNo"":28127,""Mileage"":5608280,""Date"":""2026-04-21T14:08:34Z"",""IopIgnition"":true,""Latitude"":4.6875171661376953,""Longitude"":-74.083526611328125,""Altitude"":2573.39990234375,""ExternalPowerVoltage"":27.92,""Rpm"":-999,""Speed"":0.0,""SatelliteNumber"":16,""Azimuth"":52,""BatteryLevel"":100}]",0x25251300596DDF0869487064485674003C38402D000000485000000007000061000000FFFFFFFFFFFFFFFFFFFF00D5005593580026042114083466D62045C42A94C2240096400000003403912792FFFFFF0000210000FFFFFF
2026-04-21 14:08:55.340,"[{""Protocol"":""0x2525"",""MessageType"":""LocationInfoMessage"",""ProtocolHeadType"":19,""Imei"":""869487064485674"",""SerialNo"":28128,""Mileage"":5608361,""Date"":""2026-04-21T14:09:34Z"",""IopIgnition"":true,""Latitude"":4.6879863739013672,""Longitude"":-74.082969665527344,""Altitude"":2574.0,""ExternalPowerVoltage"":28.0,""Rpm"":-999,""Speed"":0.0,""SatelliteNumber"":16,""Azimuth"":51,""BatteryLevel"":100}]",0x25251300596DE00869487064485674003C38402D000000525000000007000061000000FFFFFFFFFFFFFFFFFFFF00D5005593A90026042114093400E020457B2A94C2FC0396400000003303912800FFFFFF0000210000FFFFFF
2026-04-21 14:09:55.149,"[{""Protocol"":""0x2525"",""MessageType"":""LocationInfoMessage"",""ProtocolHeadType"":19,""Imei"":""869487064485674"",""SerialNo"":28129,""Mileage"":5608361,""Date"":""2026-04-21T14:10:33Z"",""IopIgnition"":true,""Latitude"":4.6879863739013672,""Longitude"":-74.082969665527344,""Altitude"":2574.0,""ExternalPowerVoltage"":28.01,""Rpm"":-999,""Speed"":0.0,""SatelliteNumber"":15,""Azimuth"":51,""BatteryLevel"":100}]",0x25251300596DE10869487064485674003C38402D000000524F00000007000061000000FFFFFFFFFFFFFFFFFFFF00D5005593A90026042114103300E020457B2A94C2FC0396400000003303912801FFFFFF0000220000FFFFFF
2026-04-21 14:10:56.006,"[{""Protocol"":""0x2525"",""MessageType"":""LocationInfoMessage"",""ProtocolHeadType"":19,""Imei"":""869487064485674"",""SerialNo"":28130,""Mileage"":5608626,""Date"":""2026-04-21T14:11:34Z"",""IopIgnition"":true,""Latitude"":4.6894698143005371,""Longitude"":-74.081100463867188,""Altitude"":2566.699951171875,""ExternalPowerVoltage"":28.14,""Rpm"":-999,""Speed"":23.0,""SatelliteNumber"":17,""Azimuth"":51,""BatteryLevel"":100}]",0x25251300596DE20869487064485674003C38402D0000004F5100000007000061000000FFFFFFFFFFFFFFFFFFFF00D5005594B200260421141134336B2045862994C2231096400230003303912814FFFFFF0000220000FFFFFF
2026-04-21 14:11:15.817,"[{""Protocol"":""0x2525"",""MessageType"":""LocationInfoMessage"",""ProtocolHeadType"":19,""Imei"":""869487064485674"",""SerialNo"":28131,""Mileage"":5608673,""Date"":""2026-04-21T14:11:54Z"",""IopIgnition"":true,""Latitude"":4.6897478103637695,""Longitude"":-74.0807876586914,""Altitude"":2564.39990234375,""ExternalPowerVoltage"":28.27,""Rpm"":-999,""Speed"":15.0,""SatelliteNumber"":18,""Azimuth"":357,""BatteryLevel"":100}]",0x25251300596DE30869487064485674003C38402D000000565200000007000061000000FFFFFFFFFFFFFFFFFFFF00D5005594E100260421141154664620455D2994C26A1296400150016503912827FFFFFF0000210000FFFFFF
2026-04-21 14:11:30.769,"[{""Protocol"":""0x2525"",""MessageType"":""LocationInfoMessage"",""ProtocolHeadType"":19,""Imei"":""869487064485674"",""SerialNo"":28132,""Mileage"":5608788,""Date"":""2026-04-21T14:12:09Z"",""IopIgnition"":true,""Latitude"":4.6906704902648926,""Longitude"":-74.081130981445313,""Altitude"":2564.10009765625,""ExternalPowerVoltage"":28.12,""Rpm"":-999,""Speed"":21.0,""SatelliteNumber"":18,""Azimuth"":50,""BatteryLevel"":100}]",0x25251300596DE40869487064485674003C38402D000000595200000007000061000000FFFFFFFFFFFFFFFFFFFF00D500559554002604211412099A4120458A2994C2F91996400210003203912812FFFFFF0000240000FFFFFF
2026-04-21 14:11:39.749,"[{""Protocol"":""0x2525"",""MessageType"":""LocationInfoMessage"",""ProtocolHeadType"":19,""Imei"":""869487064485674"",""SerialNo"":28133,""Mileage"":5608843,""Date"":""2026-04-21T14:12:18Z"",""IopIgnition"":true,""Latitude"":4.6907353401184082,""Longitude"":-74.080650329589844,""Altitude"":2564.60009765625,""ExternalPowerVoltage"":28.11,""Rpm"":-999,""Speed"":15.0,""SatelliteNumber"":18,""Azimuth"":102,""BatteryLevel"":100}]",0x25251300596DE50869487064485674003C38402D000000645200000007000061000000FFFFFFFFFFFFFFFFFFFF00D50055958B002604211412189A4920454B2994C2811A96400150006603912811FFFFFF0000240000FFFFFF
2026-04-21 14:11:42.669,"[{""Protocol"":""0x2525"",""MessageType"":""LocationInfoMessage"",""ProtocolHeadType"":19,""Imei"":""869487064485674"",""SerialNo"":28134,""Mileage"":5608859,""Date"":""2026-04-21T14:12:21Z"",""IopIgnition"":true,""Latitude"":4.6906399726867676,""Longitude"":-74.0805435180664,""Altitude"":2563.39990234375,""ExternalPowerVoltage"":28.12,""Rpm"":-999,""Speed"":22.0,""SatelliteNumber"":18,""Azimuth"":150,""BatteryLevel"":100}]",0x25251300596DE60869487064485674003C38402D000000645200000007000061000000FFFFFFFFFFFFFFFFFFFF00D50055959B00260421141221663620453D2994C2B91996400220009603912812FFFFFF0000240000FFFFFF
2026-04-21 14:11:49.673,"[{""Protocol"":""0x2525"",""MessageType"":""LocationInfoMessage"",""ProtocolHeadType"":19,""Imei"":""869487064485674"",""SerialNo"":28135,""Mileage"":5608908,""Date"":""2026-04-21T14:12:28Z"",""IopIgnition"":true,""Latitude"":4.6902947425842285,""Longitude"":-74.080291748046875,""Altitude"":2560.300048828125,""ExternalPowerVoltage"":28.15,""Rpm"":-999,""Speed"":19.0,""SatelliteNumber"":18,""Azimuth"":101,""BatteryLevel"":100}]",0x25251300596DE70869487064485674003C38402D000000605200000007000061000000FFFFFFFFFFFFFFFFFFFF00D5005595CC00260421141228CD0420451C2994C2E51696400190006503912815FFFFFF0000250000FFFFFF
2026-04-21 14:11:51.673,"[{""Protocol"":""0x2525"",""MessageType"":""LocationInfoMessage"",""ProtocolHeadType"":19,""Imei"":""869487064485674"",""SerialNo"":28136,""Mileage"":5608918,""Date"":""2026-04-21T14:12:30Z"",""IopIgnition"":true,""Latitude"":4.6903190612792969,""Longitude"":-74.0802001953125,""Altitude"":2558.89990234375,""ExternalPowerVoltage"":28.14,""Rpm"":-999,""Speed"":19.0,""SatelliteNumber"":18,""Azimuth"":44,""BatteryLevel"":100}]",0x25251300596DE80869487064485674003C38402D000000605200000007000061000000FFFFFFFFFFFFFFFFFFFF00D5005595D60026042114123066EE1F45102994C2181796400190002C03912814FFFFFF0000250000FFFFFF
2026-04-21 14:12:55.586,"[{""Protocol"":""0x2525"",""MessageType"":""LocationInfoMessage"",""ProtocolHeadType"":19,""Imei"":""869487064485674"",""SerialNo"":28137,""Mileage"":5609309,""Date"":""2026-04-21T14:13:34Z"",""IopIgnition"":true,""Latitude"":4.6925439834594727,""Longitude"":-74.077529907226563,""Altitude"":2569.60009765625,""ExternalPowerVoltage"":28.04,""Rpm"":-999,""Speed"":0.0,""SatelliteNumber"":15,""Azimuth"":54,""BatteryLevel"":100}]",0x25251300596DE90869487064485674003C38402D000000644F00000007000061000000FFFFFFFFFFFFFFFFFFFF00D50055975D002604211413349A992045B22794C2522996400000003603912804FFFFFF0000220000FFFFFF
2026-04-21 14:13:55.351,"[{""Protocol"":""0x2525"",""MessageType"":""LocationInfoMessage"",""ProtocolHeadType"":19,""Imei"":""869487064485674"",""SerialNo"":28138,""Mileage"":5609551,""Date"":""2026-04-21T14:14:34Z"",""IopIgnition"":true,""Latitude"":4.6937851905822754,""Longitude"":-74.07574462890625,""Altitude"":2576.89990234375,""ExternalPowerVoltage"":28.49,""Rpm"":-999,""Speed"":37.0,""SatelliteNumber"":17,""Azimuth"":51,""BatteryLevel"":100}]",0x25251300596DEA0869487064485674003C38402D0000005D5100000007000061000000FFFFFFFFFFFFFFFFFFFF00D50055984F00260421141434660E2145C82694C27D3396400370003303912849FFFFFF0000230000FFFFFF
2026-04-21 14:14:55.152,"[{""Protocol"":""0x2525"",""MessageType"":""LocationInfoMessage"",""ProtocolHeadType"":19,""Imei"":""869487064485674"",""SerialNo"":28139,""Mileage"":5609852,""Date"":""2026-04-21T14:15:33Z"",""IopIgnition"":true,""Latitude"":4.69542121887207,""Longitude"":-74.0735855102539,""Altitude"":2571.10009765625,""ExternalPowerVoltage"":28.01,""Rpm"":-999,""Speed"":0.0,""SatelliteNumber"":18,""Azimuth"":55,""BatteryLevel"":100}]",0x25251300596DEB0869487064485674003C38402D000000565200000007000061000000FFFFFFFFFFFFFFFFFFFF00D50055997C002604211415339AB12045AD2594C2E44096400000003703912801FFFFFF0000240000FFFFFF
2026-04-21 14:15:55.994,"[{""Protocol"":""0x2525"",""MessageType"":""LocationInfoMessage"",""ProtocolHeadType"":19,""Imei"":""869487064485674"",""SerialNo"":28140,""Mileage"":5610097,""Date"":""2026-04-21T14:16:34Z"",""IopIgnition"":true,""Latitude"":4.6967177391052246,""Longitude"":-74.0718002319336,""Altitude"":2571.10009765625,""ExternalPowerVoltage"":29.12,""Rpm"":-999,""Speed"":27.0,""SatelliteNumber"":19,""Azimuth"":55,""BatteryLevel"":100}]",0x25251300596DEC0869487064485674003C38402D000000525300000007000061000000FFFFFFFFFFFFFFFFFFFF00D500559A71002604211416349AB12045C32494C2834B96400270003703912912FFFFFF0000230000FFFFFF
2026-04-21 14:16:37.744,"[{""Protocol"":""0x2525"",""MessageType"":""LocationInfoMessage"",""ProtocolHeadType"":19,""Imei"":""869487064485674"",""SerialNo"":28141,""Mileage"":5610427,""Date"":""2026-04-21T14:17:16Z"",""IopIgnition"":true,""Latitude"":4.6985301971435547,""Longitude"":-74.0694808959961,""Altitude"":2567.699951171875,""ExternalPowerVoltage"":28.84,""Rpm"":-999,""Speed"":18.0,""SatelliteNumber"":19,""Azimuth"":346,""BatteryLevel"":100}]",0x25251300596DED0869487064485674003C38402D000000645300000007000061000000FFFFFFFFFFFFFFFFFFFF00D500559BBB00260421141716337B2045932394C25C5A96400180015A03912884FFFFFF0000250000FFFFFF
2026-04-21 14:17:55.585,"[{""Protocol"":""0x2525"",""MessageType"":""LocationInfoMessage"",""ProtocolHeadType"":19,""Imei"":""869487064485674"",""SerialNo"":28142,""Mileage"":5611191,""Date"":""2026-04-21T14:18:34Z"",""IopIgnition"":true,""Latitude"":4.7052168846130371,""Longitude"":-74.070770263671875,""Altitude"":2574.0,""ExternalPowerVoltage"":28.55,""Rpm"":-999,""Speed"":21.0,""SatelliteNumber"":19,""Azimuth"":352,""BatteryLevel"":100}]",0x25251300596DEE0869487064485674003C38402D000000645300000007000061000000FFFFFFFFFFFFFFFFFFFF00D500559EB70026042114183400E020453C2494C2239196400210016003912855FFFFFF0000240000FFFFFF
2026-04-21 14:18:55.352,"[{""Protocol"":""0x2525"",""MessageType"":""LocationInfoMessage"",""ProtocolHeadType"":19,""Imei"":""869487064485674"",""SerialNo"":28143,""Mileage"":5611534,""Date"":""2026-04-21T14:19:34Z"",""IopIgnition"":true,""Latitude"":4.7082123756408691,""Longitude"":-74.07147216796875,""Altitude"":2572.199951171875,""ExternalPowerVoltage"":28.29,""Rpm"":-999,""Speed"":33.0,""SatelliteNumber"":19,""Azimuth"":347,""BatteryLevel"":100}]",0x25251300596DEF0869487064485674003C38402D000000605300000007000061000000FFFFFFFFFFFFFFFFFFFF00D50055A00E0026042114193433C32045982494C2ADA996400330015B03912829FFFFFF0000240000FFFFFF
2026-04-21 14:19:55.163,"[{""Protocol"":""0x2525"",""MessageType"":""LocationInfoMessage"",""ProtocolHeadType"":19,""Imei"":""869487064485674"",""SerialNo"":28144,""Mileage"":5611970,""Date"":""2026-04-21T14:20:33Z"",""IopIgnition"":true,""Latitude"":4.71204948425293,""Longitude"":-74.07220458984375,""Altitude"":2570.10009765625,""ExternalPowerVoltage"":28.31,""Rpm"":-999,""Speed"":34.0,""SatelliteNumber"":18,""Azimuth"":348,""BatteryLevel"":100}]",0x25251300596DF00869487064485674003C38402D000000595200000007000061000000FFFFFFFFFFFFFFFFFFFF00D50055A1C2002604211420339AA12045F82494C21CC996400340015C03912831FFFFFF0000240000FFFFFF
2026-04-21 14:20:56.029,"[{""Protocol"":""0x2525"",""MessageType"":""LocationInfoMessage"",""ProtocolHeadType"":19,""Imei"":""869487064485674"",""SerialNo"":28145,""Mileage"":5612686,""Date"":""2026-04-21T14:21:34Z"",""IopIgnition"":true,""Latitude"":4.7182979583740234,""Longitude"":-74.073738098144531,""Altitude"":2576.699951171875,""ExternalPowerVoltage"":28.3,""Rpm"":-999,""Speed"":46.0,""SatelliteNumber"":19,""Azimuth"":346,""BatteryLevel"":100}]",0x25251300596DF10869487064485674003C38402D000000415300000007000061000000FFFFFFFFFFFFFFFFFFFF00D50055A48E00260421142134330B2145C12594C24CFC96400460015A03912830FFFFFF0000250000FFFFFF
2026-04-21 14:21:55.908,"[{""Protocol"":""0x2525"",""MessageType"":""LocationInfoMessage"",""ProtocolHeadType"":19,""Imei"":""869487064485674"",""SerialNo"":28146,""Mileage"":5613411,""Date"":""2026-04-21T14:22:34Z"",""IopIgnition"":true,""Latitude"":4.7246184349060059,""Longitude"":-74.074714660644531,""Altitude"":2599.300048828125,""ExternalPowerVoltage"":28.29,""Rpm"":-999,""Speed"":41.0,""SatelliteNumber"":18,""Azimuth"":0,""BatteryLevel"":100}]",0x25251300596DF20869487064485674003C38402D000000485200000007000061000000FFFFFFFFFFFFFFFFFFFF00D50055A76300260421142234CD742245412694C2133097400410000003912829FFFFFF0000280000FFFFFF
2026-04-21 14:22:55.604,"[{""Protocol"":""0x2525"",""MessageType"":""LocationInfoMessage"",""ProtocolHeadType"":19,""Imei"":""869487064485674"",""SerialNo"":28147,""Mileage"":5613968,""Date"":""2026-04-21T14:23:34Z"",""IopIgnition"":true,""Latitude"":4.7296175956726074,""Longitude"":-74.074577331542969,""Altitude"":2604.10009765625,""ExternalPowerVoltage"":28.25,""Rpm"":-999,""Speed"":44.0,""SatelliteNumber"":18,""Azimuth"":357,""BatteryLevel"":100}]",0x25251300596DF30869487064485674003C38402D000000485200000007000061000000FFFFFFFFFFFFFFFFFFFF00D50055A990002604211423349AC122452F2694C2075997400440016503912825FFFFFF0000240000FFFFFF
2026-04-21 14:23:25.736,"[{""Protocol"":""0x2525"",""MessageType"":""LocationInfoMessage"",""ProtocolHeadType"":19,""Imei"":""869487064485674"",""SerialNo"":28148,""Mileage"":5614341,""Date"":""2026-04-21T14:24:04Z"",""IopIgnition"":true,""Latitude"":4.7328391075134277,""Longitude"":-74.075325012207031,""Altitude"":2611.0,""ExternalPowerVoltage"":28.36,""Rpm"":-999,""Speed"":39.0,""SatelliteNumber"":19,""Azimuth"":309,""BatteryLevel"":100}]",0x25251300596DF40869487064485674003C38402D000000645300000007000061000000FFFFFFFFFFFFFFFFFFFF00D50055AB050026042114240400302345912694C26B7397400390013503912836FFFFFF0000250000FFFFFF
2026-04-21 14:24:55.551,"[{""Protocol"":""0x2525"",""MessageType"":""LocationInfoMessage"",""ProtocolHeadType"":19,""Imei"":""869487064485674"",""SerialNo"":28149,""Mileage"":5615209,""Date"":""2026-04-21T14:25:34Z"",""IopIgnition"":true,""Latitude"":4.7364983558654785,""Longitude"":-74.081985473632813,""Altitude"":2601.60009765625,""ExternalPowerVoltage"":28.25,""Rpm"":-999,""Speed"":44.0,""SatelliteNumber"":19,""Azimuth"":323,""BatteryLevel"":100}]",0x25251300596DF50869487064485674003C38402D000000595300000007000061000000FFFFFFFFFFFFFFFFFFFF00D50055AE69002604211425349A992245FA2994C2659197400440014303912825FFFFFF0000250000FFFFFF
2026-04-21 14:25:55.371,"[{""Protocol"":""0x2525"",""MessageType"":""LocationInfoMessage"",""ProtocolHeadType"":19,""Imei"":""869487064485674"",""SerialNo"":28150,""Mileage"":5615706,""Date"":""2026-04-21T14:26:34Z"",""IopIgnition"":true,""Latitude"":4.7382469177246094,""Longitude"":-74.085990905761719,""Altitude"":2578.0,""ExternalPowerVoltage"":27.83,""Rpm"":-999,""Speed"":20.0,""SatelliteNumber"":18,""Azimuth"":290,""BatteryLevel"":100}]",0x25251300596DF60869487064485674003C38402D000000645200000007000061000000FFFFFFFFFFFFFFFFFFFF00D50055B05A0026042114263400202145072C94C2B89F97400200012203912783FFFFFF0000250000FFFFFF
2026-04-21 14:26:55.177,"[{""Protocol"":""0x2525"",""MessageType"":""LocationInfoMessage"",""ProtocolHeadType"":19,""Imei"":""869487064485674"",""SerialNo"":28151,""Mileage"":5615945,""Date"":""2026-04-21T14:27:33Z"",""IopIgnition"":true,""Latitude"":4.7396750450134277,""Longitude"":-74.08758544921875,""Altitude"":2577.0,""ExternalPowerVoltage"":28.07,""Rpm"":-999,""Speed"":0.0,""SatelliteNumber"":18,""Azimuth"":317,""BatteryLevel"":100}]",0x25251300596DF70869487064485674003C38402D000000645200000007000061000000FFFFFFFFFFFFFFFFFFFF00D50055B1490026042114273300102145D82C94C26BAB97400000013D03912807FFFFFF0000250000FFFFFF
2026-04-21 14:27:56.025,"[{""Protocol"":""0x2525"",""MessageType"":""LocationInfoMessage"",""ProtocolHeadType"":19,""Imei"":""869487064485674"",""SerialNo"":28152,""Mileage"":5616061,""Date"":""2026-04-21T14:28:34Z"",""IopIgnition"":true,""Latitude"":4.7404136657714844,""Longitude"":-74.088325500488281,""Altitude"":2577.60009765625,""ExternalPowerVoltage"":27.93,""Rpm"":-999,""Speed"":15.0,""SatelliteNumber"":18,""Azimuth"":313,""BatteryLevel"":100}]",0x25251300596DF80869487064485674003C38402D000000645200000007000061000000FFFFFFFFFFFFFFFFFFFF00D50055B1BD002604211428349A192145392D94C278B197400150013903912793FFFFFF0000250000FFFFFF
2026-04-21 14:28:55.797,"[{""Protocol"":""0x2525"",""MessageType"":""LocationInfoMessage"",""ProtocolHeadType"":19,""Imei"":""869487064485674"",""SerialNo"":28153,""Mileage"":5616232,""Date"":""2026-04-21T14:29:34Z"",""IopIgnition"":true,""Latitude"":4.7414693832397461,""Longitude"":-74.089439392089844,""Altitude"":2576.300048828125,""ExternalPowerVoltage"":28.23,""Rpm"":-999,""Speed"":35.0,""SatelliteNumber"":19,""Azimuth"":304,""BatteryLevel"":100}]",0x25251300596DF90869487064485674003C38402D000000645300000007000061000000FFFFFFFFFFFFFFFFFFFF00D50055B26800260421142934CD042145CB2D94C21EBA97400350013003912823FFFFFF0000250000FFFFFF
2026-04-21 14:29:55.597,"[{""Protocol"":""0x2525"",""MessageType"":""LocationInfoMessage"",""ProtocolHeadType"":19,""Imei"":""869487064485674"",""SerialNo"":28154,""Mileage"":5616704,""Date"":""2026-04-21T14:30:34Z"",""IopIgnition"":true,""Latitude"":4.744074821472168,""Longitude"":-74.0927963256836,""Altitude"":2572.800048828125,""ExternalPowerVoltage"":27.98,""Rpm"":-999,""Speed"":10.0,""SatelliteNumber"":18,""Azimuth"":305,""BatteryLevel"":100}]",0x25251300596DFA0869487064485674003C38402D000000645200000007000061000000FFFFFFFFFFFFFFFFFFFF00D50055B44000260421143034CDCC2045832F94C276CF97400100013103912798FFFFFF0000250000FFFFFF
2026-04-21 14:30:55.384,"[{""Protocol"":""0x2525"",""MessageType"":""LocationInfoMessage"",""ProtocolHeadType"":19,""Imei"":""869487064485674"",""SerialNo"":28155,""Mileage"":5616881,""Date"":""2026-04-21T14:31:34Z"",""IopIgnition"":true,""Latitude"":4.7450046539306641,""Longitude"":-74.094085693359375,""Altitude"":2572.800048828125,""ExternalPowerVoltage"":27.91,""Rpm"":-999,""Speed"":12.0,""SatelliteNumber"":18,""Azimuth"":304,""BatteryLevel"":100}]",0x25251300596DFB0869487064485674003C38402D000000645200000007000061000000FFFFFFFFFFFFFFFFFFFF00D50055B4F100260421143134CDCC20452C3094C214D797400120013003912791FFFFFF0000250000FFFFFF
2026-04-21 14:31:55.192,"[{""Protocol"":""0x2525"",""MessageType"":""LocationInfoMessage"",""ProtocolHeadType"":19,""Imei"":""869487064485674"",""SerialNo"":28156,""Mileage"":5616992,""Date"":""2026-04-21T14:32:33Z"",""IopIgnition"":true,""Latitude"":4.745603084564209,""Longitude"":-74.094886779785156,""Altitude"":2571.199951171875,""ExternalPowerVoltage"":28.02,""Rpm"":-999,""Speed"":0.0,""SatelliteNumber"":19,""Azimuth"":307,""BatteryLevel"":100}]",0x25251300596DFC0869487064485674003C38402D000000645300000007000061000000FFFFFFFFFFFFFFFFFFFF00D50055B5600026042114323333B32045953094C2FBDB97400000013303912802FFFFFF0000250000FFFFFF
2026-04-21 14:32:56.012,"[{""Protocol"":""0x2525"",""MessageType"":""LocationInfoMessage"",""ProtocolHeadType"":19,""Imei"":""869487064485674"",""SerialNo"":28157,""Mileage"":5617038,""Date"":""2026-04-21T14:33:34Z"",""IopIgnition"":true,""Latitude"":4.7459044456481934,""Longitude"":-74.095161437988281,""Altitude"":2572.0,""ExternalPowerVoltage"":28.14,""Rpm"":-999,""Speed"":9.0,""SatelliteNumber"":19,""Azimuth"":314,""BatteryLevel"":100}]",0x25251300596DFD0869487064485674003C38402D000000645300000007000061000000FFFFFFFFFFFFFFFFFFFF00D50055B58E0026042114333400C02045B93094C273DE97400090013A03912814FFFFFF0000250000FFFFFF
2026-04-21 14:33:55.795,"[{""Protocol"":""0x2525"",""MessageType"":""LocationInfoMessage"",""ProtocolHeadType"":19,""Imei"":""869487064485674"",""SerialNo"":28158,""Mileage"":5617734,""Date"":""2026-04-21T14:34:34Z"",""IopIgnition"":true,""Latitude"":4.7490849494934082,""Longitude"":-74.100532531738281,""Altitude"":2568.89990234375,""ExternalPowerVoltage"":28.31,""Rpm"":-999,""Speed"":55.0,""SatelliteNumber"":19,""Azimuth"":295,""BatteryLevel"":100}]",0x25251300596DFE0869487064485674003C38402D000000645300000007000061000000FFFFFFFFFFFFFFFFFFFF00D50055B84600260421143434668E2045793394C281F897400550012703912831FFFFFF0000260000FFFFFF
2026-04-21 14:34:55.612,"[{""Protocol"":""0x2525"",""MessageType"":""LocationInfoMessage"",""ProtocolHeadType"":19,""Imei"":""869487064485674"",""SerialNo"":28159,""Mileage"":5618192,""Date"":""2026-04-21T14:35:34Z"",""IopIgnition"":true,""Latitude"":4.7509231567382813,""Longitude"":-74.104217529296875,""Altitude"":2563.39990234375,""ExternalPowerVoltage"":27.96,""Rpm"":-999,""Speed"":0.0,""SatelliteNumber"":17,""Azimuth"":296,""BatteryLevel"":100}]",0x25251300596DFF0869487064485674003C38402D0000004B5100000007000061000000FFFFFFFFFFFFFFFFFFFF00D50055BA1000260421143534663620455C3594C2900798400000012803912796FFFFFF0000250000FFFFFF
2026-04-21 14:35:22.755,"[{""Protocol"":""0x2525"",""MessageType"":""LocationInfoMessage"",""ProtocolHeadType"":19,""Imei"":""869487064485674"",""SerialNo"":28160,""Mileage"":5618223,""Date"":""2026-04-21T14:36:01Z"",""IopIgnition"":true,""Latitude"":4.7510061264038086,""Longitude"":-74.104484558105469,""Altitude"":2564.5,""ExternalPowerVoltage"":27.89,""Rpm"":-999,""Speed"":11.0,""SatelliteNumber"":18,""Azimuth"":249,""BatteryLevel"":100}]",0x25251300596E000869487064485674003C38402D0000005D5200000007000061000000FFFFFFFFFFFFFFFFFFFF00D50055BA2F00260421143601004820457F3594C23E089840011000F903912789FFFFFF0000250000FFFFFF
2026-04-21 14:36:55.562,"[{""Protocol"":""0x2525"",""MessageType"":""LocationInfoMessage"",""ProtocolHeadType"":19,""Imei"":""869487064485674"",""SerialNo"":28161,""Mileage"":5618519,""Date"":""2026-04-21T14:37:34Z"",""IopIgnition"":true,""Latitude"":4.7487773895263672,""Longitude"":-74.105918884277344,""Altitude"":2570.60009765625,""ExternalPowerVoltage"":28.15,""Rpm"":-999,""Speed"":18.0,""SatelliteNumber"":19,""Azimuth"":212,""BatteryLevel"":100}]",0x25251300596E010869487064485674003C38402D000000525300000007000061000000FFFFFFFFFFFFFFFFFFFF00D50055BB57002604211437349AA920453B3694C2FCF59740018000D403912815FFFFFF0000250000FFFFFF
2026-04-21 14:37:55.347,"[{""Protocol"":""0x2525"",""MessageType"":""LocationInfoMessage"",""ProtocolHeadType"":19,""Imei"":""869487064485674"",""SerialNo"":28162,""Mileage"":5618916,""Date"":""2026-04-21T14:38:34Z"",""IopIgnition"":true,""Latitude"":4.745762825012207,""Longitude"":-74.107833862304688,""Altitude"":2565.5,""ExternalPowerVoltage"":27.99,""Rpm"":-999,""Speed"":0.0,""SatelliteNumber"":18,""Azimuth"":212,""BatteryLevel"":100}]",0x25251300596E020869487064485674003C38402D0000004F5200000007000061000000FFFFFFFFFFFFFFFFFFFF00D50055BCE40026042114383400582045363794C24ADD9740000000D403912799FFFFFF0000250000FFFFFF
2026-04-21 14:38:45.896,"[{""Protocol"":""0x2525"",""MessageType"":""LocationInfoMessage"",""ProtocolHeadType"":19,""Imei"":""869487064485674"",""SerialNo"":28163,""Mileage"":5618989,""Date"":""2026-04-21T14:39:24Z"",""IopIgnition"":true,""Latitude"":4.74537992477417,""Longitude"":-74.108352661132813,""Altitude"":2563.800048828125,""ExternalPowerVoltage"":28.38,""Rpm"":-999,""Speed"":16.0,""SatelliteNumber"":18,""Azimuth"":282,""BatteryLevel"":100}]",0x25251300596E030869487064485674003C38402D0000004F5200000007000061000000FFFFFFFFFFFFFFFFFFFF00D50055BD2D00260421143924CD3C20457A3794C227DA97400160011A03912838FFFFFF0000260000FFFFFF
2026-04-21 14:39:55.641,"[{""Protocol"":""0x2525"",""MessageType"":""LocationInfoMessage"",""ProtocolHeadType"":19,""Imei"":""869487064485674"",""SerialNo"":28164,""Mileage"":5619181,""Date"":""2026-04-21T14:40:34Z"",""IopIgnition"":true,""Latitude"":4.7458844184875488,""Longitude"":-74.110000610351563,""Altitude"":2563.5,""ExternalPowerVoltage"":28.12,""Rpm"":-999,""Speed"":0.0,""SatelliteNumber"":17,""Azimuth"":282,""BatteryLevel"":100}]",0x25251300596E040869487064485674003C38402D000000525100000007000061000000FFFFFFFFFFFFFFFFFFFF00D50055BDED0026042114403400382045523894C249DE97400000011A03912812FFFFFF0000250000FFFFFF
2026-04-21 14:40:55.431,"[{""Protocol"":""0x2525"",""MessageType"":""LocationInfoMessage"",""ProtocolHeadType"":19,""Imei"":""869487064485674"",""SerialNo"":28165,""Mileage"":5619181,""Date"":""2026-04-21T14:41:34Z"",""IopIgnition"":true,""Latitude"":4.7458844184875488,""Longitude"":-74.110000610351563,""Altitude"":2563.5,""ExternalPowerVoltage"":25.34,""Rpm"":-999,""Speed"":0.0,""SatelliteNumber"":16,""Azimuth"":282,""BatteryLevel"":100}]",0x25251300596E050869487064485674003C38402D000000565000000007000061000000FFFFFFFFFFFFFFFFFFFF00D50055BDED0026042114413400382045523894C249DE97400000011A03912534FFFFFF0000250000FFFFFF
2026-04-21 14:41:55.269,"[{""Protocol"":""0x2525"",""MessageType"":""LocationInfoMessage"",""ProtocolHeadType"":19,""Imei"":""869487064485674"",""SerialNo"":28166,""Mileage"":5619181,""Date"":""2026-04-21T14:42:33Z"",""IopIgnition"":true,""Latitude"":4.7458844184875488,""Longitude"":-74.110000610351563,""Altitude"":2563.5,""ExternalPowerVoltage"":25.18,""Rpm"":-999,""Speed"":0.0,""SatelliteNumber"":16,""Azimuth"":282,""BatteryLevel"":100}]",0x25251300596E060869487064485674003C38402D000000595000000007000061000000FFFFFFFFFFFFFFFFFFFF00D50055BDED0026042114423300382045523894C249DE97400000011A03912518FFFFFF0000250000FFFFFF
2026-04-21 14:42:56.131,"[{""Protocol"":""0x2525"",""MessageType"":""LocationInfoMessage"",""ProtocolHeadType"":19,""Imei"":""869487064485674"",""SerialNo"":28167,""Mileage"":5619181,""Date"":""2026-04-21T14:43:34Z"",""IopIgnition"":true,""Latitude"":4.7458844184875488,""Longitude"":-74.110000610351563,""Altitude"":2563.5,""ExternalPowerVoltage"":25.34,""Rpm"":-999,""Speed"":0.0,""SatelliteNumber"":17,""Azimuth"":282,""BatteryLevel"":100}]",0x25251300596E070869487064485674003C38402D000000565100000007000061000000FFFFFFFFFFFFFFFFFFFF00D50055BDED0026042114433400382045523894C249DE97400000011A03912534FFFFFF0000250000FFFFFF
2026-04-21 14:43:03.832,"[{""Protocol"":""0x2525"",""MessageType"":""LocationAlarmMessage"",""ProtocolHeadType"":20,""Imei"":""869487064485674"",""SerialNo"":1061,""Mileage"":5619181,""Date"":""2026-04-21T14:43:42Z"",""IopIgnition"":false,""Latitude"":4.7458844184875488,""Longitude"":-74.110000610351563,""Altitude"":2563.5,""ExternalPowerVoltage"":26.81,""Rpm"":-999,""Speed"":0.0,""SatelliteNumber"":18,""Azimuth"":282,""OriginalAlarmCode"":23}]",0x252514005904250869487064485674003C38402D000000565200000007000020000000FFFFFFFFFFFFFFFFFFFF17D50055BDED0026042114434200382045523894C249DE97400000011A03912681FFFFFF0000250000FFFFFF
2026-04-21 15:52:39.034,"[{""Protocol"":""0x2525"",""MessageType"":""LocationAlarmMessage"",""ProtocolHeadType"":20,""Imei"":""869487064485674"",""SerialNo"":1062,""Mileage"":5619181,""Date"":""2026-04-21T15:53:17Z"",""IopIgnition"":true,""Latitude"":4.7458844184875488,""Longitude"":-74.110000610351563,""Altitude"":2563.5,""ExternalPowerVoltage"":25.65,""Rpm"":-999,""Speed"":0.0,""SatelliteNumber"":15,""Azimuth"":282,""OriginalAlarmCode"":22}]",0x252514005904260869487064485674003C38402D000000564F00000007000061000000FFFFFFFFFFFFFFFFFFFF16D50055BDED0026042115531700382045523894C249DE97400000011A03922565FFFFFF0000230000FFFFFF
2026-04-21 15:53:39.862,"[{""Protocol"":""0x2525"",""MessageType"":""LocationInfoMessage"",""ProtocolHeadType"":19,""Imei"":""869487064485674"",""SerialNo"":28168,""Mileage"":5619247,""Date"":""2026-04-21T15:54:18Z"",""IopIgnition"":true,""Latitude"":4.7459783554077148,""Longitude"":-74.110588073730469,""Altitude"":2567.60009765625,""ExternalPowerVoltage"":28.09,""Rpm"":-999,""Speed"":23.0,""SatelliteNumber"":16,""Azimuth"":284,""BatteryLevel"":100}]",0x25251300596E080869487064485674003C38402D000000485000000007000061000000FFFFFFFFFFFFFFFFFFFF00D50055BE2F002604211554189A7920459F3894C20EDF97400230011C03922809FFFFFF0000230000FFFFFF
2026-04-21 15:54:39.645,"[{""Protocol"":""0x2525"",""MessageType"":""LocationInfoMessage"",""ProtocolHeadType"":19,""Imei"":""869487064485674"",""SerialNo"":28169,""Mileage"":5619561,""Date"":""2026-04-21T15:55:18Z"",""IopIgnition"":true,""Latitude"":4.7467141151428223,""Longitude"":-74.113319396972656,""Altitude"":2567.5,""ExternalPowerVoltage"":27.99,""Rpm"":-999,""Speed"":6.0,""SatelliteNumber"":16,""Azimuth"":284,""BatteryLevel"":100}]",0x25251300596E090869487064485674003C38402D000000445000000007000061000000FFFFFFFFFFFFFFFFFFFF00D50055BF690026042115551800782045053A94C215E597400060011C03922799FFFFFF0000230000FFFFFF
2026-04-21 15:55:39.452,"[{""Protocol"":""0x2525"",""MessageType"":""LocationInfoMessage"",""ProtocolHeadType"":19,""Imei"":""869487064485674"",""SerialNo"":28170,""Mileage"":5619561,""Date"":""2026-04-21T15:56:18Z"",""IopIgnition"":true,""Latitude"":4.7467141151428223,""Longitude"":-74.113319396972656,""Altitude"":2567.5,""ExternalPowerVoltage"":28.06,""Rpm"":-999,""Speed"":0.0,""SatelliteNumber"":16,""Azimuth"":284,""BatteryLevel"":100}]",0x25251300596E0A0869487064485674003C38402D000000525000000007000061000000FFFFFFFFFFFFFFFFFFFF00D50055BF690026042115561800782045053A94C215E597400000011C03922806FFFFFF0000230000FFFFFF
2026-04-21 15:56:27.738,"[{""Protocol"":""0x2525"",""MessageType"":""LocationInfoMessage"",""ProtocolHeadType"":19,""Imei"":""869487064485674"",""SerialNo"":28171,""Mileage"":5619645,""Date"":""2026-04-21T15:57:06Z"",""IopIgnition"":true,""Latitude"":4.7468705177307129,""Longitude"":-74.114051818847656,""Altitude"":2570.0,""ExternalPowerVoltage"":28.14,""Rpm"":-999,""Speed"":8.0,""SatelliteNumber"":16,""Azimuth"":237,""BatteryLevel"":100}]",0x25251300596E0B0869487064485674003C38402D000000565000000007000061000000FFFFFFFFFFFFFFFFFFFF00D50055BFBD0026042115570600A02045653A94C25DE69740008000ED03922814FFFFFF0000230000FFFFFF
2026-04-21 15:57:24.707,"[{""Protocol"":""0x2525"",""MessageType"":""LocationInfoMessage"",""ProtocolHeadType"":19,""Imei"":""869487064485674"",""SerialNo"":28172,""Mileage"":5619820,""Date"":""2026-04-21T15:58:03Z"",""IopIgnition"":true,""Latitude"":4.7455968856811523,""Longitude"":-74.114952087402344,""Altitude"":2572.199951171875,""ExternalPowerVoltage"":28.17,""Rpm"":-999,""Speed"":14.0,""SatelliteNumber"":16,""Azimuth"":189,""BatteryLevel"":100}]",0x25251300596E0C0869487064485674003C38402D0000005D5000000007000061000000FFFFFFFFFFFFFFFFFFFF00D50055C06C0026042115580333C32045DB3A94C2EEDB9740014000BD03922817FFFFFF0000230000FFFFFF
2026-04-21 15:57:47.728,"[{""Protocol"":""0x2525"",""MessageType"":""LocationInfoMessage"",""ProtocolHeadType"":19,""Imei"":""869487064485674"",""SerialNo"":28173,""Mileage"":5619905,""Date"":""2026-04-21T15:58:26Z"",""IopIgnition"":true,""Latitude"":4.7448639869689941,""Longitude"":-74.115058898925781,""Altitude"":2568.39990234375,""ExternalPowerVoltage"":28.1,""Rpm"":-999,""Speed"":8.0,""SatelliteNumber"":15,""Azimuth"":124,""BatteryLevel"":100}]",0x25251300596E0D0869487064485674003C38402D000000594F00000007000061000000FFFFFFFFFFFFFFFFFFFF00D50055C0C10026042115582666862045E93A94C2EDD597400080007C03922810FFFFFF0000230000FFFFFF
2026-04-21 15:58:40.279,"[{""Protocol"":""0x2525"",""MessageType"":""LocationAlarmMessage"",""ProtocolHeadType"":20,""Imei"":""869487064485674"",""SerialNo"":1063,""Mileage"":5620102,""Date"":""2026-04-21T15:59:18Z"",""IopIgnition"":false,""Latitude"":4.744356632232666,""Longitude"":-74.113365173339844,""Altitude"":2561.39990234375,""ExternalPowerVoltage"":27.92,""Rpm"":-999,""Speed"":0.0,""SatelliteNumber"":16,""Azimuth"":98,""OriginalAlarmCode"":23}]",0x252514005904270869487064485674003C38402D000000485000000007000020000000FFFFFFFFFFFFFFFFFFFF17D50055C18600260421155918661620450B3A94C2C5D197400000006203922792FFFFFF0000230000FFFFFF
2026-04-21 17:18:10.467,"[{""Protocol"":""0x2525"",""MessageType"":""LocationAlarmMessage"",""ProtocolHeadType"":20,""Imei"":""869487064485674"",""SerialNo"":1064,""Mileage"":5620102,""Date"":""2026-04-21T17:18:47Z"",""IopIgnition"":true,""Latitude"":4.744356632232666,""Longitude"":-74.113365173339844,""Altitude"":2561.39990234375,""ExternalPowerVoltage"":25.4,""Rpm"":-999,""Speed"":0.0,""SatelliteNumber"":14,""Azimuth"":98,""OriginalAlarmCode"":22}]",0x252514005904280869487064485674003C38402D0000004B4E00000007000061000000FFFFFFFFFFFFFFFFFFFF16D50055C18600260421171847661620450B3A94C2C5D197400000006203922540FFFFFF0000230000FFFFFF
2026-04-21 17:19:11.259,"[{""Protocol"":""0x2525"",""MessageType"":""LocationInfoMessage"",""ProtocolHeadType"":19,""Imei"":""869487064485674"",""SerialNo"":28174,""Mileage"":5620102,""Date"":""2026-04-21T17:19:48Z"",""IopIgnition"":true,""Latitude"":4.744356632232666,""Longitude"":-74.113365173339844,""Altitude"":2561.39990234375,""ExternalPowerVoltage"":27.98,""Rpm"":-999,""Speed"":0.0,""SatelliteNumber"":16,""Azimuth"":98,""BatteryLevel"":100}]",0x25251300596E0E0869487064485674003C38402D0000004B5000000007000061000000FFFFFFFFFFFFFFFFFFFF00D50055C18600260421171948661620450B3A94C2C5D197400000006203922798FFFFFF0000240000FFFFFF
2026-04-21 17:20:11.066,"[{""Protocol"":""0x2525"",""MessageType"":""LocationInfoMessage"",""ProtocolHeadType"":19,""Imei"":""869487064485674"",""SerialNo"":28175,""Mileage"":5620102,""Date"":""2026-04-21T17:20:48Z"",""IopIgnition"":true,""Latitude"":4.744356632232666,""Longitude"":-74.113365173339844,""Altitude"":2561.39990234375,""ExternalPowerVoltage"":27.7,""Rpm"":-999,""Speed"":0.0,""SatelliteNumber"":15,""Azimuth"":98,""BatteryLevel"":100}]",0x25251300596E0F0869487064485674003C38402D000000524F00000007000061000000FFFFFFFFFFFFFFFFFFFF00D50055C18600260421172048661620450B3A94C2C5D197400000006203922770FFFFFF0000240000FFFFFF
2026-04-21 17:21:10.857,"[{""Protocol"":""0x2525"",""MessageType"":""LocationInfoMessage"",""ProtocolHeadType"":19,""Imei"":""869487064485674"",""SerialNo"":28176,""Mileage"":5620102,""Date"":""2026-04-21T17:21:48Z"",""IopIgnition"":true,""Latitude"":4.744356632232666,""Longitude"":-74.113365173339844,""Altitude"":2561.39990234375,""ExternalPowerVoltage"":27.68,""Rpm"":-999,""Speed"":0.0,""SatelliteNumber"":16,""Azimuth"":98,""BatteryLevel"":100}]",0x25251300596E100869487064485674003C38402D0000004B5000000007000061000000FFFFFFFFFFFFFFFFFFFF00D50055C18600260421172148661620450B3A94C2C5D197400000006203922768FFFFFF0000230000FFFFFF
2026-04-21 17:22:10.670,"[{""Protocol"":""0x2525"",""MessageType"":""LocationInfoMessage"",""ProtocolHeadType"":19,""Imei"":""869487064485674"",""SerialNo"":28177,""Mileage"":5620102,""Date"":""2026-04-21T17:22:47Z"",""IopIgnition"":true,""Latitude"":4.744356632232666,""Longitude"":-74.113365173339844,""Altitude"":2561.39990234375,""ExternalPowerVoltage"":25.85,""Rpm"":-999,""Speed"":0.0,""SatelliteNumber"":14,""Azimuth"":98,""BatteryLevel"":100}]",0x25251300596E110869487064485674003C38402D0000004B4E00000007000061000000FFFFFFFFFFFFFFFFFFFF00D50055C18600260421172247661620450B3A94C2C5D197400000006203922585FFFFFF0000240000FFFFFF
2026-04-21 17:23:11.467,"[{""Protocol"":""0x2525"",""MessageType"":""LocationInfoMessage"",""ProtocolHeadType"":19,""Imei"":""869487064485674"",""SerialNo"":28178,""Mileage"":5620102,""Date"":""2026-04-21T17:23:48Z"",""IopIgnition"":true,""Latitude"":4.744356632232666,""Longitude"":-74.113365173339844,""Altitude"":2561.39990234375,""ExternalPowerVoltage"":25.81,""Rpm"":-999,""Speed"":0.0,""SatelliteNumber"":15,""Azimuth"":98,""BatteryLevel"":100}]",0x25251300596E120869487064485674003C38402D0000004B4F00000007000061000000FFFFFFFFFFFFFFFFFFFF00D50055C18600260421172348661620450B3A94C2C5D197400000006203922581FFFFFF0000230000FFFFFF
2026-04-21 17:24:11.263,"[{""Protocol"":""0x2525"",""MessageType"":""LocationInfoMessage"",""ProtocolHeadType"":19,""Imei"":""869487064485674"",""SerialNo"":28179,""Mileage"":5620132,""Date"":""2026-04-21T17:24:48Z"",""IopIgnition"":true,""Latitude"":4.7442736625671387,""Longitude"":-74.11309814453125,""Altitude"":2562.300048828125,""ExternalPowerVoltage"":25.33,""Rpm"":-999,""Speed"":0.0,""SatelliteNumber"":14,""Azimuth"":101,""BatteryLevel"":100}]",0x25251300596E130869487064485674003C38402D0000004F4E00000007000061000000FFFFFFFFFFFFFFFFFFFF00D50055C1A400260421172448CD242045E83994C217D197400000006503922533FFFFFF0000240000FFFFFF
2026-04-21 17:25:11.072,"[{""Protocol"":""0x2525"",""MessageType"":""LocationInfoMessage"",""ProtocolHeadType"":19,""Imei"":""869487064485674"",""SerialNo"":28180,""Mileage"":5620150,""Date"":""2026-04-21T17:25:48Z"",""IopIgnition"":true,""Latitude"":4.744234561920166,""Longitude"":-74.1129379272461,""Altitude"":2571.300048828125,""ExternalPowerVoltage"":25.61,""Rpm"":-999,""Speed"":0.0,""SatelliteNumber"":16,""Azimuth"":103,""BatteryLevel"":100}]",0x25251300596E140869487064485674003C38402D0000004B5000000007000061000000FFFFFFFFFFFFFFFFFFFF00D50055C1B600260421172548CDB42045D33994C2C5D097400000006703922561FFFFFF0000230000FFFFFF
2026-04-21 17:26:05.106,"[{""Protocol"":""0x2525"",""MessageType"":""LocationInfoMessage"",""ProtocolHeadType"":19,""Imei"":""869487064485674"",""SerialNo"":28181,""Mileage"":5620178,""Date"":""2026-04-21T17:26:42Z"",""IopIgnition"":true,""Latitude"":4.7442154884338379,""Longitude"":-74.1126937866211,""Altitude"":2574.10009765625,""ExternalPowerVoltage"":27.62,""Rpm"":-999,""Speed"":9.0,""SatelliteNumber"":16,""Azimuth"":52,""BatteryLevel"":100}]",0x25251300596E150869487064485674003C38402D0000004F5000000007000061000000FFFFFFFFFFFFFFFFFFFF00D50055C1D2002604211726429AE12045B33994C29DD097400090003403922762FFFFFF0000240000FFFFFF
2026-04-21 17:26:39.132,"[{""Protocol"":""0x2525"",""MessageType"":""LocationInfoMessage"",""ProtocolHeadType"":19,""Imei"":""869487064485674"",""SerialNo"":28182,""Mileage"":5620287,""Date"":""2026-04-21T17:27:16Z"",""IopIgnition"":true,""Latitude"":4.74516487121582,""Longitude"":-74.112464904785156,""Altitude"":2573.0,""ExternalPowerVoltage"":26.19,""Rpm"":-999,""Speed"":7.0,""SatelliteNumber"":16,""Azimuth"":344,""BatteryLevel"":100}]",0x25251300596E160869487064485674003C38402D0000004F5000000007000061000000FFFFFFFFFFFFFFFFFFFF00D50055C23F0026042117271600D02045953994C264D897400070015803922619FFFFFF0000250000FFFFFF
2026-04-21 17:26:44.038,"[{""Protocol"":""0x2525"",""MessageType"":""LocationInfoMessage"",""ProtocolHeadType"":19,""Imei"":""869487064485674"",""SerialNo"":28183,""Mileage"":5620299,""Date"":""2026-04-21T17:27:21Z"",""IopIgnition"":true,""Latitude"":4.7452335357666016,""Longitude"":-74.112541198730469,""Altitude"":2572.800048828125,""ExternalPowerVoltage"":27.75,""Rpm"":-999,""Speed"":11.0,""SatelliteNumber"":16,""Azimuth"":289,""BatteryLevel"":100}]",0x25251300596E170869487064485674003C38402D0000004F5000000007000061000000FFFFFFFFFFFFFFFFFFFF00D50055C24B00260421172721CDCC20459F3994C2F4D897400110012103922775FFFFFF0000250000FFFFFF
2026-04-21 17:27:16.111,"[{""Protocol"":""0x2525"",""MessageType"":""LocationInfoMessage"",""ProtocolHeadType"":19,""Imei"":""869487064485674"",""SerialNo"":28184,""Mileage"":5620460,""Date"":""2026-04-21T17:27:53Z"",""IopIgnition"":true,""Latitude"":4.7455997467041016,""Longitude"":-74.113929748535156,""Altitude"":2569.800048828125,""ExternalPowerVoltage"":26.14,""Rpm"":-999,""Speed"":6.0,""SatelliteNumber"":16,""Azimuth"":354,""BatteryLevel"":100}]",0x25251300596E180869487064485674003C38402D0000005D5000000007000061000000FFFFFFFFFFFFFFFFFFFF00D50055C2EC00260421172753CD9C2045553A94C2F4DB97400060016203922614FFFFFF0000240000FFFFFF
2026-04-21 17:28:52.106,"[{""Protocol"":""0x2525"",""MessageType"":""LocationInfoMessage"",""ProtocolHeadType"":19,""Imei"":""869487064485674"",""SerialNo"":28185,""Mileage"":5620737,""Date"":""2026-04-21T17:29:29Z"",""IopIgnition"":true,""Latitude"":4.7479462623596191,""Longitude"":-74.113151550292969,""Altitude"":2572.800048828125,""ExternalPowerVoltage"":27.88,""Rpm"":-999,""Speed"":22.0,""SatelliteNumber"":15,""Azimuth"":40,""BatteryLevel"":100}]",0x25251300596E190869487064485674003C38402D000000644F00000007000061000000FFFFFFFFFFFFFFFFFFFF00D50055C40100260421172929CDCC2045EF3994C22DEF97400220002803922788FFFFFF0000230000FFFFFF
2026-04-21 17:30:10.912,"[{""Protocol"":""0x2525"",""MessageType"":""LocationInfoMessage"",""ProtocolHeadType"":19,""Imei"":""869487064485674"",""SerialNo"":28186,""Mileage"":5620861,""Date"":""2026-04-21T17:30:48Z"",""IopIgnition"":true,""Latitude"":4.7489190101623535,""Longitude"":-74.11260986328125,""Altitude"":2572.39990234375,""ExternalPowerVoltage"":25.18,""Rpm"":-999,""Speed"":0.0,""SatelliteNumber"":16,""Azimuth"":31,""BatteryLevel"":100}]",0x25251300596E1A0869487064485674003C38402D000000645000000007000061000000FFFFFFFFFFFFFFFFFFFF00D50055C47D0026042117304866C62045A83994C225F797400000001F03922518FFFFFF0000230000FFFFFF
2026-04-21 17:31:10.713,"[{""Protocol"":""0x2525"",""MessageType"":""LocationInfoMessage"",""ProtocolHeadType"":19,""Imei"":""869487064485674"",""SerialNo"":28187,""Mileage"":5620931,""Date"":""2026-04-21T17:31:48Z"",""IopIgnition"":true,""Latitude"":4.749457836151123,""Longitude"":-74.112289428710938,""Altitude"":2569.39990234375,""ExternalPowerVoltage"":26.89,""Rpm"":-999,""Speed"":15.0,""SatelliteNumber"":16,""Azimuth"":47,""BatteryLevel"":100}]",0x25251300596E1B0869487064485674003C38402D000000645000000007000061000000FFFFFFFFFFFFFFFFFFFF00D50055C4C300260421173148669620457E3994C28FFB97400150002F03922689FFFFFF0000230000FFFFFF
2026-04-21 17:32:11.549,"[{""Protocol"":""0x2525"",""MessageType"":""LocationInfoMessage"",""ProtocolHeadType"":19,""Imei"":""869487064485674"",""SerialNo"":28188,""Mileage"":5621197,""Date"":""2026-04-21T17:32:48Z"",""IopIgnition"":true,""Latitude"":4.7515144348144531,""Longitude"":-74.111083984375,""Altitude"":2567.39990234375,""ExternalPowerVoltage"":25.64,""Rpm"":-999,""Speed"":5.0,""SatelliteNumber"":15,""Azimuth"":31,""BatteryLevel"":100}]",0x25251300596E1C0869487064485674003C38402D000000444F00000007000061000000FFFFFFFFFFFFFFFFFFFF00D50055C5CD0026042117324866762045E03894C2680C98400050001F03922564FFFFFF0000230000FFFFFF
2026-04-21 17:33:11.368,"[{""Protocol"":""0x2525"",""MessageType"":""LocationInfoMessage"",""ProtocolHeadType"":19,""Imei"":""869487064485674"",""SerialNo"":28189,""Mileage"":5621458,""Date"":""2026-04-21T17:33:48Z"",""IopIgnition"":true,""Latitude"":4.7536134719848633,""Longitude"":-74.110244750976563,""Altitude"":2559.800048828125,""ExternalPowerVoltage"":25.92,""Rpm"":-999,""Speed"":7.0,""SatelliteNumber"":16,""Azimuth"":42,""BatteryLevel"":100}]",0x25251300596E1D0869487064485674003C38402D000000605000000007000061000000FFFFFFFFFFFFFFFFFFFF00D50055C6D200260421173348CDFC1F45723894C29A1D98400070002A03922592FFFFFF0000230000FFFFFF
2026-04-21 17:34:09.125,"[{""Protocol"":""0x2525"",""MessageType"":""LocationInfoMessage"",""ProtocolHeadType"":19,""Imei"":""869487064485674"",""SerialNo"":28190,""Mileage"":5621476,""Date"":""2026-04-21T17:34:46Z"",""IopIgnition"":true,""Latitude"":4.7536830902099609,""Longitude"":-74.1103515625,""Altitude"":2561.10009765625,""ExternalPowerVoltage"":27.09,""Rpm"":-999,""Speed"":6.0,""SatelliteNumber"":15,""Azimuth"":228,""BatteryLevel"":100}]",0x25251300596E1E0869487064485674003C38402D0000004B4F00000007000061000000FFFFFFFFFFFFFFFFFFFF00D50055C6E4002604211734469A112045803894C22C1E9840006000E403922709FFFFFF0000240000FFFFFF
2026-04-21 17:35:10.936,"[{""Protocol"":""0x2525"",""MessageType"":""LocationInfoMessage"",""ProtocolHeadType"":19,""Imei"":""869487064485674"",""SerialNo"":28191,""Mileage"":5621480,""Date"":""2026-04-21T17:35:48Z"",""IopIgnition"":true,""Latitude"":4.7536630630493164,""Longitude"":-74.1103744506836,""Altitude"":2560.800048828125,""ExternalPowerVoltage"":27.8,""Rpm"":-999,""Speed"":0.0,""SatelliteNumber"":16,""Azimuth"":213,""BatteryLevel"":100}]",0x25251300596E1F0869487064485674003C38402D000000525000000007000061000000FFFFFFFFFFFFFFFFFFFF00D50055C6E800260421173548CD0C2045833894C2021E9840000000D503922780FFFFFF0000230000FFFFFF
2026-04-21 17:35:39.119,"[{""Protocol"":""0x2525"",""MessageType"":""LocationInfoMessage"",""ProtocolHeadType"":19,""Imei"":""869487064485674"",""SerialNo"":28192,""Mileage"":5621492,""Date"":""2026-04-21T17:36:16Z"",""IopIgnition"":true,""Latitude"":4.7535567283630371,""Longitude"":-74.110336303710938,""Altitude"":2562.89990234375,""ExternalPowerVoltage"":28.06,""Rpm"":-999,""Speed"":5.0,""SatelliteNumber"":16,""Azimuth"":98,""BatteryLevel"":100}]",0x25251300596E200869487064485674003C38402D000000445000000007000061000000FFFFFFFFFFFFFFFFFFFF00D50055C6F400260421173616662E20457E3894C2231D98400050006203922806FFFFFF0000240000FFFFFF
2026-04-21 17:36:37.162,"[{""Protocol"":""0x2525"",""MessageType"":""LocationInfoMessage"",""ProtocolHeadType"":19,""Imei"":""869487064485674"",""SerialNo"":28193,""Mileage"":5621712,""Date"":""2026-04-21T17:37:14Z"",""IopIgnition"":true,""Latitude"":4.7528800964355469,""Longitude"":-74.108528137207031,""Altitude"":2567.39990234375,""ExternalPowerVoltage"":28.09,""Rpm"":-999,""Speed"":11.0,""SatelliteNumber"":15,""Azimuth"":35,""BatteryLevel"":100}]",0x25251300596E210869487064485674003C38402D0000005D4F00000007000061000000FFFFFFFFFFFFFFFFFFFF00D50055C7D00026042117371466762045913794C2981798400110002303922809FFFFFF0000230000FFFFFF
2026-04-21 17:37:18.056,"[{""Protocol"":""0x2525"",""MessageType"":""LocationInfoMessage"",""ProtocolHeadType"":19,""Imei"":""869487064485674"",""SerialNo"":28194,""Mileage"":5621979,""Date"":""2026-04-21T17:37:55Z"",""IopIgnition"":true,""Latitude"":4.7544684410095215,""Longitude"":-74.1067886352539,""Altitude"":2568.39990234375,""ExternalPowerVoltage"":27.81,""Rpm"":-999,""Speed"":11.0,""SatelliteNumber"":15,""Azimuth"":87,""BatteryLevel"":100}]",0x25251300596E220869487064485674003C38402D000000644F00000007000061000000FFFFFFFFFFFFFFFFFFFF00D50055C8DB0026042117375566862045AD3694C29B2498400110005703922781FFFFFF0000230000FFFFFF
2026-04-21 17:37:22.156,"[{""Protocol"":""0x2525"",""MessageType"":""LocationInfoMessage"",""ProtocolHeadType"":19,""Imei"":""869487064485674"",""SerialNo"":28195,""Mileage"":5621993,""Date"":""2026-04-21T17:37:59Z"",""IopIgnition"":true,""Latitude"":4.7543835639953613,""Longitude"":-74.106689453125,""Altitude"":2570.5,""ExternalPowerVoltage"":28.07,""Rpm"":-999,""Speed"":13.0,""SatelliteNumber"":16,""Azimuth"":139,""BatteryLevel"":100}]",0x25251300596E230869487064485674003C38402D000000645000000007000061000000FFFFFFFFFFFFFFFFFFFF00D50055C8E90026042117375900A82045A03694C2E92398400130008B03922807FFFFFF0000230000FFFFFF
2026-04-21 17:38:29.122,"[{""Protocol"":""0x2525"",""MessageType"":""LocationInfoMessage"",""ProtocolHeadType"":19,""Imei"":""869487064485674"",""SerialNo"":28196,""Mileage"":5622424,""Date"":""2026-04-21T17:39:06Z"",""IopIgnition"":true,""Latitude"":4.7514133453369141,""Longitude"":-74.1042251586914,""Altitude"":2571.89990234375,""ExternalPowerVoltage"":27.9,""Rpm"":-999,""Speed"":13.0,""SatelliteNumber"":16,""Azimuth"":198,""BatteryLevel"":100}]",0x25251300596E240869487064485674003C38402D000000595000000007000061000000FFFFFFFFFFFFFFFFFFFF00D50055CA980026042117390666BE20455D3594C2940B9840013000C603922790FFFFFF0000230000FFFFFF
2026-04-21 17:40:10.916,"[{""Protocol"":""0x2525"",""MessageType"":""LocationInfoMessage"",""ProtocolHeadType"":19,""Imei"":""869487064485674"",""SerialNo"":28197,""Mileage"":5622439,""Date"":""2026-04-21T17:40:48Z"",""IopIgnition"":true,""Latitude"":4.7512979507446289,""Longitude"":-74.104278564453125,""Altitude"":2571.0,""ExternalPowerVoltage"":27.92,""Rpm"":-999,""Speed"":0.0,""SatelliteNumber"":15,""Azimuth"":213,""BatteryLevel"":100}]",0x25251300596E250869487064485674003C38402D000000564F00000007000061000000FFFFFFFFFFFFFFFFFFFF00D50055CAA70026042117404800B02045643594C2A20A9840000000D503922792FFFFFF0000230000FFFFFF
2026-04-21 17:41:10.706,"[{""Protocol"":""0x2525"",""MessageType"":""LocationInfoMessage"",""ProtocolHeadType"":19,""Imei"":""869487064485674"",""SerialNo"":28198,""Mileage"":5622439,""Date"":""2026-04-21T17:41:48Z"",""IopIgnition"":true,""Latitude"":4.7512979507446289,""Longitude"":-74.104278564453125,""Altitude"":2571.0,""ExternalPowerVoltage"":27.87,""Rpm"":-999,""Speed"":0.0,""SatelliteNumber"":16,""Azimuth"":213,""BatteryLevel"":100}]",0x25251300596E260869487064485674003C38402D0000004B5000000007000061000000FFFFFFFFFFFFFFFFFFFF00D50055CAA70026042117414800B02045643594C2A20A9840000000D503922787FFFFFF0000230000FFFFFF
2026-04-21 17:42:11.565,"[{""Protocol"":""0x2525"",""MessageType"":""LocationInfoMessage"",""ProtocolHeadType"":19,""Imei"":""869487064485674"",""SerialNo"":28199,""Mileage"":5622439,""Date"":""2026-04-21T17:42:48Z"",""IopIgnition"":true,""Latitude"":4.7512979507446289,""Longitude"":-74.104278564453125,""Altitude"":2571.0,""ExternalPowerVoltage"":27.95,""Rpm"":-999,""Speed"":0.0,""SatelliteNumber"":15,""Azimuth"":213,""BatteryLevel"":100}]",0x25251300596E270869487064485674003C38402D000000524F00000007000061000000FFFFFFFFFFFFFFFFFFFF00D50055CAA70026042117424800B02045643594C2A20A9840000000D503922795FFFFFF0000230000FFFFFF
2026-04-21 17:42:34.045,"[{""Protocol"":""0x2525"",""MessageType"":""LocationInfoMessage"",""ProtocolHeadType"":19,""Imei"":""869487064485674"",""SerialNo"":28200,""Mileage"":5622489,""Date"":""2026-04-21T17:43:11Z"",""IopIgnition"":true,""Latitude"":4.75091028213501,""Longitude"":-74.1044692993164,""Altitude"":2570.89990234375,""ExternalPowerVoltage"":28.12,""Rpm"":-999,""Speed"":17.0,""SatelliteNumber"":16,""Azimuth"":154,""BatteryLevel"":100}]",0x25251300596E280869487064485674003C38402D000000525000000007000061000000FFFFFFFFFFFFFFFFFFFF00D50055CAD90026042117431166AE20457D3594C2750798400170009A03922812FFFFFF0000230000FFFFFF
2026-04-21 17:44:10.851,"[{""Protocol"":""0x2525"",""MessageType"":""LocationInfoMessage"",""ProtocolHeadType"":19,""Imei"":""869487064485674"",""SerialNo"":28201,""Mileage"":5623339,""Date"":""2026-04-21T17:44:48Z"",""IopIgnition"":true,""Latitude"":4.7474722862243652,""Longitude"":-74.097648620605469,""Altitude"":2571.300048828125,""ExternalPowerVoltage"":27.91,""Rpm"":-999,""Speed"":32.0,""SatelliteNumber"":16,""Azimuth"":126,""BatteryLevel"":100}]",0x25251300596E290869487064485674003C38402D000000645000000007000061000000FFFFFFFFFFFFFFFFFFFF00D50055CE2B00260421174448CDB42045FF3194C24BEB97400320007E03922791FFFFFF0000240000FFFFFF
2026-04-21 17:44:52.114,"[{""Protocol"":""0x2525"",""MessageType"":""LocationInfoMessage"",""ProtocolHeadType"":19,""Imei"":""869487064485674"",""SerialNo"":28202,""Mileage"":5623518,""Date"":""2026-04-21T17:45:29Z"",""IopIgnition"":true,""Latitude"":4.7463569641113281,""Longitude"":-74.096519470214844,""Altitude"":2574.60009765625,""ExternalPowerVoltage"":28.11,""Rpm"":-999,""Speed"":30.0,""SatelliteNumber"":16,""Azimuth"":177,""BatteryLevel"":100}]",0x25251300596E2A0869487064485674003C38402D000000645000000007000061000000FFFFFFFFFFFFFFFFFFFF00D50055CEDE002604211745299AE920456B3194C228E29740030000B103922811FFFFFF0000230000FFFFFF
2026-04-21 17:46:10.928,"[{""Protocol"":""0x2525"",""MessageType"":""LocationInfoMessage"",""ProtocolHeadType"":19,""Imei"":""869487064485674"",""SerialNo"":28203,""Mileage"":5624268,""Date"":""2026-04-21T17:46:48Z"",""IopIgnition"":true,""Latitude"":4.7401347160339355,""Longitude"":-74.099067687988281,""Altitude"":2566.800048828125,""ExternalPowerVoltage"":28.13,""Rpm"":-999,""Speed"":42.0,""SatelliteNumber"":16,""Azimuth"":198,""BatteryLevel"":100}]",0x25251300596E2B0869487064485674003C38402D000000645000000007000061000000FFFFFFFFFFFFFFFFFFFF00D50055D1CC00260421174648CD6C2045B93294C22FAF9740042000C603922813FFFFFF0000230000FFFFFF
2026-04-21 17:47:10.701,"[{""Protocol"":""0x2525"",""MessageType"":""LocationInfoMessage"",""ProtocolHeadType"":19,""Imei"":""869487064485674"",""SerialNo"":28204,""Mileage"":5624723,""Date"":""2026-04-21T17:47:48Z"",""IopIgnition"":true,""Latitude"":4.7361330986022949,""Longitude"":-74.099891662597656,""Altitude"":2570.699951171875,""ExternalPowerVoltage"":27.96,""Rpm"":-999,""Speed"":5.0,""SatelliteNumber"":16,""Azimuth"":192,""BatteryLevel"":100}]",0x25251300596E2C0869487064485674003C38402D000000645000000007000061000000FFFFFFFFFFFFFFFFFFFF00D50055D3930026042117474833AB2045253394C2678E9740005000C003922796FFFFFF0000230000FFFFFF
2026-04-21 17:48:11.556,"[{""Protocol"":""0x2525"",""MessageType"":""LocationInfoMessage"",""ProtocolHeadType"":19,""Imei"":""869487064485674"",""SerialNo"":28205,""Mileage"":5624723,""Date"":""2026-04-21T17:48:48Z"",""IopIgnition"":true,""Latitude"":4.7361330986022949,""Longitude"":-74.099891662597656,""Altitude"":2570.699951171875,""ExternalPowerVoltage"":27.88,""Rpm"":-999,""Speed"":0.0,""SatelliteNumber"":16,""Azimuth"":192,""BatteryLevel"":100}]",0x25251300596E2D0869487064485674003C38402D0000005D5000000007000061000000FFFFFFFFFFFFFFFFFFFF00D50055D3930026042117484833AB2045253394C2678E9740000000C003922788FFFFFF0000230000FFFFFF
2026-04-21 17:49:11.355,"[{""Protocol"":""0x2525"",""MessageType"":""LocationInfoMessage"",""ProtocolHeadType"":19,""Imei"":""869487064485674"",""SerialNo"":28206,""Mileage"":5625170,""Date"":""2026-04-21T17:49:48Z"",""IopIgnition"":true,""Latitude"":4.7321619987487793,""Longitude"":-74.100494384765625,""Altitude"":2573.800048828125,""ExternalPowerVoltage"":28.14,""Rpm"":-999,""Speed"":37.0,""SatelliteNumber"":15,""Azimuth"":189,""BatteryLevel"":100}]",0x25251300596E2E0869487064485674003C38402D000000644F00000007000061000000FFFFFFFFFFFFFFFFFFFF00D50055D55200260421174948CDDC2045743394C2DF6D9740037000BD03922814FFFFFF0000230000FFFFFF
2026-04-21 17:50:01.512,"[{""Protocol"":""0x2525"",""MessageType"":""LocationInfoMessage"",""ProtocolHeadType"":19,""Imei"":""869487064485674"",""SerialNo"":28207,""Mileage"":5625654,""Date"":""2026-04-21T17:50:36Z"",""IopIgnition"":true,""Latitude"":4.727940559387207,""Longitude"":-74.100822448730469,""Altitude"":2573.89990234375,""ExternalPowerVoltage"":28.11,""Rpm"":-999,""Speed"":48.0,""SatelliteNumber"":17,""Azimuth"":142,""BatteryLevel"":100}]",0x25251300596E2F0869487064485674003C38402D000000565100000007000061000000FFFFFFFFFFFFFFFFFFFF00D50055D7360026042117503666DE20459F3394C24A4B97400480008E03922811FFFFFF0000230000FFFFFF
2026-04-21 17:51:13.037,"[{""Protocol"":""0x2525"",""MessageType"":""LocationInfoMessage"",""ProtocolHeadType"":19,""Imei"":""869487064485674"",""SerialNo"":28208,""Mileage"":5626666,""Date"":""2026-04-21T17:51:48Z"",""IopIgnition"":true,""Latitude"":4.7207169532775879,""Longitude"":-74.095611572265625,""Altitude"":2567.5,""ExternalPowerVoltage"":28.09,""Rpm"":-999,""Speed"":45.0,""SatelliteNumber"":16,""Azimuth"":132,""BatteryLevel"":100}]",0x25251300596E300869487064485674003C38402D000000645000000007000061000000FFFFFFFFFFFFFFFFFFFF00D50055DB2A0026042117514800782045F43094C21D1097400450008403922809FFFFFF0000230000FFFFFF
2026-04-21 17:52:03.987,"[{""Protocol"":""0x2525"",""MessageType"":""LocationInfoMessage"",""ProtocolHeadType"":19,""Imei"":""869487064485674"",""SerialNo"":28209,""Mileage"":5627267,""Date"":""2026-04-21T17:52:41Z"",""IopIgnition"":true,""Latitude"":4.7163119316101074,""Longitude"":-74.092689514160156,""Altitude"":2564.199951171875,""ExternalPowerVoltage"":28.07,""Rpm"":-999,""Speed"":44.0,""SatelliteNumber"":16,""Azimuth"":179,""BatteryLevel"":100}]",0x25251300596E310869487064485674003C38402D000000605000000007000061000000FFFFFFFFFFFFFFFFFFFF00D50055DD830026042117524133432045752F94C207EC9640044000B303912807FFFFFF0000270000FFFFFF
2026-04-21 17:53:10.864,"[{""Protocol"":""0x2525"",""MessageType"":""LocationInfoMessage"",""ProtocolHeadType"":19,""Imei"":""869487064485674"",""SerialNo"":28210,""Mileage"":5627930,""Date"":""2026-04-21T17:53:48Z"",""IopIgnition"":true,""Latitude"":4.7106575965881348,""Longitude"":-74.094009399414063,""Altitude"":2568.300048828125,""ExternalPowerVoltage"":28.09,""Rpm"":-999,""Speed"":25.0,""SatelliteNumber"":16,""Azimuth"":219,""BatteryLevel"":100}]",0x25251300596E320869487064485674003C38402D000000445000000007000061000000FFFFFFFFFFFFFFFFFFFF00D50055E01A00260421175348CD842045223094C2B5BD9640025000DB03922809FFFFFF0000260000FFFFFF
2026-04-21 17:54:13.060,"[{""Protocol"":""0x2525"",""MessageType"":""LocationInfoMessage"",""ProtocolHeadType"":19,""Imei"":""869487064485674"",""SerialNo"":28211,""Mileage"":5628388,""Date"":""2026-04-21T17:54:47Z"",""IopIgnition"":true,""Latitude"":4.7077760696411133,""Longitude"":-74.096961975097656,""Altitude"":2577.39990234375,""ExternalPowerVoltage"":28.1,""Rpm"":-999,""Speed"":38.0,""SatelliteNumber"":15,""Azimuth"":224,""BatteryLevel"":100}]",0x25251300596E330869487064485674003C38402D000000484F00000007000061000000FFFFFFFFFFFFFFFFFFFF00D50055E1E40026042117544766162145A53194C21AA69640038000E003922810FFFFFF0000240000FFFFFF
2026-04-21 17:55:11.463,"[{""Protocol"":""0x2525"",""MessageType"":""LocationInfoMessage"",""ProtocolHeadType"":19,""Imei"":""869487064485674"",""SerialNo"":28212,""Mileage"":5628497,""Date"":""2026-04-21T17:55:48Z"",""IopIgnition"":true,""Latitude"":4.7070765495300293,""Longitude"":-74.097648620605469,""Altitude"":2578.10009765625,""ExternalPowerVoltage"":28.04,""Rpm"":-999,""Speed"":0.0,""SatelliteNumber"":16,""Azimuth"":221,""BatteryLevel"":100}]",0x25251300596E340869487064485674003C38402D0000004F5000000007000061000000FFFFFFFFFFFFFFFFFFFF00D50055E251002604211755489A212145FF3194C25FA09640000000DD03922804FFFFFF0000230000FFFFFF
2026-04-21 17:56:11.267,"[{""Protocol"":""0x2525"",""MessageType"":""LocationInfoMessage"",""ProtocolHeadType"":19,""Imei"":""869487064485674"",""SerialNo"":28213,""Mileage"":5628995,""Date"":""2026-04-21T17:56:48Z"",""IopIgnition"":true,""Latitude"":4.7037258148193359,""Longitude"":-74.1006088256836,""Altitude"":2579.5,""ExternalPowerVoltage"":28.08,""Rpm"":-999,""Speed"":42.0,""SatelliteNumber"":16,""Azimuth"":222,""BatteryLevel"":100}]",0x25251300596E350869487064485674003C38402D000000645000000007000061000000FFFFFFFFFFFFFFFFFFFF00D50055E4430026042117564800382145833394C2EC849640042000DE03922808FFFFFF0000240000FFFFFF
2026-04-21 17:56:29.051,"[{""Protocol"":""0x2525"",""MessageType"":""LocationInfoMessage"",""ProtocolHeadType"":19,""Imei"":""869487064485674"",""SerialNo"":28214,""Mileage"":5629177,""Date"":""2026-04-21T17:57:06Z"",""IopIgnition"":true,""Latitude"":4.7025656700134277,""Longitude"":-74.101722717285156,""Altitude"":2576.699951171875,""ExternalPowerVoltage"":28.11,""Rpm"":-999,""Speed"":34.0,""SatelliteNumber"":15,""Azimuth"":271,""BatteryLevel"":100}]",0x25251300596E360869487064485674003C38402D000000644F00000007000061000000FFFFFFFFFFFFFFFFFFFF00D50055E4F900260421175706330B2145153494C26B7B96400340010F03922811FFFFFF0000250000FFFFFF
2026-04-21 17:56:31.978,"[{""Protocol"":""0x2525"",""MessageType"":""LocationInfoMessage"",""ProtocolHeadType"":19,""Imei"":""869487064485674"",""SerialNo"":28215,""Mileage"":5629206,""Date"":""2026-04-21T17:57:09Z"",""IopIgnition"":true,""Latitude"":4.7026810646057129,""Longitude"":-74.1019515991211,""Altitude"":2575.5,""ExternalPowerVoltage"":28.06,""Rpm"":-999,""Speed"":37.0,""SatelliteNumber"":15,""Azimuth"":318,""BatteryLevel"":100}]",0x25251300596E370869487064485674003C38402D000000644F00000007000061000000FFFFFFFFFFFFFFFFFFFF00D50055E5160026042117570900F82045333494C25D7C96400370013E03922806FFFFFF0000250000FFFFFF
2026-04-21 17:56:36.046,"[{""Protocol"":""0x2525"",""MessageType"":""LocationInfoMessage"",""ProtocolHeadType"":19,""Imei"":""869487064485674"",""SerialNo"":28216,""Mileage"":5629243,""Date"":""2026-04-21T17:57:13Z"",""IopIgnition"":true,""Latitude"":4.7029867172241211,""Longitude"":-74.102043151855469,""Altitude"":2572.10009765625,""ExternalPowerVoltage"":28.07,""Rpm"":-999,""Speed"":27.0,""SatelliteNumber"":16,""Azimuth"":9,""BatteryLevel"":100}]",0x25251300596E380869487064485674003C38402D000000645000000007000061000000FFFFFFFFFFFFFFFFFFFF00D50055E53B002604211757139AC120453F3494C2DE7E96400270000903922807FFFFFF0000260000FFFFFF
2026-04-21 17:56:39.039,"[{""Protocol"":""0x2525"",""MessageType"":""LocationInfoMessage"",""ProtocolHeadType"":19,""Imei"":""869487064485674"",""SerialNo"":28217,""Mileage"":5629266,""Date"":""2026-04-21T17:57:16Z"",""IopIgnition"":true,""Latitude"":4.7031497955322266,""Longitude"":-74.1019287109375,""Altitude"":2571.0,""ExternalPowerVoltage"":28.06,""Rpm"":-999,""Speed"":25.0,""SatelliteNumber"":16,""Azimuth"":58,""BatteryLevel"":100}]",0x25251300596E390869487064485674003C38402D000000645000000007000061000000FFFFFFFFFFFFFFFFFFFF00D50055E5520026042117571600B02045303494C2348096400250003A03922806FFFFFF0000260000FFFFFF
2026-04-21 17:56:43.039,"[{""Protocol"":""0x2525"",""MessageType"":""LocationInfoMessage"",""ProtocolHeadType"":19,""Imei"":""869487064485674"",""SerialNo"":28218,""Mileage"":5629291,""Date"":""2026-04-21T17:57:20Z"",""IopIgnition"":true,""Latitude"":4.7031784057617188,""Longitude"":-74.101715087890625,""Altitude"":2571.10009765625,""ExternalPowerVoltage"":27.86,""Rpm"":-999,""Speed"":18.0,""SatelliteNumber"":16,""Azimuth"":104,""BatteryLevel"":100}]",0x25251300596E3A0869487064485674003C38402D000000645000000007000061000000FFFFFFFFFFFFFFFFFFFF00D50055E56B002604211757209AB12045143494C2708096400180006803922786FFFFFF0000260000FFFFFF
2026-04-21 17:58:10.924,"[{""Protocol"":""0x2525"",""MessageType"":""LocationInfoMessage"",""ProtocolHeadType"":19,""Imei"":""869487064485674"",""SerialNo"":28219,""Mileage"":5629861,""Date"":""2026-04-21T17:58:48Z"",""IopIgnition"":true,""Latitude"":4.700131893157959,""Longitude"":-74.097610473632813,""Altitude"":2580.199951171875,""ExternalPowerVoltage"":28.06,""Rpm"":-999,""Speed"":21.0,""SatelliteNumber"":16,""Azimuth"":121,""BatteryLevel"":100}]",0x25251300596E3B0869487064485674003C38402D000000645000000007000061000000FFFFFFFFFFFFFFFFFFFF00D50055E7A50026042117584833432145FA3194C27B6796400210007903922806FFFFFF0000240000FFFFFF
2026-04-21 17:59:10.723,"[{""Protocol"":""0x2525"",""MessageType"":""LocationInfoMessage"",""ProtocolHeadType"":19,""Imei"":""869487064485674"",""SerialNo"":28220,""Mileage"":5630313,""Date"":""2026-04-21T17:59:48Z"",""IopIgnition"":true,""Latitude"":4.6979384422302246,""Longitude"":-74.094184875488281,""Altitude"":2569.5,""ExternalPowerVoltage"":27.91,""Rpm"":-999,""Speed"":8.0,""SatelliteNumber"":15,""Azimuth"":110,""BatteryLevel"":100}]",0x25251300596E3C0869487064485674003C38402D000000564F00000007000061000000FFFFFFFFFFFFFFFFFFFF00D50055E9690026042117594800982045393094C2835596400080006E03922791FFFFFF0000230000FFFFFF
2026-04-21 18:00:11.544,"[{""Protocol"":""0x2525"",""MessageType"":""LocationInfoMessage"",""ProtocolHeadType"":19,""Imei"":""869487064485674"",""SerialNo"":28221,""Mileage"":5630382,""Date"":""2026-04-21T18:00:48Z"",""IopIgnition"":true,""Latitude"":4.6976490020751953,""Longitude"":-74.093635559082031,""Altitude"":2573.5,""ExternalPowerVoltage"":28.09,""Rpm"":-999,""Speed"":23.0,""SatelliteNumber"":15,""Azimuth"":118,""BatteryLevel"":100}]",0x25251300596E3D0869487064485674003C38402D000000644F00000007000061000000FFFFFFFFFFFFFFFFFFFF00D50055E9AE0026042118004800D82045F12F94C2245396400230007603922809FFFFFF0000230000FFFFFF
2026-04-21 18:01:11.424,"[{""Protocol"":""0x2525"",""MessageType"":""LocationInfoMessage"",""ProtocolHeadType"":19,""Imei"":""869487064485674"",""SerialNo"":28222,""Mileage"":5630986,""Date"":""2026-04-21T18:01:48Z"",""IopIgnition"":true,""Latitude"":4.6951818466186523,""Longitude"":-74.08880615234375,""Altitude"":2576.800048828125,""ExternalPowerVoltage"":28.12,""Rpm"":-999,""Speed"":43.0,""SatelliteNumber"":16,""Azimuth"":120,""BatteryLevel"":100}]",0x25251300596E3E0869487064485674003C38402D000000645000000007000061000000FFFFFFFFFFFFFFFFFFFF00D50055EC0A00260421180148CD0C2145782D94C2EE3E96400430007803922812FFFFFF0000230000FFFFFF
2026-04-21 18:02:11.156,"[{""Protocol"":""0x2525"",""MessageType"":""LocationInfoMessage"",""ProtocolHeadType"":19,""Imei"":""869487064485674"",""SerialNo"":28223,""Mileage"":5631403,""Date"":""2026-04-21T18:02:48Z"",""IopIgnition"":true,""Latitude"":4.69261360168457,""Longitude"":-74.086097717285156,""Altitude"":2571.300048828125,""ExternalPowerVoltage"":27.89,""Rpm"":-999,""Speed"":0.0,""SatelliteNumber"":14,""Azimuth"":139,""BatteryLevel"":100}]",0x25251300596E3F0869487064485674003C38402D000000644E00000007000061000000FFFFFFFFFFFFFFFFFFFF00D50055EDAB00260421180248CDB42045152C94C2E42996400000008B03922789FFFFFF0000230000FFFFFF
2026-04-21 18:03:10.992,"[{""Protocol"":""0x2525"",""MessageType"":""LocationInfoMessage"",""ProtocolHeadType"":19,""Imei"":""869487064485674"",""SerialNo"":28224,""Mileage"":5631972,""Date"":""2026-04-21T18:03:48Z"",""IopIgnition"":true,""Latitude"":4.6885890960693359,""Longitude"":-74.082931518554688,""Altitude"":2569.800048828125,""ExternalPowerVoltage"":28.11,""Rpm"":-999,""Speed"":51.0,""SatelliteNumber"":16,""Azimuth"":141,""BatteryLevel"":100}]",0x25251300596E400869487064485674003C38402D000000565000000007000061000000FFFFFFFFFFFFFFFFFFFF00D50055EFE400260421180348CD9C2045762A94C2EC0896400510008D03922811FFFFFF0000240000FFFFFF
2026-04-21 18:04:10.778,"[{""Protocol"":""0x2525"",""MessageType"":""LocationInfoMessage"",""ProtocolHeadType"":19,""Imei"":""869487064485674"",""SerialNo"":28225,""Mileage"":5632800,""Date"":""2026-04-21T18:04:48Z"",""IopIgnition"":true,""Latitude"":4.682736873626709,""Longitude"":-74.078338623046875,""Altitude"":2566.199951171875,""ExternalPowerVoltage"":28.1,""Rpm"":-999,""Speed"":35.0,""SatelliteNumber"":16,""Azimuth"":140,""BatteryLevel"":100}]",0x25251300596E410869487064485674003C38402D000000645000000007000061000000FFFFFFFFFFFFFFFFFFFF00D50055F32000260421180448336320451C2894C2FBD895400350008C03922810FFFFFF0000240000FFFFFF
2026-04-21 18:05:06.120,"[{""Protocol"":""0x2525"",""MessageType"":""LocationInfoMessage"",""ProtocolHeadType"":19,""Imei"":""869487064485674"",""SerialNo"":28226,""Mileage"":5632947,""Date"":""2026-04-21T18:05:43Z"",""IopIgnition"":true,""Latitude"":4.6816768646240234,""Longitude"":-74.07757568359375,""Altitude"":2568.199951171875,""ExternalPowerVoltage"":27.95,""Rpm"":-999,""Speed"":5.0,""SatelliteNumber"":14,""Azimuth"":187,""BatteryLevel"":100}]",0x25251300596E420869487064485674003C38402D000000644E00000007000061000000FFFFFFFFFFFFFFFFFFFF00D50055F3B30026042118054333832045B82794C24CD09540005000BB03922795FFFFFF0000230000FFFFFF
2026-04-21 18:06:10.902,"[{""Protocol"":""0x2525"",""MessageType"":""LocationInfoMessage"",""ProtocolHeadType"":19,""Imei"":""869487064485674"",""SerialNo"":28227,""Mileage"":5633283,""Date"":""2026-04-21T18:06:48Z"",""IopIgnition"":true,""Latitude"":4.6791548728942871,""Longitude"":-74.079185485839844,""Altitude"":2571.39990234375,""ExternalPowerVoltage"":28.04,""Rpm"":-999,""Speed"":11.0,""SatelliteNumber"":16,""Azimuth"":218,""BatteryLevel"":100}]",0x25251300596E430869487064485674003C38402D000000645000000007000061000000FFFFFFFFFFFFFFFFFFFF00D50055F5030026042118064866B620458B2894C2A3BB9540011000DA03922804FFFFFF0000230000FFFFFF
2026-04-21 18:07:09.097,"[{""Protocol"":""0x2525"",""MessageType"":""LocationInfoMessage"",""ProtocolHeadType"":19,""Imei"":""869487064485674"",""SerialNo"":28228,""Mileage"":5633558,""Date"":""2026-04-21T18:07:46Z"",""IopIgnition"":true,""Latitude"":4.677180290222168,""Longitude"":-74.08062744140625,""Altitude"":2571.300048828125,""ExternalPowerVoltage"":28.01,""Rpm"":-999,""Speed"":6.0,""SatelliteNumber"":15,""Azimuth"":134,""BatteryLevel"":100}]",0x25251300596E440869487064485674003C38402D000000644F00000007000061000000FFFFFFFFFFFFFFFFFFFF00D50055F61600260421180746CDB42045482994C276AB95400060008603922801FFFFFF0000230000FFFFFF
2026-04-21 18:08:10.908,"[{""Protocol"":""0x2525"",""MessageType"":""LocationInfoMessage"",""ProtocolHeadType"":19,""Imei"":""869487064485674"",""SerialNo"":28229,""Mileage"":5633708,""Date"":""2026-04-21T18:08:48Z"",""IopIgnition"":true,""Latitude"":4.6763577461242676,""Longitude"":-74.0795669555664,""Altitude"":2575.10009765625,""ExternalPowerVoltage"":27.86,""Rpm"":-999,""Speed"":6.0,""SatelliteNumber"":16,""Azimuth"":128,""BatteryLevel"":100}]",0x25251300596E450869487064485674003C38402D000000445000000007000061000000FFFFFFFFFFFFFFFFFFFF00D50055F6AC002604211808489AF12045BD2894C2B9A495400060008003922786FFFFFF0000230000FFFFFF
2026-04-21 18:08:37.511,"[{""Protocol"":""0x2525"",""MessageType"":""LocationAlarmMessage"",""ProtocolHeadType"":20,""Imei"":""869487064485674"",""SerialNo"":1065,""Mileage"":5633708,""Date"":""2026-04-21T18:09:14Z"",""IopIgnition"":false,""Latitude"":4.6763577461242676,""Longitude"":-74.0795669555664,""Altitude"":2575.10009765625,""ExternalPowerVoltage"":27.88,""Rpm"":-999,""Speed"":0.0,""SatelliteNumber"":15,""Azimuth"":128,""OriginalAlarmCode"":23}]",0x252514005904290869487064485674003C38402D000000644F00000007000020000000FFFFFFFFFFFFFFFFFFFF17D50055F6AC002604211809149AF12045BD2894C2B9A495400000008003922788FFFFFF0000230000FFFFFF
2026-04-21 18:56:34.127,"[{""Protocol"":""0x2525"",""MessageType"":""LocationAlarmMessage"",""ProtocolHeadType"":20,""Imei"":""869487064485674"",""SerialNo"":1066,""Mileage"":5633708,""Date"":""2026-04-21T18:57:12Z"",""IopIgnition"":true,""Latitude"":4.6763577461242676,""Longitude"":-74.0795669555664,""Altitude"":2575.10009765625,""ExternalPowerVoltage"":25.53,""Rpm"":-999,""Speed"":0.0,""SatelliteNumber"":13,""Azimuth"":128,""OriginalAlarmCode"":22}]",0x2525140059042A0869487064485674003C38402D000000644D00000007000061000000FFFFFFFFFFFFFFFFFFFF16D50055F6AC002604211857129AF12045BD2894C2B9A495400000008003922553FFFFFF0000220000FFFFFF
2026-04-21 18:57:35.367,"[{""Protocol"":""0x2525"",""MessageType"":""LocationInfoMessage"",""ProtocolHeadType"":19,""Imei"":""869487064485674"",""SerialNo"":28230,""Mileage"":5633708,""Date"":""2026-04-21T18:58:13Z"",""IopIgnition"":true,""Latitude"":4.6763577461242676,""Longitude"":-74.0795669555664,""Altitude"":2575.10009765625,""ExternalPowerVoltage"":25.33,""Rpm"":-999,""Speed"":0.0,""SatelliteNumber"":15,""Azimuth"":128,""BatteryLevel"":100}]",0x25251300596E460869487064485674003C38402D000000644F00000007000061000000FFFFFFFFFFFFFFFFFFFF00D50055F6AC002604211858139AF12045BD2894C2B9A495400000008003922533FFFFFF0000220000FFFFFF
2026-04-21 18:58:34.828,"[{""Protocol"":""0x2525"",""MessageType"":""LocationInfoMessage"",""ProtocolHeadType"":19,""Imei"":""869487064485674"",""SerialNo"":28231,""Mileage"":5633708,""Date"":""2026-04-21T18:59:13Z"",""IopIgnition"":true,""Latitude"":4.6763577461242676,""Longitude"":-74.0795669555664,""Altitude"":2575.10009765625,""ExternalPowerVoltage"":25.43,""Rpm"":-999,""Speed"":0.0,""SatelliteNumber"":14,""Azimuth"":128,""BatteryLevel"":100}]",0x25251300596E470869487064485674003C38402D000000644E00000007000061000000FFFFFFFFFFFFFFFFFFFF00D50055F6AC002604211859139AF12045BD2894C2B9A495400000008003922543FFFFFF0000220000FFFFFF
2026-04-21 18:59:34.631,"[{""Protocol"":""0x2525"",""MessageType"":""LocationInfoMessage"",""ProtocolHeadType"":19,""Imei"":""869487064485674"",""SerialNo"":28232,""Mileage"":5633708,""Date"":""2026-04-21T19:00:13Z"",""IopIgnition"":true,""Latitude"":4.6763577461242676,""Longitude"":-74.0795669555664,""Altitude"":2575.10009765625,""ExternalPowerVoltage"":25.53,""Rpm"":-999,""Speed"":0.0,""SatelliteNumber"":15,""Azimuth"":128,""BatteryLevel"":100}]",0x25251300596E480869487064485674003C38402D000000644F00000007000061000000FFFFFFFFFFFFFFFFFFFF00D50055F6AC002604211900139AF12045BD2894C2B9A495400000008003922553FFFFFF0000220000FFFFFF
2026-04-21 19:00:34.431,"[{""Protocol"":""0x2525"",""MessageType"":""LocationInfoMessage"",""ProtocolHeadType"":19,""Imei"":""869487064485674"",""SerialNo"":28233,""Mileage"":5633708,""Date"":""2026-04-21T19:01:13Z"",""IopIgnition"":true,""Latitude"":4.6763577461242676,""Longitude"":-74.0795669555664,""Altitude"":2575.10009765625,""ExternalPowerVoltage"":25.64,""Rpm"":-999,""Speed"":0.0,""SatelliteNumber"":15,""Azimuth"":128,""BatteryLevel"":100}]",0x25251300596E490869487064485674003C38402D000000644F00000007000061000000FFFFFFFFFFFFFFFFFFFF00D50055F6AC002604211901139AF12045BD2894C2B9A495400000008003922564FFFFFF0000220000FFFFFF
2026-04-21 19:01:34.215,"[{""Protocol"":""0x2525"",""MessageType"":""LocationInfoMessage"",""ProtocolHeadType"":19,""Imei"":""869487064485674"",""SerialNo"":28234,""Mileage"":5633708,""Date"":""2026-04-21T19:02:12Z"",""IopIgnition"":true,""Latitude"":4.6763577461242676,""Longitude"":-74.0795669555664,""Altitude"":2575.10009765625,""ExternalPowerVoltage"":25.84,""Rpm"":-999,""Speed"":0.0,""SatelliteNumber"":14,""Azimuth"":128,""BatteryLevel"":100}]",0x25251300596E4A0869487064485674003C38402D000000644E00000007000061000000FFFFFFFFFFFFFFFFFFFF00D50055F6AC002604211902129AF12045BD2894C2B9A495400000008003922584FFFFFF0000220000FFFFFF
2026-04-21 19:02:35.032,"[{""Protocol"":""0x2525"",""MessageType"":""LocationInfoMessage"",""ProtocolHeadType"":19,""Imei"":""869487064485674"",""SerialNo"":28235,""Mileage"":5633708,""Date"":""2026-04-21T19:03:13Z"",""IopIgnition"":true,""Latitude"":4.6763577461242676,""Longitude"":-74.0795669555664,""Altitude"":2575.10009765625,""ExternalPowerVoltage"":25.91,""Rpm"":-999,""Speed"":0.0,""SatelliteNumber"":16,""Azimuth"":128,""BatteryLevel"":100}]",0x25251300596E4B0869487064485674003C38402D000000645000000007000061000000FFFFFFFFFFFFFFFFFFFF00D50055F6AC002604211903139AF12045BD2894C2B9A495400000008003922591FFFFFF0000220000FFFFFF
2026-04-21 19:03:34.841,"[{""Protocol"":""0x2525"",""MessageType"":""LocationInfoMessage"",""ProtocolHeadType"":19,""Imei"":""869487064485674"",""SerialNo"":28236,""Mileage"":5633708,""Date"":""2026-04-21T19:04:13Z"",""IopIgnition"":true,""Latitude"":4.6763577461242676,""Longitude"":-74.0795669555664,""Altitude"":2575.10009765625,""ExternalPowerVoltage"":26.02,""Rpm"":-999,""Speed"":0.0,""SatelliteNumber"":15,""Azimuth"":128,""BatteryLevel"":100}]",0x25251300596E4C0869487064485674003C38402D000000644F00000007000061000000FFFFFFFFFFFFFFFFFFFF00D50055F6AC002604211904139AF12045BD2894C2B9A495400000008003922602FFFFFF0000220000FFFFFF
2026-04-21 19:04:34.662,"[{""Protocol"":""0x2525"",""MessageType"":""LocationInfoMessage"",""ProtocolHeadType"":19,""Imei"":""869487064485674"",""SerialNo"":28237,""Mileage"":5633708,""Date"":""2026-04-21T19:05:13Z"",""IopIgnition"":true,""Latitude"":4.6763577461242676,""Longitude"":-74.0795669555664,""Altitude"":2575.10009765625,""ExternalPowerVoltage"":26.1,""Rpm"":-999,""Speed"":0.0,""SatelliteNumber"":15,""Azimuth"":128,""BatteryLevel"":100}]",0x25251300596E4D0869487064485674003C38402D000000644F00000007000061000000FFFFFFFFFFFFFFFFFFFF00D50055F6AC002604211905139AF12045BD2894C2B9A495400000008003922610FFFFFF0000220000FFFFFF
2026-04-21 19:05:34.474,"[{""Protocol"":""0x2525"",""MessageType"":""LocationInfoMessage"",""ProtocolHeadType"":19,""Imei"":""869487064485674"",""SerialNo"":28238,""Mileage"":5633708,""Date"":""2026-04-21T19:06:13Z"",""IopIgnition"":true,""Latitude"":4.6763577461242676,""Longitude"":-74.0795669555664,""Altitude"":2575.10009765625,""ExternalPowerVoltage"":26.15,""Rpm"":-999,""Speed"":0.0,""SatelliteNumber"":13,""Azimuth"":128,""BatteryLevel"":100}]",0x25251300596E4E0869487064485674003C38402D000000644D00000007000061000000FFFFFFFFFFFFFFFFFFFF00D50055F6AC002604211906139AF12045BD2894C2B9A495400000008003922615FFFFFF0000220000FFFFFF
2026-04-21 19:06:34.292,"[{""Protocol"":""0x2525"",""MessageType"":""LocationInfoMessage"",""ProtocolHeadType"":19,""Imei"":""869487064485674"",""SerialNo"":28239,""Mileage"":5633708,""Date"":""2026-04-21T19:07:12Z"",""IopIgnition"":true,""Latitude"":4.6763577461242676,""Longitude"":-74.0795669555664,""Altitude"":2575.10009765625,""ExternalPowerVoltage"":26.2,""Rpm"":-999,""Speed"":0.0,""SatelliteNumber"":14,""Azimuth"":128,""BatteryLevel"":100}]",0x25251300596E4F0869487064485674003C38402D000000644E00000007000061000000FFFFFFFFFFFFFFFFFFFF00D50055F6AC002604211907129AF12045BD2894C2B9A495400000008003922620FFFFFF0000220000FFFFFF
2026-04-21 19:07:35.156,"[{""Protocol"":""0x2525"",""MessageType"":""LocationInfoMessage"",""ProtocolHeadType"":19,""Imei"":""869487064485674"",""SerialNo"":28240,""Mileage"":5633708,""Date"":""2026-04-21T19:08:13Z"",""IopIgnition"":true,""Latitude"":4.6763577461242676,""Longitude"":-74.0795669555664,""Altitude"":2575.10009765625,""ExternalPowerVoltage"":26.29,""Rpm"":-999,""Speed"":0.0,""SatelliteNumber"":13,""Azimuth"":128,""BatteryLevel"":100}]",0x25251300596E500869487064485674003C38402D000000644D00000007000061000000FFFFFFFFFFFFFFFFFFFF00D50055F6AC002604211908139AF12045BD2894C2B9A495400000008003922629FFFFFF0000220000FFFFFF
2026-04-21 19:08:34.965,"[{""Protocol"":""0x2525"",""MessageType"":""LocationInfoMessage"",""ProtocolHeadType"":19,""Imei"":""869487064485674"",""SerialNo"":28241,""Mileage"":5633708,""Date"":""2026-04-21T19:09:13Z"",""IopIgnition"":true,""Latitude"":4.6763577461242676,""Longitude"":-74.0795669555664,""Altitude"":2575.10009765625,""ExternalPowerVoltage"":26.38,""Rpm"":-999,""Speed"":0.0,""SatelliteNumber"":14,""Azimuth"":128,""BatteryLevel"":100}]",0x25251300596E510869487064485674003C38402D000000644E00000007000061000000FFFFFFFFFFFFFFFFFFFF00D50055F6AC002604211909139AF12045BD2894C2B9A495400000008003922638FFFFFF0000220000FFFFFF
2026-04-21 19:09:34.771,"[{""Protocol"":""0x2525"",""MessageType"":""LocationInfoMessage"",""ProtocolHeadType"":19,""Imei"":""869487064485674"",""SerialNo"":28242,""Mileage"":5633708,""Date"":""2026-04-21T19:10:13Z"",""IopIgnition"":true,""Latitude"":4.6763577461242676,""Longitude"":-74.0795669555664,""Altitude"":2575.10009765625,""ExternalPowerVoltage"":26.39,""Rpm"":-999,""Speed"":0.0,""SatelliteNumber"":13,""Azimuth"":128,""BatteryLevel"":100}]",0x25251300596E520869487064485674003C38402D000000644D00000007000061000000FFFFFFFFFFFFFFFFFFFF00D50055F6AC002604211910139AF12045BD2894C2B9A495400000008003922639FFFFFF0000220000FFFFFF
2026-04-21 19:10:34.570,"[{""Protocol"":""0x2525"",""MessageType"":""LocationInfoMessage"",""ProtocolHeadType"":19,""Imei"":""869487064485674"",""SerialNo"":28243,""Mileage"":5633708,""Date"":""2026-04-21T19:11:13Z"",""IopIgnition"":true,""Latitude"":4.6763577461242676,""Longitude"":-74.0795669555664,""Altitude"":2575.10009765625,""ExternalPowerVoltage"":26.28,""Rpm"":-999,""Speed"":0.0,""SatelliteNumber"":14,""Azimuth"":128,""BatteryLevel"":100}]",0x25251300596E530869487064485674003C38402D000000644E00000007000061000000FFFFFFFFFFFFFFFFFFFF00D50055F6AC002604211911139AF12045BD2894C2B9A495400000008003922628FFFFFF0000220000FFFFFF
2026-04-21 19:11:34.378,"[{""Protocol"":""0x2525"",""MessageType"":""LocationInfoMessage"",""ProtocolHeadType"":19,""Imei"":""869487064485674"",""SerialNo"":28244,""Mileage"":5633708,""Date"":""2026-04-21T19:12:13Z"",""IopIgnition"":true,""Latitude"":4.6763577461242676,""Longitude"":-74.0795669555664,""Altitude"":2575.10009765625,""ExternalPowerVoltage"":27.63,""Rpm"":-999,""Speed"":0.0,""SatelliteNumber"":14,""Azimuth"":128,""BatteryLevel"":100}]",0x25251300596E540869487064485674003C38402D000000644E00000007000061000000FFFFFFFFFFFFFFFFFFFF00D50055F6AC002604211912139AF12045BD2894C2B9A495400000008003922763FFFFFF0000220000FFFFFF
2026-04-21 19:11:56.669,"[{""Protocol"":""0x2525"",""MessageType"":""LocationInfoMessage"",""ProtocolHeadType"":19,""Imei"":""869487064485674"",""SerialNo"":28245,""Mileage"":5633746,""Date"":""2026-04-21T19:12:35Z"",""IopIgnition"":true,""Latitude"":4.6761641502380371,""Longitude"":-74.079299926757813,""Altitude"":2575.699951171875,""ExternalPowerVoltage"":27.26,""Rpm"":-999,""Speed"":9.0,""SatelliteNumber"":15,""Azimuth"":76,""BatteryLevel"":100}]",0x25251300596E550869487064485674003C38402D000000644F00000007000061000000FFFFFFFFFFFFFFFFFFFF00D50055F6D20026042119123533FB20459A2894C223A395400090004C03922726FFFFFF0000220000FFFFFF
2026-04-21 19:12:12.685,"[{""Protocol"":""0x2525"",""MessageType"":""LocationInfoMessage"",""ProtocolHeadType"":19,""Imei"":""869487064485674"",""SerialNo"":28246,""Mileage"":5633828,""Date"":""2026-04-21T19:12:51Z"",""IopIgnition"":true,""Latitude"":4.6767377853393555,""Longitude"":-74.078842163085938,""Altitude"":2575.199951171875,""ExternalPowerVoltage"":27.05,""Rpm"":-999,""Speed"":12.0,""SatelliteNumber"":14,""Azimuth"":25,""BatteryLevel"":100}]",0x25251300596E560869487064485674003C38402D000000484E00000007000061000000FFFFFFFFFFFFFFFFFFFF00D50055F7240026042119125133F320455E2894C2D6A795400120001903922705FFFFFF0000230000FFFFFF
2026-04-21 19:12:15.593,"[{""Protocol"":""0x2525"",""MessageType"":""LocationInfoMessage"",""ProtocolHeadType"":19,""Imei"":""869487064485674"",""SerialNo"":28247,""Mileage"":5633839,""Date"":""2026-04-21T19:12:54Z"",""IopIgnition"":true,""Latitude"":4.6768274307250977,""Longitude"":-74.078842163085938,""Altitude"":2575.60009765625,""ExternalPowerVoltage"":27.16,""Rpm"":-999,""Speed"":12.0,""SatelliteNumber"":15,""Azimuth"":332,""BatteryLevel"":100}]",0x25251300596E570869487064485674003C38402D000000644F00000007000061000000FFFFFFFFFFFFFFFFFFFF00D50055F72F002604211912549AF920455E2894C292A895400120014C03922716FFFFFF0000230000FFFFFF
2026-04-21 19:13:34.472,"[{""Protocol"":""0x2525"",""MessageType"":""LocationInfoMessage"",""ProtocolHeadType"":19,""Imei"":""869487064485674"",""SerialNo"":28248,""Mileage"":5634168,""Date"":""2026-04-21T19:14:13Z"",""IopIgnition"":true,""Latitude"":4.67864990234375,""Longitude"":-74.081169128417969,""Altitude"":2573.199951171875,""ExternalPowerVoltage"":27.93,""Rpm"":-999,""Speed"":10.0,""SatelliteNumber"":15,""Azimuth"":303,""BatteryLevel"":100}]",0x25251300596E580869487064485674003C38402D0000005D4F00000007000061000000FFFFFFFFFFFFFFFFFFFF00D50055F8780026042119141333D320458F2994C280B795400100012F03922793FFFFFF0000220000FFFFFF
2026-04-21 19:14:01.718,"[{""Protocol"":""0x2525"",""MessageType"":""LocationInfoMessage"",""ProtocolHeadType"":19,""Imei"":""869487064485674"",""SerialNo"":28249,""Mileage"":5634257,""Date"":""2026-04-21T19:14:40Z"",""IopIgnition"":true,""Latitude"":4.6791481971740723,""Longitude"":-74.081794738769531,""Altitude"":2575.89990234375,""ExternalPowerVoltage"":27.96,""Rpm"":-999,""Speed"":7.0,""SatelliteNumber"":16,""Azimuth"":350,""BatteryLevel"":100}]",0x25251300596E590869487064485674003C38402D0000004F5000000007000061000000FFFFFFFFFFFFFFFFFFFF00D50055F8D10026042119144066FE2045E12994C295BB95400070015E03922796FFFFFF0000230000FFFFFF
2026-04-21 19:14:03.583,"[{""Protocol"":""0x2525"",""MessageType"":""LocationInfoMessage"",""ProtocolHeadType"":19,""Imei"":""869487064485674"",""SerialNo"":28250,""Mileage"":5634262,""Date"":""2026-04-21T19:14:42Z"",""IopIgnition"":true,""Latitude"":4.67918586730957,""Longitude"":-74.081771850585938,""Altitude"":2575.699951171875,""ExternalPowerVoltage"":28.02,""Rpm"":-999,""Speed"":12.0,""SatelliteNumber"":15,""Azimuth"":47,""BatteryLevel"":100}]",0x25251300596E5A0869487064485674003C38402D0000004F4F00000007000061000000FFFFFFFFFFFFFFFFFFFF00D50055F8D60026042119144233FB2045DE2994C2E4BB95400120002F03922802FFFFFF0000230000FFFFFF
2026-04-21 19:14:31.668,"[{""Protocol"":""0x2525"",""MessageType"":""LocationInfoMessage"",""ProtocolHeadType"":19,""Imei"":""869487064485674"",""SerialNo"":28251,""Mileage"":5634445,""Date"":""2026-04-21T19:15:10Z"",""IopIgnition"":true,""Latitude"":4.6802444458007813,""Longitude"":-74.080558776855469,""Altitude"":2572.300048828125,""ExternalPowerVoltage"":28.08,""Rpm"":-999,""Speed"":16.0,""SatelliteNumber"":14,""Azimuth"":0,""BatteryLevel"":100}]",0x25251300596E5B0869487064485674003C38402D000000644E00000007000061000000FFFFFFFFFFFFFFFFFFFF00D50055F98D00260421191510CDC420453F2994C290C495400160000003922808FFFFFF0000230000FFFFFF
2026-04-21 19:15:34.534,"[{""Protocol"":""0x2525"",""MessageType"":""LocationInfoMessage"",""ProtocolHeadType"":19,""Imei"":""869487064485674"",""SerialNo"":28252,""Mileage"":5634640,""Date"":""2026-04-21T19:16:13Z"",""IopIgnition"":true,""Latitude"":4.6816143989562988,""Longitude"":-74.081626892089844,""Altitude"":2570.5,""ExternalPowerVoltage"":28.03,""Rpm"":-999,""Speed"":0.0,""SatelliteNumber"":14,""Azimuth"":345,""BatteryLevel"":100}]",0x25251300596E5C0869487064485674003C38402D000000524E00000007000061000000FFFFFFFFFFFFFFFFFFFF00D50055FA500026042119161300A82045CB2994C2C9CF95400000015903922803FFFFFF0000220000FFFFFF
2026-04-21 19:15:41.653,"[{""Protocol"":""0x2525"",""MessageType"":""LocationInfoMessage"",""ProtocolHeadType"":19,""Imei"":""869487064485674"",""SerialNo"":28253,""Mileage"":5634654,""Date"":""2026-04-21T19:16:20Z"",""IopIgnition"":true,""Latitude"":4.68173360824585,""Longitude"":-74.081581115722656,""Altitude"":2571.10009765625,""ExternalPowerVoltage"":28.02,""Rpm"":-999,""Speed"":12.0,""SatelliteNumber"":15,""Azimuth"":41,""BatteryLevel"":100}]",0x25251300596E5D0869487064485674003C38402D000000524F00000007000061000000FFFFFFFFFFFFFFFFFFFF00D50055FA5E002604211916209AB12045C52994C2C3D095400120002903922802FFFFFF0000220000FFFFFF
2026-04-21 19:16:37.843,"[{""Protocol"":""0x2525"",""MessageType"":""LocationInfoMessage"",""ProtocolHeadType"":19,""Imei"":""869487064485674"",""SerialNo"":28254,""Mileage"":5635102,""Date"":""2026-04-21T19:17:16Z"",""IopIgnition"":true,""Latitude"":4.6841492652893066,""Longitude"":-74.0783920288086,""Altitude"":2570.0,""ExternalPowerVoltage"":28.07,""Rpm"":-999,""Speed"":17.0,""SatelliteNumber"":16,""Azimuth"":90,""BatteryLevel"":100}]",0x25251300596E5E0869487064485674003C38402D000000645000000007000061000000FFFFFFFFFFFFFFFFFFFF00D50055FC1E0026042119171600A02045232894C28DE495400170005A03922807FFFFFF0000230000FFFFFF
2026-04-21 19:16:43.606,"[{""Protocol"":""0x2525"",""MessageType"":""LocationInfoMessage"",""ProtocolHeadType"":19,""Imei"":""869487064485674"",""SerialNo"":28255,""Mileage"":5635140,""Date"":""2026-04-21T19:17:22Z"",""IopIgnition"":true,""Latitude"":4.6839823722839355,""Longitude"":-74.078117370605469,""Altitude"":2570.300048828125,""ExternalPowerVoltage"":28.06,""Rpm"":-999,""Speed"":26.0,""SatelliteNumber"":16,""Azimuth"":143,""BatteryLevel"":100}]",0x25251300596E5F0869487064485674003C38402D000000645000000007000061000000FFFFFFFFFFFFFFFFFFFF00D50055FC4400260421191722CDA42045FF2794C22FE395400260008F03922806FFFFFF0000230000FFFFFF
2026-04-21 19:16:48.608,"[{""Protocol"":""0x2525"",""MessageType"":""LocationInfoMessage"",""ProtocolHeadType"":19,""Imei"":""869487064485674"",""SerialNo"":28256,""Mileage"":5635175,""Date"":""2026-04-21T19:17:27Z"",""IopIgnition"":true,""Latitude"":4.683685302734375,""Longitude"":-74.078056335449219,""Altitude"":2570.800048828125,""ExternalPowerVoltage"":28.07,""Rpm"":-999,""Speed"":23.0,""SatelliteNumber"":16,""Azimuth"":197,""BatteryLevel"":100}]",0x25251300596E600869487064485674003C38402D000000645000000007000061000000FFFFFFFFFFFFFFFFFFFF00D50055FC6700260421191727CDAC2045F72794C2C0E09540023000C503922807FFFFFF0000250000FFFFFF
2026-04-21 19:16:52.616,"[{""Protocol"":""0x2525"",""MessageType"":""LocationInfoMessage"",""ProtocolHeadType"":19,""Imei"":""869487064485674"",""SerialNo"":28257,""Mileage"":5635199,""Date"":""2026-04-21T19:17:31Z"",""IopIgnition"":true,""Latitude"":4.6835212707519531,""Longitude"":-74.078193664550781,""Altitude"":2570.699951171875,""ExternalPowerVoltage"":28.06,""Rpm"":-999,""Speed"":18.0,""SatelliteNumber"":16,""Azimuth"":244,""BatteryLevel"":100}]",0x25251300596E610869487064485674003C38402D000000645000000007000061000000FFFFFFFFFFFFFFFFFFFF00D50055FC7F0026042119173133AB2045092894C268DF9540018000F403922806FFFFFF0000250000FFFFFF
2026-04-21 19:17:01.696,"[{""Protocol"":""0x2525"",""MessageType"":""LocationInfoMessage"",""ProtocolHeadType"":19,""Imei"":""869487064485674"",""SerialNo"":28258,""Mileage"":5635228,""Date"":""2026-04-21T19:17:40Z"",""IopIgnition"":true,""Latitude"":4.6835122108459473,""Longitude"":-74.078437805175781,""Altitude"":2571.0,""ExternalPowerVoltage"":28.06,""Rpm"":-999,""Speed"":11.0,""SatelliteNumber"":16,""Azimuth"":295,""BatteryLevel"":100}]",0x25251300596E620869487064485674003C38402D000000645000000007000061000000FFFFFFFFFFFFFFFFFFFF00D50055FC9C0026042119174000B02045292894C255DF95400110012703922806FFFFFF0000250000FFFFFF
2026-04-21 19:18:34.466,"[{""Protocol"":""0x2525"",""MessageType"":""LocationInfoMessage"",""ProtocolHeadType"":19,""Imei"":""869487064485674"",""SerialNo"":28259,""Mileage"":5635811,""Date"":""2026-04-21T19:19:13Z"",""IopIgnition"":true,""Latitude"":4.6875696182250977,""Longitude"":-74.0817642211914,""Altitude"":2567.800048828125,""ExternalPowerVoltage"":27.94,""Rpm"":-999,""Speed"":0.0,""SatelliteNumber"":13,""Azimuth"":316,""BatteryLevel"":100}]",0x25251300596E630869487064485674003C38402D000000644D00000007000061000000FFFFFFFFFFFFFFFFFFFF00D50055FEE300260421191913CD7C2045DD2994C2920096400000013C03922794FFFFFF0000220001FFFFFF
2026-04-21 19:19:34.308,"[{""Protocol"":""0x2525"",""MessageType"":""LocationInfoMessage"",""ProtocolHeadType"":19,""Imei"":""869487064485674"",""SerialNo"":28260,""Mileage"":5636206,""Date"":""2026-04-21T19:20:12Z"",""IopIgnition"":true,""Latitude"":4.6903538703918457,""Longitude"":-74.083969116210938,""Altitude"":2573.199951171875,""ExternalPowerVoltage"":28.11,""Rpm"":-999,""Speed"":36.0,""SatelliteNumber"":15,""Azimuth"":322,""BatteryLevel"":100}]",0x25251300596E640869487064485674003C38402D000000644F00000007000061000000FFFFFFFFFFFFFFFFFFFF00D50056006E0026042119201233D32045FE2A94C2611796400360014203922811FFFFFF0000240000FFFFFF
2026-04-21 19:20:35.169,"[{""Protocol"":""0x2525"",""MessageType"":""LocationInfoMessage"",""ProtocolHeadType"":19,""Imei"":""869487064485674"",""SerialNo"":28261,""Mileage"":5636403,""Date"":""2026-04-21T19:21:13Z"",""IopIgnition"":true,""Latitude"":4.6917319297790527,""Longitude"":-74.085075378417969,""Altitude"":2577.10009765625,""ExternalPowerVoltage"":27.92,""Rpm"":-999,""Speed"":0.0,""SatelliteNumber"":16,""Azimuth"":320,""BatteryLevel"":100}]",0x25251300596E650869487064485674003C38402D000000645000000007000061000000FFFFFFFFFFFFFFFFFFFF00D500560133002604211921139A1121458F2B94C2AB2296400000014003922792FFFFFF0000220000FFFFFF
2026-04-21 19:21:35.010,"[{""Protocol"":""0x2525"",""MessageType"":""LocationInfoMessage"",""ProtocolHeadType"":19,""Imei"":""869487064485674"",""SerialNo"":28262,""Mileage"":5636912,""Date"":""2026-04-21T19:22:13Z"",""IopIgnition"":true,""Latitude"":4.6950597763061523,""Longitude"":-74.088180541992188,""Altitude"":2581.300048828125,""ExternalPowerVoltage"":28.12,""Rpm"":-999,""Speed"":38.0,""SatelliteNumber"":16,""Azimuth"":301,""BatteryLevel"":100}]",0x25251300596E660869487064485674003C38402D000000605000000007000061000000FFFFFFFFFFFFFFFFFFFF00D50056033000260421192213CD542145262D94C2EE3D96400380012D03922812FFFFFF0000220000FFFFFF
2026-04-21 19:22:34.792,"[{""Protocol"":""0x2525"",""MessageType"":""LocationInfoMessage"",""ProtocolHeadType"":19,""Imei"":""869487064485674"",""SerialNo"":28263,""Mileage"":5637241,""Date"":""2026-04-21T19:23:13Z"",""IopIgnition"":true,""Latitude"":4.6964635848999023,""Longitude"":-74.090782165527344,""Altitude"":2576.10009765625,""ExternalPowerVoltage"":27.9,""Rpm"":-999,""Speed"":10.0,""SatelliteNumber"":16,""Azimuth"":292,""BatteryLevel"":100}]",0x25251300596E670869487064485674003C38402D000000645000000007000061000000FFFFFFFFFFFFFFFFFFFF00D500560479002604211923139A0121457B2E94C26E4996400100012403922790FFFFFF0000220000FFFFFF
2026-04-21 19:23:34.588,"[{""Protocol"":""0x2525"",""MessageType"":""LocationInfoMessage"",""ProtocolHeadType"":19,""Imei"":""869487064485674"",""SerialNo"":28264,""Mileage"":5637388,""Date"":""2026-04-21T19:24:13Z"",""IopIgnition"":true,""Latitude"":4.6970782279968262,""Longitude"":-74.091957092285156,""Altitude"":2580.10009765625,""ExternalPowerVoltage"":28.13,""Rpm"":-999,""Speed"":20.0,""SatelliteNumber"":15,""Azimuth"":296,""BatteryLevel"":100}]",0x25251300596E680869487064485674003C38402D000000644F00000007000061000000FFFFFFFFFFFFFFFFFFFF00D50056050C002604211924139A412145152F94C2774E96400200012803922813FFFFFF0000220000FFFFFF
2026-04-21 19:24:34.418,"[{""Protocol"":""0x2525"",""MessageType"":""LocationInfoMessage"",""ProtocolHeadType"":19,""Imei"":""869487064485674"",""SerialNo"":28265,""Mileage"":5637466,""Date"":""2026-04-21T19:25:13Z"",""IopIgnition"":true,""Latitude"":4.6974129676818848,""Longitude"":-74.092575073242188,""Altitude"":2582.5,""ExternalPowerVoltage"":27.96,""Rpm"":-999,""Speed"":0.0,""SatelliteNumber"":14,""Azimuth"":300,""BatteryLevel"":100}]",0x25251300596E690869487064485674003C38402D000000644E00000007000061000000FFFFFFFFFFFFFFFFFFFF00D50056055A0026042119251300682145662F94C2355196400000012C03922796FFFFFF0000220000FFFFFF
2026-04-21 19:25:34.219,"[{""Protocol"":""0x2525"",""MessageType"":""LocationInfoMessage"",""ProtocolHeadType"":19,""Imei"":""869487064485674"",""SerialNo"":28266,""Mileage"":5637830,""Date"":""2026-04-21T19:26:12Z"",""IopIgnition"":true,""Latitude"":4.6989727020263672,""Longitude"":-74.095458984375,""Altitude"":2584.800048828125,""ExternalPowerVoltage"":28.19,""Rpm"":-999,""Speed"":43.0,""SatelliteNumber"":14,""Azimuth"":301,""BatteryLevel"":100}]",0x25251300596E6A0869487064485674003C38402D000000414E00000007000061000000FFFFFFFFFFFFFFFFFFFF00D5005606C600260421192612CD8C2145E03094C2FC5D96400430012D03922819FFFFFF0000220000FFFFFF
2026-04-21 19:26:35.027,"[{""Protocol"":""0x2525"",""MessageType"":""LocationInfoMessage"",""ProtocolHeadType"":19,""Imei"":""869487064485674"",""SerialNo"":28267,""Mileage"":5638706,""Date"":""2026-04-21T19:27:13Z"",""IopIgnition"":true,""Latitude"":4.703639030456543,""Longitude"":-74.101791381835938,""Altitude"":2580.800048828125,""ExternalPowerVoltage"":28.01,""Rpm"":-999,""Speed"":29.0,""SatelliteNumber"":15,""Azimuth"":296,""BatteryLevel"":100}]",0x25251300596E6B0869487064485674003C38402D000000644F00000007000061000000FFFFFFFFFFFFFFFFFFFF00D500560A3200260421192713CD4C21451E3494C2368496400290012803922801FFFFFF0000230000FFFFFF
2026-04-21 19:27:34.853,"[{""Protocol"":""0x2525"",""MessageType"":""LocationInfoMessage"",""ProtocolHeadType"":19,""Imei"":""869487064485674"",""SerialNo"":28268,""Mileage"":5638835,""Date"":""2026-04-21T19:28:13Z"",""IopIgnition"":true,""Latitude"":4.7041091918945313,""Longitude"":-74.102851867675781,""Altitude"":2579.199951171875,""ExternalPowerVoltage"":27.94,""Rpm"":-999,""Speed"":0.0,""SatelliteNumber"":14,""Azimuth"":281,""BatteryLevel"":100}]",0x25251300596E6C0869487064485674003C38402D000000644E00000007000061000000FFFFFFFFFFFFFFFFFFFF00D500560AB30026042119281333332145A93494C2108896400000011903922794FFFFFF0000220000FFFFFF
2026-04-21 19:28:34.666,"[{""Protocol"":""0x2525"",""MessageType"":""LocationInfoMessage"",""ProtocolHeadType"":19,""Imei"":""869487064485674"",""SerialNo"":28269,""Mileage"":5638973,""Date"":""2026-04-21T19:29:13Z"",""IopIgnition"":true,""Latitude"":4.7046208381652832,""Longitude"":-74.1039810180664,""Altitude"":2581.60009765625,""ExternalPowerVoltage"":27.94,""Rpm"":-999,""Speed"":5.0,""SatelliteNumber"":16,""Azimuth"":298,""BatteryLevel"":100}]",0x25251300596E6D0869487064485674003C38402D000000595000000007000061000000FFFFFFFFFFFFFFFFFFFF00D500560B3D002604211929139A5921453D3594C2418C96400050012A03922794FFFFFF0000220000FFFFFF
2026-04-21 19:29:34.461,"[{""Protocol"":""0x2525"",""MessageType"":""LocationInfoMessage"",""ProtocolHeadType"":19,""Imei"":""869487064485674"",""SerialNo"":28270,""Mileage"":5639123,""Date"":""2026-04-21T19:30:13Z"",""IopIgnition"":true,""Latitude"":4.7051639556884766,""Longitude"":-74.105216979980469,""Altitude"":2580.89990234375,""ExternalPowerVoltage"":27.95,""Rpm"":-999,""Speed"":5.0,""SatelliteNumber"":16,""Azimuth"":289,""BatteryLevel"":100}]",0x25251300596E6E0869487064485674003C38402D000000595000000007000061000000FFFFFFFFFFFFFFFFFFFF00D500560BD300260421193013664E2145DF3594C2B49096400050012103922795FFFFFF0000220000FFFFFF
2026-04-21 19:30:34.289,"[{""Protocol"":""0x2525"",""MessageType"":""LocationInfoMessage"",""ProtocolHeadType"":19,""Imei"":""869487064485674"",""SerialNo"":28271,""Mileage"":5639161,""Date"":""2026-04-21T19:31:12Z"",""IopIgnition"":true,""Latitude"":4.7052874565124512,""Longitude"":-74.105545043945313,""Altitude"":2581.699951171875,""ExternalPowerVoltage"":28.1,""Rpm"":-999,""Speed"":13.0,""SatelliteNumber"":15,""Azimuth"":288,""BatteryLevel"":100}]",0x25251300596E6F0869487064485674003C38402D000000564F00000007000061000000FFFFFFFFFFFFFFFFFFFF00D500560BF900260421193112335B21450A3694C2B79196400130012003922810FFFFFF0000220000FFFFFF
2026-04-21 19:31:35.170,"[{""Protocol"":""0x2525"",""MessageType"":""LocationInfoMessage"",""ProtocolHeadType"":19,""Imei"":""869487064485674"",""SerialNo"":28272,""Mileage"":5639359,""Date"":""2026-04-21T19:32:13Z"",""IopIgnition"":true,""Latitude"":4.7060704231262207,""Longitude"":-74.107139587402344,""Altitude"":2581.89990234375,""ExternalPowerVoltage"":27.93,""Rpm"":-999,""Speed"":0.0,""SatelliteNumber"":14,""Azimuth"":292,""BatteryLevel"":100}]",0x25251300596E700869487064485674003C38402D000000594E00000007000061000000FFFFFFFFFFFFFFFFFFFF00D500560CBF00260421193213665E2145DB3694C2219896400000012403922793FFFFFF0000220000FFFFFF
2026-04-21 19:32:34.971,"[{""Protocol"":""0x2525"",""MessageType"":""LocationInfoMessage"",""ProtocolHeadType"":19,""Imei"":""869487064485674"",""SerialNo"":28273,""Mileage"":5639498,""Date"":""2026-04-21T19:33:13Z"",""IopIgnition"":true,""Latitude"":4.7066650390625,""Longitude"":-74.108238220214844,""Altitude"":2575.5,""ExternalPowerVoltage"":28.15,""Rpm"":-999,""Speed"":17.0,""SatelliteNumber"":17,""Azimuth"":302,""BatteryLevel"":100}]",0x25251300596E710869487064485674003C38402D000000645100000007000061000000FFFFFFFFFFFFFFFFFFFF00D500560D4A0026042119331300F820456B3794C2009D96400170012E03922815FFFFFF0000220000FFFFFF
2026-04-21 19:33:34.788,"[{""Protocol"":""0x2525"",""MessageType"":""LocationInfoMessage"",""ProtocolHeadType"":19,""Imei"":""869487064485674"",""SerialNo"":28274,""Mileage"":5639744,""Date"":""2026-04-21T19:34:13Z"",""IopIgnition"":true,""Latitude"":4.7080693244934082,""Longitude"":-74.109947204589844,""Altitude"":2576.10009765625,""ExternalPowerVoltage"":27.88,""Rpm"":-999,""Speed"":0.0,""SatelliteNumber"":15,""Azimuth"":314,""BatteryLevel"":100}]",0x25251300596E720869487064485674003C38402D000000604F00000007000061000000FFFFFFFFFFFFFFFFFFFF00D500560E40002604211934139A0121454B3894C281A896400000013A03922788FFFFFF0000220000FFFFFF
2026-04-21 19:34:34.596,"[{""Protocol"":""0x2525"",""MessageType"":""LocationInfoMessage"",""ProtocolHeadType"":19,""Imei"":""869487064485674"",""SerialNo"":28275,""Mileage"":5639799,""Date"":""2026-04-21T19:35:13Z"",""IopIgnition"":true,""Latitude"":4.7084283828735352,""Longitude"":-74.11029052734375,""Altitude"":2575.89990234375,""ExternalPowerVoltage"":28.13,""Rpm"":-999,""Speed"":21.0,""SatelliteNumber"":15,""Azimuth"":312,""BatteryLevel"":100}]",0x25251300596E730869487064485674003C38402D000000644F00000007000061000000FFFFFFFFFFFFFFFFFFFF00D500560E770026042119351366FE2045783894C272AB96400210013803922813FFFFFF0000220000FFFFFF
2026-04-21 19:35:34.382,"[{""Protocol"":""0x2525"",""MessageType"":""LocationInfoMessage"",""ProtocolHeadType"":19,""Imei"":""869487064485674"",""SerialNo"":28276,""Mileage"":5640154,""Date"":""2026-04-21T19:36:13Z"",""IopIgnition"":true,""Latitude"":4.7106032371521,""Longitude"":-74.112625122070313,""Altitude"":2575.10009765625,""ExternalPowerVoltage"":28.12,""Rpm"":-999,""Speed"":48.0,""SatelliteNumber"":15,""Azimuth"":314,""BatteryLevel"":100}]",0x25251300596E740869487064485674003C38402D000000564F00000007000061000000FFFFFFFFFFFFFFFFFFFF00D500560FDA002604211936139AF12045AA3994C243BD96400480013A03922812FFFFFF0000220000FFFFFF
2026-04-21 19:36:34.228,"[{""Protocol"":""0x2525"",""MessageType"":""LocationInfoMessage"",""ProtocolHeadType"":19,""Imei"":""869487064485674"",""SerialNo"":28277,""Mileage"":5640768,""Date"":""2026-04-21T19:37:12Z"",""IopIgnition"":true,""Latitude"":4.7149076461791992,""Longitude"":-74.116050720214844,""Altitude"":2571.89990234375,""ExternalPowerVoltage"":27.86,""Rpm"":-999,""Speed"":8.0,""SatelliteNumber"":16,""Azimuth"":324,""BatteryLevel"":100}]",0x25251300596E750869487064485674003C38402D000000645000000007000061000000FFFFFFFFFFFFFFFFFFFF00D5005612400026042119371266BE20456B3B94C286E096400080014403922786FFFFFF0000220000FFFFFF
2026-04-21 19:37:35.035,"[{""Protocol"":""0x2525"",""MessageType"":""LocationInfoMessage"",""ProtocolHeadType"":19,""Imei"":""869487064485674"",""SerialNo"":28278,""Mileage"":5641060,""Date"":""2026-04-21T19:38:13Z"",""IopIgnition"":true,""Latitude"":4.717043399810791,""Longitude"":-74.117584228515625,""Altitude"":2569.89990234375,""ExternalPowerVoltage"":28.1,""Rpm"":-999,""Speed"":34.0,""SatelliteNumber"":16,""Azimuth"":323,""BatteryLevel"":100}]",0x25251300596E760869487064485674003C38402D000000605000000007000061000000FFFFFFFFFFFFFFFFFFFF00D50056136400260421193813669E2045343C94C205F296400340014303912810FFFFFF0000220000FFFFFF
2026-04-21 19:38:34.818,"[{""Protocol"":""0x2525"",""MessageType"":""LocationInfoMessage"",""ProtocolHeadType"":19,""Imei"":""869487064485674"",""SerialNo"":28279,""Mileage"":5641730,""Date"":""2026-04-21T19:39:13Z"",""IopIgnition"":true,""Latitude"":4.7219486236572266,""Longitude"":-74.121078491210938,""Altitude"":2569.89990234375,""ExternalPowerVoltage"":28.13,""Rpm"":-999,""Speed"":45.0,""SatelliteNumber"":15,""Azimuth"":319,""BatteryLevel"":100}]",0x25251300596E770869487064485674003C38402D000000644F00000007000061000000FFFFFFFFFFFFFFFFFFFF00D50056160200260421193913669E2045FE3D94C2341A97400450013F03912813FFFFFF0000220000FFFFFF
2026-04-21 19:39:34.681,"[{""Protocol"":""0x2525"",""MessageType"":""LocationInfoMessage"",""ProtocolHeadType"":19,""Imei"":""869487064485674"",""SerialNo"":28280,""Mileage"":5642306,""Date"":""2026-04-21T19:40:13Z"",""IopIgnition"":true,""Latitude"":4.7259197235107422,""Longitude"":-74.124404907226563,""Altitude"":2573.39990234375,""ExternalPowerVoltage"":27.88,""Rpm"":-999,""Speed"":0.0,""SatelliteNumber"":11,""Azimuth"":319,""BatteryLevel"":100}]",0x25251300596E780869487064485674003C38402D000000644B00000007000061000000FFFFFFFFFFFFFFFFFFFF00D5005618420026042119401366D62045B23F94C2BC3A97400000013F03922788FFFFFF0000210001FFFFFF
2026-04-21 19:40:34.461,"[{""Protocol"":""0x2525"",""MessageType"":""LocationInfoMessage"",""ProtocolHeadType"":19,""Imei"":""869487064485674"",""SerialNo"":28281,""Mileage"":5642530,""Date"":""2026-04-21T19:41:13Z"",""IopIgnition"":true,""Latitude"":4.7276263236999512,""Longitude"":-74.125289916992188,""Altitude"":2573.0,""ExternalPowerVoltage"":28.2,""Rpm"":-999,""Speed"":22.0,""SatelliteNumber"":16,""Azimuth"":296,""BatteryLevel"":100}]",0x25251300596E790869487064485674003C38402D000000645000000007000061000000FFFFFFFFFFFFFFFFFFFF00D5005619220026042119411300D02045264094C2B74897400220012803912820FFFFFF0000220000FFFFFF
2026-04-21 19:40:38.608,"[{""Protocol"":""0x2525"",""MessageType"":""LocationInfoMessage"",""ProtocolHeadType"":19,""Imei"":""869487064485674"",""SerialNo"":28282,""Mileage"":5642550,""Date"":""2026-04-21T19:41:17Z"",""IopIgnition"":true,""Latitude"":4.7277436256408691,""Longitude"":-74.12542724609375,""Altitude"":2572.39990234375,""ExternalPowerVoltage"":27.74,""Rpm"":-999,""Speed"":17.0,""SatelliteNumber"":16,""Azimuth"":351,""BatteryLevel"":100}]",0x25251300596E7A0869487064485674003C38402D000000645000000007000061000000FFFFFFFFFFFFFFFFFFFF00D5005619360026042119411766C62045384094C2AD4997400170015F03912774FFFFFF0000220000FFFFFF
2026-04-21 19:40:42.600,"[{""Protocol"":""0x2525"",""MessageType"":""LocationInfoMessage"",""ProtocolHeadType"":19,""Imei"":""869487064485674"",""SerialNo"":28283,""Mileage"":5642574,""Date"":""2026-04-21T19:41:21Z"",""IopIgnition"":true,""Latitude"":4.7279362678527832,""Longitude"":-74.125350952148438,""Altitude"":2571.60009765625,""ExternalPowerVoltage"":28.18,""Rpm"":-999,""Speed"":26.0,""SatelliteNumber"":15,""Azimuth"":39,""BatteryLevel"":100}]",0x25251300596E7B0869487064485674003C38402D000000644F00000007000061000000FFFFFFFFFFFFFFFFFFFF00D50056194E002604211941219AB920452E4094C2414B97400260002703912818FFFFFF0000220000FFFFFF
2026-04-21 19:41:00.909,"[{""Protocol"":""0x2525"",""MessageType"":""LocationInfoMessage"",""ProtocolHeadType"":19,""Imei"":""869487064485674"",""SerialNo"":28284,""Mileage"":5642777,""Date"":""2026-04-21T19:41:39Z"",""IopIgnition"":true,""Latitude"":4.7296018600463867,""Longitude"":-74.124748229980469,""Altitude"":2571.39990234375,""ExternalPowerVoltage"":28.16,""Rpm"":-999,""Speed"":47.0,""SatelliteNumber"":16,""Azimuth"":349,""BatteryLevel"":100}]",0x25251300596E7C0869487064485674003C38402D000000605000000007000061000000FFFFFFFFFFFFFFFFFFFF00D500561A190026042119413966B62045DF3F94C2E65897400470015D03922816FFFFFF0000220000FFFFFF
2026-04-21 19:41:55.682,"[{""Protocol"":""0x2525"",""MessageType"":""LocationInfoMessage"",""ProtocolHeadType"":19,""Imei"":""869487064485674"",""SerialNo"":28285,""Mileage"":5643534,""Date"":""2026-04-21T19:42:34Z"",""IopIgnition"":true,""Latitude"":4.7359657287597656,""Longitude"":-74.126846313476563,""Altitude"":2564.89990234375,""ExternalPowerVoltage"":28.06,""Rpm"":-999,""Speed"":39.0,""SatelliteNumber"":17,""Azimuth"":38,""BatteryLevel"":100}]",0x25251300596E7D0869487064485674003C38402D0000005D5100000007000061000000FFFFFFFFFFFFFFFFFFFF00D500561D0E00260421194234664E2045F24094C2088D97400390002603912806FFFFFF0000230000FFFFFF
2026-04-21 19:42:09.659,"[{""Protocol"":""0x2525"",""MessageType"":""LocationInfoMessage"",""ProtocolHeadType"":19,""Imei"":""869487064485674"",""SerialNo"":28286,""Mileage"":5643692,""Date"":""2026-04-21T19:42:48Z"",""IopIgnition"":true,""Latitude"":4.7370204925537109,""Longitude"":-74.125946044921875,""Altitude"":2568.5,""ExternalPowerVoltage"":28.02,""Rpm"":-999,""Speed"":28.0,""SatelliteNumber"":16,""Azimuth"":350,""BatteryLevel"":100}]",0x25251300596E7E0869487064485674003C38402D000000645000000007000061000000FFFFFFFFFFFFFFFFFFFF00D500561DAC00260421194248008820457C4094C2AC9597400280015E03922802FFFFFF0000220000FFFFFF
2026-04-21 19:42:23.656,"[{""Protocol"":""0x2525"",""MessageType"":""LocationInfoMessage"",""ProtocolHeadType"":19,""Imei"":""869487064485674"",""SerialNo"":28287,""Mileage"":5643836,""Date"":""2026-04-21T19:43:02Z"",""IopIgnition"":true,""Latitude"":4.7382497787475586,""Longitude"":-74.1259536743164,""Altitude"":2570.10009765625,""ExternalPowerVoltage"":28.1,""Rpm"":-999,""Speed"":46.0,""SatelliteNumber"":17,""Azimuth"":35,""BatteryLevel"":100}]",0x25251300596E7F0869487064485674003C38402D000000645100000007000061000000FFFFFFFFFFFFFFFFFFFF00D500561E3C002604211943029AA120457D4094C2BE9F97400460002303912810FFFFFF0000240000FFFFFF
2026-04-21 19:42:57.677,"[{""Protocol"":""0x2525"",""MessageType"":""LocationInfoMessage"",""ProtocolHeadType"":19,""Imei"":""869487064485674"",""SerialNo"":28288,""Mileage"":5644160,""Date"":""2026-04-21T19:43:36Z"",""IopIgnition"":true,""Latitude"":4.7404146194458008,""Longitude"":-74.1241226196289,""Altitude"":2567.699951171875,""ExternalPowerVoltage"":28.16,""Rpm"":-999,""Speed"":34.0,""SatelliteNumber"":16,""Azimuth"":82,""BatteryLevel"":100}]",0x25251300596E800869487064485674003C38402D000000565000000007000061000000FFFFFFFFFFFFFFFFFFFF00D500561F8000260421194336337B20458D3F94C27AB197400340005203912816FFFFFF0000220000FFFFFF
2026-04-21 19:43:39.654,"[{""Protocol"":""0x2525"",""MessageType"":""LocationInfoMessage"",""ProtocolHeadType"":19,""Imei"":""869487064485674"",""SerialNo"":28289,""Mileage"":5644425,""Date"":""2026-04-21T19:44:18Z"",""IopIgnition"":true,""Latitude"":4.7411136627197266,""Longitude"":-74.12188720703125,""Altitude"":2568.5,""ExternalPowerVoltage"":28.12,""Rpm"":-999,""Speed"":10.0,""SatelliteNumber"":15,""Azimuth"":28,""BatteryLevel"":100}]",0x25251300596E810869487064485674003C38402D000000484F00000007000061000000FFFFFFFFFFFFFFFFFFFF00D5005620890026042119441800882045683E94C234B797400100001C03912812FFFFFF0000230000FFFFFF
2026-04-21 19:43:41.592,"[{""Protocol"":""0x2525"",""MessageType"":""LocationInfoMessage"",""ProtocolHeadType"":19,""Imei"":""869487064485674"",""SerialNo"":28290,""Mileage"":5644433,""Date"":""2026-04-21T19:44:20Z"",""IopIgnition"":true,""Latitude"":4.741180419921875,""Longitude"":-74.121894836425781,""Altitude"":2567.89990234375,""ExternalPowerVoltage"":28.11,""Rpm"":-999,""Speed"":15.0,""SatelliteNumber"":16,""Azimuth"":341,""BatteryLevel"":100}]",0x25251300596E820869487064485674003C38402D000000485000000007000061000000FFFFFFFFFFFFFFFFFFFF00D50056209100260421194420667E2045693E94C2C0B797400150015503912811FFFFFF0000230000FFFFFF
2026-04-21 19:45:34.473,"[{""Protocol"":""0x2525"",""MessageType"":""LocationInfoMessage"",""ProtocolHeadType"":19,""Imei"":""869487064485674"",""SerialNo"":28291,""Mileage"":5644667,""Date"":""2026-04-21T19:46:13Z"",""IopIgnition"":true,""Latitude"":4.7431168556213379,""Longitude"":-74.1227035522461,""Altitude"":2563.5,""ExternalPowerVoltage"":28.08,""Rpm"":-999,""Speed"":0.0,""SatelliteNumber"":17,""Azimuth"":339,""BatteryLevel"":100}]",0x25251300596E830869487064485674003C38402D000000645100000007000061000000FFFFFFFFFFFFFFFFFFFF00D50056217B0026042119461300382045D33E94C29DC797400000015303922808FFFFFF0000220000FFFFFF
2026-04-21 19:45:38.592,"[{""Protocol"":""0x2525"",""MessageType"":""LocationInfoMessage"",""ProtocolHeadType"":19,""Imei"":""869487064485674"",""SerialNo"":28292,""Mileage"":5644677,""Date"":""2026-04-21T19:46:17Z"",""IopIgnition"":true,""Latitude"":4.743201732635498,""Longitude"":-74.1226577758789,""Altitude"":2565.89990234375,""ExternalPowerVoltage"":27.8,""Rpm"":-999,""Speed"":5.0,""SatelliteNumber"":17,""Azimuth"":44,""BatteryLevel"":100}]",0x25251300596E840869487064485674003C38402D000000645100000007000061000000FFFFFFFFFFFFFFFFFFFF00D50056218500260421194617665E2045CD3E94C24FC897400050002C03922780FFFFFF0000220000FFFFFF
2026-04-21 19:47:34.534,"[{""Protocol"":""0x2525"",""MessageType"":""LocationInfoMessage"",""ProtocolHeadType"":19,""Imei"":""869487064485674"",""SerialNo"":28293,""Mileage"":5645038,""Date"":""2026-04-21T19:48:13Z"",""IopIgnition"":true,""Latitude"":4.7443637847900391,""Longitude"":-74.119636535644531,""Altitude"":2565.89990234375,""ExternalPowerVoltage"":28.19,""Rpm"":-999,""Speed"":19.0,""SatelliteNumber"":16,""Azimuth"":71,""BatteryLevel"":100}]",0x25251300596E850869487064485674003C38402D000000645000000007000061000000FFFFFFFFFFFFFFFFFFFF00D5005622EE00260421194813665E2045413D94C2D4D197400190004703912819FFFFFF0000230000FFFFFF
2026-04-21 19:48:24.681,"[{""Protocol"":""0x2525"",""MessageType"":""LocationInfoMessage"",""ProtocolHeadType"":19,""Imei"":""869487064485674"",""SerialNo"":28294,""Mileage"":5645232,""Date"":""2026-04-21T19:49:03Z"",""IopIgnition"":true,""Latitude"":4.7451715469360352,""Longitude"":-74.118125915527344,""Altitude"":2566.5,""ExternalPowerVoltage"":27.73,""Rpm"":-999,""Speed"":7.0,""SatelliteNumber"":17,""Azimuth"":351,""BatteryLevel"":100}]",0x25251300596E860869487064485674003C38402D000000645100000007000061000000FFFFFFFFFFFFFFFFFFFF00D5005623B000260421194903006820457B3C94C272D897400070015F03922773FFFFFF0000220000FFFFFF
2026-04-21 19:48:55.654,"[{""Protocol"":""0x2525"",""MessageType"":""LocationInfoMessage"",""ProtocolHeadType"":19,""Imei"":""869487064485674"",""SerialNo"":28295,""Mileage"":5645375,""Date"":""2026-04-21T19:49:34Z"",""IopIgnition"":true,""Latitude"":4.7463679313659668,""Longitude"":-74.118598937988281,""Altitude"":2567.39990234375,""ExternalPowerVoltage"":27.4,""Rpm"":-999,""Speed"":8.0,""SatelliteNumber"":16,""Azimuth"":292,""BatteryLevel"":100}]",0x25251300596E870869487064485674003C38402D0000004F5000000007000061000000FFFFFFFFFFFFFFFFFFFF00D50056243F0026042119493466762045B93C94C23FE297400080012403912740FFFFFF0000220000FFFFFF
2026-04-21 19:49:23.754,"[{""Protocol"":""0x2525"",""MessageType"":""LocationInfoMessage"",""ProtocolHeadType"":19,""Imei"":""869487064485674"",""SerialNo"":28296,""Mileage"":5645486,""Date"":""2026-04-21T19:50:02Z"",""IopIgnition"":true,""Latitude"":4.7461423873901367,""Longitude"":-74.119560241699219,""Altitude"":2566.39990234375,""ExternalPowerVoltage"":28.12,""Rpm"":-999,""Speed"":23.0,""SatelliteNumber"":18,""Azimuth"":245,""BatteryLevel"":100}]",0x25251300596E880869487064485674003C38402D0000005D5200000007000061000000FFFFFFFFFFFFFFFFFFFF00D5005624AE0026042119500266662045373D94C266E09740023000F503912812FFFFFF0000220000FFFFFF
2026-04-21 19:49:50.672,"[{""Protocol"":""0x2525"",""MessageType"":""LocationInfoMessage"",""ProtocolHeadType"":19,""Imei"":""869487064485674"",""SerialNo"":28297,""Mileage"":5645652,""Date"":""2026-04-21T19:50:29Z"",""IopIgnition"":true,""Latitude"":4.7456588745117188,""Longitude"":-74.1209716796875,""Altitude"":2560.39990234375,""ExternalPowerVoltage"":27.54,""Rpm"":-999,""Speed"":5.0,""SatelliteNumber"":17,""Azimuth"":305,""BatteryLevel"":100}]",0x25251300596E890869487064485674003C38402D000000485100000007000061000000FFFFFFFFFFFFFFFFFFFF00D5005625540026042119502966062045F03D94C270DC97400050013103912754FFFFFF0000220000FFFFFF
2026-04-21 19:50:06.670,"[{""Protocol"":""0x2525"",""MessageType"":""LocationInfoMessage"",""ProtocolHeadType"":19,""Imei"":""869487064485674"",""SerialNo"":28298,""Mileage"":5645726,""Date"":""2026-04-21T19:50:45Z"",""IopIgnition"":true,""Latitude"":4.7462663650512695,""Longitude"":-74.121231079101563,""Altitude"":2565.0,""ExternalPowerVoltage"":27.81,""Rpm"":-999,""Speed"":7.0,""SatelliteNumber"":16,""Azimuth"":4,""BatteryLevel"":100}]",0x25251300596E8A0869487064485674003C38402D0000005D5000000007000061000000FFFFFFFFFFFFFFFFFFFF00D50056259E0026042119504500502045123E94C26AE197400070000403912781FFFFFF0000220000FFFFFF
2026-04-21 19:50:13.668,"[{""Protocol"":""0x2525"",""MessageType"":""LocationInfoMessage"",""ProtocolHeadType"":19,""Imei"":""869487064485674"",""SerialNo"":28299,""Mileage"":5645733,""Date"":""2026-04-21T19:50:52Z"",""IopIgnition"":true,""Latitude"":4.7463011741638184,""Longitude"":-74.121284484863281,""Altitude"":2568.300048828125,""ExternalPowerVoltage"":28.11,""Rpm"":-999,""Speed"":10.0,""SatelliteNumber"":15,""Azimuth"":268,""BatteryLevel"":100}]",0x25251300596E8B0869487064485674003C38402D0000005D4F00000007000061000000FFFFFFFFFFFFFFFFFFFF00D5005625A500260421195052CD842045193E94C2B3E197400100010C03912811FFFFFF0000220000FFFFFF
2026-04-21 19:51:34.512,"[{""Protocol"":""0x2525"",""MessageType"":""LocationInfoMessage"",""ProtocolHeadType"":19,""Imei"":""869487064485674"",""SerialNo"":28300,""Mileage"":5646181,""Date"":""2026-04-21T19:52:13Z"",""IopIgnition"":true,""Latitude"":4.7450089454650879,""Longitude"":-74.1250991821289,""Altitude"":2568.39990234375,""ExternalPowerVoltage"":28.12,""Rpm"":-999,""Speed"":15.0,""SatelliteNumber"":17,""Azimuth"":254,""BatteryLevel"":100}]",0x25251300596E8C0869487064485674003C38402D000000525100000007000061000000FFFFFFFFFFFFFFFFFFFF00D50056276500260421195213668620450D4094C21DD79740015000FE03912812FFFFFF0000250000FFFFFF
2026-04-21 19:52:34.315,"[{""Protocol"":""0x2525"",""MessageType"":""LocationInfoMessage"",""ProtocolHeadType"":19,""Imei"":""869487064485674"",""SerialNo"":28301,""Mileage"":5646362,""Date"":""2026-04-21T19:53:13Z"",""IopIgnition"":true,""Latitude"":4.7445063591003418,""Longitude"":-74.126640319824219,""Altitude"":2571.0,""ExternalPowerVoltage"":28.13,""Rpm"":-999,""Speed"":19.0,""SatelliteNumber"":16,""Azimuth"":248,""BatteryLevel"":100}]",0x25251300596E8D0869487064485674003C38402D000000485000000007000061000000FFFFFFFFFFFFFFFFFFFF00D50056281A0026042119531300B02045D74094C2FFD29740019000F803912813FFFFFF0000220000FFFFFF
2026-04-21 19:53:35.224,"[{""Protocol"":""0x2525"",""MessageType"":""LocationInfoMessage"",""ProtocolHeadType"":19,""Imei"":""869487064485674"",""SerialNo"":28302,""Mileage"":5646603,""Date"":""2026-04-21T19:54:13Z"",""IopIgnition"":true,""Latitude"":4.74446439743042,""Longitude"":-74.128707885742188,""Altitude"":2566.5,""ExternalPowerVoltage"":28.23,""Rpm"":-999,""Speed"":5.0,""SatelliteNumber"":17,""Azimuth"":221,""BatteryLevel"":100}]",0x25251300596E8E0869487064485674003C38402D0000003A5100000007000061000000FFFFFFFFFFFFFFFFFFFF00D50056290B0026042119541300682045E64194C2A7D29740005000DD03912823FFFFFF0000220000FFFFFF
2026-04-21 19:54:35.022,"[{""Protocol"":""0x2525"",""MessageType"":""LocationInfoMessage"",""ProtocolHeadType"":19,""Imei"":""869487064485674"",""SerialNo"":28303,""Mileage"":5646865,""Date"":""2026-04-21T19:55:13Z"",""IopIgnition"":true,""Latitude"":4.7423429489135742,""Longitude"":-74.129447937011719,""Altitude"":2575.89990234375,""ExternalPowerVoltage"":28.42,""Rpm"":-999,""Speed"":22.0,""SatelliteNumber"":16,""Azimuth"":253,""BatteryLevel"":100}]",0x25251300596E8F0869487064485674003C38402D000000565000000007000061000000FFFFFFFFFFFFFFFFFFFF00D500562A110026042119551366FE2045474294C246C19740022000FD03912842FFFFFF0000220000FFFFFF
2026-04-21 19:54:54.733,"[{""Protocol"":""0x2525"",""MessageType"":""LocationInfoMessage"",""ProtocolHeadType"":19,""Imei"":""869487064485674"",""SerialNo"":28304,""Mileage"":5646996,""Date"":""2026-04-21T19:55:33Z"",""IopIgnition"":true,""Latitude"":4.7420110702514648,""Longitude"":-74.130569458007813,""Altitude"":2571.89990234375,""ExternalPowerVoltage"":28.03,""Rpm"":-999,""Speed"":8.0,""SatelliteNumber"":16,""Azimuth"":193,""BatteryLevel"":100}]",0x25251300596E900869487064485674003C38402D0000003E5000000007000061000000FFFFFFFFFFFFFFFFFFFF00D500562A940026042119553366BE2045DA4294C28EBE9740008000C103922803FFFFFF0000220000FFFFFF
2026-04-21 19:54:57.600,"[{""Protocol"":""0x2525"",""MessageType"":""LocationInfoMessage"",""ProtocolHeadType"":19,""Imei"":""869487064485674"",""SerialNo"":28305,""Mileage"":5647007,""Date"":""2026-04-21T19:55:36Z"",""IopIgnition"":true,""Latitude"":4.7419180870056152,""Longitude"":-74.13055419921875,""Altitude"":2572.5,""ExternalPowerVoltage"":28.43,""Rpm"":-999,""Speed"":13.0,""SatelliteNumber"":16,""Azimuth"":144,""BatteryLevel"":100}]",0x25251300596E910869487064485674003C38402D0000003E5000000007000061000000FFFFFFFFFFFFFFFFFFFF00D500562A9F0026042119553600C82045D84294C2CBBD97400130009003922843FFFFFF0000220000FFFFFF
2026-04-21 19:55:28.774,"[{""Protocol"":""0x2525"",""MessageType"":""LocationInfoMessage"",""ProtocolHeadType"":19,""Imei"":""869487064485674"",""SerialNo"":28306,""Mileage"":5647215,""Date"":""2026-04-21T19:56:07Z"",""IopIgnition"":true,""Latitude"":4.7402410507202148,""Longitude"":-74.1297607421875,""Altitude"":2577.5,""ExternalPowerVoltage"":28.08,""Rpm"":-999,""Speed"":6.0,""SatelliteNumber"":16,""Azimuth"":95,""BatteryLevel"":100}]",0x25251300596E920869487064485674003C38402D000000445000000007000061000000FFFFFFFFFFFFFFFFFFFF00D500562B6F0026042119560700182145704294C20EB097400060005F03922808FFFFFF0000220000FFFFFF
2026-04-21 19:56:34.582,"[{""Protocol"":""0x2525"",""MessageType"":""LocationInfoMessage"",""ProtocolHeadType"":19,""Imei"":""869487064485674"",""SerialNo"":28307,""Mileage"":5647293,""Date"":""2026-04-21T19:57:13Z"",""IopIgnition"":true,""Latitude"":4.7404670715332031,""Longitude"":-74.129096984863281,""Altitude"":2574.199951171875,""ExternalPowerVoltage"":25.06,""Rpm"":-999,""Speed"":0.0,""SatelliteNumber"":14,""Azimuth"":66,""BatteryLevel"":100}]",0x25251300596E930869487064485674003C38402D000000604E00000007000061000000FFFFFFFFFFFFFFFFFFFF00D500562BBD0026042119571333E32045194294C2E8B197400000004203922506FFFFFF0000210000FFFFFF
2026-04-21 19:57:34.402,"[{""Protocol"":""0x2525"",""MessageType"":""LocationInfoMessage"",""ProtocolHeadType"":19,""Imei"":""869487064485674"",""SerialNo"":28308,""Mileage"":5647293,""Date"":""2026-04-21T19:58:13Z"",""IopIgnition"":true,""Latitude"":4.7404670715332031,""Longitude"":-74.129096984863281,""Altitude"":2574.199951171875,""ExternalPowerVoltage"":25.07,""Rpm"":-999,""Speed"":0.0,""SatelliteNumber"":15,""Azimuth"":66,""BatteryLevel"":100}]",0x25251300596E940869487064485674003C38402D000000644F00000007000061000000FFFFFFFFFFFFFFFFFFFF00D500562BBD0026042119581333E32045194294C2E8B197400000004203912507FFFFFF0000210000FFFFFF
2026-04-21 19:58:34.232,"[{""Protocol"":""0x2525"",""MessageType"":""LocationInfoMessage"",""ProtocolHeadType"":19,""Imei"":""869487064485674"",""SerialNo"":28309,""Mileage"":5647402,""Date"":""2026-04-21T19:59:12Z"",""IopIgnition"":true,""Latitude"":4.740809440612793,""Longitude"":-74.128181457519531,""Altitude"":2572.699951171875,""ExternalPowerVoltage"":27.83,""Rpm"":-999,""Speed"":29.0,""SatelliteNumber"":16,""Azimuth"":69,""BatteryLevel"":100}]",0x25251300596E950869487064485674003C38402D000000645000000007000061000000FFFFFFFFFFFFFFFFFFFF00D500562C2A0026042119591233CB2045A14194C2B6B497400290004503922783FFFFFF0000220000FFFFFF
2026-04-21 19:59:35.023,"[{""Protocol"":""0x2525"",""MessageType"":""LocationInfoMessage"",""ProtocolHeadType"":19,""Imei"":""869487064485674"",""SerialNo"":28310,""Mileage"":5647815,""Date"":""2026-04-21T20:00:13Z"",""IopIgnition"":true,""Latitude"":4.7422609329223633,""Longitude"":-74.124763488769531,""Altitude"":2567.300048828125,""ExternalPowerVoltage"":27.93,""Rpm"":-999,""Speed"":15.0,""SatelliteNumber"":16,""Azimuth"":73,""BatteryLevel"":100}]",0x25251300596E960869487064485674003C38402D000000605000000007000061000000FFFFFFFFFFFFFFFFFFFF00D500562DC700260421200013CD742045E13F94C29AC097400150004903922793FFFFFF0000220000FFFFFF
2026-04-21 19:59:45.786,"[{""Protocol"":""0x2525"",""MessageType"":""LocationInfoMessage"",""ProtocolHeadType"":19,""Imei"":""869487064485674"",""SerialNo"":28311,""Mileage"":5647849,""Date"":""2026-04-21T20:00:24Z"",""IopIgnition"":true,""Latitude"":4.7423543930053711,""Longitude"":-74.124481201171875,""Altitude"":2567.699951171875,""ExternalPowerVoltage"":26.39,""Rpm"":-999,""Speed"":10.0,""SatelliteNumber"":17,""Azimuth"":134,""BatteryLevel"":100}]",0x25251300596E970869487064485674003C38402D000000645100000007000061000000FFFFFFFFFFFFFFFFFFFF00D500562DE900260421200024337B2045BC3F94C25EC197400100008603922639FFFFFF0000240000FFFFFF
2026-04-21 20:00:47.686,"[{""Protocol"":""0x2525"",""MessageType"":""LocationInfoMessage"",""ProtocolHeadType"":19,""Imei"":""869487064485674"",""SerialNo"":28312,""Mileage"":5648064,""Date"":""2026-04-21T20:01:26Z"",""IopIgnition"":true,""Latitude"":4.7405867576599121,""Longitude"":-74.123733520507813,""Altitude"":2565.60009765625,""ExternalPowerVoltage"":27.83,""Rpm"":-999,""Speed"":11.0,""SatelliteNumber"":16,""Azimuth"":183,""BatteryLevel"":100}]",0x25251300596E980869487064485674003C38402D000000415000000007000061000000FFFFFFFFFFFFFFFFFFFF00D500562EC0002604212001269A5920455A3F94C2E3B29740011000B703912783FFFFFF0000210000FFFFFF
2026-04-21 20:00:51.677,"[{""Protocol"":""0x2525"",""MessageType"":""LocationInfoMessage"",""ProtocolHeadType"":19,""Imei"":""869487064485674"",""SerialNo"":28313,""Mileage"":5648080,""Date"":""2026-04-21T20:01:30Z"",""IopIgnition"":true,""Latitude"":4.74048376083374,""Longitude"":-74.123825073242188,""Altitude"":2566.5,""ExternalPowerVoltage"":28.15,""Rpm"":-999,""Speed"":15.0,""SatelliteNumber"":17,""Azimuth"":246,""BatteryLevel"":100}]",0x25251300596E990869487064485674003C38402D000000415100000007000061000000FFFFFFFFFFFFFFFFFFFF00D500562ED00026042120013000682045663F94C20BB29740015000F603912815FFFFFF0000210000FFFFFF
2026-04-21 20:01:42.668,"[{""Protocol"":""0x2525"",""MessageType"":""LocationInfoMessage"",""ProtocolHeadType"":19,""Imei"":""869487064485674"",""SerialNo"":28314,""Mileage"":5648477,""Date"":""2026-04-21T20:02:21Z"",""IopIgnition"":true,""Latitude"":4.7379918098449707,""Longitude"":-74.126136779785156,""Altitude"":2571.199951171875,""ExternalPowerVoltage"":28.26,""Rpm"":-999,""Speed"":28.0,""SatelliteNumber"":16,""Azimuth"":199,""BatteryLevel"":100}]",0x25251300596E9A0869487064485674003C38402D000000645000000007000061000000FFFFFFFFFFFFFFFFFFFF00D50056305D0026042120022133B32045954094C2A19D9740028000C703912826FFFFFF0000220000FFFFFF
2026-04-21 20:03:34.394,"[{""Protocol"":""0x2525"",""MessageType"":""LocationInfoMessage"",""ProtocolHeadType"":19,""Imei"":""869487064485674"",""SerialNo"":28315,""Mileage"":5649360,""Date"":""2026-04-21T20:04:13Z"",""IopIgnition"":true,""Latitude"":4.73079252243042,""Longitude"":-74.125244140625,""Altitude"":2574.300048828125,""ExternalPowerVoltage"":28.38,""Rpm"":-999,""Speed"":32.0,""SatelliteNumber"":16,""Azimuth"":159,""BatteryLevel"":100}]",0x25251300596E9B0869487064485674003C38402D000000645000000007000061000000FFFFFFFFFFFFFFFFFFFF00D5005633D000260421200413CDE42045204094C2A76297400320009F03912838FFFFFF0000230000FFFFFF
2026-04-21 20:04:06.644,"[{""Protocol"":""0x2525"",""MessageType"":""LocationInfoMessage"",""ProtocolHeadType"":19,""Imei"":""869487064485674"",""SerialNo"":28316,""Mileage"":5649614,""Date"":""2026-04-21T20:04:45Z"",""IopIgnition"":true,""Latitude"":4.7286200523376465,""Longitude"":-74.124954223632813,""Altitude"":2571.39990234375,""ExternalPowerVoltage"":28.27,""Rpm"":-999,""Speed"":32.0,""SatelliteNumber"":16,""Azimuth"":205,""BatteryLevel"":100}]",0x25251300596E9C0869487064485674003C38402D000000645000000007000061000000FFFFFFFFFFFFFFFFFFFF00D5005634CE0026042120044566B62045FA3F94C2DB509740032000CD03912827FFFFFF0000210000FFFFFF
2026-04-21 20:04:41.689,"[{""Protocol"":""0x2525"",""MessageType"":""LocationInfoMessage"",""ProtocolHeadType"":19,""Imei"":""869487064485674"",""SerialNo"":28317,""Mileage"":5649819,""Date"":""2026-04-21T20:05:20Z"",""IopIgnition"":true,""Latitude"":4.727109432220459,""Longitude"":-74.125869750976563,""Altitude"":2571.39990234375,""ExternalPowerVoltage"":28.43,""Rpm"":-999,""Speed"":29.0,""SatelliteNumber"":16,""Azimuth"":156,""BatteryLevel"":100}]",0x25251300596E9D0869487064485674003C38402D000000645000000007000061000000FFFFFFFFFFFFFFFFFFFF00D50056359B0026042120052066B62045724094C27B4497400290009C03912843FFFFFF0000220000FFFFFF
2026-04-21 20:06:34.482,"[{""Protocol"":""0x2525"",""MessageType"":""LocationInfoMessage"",""ProtocolHeadType"":19,""Imei"":""869487064485674"",""SerialNo"":28318,""Mileage"":5650293,""Date"":""2026-04-21T20:07:13Z"",""IopIgnition"":true,""Latitude"":4.7238674163818359,""Longitude"":-74.123100280761719,""Altitude"":2566.5,""ExternalPowerVoltage"":27.96,""Rpm"":-999,""Speed"":0.0,""SatelliteNumber"":14,""Azimuth"":134,""BatteryLevel"":100}]",0x25251300596E9E0869487064485674003C38402D0000005D4E00000007000061000000FFFFFFFFFFFFFFFFFFFF00D5005637750026042120071300682045073F94C2EC2997400000008603912796FFFFFF0000220000FFFFFF
2026-04-21 20:07:34.274,"[{""Protocol"":""0x2525"",""MessageType"":""LocationInfoMessage"",""ProtocolHeadType"":19,""Imei"":""869487064485674"",""SerialNo"":28319,""Mileage"":5650568,""Date"":""2026-04-21T20:08:12Z"",""IopIgnition"":true,""Latitude"":4.7219781875610352,""Longitude"":-74.121513366699219,""Altitude"":2571.199951171875,""ExternalPowerVoltage"":27.83,""Rpm"":-999,""Speed"":0.0,""SatelliteNumber"":15,""Azimuth"":141,""BatteryLevel"":100}]",0x25251300596E9F0869487064485674003C38402D000000644F00000007000061000000FFFFFFFFFFFFFFFFFFFF00D5005638880026042120081233B32045373E94C2721A97400000008D03912783FFFFFF0000210000FFFFFF
2026-04-21 20:08:35.186,"[{""Protocol"":""0x2525"",""MessageType"":""LocationInfoMessage"",""ProtocolHeadType"":19,""Imei"":""869487064485674"",""SerialNo"":28320,""Mileage"":5650980,""Date"":""2026-04-21T20:09:13Z"",""IopIgnition"":true,""Latitude"":4.71895170211792,""Longitude"":-74.119377136230469,""Altitude"":2572.300048828125,""ExternalPowerVoltage"":28.17,""Rpm"":-999,""Speed"":73.0,""SatelliteNumber"":16,""Azimuth"":146,""BatteryLevel"":100}]",0x25251300596EA00869487064485674003C38402D000000645000000007000061000000FFFFFFFFFFFFFFFFFFFF00D500563A2400260421200913CDC420451F3D94C2A70197400730009203912817FFFFFF0000210000FFFFFF
2026-04-21 20:09:34.974,"[{""Protocol"":""0x2525"",""MessageType"":""LocationInfoMessage"",""ProtocolHeadType"":19,""Imei"":""869487064485674"",""SerialNo"":28321,""Mileage"":5651429,""Date"":""2026-04-21T20:10:13Z"",""IopIgnition"":true,""Latitude"":4.7156734466552734,""Longitude"":-74.117019653320313,""Altitude"":2572.800048828125,""ExternalPowerVoltage"":28.12,""Rpm"":-999,""Speed"":28.0,""SatelliteNumber"":16,""Azimuth"":145,""BatteryLevel"":100}]",0x25251300596EA10869487064485674003C38402D000000645000000007000061000000FFFFFFFFFFFFFFFFFFFF00D500563BE500260421201013CDCC2045EA3B94C2CCE696400280009103912812FFFFFF0000210000FFFFFF
2026-04-21 20:10:34.773,"[{""Protocol"":""0x2525"",""MessageType"":""LocationInfoMessage"",""ProtocolHeadType"":19,""Imei"":""869487064485674"",""SerialNo"":28322,""Mileage"":5651672,""Date"":""2026-04-21T20:11:13Z"",""IopIgnition"":true,""Latitude"":4.7138876914978027,""Longitude"":-74.115760803222656,""Altitude"":2572.699951171875,""ExternalPowerVoltage"":27.93,""Rpm"":-999,""Speed"":0.0,""SatelliteNumber"":15,""Azimuth"":140,""BatteryLevel"":100}]",0x25251300596EA20869487064485674003C38402D000000644F00000007000061000000FFFFFFFFFFFFFFFFFFFF00D500563CD80026042120111333CB2045453B94C22BD896400000008C03912793FFFFFF0000210000FFFFFF
2026-04-21 20:11:34.586,"[{""Protocol"":""0x2525"",""MessageType"":""LocationInfoMessage"",""ProtocolHeadType"":19,""Imei"":""869487064485674"",""SerialNo"":28323,""Mileage"":5652139,""Date"":""2026-04-21T20:12:13Z"",""IopIgnition"":true,""Latitude"":4.7106504440307617,""Longitude"":-74.113105773925781,""Altitude"":2573.699951171875,""ExternalPowerVoltage"":28.12,""Rpm"":-999,""Speed"":36.0,""SatelliteNumber"":17,""Azimuth"":133,""BatteryLevel"":100}]",0x25251300596EA30869487064485674003C38402D000000595100000007000061000000FFFFFFFFFFFFFFFFFFFF00D500563EAB0026042120121333DB2045E93994C2A6BD96400360008503912812FFFFFF0000220000FFFFFF
2026-04-21 20:12:34.396,"[{""Protocol"":""0x2525"",""MessageType"":""LocationInfoMessage"",""ProtocolHeadType"":19,""Imei"":""869487064485674"",""SerialNo"":28324,""Mileage"":5652435,""Date"":""2026-04-21T20:13:13Z"",""IopIgnition"":true,""Latitude"":4.7088217735290527,""Longitude"":-74.111175537109375,""Altitude"":2577.0,""ExternalPowerVoltage"":28.12,""Rpm"":-999,""Speed"":46.0,""SatelliteNumber"":16,""Azimuth"":132,""BatteryLevel"":100}]",0x25251300596EA40869487064485674003C38402D000000645000000007000061000000FFFFFFFFFFFFFFFFFFFF00D500563FD30026042120131300102145EC3894C2ABAE96400460008403912812FFFFFF0000220000FFFFFF
2026-04-21 20:13:34.231,"[{""Protocol"":""0x2525"",""MessageType"":""LocationInfoMessage"",""ProtocolHeadType"":19,""Imei"":""869487064485674"",""SerialNo"":28325,""Mileage"":5652666,""Date"":""2026-04-21T20:14:12Z"",""IopIgnition"":true,""Latitude"":4.7073802947998047,""Longitude"":-74.109672546386719,""Altitude"":2572.60009765625,""ExternalPowerVoltage"":27.9,""Rpm"":-999,""Speed"":0.0,""SatelliteNumber"":15,""Azimuth"":129,""BatteryLevel"":100}]",0x25251300596EA50869487064485674003C38402D000000644F00000007000061000000FFFFFFFFFFFFFFFFFFFF00D5005640BA002604212014129AC92045273894C2DCA296400000008103912790FFFFFF0000210000FFFFFF
2026-04-21 20:14:35.066,"[{""Protocol"":""0x2525"",""MessageType"":""LocationInfoMessage"",""ProtocolHeadType"":19,""Imei"":""869487064485674"",""SerialNo"":28326,""Mileage"":5652742,""Date"":""2026-04-21T20:15:13Z"",""IopIgnition"":true,""Latitude"":4.7069253921508789,""Longitude"":-74.109161376953125,""Altitude"":2570.60009765625,""ExternalPowerVoltage"":27.78,""Rpm"":-999,""Speed"":0.0,""SatelliteNumber"":15,""Azimuth"":125,""BatteryLevel"":100}]",0x25251300596EA60869487064485674003C38402D000000644F00000007000061000000FFFFFFFFFFFFFFFFFFFF00D500564106002604212015139AA92045E43794C2229F96400000007D03912778FFFFFF0000210000FFFFFF
2026-04-21 20:15:34.893,"[{""Protocol"":""0x2525"",""MessageType"":""LocationInfoMessage"",""ProtocolHeadType"":19,""Imei"":""869487064485674"",""SerialNo"":28327,""Mileage"":5653091,""Date"":""2026-04-21T20:16:13Z"",""IopIgnition"":true,""Latitude"":4.7053775787353516,""Longitude"":-74.106437683105469,""Altitude"":2570.89990234375,""ExternalPowerVoltage"":28.11,""Rpm"":-999,""Speed"":35.0,""SatelliteNumber"":16,""Azimuth"":116,""BatteryLevel"":100}]",0x25251300596EA70869487064485674003C38402D000000565000000007000061000000FFFFFFFFFFFFFFFFFFFF00D5005642630026042120161366AE20457F3694C2749296400350007403912811FFFFFF0000220000FFFFFF
2026-04-21 20:16:34.680,"[{""Protocol"":""0x2525"",""MessageType"":""LocationInfoMessage"",""ProtocolHeadType"":19,""Imei"":""869487064485674"",""SerialNo"":28328,""Mileage"":5653634,""Date"":""2026-04-21T20:17:13Z"",""IopIgnition"":true,""Latitude"":4.7033615112304688,""Longitude"":-74.101982116699219,""Altitude"":2576.89990234375,""ExternalPowerVoltage"":28.11,""Rpm"":-999,""Speed"":34.0,""SatelliteNumber"":15,""Azimuth"":114,""BatteryLevel"":100}]",0x25251300596EA80869487064485674003C38402D000000644F00000007000061000000FFFFFFFFFFFFFFFFFFFF00D50056448200260421201713660E2145373494C2F08196400340007203912811FFFFFF0000220000FFFFFF
2026-04-21 20:17:34.650,"[{""Protocol"":""0x2525"",""MessageType"":""LocationInfoMessage"",""ProtocolHeadType"":19,""Imei"":""869487064485674"",""SerialNo"":28329,""Mileage"":5654123,""Date"":""2026-04-21T20:18:13Z"",""IopIgnition"":true,""Latitude"":4.70081901550293,""Longitude"":-74.0984115600586,""Altitude"":2574.89990234375,""ExternalPowerVoltage"":27.44,""Rpm"":-999,""Speed"":0.0,""SatelliteNumber"":14,""Azimuth"":126,""BatteryLevel"":100}]",0x25251300596EA90869487064485674003C38402D000000644E00000007000061000000FFFFFFFFFFFFFFFFFFFF00D50056466B0026042120181366EE2045633294C21C6D96400000007E03912744FFFFFF0000220000FFFFFF
2026-04-21 20:18:34.525,"[{""Protocol"":""0x2525"",""MessageType"":""LocationInfoMessage"",""ProtocolHeadType"":19,""Imei"":""869487064485674"",""SerialNo"":28330,""Mileage"":5654627,""Date"":""2026-04-21T20:19:13Z"",""IopIgnition"":true,""Latitude"":4.6982111930847168,""Longitude"":-74.094711303710938,""Altitude"":2572.800048828125,""ExternalPowerVoltage"":28.21,""Rpm"":-999,""Speed"":30.0,""SatelliteNumber"":14,""Azimuth"":119,""BatteryLevel"":100}]",0x25251300596EAA0869487064485674003C38402D000000594E00000007000061000000FFFFFFFFFFFFFFFFFFFF00D50056486300260421201913CDCC20457E3094C2BF5796400300007703922821FFFFFF0000210000FFFFFF
2026-04-21 20:19:34.288,"[{""Protocol"":""0x2525"",""MessageType"":""LocationInfoMessage"",""ProtocolHeadType"":19,""Imei"":""869487064485674"",""SerialNo"":28331,""Mileage"":5654757,""Date"":""2026-04-21T20:20:12Z"",""IopIgnition"":true,""Latitude"":4.6976203918457031,""Longitude"":-74.093704223632813,""Altitude"":2572.39990234375,""ExternalPowerVoltage"":27.88,""Rpm"":-999,""Speed"":0.0,""SatelliteNumber"":9,""Azimuth"":114,""BatteryLevel"":100}]",0x25251300596EAB0869487064485674003C38402D000000644900000007000061000000FFFFFFFFFFFFFFFFFFFF00D5005648E50026042120201266C62045FA2F94C2E85296400000007203912788FFFFFF0000210001FFFFFF
2026-04-21 20:20:35.233,"[{""Protocol"":""0x2525"",""MessageType"":""LocationInfoMessage"",""ProtocolHeadType"":19,""Imei"":""869487064485674"",""SerialNo"":28332,""Mileage"":5655280,""Date"":""2026-04-21T20:21:13Z"",""IopIgnition"":true,""Latitude"":4.6955060958862305,""Longitude"":-74.0895004272461,""Altitude"":2579.0,""ExternalPowerVoltage"":28.11,""Rpm"":-999,""Speed"":39.0,""SatelliteNumber"":17,""Azimuth"":120,""BatteryLevel"":100}]",0x25251300596EAC0869487064485674003C38402D000000645100000007000061000000FFFFFFFFFFFFFFFFFFFF00D500564AF00026042120211300302145D32D94C2964196400390007803922811FFFFFF0000210000FFFFFF
2026-04-21 20:21:02.739,"[{""Protocol"":""0x2525"",""MessageType"":""LocationInfoMessage"",""ProtocolHeadType"":19,""Imei"":""869487064485674"",""SerialNo"":28333,""Mileage"":5655530,""Date"":""2026-04-21T20:21:41Z"",""IopIgnition"":true,""Latitude"":4.6941933631896973,""Longitude"":-74.087722778320313,""Altitude"":2573.39990234375,""ExternalPowerVoltage"":28.11,""Rpm"":-999,""Speed"":18.0,""SatelliteNumber"":17,""Azimuth"":180,""BatteryLevel"":100}]",0x25251300596EAD0869487064485674003C38402D000000645100000007000061000000FFFFFFFFFFFFFFFFFFFF00D500564BEA0026042120214166D62045EA2C94C2D5369640018000B403912811FFFFFF0000210000FFFFFF
2026-04-21 20:21:27.718,"[{""Protocol"":""0x2525"",""MessageType"":""LocationInfoMessage"",""ProtocolHeadType"":19,""Imei"":""869487064485674"",""SerialNo"":28334,""Mileage"":5655652,""Date"":""2026-04-21T20:22:06Z"",""IopIgnition"":true,""Latitude"":4.6933579444885254,""Longitude"":-74.08843994140625,""Altitude"":2570.60009765625,""ExternalPowerVoltage"":27.95,""Rpm"":-999,""Speed"":6.0,""SatelliteNumber"":16,""Azimuth"":231,""BatteryLevel"":100}]",0x25251300596EAE0869487064485674003C38402D000000525000000007000061000000FFFFFFFFFFFFFFFFFFFF00D500564C64002604212022069AA92045482D94C2FD2F9640006000E703912795FFFFFF0000220000FFFFFF
2026-04-21 20:21:39.671,"[{""Protocol"":""0x2525"",""MessageType"":""LocationInfoMessage"",""ProtocolHeadType"":19,""Imei"":""869487064485674"",""SerialNo"":28335,""Mileage"":5655707,""Date"":""2026-04-21T20:22:18Z"",""IopIgnition"":true,""Latitude"":4.6930637359619141,""Longitude"":-74.088790893554688,""Altitude"":2572.199951171875,""ExternalPowerVoltage"":28.11,""Rpm"":-999,""Speed"":20.0,""SatelliteNumber"":17,""Azimuth"":293,""BatteryLevel"":100}]",0x25251300596EAF0869487064485674003C38402D000000605100000007000061000000FFFFFFFFFFFFFFFFFFFF00D500564C9B0026042120221833C32045762D94C2942D96400200012503912811FFFFFF0000250000FFFFFF
2026-04-21 20:21:57.669,"[{""Protocol"":""0x2525"",""MessageType"":""LocationInfoMessage"",""ProtocolHeadType"":19,""Imei"":""869487064485674"",""SerialNo"":28336,""Mileage"":5655899,""Date"":""2026-04-21T20:22:36Z"",""IopIgnition"":true,""Latitude"":4.6944479942321777,""Longitude"":-74.089805603027344,""Altitude"":2570.300048828125,""ExternalPowerVoltage"":28.13,""Rpm"":-999,""Speed"":34.0,""SatelliteNumber"":17,""Azimuth"":344,""BatteryLevel"":100}]",0x25251300596EB00869487064485674003C38402D000000645100000007000061000000FFFFFFFFFFFFFFFFFFFF00D500564D5B00260421202236CDA42045FB2D94C2EB3896400340015803912813FFFFFF0000230000FFFFFF
2026-04-21 20:22:04.788,"[{""Protocol"":""0x2525"",""MessageType"":""LocationInfoMessage"",""ProtocolHeadType"":19,""Imei"":""869487064485674"",""SerialNo"":28337,""Mileage"":5655940,""Date"":""2026-04-21T20:22:43Z"",""IopIgnition"":true,""Latitude"":4.694800853729248,""Longitude"":-74.089767456054688,""Altitude"":2570.39990234375,""ExternalPowerVoltage"":27.88,""Rpm"":-999,""Speed"":10.0,""SatelliteNumber"":16,""Azimuth"":32,""BatteryLevel"":100}]",0x25251300596EB10869487064485674003C38402D000000645000000007000061000000FFFFFFFFFFFFFFFFFFFF00D500564D840026042120224366A62045F62D94C2CF3B96400100002003912788FFFFFF0000230000FFFFFF
2026-04-21 20:22:16.669,"[{""Protocol"":""0x2525"",""MessageType"":""LocationInfoMessage"",""ProtocolHeadType"":19,""Imei"":""869487064485674"",""SerialNo"":28338,""Mileage"":5655980,""Date"":""2026-04-21T20:22:55Z"",""IopIgnition"":true,""Latitude"":4.6949553489685059,""Longitude"":-74.089462280273438,""Altitude"":2573.300048828125,""ExternalPowerVoltage"":28.09,""Rpm"":-999,""Speed"":14.0,""SatelliteNumber"":17,""Azimuth"":80,""BatteryLevel"":100}]",0x25251300596EB20869487064485674003C38402D000000645100000007000061000000FFFFFFFFFFFFFFFFFFFF00D500564DAC00260421202255CDD42045CE2D94C2133D96400140005003912809FFFFFF0000240000FFFFFF
2026-04-21 20:22:31.678,"[{""Protocol"":""0x2525"",""MessageType"":""LocationInfoMessage"",""ProtocolHeadType"":19,""Imei"":""869487064485674"",""SerialNo"":28339,""Mileage"":5656078,""Date"":""2026-04-21T20:23:10Z"",""IopIgnition"":true,""Latitude"":4.6950902938842773,""Longitude"":-74.088592529296875,""Altitude"":2575.0,""ExternalPowerVoltage"":28.16,""Rpm"":-999,""Speed"":18.0,""SatelliteNumber"":16,""Azimuth"":14,""BatteryLevel"":100}]",0x25251300596EB30869487064485674003C38402D000000645000000007000061000000FFFFFFFFFFFFFFFFFFFF00D500564E0E0026042120231000F020455C2D94C22E3E96400180000E03912816FFFFFF0000250000FFFFFF
2026-04-21 20:22:36.680,"[{""Protocol"":""0x2525"",""MessageType"":""LocationInfoMessage"",""ProtocolHeadType"":19,""Imei"":""869487064485674"",""SerialNo"":28340,""Mileage"":5656122,""Date"":""2026-04-21T20:23:15Z"",""IopIgnition"":true,""Latitude"":4.6953845024108887,""Longitude"":-74.088340759277344,""Altitude"":2577.10009765625,""ExternalPowerVoltage"":28.14,""Rpm"":-999,""Speed"":27.0,""SatelliteNumber"":17,""Azimuth"":64,""BatteryLevel"":100}]",0x25251300596EB40869487064485674003C38402D000000645100000007000061000000FFFFFFFFFFFFFFFFFFFF00D500564E3A002604212023159A1121453B2D94C2974096400270004003912814FFFFFF0000240000FFFFFF
2026-04-21 20:24:20.501,"[{""Protocol"":""0x2525"",""MessageType"":""LocationInfoMessage"",""ProtocolHeadType"":19,""Imei"":""869487064485674"",""SerialNo"":28341,""Mileage"":5656402,""Date"":""2026-04-21T20:24:59Z"",""IopIgnition"":true,""Latitude"":4.6961183547973633,""Longitude"":-74.085952758789063,""Altitude"":2571.5,""ExternalPowerVoltage"":28.2,""Rpm"":-999,""Speed"":8.0,""SatelliteNumber"":17,""Azimuth"":119,""BatteryLevel"":100}]",0x25251300596EB50869487064485674003C38402D000000645100000007000061000000FFFFFFFFFFFFFFFFFFFF00D500564F520026042120245900B82045022C94C29A4696400080007703912820FFFFFF0000210000FFFFFF
2026-04-21 20:24:24.616,"[{""Protocol"":""0x2525"",""MessageType"":""LocationInfoMessage"",""ProtocolHeadType"":19,""Imei"":""869487064485674"",""SerialNo"":28342,""Mileage"":5656420,""Date"":""2026-04-21T20:25:03Z"",""IopIgnition"":true,""Latitude"":4.6959991455078125,""Longitude"":-74.085853576660156,""Altitude"":2571.60009765625,""ExternalPowerVoltage"":28.17,""Rpm"":-999,""Speed"":16.0,""SatelliteNumber"":17,""Azimuth"":166,""BatteryLevel"":100}]",0x25251300596EB60869487064485674003C38402D000000645100000007000061000000FFFFFFFFFFFFFFFFFFFF00D500564F64002604212025039AB92045F52B94C2A0459640016000A603912817FFFFFF0000230000FFFFFF
2026-04-21 20:25:34.472,"[{""Protocol"":""0x2525"",""MessageType"":""LocationInfoMessage"",""ProtocolHeadType"":19,""Imei"":""869487064485674"",""SerialNo"":28343,""Mileage"":5656568,""Date"":""2026-04-21T20:26:13Z"",""IopIgnition"":true,""Latitude"":4.6947898864746094,""Longitude"":-74.085334777832031,""Altitude"":2573.5,""ExternalPowerVoltage"":27.97,""Rpm"":-999,""Speed"":0.0,""SatelliteNumber"":15,""Azimuth"":140,""BatteryLevel"":100}]",0x25251300596EB70869487064485674003C38402D000000604F00000007000061000000FFFFFFFFFFFFFFFFFFFF00D500564FF80026042120261300D82045B12B94C2B83B96400000008C03912797FFFFFF0000210000FFFFFF
2026-04-21 20:26:36.709,"[{""Protocol"":""0x2525"",""MessageType"":""LocationInfoMessage"",""ProtocolHeadType"":19,""Imei"":""869487064485674"",""SerialNo"":28344,""Mileage"":5656921,""Date"":""2026-04-21T20:27:12Z"",""IopIgnition"":true,""Latitude"":4.6927480697631836,""Longitude"":-74.082962036132813,""Altitude"":2572.60009765625,""ExternalPowerVoltage"":28.06,""Rpm"":-999,""Speed"":9.0,""SatelliteNumber"":17,""Azimuth"":153,""BatteryLevel"":100}]",0x25251300596EB80869487064485674003C38402D000000595100000007000061000000FFFFFFFFFFFFFFFFFFFF00D500565159002604212027129AC920457A2A94C2FE2A96400090009903912806FFFFFF0000210000FFFFFF
2026-04-21 20:27:26.635,"[{""Protocol"":""0x2525"",""MessageType"":""LocationInfoMessage"",""ProtocolHeadType"":19,""Imei"":""869487064485674"",""SerialNo"":28345,""Mileage"":5657197,""Date"":""2026-04-21T20:28:05Z"",""IopIgnition"":true,""Latitude"":4.69063663482666,""Longitude"":-74.081695556640625,""Altitude"":2569.39990234375,""ExternalPowerVoltage"":28.17,""Rpm"":-999,""Speed"":28.0,""SatelliteNumber"":16,""Azimuth"":107,""BatteryLevel"":100}]",0x25251300596EB90869487064485674003C38402D000000645000000007000061000000FFFFFFFFFFFFFFFFFFFF00D50056526D0026042120280566962045D42994C2B21996400280006B03912817FFFFFF0000210000FFFFFF
2026-04-21 20:28:12.672,"[{""Protocol"":""0x2525"",""MessageType"":""LocationInfoMessage"",""ProtocolHeadType"":19,""Imei"":""869487064485674"",""SerialNo"":28346,""Mileage"":5657328,""Date"":""2026-04-21T20:28:51Z"",""IopIgnition"":true,""Latitude"":4.6906771659851074,""Longitude"":-74.080551147460938,""Altitude"":2566.89990234375,""ExternalPowerVoltage"":27.91,""Rpm"":-999,""Speed"":10.0,""SatelliteNumber"":17,""Azimuth"":160,""BatteryLevel"":100}]",0x25251300596EBA0869487064485674003C38402D000000645100000007000061000000FFFFFFFFFFFFFFFFFFFF00D5005652F000260421202851666E20453E2994C2071A9640010000A003912791FFFFFF0000210000FFFFFF
2026-04-21 20:28:59.711,"[{""Protocol"":""0x2525"",""MessageType"":""LocationInfoMessage"",""ProtocolHeadType"":19,""Imei"":""869487064485674"",""SerialNo"":28347,""Mileage"":5657393,""Date"":""2026-04-21T20:29:38Z"",""IopIgnition"":true,""Latitude"":4.6902809143066406,""Longitude"":-74.080215454101563,""Altitude"":2564.5,""ExternalPowerVoltage"":27.7,""Rpm"":-999,""Speed"":5.0,""SatelliteNumber"":17,""Azimuth"":56,""BatteryLevel"":100}]",0x25251300596EBB0869487064485674003C38402D000000565100000007000061000000FFFFFFFFFFFFFFFFFFFF00D5005653310026042120293800482045122994C2C81696400050003803912770FFFFFF0000220000FFFFFF
2026-04-21 20:29:54.672,"[{""Protocol"":""0x2525"",""MessageType"":""LocationInfoMessage"",""ProtocolHeadType"":19,""Imei"":""869487064485674"",""SerialNo"":28348,""Mileage"":5657474,""Date"":""2026-04-21T20:30:33Z"",""IopIgnition"":true,""Latitude"":4.6908211708068848,""Longitude"":-74.079803466796875,""Altitude"":2568.10009765625,""ExternalPowerVoltage"":28.07,""Rpm"":-999,""Speed"":12.0,""SatelliteNumber"":17,""Azimuth"":120,""BatteryLevel"":100}]",0x25251300596EBC0869487064485674003C38402D000000645100000007000061000000FFFFFFFFFFFFFFFFFFFF00D500565382002604212030339A812045DC2894C2351B96400120007803912807FFFFFF0000210000FFFFFF
2026-04-21 20:31:34.477,"[{""Protocol"":""0x2525"",""MessageType"":""LocationInfoMessage"",""ProtocolHeadType"":19,""Imei"":""869487064485674"",""SerialNo"":28349,""Mileage"":5657927,""Date"":""2026-04-21T20:32:13Z"",""IopIgnition"":true,""Latitude"":4.68751859664917,""Longitude"":-74.077430725097656,""Altitude"":2575.300048828125,""ExternalPowerVoltage"":27.96,""Rpm"":-999,""Speed"":0.0,""SatelliteNumber"":14,""Azimuth"":145,""BatteryLevel"":100}]",0x25251300596EBD0869487064485674003C38402D000000644E00000007000061000000FFFFFFFFFFFFFFFFFFFF00D50056554700260421203213CDF42045A52794C2270096400000009103912796FFFFFF0000210000FFFFFF
2026-04-21 20:32:34.360,"[{""Protocol"":""0x2525"",""MessageType"":""LocationInfoMessage"",""ProtocolHeadType"":19,""Imei"":""869487064485674"",""SerialNo"":28350,""Mileage"":5657927,""Date"":""2026-04-21T20:33:12Z"",""IopIgnition"":true,""Latitude"":4.68751859664917,""Longitude"":-74.077430725097656,""Altitude"":2575.300048828125,""ExternalPowerVoltage"":25.4,""Rpm"":-999,""Speed"":0.0,""SatelliteNumber"":15,""Azimuth"":145,""BatteryLevel"":100}]",0x25251300596EBE0869487064485674003C38402D000000604F00000007000061000000FFFFFFFFFFFFFFFFFFFF00D50056554700260421203312CDF42045A52794C2270096400000009103912540FFFFFF0000210000FFFFFF
2026-04-21 20:33:35.180,"[{""Protocol"":""0x2525"",""MessageType"":""LocationInfoMessage"",""ProtocolHeadType"":19,""Imei"":""869487064485674"",""SerialNo"":28351,""Mileage"":5657927,""Date"":""2026-04-21T20:34:13Z"",""IopIgnition"":true,""Latitude"":4.68751859664917,""Longitude"":-74.077430725097656,""Altitude"":2575.300048828125,""ExternalPowerVoltage"":25.38,""Rpm"":-999,""Speed"":0.0,""SatelliteNumber"":15,""Azimuth"":145,""BatteryLevel"":100}]",0x25251300596EBF0869487064485674003C38402D000000594F00000007000061000000FFFFFFFFFFFFFFFFFFFF00D50056554700260421203413CDF42045A52794C2270096400000009103912538FFFFFF0000210000FFFFFF
2026-04-21 20:34:34.984,"[{""Protocol"":""0x2525"",""MessageType"":""LocationInfoMessage"",""ProtocolHeadType"":19,""Imei"":""869487064485674"",""SerialNo"":28352,""Mileage"":5657927,""Date"":""2026-04-21T20:35:13Z"",""IopIgnition"":true,""Latitude"":4.68751859664917,""Longitude"":-74.077430725097656,""Altitude"":2575.300048828125,""ExternalPowerVoltage"":25.45,""Rpm"":-999,""Speed"":0.0,""SatelliteNumber"":15,""Azimuth"":145,""BatteryLevel"":100}]",0x25251300596EC00869487064485674003C38402D000000644F00000007000061000000FFFFFFFFFFFFFFFFFFFF00D50056554700260421203513CDF42045A52794C2270096400000009103912545FFFFFF0000210000FFFFFF
2026-04-21 20:34:51.778,"[{""Protocol"":""0x2525"",""MessageType"":""LocationInfoMessage"",""ProtocolHeadType"":19,""Imei"":""869487064485674"",""SerialNo"":28353,""Mileage"":5657943,""Date"":""2026-04-21T20:35:30Z"",""IopIgnition"":true,""Latitude"":4.6874332427978516,""Longitude"":-74.077316284179688,""Altitude"":2576.5,""ExternalPowerVoltage"":26.88,""Rpm"":-999,""Speed"":7.0,""SatelliteNumber"":15,""Azimuth"":76,""BatteryLevel"":100}]",0x25251300596EC10869487064485674003C38402D0000005D4F00000007000061000000FFFFFFFFFFFFFFFFFFFF00D5005655570026042120353000082145962794C274FF95400070004C03912688FFFFFF0000220000FFFFFF
2026-04-21 20:34:55.658,"[{""Protocol"":""0x2525"",""MessageType"":""LocationInfoMessage"",""ProtocolHeadType"":19,""Imei"":""869487064485674"",""SerialNo"":28354,""Mileage"":5657951,""Date"":""2026-04-21T20:35:34Z"",""IopIgnition"":true,""Latitude"":4.6874713897705078,""Longitude"":-74.077255249023438,""Altitude"":2577.5,""ExternalPowerVoltage"":26.09,""Rpm"":-999,""Speed"":6.0,""SatelliteNumber"":13,""Azimuth"":1,""BatteryLevel"":100}]",0x25251300596EC20869487064485674003C38402D000000564D00000007000061000000FFFFFFFFFFFFFFFFFFFF00D50056555F00260421203534001821458E2794C2C4FF95400060000103912609FFFFFF0000220000FFFFFF
2026-04-21 20:36:34.608,"[{""Protocol"":""0x2525"",""MessageType"":""LocationInfoMessage"",""ProtocolHeadType"":19,""Imei"":""869487064485674"",""SerialNo"":28355,""Mileage"":5657951,""Date"":""2026-04-21T20:37:13Z"",""IopIgnition"":true,""Latitude"":4.6874713897705078,""Longitude"":-74.077255249023438,""Altitude"":2577.5,""ExternalPowerVoltage"":27.97,""Rpm"":-999,""Speed"":0.0,""SatelliteNumber"":15,""Azimuth"":1,""BatteryLevel"":100}]",0x25251300596EC30869487064485674003C38402D000000594F00000007000061000000FFFFFFFFFFFFFFFFFFFF00D50056555F00260421203713001821458E2794C2C4FF95400000000103912797FFFFFF0000210000FFFFFF
2026-04-21 20:37:34.349,"[{""Protocol"":""0x2525"",""MessageType"":""LocationInfoMessage"",""ProtocolHeadType"":19,""Imei"":""869487064485674"",""SerialNo"":28356,""Mileage"":5657951,""Date"":""2026-04-21T20:38:13Z"",""IopIgnition"":true,""Latitude"":4.6874713897705078,""Longitude"":-74.077255249023438,""Altitude"":2577.5,""ExternalPowerVoltage"":27.97,""Rpm"":-999,""Speed"":0.0,""SatelliteNumber"":13,""Azimuth"":1,""BatteryLevel"":100}]",0x25251300596EC40869487064485674003C38402D000000594D00000007000061000000FFFFFFFFFFFFFFFFFFFF00D50056555F00260421203813001821458E2794C2C4FF95400000000103912797FFFFFF0000200001FFFFFF
2026-04-21 20:38:02.759,"[{""Protocol"":""0x2525"",""MessageType"":""LocationAlarmMessage"",""ProtocolHeadType"":20,""Imei"":""869487064485674"",""SerialNo"":1067,""Mileage"":5657951,""Date"":""2026-04-21T20:38:41Z"",""IopIgnition"":false,""Latitude"":4.6874713897705078,""Longitude"":-74.077255249023438,""Altitude"":2577.5,""ExternalPowerVoltage"":27.78,""Rpm"":-999,""Speed"":0.0,""SatelliteNumber"":15,""Azimuth"":1,""OriginalAlarmCode"":23}]",0x2525140059042B0869487064485674003C38402D000000594F00000007000020000000FFFFFFFFFFFFFFFFFFFF17D50056555F00260421203841001821458E2794C2C4FF95400000000103912778FFFFFF0000210000FFFFFF
2026-04-21 20:46:45.159,"[{""Protocol"":""0x2525"",""MessageType"":""LocationAlarmMessage"",""ProtocolHeadType"":20,""Imei"":""869487064485674"",""SerialNo"":1068,""Mileage"":5657951,""Date"":""2026-04-21T20:47:22Z"",""IopIgnition"":true,""Latitude"":4.6874713897705078,""Longitude"":-74.077255249023438,""Altitude"":2577.5,""ExternalPowerVoltage"":25.38,""Rpm"":-999,""Speed"":0.0,""SatelliteNumber"":15,""Azimuth"":1,""OriginalAlarmCode"":22}]",0x2525140059042C0869487064485674003C38402D000000594F00000007000061000000FFFFFFFFFFFFFFFFFFFF16D50056555F00260421204722001821458E2794C2C4FF95400000000103912538FFFFFF0000200000FFFFFF
2026-04-21 20:47:04.077,"[{""Protocol"":""0x2525"",""MessageType"":""LocationInfoMessage"",""ProtocolHeadType"":19,""Imei"":""869487064485674"",""SerialNo"":28357,""Mileage"":5657956,""Date"":""2026-04-21T20:47:41Z"",""IopIgnition"":true,""Latitude"":4.6874485015869141,""Longitude"":-74.077285766601563,""Altitude"":2575.5,""ExternalPowerVoltage"":28.17,""Rpm"":-999,""Speed"":8.0,""SatelliteNumber"":15,""Azimuth"":58,""BatteryLevel"":100}]",0x25251300596EC50869487064485674003C38402D000000594F00000007000061000000FFFFFFFFFFFFFFFFFFFF00D5005655640026042120474100F82045922794C294FF95400080003A03912817FFFFFF0000210000FFFFFF
2026-04-21 20:48:45.857,"[{""Protocol"":""0x2525"",""MessageType"":""LocationInfoMessage"",""ProtocolHeadType"":19,""Imei"":""869487064485674"",""SerialNo"":28358,""Mileage"":5657973,""Date"":""2026-04-21T20:49:23Z"",""IopIgnition"":true,""Latitude"":4.6875443458557129,""Longitude"":-74.077163696289063,""Altitude"":2576.300048828125,""ExternalPowerVoltage"":27.93,""Rpm"":-999,""Speed"":0.0,""SatelliteNumber"":14,""Azimuth"":49,""BatteryLevel"":100}]",0x25251300596EC60869487064485674003C38402D000000594E00000007000061000000FFFFFFFFFFFFFFFFFFFF00D50056557500260421204923CD042145822794C25D0096400000003103912793FFFFFF0000200000FFFFFF
2026-04-21 20:49:45.685,"[{""Protocol"":""0x2525"",""MessageType"":""LocationInfoMessage"",""ProtocolHeadType"":19,""Imei"":""869487064485674"",""SerialNo"":28359,""Mileage"":5657973,""Date"":""2026-04-21T20:50:23Z"",""IopIgnition"":true,""Latitude"":4.6875443458557129,""Longitude"":-74.077163696289063,""Altitude"":2576.300048828125,""ExternalPowerVoltage"":28.05,""Rpm"":-999,""Speed"":0.0,""SatelliteNumber"":14,""Azimuth"":49,""BatteryLevel"":100}]",0x25251300596EC70869487064485674003C38402D0000005D4E00000007000061000000FFFFFFFFFFFFFFFFFFFF00D50056557500260421205023CD042145822794C25D0096400000003103912805FFFFFF0000200000FFFFFF
2026-04-21 20:50:46.515,"[{""Protocol"":""0x2525"",""MessageType"":""LocationInfoMessage"",""ProtocolHeadType"":19,""Imei"":""869487064485674"",""SerialNo"":28360,""Mileage"":5657973,""Date"":""2026-04-21T20:51:23Z"",""IopIgnition"":true,""Latitude"":4.6875443458557129,""Longitude"":-74.077163696289063,""Altitude"":2576.300048828125,""ExternalPowerVoltage"":27.97,""Rpm"":-999,""Speed"":0.0,""SatelliteNumber"":13,""Azimuth"":49,""BatteryLevel"":100}]",0x25251300596EC80869487064485674003C38402D000000594D00000007000061000000FFFFFFFFFFFFFFFFFFFF00D50056557500260421205123CD042145822794C25D0096400000003103912797FFFFFF0000210000FFFFFF
2026-04-21 20:51:46.303,"[{""Protocol"":""0x2525"",""MessageType"":""LocationInfoMessage"",""ProtocolHeadType"":19,""Imei"":""869487064485674"",""SerialNo"":28361,""Mileage"":5657973,""Date"":""2026-04-21T20:52:23Z"",""IopIgnition"":true,""Latitude"":4.6875443458557129,""Longitude"":-74.077163696289063,""Altitude"":2576.300048828125,""ExternalPowerVoltage"":27.93,""Rpm"":-999,""Speed"":0.0,""SatelliteNumber"":14,""Azimuth"":49,""BatteryLevel"":100}]",0x25251300596EC90869487064485674003C38402D000000594E00000007000061000000FFFFFFFFFFFFFFFFFFFF00D50056557500260421205223CD042145822794C25D0096400000003103912793FFFFFF0000210000FFFFFF
2026-04-21 20:52:46.098,"[{""Protocol"":""0x2525"",""MessageType"":""LocationInfoMessage"",""ProtocolHeadType"":19,""Imei"":""869487064485674"",""SerialNo"":28362,""Mileage"":5657973,""Date"":""2026-04-21T20:53:23Z"",""IopIgnition"":true,""Latitude"":4.6875443458557129,""Longitude"":-74.077163696289063,""Altitude"":2576.300048828125,""ExternalPowerVoltage"":27.58,""Rpm"":-999,""Speed"":0.0,""SatelliteNumber"":15,""Azimuth"":49,""BatteryLevel"":100}]",0x25251300596ECA0869487064485674003C38402D0000005D4F00000007000061000000FFFFFFFFFFFFFFFFFFFF00D50056557500260421205323CD042145822794C25D0096400000003103912758FFFFFF0000210000FFFFFF
2026-04-21 20:52:56.062,"[{""Protocol"":""0x2525"",""MessageType"":""LocationInfoMessage"",""ProtocolHeadType"":19,""Imei"":""869487064485674"",""SerialNo"":28363,""Mileage"":5657994,""Date"":""2026-04-21T20:53:33Z"",""IopIgnition"":true,""Latitude"":4.6876945495605469,""Longitude"":-74.077064514160156,""Altitude"":2574.800048828125,""ExternalPowerVoltage"":28.17,""Rpm"":-999,""Speed"":14.0,""SatelliteNumber"":17,""Azimuth"":344,""BatteryLevel"":100}]",0x25251300596ECB0869487064485674003C38402D000000595100000007000061000000FFFFFFFFFFFFFFFFFFFF00D50056558A00260421205333CDEC2045752794C2980196400140015803912817FFFFFF0000220000FFFFFF
2026-04-21 20:54:21.507,"[{""Protocol"":""0x2525"",""MessageType"":""LocationInfoMessage"",""ProtocolHeadType"":19,""Imei"":""869487064485674"",""SerialNo"":28364,""Mileage"":5658478,""Date"":""2026-04-21T20:54:58Z"",""IopIgnition"":true,""Latitude"":4.6912240982055664,""Longitude"":-74.079391479492188,""Altitude"":2571.199951171875,""ExternalPowerVoltage"":28.16,""Rpm"":-999,""Speed"":19.0,""SatelliteNumber"":17,""Azimuth"":54,""BatteryLevel"":100}]",0x25251300596ECC0869487064485674003C38402D000000645100000007000061000000FFFFFFFFFFFFFFFFFFFF00D50056576E0026042120545833B32045A62894C2821E96400190003603912816FFFFFF0000220000FFFFFF
2026-04-21 20:55:46.295,"[{""Protocol"":""0x2525"",""MessageType"":""LocationInfoMessage"",""ProtocolHeadType"":19,""Imei"":""869487064485674"",""SerialNo"":28365,""Mileage"":5658883,""Date"":""2026-04-21T20:56:23Z"",""IopIgnition"":true,""Latitude"":4.6933135986328125,""Longitude"":-74.076408386230469,""Altitude"":2576.199951171875,""ExternalPowerVoltage"":28.15,""Rpm"":-999,""Speed"":21.0,""SatelliteNumber"":15,""Azimuth"":55,""BatteryLevel"":100}]",0x25251300596ECD0869487064485674003C38402D000000644F00000007000061000000FFFFFFFFFFFFFFFFFFFF00D50056590300260421205623330321451F2794C2A02F96400210003703912815FFFFFF0000210000FFFFFF
2026-04-21 20:56:46.081,"[{""Protocol"":""0x2525"",""MessageType"":""LocationInfoMessage"",""ProtocolHeadType"":19,""Imei"":""869487064485674"",""SerialNo"":28366,""Mileage"":5659262,""Date"":""2026-04-21T20:57:23Z"",""IopIgnition"":true,""Latitude"":4.6953511238098145,""Longitude"":-74.073661804199219,""Altitude"":2574.0,""ExternalPowerVoltage"":27.86,""Rpm"":-999,""Speed"":11.0,""SatelliteNumber"":15,""Azimuth"":53,""BatteryLevel"":100}]",0x25251300596ECE0869487064485674003C38402D000000594F00000007000061000000FFFFFFFFFFFFFFFFFFFF00D500565A7E0026042120572300E02045B72594C2514096400110003503912786FFFFFF0000210000FFFFFF
2026-04-21 20:57:45.891,"[{""Protocol"":""0x2525"",""MessageType"":""LocationInfoMessage"",""ProtocolHeadType"":19,""Imei"":""869487064485674"",""SerialNo"":28367,""Mileage"":5659433,""Date"":""2026-04-21T20:58:23Z"",""IopIgnition"":true,""Latitude"":4.6962618827819824,""Longitude"":-74.072425842285156,""Altitude"":2575.699951171875,""ExternalPowerVoltage"":28.47,""Rpm"":-999,""Speed"":28.0,""SatelliteNumber"":16,""Azimuth"":59,""BatteryLevel"":100}]",0x25251300596ECF0869487064485674003C38402D000000565000000007000061000000FFFFFFFFFFFFFFFFFFFF00D500565B290026042120582333FB2045152594C2C74796400280003B03912847FFFFFF0000210000FFFFFF
2026-04-21 20:58:45.725,"[{""Protocol"":""0x2525"",""MessageType"":""LocationInfoMessage"",""ProtocolHeadType"":19,""Imei"":""869487064485674"",""SerialNo"":28368,""Mileage"":5659793,""Date"":""2026-04-21T20:59:23Z"",""IopIgnition"":true,""Latitude"":4.6981854438781738,""Longitude"":-74.069816589355469,""Altitude"":2576.800048828125,""ExternalPowerVoltage"":28.43,""Rpm"":-999,""Speed"":23.0,""SatelliteNumber"":16,""Azimuth"":53,""BatteryLevel"":100}]",0x25251300596ED00869487064485674003C38402D000000565000000007000061000000FFFFFFFFFFFFFFFFFFFF00D500565C9100260421205923CD0C2145BF2394C2895796400230003503912843FFFFFF0000210000FFFFFF
2026-04-21 20:58:57.003,"[{""Protocol"":""0x2525"",""MessageType"":""LocationInfoMessage"",""ProtocolHeadType"":19,""Imei"":""869487064485674"",""SerialNo"":28369,""Mileage"":5659850,""Date"":""2026-04-21T20:59:34Z"",""IopIgnition"":true,""Latitude"":4.6985363960266113,""Longitude"":-74.0694580078125,""Altitude"":2575.699951171875,""ExternalPowerVoltage"":27.46,""Rpm"":-999,""Speed"":14.0,""SatelliteNumber"":16,""Azimuth"":0,""BatteryLevel"":100}]",0x25251300596ED10869487064485674003C38402D000000645000000007000061000000FFFFFFFFFFFFFFFFFFFF00D500565CCA0026042120593433FB2045902394C2695A96400140000003912746FFFFFF0000220000FFFFFF
2026-04-21 21:00:45.804,"[{""Protocol"":""0x2525"",""MessageType"":""LocationInfoMessage"",""ProtocolHeadType"":19,""Imei"":""869487064485674"",""SerialNo"":28370,""Mileage"":5660723,""Date"":""2026-04-21T21:01:23Z"",""IopIgnition"":true,""Latitude"":4.7061829566955566,""Longitude"":-74.0709228515625,""Altitude"":2575.0,""ExternalPowerVoltage"":28.12,""Rpm"":-999,""Speed"":22.0,""SatelliteNumber"":15,""Azimuth"":345,""BatteryLevel"":100}]",0x25251300596ED20869487064485674003C38402D000000644F00000007000061000000FFFFFFFFFFFFFFFFFFFF00D5005660330026042121012300F02045502494C20D9996400220015903912812FFFFFF0000210000FFFFFF
2026-04-21 21:01:45.633,"[{""Protocol"":""0x2525"",""MessageType"":""LocationInfoMessage"",""ProtocolHeadType"":19,""Imei"":""869487064485674"",""SerialNo"":28371,""Mileage"":5660773,""Date"":""2026-04-21T21:02:22Z"",""IopIgnition"":true,""Latitude"":4.7066140174865723,""Longitude"":-74.071029663085938,""Altitude"":2576.300048828125,""ExternalPowerVoltage"":27.83,""Rpm"":-999,""Speed"":0.0,""SatelliteNumber"":16,""Azimuth"":345,""BatteryLevel"":100}]",0x25251300596ED30869487064485674003C38402D000000645000000007000061000000FFFFFFFFFFFFFFFFFFFF00D50056606500260421210222CD0421455E2494C2959C96400000015903912783FFFFFF0000200000FFFFFF
2026-04-21 21:02:46.500,"[{""Protocol"":""0x2525"",""MessageType"":""LocationInfoMessage"",""ProtocolHeadType"":19,""Imei"":""869487064485674"",""SerialNo"":28372,""Mileage"":5660995,""Date"":""2026-04-21T21:03:23Z"",""IopIgnition"":true,""Latitude"":4.7085552215576172,""Longitude"":-74.071502685546875,""Altitude"":2573.89990234375,""ExternalPowerVoltage"":27.91,""Rpm"":-999,""Speed"":5.0,""SatelliteNumber"":16,""Azimuth"":349,""BatteryLevel"":100}]",0x25251300596ED40869487064485674003C38402D0000004B5000000007000061000000FFFFFFFFFFFFFFFFFFFF00D5005661430026042121032366DE20459C2494C27CAC96400050015D03912791FFFFFF0000210000FFFFFF
2026-04-21 21:03:46.216,"[{""Protocol"":""0x2525"",""MessageType"":""LocationInfoMessage"",""ProtocolHeadType"":19,""Imei"":""869487064485674"",""SerialNo"":28373,""Mileage"":5661147,""Date"":""2026-04-21T21:04:23Z"",""IopIgnition"":true,""Latitude"":4.70989465713501,""Longitude"":-74.071739196777344,""Altitude"":2572.199951171875,""ExternalPowerVoltage"":28.12,""Rpm"":-999,""Speed"":24.0,""SatelliteNumber"":13,""Azimuth"":354,""BatteryLevel"":100}]",0x25251300596ED50869487064485674003C38402D000000644D00000007000061000000FFFFFFFFFFFFFFFFFFFF00D5005661DB0026042121042333C32045BB2494C275B796400240016203912812FFFFFF0000210000FFFFFF
2026-04-21 21:04:46.088,"[{""Protocol"":""0x2525"",""MessageType"":""LocationInfoMessage"",""ProtocolHeadType"":19,""Imei"":""869487064485674"",""SerialNo"":28374,""Mileage"":5661230,""Date"":""2026-04-21T21:05:23Z"",""IopIgnition"":true,""Latitude"":4.7106246948242188,""Longitude"":-74.071868896484375,""Altitude"":2574.800048828125,""ExternalPowerVoltage"":27.91,""Rpm"":-999,""Speed"":0.0,""SatelliteNumber"":15,""Azimuth"":350,""BatteryLevel"":100}]",0x25251300596ED60869487064485674003C38402D000000644F00000007000061000000FFFFFFFFFFFFFFFFFFFF00D50056622E00260421210523CDEC2045CC2494C270BD96400000015E03912791FFFFFF0000200000FFFFFF
2026-04-21 21:05:45.895,"[{""Protocol"":""0x2525"",""MessageType"":""LocationInfoMessage"",""ProtocolHeadType"":19,""Imei"":""869487064485674"",""SerialNo"":28375,""Mileage"":5661517,""Date"":""2026-04-21T21:06:23Z"",""IopIgnition"":true,""Latitude"":4.7131443023681641,""Longitude"":-74.072441101074219,""Altitude"":2573.10009765625,""ExternalPowerVoltage"":28.19,""Rpm"":-999,""Speed"":35.0,""SatelliteNumber"":18,""Azimuth"":343,""BatteryLevel"":100}]",0x25251300596ED70869487064485674003C38402D000000645200000007000061000000FFFFFFFFFFFFFFFFFFFF00D50056634D002604212106239AD12045172594C214D296400350015703912819FFFFFF0000200000FFFFFF
2026-04-21 21:06:45.722,"[{""Protocol"":""0x2525"",""MessageType"":""LocationInfoMessage"",""ProtocolHeadType"":19,""Imei"":""869487064485674"",""SerialNo"":28376,""Mileage"":5662248,""Date"":""2026-04-21T21:07:23Z"",""IopIgnition"":true,""Latitude"":4.7194924354553223,""Longitude"":-74.074081420898438,""Altitude"":2581.300048828125,""ExternalPowerVoltage"":27.89,""Rpm"":-999,""Speed"":24.0,""SatelliteNumber"":18,""Azimuth"":329,""BatteryLevel"":100}]",0x25251300596ED80869487064485674003C38402D000000605200000007000061000000FFFFFFFFFFFFFFFFFFFF00D50056662800260421210723CD542145EE2594C2150697400240014903912789FFFFFF0000200000FFFFFF
2026-04-21 21:07:45.578,"[{""Protocol"":""0x2525"",""MessageType"":""LocationInfoMessage"",""ProtocolHeadType"":19,""Imei"":""869487064485674"",""SerialNo"":28377,""Mileage"":5662880,""Date"":""2026-04-21T21:08:22Z"",""IopIgnition"":true,""Latitude"":4.7250251770019531,""Longitude"":-74.074699401855469,""Altitude"":2600.0,""ExternalPowerVoltage"":28.1,""Rpm"":-999,""Speed"":33.0,""SatelliteNumber"":17,""Azimuth"":1,""BatteryLevel"":100}]",0x25251300596ED90869487064485674003C38402D000000645100000007000061000000FFFFFFFFFFFFFFFFFFFF00D5005668A000260421210822008022453F2694C2683397400330000103912810FFFFFF0000210000FFFFFF
2026-04-21 21:08:46.362,"[{""Protocol"":""0x2525"",""MessageType"":""LocationInfoMessage"",""ProtocolHeadType"":19,""Imei"":""869487064485674"",""SerialNo"":28378,""Mileage"":5663168,""Date"":""2026-04-21T21:09:23Z"",""IopIgnition"":true,""Latitude"":4.7276096343994141,""Longitude"":-74.074592590332031,""Altitude"":2593.5,""ExternalPowerVoltage"":28.14,""Rpm"":-999,""Speed"":24.0,""SatelliteNumber"":16,""Azimuth"":3,""BatteryLevel"":100}]",0x25251300596EDA0869487064485674003C38402D000000645000000007000061000000FFFFFFFFFFFFFFFFFFFF00D5005669C00026042121092300182245312694C2944897400240000303912814FFFFFF0000200000FFFFFF
2026-04-21 21:09:46.195,"[{""Protocol"":""0x2525"",""MessageType"":""LocationInfoMessage"",""ProtocolHeadType"":19,""Imei"":""869487064485674"",""SerialNo"":28379,""Mileage"":5663658,""Date"":""2026-04-21T21:10:23Z"",""IopIgnition"":true,""Latitude"":4.7319808006286621,""Longitude"":-74.074951171875,""Altitude"":2606.300048828125,""ExternalPowerVoltage"":28.12,""Rpm"":-999,""Speed"":34.0,""SatelliteNumber"":14,""Azimuth"":349,""BatteryLevel"":100}]",0x25251300596EDB0869487064485674003C38402D0000005D4E00000007000061000000FFFFFFFFFFFFFFFFFFFF00D500566BAA00260421211023CDE42245602694C2636C97400340015D03912812FFFFFF0000200000FFFFFF
2026-04-21 21:09:59.953,"[{""Protocol"":""0x2525"",""MessageType"":""LocationInfoMessage"",""ProtocolHeadType"":19,""Imei"":""869487064485674"",""SerialNo"":28380,""Mileage"":5663781,""Date"":""2026-04-21T21:10:37Z"",""IopIgnition"":true,""Latitude"":4.7329387664794922,""Longitude"":-74.075424194335938,""Altitude"":2611.699951171875,""ExternalPowerVoltage"":28.11,""Rpm"":-999,""Speed"":30.0,""SatelliteNumber"":17,""Azimuth"":302,""BatteryLevel"":100}]",0x25251300596EDC0869487064485674003C38402D000000645100000007000061000000FFFFFFFFFFFFFFFFFFFF00D500566C2500260421211037333B23459E2694C23C7497400300012E03912811FFFFFF0000220000FFFFFF
2026-04-21 21:11:45.741,"[{""Protocol"":""0x2525"",""MessageType"":""LocationInfoMessage"",""ProtocolHeadType"":19,""Imei"":""869487064485674"",""SerialNo"":28381,""Mileage"":5664893,""Date"":""2026-04-21T21:12:23Z"",""IopIgnition"":true,""Latitude"":4.7376313209533691,""Longitude"":-74.083953857421875,""Altitude"":2589.300048828125,""ExternalPowerVoltage"":28.22,""Rpm"":-999,""Speed"":44.0,""SatelliteNumber"":17,""Azimuth"":283,""BatteryLevel"":100}]",0x25251300596EDD0869487064485674003C38402D000000645100000007000061000000FFFFFFFFFFFFFFFFFFFF00D50056707D00260421211223CDD42145FC2A94C2AD9A97400440011B03912822FFFFFF0000200000FFFFFF
2026-04-21 21:12:45.572,"[{""Protocol"":""0x2525"",""MessageType"":""LocationInfoMessage"",""ProtocolHeadType"":19,""Imei"":""869487064485674"",""SerialNo"":28382,""Mileage"":5665456,""Date"":""2026-04-21T21:13:22Z"",""IopIgnition"":true,""Latitude"":4.7402491569519043,""Longitude"":-74.088119506835938,""Altitude"":2572.0,""ExternalPowerVoltage"":27.92,""Rpm"":-999,""Speed"":11.0,""SatelliteNumber"":15,""Azimuth"":314,""BatteryLevel"":100}]",0x25251300596EDE0869487064485674003C38402D000000604F00000007000061000000FFFFFFFFFFFFFFFFFFFF00D5005672B00026042121132200C020451E2D94C21FB097400110013A03912792FFFFFF0000200000FFFFFF
2026-04-21 21:13:46.344,"[{""Protocol"":""0x2525"",""MessageType"":""LocationInfoMessage"",""ProtocolHeadType"":19,""Imei"":""869487064485674"",""SerialNo"":28383,""Mileage"":5665676,""Date"":""2026-04-21T21:14:23Z"",""IopIgnition"":true,""Latitude"":4.7415881156921387,""Longitude"":-74.089553833007813,""Altitude"":2576.10009765625,""ExternalPowerVoltage"":27.86,""Rpm"":-999,""Speed"":0.0,""SatelliteNumber"":17,""Azimuth"":301,""BatteryLevel"":100}]",0x25251300596EDF0869487064485674003C38402D000000645100000007000061000000FFFFFFFFFFFFFFFFFFFF00D50056738C002604212114239A012145DA2D94C217BB97400000012D03912786FFFFFF0000200000FFFFFF
2026-04-21 21:14:46.156,"[{""Protocol"":""0x2525"",""MessageType"":""LocationInfoMessage"",""ProtocolHeadType"":19,""Imei"":""869487064485674"",""SerialNo"":28384,""Mileage"":5665733,""Date"":""2026-04-21T21:15:23Z"",""IopIgnition"":true,""Latitude"":4.7418684959411621,""Longitude"":-74.0899887084961,""Altitude"":2575.800048828125,""ExternalPowerVoltage"":27.8,""Rpm"":-999,""Speed"":19.0,""SatelliteNumber"":16,""Azimuth"":306,""BatteryLevel"":100}]",0x25251300596EE00869487064485674003C38402D000000645000000007000061000000FFFFFFFFFFFFFFFFFFFF00D5005673C500260421211523CDFC2045132E94C263BD97400190013203912780FFFFFF00001F0000FFFFFF
2026-04-21 21:15:45.985,"[{""Protocol"":""0x2525"",""MessageType"":""LocationInfoMessage"",""ProtocolHeadType"":19,""Imei"":""869487064485674"",""SerialNo"":28385,""Mileage"":5666174,""Date"":""2026-04-21T21:16:23Z"",""IopIgnition"":true,""Latitude"":4.7443242073059082,""Longitude"":-74.093109130859375,""Altitude"":2574.699951171875,""ExternalPowerVoltage"":27.89,""Rpm"":-999,""Speed"":5.0,""SatelliteNumber"":16,""Azimuth"":307,""BatteryLevel"":100}]",0x25251300596EE10869487064485674003C38402D000000645000000007000061000000FFFFFFFFFFFFFFFFFFFF00D50056757E0026042121162333EB2045AC2F94C281D197400050013303912789FFFFFF00001F0000FFFFFF
2026-04-21 21:16:46.271,"[{""Protocol"":""0x2525"",""MessageType"":""LocationInfoMessage"",""ProtocolHeadType"":19,""Imei"":""869487064485674"",""SerialNo"":28386,""Mileage"":5666316,""Date"":""2026-04-21T21:17:23Z"",""IopIgnition"":true,""Latitude"":4.74507474899292,""Longitude"":-74.0941390991211,""Altitude"":2574.300048828125,""ExternalPowerVoltage"":28.46,""Rpm"":-999,""Speed"":30.0,""SatelliteNumber"":17,""Azimuth"":306,""BatteryLevel"":100}]",0x25251300596EE20869487064485674003C38402D000000645100000007000061000000FFFFFFFFFFFFFFFFFFFF00D50056760C00260421211723CDE42045333094C2A7D797400300013203912846FFFFFF0000200000FFFFFF
2026-04-21 21:17:45.604,"[{""Protocol"":""0x2525"",""MessageType"":""LocationInfoMessage"",""ProtocolHeadType"":19,""Imei"":""869487064485674"",""SerialNo"":28387,""Mileage"":5666572,""Date"":""2026-04-21T21:18:22Z"",""IopIgnition"":true,""Latitude"":4.7465271949768066,""Longitude"":-74.095932006835938,""Altitude"":2574.699951171875,""ExternalPowerVoltage"":27.96,""Rpm"":-999,""Speed"":0.0,""SatelliteNumber"":16,""Azimuth"":306,""BatteryLevel"":100}]",0x25251300596EE30869487064485674003C38402D000000645000000007000061000000FFFFFFFFFFFFFFFFFFFF00D50056770C0026042121182233EB20451E3194C28DE397400000013203912796FFFFFF00001F0000FFFFFF
2026-04-21 21:18:46.538,"[{""Protocol"":""0x2525"",""MessageType"":""LocationInfoMessage"",""ProtocolHeadType"":19,""Imei"":""869487064485674"",""SerialNo"":28388,""Mileage"":5667331,""Date"":""2026-04-21T21:19:23Z"",""IopIgnition"":true,""Latitude"":4.7498002052307129,""Longitude"":-74.101898193359375,""Altitude"":2573.89990234375,""ExternalPowerVoltage"":28.28,""Rpm"":-999,""Speed"":37.0,""SatelliteNumber"":16,""Azimuth"":293,""BatteryLevel"":100}]",0x25251300596EE40869487064485674003C38402D000000595000000007000061000000FFFFFFFFFFFFFFFFFFFF00D500567A030026042121192366DE20452C3494C25DFE97400370012503912828FFFFFF00001F0000FFFFFF
2026-04-21 21:19:13.965,"[{""Protocol"":""0x2525"",""MessageType"":""LocationInfoMessage"",""ProtocolHeadType"":19,""Imei"":""869487064485674"",""SerialNo"":28389,""Mileage"":5667546,""Date"":""2026-04-21T21:19:51Z"",""IopIgnition"":true,""Latitude"":4.7505850791931152,""Longitude"":-74.1036605834961,""Altitude"":2573.60009765625,""ExternalPowerVoltage"":27.79,""Rpm"":-999,""Speed"":11.0,""SatelliteNumber"":17,""Azimuth"":235,""BatteryLevel"":100}]",0x25251300596EE50869487064485674003C38402D000000415100000007000061000000FFFFFFFFFFFFFFFFFFFF00D500567ADA002604212119519AD92045133594C2CB049840011000EB03912779FFFFFF0000200000FFFFFF
2026-04-21 21:19:16.872,"[{""Protocol"":""0x2525"",""MessageType"":""LocationInfoMessage"",""ProtocolHeadType"":19,""Imei"":""869487064485674"",""SerialNo"":28390,""Mileage"":5667557,""Date"":""2026-04-21T21:19:54Z"",""IopIgnition"":true,""Latitude"":4.7505011558532715,""Longitude"":-74.10369873046875,""Altitude"":2573.89990234375,""ExternalPowerVoltage"":28.21,""Rpm"":-999,""Speed"":14.0,""SatelliteNumber"":17,""Azimuth"":168,""BatteryLevel"":100}]",0x25251300596EE60869487064485674003C38402D000000445100000007000061000000FFFFFFFFFFFFFFFFFFFF00D500567AE50026042121195466DE2045183594C21B049840014000A803912821FFFFFF0000220000FFFFFF
2026-04-21 21:19:18.862,"[{""Protocol"":""0x2525"",""MessageType"":""LocationInfoMessage"",""ProtocolHeadType"":19,""Imei"":""869487064485674"",""SerialNo"":28391,""Mileage"":5667567,""Date"":""2026-04-21T21:19:56Z"",""IopIgnition"":true,""Latitude"":4.7504372596740723,""Longitude"":-74.1036376953125,""Altitude"":2574.0,""ExternalPowerVoltage"":28.28,""Rpm"":-999,""Speed"":19.0,""SatelliteNumber"":17,""Azimuth"":119,""BatteryLevel"":100}]",0x25251300596EE70869487064485674003C38402D000000445100000007000061000000FFFFFFFFFFFFFFFFFFFF00D500567AEF0026042121195600E02045103594C2950398400190007703912828FFFFFF0000220000FFFFFF
2026-04-21 21:19:37.954,"[{""Protocol"":""0x2525"",""MessageType"":""LocationInfoMessage"",""ProtocolHeadType"":19,""Imei"":""869487064485674"",""SerialNo"":28392,""Mileage"":5667732,""Date"":""2026-04-21T21:20:15Z"",""IopIgnition"":true,""Latitude"":4.7496938705444336,""Longitude"":-74.102386474609375,""Altitude"":2572.39990234375,""ExternalPowerVoltage"":28.61,""Rpm"":-999,""Speed"":23.0,""SatelliteNumber"":17,""Azimuth"":180,""BatteryLevel"":100}]",0x25251300596EE80869487064485674003C38402D000000565100000007000061000000FFFFFFFFFFFFFFFFFFFF00D500567B940026042121201566C620456C3494C27EFD9740023000B403912861FFFFFF0000210000FFFFFF
2026-04-21 21:20:09.944,"[{""Protocol"":""0x2525"",""MessageType"":""LocationInfoMessage"",""ProtocolHeadType"":19,""Imei"":""869487064485674"",""SerialNo"":28393,""Mileage"":5668038,""Date"":""2026-04-21T21:20:47Z"",""IopIgnition"":true,""Latitude"":4.7473444938659668,""Longitude"":-74.103805541992188,""Altitude"":2569.39990234375,""ExternalPowerVoltage"":28.04,""Rpm"":-999,""Speed"":20.0,""SatelliteNumber"":15,""Azimuth"":227,""BatteryLevel"":100}]",0x25251300596EE90869487064485674003C38402D0000005D4F00000007000061000000FFFFFFFFFFFFFFFFFFFF00D500567CC60026042121204766962045263594C23FEA9740020000E303912804FFFFFF0000200000FFFFFF
2026-04-21 21:20:13.970,"[{""Protocol"":""0x2525"",""MessageType"":""LocationInfoMessage"",""ProtocolHeadType"":19,""Imei"":""869487064485674"",""SerialNo"":28394,""Mileage"":5668060,""Date"":""2026-04-21T21:20:51Z"",""IopIgnition"":true,""Latitude"":4.7473025321960449,""Longitude"":-74.103996276855469,""Altitude"":2570.300048828125,""ExternalPowerVoltage"":28.46,""Rpm"":-999,""Speed"":21.0,""SatelliteNumber"":16,""Azimuth"":276,""BatteryLevel"":100}]",0x25251300596EEA0869487064485674003C38402D0000005D5000000007000061000000FFFFFFFFFFFFFFFFFFFF00D500567CDC00260421212051CDA420453F3594C2E7E997400210011403912846FFFFFF0000200000FFFFFF
2026-04-21 21:20:42.945,"[{""Protocol"":""0x2525"",""MessageType"":""LocationInfoMessage"",""ProtocolHeadType"":19,""Imei"":""869487064485674"",""SerialNo"":28395,""Mileage"":5668259,""Date"":""2026-04-21T21:21:20Z"",""IopIgnition"":true,""Latitude"":4.7475728988647461,""Longitude"":-74.105751037597656,""Altitude"":2573.800048828125,""ExternalPowerVoltage"":28.14,""Rpm"":-999,""Speed"":12.0,""SatelliteNumber"":16,""Azimuth"":329,""BatteryLevel"":100}]",0x25251300596EEB0869487064485674003C38402D0000005D5000000007000061000000FFFFFFFFFFFFFFFFFFFF00D500567DA300260421212120CDDC2045253694C21EEC97400120014903912814FFFFFF0000200000FFFFFF
2026-04-21 21:21:12.950,"[{""Protocol"":""0x2525"",""MessageType"":""LocationInfoMessage"",""ProtocolHeadType"":19,""Imei"":""869487064485674"",""SerialNo"":28396,""Mileage"":5668414,""Date"":""2026-04-21T21:21:50Z"",""IopIgnition"":true,""Latitude"":4.7488994598388672,""Longitude"":-74.105789184570313,""Altitude"":2570.10009765625,""ExternalPowerVoltage"":27.79,""Rpm"":-999,""Speed"":13.0,""SatelliteNumber"":18,""Azimuth"":271,""BatteryLevel"":100}]",0x25251300596EEC0869487064485674003C38402D0000004F5200000007000061000000FFFFFFFFFFFFFFFFFFFF00D500567E3E002604212121509AA120452A3694C2FCF697400130010F03912779FFFFFF0000200000FFFFFF
2026-04-21 21:21:15.951,"[{""Protocol"":""0x2525"",""MessageType"":""LocationInfoMessage"",""ProtocolHeadType"":19,""Imei"":""869487064485674"",""SerialNo"":28397,""Mileage"":5668427,""Date"":""2026-04-21T21:21:53Z"",""IopIgnition"":true,""Latitude"":4.7488322257995605,""Longitude"":-74.105888366699219,""Altitude"":2570.60009765625,""ExternalPowerVoltage"":28.2,""Rpm"":-999,""Speed"":17.0,""SatelliteNumber"":17,""Azimuth"":218,""BatteryLevel"":100}]",0x25251300596EED0869487064485674003C38402D0000004F5100000007000061000000FFFFFFFFFFFFFFFFFFFF00D500567E4B002604212121539AA92045373694C26FF69740017000DA03912820FFFFFF0000230000FFFFFF
2026-04-21 21:22:45.741,"[{""Protocol"":""0x2525"",""MessageType"":""LocationInfoMessage"",""ProtocolHeadType"":19,""Imei"":""869487064485674"",""SerialNo"":28398,""Mileage"":5668830,""Date"":""2026-04-21T21:23:23Z"",""IopIgnition"":true,""Latitude"":4.7457690238952637,""Longitude"":-74.1078109741211,""Altitude"":2570.0,""ExternalPowerVoltage"":28.17,""Rpm"":-999,""Speed"":0.0,""SatelliteNumber"":17,""Azimuth"":209,""BatteryLevel"":100}]",0x25251300596EEE0869487064485674003C38402D000000595100000007000061000000FFFFFFFFFFFFFFFFFFFF00D500567FDE0026042121232300A02045333794C257DD9740000000D103912817FFFFFF0000200000FFFFFF
2026-04-21 21:23:01.872,"[{""Protocol"":""0x2525"",""MessageType"":""LocationInfoMessage"",""ProtocolHeadType"":19,""Imei"":""869487064485674"",""SerialNo"":28399,""Mileage"":5668897,""Date"":""2026-04-21T21:23:39Z"",""IopIgnition"":true,""Latitude"":4.7453680038452148,""Longitude"":-74.1082534790039,""Altitude"":2567.800048828125,""ExternalPowerVoltage"":27.57,""Rpm"":-999,""Speed"":13.0,""SatelliteNumber"":17,""Azimuth"":257,""BatteryLevel"":100}]",0x25251300596EEF0869487064485674003C38402D000000595100000007000061000000FFFFFFFFFFFFFFFFFFFF00D50056802100260421212339CD7C20456D3794C20EDA97400130010103912757FFFFFF0000240000FFFFFF
2026-04-21 21:24:45.720,"[{""Protocol"":""0x2525"",""MessageType"":""LocationInfoMessage"",""ProtocolHeadType"":19,""Imei"":""869487064485674"",""SerialNo"":28400,""Mileage"":5669712,""Date"":""2026-04-21T21:25:23Z"",""IopIgnition"":true,""Latitude"":4.7470731735229492,""Longitude"":-74.1153793334961,""Altitude"":2573.800048828125,""ExternalPowerVoltage"":28.27,""Rpm"":-999,""Speed"":27.0,""SatelliteNumber"":14,""Azimuth"":280,""BatteryLevel"":100}]",0x25251300596EF00869487064485674003C38402D000000604E00000007000061000000FFFFFFFFFFFFFFFFFFFF00D50056835000260421212523CDDC2045133B94C206E897400270011803912827FFFFFF0000200000FFFFFF
2026-04-21 21:25:45.539,"[{""Protocol"":""0x2525"",""MessageType"":""LocationInfoMessage"",""ProtocolHeadType"":19,""Imei"":""869487064485674"",""SerialNo"":28401,""Mileage"":5670082,""Date"":""2026-04-21T21:26:22Z"",""IopIgnition"":true,""Latitude"":4.7474021911621094,""Longitude"":-74.118690490722656,""Altitude"":2571.60009765625,""ExternalPowerVoltage"":27.85,""Rpm"":-999,""Speed"":19.0,""SatelliteNumber"":14,""Azimuth"":270,""BatteryLevel"":100}]",0x25251300596EF10869487064485674003C38402D000000594E00000007000061000000FFFFFFFFFFFFFFFFFFFF00D5005684C2002604212126229AB92045C53C94C2B8EA97400190010E03912785FFFFFF0000200001FFFFFF
2026-04-21 21:26:17.946,"[{""Protocol"":""0x2525"",""MessageType"":""LocationInfoMessage"",""ProtocolHeadType"":19,""Imei"":""869487064485674"",""SerialNo"":28402,""Mileage"":5670320,""Date"":""2026-04-21T21:26:55Z"",""IopIgnition"":true,""Latitude"":4.7475337982177734,""Longitude"":-74.120811462402344,""Altitude"":2568.300048828125,""ExternalPowerVoltage"":28.07,""Rpm"":-999,""Speed"":15.0,""SatelliteNumber"":16,""Azimuth"":209,""BatteryLevel"":100}]",0x25251300596EF20869487064485674003C38402D000000595000000007000061000000FFFFFFFFFFFFFFFFFFFF00D5005685B000260421212655CD842045DB3D94C2CCEB9740015000D103912807FFFFFF0000200000FFFFFF
2026-04-21 21:26:22.074,"[{""Protocol"":""0x2525"",""MessageType"":""LocationInfoMessage"",""ProtocolHeadType"":19,""Imei"":""869487064485674"",""SerialNo"":28403,""Mileage"":5670339,""Date"":""2026-04-21T21:26:59Z"",""IopIgnition"":true,""Latitude"":4.7473711967468262,""Longitude"":-74.120773315429688,""Altitude"":2568.699951171875,""ExternalPowerVoltage"":28.3,""Rpm"":-999,""Speed"":16.0,""SatelliteNumber"":16,""Azimuth"":149,""BatteryLevel"":100}]",0x25251300596EF30869487064485674003C38402D000000595000000007000061000000FFFFFFFFFFFFFFFFFFFF00D5005685C300260421212659338B2045D63D94C277EA97400160009503912830FFFFFF0000200000FFFFFF
2026-04-21 21:26:36.983,"[{""Protocol"":""0x2525"",""MessageType"":""LocationInfoMessage"",""ProtocolHeadType"":19,""Imei"":""869487064485674"",""SerialNo"":28404,""Mileage"":5670433,""Date"":""2026-04-21T21:27:14Z"",""IopIgnition"":true,""Latitude"":4.7465758323669434,""Longitude"":-74.120513916015625,""Altitude"":2569.199951171875,""ExternalPowerVoltage"":28.16,""Rpm"":-999,""Speed"":7.0,""SatelliteNumber"":16,""Azimuth"":229,""BatteryLevel"":100}]",0x25251300596EF40869487064485674003C38402D000000645000000007000061000000FFFFFFFFFFFFFFFFFFFF00D5005686210026042121271433932045B43D94C2F3E39740007000E503912816FFFFFF0000200000FFFFFF
2026-04-21 21:27:45.781,"[{""Protocol"":""0x2525"",""MessageType"":""LocationInfoMessage"",""ProtocolHeadType"":19,""Imei"":""869487064485674"",""SerialNo"":28405,""Mileage"":5670482,""Date"":""2026-04-21T21:28:23Z"",""IopIgnition"":true,""Latitude"":4.7464065551757813,""Longitude"":-74.120918273925781,""Altitude"":2565.699951171875,""ExternalPowerVoltage"":27.83,""Rpm"":-999,""Speed"":0.0,""SatelliteNumber"":15,""Azimuth"":258,""BatteryLevel"":100}]",0x25251300596EF50869487064485674003C38402D000000644F00000007000061000000FFFFFFFFFFFFFFFFFFFF00D50056865200260421212823335B2045E93D94C290E297400000010203912783FFFFFF00001F0000FFFFFF
2026-04-21 21:28:45.602,"[{""Protocol"":""0x2525"",""MessageType"":""LocationInfoMessage"",""ProtocolHeadType"":19,""Imei"":""869487064485674"",""SerialNo"":28406,""Mileage"":5670482,""Date"":""2026-04-21T21:29:22Z"",""IopIgnition"":true,""Latitude"":4.7464065551757813,""Longitude"":-74.120918273925781,""Altitude"":2565.699951171875,""ExternalPowerVoltage"":27.96,""Rpm"":-999,""Speed"":0.0,""SatelliteNumber"":16,""Azimuth"":258,""BatteryLevel"":100}]",0x25251300596EF60869487064485674003C38402D000000645000000007000061000000FFFFFFFFFFFFFFFFFFFF00D50056865200260421212922335B2045E93D94C290E297400000010203912796FFFFFF00001F0000FFFFFF
2026-04-21 21:29:46.511,"[{""Protocol"":""0x2525"",""MessageType"":""LocationInfoMessage"",""ProtocolHeadType"":19,""Imei"":""869487064485674"",""SerialNo"":28407,""Mileage"":5670542,""Date"":""2026-04-21T21:30:23Z"",""IopIgnition"":true,""Latitude"":4.7462091445922852,""Longitude"":-74.121421813964844,""Altitude"":2562.800048828125,""ExternalPowerVoltage"":27.52,""Rpm"":-999,""Speed"":11.0,""SatelliteNumber"":15,""Azimuth"":234,""BatteryLevel"":100}]",0x25251300596EF70869487064485674003C38402D000000644F00000007000061000000FFFFFFFFFFFFFFFFFFFF00D50056868E00260421213023CD2C20452B3E94C2F2E09740011000EA03912752FFFFFF00001F0000FFFFFF
2026-04-21 21:30:46.336,"[{""Protocol"":""0x2525"",""MessageType"":""LocationInfoMessage"",""ProtocolHeadType"":19,""Imei"":""869487064485674"",""SerialNo"":28408,""Mileage"":5670839,""Date"":""2026-04-21T21:31:23Z"",""IopIgnition"":true,""Latitude"":4.7453312873840332,""Longitude"":-74.123939514160156,""Altitude"":2566.0,""ExternalPowerVoltage"":28.26,""Rpm"":-999,""Speed"":17.0,""SatelliteNumber"":16,""Azimuth"":250,""BatteryLevel"":100}]",0x25251300596EF80869487064485674003C38402D000000595000000007000061000000FFFFFFFFFFFFFFFFFFFF00D5005687B70026042121312300602045753F94C2C1D99740017000FA03912826FFFFFF00001F0000FFFFFF
2026-04-21 21:31:46.155,"[{""Protocol"":""0x2525"",""MessageType"":""LocationInfoMessage"",""ProtocolHeadType"":19,""Imei"":""869487064485674"",""SerialNo"":28409,""Mileage"":5671023,""Date"":""2026-04-21T21:32:23Z"",""IopIgnition"":true,""Latitude"":4.7448372840881348,""Longitude"":-74.125518798828125,""Altitude"":2564.39990234375,""ExternalPowerVoltage"":28.07,""Rpm"":-999,""Speed"":0.0,""SatelliteNumber"":17,""Azimuth"":256,""BatteryLevel"":100}]",0x25251300596EF90869487064485674003C38402D000000445100000007000061000000FFFFFFFFFFFFFFFFFFFF00D50056886F0026042121322366462045444094C2B5D597400000010003912807FFFFFF0000200000FFFFFF
2026-04-21 21:32:44.853,"[{""Protocol"":""0x2525"",""MessageType"":""SignInMessage"",""ProtocolHeadType"":0,""Imei"":""869487064485674"",""SerialNo"":274,""Firmware"":""V1.0.1.8"",""Model"":0,""ObdBootVersion"":null,""ObdDataVersion"":null,""ObdHareware"":null,""ObdSoftware"":null,""Platform"":null,""Software"":""V0.0.0""}]",0x2525010017011208694870644856740000030502101812
2026-04-21 21:32:45.071,"[{""Protocol"":""0x2525"",""MessageType"":""NetworkInfoMessage"",""ProtocolHeadType"":0,""Imei"":""869487064485674"",""SerialNo"":254,""AccessTechnology"":""CAT-1"",""Band"":""CAT-1 7"",""Date"":""2026-04-21T21:33:23Z"",""Iccid"":""89571017025023250790"",""Imsi"":""732101725325077"",""NetworkOperator"":""LaSeleNosLlama""}]",0x252511006500FE08694870644856742604212133231C4C006100530065006C0065004E006F0073004C006C0061006D006100054341542D31074341542D3120370F373332313031373235333235303737143839353731303137303235303233323530373930
2026-04-21 21:32:45.165,"[{""Protocol"":""0x2525"",""MessageType"":""LocationInfoMessage"",""ProtocolHeadType"":19,""Imei"":""869487064485674"",""SerialNo"":28410,""Mileage"":5671223,""Date"":""2026-04-21T21:33:23Z"",""IopIgnition"":true,""Latitude"":4.7442359924316406,""Longitude"":-74.127212524414063,""Altitude"":2567.300048828125,""ExternalPowerVoltage"":28.07,""Rpm"":-999,""Speed"":0.0,""SatelliteNumber"":16,""Azimuth"":259,""BatteryLevel"":100}]",0x25251300596EFA0869487064485674003C38402D00000060D000000007000061000000FFFFFFFFFFFFFFFFFFFF00800056893700260421213323CD742045224194C2C8D097400000010303912807FFFFFF0000230000FFFFFF
2026-04-21 21:33:44.460,"[{""Protocol"":""0x2525"",""MessageType"":""LocationInfoMessage"",""ProtocolHeadType"":19,""Imei"":""869487064485674"",""SerialNo"":28411,""Mileage"":5671307,""Date"":""2026-04-21T21:34:23Z"",""IopIgnition"":true,""Latitude"":4.7442164421081543,""Longitude"":-74.1279296875,""Altitude"":2565.800048828125,""ExternalPowerVoltage"":27.86,""Rpm"":-999,""Speed"":0.0,""SatelliteNumber"":15,""Azimuth"":280,""BatteryLevel"":100}]",0x25251300596EFB0869487064485674003C38402D000000414F00000007000061000000FFFFFFFFFFFFFFFFFFFF00D50056898B00260421213423CD5C2045804194C29FD097400000011803912786FFFFFF0000200000FFFFFF
2026-04-21 21:34:44.286,"[{""Protocol"":""0x2525"",""MessageType"":""LocationInfoMessage"",""ProtocolHeadType"":19,""Imei"":""869487064485674"",""SerialNo"":28412,""Mileage"":5671307,""Date"":""2026-04-21T21:35:22Z"",""IopIgnition"":true,""Latitude"":4.7442164421081543,""Longitude"":-74.1279296875,""Altitude"":2565.800048828125,""ExternalPowerVoltage"":27.94,""Rpm"":-999,""Speed"":0.0,""SatelliteNumber"":17,""Azimuth"":280,""BatteryLevel"":100}]",0x25251300596EFC0869487064485674003C38402D0000004B5100000007000061000000FFFFFFFFFFFFFFFFFFFF00D50056898B00260421213522CD5C2045804194C29FD097400000011803912794FFFFFF00001F0000FFFFFF
2026-04-21 21:35:45.170,"[{""Protocol"":""0x2525"",""MessageType"":""LocationInfoMessage"",""ProtocolHeadType"":19,""Imei"":""869487064485674"",""SerialNo"":28413,""Mileage"":5671307,""Date"":""2026-04-21T21:36:23Z"",""IopIgnition"":true,""Latitude"":4.7442164421081543,""Longitude"":-74.1279296875,""Altitude"":2565.800048828125,""ExternalPowerVoltage"":27.96,""Rpm"":-999,""Speed"":0.0,""SatelliteNumber"":16,""Azimuth"":280,""BatteryLevel"":100}]",0x25251300596EFD0869487064485674003C38402D000000485000000007000061000000FFFFFFFFFFFFFFFFFFFF00D50056898B00260421213623CD5C2045804194C29FD097400000011803912796FFFFFF0000200000FFFFFF
2026-04-21 21:36:44.968,"[{""Protocol"":""0x2525"",""MessageType"":""LocationInfoMessage"",""ProtocolHeadType"":19,""Imei"":""869487064485674"",""SerialNo"":28414,""Mileage"":5671307,""Date"":""2026-04-21T21:37:23Z"",""IopIgnition"":true,""Latitude"":4.7442164421081543,""Longitude"":-74.1279296875,""Altitude"":2565.800048828125,""ExternalPowerVoltage"":27.85,""Rpm"":-999,""Speed"":0.0,""SatelliteNumber"":15,""Azimuth"":280,""BatteryLevel"":100}]",0x25251300596EFE0869487064485674003C38402D000000484F00000007000061000000FFFFFFFFFFFFFFFFFFFF00D50056898B00260421213723CD5C2045804194C29FD097400000011803912785FFFFFF00001F0000FFFFFF
2026-04-21 21:37:44.762,"[{""Protocol"":""0x2525"",""MessageType"":""LocationInfoMessage"",""ProtocolHeadType"":19,""Imei"":""869487064485674"",""SerialNo"":28415,""Mileage"":5671307,""Date"":""2026-04-21T21:38:23Z"",""IopIgnition"":true,""Latitude"":4.7442164421081543,""Longitude"":-74.1279296875,""Altitude"":2565.800048828125,""ExternalPowerVoltage"":27.97,""Rpm"":-999,""Speed"":0.0,""SatelliteNumber"":16,""Azimuth"":280,""BatteryLevel"":100}]",0x25251300596EFF0869487064485674003C38402D000000485000000007000061000000FFFFFFFFFFFFFFFFFFFF00D50056898B00260421213823CD5C2045804194C29FD097400000011803912797FFFFFF00001F0000FFFFFF
2026-04-21 21:38:44.552,"[{""Protocol"":""0x2525"",""MessageType"":""LocationInfoMessage"",""ProtocolHeadType"":19,""Imei"":""869487064485674"",""SerialNo"":28416,""Mileage"":5671307,""Date"":""2026-04-21T21:39:23Z"",""IopIgnition"":true,""Latitude"":4.7442164421081543,""Longitude"":-74.1279296875,""Altitude"":2565.800048828125,""ExternalPowerVoltage"":27.86,""Rpm"":-999,""Speed"":0.0,""SatelliteNumber"":13,""Azimuth"":280,""BatteryLevel"":100}]",0x25251300596F000869487064485674003C38402D000000484D00000007000061000000FFFFFFFFFFFFFFFFFFFF00D50056898B00260421213923CD5C2045804194C29FD097400000011803912786FFFFFF00001F0000FFFFFF
2026-04-21 21:39:44.385,"[{""Protocol"":""0x2525"",""MessageType"":""LocationInfoMessage"",""ProtocolHeadType"":19,""Imei"":""869487064485674"",""SerialNo"":28417,""Mileage"":5671307,""Date"":""2026-04-21T21:40:23Z"",""IopIgnition"":true,""Latitude"":4.7442164421081543,""Longitude"":-74.1279296875,""Altitude"":2565.800048828125,""ExternalPowerVoltage"":27.85,""Rpm"":-999,""Speed"":0.0,""SatelliteNumber"":16,""Azimuth"":280,""BatteryLevel"":100}]",0x25251300596F010869487064485674003C38402D000000485000000007000061000000FFFFFFFFFFFFFFFFFFFF00D50056898B00260421214023CD5C2045804194C29FD097400000011803912785FFFFFF00001F0000FFFFFF
2026-04-21 21:40:44.218,"[{""Protocol"":""0x2525"",""MessageType"":""LocationInfoMessage"",""ProtocolHeadType"":19,""Imei"":""869487064485674"",""SerialNo"":28418,""Mileage"":5671307,""Date"":""2026-04-21T21:41:22Z"",""IopIgnition"":true,""Latitude"":4.7442164421081543,""Longitude"":-74.1279296875,""Altitude"":2565.800048828125,""ExternalPowerVoltage"":27.98,""Rpm"":-999,""Speed"":0.0,""SatelliteNumber"":16,""Azimuth"":280,""BatteryLevel"":100}]",0x25251300596F020869487064485674003C38402D000000485000000007000061000000FFFFFFFFFFFFFFFFFFFF00D50056898B00260421214122CD5C2045804194C29FD097400000011803912798FFFFFF00001F0000FFFFFF
2026-04-21 21:41:45.013,"[{""Protocol"":""0x2525"",""MessageType"":""LocationInfoMessage"",""ProtocolHeadType"":19,""Imei"":""869487064485674"",""SerialNo"":28419,""Mileage"":5671307,""Date"":""2026-04-21T21:42:23Z"",""IopIgnition"":true,""Latitude"":4.7442164421081543,""Longitude"":-74.1279296875,""Altitude"":2565.800048828125,""ExternalPowerVoltage"":27.85,""Rpm"":-999,""Speed"":0.0,""SatelliteNumber"":18,""Azimuth"":280,""BatteryLevel"":100}]",0x25251300596F030869487064485674003C38402D000000595200000007000061000000FFFFFFFFFFFFFFFFFFFF00D50056898B00260421214223CD5C2045804194C29FD097400000011803912785FFFFFF00001F0000FFFFFF
2026-04-21 21:42:14.616,"[{""Protocol"":""0x2525"",""MessageType"":""LocationInfoMessage"",""ProtocolHeadType"":19,""Imei"":""869487064485674"",""SerialNo"":28420,""Mileage"":5671399,""Date"":""2026-04-21T21:42:53Z"",""IopIgnition"":true,""Latitude"":4.7443819046020508,""Longitude"":-74.12872314453125,""Altitude"":2569.60009765625,""ExternalPowerVoltage"":28.04,""Rpm"":-999,""Speed"":11.0,""SatelliteNumber"":17,""Azimuth"":223,""BatteryLevel"":100}]",0x25251300596F040869487064485674003C38402D0000003A5100000007000061000000FFFFFFFFFFFFFFFFFFFF00D5005689E7002604212142539A992045E84194C2FAD19740011000DF03912804FFFFFF00001F0000FFFFFF
2026-04-21 21:43:22.659,"[{""Protocol"":""0x2525"",""MessageType"":""LocationInfoMessage"",""ProtocolHeadType"":19,""Imei"":""869487064485674"",""SerialNo"":28421,""Mileage"":5671790,""Date"":""2026-04-21T21:44:01Z"",""IopIgnition"":true,""Latitude"":4.7418861389160156,""Longitude"":-74.130599975585938,""Altitude"":2563.5,""ExternalPowerVoltage"":27.37,""Rpm"":-999,""Speed"":10.0,""SatelliteNumber"":15,""Azimuth"":171,""BatteryLevel"":100}]",0x25251300596F050869487064485674003C38402D000000414F00000007000061000000FFFFFFFFFFFFFFFFFFFF00D500568B6E0026042121440100382045DE4294C288BD9740010000AB03912737FFFFFF00001F0000FFFFFF
2026-04-21 21:44:12.610,"[{""Protocol"":""0x2525"",""MessageType"":""LocationInfoMessage"",""ProtocolHeadType"":19,""Imei"":""869487064485674"",""SerialNo"":28422,""Mileage"":5671999,""Date"":""2026-04-21T21:44:51Z"",""IopIgnition"":true,""Latitude"":4.7401790618896484,""Longitude"":-74.129867553710938,""Altitude"":2563.300048828125,""ExternalPowerVoltage"":28.1,""Rpm"":-999,""Speed"":16.0,""SatelliteNumber"":16,""Azimuth"":65,""BatteryLevel"":100}]",0x25251300596F060869487064485674003C38402D000000565000000007000061000000FFFFFFFFFFFFFFFFFFFF00D500568C3F00260421214451CD3420457E4294C28CAF97400160004103912810FFFFFF00001F0000FFFFFF
2026-04-21 21:45:44.437,"[{""Protocol"":""0x2525"",""MessageType"":""LocationInfoMessage"",""ProtocolHeadType"":19,""Imei"":""869487064485674"",""SerialNo"":28423,""Mileage"":5672451,""Date"":""2026-04-21T21:46:23Z"",""IopIgnition"":true,""Latitude"":4.7417201995849609,""Longitude"":-74.1260986328125,""Altitude"":2570.10009765625,""ExternalPowerVoltage"":27.98,""Rpm"":-999,""Speed"":10.0,""SatelliteNumber"":17,""Azimuth"":68,""BatteryLevel"":100}]",0x25251300596F070869487064485674003C38402D000000645100000007000061000000FFFFFFFFFFFFFFFFFFFF00D500568E03002604212146239AA12045904094C22CBC97400100004403912798FFFFFF00001F0000FFFFFF
2026-04-21 21:46:44.229,"[{""Protocol"":""0x2525"",""MessageType"":""LocationInfoMessage"",""ProtocolHeadType"":19,""Imei"":""869487064485674"",""SerialNo"":28424,""Mileage"":5672509,""Date"":""2026-04-21T21:47:22Z"",""IopIgnition"":true,""Latitude"":4.7419476509094238,""Longitude"":-74.125640869140625,""Altitude"":2569.300048828125,""ExternalPowerVoltage"":27.84,""Rpm"":-999,""Speed"":0.0,""SatelliteNumber"":15,""Azimuth"":65,""BatteryLevel"":100}]",0x25251300596F080869487064485674003C38402D000000644F00000007000061000000FFFFFFFFFFFFFFFFFFFF00D500568E3D00260421214722CD942045544094C209BE97400000004103912784FFFFFF00001F0000FFFFFF
2026-04-21 21:47:45.033,"[{""Protocol"":""0x2525"",""MessageType"":""LocationInfoMessage"",""ProtocolHeadType"":19,""Imei"":""869487064485674"",""SerialNo"":28425,""Mileage"":5672509,""Date"":""2026-04-21T21:48:23Z"",""IopIgnition"":true,""Latitude"":4.7419476509094238,""Longitude"":-74.125640869140625,""Altitude"":2569.300048828125,""ExternalPowerVoltage"":27.8,""Rpm"":-999,""Speed"":0.0,""SatelliteNumber"":16,""Azimuth"":65,""BatteryLevel"":100}]",0x25251300596F090869487064485674003C38402D0000005D5000000007000061000000FFFFFFFFFFFFFFFFFFFF00D500568E3D00260421214823CD942045544094C209BE97400000004103912780FFFFFF00001E0000FFFFFF
2026-04-21 21:48:44.842,"[{""Protocol"":""0x2525"",""MessageType"":""LocationInfoMessage"",""ProtocolHeadType"":19,""Imei"":""869487064485674"",""SerialNo"":28426,""Mileage"":5672509,""Date"":""2026-04-21T21:49:23Z"",""IopIgnition"":true,""Latitude"":4.7419476509094238,""Longitude"":-74.125640869140625,""Altitude"":2569.300048828125,""ExternalPowerVoltage"":27.94,""Rpm"":-999,""Speed"":0.0,""SatelliteNumber"":15,""Azimuth"":65,""BatteryLevel"":100}]",0x25251300596F0A0869487064485674003C38402D0000005D4F00000007000061000000FFFFFFFFFFFFFFFFFFFF00D500568E3D00260421214923CD942045544094C209BE97400000004103912794FFFFFF00001E0000FFFFFF
2026-04-21 21:49:44.676,"[{""Protocol"":""0x2525"",""MessageType"":""LocationInfoMessage"",""ProtocolHeadType"":19,""Imei"":""869487064485674"",""SerialNo"":28427,""Mileage"":5672509,""Date"":""2026-04-21T21:50:23Z"",""IopIgnition"":true,""Latitude"":4.7419476509094238,""Longitude"":-74.125640869140625,""Altitude"":2569.300048828125,""ExternalPowerVoltage"":27.93,""Rpm"":-999,""Speed"":0.0,""SatelliteNumber"":16,""Azimuth"":65,""BatteryLevel"":100}]",0x25251300596F0B0869487064485674003C38402D0000005D5000000007000061000000FFFFFFFFFFFFFFFFFFFF00D500568E3D00260421215023CD942045544094C209BE97400000004103912793FFFFFF00001F0000FFFFFF
2026-04-21 21:50:44.477,"[{""Protocol"":""0x2525"",""MessageType"":""LocationInfoMessage"",""ProtocolHeadType"":19,""Imei"":""869487064485674"",""SerialNo"":28428,""Mileage"":5672509,""Date"":""2026-04-21T21:51:23Z"",""IopIgnition"":true,""Latitude"":4.7419476509094238,""Longitude"":-74.125640869140625,""Altitude"":2569.300048828125,""ExternalPowerVoltage"":27.89,""Rpm"":-999,""Speed"":0.0,""SatelliteNumber"":16,""Azimuth"":65,""BatteryLevel"":100}]",0x25251300596F0C0869487064485674003C38402D0000005D5000000007000061000000FFFFFFFFFFFFFFFFFFFF00D500568E3D00260421215123CD942045544094C209BE97400000004103912789FFFFFF0000210000FFFFFF
2026-04-21 21:51:45.653,"[{""Protocol"":""0x2525"",""MessageType"":""LocationInfoMessage"",""ProtocolHeadType"":19,""Imei"":""869487064485674"",""SerialNo"":28429,""Mileage"":5672571,""Date"":""2026-04-21T21:52:22Z"",""IopIgnition"":true,""Latitude"":4.7421598434448242,""Longitude"":-74.125114440917969,""Altitude"":2564.300048828125,""ExternalPowerVoltage"":27.94,""Rpm"":-999,""Speed"":0.0,""SatelliteNumber"":14,""Azimuth"":61,""BatteryLevel"":100}]",0x25251300596F0D0869487064485674003C38402D000000594E00000007000061000000FFFFFFFFFFFFFFFFFFFF00D500568E7B00260421215222CD4420450F4094C2C6BF97400000003D03912794FFFFFF00001F0000FFFFFF
2026-04-21 21:52:45.203,"[{""Protocol"":""0x2525"",""MessageType"":""LocationInfoMessage"",""ProtocolHeadType"":19,""Imei"":""869487064485674"",""SerialNo"":28430,""Mileage"":5672571,""Date"":""2026-04-21T21:53:23Z"",""IopIgnition"":true,""Latitude"":4.7421598434448242,""Longitude"":-74.125114440917969,""Altitude"":2564.300048828125,""ExternalPowerVoltage"":27.89,""Rpm"":-999,""Speed"":0.0,""SatelliteNumber"":17,""Azimuth"":61,""BatteryLevel"":100}]",0x25251300596F0E0869487064485674003C38402D000000595100000007000061000000FFFFFFFFFFFFFFFFFFFF00D500568E7B00260421215323CD4420450F4094C2C6BF97400000003D03912789FFFFFF00001F0000FFFFFF
2026-04-21 21:53:45.036,"[{""Protocol"":""0x2525"",""MessageType"":""LocationInfoMessage"",""ProtocolHeadType"":19,""Imei"":""869487064485674"",""SerialNo"":28431,""Mileage"":5672571,""Date"":""2026-04-21T21:54:23Z"",""IopIgnition"":true,""Latitude"":4.7421598434448242,""Longitude"":-74.125114440917969,""Altitude"":2564.300048828125,""ExternalPowerVoltage"":27.81,""Rpm"":-999,""Speed"":0.0,""SatelliteNumber"":17,""Azimuth"":61,""BatteryLevel"":100}]",0x25251300596F0F0869487064485674003C38402D000000645100000007000061000000FFFFFFFFFFFFFFFFFFFF00D500568E7B00260421215423CD4420450F4094C2C6BF97400000003D03912781FFFFFF00001F0000FFFFFF
2026-04-21 21:54:44.834,"[{""Protocol"":""0x2525"",""MessageType"":""LocationInfoMessage"",""ProtocolHeadType"":19,""Imei"":""869487064485674"",""SerialNo"":28432,""Mileage"":5672571,""Date"":""2026-04-21T21:55:23Z"",""IopIgnition"":true,""Latitude"":4.7421598434448242,""Longitude"":-74.125114440917969,""Altitude"":2564.300048828125,""ExternalPowerVoltage"":27.92,""Rpm"":-999,""Speed"":0.0,""SatelliteNumber"":15,""Azimuth"":61,""BatteryLevel"":100}]",0x25251300596F100869487064485674003C38402D000000604F00000007000061000000FFFFFFFFFFFFFFFFFFFF00D500568E7B00260421215523CD4420450F4094C2C6BF97400000003D03912792FFFFFF00001F0000FFFFFF
2026-04-21 21:55:44.664,"[{""Protocol"":""0x2525"",""MessageType"":""LocationInfoMessage"",""ProtocolHeadType"":19,""Imei"":""869487064485674"",""SerialNo"":28433,""Mileage"":5672571,""Date"":""2026-04-21T21:56:23Z"",""IopIgnition"":true,""Latitude"":4.7421598434448242,""Longitude"":-74.125114440917969,""Altitude"":2564.300048828125,""ExternalPowerVoltage"":27.91,""Rpm"":-999,""Speed"":0.0,""SatelliteNumber"":16,""Azimuth"":61,""BatteryLevel"":100}]",0x25251300596F110869487064485674003C38402D000000645000000007000061000000FFFFFFFFFFFFFFFFFFFF00D500568E7B00260421215623CD4420450F4094C2C6BF97400000003D03912791FFFFFF00001F0000FFFFFF
2026-04-21 21:56:44.601,"[{""Protocol"":""0x2525"",""MessageType"":""LocationInfoMessage"",""ProtocolHeadType"":19,""Imei"":""869487064485674"",""SerialNo"":28434,""Mileage"":5672571,""Date"":""2026-04-21T21:57:23Z"",""IopIgnition"":true,""Latitude"":4.7421598434448242,""Longitude"":-74.125114440917969,""Altitude"":2564.300048828125,""ExternalPowerVoltage"":27.88,""Rpm"":-999,""Speed"":0.0,""SatelliteNumber"":16,""Azimuth"":61,""BatteryLevel"":100}]",0x25251300596F120869487064485674003C38402D000000645000000007000061000000FFFFFFFFFFFFFFFFFFFF00D500568E7B00260421215723CD4420450F4094C2C6BF97400000003D03912788FFFFFF00001F0000FFFFFF
2026-04-21 21:57:44.292,"[{""Protocol"":""0x2525"",""MessageType"":""LocationInfoMessage"",""ProtocolHeadType"":19,""Imei"":""869487064485674"",""SerialNo"":28435,""Mileage"":5672571,""Date"":""2026-04-21T21:58:22Z"",""IopIgnition"":true,""Latitude"":4.7421598434448242,""Longitude"":-74.125114440917969,""Altitude"":2564.300048828125,""ExternalPowerVoltage"":28.02,""Rpm"":-999,""Speed"":0.0,""SatelliteNumber"":16,""Azimuth"":61,""BatteryLevel"":100}]",0x25251300596F130869487064485674003C38402D0000005D5000000007000061000000FFFFFFFFFFFFFFFFFFFF00D500568E7B00260421215822CD4420450F4094C2C6BF97400000003D03912802FFFFFF00001F0000FFFFFF
2026-04-21 21:58:45.193,"[{""Protocol"":""0x2525"",""MessageType"":""LocationInfoMessage"",""ProtocolHeadType"":19,""Imei"":""869487064485674"",""SerialNo"":28436,""Mileage"":5672571,""Date"":""2026-04-21T21:59:23Z"",""IopIgnition"":true,""Latitude"":4.7421598434448242,""Longitude"":-74.125114440917969,""Altitude"":2564.300048828125,""ExternalPowerVoltage"":27.86,""Rpm"":-999,""Speed"":0.0,""SatelliteNumber"":16,""Azimuth"":61,""BatteryLevel"":100}]",0x25251300596F140869487064485674003C38402D000000605000000007000061000000FFFFFFFFFFFFFFFFFFFF00D500568E7B00260421215923CD4420450F4094C2C6BF97400000003D03912786FFFFFF00001E0000FFFFFF
2026-04-21 21:59:44.981,"[{""Protocol"":""0x2525"",""MessageType"":""LocationInfoMessage"",""ProtocolHeadType"":19,""Imei"":""869487064485674"",""SerialNo"":28437,""Mileage"":5672571,""Date"":""2026-04-21T22:00:23Z"",""IopIgnition"":true,""Latitude"":4.7421598434448242,""Longitude"":-74.125114440917969,""Altitude"":2564.300048828125,""ExternalPowerVoltage"":27.91,""Rpm"":-999,""Speed"":0.0,""SatelliteNumber"":15,""Azimuth"":61,""BatteryLevel"":100}]",0x25251300596F150869487064485674003C38402D000000604F00000007000061000000FFFFFFFFFFFFFFFFFFFF00D500568E7B00260421220023CD4420450F4094C2C6BF97400000003D03912791FFFFFF00001E0000FFFFFF
2026-04-21 22:00:44.783,"[{""Protocol"":""0x2525"",""MessageType"":""LocationInfoMessage"",""ProtocolHeadType"":19,""Imei"":""869487064485674"",""SerialNo"":28438,""Mileage"":5672571,""Date"":""2026-04-21T22:01:23Z"",""IopIgnition"":true,""Latitude"":4.7421598434448242,""Longitude"":-74.125114440917969,""Altitude"":2564.300048828125,""ExternalPowerVoltage"":27.89,""Rpm"":-999,""Speed"":0.0,""SatelliteNumber"":16,""Azimuth"":61,""BatteryLevel"":100}]",0x25251300596F160869487064485674003C38402D0000005D5000000007000061000000FFFFFFFFFFFFFFFFFFFF00D500568E7B00260421220123CD4420450F4094C2C6BF97400000003D03912789FFFFFF00001E0000FFFFFF
2026-04-21 22:01:44.578,"[{""Protocol"":""0x2525"",""MessageType"":""LocationInfoMessage"",""ProtocolHeadType"":19,""Imei"":""869487064485674"",""SerialNo"":28439,""Mileage"":5672571,""Date"":""2026-04-21T22:02:23Z"",""IopIgnition"":true,""Latitude"":4.7421598434448242,""Longitude"":-74.125114440917969,""Altitude"":2564.300048828125,""ExternalPowerVoltage"":27.83,""Rpm"":-999,""Speed"":0.0,""SatelliteNumber"":16,""Azimuth"":61,""BatteryLevel"":100}]",0x25251300596F170869487064485674003C38402D000000645000000007000061000000FFFFFFFFFFFFFFFFFFFF00D500568E7B00260421220223CD4420450F4094C2C6BF97400000003D03912783FFFFFF00001E0000FFFFFF
2026-04-21 22:02:44.407,"[{""Protocol"":""0x2525"",""MessageType"":""LocationInfoMessage"",""ProtocolHeadType"":19,""Imei"":""869487064485674"",""SerialNo"":28440,""Mileage"":5672571,""Date"":""2026-04-21T22:03:23Z"",""IopIgnition"":true,""Latitude"":4.7421598434448242,""Longitude"":-74.125114440917969,""Altitude"":2564.300048828125,""ExternalPowerVoltage"":27.97,""Rpm"":-999,""Speed"":0.0,""SatelliteNumber"":15,""Azimuth"":61,""BatteryLevel"":100}]",0x25251300596F180869487064485674003C38402D0000005D4F00000007000061000000FFFFFFFFFFFFFFFFFFFF00D500568E7B00260421220323CD4420450F4094C2C6BF97400000003D03912797FFFFFF00001E0000FFFFFF
2026-04-21 22:03:44.241,"[{""Protocol"":""0x2525"",""MessageType"":""LocationInfoMessage"",""ProtocolHeadType"":19,""Imei"":""869487064485674"",""SerialNo"":28441,""Mileage"":5672615,""Date"":""2026-04-21T22:04:22Z"",""IopIgnition"":true,""Latitude"":4.7423105239868164,""Longitude"":-74.124755859375,""Altitude"":2563.0,""ExternalPowerVoltage"":28.16,""Rpm"":-999,""Speed"":9.0,""SatelliteNumber"":16,""Azimuth"":72,""BatteryLevel"":100}]",0x25251300596F190869487064485674003C38402D000000645000000007000061000000FFFFFFFFFFFFFFFFFFFF00D500568EA70026042122042200302045E03F94C202C197400090004803912816FFFFFF00001E0000FFFFFF
2026-04-21 22:04:45.044,"[{""Protocol"":""0x2525"",""MessageType"":""LocationInfoMessage"",""ProtocolHeadType"":19,""Imei"":""869487064485674"",""SerialNo"":28442,""Mileage"":5672878,""Date"":""2026-04-21T22:05:23Z"",""IopIgnition"":true,""Latitude"":4.7431769371032715,""Longitude"":-74.12255859375,""Altitude"":2563.800048828125,""ExternalPowerVoltage"":28.11,""Rpm"":-999,""Speed"":14.0,""SatelliteNumber"":16,""Azimuth"":67,""BatteryLevel"":100}]",0x25251300596F1A0869487064485674003C38402D000000645000000007000061000000FFFFFFFFFFFFFFFFFFFF00D500568FAE00260421220523CD3C2045C03E94C21BC897400140004303912811FFFFFF00001E0000FFFFFF
2026-04-21 22:05:44.850,"[{""Protocol"":""0x2525"",""MessageType"":""LocationInfoMessage"",""ProtocolHeadType"":19,""Imei"":""869487064485674"",""SerialNo"":28443,""Mileage"":5673089,""Date"":""2026-04-21T22:06:23Z"",""IopIgnition"":true,""Latitude"":4.7439146041870117,""Longitude"":-74.120803833007813,""Altitude"":2562.89990234375,""ExternalPowerVoltage"":28.18,""Rpm"":-999,""Speed"":19.0,""SatelliteNumber"":16,""Azimuth"":69,""BatteryLevel"":100}]",0x25251300596F1B0869487064485674003C38402D000000645000000007000061000000FFFFFFFFFFFFFFFFFFFF00D50056908100260421220623662E2045DA3D94C226CE97400190004503912818FFFFFF00001E0000FFFFFF
2026-04-21 22:06:44.681,"[{""Protocol"":""0x2525"",""MessageType"":""LocationInfoMessage"",""ProtocolHeadType"":19,""Imei"":""869487064485674"",""SerialNo"":28444,""Mileage"":5673383,""Date"":""2026-04-21T22:07:23Z"",""IopIgnition"":true,""Latitude"":4.74490213394165,""Longitude"":-74.118362426757813,""Altitude"":2559.199951171875,""ExternalPowerVoltage"":28.08,""Rpm"":-999,""Speed"":6.0,""SatelliteNumber"":14,""Azimuth"":51,""BatteryLevel"":100}]",0x25251300596F1C0869487064485674003C38402D000000644E00000007000061000000FFFFFFFFFFFFFFFFFFFF00D5005691A70026042122072333F31F459A3C94C23DD697400060003303912808FFFFFF00001E0000FFFFFF
2026-04-21 22:07:20.856,"[{""Protocol"":""0x2525"",""MessageType"":""LocationInfoMessage"",""ProtocolHeadType"":19,""Imei"":""869487064485674"",""SerialNo"":28445,""Mileage"":5673537,""Date"":""2026-04-21T22:07:59Z"",""IopIgnition"":true,""Latitude"":4.7451467514038086,""Longitude"":-74.1170654296875,""Altitude"":2566.5,""ExternalPowerVoltage"":28.22,""Rpm"":-999,""Speed"":20.0,""SatelliteNumber"":15,""Azimuth"":100,""BatteryLevel"":100}]",0x25251300596F1D0869487064485674003C38402D000000594F00000007000061000000FFFFFFFFFFFFFFFFFFFF00D5005692410026042122075900682045F03B94C23ED897400200006403912822FFFFFF00001E0000FFFFFF
2026-04-21 22:08:44.652,"[{""Protocol"":""0x2525"",""MessageType"":""LocationInfoMessage"",""ProtocolHeadType"":19,""Imei"":""869487064485674"",""SerialNo"":28446,""Mileage"":5673998,""Date"":""2026-04-21T22:09:23Z"",""IopIgnition"":true,""Latitude"":4.7431783676147461,""Longitude"":-74.1134033203125,""Altitude"":2570.300048828125,""ExternalPowerVoltage"":28.07,""Rpm"":-999,""Speed"":6.0,""SatelliteNumber"":15,""Azimuth"":124,""BatteryLevel"":100}]",0x25251300596F1E0869487064485674003C38402D0000004B4F00000007000061000000FFFFFFFFFFFFFFFFFFFF00D50056940E00260421220923CDA42045103A94C21EC897400060007C03912807FFFFFF00001E0000FFFFFF
2026-04-21 22:09:04.624,"[{""Protocol"":""0x2525"",""MessageType"":""LocationInfoMessage"",""ProtocolHeadType"":19,""Imei"":""869487064485674"",""SerialNo"":28447,""Mileage"":5674011,""Date"":""2026-04-21T22:09:43Z"",""IopIgnition"":true,""Latitude"":4.74314546585083,""Longitude"":-74.1133041381836,""Altitude"":2571.89990234375,""ExternalPowerVoltage"":28.39,""Rpm"":-999,""Speed"":15.0,""SatelliteNumber"":16,""Azimuth"":25,""BatteryLevel"":100}]",0x25251300596F1F0869487064485674003C38402D0000004B5000000007000061000000FFFFFFFFFFFFFFFFFFFF00D50056941B0026042122094366BE2045033A94C2D9C797400150001903912839FFFFFF00001F0000FFFFFF
2026-04-21 22:10:02.672,"[{""Protocol"":""0x2525"",""MessageType"":""LocationInfoMessage"",""ProtocolHeadType"":19,""Imei"":""869487064485674"",""SerialNo"":28448,""Mileage"":5674262,""Date"":""2026-04-21T22:10:41Z"",""IopIgnition"":true,""Latitude"":4.7451720237731934,""Longitude"":-74.1124038696289,""Altitude"":2570.800048828125,""ExternalPowerVoltage"":28.42,""Rpm"":-999,""Speed"":10.0,""SatelliteNumber"":15,""Azimuth"":99,""BatteryLevel"":100}]",0x25251300596F200869487064485674003C38402D000000524F00000007000061000000FFFFFFFFFFFFFFFFFFFF00D50056951600260421221041CDAC20458D3994C273D897400100006303912842FFFFFF00001E0000FFFFFF
2026-04-21 22:10:25.650,"[{""Protocol"":""0x2525"",""MessageType"":""LocationInfoMessage"",""ProtocolHeadType"":19,""Imei"":""869487064485674"",""SerialNo"":28449,""Mileage"":5674361,""Date"":""2026-04-21T22:11:04Z"",""IopIgnition"":true,""Latitude"":4.7449555397033691,""Longitude"":-74.111557006835938,""Altitude"":2571.199951171875,""ExternalPowerVoltage"":28.16,""Rpm"":-999,""Speed"":10.0,""SatelliteNumber"":15,""Azimuth"":23,""BatteryLevel"":100}]",0x25251300596F210869487064485674003C38402D0000005D4F00000007000061000000FFFFFFFFFFFFFFFFFFFF00D5005695790026042122110433B320451E3994C2ADD697400100001703912816FFFFFF00001E0000FFFFFF
2026-04-21 22:11:36.638,"[{""Protocol"":""0x2525"",""MessageType"":""LocationInfoMessage"",""ProtocolHeadType"":19,""Imei"":""869487064485674"",""SerialNo"":28450,""Mileage"":5674505,""Date"":""2026-04-21T22:12:15Z"",""IopIgnition"":true,""Latitude"":4.7462029457092285,""Longitude"":-74.111289978027344,""Altitude"":2568.60009765625,""ExternalPowerVoltage"":28.33,""Rpm"":-999,""Speed"":12.0,""SatelliteNumber"":15,""Azimuth"":312,""BatteryLevel"":100}]",0x25251300596F220869487064485674003C38402D000000594F00000007000061000000FFFFFFFFFFFFFFFFFFFF00D500569609002604212212159A892045FB3894C2E5E097400120013803912833FFFFFF00001F0000FFFFFF
2026-04-21 22:12:44.442,"[{""Protocol"":""0x2525"",""MessageType"":""LocationInfoMessage"",""ProtocolHeadType"":19,""Imei"":""869487064485674"",""SerialNo"":28451,""Mileage"":5674796,""Date"":""2026-04-21T22:13:23Z"",""IopIgnition"":true,""Latitude"":4.7468457221984863,""Longitude"":-74.113815307617188,""Altitude"":2566.300048828125,""ExternalPowerVoltage"":28.07,""Rpm"":-999,""Speed"":5.0,""SatelliteNumber"":17,""Azimuth"":287,""BatteryLevel"":100}]",0x25251300596F230869487064485674003C38402D0000004F5100000007000061000000FFFFFFFFFFFFFFFFFFFF00D50056972C00260421221323CD642045463A94C229E697400050011F03912807FFFFFF00001E0000FFFFFF
2026-04-21 22:13:35.651,"[{""Protocol"":""0x2525"",""MessageType"":""LocationInfoMessage"",""ProtocolHeadType"":19,""Imei"":""869487064485674"",""SerialNo"":28452,""Mileage"":5675086,""Date"":""2026-04-21T22:14:14Z"",""IopIgnition"":true,""Latitude"":4.7472186088562012,""Longitude"":-74.116386413574219,""Altitude"":2559.800048828125,""ExternalPowerVoltage"":27.96,""Rpm"":-999,""Speed"":8.0,""SatelliteNumber"":16,""Azimuth"":344,""BatteryLevel"":100}]",0x25251300596F240869487064485674003C38402D000000645000000007000061000000FFFFFFFFFFFFFFFFFFFF00D50056984E00260421221414CDFC1F45973B94C237E997400080015803912796FFFFFF00001F0000FFFFFF
2026-04-21 22:14:29.674,"[{""Protocol"":""0x2525"",""MessageType"":""LocationInfoMessage"",""ProtocolHeadType"":19,""Imei"":""869487064485674"",""SerialNo"":28453,""Mileage"":5675163,""Date"":""2026-04-21T22:15:08Z"",""IopIgnition"":true,""Latitude"":4.7478313446044922,""Longitude"":-74.116203308105469,""Altitude"":2560.0,""ExternalPowerVoltage"":28.21,""Rpm"":-999,""Speed"":5.0,""SatelliteNumber"":17,""Azimuth"":115,""BatteryLevel"":100}]",0x25251300596F250869487064485674003C38402D000000645100000007000061000000FFFFFFFFFFFFFFFFFFFF00D50056989B00260421221508000020457F3B94C23CEE97400050007303912821FFFFFF00001F0000FFFFFF
2026-04-21 22:15:04.647,"[{""Protocol"":""0x2525"",""MessageType"":""LocationInfoMessage"",""ProtocolHeadType"":19,""Imei"":""869487064485674"",""SerialNo"":28454,""Mileage"":5675236,""Date"":""2026-04-21T22:15:43Z"",""IopIgnition"":true,""Latitude"":4.7477521896362305,""Longitude"":-74.115547180175781,""Altitude"":2560.300048828125,""ExternalPowerVoltage"":28.21,""Rpm"":-999,""Speed"":8.0,""SatelliteNumber"":16,""Azimuth"":69,""BatteryLevel"":100}]",0x25251300596F260869487064485674003C38402D0000005D5000000007000061000000FFFFFFFFFFFFFFFFFFFF00D5005698E400260421221543CD042045293B94C296ED97400080004503912821FFFFFF00001F0000FFFFFF
2026-04-21 22:15:27.640,"[{""Protocol"":""0x2525"",""MessageType"":""LocationInfoMessage"",""ProtocolHeadType"":19,""Imei"":""869487064485674"",""SerialNo"":28455,""Mileage"":5675425,""Date"":""2026-04-21T22:16:06Z"",""IopIgnition"":true,""Latitude"":4.7491717338562012,""Longitude"":-74.114631652832031,""Altitude"":2557.10009765625,""ExternalPowerVoltage"":28.11,""Rpm"":-999,""Speed"":25.0,""SatelliteNumber"":15,""Azimuth"":23,""BatteryLevel"":100}]",0x25251300596F270869487064485674003C38402D000000644F00000007000061000000FFFFFFFFFFFFFFFFFFFF00D5005699A1002604212216069AD11F45B13A94C237F997400250001703912811FFFFFF0000200000FFFFFF
2026-04-21 22:16:44.432,"[{""Protocol"":""0x2525"",""MessageType"":""LocationInfoMessage"",""ProtocolHeadType"":19,""Imei"":""869487064485674"",""SerialNo"":28456,""Mileage"":5675780,""Date"":""2026-04-21T22:17:23Z"",""IopIgnition"":true,""Latitude"":4.7519087791442871,""Longitude"":-74.113044738769531,""Altitude"":2562.39990234375,""ExternalPowerVoltage"":27.83,""Rpm"":-999,""Speed"":6.0,""SatelliteNumber"":17,""Azimuth"":24,""BatteryLevel"":100}]",0x25251300596F280869487064485674003C38402D000000645100000007000061000000FFFFFFFFFFFFFFFFFFFF00D500569B040026042122172366262045E13994C2A30F98400060001803912783FFFFFF00001F0000FFFFFF
2026-04-21 22:17:27.643,"[{""Protocol"":""0x2525"",""MessageType"":""LocationInfoMessage"",""ProtocolHeadType"":19,""Imei"":""869487064485674"",""SerialNo"":28457,""Mileage"":5675944,""Date"":""2026-04-21T22:18:06Z"",""IopIgnition"":true,""Latitude"":4.7531862258911133,""Longitude"":-74.112319946289063,""Altitude"":2565.10009765625,""ExternalPowerVoltage"":28.07,""Rpm"":-999,""Speed"":12.0,""SatelliteNumber"":17,""Azimuth"":330,""BatteryLevel"":100}]",0x25251300596F290869487064485674003C38402D000000645100000007000061000000FFFFFFFFFFFFFFFFFFFF00D500569BA8002604212218069A512045823994C21A1A98400120014A03912807FFFFFF00001F0000FFFFFF
2026-04-21 22:17:31.563,"[{""Protocol"":""0x2525"",""MessageType"":""LocationInfoMessage"",""ProtocolHeadType"":19,""Imei"":""869487064485674"",""SerialNo"":28458,""Mileage"":5675963,""Date"":""2026-04-21T22:18:10Z"",""IopIgnition"":true,""Latitude"":4.7532572746276855,""Longitude"":-74.112464904785156,""Altitude"":2565.199951171875,""ExternalPowerVoltage"":28.09,""Rpm"":-999,""Speed"":18.0,""SatelliteNumber"":17,""Azimuth"":272,""BatteryLevel"":100}]",0x25251300596F2A0869487064485674003C38402D000000645100000007000061000000FFFFFFFFFFFFFFFFFFFF00D500569BBB0026042122181033532045953994C2AF1A98400180011003912809FFFFFF00001F0000FFFFFF
2026-04-21 22:18:32.650,"[{""Protocol"":""0x2525"",""MessageType"":""LocationInfoMessage"",""ProtocolHeadType"":19,""Imei"":""869487064485674"",""SerialNo"":28459,""Mileage"":5676343,""Date"":""2026-04-21T22:19:11Z"",""IopIgnition"":true,""Latitude"":4.75363826751709,""Longitude"":-74.115837097167969,""Altitude"":2556.300048828125,""ExternalPowerVoltage"":28.29,""Rpm"":-999,""Speed"":12.0,""SatelliteNumber"":16,""Azimuth"":351,""BatteryLevel"":100}]",0x25251300596F2B0869487064485674003C38402D0000005D5000000007000061000000FFFFFFFFFFFFFFFFFFFF00D500569D3700260421221911CDC41F454F3B94C2CE1D98400120015F03912829FFFFFF00001F0000FFFFFF
2026-04-21 22:19:44.452,"[{""Protocol"":""0x2525"",""MessageType"":""LocationInfoMessage"",""ProtocolHeadType"":19,""Imei"":""869487064485674"",""SerialNo"":28460,""Mileage"":5676551,""Date"":""2026-04-21T22:20:23Z"",""IopIgnition"":true,""Latitude"":4.7554903030395508,""Longitude"":-74.1156005859375,""Altitude"":2560.199951171875,""ExternalPowerVoltage"":27.97,""Rpm"":-999,""Speed"":7.0,""SatelliteNumber"":15,""Azimuth"":7,""BatteryLevel"":100}]",0x25251300596F2C0869487064485674003C38402D0000004F4F00000007000061000000FFFFFFFFFFFFFFFFFFFF00D500569E070026042122202333032045303B94C2FA2C98400070000703912797FFFFFF00001F0000FFFFFF
2026-04-21 22:20:44.313,"[{""Protocol"":""0x2525"",""MessageType"":""LocationInfoMessage"",""ProtocolHeadType"":19,""Imei"":""869487064485674"",""SerialNo"":28461,""Mileage"":5676551,""Date"":""2026-04-21T22:21:22Z"",""IopIgnition"":true,""Latitude"":4.7554903030395508,""Longitude"":-74.1156005859375,""Altitude"":2560.199951171875,""ExternalPowerVoltage"":28.23,""Rpm"":-999,""Speed"":0.0,""SatelliteNumber"":16,""Azimuth"":7,""BatteryLevel"":100}]",0x25251300596F2D0869487064485674003C38402D0000003E5000000007000061000000FFFFFFFFFFFFFFFFFFFF00D500569E070026042122212233032045303B94C2FA2C98400000000703912823FFFFFF0000200000FFFFFF
2026-04-21 22:21:05.567,"[{""Protocol"":""0x2525"",""MessageType"":""LocationInfoMessage"",""ProtocolHeadType"":19,""Imei"":""869487064485674"",""SerialNo"":28462,""Mileage"":5676557,""Date"":""2026-04-21T22:21:44Z"",""IopIgnition"":true,""Latitude"":4.7554874420166016,""Longitude"":-74.115653991699219,""Altitude"":2562.0,""ExternalPowerVoltage"":28.48,""Rpm"":-999,""Speed"":21.0,""SatelliteNumber"":16,""Azimuth"":190,""BatteryLevel"":100}]",0x25251300596F2E0869487064485674003C38402D0000003E5000000007000061000000FFFFFFFFFFFFFFFFFFFF00D500569E0D0026042122214400202045373B94C2F42C9840021000BE03912848FFFFFF0000230000FFFFFF
2026-04-21 22:21:23.639,"[{""Protocol"":""0x2525"",""MessageType"":""LocationInfoMessage"",""ProtocolHeadType"":19,""Imei"":""869487064485674"",""SerialNo"":28463,""Mileage"":5676613,""Date"":""2026-04-21T22:22:02Z"",""IopIgnition"":true,""Latitude"":4.7549967765808105,""Longitude"":-74.115692138671875,""Altitude"":2562.39990234375,""ExternalPowerVoltage"":28.12,""Rpm"":-999,""Speed"":7.0,""SatelliteNumber"":16,""Azimuth"":104,""BatteryLevel"":100}]",0x25251300596F2F0869487064485674003C38402D000000565000000007000061000000FFFFFFFFFFFFFFFFFFFF00D500569E4500260421222202662620453C3B94C2EF2898400070006803912812FFFFFF0000230000FFFFFF
2026-04-21 22:22:13.652,"[{""Protocol"":""0x2525"",""MessageType"":""LocationInfoMessage"",""ProtocolHeadType"":19,""Imei"":""869487064485674"",""SerialNo"":28464,""Mileage"":5676645,""Date"":""2026-04-21T22:22:52Z"",""IopIgnition"":true,""Latitude"":4.755180835723877,""Longitude"":-74.11590576171875,""Altitude"":2561.39990234375,""ExternalPowerVoltage"":28.43,""Rpm"":-999,""Speed"":5.0,""SatelliteNumber"":16,""Azimuth"":272,""BatteryLevel"":100}]",0x25251300596F300869487064485674003C38402D000000525000000007000061000000FFFFFFFFFFFFFFFFFFFF00D500569E650026042122225266162045583B94C2712A98400050011003912843FFFFFF0000200000FFFFFF
2026-04-21 22:23:44.470,"[{""Protocol"":""0x2525"",""MessageType"":""LocationInfoMessage"",""ProtocolHeadType"":19,""Imei"":""869487064485674"",""SerialNo"":28465,""Mileage"":5676668,""Date"":""2026-04-21T22:24:23Z"",""IopIgnition"":true,""Latitude"":4.7552051544189453,""Longitude"":-74.1161117553711,""Altitude"":2560.800048828125,""ExternalPowerVoltage"":28.07,""Rpm"":-999,""Speed"":0.0,""SatelliteNumber"":17,""Azimuth"":269,""BatteryLevel"":100}]",0x25251300596F310869487064485674003C38402D000000525100000007000061000000FFFFFFFFFFFFFFFFFFFF00D500569E7C00260421222423CD0C2045733B94C2A42A98400000010D03912807FFFFFF0000200000FFFFFF
2026-04-21 22:23:58.822,"[{""Protocol"":""0x2525"",""MessageType"":""LocationAlarmMessage"",""ProtocolHeadType"":20,""Imei"":""869487064485674"",""SerialNo"":1069,""Mileage"":5676668,""Date"":""2026-04-21T22:24:37Z"",""IopIgnition"":false,""Latitude"":4.7552051544189453,""Longitude"":-74.1161117553711,""Altitude"":2560.800048828125,""ExternalPowerVoltage"":27.89,""Rpm"":-999,""Speed"":0.0,""SatelliteNumber"":13,""Azimuth"":269,""OriginalAlarmCode"":23}]",0x2525140059042D0869487064485674003C38402D0000004F4D00000007000020000000FFFFFFFFFFFFFFFFFFFF17D500569E7C00260421222437CD0C2045733B94C2A42A98400000010D03912789FFFFFF0000210000FFFFFF
2026-04-22 02:23:45.779,"[{""Protocol"":""0x2525"",""MessageType"":""LocationInfoMessage"",""ProtocolHeadType"":19,""Imei"":""869487064485674"",""SerialNo"":28466,""Mileage"":5676668,""Date"":""2026-04-22T02:24:23Z"",""IopIgnition"":false,""Latitude"":4.7552051544189453,""Longitude"":-74.1161117553711,""Altitude"":2560.800048828125,""ExternalPowerVoltage"":25.51,""Rpm"":-999,""Speed"":0.0,""SatelliteNumber"":16,""Azimuth"":269,""BatteryLevel"":100}]",0x25251300596F320869487064485674003C38402D000000565000000007000020000000FFFFFFFFFFFFFFFFFFFF00D500569E7C00260422022423CD0C2045733B94C2A42A98400000010D03912551FFFFFF0000190000FFFFFF
2026-04-22 06:23:45.570,"[{""Protocol"":""0x2525"",""MessageType"":""LocationInfoMessage"",""ProtocolHeadType"":19,""Imei"":""869487064485674"",""SerialNo"":28467,""Mileage"":5676668,""Date"":""2026-04-22T06:24:23Z"",""IopIgnition"":false,""Latitude"":4.7552051544189453,""Longitude"":-74.1161117553711,""Altitude"":2560.800048828125,""ExternalPowerVoltage"":25.43,""Rpm"":-999,""Speed"":0.0,""SatelliteNumber"":16,""Azimuth"":269,""BatteryLevel"":100}]",0x25251300596F330869487064485674003C38402D0000004F5000000007000020000000FFFFFFFFFFFFFFFFFFFF00D500569E7C00260422062423CD0C2045733B94C2A42A98400000010D03902543FFFFFF0000130000FFFFFF
2026-04-22 09:28:05.613,"[{""Protocol"":""0x2525"",""MessageType"":""LocationAlarmMessage"",""ProtocolHeadType"":20,""Imei"":""869487064485674"",""SerialNo"":1070,""Mileage"":5676668,""Date"":""2026-04-22T09:28:43Z"",""IopIgnition"":true,""Latitude"":4.7552051544189453,""Longitude"":-74.1161117553711,""Altitude"":2560.800048828125,""ExternalPowerVoltage"":25.33,""Rpm"":-999,""Speed"":0.0,""SatelliteNumber"":13,""Azimuth"":269,""OriginalAlarmCode"":22}]",0x2525140059042E0869487064485674003C38402D000000524D00000007000061000000FFFFFFFFFFFFFFFFFFFF16D500569E7C00260422092843CD0C2045733B94C2A42A98400000010D03902533FFFFFF0000120000FFFFFF
2026-04-22 09:29:06.521,"[{""Protocol"":""0x2525"",""MessageType"":""LocationInfoMessage"",""ProtocolHeadType"":19,""Imei"":""869487064485674"",""SerialNo"":28468,""Mileage"":5676668,""Date"":""2026-04-22T09:29:44Z"",""IopIgnition"":true,""Latitude"":4.7552051544189453,""Longitude"":-74.1161117553711,""Altitude"":2560.800048828125,""ExternalPowerVoltage"":28.08,""Rpm"":-999,""Speed"":0.0,""SatelliteNumber"":12,""Azimuth"":269,""BatteryLevel"":100}]",0x25251300596F340869487064485674003C38402D000000564C00000007000061000000FFFFFFFFFFFFFFFFFFFF00D500569E7C00260422092944CD0C2045733B94C2A42A98400000010D03902808FFFFFF0000120000FFFFFF
2026-04-22 09:30:06.323,"[{""Protocol"":""0x2525"",""MessageType"":""LocationInfoMessage"",""ProtocolHeadType"":19,""Imei"":""869487064485674"",""SerialNo"":28469,""Mileage"":5676668,""Date"":""2026-04-22T09:30:44Z"",""IopIgnition"":true,""Latitude"":4.7552051544189453,""Longitude"":-74.1161117553711,""Altitude"":2560.800048828125,""ExternalPowerVoltage"":28.12,""Rpm"":-999,""Speed"":0.0,""SatelliteNumber"":13,""Azimuth"":269,""BatteryLevel"":100}]",0x25251300596F350869487064485674003C38402D0000004B4D00000007000061000000FFFFFFFFFFFFFFFFFFFF00D500569E7C00260422093044CD0C2045733B94C2A42A98400000010D03902812FFFFFF0000120000FFFFFF
2026-04-22 09:31:06.222,"[{""Protocol"":""0x2525"",""MessageType"":""LocationInfoMessage"",""ProtocolHeadType"":19,""Imei"":""869487064485674"",""SerialNo"":28470,""Mileage"":5676668,""Date"":""2026-04-22T09:31:43Z"",""IopIgnition"":true,""Latitude"":4.7552051544189453,""Longitude"":-74.1161117553711,""Altitude"":2560.800048828125,""ExternalPowerVoltage"":28.12,""Rpm"":-999,""Speed"":0.0,""SatelliteNumber"":13,""Azimuth"":269,""BatteryLevel"":100}]",0x25251300596F360869487064485674003C38402D000000564D00000007000061000000FFFFFFFFFFFFFFFFFFFF00D500569E7C00260422093143CD0C2045733B94C2A42A98400000010D03902812FFFFFF0000120000FFFFFF
2026-04-22 09:32:07.021,"[{""Protocol"":""0x2525"",""MessageType"":""LocationInfoMessage"",""ProtocolHeadType"":19,""Imei"":""869487064485674"",""SerialNo"":28471,""Mileage"":5676668,""Date"":""2026-04-22T09:32:44Z"",""IopIgnition"":true,""Latitude"":4.7552051544189453,""Longitude"":-74.1161117553711,""Altitude"":2560.800048828125,""ExternalPowerVoltage"":28.12,""Rpm"":-999,""Speed"":0.0,""SatelliteNumber"":14,""Azimuth"":269,""BatteryLevel"":100}]",0x25251300596F370869487064485674003C38402D0000004F4E00000007000061000000FFFFFFFFFFFFFFFFFFFF00D500569E7C00260422093244CD0C2045733B94C2A42A98400000010D03902812FFFFFF0000120000FFFFFF
2026-04-22 09:33:06.910,"[{""Protocol"":""0x2525"",""MessageType"":""LocationInfoMessage"",""ProtocolHeadType"":19,""Imei"":""869487064485674"",""SerialNo"":28472,""Mileage"":5676668,""Date"":""2026-04-22T09:33:44Z"",""IopIgnition"":true,""Latitude"":4.7552051544189453,""Longitude"":-74.1161117553711,""Altitude"":2560.800048828125,""ExternalPowerVoltage"":28.1,""Rpm"":-999,""Speed"":0.0,""SatelliteNumber"":11,""Azimuth"":269,""BatteryLevel"":100}]",0x25251300596F380869487064485674003C38402D0000004F4B00000007000061000000FFFFFFFFFFFFFFFFFFFF00D500569E7C00260422093344CD0C2045733B94C2A42A98400000010D03902810FFFFFF0000120000FFFFFF
2026-04-22 09:34:06.731,"[{""Protocol"":""0x2525"",""MessageType"":""LocationInfoMessage"",""ProtocolHeadType"":19,""Imei"":""869487064485674"",""SerialNo"":28473,""Mileage"":5676668,""Date"":""2026-04-22T09:34:44Z"",""IopIgnition"":true,""Latitude"":4.7552051544189453,""Longitude"":-74.1161117553711,""Altitude"":2560.800048828125,""ExternalPowerVoltage"":28.12,""Rpm"":-999,""Speed"":0.0,""SatelliteNumber"":11,""Azimuth"":269,""BatteryLevel"":100}]",0x25251300596F390869487064485674003C38402D000000564B00000007000061000000FFFFFFFFFFFFFFFFFFFF00D500569E7C00260422093444CD0C2045733B94C2A42A98400000010D03902812FFFFFF0000120000FFFFFF
2026-04-22 09:35:06.714,"[{""Protocol"":""0x2525"",""MessageType"":""LocationInfoMessage"",""ProtocolHeadType"":19,""Imei"":""869487064485674"",""SerialNo"":28474,""Mileage"":5676668,""Date"":""2026-04-22T09:35:44Z"",""IopIgnition"":true,""Latitude"":4.7552051544189453,""Longitude"":-74.1161117553711,""Altitude"":2560.800048828125,""ExternalPowerVoltage"":28.01,""Rpm"":-999,""Speed"":0.0,""SatelliteNumber"":14,""Azimuth"":269,""BatteryLevel"":100}]",0x25251300596F3A0869487064485674003C38402D000000524E00000007000061000000FFFFFFFFFFFFFFFFFFFF00D500569E7C00260422093544CD0C2045733B94C2A42A98400000010D03902801FFFFFF0000120000FFFFFF
2026-04-22 09:35:30.474,"[{""Protocol"":""0x2525"",""MessageType"":""LocationInfoMessage"",""ProtocolHeadType"":19,""Imei"":""869487064485674"",""SerialNo"":28475,""Mileage"":5676684,""Date"":""2026-04-22T09:36:08Z"",""IopIgnition"":true,""Latitude"":4.7551784515380859,""Longitude"":-74.115966796875,""Altitude"":2565.800048828125,""ExternalPowerVoltage"":27.99,""Rpm"":-999,""Speed"":5.0,""SatelliteNumber"":13,""Azimuth"":98,""BatteryLevel"":100}]",0x25251300596F3B0869487064485674003C38402D000000484D00000007000061000000FFFFFFFFFFFFFFFFFFFF00D500569E8C00260422093608CD5C2045603B94C26C2A98400050006203902799FFFFFF0000120000FFFFFF
2026-04-22 09:36:07.564,"[{""Protocol"":""0x2525"",""MessageType"":""LocationInfoMessage"",""ProtocolHeadType"":19,""Imei"":""869487064485674"",""SerialNo"":28476,""Mileage"":5676724,""Date"":""2026-04-22T09:36:45Z"",""IopIgnition"":true,""Latitude"":4.7550206184387207,""Longitude"":-74.115676879882813,""Altitude"":2565.39990234375,""ExternalPowerVoltage"":28.01,""Rpm"":-999,""Speed"":7.0,""SatelliteNumber"":13,""Azimuth"":153,""BatteryLevel"":100}]",0x25251300596F3C0869487064485674003C38402D000000444D00000007000061000000FFFFFFFFFFFFFFFFFFFF00D500569EB400260422093645665620453A3B94C2212998400070009903902801FFFFFF0000130000FFFFFF
2026-04-22 09:36:57.520,"[{""Protocol"":""0x2525"",""MessageType"":""LocationInfoMessage"",""ProtocolHeadType"":19,""Imei"":""869487064485674"",""SerialNo"":28477,""Mileage"":5676894,""Date"":""2026-04-22T09:37:35Z"",""IopIgnition"":true,""Latitude"":4.7535152435302734,""Longitude"":-74.115875244140625,""Altitude"":2564.0,""ExternalPowerVoltage"":28.04,""Rpm"":-999,""Speed"":13.0,""SatelliteNumber"":13,""Azimuth"":202,""BatteryLevel"":100}]",0x25251300596F3D0869487064485674003C38402D000000604D00000007000061000000FFFFFFFFFFFFFFFFFFFF00D500569F5E0026042209373500402045543B94C2CC1C9840013000CA03902804FFFFFF0000120000FFFFFF
2026-04-22 09:37:47.627,"[{""Protocol"":""0x2525"",""MessageType"":""LocationInfoMessage"",""ProtocolHeadType"":19,""Imei"":""869487064485674"",""SerialNo"":28478,""Mileage"":5677084,""Date"":""2026-04-22T09:38:25Z"",""IopIgnition"":true,""Latitude"":4.7518424987792969,""Longitude"":-74.116081237792969,""Altitude"":2569.300048828125,""ExternalPowerVoltage"":28.06,""Rpm"":-999,""Speed"":14.0,""SatelliteNumber"":14,""Azimuth"":126,""BatteryLevel"":100}]",0x25251300596F3E0869487064485674003C38402D0000005D4E00000007000061000000FFFFFFFFFFFFFFFFFFFF00D50056A01C00260422093825CD9420456F3B94C2180F98400140007E03902806FFFFFF0000120000FFFFFF
2026-04-22 09:38:33.497,"[{""Protocol"":""0x2525"",""MessageType"":""LocationInfoMessage"",""ProtocolHeadType"":19,""Imei"":""869487064485674"",""SerialNo"":28479,""Mileage"":5677354,""Date"":""2026-04-22T09:39:11Z"",""IopIgnition"":true,""Latitude"":4.75131368637085,""Longitude"":-74.1137466430664,""Altitude"":2575.800048828125,""ExternalPowerVoltage"":28.01,""Rpm"":-999,""Speed"":11.0,""SatelliteNumber"":15,""Azimuth"":196,""BatteryLevel"":100}]",0x25251300596F3F0869487064485674003C38402D000000644F00000007000061000000FFFFFFFFFFFFFFFFFFFF00D50056A12A00260422093911CDFC20453D3A94C2C30A9840011000C403902801FFFFFF0000130000FFFFFF
2026-04-22 09:38:47.598,"[{""Protocol"":""0x2525"",""MessageType"":""LocationInfoMessage"",""ProtocolHeadType"":19,""Imei"":""869487064485674"",""SerialNo"":28480,""Mileage"":5677397,""Date"":""2026-04-22T09:39:25Z"",""IopIgnition"":true,""Latitude"":4.7509698867797852,""Longitude"":-74.113861083984375,""Altitude"":2572.10009765625,""ExternalPowerVoltage"":28.01,""Rpm"":-999,""Speed"":11.0,""SatelliteNumber"":14,""Azimuth"":126,""BatteryLevel"":100}]",0x25251300596F400869487064485674003C38402D000000644E00000007000061000000FFFFFFFFFFFFFFFFFFFF00D50056A155002604220939259AC120454C3A94C2F20798400110007E03902801FFFFFF0000130000FFFFFF
2026-04-22 09:39:00.507,"[{""Protocol"":""0x2525"",""MessageType"":""LocationInfoMessage"",""ProtocolHeadType"":19,""Imei"":""869487064485674"",""SerialNo"":28481,""Mileage"":5677435,""Date"":""2026-04-22T09:39:38Z"",""IopIgnition"":true,""Latitude"":4.7507872581481934,""Longitude"":-74.113601684570313,""Altitude"":2571.5,""ExternalPowerVoltage"":28.02,""Rpm"":-999,""Speed"":11.0,""SatelliteNumber"":14,""Azimuth"":197,""BatteryLevel"":100}]",0x25251300596F410869487064485674003C38402D000000644E00000007000061000000FFFFFFFFFFFFFFFFFFFF00D50056A17B0026042209393800B820452A3A94C273069840011000C503902802FFFFFF0000150000FFFFFF
2026-04-22 09:40:06.379,"[{""Protocol"":""0x2525"",""MessageType"":""LocationInfoMessage"",""ProtocolHeadType"":19,""Imei"":""869487064485674"",""SerialNo"":28482,""Mileage"":5677835,""Date"":""2026-04-22T09:40:44Z"",""IopIgnition"":true,""Latitude"":4.7477874755859375,""Longitude"":-74.115562438964844,""Altitude"":2568.800048828125,""ExternalPowerVoltage"":27.96,""Rpm"":-999,""Speed"":5.0,""SatelliteNumber"":16,""Azimuth"":225,""BatteryLevel"":100}]",0x25251300596F420869487064485674003C38402D000000415000000007000061000000FFFFFFFFFFFFFFFFFFFF00D50056A30B00260422094044CD8C20452B3B94C2E0ED9740005000E103902796FFFFFF0000130000FFFFFF
2026-04-22 09:40:13.434,"[{""Protocol"":""0x2525"",""MessageType"":""LocationInfoMessage"",""ProtocolHeadType"":19,""Imei"":""869487064485674"",""SerialNo"":28483,""Mileage"":5677851,""Date"":""2026-04-22T09:40:51Z"",""IopIgnition"":true,""Latitude"":4.7477493286132813,""Longitude"":-74.115692138671875,""Altitude"":2568.10009765625,""ExternalPowerVoltage"":28.09,""Rpm"":-999,""Speed"":14.0,""SatelliteNumber"":15,""Azimuth"":273,""BatteryLevel"":100}]",0x25251300596F430869487064485674003C38402D0000004B4F00000007000061000000FFFFFFFFFFFFFFFFFFFF00D50056A31B002604220940519A8120453C3B94C290ED97400140011103902809FFFFFF0000130000FFFFFF
2026-04-22 09:41:03.601,"[{""Protocol"":""0x2525"",""MessageType"":""LocationInfoMessage"",""ProtocolHeadType"":19,""Imei"":""869487064485674"",""SerialNo"":28484,""Mileage"":5678199,""Date"":""2026-04-22T09:41:41Z"",""IopIgnition"":true,""Latitude"":4.7480101585388184,""Longitude"":-74.118789672851563,""Altitude"":2562.89990234375,""ExternalPowerVoltage"":27.93,""Rpm"":-999,""Speed"":10.0,""SatelliteNumber"":15,""Azimuth"":196,""BatteryLevel"":100}]",0x25251300596F440869487064485674003C38402D0000005D4F00000007000061000000FFFFFFFFFFFFFFFFFFFF00D50056A47700260422094141662E2045D23C94C2B3EF9740010000C403902793FFFFFF0000130000FFFFFF
2026-04-22 09:41:32.496,"[{""Protocol"":""0x2525"",""MessageType"":""LocationInfoMessage"",""ProtocolHeadType"":19,""Imei"":""869487064485674"",""SerialNo"":28485,""Mileage"":5678277,""Date"":""2026-04-22T09:42:10Z"",""IopIgnition"":true,""Latitude"":4.7473506927490234,""Longitude"":-74.118896484375,""Altitude"":2565.60009765625,""ExternalPowerVoltage"":28.09,""Rpm"":-999,""Speed"":9.0,""SatelliteNumber"":15,""Azimuth"":264,""BatteryLevel"":100}]",0x25251300596F450869487064485674003C38402D000000484F00000007000061000000FFFFFFFFFFFFFFFFFFFF00D50056A4C5002604220942109A592045E03C94C24CEA97400090010803902809FFFFFF0000130000FFFFFF
2026-04-22 09:42:58.603,"[{""Protocol"":""0x2525"",""MessageType"":""LocationInfoMessage"",""ProtocolHeadType"":19,""Imei"":""869487064485674"",""SerialNo"":28486,""Mileage"":5678495,""Date"":""2026-04-22T09:43:36Z"",""IopIgnition"":true,""Latitude"":4.7475018501281738,""Longitude"":-74.1208267211914,""Altitude"":2564.5,""ExternalPowerVoltage"":27.88,""Rpm"":-999,""Speed"":6.0,""SatelliteNumber"":13,""Azimuth"":187,""BatteryLevel"":100}]",0x25251300596F460869487064485674003C38402D000000524D00000007000061000000FFFFFFFFFFFFFFFFFFFF00D50056A59F0026042209433600482045DD3D94C289EB9740006000BB03902788FFFFFF0000140000FFFFFF
2026-04-22 09:44:05.511,"[{""Protocol"":""0x2525"",""MessageType"":""LocationInfoMessage"",""ProtocolHeadType"":19,""Imei"":""869487064485674"",""SerialNo"":28487,""Mileage"":5678616,""Date"":""2026-04-22T09:44:43Z"",""IopIgnition"":true,""Latitude"":4.7464818954467773,""Longitude"":-74.120521545410156,""Altitude"":2563.800048828125,""ExternalPowerVoltage"":28.09,""Rpm"":-999,""Speed"":10.0,""SatelliteNumber"":14,""Azimuth"":233,""BatteryLevel"":100}]",0x25251300596F470869487064485674003C38402D000000604E00000007000061000000FFFFFFFFFFFFFFFFFFFF00D50056A61800260422094443CD3C2045B53D94C22EE39740010000E903902809FFFFFF0000130000FFFFFF
2026-04-22 09:45:06.396,"[{""Protocol"":""0x2525"",""MessageType"":""LocationInfoMessage"",""ProtocolHeadType"":19,""Imei"":""869487064485674"",""SerialNo"":28488,""Mileage"":5678854,""Date"":""2026-04-22T09:45:44Z"",""IopIgnition"":true,""Latitude"":4.7458429336547852,""Longitude"":-74.122566223144531,""Altitude"":2564.60009765625,""ExternalPowerVoltage"":28.0,""Rpm"":-999,""Speed"":0.0,""SatelliteNumber"":14,""Azimuth"":243,""BatteryLevel"":100}]",0x25251300596F480869487064485674003C38402D000000644E00000007000061000000FFFFFFFFFFFFFFFFFFFF00D50056A706002604220945449A492045C13E94C2F2DD9740000000F303902800FFFFFF0000130000FFFFFF
2026-04-22 09:46:06.197,"[{""Protocol"":""0x2525"",""MessageType"":""LocationInfoMessage"",""ProtocolHeadType"":19,""Imei"":""869487064485674"",""SerialNo"":28489,""Mileage"":5679024,""Date"":""2026-04-22T09:46:43Z"",""IopIgnition"":true,""Latitude"":4.7453494071960449,""Longitude"":-74.124015808105469,""Altitude"":2555.39990234375,""ExternalPowerVoltage"":28.06,""Rpm"":-999,""Speed"":10.0,""SatelliteNumber"":12,""Azimuth"":247,""BatteryLevel"":100}]",0x25251300596F490869487064485674003C38402D000000524C00000007000061000000FFFFFFFFFFFFFFFFFFFF00D50056A7B00026042209464366B61F457F3F94C2E7D99740010000F703902806FFFFFF0000130000FFFFFF
2026-04-22 09:47:07.108,"[{""Protocol"":""0x2525"",""MessageType"":""LocationInfoMessage"",""ProtocolHeadType"":19,""Imei"":""869487064485674"",""SerialNo"":28490,""Mileage"":5679246,""Date"":""2026-04-22T09:47:44Z"",""IopIgnition"":true,""Latitude"":4.7446794509887695,""Longitude"":-74.125892639160156,""Altitude"":2558.0,""ExternalPowerVoltage"":27.96,""Rpm"":-999,""Speed"":7.0,""SatelliteNumber"":14,""Azimuth"":256,""BatteryLevel"":100}]",0x25251300596F4A0869487064485674003C38402D000000414E00000007000061000000FFFFFFFFFFFFFFFFFFFF00D50056A88E0026042209474400E01F45754094C26AD497400070010003902796FFFFFF0000130000FFFFFF
2026-04-22 09:48:06.959,"[{""Protocol"":""0x2525"",""MessageType"":""LocationInfoMessage"",""ProtocolHeadType"":19,""Imei"":""869487064485674"",""SerialNo"":28491,""Mileage"":5679351,""Date"":""2026-04-22T09:48:44Z"",""IopIgnition"":true,""Latitude"":4.74435567855835,""Longitude"":-74.126777648925781,""Altitude"":2560.60009765625,""ExternalPowerVoltage"":27.83,""Rpm"":-999,""Speed"":0.0,""SatelliteNumber"":13,""Azimuth"":237,""BatteryLevel"":100}]",0x25251300596F4B0869487064485674003C38402D0000004F4D00000007000061000000FFFFFFFFFFFFFFFFFFFF00D50056A8F7002604220948449A092045E94094C2C3D19740000000ED03902783FFFFFF0000130000FFFFFF
2026-04-22 09:48:44.592,"[{""Protocol"":""0x2525"",""MessageType"":""LocationInfoMessage"",""ProtocolHeadType"":19,""Imei"":""869487064485674"",""SerialNo"":28492,""Mileage"":5679459,""Date"":""2026-04-22T09:49:22Z"",""IopIgnition"":true,""Latitude"":4.7441349029541016,""Longitude"":-74.1277084350586,""Altitude"":2564.199951171875,""ExternalPowerVoltage"":28.11,""Rpm"":-999,""Speed"":23.0,""SatelliteNumber"":14,""Azimuth"":288,""BatteryLevel"":100}]",0x25251300596F4C0869487064485674003C38402D0000004B4E00000007000061000000FFFFFFFFFFFFFFFFFFFF00D50056A9630026042209492233432045634194C2F4CF97400230012003902811FFFFFF0000130000FFFFFF
2026-04-22 09:49:02.491,"[{""Protocol"":""0x2525"",""MessageType"":""LocationInfoMessage"",""ProtocolHeadType"":19,""Imei"":""869487064485674"",""SerialNo"":28493,""Mileage"":5679577,""Date"":""2026-04-22T09:49:40Z"",""IopIgnition"":true,""Latitude"":4.7443780899047852,""Longitude"":-74.12872314453125,""Altitude"":2566.300048828125,""ExternalPowerVoltage"":27.97,""Rpm"":-999,""Speed"":11.0,""SatelliteNumber"":15,""Azimuth"":228,""BatteryLevel"":100}]",0x25251300596F4D0869487064485674003C38402D000000374F00000007000061000000FFFFFFFFFFFFFFFFFFFF00D50056A9D900260422094940CD642045E84194C2F2D19740011000E403902797FFFFFF0000130000FFFFFF
2026-04-22 09:50:05.591,"[{""Protocol"":""0x2525"",""MessageType"":""LocationInfoMessage"",""ProtocolHeadType"":19,""Imei"":""869487064485674"",""SerialNo"":28494,""Mileage"":5679968,""Date"":""2026-04-22T09:50:43Z"",""IopIgnition"":true,""Latitude"":4.7418546676635742,""Longitude"":-74.130584716796875,""Altitude"":2561.39990234375,""ExternalPowerVoltage"":27.89,""Rpm"":-999,""Speed"":6.0,""SatelliteNumber"":15,""Azimuth"":157,""BatteryLevel"":100}]",0x25251300596F4E0869487064485674003C38402D0000003E4F00000007000061000000FFFFFFFFFFFFFFFFFFFF00D50056AB600026042209504366162045DC4294C246BD97400060009D03902789FFFFFF0000130000FFFFFF
2026-04-22 09:50:49.497,"[{""Protocol"":""0x2525"",""MessageType"":""LocationInfoMessage"",""ProtocolHeadType"":19,""Imei"":""869487064485674"",""SerialNo"":28495,""Mileage"":5680183,""Date"":""2026-04-22T09:51:27Z"",""IopIgnition"":true,""Latitude"":4.7401289939880371,""Longitude"":-74.129798889160156,""Altitude"":2561.199951171875,""ExternalPowerVoltage"":28.03,""Rpm"":-999,""Speed"":10.0,""SatelliteNumber"":15,""Azimuth"":64,""BatteryLevel"":100}]",0x25251300596F4F0869487064485674003C38402D0000003A4F00000007000061000000FFFFFFFFFFFFFFFFFFFF00D50056AC370026042209512733132045754294C223AF97400100004003902803FFFFFF0000130000FFFFFF
2026-04-22 09:52:06.385,"[{""Protocol"":""0x2525"",""MessageType"":""LocationInfoMessage"",""ProtocolHeadType"":19,""Imei"":""869487064485674"",""SerialNo"":28496,""Mileage"":5680272,""Date"":""2026-04-22T09:52:44Z"",""IopIgnition"":true,""Latitude"":4.7404375076293945,""Longitude"":-74.129058837890625,""Altitude"":2558.89990234375,""ExternalPowerVoltage"":27.98,""Rpm"":-999,""Speed"":0.0,""SatelliteNumber"":14,""Azimuth"":76,""BatteryLevel"":100}]",0x25251300596F500869487064485674003C38402D000000604E00000007000061000000FFFFFFFFFFFFFFFFFFFF00D50056AC900026042209524466EE1F45144294C2AAB197400000004C03902798FFFFFF0000130000FFFFFF
2026-04-22 09:53:06.196,"[{""Protocol"":""0x2525"",""MessageType"":""LocationInfoMessage"",""ProtocolHeadType"":19,""Imei"":""869487064485674"",""SerialNo"":28497,""Mileage"":5680272,""Date"":""2026-04-22T09:53:43Z"",""IopIgnition"":true,""Latitude"":4.7404375076293945,""Longitude"":-74.129058837890625,""Altitude"":2558.89990234375,""ExternalPowerVoltage"":27.9,""Rpm"":-999,""Speed"":0.0,""SatelliteNumber"":14,""Azimuth"":76,""BatteryLevel"":100}]",0x25251300596F510869487064485674003C38402D000000604E00000007000061000000FFFFFFFFFFFFFFFFFFFF00D50056AC900026042209534366EE1F45144294C2AAB197400000004C03902790FFFFFF0000130000FFFFFF
2026-04-22 09:54:07.104,"[{""Protocol"":""0x2525"",""MessageType"":""LocationInfoMessage"",""ProtocolHeadType"":19,""Imei"":""869487064485674"",""SerialNo"":28498,""Mileage"":5680272,""Date"":""2026-04-22T09:54:44Z"",""IopIgnition"":true,""Latitude"":4.7404375076293945,""Longitude"":-74.129058837890625,""Altitude"":2558.89990234375,""ExternalPowerVoltage"":28.05,""Rpm"":-999,""Speed"":0.0,""SatelliteNumber"":14,""Azimuth"":76,""BatteryLevel"":100}]",0x25251300596F520869487064485674003C38402D000000604E00000007000061000000FFFFFFFFFFFFFFFFFFFF00D50056AC900026042209544466EE1F45144294C2AAB197400000004C03902805FFFFFF0000140000FFFFFF
2026-04-22 09:55:06.958,"[{""Protocol"":""0x2525"",""MessageType"":""LocationInfoMessage"",""ProtocolHeadType"":19,""Imei"":""869487064485674"",""SerialNo"":28499,""Mileage"":5680272,""Date"":""2026-04-22T09:55:44Z"",""IopIgnition"":true,""Latitude"":4.7404375076293945,""Longitude"":-74.129058837890625,""Altitude"":2558.89990234375,""ExternalPowerVoltage"":27.94,""Rpm"":-999,""Speed"":0.0,""SatelliteNumber"":15,""Azimuth"":76,""BatteryLevel"":100}]",0x25251300596F530869487064485674003C38402D000000644F00000007000061000000FFFFFFFFFFFFFFFFFFFF00D50056AC900026042209554466EE1F45144294C2AAB197400000004C03902794FFFFFF0000140000FFFFFF
2026-04-22 09:56:06.851,"[{""Protocol"":""0x2525"",""MessageType"":""LocationInfoMessage"",""ProtocolHeadType"":19,""Imei"":""869487064485674"",""SerialNo"":28500,""Mileage"":5680272,""Date"":""2026-04-22T09:56:44Z"",""IopIgnition"":true,""Latitude"":4.7404375076293945,""Longitude"":-74.129058837890625,""Altitude"":2558.89990234375,""ExternalPowerVoltage"":27.9,""Rpm"":-999,""Speed"":0.0,""SatelliteNumber"":15,""Azimuth"":76,""BatteryLevel"":100}]",0x25251300596F540869487064485674003C38402D000000524F00000007000061000000FFFFFFFFFFFFFFFFFFFF00D50056AC900026042209564466EE1F45144294C2AAB197400000004C03902790FFFFFF0000140000FFFFFF
2026-04-22 09:57:06.673,"[{""Protocol"":""0x2525"",""MessageType"":""LocationInfoMessage"",""ProtocolHeadType"":19,""Imei"":""869487064485674"",""SerialNo"":28501,""Mileage"":5680272,""Date"":""2026-04-22T09:57:44Z"",""IopIgnition"":true,""Latitude"":4.7404375076293945,""Longitude"":-74.129058837890625,""Altitude"":2558.89990234375,""ExternalPowerVoltage"":28.0,""Rpm"":-999,""Speed"":0.0,""SatelliteNumber"":15,""Azimuth"":76,""BatteryLevel"":100}]",0x25251300596F550869487064485674003C38402D0000005D4F00000007000061000000FFFFFFFFFFFFFFFFFFFF00D50056AC900026042209574466EE1F45144294C2AAB197400000004C03902800FFFFFF0000140000FFFFFF
2026-04-22 09:58:06.586,"[{""Protocol"":""0x2525"",""MessageType"":""LocationInfoMessage"",""ProtocolHeadType"":19,""Imei"":""869487064485674"",""SerialNo"":28502,""Mileage"":5680272,""Date"":""2026-04-22T09:58:44Z"",""IopIgnition"":true,""Latitude"":4.7404375076293945,""Longitude"":-74.129058837890625,""Altitude"":2558.89990234375,""ExternalPowerVoltage"":28.0,""Rpm"":-999,""Speed"":0.0,""SatelliteNumber"":15,""Azimuth"":76,""BatteryLevel"":100}]",0x25251300596F560869487064485674003C38402D000000564F00000007000061000000FFFFFFFFFFFFFFFFFFFF00D50056AC900026042209584466EE1F45144294C2AAB197400000004C03902800FFFFFF0000140000FFFFFF
2026-04-22 09:59:06.389,"[{""Protocol"":""0x2525"",""MessageType"":""LocationInfoMessage"",""ProtocolHeadType"":19,""Imei"":""869487064485674"",""SerialNo"":28503,""Mileage"":5680272,""Date"":""2026-04-22T09:59:44Z"",""IopIgnition"":true,""Latitude"":4.7404375076293945,""Longitude"":-74.129058837890625,""Altitude"":2558.89990234375,""ExternalPowerVoltage"":27.86,""Rpm"":-999,""Speed"":0.0,""SatelliteNumber"":15,""Azimuth"":76,""BatteryLevel"":100}]",0x25251300596F570869487064485674003C38402D000000604F00000007000061000000FFFFFFFFFFFFFFFFFFFF00D50056AC900026042209594466EE1F45144294C2AAB197400000004C03902786FFFFFF0000140000FFFFFF
2026-04-22 10:00:06.295,"[{""Protocol"":""0x2525"",""MessageType"":""LocationInfoMessage"",""ProtocolHeadType"":19,""Imei"":""869487064485674"",""SerialNo"":28504,""Mileage"":5680272,""Date"":""2026-04-22T10:00:43Z"",""IopIgnition"":true,""Latitude"":4.7404375076293945,""Longitude"":-74.129058837890625,""Altitude"":2558.89990234375,""ExternalPowerVoltage"":27.85,""Rpm"":-999,""Speed"":0.0,""SatelliteNumber"":14,""Azimuth"":76,""BatteryLevel"":100}]",0x25251300596F580869487064485674003C38402D000000604E00000007000061000000FFFFFFFFFFFFFFFFFFFF00D50056AC900026042210004366EE1F45144294C2AAB197400000004C03902785FFFFFF0000140000FFFFFF
2026-04-22 10:01:06.105,"[{""Protocol"":""0x2525"",""MessageType"":""LocationInfoMessage"",""ProtocolHeadType"":19,""Imei"":""869487064485674"",""SerialNo"":28505,""Mileage"":5680272,""Date"":""2026-04-22T10:01:43Z"",""IopIgnition"":true,""Latitude"":4.7404375076293945,""Longitude"":-74.129058837890625,""Altitude"":2558.89990234375,""ExternalPowerVoltage"":27.89,""Rpm"":-999,""Speed"":0.0,""SatelliteNumber"":14,""Azimuth"":76,""BatteryLevel"":100}]",0x25251300596F590869487064485674003C38402D000000594E00000007000061000000FFFFFFFFFFFFFFFFFFFF00D50056AC900026042210014366EE1F45144294C2AAB197400000004C03902789FFFFFF0000140000FFFFFF
2026-04-22 10:02:06.994,"[{""Protocol"":""0x2525"",""MessageType"":""LocationInfoMessage"",""ProtocolHeadType"":19,""Imei"":""869487064485674"",""SerialNo"":28506,""Mileage"":5680272,""Date"":""2026-04-22T10:02:44Z"",""IopIgnition"":true,""Latitude"":4.7404375076293945,""Longitude"":-74.129058837890625,""Altitude"":2558.89990234375,""ExternalPowerVoltage"":27.98,""Rpm"":-999,""Speed"":0.0,""SatelliteNumber"":13,""Azimuth"":76,""BatteryLevel"":100}]",0x25251300596F5A0869487064485674003C38402D000000604D00000007000061000000FFFFFFFFFFFFFFFFFFFF00D50056AC900026042210024466EE1F45144294C2AAB197400000004C03902798FFFFFF0000140000FFFFFF
2026-04-22 10:03:06.805,"[{""Protocol"":""0x2525"",""MessageType"":""LocationInfoMessage"",""ProtocolHeadType"":19,""Imei"":""869487064485674"",""SerialNo"":28507,""Mileage"":5680503,""Date"":""2026-04-22T10:03:44Z"",""IopIgnition"":true,""Latitude"":4.7412362098693848,""Longitude"":-74.12713623046875,""Altitude"":2559.0,""ExternalPowerVoltage"":28.11,""Rpm"":-999,""Speed"":22.0,""SatelliteNumber"":14,""Azimuth"":62,""BatteryLevel"":100}]",0x25251300596F5B0869487064485674003C38402D000000644E00000007000061000000FFFFFFFFFFFFFFFFFFFF00D50056AD770026042210034400F01F45184194C235B897400220003E03902811FFFFFF0000150000FFFFFF
2026-04-22 10:04:06.739,"[{""Protocol"":""0x2525"",""MessageType"":""LocationInfoMessage"",""ProtocolHeadType"":19,""Imei"":""869487064485674"",""SerialNo"":28508,""Mileage"":5680645,""Date"":""2026-04-22T10:04:44Z"",""IopIgnition"":true,""Latitude"":4.7417511940002441,""Longitude"":-74.125968933105469,""Altitude"":2560.60009765625,""ExternalPowerVoltage"":27.93,""Rpm"":-999,""Speed"":0.0,""SatelliteNumber"":15,""Azimuth"":61,""BatteryLevel"":100}]",0x25251300596F5C0869487064485674003C38402D000000644F00000007000061000000FFFFFFFFFFFFFFFFFFFF00D50056AE05002604221004449A0920457F4094C26DBC97400000003D03902793FFFFFF0000150000FFFFFF
2026-04-22 10:05:06.571,"[{""Protocol"":""0x2525"",""MessageType"":""LocationInfoMessage"",""ProtocolHeadType"":19,""Imei"":""869487064485674"",""SerialNo"":28509,""Mileage"":5680671,""Date"":""2026-04-22T10:05:44Z"",""IopIgnition"":true,""Latitude"":4.7418522834777832,""Longitude"":-74.125762939453125,""Altitude"":2559.89990234375,""ExternalPowerVoltage"":28.02,""Rpm"":-999,""Speed"":0.0,""SatelliteNumber"":14,""Azimuth"":79,""BatteryLevel"":100}]",0x25251300596F5D0869487064485674003C38402D0000005D4E00000007000061000000FFFFFFFFFFFFFFFFFFFF00D50056AE1F0026042210054466FE1F45644094C241BD97400000004F03902802FFFFFF0000150000FFFFFF
2026-04-22 10:06:06.443,"[{""Protocol"":""0x2525"",""MessageType"":""LocationInfoMessage"",""ProtocolHeadType"":19,""Imei"":""869487064485674"",""SerialNo"":28510,""Mileage"":5680822,""Date"":""2026-04-22T10:06:44Z"",""IopIgnition"":true,""Latitude"":4.742363452911377,""Longitude"":-74.124504089355469,""Altitude"":2560.10009765625,""ExternalPowerVoltage"":28.09,""Rpm"":-999,""Speed"":10.0,""SatelliteNumber"":15,""Azimuth"":94,""BatteryLevel"":100}]",0x25251300596F5E0869487064485674003C38402D000000644F00000007000061000000FFFFFFFFFFFFFFFFFFFF00D50056AEB6002604221006449A012045BF3F94C271C197400100005E03902809FFFFFF0000150000FFFFFF
2026-04-22 10:06:09.411,"[{""Protocol"":""0x2525"",""MessageType"":""LocationInfoMessage"",""ProtocolHeadType"":19,""Imei"":""869487064485674"",""SerialNo"":28511,""Mileage"":5680834,""Date"":""2026-04-22T10:06:47Z"",""IopIgnition"":true,""Latitude"":4.7422952651977539,""Longitude"":-74.124420166015625,""Altitude"":2559.89990234375,""ExternalPowerVoltage"":28.07,""Rpm"":-999,""Speed"":14.0,""SatelliteNumber"":15,""Azimuth"":158,""BatteryLevel"":100}]",0x25251300596F5F0869487064485674003C38402D000000644F00000007000061000000FFFFFFFFFFFFFFFFFFFF00D50056AEC20026042210064766FE1F45B43F94C2E2C097400140009E03902807FFFFFF0000150000FFFFFF
2026-04-22 10:06:47.688,"[{""Protocol"":""0x2525"",""MessageType"":""SignInMessage"",""ProtocolHeadType"":0,""Imei"":""869487064485674"",""SerialNo"":275,""Firmware"":""V1.0.1.8"",""Model"":0,""ObdBootVersion"":null,""ObdDataVersion"":null,""ObdHareware"":null,""ObdSoftware"":null,""Platform"":null,""Software"":""V0.0.0""}]",0x2525010017011308694870644856740000030502101812
2026-04-22 10:06:47.859,"[{""Protocol"":""0x2525"",""MessageType"":""NetworkInfoMessage"",""ProtocolHeadType"":0,""Imei"":""869487064485674"",""SerialNo"":255,""AccessTechnology"":""CAT-1"",""Band"":""CAT-1 2"",""Date"":""2026-04-22T10:07:25Z"",""Iccid"":""89571017025023250790"",""Imsi"":""732101725325077"",""NetworkOperator"":""LaSeleNosLlama""}]",0x252511006500FF08694870644856742604221007251C4C006100530065006C0065004E006F0073004C006C0061006D006100054341542D31074341542D3120320F373332313031373235333235303737143839353731303137303235303233323530373930
2026-04-22 10:07:57.604,"[{""Protocol"":""0x2525"",""MessageType"":""LocationInfoMessage"",""ProtocolHeadType"":19,""Imei"":""869487064485674"",""SerialNo"":28512,""Mileage"":5681057,""Date"":""2026-04-22T10:08:35Z"",""IopIgnition"":true,""Latitude"":4.7404351234436035,""Longitude"":-74.123771667480469,""Altitude"":2563.60009765625,""ExternalPowerVoltage"":28.03,""Rpm"":-999,""Speed"":6.0,""SatelliteNumber"":14,""Azimuth"":228,""BatteryLevel"":100}]",0x25251300596F600869487064485674003C38402D000000484E00000007000061000000FFFFFFFFFFFFFFFFFFFF00D50056AFA1002604221008359A3920455F3F94C2A5B19740006000E403902803FFFFFF0000160000FFFFFF
2026-04-22 10:09:06.496,"[{""Protocol"":""0x2525"",""MessageType"":""LocationInfoMessage"",""ProtocolHeadType"":19,""Imei"":""869487064485674"",""SerialNo"":28513,""Mileage"":5681487,""Date"":""2026-04-22T10:09:44Z"",""IopIgnition"":true,""Latitude"":4.7377190589904785,""Longitude"":-74.126174926757813,""Altitude"":2564.39990234375,""ExternalPowerVoltage"":28.05,""Rpm"":-999,""Speed"":20.0,""SatelliteNumber"":15,""Azimuth"":180,""BatteryLevel"":100}]",0x25251300596F610869487064485674003C38402D000000604F00000007000061000000FFFFFFFFFFFFFFFFFFFF00D50056B14F00260422100944664620459A4094C2659B9740020000B403902805FFFFFF0000160000FFFFFF
2026-04-22 10:09:06.715,"[{""Protocol"":""0x2525"",""MessageType"":""LocationInfoMessage"",""ProtocolHeadType"":19,""Imei"":""869487064485674"",""SerialNo"":28514,""Mileage"":5681487,""Date"":""2026-04-22T10:09:44Z"",""IopIgnition"":true,""Latitude"":4.7377190589904785,""Longitude"":-74.126174926757813,""Altitude"":2564.39990234375,""ExternalPowerVoltage"":28.05,""Rpm"":-999,""Speed"":20.0,""SatelliteNumber"":15,""Azimuth"":180,""BatteryLevel"":100}]",0x25251300596F620869487064485674003C38402D00000060CF00000007000061000000FFFFFFFFFFFFFFFFFFFF00D50056B14F00260422100944664620459A4094C2659B9740020000B403902805FFFFFF0000160000FFFFFF
2026-04-22 10:11:06.365,"[{""Protocol"":""0x2525"",""MessageType"":""LocationInfoMessage"",""ProtocolHeadType"":19,""Imei"":""869487064485674"",""SerialNo"":28515,""Mileage"":5682560,""Date"":""2026-04-22T10:11:44Z"",""IopIgnition"":true,""Latitude"":4.7289113998413086,""Longitude"":-74.124809265136719,""Altitude"":2564.89990234375,""ExternalPowerVoltage"":27.96,""Rpm"":-999,""Speed"":16.0,""SatelliteNumber"":14,""Azimuth"":195,""BatteryLevel"":100}]",0x25251300596F630869487064485674003C38402D000000564E00000007000061000000FFFFFFFFFFFFFFFFFFFF00D50056B58000260422101144664E2045E73F94C23E539740016000C303902796FFFFFF0000160000FFFFFF
2026-04-22 10:12:06.258,"[{""Protocol"":""0x2525"",""MessageType"":""LocationInfoMessage"",""ProtocolHeadType"":19,""Imei"":""869487064485674"",""SerialNo"":28516,""Mileage"":5682681,""Date"":""2026-04-22T10:12:43Z"",""IopIgnition"":true,""Latitude"":4.7279510498046875,""Longitude"":-74.12530517578125,""Altitude"":2561.89990234375,""ExternalPowerVoltage"":27.97,""Rpm"":-999,""Speed"":0.0,""SatelliteNumber"":14,""Azimuth"":224,""BatteryLevel"":100}]",0x25251300596F640869487064485674003C38402D000000644E00000007000061000000FFFFFFFFFFFFFFFFFFFF00D50056B5F900260422101243661E2045284094C2604B9740000000E003902797FFFFFF0000160000FFFFFF
2026-04-22 10:12:30.508,"[{""Protocol"":""0x2525"",""MessageType"":""LocationInfoMessage"",""ProtocolHeadType"":19,""Imei"":""869487064485674"",""SerialNo"":28517,""Mileage"":5682781,""Date"":""2026-04-22T10:13:08Z"",""IopIgnition"":true,""Latitude"":4.7272467613220215,""Longitude"":-74.125839233398438,""Altitude"":2560.0,""ExternalPowerVoltage"":28.11,""Rpm"":-999,""Speed"":22.0,""SatelliteNumber"":14,""Azimuth"":176,""BatteryLevel"":100}]",0x25251300596F650869487064485674003C38402D000000644E00000007000061000000FFFFFFFFFFFFFFFFFFFF00D50056B65D00260422101308000020456E4094C29B459740022000B003902811FFFFFF0000170000FFFFFF
2026-04-22 10:14:06.685,"[{""Protocol"":""0x2525"",""MessageType"":""LocationInfoMessage"",""ProtocolHeadType"":19,""Imei"":""869487064485674"",""SerialNo"":28518,""Mileage"":5683340,""Date"":""2026-04-22T10:14:44Z"",""IopIgnition"":true,""Latitude"":4.7233805656433105,""Longitude"":-74.122634887695313,""Altitude"":2567.60009765625,""ExternalPowerVoltage"":28.04,""Rpm"":-999,""Speed"":5.0,""SatelliteNumber"":14,""Azimuth"":140,""BatteryLevel"":100}]",0x25251300596F660869487064485674003C38402D000000564E00000007000061000000FFFFFFFFFFFFFFFFFFFF00D50056B88C002604221014449A792045CA3E94C2EF2597400050008C03902804FFFFFF0000170000FFFFFF
2026-04-22 10:15:06.194,"[{""Protocol"":""0x2525"",""MessageType"":""LocationInfoMessage"",""ProtocolHeadType"":19,""Imei"":""869487064485674"",""SerialNo"":28519,""Mileage"":5683879,""Date"":""2026-04-22T10:15:43Z"",""IopIgnition"":true,""Latitude"":4.71954345703125,""Longitude"":-74.119674682617188,""Altitude"":2567.199951171875,""ExternalPowerVoltage"":28.12,""Rpm"":-999,""Speed"":39.0,""SatelliteNumber"":14,""Azimuth"":144,""BatteryLevel"":100}]",0x25251300596F670869487064485674003C38402D000000644E00000007000061000000FFFFFFFFFFFFFFFFFFFF00D50056BAA70026042210154333732045463D94C2800697400390009003902812FFFFFF0000180000FFFFFF
2026-04-22 10:16:07.117,"[{""Protocol"":""0x2525"",""MessageType"":""LocationInfoMessage"",""ProtocolHeadType"":19,""Imei"":""869487064485674"",""SerialNo"":28520,""Mileage"":5684348,""Date"":""2026-04-22T10:16:44Z"",""IopIgnition"":true,""Latitude"":4.7160658836364746,""Longitude"":-74.1173095703125,""Altitude"":2565.89990234375,""ExternalPowerVoltage"":27.94,""Rpm"":-999,""Speed"":0.0,""SatelliteNumber"":13,""Azimuth"":140,""BatteryLevel"":100}]",0x25251300596F680869487064485674003C38402D000000644D00000007000061000000FFFFFFFFFFFFFFFFFFFF00D50056BC7C00260422101644665E2045103C94C203EA96400000008C03902794FFFFFF0000170000FFFFFF
2026-04-22 10:17:06.961,"[{""Protocol"":""0x2525"",""MessageType"":""LocationInfoMessage"",""ProtocolHeadType"":19,""Imei"":""869487064485674"",""SerialNo"":28521,""Mileage"":5684612,""Date"":""2026-04-22T10:17:44Z"",""IopIgnition"":true,""Latitude"":4.7141280174255371,""Longitude"":-74.115936279296875,""Altitude"":2567.0,""ExternalPowerVoltage"":27.82,""Rpm"":-999,""Speed"":0.0,""SatelliteNumber"":14,""Azimuth"":148,""BatteryLevel"":100}]",0x25251300596F690869487064485674003C38402D000000644E00000007000061000000FFFFFFFFFFFFFFFFFFFF00D50056BD8400260422101744007020455C3B94C223DA96400000009403902782FFFFFF0000190000FFFFFF
2026-04-22 10:18:06.840,"[{""Protocol"":""0x2525"",""MessageType"":""LocationInfoMessage"",""ProtocolHeadType"":19,""Imei"":""869487064485674"",""SerialNo"":28522,""Mileage"":5684972,""Date"":""2026-04-22T10:18:44Z"",""IopIgnition"":true,""Latitude"":4.711543083190918,""Longitude"":-74.1139907836914,""Altitude"":2567.199951171875,""ExternalPowerVoltage"":28.08,""Rpm"":-999,""Speed"":24.0,""SatelliteNumber"":13,""Azimuth"":136,""BatteryLevel"":100}]",0x25251300596F6A0869487064485674003C38402D000000644D00000007000061000000FFFFFFFFFFFFFFFFFFFF00D50056BEEC00260422101844337320455D3A94C2F6C496400240008803902808FFFFFF0000170000FFFFFF
2026-04-22 10:19:06.650,"[{""Protocol"":""0x2525"",""MessageType"":""LocationInfoMessage"",""ProtocolHeadType"":19,""Imei"":""869487064485674"",""SerialNo"":28523,""Mileage"":5685147,""Date"":""2026-04-22T10:19:44Z"",""IopIgnition"":true,""Latitude"":4.7104110717773438,""Longitude"":-74.112899780273438,""Altitude"":2570.199951171875,""ExternalPowerVoltage"":28.16,""Rpm"":-999,""Speed"":44.0,""SatelliteNumber"":14,""Azimuth"":132,""BatteryLevel"":100}]",0x25251300596F6B0869487064485674003C38402D0000004F4E00000007000061000000FFFFFFFFFFFFFFFFFFFF00D50056BF9B0026042210194433A32045CE3994C2B0BB96400440008403902816FFFFFF0000180000FFFFFF
2026-04-22 10:20:06.576,"[{""Protocol"":""0x2525"",""MessageType"":""LocationInfoMessage"",""ProtocolHeadType"":19,""Imei"":""869487064485674"",""SerialNo"":28524,""Mileage"":5685371,""Date"":""2026-04-22T10:20:44Z"",""IopIgnition"":true,""Latitude"":4.7090153694152832,""Longitude"":-74.111442565917969,""Altitude"":2572.39990234375,""ExternalPowerVoltage"":27.99,""Rpm"":-999,""Speed"":0.0,""SatelliteNumber"":15,""Azimuth"":133,""BatteryLevel"":100}]",0x25251300596F6C0869487064485674003C38402D000000644F00000007000061000000FFFFFFFFFFFFFFFFFFFF00D50056C07B0026042210204466C620450F3994C241B096400000008503902799FFFFFF0000170000FFFFFF
2026-04-22 10:21:06.389,"[{""Protocol"":""0x2525"",""MessageType"":""LocationInfoMessage"",""ProtocolHeadType"":19,""Imei"":""869487064485674"",""SerialNo"":28525,""Mileage"":5685629,""Date"":""2026-04-22T10:21:44Z"",""IopIgnition"":true,""Latitude"":4.707395076751709,""Longitude"":-74.109779357910156,""Altitude"":2569.0,""ExternalPowerVoltage"":27.81,""Rpm"":-999,""Speed"":6.0,""SatelliteNumber"":16,""Azimuth"":133,""BatteryLevel"":100}]",0x25251300596F6D0869487064485674003C38402D000000645000000007000061000000FFFFFFFFFFFFFFFFFFFF00D50056C17D0026042210214400902045353894C2FBA296400060008503902781FFFFFF0000180000FFFFFF
2026-04-22 10:22:06.280,"[{""Protocol"":""0x2525"",""MessageType"":""LocationInfoMessage"",""ProtocolHeadType"":19,""Imei"":""869487064485674"",""SerialNo"":28526,""Mileage"":5685725,""Date"":""2026-04-22T10:22:43Z"",""IopIgnition"":true,""Latitude"":4.7068276405334473,""Longitude"":-74.109130859375,""Altitude"":2569.0,""ExternalPowerVoltage"":28.13,""Rpm"":-999,""Speed"":25.0,""SatelliteNumber"":17,""Azimuth"":127,""BatteryLevel"":100}]",0x25251300596F6E0869487064485674003C38402D000000645100000007000061000000FFFFFFFFFFFFFFFFFFFF00D50056C1DD0026042210224300902045E03794C2559E96400250007F03902813FFFFFF0000170000FFFFFF
2026-04-22 10:23:06.081,"[{""Protocol"":""0x2525"",""MessageType"":""LocationInfoMessage"",""ProtocolHeadType"":19,""Imei"":""869487064485674"",""SerialNo"":28527,""Mileage"":5686219,""Date"":""2026-04-22T10:23:43Z"",""IopIgnition"":true,""Latitude"":4.7047972679138184,""Longitude"":-74.105186462402344,""Altitude"":2573.39990234375,""ExternalPowerVoltage"":28.07,""Rpm"":-999,""Speed"":29.0,""SatelliteNumber"":16,""Azimuth"":114,""BatteryLevel"":100}]",0x25251300596F6F0869487064485674003C38402D000000525000000007000061000000FFFFFFFFFFFFFFFFFFFF00D50056C3CB0026042210234366D62045DB3594C2B38D96400290007203902807FFFFFF0000180000FFFFFF
2026-04-22 10:24:06.983,"[{""Protocol"":""0x2525"",""MessageType"":""LocationInfoMessage"",""ProtocolHeadType"":19,""Imei"":""869487064485674"",""SerialNo"":28528,""Mileage"":5686718,""Date"":""2026-04-22T10:24:44Z"",""IopIgnition"":true,""Latitude"":4.7029023170471191,""Longitude"":-74.101104736328125,""Altitude"":2572.699951171875,""ExternalPowerVoltage"":28.08,""Rpm"":-999,""Speed"":30.0,""SatelliteNumber"":16,""Azimuth"":121,""BatteryLevel"":100}]",0x25251300596F700869487064485674003C38402D000000645000000007000061000000FFFFFFFFFFFFFFFFFFFF00D50056C5BE0026042210244433CB2045C43394C22D7E96400300007903902808FFFFFF0000180000FFFFFF
2026-04-22 10:25:06.780,"[{""Protocol"":""0x2525"",""MessageType"":""LocationInfoMessage"",""ProtocolHeadType"":19,""Imei"":""869487064485674"",""SerialNo"":28529,""Mileage"":5687092,""Date"":""2026-04-22T10:25:44Z"",""IopIgnition"":true,""Latitude"":4.7008271217346191,""Longitude"":-74.098464965820313,""Altitude"":2568.199951171875,""ExternalPowerVoltage"":28.02,""Rpm"":-999,""Speed"":10.0,""SatelliteNumber"":16,""Azimuth"":128,""BatteryLevel"":100}]",0x25251300596F710869487064485674003C38402D000000645000000007000061000000FFFFFFFFFFFFFFFFFFFF00D50056C73400260422102544338320456A3294C22D6D96400100008003902802FFFFFF0000180000FFFFFF
2026-04-22 10:26:06.724,"[{""Protocol"":""0x2525"",""MessageType"":""LocationInfoMessage"",""ProtocolHeadType"":19,""Imei"":""869487064485674"",""SerialNo"":28530,""Mileage"":5687409,""Date"":""2026-04-22T10:26:44Z"",""IopIgnition"":true,""Latitude"":4.69909143447876,""Longitude"":-74.096206665039063,""Altitude"":2569.89990234375,""ExternalPowerVoltage"":28.09,""Rpm"":-999,""Speed"":31.0,""SatelliteNumber"":16,""Azimuth"":124,""BatteryLevel"":100}]",0x25251300596F720869487064485674003C38402D000000525000000007000061000000FFFFFFFFFFFFFFFFFFFF00D50056C87100260422102644669E2045423194C2F55E96400310007C03902809FFFFFF0000170000FFFFFF
2026-04-22 10:27:06.458,"[{""Protocol"":""0x2525"",""MessageType"":""LocationInfoMessage"",""ProtocolHeadType"":19,""Imei"":""869487064485674"",""SerialNo"":28531,""Mileage"":5687704,""Date"":""2026-04-22T10:27:44Z"",""IopIgnition"":true,""Latitude"":4.69776725769043,""Longitude"":-74.0938949584961,""Altitude"":2569.89990234375,""ExternalPowerVoltage"":27.85,""Rpm"":-999,""Speed"":0.0,""SatelliteNumber"":16,""Azimuth"":120,""BatteryLevel"":100}]",0x25251300596F730869487064485674003C38402D000000645000000007000061000000FFFFFFFFFFFFFFFFFFFF00D50056C99800260422102744669E2045133094C21C5496400000007803902785FFFFFF0000190000FFFFFF
2026-04-22 10:28:06.431,"[{""Protocol"":""0x2525"",""MessageType"":""LocationInfoMessage"",""ProtocolHeadType"":19,""Imei"":""869487064485674"",""SerialNo"":28532,""Mileage"":5688027,""Date"":""2026-04-22T10:28:44Z"",""IopIgnition"":true,""Latitude"":4.696408748626709,""Longitude"":-74.091339111328125,""Altitude"":2570.10009765625,""ExternalPowerVoltage"":28.02,""Rpm"":-999,""Speed"":30.0,""SatelliteNumber"":16,""Azimuth"":116,""BatteryLevel"":100}]",0x25251300596F740869487064485674003C38402D000000645000000007000061000000FFFFFFFFFFFFFFFFFFFF00D50056CADB002604221028449AA12045C42E94C2FB4896400300007403902802FFFFFF0000180000FFFFFF
2026-04-22 10:29:06.251,"[{""Protocol"":""0x2525"",""MessageType"":""LocationInfoMessage"",""ProtocolHeadType"":19,""Imei"":""869487064485674"",""SerialNo"":28533,""Mileage"":5688658,""Date"":""2026-04-22T10:29:44Z"",""IopIgnition"":true,""Latitude"":4.6932501792907715,""Longitude"":-74.086700439453125,""Altitude"":2570.60009765625,""ExternalPowerVoltage"":27.79,""Rpm"":-999,""Speed"":24.0,""SatelliteNumber"":16,""Azimuth"":138,""BatteryLevel"":100}]",0x25251300596F750869487064485674003C38402D0000005D5000000007000061000000FFFFFFFFFFFFFFFFFFFF00D50056CD52002604221029449AA92045642C94C21B2F96400240008A03902779FFFFFF0000180000FFFFFF
2026-04-22 10:30:07.169,"[{""Protocol"":""0x2525"",""MessageType"":""LocationInfoMessage"",""ProtocolHeadType"":19,""Imei"":""869487064485674"",""SerialNo"":28534,""Mileage"":5688990,""Date"":""2026-04-22T10:30:44Z"",""IopIgnition"":true,""Latitude"":4.690920352935791,""Longitude"":-74.084831237792969,""Altitude"":2572.0,""ExternalPowerVoltage"":28.36,""Rpm"":-999,""Speed"":30.0,""SatelliteNumber"":15,""Azimuth"":142,""BatteryLevel"":100}]",0x25251300596F760869487064485674003C38402D000000644F00000007000061000000FFFFFFFFFFFFFFFFFFFF00D50056CE9E0026042210304400C020456F2B94C2051C96400300008E03902836FFFFFF0000180000FFFFFF
2026-04-22 10:31:06.984,"[{""Protocol"":""0x2525"",""MessageType"":""LocationInfoMessage"",""ProtocolHeadType"":19,""Imei"":""869487064485674"",""SerialNo"":28535,""Mileage"":5689529,""Date"":""2026-04-22T10:31:44Z"",""IopIgnition"":true,""Latitude"":4.6871242523193359,""Longitude"":-74.0818099975586,""Altitude"":2568.5,""ExternalPowerVoltage"":28.09,""Rpm"":-999,""Speed"":31.0,""SatelliteNumber"":16,""Azimuth"":141,""BatteryLevel"":100}]",0x25251300596F770869487064485674003C38402D000000645000000007000061000000FFFFFFFFFFFFFFFFFFFF00D50056D0B90026042210314400882045E32994C2ECFC95400310008D03902809FFFFFF0000180000FFFFFF
2026-04-22 10:32:06.863,"[{""Protocol"":""0x2525"",""MessageType"":""LocationInfoMessage"",""ProtocolHeadType"":19,""Imei"":""869487064485674"",""SerialNo"":28536,""Mileage"":5690213,""Date"":""2026-04-22T10:32:44Z"",""IopIgnition"":true,""Latitude"":4.682276725769043,""Longitude"":-74.0780258178711,""Altitude"":2564.10009765625,""ExternalPowerVoltage"":27.9,""Rpm"":-999,""Speed"":25.0,""SatelliteNumber"":16,""Azimuth"":139,""BatteryLevel"":100}]",0x25251300596F780869487064485674003C38402D000000645000000007000061000000FFFFFFFFFFFFFFFFFFFF00D50056D365002604221032449A412045F32794C236D595400250008B03902790FFFFFF0000180000FFFFFF
2026-04-22 10:32:21.480,"[{""Protocol"":""0x2525"",""MessageType"":""LocationInfoMessage"",""ProtocolHeadType"":19,""Imei"":""869487064485674"",""SerialNo"":28537,""Mileage"":5690301,""Date"":""2026-04-22T10:32:59Z"",""IopIgnition"":true,""Latitude"":4.6816425323486328,""Longitude"":-74.077583312988281,""Altitude"":2564.89990234375,""ExternalPowerVoltage"":27.99,""Rpm"":-999,""Speed"":19.0,""SatelliteNumber"":14,""Azimuth"":186,""BatteryLevel"":100}]",0x25251300596F790869487064485674003C38402D000000644E00000007000061000000FFFFFFFFFFFFFFFFFFFF00D50056D3BD00260422103259664E2045B92794C204D09540019000BA03902799FFFFFF0000190000FFFFFF
2026-04-22 10:32:49.154,"[{""Protocol"":""0x2525"",""MessageType"":""SignInMessage"",""ProtocolHeadType"":0,""Imei"":""869487064485674"",""SerialNo"":276,""Firmware"":""V1.0.1.8"",""Model"":0,""ObdBootVersion"":null,""ObdDataVersion"":null,""ObdHareware"":null,""ObdSoftware"":null,""Platform"":null,""Software"":""V0.0.0""}]",0x2525010017011408694870644856740000030502101812
2026-04-22 10:32:49.377,"[{""Protocol"":""0x2525"",""MessageType"":""NetworkInfoMessage"",""ProtocolHeadType"":0,""Imei"":""869487064485674"",""SerialNo"":256,""AccessTechnology"":""CAT-1"",""Band"":""CAT-1 2"",""Date"":""2026-04-22T10:33:27Z"",""Iccid"":""89571017025023250790"",""Imsi"":""732101725325077"",""NetworkOperator"":""LaSeleNosLlama""}]",0x2525110065010008694870644856742604221033271C4C006100530065006C0065004E006F0073004C006C0061006D006100054341542D31074341542D3120320F373332313031373235333235303737143839353731303137303235303233323530373930
2026-04-22 10:33:29.352,"[{""Protocol"":""0x2525"",""MessageType"":""LocationInfoMessage"",""ProtocolHeadType"":19,""Imei"":""869487064485674"",""SerialNo"":28538,""Mileage"":5690915,""Date"":""2026-04-22T10:34:06Z"",""IopIgnition"":true,""Latitude"":4.67710018157959,""Longitude"":-74.080612182617188,""Altitude"":2563.60009765625,""ExternalPowerVoltage"":28.04,""Rpm"":-999,""Speed"":14.0,""SatelliteNumber"":15,""Azimuth"":131,""BatteryLevel"":100}]",0x25251300596F7A0869487064485674003C38402D000000524F00000007000061000000FFFFFFFFFFFFFFFFFFFF00D50056D623002604221034069A392045462994C2CEAA95400140008303902804FFFFFF0000180000FFFFFF
2026-04-22 10:35:06.365,"[{""Protocol"":""0x2525"",""MessageType"":""LocationInfoMessage"",""ProtocolHeadType"":19,""Imei"":""869487064485674"",""SerialNo"":28539,""Mileage"":5691009,""Date"":""2026-04-22T10:35:44Z"",""IopIgnition"":true,""Latitude"":4.6765861511230469,""Longitude"":-74.0799331665039,""Altitude"":2574.89990234375,""ExternalPowerVoltage"":27.91,""Rpm"":-999,""Speed"":0.0,""SatelliteNumber"":15,""Azimuth"":129,""BatteryLevel"":100}]",0x25251300596F7B0869487064485674003C38402D0000005D4F00000007000061000000FFFFFFFFFFFFFFFFFFFF00D50056D6810026042210354466EE2045ED2894C298A695400000008103902791FFFFFF0000180000FFFFFF
2026-04-22 10:36:06.271,"[{""Protocol"":""0x2525"",""MessageType"":""LocationInfoMessage"",""ProtocolHeadType"":19,""Imei"":""869487064485674"",""SerialNo"":28540,""Mileage"":5691009,""Date"":""2026-04-22T10:36:43Z"",""IopIgnition"":true,""Latitude"":4.6765861511230469,""Longitude"":-74.0799331665039,""Altitude"":2574.89990234375,""ExternalPowerVoltage"":28.02,""Rpm"":-999,""Speed"":0.0,""SatelliteNumber"":16,""Azimuth"":129,""BatteryLevel"":100}]",0x25251300596F7C0869487064485674003C38402D000000645000000007000061000000FFFFFFFFFFFFFFFFFFFF00D50056D6810026042210364366EE2045ED2894C298A695400000008103902802FFFFFF0000180000FFFFFF
2026-04-22 10:36:26.079,"[{""Protocol"":""0x2525"",""MessageType"":""LocationAlarmMessage"",""ProtocolHeadType"":20,""Imei"":""869487064485674"",""SerialNo"":1071,""Mileage"":5691009,""Date"":""2026-04-22T10:37:03Z"",""IopIgnition"":false,""Latitude"":4.6765861511230469,""Longitude"":-74.0799331665039,""Altitude"":2574.89990234375,""ExternalPowerVoltage"":27.73,""Rpm"":-999,""Speed"":0.0,""SatelliteNumber"":16,""Azimuth"":129,""OriginalAlarmCode"":23}]",0x2525140059042F0869487064485674003C38402D000000605000000007000020000000FFFFFFFFFFFFFFFFFFFF17D50056D6810026042210370366EE2045ED2894C298A695400000008103902773FFFFFF0000180000FFFFFF
2026-04-22 10:54:44.496,"[{""Protocol"":""0x2525"",""MessageType"":""LocationAlarmMessage"",""ProtocolHeadType"":20,""Imei"":""869487064485674"",""SerialNo"":1072,""Mileage"":5691009,""Date"":""2026-04-22T10:55:23Z"",""IopIgnition"":true,""Latitude"":4.6765861511230469,""Longitude"":-74.0799331665039,""Altitude"":2574.89990234375,""ExternalPowerVoltage"":24.9,""Rpm"":-999,""Speed"":0.0,""SatelliteNumber"":16,""Azimuth"":129,""OriginalAlarmCode"":22}]",0x252514005904300869487064485674003C38402D0000004B5000000007000061000000FFFFFFFFFFFFFFFFFFFF16D50056D6810026042210552366EE2045ED2894C298A695400000008103902490FFFFFF0000180000FFFFFF
2026-04-22 10:55:45.267,"[{""Protocol"":""0x2525"",""MessageType"":""LocationInfoMessage"",""ProtocolHeadType"":19,""Imei"":""869487064485674"",""SerialNo"":28541,""Mileage"":5691009,""Date"":""2026-04-22T10:56:24Z"",""IopIgnition"":true,""Latitude"":4.6765861511230469,""Longitude"":-74.0799331665039,""Altitude"":2574.89990234375,""ExternalPowerVoltage"":27.87,""Rpm"":-999,""Speed"":0.0,""SatelliteNumber"":16,""Azimuth"":129,""BatteryLevel"":100}]",0x25251300596F7D0869487064485674003C38402D000000485000000007000061000000FFFFFFFFFFFFFFFFFFFF00D50056D6810026042210562466EE2045ED2894C298A695400000008103902787FFFFFF0000190000FFFFFF
2026-04-22 10:56:45.174,"[{""Protocol"":""0x2525"",""MessageType"":""LocationInfoMessage"",""ProtocolHeadType"":19,""Imei"":""869487064485674"",""SerialNo"":28542,""Mileage"":5691075,""Date"":""2026-04-22T10:57:23Z"",""IopIgnition"":true,""Latitude"":4.6762247085571289,""Longitude"":-74.0794677734375,""Altitude"":2574.10009765625,""ExternalPowerVoltage"":28.07,""Rpm"":-999,""Speed"":7.0,""SatelliteNumber"":16,""Azimuth"":127,""BatteryLevel"":100}]",0x25251300596F7E0869487064485674003C38402D0000003E5000000007000061000000FFFFFFFFFFFFFFFFFFFF00D50056D6C3002604221057239AE12045B02894C2A2A395400070007F03902807FFFFFF0000190000FFFFFF
2026-04-22 10:56:58.398,"[{""Protocol"":""0x2525"",""MessageType"":""LocationInfoMessage"",""ProtocolHeadType"":19,""Imei"":""869487064485674"",""SerialNo"":28543,""Mileage"":5691099,""Date"":""2026-04-22T10:57:37Z"",""IopIgnition"":true,""Latitude"":4.67616081237793,""Longitude"":-74.07928466796875,""Altitude"":2574.800048828125,""ExternalPowerVoltage"":28.07,""Rpm"":-999,""Speed"":10.0,""SatelliteNumber"":16,""Azimuth"":52,""BatteryLevel"":100}]",0x25251300596F7F0869487064485674003C38402D000000445000000007000061000000FFFFFFFFFFFFFFFFFFFF00D50056D6DB00260422105737CDEC2045982894C21CA395400100003403902807FFFFFF00001C0000FFFFFF
2026-04-22 10:57:18.448,"[{""Protocol"":""0x2525"",""MessageType"":""LocationAlarmMessage"",""ProtocolHeadType"":20,""Imei"":""869487064485674"",""SerialNo"":1073,""Mileage"":5691147,""Date"":""2026-04-22T10:57:57Z"",""IopIgnition"":false,""Latitude"":4.6764941215515137,""Longitude"":-74.0790023803711,""Altitude"":2569.300048828125,""ExternalPowerVoltage"":27.86,""Rpm"":-999,""Speed"":6.0,""SatelliteNumber"":16,""Azimuth"":38,""OriginalAlarmCode"":23}]",0x252514005904310869487064485674003C38402D000000445000000007000020000000FFFFFFFFFFFFFFFFFFFF17D50056D70B00260422105757CD942045732894C2D7A595400060002603902786FFFFFF00001C0000FFFFFF
2026-04-22 11:09:32.837,"[{""Protocol"":""0x2525"",""MessageType"":""LocationAlarmMessage"",""ProtocolHeadType"":20,""Imei"":""869487064485674"",""SerialNo"":1074,""Mileage"":5691147,""Date"":""2026-04-22T11:10:10Z"",""IopIgnition"":true,""Latitude"":4.6764941215515137,""Longitude"":-74.0790023803711,""Altitude"":2569.300048828125,""ExternalPowerVoltage"":25.16,""Rpm"":-999,""Speed"":0.0,""SatelliteNumber"":16,""Azimuth"":38,""OriginalAlarmCode"":22}]",0x252514005904320869487064485674003C38402D000000485000000007000061000000FFFFFFFFFFFFFFFFFFFF16D50056D70B00260422111010CD942045732894C2D7A595400000002603902516FFFFFF0000190000FFFFFF
2026-04-22 11:10:33.763,"[{""Protocol"":""0x2525"",""MessageType"":""LocationInfoMessage"",""ProtocolHeadType"":19,""Imei"":""869487064485674"",""SerialNo"":28544,""Mileage"":5691241,""Date"":""2026-04-22T11:11:11Z"",""IopIgnition"":true,""Latitude"":4.6771578788757324,""Longitude"":-74.078483581542969,""Altitude"":2568.10009765625,""ExternalPowerVoltage"":28.08,""Rpm"":-999,""Speed"":20.0,""SatelliteNumber"":16,""Azimuth"":40,""BatteryLevel"":100}]",0x25251300596F800869487064485674003C38402D000000595000000007000061000000FFFFFFFFFFFFFFFFFFFF00D50056D769002604221111119A8120452F2894C247AB95400200002803902808FFFFFF00001A0000FFFFFF
2026-04-22 11:10:47.447,"[{""Protocol"":""0x2525"",""MessageType"":""LocationInfoMessage"",""ProtocolHeadType"":19,""Imei"":""869487064485674"",""SerialNo"":28545,""Mileage"":5691297,""Date"":""2026-04-22T11:11:25Z"",""IopIgnition"":true,""Latitude"":4.6775341033935547,""Longitude"":-74.078155517578125,""Altitude"":2567.89990234375,""ExternalPowerVoltage"":27.95,""Rpm"":-999,""Speed"":13.0,""SatelliteNumber"":16,""Azimuth"":90,""BatteryLevel"":100}]",0x25251300596F810869487064485674003C38402D000000595000000007000061000000FFFFFFFFFFFFFFFFFFFF00D50056D7A100260422111125667E2045042894C25CAE95400130005A03902795FFFFFF00001A0000FFFFFF
2026-04-22 11:12:33.349,"[{""Protocol"":""0x2525"",""MessageType"":""LocationInfoMessage"",""ProtocolHeadType"":19,""Imei"":""869487064485674"",""SerialNo"":28546,""Mileage"":5691546,""Date"":""2026-04-22T11:13:11Z"",""IopIgnition"":true,""Latitude"":4.6761479377746582,""Longitude"":-74.076408386230469,""Altitude"":2568.89990234375,""ExternalPowerVoltage"":27.96,""Rpm"":-999,""Speed"":0.0,""SatelliteNumber"":13,""Azimuth"":126,""BatteryLevel"":100}]",0x25251300596F820869487064485674003C38402D000000644D00000007000061000000FFFFFFFFFFFFFFFFFFFF00D50056D89A00260422111311668E20451F2794C201A395400000007E03912796FFFFFF00001A0000FFFFFF
2026-04-22 11:12:59.847,"[{""Protocol"":""0x2525"",""MessageType"":""LocationInfoMessage"",""ProtocolHeadType"":19,""Imei"":""869487064485674"",""SerialNo"":28547,""Mileage"":5691659,""Date"":""2026-04-22T11:13:35Z"",""IopIgnition"":true,""Latitude"":4.6756148338317871,""Longitude"":-74.075569152832031,""Altitude"":2567.800048828125,""ExternalPowerVoltage"":28.06,""Rpm"":-999,""Speed"":15.0,""SatelliteNumber"":16,""Azimuth"":62,""BatteryLevel"":100}]",0x25251300596F830869487064485674003C38402D000000645000000007000061000000FFFFFFFFFFFFFFFFFFFF00D50056D90B00260422111335CD7C2045B12694C2A39E95400150003E03912806FFFFFF00001A0000FFFFFF
2026-04-22 11:12:59.967,"[{""Protocol"":""0x2525"",""MessageType"":""LocationInfoMessage"",""ProtocolHeadType"":19,""Imei"":""869487064485674"",""SerialNo"":28548,""Mileage"":5691668,""Date"":""2026-04-22T11:13:37Z"",""IopIgnition"":true,""Latitude"":4.67567777633667,""Longitude"":-74.075523376464844,""Altitude"":2567.800048828125,""ExternalPowerVoltage"":28.05,""Rpm"":-999,""Speed"":18.0,""SatelliteNumber"":16,""Azimuth"":14,""BatteryLevel"":100}]",0x25251300596F840869487064485674003C38402D00000064D000000007000061000000FFFFFFFFFFFFFFFFFFFF00D50056D91400260422111337CD7C2045AB2694C2279F95400180000E03912805FFFFFF00001A0000FFFFFF
2026-04-22 11:14:33.313,"[{""Protocol"":""0x2525"",""MessageType"":""LocationInfoMessage"",""ProtocolHeadType"":19,""Imei"":""869487064485674"",""SerialNo"":28549,""Mileage"":5691980,""Date"":""2026-04-22T11:15:11Z"",""IopIgnition"":true,""Latitude"":4.6780829429626465,""Longitude"":-74.07452392578125,""Altitude"":2566.89990234375,""ExternalPowerVoltage"":27.93,""Rpm"":-999,""Speed"":0.0,""SatelliteNumber"":14,""Azimuth"":43,""BatteryLevel"":100}]",0x25251300596F850869487064485674003C38402D000000524E00000007000061000000FFFFFFFFFFFFFFFFFFFF00D50056DA4C00260422111511666E2045282694C2DBB295400000002B03912793FFFFFF00001A0000FFFFFF
2026-04-22 11:15:09.452,"[{""Protocol"":""0x2525"",""MessageType"":""LocationInfoMessage"",""ProtocolHeadType"":19,""Imei"":""869487064485674"",""SerialNo"":28550,""Mileage"":5692039,""Date"":""2026-04-22T11:15:47Z"",""IopIgnition"":true,""Latitude"":4.6785264015197754,""Longitude"":-74.074249267578125,""Altitude"":2569.10009765625,""ExternalPowerVoltage"":28.09,""Rpm"":-999,""Speed"":18.0,""SatelliteNumber"":16,""Azimuth"":350,""BatteryLevel"":100}]",0x25251300596F860869487064485674003C38402D000000565000000007000061000000FFFFFFFFFFFFFFFFFFFF00D50056DA87002604221115479A912045042694C27DB695400180015E03902809FFFFFF00001A0000FFFFFF
2026-04-22 11:16:33.342,"[{""Protocol"":""0x2525"",""MessageType"":""LocationInfoMessage"",""ProtocolHeadType"":19,""Imei"":""869487064485674"",""SerialNo"":28551,""Mileage"":5693166,""Date"":""2026-04-22T11:17:11Z"",""IopIgnition"":true,""Latitude"":4.6862907409667969,""Longitude"":-74.0807113647461,""Altitude"":2565.89990234375,""ExternalPowerVoltage"":28.33,""Rpm"":-999,""Speed"":52.0,""SatelliteNumber"":15,""Azimuth"":321,""BatteryLevel"":100}]",0x25251300596F870869487064485674003C38402D000000644F00000007000061000000FFFFFFFFFFFFFFFFFFFF00D50056DEEE00260422111711665E2045532994C218F695400520014103902833FFFFFF00001A0000FFFFFF
2026-04-22 11:16:45.425,"[{""Protocol"":""0x2525"",""MessageType"":""LocationInfoMessage"",""ProtocolHeadType"":19,""Imei"":""869487064485674"",""SerialNo"":28552,""Mileage"":5693290,""Date"":""2026-04-22T11:17:23Z"",""IopIgnition"":true,""Latitude"":4.687187671661377,""Longitude"":-74.081344604492188,""Altitude"":2564.5,""ExternalPowerVoltage"":28.09,""Rpm"":-999,""Speed"":15.0,""SatelliteNumber"":16,""Azimuth"":29,""BatteryLevel"":100}]",0x25251300596F880869487064485674003C38402D000000645000000007000061000000FFFFFFFFFFFFFFFFFFFF00D50056DF6A0026042211172300482045A62994C271FD95400150001D03902809FFFFFF00001A0000FFFFFF
2026-04-22 11:16:50.505,"[{""Protocol"":""0x2525"",""MessageType"":""LocationInfoMessage"",""ProtocolHeadType"":19,""Imei"":""869487064485674"",""SerialNo"":28553,""Mileage"":5693314,""Date"":""2026-04-22T11:17:28Z"",""IopIgnition"":true,""Latitude"":4.6873822212219238,""Longitude"":-74.081291198730469,""Altitude"":2563.0,""ExternalPowerVoltage"":28.19,""Rpm"":-999,""Speed"":18.0,""SatelliteNumber"":16,""Azimuth"":343,""BatteryLevel"":100}]",0x25251300596F890869487064485674003C38402D000000645000000007000061000000FFFFFFFFFFFFFFFFFFFF00D50056DF8200260422111728003020459F2994C209FF95400180015703902819FFFFFF00001A0000FFFFFF
2026-04-22 11:17:14.432,"[{""Protocol"":""0x2525"",""MessageType"":""LocationInfoMessage"",""ProtocolHeadType"":19,""Imei"":""869487064485674"",""SerialNo"":28554,""Mileage"":5693485,""Date"":""2026-04-22T11:17:52Z"",""IopIgnition"":true,""Latitude"":4.68859338760376,""Longitude"":-74.082168579101563,""Altitude"":2564.39990234375,""ExternalPowerVoltage"":28.0,""Rpm"":-999,""Speed"":14.0,""SatelliteNumber"":16,""Azimuth"":33,""BatteryLevel"":100}]",0x25251300596F8A0869487064485674003C38402D000000605000000007000061000000FFFFFFFFFFFFFFFFFFFF00D50056E02D0026042211175266462045122A94C2F50896400140002103902800FFFFFF00001A0000FFFFFF
2026-04-22 11:17:48.514,"[{""Protocol"":""0x2525"",""MessageType"":""LocationInfoMessage"",""ProtocolHeadType"":19,""Imei"":""869487064485674"",""SerialNo"":28555,""Mileage"":5693691,""Date"":""2026-04-22T11:18:26Z"",""IopIgnition"":true,""Latitude"":4.6897993087768555,""Longitude"":-74.080795288085938,""Altitude"":2565.199951171875,""ExternalPowerVoltage"":28.3,""Rpm"":-999,""Speed"":17.0,""SatelliteNumber"":16,""Azimuth"":343,""BatteryLevel"":100}]",0x25251300596F8B0869487064485674003C38402D000000595000000007000061000000FFFFFFFFFFFFFFFFFFFF00D50056E0FB00260422111826335320455E2994C2D61296400170015703902830FFFFFF00001A0000FFFFFF
2026-04-22 11:18:03.431,"[{""Protocol"":""0x2525"",""MessageType"":""LocationInfoMessage"",""ProtocolHeadType"":19,""Imei"":""869487064485674"",""SerialNo"":28556,""Mileage"":5693792,""Date"":""2026-04-22T11:18:41Z"",""IopIgnition"":true,""Latitude"":4.6906089782714844,""Longitude"":-74.081146240234375,""Altitude"":2565.10009765625,""ExternalPowerVoltage"":28.27,""Rpm"":-999,""Speed"":18.0,""SatelliteNumber"":16,""Azimuth"":28,""BatteryLevel"":100}]",0x25251300596F8C0869487064485674003C38402D000000645000000007000061000000FFFFFFFFFFFFFFFFFFFF00D50056E160002604221118419A5120458C2994C2781996400180001C03902827FFFFFF00001D0000FFFFFF
2026-04-22 11:18:06.457,"[{""Protocol"":""0x2525"",""MessageType"":""LocationInfoMessage"",""ProtocolHeadType"":19,""Imei"":""869487064485674"",""SerialNo"":28557,""Mileage"":5693806,""Date"":""2026-04-22T11:18:44Z"",""IopIgnition"":true,""Latitude"":4.6906805038452148,""Longitude"":-74.081039428710938,""Altitude"":2566.699951171875,""ExternalPowerVoltage"":28.19,""Rpm"":-999,""Speed"":17.0,""SatelliteNumber"":16,""Azimuth"":79,""BatteryLevel"":100}]",0x25251300596F8D0869487064485674003C38402D000000645000000007000061000000FFFFFFFFFFFFFFFFFFFF00D50056E16E00260422111844336B20457E2994C20E1A96400170004F03902819FFFFFF00001C0000FFFFFF
2026-04-22 11:18:18.416,"[{""Protocol"":""0x2525"",""MessageType"":""LocationInfoMessage"",""ProtocolHeadType"":19,""Imei"":""869487064485674"",""SerialNo"":28558,""Mileage"":5693862,""Date"":""2026-04-22T11:18:56Z"",""IopIgnition"":true,""Latitude"":4.69069242477417,""Longitude"":-74.080558776855469,""Altitude"":2565.60009765625,""ExternalPowerVoltage"":27.94,""Rpm"":-999,""Speed"":12.0,""SatelliteNumber"":16,""Azimuth"":136,""BatteryLevel"":100}]",0x25251300596F8E0869487064485674003C38402D000000645000000007000061000000FFFFFFFFFFFFFFFFFFFF00D50056E1A6002604221118569A5920453F2994C2271A96400120008803902794FFFFFF00001D0000FFFFFF
2026-04-22 11:18:34.438,"[{""Protocol"":""0x2525"",""MessageType"":""LocationInfoMessage"",""ProtocolHeadType"":19,""Imei"":""869487064485674"",""SerialNo"":28559,""Mileage"":5693925,""Date"":""2026-04-22T11:19:12Z"",""IopIgnition"":true,""Latitude"":4.6902689933776855,""Longitude"":-74.080215454101563,""Altitude"":2563.699951171875,""ExternalPowerVoltage"":27.78,""Rpm"":-999,""Speed"":12.0,""SatelliteNumber"":16,""Azimuth"":79,""BatteryLevel"":100}]",0x25251300596F8F0869487064485674003C38402D0000004F5000000007000061000000FFFFFFFFFFFFFFFFFFFF00D50056E1E500260422111912333B2045122994C2AF1696400120004F03902778FFFFFF00001E0000FFFFFF
2026-04-22 11:18:36.357,"[{""Protocol"":""0x2525"",""MessageType"":""LocationInfoMessage"",""ProtocolHeadType"":19,""Imei"":""869487064485674"",""SerialNo"":28560,""Mileage"":5693934,""Date"":""2026-04-22T11:19:14Z"",""IopIgnition"":true,""Latitude"":4.6903285980224609,""Longitude"":-74.080162048339844,""Altitude"":2563.89990234375,""ExternalPowerVoltage"":28.09,""Rpm"":-999,""Speed"":19.0,""SatelliteNumber"":16,""Azimuth"":17,""BatteryLevel"":100}]",0x25251300596F900869487064485674003C38402D0000004F5000000007000061000000FFFFFFFFFFFFFFFFFFFF00D50056E1EE00260422111914663E20450B2994C22C1796400190001103902809FFFFFF00001D0000FFFFFF
2026-04-22 11:20:33.318,"[{""Protocol"":""0x2525"",""MessageType"":""LocationInfoMessage"",""ProtocolHeadType"":19,""Imei"":""869487064485674"",""SerialNo"":28561,""Mileage"":5694630,""Date"":""2026-04-22T11:21:11Z"",""IopIgnition"":true,""Latitude"":4.6941437721252441,""Longitude"":-74.07525634765625,""Altitude"":2575.39990234375,""ExternalPowerVoltage"":28.42,""Rpm"":-999,""Speed"":48.0,""SatelliteNumber"":15,""Azimuth"":53,""BatteryLevel"":100}]",0x25251300596F910869487064485674003C38402D000000524F00000007000061000000FFFFFFFFFFFFFFFFFFFF00D50056E4A60026042211211166F62045882694C26D3696400480003503902842FFFFFF00001A0000FFFFFF
2026-04-22 11:21:33.116,"[{""Protocol"":""0x2525"",""MessageType"":""LocationInfoMessage"",""ProtocolHeadType"":19,""Imei"":""869487064485674"",""SerialNo"":28562,""Mileage"":5694989,""Date"":""2026-04-22T11:22:10Z"",""IopIgnition"":true,""Latitude"":4.6960554122924805,""Longitude"":-74.0726547241211,""Altitude"":2572.60009765625,""ExternalPowerVoltage"":28.5,""Rpm"":-999,""Speed"":45.0,""SatelliteNumber"":15,""Azimuth"":55,""BatteryLevel"":100}]",0x25251300596F920869487064485674003C38402D000000524F00000007000061000000FFFFFFFFFFFFFFFFFFFF00D50056E60D002604221122109AC92045332594C2164696400450003703902850FFFFFF00001A0000FFFFFF
2026-04-22 11:22:29.574,"[{""Protocol"":""0x2525"",""MessageType"":""LocationInfoMessage"",""ProtocolHeadType"":19,""Imei"":""869487064485674"",""SerialNo"":28563,""Mileage"":5695436,""Date"":""2026-04-22T11:23:07Z"",""IopIgnition"":true,""Latitude"":4.6984748840332031,""Longitude"":-74.0694580078125,""Altitude"":2570.89990234375,""ExternalPowerVoltage"":28.1,""Rpm"":-999,""Speed"":16.0,""SatelliteNumber"":15,""Azimuth"":9,""BatteryLevel"":100}]",0x25251300596F930869487064485674003C38402D000000644F00000007000061000000FFFFFFFFFFFFFFFFFFFF00D50056E7CC0026042211230766AE2045902394C2E85996400160000903902810FFFFFF00001B0000FFFFFF
2026-04-22 11:23:33.361,"[{""Protocol"":""0x2525"",""MessageType"":""LocationInfoMessage"",""ProtocolHeadType"":19,""Imei"":""869487064485674"",""SerialNo"":28564,""Mileage"":5696139,""Date"":""2026-04-22T11:24:11Z"",""IopIgnition"":true,""Latitude"":4.7046222686767578,""Longitude"":-74.070686340332031,""Altitude"":2568.89990234375,""ExternalPowerVoltage"":28.24,""Rpm"":-999,""Speed"":46.0,""SatelliteNumber"":15,""Azimuth"":355,""BatteryLevel"":100}]",0x25251300596F940869487064485674003C38402D000000644F00000007000061000000FFFFFFFFFFFFFFFFFFFF00D50056EA8B00260422112411668E2045312494C2448C96400460016303902824FFFFFF00001B0000FFFFFF
2026-04-22 11:24:33.229,"[{""Protocol"":""0x2525"",""MessageType"":""LocationInfoMessage"",""ProtocolHeadType"":19,""Imei"":""869487064485674"",""SerialNo"":28565,""Mileage"":5696530,""Date"":""2026-04-22T11:25:10Z"",""IopIgnition"":true,""Latitude"":4.7080497741699219,""Longitude"":-74.071418762207031,""Altitude"":2572.5,""ExternalPowerVoltage"":28.37,""Rpm"":-999,""Speed"":64.0,""SatelliteNumber"":16,""Azimuth"":347,""BatteryLevel"":100}]",0x25251300596F950869487064485674003C38402D000000645000000007000061000000FFFFFFFFFFFFFFFFFFFF00D50056EC120026042211251000C82045912494C258A896400640015B03902837FFFFFF00001B0000FFFFFF
2026-04-22 11:25:33.059,"[{""Protocol"":""0x2525"",""MessageType"":""LocationInfoMessage"",""ProtocolHeadType"":19,""Imei"":""869487064485674"",""SerialNo"":28566,""Mileage"":5696846,""Date"":""2026-04-22T11:26:10Z"",""IopIgnition"":true,""Latitude"":4.7108364105224609,""Longitude"":-74.0719223022461,""Altitude"":2573.300048828125,""ExternalPowerVoltage"":28.28,""Rpm"":-999,""Speed"":25.0,""SatelliteNumber"":17,""Azimuth"":348,""BatteryLevel"":100}]",0x25251300596F960869487064485674003C38402D000000645100000007000061000000FFFFFFFFFFFFFFFFFFFF00D50056ED4E00260422112610CDD42045D32494C22CBF96400250015C03902828FFFFFF00001A0000FFFFFF
2026-04-22 11:26:33.950,"[{""Protocol"":""0x2525"",""MessageType"":""LocationInfoMessage"",""ProtocolHeadType"":19,""Imei"":""869487064485674"",""SerialNo"":28567,""Mileage"":5697710,""Date"":""2026-04-22T11:27:11Z"",""IopIgnition"":true,""Latitude"":4.7183804512023926,""Longitude"":-74.073745727539063,""Altitude"":2576.0,""ExternalPowerVoltage"":28.2,""Rpm"":-999,""Speed"":58.0,""SatelliteNumber"":16,""Azimuth"":346,""BatteryLevel"":100}]",0x25251300596F970869487064485674003C38402D000000525000000007000061000000FFFFFFFFFFFFFFFFFFFF00D50056F0AE0026042211271100002145C22594C2F9FC96400580015A03902820FFFFFF00001A0000FFFFFF
2026-04-22 11:27:33.735,"[{""Protocol"":""0x2525"",""MessageType"":""LocationInfoMessage"",""ProtocolHeadType"":19,""Imei"":""869487064485674"",""SerialNo"":28568,""Mileage"":5698567,""Date"":""2026-04-22T11:28:11Z"",""IopIgnition"":true,""Latitude"":4.7258849143981934,""Longitude"":-74.074668884277344,""Altitude"":2593.0,""ExternalPowerVoltage"":28.2,""Rpm"":-999,""Speed"":42.0,""SatelliteNumber"":16,""Azimuth"":1,""BatteryLevel"":100}]",0x25251300596F980869487064485674003C38402D000000645000000007000061000000FFFFFFFFFFFFFFFFFFFF00D50056F40700260422112811001022453B2694C2733A97400420000103902820FFFFFF00001B0000FFFFFF
2026-04-22 11:28:33.688,"[{""Protocol"":""0x2525"",""MessageType"":""LocationInfoMessage"",""ProtocolHeadType"":19,""Imei"":""869487064485674"",""SerialNo"":28569,""Mileage"":5699159,""Date"":""2026-04-22T11:29:11Z"",""IopIgnition"":true,""Latitude"":4.7311763763427734,""Longitude"":-74.074790954589844,""Altitude"":2605.10009765625,""ExternalPowerVoltage"":28.25,""Rpm"":-999,""Speed"":39.0,""SatelliteNumber"":15,""Azimuth"":349,""BatteryLevel"":100}]",0x25251300596F990869487064485674003C38402D0000005D4F00000007000061000000FFFFFFFFFFFFFFFFFFFF00D50056F657002604221129119AD122454B2694C2CC6597400390015D03902825FFFFFF00001B0000FFFFFF
2026-04-22 11:28:56.404,"[{""Protocol"":""0x2525"",""MessageType"":""LocationInfoMessage"",""ProtocolHeadType"":19,""Imei"":""869487064485674"",""SerialNo"":28570,""Mileage"":5699370,""Date"":""2026-04-22T11:29:34Z"",""IopIgnition"":true,""Latitude"":4.73289155960083,""Longitude"":-74.075424194335938,""Altitude"":2609.699951171875,""ExternalPowerVoltage"":27.95,""Rpm"":-999,""Speed"":16.0,""SatelliteNumber"":15,""Azimuth"":302,""BatteryLevel"":100}]",0x25251300596F9A0869487064485674003C38402D000000644F00000007000061000000FFFFFFFFFFFFFFFFFFFF00D50056F72A00260422112934331B23459E2694C2D97397400160012E03902795FFFFFF00001A0000FFFFFF
2026-04-22 11:30:33.311,"[{""Protocol"":""0x2525"",""MessageType"":""LocationInfoMessage"",""ProtocolHeadType"":19,""Imei"":""869487064485674"",""SerialNo"":28571,""Mileage"":5700378,""Date"":""2026-04-22T11:31:11Z"",""IopIgnition"":true,""Latitude"":4.7373485565185547,""Longitude"":-74.083053588867188,""Altitude"":2589.199951171875,""ExternalPowerVoltage"":28.14,""Rpm"":-999,""Speed"":44.0,""SatelliteNumber"":16,""Azimuth"":290,""BatteryLevel"":100}]",0x25251300596F9B0869487064485674003C38402D000000645000000007000061000000FFFFFFFFFFFFFFFFFFFF00D50056FB1A0026042211311133D32145862A94C25C9897400440012203912814FFFFFF00001B0000FFFFFF
2026-04-22 11:31:33.102,"[{""Protocol"":""0x2525"",""MessageType"":""LocationInfoMessage"",""ProtocolHeadType"":19,""Imei"":""869487064485674"",""SerialNo"":28572,""Mileage"":5701101,""Date"":""2026-04-22T11:32:10Z"",""IopIgnition"":true,""Latitude"":4.740570068359375,""Longitude"":-74.088493347167969,""Altitude"":2572.800048828125,""ExternalPowerVoltage"":28.11,""Rpm"":-999,""Speed"":37.0,""SatelliteNumber"":16,""Azimuth"":315,""BatteryLevel"":100}]",0x25251300596F9C0869487064485674003C38402D000000645000000007000061000000FFFFFFFFFFFFFFFFFFFF00D50056FDED00260422113210CDCC20454F2D94C2C0B297400370013B03902811FFFFFF00001B0000FFFFFF
2026-04-22 11:32:34.025,"[{""Protocol"":""0x2525"",""MessageType"":""LocationInfoMessage"",""ProtocolHeadType"":19,""Imei"":""869487064485674"",""SerialNo"":28573,""Mileage"":5701189,""Date"":""2026-04-22T11:33:11Z"",""IopIgnition"":true,""Latitude"":4.7411408424377441,""Longitude"":-74.089042663574219,""Altitude"":2576.300048828125,""ExternalPowerVoltage"":28.11,""Rpm"":-999,""Speed"":27.0,""SatelliteNumber"":16,""Azimuth"":314,""BatteryLevel"":100}]",0x25251300596F9D0869487064485674003C38402D000000605000000007000061000000FFFFFFFFFFFFFFFFFFFF00D50056FE4500260422113311CD042145972D94C26DB797400270013A03902811FFFFFF00001A0000FFFFFF
2026-04-22 11:33:33.832,"[{""Protocol"":""0x2525"",""MessageType"":""LocationInfoMessage"",""ProtocolHeadType"":19,""Imei"":""869487064485674"",""SerialNo"":28574,""Mileage"":5701666,""Date"":""2026-04-22T11:34:11Z"",""IopIgnition"":true,""Latitude"":4.7437782287597656,""Longitude"":-74.0924301147461,""Altitude"":2572.10009765625,""ExternalPowerVoltage"":28.12,""Rpm"":-999,""Speed"":30.0,""SatelliteNumber"":16,""Azimuth"":306,""BatteryLevel"":100}]",0x25251300596F9E0869487064485674003C38402D000000565000000007000061000000FFFFFFFFFFFFFFFFFFFF00D500570022002604221134119AC12045532F94C208CD97400300013203912812FFFFFF00001C0000FFFFFF
2026-04-22 11:34:33.757,"[{""Protocol"":""0x2525"",""MessageType"":""LocationInfoMessage"",""ProtocolHeadType"":19,""Imei"":""869487064485674"",""SerialNo"":28575,""Mileage"":5701809,""Date"":""2026-04-22T11:35:11Z"",""IopIgnition"":true,""Latitude"":4.7445650100708008,""Longitude"":-74.09344482421875,""Altitude"":2571.89990234375,""ExternalPowerVoltage"":28.14,""Rpm"":-999,""Speed"":30.0,""SatelliteNumber"":16,""Azimuth"":308,""BatteryLevel"":100}]",0x25251300596F9F0869487064485674003C38402D000000645000000007000061000000FFFFFFFFFFFFFFFFFFFF00D5005700B10026042211351166BE2045D82F94C27AD397400300013403902814FFFFFF00001A0000FFFFFF
2026-04-22 11:35:33.705,"[{""Protocol"":""0x2525"",""MessageType"":""LocationInfoMessage"",""ProtocolHeadType"":19,""Imei"":""869487064485674"",""SerialNo"":28576,""Mileage"":5702136,""Date"":""2026-04-22T11:36:11Z"",""IopIgnition"":true,""Latitude"":4.7463588714599609,""Longitude"":-74.09576416015625,""Altitude"":2571.199951171875,""ExternalPowerVoltage"":28.13,""Rpm"":-999,""Speed"":36.0,""SatelliteNumber"":16,""Azimuth"":308,""BatteryLevel"":100}]",0x25251300596FA00869487064485674003C38402D000000645000000007000061000000FFFFFFFFFFFFFFFFFFFF00D5005701F80026042211361133B32045083194C22CE297400360013403912813FFFFFF00001B0000FFFFFF
2026-04-22 11:36:33.675,"[{""Protocol"":""0x2525"",""MessageType"":""LocationInfoMessage"",""ProtocolHeadType"":19,""Imei"":""869487064485674"",""SerialNo"":28577,""Mileage"":5702740,""Date"":""2026-04-22T11:37:11Z"",""IopIgnition"":true,""Latitude"":4.7490549087524414,""Longitude"":-74.1004638671875,""Altitude"":2571.39990234375,""ExternalPowerVoltage"":28.12,""Rpm"":-999,""Speed"":29.0,""SatelliteNumber"":16,""Azimuth"":295,""BatteryLevel"":100}]",0x25251300596FA10869487064485674003C38402D000000645000000007000061000000FFFFFFFFFFFFFFFFFFFF00D5005704540026042211371166B62045703394C242F897400290012703902812FFFFFF00001B0000FFFFFF
2026-04-22 11:37:14.653,"[{""Protocol"":""0x2525"",""MessageType"":""LocationInfoMessage"",""ProtocolHeadType"":19,""Imei"":""869487064485674"",""SerialNo"":28578,""Mileage"":5703133,""Date"":""2026-04-22T11:37:52Z"",""IopIgnition"":true,""Latitude"":4.7505674362182617,""Longitude"":-74.1036605834961,""Altitude"":2571.39990234375,""ExternalPowerVoltage"":27.91,""Rpm"":-999,""Speed"":10.0,""SatelliteNumber"":16,""Azimuth"":244,""BatteryLevel"":100}]",0x25251300596FA20869487064485674003C38402D000000445000000007000061000000FFFFFFFFFFFFFFFFFFFF00D5005705DD0026042211375266B62045133594C2A6049840010000F403902791FFFFFF00001B0000FFFFFF
2026-04-22 11:37:16.493,"[{""Protocol"":""0x2525"",""MessageType"":""LocationInfoMessage"",""ProtocolHeadType"":19,""Imei"":""869487064485674"",""SerialNo"":28579,""Mileage"":5703139,""Date"":""2026-04-22T11:37:54Z"",""IopIgnition"":true,""Latitude"":4.750523567199707,""Longitude"":-74.103691101074219,""Altitude"":2571.699951171875,""ExternalPowerVoltage"":28.0,""Rpm"":-999,""Speed"":12.0,""SatelliteNumber"":16,""Azimuth"":188,""BatteryLevel"":100}]",0x25251300596FA30869487064485674003C38402D000000445000000007000061000000FFFFFFFFFFFFFFFFFFFF00D5005705E30026042211375433BB2045173594C24A049840012000BC03902800FFFFFF00001D0000FFFFFF
2026-04-22 11:37:18.369,"[{""Protocol"":""0x2525"",""MessageType"":""LocationInfoMessage"",""ProtocolHeadType"":19,""Imei"":""869487064485674"",""SerialNo"":28580,""Mileage"":5703148,""Date"":""2026-04-22T11:37:56Z"",""IopIgnition"":true,""Latitude"":4.7504534721374512,""Longitude"":-74.103652954101563,""Altitude"":2570.800048828125,""ExternalPowerVoltage"":28.06,""Rpm"":-999,""Speed"":17.0,""SatelliteNumber"":16,""Azimuth"":133,""BatteryLevel"":100}]",0x25251300596FA40869487064485674003C38402D000000445000000007000061000000FFFFFFFFFFFFFFFFFFFF00D5005705EC00260422113756CDAC2045123594C2B70398400170008503902806FFFFFF00001D0000FFFFFF
2026-04-22 11:38:10.495,"[{""Protocol"":""0x2525"",""MessageType"":""LocationInfoMessage"",""ProtocolHeadType"":19,""Imei"":""869487064485674"",""SerialNo"":28581,""Mileage"":5703324,""Date"":""2026-04-22T11:38:48Z"",""IopIgnition"":true,""Latitude"":4.749579906463623,""Longitude"":-74.1024169921875,""Altitude"":2569.800048828125,""ExternalPowerVoltage"":28.12,""Rpm"":-999,""Speed"":22.0,""SatelliteNumber"":16,""Azimuth"":208,""BatteryLevel"":100}]",0x25251300596FA50869487064485674003C38402D0000004B5000000007000061000000FFFFFFFFFFFFFFFFFFFF00D50057069C00260422113848CD9C2045703494C28FFC9740022000D003902812FFFFFF00001B0000FFFFFF
2026-04-22 11:38:52.522,"[{""Protocol"":""0x2525"",""MessageType"":""LocationInfoMessage"",""ProtocolHeadType"":19,""Imei"":""869487064485674"",""SerialNo"":28582,""Mileage"":5703631,""Date"":""2026-04-22T11:39:30Z"",""IopIgnition"":true,""Latitude"":4.7472753524780273,""Longitude"":-74.103912353515625,""Altitude"":2566.699951171875,""ExternalPowerVoltage"":28.07,""Rpm"":-999,""Speed"":18.0,""SatelliteNumber"":15,""Azimuth"":255,""BatteryLevel"":100}]",0x25251300596FA60869487064485674003C38402D000000644F00000007000061000000FFFFFFFFFFFFFFFFFFFF00D5005707CF00260422113930336B2045343594C2AEE99740018000FF03912807FFFFFF00001B0000FFFFFF
2026-04-22 11:39:22.565,"[{""Protocol"":""0x2525"",""MessageType"":""LocationInfoMessage"",""ProtocolHeadType"":19,""Imei"":""869487064485674"",""SerialNo"":28583,""Mileage"":5703833,""Date"":""2026-04-22T11:40:00Z"",""IopIgnition"":true,""Latitude"":4.7474889755249023,""Longitude"":-74.105712890625,""Altitude"":2574.300048828125,""ExternalPowerVoltage"":27.91,""Rpm"":-999,""Speed"":11.0,""SatelliteNumber"":15,""Azimuth"":307,""BatteryLevel"":100}]",0x25251300596FA70869487064485674003C38402D000000564F00000007000061000000FFFFFFFFFFFFFFFFFFFF00D50057089900260422114000CDE42045203694C26EEB97400110013303902791FFFFFF00001A0000FFFFFF
2026-04-22 11:39:29.383,"[{""Protocol"":""0x2525"",""MessageType"":""LocationInfoMessage"",""ProtocolHeadType"":19,""Imei"":""869487064485674"",""SerialNo"":28584,""Mileage"":5703857,""Date"":""2026-04-22T11:40:07Z"",""IopIgnition"":true,""Latitude"":4.7476844787597656,""Longitude"":-74.10577392578125,""Altitude"":2572.699951171875,""ExternalPowerVoltage"":28.01,""Rpm"":-999,""Speed"":12.0,""SatelliteNumber"":16,""Azimuth"":10,""BatteryLevel"":100}]",0x25251300596FA80869487064485674003C38402D0000004B5000000007000061000000FFFFFFFFFFFFFFFFFFFF00D5005708B10026042211400733CB2045283694C208ED97400120000A03902801FFFFFF00001D0000FFFFFF
2026-04-22 11:39:54.503,"[{""Protocol"":""0x2525"",""MessageType"":""LocationInfoMessage"",""ProtocolHeadType"":19,""Imei"":""869487064485674"",""SerialNo"":28585,""Mileage"":5703986,""Date"":""2026-04-22T11:40:32Z"",""IopIgnition"":true,""Latitude"":4.7488341331481934,""Longitude"":-74.105712890625,""Altitude"":2569.89990234375,""ExternalPowerVoltage"":28.05,""Rpm"":-999,""Speed"":6.0,""SatelliteNumber"":16,""Azimuth"":321,""BatteryLevel"":100}]",0x25251300596FA90869487064485674003C38402D000000525000000007000061000000FFFFFFFFFFFFFFFFFFFF00D50057093200260422114032669E2045203694C273F697400060014103902805FFFFFF00001B0000FFFFFF
2026-04-22 11:39:58.343,"[{""Protocol"":""0x2525"",""MessageType"":""LocationInfoMessage"",""ProtocolHeadType"":19,""Imei"":""869487064485674"",""SerialNo"":28586,""Mileage"":5703994,""Date"":""2026-04-22T11:40:36Z"",""IopIgnition"":true,""Latitude"":4.7488646507263184,""Longitude"":-74.105781555175781,""Altitude"":2569.89990234375,""ExternalPowerVoltage"":28.08,""Rpm"":-999,""Speed"":9.0,""SatelliteNumber"":16,""Azimuth"":263,""BatteryLevel"":100}]",0x25251300596FAA0869487064485674003C38402D000000525000000007000061000000FFFFFFFFFFFFFFFFFFFF00D50057093A00260422114036669E2045293694C2B3F697400090010703902808FFFFFF00001C0000FFFFFF
2026-04-22 11:40:01.439,"[{""Protocol"":""0x2525"",""MessageType"":""LocationInfoMessage"",""ProtocolHeadType"":19,""Imei"":""869487064485674"",""SerialNo"":28587,""Mileage"":5704007,""Date"":""2026-04-22T11:40:39Z"",""IopIgnition"":true,""Latitude"":4.7487936019897461,""Longitude"":-74.105865478515625,""Altitude"":2569.89990234375,""ExternalPowerVoltage"":28.2,""Rpm"":-999,""Speed"":18.0,""SatelliteNumber"":16,""Azimuth"":217,""BatteryLevel"":100}]",0x25251300596FAB0869487064485674003C38402D0000004F5000000007000061000000FFFFFFFFFFFFFFFFFFFF00D50057094700260422114039669E2045343694C21EF69740018000D903902820FFFFFF00001C0000FFFFFF
2026-04-22 11:41:33.300,"[{""Protocol"":""0x2525"",""MessageType"":""LocationInfoMessage"",""ProtocolHeadType"":19,""Imei"":""869487064485674"",""SerialNo"":28588,""Mileage"":5704447,""Date"":""2026-04-22T11:42:11Z"",""IopIgnition"":true,""Latitude"":4.745516300201416,""Longitude"":-74.108070373535156,""Altitude"":2566.300048828125,""ExternalPowerVoltage"":27.97,""Rpm"":-999,""Speed"":0.0,""SatelliteNumber"":14,""Azimuth"":227,""BatteryLevel"":100}]",0x25251300596FAC0869487064485674003C38402D0000004F4E00000007000061000000FFFFFFFFFFFFFFFFFFFF00D500570AFF00260422114211CD642045553794C245DB9740000000E303902797FFFFFF00001B0000FFFFFF
2026-04-22 11:42:20.571,"[{""Protocol"":""0x2525"",""MessageType"":""LocationInfoMessage"",""ProtocolHeadType"":19,""Imei"":""869487064485674"",""SerialNo"":28589,""Mileage"":5704481,""Date"":""2026-04-22T11:42:58Z"",""IopIgnition"":true,""Latitude"":4.745361328125,""Longitude"":-74.108322143554688,""Altitude"":2565.699951171875,""ExternalPowerVoltage"":27.99,""Rpm"":-999,""Speed"":5.0,""SatelliteNumber"":16,""Azimuth"":286,""BatteryLevel"":100}]",0x25251300596FAD0869487064485674003C38402D000000525000000007000061000000FFFFFFFFFFFFFFFFFFFF00D500570B2100260422114258335B2045763794C200DA97400050011E03902799FFFFFF00001A0000FFFFFF
2026-04-22 11:43:33.305,"[{""Protocol"":""0x2525"",""MessageType"":""LocationInfoMessage"",""ProtocolHeadType"":19,""Imei"":""869487064485674"",""SerialNo"":28590,""Mileage"":5704979,""Date"":""2026-04-22T11:44:11Z"",""IopIgnition"":true,""Latitude"":4.7465219497680664,""Longitude"":-74.112655639648438,""Altitude"":2567.89990234375,""ExternalPowerVoltage"":28.1,""Rpm"":-999,""Speed"":21.0,""SatelliteNumber"":15,""Azimuth"":283,""BatteryLevel"":100}]",0x25251300596FAE0869487064485674003C38402D000000524F00000007000061000000FFFFFFFFFFFFFFFFFFFF00D500570D1300260422114411667E2045AE3994C282E397400210011B03912810FFFFFF00001C0000FFFFFF
2026-04-22 11:44:33.186,"[{""Protocol"":""0x2525"",""MessageType"":""LocationInfoMessage"",""ProtocolHeadType"":19,""Imei"":""869487064485674"",""SerialNo"":28591,""Mileage"":5705294,""Date"":""2026-04-22T11:45:10Z"",""IopIgnition"":true,""Latitude"":4.7470669746398926,""Longitude"":-74.115432739257813,""Altitude"":2561.60009765625,""ExternalPowerVoltage"":27.91,""Rpm"":-999,""Speed"":9.0,""SatelliteNumber"":13,""Azimuth"":283,""BatteryLevel"":100}]",0x25251300596FAF0869487064485674003C38402D000000644D00000007000061000000FFFFFFFFFFFFFFFFFFFF00D500570E4E002604221145109A1920451A3B94C2F9E797400090011B03902791FFFFFF00001B0000FFFFFF
2026-04-22 11:45:34.038,"[{""Protocol"":""0x2525"",""MessageType"":""LocationInfoMessage"",""ProtocolHeadType"":19,""Imei"":""869487064485674"",""SerialNo"":28592,""Mileage"":5705476,""Date"":""2026-04-22T11:46:11Z"",""IopIgnition"":true,""Latitude"":4.7472138404846191,""Longitude"":-74.117073059082031,""Altitude"":2561.5,""ExternalPowerVoltage"":28.17,""Rpm"":-999,""Speed"":26.0,""SatelliteNumber"":13,""Azimuth"":277,""BatteryLevel"":100}]",0x25251300596FB00869487064485674003C38402D0000004F4D00000007000061000000FFFFFFFFFFFFFFFFFFFF00D500570F040026042211461100182045F13B94C22DE997400260011503902817FFFFFF00001A0000FFFFFF
2026-04-22 11:46:33.959,"[{""Protocol"":""0x2525"",""MessageType"":""LocationInfoMessage"",""ProtocolHeadType"":19,""Imei"":""869487064485674"",""SerialNo"":28593,""Mileage"":5705844,""Date"":""2026-04-22T11:47:11Z"",""IopIgnition"":true,""Latitude"":4.7474865913391113,""Longitude"":-74.120368957519531,""Altitude"":2563.0,""ExternalPowerVoltage"":27.9,""Rpm"":-999,""Speed"":10.0,""SatelliteNumber"":13,""Azimuth"":279,""BatteryLevel"":100}]",0x25251300596FB10869487064485674003C38402D000000484D00000007000061000000FFFFFFFFFFFFFFFFFFFF00D5005710740026042211471100302045A13D94C269EB97400100011703902790FFFFFF00001C0000FFFFFF
2026-04-22 11:46:54.443,"[{""Protocol"":""0x2525"",""MessageType"":""LocationInfoMessage"",""ProtocolHeadType"":19,""Imei"":""869487064485674"",""SerialNo"":28594,""Mileage"":5705890,""Date"":""2026-04-22T11:47:32Z"",""IopIgnition"":true,""Latitude"":4.7475228309631348,""Longitude"":-74.120780944824219,""Altitude"":2571.300048828125,""ExternalPowerVoltage"":28.07,""Rpm"":-999,""Speed"":8.0,""SatelliteNumber"":14,""Azimuth"":216,""BatteryLevel"":100}]",0x25251300596FB20869487064485674003C38402D0000004B4E00000007000061000000FFFFFFFFFFFFFFFFFFFF00D5005710A200260422114732CDB42045D73D94C2B5EB9740008000D803902807FFFFFF00001B0000FFFFFF
2026-04-22 11:46:59.554,"[{""Protocol"":""0x2525"",""MessageType"":""LocationInfoMessage"",""ProtocolHeadType"":19,""Imei"":""869487064485674"",""SerialNo"":28595,""Mileage"":5705904,""Date"":""2026-04-22T11:47:37Z"",""IopIgnition"":true,""Latitude"":4.7474007606506348,""Longitude"":-74.120796203613281,""Altitude"":2569.39990234375,""ExternalPowerVoltage"":27.97,""Rpm"":-999,""Speed"":6.0,""SatelliteNumber"":14,""Azimuth"":169,""BatteryLevel"":100}]",0x25251300596FB30869487064485674003C38402D000000594E00000007000061000000FFFFFFFFFFFFFFFFFFFF00D5005710B00026042211473766962045D93D94C2B5EA9740006000A903902797FFFFFF00001D0000FFFFFF
2026-04-22 11:48:00.403,"[{""Protocol"":""0x2525"",""MessageType"":""LocationInfoMessage"",""ProtocolHeadType"":19,""Imei"":""869487064485674"",""SerialNo"":28596,""Mileage"":5706012,""Date"":""2026-04-22T11:48:38Z"",""IopIgnition"":true,""Latitude"":4.7464985847473145,""Longitude"":-74.120521545410156,""Altitude"":2572.0,""ExternalPowerVoltage"":28.09,""Rpm"":-999,""Speed"":8.0,""SatelliteNumber"":15,""Azimuth"":238,""BatteryLevel"":100}]",0x25251300596FB40869487064485674003C38402D000000644F00000007000061000000FFFFFFFFFFFFFFFFFFFF00D50057111C0026042211483800C02045B53D94C251E39740008000EE03912809FFFFFF00001B0000FFFFFF
2026-04-22 11:49:26.389,"[{""Protocol"":""0x2525"",""MessageType"":""LocationAlarmMessage"",""ProtocolHeadType"":20,""Imei"":""869487064485674"",""SerialNo"":1075,""Mileage"":5706054,""Date"":""2026-04-22T11:50:03Z"",""IopIgnition"":false,""Latitude"":4.7464046478271484,""Longitude"":-74.120887756347656,""Altitude"":2565.89990234375,""ExternalPowerVoltage"":27.75,""Rpm"":-999,""Speed"":0.0,""SatelliteNumber"":13,""Azimuth"":252,""OriginalAlarmCode"":23}]",0x252514005904330869487064485674003C38402D000000644D00000007000020000000FFFFFFFFFFFFFFFFFFFF17D50057114600260422115003665E2045E53D94C28CE29740000000FC03912775FFFFFF00001B0000FFFFFF
2026-04-22 12:26:48.365,"[{""Protocol"":""0x2525"",""MessageType"":""LocationAlarmMessage"",""ProtocolHeadType"":20,""Imei"":""869487064485674"",""SerialNo"":1076,""Mileage"":5706054,""Date"":""2026-04-22T12:27:27Z"",""IopIgnition"":true,""Latitude"":4.7464046478271484,""Longitude"":-74.120887756347656,""Altitude"":2565.89990234375,""ExternalPowerVoltage"":25.13,""Rpm"":-999,""Speed"":0.0,""SatelliteNumber"":13,""Azimuth"":252,""OriginalAlarmCode"":22}]",0x252514005904340869487064485674003C38402D000000644D00000007000061000000FFFFFFFFFFFFFFFFFFFF16D50057114600260422122727665E2045E53D94C28CE29740000000FC03912513FFFFFF00001B0000FFFFFF
2026-04-22 12:27:49.257,"[{""Protocol"":""0x2525"",""MessageType"":""LocationInfoMessage"",""ProtocolHeadType"":19,""Imei"":""869487064485674"",""SerialNo"":28597,""Mileage"":5706054,""Date"":""2026-04-22T12:28:27Z"",""IopIgnition"":true,""Latitude"":4.7464046478271484,""Longitude"":-74.120887756347656,""Altitude"":2565.89990234375,""ExternalPowerVoltage"":27.87,""Rpm"":-999,""Speed"":0.0,""SatelliteNumber"":13,""Azimuth"":252,""BatteryLevel"":100}]",0x25251300596FB50869487064485674003C38402D000000644D00000007000061000000FFFFFFFFFFFFFFFFFFFF00D50057114600260422122827665E2045E53D94C28CE29740000000FC03912787FFFFFF00001B0000FFFFFF
2026-04-22 12:28:49.065,"[{""Protocol"":""0x2525"",""MessageType"":""LocationInfoMessage"",""ProtocolHeadType"":19,""Imei"":""869487064485674"",""SerialNo"":28598,""Mileage"":5706114,""Date"":""2026-04-22T12:29:27Z"",""IopIgnition"":true,""Latitude"":4.746241569519043,""Longitude"":-74.12139892578125,""Altitude"":2568.0,""ExternalPowerVoltage"":28.12,""Rpm"":-999,""Speed"":20.0,""SatelliteNumber"":16,""Azimuth"":249,""BatteryLevel"":100}]",0x25251300596FB60869487064485674003C38402D000000645000000007000061000000FFFFFFFFFFFFFFFFFFFF00D5005711820026042212292700802045283E94C236E19740020000F903912812FFFFFF00001B0000FFFFFF
2026-04-22 12:29:49.952,"[{""Protocol"":""0x2525"",""MessageType"":""LocationInfoMessage"",""ProtocolHeadType"":19,""Imei"":""869487064485674"",""SerialNo"":28599,""Mileage"":5706555,""Date"":""2026-04-22T12:30:28Z"",""IopIgnition"":true,""Latitude"":4.744910717010498,""Longitude"":-74.1251449584961,""Altitude"":2564.800048828125,""ExternalPowerVoltage"":28.11,""Rpm"":-999,""Speed"":24.0,""SatelliteNumber"":15,""Azimuth"":249,""BatteryLevel"":100}]",0x25251300596FB70869487064485674003C38402D000000524F00000007000061000000FFFFFFFFFFFFFFFFFFFF00D50057133B00260422123028CD4C2045134094C24FD69740024000F903912811FFFFFF00001B0000FFFFFF
2026-04-22 12:30:18.406,"[{""Protocol"":""0x2525"",""MessageType"":""SignInMessage"",""ProtocolHeadType"":0,""Imei"":""869487064485674"",""SerialNo"":277,""Firmware"":""V1.0.1.8"",""Model"":0,""ObdBootVersion"":null,""ObdDataVersion"":null,""ObdHareware"":null,""ObdSoftware"":null,""Platform"":null,""Software"":""V0.0.0""}]",0x2525010017011508694870644856740000030502101812
2026-04-22 12:30:18.575,"[{""Protocol"":""0x2525"",""MessageType"":""NetworkInfoMessage"",""ProtocolHeadType"":0,""Imei"":""869487064485674"",""SerialNo"":257,""AccessTechnology"":""CAT-1"",""Band"":""CAT-1 28"",""Date"":""2026-04-22T12:30:56Z"",""Iccid"":""89571017025023250790"",""Imsi"":""732101725325077"",""NetworkOperator"":""LaSeleNosLlama""}]",0x2525110066010108694870644856742604221230561C4C006100530065006C0065004E006F0073004C006C0061006D006100054341542D31084341542D312032380F373332313031373235333235303737143839353731303137303235303233323530373930
2026-04-22 12:30:50.723,"[{""Protocol"":""0x2525"",""MessageType"":""LocationInfoMessage"",""ProtocolHeadType"":19,""Imei"":""869487064485674"",""SerialNo"":28600,""Mileage"":5706886,""Date"":""2026-04-22T12:31:28Z"",""IopIgnition"":true,""Latitude"":4.7441616058349609,""Longitude"":-74.127983093261719,""Altitude"":2567.199951171875,""ExternalPowerVoltage"":28.02,""Rpm"":-999,""Speed"":7.0,""SatelliteNumber"":16,""Azimuth"":282,""BatteryLevel"":100}]",0x25251300596FB80869487064485674003C38402D0000003E5000000007000061000000FFFFFFFFFFFFFFFFFFFF00D5005714860026042212312833732045874194C22CD097400070011A03912802FFFFFF00001C0000FFFFFF
2026-04-22 12:31:50.664,"[{""Protocol"":""0x2525"",""MessageType"":""LocationInfoMessage"",""ProtocolHeadType"":19,""Imei"":""869487064485674"",""SerialNo"":28601,""Mileage"":5706886,""Date"":""2026-04-22T12:32:28Z"",""IopIgnition"":true,""Latitude"":4.7441616058349609,""Longitude"":-74.127983093261719,""Altitude"":2567.199951171875,""ExternalPowerVoltage"":27.98,""Rpm"":-999,""Speed"":0.0,""SatelliteNumber"":17,""Azimuth"":282,""BatteryLevel"":100}]",0x25251300596FB90869487064485674003C38402D000000415100000007000061000000FFFFFFFFFFFFFFFFFFFF00D5005714860026042212322833732045874194C22CD097400000011A03912798FFFFFF00001C0000FFFFFF
2026-04-22 12:32:50.524,"[{""Protocol"":""0x2525"",""MessageType"":""LocationInfoMessage"",""ProtocolHeadType"":19,""Imei"":""869487064485674"",""SerialNo"":28602,""Mileage"":5706886,""Date"":""2026-04-22T12:33:28Z"",""IopIgnition"":true,""Latitude"":4.7441616058349609,""Longitude"":-74.127983093261719,""Altitude"":2567.199951171875,""ExternalPowerVoltage"":27.86,""Rpm"":-999,""Speed"":0.0,""SatelliteNumber"":15,""Azimuth"":282,""BatteryLevel"":100}]",0x25251300596FBA0869487064485674003C38402D0000003E4F00000007000061000000FFFFFFFFFFFFFFFFFFFF00D5005714860026042212332833732045874194C22CD097400000011A03912786FFFFFF00001C0000FFFFFF
2026-04-22 12:33:50.475,"[{""Protocol"":""0x2525"",""MessageType"":""LocationInfoMessage"",""ProtocolHeadType"":19,""Imei"":""869487064485674"",""SerialNo"":28603,""Mileage"":5706955,""Date"":""2026-04-22T12:34:28Z"",""IopIgnition"":true,""Latitude"":4.7443337440490723,""Longitude"":-74.128570556640625,""Altitude"":2569.0,""ExternalPowerVoltage"":28.07,""Rpm"":-999,""Speed"":12.0,""SatelliteNumber"":17,""Azimuth"":291,""BatteryLevel"":100}]",0x25251300596FBB0869487064485674003C38402D0000003A5100000007000061000000FFFFFFFFFFFFFFFFFFFF00D5005714CB0026042212342800902045D44194C295D197400120012303912807FFFFFF00001B0000FFFFFF
2026-04-22 12:33:56.478,"[{""Protocol"":""0x2525"",""MessageType"":""LocationInfoMessage"",""ProtocolHeadType"":19,""Imei"":""869487064485674"",""SerialNo"":28604,""Mileage"":5706972,""Date"":""2026-04-22T12:34:34Z"",""IopIgnition"":true,""Latitude"":4.7443389892578125,""Longitude"":-74.128715515136719,""Altitude"":2569.800048828125,""ExternalPowerVoltage"":27.98,""Rpm"":-999,""Speed"":8.0,""SatelliteNumber"":18,""Azimuth"":215,""BatteryLevel"":100}]",0x25251300596FBC0869487064485674003C38402D0000003A5200000007000061000000FFFFFFFFFFFFFFFFFFFF00D5005714DC00260422123434CD9C2045E74194C2A0D19740008000D703912798FFFFFF00001D0000FFFFFF
2026-04-22 12:35:01.482,"[{""Protocol"":""0x2525"",""MessageType"":""LocationInfoMessage"",""ProtocolHeadType"":19,""Imei"":""869487064485674"",""SerialNo"":28605,""Mileage"":5707362,""Date"":""2026-04-22T12:35:39Z"",""IopIgnition"":true,""Latitude"":4.7418184280395508,""Longitude"":-74.130577087402344,""Altitude"":2561.199951171875,""ExternalPowerVoltage"":27.92,""Rpm"":-999,""Speed"":7.0,""SatelliteNumber"":17,""Azimuth"":165,""BatteryLevel"":100}]",0x25251300596FBD0869487064485674003C38402D0000003E5100000007000061000000FFFFFFFFFFFFFFFFFFFF00D5005716620026042212353933132045DB4294C2FABC9740007000A503912792FFFFFF00001B0000FFFFFF
2026-04-22 12:35:44.458,"[{""Protocol"":""0x2525"",""MessageType"":""LocationInfoMessage"",""ProtocolHeadType"":19,""Imei"":""869487064485674"",""SerialNo"":28606,""Mileage"":5707569,""Date"":""2026-04-22T12:36:22Z"",""IopIgnition"":true,""Latitude"":4.7401294708251953,""Longitude"":-74.129844665527344,""Altitude"":2554.89990234375,""ExternalPowerVoltage"":28.1,""Rpm"":-999,""Speed"":9.0,""SatelliteNumber"":16,""Azimuth"":78,""BatteryLevel"":100}]",0x25251300596FBE0869487064485674003C38402D0000004F5000000007000061000000FFFFFFFFFFFFFFFFFFFF00D5005717310026042212362266AE1F457B4294C224AF97400090004E03912810FFFFFF00001C0000FFFFFF
2026-04-22 12:36:50.308,"[{""Protocol"":""0x2525"",""MessageType"":""LocationInfoMessage"",""ProtocolHeadType"":19,""Imei"":""869487064485674"",""SerialNo"":28607,""Mileage"":5708080,""Date"":""2026-04-22T12:37:28Z"",""IopIgnition"":true,""Latitude"":4.7419562339782715,""Longitude"":-74.125625610351563,""Altitude"":2559.5,""ExternalPowerVoltage"":28.14,""Rpm"":-999,""Speed"":24.0,""SatelliteNumber"":16,""Azimuth"":64,""BatteryLevel"":100}]",0x25251300596FBF0869487064485674003C38402D000000645000000007000061000000FFFFFFFFFFFFFFFFFFFF00D5005719300026042212372800F81F45524094C21BBE97400240004003912814FFFFFF00001C0000FFFFFF
2026-04-22 12:37:50.164,"[{""Protocol"":""0x2525"",""MessageType"":""LocationInfoMessage"",""ProtocolHeadType"":19,""Imei"":""869487064485674"",""SerialNo"":28608,""Mileage"":5708121,""Date"":""2026-04-22T12:38:27Z"",""IopIgnition"":true,""Latitude"":4.7420859336853027,""Longitude"":-74.125289916992188,""Altitude"":2558.699951171875,""ExternalPowerVoltage"":27.88,""Rpm"":-999,""Speed"":0.0,""SatelliteNumber"":16,""Azimuth"":50,""BatteryLevel"":100}]",0x25251300596FC00869487064485674003C38402D000000605000000007000061000000FFFFFFFFFFFFFFFFFFFF00D5005719590026042212382733EB1F45264094C22BBF97400000003203912788FFFFFF00001E0000FFFFFF
2026-04-22 12:38:51.018,"[{""Protocol"":""0x2525"",""MessageType"":""LocationInfoMessage"",""ProtocolHeadType"":19,""Imei"":""869487064485674"",""SerialNo"":28609,""Mileage"":5708121,""Date"":""2026-04-22T12:39:28Z"",""IopIgnition"":true,""Latitude"":4.7420859336853027,""Longitude"":-74.125289916992188,""Altitude"":2558.699951171875,""ExternalPowerVoltage"":27.99,""Rpm"":-999,""Speed"":0.0,""SatelliteNumber"":15,""Azimuth"":50,""BatteryLevel"":100}]",0x25251300596FC10869487064485674003C38402D000000644F00000007000061000000FFFFFFFFFFFFFFFFFFFF00D5005719590026042212392833EB1F45264094C22BBF97400000003203912799FFFFFF00001E0000FFFFFF
2026-04-22 12:39:50.948,"[{""Protocol"":""0x2525"",""MessageType"":""LocationInfoMessage"",""ProtocolHeadType"":19,""Imei"":""869487064485674"",""SerialNo"":28610,""Mileage"":5708121,""Date"":""2026-04-22T12:40:28Z"",""IopIgnition"":true,""Latitude"":4.7420859336853027,""Longitude"":-74.125289916992188,""Altitude"":2558.699951171875,""ExternalPowerVoltage"":27.98,""Rpm"":-999,""Speed"":0.0,""SatelliteNumber"":15,""Azimuth"":50,""BatteryLevel"":100}]",0x25251300596FC20869487064485674003C38402D000000644F00000007000061000000FFFFFFFFFFFFFFFFFFFF00D5005719590026042212402833EB1F45264094C22BBF97400000003203912798FFFFFF00001D0000FFFFFF
2026-04-22 12:40:50.774,"[{""Protocol"":""0x2525"",""MessageType"":""LocationInfoMessage"",""ProtocolHeadType"":19,""Imei"":""869487064485674"",""SerialNo"":28611,""Mileage"":5708121,""Date"":""2026-04-22T12:41:28Z"",""IopIgnition"":true,""Latitude"":4.7420859336853027,""Longitude"":-74.125289916992188,""Altitude"":2558.699951171875,""ExternalPowerVoltage"":27.91,""Rpm"":-999,""Speed"":0.0,""SatelliteNumber"":13,""Azimuth"":50,""BatteryLevel"":100}]",0x25251300596FC30869487064485674003C38402D000000564D00000007000061000000FFFFFFFFFFFFFFFFFFFF00D5005719590026042212412833EB1F45264094C22BBF97400000003203912791FFFFFF00001C0000FFFFFF
2026-04-22 12:41:50.689,"[{""Protocol"":""0x2525"",""MessageType"":""LocationInfoMessage"",""ProtocolHeadType"":19,""Imei"":""869487064485674"",""SerialNo"":28612,""Mileage"":5708191,""Date"":""2026-04-22T12:42:28Z"",""IopIgnition"":true,""Latitude"":4.742304801940918,""Longitude"":-74.12469482421875,""Altitude"":2558.89990234375,""ExternalPowerVoltage"":28.06,""Rpm"":-999,""Speed"":7.0,""SatelliteNumber"":14,""Azimuth"":70,""BatteryLevel"":100}]",0x25251300596FC40869487064485674003C38402D000000644E00000007000061000000FFFFFFFFFFFFFFFFFFFF00D50057199F0026042212422866EE1F45D83F94C2F6C097400070004603912806FFFFFF00001C0000FFFFFF
2026-04-22 12:42:50.443,"[{""Protocol"":""0x2525"",""MessageType"":""LocationInfoMessage"",""ProtocolHeadType"":19,""Imei"":""869487064485674"",""SerialNo"":28613,""Mileage"":5708439,""Date"":""2026-04-22T12:43:28Z"",""IopIgnition"":true,""Latitude"":4.7431097030639648,""Longitude"":-74.122611999511719,""Altitude"":2561.89990234375,""ExternalPowerVoltage"":28.06,""Rpm"":-999,""Speed"":0.0,""SatelliteNumber"":15,""Azimuth"":64,""BatteryLevel"":100}]",0x25251300596FC50869487064485674003C38402D000000644F00000007000061000000FFFFFFFFFFFFFFFFFFFF00D500571A9700260422124328661E2045C73E94C28EC797400000004003912806FFFFFF00001F0000FFFFFF
2026-04-22 12:43:50.409,"[{""Protocol"":""0x2525"",""MessageType"":""LocationInfoMessage"",""ProtocolHeadType"":19,""Imei"":""869487064485674"",""SerialNo"":28614,""Mileage"":5708679,""Date"":""2026-04-22T12:44:28Z"",""IopIgnition"":true,""Latitude"":4.743919849395752,""Longitude"":-74.120620727539063,""Altitude"":2566.39990234375,""ExternalPowerVoltage"":28.17,""Rpm"":-999,""Speed"":29.0,""SatelliteNumber"":15,""Azimuth"":66,""BatteryLevel"":100}]",0x25251300596FC60869487064485674003C38402D000000644F00000007000061000000FFFFFFFFFFFFFFFFFFFF00D500571B870026042212442866662045C23D94C231CE97400290004203912817FFFFFF00001C0000FFFFFF
2026-04-22 12:44:45.409,"[{""Protocol"":""0x2525"",""MessageType"":""LocationInfoMessage"",""ProtocolHeadType"":19,""Imei"":""869487064485674"",""SerialNo"":28615,""Mileage"":5709116,""Date"":""2026-04-22T12:45:23Z"",""IopIgnition"":true,""Latitude"":4.745121955871582,""Longitude"":-74.116973876953125,""Altitude"":2567.10009765625,""ExternalPowerVoltage"":28.14,""Rpm"":-999,""Speed"":19.0,""SatelliteNumber"":16,""Azimuth"":114,""BatteryLevel"":100}]",0x25251300596FC70869487064485674003C38402D0000005D5000000007000061000000FFFFFFFFFFFFFFFFFFFF00D500571D3C002604221245239A712045E43B94C20AD897400190007203912814FFFFFF00001D0000FFFFFF
2026-04-22 12:45:50.270,"[{""Protocol"":""0x2525"",""MessageType"":""LocationInfoMessage"",""ProtocolHeadType"":19,""Imei"":""869487064485674"",""SerialNo"":28616,""Mileage"":5709602,""Date"":""2026-04-22T12:46:28Z"",""IopIgnition"":true,""Latitude"":4.7430000305175781,""Longitude"":-74.113151550292969,""Altitude"":2568.10009765625,""ExternalPowerVoltage"":28.11,""Rpm"":-999,""Speed"":23.0,""SatelliteNumber"":15,""Azimuth"":118,""BatteryLevel"":100}]",0x25251300596FC80869487064485674003C38402D0000004B4F00000007000061000000FFFFFFFFFFFFFFFFFFFF00D500571F22002604221246289A812045EF3994C2A8C697400230007603912811FFFFFF00001D0000FFFFFF
2026-04-22 12:46:36.407,"[{""Protocol"":""0x2525"",""MessageType"":""LocationInfoMessage"",""ProtocolHeadType"":19,""Imei"":""869487064485674"",""SerialNo"":28617,""Mileage"":5709741,""Date"":""2026-04-22T12:47:14Z"",""IopIgnition"":true,""Latitude"":4.7424178123474121,""Longitude"":-74.112052917480469,""Altitude"":2570.800048828125,""ExternalPowerVoltage"":28.15,""Rpm"":-999,""Speed"":11.0,""SatelliteNumber"":14,""Azimuth"":60,""BatteryLevel"":100}]",0x25251300596FC90869487064485674003C38402D0000004B4E00000007000061000000FFFFFFFFFFFFFFFFFFFF00D500571FAD00260422124714CDAC20455F3994C2E3C197400110003C03912815FFFFFF00001D0000FFFFFF
2026-04-22 12:46:45.513,"[{""Protocol"":""0x2525"",""MessageType"":""LocationInfoMessage"",""ProtocolHeadType"":19,""Imei"":""869487064485674"",""SerialNo"":28618,""Mileage"":5709769,""Date"":""2026-04-22T12:47:23Z"",""IopIgnition"":true,""Latitude"":4.7425093650817871,""Longitude"":-74.1118392944336,""Altitude"":2568.89990234375,""ExternalPowerVoltage"":28.12,""Rpm"":-999,""Speed"":13.0,""SatelliteNumber"":16,""Azimuth"":138,""BatteryLevel"":100}]",0x25251300596FCA0869487064485674003C38402D0000004F5000000007000061000000FFFFFFFFFFFFFFFFFFFF00D500571FC900260422124723668E2045433994C2A3C297400130008A03912812FFFFFF00001F0000FFFFFF
2026-04-22 12:47:06.412,"[{""Protocol"":""0x2525"",""MessageType"":""LocationInfoMessage"",""ProtocolHeadType"":19,""Imei"":""869487064485674"",""SerialNo"":28619,""Mileage"":5709900,""Date"":""2026-04-22T12:47:44Z"",""IopIgnition"":true,""Latitude"":4.7416176795959473,""Longitude"":-74.111091613769531,""Altitude"":2565.699951171875,""ExternalPowerVoltage"":28.01,""Rpm"":-999,""Speed"":11.0,""SatelliteNumber"":16,""Azimuth"":91,""BatteryLevel"":100}]",0x25251300596FCB0869487064485674003C38402D0000004B5000000007000061000000FFFFFFFFFFFFFFFFFFFF00D50057204C00260422124744335B2045E13894C255BB97400110005B03912801FFFFFF00001D0000FFFFFF
2026-04-22 12:48:11.479,"[{""Protocol"":""0x2525"",""MessageType"":""LocationInfoMessage"",""ProtocolHeadType"":19,""Imei"":""869487064485674"",""SerialNo"":28620,""Mileage"":5710305,""Date"":""2026-04-22T12:48:49Z"",""IopIgnition"":true,""Latitude"":4.742455005645752,""Longitude"":-74.1080322265625,""Altitude"":2562.60009765625,""ExternalPowerVoltage"":28.17,""Rpm"":-999,""Speed"":22.0,""SatelliteNumber"":16,""Azimuth"":140,""BatteryLevel"":100}]",0x25251300596FCC0869487064485674003C38402D000000645000000007000061000000FFFFFFFFFFFFFFFFFFFF00D5005721E1002604221248499A292045503794C231C297400220008C03912817FFFFFF00001D0000FFFFFF
2026-04-22 12:48:23.376,"[{""Protocol"":""0x2525"",""MessageType"":""LocationInfoMessage"",""ProtocolHeadType"":19,""Imei"":""869487064485674"",""SerialNo"":28621,""Mileage"":5710369,""Date"":""2026-04-22T12:49:01Z"",""IopIgnition"":true,""Latitude"":4.7419853210449219,""Longitude"":-74.107719421386719,""Altitude"":2564.0,""ExternalPowerVoltage"":28.17,""Rpm"":-999,""Speed"":18.0,""SatelliteNumber"":17,""Azimuth"":197,""BatteryLevel"":100}]",0x25251300596FCD0869487064485674003C38402D000000605100000007000061000000FFFFFFFFFFFFFFFFFFFF00D5005722210026042212490100402045273794C258BE9740018000C503912817FFFFFF00001E0000FFFFFF
2026-04-22 12:49:06.471,"[{""Protocol"":""0x2525"",""MessageType"":""LocationInfoMessage"",""ProtocolHeadType"":19,""Imei"":""869487064485674"",""SerialNo"":28622,""Mileage"":5710709,""Date"":""2026-04-22T12:49:44Z"",""IopIgnition"":true,""Latitude"":4.7391276359558105,""Longitude"":-74.10870361328125,""Altitude"":2572.10009765625,""ExternalPowerVoltage"":28.14,""Rpm"":-999,""Speed"":22.0,""SatelliteNumber"":16,""Azimuth"":145,""BatteryLevel"":100}]",0x25251300596FCE0869487064485674003C38402D000000645000000007000061000000FFFFFFFFFFFFFFFFFFFF00D500572375002604221249449AC12045A83794C2EFA697400220009103912814FFFFFF00001D0000FFFFFF
2026-04-22 12:49:21.662,"[{""Protocol"":""0x2525"",""MessageType"":""LocationInfoMessage"",""ProtocolHeadType"":19,""Imei"":""869487064485674"",""SerialNo"":28623,""Mileage"":5710824,""Date"":""2026-04-22T12:49:59Z"",""IopIgnition"":true,""Latitude"":4.7385430335998535,""Longitude"":-74.107948303222656,""Altitude"":2574.300048828125,""ExternalPowerVoltage"":28.11,""Rpm"":-999,""Speed"":22.0,""SatelliteNumber"":16,""Azimuth"":55,""BatteryLevel"":100}]",0x25251300596FCF0869487064485674003C38402D0000004B5000000007000061000000FFFFFFFFFFFFFFFFFFFF00D5005723E800260422124959CDE42045453794C225A297400220003703912811FFFFFF00001F0000FFFFFF
2026-04-22 12:49:36.387,"[{""Protocol"":""0x2525"",""MessageType"":""LocationInfoMessage"",""ProtocolHeadType"":19,""Imei"":""869487064485674"",""SerialNo"":28624,""Mileage"":5710914,""Date"":""2026-04-22T12:50:14Z"",""IopIgnition"":true,""Latitude"":4.7387919425964355,""Longitude"":-74.107215881347656,""Altitude"":2571.39990234375,""ExternalPowerVoltage"":28.14,""Rpm"":-999,""Speed"":22.0,""SatelliteNumber"":17,""Azimuth"":113,""BatteryLevel"":100}]",0x25251300596FD00869487064485674003C38402D0000005D5100000007000061000000FFFFFFFFFFFFFFFFFFFF00D5005724420026042212501466B62045E53694C22FA497400220007103912814FFFFFF0000200000FFFFFF
2026-04-22 12:50:21.767,"[{""Protocol"":""0x2525"",""MessageType"":""LocationInfoMessage"",""ProtocolHeadType"":19,""Imei"":""869487064485674"",""SerialNo"":28625,""Mileage"":5711104,""Date"":""2026-04-22T12:50:59Z"",""IopIgnition"":true,""Latitude"":4.738224983215332,""Longitude"":-74.105667114257813,""Altitude"":2569.800048828125,""ExternalPowerVoltage"":28.14,""Rpm"":-999,""Speed"":16.0,""SatelliteNumber"":16,""Azimuth"":53,""BatteryLevel"":100}]",0x25251300596FD10869487064485674003C38402D000000645000000007000061000000FFFFFFFFFFFFFFFFFFFF00D50057250000260422125059CD9C20451A3694C28A9F97400160003503912814FFFFFF00001D0000FFFFFF
2026-04-22 12:50:26.413,"[{""Protocol"":""0x2525"",""MessageType"":""LocationInfoMessage"",""ProtocolHeadType"":19,""Imei"":""869487064485674"",""SerialNo"":28626,""Mileage"":5711124,""Date"":""2026-04-22T12:51:04Z"",""IopIgnition"":true,""Latitude"":4.738250732421875,""Longitude"":-74.1054916381836,""Altitude"":2569.89990234375,""ExternalPowerVoltage"":28.16,""Rpm"":-999,""Speed"":22.0,""SatelliteNumber"":16,""Azimuth"":109,""BatteryLevel"":100}]",0x25251300596FD20869487064485674003C38402D000000645000000007000061000000FFFFFFFFFFFFFFFFFFFF00D50057251400260422125104669E2045033694C2C09F97400220006D03912816FFFFFF00001F0000FFFFFF
2026-04-22 12:51:50.278,"[{""Protocol"":""0x2525"",""MessageType"":""LocationInfoMessage"",""ProtocolHeadType"":19,""Imei"":""869487064485674"",""SerialNo"":28627,""Mileage"":5711585,""Date"":""2026-04-22T12:52:28Z"",""IopIgnition"":true,""Latitude"":4.736609935760498,""Longitude"":-74.1016845703125,""Altitude"":2573.699951171875,""ExternalPowerVoltage"":28.02,""Rpm"":-999,""Speed"":5.0,""SatelliteNumber"":15,""Azimuth"":114,""BatteryLevel"":100}]",0x25251300596FD30869487064485674003C38402D000000644F00000007000061000000FFFFFFFFFFFFFFFFFFFF00D5005726E10026042212522833DB2045103494C24F9297400050007203912802FFFFFF00001D0000FFFFFF
2026-04-22 12:52:50.089,"[{""Protocol"":""0x2525"",""MessageType"":""LocationInfoMessage"",""ProtocolHeadType"":19,""Imei"":""869487064485674"",""SerialNo"":28628,""Mileage"":5711585,""Date"":""2026-04-22T12:53:27Z"",""IopIgnition"":true,""Latitude"":4.736609935760498,""Longitude"":-74.1016845703125,""Altitude"":2573.699951171875,""ExternalPowerVoltage"":27.99,""Rpm"":-999,""Speed"":0.0,""SatelliteNumber"":13,""Azimuth"":114,""BatteryLevel"":100}]",0x25251300596FD40869487064485674003C38402D000000644D00000007000061000000FFFFFFFFFFFFFFFFFFFF00D5005726E10026042212532733DB2045103494C24F9297400000007203912799FFFFFF00001D0000FFFFFF
2026-04-22 12:53:50.363,"[{""Protocol"":""0x2525"",""MessageType"":""LocationInfoMessage"",""ProtocolHeadType"":19,""Imei"":""869487064485674"",""SerialNo"":28629,""Mileage"":5711792,""Date"":""2026-04-22T12:54:28Z"",""IopIgnition"":true,""Latitude"":4.7357192039489746,""Longitude"":-74.100090026855469,""Altitude"":2571.199951171875,""ExternalPowerVoltage"":28.12,""Rpm"":-999,""Speed"":8.0,""SatelliteNumber"":15,""Azimuth"":164,""BatteryLevel"":100}]",0x25251300596FD50869487064485674003C38402D000000644F00000007000061000000FFFFFFFFFFFFFFFFFFFF00D5005727B00026042212542833B320453F3394C2038B9740008000A403912812FFFFFF00001E0000FFFFFF
2026-04-22 12:54:50.289,"[{""Protocol"":""0x2525"",""MessageType"":""LocationInfoMessage"",""ProtocolHeadType"":19,""Imei"":""869487064485674"",""SerialNo"":28630,""Mileage"":5712098,""Date"":""2026-04-22T12:55:28Z"",""IopIgnition"":true,""Latitude"":4.7329916954040527,""Longitude"":-74.100418090820313,""Altitude"":2570.800048828125,""ExternalPowerVoltage"":28.06,""Rpm"":-999,""Speed"":0.0,""SatelliteNumber"":14,""Azimuth"":187,""BatteryLevel"":100}]",0x25251300596FD60869487064485674003C38402D0000005D4E00000007000061000000FFFFFFFFFFFFFFFFFFFF00D5005728E200260422125528CDAC20456A3394C2AB749740000000BB03912806FFFFFF00001D0000FFFFFF
2026-04-22 12:55:47.500,"[{""Protocol"":""0x2525"",""MessageType"":""LocationInfoMessage"",""ProtocolHeadType"":19,""Imei"":""869487064485674"",""SerialNo"":28631,""Mileage"":5712686,""Date"":""2026-04-22T12:56:22Z"",""IopIgnition"":true,""Latitude"":4.7278652191162109,""Longitude"":-74.1008071899414,""Altitude"":2567.89990234375,""ExternalPowerVoltage"":28.35,""Rpm"":-999,""Speed"":49.0,""SatelliteNumber"":15,""Azimuth"":141,""BatteryLevel"":100}]",0x25251300596FD70869487064485674003C38402D000000564F00000007000061000000FFFFFFFFFFFFFFFFFFFF00D500572B2E00260422125622667E20459D3394C2AC4A97400490008D03912835FFFFFF00001E0000FFFFFF
2026-04-22 12:56:50.270,"[{""Protocol"":""0x2525"",""MessageType"":""LocationInfoMessage"",""ProtocolHeadType"":19,""Imei"":""869487064485674"",""SerialNo"":28632,""Mileage"":5713643,""Date"":""2026-04-22T12:57:28Z"",""IopIgnition"":true,""Latitude"":4.7209720611572266,""Longitude"":-74.095962524414063,""Altitude"":2561.199951171875,""ExternalPowerVoltage"":27.76,""Rpm"":-999,""Speed"":16.0,""SatelliteNumber"":15,""Azimuth"":126,""BatteryLevel"":100}]",0x25251300596FD80869487064485674003C38402D000000604F00000007000061000000FFFFFFFFFFFFFFFFFFFF00D500572EEB0026042212572833132045223194C2341297400160007E03912776FFFFFF00001E0000FFFFFF
2026-04-22 12:57:50.094,"[{""Protocol"":""0x2525"",""MessageType"":""LocationInfoMessage"",""ProtocolHeadType"":19,""Imei"":""869487064485674"",""SerialNo"":28633,""Mileage"":5713803,""Date"":""2026-04-22T12:58:27Z"",""IopIgnition"":true,""Latitude"":4.7200064659118652,""Longitude"":-74.094902038574219,""Altitude"":2561.39990234375,""ExternalPowerVoltage"":28.66,""Rpm"":-999,""Speed"":23.0,""SatelliteNumber"":16,""Azimuth"":137,""BatteryLevel"":100}]",0x25251300596FD90869487064485674003C38402D0000005D5000000007000061000000FFFFFFFFFFFFFFFFFFFF00D500572F8B0026042212582766162045973094C24B0A97400230008903912866FFFFFF00001E0000FFFFFF
2026-04-22 12:58:51.058,"[{""Protocol"":""0x2525"",""MessageType"":""LocationInfoMessage"",""ProtocolHeadType"":19,""Imei"":""869487064485674"",""SerialNo"":28634,""Mileage"":5713955,""Date"":""2026-04-22T12:59:28Z"",""IopIgnition"":true,""Latitude"":4.7189717292785645,""Longitude"":-74.094009399414063,""Altitude"":2566.89990234375,""ExternalPowerVoltage"":28.32,""Rpm"":-999,""Speed"":16.0,""SatelliteNumber"":16,""Azimuth"":139,""BatteryLevel"":100}]",0x25251300596FDA0869487064485674003C38402D000000645000000007000061000000FFFFFFFFFFFFFFFFFFFF00D50057302300260422125928666E2045223094C2D10197400160008B03912832FFFFFF00001F0000FFFFFF
2026-04-22 12:59:50.819,"[{""Protocol"":""0x2525"",""MessageType"":""LocationInfoMessage"",""ProtocolHeadType"":19,""Imei"":""869487064485674"",""SerialNo"":28635,""Mileage"":5714069,""Date"":""2026-04-22T13:00:28Z"",""IopIgnition"":true,""Latitude"":4.7181911468505859,""Longitude"":-74.093345642089844,""Altitude"":2561.5,""ExternalPowerVoltage"":27.99,""Rpm"":-999,""Speed"":0.0,""SatelliteNumber"":16,""Azimuth"":145,""BatteryLevel"":100}]",0x25251300596FDB0869487064485674003C38402D000000605000000007000061000000FFFFFFFFFFFFFFFFFFFF00D5005730950026042213002800182045CB2F94C26CFB96400000009103912799FFFFFF00001E0000FFFFFF
2026-04-22 13:00:50.730,"[{""Protocol"":""0x2525"",""MessageType"":""LocationInfoMessage"",""ProtocolHeadType"":19,""Imei"":""869487064485674"",""SerialNo"":28636,""Mileage"":5714380,""Date"":""2026-04-22T13:01:28Z"",""IopIgnition"":true,""Latitude"":4.7155380249023438,""Longitude"":-74.092727661132813,""Altitude"":2562.0,""ExternalPowerVoltage"":28.3,""Rpm"":-999,""Speed"":48.0,""SatelliteNumber"":15,""Azimuth"":188,""BatteryLevel"":100}]",0x25251300596FDC0869487064485674003C38402D000000644F00000007000061000000FFFFFFFFFFFFFFFFFFFF00D5005731CC00260422130128002020457A2F94C2B0E59640048000BC03912830FFFFFF00001E0000FFFFFF
2026-04-22 13:01:50.571,"[{""Protocol"":""0x2525"",""MessageType"":""LocationInfoMessage"",""ProtocolHeadType"":19,""Imei"":""869487064485674"",""SerialNo"":28637,""Mileage"":5714905,""Date"":""2026-04-22T13:02:28Z"",""IopIgnition"":true,""Latitude"":4.7110052108764648,""Longitude"":-74.09368896484375,""Altitude"":2567.89990234375,""ExternalPowerVoltage"":27.96,""Rpm"":-999,""Speed"":0.0,""SatelliteNumber"":15,""Azimuth"":217,""BatteryLevel"":100}]",0x25251300596FDD0869487064485674003C38402D000000644F00000007000061000000FFFFFFFFFFFFFFFFFFFF00D5005733D900260422130228667E2045F82F94C28EC09640000000D903912796FFFFFF00001F0000FFFFFF
2026-04-22 13:02:50.458,"[{""Protocol"":""0x2525"",""MessageType"":""LocationInfoMessage"",""ProtocolHeadType"":19,""Imei"":""869487064485674"",""SerialNo"":28638,""Mileage"":5715254,""Date"":""2026-04-22T13:03:28Z"",""IopIgnition"":true,""Latitude"":4.708745002746582,""Longitude"":-74.095855712890625,""Altitude"":2568.10009765625,""ExternalPowerVoltage"":28.24,""Rpm"":-999,""Speed"":36.0,""SatelliteNumber"":17,""Azimuth"":226,""BatteryLevel"":100}]",0x25251300596FDE0869487064485674003C38402D000000485100000007000061000000FFFFFFFFFFFFFFFFFFFF00D500573536002604221303289A812045143194C20AAE9640036000E203912824FFFFFF00001E0000FFFFFF
2026-04-22 13:03:50.382,"[{""Protocol"":""0x2525"",""MessageType"":""LocationInfoMessage"",""ProtocolHeadType"":19,""Imei"":""869487064485674"",""SerialNo"":28639,""Mileage"":5715486,""Date"":""2026-04-22T13:04:28Z"",""IopIgnition"":true,""Latitude"":4.7072834968566895,""Longitude"":-74.09735107421875,""Altitude"":2569.300048828125,""ExternalPowerVoltage"":27.99,""Rpm"":-999,""Speed"":0.0,""SatelliteNumber"":15,""Azimuth"":222,""BatteryLevel"":100}]",0x25251300596FDF0869487064485674003C38402D000000484F00000007000061000000FFFFFFFFFFFFFFFFFFFF00D50057361E00260422130428CD942045D83194C211A29640000000DE03912799FFFFFF00001F0000FFFFFF
2026-04-22 13:04:50.175,"[{""Protocol"":""0x2525"",""MessageType"":""LocationInfoMessage"",""ProtocolHeadType"":19,""Imei"":""869487064485674"",""SerialNo"":28640,""Mileage"":5716047,""Date"":""2026-04-22T13:05:27Z"",""IopIgnition"":true,""Latitude"":4.7035517692565918,""Longitude"":-74.100738525390625,""Altitude"":2573.300048828125,""ExternalPowerVoltage"":28.29,""Rpm"":-999,""Speed"":37.0,""SatelliteNumber"":14,""Azimuth"":219,""BatteryLevel"":100}]",0x25251300596FE00869487064485674003C38402D000000644E00000007000061000000FFFFFFFFFFFFFFFFFFFF00D50057384F00260422130527CDD42045943394C27F839640037000DB03912829FFFFFF00001F0000FFFFFF
2026-04-22 13:05:05.355,"[{""Protocol"":""0x2525"",""MessageType"":""LocationInfoMessage"",""ProtocolHeadType"":19,""Imei"":""869487064485674"",""SerialNo"":28641,""Mileage"":5716212,""Date"":""2026-04-22T13:05:43Z"",""IopIgnition"":true,""Latitude"":4.7025446891784668,""Longitude"":-74.101776123046875,""Altitude"":2571.5,""ExternalPowerVoltage"":28.02,""Rpm"":-999,""Speed"":28.0,""SatelliteNumber"":16,""Azimuth"":281,""BatteryLevel"":100}]",0x25251300596FE10869487064485674003C38402D000000645000000007000061000000FFFFFFFFFFFFFFFFFFFF00D5005738F40026042213054300B820451C3494C23F7B96400280011903912802FFFFFF00001F0000FFFFFF
2026-04-22 13:05:09.402,"[{""Protocol"":""0x2525"",""MessageType"":""LocationInfoMessage"",""ProtocolHeadType"":19,""Imei"":""869487064485674"",""SerialNo"":28642,""Mileage"":5716244,""Date"":""2026-04-22T13:05:47Z"",""IopIgnition"":true,""Latitude"":4.70272159576416,""Longitude"":-74.10198974609375,""Altitude"":2571.300048828125,""ExternalPowerVoltage"":28.12,""Rpm"":-999,""Speed"":30.0,""SatelliteNumber"":15,""Azimuth"":328,""BatteryLevel"":100}]",0x25251300596FE20869487064485674003C38402D000000644F00000007000061000000FFFFFFFFFFFFFFFFFFFF00D50057391400260422130547CDB42045383494C2B27C96400300014803912812FFFFFF00001F0000FFFFFF
2026-04-22 13:05:13.341,"[{""Protocol"":""0x2525"",""MessageType"":""LocationInfoMessage"",""ProtocolHeadType"":19,""Imei"":""869487064485674"",""SerialNo"":28643,""Mileage"":5716275,""Date"":""2026-04-22T13:05:51Z"",""IopIgnition"":true,""Latitude"":4.7029900550842285,""Longitude"":-74.1020278930664,""Altitude"":2570.39990234375,""ExternalPowerVoltage"":28.12,""Rpm"":-999,""Speed"":24.0,""SatelliteNumber"":15,""Azimuth"":22,""BatteryLevel"":100}]",0x25251300596FE30869487064485674003C38402D000000644F00000007000061000000FFFFFFFFFFFFFFFFFFFF00D5005739330026042213055166A620453D3494C2E57E96400240001603912812FFFFFF00001F0000FFFFFF
2026-04-22 13:05:17.401,"[{""Protocol"":""0x2525"",""MessageType"":""LocationInfoMessage"",""ProtocolHeadType"":19,""Imei"":""869487064485674"",""SerialNo"":28644,""Mileage"":5716301,""Date"":""2026-04-22T13:05:55Z"",""IopIgnition"":true,""Latitude"":4.7031464576721191,""Longitude"":-74.10186767578125,""Altitude"":2570.60009765625,""ExternalPowerVoltage"":28.07,""Rpm"":-999,""Speed"":20.0,""SatelliteNumber"":16,""Azimuth"":71,""BatteryLevel"":100}]",0x25251300596FE40869487064485674003C38402D000000645000000007000061000000FFFFFFFFFFFFFFFFFFFF00D50057394D002604221305559AA92045283494C22D8096400200004703912807FFFFFF0000220000FFFFFF
2026-04-22 13:05:26.380,"[{""Protocol"":""0x2525"",""MessageType"":""LocationInfoMessage"",""ProtocolHeadType"":19,""Imei"":""869487064485674"",""SerialNo"":28645,""Mileage"":5716375,""Date"":""2026-04-22T13:06:04Z"",""IopIgnition"":true,""Latitude"":4.7029643058776855,""Longitude"":-74.101242065429688,""Altitude"":2570.0,""ExternalPowerVoltage"":28.22,""Rpm"":-999,""Speed"":42.0,""SatelliteNumber"":16,""Azimuth"":117,""BatteryLevel"":100}]",0x25251300596FE50869487064485674003C38402D000000645000000007000061000000FFFFFFFFFFFFFFFFFFFF00D5005739970026042213060400A02045D63394C2AF7E96400420007503912822FFFFFF0000230000FFFFFF
2026-04-22 13:06:50.264,"[{""Protocol"":""0x2525"",""MessageType"":""LocationInfoMessage"",""ProtocolHeadType"":19,""Imei"":""869487064485674"",""SerialNo"":28646,""Mileage"":5716732,""Date"":""2026-04-22T13:07:28Z"",""IopIgnition"":true,""Latitude"":4.7009882926940918,""Longitude"":-74.098709106445313,""Altitude"":2568.300048828125,""ExternalPowerVoltage"":28.16,""Rpm"":-999,""Speed"":0.0,""SatelliteNumber"":14,""Azimuth"":122,""BatteryLevel"":100}]",0x25251300596FE60869487064485674003C38402D000000644E00000007000061000000FFFFFFFFFFFFFFFFFFFF00D500573AFC00260422130728CD8420458A3294C27F6E96400000007A03912816FFFFFF00001F0000FFFFFF
2026-04-22 13:07:53.581,"[{""Protocol"":""0x2525"",""MessageType"":""LocationInfoMessage"",""ProtocolHeadType"":19,""Imei"":""869487064485674"",""SerialNo"":28647,""Mileage"":5717111,""Date"":""2026-04-22T13:08:27Z"",""IopIgnition"":true,""Latitude"":4.698915958404541,""Longitude"":-74.09600830078125,""Altitude"":2570.0,""ExternalPowerVoltage"":28.27,""Rpm"":-999,""Speed"":31.0,""SatelliteNumber"":16,""Azimuth"":124,""BatteryLevel"":100}]",0x25251300596FE70869487064485674003C38402D0000005D5000000007000061000000FFFFFFFFFFFFFFFFFFFF00D500573C770026042213082700A02045283194C2855D96400310007C03912827FFFFFF00001F0000FFFFFF
2026-04-22 13:08:51.000,"[{""Protocol"":""0x2525"",""MessageType"":""LocationInfoMessage"",""ProtocolHeadType"":19,""Imei"":""869487064485674"",""SerialNo"":28648,""Mileage"":5717247,""Date"":""2026-04-22T13:09:28Z"",""IopIgnition"":true,""Latitude"":4.6982741355896,""Longitude"":-74.094963073730469,""Altitude"":2567.800048828125,""ExternalPowerVoltage"":28.15,""Rpm"":-999,""Speed"":13.0,""SatelliteNumber"":17,""Azimuth"":118,""BatteryLevel"":100}]",0x25251300596FE80869487064485674003C38402D0000005D5100000007000061000000FFFFFFFFFFFFFFFFFFFF00D500573CFF00260422130928CD7C20459F3094C2435896400130007603912815FFFFFF0000210000FFFFFF
2026-04-22 13:09:50.829,"[{""Protocol"":""0x2525"",""MessageType"":""LocationInfoMessage"",""ProtocolHeadType"":19,""Imei"":""869487064485674"",""SerialNo"":28649,""Mileage"":5717346,""Date"":""2026-04-22T13:10:28Z"",""IopIgnition"":true,""Latitude"":4.6978435516357422,""Longitude"":-74.094184875488281,""Altitude"":2568.199951171875,""ExternalPowerVoltage"":27.92,""Rpm"":-999,""Speed"":0.0,""SatelliteNumber"":17,""Azimuth"":115,""BatteryLevel"":100}]",0x25251300596FE90869487064485674003C38402D000000645100000007000061000000FFFFFFFFFFFFFFFFFFFF00D500573D620026042213102833832045393094C2BC5496400000007303912792FFFFFF00001F0000FFFFFF
2026-04-22 13:10:50.760,"[{""Protocol"":""0x2525"",""MessageType"":""LocationInfoMessage"",""ProtocolHeadType"":19,""Imei"":""869487064485674"",""SerialNo"":28650,""Mileage"":5717567,""Date"":""2026-04-22T13:11:28Z"",""IopIgnition"":true,""Latitude"":4.6969633102416992,""Longitude"":-74.0924072265625,""Altitude"":2567.10009765625,""ExternalPowerVoltage"":28.12,""Rpm"":-999,""Speed"":21.0,""SatelliteNumber"":17,""Azimuth"":118,""BatteryLevel"":100}]",0x25251300596FEA0869487064485674003C38402D000000645100000007000061000000FFFFFFFFFFFFFFFFFFFF00D500573E3F002604221311289A712045502F94C2864D96400210007603912812FFFFFF00001F0000FFFFFF
2026-04-22 13:11:50.575,"[{""Protocol"":""0x2525"",""MessageType"":""LocationInfoMessage"",""ProtocolHeadType"":19,""Imei"":""869487064485674"",""SerialNo"":28651,""Mileage"":5717958,""Date"":""2026-04-22T13:12:28Z"",""IopIgnition"":true,""Latitude"":4.6953902244567871,""Longitude"":-74.089271545410156,""Altitude"":2576.300048828125,""ExternalPowerVoltage"":28.04,""Rpm"":-999,""Speed"":10.0,""SatelliteNumber"":15,""Azimuth"":120,""BatteryLevel"":100}]",0x25251300596FEB0869487064485674003C38402D000000644F00000007000061000000FFFFFFFFFFFFFFFFFFFF00D500573FC600260422131228CD042145B52D94C2A34096400100007803912804FFFFFF0000200000FFFFFF
2026-04-22 13:12:50.509,"[{""Protocol"":""0x2525"",""MessageType"":""LocationInfoMessage"",""ProtocolHeadType"":19,""Imei"":""869487064485674"",""SerialNo"":28652,""Mileage"":5718079,""Date"":""2026-04-22T13:13:28Z"",""IopIgnition"":true,""Latitude"":4.6947898864746094,""Longitude"":-74.088363647460938,""Altitude"":2569.0,""ExternalPowerVoltage"":28.01,""Rpm"":-999,""Speed"":11.0,""SatelliteNumber"":17,""Azimuth"":125,""BatteryLevel"":100}]",0x25251300596FEC0869487064485674003C38402D000000645100000007000061000000FFFFFFFFFFFFFFFFFFFF00D50057403F00260422131328009020453E2D94C2B83B96400110007D03912801FFFFFF0000200000FFFFFF
2026-04-22 13:13:27.417,"[{""Protocol"":""0x2525"",""MessageType"":""LocationInfoMessage"",""ProtocolHeadType"":19,""Imei"":""869487064485674"",""SerialNo"":28653,""Mileage"":5718178,""Date"":""2026-04-22T13:14:05Z"",""IopIgnition"":true,""Latitude"":4.6941752433776855,""Longitude"":-74.087738037109375,""Altitude"":2568.89990234375,""ExternalPowerVoltage"":28.16,""Rpm"":-999,""Speed"":13.0,""SatelliteNumber"":17,""Azimuth"":175,""BatteryLevel"":100}]",0x25251300596FED0869487064485674003C38402D0000005D5100000007000061000000FFFFFFFFFFFFFFFFFFFF00D5005740A200260422131405668E2045EC2C94C2AF369640013000AF03912816FFFFFF0000200000FFFFFF
2026-04-22 13:13:31.385,"[{""Protocol"":""0x2525"",""MessageType"":""LocationInfoMessage"",""ProtocolHeadType"":19,""Imei"":""869487064485674"",""SerialNo"":28654,""Mileage"":5718194,""Date"":""2026-04-22T13:14:09Z"",""IopIgnition"":true,""Latitude"":4.6940560340881348,""Longitude"":-74.087799072265625,""Altitude"":2568.10009765625,""ExternalPowerVoltage"":28.15,""Rpm"":-999,""Speed"":18.0,""SatelliteNumber"":17,""Azimuth"":221,""BatteryLevel"":100}]",0x25251300596FEE0869487064485674003C38402D0000005D5100000007000061000000FFFFFFFFFFFFFFFFFFFF00D5005740B2002604221314099A812045F42C94C2B5359640018000DD03912815FFFFFF0000200000FFFFFF
2026-04-22 13:13:52.358,"[{""Protocol"":""0x2525"",""MessageType"":""LocationInfoMessage"",""ProtocolHeadType"":19,""Imei"":""869487064485674"",""SerialNo"":28655,""Mileage"":5718354,""Date"":""2026-04-22T13:14:30Z"",""IopIgnition"":true,""Latitude"":4.6930398941040039,""Longitude"":-74.088783264160156,""Altitude"":2567.300048828125,""ExternalPowerVoltage"":28.19,""Rpm"":-999,""Speed"":22.0,""SatelliteNumber"":16,""Azimuth"":274,""BatteryLevel"":100}]",0x25251300596FEF0869487064485674003C38402D000000605000000007000061000000FFFFFFFFFFFFFFFFFFFF00D50057415200260422131430CD742045752D94C2622D96400220011203912819FFFFFF0000200000FFFFFF
2026-04-22 13:13:56.525,"[{""Protocol"":""0x2525"",""MessageType"":""LocationInfoMessage"",""ProtocolHeadType"":19,""Imei"":""869487064485674"",""SerialNo"":28656,""Mileage"":5718384,""Date"":""2026-04-22T13:14:34Z"",""IopIgnition"":true,""Latitude"":4.6932034492492676,""Longitude"":-74.088981628417969,""Altitude"":2568.10009765625,""ExternalPowerVoltage"":28.18,""Rpm"":-999,""Speed"":32.0,""SatelliteNumber"":16,""Azimuth"":320,""BatteryLevel"":100}]",0x25251300596FF00869487064485674003C38402D000000605000000007000061000000FFFFFFFFFFFFFFFFFFFF00D500574170002604221314349A8120458F2D94C2B92E96400320014003912818FFFFFF0000220000FFFFFF
2026-04-22 13:14:15.357,"[{""Protocol"":""0x2525"",""MessageType"":""LocationInfoMessage"",""ProtocolHeadType"":19,""Imei"":""869487064485674"",""SerialNo"":28657,""Mileage"":5718571,""Date"":""2026-04-22T13:14:53Z"",""IopIgnition"":true,""Latitude"":4.69461727142334,""Longitude"":-74.0898208618164,""Altitude"":2566.300048828125,""ExternalPowerVoltage"":28.06,""Rpm"":-999,""Speed"":18.0,""SatelliteNumber"":17,""Azimuth"":8,""BatteryLevel"":100}]",0x25251300596FF10869487064485674003C38402D000000645100000007000061000000FFFFFFFFFFFFFFFFFFFF00D50057422B00260422131453CD642045FD2D94C24E3A96400180000803912806FFFFFF0000230000FFFFFF
2026-04-22 13:14:21.410,"[{""Protocol"":""0x2525"",""MessageType"":""LocationInfoMessage"",""ProtocolHeadType"":19,""Imei"":""869487064485674"",""SerialNo"":28658,""Mileage"":5718606,""Date"":""2026-04-22T13:14:59Z"",""IopIgnition"":true,""Latitude"":4.694861888885498,""Longitude"":-74.089645385742188,""Altitude"":2565.199951171875,""ExternalPowerVoltage"":28.13,""Rpm"":-999,""Speed"":27.0,""SatelliteNumber"":17,""Azimuth"":59,""BatteryLevel"":100}]",0x25251300596FF20869487064485674003C38402D000000645100000007000061000000FFFFFFFFFFFFFFFFFFFF00D50057424E0026042213145933532045E62D94C24F3C96400270003B03912813FFFFFF0000230000FFFFFF
2026-04-22 13:15:16.406,"[{""Protocol"":""0x2525"",""MessageType"":""LocationInfoMessage"",""ProtocolHeadType"":19,""Imei"":""869487064485674"",""SerialNo"":28659,""Mileage"":5719050,""Date"":""2026-04-22T13:15:54Z"",""IopIgnition"":true,""Latitude"":4.6961231231689453,""Longitude"":-74.085952758789063,""Altitude"":2567.39990234375,""ExternalPowerVoltage"":28.02,""Rpm"":-999,""Speed"":17.0,""SatelliteNumber"":17,""Azimuth"":112,""BatteryLevel"":100}]",0x25251300596FF30869487064485674003C38402D000000645100000007000061000000FFFFFFFFFFFFFFFFFFFF00D50057440A0026042213155466762045022C94C2A44696400170007003912802FFFFFF0000200000FFFFFF
2026-04-22 13:15:21.686,"[{""Protocol"":""0x2525"",""MessageType"":""LocationInfoMessage"",""ProtocolHeadType"":19,""Imei"":""869487064485674"",""SerialNo"":28660,""Mileage"":5719080,""Date"":""2026-04-22T13:15:59Z"",""IopIgnition"":true,""Latitude"":4.6958956718444824,""Longitude"":-74.085823059082031,""Altitude"":2569.0,""ExternalPowerVoltage"":28.32,""Rpm"":-999,""Speed"":24.0,""SatelliteNumber"":17,""Azimuth"":164,""BatteryLevel"":100}]",0x25251300596FF40869487064485674003C38402D000000645100000007000061000000FFFFFFFFFFFFFFFFFFFF00D5005744280026042213155900902045F12B94C2C7449640024000A403912832FFFFFF0000200000FFFFFF
2026-04-22 13:16:44.376,"[{""Protocol"":""0x2525"",""MessageType"":""LocationInfoMessage"",""ProtocolHeadType"":19,""Imei"":""869487064485674"",""SerialNo"":28661,""Mileage"":5719440,""Date"":""2026-04-22T13:17:22Z"",""IopIgnition"":true,""Latitude"":4.6934771537780762,""Longitude"":-74.083816528320313,""Altitude"":2567.800048828125,""ExternalPowerVoltage"":28.18,""Rpm"":-999,""Speed"":41.0,""SatelliteNumber"":15,""Azimuth"":114,""BatteryLevel"":100}]",0x25251300596FF50869487064485674003C38402D000000564F00000007000061000000FFFFFFFFFFFFFFFFFFFF00D50057459000260422131722CD7C2045EA2A94C2F73096400410007203912818FFFFFF0000200000FFFFFF
2026-04-22 13:17:50.272,"[{""Protocol"":""0x2525"",""MessageType"":""LocationInfoMessage"",""ProtocolHeadType"":19,""Imei"":""869487064485674"",""SerialNo"":28662,""Mileage"":5719753,""Date"":""2026-04-22T13:18:28Z"",""IopIgnition"":true,""Latitude"":4.6912918090820313,""Longitude"":-74.082145690917969,""Altitude"":2568.39990234375,""ExternalPowerVoltage"":28.17,""Rpm"":-999,""Speed"":18.0,""SatelliteNumber"":17,""Azimuth"":155,""BatteryLevel"":100}]",0x25251300596FF60869487064485674003C38402D0000005D5100000007000061000000FFFFFFFFFFFFFFFFFFFF00D5005746C900260422131828668620450F2A94C2101F96400180009B03912817FFFFFF0000200000FFFFFF
2026-04-22 13:18:02.389,"[{""Protocol"":""0x2525"",""MessageType"":""LocationInfoMessage"",""ProtocolHeadType"":19,""Imei"":""869487064485674"",""SerialNo"":28663,""Mileage"":5719851,""Date"":""2026-04-22T13:18:40Z"",""IopIgnition"":true,""Latitude"":4.6905875205993652,""Longitude"":-74.081672668457031,""Altitude"":2567.199951171875,""ExternalPowerVoltage"":28.14,""Rpm"":-999,""Speed"":25.0,""SatelliteNumber"":17,""Azimuth"":95,""BatteryLevel"":100}]",0x25251300596FF70869487064485674003C38402D000000645100000007000061000000FFFFFFFFFFFFFFFFFFFF00D50057472B0026042213184033732045D12994C24B1996400250005F03912814FFFFFF0000230000FFFFFF
2026-04-22 13:18:23.455,"[{""Protocol"":""0x2525"",""MessageType"":""LocationInfoMessage"",""ProtocolHeadType"":19,""Imei"":""869487064485674"",""SerialNo"":28664,""Mileage"":5719977,""Date"":""2026-04-22T13:19:01Z"",""IopIgnition"":true,""Latitude"":4.6906847953796387,""Longitude"":-74.080558776855469,""Altitude"":2568.0,""ExternalPowerVoltage"":28.06,""Rpm"":-999,""Speed"":19.0,""SatelliteNumber"":16,""Azimuth"":141,""BatteryLevel"":100}]",0x25251300596FF80869487064485674003C38402D000000645000000007000061000000FFFFFFFFFFFFFFFFFFFF00D5005747A900260422131901008020453F2994C2171A96400190008D03912806FFFFFF0000230000FFFFFF
2026-04-22 13:18:32.298,"[{""Protocol"":""0x2525"",""MessageType"":""LocationInfoMessage"",""ProtocolHeadType"":19,""Imei"":""869487064485674"",""SerialNo"":28665,""Mileage"":5720039,""Date"":""2026-04-22T13:19:10Z"",""IopIgnition"":true,""Latitude"":4.6902608871459961,""Longitude"":-74.080238342285156,""Altitude"":2565.89990234375,""ExternalPowerVoltage"":28.12,""Rpm"":-999,""Speed"":18.0,""SatelliteNumber"":17,""Azimuth"":86,""BatteryLevel"":100}]",0x25251300596FF90869487064485674003C38402D000000595100000007000061000000FFFFFFFFFFFFFFFFFFFF00D5005747E700260422131910665E2045152994C29E1696400180005603912812FFFFFF0000230000FFFFFF
2026-04-22 13:18:34.393,"[{""Protocol"":""0x2525"",""MessageType"":""LocationInfoMessage"",""ProtocolHeadType"":19,""Imei"":""869487064485674"",""SerialNo"":28666,""Mileage"":5720049,""Date"":""2026-04-22T13:19:12Z"",""IopIgnition"":true,""Latitude"":4.6903057098388672,""Longitude"":-74.080162048339844,""Altitude"":2565.5,""ExternalPowerVoltage"":28.13,""Rpm"":-999,""Speed"":18.0,""SatelliteNumber"":17,""Azimuth"":35,""BatteryLevel"":100}]",0x25251300596FFA0869487064485674003C38402D000000595100000007000061000000FFFFFFFFFFFFFFFFFFFF00D5005747F100260422131912005820450B2994C2FC1696400180002303912813FFFFFF0000230000FFFFFF
2026-04-22 13:18:45.443,"[{""Protocol"":""0x2525"",""MessageType"":""LocationInfoMessage"",""ProtocolHeadType"":19,""Imei"":""869487064485674"",""SerialNo"":28667,""Mileage"":5720115,""Date"":""2026-04-22T13:19:23Z"",""IopIgnition"":true,""Latitude"":4.6907801628112793,""Longitude"":-74.079826354980469,""Altitude"":2565.10009765625,""ExternalPowerVoltage"":28.01,""Rpm"":-999,""Speed"":10.0,""SatelliteNumber"":16,""Azimuth"":93,""BatteryLevel"":100}]",0x25251300596FFB0869487064485674003C38402D000000605000000007000061000000FFFFFFFFFFFFFFFFFFFF00D500574833002604221319239A512045DF2894C2DF1A96400100005D03912801FFFFFF0000220000FFFFFF
2026-04-22 13:18:50.449,"[{""Protocol"":""0x2525"",""MessageType"":""LocationInfoMessage"",""ProtocolHeadType"":19,""Imei"":""869487064485674"",""SerialNo"":28668,""Mileage"":5720135,""Date"":""2026-04-22T13:19:28Z"",""IopIgnition"":true,""Latitude"":4.6906833648681641,""Longitude"":-74.0796890258789,""Altitude"":2562.10009765625,""ExternalPowerVoltage"":28.16,""Rpm"":-999,""Speed"":17.0,""SatelliteNumber"":16,""Azimuth"":146,""BatteryLevel"":100}]",0x25251300596FFC0869487064485674003C38402D000000565000000007000061000000FFFFFFFFFFFFFFFFFFFF00D500574847002604221319289A212045CD2894C2141A96400170009203912816FFFFFF0000220000FFFFFF
2026-04-22 13:20:50.311,"[{""Protocol"":""0x2525"",""MessageType"":""LocationInfoMessage"",""ProtocolHeadType"":19,""Imei"":""869487064485674"",""SerialNo"":28669,""Mileage"":5720569,""Date"":""2026-04-22T13:21:28Z"",""IopIgnition"":true,""Latitude"":4.68751335144043,""Longitude"":-74.0774154663086,""Altitude"":2565.10009765625,""ExternalPowerVoltage"":28.07,""Rpm"":-999,""Speed"":0.0,""SatelliteNumber"":12,""Azimuth"":129,""BatteryLevel"":100}]",0x25251300596FFD0869487064485674003C38402D000000564C00000007000061000000FFFFFFFFFFFFFFFFFFFF00D5005749F9002604221321289A512045A32794C21C0096400000008103912807FFFFFF0000210000FFFFFF
2026-04-22 13:21:50.235,"[{""Protocol"":""0x2525"",""MessageType"":""LocationInfoMessage"",""ProtocolHeadType"":19,""Imei"":""869487064485674"",""SerialNo"":28670,""Mileage"":5720569,""Date"":""2026-04-22T13:22:27Z"",""IopIgnition"":true,""Latitude"":4.68751335144043,""Longitude"":-74.0774154663086,""Altitude"":2565.10009765625,""ExternalPowerVoltage"":27.94,""Rpm"":-999,""Speed"":0.0,""SatelliteNumber"":14,""Azimuth"":129,""BatteryLevel"":100}]",0x25251300596FFE0869487064485674003C38402D000000564E00000007000061000000FFFFFFFFFFFFFFFFFFFF00D5005749F9002604221322279A512045A32794C21C0096400000008103912794FFFFFF0000210000FFFFFF
2026-04-22 13:22:50.037,"[{""Protocol"":""0x2525"",""MessageType"":""LocationInfoMessage"",""ProtocolHeadType"":19,""Imei"":""869487064485674"",""SerialNo"":28671,""Mileage"":5720569,""Date"":""2026-04-22T13:23:27Z"",""IopIgnition"":true,""Latitude"":4.68751335144043,""Longitude"":-74.0774154663086,""Altitude"":2565.10009765625,""ExternalPowerVoltage"":28.06,""Rpm"":-999,""Speed"":0.0,""SatelliteNumber"":17,""Azimuth"":129,""BatteryLevel"":100}]",0x25251300596FFF0869487064485674003C38402D000000565100000007000061000000FFFFFFFFFFFFFFFFFFFF00D5005749F9002604221323279A512045A32794C21C0096400000008103912806FFFFFF0000210000FFFFFF
2026-04-22 13:23:50.922,"[{""Protocol"":""0x2525"",""MessageType"":""LocationInfoMessage"",""ProtocolHeadType"":19,""Imei"":""869487064485674"",""SerialNo"":28672,""Mileage"":5720569,""Date"":""2026-04-22T13:24:28Z"",""IopIgnition"":true,""Latitude"":4.68751335144043,""Longitude"":-74.0774154663086,""Altitude"":2565.10009765625,""ExternalPowerVoltage"":28.26,""Rpm"":-999,""Speed"":0.0,""SatelliteNumber"":17,""Azimuth"":129,""BatteryLevel"":100}]",0x252513005970000869487064485674003C38402D000000565100000007000061000000FFFFFFFFFFFFFFFFFFFF00D5005749F9002604221324289A512045A32794C21C0096400000008103912826FFFFFF0000210000FFFFFF
2026-04-22 13:24:50.786,"[{""Protocol"":""0x2525"",""MessageType"":""LocationInfoMessage"",""ProtocolHeadType"":19,""Imei"":""869487064485674"",""SerialNo"":28673,""Mileage"":5720569,""Date"":""2026-04-22T13:25:28Z"",""IopIgnition"":true,""Latitude"":4.68751335144043,""Longitude"":-74.0774154663086,""Altitude"":2565.10009765625,""ExternalPowerVoltage"":27.98,""Rpm"":-999,""Speed"":0.0,""SatelliteNumber"":16,""Azimuth"":129,""BatteryLevel"":100}]",0x252513005970010869487064485674003C38402D000000595000000007000061000000FFFFFFFFFFFFFFFFFFFF00D5005749F9002604221325289A512045A32794C21C0096400000008103912798FFFFFF0000210000FFFFFF
2026-04-22 13:25:50.760,"[{""Protocol"":""0x2525"",""MessageType"":""LocationInfoMessage"",""ProtocolHeadType"":19,""Imei"":""869487064485674"",""SerialNo"":28674,""Mileage"":5720569,""Date"":""2026-04-22T13:26:28Z"",""IopIgnition"":true,""Latitude"":4.68751335144043,""Longitude"":-74.0774154663086,""Altitude"":2565.10009765625,""ExternalPowerVoltage"":27.92,""Rpm"":-999,""Speed"":0.0,""SatelliteNumber"":17,""Azimuth"":129,""BatteryLevel"":100}]",0x252513005970020869487064485674003C38402D000000595100000007000061000000FFFFFFFFFFFFFFFFFFFF00D5005749F9002604221326289A512045A32794C21C0096400000008103912792FFFFFF0000210000FFFFFF
2026-04-22 13:26:50.513,"[{""Protocol"":""0x2525"",""MessageType"":""LocationInfoMessage"",""ProtocolHeadType"":19,""Imei"":""869487064485674"",""SerialNo"":28675,""Mileage"":5720569,""Date"":""2026-04-22T13:27:28Z"",""IopIgnition"":true,""Latitude"":4.68751335144043,""Longitude"":-74.0774154663086,""Altitude"":2565.10009765625,""ExternalPowerVoltage"":28.03,""Rpm"":-999,""Speed"":0.0,""SatelliteNumber"":16,""Azimuth"":129,""BatteryLevel"":100}]",0x252513005970030869487064485674003C38402D000000565000000007000061000000FFFFFFFFFFFFFFFFFFFF00D5005749F9002604221327289A512045A32794C21C0096400000008103912803FFFFFF0000210000FFFFFF
2026-04-22 13:27:50.456,"[{""Protocol"":""0x2525"",""MessageType"":""LocationInfoMessage"",""ProtocolHeadType"":19,""Imei"":""869487064485674"",""SerialNo"":28676,""Mileage"":5720569,""Date"":""2026-04-22T13:28:28Z"",""IopIgnition"":true,""Latitude"":4.68751335144043,""Longitude"":-74.0774154663086,""Altitude"":2565.10009765625,""ExternalPowerVoltage"":28.01,""Rpm"":-999,""Speed"":0.0,""SatelliteNumber"":15,""Azimuth"":129,""BatteryLevel"":100}]",0x252513005970040869487064485674003C38402D000000594F00000007000061000000FFFFFFFFFFFFFFFFFFFF00D5005749F9002604221328289A512045A32794C21C0096400000008103912801FFFFFF0000210000FFFFFF
2026-04-22 13:28:50.232,"[{""Protocol"":""0x2525"",""MessageType"":""LocationInfoMessage"",""ProtocolHeadType"":19,""Imei"":""869487064485674"",""SerialNo"":28677,""Mileage"":5720569,""Date"":""2026-04-22T13:29:28Z"",""IopIgnition"":true,""Latitude"":4.68751335144043,""Longitude"":-74.0774154663086,""Altitude"":2565.10009765625,""ExternalPowerVoltage"":27.91,""Rpm"":-999,""Speed"":0.0,""SatelliteNumber"":17,""Azimuth"":129,""BatteryLevel"":100}]",0x252513005970050869487064485674003C38402D000000595100000007000061000000FFFFFFFFFFFFFFFFFFFF00D5005749F9002604221329289A512045A32794C21C0096400000008103912791FFFFFF0000210000FFFFFF
2026-04-22 13:29:50.099,"[{""Protocol"":""0x2525"",""MessageType"":""LocationInfoMessage"",""ProtocolHeadType"":19,""Imei"":""869487064485674"",""SerialNo"":28678,""Mileage"":5720569,""Date"":""2026-04-22T13:30:27Z"",""IopIgnition"":true,""Latitude"":4.68751335144043,""Longitude"":-74.0774154663086,""Altitude"":2565.10009765625,""ExternalPowerVoltage"":28.05,""Rpm"":-999,""Speed"":0.0,""SatelliteNumber"":16,""Azimuth"":129,""BatteryLevel"":100}]",0x252513005970060869487064485674003C38402D000000595000000007000061000000FFFFFFFFFFFFFFFFFFFF00D5005749F9002604221330279A512045A32794C21C0096400000008103912805FFFFFF0000210000FFFFFF
2026-04-22 13:30:50.892,"[{""Protocol"":""0x2525"",""MessageType"":""LocationInfoMessage"",""ProtocolHeadType"":19,""Imei"":""869487064485674"",""SerialNo"":28679,""Mileage"":5720569,""Date"":""2026-04-22T13:31:28Z"",""IopIgnition"":true,""Latitude"":4.68751335144043,""Longitude"":-74.0774154663086,""Altitude"":2565.10009765625,""ExternalPowerVoltage"":28.0,""Rpm"":-999,""Speed"":0.0,""SatelliteNumber"":17,""Azimuth"":129,""BatteryLevel"":100}]",0x252513005970070869487064485674003C38402D000000595100000007000061000000FFFFFFFFFFFFFFFFFFFF00D5005749F9002604221331289A512045A32794C21C0096400000008103912800FFFFFF0000210000FFFFFF
2026-04-22 13:31:50.833,"[{""Protocol"":""0x2525"",""MessageType"":""LocationInfoMessage"",""ProtocolHeadType"":19,""Imei"":""869487064485674"",""SerialNo"":28680,""Mileage"":5720569,""Date"":""2026-04-22T13:32:28Z"",""IopIgnition"":true,""Latitude"":4.68751335144043,""Longitude"":-74.0774154663086,""Altitude"":2565.10009765625,""ExternalPowerVoltage"":28.18,""Rpm"":-999,""Speed"":0.0,""SatelliteNumber"":15,""Azimuth"":129,""BatteryLevel"":100}]",0x252513005970080869487064485674003C38402D000000594F00000007000061000000FFFFFFFFFFFFFFFFFFFF00D5005749F9002604221332289A512045A32794C21C0096400000008103912818FFFFFF0000210000FFFFFF
2026-04-22 13:32:14.406,"[{""Protocol"":""0x2525"",""MessageType"":""LocationInfoMessage"",""ProtocolHeadType"":19,""Imei"":""869487064485674"",""SerialNo"":28681,""Mileage"":5720613,""Date"":""2026-04-22T13:32:52Z"",""IopIgnition"":true,""Latitude"":4.6876411437988281,""Longitude"":-74.0770492553711,""Altitude"":2575.199951171875,""ExternalPowerVoltage"":28.16,""Rpm"":-999,""Speed"":9.0,""SatelliteNumber"":14,""Azimuth"":343,""BatteryLevel"":100}]",0x252513005970090869487064485674003C38402D000000594E00000007000061000000FFFFFFFFFFFFFFFFFFFF00D500574A250026042213325233F32045732794C2280196400090015703912816FFFFFF0000210000FFFFFF
2026-04-22 13:32:52.414,"[{""Protocol"":""0x2525"",""MessageType"":""LocationInfoMessage"",""ProtocolHeadType"":19,""Imei"":""869487064485674"",""SerialNo"":28682,""Mileage"":5720798,""Date"":""2026-04-22T13:33:30Z"",""IopIgnition"":true,""Latitude"":4.6889743804931641,""Longitude"":-74.078041076660156,""Altitude"":2566.0,""ExternalPowerVoltage"":28.04,""Rpm"":-999,""Speed"":11.0,""SatelliteNumber"":16,""Azimuth"":280,""BatteryLevel"":100}]",0x2525130059700A0869487064485674003C38402D000000565000000007000061000000FFFFFFFFFFFFFFFFFFFF00D500574ADE0026042213333000602045F52794C2140C96400110011803912804FFFFFF0000250000FFFFFF
2026-04-22 13:32:55.282,"[{""Protocol"":""0x2525"",""MessageType"":""LocationInfoMessage"",""ProtocolHeadType"":19,""Imei"":""869487064485674"",""SerialNo"":28683,""Mileage"":5720807,""Date"":""2026-04-22T13:33:33Z"",""IopIgnition"":true,""Latitude"":4.6889510154724121,""Longitude"":-74.078117370605469,""Altitude"":2566.60009765625,""ExternalPowerVoltage"":27.99,""Rpm"":-999,""Speed"":11.0,""SatelliteNumber"":16,""Azimuth"":230,""BatteryLevel"":100}]",0x2525130059700B0869487064485674003C38402D000000565000000007000061000000FFFFFFFFFFFFFFFFFFFF00D500574AE7002604221333339A692045FF2794C2E30B9640011000E603912799FFFFFF0000250000FFFFFF
2026-04-22 13:33:23.508,"[{""Protocol"":""0x2525"",""MessageType"":""LocationInfoMessage"",""ProtocolHeadType"":19,""Imei"":""869487064485674"",""SerialNo"":28684,""Mileage"":5720887,""Date"":""2026-04-22T13:34:01Z"",""IopIgnition"":true,""Latitude"":4.6884994506835938,""Longitude"":-74.078659057617188,""Altitude"":2570.199951171875,""ExternalPowerVoltage"":28.0,""Rpm"":-999,""Speed"":5.0,""SatelliteNumber"":16,""Azimuth"":149,""BatteryLevel"":100}]",0x2525130059700C0869487064485674003C38402D000000525000000007000061000000FFFFFFFFFFFFFFFFFFFF00D500574B370026042213340133A32045462894C2300896400050009503912800FFFFFF0000220000FFFFFF
2026-04-22 13:33:47.368,"[{""Protocol"":""0x2525"",""MessageType"":""LocationInfoMessage"",""ProtocolHeadType"":19,""Imei"":""869487064485674"",""SerialNo"":28685,""Mileage"":5720979,""Date"":""2026-04-22T13:34:25Z"",""IopIgnition"":true,""Latitude"":4.6878838539123535,""Longitude"":-74.078125,""Altitude"":2568.10009765625,""ExternalPowerVoltage"":27.91,""Rpm"":-999,""Speed"":11.0,""SatelliteNumber"":15,""Azimuth"":99,""BatteryLevel"":100}]",0x2525130059700D0869487064485674003C38402D000000524F00000007000061000000FFFFFFFFFFFFFFFFFFFF00D500574B93002604221334259A812045002894C2250396400110006303912791FFFFFF0000230000FFFFFF
2026-04-22 13:33:54.372,"[{""Protocol"":""0x2525"",""MessageType"":""LocationInfoMessage"",""ProtocolHeadType"":19,""Imei"":""869487064485674"",""SerialNo"":28686,""Mileage"":5720996,""Date"":""2026-04-22T13:34:32Z"",""IopIgnition"":true,""Latitude"":4.6879367828369141,""Longitude"":-74.0779800415039,""Altitude"":2570.199951171875,""ExternalPowerVoltage"":27.98,""Rpm"":-999,""Speed"":6.0,""SatelliteNumber"":17,""Azimuth"":51,""BatteryLevel"":100}]",0x2525130059700E0869487064485674003C38402D000000565100000007000061000000FFFFFFFFFFFFFFFFFFFF00D500574BA40026042213343233A32045ED2794C2940396400060003303912798FFFFFF0000230000FFFFFF
2026-04-22 13:34:12.764,"[{""Protocol"":""0x2525"",""MessageType"":""LocationAlarmMessage"",""ProtocolHeadType"":20,""Imei"":""869487064485674"",""SerialNo"":1077,""Mileage"":5720996,""Date"":""2026-04-22T13:34:50Z"",""IopIgnition"":false,""Latitude"":4.6879367828369141,""Longitude"":-74.0779800415039,""Altitude"":2570.199951171875,""ExternalPowerVoltage"":27.94,""Rpm"":-999,""Speed"":0.0,""SatelliteNumber"":14,""Azimuth"":51,""OriginalAlarmCode"":23}]",0x252514005904350869487064485674003C38402D000000594E00000007000020000000FFFFFFFFFFFFFFFFFFFF17D500574BA40026042213345033A32045ED2794C2940396400000003303912794FFFFFF0000260000FFFFFF
2026-04-22 14:33:28.063,"[{""Protocol"":""0x2525"",""MessageType"":""SignInMessage"",""ProtocolHeadType"":0,""Imei"":""869487064485674"",""SerialNo"":278,""Firmware"":""V1.0.1.8"",""Model"":0,""ObdBootVersion"":null,""ObdDataVersion"":null,""ObdHareware"":null,""ObdSoftware"":null,""Platform"":null,""Software"":""V0.0.0""}]",0x2525010017011608694870644856740000030502101812
2026-04-22 14:33:28.216,"[{""Protocol"":""0x2525"",""MessageType"":""NetworkInfoMessage"",""ProtocolHeadType"":0,""Imei"":""869487064485674"",""SerialNo"":258,""AccessTechnology"":""CAT-1"",""Band"":""CAT-1 7"",""Date"":""2026-04-22T14:34:07Z"",""Iccid"":""89571017025023250790"",""Imsi"":""732101725325077"",""NetworkOperator"":""LaSeleNosLlama""}]",0x2525110065010208694870644856742604221434071C4C006100530065006C0065004E006F0073004C006C0061006D006100054341542D31074341542D3120370F373332313031373235333235303737143839353731303137303235303233323530373930
2026-04-22 15:42:11.241,"[{""Protocol"":""0x2525"",""MessageType"":""LocationAlarmMessage"",""ProtocolHeadType"":20,""Imei"":""869487064485674"",""SerialNo"":1078,""Mileage"":5720996,""Date"":""2026-04-22T15:42:49Z"",""IopIgnition"":true,""Latitude"":4.6879367828369141,""Longitude"":-74.0779800415039,""Altitude"":2570.199951171875,""ExternalPowerVoltage"":25.63,""Rpm"":-999,""Speed"":0.0,""SatelliteNumber"":14,""Azimuth"":51,""OriginalAlarmCode"":22}]",0x252514005904360869487064485674003C38402D000000594E00000007000061000000FFFFFFFFFFFFFFFFFFFF16D500574BA40026042215424933A32045ED2794C2940396400000003303922563FFFFFF00002B0000FFFFFF
2026-04-22 15:43:12.106,"[{""Protocol"":""0x2525"",""MessageType"":""LocationInfoMessage"",""ProtocolHeadType"":19,""Imei"":""869487064485674"",""SerialNo"":28687,""Mileage"":5720996,""Date"":""2026-04-22T15:43:50Z"",""IopIgnition"":true,""Latitude"":4.6879367828369141,""Longitude"":-74.0779800415039,""Altitude"":2570.199951171875,""ExternalPowerVoltage"":27.97,""Rpm"":-999,""Speed"":0.0,""SatelliteNumber"":15,""Azimuth"":51,""BatteryLevel"":100}]",0x2525130059700F0869487064485674003C38402D000000594F00000007000061000000FFFFFFFFFFFFFFFFFFFF00D500574BA40026042215435033A32045ED2794C2940396400000003303922797FFFFFF00002B0000FFFFFF
2026-04-22 15:43:58.415,"[{""Protocol"":""0x2525"",""MessageType"":""LocationInfoMessage"",""ProtocolHeadType"":19,""Imei"":""869487064485674"",""SerialNo"":28688,""Mileage"":5721060,""Date"":""2026-04-22T15:44:37Z"",""IopIgnition"":true,""Latitude"":4.68832540512085,""Longitude"":-74.077568054199219,""Altitude"":2570.5,""ExternalPowerVoltage"":27.93,""Rpm"":-999,""Speed"":5.0,""SatelliteNumber"":17,""Azimuth"":343,""BatteryLevel"":100}]",0x252513005970100869487064485674003C38402D000000565100000007000061000000FFFFFFFFFFFFFFFFFFFF00D500574BE40026042215443700A82045B72794C2C30696400050015703922793FFFFFF00002D0000FFFFFF
2026-04-22 15:45:11.308,"[{""Protocol"":""0x2525"",""MessageType"":""LocationInfoMessage"",""ProtocolHeadType"":19,""Imei"":""869487064485674"",""SerialNo"":28689,""Mileage"":5721396,""Date"":""2026-04-22T15:45:50Z"",""IopIgnition"":true,""Latitude"":4.6907792091369629,""Longitude"":-74.079307556152344,""Altitude"":2563.0,""ExternalPowerVoltage"":28.17,""Rpm"":-999,""Speed"":16.0,""SatelliteNumber"":18,""Azimuth"":324,""BatteryLevel"":100}]",0x252513005970110869487064485674003C38402D0000005D5200000007000061000000FFFFFFFFFFFFFFFFFFFF00D500574D3400260422154550003020459B2894C2DD1A96400160014403922817FFFFFF00002B0000FFFFFF
2026-04-22 15:46:11.235,"[{""Protocol"":""0x2525"",""MessageType"":""LocationInfoMessage"",""ProtocolHeadType"":19,""Imei"":""869487064485674"",""SerialNo"":28690,""Mileage"":5721420,""Date"":""2026-04-22T15:46:49Z"",""IopIgnition"":true,""Latitude"":4.6909537315368652,""Longitude"":-74.079437255859375,""Altitude"":2563.5,""ExternalPowerVoltage"":28.09,""Rpm"":-999,""Speed"":0.0,""SatelliteNumber"":18,""Azimuth"":321,""BatteryLevel"":100}]",0x252513005970120869487064485674003C38402D000000645200000007000061000000FFFFFFFFFFFFFFFFFFFF00D500574D4C0026042215464900382045AC2894C24B1C96400000014103922809FFFFFF00002B0000FFFFFF
2026-04-22 15:46:17.403,"[{""Protocol"":""0x2525"",""MessageType"":""LocationInfoMessage"",""ProtocolHeadType"":19,""Imei"":""869487064485674"",""SerialNo"":28691,""Mileage"":5721439,""Date"":""2026-04-22T15:46:56Z"",""IopIgnition"":true,""Latitude"":4.691105842590332,""Longitude"":-74.079505920410156,""Altitude"":2564.699951171875,""ExternalPowerVoltage"":28.12,""Rpm"":-999,""Speed"":12.0,""SatelliteNumber"":18,""Azimuth"":22,""BatteryLevel"":100}]",0x252513005970130869487064485674003C38402D000000645200000007000061000000FFFFFFFFFFFFFFFFFFFF00D500574D5F00260422154656334B2045B52894C28A1D96400120001603922812FFFFFF00002D0000FFFFFF
2026-04-22 15:48:11.361,"[{""Protocol"":""0x2525"",""MessageType"":""LocationInfoMessage"",""ProtocolHeadType"":19,""Imei"":""869487064485674"",""SerialNo"":28692,""Mileage"":5722061,""Date"":""2026-04-22T15:48:50Z"",""IopIgnition"":true,""Latitude"":4.6943974494934082,""Longitude"":-74.074989318847656,""Altitude"":2570.5,""ExternalPowerVoltage"":28.29,""Rpm"":-999,""Speed"":28.0,""SatelliteNumber"":16,""Azimuth"":52,""BatteryLevel"":100}]",0x252513005970140869487064485674003C38402D000000595000000007000061000000FFFFFFFFFFFFFFFFFFFF00D500574FCD0026042215485000A82045652694C2813896400280003403932829FFFFFF00002C0000FFFFFF
2026-04-22 15:49:11.158,"[{""Protocol"":""0x2525"",""MessageType"":""LocationInfoMessage"",""ProtocolHeadType"":19,""Imei"":""869487064485674"",""SerialNo"":28693,""Mileage"":5722255,""Date"":""2026-04-22T15:49:49Z"",""IopIgnition"":true,""Latitude"":4.6954340934753418,""Longitude"":-74.0735855102539,""Altitude"":2574.89990234375,""ExternalPowerVoltage"":28.02,""Rpm"":-999,""Speed"":9.0,""SatelliteNumber"":15,""Azimuth"":50,""BatteryLevel"":100}]",0x252513005970150869487064485674003C38402D0000005D4F00000007000061000000FFFFFFFFFFFFFFFFFFFF00D50057508F0026042215494966EE2045AD2594C2FF4096400090003203922802FFFFFF00002B0000FFFFFF
2026-04-22 15:50:12.073,"[{""Protocol"":""0x2525"",""MessageType"":""LocationInfoMessage"",""ProtocolHeadType"":19,""Imei"":""869487064485674"",""SerialNo"":28694,""Mileage"":5722514,""Date"":""2026-04-22T15:50:50Z"",""IopIgnition"":true,""Latitude"":4.6968255043029785,""Longitude"":-74.07171630859375,""Altitude"":2577.89990234375,""ExternalPowerVoltage"":28.38,""Rpm"":-999,""Speed"":36.0,""SatelliteNumber"":16,""Azimuth"":50,""BatteryLevel"":100}]",0x252513005970160869487064485674003C38402D0000004F5000000007000061000000FFFFFFFFFFFFFFFFFFFF00D50057519200260422155050661E2145B82494C2654C96400360003203922838FFFFFF00002B0000FFFFFF
2026-04-22 15:51:11.935,"[{""Protocol"":""0x2525"",""MessageType"":""LocationInfoMessage"",""ProtocolHeadType"":19,""Imei"":""869487064485674"",""SerialNo"":28695,""Mileage"":5722775,""Date"":""2026-04-22T15:51:50Z"",""IopIgnition"":true,""Latitude"":4.6981911659240723,""Longitude"":-74.069808959960938,""Altitude"":2579.10009765625,""ExternalPowerVoltage"":28.01,""Rpm"":-999,""Speed"":0.0,""SatelliteNumber"":16,""Azimuth"":59,""BatteryLevel"":100}]",0x252513005970170869487064485674003C38402D000000645000000007000061000000FFFFFFFFFFFFFFFFFFFF00D500575297002604221551509A312145BE2394C2955796400000003B03922801FFFFFF00002B0000FFFFFF
2026-04-22 15:52:12.611,"[{""Protocol"":""0x2525"",""MessageType"":""LocationInfoMessage"",""ProtocolHeadType"":19,""Imei"":""869487064485674"",""SerialNo"":28696,""Mileage"":5722837,""Date"":""2026-04-22T15:52:51Z"",""IopIgnition"":true,""Latitude"":4.698577880859375,""Longitude"":-74.069442749023438,""Altitude"":2576.5,""ExternalPowerVoltage"":28.28,""Rpm"":-999,""Speed"":17.0,""SatelliteNumber"":15,""Azimuth"":357,""BatteryLevel"":100}]",0x252513005970180869487064485674003C38402D000000644F00000007000061000000FFFFFFFFFFFFFFFFFFFF00D5005752D500260422155251000821458E2394C2C05A96400170016503922828FFFFFF00002B0000FFFFFF
2026-04-22 15:52:12.748,"[{""Protocol"":""0x2525"",""MessageType"":""LocationInfoMessage"",""ProtocolHeadType"":19,""Imei"":""869487064485674"",""SerialNo"":28697,""Mileage"":5722837,""Date"":""2026-04-22T15:52:51Z"",""IopIgnition"":true,""Latitude"":4.698577880859375,""Longitude"":-74.069442749023438,""Altitude"":2576.5,""ExternalPowerVoltage"":28.28,""Rpm"":-999,""Speed"":17.0,""SatelliteNumber"":15,""Azimuth"":357,""BatteryLevel"":100}]",0x252513005970190869487064485674003C38402D00000064CF00000007000061000000FFFFFFFFFFFFFFFFFFFF00D5005752D500260422155251000821458E2394C2C05A96400170016503922828FFFFFF00002B0000FFFFFF
2026-04-22 15:54:11.488,"[{""Protocol"":""0x2525"",""MessageType"":""LocationInfoMessage"",""ProtocolHeadType"":19,""Imei"":""869487064485674"",""SerialNo"":28698,""Mileage"":5723659,""Date"":""2026-04-22T15:54:50Z"",""IopIgnition"":true,""Latitude"":4.705775260925293,""Longitude"":-74.070831298828125,""Altitude"":2571.0,""ExternalPowerVoltage"":28.12,""Rpm"":-999,""Speed"":0.0,""SatelliteNumber"":12,""Azimuth"":357,""BatteryLevel"":100}]",0x2525130059701A0869487064485674003C38402D000000644C00000007000061000000FFFFFFFFFFFFFFFFFFFF00D50057560B0026042215545000B02045442494C2B69596400000016503922812FFFFFF00002B0000FFFFFF
2026-04-22 15:55:11.296,"[{""Protocol"":""0x2525"",""MessageType"":""LocationInfoMessage"",""ProtocolHeadType"":19,""Imei"":""869487064485674"",""SerialNo"":28699,""Mileage"":5724192,""Date"":""2026-04-22T15:55:50Z"",""IopIgnition"":true,""Latitude"":4.7104520797729492,""Longitude"":-74.071846008300781,""Altitude"":2571.300048828125,""ExternalPowerVoltage"":27.99,""Rpm"":-999,""Speed"":5.0,""SatelliteNumber"":17,""Azimuth"":347,""BatteryLevel"":100}]",0x2525130059701B0869487064485674003C38402D000000645100000007000061000000FFFFFFFFFFFFFFFFFFFF00D50057582000260422155550CDB42045C92494C206BC96400050015B03922799FFFFFF00002A0000FFFFFF
2026-04-22 15:56:11.192,"[{""Protocol"":""0x2525"",""MessageType"":""LocationInfoMessage"",""ProtocolHeadType"":19,""Imei"":""869487064485674"",""SerialNo"":28700,""Mileage"":5724658,""Date"":""2026-04-22T15:56:49Z"",""IopIgnition"":true,""Latitude"":4.7145280838012695,""Longitude"":-74.072807312011719,""Altitude"":2575.0,""ExternalPowerVoltage"":28.22,""Rpm"":-999,""Speed"":43.0,""SatelliteNumber"":18,""Azimuth"":346,""BatteryLevel"":100}]",0x2525130059701C0869487064485674003C38402D000000645200000007000061000000FFFFFFFFFFFFFFFFFFFF00D5005759F20026042215564900F02045472594C26ADD96400430015A03922822FFFFFF00002B0000FFFFFF
2026-04-22 15:57:11.998,"[{""Protocol"":""0x2525"",""MessageType"":""LocationInfoMessage"",""ProtocolHeadType"":19,""Imei"":""869487064485674"",""SerialNo"":28701,""Mileage"":5725422,""Date"":""2026-04-22T15:57:50Z"",""IopIgnition"":true,""Latitude"":4.7210769653320313,""Longitude"":-74.074623107910156,""Altitude"":2584.199951171875,""ExternalPowerVoltage"":28.2,""Rpm"":-999,""Speed"":45.0,""SatelliteNumber"":17,""Azimuth"":358,""BatteryLevel"":100}]",0x2525130059701D0869487064485674003C38402D000000645100000007000061000000FFFFFFFFFFFFFFFFFFFF00D500575CEE0026042215575033832145352694C2101397400450016603922820FFFFFF00002A0000FFFFFF
2026-04-22 15:58:11.905,"[{""Protocol"":""0x2525"",""MessageType"":""LocationInfoMessage"",""ProtocolHeadType"":19,""Imei"":""869487064485674"",""SerialNo"":28702,""Mileage"":5726034,""Date"":""2026-04-22T15:58:50Z"",""IopIgnition"":true,""Latitude"":4.7265734672546387,""Longitude"":-74.07464599609375,""Altitude"":2593.10009765625,""ExternalPowerVoltage"":28.01,""Rpm"":-999,""Speed"":9.0,""SatelliteNumber"":15,""Azimuth"":359,""BatteryLevel"":100}]",0x2525130059701E0869487064485674003C38402D000000644F00000007000061000000FFFFFFFFFFFFFFFFFFFF00D500575F52002604221558509A112245382694C2174097400090016703922801FFFFFF00002A0000FFFFFF
2026-04-22 15:59:11.711,"[{""Protocol"":""0x2525"",""MessageType"":""LocationInfoMessage"",""ProtocolHeadType"":19,""Imei"":""869487064485674"",""SerialNo"":28703,""Mileage"":5726147,""Date"":""2026-04-22T15:59:50Z"",""IopIgnition"":true,""Latitude"":4.7275843620300293,""Longitude"":-74.074600219726563,""Altitude"":2595.300048828125,""ExternalPowerVoltage"":28.13,""Rpm"":-999,""Speed"":0.0,""SatelliteNumber"":17,""Azimuth"":1,""BatteryLevel"":100}]",0x2525130059701F0869487064485674003C38402D000000645100000007000061000000FFFFFFFFFFFFFFFFFFFF00D500575FC300260422155950CD342245322694C25F4897400000000103922813FFFFFF00002A0000FFFFFF
2026-04-22 16:00:11.690,"[{""Protocol"":""0x2525"",""MessageType"":""LocationInfoMessage"",""ProtocolHeadType"":19,""Imei"":""869487064485674"",""SerialNo"":28704,""Mileage"":5726532,""Date"":""2026-04-22T16:00:50Z"",""IopIgnition"":true,""Latitude"":4.7310285568237305,""Longitude"":-74.07476806640625,""Altitude"":2604.89990234375,""ExternalPowerVoltage"":28.34,""Rpm"":-999,""Speed"":47.0,""SatelliteNumber"":17,""Azimuth"":349,""BatteryLevel"":100}]",0x252513005970200869487064485674003C38402D000000525100000007000061000000FFFFFFFFFFFFFFFFFFFF00D5005761440026042216005066CE2245482694C2966497400470015D03922834FFFFFF00002A0000FFFFFF
2026-04-22 16:00:29.390,"[{""Protocol"":""0x2525"",""MessageType"":""LocationInfoMessage"",""ProtocolHeadType"":19,""Imei"":""869487064485674"",""SerialNo"":28705,""Mileage"":5726763,""Date"":""2026-04-22T16:01:08Z"",""IopIgnition"":true,""Latitude"":4.7329306602478027,""Longitude"":-74.075447082519531,""Altitude"":2609.800048828125,""ExternalPowerVoltage"":28.33,""Rpm"":-999,""Speed"":34.0,""SatelliteNumber"":18,""Azimuth"":300,""BatteryLevel"":100}]",0x252513005970210869487064485674003C38402D000000645200000007000061000000FFFFFFFFFFFFFFFFFFFF00D50057622B00260422160108CD1C2345A12694C22B7497400340012C03922833FFFFFF00002B0000FFFFFF
2026-04-22 16:02:11.313,"[{""Protocol"":""0x2525"",""MessageType"":""LocationInfoMessage"",""ProtocolHeadType"":19,""Imei"":""869487064485674"",""SerialNo"":28706,""Mileage"":5727912,""Date"":""2026-04-22T16:02:49Z"",""IopIgnition"":true,""Latitude"":4.7377104759216309,""Longitude"":-74.084297180175781,""Altitude"":2584.60009765625,""ExternalPowerVoltage"":28.31,""Rpm"":-999,""Speed"":39.0,""SatelliteNumber"":17,""Azimuth"":287,""BatteryLevel"":100}]",0x252513005970220869487064485674003C38402D000000645100000007000061000000FFFFFFFFFFFFFFFFFFFF00D5005766A8002604221602499A892145292B94C2539B97400390011F03922831FFFFFF00002A0000FFFFFF
2026-04-22 16:03:11.168,"[{""Protocol"":""0x2525"",""MessageType"":""LocationInfoMessage"",""ProtocolHeadType"":19,""Imei"":""869487064485674"",""SerialNo"":28707,""Mileage"":5728126,""Date"":""2026-04-22T16:03:49Z"",""IopIgnition"":true,""Latitude"":4.7382774353027344,""Longitude"":-74.086135864257813,""Altitude"":2576.800048828125,""ExternalPowerVoltage"":28.38,""Rpm"":-999,""Speed"":22.0,""SatelliteNumber"":16,""Azimuth"":298,""BatteryLevel"":100}]",0x252513005970230869487064485674003C38402D000000645000000007000061000000FFFFFFFFFFFFFFFFFFFF00D50057677E00260422160349CD0C21451A2C94C2F89F97400220012A03922838FFFFFF0000290000FFFFFF
2026-04-22 16:04:11.952,"[{""Protocol"":""0x2525"",""MessageType"":""LocationInfoMessage"",""ProtocolHeadType"":19,""Imei"":""869487064485674"",""SerialNo"":28708,""Mileage"":5728652,""Date"":""2026-04-22T16:04:50Z"",""IopIgnition"":true,""Latitude"":4.7415452003479,""Longitude"":-74.089546203613281,""Altitude"":2576.10009765625,""ExternalPowerVoltage"":28.05,""Rpm"":-999,""Speed"":16.0,""SatelliteNumber"":17,""Azimuth"":303,""BatteryLevel"":100}]",0x252513005970240869487064485674003C38402D000000645100000007000061000000FFFFFFFFFFFFFFFFFFFF00D50057698C002604221604509A012145D92D94C2BDBA97400160012F03922805FFFFFF00002B0000FFFFFF
2026-04-22 16:05:11.849,"[{""Protocol"":""0x2525"",""MessageType"":""LocationInfoMessage"",""ProtocolHeadType"":19,""Imei"":""869487064485674"",""SerialNo"":28709,""Mileage"":5728656,""Date"":""2026-04-22T16:05:50Z"",""IopIgnition"":true,""Latitude"":4.74156379699707,""Longitude"":-74.089569091796875,""Altitude"":2576.0,""ExternalPowerVoltage"":27.99,""Rpm"":-999,""Speed"":0.0,""SatelliteNumber"":15,""Azimuth"":305,""BatteryLevel"":100}]",0x252513005970250869487064485674003C38402D000000644F00000007000061000000FFFFFFFFFFFFFFFFFFFF00D5005769900026042216055000002145DC2D94C2E4BA97400000013103922799FFFFFF0000290000FFFFFF
2026-04-22 16:06:11.791,"[{""Protocol"":""0x2525"",""MessageType"":""LocationInfoMessage"",""ProtocolHeadType"":19,""Imei"":""869487064485674"",""SerialNo"":28710,""Mileage"":5729127,""Date"":""2026-04-22T16:06:50Z"",""IopIgnition"":true,""Latitude"":4.7441654205322266,""Longitude"":-74.092910766601563,""Altitude"":2574.60009765625,""ExternalPowerVoltage"":28.21,""Rpm"":-999,""Speed"":27.0,""SatelliteNumber"":16,""Azimuth"":305,""BatteryLevel"":100}]",0x252513005970260869487064485674003C38402D000000645000000007000061000000FFFFFFFFFFFFFFFFFFFF00D500576B67002604221606509AE92045922F94C234D097400270013103922821FFFFFF0000290000FFFFFF
2026-04-22 16:07:11.606,"[{""Protocol"":""0x2525"",""MessageType"":""LocationInfoMessage"",""ProtocolHeadType"":19,""Imei"":""869487064485674"",""SerialNo"":28711,""Mileage"":5729301,""Date"":""2026-04-22T16:07:50Z"",""IopIgnition"":true,""Latitude"":4.7450861930847168,""Longitude"":-74.094184875488281,""Altitude"":2574.0,""ExternalPowerVoltage"":27.98,""Rpm"":-999,""Speed"":7.0,""SatelliteNumber"":17,""Azimuth"":306,""BatteryLevel"":100}]",0x252513005970270869487064485674003C38402D000000645100000007000061000000FFFFFFFFFFFFFFFFFFFF00D500576C150026042216075000E02045393094C2BFD797400070013203922798FFFFFF00002B0000FFFFFF
2026-04-22 16:08:11.505,"[{""Protocol"":""0x2525"",""MessageType"":""LocationInfoMessage"",""ProtocolHeadType"":19,""Imei"":""869487064485674"",""SerialNo"":28712,""Mileage"":5729332,""Date"":""2026-04-22T16:08:50Z"",""IopIgnition"":true,""Latitude"":4.7452507019042969,""Longitude"":-74.094406127929688,""Altitude"":2573.0,""ExternalPowerVoltage"":27.98,""Rpm"":-999,""Speed"":0.0,""SatelliteNumber"":16,""Azimuth"":309,""BatteryLevel"":100}]",0x252513005970280869487064485674003C38402D000000645000000007000061000000FFFFFFFFFFFFFFFFFFFF00D500576C340026042216085000D02045563094C218D997400000013503922798FFFFFF0000290000FFFFFF
2026-04-22 16:09:11.307,"[{""Protocol"":""0x2525"",""MessageType"":""LocationInfoMessage"",""ProtocolHeadType"":19,""Imei"":""869487064485674"",""SerialNo"":28713,""Mileage"":5729779,""Date"":""2026-04-22T16:09:50Z"",""IopIgnition"":true,""Latitude"":4.7476530075073242,""Longitude"":-74.097618103027344,""Altitude"":2572.10009765625,""ExternalPowerVoltage"":28.27,""Rpm"":-999,""Speed"":42.0,""SatelliteNumber"":17,""Azimuth"":303,""BatteryLevel"":100}]",0x252513005970290869487064485674003C38402D000000645100000007000061000000FFFFFFFFFFFFFFFFFFFF00D500576DF3002604221609509AC12045FB3194C2C6EC97400420012F03922827FFFFFF0000290000FFFFFF
2026-04-22 16:10:11.243,"[{""Protocol"":""0x2525"",""MessageType"":""LocationInfoMessage"",""ProtocolHeadType"":19,""Imei"":""869487064485674"",""SerialNo"":28714,""Mileage"":5730429,""Date"":""2026-04-22T16:10:49Z"",""IopIgnition"":true,""Latitude"":4.7502303123474121,""Longitude"":-74.102874755859375,""Altitude"":2575.39990234375,""ExternalPowerVoltage"":28.18,""Rpm"":-999,""Speed"":37.0,""SatelliteNumber"":16,""Azimuth"":296,""BatteryLevel"":100}]",0x2525130059702A0869487064485674003C38402D000000445000000007000061000000FFFFFFFFFFFFFFFFFFFF00D50057707D0026042216104966F62045AC3494C2E30198400370012803922818FFFFFF0000290000FFFFFF
2026-04-22 16:10:25.387,"[{""Protocol"":""0x2525"",""MessageType"":""LocationInfoMessage"",""ProtocolHeadType"":19,""Imei"":""869487064485674"",""SerialNo"":28715,""Mileage"":5730527,""Date"":""2026-04-22T16:11:04Z"",""IopIgnition"":true,""Latitude"":4.7505893707275391,""Longitude"":-74.103668212890625,""Altitude"":2574.199951171875,""ExternalPowerVoltage"":28.11,""Rpm"":-999,""Speed"":12.0,""SatelliteNumber"":17,""Azimuth"":236,""BatteryLevel"":100}]",0x2525130059702B0869487064485674003C38402D000000415100000007000061000000FFFFFFFFFFFFFFFFFFFF00D5005770DF0026042216110433E32045143594C2D4049840012000EC03922811FFFFFF00002A0000FFFFFF
2026-04-22 16:10:27.427,"[{""Protocol"":""0x2525"",""MessageType"":""LocationInfoMessage"",""ProtocolHeadType"":19,""Imei"":""869487064485674"",""SerialNo"":28716,""Mileage"":5730536,""Date"":""2026-04-22T16:11:06Z"",""IopIgnition"":true,""Latitude"":4.7505197525024414,""Longitude"":-74.103691101074219,""Altitude"":2572.800048828125,""ExternalPowerVoltage"":28.14,""Rpm"":-999,""Speed"":17.0,""SatelliteNumber"":17,""Azimuth"":169,""BatteryLevel"":100}]",0x2525130059702C0869487064485674003C38402D000000415100000007000061000000FFFFFFFFFFFFFFFFFFFF00D5005770E800260422161106CDCC2045173594C242049840017000A903922814FFFFFF00002A0000FFFFFF
2026-04-22 16:10:30.322,"[{""Protocol"":""0x2525"",""MessageType"":""LocationInfoMessage"",""ProtocolHeadType"":19,""Imei"":""869487064485674"",""SerialNo"":28717,""Mileage"":5730552,""Date"":""2026-04-22T16:11:09Z"",""IopIgnition"":true,""Latitude"":4.75040864944458,""Longitude"":-74.103607177734375,""Altitude"":2570.699951171875,""ExternalPowerVoltage"":28.17,""Rpm"":-999,""Speed"":22.0,""SatelliteNumber"":17,""Azimuth"":121,""BatteryLevel"":100}]",0x2525130059702D0869487064485674003C38402D000000415100000007000061000000FFFFFFFFFFFFFFFFFFFF00D5005770F80026042216110933AB20450C3594C2590398400220007903922817FFFFFF00002A0000FFFFFF
2026-04-22 16:10:54.872,"[{""Protocol"":""0x2525"",""MessageType"":""LocationInfoMessage"",""ProtocolHeadType"":19,""Imei"":""869487064485674"",""SerialNo"":28718,""Mileage"":5730711,""Date"":""2026-04-22T16:11:31Z"",""IopIgnition"":true,""Latitude"":4.7497053146362305,""Longitude"":-74.102386474609375,""Altitude"":2567.699951171875,""ExternalPowerVoltage"":28.16,""Rpm"":-999,""Speed"":23.0,""SatelliteNumber"":16,""Azimuth"":178,""BatteryLevel"":100}]",0x2525130059702E0869487064485674003C38402D0000003A5000000007000061000000FFFFFFFFFFFFFFFFFFFF00D50057719700260422161131337B20456C3494C296FD9740023000B203922816FFFFFF00002B0000FFFFFF
2026-04-22 16:11:29.570,"[{""Protocol"":""0x2525"",""MessageType"":""LocationInfoMessage"",""ProtocolHeadType"":19,""Imei"":""869487064485674"",""SerialNo"":28719,""Mileage"":5731021,""Date"":""2026-04-22T16:12:08Z"",""IopIgnition"":true,""Latitude"":4.7473344802856445,""Longitude"":-74.103836059570313,""Altitude"":2571.10009765625,""ExternalPowerVoltage"":28.14,""Rpm"":-999,""Speed"":20.0,""SatelliteNumber"":16,""Azimuth"":227,""BatteryLevel"":100}]",0x2525130059702F0869487064485674003C38402D000000595000000007000061000000FFFFFFFFFFFFFFFFFFFF00D5005772CD002604221612089AB120452A3594C22AEA9740020000E303922814FFFFFF0000290000FFFFFF
2026-04-22 16:11:34.427,"[{""Protocol"":""0x2525"",""MessageType"":""LocationInfoMessage"",""ProtocolHeadType"":19,""Imei"":""869487064485674"",""SerialNo"":28720,""Mileage"":5731054,""Date"":""2026-04-22T16:12:13Z"",""IopIgnition"":true,""Latitude"":4.7472653388977051,""Longitude"":-74.104110717773438,""Altitude"":2571.39990234375,""ExternalPowerVoltage"":28.15,""Rpm"":-999,""Speed"":27.0,""SatelliteNumber"":17,""Azimuth"":276,""BatteryLevel"":100}]",0x252513005970300869487064485674003C38402D000000595100000007000061000000FFFFFFFFFFFFFFFFFFFF00D5005772EE0026042216121366B620454E3594C299E997400270011403922815FFFFFF00002B0000FFFFFF
2026-04-22 16:11:59.453,"[{""Protocol"":""0x2525"",""MessageType"":""LocationInfoMessage"",""ProtocolHeadType"":19,""Imei"":""869487064485674"",""SerialNo"":28721,""Mileage"":5731248,""Date"":""2026-04-22T16:12:38Z"",""IopIgnition"":true,""Latitude"":4.747551441192627,""Longitude"":-74.105804443359375,""Altitude"":2573.300048828125,""ExternalPowerVoltage"":28.15,""Rpm"":-999,""Speed"":17.0,""SatelliteNumber"":16,""Azimuth"":335,""BatteryLevel"":100}]",0x252513005970310869487064485674003C38402D000000565000000007000061000000FFFFFFFFFFFFFFFFFFFF00D5005773B000260422161238CDD420452C3694C2F1EB97400170014F03922815FFFFFF0000290000FFFFFF
2026-04-22 16:12:31.506,"[{""Protocol"":""0x2525"",""MessageType"":""LocationInfoMessage"",""ProtocolHeadType"":19,""Imei"":""869487064485674"",""SerialNo"":28722,""Mileage"":5731400,""Date"":""2026-04-22T16:13:10Z"",""IopIgnition"":true,""Latitude"":4.7488622665405273,""Longitude"":-74.105804443359375,""Altitude"":2571.10009765625,""ExternalPowerVoltage"":28.11,""Rpm"":-999,""Speed"":14.0,""SatelliteNumber"":16,""Azimuth"":270,""BatteryLevel"":100}]",0x252513005970320869487064485674003C38402D0000004B5000000007000061000000FFFFFFFFFFFFFFFFFFFF00D500577448002604221613109AB120452C3694C2AEF697400140010E03922811FFFFFF0000290000FFFFFF
2026-04-22 16:12:37.312,"[{""Protocol"":""0x2525"",""MessageType"":""LocationInfoMessage"",""ProtocolHeadType"":19,""Imei"":""869487064485674"",""SerialNo"":28723,""Mileage"":5731434,""Date"":""2026-04-22T16:13:16Z"",""IopIgnition"":true,""Latitude"":4.74863862991333,""Longitude"":-74.106010437011719,""Altitude"":2571.60009765625,""ExternalPowerVoltage"":28.14,""Rpm"":-999,""Speed"":24.0,""SatelliteNumber"":18,""Azimuth"":212,""BatteryLevel"":100}]",0x252513005970330869487064485674003C38402D0000004B5200000007000061000000FFFFFFFFFFFFFFFFFFFF00D50057746A002604221613169AB92045473694C2D9F49740024000D403922814FFFFFF00002C0000FFFFFF
2026-04-22 16:14:11.217,"[{""Protocol"":""0x2525"",""MessageType"":""LocationInfoMessage"",""ProtocolHeadType"":19,""Imei"":""869487064485674"",""SerialNo"":28724,""Mileage"":5731857,""Date"":""2026-04-22T16:14:49Z"",""IopIgnition"":true,""Latitude"":4.7454972267150879,""Longitude"":-74.1081314086914,""Altitude"":2567.39990234375,""ExternalPowerVoltage"":27.91,""Rpm"":-999,""Speed"":0.0,""SatelliteNumber"":14,""Azimuth"":228,""BatteryLevel"":100}]",0x252513005970340869487064485674003C38402D000000594E00000007000061000000FFFFFFFFFFFFFFFFFFFF00D50057761100260422161449667620455D3794C21DDB9740000000E403922791FFFFFF0000290000FFFFFF
2026-04-22 16:14:33.425,"[{""Protocol"":""0x2525"",""MessageType"":""LocationInfoMessage"",""ProtocolHeadType"":19,""Imei"":""869487064485674"",""SerialNo"":28725,""Mileage"":5731884,""Date"":""2026-04-22T16:15:12Z"",""IopIgnition"":true,""Latitude"":4.745387077331543,""Longitude"":-74.10833740234375,""Altitude"":2567.60009765625,""ExternalPowerVoltage"":28.19,""Rpm"":-999,""Speed"":14.0,""SatelliteNumber"":16,""Azimuth"":281,""BatteryLevel"":100}]",0x252513005970350869487064485674003C38402D0000004F5000000007000061000000FFFFFFFFFFFFFFFFFFFF00D50057762C002604221615129A792045783794C236DA97400140011903922819FFFFFF0000290000FFFFFF
2026-04-22 16:16:11.315,"[{""Protocol"":""0x2525"",""MessageType"":""LocationInfoMessage"",""ProtocolHeadType"":19,""Imei"":""869487064485674"",""SerialNo"":28726,""Mileage"":5732523,""Date"":""2026-04-22T16:16:49Z"",""IopIgnition"":true,""Latitude"":4.7468652725219727,""Longitude"":-74.113899230957031,""Altitude"":2562.199951171875,""ExternalPowerVoltage"":27.94,""Rpm"":-999,""Speed"":6.0,""SatelliteNumber"":17,""Azimuth"":273,""BatteryLevel"":100}]",0x252513005970360869487064485674003C38402D0000005D5100000007000061000000FFFFFFFFFFFFFFFFFFFF00D5005778AB0026042216164933232045513A94C252E697400060011103922794FFFFFF0000290000FFFFFF
2026-04-22 16:17:11.084,"[{""Protocol"":""0x2525"",""MessageType"":""LocationInfoMessage"",""ProtocolHeadType"":19,""Imei"":""869487064485674"",""SerialNo"":28727,""Mileage"":5732655,""Date"":""2026-04-22T16:17:49Z"",""IopIgnition"":true,""Latitude"":4.7469649314880371,""Longitude"":-74.115081787109375,""Altitude"":2568.300048828125,""ExternalPowerVoltage"":28.16,""Rpm"":-999,""Speed"":22.0,""SatelliteNumber"":16,""Azimuth"":270,""BatteryLevel"":100}]",0x252513005970370869487064485674003C38402D0000004F5000000007000061000000FFFFFFFFFFFFFFFFFFFF00D50057792F00260422161749CD842045EC3A94C223E797400220010E03922816FFFFFF0000290000FFFFFF
2026-04-22 16:18:12.037,"[{""Protocol"":""0x2525"",""MessageType"":""LocationInfoMessage"",""ProtocolHeadType"":19,""Imei"":""869487064485674"",""SerialNo"":28728,""Mileage"":5732989,""Date"":""2026-04-22T16:18:50Z"",""IopIgnition"":true,""Latitude"":4.7472796440124512,""Longitude"":-74.118072509765625,""Altitude"":2564.39990234375,""ExternalPowerVoltage"":28.16,""Rpm"":-999,""Speed"":20.0,""SatelliteNumber"":17,""Azimuth"":274,""BatteryLevel"":100}]",0x252513005970380869487064485674003C38402D0000003E5100000007000061000000FFFFFFFFFFFFFFFFFFFF00D500577A7D0026042216185066462045743C94C2B7E997400200011203922816FFFFFF0000280000FFFFFF
2026-04-22 16:19:11.847,"[{""Protocol"":""0x2525"",""MessageType"":""LocationInfoMessage"",""ProtocolHeadType"":19,""Imei"":""869487064485674"",""SerialNo"":28729,""Mileage"":5733258,""Date"":""2026-04-22T16:19:50Z"",""IopIgnition"":true,""Latitude"":4.7475004196166992,""Longitude"":-74.120475769042969,""Altitude"":2572.300048828125,""ExternalPowerVoltage"":27.99,""Rpm"":-999,""Speed"":0.0,""SatelliteNumber"":16,""Azimuth"":277,""BatteryLevel"":100}]",0x252513005970390869487064485674003C38402D000000485000000007000061000000FFFFFFFFFFFFFFFFFFFF00D500577B8A00260422161950CDC42045AF3D94C286EB97400000011503922799FFFFFF0000280000FFFFFF
2026-04-22 16:19:31.495,"[{""Protocol"":""0x2525"",""MessageType"":""LocationInfoMessage"",""ProtocolHeadType"":19,""Imei"":""869487064485674"",""SerialNo"":28730,""Mileage"":5733295,""Date"":""2026-04-22T16:20:10Z"",""IopIgnition"":true,""Latitude"":4.7475008964538574,""Longitude"":-74.120811462402344,""Altitude"":2572.0,""ExternalPowerVoltage"":28.06,""Rpm"":-999,""Speed"":11.0,""SatelliteNumber"":16,""Azimuth"":225,""BatteryLevel"":100}]",0x2525130059703A0869487064485674003C38402D000000525000000007000061000000FFFFFFFFFFFFFFFFFFFF00D500577BAF0026042216201000C02045DB3D94C287EB9740011000E103922806FFFFFF00002B0000FFFFFF
2026-04-22 16:19:33.325,"[{""Protocol"":""0x2525"",""MessageType"":""LocationInfoMessage"",""ProtocolHeadType"":19,""Imei"":""869487064485674"",""SerialNo"":28731,""Mileage"":5733299,""Date"":""2026-04-22T16:20:12Z"",""IopIgnition"":true,""Latitude"":4.74746561050415,""Longitude"":-74.120819091796875,""Altitude"":2569.89990234375,""ExternalPowerVoltage"":28.12,""Rpm"":-999,""Speed"":10.0,""SatelliteNumber"":16,""Azimuth"":179,""BatteryLevel"":100}]",0x2525130059703B0869487064485674003C38402D000000525000000007000061000000FFFFFFFFFFFFFFFFFFFF00D500577BB300260422162012669E2045DC3D94C23DEB9740010000B303922812FFFFFF00002B0000FFFFFF
2026-04-22 16:19:59.507,"[{""Protocol"":""0x2525"",""MessageType"":""LocationInfoMessage"",""ProtocolHeadType"":19,""Imei"":""869487064485674"",""SerialNo"":28732,""Mileage"":5733411,""Date"":""2026-04-22T16:20:38Z"",""IopIgnition"":true,""Latitude"":4.7465095520019531,""Longitude"":-74.120536804199219,""Altitude"":2568.699951171875,""ExternalPowerVoltage"":28.14,""Rpm"":-999,""Speed"":11.0,""SatelliteNumber"":17,""Azimuth"":225,""BatteryLevel"":100}]",0x2525130059703C0869487064485674003C38402D000000645100000007000061000000FFFFFFFFFFFFFFFFFFFF00D500577C2300260422162038338B2045B73D94C268E39740011000E103922814FFFFFF0000290000FFFFFF
2026-04-22 16:21:11.308,"[{""Protocol"":""0x2525"",""MessageType"":""LocationInfoMessage"",""ProtocolHeadType"":19,""Imei"":""869487064485674"",""SerialNo"":28733,""Mileage"":5733816,""Date"":""2026-04-22T16:21:50Z"",""IopIgnition"":true,""Latitude"":4.7453432083129883,""Longitude"":-74.123985290527344,""Altitude"":2569.10009765625,""ExternalPowerVoltage"":28.13,""Rpm"":-999,""Speed"":11.0,""SatelliteNumber"":15,""Azimuth"":250,""BatteryLevel"":100}]",0x2525130059703D0869487064485674003C38402D000000564F00000007000061000000FFFFFFFFFFFFFFFFFFFF00D500577DB8002604221621509A9120457B3F94C2DAD99740011000FA03922813FFFFFF0000280000FFFFFF
2026-04-22 16:22:11.231,"[{""Protocol"":""0x2525"",""MessageType"":""LocationInfoMessage"",""ProtocolHeadType"":19,""Imei"":""869487064485674"",""SerialNo"":28734,""Mileage"":5733977,""Date"":""2026-04-22T16:22:49Z"",""IopIgnition"":true,""Latitude"":4.7448644638061523,""Longitude"":-74.125358581542969,""Altitude"":2565.89990234375,""ExternalPowerVoltage"":28.16,""Rpm"":-999,""Speed"":15.0,""SatelliteNumber"":15,""Azimuth"":250,""BatteryLevel"":100}]",0x2525130059703E0869487064485674003C38402D0000004B4F00000007000061000000FFFFFFFFFFFFFFFFFFFF00D500577E5900260422162249665E20452F4094C2EED59740015000FA03922816FFFFFF0000290000FFFFFF
2026-04-22 16:23:12.002,"[{""Protocol"":""0x2525"",""MessageType"":""LocationInfoMessage"",""ProtocolHeadType"":19,""Imei"":""869487064485674"",""SerialNo"":28735,""Mileage"":5734325,""Date"":""2026-04-22T16:23:50Z"",""IopIgnition"":true,""Latitude"":4.7443156242370605,""Longitude"":-74.12835693359375,""Altitude"":2559.89990234375,""ExternalPowerVoltage"":28.17,""Rpm"":-999,""Speed"":17.0,""SatelliteNumber"":17,""Azimuth"":281,""BatteryLevel"":100}]",0x2525130059703F0869487064485674003C38402D000000445100000007000061000000FFFFFFFFFFFFFFFFFFFF00D500577FB50026042216235066FE1F45B84194C26FD197400170011903922817FFFFFF0000290000FFFFFF
2026-04-22 16:23:28.498,"[{""Protocol"":""0x2525"",""MessageType"":""LocationInfoMessage"",""ProtocolHeadType"":19,""Imei"":""869487064485674"",""SerialNo"":28736,""Mileage"":5734369,""Date"":""2026-04-22T16:24:07Z"",""IopIgnition"":true,""Latitude"":4.7443675994873047,""Longitude"":-74.128730773925781,""Altitude"":2559.5,""ExternalPowerVoltage"":28.07,""Rpm"":-999,""Speed"":8.0,""SatelliteNumber"":16,""Azimuth"":229,""BatteryLevel"":100}]",0x252513005970400869487064485674003C38402D000000415000000007000061000000FFFFFFFFFFFFFFFFFFFF00D500577FE10026042216240700F81F45E94194C2DCD19740008000E503922807FFFFFF00002A0000FFFFFF
2026-04-22 16:25:05.397,"[{""Protocol"":""0x2525"",""MessageType"":""LocationInfoMessage"",""ProtocolHeadType"":19,""Imei"":""869487064485674"",""SerialNo"":28737,""Mileage"":5734754,""Date"":""2026-04-22T16:25:44Z"",""IopIgnition"":true,""Latitude"":4.7418808937072754,""Longitude"":-74.130599975585938,""Altitude"":2556.199951171875,""ExternalPowerVoltage"":28.04,""Rpm"":-999,""Speed"":9.0,""SatelliteNumber"":17,""Azimuth"":168,""BatteryLevel"":100}]",0x252513005970410869487064485674003C38402D0000003A5100000007000061000000FFFFFFFFFFFFFFFFFFFF00D5005781620026042216254433C31F45DE4294C27DBD9740009000A803922804FFFFFF0000280000FFFFFF
2026-04-22 16:26:11.287,"[{""Protocol"":""0x2525"",""MessageType"":""LocationInfoMessage"",""ProtocolHeadType"":19,""Imei"":""869487064485674"",""SerialNo"":28738,""Mileage"":5734824,""Date"":""2026-04-22T16:26:49Z"",""IopIgnition"":true,""Latitude"":4.7413005828857422,""Longitude"":-74.130363464355469,""Altitude"":2557.5,""ExternalPowerVoltage"":28.12,""Rpm"":-999,""Speed"":8.0,""SatelliteNumber"":16,""Azimuth"":151,""BatteryLevel"":100}]",0x252513005970420869487064485674003C38402D000000375000000007000061000000FFFFFFFFFFFFFFFFFFFF00D5005781A80026042216264900D81F45BF4294C2BCB897400080009703922812FFFFFF0000280000FFFFFF
2026-04-22 16:27:05.362,"[{""Protocol"":""0x2525"",""MessageType"":""LocationInfoMessage"",""ProtocolHeadType"":19,""Imei"":""869487064485674"",""SerialNo"":28739,""Mileage"":5734977,""Date"":""2026-04-22T16:27:44Z"",""IopIgnition"":true,""Latitude"":4.7401375770568848,""Longitude"":-74.1297836303711,""Altitude"":2559.5,""ExternalPowerVoltage"":28.08,""Rpm"":-999,""Speed"":15.0,""SatelliteNumber"":16,""Azimuth"":59,""BatteryLevel"":100}]",0x252513005970430869487064485674003C38402D000000445000000007000061000000FFFFFFFFFFFFFFFFFFFF00D5005782410026042216274400F81F45734294C235AF97400150003B03922808FFFFFF0000280000FFFFFF
2026-04-22 16:28:11.256,"[{""Protocol"":""0x2525"",""MessageType"":""LocationInfoMessage"",""ProtocolHeadType"":19,""Imei"":""869487064485674"",""SerialNo"":28740,""Mileage"":5735204,""Date"":""2026-04-22T16:28:49Z"",""IopIgnition"":true,""Latitude"":4.7408671379089355,""Longitude"":-74.127876281738281,""Altitude"":2565.60009765625,""ExternalPowerVoltage"":28.11,""Rpm"":-999,""Speed"":10.0,""SatelliteNumber"":17,""Azimuth"":63,""BatteryLevel"":100}]",0x252513005970440869487064485674003C38402D000000645100000007000061000000FFFFFFFFFFFFFFFFFFFF00D500578324002604221628499A592045794194C22FB597400100003F03922811FFFFFF0000280000FFFFFF
2026-04-22 16:29:12.113,"[{""Protocol"":""0x2525"",""MessageType"":""LocationInfoMessage"",""ProtocolHeadType"":19,""Imei"":""869487064485674"",""SerialNo"":28741,""Mileage"":5735219,""Date"":""2026-04-22T16:29:50Z"",""IopIgnition"":true,""Latitude"":4.7409186363220215,""Longitude"":-74.127754211425781,""Altitude"":2564.300048828125,""ExternalPowerVoltage"":28.06,""Rpm"":-999,""Speed"":0.0,""SatelliteNumber"":15,""Azimuth"":72,""BatteryLevel"":100}]",0x252513005970450869487064485674003C38402D000000644F00000007000061000000FFFFFFFFFFFFFFFFFFFF00D50057833300260422162950CD442045694194C29BB597400000004803922806FFFFFF0000270000FFFFFF
2026-04-22 16:30:12.029,"[{""Protocol"":""0x2525"",""MessageType"":""LocationInfoMessage"",""ProtocolHeadType"":19,""Imei"":""869487064485674"",""SerialNo"":28742,""Mileage"":5735219,""Date"":""2026-04-22T16:30:50Z"",""IopIgnition"":true,""Latitude"":4.7409186363220215,""Longitude"":-74.127754211425781,""Altitude"":2564.300048828125,""ExternalPowerVoltage"":27.93,""Rpm"":-999,""Speed"":0.0,""SatelliteNumber"":16,""Azimuth"":72,""BatteryLevel"":100}]",0x252513005970460869487064485674003C38402D000000645000000007000061000000FFFFFFFFFFFFFFFFFFFF00D50057833300260422163050CD442045694194C29BB597400000004803922793FFFFFF0000270000FFFFFF
2026-04-22 16:31:11.862,"[{""Protocol"":""0x2525"",""MessageType"":""LocationInfoMessage"",""ProtocolHeadType"":19,""Imei"":""869487064485674"",""SerialNo"":28743,""Mileage"":5735219,""Date"":""2026-04-22T16:31:50Z"",""IopIgnition"":true,""Latitude"":4.7409186363220215,""Longitude"":-74.127754211425781,""Altitude"":2564.300048828125,""ExternalPowerVoltage"":28.06,""Rpm"":-999,""Speed"":0.0,""SatelliteNumber"":15,""Azimuth"":72,""BatteryLevel"":100}]",0x252513005970470869487064485674003C38402D000000644F00000007000061000000FFFFFFFFFFFFFFFFFFFF00D50057833300260422163150CD442045694194C29BB597400000004803922806FFFFFF0000270000FFFFFF
2026-04-22 16:31:59.197,"[{""Protocol"":""0x2525"",""MessageType"":""LocationAlarmMessage"",""ProtocolHeadType"":20,""Imei"":""869487064485674"",""SerialNo"":1079,""Mileage"":5735219,""Date"":""2026-04-22T16:32:37Z"",""IopIgnition"":false,""Latitude"":4.7409186363220215,""Longitude"":-74.127754211425781,""Altitude"":2564.300048828125,""ExternalPowerVoltage"":27.76,""Rpm"":-999,""Speed"":0.0,""SatelliteNumber"":14,""Azimuth"":72,""OriginalAlarmCode"":23}]",0x252514005904370869487064485674003C38402D000000644E00000007000020000000FFFFFFFFFFFFFFFFFFFF17D50057833300260422163237CD442045694194C29BB597400000004803922776FFFFFF0000270000FFFFFF
2026-04-22 17:23:54.671,"[{""Protocol"":""0x2525"",""MessageType"":""LocationAlarmMessage"",""ProtocolHeadType"":20,""Imei"":""869487064485674"",""SerialNo"":1080,""Mileage"":5735219,""Date"":""2026-04-22T17:24:32Z"",""IopIgnition"":true,""Latitude"":4.7409186363220215,""Longitude"":-74.127754211425781,""Altitude"":2564.300048828125,""ExternalPowerVoltage"":25.43,""Rpm"":-999,""Speed"":0.0,""SatelliteNumber"":16,""Azimuth"":72,""OriginalAlarmCode"":22}]",0x252514005904380869487064485674003C38402D000000645000000007000061000000FFFFFFFFFFFFFFFFFFFF16D50057833300260422172432CD442045694194C29BB597400000004803922543FFFFFF0000260000FFFFFF
2026-04-22 17:24:55.573,"[{""Protocol"":""0x2525"",""MessageType"":""LocationInfoMessage"",""ProtocolHeadType"":19,""Imei"":""869487064485674"",""SerialNo"":28744,""Mileage"":5735219,""Date"":""2026-04-22T17:25:33Z"",""IopIgnition"":true,""Latitude"":4.7409186363220215,""Longitude"":-74.127754211425781,""Altitude"":2564.300048828125,""ExternalPowerVoltage"":27.29,""Rpm"":-999,""Speed"":0.0,""SatelliteNumber"":15,""Azimuth"":72,""BatteryLevel"":100}]",0x252513005970480869487064485674003C38402D000000644F00000007000061000000FFFFFFFFFFFFFFFFFFFF00D50057833300260422172533CD442045694194C29BB597400000004803922729FFFFFF0000260000FFFFFF
2026-04-22 17:25:55.440,"[{""Protocol"":""0x2525"",""MessageType"":""LocationInfoMessage"",""ProtocolHeadType"":19,""Imei"":""869487064485674"",""SerialNo"":28745,""Mileage"":5735219,""Date"":""2026-04-22T17:26:33Z"",""IopIgnition"":true,""Latitude"":4.7409186363220215,""Longitude"":-74.127754211425781,""Altitude"":2564.300048828125,""ExternalPowerVoltage"":25.94,""Rpm"":-999,""Speed"":0.0,""SatelliteNumber"":13,""Azimuth"":72,""BatteryLevel"":100}]",0x252513005970490869487064485674003C38402D000000644D00000007000061000000FFFFFFFFFFFFFFFFFFFF00D50057833300260422172633CD442045694194C29BB597400000004803922594FFFFFF0000260001FFFFFF
2026-04-22 17:26:55.346,"[{""Protocol"":""0x2525"",""MessageType"":""LocationInfoMessage"",""ProtocolHeadType"":19,""Imei"":""869487064485674"",""SerialNo"":28746,""Mileage"":5735340,""Date"":""2026-04-22T17:27:33Z"",""IopIgnition"":true,""Latitude"":4.7413625717163086,""Longitude"":-74.126785278320313,""Altitude"":2565.89990234375,""ExternalPowerVoltage"":26.64,""Rpm"":-999,""Speed"":5.0,""SatelliteNumber"":17,""Azimuth"":79,""BatteryLevel"":100}]",0x2525130059704A0869487064485674003C38402D000000605100000007000061000000FFFFFFFFFFFFFFFFFFFF00D5005783AC00260422172733665E2045EA4094C23EB997400050004F03922664FFFFFF0000270000FFFFFF
2026-04-22 17:27:55.154,"[{""Protocol"":""0x2525"",""MessageType"":""LocationInfoMessage"",""ProtocolHeadType"":19,""Imei"":""869487064485674"",""SerialNo"":28747,""Mileage"":5735340,""Date"":""2026-04-22T17:28:33Z"",""IopIgnition"":true,""Latitude"":4.7413625717163086,""Longitude"":-74.126785278320313,""Altitude"":2565.89990234375,""ExternalPowerVoltage"":25.99,""Rpm"":-999,""Speed"":0.0,""SatelliteNumber"":17,""Azimuth"":79,""BatteryLevel"":100}]",0x2525130059704B0869487064485674003C38402D000000595100000007000061000000FFFFFFFFFFFFFFFFFFFF00D5005783AC00260422172833665E2045EA4094C23EB997400000004F03922599FFFFFF0000260000FFFFFF
2026-04-22 17:28:55.074,"[{""Protocol"":""0x2525"",""MessageType"":""LocationInfoMessage"",""ProtocolHeadType"":19,""Imei"":""869487064485674"",""SerialNo"":28748,""Mileage"":5735340,""Date"":""2026-04-22T17:29:32Z"",""IopIgnition"":true,""Latitude"":4.7413625717163086,""Longitude"":-74.126785278320313,""Altitude"":2565.89990234375,""ExternalPowerVoltage"":25.42,""Rpm"":-999,""Speed"":0.0,""SatelliteNumber"":16,""Azimuth"":79,""BatteryLevel"":100}]",0x2525130059704C0869487064485674003C38402D000000595000000007000061000000FFFFFFFFFFFFFFFFFFFF00D5005783AC00260422172932665E2045EA4094C23EB997400000004F03922542FFFFFF0000260000FFFFFF
2026-04-22 17:29:55.966,"[{""Protocol"":""0x2525"",""MessageType"":""LocationInfoMessage"",""ProtocolHeadType"":19,""Imei"":""869487064485674"",""SerialNo"":28749,""Mileage"":5735340,""Date"":""2026-04-22T17:30:33Z"",""IopIgnition"":true,""Latitude"":4.7413625717163086,""Longitude"":-74.126785278320313,""Altitude"":2565.89990234375,""ExternalPowerVoltage"":25.58,""Rpm"":-999,""Speed"":0.0,""SatelliteNumber"":16,""Azimuth"":79,""BatteryLevel"":100}]",0x2525130059704D0869487064485674003C38402D000000565000000007000061000000FFFFFFFFFFFFFFFFFFFF00D5005783AC00260422173033665E2045EA4094C23EB997400000004F03922558FFFFFF0000260000FFFFFF
2026-04-22 17:30:55.862,"[{""Protocol"":""0x2525"",""MessageType"":""LocationInfoMessage"",""ProtocolHeadType"":19,""Imei"":""869487064485674"",""SerialNo"":28750,""Mileage"":5735340,""Date"":""2026-04-22T17:31:33Z"",""IopIgnition"":true,""Latitude"":4.7413625717163086,""Longitude"":-74.126785278320313,""Altitude"":2565.89990234375,""ExternalPowerVoltage"":26.51,""Rpm"":-999,""Speed"":0.0,""SatelliteNumber"":16,""Azimuth"":79,""BatteryLevel"":100}]",0x2525130059704E0869487064485674003C38402D000000645000000007000061000000FFFFFFFFFFFFFFFFFFFF00D5005783AC00260422173133665E2045EA4094C23EB997400000004F03922651FFFFFF0000260000FFFFFF
2026-04-22 17:31:55.706,"[{""Protocol"":""0x2525"",""MessageType"":""LocationInfoMessage"",""ProtocolHeadType"":19,""Imei"":""869487064485674"",""SerialNo"":28751,""Mileage"":5735340,""Date"":""2026-04-22T17:32:33Z"",""IopIgnition"":true,""Latitude"":4.7413625717163086,""Longitude"":-74.126785278320313,""Altitude"":2565.89990234375,""ExternalPowerVoltage"":26.72,""Rpm"":-999,""Speed"":0.0,""SatelliteNumber"":16,""Azimuth"":79,""BatteryLevel"":100}]",0x2525130059704F0869487064485674003C38402D0000005D5000000007000061000000FFFFFFFFFFFFFFFFFFFF00D5005783AC00260422173233665E2045EA4094C23EB997400000004F03922672FFFFFF0000260000FFFFFF
2026-04-22 17:32:55.634,"[{""Protocol"":""0x2525"",""MessageType"":""LocationInfoMessage"",""ProtocolHeadType"":19,""Imei"":""869487064485674"",""SerialNo"":28752,""Mileage"":5735340,""Date"":""2026-04-22T17:33:33Z"",""IopIgnition"":true,""Latitude"":4.7413625717163086,""Longitude"":-74.126785278320313,""Altitude"":2565.89990234375,""ExternalPowerVoltage"":26.29,""Rpm"":-999,""Speed"":0.0,""SatelliteNumber"":16,""Azimuth"":79,""BatteryLevel"":100}]",0x252513005970500869487064485674003C38402D000000595000000007000061000000FFFFFFFFFFFFFFFFFFFF00D5005783AC00260422173333665E2045EA4094C23EB997400000004F03922629FFFFFF0000260000FFFFFF
2026-04-22 17:33:55.449,"[{""Protocol"":""0x2525"",""MessageType"":""LocationInfoMessage"",""ProtocolHeadType"":19,""Imei"":""869487064485674"",""SerialNo"":28753,""Mileage"":5735476,""Date"":""2026-04-22T17:34:33Z"",""IopIgnition"":true,""Latitude"":4.7419190406799316,""Longitude"":-74.125686645507813,""Altitude"":2565.10009765625,""ExternalPowerVoltage"":27.91,""Rpm"":-999,""Speed"":16.0,""SatelliteNumber"":15,""Azimuth"":65,""BatteryLevel"":100}]",0x252513005970510869487064485674003C38402D000000644F00000007000061000000FFFFFFFFFFFFFFFFFFFF00D500578434002604221734339A5120455A4094C2CDBD97400160004103922791FFFFFF0000260000FFFFFF
2026-04-22 17:34:55.350,"[{""Protocol"":""0x2525"",""MessageType"":""LocationInfoMessage"",""ProtocolHeadType"":19,""Imei"":""869487064485674"",""SerialNo"":28754,""Mileage"":5735568,""Date"":""2026-04-22T17:35:33Z"",""IopIgnition"":true,""Latitude"":4.7422499656677246,""Longitude"":-74.124931335449219,""Altitude"":2565.699951171875,""ExternalPowerVoltage"":27.85,""Rpm"":-999,""Speed"":7.0,""SatelliteNumber"":16,""Azimuth"":52,""BatteryLevel"":100}]",0x252513005970520869487064485674003C38402D000000645000000007000061000000FFFFFFFFFFFFFFFFFFFF00D50057849000260422173533335B2045F73F94C283C097400070003403922785FFFFFF0000260000FFFFFF
2026-04-22 17:35:55.199,"[{""Protocol"":""0x2525"",""MessageType"":""LocationInfoMessage"",""ProtocolHeadType"":19,""Imei"":""869487064485674"",""SerialNo"":28755,""Mileage"":5735583,""Date"":""2026-04-22T17:36:33Z"",""IopIgnition"":true,""Latitude"":4.7422847747802734,""Longitude"":-74.124809265136719,""Altitude"":2565.300048828125,""ExternalPowerVoltage"":25.95,""Rpm"":-999,""Speed"":0.0,""SatelliteNumber"":14,""Azimuth"":62,""BatteryLevel"":100}]",0x252513005970530869487064485674003C38402D000000524E00000007000061000000FFFFFFFFFFFFFFFFFFFF00D50057849F00260422173633CD542045E73F94C2CCC097400000003E03922595FFFFFF0000270000FFFFFF
2026-04-22 17:36:55.076,"[{""Protocol"":""0x2525"",""MessageType"":""LocationInfoMessage"",""ProtocolHeadType"":19,""Imei"":""869487064485674"",""SerialNo"":28756,""Mileage"":5735676,""Date"":""2026-04-22T17:37:32Z"",""IopIgnition"":true,""Latitude"":4.7425417900085449,""Longitude"":-74.124008178710938,""Altitude"":2565.0,""ExternalPowerVoltage"":26.46,""Rpm"":-999,""Speed"":6.0,""SatelliteNumber"":16,""Azimuth"":73,""BatteryLevel"":100}]",0x252513005970540869487064485674003C38402D000000645000000007000061000000FFFFFFFFFFFFFFFFFFFF00D5005784FC00260422173732005020457E3F94C2E7C297400060004903922646FFFFFF0000270000FFFFFF
2026-04-22 17:37:55.953,"[{""Protocol"":""0x2525"",""MessageType"":""LocationInfoMessage"",""ProtocolHeadType"":19,""Imei"":""869487064485674"",""SerialNo"":28757,""Mileage"":5735723,""Date"":""2026-04-22T17:38:33Z"",""IopIgnition"":true,""Latitude"":4.7427196502685547,""Longitude"":-74.123626708984375,""Altitude"":2565.39990234375,""ExternalPowerVoltage"":27.12,""Rpm"":-999,""Speed"":7.0,""SatelliteNumber"":14,""Azimuth"":70,""BatteryLevel"":100}]",0x252513005970550869487064485674003C38402D000000644E00000007000061000000FFFFFFFFFFFFFFFFFFFF00D50057852B00260422173833665620454C3F94C25CC497400070004603922712FFFFFF0000260000FFFFFF
2026-04-22 17:38:55.873,"[{""Protocol"":""0x2525"",""MessageType"":""LocationInfoMessage"",""ProtocolHeadType"":19,""Imei"":""869487064485674"",""SerialNo"":28758,""Mileage"":5735740,""Date"":""2026-04-22T17:39:33Z"",""IopIgnition"":true,""Latitude"":4.7428011894226074,""Longitude"":-74.123497009277344,""Altitude"":2564.5,""ExternalPowerVoltage"":26.06,""Rpm"":-999,""Speed"":0.0,""SatelliteNumber"":17,""Azimuth"":80,""BatteryLevel"":100}]",0x252513005970560869487064485674003C38402D000000645100000007000061000000FFFFFFFFFFFFFFFFFFFF00D50057853C00260422173933004820453B3F94C207C597400000005003922606FFFFFF0000270000FFFFFF
2026-04-22 17:39:55.721,"[{""Protocol"":""0x2525"",""MessageType"":""LocationInfoMessage"",""ProtocolHeadType"":19,""Imei"":""869487064485674"",""SerialNo"":28759,""Mileage"":5735800,""Date"":""2026-04-22T17:40:33Z"",""IopIgnition"":true,""Latitude"":4.7430133819580078,""Longitude"":-74.123001098632813,""Altitude"":2565.60009765625,""ExternalPowerVoltage"":26.03,""Rpm"":-999,""Speed"":0.0,""SatelliteNumber"":17,""Azimuth"":55,""BatteryLevel"":100}]",0x252513005970570869487064485674003C38402D000000645100000007000061000000FFFFFFFFFFFFFFFFFFFF00D500578578002604221740339A592045FA3E94C2C4C697400000003703922603FFFFFF0000270000FFFFFF
2026-04-22 17:40:55.760,"[{""Protocol"":""0x2525"",""MessageType"":""LocationInfoMessage"",""ProtocolHeadType"":19,""Imei"":""869487064485674"",""SerialNo"":28760,""Mileage"":5735828,""Date"":""2026-04-22T17:41:33Z"",""IopIgnition"":true,""Latitude"":4.7430830001831055,""Longitude"":-74.122756958007813,""Altitude"":2566.5,""ExternalPowerVoltage"":27.76,""Rpm"":-999,""Speed"":0.0,""SatelliteNumber"":16,""Azimuth"":76,""BatteryLevel"":100}]",0x252513005970580869487064485674003C38402D000000645000000007000061000000FFFFFFFFFFFFFFFFFFFF00D5005785940026042217413300682045DA3E94C256C797400000004C03922776FFFFFF0000260000FFFFFF
2026-04-22 17:41:55.588,"[{""Protocol"":""0x2525"",""MessageType"":""LocationInfoMessage"",""ProtocolHeadType"":19,""Imei"":""869487064485674"",""SerialNo"":28761,""Mileage"":5735828,""Date"":""2026-04-22T17:42:33Z"",""IopIgnition"":true,""Latitude"":4.7430830001831055,""Longitude"":-74.122756958007813,""Altitude"":2566.5,""ExternalPowerVoltage"":26.06,""Rpm"":-999,""Speed"":0.0,""SatelliteNumber"":16,""Azimuth"":76,""BatteryLevel"":100}]",0x252513005970590869487064485674003C38402D000000645000000007000061000000FFFFFFFFFFFFFFFFFFFF00D5005785940026042217423300682045DA3E94C256C797400000004C03922606FFFFFF0000260000FFFFFF
2026-04-22 17:42:55.524,"[{""Protocol"":""0x2525"",""MessageType"":""LocationInfoMessage"",""ProtocolHeadType"":19,""Imei"":""869487064485674"",""SerialNo"":28762,""Mileage"":5735906,""Date"":""2026-04-22T17:43:33Z"",""IopIgnition"":true,""Latitude"":4.7433691024780273,""Longitude"":-74.122116088867188,""Altitude"":2565.300048828125,""ExternalPowerVoltage"":27.27,""Rpm"":-999,""Speed"":6.0,""SatelliteNumber"":18,""Azimuth"":68,""BatteryLevel"":100}]",0x2525130059705A0869487064485674003C38402D000000645200000007000061000000FFFFFFFFFFFFFFFFFFFF00D5005785E200260422174333CD542045863E94C2AEC997400060004403922727FFFFFF0000260000FFFFFF
2026-04-22 17:43:55.352,"[{""Protocol"":""0x2525"",""MessageType"":""LocationInfoMessage"",""ProtocolHeadType"":19,""Imei"":""869487064485674"",""SerialNo"":28763,""Mileage"":5735950,""Date"":""2026-04-22T17:44:33Z"",""IopIgnition"":true,""Latitude"":4.7435035705566406,""Longitude"":-74.121742248535156,""Altitude"":2565.800048828125,""ExternalPowerVoltage"":26.14,""Rpm"":-999,""Speed"":0.0,""SatelliteNumber"":18,""Azimuth"":74,""BatteryLevel"":100}]",0x2525130059705B0869487064485674003C38402D000000645200000007000061000000FFFFFFFFFFFFFFFFFFFF00D50057860E00260422174433CD5C2045553E94C2C8CA97400000004A03922614FFFFFF0000260000FFFFFF
2026-04-22 17:44:55.257,"[{""Protocol"":""0x2525"",""MessageType"":""LocationInfoMessage"",""ProtocolHeadType"":19,""Imei"":""869487064485674"",""SerialNo"":28764,""Mileage"":5735992,""Date"":""2026-04-22T17:45:33Z"",""IopIgnition"":true,""Latitude"":4.7436785697937012,""Longitude"":-74.121421813964844,""Altitude"":2566.800048828125,""ExternalPowerVoltage"":27.89,""Rpm"":-999,""Speed"":21.0,""SatelliteNumber"":16,""Azimuth"":70,""BatteryLevel"":100}]",0x2525130059705C0869487064485674003C38402D000000645000000007000061000000FFFFFFFFFFFFFFFFFFFF00D50057863800260422174533CD6C20452B3E94C237CC97400210004603922789FFFFFF0000260000FFFFFF
2026-04-22 17:45:55.097,"[{""Protocol"":""0x2525"",""MessageType"":""LocationInfoMessage"",""ProtocolHeadType"":19,""Imei"":""869487064485674"",""SerialNo"":28765,""Mileage"":5736187,""Date"":""2026-04-22T17:46:32Z"",""IopIgnition"":true,""Latitude"":4.7443075180053711,""Longitude"":-74.119781494140625,""Altitude"":2562.699951171875,""ExternalPowerVoltage"":27.94,""Rpm"":-999,""Speed"":28.0,""SatelliteNumber"":14,""Azimuth"":70,""BatteryLevel"":100}]",0x2525130059705D0869487064485674003C38402D000000644E00000007000061000000FFFFFFFFFFFFFFFFFFFF00D5005786FB00260422174632332B2045543D94C25ED197400280004603922794FFFFFF0000260000FFFFFF
2026-04-22 17:46:38.351,"[{""Protocol"":""0x2525"",""MessageType"":""LocationInfoMessage"",""ProtocolHeadType"":19,""Imei"":""869487064485674"",""SerialNo"":28766,""Mileage"":5736536,""Date"":""2026-04-22T17:47:16Z"",""IopIgnition"":true,""Latitude"":4.74511194229126,""Longitude"":-74.11688232421875,""Altitude"":2558.10009765625,""ExternalPowerVoltage"":27.91,""Rpm"":-999,""Speed"":21.0,""SatelliteNumber"":17,""Azimuth"":119,""BatteryLevel"":100}]",0x2525130059705E0869487064485674003C38402D000000645100000007000061000000FFFFFFFFFFFFFFFFFFFF00D500578858002604221747169AE11F45D83B94C2F5D797400210007703922791FFFFFF0000270000FFFFFF
2026-04-22 17:47:03.207,"[{""Protocol"":""0x2525"",""MessageType"":""LocationInfoMessage"",""ProtocolHeadType"":19,""Imei"":""869487064485674"",""SerialNo"":28767,""Mileage"":5736720,""Date"":""2026-04-22T17:47:41Z"",""IopIgnition"":true,""Latitude"":4.74430513381958,""Longitude"":-74.115447998046875,""Altitude"":2568.60009765625,""ExternalPowerVoltage"":27.16,""Rpm"":-999,""Speed"":12.0,""SatelliteNumber"":16,""Azimuth"":64,""BatteryLevel"":100}]",0x2525130059705F0869487064485674003C38402D0000005D5000000007000061000000FFFFFFFFFFFFFFFFFFFF00D500578910002604221747419A8920451C3B94C259D197400120004003922716FFFFFF0000280000FFFFFF
2026-04-22 17:47:21.355,"[{""Protocol"":""0x2525"",""MessageType"":""LocationInfoMessage"",""ProtocolHeadType"":19,""Imei"":""869487064485674"",""SerialNo"":28768,""Mileage"":5736814,""Date"":""2026-04-22T17:47:59Z"",""IopIgnition"":true,""Latitude"":4.7450466156005859,""Longitude"":-74.115058898925781,""Altitude"":2572.699951171875,""ExternalPowerVoltage"":27.93,""Rpm"":-999,""Speed"":20.0,""SatelliteNumber"":17,""Azimuth"":15,""BatteryLevel"":100}]",0x252513005970600869487064485674003C38402D000000485100000007000061000000FFFFFFFFFFFFFFFFFFFF00D50057896E0026042217475933CB2045E93A94C26CD797400200000F03922793FFFFFF0000270000FFFFFF
2026-04-22 17:48:55.208,"[{""Protocol"":""0x2525"",""MessageType"":""LocationInfoMessage"",""ProtocolHeadType"":19,""Imei"":""869487064485674"",""SerialNo"":28769,""Mileage"":5737031,""Date"":""2026-04-22T17:49:33Z"",""IopIgnition"":true,""Latitude"":4.7466998100280762,""Longitude"":-74.114128112792969,""Altitude"":2572.800048828125,""ExternalPowerVoltage"":26.93,""Rpm"":-999,""Speed"":0.0,""SatelliteNumber"":16,""Azimuth"":35,""BatteryLevel"":100}]",0x252513005970610869487064485674003C38402D0000004B5000000007000061000000FFFFFFFFFFFFFFFFFFFF00D500578A4700260422174933CDCC20456F3A94C2F7E497400000002303922693FFFFFF0000270000FFFFFF
2026-04-22 17:49:55.139,"[{""Protocol"":""0x2525"",""MessageType"":""LocationInfoMessage"",""ProtocolHeadType"":19,""Imei"":""869487064485674"",""SerialNo"":28770,""Mileage"":5737031,""Date"":""2026-04-22T17:50:32Z"",""IopIgnition"":true,""Latitude"":4.7466998100280762,""Longitude"":-74.114128112792969,""Altitude"":2572.800048828125,""ExternalPowerVoltage"":27.36,""Rpm"":-999,""Speed"":0.0,""SatelliteNumber"":16,""Azimuth"":35,""BatteryLevel"":100}]",0x252513005970620869487064485674003C38402D0000005D5000000007000061000000FFFFFFFFFFFFFFFFFFFF00D500578A4700260422175032CDCC20456F3A94C2F7E497400000002303922736FFFFFF0000280000FFFFFF
2026-04-22 17:50:54.945,"[{""Protocol"":""0x2525"",""MessageType"":""LocationInfoMessage"",""ProtocolHeadType"":19,""Imei"":""869487064485674"",""SerialNo"":28771,""Mileage"":5737279,""Date"":""2026-04-22T17:51:32Z"",""IopIgnition"":true,""Latitude"":4.7485032081604,""Longitude"":-74.112869262695313,""Altitude"":2573.10009765625,""ExternalPowerVoltage"":27.86,""Rpm"":-999,""Speed"":23.0,""SatelliteNumber"":16,""Azimuth"":23,""BatteryLevel"":100}]",0x252513005970630869487064485674003C38402D000000645000000007000061000000FFFFFFFFFFFFFFFFFFFF00D500578B3F002604221751329AD12045CA3994C2BDF397400230001703922786FFFFFF0000270000FFFFFF
2026-04-22 17:51:56.030,"[{""Protocol"":""0x2525"",""MessageType"":""LocationInfoMessage"",""ProtocolHeadType"":19,""Imei"":""869487064485674"",""SerialNo"":28772,""Mileage"":5737606,""Date"":""2026-04-22T17:52:33Z"",""IopIgnition"":true,""Latitude"":4.751032829284668,""Longitude"":-74.111381530761719,""Altitude"":2579.199951171875,""ExternalPowerVoltage"":27.88,""Rpm"":-999,""Speed"":33.0,""SatelliteNumber"":15,""Azimuth"":27,""BatteryLevel"":100}]",0x252513005970640869487064485674003C38402D000000564F00000007000061000000FFFFFFFFFFFFFFFFFFFF00D500578C860026042217523333332145073994C2760898400330001B03922788FFFFFF0000260000FFFFFF
2026-04-22 17:52:55.739,"[{""Protocol"":""0x2525"",""MessageType"":""LocationInfoMessage"",""ProtocolHeadType"":19,""Imei"":""869487064485674"",""SerialNo"":28773,""Mileage"":5737902,""Date"":""2026-04-22T17:53:33Z"",""IopIgnition"":true,""Latitude"":4.7534480094909668,""Longitude"":-74.110427856445313,""Altitude"":2581.0,""ExternalPowerVoltage"":26.06,""Rpm"":-999,""Speed"":8.0,""SatelliteNumber"":18,""Azimuth"":31,""BatteryLevel"":100}]",0x252513005970650869487064485674003C38402D000000485200000007000061000000FFFFFFFFFFFFFFFFFFFF00D500578DAE00260422175333005021458A3894C23F1C98400080001F03922606FFFFFF0000260000FFFFFF
2026-04-22 17:53:11.351,"[{""Protocol"":""0x2525"",""MessageType"":""LocationInfoMessage"",""ProtocolHeadType"":19,""Imei"":""869487064485674"",""SerialNo"":28774,""Mileage"":5737945,""Date"":""2026-04-22T17:53:49Z"",""IopIgnition"":true,""Latitude"":4.7537450790405273,""Longitude"":-74.110214233398438,""Altitude"":2579.300048828125,""ExternalPowerVoltage"":25.85,""Rpm"":-999,""Speed"":5.0,""SatelliteNumber"":18,""Azimuth"":345,""BatteryLevel"":100}]",0x252513005970660869487064485674003C38402D000000485200000007000061000000FFFFFFFFFFFFFFFFFFFF00D500578DD900260422175349CD3421456E3894C2AE1E98400050015903922585FFFFFF0000280000FFFFFF
2026-04-22 17:53:14.178,"[{""Protocol"":""0x2525"",""MessageType"":""LocationInfoMessage"",""ProtocolHeadType"":19,""Imei"":""869487064485674"",""SerialNo"":28775,""Mileage"":5737949,""Date"":""2026-04-22T17:53:52Z"",""IopIgnition"":true,""Latitude"":4.7537760734558105,""Longitude"":-74.110244750976563,""Altitude"":2579.5,""ExternalPowerVoltage"":26.63,""Rpm"":-999,""Speed"":5.0,""SatelliteNumber"":18,""Azimuth"":294,""BatteryLevel"":100}]",0x252513005970670869487064485674003C38402D000000485200000007000061000000FFFFFFFFFFFFFFFFFFFF00D500578DDD0026042217535200382145723894C2EF1E98400050012603922663FFFFFF0000280000FFFFFF
2026-04-22 17:53:18.350,"[{""Protocol"":""0x2525"",""MessageType"":""LocationInfoMessage"",""ProtocolHeadType"":19,""Imei"":""869487064485674"",""SerialNo"":28776,""Mileage"":5737957,""Date"":""2026-04-22T17:53:56Z"",""IopIgnition"":true,""Latitude"":4.7537808418273926,""Longitude"":-74.110313415527344,""Altitude"":2579.10009765625,""ExternalPowerVoltage"":26.86,""Rpm"":-999,""Speed"":6.0,""SatelliteNumber"":18,""Azimuth"":237,""BatteryLevel"":100}]",0x252513005970680869487064485674003C38402D000000485200000007000061000000FFFFFFFFFFFFFFFFFFFF00D500578DE5002604221753569A3121457B3894C2F91E9840006000ED03922686FFFFFF0000290000FFFFFF
2026-04-22 17:54:56.175,"[{""Protocol"":""0x2525"",""MessageType"":""LocationInfoMessage"",""ProtocolHeadType"":19,""Imei"":""869487064485674"",""SerialNo"":28777,""Mileage"":5737957,""Date"":""2026-04-22T17:55:33Z"",""IopIgnition"":true,""Latitude"":4.7537808418273926,""Longitude"":-74.110313415527344,""Altitude"":2579.10009765625,""ExternalPowerVoltage"":25.51,""Rpm"":-999,""Speed"":0.0,""SatelliteNumber"":17,""Azimuth"":237,""BatteryLevel"":100}]",0x252513005970690869487064485674003C38402D000000445100000007000061000000FFFFFFFFFFFFFFFFFFFF00D500578DE5002604221755339A3121457B3894C2F91E9840000000ED03922551FFFFFF0000270000FFFFFF
2026-04-22 17:55:18.358,"[{""Protocol"":""0x2525"",""MessageType"":""LocationInfoMessage"",""ProtocolHeadType"":19,""Imei"":""869487064485674"",""SerialNo"":28778,""Mileage"":5737973,""Date"":""2026-04-22T17:55:56Z"",""IopIgnition"":true,""Latitude"":4.7536368370056152,""Longitude"":-74.110298156738281,""Altitude"":2577.60009765625,""ExternalPowerVoltage"":26.82,""Rpm"":-999,""Speed"":7.0,""SatelliteNumber"":18,""Azimuth"":120,""BatteryLevel"":100}]",0x2525130059706A0869487064485674003C38402D000000565200000007000061000000FFFFFFFFFFFFFFFFFFFF00D500578DF5002604221755569A192145793894C2CB1D98400070007803922682FFFFFF0000270000FFFFFF
2026-04-22 17:56:55.406,"[{""Protocol"":""0x2525"",""MessageType"":""LocationInfoMessage"",""ProtocolHeadType"":19,""Imei"":""869487064485674"",""SerialNo"":28779,""Mileage"":5738037,""Date"":""2026-04-22T17:57:33Z"",""IopIgnition"":true,""Latitude"":4.7533841133117676,""Longitude"":-74.109786987304688,""Altitude"":2577.39990234375,""ExternalPowerVoltage"":28.07,""Rpm"":-999,""Speed"":18.0,""SatelliteNumber"":17,""Azimuth"":116,""BatteryLevel"":100}]",0x2525130059706B0869487064485674003C38402D0000004F5100000007000061000000FFFFFFFFFFFFFFFFFFFF00D500578E350026042217573366162145363894C2B91B98400180007403922807FFFFFF0000260000FFFFFF
2026-04-22 17:57:26.348,"[{""Protocol"":""0x2525"",""MessageType"":""LocationInfoMessage"",""ProtocolHeadType"":19,""Imei"":""869487064485674"",""SerialNo"":28780,""Mileage"":5738183,""Date"":""2026-04-22T17:58:04Z"",""IopIgnition"":true,""Latitude"":4.7528600692749023,""Longitude"":-74.108589172363281,""Altitude"":2576.699951171875,""ExternalPowerVoltage"":28.05,""Rpm"":-999,""Speed"":10.0,""SatelliteNumber"":18,""Azimuth"":69,""BatteryLevel"":100}]",0x2525130059706C0869487064485674003C38402D000000565200000007000061000000FFFFFFFFFFFFFFFFFFFF00D500578EC700260422175804330B2145993794C26E1798400100004503922805FFFFFF0000270000FFFFFF
2026-04-22 17:57:28.195,"[{""Protocol"":""0x2525"",""MessageType"":""LocationInfoMessage"",""ProtocolHeadType"":19,""Imei"":""869487064485674"",""SerialNo"":28781,""Mileage"":5738191,""Date"":""2026-04-22T17:58:06Z"",""IopIgnition"":true,""Latitude"":4.7529153823852539,""Longitude"":-74.1085433959961,""Altitude"":2576.300048828125,""ExternalPowerVoltage"":28.05,""Rpm"":-999,""Speed"":15.0,""SatelliteNumber"":17,""Azimuth"":22,""BatteryLevel"":100}]",0x2525130059706D0869487064485674003C38402D000000565100000007000061000000FFFFFFFFFFFFFFFFFFFF00D500578ECF00260422175806CD042145933794C2E21798400150001603922805FFFFFF0000270000FFFFFF
2026-04-22 17:58:11.115,"[{""Protocol"":""0x2525"",""MessageType"":""LocationInfoMessage"",""ProtocolHeadType"":19,""Imei"":""869487064485674"",""SerialNo"":28782,""Mileage"":5738453,""Date"":""2026-04-22T17:58:48Z"",""IopIgnition"":true,""Latitude"":4.7544713020324707,""Longitude"":-74.106826782226563,""Altitude"":2572.0,""ExternalPowerVoltage"":27.99,""Rpm"":-999,""Speed"":7.0,""SatelliteNumber"":17,""Azimuth"":80,""BatteryLevel"":100}]",0x2525130059706E0869487064485674003C38402D000000645100000007000061000000FFFFFFFFFFFFFFFFFFFF00D500578FD50026042217584800C02045B23694C2A12498400070005003922799FFFFFF0000270000FFFFFF
2026-04-22 17:58:17.092,"[{""Protocol"":""0x2525"",""MessageType"":""LocationInfoMessage"",""ProtocolHeadType"":19,""Imei"":""869487064485674"",""SerialNo"":28783,""Mileage"":5738461,""Date"":""2026-04-22T17:58:54Z"",""IopIgnition"":true,""Latitude"":4.7544455528259277,""Longitude"":-74.106765747070313,""Altitude"":2571.89990234375,""ExternalPowerVoltage"":28.04,""Rpm"":-999,""Speed"":9.0,""SatelliteNumber"":17,""Azimuth"":141,""BatteryLevel"":100}]",0x2525130059706F0869487064485674003C38402D000000645100000007000061000000FFFFFFFFFFFFFFFFFFFF00D500578FDD0026042217585466BE2045AA3694C26B2498400090008D03922804FFFFFF0000270000FFFFFF
2026-04-22 17:59:55.887,"[{""Protocol"":""0x2525"",""MessageType"":""LocationInfoMessage"",""ProtocolHeadType"":19,""Imei"":""869487064485674"",""SerialNo"":28784,""Mileage"":5738877,""Date"":""2026-04-22T18:00:32Z"",""IopIgnition"":true,""Latitude"":4.7515745162963867,""Longitude"":-74.104362487792969,""Altitude"":2574.60009765625,""ExternalPowerVoltage"":27.8,""Rpm"":-999,""Speed"":0.0,""SatelliteNumber"":17,""Azimuth"":137,""BatteryLevel"":100}]",0x252513005970700869487064485674003C38402D000000645100000007000061000000FFFFFFFFFFFFFFFFFFFF00D50057917D002604221800329AE920456F3594C2E60C98400000008903922780FFFFFF0000260000FFFFFF
2026-04-22 18:00:32.508,"[{""Protocol"":""0x2525"",""MessageType"":""SignInMessage"",""ProtocolHeadType"":0,""Imei"":""869487064485674"",""SerialNo"":279,""Firmware"":""V1.0.1.8"",""Model"":0,""ObdBootVersion"":null,""ObdDataVersion"":null,""ObdHareware"":null,""ObdSoftware"":null,""Platform"":null,""Software"":""V0.0.0""}]",0x2525010017011708694870644856740000030502101812
2026-04-22 18:00:32.636,"[{""Protocol"":""0x2525"",""MessageType"":""NetworkInfoMessage"",""ProtocolHeadType"":0,""Imei"":""869487064485674"",""SerialNo"":259,""AccessTechnology"":""CAT-1"",""Band"":""CAT-1 5"",""Date"":""2026-04-22T18:01:11Z"",""Iccid"":""89571017025023250790"",""Imsi"":""732101725325077"",""NetworkOperator"":""LaSeleNosLlama""}]",0x2525110065010308694870644856742604221801111C4C006100530065006C0065004E006F0073004C006C0061006D006100054341542D31074341542D3120350F373332313031373235333235303737143839353731303137303235303233323530373930
2026-04-22 18:00:36.510,"[{""Protocol"":""0x2525"",""MessageType"":""LocationInfoMessage"",""ProtocolHeadType"":19,""Imei"":""869487064485674"",""SerialNo"":28785,""Mileage"":5738910,""Date"":""2026-04-22T18:01:15Z"",""IopIgnition"":true,""Latitude"":4.75132942199707,""Longitude"":-74.1042709350586,""Altitude"":2575.39990234375,""ExternalPowerVoltage"":28.07,""Rpm"":-999,""Speed"":20.0,""SatelliteNumber"":18,""Azimuth"":211,""BatteryLevel"":100}]",0x252513005970710869487064485674003C38402D000000605200000007000061000000FFFFFFFFFFFFFFFFFFFF00D50057919E0026042218011566F62045633594C2E40A9840020000D303922807FFFFFF0000290000FFFFFF
2026-04-22 18:00:43.394,"[{""Protocol"":""0x2525"",""MessageType"":""LocationInfoMessage"",""ProtocolHeadType"":19,""Imei"":""869487064485674"",""SerialNo"":28786,""Mileage"":5738961,""Date"":""2026-04-22T18:01:22Z"",""IopIgnition"":true,""Latitude"":4.7509279251098633,""Longitude"":-74.104461669921875,""Altitude"":2577.39990234375,""ExternalPowerVoltage"":28.09,""Rpm"":-999,""Speed"":21.0,""SatelliteNumber"":17,""Azimuth"":160,""BatteryLevel"":100}]",0x252513005970720869487064485674003C38402D0000005D5100000007000061000000FFFFFFFFFFFFFFFFFFFF00D5005791D100260422180122661621457C3594C29A079840021000A003922809FFFFFF0000290000FFFFFF
2026-04-22 18:01:10.369,"[{""Protocol"":""0x2525"",""MessageType"":""LocationInfoMessage"",""ProtocolHeadType"":19,""Imei"":""869487064485674"",""SerialNo"":28787,""Mileage"":5739265,""Date"":""2026-04-22T18:01:49Z"",""IopIgnition"":true,""Latitude"":4.7496633529663086,""Longitude"":-74.10205078125,""Altitude"":2579.199951171875,""ExternalPowerVoltage"":28.25,""Rpm"":-999,""Speed"":44.0,""SatelliteNumber"":16,""Azimuth"":114,""BatteryLevel"":100}]",0x252513005970730869487064485674003C38402D000000525000000007000061000000FFFFFFFFFFFFFFFFFFFF00D5005793010026042218014933332145403494C23EFD97400440007203922825FFFFFF0000280000FFFFFF
2026-04-22 18:02:54.310,"[{""Protocol"":""0x2525"",""MessageType"":""LocationInfoMessage"",""ProtocolHeadType"":19,""Imei"":""869487064485674"",""SerialNo"":28788,""Mileage"":5739881,""Date"":""2026-04-22T18:03:32Z"",""IopIgnition"":true,""Latitude"":4.7470636367797852,""Longitude"":-74.09716796875,""Altitude"":2578.60009765625,""ExternalPowerVoltage"":27.61,""Rpm"":-999,""Speed"":13.0,""SatelliteNumber"":17,""Azimuth"":137,""BatteryLevel"":100}]",0x252513005970740869487064485674003C38402D0000005D5100000007000061000000FFFFFFFFFFFFFFFFFFFF00D500579569002604221803329A292145C03194C2F2E797400130008903922761FFFFFF0000260000FFFFFF
2026-04-22 18:03:54.206,"[{""Protocol"":""0x2525"",""MessageType"":""LocationInfoMessage"",""ProtocolHeadType"":19,""Imei"":""869487064485674"",""SerialNo"":28789,""Mileage"":5739957,""Date"":""2026-04-22T18:04:32Z"",""IopIgnition"":true,""Latitude"":4.7466130256652832,""Longitude"":-74.0966567993164,""Altitude"":2578.0,""ExternalPowerVoltage"":28.51,""Rpm"":-999,""Speed"":19.0,""SatelliteNumber"":18,""Azimuth"":134,""BatteryLevel"":100}]",0x252513005970750869487064485674003C38402D000000645200000007000061000000FFFFFFFFFFFFFFFFFFFF00D5005795B500260422180432002021457D3194C241E497400190008603922851FFFFFF0000260000FFFFFF
2026-04-22 18:03:59.398,"[{""Protocol"":""0x2525"",""MessageType"":""LocationInfoMessage"",""ProtocolHeadType"":19,""Imei"":""869487064485674"",""SerialNo"":28790,""Mileage"":5739993,""Date"":""2026-04-22T18:04:38Z"",""IopIgnition"":true,""Latitude"":4.7463216781616211,""Longitude"":-74.0965347290039,""Altitude"":2577.0,""ExternalPowerVoltage"":28.32,""Rpm"":-999,""Speed"":33.0,""SatelliteNumber"":18,""Azimuth"":181,""BatteryLevel"":100}]",0x252513005970760869487064485674003C38402D000000645200000007000061000000FFFFFFFFFFFFFFFFFFFF00D5005795D900260422180438001021456D3194C2DEE19740033000B503922832FFFFFF0000280000FFFFFF
2026-04-22 18:05:54.313,"[{""Protocol"":""0x2525"",""MessageType"":""LocationInfoMessage"",""ProtocolHeadType"":19,""Imei"":""869487064485674"",""SerialNo"":28791,""Mileage"":5740765,""Date"":""2026-04-22T18:06:33Z"",""IopIgnition"":true,""Latitude"":4.7399091720581055,""Longitude"":-74.099159240722656,""Altitude"":2577.0,""ExternalPowerVoltage"":27.85,""Rpm"":-999,""Speed"":21.0,""SatelliteNumber"":18,""Azimuth"":196,""BatteryLevel"":100}]",0x252513005970770869487064485674003C38402D000000645200000007000061000000FFFFFFFFFFFFFFFFFFFF00D5005798DD0026042218063300102145C53294C256AD9740021000C403922785FFFFFF0000260000FFFFFF
2026-04-22 18:06:54.235,"[{""Protocol"":""0x2525"",""MessageType"":""LocationInfoMessage"",""ProtocolHeadType"":19,""Imei"":""869487064485674"",""SerialNo"":28792,""Mileage"":5741279,""Date"":""2026-04-22T18:07:32Z"",""IopIgnition"":true,""Latitude"":4.7353925704956055,""Longitude"":-74.1000747680664,""Altitude"":2576.300048828125,""ExternalPowerVoltage"":28.24,""Rpm"":-999,""Speed"":39.0,""SatelliteNumber"":17,""Azimuth"":187,""BatteryLevel"":100}]",0x252513005970780869487064485674003C38402D000000645100000007000061000000FFFFFFFFFFFFFFFFFFFF00D500579ADF00260422180732CD0421453D3394C256889740039000BB03922824FFFFFF0000260000FFFFFF
2026-04-22 18:07:55.090,"[{""Protocol"":""0x2525"",""MessageType"":""LocationInfoMessage"",""ProtocolHeadType"":19,""Imei"":""869487064485674"",""SerialNo"":28793,""Mileage"":5741855,""Date"":""2026-04-22T18:08:33Z"",""IopIgnition"":true,""Latitude"":4.7302742004394531,""Longitude"":-74.100830078125,""Altitude"":2574.5,""ExternalPowerVoltage"":28.29,""Rpm"":-999,""Speed"":40.0,""SatelliteNumber"":18,""Azimuth"":190,""BatteryLevel"":100}]",0x252513005970790869487064485674003C38402D000000645200000007000061000000FFFFFFFFFFFFFFFFFFFF00D500579D1F0026042218083300E82045A03394C2685E9740040000BE03922829FFFFFF0000260000FFFFFF
2026-04-22 18:08:20.857,"[{""Protocol"":""0x2525"",""MessageType"":""LocationInfoMessage"",""ProtocolHeadType"":19,""Imei"":""869487064485674"",""SerialNo"":28794,""Mileage"":5742164,""Date"":""2026-04-22T18:08:59Z"",""IopIgnition"":true,""Latitude"":4.7276825904846191,""Longitude"":-74.100639343261719,""Altitude"":2572.699951171875,""ExternalPowerVoltage"":28.28,""Rpm"":-999,""Speed"":44.0,""SatelliteNumber"":18,""Azimuth"":134,""BatteryLevel"":100}]",0x2525130059707A0869487064485674003C38402D000000565200000007000061000000FFFFFFFFFFFFFFFFFFFF00D500579E540026042218085933CB2045873394C22D4997400440008603922828FFFFFF0000260000FFFFFF
2026-04-22 18:09:54.663,"[{""Protocol"":""0x2525"",""MessageType"":""LocationInfoMessage"",""ProtocolHeadType"":19,""Imei"":""869487064485674"",""SerialNo"":28795,""Mileage"":5742853,""Date"":""2026-04-22T18:10:33Z"",""IopIgnition"":true,""Latitude"":4.7223753929138184,""Longitude"":-74.09759521484375,""Altitude"":2566.699951171875,""ExternalPowerVoltage"":28.07,""Rpm"":-999,""Speed"":40.0,""SatelliteNumber"":16,""Azimuth"":139,""BatteryLevel"":100}]",0x2525130059707B0869487064485674003C38402D000000645000000007000061000000FFFFFFFFFFFFFFFFFFFF00D50057A10500260422181033336B2045F83194C2B31D97400400008B03922807FFFFFF0000250000FFFFFF
2026-04-22 18:10:54.515,"[{""Protocol"":""0x2525"",""MessageType"":""LocationInfoMessage"",""ProtocolHeadType"":19,""Imei"":""869487064485674"",""SerialNo"":28796,""Mileage"":5743439,""Date"":""2026-04-22T18:11:33Z"",""IopIgnition"":true,""Latitude"":4.71873140335083,""Longitude"":-74.093818664550781,""Altitude"":2572.0,""ExternalPowerVoltage"":27.94,""Rpm"":-999,""Speed"":23.0,""SatelliteNumber"":17,""Azimuth"":138,""BatteryLevel"":100}]",0x2525130059707C0869487064485674003C38402D0000005D5100000007000061000000FFFFFFFFFFFFFFFFFFFF00D50057A34F0026042218113300C02045093094C2D9FF96400230008A03922794FFFFFF0000270000FFFFFF
2026-04-22 18:11:47.380,"[{""Protocol"":""0x2525"",""MessageType"":""LocationInfoMessage"",""ProtocolHeadType"":19,""Imei"":""869487064485674"",""SerialNo"":28797,""Mileage"":5743804,""Date"":""2026-04-22T18:12:26Z"",""IopIgnition"":true,""Latitude"":4.71574592590332,""Longitude"":-74.092742919921875,""Altitude"":2566.5,""ExternalPowerVoltage"":28.22,""Rpm"":-999,""Speed"":33.0,""SatelliteNumber"":17,""Azimuth"":185,""BatteryLevel"":100}]",0x2525130059707D0869487064485674003C38402D000000645100000007000061000000FFFFFFFFFFFFFFFFFFFF00D50057A4BC00260422181226006820457C2F94C264E79640033000B903922822FFFFFF0000250000FFFFFF
2026-04-22 18:12:54.291,"[{""Protocol"":""0x2525"",""MessageType"":""LocationInfoMessage"",""ProtocolHeadType"":19,""Imei"":""869487064485674"",""SerialNo"":28798,""Mileage"":5744386,""Date"":""2026-04-22T18:13:32Z"",""IopIgnition"":true,""Latitude"":4.7107877731323242,""Longitude"":-74.093940734863281,""Altitude"":2572.89990234375,""ExternalPowerVoltage"":28.09,""Rpm"":-999,""Speed"":22.0,""SatelliteNumber"":18,""Azimuth"":218,""BatteryLevel"":100}]",0x2525130059707E0869487064485674003C38402D000000415200000007000061000000FFFFFFFFFFFFFFFFFFFF00D50057A7020026042218133266CE2045193094C2C6BE9640022000DA03922809FFFFFF0000250000FFFFFF
2026-04-22 18:13:54.104,"[{""Protocol"":""0x2525"",""MessageType"":""LocationInfoMessage"",""ProtocolHeadType"":19,""Imei"":""869487064485674"",""SerialNo"":28799,""Mileage"":5744893,""Date"":""2026-04-22T18:14:32Z"",""IopIgnition"":true,""Latitude"":4.7075443267822266,""Longitude"":-74.097152709960938,""Altitude"":2573.60009765625,""ExternalPowerVoltage"":27.88,""Rpm"":-999,""Speed"":11.0,""SatelliteNumber"":17,""Azimuth"":222,""BatteryLevel"":100}]",0x2525130059707F0869487064485674003C38402D000000485100000007000061000000FFFFFFFFFFFFFFFFFFFF00D50057A8FD002604221814329AD92045BE3194C234A49640011000DE03922788FFFFFF0000260000FFFFFF
2026-04-22 18:14:55.027,"[{""Protocol"":""0x2525"",""MessageType"":""LocationInfoMessage"",""ProtocolHeadType"":19,""Imei"":""869487064485674"",""SerialNo"":28800,""Mileage"":5745221,""Date"":""2026-04-22T18:15:33Z"",""IopIgnition"":true,""Latitude"":4.7054300308227539,""Longitude"":-74.099212646484375,""Altitude"":2571.89990234375,""ExternalPowerVoltage"":28.11,""Rpm"":-999,""Speed"":25.0,""SatelliteNumber"":18,""Azimuth"":220,""BatteryLevel"":100}]",0x252513005970800869487064485674003C38402D0000005D5200000007000061000000FFFFFFFFFFFFFFFFFFFF00D50057AA450026042218153366BE2045CC3294C2E2929640025000DC03922811FFFFFF0000250000FFFFFF
2026-04-22 18:15:34.393,"[{""Protocol"":""0x2525"",""MessageType"":""LocationInfoMessage"",""ProtocolHeadType"":19,""Imei"":""869487064485674"",""SerialNo"":28801,""Mileage"":5745659,""Date"":""2026-04-22T18:16:13Z"",""IopIgnition"":true,""Latitude"":4.7025566101074219,""Longitude"":-74.101814270019531,""Altitude"":2580.0,""ExternalPowerVoltage"":28.09,""Rpm"":-999,""Speed"":29.0,""SatelliteNumber"":17,""Azimuth"":285,""BatteryLevel"":100}]",0x252513005970810869487064485674003C38402D000000645100000007000061000000FFFFFFFFFFFFFFFFFFFF00D50057ABFB0026042218161300402145213494C2587B96400290011D03922809FFFFFF0000250000FFFFFF
2026-04-22 18:15:38.400,"[{""Protocol"":""0x2525"",""MessageType"":""LocationInfoMessage"",""ProtocolHeadType"":19,""Imei"":""869487064485674"",""SerialNo"":28802,""Mileage"":5745693,""Date"":""2026-04-22T18:16:17Z"",""IopIgnition"":true,""Latitude"":4.7027692794799805,""Longitude"":-74.1020278930664,""Altitude"":2578.800048828125,""ExternalPowerVoltage"":28.04,""Rpm"":-999,""Speed"":31.0,""SatelliteNumber"":17,""Azimuth"":333,""BatteryLevel"":100}]",0x252513005970820869487064485674003C38402D000000645100000007000061000000FFFFFFFFFFFFFFFFFFFF00D50057AC1D00260422181617CD2C21453D3494C2167D96400310014D03922804FFFFFF0000250000FFFFFF
2026-04-22 18:15:42.319,"[{""Protocol"":""0x2525"",""MessageType"":""LocationInfoMessage"",""ProtocolHeadType"":19,""Imei"":""869487064485674"",""SerialNo"":28803,""Mileage"":5745727,""Date"":""2026-04-22T18:16:21Z"",""IopIgnition"":true,""Latitude"":4.7030525207519531,""Longitude"":-74.102043151855469,""Altitude"":2577.0,""ExternalPowerVoltage"":28.02,""Rpm"":-999,""Speed"":25.0,""SatelliteNumber"":17,""Azimuth"":29,""BatteryLevel"":100}]",0x252513005970830869487064485674003C38402D000000645100000007000061000000FFFFFFFFFFFFFFFFFFFF00D50057AC3F00260422181621001021453F3494C2687F96400250001D03922802FFFFFF0000250000FFFFFF
2026-04-22 18:15:46.394,"[{""Protocol"":""0x2525"",""MessageType"":""LocationInfoMessage"",""ProtocolHeadType"":19,""Imei"":""869487064485674"",""SerialNo"":28804,""Mileage"":5745755,""Date"":""2026-04-22T18:16:25Z"",""IopIgnition"":true,""Latitude"":4.7031984329223633,""Longitude"":-74.101844787597656,""Altitude"":2576.199951171875,""ExternalPowerVoltage"":27.81,""Rpm"":-999,""Speed"":23.0,""SatelliteNumber"":16,""Azimuth"":89,""BatteryLevel"":100}]",0x252513005970840869487064485674003C38402D000000645000000007000061000000FFFFFFFFFFFFFFFFFFFF00D50057AC5B0026042218162533032145253494C29A8096400230005903922781FFFFFF0000280000FFFFFF
2026-04-22 18:16:54.302,"[{""Protocol"":""0x2525"",""MessageType"":""LocationInfoMessage"",""ProtocolHeadType"":19,""Imei"":""869487064485674"",""SerialNo"":28805,""Mileage"":5746109,""Date"":""2026-04-22T18:17:33Z"",""IopIgnition"":true,""Latitude"":4.7014093399047852,""Longitude"":-74.0992431640625,""Altitude"":2580.5,""ExternalPowerVoltage"":27.82,""Rpm"":-999,""Speed"":0.0,""SatelliteNumber"":16,""Azimuth"":133,""BatteryLevel"":100}]",0x252513005970850869487064485674003C38402D000000645000000007000061000000FFFFFFFFFFFFFFFFFFFF00D50057ADBD0026042218173300482145D03294C2F27196400000008503922782FFFFFF0000240000FFFFFF
2026-04-22 18:17:54.235,"[{""Protocol"":""0x2525"",""MessageType"":""LocationInfoMessage"",""ProtocolHeadType"":19,""Imei"":""869487064485674"",""SerialNo"":28806,""Mileage"":5746248,""Date"":""2026-04-22T18:18:32Z"",""IopIgnition"":true,""Latitude"":4.7006144523620605,""Longitude"":-74.098274230957031,""Altitude"":2580.300048828125,""ExternalPowerVoltage"":27.85,""Rpm"":-999,""Speed"":0.0,""SatelliteNumber"":16,""Azimuth"":130,""BatteryLevel"":100}]",0x252513005970860869487064485674003C38402D000000645000000007000061000000FFFFFFFFFFFFFFFFFFFF00D50057AE4800260422181832CD442145513294C26F6B96400000008203922785FFFFFF0000240000FFFFFF
2026-04-22 18:18:55.099,"[{""Protocol"":""0x2525"",""MessageType"":""LocationInfoMessage"",""ProtocolHeadType"":19,""Imei"":""869487064485674"",""SerialNo"":28807,""Mileage"":5746374,""Date"":""2026-04-22T18:19:33Z"",""IopIgnition"":true,""Latitude"":4.6999330520629883,""Longitude"":-74.097366333007813,""Altitude"":2580.5,""ExternalPowerVoltage"":27.74,""Rpm"":-999,""Speed"":10.0,""SatelliteNumber"":17,""Azimuth"":126,""BatteryLevel"":100}]",0x252513005970870869487064485674003C38402D000000645100000007000061000000FFFFFFFFFFFFFFFFFFFF00D50057AEC60026042218193300482145DA3194C2DA6596400100007E03922774FFFFFF0000230000FFFFFF
2026-04-22 18:19:55.028,"[{""Protocol"":""0x2525"",""MessageType"":""LocationInfoMessage"",""ProtocolHeadType"":19,""Imei"":""869487064485674"",""SerialNo"":28808,""Mileage"":5746838,""Date"":""2026-04-22T18:20:33Z"",""IopIgnition"":true,""Latitude"":4.6977038383483887,""Longitude"":-74.093841552734375,""Altitude"":2577.60009765625,""ExternalPowerVoltage"":28.11,""Rpm"":-999,""Speed"":31.0,""SatelliteNumber"":15,""Azimuth"":115,""BatteryLevel"":100}]",0x252513005970880869487064485674003C38402D000000604F00000007000061000000FFFFFFFFFFFFFFFFFFFF00D50057B096002604221820339A1921450C3094C2975396400310007303922811FFFFFF0000240000FFFFFF
2026-04-22 18:20:54.882,"[{""Protocol"":""0x2525"",""MessageType"":""LocationInfoMessage"",""ProtocolHeadType"":19,""Imei"":""869487064485674"",""SerialNo"":28809,""Mileage"":5747502,""Date"":""2026-04-22T18:21:33Z"",""IopIgnition"":true,""Latitude"":4.6950087547302246,""Longitude"":-74.0885238647461,""Altitude"":2578.60009765625,""ExternalPowerVoltage"":28.08,""Rpm"":-999,""Speed"":45.0,""SatelliteNumber"":18,""Azimuth"":120,""BatteryLevel"":100}]",0x252513005970890869487064485674003C38402D000000645200000007000061000000FFFFFFFFFFFFFFFFFFFF00D50057B32E002604221821339A292145532D94C2833D96400450007803922808FFFFFF0000240000FFFFFF
2026-04-22 18:21:54.769,"[{""Protocol"":""0x2525"",""MessageType"":""LocationInfoMessage"",""ProtocolHeadType"":19,""Imei"":""869487064485674"",""SerialNo"":28810,""Mileage"":5747906,""Date"":""2026-04-22T18:22:33Z"",""IopIgnition"":true,""Latitude"":4.6924338340759277,""Longitude"":-74.085975646972656,""Altitude"":2577.10009765625,""ExternalPowerVoltage"":27.92,""Rpm"":-999,""Speed"":0.0,""SatelliteNumber"":17,""Azimuth"":142,""BatteryLevel"":100}]",0x2525130059708A0869487064485674003C38402D000000605100000007000061000000FFFFFFFFFFFFFFFFFFFF00D50057B4C2002604221822339A112145052C94C26B2896400000008E03922792FFFFFF0000230000FFFFFF
2026-04-22 18:22:55.770,"[{""Protocol"":""0x2525"",""MessageType"":""LocationInfoMessage"",""ProtocolHeadType"":19,""Imei"":""869487064485674"",""SerialNo"":28811,""Mileage"":5748412,""Date"":""2026-04-22T18:23:33Z"",""IopIgnition"":true,""Latitude"":4.6888575553894043,""Longitude"":-74.083160400390625,""Altitude"":2574.699951171875,""ExternalPowerVoltage"":28.07,""Rpm"":-999,""Speed"":52.0,""SatelliteNumber"":17,""Azimuth"":140,""BatteryLevel"":100}]",0x2525130059708B0869487064485674003C38402D0000005D5100000007000061000000FFFFFFFFFFFFFFFFFFFF00D50057B6BC0026042218233333EB2045942A94C21F0B96400520008C03922807FFFFFF0000240000FFFFFF
2026-04-22 18:23:54.667,"[{""Protocol"":""0x2525"",""MessageType"":""LocationInfoMessage"",""ProtocolHeadType"":19,""Imei"":""869487064485674"",""SerialNo"":28812,""Mileage"":5749082,""Date"":""2026-04-22T18:24:33Z"",""IopIgnition"":true,""Latitude"":4.6841087341308594,""Longitude"":-74.079452514648438,""Altitude"":2576.60009765625,""ExternalPowerVoltage"":28.08,""Rpm"":-999,""Speed"":49.0,""SatelliteNumber"":18,""Azimuth"":140,""BatteryLevel"":100}]",0x2525130059708C0869487064485674003C38402D000000645200000007000061000000FFFFFFFFFFFFFFFFFFFF00D50057B95A002604221824339A092145AE2894C238E495400490008C03922808FFFFFF0000230000FFFFFF
2026-04-22 18:24:49.473,"[{""Protocol"":""0x2525"",""MessageType"":""LocationInfoMessage"",""ProtocolHeadType"":19,""Imei"":""869487064485674"",""SerialNo"":28813,""Mileage"":5749426,""Date"":""2026-04-22T18:25:28Z"",""IopIgnition"":true,""Latitude"":4.6816797256469727,""Longitude"":-74.077568054199219,""Altitude"":2569.60009765625,""ExternalPowerVoltage"":27.93,""Rpm"":-999,""Speed"":14.0,""SatelliteNumber"":18,""Azimuth"":187,""BatteryLevel"":100}]",0x2525130059708D0869487064485674003C38402D000000645200000007000061000000FFFFFFFFFFFFFFFFFFFF00D50057BAB2002604221825289A992045B72794C252D09540014000BB03922793FFFFFF0000230000FFFFFF
2026-04-22 18:25:54.313,"[{""Protocol"":""0x2525"",""MessageType"":""LocationInfoMessage"",""ProtocolHeadType"":19,""Imei"":""869487064485674"",""SerialNo"":28814,""Mileage"":5749913,""Date"":""2026-04-22T18:26:32Z"",""IopIgnition"":true,""Latitude"":4.6780800819396973,""Longitude"":-74.080009460449219,""Altitude"":2570.39990234375,""ExternalPowerVoltage"":27.96,""Rpm"":-999,""Speed"":24.0,""SatelliteNumber"":16,""Azimuth"":217,""BatteryLevel"":100}]",0x2525130059708E0869487064485674003C38402D000000605000000007000061000000FFFFFFFFFFFFFFFFFFFF00D50057BC990026042218263266A62045F72894C2D5B29540024000D903922796FFFFFF0000230000FFFFFF
2026-04-22 18:26:15.400,"[{""Protocol"":""0x2525"",""MessageType"":""LocationInfoMessage"",""ProtocolHeadType"":19,""Imei"":""869487064485674"",""SerialNo"":28815,""Mileage"":5750038,""Date"":""2026-04-22T18:26:54Z"",""IopIgnition"":true,""Latitude"":4.6771745681762695,""Longitude"":-74.08062744140625,""Altitude"":2574.10009765625,""ExternalPowerVoltage"":27.98,""Rpm"":-999,""Speed"":10.0,""SatelliteNumber"":19,""Azimuth"":137,""BatteryLevel"":100}]",0x2525130059708F0869487064485674003C38402D0000005D5300000007000061000000FFFFFFFFFFFFFFFFFFFF00D50057BD16002604221826549AE12045482994C26AAB95400100008903922798FFFFFF0000240000FFFFFF
2026-04-22 18:27:34.523,"[{""Protocol"":""0x2525"",""MessageType"":""LocationAlarmMessage"",""ProtocolHeadType"":20,""Imei"":""869487064485674"",""SerialNo"":1081,""Mileage"":5750156,""Date"":""2026-04-22T18:28:13Z"",""IopIgnition"":false,""Latitude"":4.6765117645263672,""Longitude"":-74.079795837402344,""Altitude"":2574.10009765625,""ExternalPowerVoltage"":27.85,""Rpm"":-999,""Speed"":0.0,""SatelliteNumber"":17,""Azimuth"":130,""OriginalAlarmCode"":23}]",0x252514005904390869487064485674003C38402D000000445100000007000020000000FFFFFFFFFFFFFFFFFFFF17D50057BD8C002604221828139AE12045DB2894C2FCA595400000008203922785FFFFFF0000230000FFFFFF
2026-04-22 18:56:05.262,"[{""Protocol"":""0x2525"",""MessageType"":""LocationAlarmMessage"",""ProtocolHeadType"":20,""Imei"":""869487064485674"",""SerialNo"":1082,""Mileage"":5750156,""Date"":""2026-04-22T18:56:43Z"",""IopIgnition"":true,""Latitude"":4.6765117645263672,""Longitude"":-74.079795837402344,""Altitude"":2574.10009765625,""ExternalPowerVoltage"":25.61,""Rpm"":-999,""Speed"":0.0,""SatelliteNumber"":17,""Azimuth"":130,""OriginalAlarmCode"":22}]",0x2525140059043A0869487064485674003C38402D0000004B5100000007000061000000FFFFFFFFFFFFFFFFFFFF16D50057BD8C002604221856439AE12045DB2894C2FCA595400000008203922561FFFFFF0000230000FFFFFF
2026-04-22 18:57:06.197,"[{""Protocol"":""0x2525"",""MessageType"":""LocationInfoMessage"",""ProtocolHeadType"":19,""Imei"":""869487064485674"",""SerialNo"":28816,""Mileage"":5750156,""Date"":""2026-04-22T18:57:44Z"",""IopIgnition"":true,""Latitude"":4.6765117645263672,""Longitude"":-74.079795837402344,""Altitude"":2574.10009765625,""ExternalPowerVoltage"":25.68,""Rpm"":-999,""Speed"":0.0,""SatelliteNumber"":15,""Azimuth"":130,""BatteryLevel"":100}]",0x252513005970900869487064485674003C38402D0000004B4F00000007000061000000FFFFFFFFFFFFFFFFFFFF00D50057BD8C002604221857449AE12045DB2894C2FCA595400000008203922568FFFFFF0000230000FFFFFF
2026-04-22 18:58:06.030,"[{""Protocol"":""0x2525"",""MessageType"":""LocationInfoMessage"",""ProtocolHeadType"":19,""Imei"":""869487064485674"",""SerialNo"":28817,""Mileage"":5750156,""Date"":""2026-04-22T18:58:44Z"",""IopIgnition"":true,""Latitude"":4.6765117645263672,""Longitude"":-74.079795837402344,""Altitude"":2574.10009765625,""ExternalPowerVoltage"":25.71,""Rpm"":-999,""Speed"":0.0,""SatelliteNumber"":17,""Azimuth"":130,""BatteryLevel"":100}]",0x252513005970910869487064485674003C38402D0000004B5100000007000061000000FFFFFFFFFFFFFFFFFFFF00D50057BD8C002604221858449AE12045DB2894C2FCA595400000008203922571FFFFFF0000230000FFFFFF
2026-04-22 18:59:05.967,"[{""Protocol"":""0x2525"",""MessageType"":""LocationInfoMessage"",""ProtocolHeadType"":19,""Imei"":""869487064485674"",""SerialNo"":28818,""Mileage"":5750156,""Date"":""2026-04-22T18:59:44Z"",""IopIgnition"":true,""Latitude"":4.6765117645263672,""Longitude"":-74.079795837402344,""Altitude"":2574.10009765625,""ExternalPowerVoltage"":25.86,""Rpm"":-999,""Speed"":0.0,""SatelliteNumber"":16,""Azimuth"":130,""BatteryLevel"":100}]",0x252513005970920869487064485674003C38402D000000485000000007000061000000FFFFFFFFFFFFFFFFFFFF00D50057BD8C002604221859449AE12045DB2894C2FCA595400000008203922586FFFFFF0000230000FFFFFF
2026-04-22 19:00:05.766,"[{""Protocol"":""0x2525"",""MessageType"":""LocationInfoMessage"",""ProtocolHeadType"":19,""Imei"":""869487064485674"",""SerialNo"":28819,""Mileage"":5750156,""Date"":""2026-04-22T19:00:44Z"",""IopIgnition"":true,""Latitude"":4.6765117645263672,""Longitude"":-74.079795837402344,""Altitude"":2574.10009765625,""ExternalPowerVoltage"":26.04,""Rpm"":-999,""Speed"":0.0,""SatelliteNumber"":18,""Azimuth"":130,""BatteryLevel"":100}]",0x252513005970930869487064485674003C38402D0000004B5200000007000061000000FFFFFFFFFFFFFFFFFFFF00D50057BD8C002604221900449AE12045DB2894C2FCA595400000008203922604FFFFFF0000230000FFFFFF
2026-04-22 19:01:05.658,"[{""Protocol"":""0x2525"",""MessageType"":""LocationInfoMessage"",""ProtocolHeadType"":19,""Imei"":""869487064485674"",""SerialNo"":28820,""Mileage"":5750156,""Date"":""2026-04-22T19:01:44Z"",""IopIgnition"":true,""Latitude"":4.6765117645263672,""Longitude"":-74.079795837402344,""Altitude"":2574.10009765625,""ExternalPowerVoltage"":26.16,""Rpm"":-999,""Speed"":0.0,""SatelliteNumber"":17,""Azimuth"":130,""BatteryLevel"":100}]",0x252513005970940869487064485674003C38402D000000485100000007000061000000FFFFFFFFFFFFFFFFFFFF00D50057BD8C002604221901449AE12045DB2894C2FCA595400000008203922616FFFFFF0000230000FFFFFF
2026-04-22 19:02:05.480,"[{""Protocol"":""0x2525"",""MessageType"":""LocationInfoMessage"",""ProtocolHeadType"":19,""Imei"":""869487064485674"",""SerialNo"":28821,""Mileage"":5750156,""Date"":""2026-04-22T19:02:44Z"",""IopIgnition"":true,""Latitude"":4.6765117645263672,""Longitude"":-74.079795837402344,""Altitude"":2574.10009765625,""ExternalPowerVoltage"":26.29,""Rpm"":-999,""Speed"":0.0,""SatelliteNumber"":17,""Azimuth"":130,""BatteryLevel"":100}]",0x252513005970950869487064485674003C38402D000000445100000007000061000000FFFFFFFFFFFFFFFFFFFF00D50057BD8C002604221902449AE12045DB2894C2FCA595400000008203922629FFFFFF0000230000FFFFFF
2026-04-22 19:03:05.374,"[{""Protocol"":""0x2525"",""MessageType"":""LocationInfoMessage"",""ProtocolHeadType"":19,""Imei"":""869487064485674"",""SerialNo"":28822,""Mileage"":5750156,""Date"":""2026-04-22T19:03:44Z"",""IopIgnition"":true,""Latitude"":4.6765117645263672,""Longitude"":-74.079795837402344,""Altitude"":2574.10009765625,""ExternalPowerVoltage"":26.43,""Rpm"":-999,""Speed"":0.0,""SatelliteNumber"":15,""Azimuth"":130,""BatteryLevel"":100}]",0x252513005970960869487064485674003C38402D000000484F00000007000061000000FFFFFFFFFFFFFFFFFFFF00D50057BD8C002604221903449AE12045DB2894C2FCA595400000008203922643FFFFFF0000230000FFFFFF
2026-04-22 19:04:05.161,"[{""Protocol"":""0x2525"",""MessageType"":""LocationInfoMessage"",""ProtocolHeadType"":19,""Imei"":""869487064485674"",""SerialNo"":28823,""Mileage"":5750156,""Date"":""2026-04-22T19:04:43Z"",""IopIgnition"":true,""Latitude"":4.6765117645263672,""Longitude"":-74.079795837402344,""Altitude"":2574.10009765625,""ExternalPowerVoltage"":26.42,""Rpm"":-999,""Speed"":0.0,""SatelliteNumber"":17,""Azimuth"":130,""BatteryLevel"":100}]",0x252513005970970869487064485674003C38402D000000445100000007000061000000FFFFFFFFFFFFFFFFFFFF00D50057BD8C002604221904439AE12045DB2894C2FCA595400000008203922642FFFFFF0000240000FFFFFF
2026-04-22 19:05:06.111,"[{""Protocol"":""0x2525"",""MessageType"":""LocationInfoMessage"",""ProtocolHeadType"":19,""Imei"":""869487064485674"",""SerialNo"":28824,""Mileage"":5750156,""Date"":""2026-04-22T19:05:44Z"",""IopIgnition"":true,""Latitude"":4.6765117645263672,""Longitude"":-74.079795837402344,""Altitude"":2574.10009765625,""ExternalPowerVoltage"":26.55,""Rpm"":-999,""Speed"":0.0,""SatelliteNumber"":14,""Azimuth"":130,""BatteryLevel"":100}]",0x252513005970980869487064485674003C38402D0000004B4E00000007000061000000FFFFFFFFFFFFFFFFFFFF00D50057BD8C002604221905449AE12045DB2894C2FCA595400000008203922655FFFFFF0000230000FFFFFF
2026-04-22 19:06:05.914,"[{""Protocol"":""0x2525"",""MessageType"":""LocationInfoMessage"",""ProtocolHeadType"":19,""Imei"":""869487064485674"",""SerialNo"":28825,""Mileage"":5750156,""Date"":""2026-04-22T19:06:44Z"",""IopIgnition"":true,""Latitude"":4.6765117645263672,""Longitude"":-74.079795837402344,""Altitude"":2574.10009765625,""ExternalPowerVoltage"":26.18,""Rpm"":-999,""Speed"":0.0,""SatelliteNumber"":14,""Azimuth"":130,""BatteryLevel"":100}]",0x252513005970990869487064485674003C38402D000000444E00000007000061000000FFFFFFFFFFFFFFFFFFFF00D50057BD8C002604221906449AE12045DB2894C2FCA595400000008203922618FFFFFF0000240000FFFFFF
2026-04-22 19:07:05.804,"[{""Protocol"":""0x2525"",""MessageType"":""LocationInfoMessage"",""ProtocolHeadType"":19,""Imei"":""869487064485674"",""SerialNo"":28826,""Mileage"":5750156,""Date"":""2026-04-22T19:07:44Z"",""IopIgnition"":true,""Latitude"":4.6765117645263672,""Longitude"":-74.079795837402344,""Altitude"":2574.10009765625,""ExternalPowerVoltage"":27.23,""Rpm"":-999,""Speed"":0.0,""SatelliteNumber"":17,""Azimuth"":130,""BatteryLevel"":100}]",0x2525130059709A0869487064485674003C38402D000000445100000007000061000000FFFFFFFFFFFFFFFFFFFF00D50057BD8C002604221907449AE12045DB2894C2FCA595400000008203922723FFFFFF0000240000FFFFFF
2026-04-22 19:07:41.879,"[{""Protocol"":""0x2525"",""MessageType"":""SignInMessage"",""ProtocolHeadType"":0,""Imei"":""869487064485674"",""SerialNo"":280,""Firmware"":""V1.0.1.8"",""Model"":0,""ObdBootVersion"":null,""ObdDataVersion"":null,""ObdHareware"":null,""ObdSoftware"":null,""Platform"":null,""Software"":""V0.0.0""}]",0x2525010017011808694870644856740000030502101812
2026-04-22 19:07:42.070,"[{""Protocol"":""0x2525"",""MessageType"":""NetworkInfoMessage"",""ProtocolHeadType"":0,""Imei"":""869487064485674"",""SerialNo"":260,""AccessTechnology"":""CAT-1"",""Band"":""CAT-1 5"",""Date"":""2026-04-22T19:08:20Z"",""Iccid"":""89571017025023250790"",""Imsi"":""732101725325077"",""NetworkOperator"":""LaSeleNosLlama""}]",0x2525110065010408694870644856742604221908201C4C006100530065006C0065004E006F0073004C006C0061006D006100054341542D31074341542D3120350F373332313031373235333235303737143839353731303137303235303233323530373930
2026-04-22 19:07:42.177,"[{""Protocol"":""0x2525"",""MessageType"":""LocationInfoMessage"",""ProtocolHeadType"":19,""Imei"":""869487064485674"",""SerialNo"":28827,""Mileage"":5750219,""Date"":""2026-04-22T19:08:02Z"",""IopIgnition"":true,""Latitude"":4.6762094497680664,""Longitude"":-74.0793228149414,""Altitude"":2578.0,""ExternalPowerVoltage"":26.79,""Rpm"":-999,""Speed"":10.0,""SatelliteNumber"":17,""Azimuth"":79,""BatteryLevel"":100}]",0x2525130059709B0869487064485674003C38402D00000041D100000007000061000000FFFFFFFFFFFFFFFFFFFF00C10057BDCB00260422190802002021459D2894C282A395400100004F03922679FFFFFF0000270000FFFFFF
2026-04-22 19:07:42.317,"[{""Protocol"":""0x2525"",""MessageType"":""LocationInfoMessage"",""ProtocolHeadType"":19,""Imei"":""869487064485674"",""SerialNo"":28828,""Mileage"":5750230,""Date"":""2026-04-22T19:08:05Z"",""IopIgnition"":true,""Latitude"":4.6762666702270508,""Longitude"":-74.079254150390625,""Altitude"":2578.39990234375,""ExternalPowerVoltage"":27.55,""Rpm"":-999,""Speed"":15.0,""SatelliteNumber"":16,""Azimuth"":25,""BatteryLevel"":100}]",0x2525130059709C0869487064485674003C38402D00000041D000000007000061000000FFFFFFFFFFFFFFFFFFFF00C10057BDD60026042219080566262145942894C2FAA395400150001903922755FFFFFF0000260000FFFFFF
2026-04-22 19:07:42.561,"[{""Protocol"":""0x2525"",""MessageType"":""LocationInfoMessage"",""ProtocolHeadType"":19,""Imei"":""869487064485674"",""SerialNo"":28829,""Mileage"":5750312,""Date"":""2026-04-22T19:08:19Z"",""IopIgnition"":true,""Latitude"":4.6768684387207031,""Longitude"":-74.078872680664063,""Altitude"":2577.5,""ExternalPowerVoltage"":27.74,""Rpm"":-999,""Speed"":13.0,""SatelliteNumber"":18,""Azimuth"":322,""BatteryLevel"":100}]",0x2525130059709D0869487064485674003C38402D00000000D200000007000061000000FFFFFFFFFFFFFFFFFFFF00800057BE280026042219081900182145622894C2E8A895400130014203922774FFFFFF0000270000FFFFFF
2026-04-22 19:08:56.276,"[{""Protocol"":""0x2525"",""MessageType"":""LocationInfoMessage"",""ProtocolHeadType"":19,""Imei"":""869487064485674"",""SerialNo"":28830,""Mileage"":5750728,""Date"":""2026-04-22T19:09:34Z"",""IopIgnition"":true,""Latitude"":4.6791672706604,""Longitude"":-74.081787109375,""Altitude"":2585.5,""ExternalPowerVoltage"":27.81,""Rpm"":-999,""Speed"":10.0,""SatelliteNumber"":14,""Azimuth"":42,""BatteryLevel"":100}]",0x2525130059709E0869487064485674003C38402D0000004F4E00000007000061000000FFFFFFFFFFFFFFFFFFFF00D50057BFC80026042219093400982145E02994C2BDBB95400100002A03922781FFFFFF0000240000FFFFFF
2026-04-22 19:09:34.231,"[{""Protocol"":""0x2525"",""MessageType"":""LocationInfoMessage"",""ProtocolHeadType"":19,""Imei"":""869487064485674"",""SerialNo"":28831,""Mileage"":5750916,""Date"":""2026-04-22T19:10:12Z"",""IopIgnition"":true,""Latitude"":4.6802802085876465,""Longitude"":-74.080596923828125,""Altitude"":2577.5,""ExternalPowerVoltage"":27.87,""Rpm"":-999,""Speed"":20.0,""SatelliteNumber"":17,""Azimuth"":343,""BatteryLevel"":100}]",0x2525130059709F0869487064485674003C38402D000000645100000007000061000000FFFFFFFFFFFFFFFFFFFF00D50057C0840026042219101200182145442994C2DBC495400200015703922787FFFFFF0000250000FFFFFF
2026-04-22 19:10:20.448,"[{""Protocol"":""0x2525"",""MessageType"":""LocationInfoMessage"",""ProtocolHeadType"":19,""Imei"":""869487064485674"",""SerialNo"":28832,""Mileage"":5751120,""Date"":""2026-04-22T19:10:58Z"",""IopIgnition"":true,""Latitude"":4.6817584037780762,""Longitude"":-74.081550598144531,""Altitude"":2571.0,""ExternalPowerVoltage"":27.69,""Rpm"":-999,""Speed"":13.0,""SatelliteNumber"":18,""Azimuth"":50,""BatteryLevel"":100}]",0x252513005970A00869487064485674003C38402D000000565200000007000061000000FFFFFFFFFFFFFFFFFFFF00D50057C1500026042219105800B02045C12994C2F7D095400130003203922769FFFFFF0000250000FFFFFF
2026-04-22 19:11:42.308,"[{""Protocol"":""0x2525"",""MessageType"":""LocationInfoMessage"",""ProtocolHeadType"":19,""Imei"":""869487064485674"",""SerialNo"":28833,""Mileage"":5751563,""Date"":""2026-04-22T19:12:20Z"",""IopIgnition"":true,""Latitude"":4.684107780456543,""Longitude"":-74.078453063964844,""Altitude"":2570.800048828125,""ExternalPowerVoltage"":27.89,""Rpm"":-999,""Speed"":20.0,""SatelliteNumber"":17,""Azimuth"":100,""BatteryLevel"":100}]",0x252513005970A10869487064485674003C38402D000000645100000007000061000000FFFFFFFFFFFFFFFFFFFF00D50057C30B00260422191220CDAC20452B2894C236E495400200006403922789FFFFFF0000240000FFFFFF
2026-04-22 19:11:48.095,"[{""Protocol"":""0x2525"",""MessageType"":""LocationInfoMessage"",""ProtocolHeadType"":19,""Imei"":""869487064485674"",""SerialNo"":28834,""Mileage"":5751600,""Date"":""2026-04-22T19:12:26Z"",""IopIgnition"":true,""Latitude"":4.6839423179626465,""Longitude"":-74.078170776367188,""Altitude"":2571.0,""ExternalPowerVoltage"":27.85,""Rpm"":-999,""Speed"":23.0,""SatelliteNumber"":17,""Azimuth"":146,""BatteryLevel"":100}]",0x252513005970A20869487064485674003C38402D000000645100000007000061000000FFFFFFFFFFFFFFFFFFFF00D50057C3300026042219122600B02045062894C2DBE295400230009203922785FFFFFF0000270000FFFFFF
2026-04-22 19:11:57.122,"[{""Protocol"":""0x2525"",""MessageType"":""LocationInfoMessage"",""ProtocolHeadType"":19,""Imei"":""869487064485674"",""SerialNo"":28835,""Mileage"":5751632,""Date"":""2026-04-22T19:12:35Z"",""IopIgnition"":true,""Latitude"":4.6836795806884766,""Longitude"":-74.078094482421875,""Altitude"":2571.5,""ExternalPowerVoltage"":27.03,""Rpm"":-999,""Speed"":8.0,""SatelliteNumber"":17,""Azimuth"":194,""BatteryLevel"":100}]",0x252513005970A30869487064485674003C38402D000000645100000007000061000000FFFFFFFFFFFFFFFFFFFF00D50057C3500026042219123500B82045FC2794C2B4E09540008000C203922703FFFFFF0000280000FFFFFF
2026-04-22 19:12:04.074,"[{""Protocol"":""0x2525"",""MessageType"":""LocationInfoMessage"",""ProtocolHeadType"":19,""Imei"":""869487064485674"",""SerialNo"":28836,""Mileage"":5751656,""Date"":""2026-04-22T19:12:42Z"",""IopIgnition"":true,""Latitude"":4.6835136413574219,""Longitude"":-74.0782241821289,""Altitude"":2573.0,""ExternalPowerVoltage"":27.85,""Rpm"":-999,""Speed"":16.0,""SatelliteNumber"":16,""Azimuth"":240,""BatteryLevel"":100}]",0x252513005970A40869487064485674003C38402D000000645000000007000061000000FFFFFFFFFFFFFFFFFFFF00D50057C3680026042219124200D020450D2894C258DF9540016000F003922785FFFFFF0000280000FFFFFF
2026-04-22 19:12:11.153,"[{""Protocol"":""0x2525"",""MessageType"":""LocationInfoMessage"",""ProtocolHeadType"":19,""Imei"":""869487064485674"",""SerialNo"":28837,""Mileage"":5751687,""Date"":""2026-04-22T19:12:49Z"",""IopIgnition"":true,""Latitude"":4.6835131645202637,""Longitude"":-74.0784912109375,""Altitude"":2573.60009765625,""ExternalPowerVoltage"":27.86,""Rpm"":-999,""Speed"":15.0,""SatelliteNumber"":17,""Azimuth"":300,""BatteryLevel"":100}]",0x252513005970A50869487064485674003C38402D000000645100000007000061000000FFFFFFFFFFFFFFFFFFFF00D50057C387002604221912499AD92045302894C257DF95400150012C03922786FFFFFF0000270000FFFFFF
2026-04-22 19:14:08.415,"[{""Protocol"":""0x2525"",""MessageType"":""LocationInfoMessage"",""ProtocolHeadType"":19,""Imei"":""869487064485674"",""SerialNo"":28838,""Mileage"":5752800,""Date"":""2026-04-22T19:14:43Z"",""IopIgnition"":true,""Latitude"":4.6912937164306641,""Longitude"":-74.084793090820313,""Altitude"":2571.199951171875,""ExternalPowerVoltage"":27.07,""Rpm"":-999,""Speed"":20.0,""SatelliteNumber"":17,""Azimuth"":318,""BatteryLevel"":100}]",0x252513005970A60869487064485674003C38402D000000645100000007000061000000FFFFFFFFFFFFFFFFFFFF00D50057C7E00026042219144333B320456A2B94C2141F96400200013E03922707FFFFFF0000250000FFFFFF
2026-04-22 19:15:06.953,"[{""Protocol"":""0x2525"",""MessageType"":""LocationInfoMessage"",""ProtocolHeadType"":19,""Imei"":""869487064485674"",""SerialNo"":28839,""Mileage"":5752852,""Date"":""2026-04-22T19:15:44Z"",""IopIgnition"":true,""Latitude"":4.6916723251342773,""Longitude"":-74.0850601196289,""Altitude"":2573.300048828125,""ExternalPowerVoltage"":27.71,""Rpm"":-999,""Speed"":19.0,""SatelliteNumber"":17,""Azimuth"":321,""BatteryLevel"":100}]",0x252513005970A70869487064485674003C38402D000000645100000007000061000000FFFFFFFFFFFFFFFFFFFF00D50057C81400260422191544CDD420458D2B94C22E2296400190014103922771FFFFFF0000250000FFFFFF
2026-04-22 19:16:06.779,"[{""Protocol"":""0x2525"",""MessageType"":""LocationInfoMessage"",""ProtocolHeadType"":19,""Imei"":""869487064485674"",""SerialNo"":28840,""Mileage"":5753353,""Date"":""2026-04-22T19:16:44Z"",""IopIgnition"":true,""Latitude"":4.6949715614318848,""Longitude"":-74.088104248046875,""Altitude"":2572.800048828125,""ExternalPowerVoltage"":26.98,""Rpm"":-999,""Speed"":10.0,""SatelliteNumber"":18,""Azimuth"":300,""BatteryLevel"":100}]",0x252513005970A80869487064485674003C38402D0000005D5200000007000061000000FFFFFFFFFFFFFFFFFFFF00D50057CA0900260422191644CDCC20451C2D94C2353D96400100012C03922698FFFFFF0000250000FFFFFF
2026-04-22 19:17:06.670,"[{""Protocol"":""0x2525"",""MessageType"":""LocationInfoMessage"",""ProtocolHeadType"":19,""Imei"":""869487064485674"",""SerialNo"":28841,""Mileage"":5753445,""Date"":""2026-04-22T19:17:44Z"",""IopIgnition"":true,""Latitude"":4.69539737701416,""Longitude"":-74.088813781738281,""Altitude"":2577.699951171875,""ExternalPowerVoltage"":26.17,""Rpm"":-999,""Speed"":0.0,""SatelliteNumber"":17,""Azimuth"":302,""BatteryLevel"":100}]",0x252513005970A90869487064485674003C38402D000000645100000007000061000000FFFFFFFFFFFFFFFFFFFF00D50057CA6500260422191744331B2145792D94C2B24096400000012E03922617FFFFFF0000250000FFFFFF
2026-04-22 19:18:06.484,"[{""Protocol"":""0x2525"",""MessageType"":""LocationInfoMessage"",""ProtocolHeadType"":19,""Imei"":""869487064485674"",""SerialNo"":28842,""Mileage"":5753552,""Date"":""2026-04-22T19:18:44Z"",""IopIgnition"":true,""Latitude"":4.6958975791931152,""Longitude"":-74.089637756347656,""Altitude"":2579.0,""ExternalPowerVoltage"":25.51,""Rpm"":-999,""Speed"":9.0,""SatelliteNumber"":16,""Azimuth"":304,""BatteryLevel"":100}]",0x252513005970AA0869487064485674003C38402D000000645000000007000061000000FFFFFFFFFFFFFFFFFFFF00D50057CAD00026042219184400302145E52D94C2CB4496400090013003922551FFFFFF0000290000FFFFFF
2026-04-22 19:19:06.402,"[{""Protocol"":""0x2525"",""MessageType"":""LocationInfoMessage"",""ProtocolHeadType"":19,""Imei"":""869487064485674"",""SerialNo"":28843,""Mileage"":5753694,""Date"":""2026-04-22T19:19:44Z"",""IopIgnition"":true,""Latitude"":4.6964373588562012,""Longitude"":-74.0907974243164,""Altitude"":2576.800048828125,""ExternalPowerVoltage"":27.6,""Rpm"":-999,""Speed"":16.0,""SatelliteNumber"":17,""Azimuth"":294,""BatteryLevel"":100}]",0x252513005970AB0869487064485674003C38402D000000645100000007000061000000FFFFFFFFFFFFFFFFFFFF00D50057CB5E00260422191944CD0C21457D2E94C2374996400160012603922760FFFFFF0000260000FFFFFF
2026-04-22 19:20:06.227,"[{""Protocol"":""0x2525"",""MessageType"":""LocationInfoMessage"",""ProtocolHeadType"":19,""Imei"":""869487064485674"",""SerialNo"":28844,""Mileage"":5753789,""Date"":""2026-04-22T19:20:44Z"",""IopIgnition"":true,""Latitude"":4.69685173034668,""Longitude"":-74.091537475585938,""Altitude"":2580.800048828125,""ExternalPowerVoltage"":27.8,""Rpm"":-999,""Speed"":10.0,""SatelliteNumber"":18,""Azimuth"":296,""BatteryLevel"":100}]",0x252513005970AC0869487064485674003C38402D000000645200000007000061000000FFFFFFFFFFFFFFFFFFFF00D50057CBBD00260422192044CD4C2145DE2E94C29C4C96400100012803922780FFFFFF0000260000FFFFFF
2026-04-22 19:21:06.119,"[{""Protocol"":""0x2525"",""MessageType"":""LocationInfoMessage"",""ProtocolHeadType"":19,""Imei"":""869487064485674"",""SerialNo"":28845,""Mileage"":5753935,""Date"":""2026-04-22T19:21:43Z"",""IopIgnition"":true,""Latitude"":4.6974706649780273,""Longitude"":-74.092697143554688,""Altitude"":2578.199951171875,""ExternalPowerVoltage"":25.5,""Rpm"":-999,""Speed"":0.0,""SatelliteNumber"":17,""Azimuth"":299,""BatteryLevel"":100}]",0x252513005970AD0869487064485674003C38402D000000645100000007000061000000FFFFFFFFFFFFFFFFFFFF00D50057CC4F0026042219214333232145762F94C2AE5196400000012B03922550FFFFFF0000260000FFFFFF
2026-04-22 19:22:05.962,"[{""Protocol"":""0x2525"",""MessageType"":""LocationInfoMessage"",""ProtocolHeadType"":19,""Imei"":""869487064485674"",""SerialNo"":28846,""Mileage"":5754285,""Date"":""2026-04-22T19:22:43Z"",""IopIgnition"":true,""Latitude"":4.6989636421203613,""Longitude"":-74.095474243164063,""Altitude"":2576.10009765625,""ExternalPowerVoltage"":27.93,""Rpm"":-999,""Speed"":44.0,""SatelliteNumber"":18,""Azimuth"":300,""BatteryLevel"":100}]",0x252513005970AE0869487064485674003C38402D000000565200000007000061000000FFFFFFFFFFFFFFFFFFFF00D50057CDAD002604221922439A012145E23094C2E95D96400440012C03922793FFFFFF0000260000FFFFFF
2026-04-22 19:23:06.925,"[{""Protocol"":""0x2525"",""MessageType"":""LocationInfoMessage"",""ProtocolHeadType"":19,""Imei"":""869487064485674"",""SerialNo"":28847,""Mileage"":5754917,""Date"":""2026-04-22T19:23:44Z"",""IopIgnition"":true,""Latitude"":4.7024440765380859,""Longitude"":-74.099967956542969,""Altitude"":2570.699951171875,""ExternalPowerVoltage"":27.98,""Rpm"":-999,""Speed"":46.0,""SatelliteNumber"":17,""Azimuth"":308,""BatteryLevel"":100}]",0x252513005970AF0869487064485674003C38402D000000645100000007000061000000FFFFFFFFFFFFFFFFFFFF00D50057D0250026042219234433AB20452F3394C26C7A96400460013403922798FFFFFF0000270000FFFFFF
2026-04-22 19:24:06.701,"[{""Protocol"":""0x2525"",""MessageType"":""LocationInfoMessage"",""ProtocolHeadType"":19,""Imei"":""869487064485674"",""SerialNo"":28848,""Mileage"":5755290,""Date"":""2026-04-22T19:24:44Z"",""IopIgnition"":true,""Latitude"":4.7041053771972656,""Longitude"":-74.102867126464844,""Altitude"":2571.89990234375,""ExternalPowerVoltage"":26.59,""Rpm"":-999,""Speed"":0.0,""SatelliteNumber"":16,""Azimuth"":298,""BatteryLevel"":100}]",0x252513005970B00869487064485674003C38402D000000645000000007000061000000FFFFFFFFFFFFFFFFFFFF00D50057D19A0026042219244466BE2045AB3494C2088896400000012A03922659FFFFFF0000270000FFFFFF
2026-04-22 19:25:06.618,"[{""Protocol"":""0x2525"",""MessageType"":""LocationInfoMessage"",""ProtocolHeadType"":19,""Imei"":""869487064485674"",""SerialNo"":28849,""Mileage"":5755672,""Date"":""2026-04-22T19:25:44Z"",""IopIgnition"":true,""Latitude"":4.7055063247680664,""Longitude"":-74.106010437011719,""Altitude"":2575.5,""ExternalPowerVoltage"":27.88,""Rpm"":-999,""Speed"":0.0,""SatelliteNumber"":16,""Azimuth"":291,""BatteryLevel"":100}]",0x252513005970B10869487064485674003C38402D0000005D5000000007000061000000FFFFFFFFFFFFFFFFFFFF00D50057D3180026042219254400F82045473694C2829396400000012303922788FFFFFF0000270000FFFFFF
2026-04-22 19:26:06.430,"[{""Protocol"":""0x2525"",""MessageType"":""LocationInfoMessage"",""ProtocolHeadType"":19,""Imei"":""869487064485674"",""SerialNo"":28850,""Mileage"":5755767,""Date"":""2026-04-22T19:26:44Z"",""IopIgnition"":true,""Latitude"":4.70587158203125,""Longitude"":-74.106781005859375,""Altitude"":2576.800048828125,""ExternalPowerVoltage"":27.62,""Rpm"":-999,""Speed"":6.0,""SatelliteNumber"":16,""Azimuth"":295,""BatteryLevel"":100}]",0x252513005970B20869487064485674003C38402D0000005D5000000007000061000000FFFFFFFFFFFFFFFFFFFF00D50057D37700260422192644CD0C2145AC3694C2809696400060012703922762FFFFFF0000280000FFFFFF
2026-04-22 19:27:06.335,"[{""Protocol"":""0x2525"",""MessageType"":""LocationInfoMessage"",""ProtocolHeadType"":19,""Imei"":""869487064485674"",""SerialNo"":28851,""Mileage"":5755820,""Date"":""2026-04-22T19:27:44Z"",""IopIgnition"":true,""Latitude"":4.7060794830322266,""Longitude"":-74.107215881347656,""Altitude"":2579.60009765625,""ExternalPowerVoltage"":27.85,""Rpm"":-999,""Speed"":0.0,""SatelliteNumber"":17,""Azimuth"":295,""BatteryLevel"":100}]",0x252513005970B30869487064485674003C38402D000000565100000007000061000000FFFFFFFFFFFFFFFFFFFF00D50057D3AC002604221927449A392145E53694C2349896400000012703922785FFFFFF0000280000FFFFFF
2026-04-22 19:28:06.191,"[{""Protocol"":""0x2525"",""MessageType"":""LocationInfoMessage"",""ProtocolHeadType"":19,""Imei"":""869487064485674"",""SerialNo"":28852,""Mileage"":5756042,""Date"":""2026-04-22T19:28:44Z"",""IopIgnition"":true,""Latitude"":4.7070918083190918,""Longitude"":-74.108932495117188,""Altitude"":2579.89990234375,""ExternalPowerVoltage"":27.57,""Rpm"":-999,""Speed"":10.0,""SatelliteNumber"":16,""Azimuth"":307,""BatteryLevel"":100}]",0x252513005970B40869487064485674003C38402D000000645000000007000061000000FFFFFFFFFFFFFFFFFFFF00D50057D48A00260422192844663E2145C63794C27FA096400100013303922757FFFFFF00002C0000FFFFFF
2026-04-22 19:29:06.069,"[{""Protocol"":""0x2525"",""MessageType"":""LocationInfoMessage"",""ProtocolHeadType"":19,""Imei"":""869487064485674"",""SerialNo"":28853,""Mileage"":5756054,""Date"":""2026-04-22T19:29:43Z"",""IopIgnition"":true,""Latitude"":4.7071552276611328,""Longitude"":-74.109016418457031,""Altitude"":2577.89990234375,""ExternalPowerVoltage"":27.82,""Rpm"":-999,""Speed"":0.0,""SatelliteNumber"":15,""Azimuth"":306,""BatteryLevel"":100}]",0x252513005970B50869487064485674003C38402D000000644F00000007000061000000FFFFFFFFFFFFFFFFFFFF00D50057D49600260422192943661E2145D13794C204A196400000013203922782FFFFFF0000280000FFFFFF
2026-04-22 19:30:05.913,"[{""Protocol"":""0x2525"",""MessageType"":""LocationInfoMessage"",""ProtocolHeadType"":19,""Imei"":""869487064485674"",""SerialNo"":28854,""Mileage"":5756353,""Date"":""2026-04-22T19:30:43Z"",""IopIgnition"":true,""Latitude"":4.7089810371398926,""Longitude"":-74.1109848022461,""Altitude"":2570.0,""ExternalPowerVoltage"":28.4,""Rpm"":-999,""Speed"":27.0,""SatelliteNumber"":16,""Azimuth"":312,""BatteryLevel"":100}]",0x252513005970B60869487064485674003C38402D000000645000000007000061000000FFFFFFFFFFFFFFFFFFFF00D50057D5C10026042219304300A02045D33894C2F9AF96400270013803922840FFFFFF0000280000FFFFFF
2026-04-22 19:31:06.916,"[{""Protocol"":""0x2525"",""MessageType"":""LocationInfoMessage"",""ProtocolHeadType"":19,""Imei"":""869487064485674"",""SerialNo"":28855,""Mileage"":5756977,""Date"":""2026-04-22T19:31:44Z"",""IopIgnition"":true,""Latitude"":4.7130942344665527,""Longitude"":-74.11480712890625,""Altitude"":2574.89990234375,""ExternalPowerVoltage"":27.87,""Rpm"":-999,""Speed"":20.0,""SatelliteNumber"":19,""Azimuth"":324,""BatteryLevel"":100}]",0x252513005970B70869487064485674003C38402D000000645300000007000061000000FFFFFFFFFFFFFFFFFFFF00D50057D8310026042219314466EE2045C83A94C2ABD196400200014403922787FFFFFF0000290000FFFFFF
2026-04-22 19:32:06.716,"[{""Protocol"":""0x2525"",""MessageType"":""LocationInfoMessage"",""ProtocolHeadType"":19,""Imei"":""869487064485674"",""SerialNo"":28856,""Mileage"":5757087,""Date"":""2026-04-22T19:32:44Z"",""IopIgnition"":true,""Latitude"":4.7138895988464355,""Longitude"":-74.115386962890625,""Altitude"":2571.199951171875,""ExternalPowerVoltage"":28.51,""Rpm"":-999,""Speed"":43.0,""SatelliteNumber"":18,""Azimuth"":323,""BatteryLevel"":100}]",0x252513005970B80869487064485674003C38402D000000645200000007000061000000FFFFFFFFFFFFFFFFFFFF00D50057D89F0026042219324433B32045143B94C22FD896400430014303922851FFFFFF0000290000FFFFFF
2026-04-22 19:33:06.741,"[{""Protocol"":""0x2525"",""MessageType"":""LocationInfoMessage"",""ProtocolHeadType"":19,""Imei"":""869487064485674"",""SerialNo"":28857,""Mileage"":5757496,""Date"":""2026-04-22T19:33:44Z"",""IopIgnition"":true,""Latitude"":4.716890811920166,""Longitude"":-74.117507934570313,""Altitude"":2573.60009765625,""ExternalPowerVoltage"":28.5,""Rpm"":-999,""Speed"":48.0,""SatelliteNumber"":18,""Azimuth"":325,""BatteryLevel"":100}]",0x252513005970B90869487064485674003C38402D000000645200000007000061000000FFFFFFFFFFFFFFFFFFFF00D50057DA38002604221933449AD920452A3C94C2C5F096400480014503922850FFFFFF00002A0000FFFFFF
2026-04-22 19:34:06.403,"[{""Protocol"":""0x2525"",""MessageType"":""LocationInfoMessage"",""ProtocolHeadType"":19,""Imei"":""869487064485674"",""SerialNo"":28858,""Mileage"":5757811,""Date"":""2026-04-22T19:34:44Z"",""IopIgnition"":true,""Latitude"":4.7192020416259766,""Longitude"":-74.119148254394531,""Altitude"":2570.300048828125,""ExternalPowerVoltage"":27.79,""Rpm"":-999,""Speed"":0.0,""SatelliteNumber"":18,""Azimuth"":325,""BatteryLevel"":100}]",0x252513005970BA0869487064485674003C38402D000000645200000007000061000000FFFFFFFFFFFFFFFFFFFF00D50057DB7300260422193444CDA42045013D94C2B40397400000014503922779FFFFFF0000290000FFFFFF
2026-04-22 19:35:06.324,"[{""Protocol"":""0x2525"",""MessageType"":""LocationInfoMessage"",""ProtocolHeadType"":19,""Imei"":""869487064485674"",""SerialNo"":28859,""Mileage"":5758373,""Date"":""2026-04-22T19:35:44Z"",""IopIgnition"":true,""Latitude"":4.7232255935668945,""Longitude"":-74.122200012207031,""Altitude"":2572.89990234375,""ExternalPowerVoltage"":28.68,""Rpm"":-999,""Speed"":45.0,""SatelliteNumber"":18,""Azimuth"":318,""BatteryLevel"":100}]",0x252513005970BB0869487064485674003C38402D000000645200000007000061000000FFFFFFFFFFFFFFFFFFFF00D50057DDA50026042219354466CE2045913E94C2AA2497400450013E03922868FFFFFF0000290000FFFFFF
2026-04-22 19:36:06.172,"[{""Protocol"":""0x2525"",""MessageType"":""LocationInfoMessage"",""ProtocolHeadType"":19,""Imei"":""869487064485674"",""SerialNo"":28860,""Mileage"":5759003,""Date"":""2026-04-22T19:36:44Z"",""IopIgnition"":true,""Latitude"":4.7277064323425293,""Longitude"":-74.125434875488281,""Altitude"":2573.0,""ExternalPowerVoltage"":28.64,""Rpm"":-999,""Speed"":13.0,""SatelliteNumber"":19,""Azimuth"":340,""BatteryLevel"":100}]",0x252513005970BC0869487064485674003C38402D000000645300000007000061000000FFFFFFFFFFFFFFFFFFFF00D50057E01B0026042219364400D02045394094C25F4997400130015403922864FFFFFF0000290000FFFFFF
2026-04-22 19:36:11.131,"[{""Protocol"":""0x2525"",""MessageType"":""LocationInfoMessage"",""ProtocolHeadType"":19,""Imei"":""869487064485674"",""SerialNo"":28861,""Mileage"":5759023,""Date"":""2026-04-22T19:36:49Z"",""IopIgnition"":true,""Latitude"":4.7278847694396973,""Longitude"":-74.125411987304688,""Altitude"":2572.5,""ExternalPowerVoltage"":28.63,""Rpm"":-999,""Speed"":14.0,""SatelliteNumber"":19,""Azimuth"":32,""BatteryLevel"":100}]",0x252513005970BD0869487064485674003C38402D000000645300000007000061000000FFFFFFFFFFFFFFFFFFFF00D50057E02F0026042219364900C82045364094C2D54A97400140002003922863FFFFFF0000290000FFFFFF
2026-04-22 19:36:43.175,"[{""Protocol"":""0x2525"",""MessageType"":""LocationInfoMessage"",""ProtocolHeadType"":19,""Imei"":""869487064485674"",""SerialNo"":28862,""Mileage"":5759239,""Date"":""2026-04-22T19:37:21Z"",""IopIgnition"":true,""Latitude"":4.7296476364135742,""Longitude"":-74.124786376953125,""Altitude"":2574.800048828125,""ExternalPowerVoltage"":28.86,""Rpm"":-999,""Speed"":40.0,""SatelliteNumber"":19,""Azimuth"":347,""BatteryLevel"":100}]",0x252513005970BE0869487064485674003C38402D0000005D5300000007000061000000FFFFFFFFFFFFFFFFFFFF00D50057E10700260422193721CDEC2045E43F94C2465997400400015B03922886FFFFFF0000290000FFFFFF
2026-04-22 19:37:46.200,"[{""Protocol"":""0x2525"",""MessageType"":""LocationInfoMessage"",""ProtocolHeadType"":19,""Imei"":""869487064485674"",""SerialNo"":28863,""Mileage"":5759986,""Date"":""2026-04-22T19:38:24Z"",""IopIgnition"":true,""Latitude"":4.7359285354614258,""Longitude"":-74.12689208984375,""Altitude"":2570.5,""ExternalPowerVoltage"":28.23,""Rpm"":-999,""Speed"":34.0,""SatelliteNumber"":19,""Azimuth"":34,""BatteryLevel"":100}]",0x252513005970BF0869487064485674003C38402D000000605300000007000061000000FFFFFFFFFFFFFFFFFFFF00D50057E3F20026042219382400A82045F84094C2BA8C97400340002203922823FFFFFF0000290000FFFFFF
2026-04-22 19:38:06.111,"[{""Protocol"":""0x2525"",""MessageType"":""LocationInfoMessage"",""ProtocolHeadType"":19,""Imei"":""869487064485674"",""SerialNo"":28864,""Mileage"":5760154,""Date"":""2026-04-22T19:38:44Z"",""IopIgnition"":true,""Latitude"":4.7370634078979492,""Longitude"":-74.125968933105469,""Altitude"":2573.300048828125,""ExternalPowerVoltage"":28.43,""Rpm"":-999,""Speed"":27.0,""SatelliteNumber"":19,""Azimuth"":349,""BatteryLevel"":100}]",0x252513005970C00869487064485674003C38402D000000605300000007000061000000FFFFFFFFFFFFFFFFFFFF00D50057E49A00260422193844CDD420457F4094C2069697400270015D03922843FFFFFF0000290000FFFFFF
2026-04-22 19:38:20.765,"[{""Protocol"":""0x2525"",""MessageType"":""LocationInfoMessage"",""ProtocolHeadType"":19,""Imei"":""869487064485674"",""SerialNo"":28865,""Mileage"":5760299,""Date"":""2026-04-22T19:38:58Z"",""IopIgnition"":true,""Latitude"":4.7382926940917969,""Longitude"":-74.1259536743164,""Altitude"":2572.89990234375,""ExternalPowerVoltage"":28.55,""Rpm"":-999,""Speed"":41.0,""SatelliteNumber"":19,""Azimuth"":34,""BatteryLevel"":100}]",0x252513005970C10869487064485674003C38402D000000645300000007000061000000FFFFFFFFFFFFFFFFFFFF00D50057E52B0026042219385866CE20457D4094C218A097400410002203922855FFFFFF00002A0000FFFFFF
2026-04-22 19:38:55.107,"[{""Protocol"":""0x2525"",""MessageType"":""LocationInfoMessage"",""ProtocolHeadType"":19,""Imei"":""869487064485674"",""SerialNo"":28866,""Mileage"":5760592,""Date"":""2026-04-22T19:39:33Z"",""IopIgnition"":true,""Latitude"":4.74036979675293,""Longitude"":-74.1243896484375,""Altitude"":2573.39990234375,""ExternalPowerVoltage"":28.21,""Rpm"":-999,""Speed"":17.0,""SatelliteNumber"":18,""Azimuth"":82,""BatteryLevel"":100}]",0x252513005970C20869487064485674003C38402D000000645200000007000061000000FFFFFFFFFFFFFFFFFFFF00D50057E6500026042219393366D62045B03F94C21CB197400170005203922821FFFFFF0000290000FFFFFF
2026-04-22 19:40:03.202,"[{""Protocol"":""0x2525"",""MessageType"":""LocationInfoMessage"",""ProtocolHeadType"":19,""Imei"":""869487064485674"",""SerialNo"":28867,""Mileage"":5760883,""Date"":""2026-04-22T19:40:41Z"",""IopIgnition"":true,""Latitude"":4.7411041259765625,""Longitude"":-74.121910095214844,""Altitude"":2568.10009765625,""ExternalPowerVoltage"":27.94,""Rpm"":-999,""Speed"":11.0,""SatelliteNumber"":18,""Azimuth"":27,""BatteryLevel"":100}]",0x252513005970C30869487064485674003C38402D000000445200000007000061000000FFFFFFFFFFFFFFFFFFFF00D50057E773002604221940419A8120456B3E94C220B797400110001B03922794FFFFFF00002C0000FFFFFF
2026-04-22 19:40:06.030,"[{""Protocol"":""0x2525"",""MessageType"":""LocationInfoMessage"",""ProtocolHeadType"":19,""Imei"":""869487064485674"",""SerialNo"":28868,""Mileage"":5760893,""Date"":""2026-04-22T19:40:44Z"",""IopIgnition"":true,""Latitude"":4.7411909103393555,""Longitude"":-74.1219253540039,""Altitude"":2568.39990234375,""ExternalPowerVoltage"":27.97,""Rpm"":-999,""Speed"":15.0,""SatelliteNumber"":18,""Azimuth"":334,""BatteryLevel"":100}]",0x252513005970C40869487064485674003C38402D000000445200000007000061000000FFFFFFFFFFFFFFFFFFFF00D50057E77D00260422194044668620456D3E94C2D6B797400150014E03922797FFFFFF00002D0000FFFFFF
2026-04-22 19:42:06.009,"[{""Protocol"":""0x2525"",""MessageType"":""LocationInfoMessage"",""ProtocolHeadType"":19,""Imei"":""869487064485674"",""SerialNo"":28869,""Mileage"":5761037,""Date"":""2026-04-22T19:42:43Z"",""IopIgnition"":true,""Latitude"":4.74238920211792,""Longitude"":-74.122398376464844,""Altitude"":2570.39990234375,""ExternalPowerVoltage"":25.7,""Rpm"":-999,""Speed"":5.0,""SatelliteNumber"":17,""Azimuth"":345,""BatteryLevel"":100}]",0x252513005970C50869487064485674003C38402D0000004B5100000007000061000000FFFFFFFFFFFFFFFFFFFF00D50057E80D0026042219424366A62045AB3E94C2A7C197400050015903922570FFFFFF0000290000FFFFFF
2026-04-22 19:43:06.934,"[{""Protocol"":""0x2525"",""MessageType"":""LocationInfoMessage"",""ProtocolHeadType"":19,""Imei"":""869487064485674"",""SerialNo"":28870,""Mileage"":5761037,""Date"":""2026-04-22T19:43:44Z"",""IopIgnition"":true,""Latitude"":4.74238920211792,""Longitude"":-74.122398376464844,""Altitude"":2570.39990234375,""ExternalPowerVoltage"":25.51,""Rpm"":-999,""Speed"":0.0,""SatelliteNumber"":18,""Azimuth"":345,""BatteryLevel"":100}]",0x252513005970C60869487064485674003C38402D0000005D5200000007000061000000FFFFFFFFFFFFFFFFFFFF00D50057E80D0026042219434466A62045AB3E94C2A7C197400000015903922551FFFFFF0000290000FFFFFF
2026-04-22 19:44:06.908,"[{""Protocol"":""0x2525"",""MessageType"":""LocationInfoMessage"",""ProtocolHeadType"":19,""Imei"":""869487064485674"",""SerialNo"":28871,""Mileage"":5761110,""Date"":""2026-04-22T19:44:44Z"",""IopIgnition"":true,""Latitude"":4.7429909706115723,""Longitude"":-74.122642517089844,""Altitude"":2574.10009765625,""ExternalPowerVoltage"":26.14,""Rpm"":-999,""Speed"":0.0,""SatelliteNumber"":18,""Azimuth"":336,""BatteryLevel"":100}]",0x252513005970C70869487064485674003C38402D000000595200000007000061000000FFFFFFFFFFFFFFFFFFFF00D50057E856002604221944449AE12045CB3E94C295C697400000015003922614FFFFFF0000290000FFFFFF
2026-04-22 19:44:30.108,"[{""Protocol"":""0x2525"",""MessageType"":""LocationInfoMessage"",""ProtocolHeadType"":19,""Imei"":""869487064485674"",""SerialNo"":28872,""Mileage"":5761135,""Date"":""2026-04-22T19:45:08Z"",""IopIgnition"":true,""Latitude"":4.74321985244751,""Longitude"":-74.1226806640625,""Altitude"":2578.199951171875,""ExternalPowerVoltage"":27.55,""Rpm"":-999,""Speed"":9.0,""SatelliteNumber"":18,""Azimuth"":56,""BatteryLevel"":100}]",0x252513005970C80869487064485674003C38402D000000645200000007000061000000FFFFFFFFFFFFFFFFFFFF00D50057E86F0026042219450833232145D03E94C275C897400090003803922755FFFFFF00002A0000FFFFFF
2026-04-22 19:46:06.017,"[{""Protocol"":""0x2525"",""MessageType"":""LocationInfoMessage"",""ProtocolHeadType"":19,""Imei"":""869487064485674"",""SerialNo"":28873,""Mileage"":5761487,""Date"":""2026-04-22T19:46:43Z"",""IopIgnition"":true,""Latitude"":4.7443580627441406,""Longitude"":-74.119720458984375,""Altitude"":2579.300048828125,""ExternalPowerVoltage"":27.96,""Rpm"":-999,""Speed"":25.0,""SatelliteNumber"":17,""Azimuth"":72,""BatteryLevel"":100}]",0x252513005970C90869487064485674003C38402D000000645100000007000061000000FFFFFFFFFFFFFFFFFFFF00D50057E9CF00260422194643CD3421454C3D94C2C8D197400250004803922796FFFFFF00002A0000FFFFFF
2026-04-22 19:46:35.081,"[{""Protocol"":""0x2525"",""MessageType"":""LocationInfoMessage"",""ProtocolHeadType"":19,""Imei"":""869487064485674"",""SerialNo"":28874,""Mileage"":5761689,""Date"":""2026-04-22T19:47:13Z"",""IopIgnition"":true,""Latitude"":4.745154857635498,""Longitude"":-74.118133544921875,""Altitude"":2584.300048828125,""ExternalPowerVoltage"":28.46,""Rpm"":-999,""Speed"":11.0,""SatelliteNumber"":17,""Azimuth"":4,""BatteryLevel"":100}]",0x252513005970CA0869487064485674003C38402D000000645100000007000061000000FFFFFFFFFFFFFFFFFFFF00D50057EA9900260422194713CD8421457C3C94C24FD897400110000403922846FFFFFF00002C0000FFFFFF
2026-04-22 19:48:01.121,"[{""Protocol"":""0x2525"",""MessageType"":""LocationInfoMessage"",""ProtocolHeadType"":19,""Imei"":""869487064485674"",""SerialNo"":28875,""Mileage"":5761836,""Date"":""2026-04-22T19:48:39Z"",""IopIgnition"":true,""Latitude"":4.7463779449462891,""Longitude"":-74.118621826171875,""Altitude"":2581.5,""ExternalPowerVoltage"":27.54,""Rpm"":-999,""Speed"":8.0,""SatelliteNumber"":18,""Azimuth"":303,""BatteryLevel"":100}]",0x252513005970CB0869487064485674003C38402D0000005D5200000007000061000000FFFFFFFFFFFFFFFFFFFF00D50057EB2C0026042219483900582145BC3C94C254E297400080012F03922754FFFFFF00002A0000FFFFFF
2026-04-22 19:48:03.021,"[{""Protocol"":""0x2525"",""MessageType"":""LocationInfoMessage"",""ProtocolHeadType"":19,""Imei"":""869487064485674"",""SerialNo"":28876,""Mileage"":5761841,""Date"":""2026-04-22T19:48:41Z"",""IopIgnition"":true,""Latitude"":4.7463788986206055,""Longitude"":-74.1186752319336,""Altitude"":2581.199951171875,""ExternalPowerVoltage"":28.35,""Rpm"":-999,""Speed"":13.0,""SatelliteNumber"":17,""Azimuth"":244,""BatteryLevel"":100}]",0x252513005970CC0869487064485674003C38402D0000004F5100000007000061000000FFFFFFFFFFFFFFFFFFFF00D50057EB310026042219484133532145C33C94C256E29740013000F403922835FFFFFF00002A0000FFFFFF
2026-04-22 19:48:46.188,"[{""Protocol"":""0x2525"",""MessageType"":""LocationInfoMessage"",""ProtocolHeadType"":19,""Imei"":""869487064485674"",""SerialNo"":28877,""Mileage"":5762122,""Date"":""2026-04-22T19:49:24Z"",""IopIgnition"":true,""Latitude"":4.7455964088439941,""Longitude"":-74.1210708618164,""Altitude"":2575.10009765625,""ExternalPowerVoltage"":28.3,""Rpm"":-999,""Speed"":8.0,""SatelliteNumber"":18,""Azimuth"":325,""BatteryLevel"":100}]",0x252513005970CD0869487064485674003C38402D0000004F5200000007000061000000FFFFFFFFFFFFFFFFFFFF00D50057EC4A002604221949249AF12045FD3D94C2EDDB97400080014503922830FFFFFF00002A0000FFFFFF
2026-04-22 19:49:21.550,"[{""Protocol"":""0x2525"",""MessageType"":""LocationInfoMessage"",""ProtocolHeadType"":19,""Imei"":""869487064485674"",""SerialNo"":28878,""Mileage"":5762218,""Date"":""2026-04-22T19:49:59Z"",""IopIgnition"":true,""Latitude"":4.746243953704834,""Longitude"":-74.121444702148438,""Altitude"":2575.699951171875,""ExternalPowerVoltage"":28.43,""Rpm"":-999,""Speed"":20.0,""SatelliteNumber"":17,""Azimuth"":252,""BatteryLevel"":100}]",0x252513005970CE0869487064485674003C38402D000000645100000007000061000000FFFFFFFFFFFFFFFFFFFF00D50057ECAA0026042219495933FB20452E3E94C23BE19740020000FC03922843FFFFFF00002A0000FFFFFF
2026-04-22 19:51:06.453,"[{""Protocol"":""0x2525"",""MessageType"":""LocationInfoMessage"",""ProtocolHeadType"":19,""Imei"":""869487064485674"",""SerialNo"":28879,""Mileage"":5762948,""Date"":""2026-04-22T19:51:44Z"",""IopIgnition"":true,""Latitude"":4.7441887855529785,""Longitude"":-74.127685546875,""Altitude"":2569.0,""ExternalPowerVoltage"":28.43,""Rpm"":-999,""Speed"":20.0,""SatelliteNumber"":17,""Azimuth"":272,""BatteryLevel"":100}]",0x252513005970CF0869487064485674003C38402D000000485100000007000061000000FFFFFFFFFFFFFFFFFFFF00D50057EF840026042219514400902045604194C265D097400200011003922843FFFFFF0000290000FFFFFF
2026-04-22 19:51:25.101,"[{""Protocol"":""0x2525"",""MessageType"":""LocationInfoMessage"",""ProtocolHeadType"":19,""Imei"":""869487064485674"",""SerialNo"":28880,""Mileage"":5763072,""Date"":""2026-04-22T19:52:03Z"",""IopIgnition"":true,""Latitude"":4.744408130645752,""Longitude"":-74.128746032714844,""Altitude"":2566.89990234375,""ExternalPowerVoltage"":28.29,""Rpm"":-999,""Speed"":15.0,""SatelliteNumber"":17,""Azimuth"":213,""BatteryLevel"":100}]",0x252513005970D00869487064485674003C38402D0000003E5100000007000061000000FFFFFFFFFFFFFFFFFFFF00D50057F00000260422195203666E2045EB4194C231D29740015000D503922829FFFFFF00002A0000FFFFFF
2026-04-22 19:52:35.193,"[{""Protocol"":""0x2525"",""MessageType"":""LocationInfoMessage"",""ProtocolHeadType"":19,""Imei"":""869487064485674"",""SerialNo"":28881,""Mileage"":5763466,""Date"":""2026-04-22T19:53:13Z"",""IopIgnition"":true,""Latitude"":4.7418737411499023,""Longitude"":-74.130615234375,""Altitude"":2567.300048828125,""ExternalPowerVoltage"":28.38,""Rpm"":-999,""Speed"":9.0,""SatelliteNumber"":17,""Azimuth"":157,""BatteryLevel"":100}]",0x252513005970D10869487064485674003C38402D0000003E5100000007000061000000FFFFFFFFFFFFFFFFFFFF00D50057F18A00260422195313CD742045E04294C26EBD97400090009D03922838FFFFFF0000290000FFFFFF
2026-04-22 19:54:06.004,"[{""Protocol"":""0x2525"",""MessageType"":""LocationInfoMessage"",""ProtocolHeadType"":19,""Imei"":""869487064485674"",""SerialNo"":28882,""Mileage"":5763510,""Date"":""2026-04-22T19:54:43Z"",""IopIgnition"":true,""Latitude"":4.7415094375610352,""Longitude"":-74.130477905273438,""Altitude"":2566.800048828125,""ExternalPowerVoltage"":28.36,""Rpm"":-999,""Speed"":0.0,""SatelliteNumber"":17,""Azimuth"":160,""BatteryLevel"":100}]",0x252513005970D20869487064485674003C38402D000000595100000007000061000000FFFFFFFFFFFFFFFFFFFF00D50057F1B600260422195443CD6C2045CE4294C272BA9740000000A003922836FFFFFF00002A0000FFFFFF
2026-04-22 19:54:44.210,"[{""Protocol"":""0x2525"",""MessageType"":""LocationInfoMessage"",""ProtocolHeadType"":19,""Imei"":""869487064485674"",""SerialNo"":28883,""Mileage"":5763680,""Date"":""2026-04-22T19:55:22Z"",""IopIgnition"":true,""Latitude"":4.7401795387268066,""Longitude"":-74.1297607421875,""Altitude"":2557.39990234375,""ExternalPowerVoltage"":28.19,""Rpm"":-999,""Speed"":12.0,""SatelliteNumber"":18,""Azimuth"":81,""BatteryLevel"":100}]",0x252513005970D30869487064485674003C38402D0000004F5200000007000061000000FFFFFFFFFFFFFFFFFFFF00D50057F2600026042219552266D61F45704294C28DAF97400120005103922819FFFFFF0000290000FFFFFF
2026-04-22 19:56:06.015,"[{""Protocol"":""0x2525"",""MessageType"":""LocationInfoMessage"",""ProtocolHeadType"":19,""Imei"":""869487064485674"",""SerialNo"":28884,""Mileage"":5763764,""Date"":""2026-04-22T19:56:43Z"",""IopIgnition"":true,""Latitude"":4.7404828071594238,""Longitude"":-74.129066467285156,""Altitude"":2551.5,""ExternalPowerVoltage"":27.87,""Rpm"":-999,""Speed"":0.0,""SatelliteNumber"":17,""Azimuth"":59,""BatteryLevel"":100}]",0x252513005970D40869487064485674003C38402D000000595100000007000061000000FFFFFFFFFFFFFFFFFFFF00D50057F2B40026042219564300781F45154294C209B297400000003B03922787FFFFFF0000290000FFFFFF
2026-04-22 19:57:06.949,"[{""Protocol"":""0x2525"",""MessageType"":""LocationInfoMessage"",""ProtocolHeadType"":19,""Imei"":""869487064485674"",""SerialNo"":28885,""Mileage"":5763890,""Date"":""2026-04-22T19:57:44Z"",""IopIgnition"":true,""Latitude"":4.7409305572509766,""Longitude"":-74.1280288696289,""Altitude"":2564.300048828125,""ExternalPowerVoltage"":27.96,""Rpm"":-999,""Speed"":26.0,""SatelliteNumber"":16,""Azimuth"":66,""BatteryLevel"":100}]",0x252513005970D50869487064485674003C38402D000000645000000007000061000000FFFFFFFFFFFFFFFFFFFF00D50057F33200260422195744CD4420458D4194C2B4B597400260004203922796FFFFFF0000290000FFFFFF
2026-04-22 19:58:06.687,"[{""Protocol"":""0x2525"",""MessageType"":""LocationInfoMessage"",""ProtocolHeadType"":19,""Imei"":""869487064485674"",""SerialNo"":28886,""Mileage"":5764311,""Date"":""2026-04-22T19:58:44Z"",""IopIgnition"":true,""Latitude"":4.7424030303955078,""Longitude"":-74.124542236328125,""Altitude"":2569.699951171875,""ExternalPowerVoltage"":28.37,""Rpm"":-999,""Speed"":8.0,""SatelliteNumber"":17,""Azimuth"":79,""BatteryLevel"":100}]",0x252513005970D60869487064485674003C38402D000000645100000007000061000000FFFFFFFFFFFFFFFFFFFF00D50057F4D700260422195844339B2045C43F94C2C4C197400080004F03922837FFFFFF00002B0000FFFFFF
2026-04-22 19:58:11.119,"[{""Protocol"":""0x2525"",""MessageType"":""LocationInfoMessage"",""ProtocolHeadType"":19,""Imei"":""869487064485674"",""SerialNo"":28887,""Mileage"":5764319,""Date"":""2026-04-22T19:58:49Z"",""IopIgnition"":true,""Latitude"":4.7423772811889648,""Longitude"":-74.124473571777344,""Altitude"":2569.60009765625,""ExternalPowerVoltage"":27.75,""Rpm"":-999,""Speed"":10.0,""SatelliteNumber"":17,""Azimuth"":130,""BatteryLevel"":100}]",0x252513005970D70869487064485674003C38402D000000645100000007000061000000FFFFFFFFFFFFFFFFFFFF00D50057F4DF002604221958499A992045BB3F94C28EC197400100008203922775FFFFFF00002B0000FFFFFF
2026-04-22 19:58:54.092,"[{""Protocol"":""0x2525"",""MessageType"":""LocationInfoMessage"",""ProtocolHeadType"":19,""Imei"":""869487064485674"",""SerialNo"":28888,""Mileage"":5764542,""Date"":""2026-04-22T19:59:32Z"",""IopIgnition"":true,""Latitude"":4.7405176162719727,""Longitude"":-74.1237564086914,""Altitude"":2565.5,""ExternalPowerVoltage"":27.73,""Rpm"":-999,""Speed"":9.0,""SatelliteNumber"":18,""Azimuth"":191,""BatteryLevel"":100}]",0x252513005970D80869487064485674003C38402D000000445200000007000061000000FFFFFFFFFFFFFFFFFFFF00D50057F5BE00260422195932005820455D3F94C252B29740009000BF03922773FFFFFF0000290000FFFFFF
2026-04-22 19:58:57.121,"[{""Protocol"":""0x2525"",""MessageType"":""LocationInfoMessage"",""ProtocolHeadType"":19,""Imei"":""869487064485674"",""SerialNo"":28889,""Mileage"":5764551,""Date"":""2026-04-22T19:59:35Z"",""IopIgnition"":true,""Latitude"":4.740455150604248,""Longitude"":-74.123809814453125,""Altitude"":2565.10009765625,""ExternalPowerVoltage"":27.77,""Rpm"":-999,""Speed"":8.0,""SatelliteNumber"":18,""Azimuth"":251,""BatteryLevel"":100}]",0x252513005970D90869487064485674003C38402D000000445200000007000061000000FFFFFFFFFFFFFFFFFFFF00D50057F5C7002604221959359A512045643F94C2CFB19740008000FB03922777FFFFFF00002B0000FFFFFF
2026-04-22 19:59:37.099,"[{""Protocol"":""0x2525"",""MessageType"":""LocationInfoMessage"",""ProtocolHeadType"":19,""Imei"":""869487064485674"",""SerialNo"":28890,""Mileage"":5764950,""Date"":""2026-04-22T20:00:15Z"",""IopIgnition"":true,""Latitude"":4.7379884719848633,""Longitude"":-74.126144409179688,""Altitude"":2572.89990234375,""ExternalPowerVoltage"":28.31,""Rpm"":-999,""Speed"":43.0,""SatelliteNumber"":18,""Azimuth"":201,""BatteryLevel"":100}]",0x252513005970DA0869487064485674003C38402D000000645200000007000061000000FFFFFFFFFFFFFFFFFFFF00D50057F7560026042220001566CE2045964094C29A9D9740043000C903922831FFFFFF0000290000FFFFFF
2026-04-22 20:01:06.105,"[{""Protocol"":""0x2525"",""MessageType"":""LocationInfoMessage"",""ProtocolHeadType"":19,""Imei"":""869487064485674"",""SerialNo"":28891,""Mileage"":5766102,""Date"":""2026-04-22T20:01:43Z"",""IopIgnition"":true,""Latitude"":4.7285165786743164,""Longitude"":-74.125007629394531,""Altitude"":2570.199951171875,""ExternalPowerVoltage"":28.21,""Rpm"":-999,""Speed"":22.0,""SatelliteNumber"":17,""Azimuth"":206,""BatteryLevel"":100}]",0x252513005970DB0869487064485674003C38402D000000645100000007000061000000FFFFFFFFFFFFFFFFFFFF00D50057FBD60026042220014333A32045014094C202509740022000CE03922821FFFFFF0000290000FFFFFF
2026-04-22 20:02:06.930,"[{""Protocol"":""0x2525"",""MessageType"":""LocationInfoMessage"",""ProtocolHeadType"":19,""Imei"":""869487064485674"",""SerialNo"":28892,""Mileage"":5766180,""Date"":""2026-04-22T20:02:44Z"",""IopIgnition"":true,""Latitude"":4.7279434204101563,""Longitude"":-74.125396728515625,""Altitude"":2569.300048828125,""ExternalPowerVoltage"":27.85,""Rpm"":-999,""Speed"":0.0,""SatelliteNumber"":17,""Azimuth"":226,""BatteryLevel"":100}]",0x252513005970DC0869487064485674003C38402D000000645100000007000061000000FFFFFFFFFFFFFFFFFFFF00D50057FC2400260422200244CD942045344094C2504B9740000000E203922785FFFFFF0000280000FFFFFF
2026-04-22 20:03:06.920,"[{""Protocol"":""0x2525"",""MessageType"":""LocationInfoMessage"",""ProtocolHeadType"":19,""Imei"":""869487064485674"",""SerialNo"":28893,""Mileage"":5766180,""Date"":""2026-04-22T20:03:44Z"",""IopIgnition"":true,""Latitude"":4.7279434204101563,""Longitude"":-74.125396728515625,""Altitude"":2569.300048828125,""ExternalPowerVoltage"":28.14,""Rpm"":-999,""Speed"":0.0,""SatelliteNumber"":17,""Azimuth"":226,""BatteryLevel"":100}]",0x252513005970DD0869487064485674003C38402D000000645100000007000061000000FFFFFFFFFFFFFFFFFFFF00D50057FC2400260422200344CD942045344094C2504B9740000000E203922814FFFFFF0000280000FFFFFF
2026-04-22 20:03:41.102,"[{""Protocol"":""0x2525"",""MessageType"":""LocationInfoMessage"",""ProtocolHeadType"":19,""Imei"":""869487064485674"",""SerialNo"":28894,""Mileage"":5766279,""Date"":""2026-04-22T20:04:19Z"",""IopIgnition"":true,""Latitude"":4.72725248336792,""Longitude"":-74.125923156738281,""Altitude"":2567.10009765625,""ExternalPowerVoltage"":28.38,""Rpm"":-999,""Speed"":26.0,""SatelliteNumber"":18,""Azimuth"":176,""BatteryLevel"":100}]",0x252513005970DE0869487064485674003C38402D000000645200000007000061000000FFFFFFFFFFFFFFFFFFFF00D50057FC87002604222004199A712045794094C2A7459740026000B003922838FFFFFF0000290000FFFFFF
2026-04-22 20:05:06.036,"[{""Protocol"":""0x2525"",""MessageType"":""LocationInfoMessage"",""ProtocolHeadType"":19,""Imei"":""869487064485674"",""SerialNo"":28895,""Mileage"":5766720,""Date"":""2026-04-22T20:05:43Z"",""IopIgnition"":true,""Latitude"":4.72418212890625,""Longitude"":-74.1234359741211,""Altitude"":2569.5,""ExternalPowerVoltage"":29.03,""Rpm"":-999,""Speed"":35.0,""SatelliteNumber"":18,""Azimuth"":140,""BatteryLevel"":100}]",0x252513005970DF0869487064485674003C38402D000000595200000007000061000000FFFFFFFFFFFFFFFFFFFF00D50057FE400026042220054300982045333F94C2802C97400350008C03922903FFFFFF0000290000FFFFFF
2026-04-22 20:06:06.915,"[{""Protocol"":""0x2525"",""MessageType"":""LocationInfoMessage"",""ProtocolHeadType"":19,""Imei"":""869487064485674"",""SerialNo"":28896,""Mileage"":5767051,""Date"":""2026-04-22T20:06:44Z"",""IopIgnition"":true,""Latitude"":4.7219123840332031,""Longitude"":-74.121513366699219,""Altitude"":2569.60009765625,""ExternalPowerVoltage"":28.94,""Rpm"":-999,""Speed"":18.0,""SatelliteNumber"":17,""Azimuth"":140,""BatteryLevel"":100}]",0x252513005970E00869487064485674003C38402D000000645100000007000061000000FFFFFFFFFFFFFFFFFFFF00D50057FF8B002604222006449A992045373E94C2E81997400180008C03922894FFFFFF0000280000FFFFFF
2026-04-22 20:07:06.900,"[{""Protocol"":""0x2525"",""MessageType"":""LocationInfoMessage"",""ProtocolHeadType"":19,""Imei"":""869487064485674"",""SerialNo"":28897,""Mileage"":5767820,""Date"":""2026-04-22T20:07:44Z"",""IopIgnition"":true,""Latitude"":4.71631383895874,""Longitude"":-74.117469787597656,""Altitude"":2570.300048828125,""ExternalPowerVoltage"":27.95,""Rpm"":-999,""Speed"":24.0,""SatelliteNumber"":18,""Azimuth"":144,""BatteryLevel"":100}]",0x252513005970E10869487064485674003C38402D000000645200000007000061000000FFFFFFFFFFFFFFFFFFFF00D50058028C00260422200744CDA42045253C94C20BEC96400240009003922795FFFFFF0000290000FFFFFF
2026-04-22 20:08:06.685,"[{""Protocol"":""0x2525"",""MessageType"":""LocationInfoMessage"",""ProtocolHeadType"":19,""Imei"":""869487064485674"",""SerialNo"":28898,""Mileage"":5768102,""Date"":""2026-04-22T20:08:44Z"",""IopIgnition"":true,""Latitude"":4.7142424583435059,""Longitude"":-74.115997314453125,""Altitude"":2570.5,""ExternalPowerVoltage"":27.89,""Rpm"":-999,""Speed"":0.0,""SatelliteNumber"":17,""Azimuth"":144,""BatteryLevel"":100}]",0x252513005970E20869487064485674003C38402D000000645100000007000061000000FFFFFFFFFFFFFFFFFFFF00D5005803A60026042220084400A82045643B94C213DB96400000009003922789FFFFFF00002A0000FFFFFF
2026-04-22 20:09:06.598,"[{""Protocol"":""0x2525"",""MessageType"":""LocationInfoMessage"",""ProtocolHeadType"":19,""Imei"":""869487064485674"",""SerialNo"":28899,""Mileage"":5768437,""Date"":""2026-04-22T20:09:44Z"",""IopIgnition"":true,""Latitude"":4.7118244171142578,""Longitude"":-74.114204406738281,""Altitude"":2572.0,""ExternalPowerVoltage"":28.32,""Rpm"":-999,""Speed"":33.0,""SatelliteNumber"":17,""Azimuth"":137,""BatteryLevel"":100}]",0x252513005970E30869487064485674003C38402D000000645100000007000061000000FFFFFFFFFFFFFFFFFFFF00D5005804F50026042220094400C02045793A94C244C796400330008903922832FFFFFF0000280000FFFFFF
2026-04-22 20:10:06.482,"[{""Protocol"":""0x2525"",""MessageType"":""LocationInfoMessage"",""ProtocolHeadType"":19,""Imei"":""869487064485674"",""SerialNo"":28900,""Mileage"":5768892,""Date"":""2026-04-22T20:10:44Z"",""IopIgnition"":true,""Latitude"":4.7089405059814453,""Longitude"":-74.1113052368164,""Altitude"":2581.39990234375,""ExternalPowerVoltage"":27.91,""Rpm"":-999,""Speed"":10.0,""SatelliteNumber"":18,""Azimuth"":132,""BatteryLevel"":100}]",0x252513005970E40869487064485674003C38402D000000645200000007000061000000FFFFFFFFFFFFFFFFFFFF00D5005806BC0026042220104466562145FD3894C2A4AF96400100008403922791FFFFFF0000280000FFFFFF
2026-04-22 20:11:06.317,"[{""Protocol"":""0x2525"",""MessageType"":""LocationInfoMessage"",""ProtocolHeadType"":19,""Imei"":""869487064485674"",""SerialNo"":28901,""Mileage"":5769109,""Date"":""2026-04-22T20:11:44Z"",""IopIgnition"":true,""Latitude"":4.7075610160827637,""Longitude"":-74.10992431640625,""Altitude"":2579.300048828125,""ExternalPowerVoltage"":27.93,""Rpm"":-999,""Speed"":0.0,""SatelliteNumber"":18,""Azimuth"":136,""BatteryLevel"":100}]",0x252513005970E50869487064485674003C38402D000000645200000007000061000000FFFFFFFFFFFFFFFFFFFF00D50058079500260422201144CD342145483894C257A496400000008803922793FFFFFF0000280000FFFFFF
2026-04-22 20:12:07.254,"[{""Protocol"":""0x2525"",""MessageType"":""LocationInfoMessage"",""ProtocolHeadType"":19,""Imei"":""869487064485674"",""SerialNo"":28902,""Mileage"":5769159,""Date"":""2026-04-22T20:12:44Z"",""IopIgnition"":true,""Latitude"":4.7072672843933105,""Longitude"":-74.109588623046875,""Altitude"":2575.60009765625,""ExternalPowerVoltage"":28.2,""Rpm"":-999,""Speed"":17.0,""SatelliteNumber"":18,""Azimuth"":130,""BatteryLevel"":100}]",0x252513005970E60869487064485674003C38402D000000645200000007000061000000FFFFFFFFFFFFFFFFFFFF00D5005807C7002604222012449AF920451C3894C2EFA196400170008203922820FFFFFF00002A0000FFFFFF
2026-04-22 20:13:06.076,"[{""Protocol"":""0x2525"",""MessageType"":""LocationInfoMessage"",""ProtocolHeadType"":19,""Imei"":""869487064485674"",""SerialNo"":28903,""Mileage"":5769464,""Date"":""2026-04-22T20:13:43Z"",""IopIgnition"":true,""Latitude"":4.7057695388793945,""Longitude"":-74.107292175292969,""Altitude"":2574.89990234375,""ExternalPowerVoltage"":28.35,""Rpm"":-999,""Speed"":34.0,""SatelliteNumber"":18,""Azimuth"":115,""BatteryLevel"":100}]",0x252513005970E70869487064485674003C38402D0000005D5200000007000061000000FFFFFFFFFFFFFFFFFFFF00D5005808F80026042220134366EE2045EF3694C2AA9596400340007303922835FFFFFF0000290000FFFFFF
2026-04-22 20:14:06.919,"[{""Protocol"":""0x2525"",""MessageType"":""LocationInfoMessage"",""ProtocolHeadType"":19,""Imei"":""869487064485674"",""SerialNo"":28904,""Mileage"":5770005,""Date"":""2026-04-22T20:14:44Z"",""IopIgnition"":true,""Latitude"":4.7037701606750488,""Longitude"":-74.102859497070313,""Altitude"":2577.89990234375,""ExternalPowerVoltage"":28.15,""Rpm"":-999,""Speed"":38.0,""SatelliteNumber"":17,""Azimuth"":113,""BatteryLevel"":100}]",0x252513005970E80869487064485674003C38402D000000645100000007000061000000FFFFFFFFFFFFFFFFFFFF00D500580B1500260422201444661E2145AA3494C2498596400380007103922815FFFFFF0000280000FFFFFF
2026-04-22 20:15:06.895,"[{""Protocol"":""0x2525"",""MessageType"":""LocationInfoMessage"",""ProtocolHeadType"":19,""Imei"":""869487064485674"",""SerialNo"":28905,""Mileage"":5770515,""Date"":""2026-04-22T20:15:44Z"",""IopIgnition"":true,""Latitude"":4.7012825012207031,""Longitude"":-74.099029541015625,""Altitude"":2575.60009765625,""ExternalPowerVoltage"":27.91,""Rpm"":-999,""Speed"":5.0,""SatelliteNumber"":18,""Azimuth"":132,""BatteryLevel"":100}]",0x252513005970E90869487064485674003C38402D000000645200000007000061000000FFFFFFFFFFFFFFFFFFFF00D500580D13002604222015449AF92045B43294C2E87096400050008403922791FFFFFF0000280000FFFFFF
2026-04-22 20:16:06.693,"[{""Protocol"":""0x2525"",""MessageType"":""LocationInfoMessage"",""ProtocolHeadType"":19,""Imei"":""869487064485674"",""SerialNo"":28906,""Mileage"":5770795,""Date"":""2026-04-22T20:16:44Z"",""IopIgnition"":true,""Latitude"":4.6997127532958984,""Longitude"":-74.097053527832031,""Altitude"":2576.10009765625,""ExternalPowerVoltage"":28.37,""Rpm"":-999,""Speed"":31.0,""SatelliteNumber"":18,""Azimuth"":125,""BatteryLevel"":100}]",0x252513005970EA0869487064485674003C38402D000000645200000007000061000000FFFFFFFFFFFFFFFFFFFF00D500580E2B002604222016449A012145B13194C20C6496400310007D03922837FFFFFF0000280000FFFFFF
2026-04-22 20:17:06.594,"[{""Protocol"":""0x2525"",""MessageType"":""LocationInfoMessage"",""ProtocolHeadType"":19,""Imei"":""869487064485674"",""SerialNo"":28907,""Mileage"":5771154,""Date"":""2026-04-22T20:17:44Z"",""IopIgnition"":true,""Latitude"":4.6979994773864746,""Longitude"":-74.094329833984375,""Altitude"":2572.800048828125,""ExternalPowerVoltage"":27.93,""Rpm"":-999,""Speed"":0.0,""SatelliteNumber"":16,""Azimuth"":116,""BatteryLevel"":100}]",0x252513005970EB0869487064485674003C38402D000000645000000007000061000000FFFFFFFFFFFFFFFFFFFF00D500580F9200260422201744CDCC20454C3094C2035696400000007403922793FFFFFF0000290000FFFFFF
2026-04-22 20:18:06.329,"[{""Protocol"":""0x2525"",""MessageType"":""LocationInfoMessage"",""ProtocolHeadType"":19,""Imei"":""869487064485674"",""SerialNo"":28908,""Mileage"":5771423,""Date"":""2026-04-22T20:18:44Z"",""IopIgnition"":true,""Latitude"":4.696873664855957,""Longitude"":-74.0921859741211,""Altitude"":2577.699951171875,""ExternalPowerVoltage"":27.96,""Rpm"":-999,""Speed"":19.0,""SatelliteNumber"":17,""Azimuth"":116,""BatteryLevel"":100}]",0x252513005970EC0869487064485674003C38402D000000645100000007000061000000FFFFFFFFFFFFFFFFFFFF00D50058109F00260422201844331B2145332F94C2CA4C96400190007403922796FFFFFF00002A0000FFFFFF
2026-04-22 20:19:06.186,"[{""Protocol"":""0x2525"",""MessageType"":""LocationInfoMessage"",""ProtocolHeadType"":19,""Imei"":""869487064485674"",""SerialNo"":28909,""Mileage"":5772002,""Date"":""2026-04-22T20:19:44Z"",""IopIgnition"":true,""Latitude"":4.6942358016967773,""Longitude"":-74.0877456665039,""Altitude"":2573.800048828125,""ExternalPowerVoltage"":28.04,""Rpm"":-999,""Speed"":16.0,""SatelliteNumber"":17,""Azimuth"":166,""BatteryLevel"":100}]",0x252513005970ED0869487064485674003C38402D000000645100000007000061000000FFFFFFFFFFFFFFFFFFFF00D5005812E200260422201944CDDC2045ED2C94C22E379640016000A603922804FFFFFF0000280000FFFFFF
2026-04-22 20:19:09.021,"[{""Protocol"":""0x2525"",""MessageType"":""LocationInfoMessage"",""ProtocolHeadType"":19,""Imei"":""869487064485674"",""SerialNo"":28910,""Mileage"":5772017,""Date"":""2026-04-22T20:19:47Z"",""IopIgnition"":true,""Latitude"":4.6941084861755371,""Longitude"":-74.087776184082031,""Altitude"":2573.0,""ExternalPowerVoltage"":28.03,""Rpm"":-999,""Speed"":20.0,""SatelliteNumber"":18,""Azimuth"":222,""BatteryLevel"":100}]",0x252513005970EE0869487064485674003C38402D000000645200000007000061000000FFFFFFFFFFFFFFFFFFFF00D5005812F10026042220194700D02045F12C94C223369640020000DE03922803FFFFFF0000280000FFFFFF
2026-04-22 20:19:28.204,"[{""Protocol"":""0x2525"",""MessageType"":""LocationInfoMessage"",""ProtocolHeadType"":19,""Imei"":""869487064485674"",""SerialNo"":28911,""Mileage"":5772179,""Date"":""2026-04-22T20:20:06Z"",""IopIgnition"":true,""Latitude"":4.6930651664733887,""Longitude"":-74.088775634765625,""Altitude"":2572.89990234375,""ExternalPowerVoltage"":28.02,""Rpm"":-999,""Speed"":23.0,""SatelliteNumber"":18,""Azimuth"":272,""BatteryLevel"":100}]",0x252513005970EF0869487064485674003C38402D000000525200000007000061000000FFFFFFFFFFFFFFFFFFFF00D5005813930026042220200666CE2045742D94C2972D96400230011003922802FFFFFF0000290000FFFFFF
2026-04-22 20:19:32.024,"[{""Protocol"":""0x2525"",""MessageType"":""LocationInfoMessage"",""ProtocolHeadType"":19,""Imei"":""869487064485674"",""SerialNo"":28912,""Mileage"":5772208,""Date"":""2026-04-22T20:20:10Z"",""IopIgnition"":true,""Latitude"":4.6932244300842285,""Longitude"":-74.088958740234375,""Altitude"":2573.300048828125,""ExternalPowerVoltage"":28.14,""Rpm"":-999,""Speed"":30.0,""SatelliteNumber"":17,""Azimuth"":320,""BatteryLevel"":100}]",0x252513005970F00869487064485674003C38402D000000605100000007000061000000FFFFFFFFFFFFFFFFFFFF00D5005813B000260422202010CDD420458C2D94C2E52E96400300014003922814FFFFFF0000290000FFFFFF
2026-04-22 20:19:51.207,"[{""Protocol"":""0x2525"",""MessageType"":""LocationInfoMessage"",""ProtocolHeadType"":19,""Imei"":""869487064485674"",""SerialNo"":28913,""Mileage"":5772399,""Date"":""2026-04-22T20:20:29Z"",""IopIgnition"":true,""Latitude"":4.6946654319763184,""Longitude"":-74.089836120605469,""Altitude"":2572.199951171875,""ExternalPowerVoltage"":28.0,""Rpm"":-999,""Speed"":14.0,""SatelliteNumber"":18,""Azimuth"":7,""BatteryLevel"":100}]",0x252513005970F10869487064485674003C38402D000000645200000007000061000000FFFFFFFFFFFFFFFFFFFF00D50058146F0026042220202933C32045FF2D94C2B33A96400140000703922800FFFFFF0000280000FFFFFF
2026-04-22 20:19:58.026,"[{""Protocol"":""0x2525"",""MessageType"":""LocationInfoMessage"",""ProtocolHeadType"":19,""Imei"":""869487064485674"",""SerialNo"":28914,""Mileage"":5772431,""Date"":""2026-04-22T20:20:36Z"",""IopIgnition"":true,""Latitude"":4.6949033737182617,""Longitude"":-74.089691162109375,""Altitude"":2570.5,""ExternalPowerVoltage"":28.24,""Rpm"":-999,""Speed"":23.0,""SatelliteNumber"":18,""Azimuth"":54,""BatteryLevel"":100}]",0x252513005970F20869487064485674003C38402D000000645200000007000061000000FFFFFFFFFFFFFFFFFFFF00D50058148F0026042220203600A82045EC2D94C2A63C96400230003603922824FFFFFF00002B0000FFFFFF
2026-04-22 20:21:06.002,"[{""Protocol"":""0x2525"",""MessageType"":""LocationInfoMessage"",""ProtocolHeadType"":19,""Imei"":""869487064485674"",""SerialNo"":28915,""Mileage"":5772826,""Date"":""2026-04-22T20:21:43Z"",""IopIgnition"":true,""Latitude"":4.6960105895996094,""Longitude"":-74.08642578125,""Altitude"":2566.89990234375,""ExternalPowerVoltage"":27.86,""Rpm"":-999,""Speed"":13.0,""SatelliteNumber"":16,""Azimuth"":77,""BatteryLevel"":100}]",0x252513005970F30869487064485674003C38402D0000005D5000000007000061000000FFFFFFFFFFFFFFFFFFFF00D50058161A00260422202143666E2045402C94C2B84596400130004D03922786FFFFFF0000280000FFFFFF
2026-04-22 20:21:27.128,"[{""Protocol"":""0x2525"",""MessageType"":""LocationInfoMessage"",""ProtocolHeadType"":19,""Imei"":""869487064485674"",""SerialNo"":28916,""Mileage"":5772885,""Date"":""2026-04-22T20:22:05Z"",""IopIgnition"":true,""Latitude"":4.69610595703125,""Longitude"":-74.085922241210938,""Altitude"":2566.199951171875,""ExternalPowerVoltage"":28.16,""Rpm"":-999,""Speed"":14.0,""SatelliteNumber"":18,""Azimuth"":132,""BatteryLevel"":100}]",0x252513005970F40869487064485674003C38402D000000645200000007000061000000FFFFFFFFFFFFFFFFFFFF00D5005816550026042220220533632045FE2B94C2804696400140008403922816FFFFFF0000290000FFFFFF
2026-04-22 20:23:06.008,"[{""Protocol"":""0x2525"",""MessageType"":""LocationInfoMessage"",""ProtocolHeadType"":19,""Imei"":""869487064485674"",""SerialNo"":28917,""Mileage"":5773227,""Date"":""2026-04-22T20:23:43Z"",""IopIgnition"":true,""Latitude"":4.693695068359375,""Longitude"":-74.08416748046875,""Altitude"":2571.800048828125,""ExternalPowerVoltage"":28.37,""Rpm"":-999,""Speed"":46.0,""SatelliteNumber"":15,""Azimuth"":125,""BatteryLevel"":100}]",0x252513005970F50869487064485674003C38402D000000524F00000007000061000000FFFFFFFFFFFFFFFFFFFF00D5005817AB00260422202343CDBC2045182B94C2C03296400460007D03922837FFFFFF0000270000FFFFFF
2026-04-22 20:24:06.920,"[{""Protocol"":""0x2525"",""MessageType"":""LocationInfoMessage"",""ProtocolHeadType"":19,""Imei"":""869487064485674"",""SerialNo"":28918,""Mileage"":5773568,""Date"":""2026-04-22T20:24:44Z"",""IopIgnition"":true,""Latitude"":4.6914482116699219,""Longitude"":-74.082229614257813,""Altitude"":2571.800048828125,""ExternalPowerVoltage"":28.29,""Rpm"":-999,""Speed"":7.0,""SatelliteNumber"":18,""Azimuth"":149,""BatteryLevel"":100}]",0x252513005970F60869487064485674003C38402D000000645200000007000061000000FFFFFFFFFFFFFFFFFFFF00D50058190000260422202444CDBC20451A2A94C2582096400070009503922829FFFFFF0000270000FFFFFF
2026-04-22 20:24:23.200,"[{""Protocol"":""0x2525"",""MessageType"":""LocationInfoMessage"",""ProtocolHeadType"":19,""Imei"":""869487064485674"",""SerialNo"":28919,""Mileage"":5773680,""Date"":""2026-04-22T20:25:01Z"",""IopIgnition"":true,""Latitude"":4.6906394958496094,""Longitude"":-74.081680297851563,""Altitude"":2570.39990234375,""ExternalPowerVoltage"":28.47,""Rpm"":-999,""Speed"":31.0,""SatelliteNumber"":17,""Azimuth"":94,""BatteryLevel"":100}]",0x252513005970F70869487064485674003C38402D000000645100000007000061000000FFFFFFFFFFFFFFFFFFFF00D5005819700026042220250166A62045D22994C2B81996400310005E03922847FFFFFF00002A0000FFFFFF
2026-04-22 20:24:44.110,"[{""Protocol"":""0x2525"",""MessageType"":""LocationInfoMessage"",""ProtocolHeadType"":19,""Imei"":""869487064485674"",""SerialNo"":28920,""Mileage"":5773809,""Date"":""2026-04-22T20:25:22Z"",""IopIgnition"":true,""Latitude"":4.6906914710998535,""Longitude"":-74.08056640625,""Altitude"":2567.800048828125,""ExternalPowerVoltage"":28.47,""Rpm"":-999,""Speed"":23.0,""SatelliteNumber"":19,""Azimuth"":158,""BatteryLevel"":100}]",0x252513005970F80869487064485674003C38402D000000645300000007000061000000FFFFFFFFFFFFFFFFFFFF00D5005819F100260422202522CD7C2045402994C2251A96400230009E03922847FFFFFF0000280000FFFFFF
2026-04-22 20:24:52.119,"[{""Protocol"":""0x2525"",""MessageType"":""LocationInfoMessage"",""ProtocolHeadType"":19,""Imei"":""869487064485674"",""SerialNo"":28921,""Mileage"":5773867,""Date"":""2026-04-22T20:25:30Z"",""IopIgnition"":true,""Latitude"":4.6902999877929688,""Longitude"":-74.080276489257813,""Altitude"":2565.800048828125,""ExternalPowerVoltage"":28.4,""Rpm"":-999,""Speed"":22.0,""SatelliteNumber"":18,""Azimuth"":84,""BatteryLevel"":100}]",0x252513005970F90869487064485674003C38402D000000565200000007000061000000FFFFFFFFFFFFFFFFFFFF00D500581A2B00260422202530CD5C20451A2994C2F01696400220005403922840FFFFFF00002A0000FFFFFF
2026-04-22 20:24:54.039,"[{""Protocol"":""0x2525"",""MessageType"":""LocationInfoMessage"",""ProtocolHeadType"":19,""Imei"":""869487064485674"",""SerialNo"":28922,""Mileage"":5773879,""Date"":""2026-04-22T20:25:32Z"",""IopIgnition"":true,""Latitude"":4.6903629302978516,""Longitude"":-74.080184936523438,""Altitude"":2565.199951171875,""ExternalPowerVoltage"":28.43,""Rpm"":-999,""Speed"":25.0,""SatelliteNumber"":18,""Azimuth"":29,""BatteryLevel"":100}]",0x252513005970FA0869487064485674003C38402D000000565200000007000061000000FFFFFFFFFFFFFFFFFFFF00D500581A3700260422202532335320450E2994C2741796400250001D03922843FFFFFF00002A0000FFFFFF
2026-04-22 20:25:03.187,"[{""Protocol"":""0x2525"",""MessageType"":""LocationInfoMessage"",""ProtocolHeadType"":19,""Imei"":""869487064485674"",""SerialNo"":28923,""Mileage"":5773939,""Date"":""2026-04-22T20:25:41Z"",""IopIgnition"":true,""Latitude"":4.6908111572265625,""Longitude"":-74.079902648925781,""Altitude"":2564.39990234375,""ExternalPowerVoltage"":27.75,""Rpm"":-999,""Speed"":13.0,""SatelliteNumber"":16,""Azimuth"":77,""BatteryLevel"":100}]",0x252513005970FB0869487064485674003C38402D000000605000000007000061000000FFFFFFFFFFFFFFFFFFFF00D500581A730026042220254166462045E92894C2201B96400130004D03922775FFFFFF00002B0000FFFFFF
2026-04-22 20:25:08.035,"[{""Protocol"":""0x2525"",""MessageType"":""LocationInfoMessage"",""ProtocolHeadType"":19,""Imei"":""869487064485674"",""SerialNo"":28924,""Mileage"":5773954,""Date"":""2026-04-22T20:25:46Z"",""IopIgnition"":true,""Latitude"":4.6907892227172852,""Longitude"":-74.079780578613281,""Altitude"":2563.800048828125,""ExternalPowerVoltage"":28.29,""Rpm"":-999,""Speed"":15.0,""SatelliteNumber"":18,""Azimuth"":131,""BatteryLevel"":100}]",0x252513005970FC0869487064485674003C38402D000000605200000007000061000000FFFFFFFFFFFFFFFFFFFF00D500581A8200260422202546CD3C2045D92894C2F21A96400150008303922829FFFFFF00002A0000FFFFFF
2026-04-22 20:27:06.017,"[{""Protocol"":""0x2525"",""MessageType"":""LocationInfoMessage"",""ProtocolHeadType"":19,""Imei"":""869487064485674"",""SerialNo"":28925,""Mileage"":5774398,""Date"":""2026-04-22T20:27:43Z"",""IopIgnition"":true,""Latitude"":4.6875400543212891,""Longitude"":-74.077468872070313,""Altitude"":2570.300048828125,""ExternalPowerVoltage"":27.99,""Rpm"":-999,""Speed"":0.0,""SatelliteNumber"":15,""Azimuth"":132,""BatteryLevel"":100}]",0x252513005970FD0869487064485674003C38402D000000644F00000007000061000000FFFFFFFFFFFFFFFFFFFF00D500581C3E00260422202743CDA42045AA2794C2540096400000008403922799FFFFFF0000270000FFFFFF
2026-04-22 20:28:06.848,"[{""Protocol"":""0x2525"",""MessageType"":""LocationInfoMessage"",""ProtocolHeadType"":19,""Imei"":""869487064485674"",""SerialNo"":28926,""Mileage"":5774398,""Date"":""2026-04-22T20:28:44Z"",""IopIgnition"":true,""Latitude"":4.6875400543212891,""Longitude"":-74.077468872070313,""Altitude"":2570.300048828125,""ExternalPowerVoltage"":27.91,""Rpm"":-999,""Speed"":0.0,""SatelliteNumber"":16,""Azimuth"":132,""BatteryLevel"":100}]",0x252513005970FE0869487064485674003C38402D000000605000000007000061000000FFFFFFFFFFFFFFFFFFFF00D500581C3E00260422202844CDA42045AA2794C2540096400000008403922791FFFFFF0000290000FFFFFF
2026-04-22 20:29:06.917,"[{""Protocol"":""0x2525"",""MessageType"":""LocationInfoMessage"",""ProtocolHeadType"":19,""Imei"":""869487064485674"",""SerialNo"":28927,""Mileage"":5774398,""Date"":""2026-04-22T20:29:44Z"",""IopIgnition"":true,""Latitude"":4.6875400543212891,""Longitude"":-74.077468872070313,""Altitude"":2570.300048828125,""ExternalPowerVoltage"":27.99,""Rpm"":-999,""Speed"":0.0,""SatelliteNumber"":16,""Azimuth"":132,""BatteryLevel"":100}]",0x252513005970FF0869487064485674003C38402D000000605000000007000061000000FFFFFFFFFFFFFFFFFFFF00D500581C3E00260422202944CDA42045AA2794C2540096400000008403922799FFFFFF0000270000FFFFFF
2026-04-22 20:30:06.756,"[{""Protocol"":""0x2525"",""MessageType"":""LocationInfoMessage"",""ProtocolHeadType"":19,""Imei"":""869487064485674"",""SerialNo"":28928,""Mileage"":5774398,""Date"":""2026-04-22T20:30:44Z"",""IopIgnition"":true,""Latitude"":4.6875400543212891,""Longitude"":-74.077468872070313,""Altitude"":2570.300048828125,""ExternalPowerVoltage"":27.93,""Rpm"":-999,""Speed"":0.0,""SatelliteNumber"":15,""Azimuth"":132,""BatteryLevel"":100}]",0x252513005971000869487064485674003C38402D000000604F00000007000061000000FFFFFFFFFFFFFFFFFFFF00D500581C3E00260422203044CDA42045AA2794C2540096400000008403922793FFFFFF0000270000FFFFFF
2026-04-22 20:31:06.603,"[{""Protocol"":""0x2525"",""MessageType"":""LocationInfoMessage"",""ProtocolHeadType"":19,""Imei"":""869487064485674"",""SerialNo"":28929,""Mileage"":5774398,""Date"":""2026-04-22T20:31:44Z"",""IopIgnition"":true,""Latitude"":4.6875400543212891,""Longitude"":-74.077468872070313,""Altitude"":2570.300048828125,""ExternalPowerVoltage"":27.91,""Rpm"":-999,""Speed"":0.0,""SatelliteNumber"":15,""Azimuth"":132,""BatteryLevel"":100}]",0x252513005971010869487064485674003C38402D000000604F00000007000061000000FFFFFFFFFFFFFFFFFFFF00D500581C3E00260422203144CDA42045AA2794C2540096400000008403922791FFFFFF0000270000FFFFFF
2026-04-22 20:31:34.198,"[{""Protocol"":""0x2525"",""MessageType"":""LocationInfoMessage"",""ProtocolHeadType"":19,""Imei"":""869487064485674"",""SerialNo"":28930,""Mileage"":5774419,""Date"":""2026-04-22T20:32:12Z"",""IopIgnition"":true,""Latitude"":4.6874551773071289,""Longitude"":-74.077316284179688,""Altitude"":2575.699951171875,""ExternalPowerVoltage"":28.14,""Rpm"":-999,""Speed"":6.0,""SatelliteNumber"":17,""Azimuth"":53,""BatteryLevel"":100}]",0x252513005971020869487064485674003C38402D000000565100000007000061000000FFFFFFFFFFFFFFFFFFFF00D500581C530026042220321233FB2045962794C2A2FF95400060003503922814FFFFFF0000270000FFFFFF
2026-04-22 20:33:06.072,"[{""Protocol"":""0x2525"",""MessageType"":""LocationInfoMessage"",""ProtocolHeadType"":19,""Imei"":""869487064485674"",""SerialNo"":28931,""Mileage"":5774433,""Date"":""2026-04-22T20:33:43Z"",""IopIgnition"":true,""Latitude"":4.6875267028808594,""Longitude"":-74.077217102050781,""Altitude"":2575.300048828125,""ExternalPowerVoltage"":27.9,""Rpm"":-999,""Speed"":0.0,""SatelliteNumber"":16,""Azimuth"":51,""BatteryLevel"":100}]",0x252513005971030869487064485674003C38402D000000595000000007000061000000FFFFFFFFFFFFFFFFFFFF00D500581C6100260422203343CDF42045892794C2380096400000003303922790FFFFFF0000270000FFFFFF
2026-04-22 20:34:06.910,"[{""Protocol"":""0x2525"",""MessageType"":""LocationInfoMessage"",""ProtocolHeadType"":19,""Imei"":""869487064485674"",""SerialNo"":28932,""Mileage"":5774433,""Date"":""2026-04-22T20:34:44Z"",""IopIgnition"":true,""Latitude"":4.6875267028808594,""Longitude"":-74.077217102050781,""Altitude"":2575.300048828125,""ExternalPowerVoltage"":28.04,""Rpm"":-999,""Speed"":0.0,""SatelliteNumber"":15,""Azimuth"":51,""BatteryLevel"":100}]",0x252513005971040869487064485674003C38402D0000005D4F00000007000061000000FFFFFFFFFFFFFFFFFFFF00D500581C6100260422203444CDF42045892794C2380096400000003303922804FFFFFF0000270000FFFFFF
2026-04-22 20:35:06.926,"[{""Protocol"":""0x2525"",""MessageType"":""LocationInfoMessage"",""ProtocolHeadType"":19,""Imei"":""869487064485674"",""SerialNo"":28933,""Mileage"":5774433,""Date"":""2026-04-22T20:35:44Z"",""IopIgnition"":true,""Latitude"":4.6875267028808594,""Longitude"":-74.077217102050781,""Altitude"":2575.300048828125,""ExternalPowerVoltage"":27.95,""Rpm"":-999,""Speed"":0.0,""SatelliteNumber"":15,""Azimuth"":51,""BatteryLevel"":100}]",0x252513005971050869487064485674003C38402D0000005D4F00000007000061000000FFFFFFFFFFFFFFFFFFFF00D500581C6100260422203544CDF42045892794C2380096400000003303922795FFFFFF0000270000FFFFFF
2026-04-22 20:36:06.766,"[{""Protocol"":""0x2525"",""MessageType"":""LocationInfoMessage"",""ProtocolHeadType"":19,""Imei"":""869487064485674"",""SerialNo"":28934,""Mileage"":5774433,""Date"":""2026-04-22T20:36:44Z"",""IopIgnition"":true,""Latitude"":4.6875267028808594,""Longitude"":-74.077217102050781,""Altitude"":2575.300048828125,""ExternalPowerVoltage"":27.91,""Rpm"":-999,""Speed"":0.0,""SatelliteNumber"":17,""Azimuth"":51,""BatteryLevel"":100}]",0x252513005971060869487064485674003C38402D0000005D5100000007000061000000FFFFFFFFFFFFFFFFFFFF00D500581C6100260422203644CDF42045892794C2380096400000003303922791FFFFFF0000270000FFFFFF
2026-04-22 20:37:06.629,"[{""Protocol"":""0x2525"",""MessageType"":""LocationInfoMessage"",""ProtocolHeadType"":19,""Imei"":""869487064485674"",""SerialNo"":28935,""Mileage"":5774433,""Date"":""2026-04-22T20:37:44Z"",""IopIgnition"":true,""Latitude"":4.6875267028808594,""Longitude"":-74.077217102050781,""Altitude"":2575.300048828125,""ExternalPowerVoltage"":27.99,""Rpm"":-999,""Speed"":0.0,""SatelliteNumber"":16,""Azimuth"":51,""BatteryLevel"":100}]",0x252513005971070869487064485674003C38402D000000595000000007000061000000FFFFFFFFFFFFFFFFFFFF00D500581C6100260422203744CDF42045892794C2380096400000003303922799FFFFFF0000270000FFFFFF
2026-04-22 20:38:06.319,"[{""Protocol"":""0x2525"",""MessageType"":""LocationInfoMessage"",""ProtocolHeadType"":19,""Imei"":""869487064485674"",""SerialNo"":28936,""Mileage"":5774433,""Date"":""2026-04-22T20:38:44Z"",""IopIgnition"":true,""Latitude"":4.6875267028808594,""Longitude"":-74.077217102050781,""Altitude"":2575.300048828125,""ExternalPowerVoltage"":27.9,""Rpm"":-999,""Speed"":0.0,""SatelliteNumber"":16,""Azimuth"":51,""BatteryLevel"":100}]",0x252513005971080869487064485674003C38402D0000005D5000000007000061000000FFFFFFFFFFFFFFFFFFFF00D500581C6100260422203844CDF42045892794C2380096400000003303922790FFFFFF0000280000FFFFFF
2026-04-22 20:39:06.347,"[{""Protocol"":""0x2525"",""MessageType"":""LocationInfoMessage"",""ProtocolHeadType"":19,""Imei"":""869487064485674"",""SerialNo"":28937,""Mileage"":5774433,""Date"":""2026-04-22T20:39:44Z"",""IopIgnition"":true,""Latitude"":4.6875267028808594,""Longitude"":-74.077217102050781,""Altitude"":2575.300048828125,""ExternalPowerVoltage"":27.9,""Rpm"":-999,""Speed"":0.0,""SatelliteNumber"":16,""Azimuth"":51,""BatteryLevel"":100}]",0x252513005971090869487064485674003C38402D0000005D5000000007000061000000FFFFFFFFFFFFFFFFFFFF00D500581C6100260422203944CDF42045892794C2380096400000003303922790FFFFFF0000260000FFFFFF
2026-04-22 20:40:06.167,"[{""Protocol"":""0x2525"",""MessageType"":""LocationInfoMessage"",""ProtocolHeadType"":19,""Imei"":""869487064485674"",""SerialNo"":28938,""Mileage"":5774433,""Date"":""2026-04-22T20:40:44Z"",""IopIgnition"":true,""Latitude"":4.6875267028808594,""Longitude"":-74.077217102050781,""Altitude"":2575.300048828125,""ExternalPowerVoltage"":27.95,""Rpm"":-999,""Speed"":0.0,""SatelliteNumber"":17,""Azimuth"":51,""BatteryLevel"":100}]",0x2525130059710A0869487064485674003C38402D0000005D5100000007000061000000FFFFFFFFFFFFFFFFFFFF00D500581C6100260422204044CDF42045892794C2380096400000003303922795FFFFFF0000270000FFFFFF
2026-04-22 20:41:06.059,"[{""Protocol"":""0x2525"",""MessageType"":""LocationInfoMessage"",""ProtocolHeadType"":19,""Imei"":""869487064485674"",""SerialNo"":28939,""Mileage"":5774433,""Date"":""2026-04-22T20:41:43Z"",""IopIgnition"":true,""Latitude"":4.6875267028808594,""Longitude"":-74.077217102050781,""Altitude"":2575.300048828125,""ExternalPowerVoltage"":28.1,""Rpm"":-999,""Speed"":0.0,""SatelliteNumber"":16,""Azimuth"":51,""BatteryLevel"":100}]",0x2525130059710B0869487064485674003C38402D0000005D5000000007000061000000FFFFFFFFFFFFFFFFFFFF00D500581C6100260422204143CDF42045892794C2380096400000003303922810FFFFFF0000270000FFFFFF
2026-04-22 20:41:27.787,"[{""Protocol"":""0x2525"",""MessageType"":""LocationInfoMessage"",""ProtocolHeadType"":19,""Imei"":""869487064485674"",""SerialNo"":28940,""Mileage"":5774459,""Date"":""2026-04-22T20:42:05Z"",""IopIgnition"":true,""Latitude"":4.6877140998840332,""Longitude"":-74.07708740234375,""Altitude"":2572.10009765625,""ExternalPowerVoltage"":28.2,""Rpm"":-999,""Speed"":13.0,""SatelliteNumber"":16,""Azimuth"":335,""BatteryLevel"":100}]",0x2525130059710C0869487064485674003C38402D0000005D5000000007000061000000FFFFFFFFFFFFFFFFFFFF00D500581C7B002604222042059AC12045782794C2C10196400130014F03922820FFFFFF0000270000FFFFFF
2026-04-22 20:42:27.216,"[{""Protocol"":""0x2525"",""MessageType"":""LocationInfoMessage"",""ProtocolHeadType"":19,""Imei"":""869487064485674"",""SerialNo"":28941,""Mileage"":5774931,""Date"":""2026-04-22T20:43:05Z"",""IopIgnition"":true,""Latitude"":4.6911563873291016,""Longitude"":-74.079521179199219,""Altitude"":2568.199951171875,""ExternalPowerVoltage"":28.06,""Rpm"":-999,""Speed"":14.0,""SatelliteNumber"":18,""Azimuth"":28,""BatteryLevel"":100}]",0x2525130059710D0869487064485674003C38402D000000645200000007000061000000FFFFFFFFFFFFFFFFFFFF00D500581E530026042220430533832045B72894C2F41D96400140001C03922806FFFFFF0000270000FFFFFF
2026-04-22 20:44:06.017,"[{""Protocol"":""0x2525"",""MessageType"":""LocationInfoMessage"",""ProtocolHeadType"":19,""Imei"":""869487064485674"",""SerialNo"":28942,""Mileage"":5775411,""Date"":""2026-04-22T20:44:43Z"",""IopIgnition"":true,""Latitude"":4.693662166595459,""Longitude"":-74.076011657714844,""Altitude"":2575.10009765625,""ExternalPowerVoltage"":28.33,""Rpm"":-999,""Speed"":25.0,""SatelliteNumber"":17,""Azimuth"":53,""BatteryLevel"":100}]",0x2525130059710E0869487064485674003C38402D000000645100000007000061000000FFFFFFFFFFFFFFFFFFFF00D500582033002604222044439AF12045EB2694C27B3296400250003503922833FFFFFF0000270000FFFFFF
2026-04-22 20:45:06.953,"[{""Protocol"":""0x2525"",""MessageType"":""LocationInfoMessage"",""ProtocolHeadType"":19,""Imei"":""869487064485674"",""SerialNo"":28943,""Mileage"":5775739,""Date"":""2026-04-22T20:45:44Z"",""IopIgnition"":true,""Latitude"":4.6954345703125,""Longitude"":-74.073654174804688,""Altitude"":2576.39990234375,""ExternalPowerVoltage"":27.86,""Rpm"":-999,""Speed"":0.0,""SatelliteNumber"":17,""Azimuth"":59,""BatteryLevel"":100}]",0x2525130059710F0869487064485674003C38402D000000595100000007000061000000FFFFFFFFFFFFFFFFFFFF00D50058217B0026042220454466062145B62594C2004196400000003B03922786FFFFFF0000260000FFFFFF
2026-04-22 20:46:06.785,"[{""Protocol"":""0x2525"",""MessageType"":""LocationInfoMessage"",""ProtocolHeadType"":19,""Imei"":""869487064485674"",""SerialNo"":28944,""Mileage"":5775868,""Date"":""2026-04-22T20:46:44Z"",""IopIgnition"":true,""Latitude"":4.6960940361022949,""Longitude"":-74.072700500488281,""Altitude"":2575.800048828125,""ExternalPowerVoltage"":28.4,""Rpm"":-999,""Speed"":0.0,""SatelliteNumber"":17,""Azimuth"":53,""BatteryLevel"":100}]",0x252513005971100869487064485674003C38402D000000525100000007000061000000FFFFFFFFFFFFFFFFFFFF00D5005821FC00260422204644CDFC2045392594C2674696400000003503922840FFFFFF0000260000FFFFFF
2026-04-22 20:47:06.724,"[{""Protocol"":""0x2525"",""MessageType"":""LocationInfoMessage"",""ProtocolHeadType"":19,""Imei"":""869487064485674"",""SerialNo"":28945,""Mileage"":5775993,""Date"":""2026-04-22T20:47:44Z"",""IopIgnition"":true,""Latitude"":4.6967644691467285,""Longitude"":-74.0718002319336,""Altitude"":2574.5,""ExternalPowerVoltage"":27.78,""Rpm"":-999,""Speed"":14.0,""SatelliteNumber"":18,""Azimuth"":56,""BatteryLevel"":100}]",0x252513005971110869487064485674003C38402D000000525200000007000061000000FFFFFFFFFFFFFFFFFFFF00D5005822790026042220474400E82045C32494C2E54B96400140003803922778FFFFFF0000270000FFFFFF
2026-04-22 20:48:06.374,"[{""Protocol"":""0x2525"",""MessageType"":""LocationInfoMessage"",""ProtocolHeadType"":19,""Imei"":""869487064485674"",""SerialNo"":28946,""Mileage"":5776167,""Date"":""2026-04-22T20:48:44Z"",""IopIgnition"":true,""Latitude"":4.6976900100708008,""Longitude"":-74.0705337524414,""Altitude"":2575.199951171875,""ExternalPowerVoltage"":27.97,""Rpm"":-999,""Speed"":0.0,""SatelliteNumber"":18,""Azimuth"":51,""BatteryLevel"":100}]",0x252513005971120869487064485674003C38402D000000525200000007000061000000FFFFFFFFFFFFFFFFFFFF00D5005823270026042220484433F320451D2494C27A5396400000003303922797FFFFFF0000260000FFFFFF
2026-04-22 20:48:56.200,"[{""Protocol"":""0x2525"",""MessageType"":""LocationInfoMessage"",""ProtocolHeadType"":19,""Imei"":""869487064485674"",""SerialNo"":28947,""Mileage"":5776319,""Date"":""2026-04-22T20:49:34Z"",""IopIgnition"":true,""Latitude"":4.6985468864440918,""Longitude"":-74.069488525390625,""Altitude"":2573.699951171875,""ExternalPowerVoltage"":27.84,""Rpm"":-999,""Speed"":8.0,""SatelliteNumber"":18,""Azimuth"":349,""BatteryLevel"":100}]",0x252513005971130869487064485674003C38402D000000645200000007000061000000FFFFFFFFFFFFFFFFFFFF00D5005823BF0026042220493433DB2045942394C27F5A96400080015D03922784FFFFFF0000260000FFFFFF
2026-04-22 20:50:05.968,"[{""Protocol"":""0x2525"",""MessageType"":""LocationInfoMessage"",""ProtocolHeadType"":19,""Imei"":""869487064485674"",""SerialNo"":28948,""Mileage"":5776674,""Date"":""2026-04-22T20:50:43Z"",""IopIgnition"":true,""Latitude"":4.701568603515625,""Longitude"":-74.070472717285156,""Altitude"":2570.39990234375,""ExternalPowerVoltage"":28.55,""Rpm"":-999,""Speed"":38.0,""SatelliteNumber"":18,""Azimuth"":348,""BatteryLevel"":100}]",0x252513005971140869487064485674003C38402D000000645200000007000061000000FFFFFFFFFFFFFFFFFFFF00D5005825220026042220504366A62045152494C2407396400380015C03922855FFFFFF0000270000FFFFFF
2026-04-22 20:51:06.935,"[{""Protocol"":""0x2525"",""MessageType"":""LocationInfoMessage"",""ProtocolHeadType"":19,""Imei"":""869487064485674"",""SerialNo"":28949,""Mileage"":5777245,""Date"":""2026-04-22T20:51:44Z"",""IopIgnition"":true,""Latitude"":4.7066569328308105,""Longitude"":-74.071075439453125,""Altitude"":2573.699951171875,""ExternalPowerVoltage"":27.91,""Rpm"":-999,""Speed"":0.0,""SatelliteNumber"":18,""Azimuth"":349,""BatteryLevel"":100}]",0x252513005971150869487064485674003C38402D000000645200000007000061000000FFFFFFFFFFFFFFFFFFFF00D50058275D0026042220514433DB2045642494C2EF9C96400000015D03922791FFFFFF0000260000FFFFFF
2026-04-22 20:52:06.751,"[{""Protocol"":""0x2525"",""MessageType"":""LocationInfoMessage"",""ProtocolHeadType"":19,""Imei"":""869487064485674"",""SerialNo"":28950,""Mileage"":5777335,""Date"":""2026-04-22T20:52:44Z"",""IopIgnition"":true,""Latitude"":4.7074441909790039,""Longitude"":-74.0712661743164,""Altitude"":2572.300048828125,""ExternalPowerVoltage"":27.88,""Rpm"":-999,""Speed"":9.0,""SatelliteNumber"":17,""Azimuth"":341,""BatteryLevel"":100}]",0x252513005971160869487064485674003C38402D000000595100000007000061000000FFFFFFFFFFFFFFFFFFFF00D5005827B700260422205244CDC420457D2494C262A396400090015503922788FFFFFF0000250000FFFFFF
2026-04-22 20:53:06.659,"[{""Protocol"":""0x2525"",""MessageType"":""LocationInfoMessage"",""ProtocolHeadType"":19,""Imei"":""869487064485674"",""SerialNo"":28951,""Mileage"":5777368,""Date"":""2026-04-22T20:53:44Z"",""IopIgnition"":true,""Latitude"":4.7077245712280273,""Longitude"":-74.07135009765625,""Altitude"":2571.0,""ExternalPowerVoltage"":27.87,""Rpm"":-999,""Speed"":0.0,""SatelliteNumber"":16,""Azimuth"":337,""BatteryLevel"":100}]",0x252513005971170869487064485674003C38402D0000005D5000000007000061000000FFFFFFFFFFFFFFFFFFFF00D5005827D80026042220534400B02045882494C2AEA596400000015103922787FFFFFF0000250000FFFFFF
2026-04-22 20:54:06.380,"[{""Protocol"":""0x2525"",""MessageType"":""LocationInfoMessage"",""ProtocolHeadType"":19,""Imei"":""869487064485674"",""SerialNo"":28952,""Mileage"":5777480,""Date"":""2026-04-22T20:54:44Z"",""IopIgnition"":true,""Latitude"":4.7087082862854,""Longitude"":-74.071578979492188,""Altitude"":2570.39990234375,""ExternalPowerVoltage"":27.93,""Rpm"":-999,""Speed"":0.0,""SatelliteNumber"":17,""Azimuth"":346,""BatteryLevel"":100}]",0x252513005971180869487064485674003C38402D000000605100000007000061000000FFFFFFFFFFFFFFFFFFFF00D5005828480026042220544466A62045A62494C2BDAD96400000015A03922793FFFFFF0000250000FFFFFF
2026-04-22 20:55:06.399,"[{""Protocol"":""0x2525"",""MessageType"":""LocationInfoMessage"",""ProtocolHeadType"":19,""Imei"":""869487064485674"",""SerialNo"":28953,""Mileage"":5777544,""Date"":""2026-04-22T20:55:44Z"",""IopIgnition"":true,""Latitude"":4.7092747688293457,""Longitude"":-74.071685791015625,""Altitude"":2575.699951171875,""ExternalPowerVoltage"":28.09,""Rpm"":-999,""Speed"":21.0,""SatelliteNumber"":17,""Azimuth"":347,""BatteryLevel"":100}]",0x252513005971190869487064485674003C38402D000000645100000007000061000000FFFFFFFFFFFFFFFFFFFF00D5005828880026042220554433FB2045B42494C261B296400210015B03922809FFFFFF0000260000FFFFFF
2026-04-22 20:56:06.216,"[{""Protocol"":""0x2525"",""MessageType"":""LocationInfoMessage"",""ProtocolHeadType"":19,""Imei"":""869487064485674"",""SerialNo"":28954,""Mileage"":5777604,""Date"":""2026-04-22T20:56:44Z"",""IopIgnition"":true,""Latitude"":4.7098007202148438,""Longitude"":-74.071769714355469,""Altitude"":2575.199951171875,""ExternalPowerVoltage"":27.89,""Rpm"":-999,""Speed"":0.0,""SatelliteNumber"":13,""Azimuth"":352,""BatteryLevel"":100}]",0x2525130059711A0869487064485674003C38402D000000644D00000007000061000000FFFFFFFFFFFFFFFFFFFF00D5005828C40026042220564433F32045BF2494C2B0B696400000016003922789FFFFFF0000250000FFFFFF
2026-04-22 20:57:06.100,"[{""Protocol"":""0x2525"",""MessageType"":""LocationInfoMessage"",""ProtocolHeadType"":19,""Imei"":""869487064485674"",""SerialNo"":28955,""Mileage"":5777869,""Date"":""2026-04-22T20:57:43Z"",""IopIgnition"":true,""Latitude"":4.7121334075927734,""Longitude"":-74.072235107421875,""Altitude"":2576.89990234375,""ExternalPowerVoltage"":28.38,""Rpm"":-999,""Speed"":21.0,""SatelliteNumber"":18,""Azimuth"":349,""BatteryLevel"":100}]",0x2525130059711B0869487064485674003C38402D000000645200000007000061000000FFFFFFFFFFFFFFFFFFFF00D5005829CD00260422205743660E2145FC2494C2CCC996400210015D03922838FFFFFF0000250000FFFFFF
2026-04-22 20:58:05.914,"[{""Protocol"":""0x2525"",""MessageType"":""LocationInfoMessage"",""ProtocolHeadType"":19,""Imei"":""869487064485674"",""SerialNo"":28956,""Mileage"":5777981,""Date"":""2026-04-22T20:58:43Z"",""IopIgnition"":true,""Latitude"":4.7131185531616211,""Longitude"":-74.072471618652344,""Altitude"":2577.89990234375,""ExternalPowerVoltage"":28.37,""Rpm"":-999,""Speed"":26.0,""SatelliteNumber"":18,""Azimuth"":342,""BatteryLevel"":100}]",0x2525130059711C0869487064485674003C38402D000000645200000007000061000000FFFFFFFFFFFFFFFFFFFF00D500582A3D00260422205843661E21451B2594C2DED196400260015603922837FFFFFF0000240000FFFFFF
2026-04-22 20:59:06.901,"[{""Protocol"":""0x2525"",""MessageType"":""LocationInfoMessage"",""ProtocolHeadType"":19,""Imei"":""869487064485674"",""SerialNo"":28957,""Mileage"":5778817,""Date"":""2026-04-22T20:59:44Z"",""IopIgnition"":true,""Latitude"":4.7202792167663574,""Longitude"":-74.074569702148438,""Altitude"":2587.300048828125,""ExternalPowerVoltage"":28.36,""Rpm"":-999,""Speed"":46.0,""SatelliteNumber"":18,""Azimuth"":339,""BatteryLevel"":100}]",0x2525130059711D0869487064485674003C38402D000000645200000007000061000000FFFFFFFFFFFFFFFFFFFF00D500582D8100260422205944CDB421452E2694C2870C97400460015303922836FFFFFF0000240000FFFFFF
2026-04-22 21:00:06.688,"[{""Protocol"":""0x2525"",""MessageType"":""LocationInfoMessage"",""ProtocolHeadType"":19,""Imei"":""869487064485674"",""SerialNo"":28958,""Mileage"":5779517,""Date"":""2026-04-22T21:00:44Z"",""IopIgnition"":true,""Latitude"":4.7265610694885254,""Longitude"":-74.074676513671875,""Altitude"":2592.0,""ExternalPowerVoltage"":28.39,""Rpm"":-999,""Speed"":41.0,""SatelliteNumber"":18,""Azimuth"":3,""BatteryLevel"":100}]",0x2525130059711E0869487064485674003C38402D0000005D5200000007000061000000FFFFFFFFFFFFFFFFFFFF00D50058303D00260422210044000022453C2694C2FD3F97400410000303922839FFFFFF0000240000FFFFFF
2026-04-22 21:01:06.578,"[{""Protocol"":""0x2525"",""MessageType"":""LocationInfoMessage"",""ProtocolHeadType"":19,""Imei"":""869487064485674"",""SerialNo"":28959,""Mileage"":5780061,""Date"":""2026-04-22T21:01:44Z"",""IopIgnition"":true,""Latitude"":4.7314200401306152,""Longitude"":-74.07489013671875,""Altitude"":2600.60009765625,""ExternalPowerVoltage"":28.48,""Rpm"":-999,""Speed"":39.0,""SatelliteNumber"":18,""Azimuth"":350,""BatteryLevel"":100}]",0x2525130059711F0869487064485674003C38402D000000595200000007000061000000FFFFFFFFFFFFFFFFFFFF00D50058325D002604222101449A892245582694C2CB6797400390015E03922848FFFFFF0000240000FFFFFF