Message,,,,,,,,,,,,,,,,
"[{""Protocol"":""0x2525""","MessageType:""LocationInfoMessage""",ProtocolHeadType:19,"Imei:""869487064485674""",SerialNo:27396,Mileage:5464316,"Date:""2026-04-20T01:17:01Z""",IopIgnition:false,Latitude:4.7550487518310547,Longitude:-74.1157455444336,Altitude:2553.89990234375,ExternalPowerVoltage:25.2,Rpm:-999,Speed:0.0,SatelliteNumber:16,Azimuth:178,BatteryLevel:100}]
"[{""Protocol"":""0x2525""","MessageType:""LocationInfoMessage""",ProtocolHeadType:19,"Imei:""869487064485674""",SerialNo:27397,Mileage:5464316,"Date:""2026-04-20T05:17:00Z""",IopIgnition:false,Latitude:4.7550487518310547,Longitude:-74.1157455444336,Altitude:2553.89990234375,ExternalPowerVoltage:25.18,Rpm:-999,Speed:0.0,SatelliteNumber:18,Azimuth:178,BatteryLevel:100}]
"[{""Protocol"":""0x2525""","MessageType:""LocationInfoMessage""",ProtocolHeadType:19,"Imei:""869487064485674""",SerialNo:27398,Mileage:5464316,"Date:""2026-04-20T09:17:01Z""",IopIgnition:false,Latitude:4.7550487518310547,Longitude:-74.1157455444336,Altitude:2553.89990234375,ExternalPowerVoltage:25.15,Rpm:-999,Speed:0.0,SatelliteNumber:13,Azimuth:178,BatteryLevel:100}]
"[{""Protocol"":""0x2525""","MessageType:""LocationAlarmMessage""",ProtocolHeadType:20,"Imei:""869487064485674""",SerialNo:1036,Mileage:5464316,"Date:""2026-04-20T09:27:12Z""",IopIgnition:true,Latitude:4.7550487518310547,Longitude:-74.1157455444336,Altitude:2553.89990234375,ExternalPowerVoltage:25.08,Rpm:-999,Speed:0.0,SatelliteNumber:14,Azimuth:178,OriginalAlarmCode:22}]
"[{""Protocol"":""0x2525""","MessageType:""LocationInfoMessage""",ProtocolHeadType:19,"Imei:""869487064485674""",SerialNo:27399,Mileage:5464316,"Date:""2026-04-20T09:28:13Z""",IopIgnition:true,Latitude:4.7550487518310547,Longitude:-74.1157455444336,Altitude:2553.89990234375,ExternalPowerVoltage:28.14,Rpm:-999,Speed:0.0,SatelliteNumber:14,Azimuth:178,BatteryLevel:100}]
"[{""Protocol"":""0x2525""","MessageType:""LocationInfoMessage""",ProtocolHeadType:19,"Imei:""869487064485674""",SerialNo:27400,Mileage:5464316,"Date:""2026-04-20T09:29:13Z""",IopIgnition:true,Latitude:4.7550487518310547,Longitude:-74.1157455444336,Altitude:2553.89990234375,ExternalPowerVoltage:28.16,Rpm:-999,Speed:0.0,SatelliteNumber:15,Azimuth:178,BatteryLevel:100}]
"[{""Protocol"":""0x2525""","MessageType:""LocationInfoMessage""",ProtocolHeadType:19,"Imei:""869487064485674""",SerialNo:27401,Mileage:5464316,"Date:""2026-04-20T09:30:13Z""",IopIgnition:true,Latitude:4.7550487518310547,Longitude:-74.1157455444336,Altitude:2553.89990234375,ExternalPowerVoltage:28.15,Rpm:-999,Speed:0.0,SatelliteNumber:15,Azimuth:178,BatteryLevel:100}]
"[{""Protocol"":""0x2525""","MessageType:""LocationInfoMessage""",ProtocolHeadType:19,"Imei:""869487064485674""",SerialNo:27402,Mileage:5464316,"Date:""2026-04-20T09:31:13Z""",IopIgnition:true,Latitude:4.7550487518310547,Longitude:-74.1157455444336,Altitude:2553.89990234375,ExternalPowerVoltage:28.14,Rpm:-999,Speed:0.0,SatelliteNumber:15,Azimuth:178,BatteryLevel:100}]
"[{""Protocol"":""0x2525""","MessageType:""LocationInfoMessage""",ProtocolHeadType:19,"Imei:""869487064485674""",SerialNo:27403,Mileage:5464316,"Date:""2026-04-20T09:32:13Z""",IopIgnition:true,Latitude:4.7550487518310547,Longitude:-74.1157455444336,Altitude:2553.89990234375,ExternalPowerVoltage:28.12,Rpm:-999,Speed:0.0,SatelliteNumber:17,Azimuth:178,BatteryLevel:100}]
"[{""Protocol"":""0x2525""","MessageType:""LocationInfoMessage""",ProtocolHeadType:19,"Imei:""869487064485674""",SerialNo:27404,Mileage:5464316,"Date:""2026-04-20T09:33:12Z""",IopIgnition:true,Latitude:4.7550487518310547,Longitude:-74.1157455444336,Altitude:2553.89990234375,ExternalPowerVoltage:28.1,Rpm:-999,Speed:0.0,SatelliteNumber:15,Azimuth:178,BatteryLevel:100}]
"[{""Protocol"":""0x2525""","MessageType:""LocationInfoMessage""",ProtocolHeadType:19,"Imei:""869487064485674""",SerialNo:27405,Mileage:5464316,"Date:""2026-04-20T09:34:13Z""",IopIgnition:true,Latitude:4.7550487518310547,Longitude:-74.1157455444336,Altitude:2553.89990234375,ExternalPowerVoltage:28.08,Rpm:-999,Speed:0.0,SatelliteNumber:15,Azimuth:178,BatteryLevel:100}]
"[{""Protocol"":""0x2525""","MessageType:""LocationInfoMessage""",ProtocolHeadType:19,"Imei:""869487064485674""",SerialNo:27406,Mileage:5464345,"Date:""2026-04-20T09:34:32Z""",IopIgnition:true,Latitude:4.7551784515380859,Longitude:-74.115966796875,Altitude:2559.699951171875,ExternalPowerVoltage:28.04,Rpm:-999,Speed:5.0,SatelliteNumber:15,Azimuth:97,BatteryLevel:100}]
"[{""Protocol"":""0x2525""","MessageType:""LocationInfoMessage""",ProtocolHeadType:19,"Imei:""869487064485674""",SerialNo:27407,Mileage:5464381,"Date:""2026-04-20T09:35:34Z""",IopIgnition:true,Latitude:4.7549934387207031,Longitude:-74.115692138671875,Altitude:2565.0,ExternalPowerVoltage:28.04,Rpm:-999,Speed:7.0,SatelliteNumber:15,Azimuth:169,BatteryLevel:100}]
"[{""Protocol"":""0x2525""","MessageType:""LocationInfoMessage""",ProtocolHeadType:19,"Imei:""869487064485674""",SerialNo:27408,Mileage:5464540,"Date:""2026-04-20T09:36:35Z""",IopIgnition:true,Latitude:4.7535781860351563,Longitude:-74.115837097167969,Altitude:2563.89990234375,ExternalPowerVoltage:28.07,Rpm:-999,Speed:9.0,SatelliteNumber:15,Azimuth:219,BatteryLevel:100}]
"[{""Protocol"":""0x2525""","MessageType:""LocationInfoMessage""",ProtocolHeadType:19,"Imei:""869487064485674""",SerialNo:27409,Mileage:5464741,"Date:""2026-04-20T09:37:31Z""",IopIgnition:true,Latitude:4.7517881393432617,Longitude:-74.115997314453125,Altitude:2561.300048828125,ExternalPowerVoltage:28.01,Rpm:-999,Speed:12.0,SatelliteNumber:16,Azimuth:102,BatteryLevel:99}]
"[{""Protocol"":""0x2525""","MessageType:""LocationInfoMessage""",ProtocolHeadType:19,"Imei:""869487064485674""",SerialNo:27410,Mileage:5464999,"Date:""2026-04-20T09:38:21Z""",IopIgnition:true,Latitude:4.7513394355773926,Longitude:-74.1137466430664,Altitude:2561.300048828125,ExternalPowerVoltage:27.96,Rpm:-999,Speed:5.0,SatelliteNumber:17,Azimuth:159,BatteryLevel:100}]
"[{""Protocol"":""0x2525""","MessageType:""LocationInfoMessage""",ProtocolHeadType:19,"Imei:""869487064485674""",SerialNo:27411,Mileage:5465004,"Date:""2026-04-20T09:38:23Z""",IopIgnition:true,Latitude:4.7512936592102051,Longitude:-74.113754272460938,Altitude:2561.5,ExternalPowerVoltage:27.97,Rpm:-999,Speed:10.0,SatelliteNumber:16,Azimuth:216,BatteryLevel:100}]
"[{""Protocol"":""0x2525""","MessageType:""LocationInfoMessage""",ProtocolHeadType:19,"Imei:""869487064485674""",SerialNo:27412,Mileage:5465038,"Date:""2026-04-20T09:38:32Z""",IopIgnition:true,Latitude:4.75103235244751,Longitude:-74.113899230957031,Altitude:2561.800048828125,ExternalPowerVoltage:27.94,Rpm:-999,Speed:11.0,SatelliteNumber:17,Azimuth:169,BatteryLevel:100}]
"[{""Protocol"":""0x2525""","MessageType:""LocationInfoMessage""",ProtocolHeadType:19,"Imei:""869487064485674""",SerialNo:27413,Mileage:5465050,"Date:""2026-04-20T09:38:35Z""",IopIgnition:true,Latitude:4.750953197479248,Longitude:-74.113822937011719,Altitude:2562.39990234375,ExternalPowerVoltage:28.02,Rpm:-999,Speed:15.0,SatelliteNumber:17,Azimuth:108,BatteryLevel:100}]
"[{""Protocol"":""0x2525""","MessageType:""LocationInfoMessage""",ProtocolHeadType:19,"Imei:""869487064485674""",SerialNo:27414,Mileage:5465080,"Date:""2026-04-20T09:38:42Z""",IopIgnition:true,Latitude:4.7508234977722168,Longitude:-74.113601684570313,Altitude:2561.800048828125,ExternalPowerVoltage:27.98,Rpm:-999,Speed:15.0,SatelliteNumber:17,Azimuth:165,BatteryLevel:100}]
"[{""Protocol"":""0x2525""","MessageType:""LocationInfoMessage""",ProtocolHeadType:19,"Imei:""869487064485674""",SerialNo:27415,Mileage:5465089,"Date:""2026-04-20T09:38:44Z""",IopIgnition:true,Latitude:4.7507429122924805,Longitude:-74.113609313964844,Altitude:2562.10009765625,ExternalPowerVoltage:27.98,Rpm:-999,Speed:16.0,SatelliteNumber:17,Azimuth:212,BatteryLevel:100}]
"[{""Protocol"":""0x2525""","MessageType:""LocationInfoMessage""",ProtocolHeadType:19,"Imei:""869487064485674""",SerialNo:27416,Mileage:5465433,"Date:""2026-04-20T09:40:13Z""",IopIgnition:true,Latitude:4.7481794357299805,Longitude:-74.115310668945313,Altitude:2564.800048828125,ExternalPowerVoltage:28.04,Rpm:-999,Speed:0.0,SatelliteNumber:18,Azimuth:212,BatteryLevel:100}]
"[{""Protocol"":""0x2525""","MessageType:""LocationInfoMessage""",ProtocolHeadType:19,"Imei:""869487064485674""",SerialNo:27417,Mileage:5465433,"Date:""2026-04-20T09:41:13Z""",IopIgnition:true,Latitude:4.7481794357299805,Longitude:-74.115310668945313,Altitude:2564.800048828125,ExternalPowerVoltage:28.01,Rpm:-999,Speed:0.0,SatelliteNumber:18,Azimuth:212,BatteryLevel:100}]
"[{""Protocol"":""0x2525""","MessageType:""LocationInfoMessage""",ProtocolHeadType:19,"Imei:""869487064485674""",SerialNo:27418,Mileage:5465433,"Date:""2026-04-20T09:42:13Z""",IopIgnition:true,Latitude:4.7481794357299805,Longitude:-74.115310668945313,Altitude:2564.800048828125,ExternalPowerVoltage:27.98,Rpm:-999,Speed:0.0,SatelliteNumber:17,Azimuth:212,BatteryLevel:100}]
"[{""Protocol"":""0x2525""","MessageType:""LocationInfoMessage""",ProtocolHeadType:19,"Imei:""869487064485674""",SerialNo:27419,Mileage:5465433,"Date:""2026-04-20T09:43:12Z""",IopIgnition:true,Latitude:4.7481794357299805,Longitude:-74.115310668945313,Altitude:2564.800048828125,ExternalPowerVoltage:27.98,Rpm:-999,Speed:0.0,SatelliteNumber:16,Azimuth:212,BatteryLevel:100}]
"[{""Protocol"":""0x2525""","MessageType:""LocationInfoMessage""",ProtocolHeadType:19,"Imei:""869487064485674""",SerialNo:27420,Mileage:5465433,"Date:""2026-04-20T09:44:13Z""",IopIgnition:true,Latitude:4.7481794357299805,Longitude:-74.115310668945313,Altitude:2564.800048828125,ExternalPowerVoltage:28.01,Rpm:-999,Speed:0.0,SatelliteNumber:16,Azimuth:212,BatteryLevel:100}]
"[{""Protocol"":""0x2525""","MessageType:""LocationInfoMessage""",ProtocolHeadType:19,"Imei:""869487064485674""",SerialNo:27421,Mileage:5465494,"Date:""2026-04-20T09:45:02Z""",IopIgnition:true,Latitude:4.7477684020996094,Longitude:-74.115646362304688,Altitude:2565.699951171875,ExternalPowerVoltage:28.07,Rpm:-999,Speed:9.0,SatelliteNumber:16,Azimuth:270,BatteryLevel:100}]
"[{""Protocol"":""0x2525""","MessageType:""LocationInfoMessage""",ProtocolHeadType:19,"Imei:""869487064485674""",SerialNo:27422,Mileage:5465847,"Date:""2026-04-20T09:46:12Z""",IopIgnition:true,Latitude:4.7480134963989258,Longitude:-74.1187973022461,Altitude:2563.300048828125,ExternalPowerVoltage:27.98,Rpm:-999,Speed:10.0,SatelliteNumber:16,Azimuth:211,BatteryLevel:100}]
"[{""Protocol"":""0x2525""","MessageType:""LocationInfoMessage""",ProtocolHeadType:19,"Imei:""869487064485674""",SerialNo:27423,Mileage:5465922,"Date:""2026-04-20T09:46:48Z""",IopIgnition:true,Latitude:4.7473549842834473,Longitude:-74.118896484375,Altitude:2567.699951171875,ExternalPowerVoltage:28.09,Rpm:-999,Speed:11.0,SatelliteNumber:16,Azimuth:268,BatteryLevel:100}]
"[{""Protocol"":""0x2525""","MessageType:""LocationInfoMessage""",ProtocolHeadType:19,"Imei:""869487064485674""",SerialNo:27424,Mileage:5466132,"Date:""2026-04-20T09:47:29Z""",IopIgnition:true,Latitude:4.7475485801696777,Longitude:-74.120765686035156,Altitude:2558.89990234375,ExternalPowerVoltage:28.08,Rpm:-999,Speed:11.0,SatelliteNumber:15,Azimuth:217,BatteryLevel:100}]
"[{""Protocol"":""0x2525""","MessageType:""LocationInfoMessage""",ProtocolHeadType:19,"Imei:""869487064485674""",SerialNo:27425,Mileage:5466141,"Date:""2026-04-20T09:47:31Z""",IopIgnition:true,Latitude:4.7474732398986816,Longitude:-74.12078857421875,Altitude:2559.39990234375,ExternalPowerVoltage:28.09,Rpm:-999,Speed:15.0,SatelliteNumber:15,Azimuth:161,BatteryLevel:100}]
"[{""Protocol"":""0x2525""","MessageType:""LocationInfoMessage""",ProtocolHeadType:19,"Imei:""869487064485674""",SerialNo:27426,Mileage:5466252,"Date:""2026-04-20T09:48:09Z""",IopIgnition:true,Latitude:4.7465405464172363,Longitude:-74.1204833984375,Altitude:2559.89990234375,ExternalPowerVoltage:28.08,Rpm:-999,Speed:8.0,SatelliteNumber:16,Azimuth:221,BatteryLevel:100}]
"[{""Protocol"":""0x2525""","MessageType:""LocationInfoMessage""",ProtocolHeadType:19,"Imei:""869487064485674""",SerialNo:27427,Mileage:5466598,"Date:""2026-04-20T09:49:13Z""",IopIgnition:true,Latitude:4.7455477714538574,Longitude:-74.1234359741211,Altitude:2564.89990234375,ExternalPowerVoltage:28.11,Rpm:-999,Speed:27.0,SatelliteNumber:14,Azimuth:248,BatteryLevel:100}]
"[{""Protocol"":""0x2525""","MessageType:""LocationInfoMessage""",ProtocolHeadType:19,"Imei:""869487064485674""",SerialNo:27428,Mileage:5466791,"Date:""2026-04-20T09:50:13Z""",IopIgnition:true,Latitude:4.7449846267700195,Longitude:-74.125076293945313,Altitude:2565.60009765625,ExternalPowerVoltage:28.07,Rpm:-999,Speed:0.0,SatelliteNumber:13,Azimuth:254,BatteryLevel:100}]
"[{""Protocol"":""0x2525""","MessageType:""LocationInfoMessage""",ProtocolHeadType:19,"Imei:""869487064485674""",SerialNo:27429,Mileage:5466829,"Date:""2026-04-20T09:51:13Z""",IopIgnition:true,Latitude:4.744868278503418,Longitude:-74.125396728515625,Altitude:2564.199951171875,ExternalPowerVoltage:27.91,Rpm:-999,Speed:0.0,SatelliteNumber:14,Azimuth:243,BatteryLevel:100}]
"[{""Protocol"":""0x2525""","MessageType:""LocationInfoMessage""",ProtocolHeadType:19,"Imei:""869487064485674""",SerialNo:27430,Mileage:5466875,"Date:""2026-04-20T09:52:12Z""",IopIgnition:true,Latitude:4.7447199821472168,Longitude:-74.12579345703125,Altitude:2563.60009765625,ExternalPowerVoltage:27.89,Rpm:-999,Speed:5.0,SatelliteNumber:15,Azimuth:255,BatteryLevel:100}]
"[{""Protocol"":""0x2525""","MessageType:""LocationInfoMessage""",ProtocolHeadType:19,"Imei:""869487064485674""",SerialNo:27431,Mileage:5466949,"Date:""2026-04-20T09:53:13Z""",IopIgnition:true,Latitude:4.7445321083068848,Longitude:-74.126426696777344,Altitude:2563.60009765625,ExternalPowerVoltage:28.02,Rpm:-999,Speed:5.0,SatelliteNumber:15,Azimuth:252,BatteryLevel:100}]
"[{""Protocol"":""0x2525""","MessageType:""LocationInfoMessage""",ProtocolHeadType:19,"Imei:""869487064485674""",SerialNo:27432,Mileage:5467068,"Date:""2026-04-20T09:54:13Z""",IopIgnition:true,Latitude:4.7441573143005371,Longitude:-74.127433776855469,Altitude:2562.300048828125,ExternalPowerVoltage:27.97,Rpm:-999,Speed:8.0,SatelliteNumber:14,Azimuth:257,BatteryLevel:100}]
"[{""Protocol"":""0x2525""","MessageType:""LocationInfoMessage""",ProtocolHeadType:19,"Imei:""869487064485674""",SerialNo:27433,Mileage:5467225,"Date:""2026-04-20T09:54:59Z""",IopIgnition:true,Latitude:4.74437141418457,Longitude:-74.128738403320313,Altitude:2564.0,ExternalPowerVoltage:28.05,Rpm:-999,Speed:11.0,SatelliteNumber:14,Azimuth:197,BatteryLevel:100}]
"[{""Protocol"":""0x2525""","MessageType:""LocationInfoMessage""",ProtocolHeadType:19,"Imei:""869487064485674""",SerialNo:27434,Mileage:5467263,"Date:""2026-04-20T09:56:13Z""",IopIgnition:true,Latitude:4.7440400123596191,Longitude:-74.128837585449219,Altitude:2561.89990234375,ExternalPowerVoltage:27.93,Rpm:-999,Speed:0.0,SatelliteNumber:15,Azimuth:197,BatteryLevel:100}]
"[{""Protocol"":""0x2525""","MessageType:""LocationInfoMessage""",ProtocolHeadType:19,"Imei:""869487064485674""",SerialNo:27435,Mileage:5467335,"Date:""2026-04-20T09:57:13Z""",IopIgnition:true,Latitude:4.7434210777282715,Longitude:-74.129013061523438,Altitude:2560.39990234375,ExternalPowerVoltage:28.11,Rpm:-999,Speed:26.0,SatelliteNumber:14,Azimuth:193,BatteryLevel:100}]
"[{""Protocol"":""0x2525""","MessageType:""LocationInfoMessage""",ProtocolHeadType:19,"Imei:""869487064485674""",SerialNo:27436,Mileage:5467465,"Date:""2026-04-20T09:57:32Z""",IopIgnition:true,Latitude:4.7423110008239746,Longitude:-74.1293716430664,Altitude:2559.0,ExternalPowerVoltage:28.05,Rpm:-999,Speed:14.0,SatelliteNumber:15,Azimuth:253,BatteryLevel:100}]
"[{""Protocol"":""0x2525""","MessageType:""LocationInfoMessage""",ProtocolHeadType:19,"Imei:""869487064485674""",SerialNo:27437,Mileage:5467618,"Date:""2026-04-20T09:57:56Z""",IopIgnition:true,Latitude:4.7418107986450195,Longitude:-74.130584716796875,Altitude:2561.0,ExternalPowerVoltage:27.98,Rpm:-999,Speed:10.0,SatelliteNumber:15,Azimuth:159,BatteryLevel:100}]
"[{""Protocol"":""0x2525""","MessageType:""LocationInfoMessage""",ProtocolHeadType:19,"Imei:""869487064485674""",SerialNo:27438,Mileage:5467825,"Date:""2026-04-20T09:58:28Z""",IopIgnition:true,Latitude:4.740138053894043,Longitude:-74.129806518554688,Altitude:2564.300048828125,ExternalPowerVoltage:28.06,Rpm:-999,Speed:6.0,SatelliteNumber:15,Azimuth:83,BatteryLevel:100}]
"[{""Protocol"":""0x2525""","MessageType:""SignInMessage""",ProtocolHeadType:0,"Imei:""869487064485674""",SerialNo:272,"Firmware:""V1.0.1.8""",Model:0,ObdBootVersion:null,ObdDataVersion:null,ObdHareware:null,ObdSoftware:null,Platform:null,"Software:""V0.0.0""}]",,,,
"[{""Protocol"":""0x2525""","MessageType:""NetworkInfoMessage""",ProtocolHeadType:0,"Imei:""869487064485674""",SerialNo:252,"AccessTechnology:""CAT-1""","Band:""CAT-1 28""","Date:""2026-04-20T09:59:22Z""","Iccid:""89571017025023250790""","Imsi:""732101725325077""","NetworkOperator:""LaSeleNosLlama""}]",,,,,,
"[{""Protocol"":""0x2525""","MessageType:""LocationInfoMessage""",ProtocolHeadType:19,"Imei:""869487064485674""",SerialNo:27439,Mileage:5467910,"Date:""2026-04-20T10:00:13Z""",IopIgnition:true,Latitude:4.7404294013977051,Longitude:-74.129096984863281,Altitude:2563.300048828125,ExternalPowerVoltage:27.84,Rpm:-999,Speed:0.0,SatelliteNumber:16,Azimuth:73,BatteryLevel:100}]
"[{""Protocol"":""0x2525""","MessageType:""LocationInfoMessage""",ProtocolHeadType:19,"Imei:""869487064485674""",SerialNo:27440,Mileage:5467910,"Date:""2026-04-20T10:01:13Z""",IopIgnition:true,Latitude:4.7404294013977051,Longitude:-74.129096984863281,Altitude:2563.300048828125,ExternalPowerVoltage:27.97,Rpm:-999,Speed:0.0,SatelliteNumber:15,Azimuth:73,BatteryLevel:100}]
"[{""Protocol"":""0x2525""","MessageType:""LocationInfoMessage""",ProtocolHeadType:19,"Imei:""869487064485674""",SerialNo:27441,Mileage:5467910,"Date:""2026-04-20T10:02:13Z""",IopIgnition:true,Latitude:4.7404294013977051,Longitude:-74.129096984863281,Altitude:2563.300048828125,ExternalPowerVoltage:27.93,Rpm:-999,Speed:0.0,SatelliteNumber:15,Azimuth:73,BatteryLevel:100}]
"[{""Protocol"":""0x2525""","MessageType:""LocationInfoMessage""",ProtocolHeadType:19,"Imei:""869487064485674""",SerialNo:27442,Mileage:5467910,"Date:""2026-04-20T10:03:12Z""",IopIgnition:true,Latitude:4.7404294013977051,Longitude:-74.129096984863281,Altitude:2563.300048828125,ExternalPowerVoltage:27.81,Rpm:-999,Speed:0.0,SatelliteNumber:16,Azimuth:73,BatteryLevel:100}]
"[{""Protocol"":""0x2525""","MessageType:""LocationInfoMessage""",ProtocolHeadType:19,"Imei:""869487064485674""",SerialNo:27443,Mileage:5468194,"Date:""2026-04-20T10:04:13Z""",IopIgnition:true,Latitude:4.7414650917053223,Longitude:-74.126762390136719,Altitude:2558.300048828125,ExternalPowerVoltage:28.09,Rpm:-999,Speed:21.0,SatelliteNumber:14,Azimuth:68,BatteryLevel:100}]
"[{""Protocol"":""0x2525""","MessageType:""LocationInfoMessage""",ProtocolHeadType:19,"Imei:""869487064485674""",SerialNo:27444,Mileage:5468335,"Date:""2026-04-20T10:05:13Z""",IopIgnition:true,Latitude:4.7419629096984863,Longitude:-74.125595092773438,Altitude:2560.60009765625,ExternalPowerVoltage:27.77,Rpm:-999,Speed:5.0,SatelliteNumber:14,Azimuth:79,BatteryLevel:100}]
"[{""Protocol"":""0x2525""","MessageType:""LocationInfoMessage""",ProtocolHeadType:19,"Imei:""869487064485674""",SerialNo:27445,Mileage:5468368,"Date:""2026-04-20T10:06:13Z""",IopIgnition:true,Latitude:4.7420883178710938,Longitude:-74.125335693359375,Altitude:2564.5,ExternalPowerVoltage:27.76,Rpm:-999,Speed:0.0,SatelliteNumber:15,Azimuth:65,BatteryLevel:100}]
"[{""Protocol"":""0x2525""","MessageType:""LocationInfoMessage""",ProtocolHeadType:19,"Imei:""869487064485674""",SerialNo:27446,Mileage:5468465,"Date:""2026-04-20T10:07:03Z""",IopIgnition:true,Latitude:4.74238395690918,Longitude:-74.124519348144531,Altitude:2569.300048828125,ExternalPowerVoltage:27.68,Rpm:-999,Speed:11.0,SatelliteNumber:16,Azimuth:122,BatteryLevel:100}]
"[{""Protocol"":""0x2525""","MessageType:""LocationInfoMessage""",ProtocolHeadType:19,"Imei:""869487064485674""",SerialNo:27447,Mileage:5468581,"Date:""2026-04-20T10:08:13Z""",IopIgnition:true,Latitude:4.741429328918457,Longitude:-74.124114990234375,Altitude:2571.39990234375,ExternalPowerVoltage:28.06,Rpm:-999,Speed:0.0,SatelliteNumber:16,Azimuth:157,BatteryLevel:100}]
"[{""Protocol"":""0x2525""","MessageType:""LocationInfoMessage""",ProtocolHeadType:19,"Imei:""869487064485674""",SerialNo:27448,Mileage:5468702,"Date:""2026-04-20T10:08:44Z""",IopIgnition:true,Latitude:4.7404251098632813,Longitude:-74.1238021850586,Altitude:2569.39990234375,ExternalPowerVoltage:28.03,Rpm:-999,Speed:8.0,SatelliteNumber:16,Azimuth:226,BatteryLevel:100}]
"[{""Protocol"":""0x2525""","MessageType:""LocationInfoMessage""",ProtocolHeadType:19,"Imei:""869487064485674""",SerialNo:27449,Mileage:5468857,"Date:""2026-04-20T10:10:13Z""",IopIgnition:true,Latitude:4.73980188369751,Longitude:-74.124908447265625,Altitude:2563.89990234375,ExternalPowerVoltage:27.83,Rpm:-999,Speed:6.0,SatelliteNumber:16,Azimuth:214,BatteryLevel:100}]
"[{""Protocol"":""0x2525""","MessageType:""LocationInfoMessage""",ProtocolHeadType:19,"Imei:""869487064485674""",SerialNo:27450,Mileage:5469165,"Date:""2026-04-20T10:10:57Z""",IopIgnition:true,Latitude:4.7374062538146973,Longitude:-74.126113891601563,Altitude:2563.0,ExternalPowerVoltage:28.08,Rpm:-999,Speed:27.0,SatelliteNumber:15,Azimuth:163,BatteryLevel:100}]
"[{""Protocol"":""0x2525""","MessageType:""LocationInfoMessage""",ProtocolHeadType:19,"Imei:""869487064485674""",SerialNo:27451,Mileage:5469244,"Date:""2026-04-20T10:11:08Z""",IopIgnition:true,Latitude:4.7367329597473145,Longitude:-74.126052856445313,Altitude:2565.199951171875,ExternalPowerVoltage:28.09,Rpm:-999,Speed:27.0,SatelliteNumber:16,Azimuth:221,BatteryLevel:100}]
"[{""Protocol"":""0x2525""","MessageType:""LocationInfoMessage""",ProtocolHeadType:19,"Imei:""869487064485674""",SerialNo:27452,Mileage:5469432,"Date:""2026-04-20T10:11:28Z""",IopIgnition:true,Latitude:4.73542594909668,Longitude:-74.127021789550781,Altitude:2565.199951171875,ExternalPowerVoltage:28.09,Rpm:-999,Speed:33.0,SatelliteNumber:15,Azimuth:172,BatteryLevel:99}]
"[{""Protocol"":""0x2525""","MessageType:""LocationInfoMessage""",ProtocolHeadType:19,"Imei:""869487064485674""",SerialNo:27453,Mileage:5470319,"Date:""2026-04-20T10:13:13Z""",IopIgnition:true,Latitude:4.72797155380249,Longitude:-74.125289916992188,Altitude:2563.89990234375,ExternalPowerVoltage:28.1,Rpm:-999,Speed:24.0,SatelliteNumber:15,Azimuth:218,BatteryLevel:100}]
"[{""Protocol"":""0x2525""","MessageType:""LocationInfoMessage""",ProtocolHeadType:19,"Imei:""869487064485674""",SerialNo:27454,Mileage:5470343,"Date:""2026-04-20T10:14:13Z""",IopIgnition:true,Latitude:4.7278118133544922,Longitude:-74.125434875488281,Altitude:2563.39990234375,ExternalPowerVoltage:27.87,Rpm:-999,Speed:0.0,SatelliteNumber:15,Azimuth:222,BatteryLevel:100}]
"[{""Protocol"":""0x2525""","MessageType:""LocationInfoMessage""",ProtocolHeadType:19,"Imei:""869487064485674""",SerialNo:27455,Mileage:5470430,"Date:""2026-04-20T10:15:00Z""",IopIgnition:true,Latitude:4.7271790504455566,Longitude:-74.1258316040039,Altitude:2562.5,ExternalPowerVoltage:28.09,Rpm:-999,Speed:26.0,SatelliteNumber:15,Azimuth:158,BatteryLevel:100}]
"[{""Protocol"":""0x2525""","MessageType:""LocationInfoMessage""",ProtocolHeadType:19,"Imei:""869487064485674""",SerialNo:27456,Mileage:5470765,"Date:""2026-04-20T10:16:13Z""",IopIgnition:true,Latitude:4.7248654365539551,Longitude:-74.123916625976563,Altitude:2567.89990234375,ExternalPowerVoltage:28.07,Rpm:-999,Speed:33.0,SatelliteNumber:13,Azimuth:140,BatteryLevel:100}]
"[{""Protocol"":""0x2525""","MessageType:""LocationInfoMessage""",ProtocolHeadType:19,"Imei:""869487064485674""",SerialNo:27457,Mileage:5471196,"Date:""2026-04-20T10:17:13Z""",IopIgnition:true,Latitude:4.7219009399414063,Longitude:-74.121406555175781,Altitude:2568.60009765625,ExternalPowerVoltage:28.09,Rpm:-999,Speed:40.0,SatelliteNumber:14,Azimuth:141,BatteryLevel:100}]
"[{""Protocol"":""0x2525""","MessageType:""LocationInfoMessage""",ProtocolHeadType:19,"Imei:""869487064485674""",SerialNo:27458,Mileage:5471918,"Date:""2026-04-20T10:18:13Z""",IopIgnition:true,Latitude:4.7166213989257813,Longitude:-74.117630004882813,Altitude:2567.0,ExternalPowerVoltage:28.09,Rpm:-999,Speed:32.0,SatelliteNumber:15,Azimuth:147,BatteryLevel:100}]
"[{""Protocol"":""0x2525""","MessageType:""LocationInfoMessage""",ProtocolHeadType:19,"Imei:""869487064485674""",SerialNo:27459,Mileage:5472211,"Date:""2026-04-20T10:19:12Z""",IopIgnition:true,Latitude:4.7144346237182617,Longitude:-74.116172790527344,Altitude:2567.10009765625,ExternalPowerVoltage:28.06,Rpm:-999,Speed:17.0,SatelliteNumber:14,Azimuth:142,BatteryLevel:100}]
"[{""Protocol"":""0x2525""","MessageType:""LocationInfoMessage""",ProtocolHeadType:19,"Imei:""869487064485674""",SerialNo:27460,Mileage:5472646,"Date:""2026-04-20T10:20:13Z""",IopIgnition:true,Latitude:4.7113161087036133,Longitude:-74.113815307617188,Altitude:2567.0,ExternalPowerVoltage:27.83,Rpm:-999,Speed:6.0,SatelliteNumber:14,Azimuth:139,BatteryLevel:100}]
"[{""Protocol"":""0x2525""","MessageType:""LocationInfoMessage""",ProtocolHeadType:19,"Imei:""869487064485674""",SerialNo:27461,Mileage:5472790,"Date:""2026-04-20T10:21:13Z""",IopIgnition:true,Latitude:4.710390567779541,Longitude:-74.112922668457031,Altitude:2570.60009765625,ExternalPowerVoltage:28.09,Rpm:-999,Speed:31.0,SatelliteNumber:13,Azimuth:134,BatteryLevel:100}]
"[{""Protocol"":""0x2525""","MessageType:""LocationInfoMessage""",ProtocolHeadType:19,"Imei:""869487064485674""",SerialNo:27462,Mileage:5473028,"Date:""2026-04-20T10:22:13Z""",IopIgnition:true,Latitude:4.7089157104492188,Longitude:-74.111366271972656,Altitude:2570.89990234375,ExternalPowerVoltage:27.86,Rpm:-999,Speed:0.0,SatelliteNumber:13,Azimuth:139,BatteryLevel:100}]
"[{""Protocol"":""0x2525""","MessageType:""LocationInfoMessage""",ProtocolHeadType:19,"Imei:""869487064485674""",SerialNo:27463,Mileage:5473266,"Date:""2026-04-20T10:23:13Z""",IopIgnition:true,Latitude:4.7074117660522461,Longitude:-74.109832763671875,Altitude:2571.800048828125,ExternalPowerVoltage:28.09,Rpm:-999,Speed:24.0,SatelliteNumber:15,Azimuth:133,BatteryLevel:100}]
"[{""Protocol"":""0x2525""","MessageType:""LocationInfoMessage""",ProtocolHeadType:19,"Imei:""869487064485674""",SerialNo:27464,Mileage:5473495,"Date:""2026-04-20T10:24:12Z""",IopIgnition:true,Latitude:4.706174373626709,Longitude:-74.108200073242188,Altitude:2569.300048828125,ExternalPowerVoltage:27.81,Rpm:-999,Speed:0.0,SatelliteNumber:14,Azimuth:120,BatteryLevel:100}]
"[{""Protocol"":""0x2525""","MessageType:""LocationInfoMessage""",ProtocolHeadType:19,"Imei:""869487064485674""",SerialNo:27465,Mileage:5473756,"Date:""2026-04-20T10:25:13Z""",IopIgnition:true,Latitude:4.7051568031311035,Longitude:-74.1060791015625,Altitude:2571.800048828125,ExternalPowerVoltage:28.09,Rpm:-999,Speed:58.0,SatelliteNumber:15,Azimuth:115,BatteryLevel:100}]
"[{""Protocol"":""0x2525""","MessageType:""LocationInfoMessage""",ProtocolHeadType:19,"Imei:""869487064485674""",SerialNo:27466,Mileage:5474179,"Date:""2026-04-20T10:26:13Z""",IopIgnition:true,Latitude:4.7035951614379883,Longitude:-74.102607727050781,Altitude:2572.60009765625,ExternalPowerVoltage:28.09,Rpm:-999,Speed:51.0,SatelliteNumber:14,Azimuth:111,BatteryLevel:100}]
"[{""Protocol"":""0x2525""","MessageType:""LocationInfoMessage""",ProtocolHeadType:19,"Imei:""869487064485674""",SerialNo:27467,Mileage:5474709,"Date:""2026-04-20T10:27:13Z""",IopIgnition:true,Latitude:4.700965404510498,Longitude:-74.0986557006836,Altitude:2568.60009765625,ExternalPowerVoltage:27.8,Rpm:-999,Speed:9.0,SatelliteNumber:14,Azimuth:128,BatteryLevel:100}]
"[{""Protocol"":""0x2525""","MessageType:""LocationInfoMessage""",ProtocolHeadType:19,"Imei:""869487064485674""",SerialNo:27468,Mileage:5474829,"Date:""2026-04-20T10:28:13Z""",IopIgnition:true,Latitude:4.7002763748168945,Longitude:-74.097816467285156,Altitude:2570.800048828125,ExternalPowerVoltage:28.08,Rpm:-999,Speed:20.0,SatelliteNumber:15,Azimuth:126,BatteryLevel:100}]
"[{""Protocol"":""0x2525""","MessageType:""LocationInfoMessage""",ProtocolHeadType:19,"Imei:""869487064485674""",SerialNo:27469,Mileage:5474957,"Date:""2026-04-20T10:29:12Z""",IopIgnition:true,Latitude:4.6995906829833984,Longitude:-74.0969009399414,Altitude:2570.39990234375,ExternalPowerVoltage:28.09,Rpm:-999,Speed:39.0,SatelliteNumber:15,Azimuth:127,BatteryLevel:100}]
"[{""Protocol"":""0x2525""","MessageType:""LocationInfoMessage""",ProtocolHeadType:19,"Imei:""869487064485674""",SerialNo:27470,Mileage:5475537,"Date:""2026-04-20T10:30:13Z""",IopIgnition:true,Latitude:4.6969742774963379,Longitude:-74.092391967773438,Altitude:2572.10009765625,ExternalPowerVoltage:28.09,Rpm:-999,Speed:49.0,SatelliteNumber:15,Azimuth:118,BatteryLevel:100}]
"[{""Protocol"":""0x2525""","MessageType:""LocationInfoMessage""",ProtocolHeadType:19,"Imei:""869487064485674""",SerialNo:27471,Mileage:5476382,"Date:""2026-04-20T10:31:13Z""",IopIgnition:true,Latitude:4.6926865577697754,Longitude:-74.086235046386719,Altitude:2570.0,ExternalPowerVoltage:27.86,Rpm:-999,Speed:19.0,SatelliteNumber:15,Azimuth:142,BatteryLevel:100}]
"[{""Protocol"":""0x2525""","MessageType:""LocationInfoMessage""",ProtocolHeadType:19,"Imei:""869487064485674""",SerialNo:27472,Mileage:5476825,"Date:""2026-04-20T10:32:13Z""",IopIgnition:true,Latitude:4.6895651817321777,Longitude:-74.083747863769531,Altitude:2569.39990234375,ExternalPowerVoltage:28.06,Rpm:-999,Speed:42.0,SatelliteNumber:16,Azimuth:141,BatteryLevel:100}]
"[{""Protocol"":""0x2525""","MessageType:""LocationInfoMessage""",ProtocolHeadType:19,"Imei:""869487064485674""",SerialNo:27473,Mileage:5477607,"Date:""2026-04-20T10:33:13Z""",IopIgnition:true,Latitude:4.6840243339538574,Longitude:-74.079414367675781,Altitude:2572.60009765625,ExternalPowerVoltage:28.09,Rpm:-999,Speed:49.0,SatelliteNumber:15,Azimuth:140,BatteryLevel:100}]
"[{""Protocol"":""0x2525""","MessageType:""LocationInfoMessage""",ProtocolHeadType:19,"Imei:""869487064485674""",SerialNo:27474,Mileage:5477942,"Date:""2026-04-20T10:33:58Z""",IopIgnition:true,Latitude:4.6816496849060059,Longitude:-74.077583312988281,Altitude:2568.199951171875,ExternalPowerVoltage:28.07,Rpm:-999,Speed:18.0,SatelliteNumber:16,Azimuth:190,BatteryLevel:100}]
"[{""Protocol"":""0x2525""","MessageType:""LocationInfoMessage""",ProtocolHeadType:19,"Imei:""869487064485674""",SerialNo:27475,Mileage:5478559,"Date:""2026-04-20T10:35:09Z""",IopIgnition:true,Latitude:4.6771082878112793,Longitude:-74.080642700195313,Altitude:2567.800048828125,ExternalPowerVoltage:28.03,Rpm:-999,Speed:10.0,SatelliteNumber:16,Azimuth:126,BatteryLevel:100}]
"[{""Protocol"":""0x2525""","MessageType:""LocationInfoMessage""",ProtocolHeadType:19,"Imei:""869487064485674""",SerialNo:27476,Mileage:5478665,"Date:""2026-04-20T10:36:13Z""",IopIgnition:true,Latitude:4.6765580177307129,Longitude:-74.0798568725586,Altitude:2568.60009765625,ExternalPowerVoltage:28.02,Rpm:-999,Speed:0.0,SatelliteNumber:15,Azimuth:130,BatteryLevel:100}]
"[{""Protocol"":""0x2525""","MessageType:""LocationInfoMessage""",ProtocolHeadType:19,"Imei:""869487064485674""",SerialNo:27477,Mileage:5478665,"Date:""2026-04-20T10:37:13Z""",IopIgnition:true,Latitude:4.6765580177307129,Longitude:-74.0798568725586,Altitude:2568.60009765625,ExternalPowerVoltage:27.92,Rpm:-999,Speed:0.0,SatelliteNumber:15,Azimuth:130,BatteryLevel:100}]
"[{""Protocol"":""0x2525""","MessageType:""LocationAlarmMessage""",ProtocolHeadType:20,"Imei:""869487064485674""",SerialNo:1037,Mileage:5478665,"Date:""2026-04-20T10:37:56Z""",IopIgnition:false,Latitude:4.6765580177307129,Longitude:-74.0798568725586,Altitude:2568.60009765625,ExternalPowerVoltage:27.76,Rpm:-999,Speed:0.0,SatelliteNumber:15,Azimuth:130,OriginalAlarmCode:23}]
"[{""Protocol"":""0x2525""","MessageType:""LocationAlarmMessage""",ProtocolHeadType:20,"Imei:""869487064485674""",SerialNo:1038,Mileage:5478665,"Date:""2026-04-20T10:53:58Z""",IopIgnition:true,Latitude:4.6765580177307129,Longitude:-74.0798568725586,Altitude:2568.60009765625,ExternalPowerVoltage:25.16,Rpm:-999,Speed:0.0,SatelliteNumber:16,Azimuth:130,OriginalAlarmCode:22}]
"[{""Protocol"":""0x2525""","MessageType:""LocationInfoMessage""",ProtocolHeadType:19,"Imei:""869487064485674""",SerialNo:27478,Mileage:5478665,"Date:""2026-04-20T10:54:59Z""",IopIgnition:true,Latitude:4.6765580177307129,Longitude:-74.0798568725586,Altitude:2568.60009765625,ExternalPowerVoltage:24.84,Rpm:-999,Speed:0.0,SatelliteNumber:14,Azimuth:130,BatteryLevel:100}]
"[{""Protocol"":""0x2525""","MessageType:""LocationInfoMessage""",ProtocolHeadType:19,"Imei:""869487064485674""",SerialNo:27479,Mileage:5478665,"Date:""2026-04-20T10:55:59Z""",IopIgnition:true,Latitude:4.6765580177307129,Longitude:-74.0798568725586,Altitude:2568.60009765625,ExternalPowerVoltage:27.76,Rpm:-999,Speed:0.0,SatelliteNumber:14,Azimuth:130,BatteryLevel:100}]
"[{""Protocol"":""0x2525""","MessageType:""LocationInfoMessage""",ProtocolHeadType:19,"Imei:""869487064485674""",SerialNo:27480,Mileage:5478665,"Date:""2026-04-20T10:56:59Z""",IopIgnition:true,Latitude:4.6765580177307129,Longitude:-74.0798568725586,Altitude:2568.60009765625,ExternalPowerVoltage:27.93,Rpm:-999,Speed:0.0,SatelliteNumber:15,Azimuth:130,BatteryLevel:100}]
"[{""Protocol"":""0x2525""","MessageType:""LocationInfoMessage""",ProtocolHeadType:19,"Imei:""869487064485674""",SerialNo:27481,Mileage:5478743,"Date:""2026-04-20T10:57:27Z""",IopIgnition:true,Latitude:4.6761536598205566,Longitude:-74.079299926757813,Altitude:2571.39990234375,ExternalPowerVoltage:28.03,Rpm:-999,Speed:9.0,SatelliteNumber:15,Azimuth:71,BatteryLevel:100}]
"[{""Protocol"":""0x2525""","MessageType:""LocationAlarmMessage""",ProtocolHeadType:20,"Imei:""869487064485674""",SerialNo:1039,Mileage:5478789,"Date:""2026-04-20T10:57:50Z""",IopIgnition:false,Latitude:4.6764569282531738,Longitude:-74.079017639160156,Altitude:2568.699951171875,ExternalPowerVoltage:27.7,Rpm:-999,Speed:0.0,SatelliteNumber:14,Azimuth:44,OriginalAlarmCode:23}]
"[{""Protocol"":""0x2525""","MessageType:""LocationAlarmMessage""",ProtocolHeadType:20,"Imei:""869487064485674""",SerialNo:1040,Mileage:5478789,"Date:""2026-04-20T11:12:39Z""",IopIgnition:true,Latitude:4.6764569282531738,Longitude:-74.079017639160156,Altitude:2568.699951171875,ExternalPowerVoltage:25.38,Rpm:-999,Speed:0.0,SatelliteNumber:14,Azimuth:44,OriginalAlarmCode:22}]
"[{""Protocol"":""0x2525""","MessageType:""LocationInfoMessage""",ProtocolHeadType:19,"Imei:""869487064485674""",SerialNo:27482,Mileage:5478789,"Date:""2026-04-20T11:13:40Z""",IopIgnition:true,Latitude:4.6764569282531738,Longitude:-74.079017639160156,Altitude:2568.699951171875,ExternalPowerVoltage:27.99,Rpm:-999,Speed:0.0,SatelliteNumber:15,Azimuth:44,BatteryLevel:100}]
"[{""Protocol"":""0x2525""","MessageType:""LocationInfoMessage""",ProtocolHeadType:19,"Imei:""869487064485674""",SerialNo:27483,Mileage:5478945,"Date:""2026-04-20T11:14:30Z""",IopIgnition:true,Latitude:4.6775312423706055,Longitude:-74.078140258789063,Altitude:2563.5,ExternalPowerVoltage:28.01,Rpm:-999,Speed:10.0,SatelliteNumber:15,Azimuth:114,BatteryLevel:100}]
"[{""Protocol"":""0x2525""","MessageType:""LocationInfoMessage""",ProtocolHeadType:19,"Imei:""869487064485674""",SerialNo:27484,Mileage:5479301,"Date:""2026-04-20T11:15:40Z""",IopIgnition:true,Latitude:4.6756196022033691,Longitude:-74.075592041015625,Altitude:2565.10009765625,ExternalPowerVoltage:28.01,Rpm:-999,Speed:17.0,SatelliteNumber:16,Azimuth:77,BatteryLevel:100}]
"[{""Protocol"":""0x2525""","MessageType:""LocationInfoMessage""",ProtocolHeadType:19,"Imei:""869487064485674""",SerialNo:27485,Mileage:5479310,"Date:""2026-04-20T11:15:42Z""",IopIgnition:true,Latitude:4.6756806373596191,Longitude:-74.075546264648438,Altitude:2565.39990234375,ExternalPowerVoltage:27.98,Rpm:-999,Speed:19.0,SatelliteNumber:16,Azimuth:6,BatteryLevel:100}]
"[{""Protocol"":""0x2525""","MessageType:""LocationInfoMessage""",ProtocolHeadType:19,"Imei:""869487064485674""",SerialNo:27486,Mileage:5479629,"Date:""2026-04-20T11:17:40Z""",IopIgnition:true,Latitude:4.6781387329101563,Longitude:-74.074501037597656,Altitude:2567.60009765625,ExternalPowerVoltage:27.93,Rpm:-999,Speed:0.0,SatelliteNumber:14,Azimuth:45,BatteryLevel:100}]
"[{""Protocol"":""0x2525""","MessageType:""LocationInfoMessage""",ProtocolHeadType:19,"Imei:""869487064485674""",SerialNo:27487,Mileage:5479664,"Date:""2026-04-20T11:18:40Z""",IopIgnition:true,Latitude:4.6783828735351563,Longitude:-74.074302673339844,Altitude:2573.300048828125,ExternalPowerVoltage:28.1,Rpm:-999,Speed:22.0,SatelliteNumber:15,Azimuth:31,BatteryLevel:100}]
"[{""Protocol"":""0x2525""","MessageType:""LocationInfoMessage""",ProtocolHeadType:19,"Imei:""869487064485674""",SerialNo:27488,Mileage:5479687,"Date:""2026-04-20T11:18:44Z""",IopIgnition:true,Latitude:4.678581714630127,Longitude:-74.074295043945313,Altitude:2572.0,ExternalPowerVoltage:28.06,Rpm:-999,Speed:21.0,SatelliteNumber:15,Azimuth:325,BatteryLevel:100}]
"[{""Protocol"":""0x2525""","MessageType:""LocationInfoMessage""",ProtocolHeadType:19,"Imei:""869487064485674""",SerialNo:27489,Mileage:5480932,"Date:""2026-04-20T11:20:19Z""",IopIgnition:true,Latitude:4.6871891021728516,Longitude:-74.08135986328125,Altitude:2563.300048828125,ExternalPowerVoltage:28.02,Rpm:-999,Speed:14.0,SatelliteNumber:16,Azimuth:21,BatteryLevel:100}]
"[{""Protocol"":""0x2525""","MessageType:""LocationInfoMessage""",ProtocolHeadType:19,"Imei:""869487064485674""",SerialNo:27490,Mileage:5480959,"Date:""2026-04-20T11:20:25Z""",IopIgnition:true,Latitude:4.6874089241027832,Longitude:-74.081329345703125,Altitude:2562.89990234375,ExternalPowerVoltage:28.08,Rpm:-999,Speed:22.0,SatelliteNumber:16,Azimuth:323,BatteryLevel:100}]
"[{""Protocol"":""0x2525""","MessageType:""LocationInfoMessage""",ProtocolHeadType:19,"Imei:""869487064485674""",SerialNo:27491,Mileage:5481124,"Date:""2026-04-20T11:20:49Z""",IopIgnition:true,Latitude:4.6885833740234375,Longitude:-74.082206726074219,Altitude:2564.300048828125,ExternalPowerVoltage:28.08,Rpm:-999,Speed:13.0,SatelliteNumber:17,Azimuth:20,BatteryLevel:100}]
"[{""Protocol"":""0x2525""","MessageType:""LocationInfoMessage""",ProtocolHeadType:19,"Imei:""869487064485674""",SerialNo:27492,Mileage:5481340,"Date:""2026-04-20T11:21:27Z""",IopIgnition:true,Latitude:4.6898455619812012,Longitude:-74.080795288085938,Altitude:2565.800048828125,ExternalPowerVoltage:28.11,Rpm:-999,Speed:17.0,SatelliteNumber:16,Azimuth:334,BatteryLevel:100}]
"[{""Protocol"":""0x2525""","MessageType:""LocationInfoMessage""",ProtocolHeadType:19,"Imei:""869487064485674""",SerialNo:27493,Mileage:5481440,"Date:""2026-04-20T11:21:43Z""",IopIgnition:true,Latitude:4.6906452178955078,Longitude:-74.081138610839844,Altitude:2566.699951171875,ExternalPowerVoltage:27.97,Rpm:-999,Speed:12.0,SatelliteNumber:16,Azimuth:37,BatteryLevel:100}]
"[{""Protocol"":""0x2525""","MessageType:""LocationInfoMessage""",ProtocolHeadType:19,"Imei:""869487064485674""",SerialNo:27494,Mileage:5481495,"Date:""2026-04-20T11:21:56Z""",IopIgnition:true,Latitude:4.6907305717468262,Longitude:-74.080657958984375,Altitude:2567.0,ExternalPowerVoltage:27.97,Rpm:-999,Speed:12.0,SatelliteNumber:15,Azimuth:94,BatteryLevel:100}]
"[{""Protocol"":""0x2525""","MessageType:""LocationInfoMessage""",ProtocolHeadType:19,"Imei:""869487064485674""",SerialNo:27495,Mileage:5481509,"Date:""2026-04-20T11:21:59Z""",IopIgnition:true,Latitude:4.690676212310791,Longitude:-74.080551147460938,Altitude:2566.800048828125,ExternalPowerVoltage:28.04,Rpm:-999,Speed:17.0,SatelliteNumber:15,Azimuth:146,BatteryLevel:100}]
"[{""Protocol"":""0x2525""","MessageType:""LocationInfoMessage""",ProtocolHeadType:19,"Imei:""869487064485674""",SerialNo:27496,Mileage:5481569,"Date:""2026-04-20T11:22:08Z""",IopIgnition:true,Latitude:4.690277099609375,Longitude:-74.080215454101563,Altitude:2566.5,ExternalPowerVoltage:28.04,Rpm:-999,Speed:18.0,SatelliteNumber:17,Azimuth:70,BatteryLevel:100}]
"[{""Protocol"":""0x2525""","MessageType:""LocationInfoMessage""",ProtocolHeadType:19,"Imei:""869487064485674""",SerialNo:27497,Mileage:5481586,"Date:""2026-04-20T11:22:11Z""",IopIgnition:true,Latitude:4.6903929710388184,Longitude:-74.080131530761719,Altitude:2566.0,ExternalPowerVoltage:28.06,Rpm:-999,Speed:21.0,SatelliteNumber:17,Azimuth:19,BatteryLevel:100}]
"[{""Protocol"":""0x2525""","MessageType:""LocationInfoMessage""",ProtocolHeadType:19,"Imei:""869487064485674""",SerialNo:27498,Mileage:5482464,"Date:""2026-04-20T11:23:40Z""",IopIgnition:true,Latitude:4.6951756477355957,Longitude:-74.073890686035156,Altitude:2570.39990234375,ExternalPowerVoltage:27.96,Rpm:-999,Speed:7.0,SatelliteNumber:17,Azimuth:51,BatteryLevel:100}]
"[{""Protocol"":""0x2525""","MessageType:""LocationInfoMessage""",ProtocolHeadType:19,"Imei:""869487064485674""",SerialNo:27499,Mileage:5482755,"Date:""2026-04-20T11:24:40Z""",IopIgnition:true,Latitude:4.6967425346374512,Longitude:-74.071784973144531,Altitude:2571.89990234375,ExternalPowerVoltage:28.12,Rpm:-999,Speed:32.0,SatelliteNumber:17,Azimuth:57,BatteryLevel:100}]
"[{""Protocol"":""0x2525""","MessageType:""LocationInfoMessage""",ProtocolHeadType:19,"Imei:""869487064485674""",SerialNo:27500,Mileage:5483009,"Date:""2026-04-20T11:25:40Z""",IopIgnition:true,Latitude:4.69808292388916,Longitude:-74.069931030273438,Altitude:2571.39990234375,ExternalPowerVoltage:27.87,Rpm:-999,Speed:0.0,SatelliteNumber:16,Azimuth:55,BatteryLevel:100}]
"[{""Protocol"":""0x2525""","MessageType:""LocationInfoMessage""",ProtocolHeadType:19,"Imei:""869487064485674""",SerialNo:27501,Mileage:5483009,"Date:""2026-04-20T11:26:39Z""",IopIgnition:true,Latitude:4.69808292388916,Longitude:-74.069931030273438,Altitude:2571.39990234375,ExternalPowerVoltage:28.07,Rpm:-999,Speed:0.0,SatelliteNumber:16,Azimuth:55,BatteryLevel:100}]
"[{""Protocol"":""0x2525""","MessageType:""LocationInfoMessage""",ProtocolHeadType:19,"Imei:""869487064485674""",SerialNo:27502,Mileage:5483084,"Date:""2026-04-20T11:26:53Z""",IopIgnition:true,Latitude:4.6985335350036621,Longitude:-74.069465637207031,Altitude:2571.89990234375,ExternalPowerVoltage:28.11,Rpm:-999,Speed:18.0,SatelliteNumber:15,Azimuth:348,BatteryLevel:100}]
"[{""Protocol"":""0x2525""","MessageType:""LocationInfoMessage""",ProtocolHeadType:19,"Imei:""869487064485674""",SerialNo:27503,Mileage:5483914,"Date:""2026-04-20T11:28:40Z""",IopIgnition:true,Latitude:4.7058086395263672,Longitude:-74.070831298828125,Altitude:2574.60009765625,ExternalPowerVoltage:27.98,Rpm:-999,Speed:0.0,SatelliteNumber:15,Azimuth:349,BatteryLevel:100}]
"[{""Protocol"":""0x2525""","MessageType:""LocationInfoMessage""",ProtocolHeadType:19,"Imei:""869487064485674""",SerialNo:27504,Mileage:5484457,"Date:""2026-04-20T11:29:40Z""",IopIgnition:true,Latitude:4.7105574607849121,Longitude:-74.071891784667969,Altitude:2579.800048828125,ExternalPowerVoltage:27.83,Rpm:-999,Speed:8.0,SatelliteNumber:16,Azimuth:348,BatteryLevel:100}]
"[{""Protocol"":""0x2525""","MessageType:""LocationInfoMessage""",ProtocolHeadType:19,"Imei:""869487064485674""",SerialNo:27505,Mileage:5485041,"Date:""2026-04-20T11:30:39Z""",IopIgnition:true,Latitude:4.7156620025634766,Longitude:-74.0731201171875,Altitude:2576.199951171875,ExternalPowerVoltage:28.12,Rpm:-999,Speed:56.0,SatelliteNumber:17,Azimuth:346,BatteryLevel:100}]
"[{""Protocol"":""0x2525""","MessageType:""LocationInfoMessage""",ProtocolHeadType:19,"Imei:""869487064485674""",SerialNo:27506,Mileage:5485926,"Date:""2026-04-20T11:31:40Z""",IopIgnition:true,Latitude:4.7233471870422363,Longitude:-74.074714660644531,Altitude:2591.300048828125,ExternalPowerVoltage:28.12,Rpm:-999,Speed:50.0,SatelliteNumber:17,Azimuth:356,BatteryLevel:100}]
"[{""Protocol"":""0x2525""","MessageType:""LocationInfoMessage""",ProtocolHeadType:19,"Imei:""869487064485674""",SerialNo:27507,Mileage:5486657,"Date:""2026-04-20T11:32:40Z""",IopIgnition:true,Latitude:4.7299160957336426,Longitude:-74.0746078491211,Altitude:2603.89990234375,ExternalPowerVoltage:28.14,Rpm:-999,Speed:46.0,SatelliteNumber:17,Azimuth:353,BatteryLevel:100}]
"[{""Protocol"":""0x2525""","MessageType:""LocationInfoMessage""",ProtocolHeadType:19,"Imei:""869487064485674""",SerialNo:27508,Mileage:5487008,"Date:""2026-04-20T11:33:11Z""",IopIgnition:true,Latitude:4.732884407043457,Longitude:-74.075424194335938,Altitude:2610.60009765625,ExternalPowerVoltage:28.04,Rpm:-999,Speed:35.0,SatelliteNumber:17,Azimuth:303,BatteryLevel:100}]
"[{""Protocol"":""0x2525""","MessageType:""LocationInfoMessage""",ProtocolHeadType:19,"Imei:""869487064485674""",SerialNo:27509,Mileage:5488036,"Date:""2026-04-20T11:34:40Z""",IopIgnition:true,Latitude:4.7374076843261719,Longitude:-74.083213806152344,Altitude:2592.10009765625,ExternalPowerVoltage:28.07,Rpm:-999,Speed:36.0,SatelliteNumber:17,Azimuth:286,BatteryLevel:100}]
"[{""Protocol"":""0x2525""","MessageType:""LocationInfoMessage""",ProtocolHeadType:19,"Imei:""869487064485674""",SerialNo:27510,Mileage:5488687,"Date:""2026-04-20T11:35:40Z""",IopIgnition:true,Latitude:4.7402410507202148,Longitude:-74.0881576538086,Altitude:2579.89990234375,ExternalPowerVoltage:27.94,Rpm:-999,Speed:18.0,SatelliteNumber:17,Azimuth:315,BatteryLevel:100}]
"[{""Protocol"":""0x2525""","MessageType:""LocationInfoMessage""",ProtocolHeadType:19,"Imei:""869487064485674""",SerialNo:27511,Mileage:5488938,"Date:""2026-04-20T11:36:40Z""",IopIgnition:true,Latitude:4.7417235374450684,Longitude:-74.08984375,Altitude:2579.0,ExternalPowerVoltage:27.94,Rpm:-999,Speed:0.0,SatelliteNumber:16,Azimuth:302,BatteryLevel:100}]
"[{""Protocol"":""0x2525""","MessageType:""LocationInfoMessage""",ProtocolHeadType:19,"Imei:""869487064485674""",SerialNo:27512,Mileage:5489346,"Date:""2026-04-20T11:37:39Z""",IopIgnition:true,Latitude:4.7440218925476074,Longitude:-74.092704772949219,Altitude:2575.5,ExternalPowerVoltage:28.12,Rpm:-999,Speed:49.0,SatelliteNumber:17,Azimuth:308,BatteryLevel:100}]
"[{""Protocol"":""0x2525""","MessageType:""LocationInfoMessage""",ProtocolHeadType:19,"Imei:""869487064485674""",SerialNo:27513,Mileage:5489673,"Date:""2026-04-20T11:38:40Z""",IopIgnition:true,Latitude:4.7457990646362305,Longitude:-74.095039367675781,Altitude:2572.199951171875,ExternalPowerVoltage:27.89,Rpm:-999,Speed:0.0,SatelliteNumber:15,Azimuth:318,BatteryLevel:100}]
"[{""Protocol"":""0x2525""","MessageType:""LocationInfoMessage""",ProtocolHeadType:19,"Imei:""869487064485674""",SerialNo:27514,Mileage:5489775,"Date:""2026-04-20T11:39:40Z""",IopIgnition:true,Latitude:4.7463874816894531,Longitude:-74.095748901367188,Altitude:2571.699951171875,ExternalPowerVoltage:28.14,Rpm:-999,Speed:35.0,SatelliteNumber:15,Azimuth:308,BatteryLevel:100}]
"[{""Protocol"":""0x2525""","MessageType:""LocationInfoMessage""",ProtocolHeadType:19,"Imei:""869487064485674""",SerialNo:27515,Mileage:5490524,"Date:""2026-04-20T11:40:40Z""",IopIgnition:true,Latitude:4.7496228218078613,Longitude:-74.101646423339844,Altitude:2571.5,ExternalPowerVoltage:28.12,Rpm:-999,Speed:47.0,SatelliteNumber:15,Azimuth:294,BatteryLevel:100}]
"[{""Protocol"":""0x2525""","MessageType:""LocationInfoMessage""",ProtocolHeadType:19,"Imei:""869487064485674""",SerialNo:27516,Mileage:5490763,"Date:""2026-04-20T11:41:40Z""",IopIgnition:true,Latitude:4.750582218170166,Longitude:-74.103569030761719,Altitude:2570.699951171875,ExternalPowerVoltage:27.89,Rpm:-999,Speed:0.0,SatelliteNumber:14,Azimuth:295,BatteryLevel:100}]
"[{""Protocol"":""0x2525""","MessageType:""LocationInfoMessage""",ProtocolHeadType:19,"Imei:""869487064485674""",SerialNo:27517,Mileage:5490779,"Date:""2026-04-20T11:41:57Z""",IopIgnition:true,Latitude:4.7505216598510742,Longitude:-74.10369873046875,Altitude:2572.10009765625,ExternalPowerVoltage:28.08,Rpm:-999,Speed:8.0,SatelliteNumber:15,Azimuth:166,BatteryLevel:100}]
"[{""Protocol"":""0x2525""","MessageType:""LocationInfoMessage""",ProtocolHeadType:19,"Imei:""869487064485674""",SerialNo:27518,Mileage:5490789,"Date:""2026-04-20T11:42:00Z""",IopIgnition:true,Latitude:4.7504549026489258,Longitude:-74.1036376953125,Altitude:2571.5,ExternalPowerVoltage:28.09,Rpm:-999,Speed:17.0,SatelliteNumber:14,Azimuth:113,BatteryLevel:100}]
"[{""Protocol"":""0x2525""","MessageType:""LocationInfoMessage""",ProtocolHeadType:19,"Imei:""869487064485674""",SerialNo:27519,Mileage:5490950,"Date:""2026-04-20T11:42:42Z""",IopIgnition:true,Latitude:4.7497706413269043,Longitude:-74.102371215820313,Altitude:2576.800048828125,ExternalPowerVoltage:27.93,Rpm:-999,Speed:12.0,SatelliteNumber:14,Azimuth:163,BatteryLevel:100}]
"[{""Protocol"":""0x2525""","MessageType:""LocationInfoMessage""",ProtocolHeadType:19,"Imei:""869487064485674""",SerialNo:27520,Mileage:5490976,"Date:""2026-04-20T11:42:47Z""",IopIgnition:true,Latitude:4.7495431900024414,Longitude:-74.102409362792969,Altitude:2576.199951171875,ExternalPowerVoltage:28.03,Rpm:-999,Speed:23.0,SatelliteNumber:15,Azimuth:210,BatteryLevel:100}]
"[{""Protocol"":""0x2525""","MessageType:""LocationInfoMessage""",ProtocolHeadType:19,"Imei:""869487064485674""",SerialNo:27521,Mileage:5491282,"Date:""2026-04-20T11:43:23Z""",IopIgnition:true,Latitude:4.7473015785217285,Longitude:-74.103950500488281,Altitude:2571.89990234375,ExternalPowerVoltage:28.1,Rpm:-999,Speed:19.0,SatelliteNumber:14,Azimuth:268,BatteryLevel:100}]
"[{""Protocol"":""0x2525""","MessageType:""LocationInfoMessage""",ProtocolHeadType:19,"Imei:""869487064485674""",SerialNo:27522,Mileage:5491487,"Date:""2026-04-20T11:43:49Z""",IopIgnition:true,Latitude:4.7475490570068359,Longitude:-74.105766296386719,Altitude:2573.5,ExternalPowerVoltage:28.01,Rpm:-999,Speed:14.0,SatelliteNumber:16,Azimuth:321,BatteryLevel:100}]
"[{""Protocol"":""0x2525""","MessageType:""LocationInfoMessage""",ProtocolHeadType:19,"Imei:""869487064485674""",SerialNo:27523,Mileage:5491599,"Date:""2026-04-20T11:44:08Z""",IopIgnition:true,Latitude:4.7485470771789551,Longitude:-74.105720520019531,Altitude:2571.800048828125,ExternalPowerVoltage:28.02,Rpm:-999,Speed:13.0,SatelliteNumber:16,Azimuth:6,BatteryLevel:100}]
"[{""Protocol"":""0x2525""","MessageType:""LocationInfoMessage""",ProtocolHeadType:19,"Imei:""869487064485674""",SerialNo:27524,Mileage:5491637,"Date:""2026-04-20T11:44:30Z""",IopIgnition:true,Latitude:4.7488770484924316,Longitude:-74.1057357788086,Altitude:2568.10009765625,ExternalPowerVoltage:27.99,Rpm:-999,Speed:5.0,SatelliteNumber:16,Azimuth:303,BatteryLevel:100}]
"[{""Protocol"":""0x2525""","MessageType:""LocationInfoMessage""",ProtocolHeadType:19,"Imei:""869487064485674""",SerialNo:27525,Mileage:5491647,"Date:""2026-04-20T11:44:34Z""",IopIgnition:true,Latitude:4.7488727569580078,Longitude:-74.105819702148438,Altitude:2569.60009765625,ExternalPowerVoltage:28.09,Rpm:-999,Speed:17.0,SatelliteNumber:16,Azimuth:241,BatteryLevel:100}]
"[{""Protocol"":""0x2525""","MessageType:""LocationInfoMessage""",ProtocolHeadType:19,"Imei:""869487064485674""",SerialNo:27526,Mileage:5491812,"Date:""2026-04-20T11:45:01Z""",IopIgnition:true,Latitude:4.7480692863464355,Longitude:-74.106842041015625,Altitude:2567.5,ExternalPowerVoltage:28.11,Rpm:-999,Speed:28.0,SatelliteNumber:16,Azimuth:288,BatteryLevel:100}]
"[{""Protocol"":""0x2525""","MessageType:""LocationInfoMessage""",ProtocolHeadType:19,"Imei:""869487064485674""",SerialNo:27527,Mileage:5492135,"Date:""2026-04-20T11:45:46Z""",IopIgnition:true,Latitude:4.74883508682251,Longitude:-74.109649658203125,Altitude:2567.300048828125,ExternalPowerVoltage:27.95,Rpm:-999,Speed:6.0,SatelliteNumber:16,Azimuth:241,BatteryLevel:100}]
"[{""Protocol"":""0x2525""","MessageType:""LocationInfoMessage""",ProtocolHeadType:19,"Imei:""869487064485674""",SerialNo:27528,Mileage:5492145,"Date:""2026-04-20T11:45:49Z""",IopIgnition:true,Latitude:4.7487611770629883,Longitude:-74.109695434570313,Altitude:2569.199951171875,ExternalPowerVoltage:28.06,Rpm:-999,Speed:17.0,SatelliteNumber:17,Azimuth:190,BatteryLevel:100}]
"[{""Protocol"":""0x2525""","MessageType:""LocationInfoMessage""",ProtocolHeadType:19,"Imei:""869487064485674""",SerialNo:27529,Mileage:5492335,"Date:""2026-04-20T11:46:20Z""",IopIgnition:true,Latitude:4.7471513748168945,Longitude:-74.110214233398438,Altitude:2565.60009765625,ExternalPowerVoltage:28.07,Rpm:-999,Speed:16.0,SatelliteNumber:17,Azimuth:257,BatteryLevel:100}]
"[{""Protocol"":""0x2525""","MessageType:""LocationInfoMessage""",ProtocolHeadType:19,"Imei:""869487064485674""",SerialNo:27530,Mileage:5492444,"Date:""2026-04-20T11:46:37Z""",IopIgnition:true,Latitude:4.747197151184082,Longitude:-74.111175537109375,Altitude:2565.10009765625,ExternalPowerVoltage:28.07,Rpm:-999,Speed:16.0,SatelliteNumber:17,Azimuth:199,BatteryLevel:100}]
"[{""Protocol"":""0x2525""","MessageType:""LocationInfoMessage""",ProtocolHeadType:19,"Imei:""869487064485674""",SerialNo:27531,Mileage:5492559,"Date:""2026-04-20T11:47:07Z""",IopIgnition:true,Latitude:4.7461843490600586,Longitude:-74.111312866210938,Altitude:2562.699951171875,ExternalPowerVoltage:28.09,Rpm:-999,Speed:10.0,SatelliteNumber:16,Azimuth:261,BatteryLevel:100}]
"[{""Protocol"":""0x2525""","MessageType:""LocationInfoMessage""",ProtocolHeadType:19,"Imei:""869487064485674""",SerialNo:27532,Mileage:5493030,"Date:""2026-04-20T11:48:40Z""",IopIgnition:true,Latitude:4.7470321655273438,Longitude:-74.1154556274414,Altitude:2565.699951171875,ExternalPowerVoltage:27.85,Rpm:-999,Speed:0.0,SatelliteNumber:15,Azimuth:287,BatteryLevel:100}]
"[{""Protocol"":""0x2525""","MessageType:""LocationInfoMessage""",ProtocolHeadType:19,"Imei:""869487064485674""",SerialNo:27533,Mileage:5493293,"Date:""2026-04-20T11:49:40Z""",IopIgnition:true,Latitude:4.7472915649414063,Longitude:-74.117805480957031,Altitude:2573.60009765625,ExternalPowerVoltage:28.08,Rpm:-999,Speed:23.0,SatelliteNumber:16,Azimuth:276,BatteryLevel:100}]
"[{""Protocol"":""0x2525""","MessageType:""LocationInfoMessage""",ProtocolHeadType:19,"Imei:""869487064485674""",SerialNo:27534,Mileage:5493630,"Date:""2026-04-20T11:50:28Z""",IopIgnition:true,Latitude:4.747584342956543,Longitude:-74.120811462402344,Altitude:2570.5,ExternalPowerVoltage:28.02,Rpm:-999,Speed:14.0,SatelliteNumber:17,Azimuth:223,BatteryLevel:100}]
"[{""Protocol"":""0x2525""","MessageType:""LocationInfoMessage""",ProtocolHeadType:19,"Imei:""869487064485674""",SerialNo:27535,Mileage:5493644,"Date:""2026-04-20T11:50:31Z""",IopIgnition:true,Latitude:4.747467041015625,Longitude:-74.1208267211914,Altitude:2569.5,ExternalPowerVoltage:28.01,Rpm:-999,Speed:10.0,SatelliteNumber:17,Azimuth:157,BatteryLevel:100}]
"[{""Protocol"":""0x2525""","MessageType:""LocationInfoMessage""",ProtocolHeadType:19,"Imei:""869487064485674""",SerialNo:27536,Mileage:5493754,"Date:""2026-04-20T11:51:15Z""",IopIgnition:true,Latitude:4.7465419769287109,Longitude:-74.120521545410156,Altitude:2554.39990234375,ExternalPowerVoltage:28.09,Rpm:-999,Speed:8.0,SatelliteNumber:16,Azimuth:234,BatteryLevel:100}]
"[{""Protocol"":""0x2525""","MessageType:""LocationAlarmMessage""",ProtocolHeadType:20,"Imei:""869487064485674""",SerialNo:1041,Mileage:5493797,"Date:""2026-04-20T11:51:42Z""",IopIgnition:false,Latitude:4.746436595916748,Longitude:-74.120895385742188,Altitude:2556.10009765625,ExternalPowerVoltage:27.78,Rpm:-999,Speed:0.0,SatelliteNumber:13,Azimuth:250,OriginalAlarmCode:23}]
"[{""Protocol"":""0x2525""","MessageType:""LocationAlarmMessage""",ProtocolHeadType:20,"Imei:""869487064485674""",SerialNo:1042,Mileage:5493797,"Date:""2026-04-20T12:14:03Z""",IopIgnition:true,Latitude:4.746436595916748,Longitude:-74.120895385742188,Altitude:2556.10009765625,ExternalPowerVoltage:25.51,Rpm:-999,Speed:0.0,SatelliteNumber:12,Azimuth:250,OriginalAlarmCode:22}]
"[{""Protocol"":""0x2525""","MessageType:""LocationInfoMessage""",ProtocolHeadType:19,"Imei:""869487064485674""",SerialNo:27537,Mileage:5493797,"Date:""2026-04-20T12:15:04Z""",IopIgnition:true,Latitude:4.746436595916748,Longitude:-74.120895385742188,Altitude:2556.10009765625,ExternalPowerVoltage:27.99,Rpm:-999,Speed:0.0,SatelliteNumber:16,Azimuth:250,BatteryLevel:100}]
"[{""Protocol"":""0x2525""","MessageType:""LocationInfoMessage""",ProtocolHeadType:19,"Imei:""869487064485674""",SerialNo:27538,Mileage:5493974,"Date:""2026-04-20T12:16:04Z""",IopIgnition:true,Latitude:4.7458992004394531,Longitude:-74.122398376464844,Altitude:2555.60009765625,ExternalPowerVoltage:28.06,Rpm:-999,Speed:14.0,SatelliteNumber:16,Azimuth:253,BatteryLevel:100}]
"[{""Protocol"":""0x2525""","MessageType:""LocationInfoMessage""",ProtocolHeadType:19,"Imei:""869487064485674""",SerialNo:27539,Mileage:5494333,"Date:""2026-04-20T12:17:04Z""",IopIgnition:true,Latitude:4.7448339462280273,Longitude:-74.125442504882813,Altitude:2555.60009765625,ExternalPowerVoltage:28.09,Rpm:-999,Speed:15.0,SatelliteNumber:16,Azimuth:248,BatteryLevel:100}]
"[{""Protocol"":""0x2525""","MessageType:""LocationInfoMessage""",ProtocolHeadType:19,"Imei:""869487064485674""",SerialNo:27540,Mileage:5494598,"Date:""2026-04-20T12:18:04Z""",IopIgnition:true,Latitude:4.7441191673278809,Longitude:-74.1277084350586,Altitude:2557.39990234375,ExternalPowerVoltage:28.01,Rpm:-999,Speed:12.0,SatelliteNumber:16,Azimuth:278,BatteryLevel:100}]
"[{""Protocol"":""0x2525""","MessageType:""LocationInfoMessage""",ProtocolHeadType:19,"Imei:""869487064485674""",SerialNo:27541,Mileage:5494636,"Date:""2026-04-20T12:19:03Z""",IopIgnition:true,Latitude:4.7442083358764648,Longitude:-74.128036499023438,Altitude:2559.60009765625,ExternalPowerVoltage:28.01,Rpm:-999,Speed:0.0,SatelliteNumber:16,Azimuth:291,BatteryLevel:100}]
"[{""Protocol"":""0x2525""","MessageType:""LocationInfoMessage""",ProtocolHeadType:19,"Imei:""869487064485674""",SerialNo:27542,Mileage:5494636,"Date:""2026-04-20T12:20:04Z""",IopIgnition:true,Latitude:4.7442083358764648,Longitude:-74.128036499023438,Altitude:2559.60009765625,ExternalPowerVoltage:27.88,Rpm:-999,Speed:0.0,SatelliteNumber:15,Azimuth:291,BatteryLevel:100}]
"[{""Protocol"":""0x2525""","MessageType:""LocationInfoMessage""",ProtocolHeadType:19,"Imei:""869487064485674""",SerialNo:27543,Mileage:5494636,"Date:""2026-04-20T12:21:04Z""",IopIgnition:true,Latitude:4.7442083358764648,Longitude:-74.128036499023438,Altitude:2559.60009765625,ExternalPowerVoltage:27.9,Rpm:-999,Speed:0.0,SatelliteNumber:15,Azimuth:291,BatteryLevel:100}]
"[{""Protocol"":""0x2525""","MessageType:""LocationInfoMessage""",ProtocolHeadType:19,"Imei:""869487064485674""",SerialNo:27544,Mileage:5494636,"Date:""2026-04-20T12:22:04Z""",IopIgnition:true,Latitude:4.7442083358764648,Longitude:-74.128036499023438,Altitude:2559.60009765625,ExternalPowerVoltage:27.99,Rpm:-999,Speed:0.0,SatelliteNumber:19,Azimuth:291,BatteryLevel:100}]
"[{""Protocol"":""0x2525""","MessageType:""LocationInfoMessage""",ProtocolHeadType:19,"Imei:""869487064485674""",SerialNo:27545,Mileage:5494710,"Date:""2026-04-20T12:22:50Z""",IopIgnition:true,Latitude:4.7443385124206543,Longitude:-74.1286849975586,Altitude:2559.60009765625,ExternalPowerVoltage:28.01,Rpm:-999,Speed:5.0,SatelliteNumber:17,Azimuth:208,BatteryLevel:100}]
"[{""Protocol"":""0x2525""","MessageType:""LocationInfoMessage""",ProtocolHeadType:19,"Imei:""869487064485674""",SerialNo:27546,Mileage:5494966,"Date:""2026-04-20T12:23:48Z""",IopIgnition:true,Latitude:4.7422575950622559,Longitude:-74.129524230957031,Altitude:2559.800048828125,ExternalPowerVoltage:28.09,Rpm:-999,Speed:22.0,SatelliteNumber:17,Azimuth:256,BatteryLevel:100}]
"[{""Protocol"":""0x2525""","MessageType:""LocationInfoMessage""",ProtocolHeadType:19,"Imei:""869487064485674""",SerialNo:27547,Mileage:5495096,"Date:""2026-04-20T12:24:20Z""",IopIgnition:true,Latitude:4.7418560981750488,Longitude:-74.130599975585938,Altitude:2565.5,ExternalPowerVoltage:28.02,Rpm:-999,Speed:9.0,SatelliteNumber:17,Azimuth:166,BatteryLevel:100}]
"[{""Protocol"":""0x2525""","MessageType:""LocationInfoMessage""",ProtocolHeadType:19,"Imei:""869487064485674""",SerialNo:27548,Mileage:5495307,"Date:""2026-04-20T12:25:02Z""",IopIgnition:true,Latitude:4.7401442527771,Longitude:-74.129798889160156,Altitude:2560.300048828125,ExternalPowerVoltage:27.99,Rpm:-999,Speed:9.0,SatelliteNumber:17,Azimuth:105,BatteryLevel:100}]
"[{""Protocol"":""0x2525""","MessageType:""LocationInfoMessage""",ProtocolHeadType:19,"Imei:""869487064485674""",SerialNo:27549,Mileage:5495706,"Date:""2026-04-20T12:26:04Z""",IopIgnition:true,Latitude:4.7415323257446289,Longitude:-74.1264877319336,Altitude:2563.39990234375,ExternalPowerVoltage:27.93,Rpm:-999,Speed:12.0,SatelliteNumber:16,Azimuth:62,BatteryLevel:100}]
"[{""Protocol"":""0x2525""","MessageType:""LocationInfoMessage""",ProtocolHeadType:19,"Imei:""869487064485674""",SerialNo:27550,Mileage:5495852,"Date:""2026-04-20T12:27:04Z""",IopIgnition:true,Latitude:4.7420611381530762,Longitude:-74.125289916992188,Altitude:2563.39990234375,ExternalPowerVoltage:27.93,Rpm:-999,Speed:0.0,SatelliteNumber:16,Azimuth:80,BatteryLevel:100}]
"[{""Protocol"":""0x2525""","MessageType:""LocationInfoMessage""",ProtocolHeadType:19,"Imei:""869487064485674""",SerialNo:27551,Mileage:5495852,"Date:""2026-04-20T12:28:04Z""",IopIgnition:true,Latitude:4.7420611381530762,Longitude:-74.125289916992188,Altitude:2563.39990234375,ExternalPowerVoltage:27.83,Rpm:-999,Speed:0.0,SatelliteNumber:16,Azimuth:80,BatteryLevel:100}]
"[{""Protocol"":""0x2525""","MessageType:""LocationInfoMessage""",ProtocolHeadType:19,"Imei:""869487064485674""",SerialNo:27552,Mileage:5495852,"Date:""2026-04-20T12:29:03Z""",IopIgnition:true,Latitude:4.7420611381530762,Longitude:-74.125289916992188,Altitude:2563.39990234375,ExternalPowerVoltage:27.96,Rpm:-999,Speed:0.0,SatelliteNumber:17,Azimuth:80,BatteryLevel:100}]
"[{""Protocol"":""0x2525""","MessageType:""LocationInfoMessage""",ProtocolHeadType:19,"Imei:""869487064485674""",SerialNo:27553,Mileage:5495852,"Date:""2026-04-20T12:30:04Z""",IopIgnition:true,Latitude:4.7420611381530762,Longitude:-74.125289916992188,Altitude:2563.39990234375,ExternalPowerVoltage:27.93,Rpm:-999,Speed:0.0,SatelliteNumber:17,Azimuth:80,BatteryLevel:100}]
"[{""Protocol"":""0x2525""","MessageType:""LocationInfoMessage""",ProtocolHeadType:19,"Imei:""869487064485674""",SerialNo:27554,Mileage:5495852,"Date:""2026-04-20T12:31:04Z""",IopIgnition:true,Latitude:4.7420611381530762,Longitude:-74.125289916992188,Altitude:2563.39990234375,ExternalPowerVoltage:27.86,Rpm:-999,Speed:0.0,SatelliteNumber:16,Azimuth:80,BatteryLevel:100}]
"[{""Protocol"":""0x2525""","MessageType:""LocationInfoMessage""",ProtocolHeadType:19,"Imei:""869487064485674""",SerialNo:27555,Mileage:5495852,"Date:""2026-04-20T12:32:04Z""",IopIgnition:true,Latitude:4.7420611381530762,Longitude:-74.125289916992188,Altitude:2563.39990234375,ExternalPowerVoltage:27.96,Rpm:-999,Speed:0.0,SatelliteNumber:15,Azimuth:80,BatteryLevel:100}]
"[{""Protocol"":""0x2525""","MessageType:""LocationInfoMessage""",ProtocolHeadType:19,"Imei:""869487064485674""",SerialNo:27556,Mileage:5496017,"Date:""2026-04-20T12:33:04Z""",IopIgnition:true,Latitude:4.7425942420959473,Longitude:-74.1239013671875,Altitude:2564.10009765625,ExternalPowerVoltage:28.12,Rpm:-999,Speed:25.0,SatelliteNumber:16,Azimuth:68,BatteryLevel:100}]
"[{""Protocol"":""0x2525""","MessageType:""LocationInfoMessage""",ProtocolHeadType:19,"Imei:""869487064485674""",SerialNo:27557,Mileage:5496259,"Date:""2026-04-20T12:34:03Z""",IopIgnition:true,Latitude:4.7433743476867676,Longitude:-74.121864318847656,Altitude:2561.39990234375,ExternalPowerVoltage:27.95,Rpm:-999,Speed:10.0,SatelliteNumber:15,Azimuth:64,BatteryLevel:100}]
"[{""Protocol"":""0x2525""","MessageType:""LocationInfoMessage""",ProtocolHeadType:19,"Imei:""869487064485674""",SerialNo:27558,Mileage:5496459,"Date:""2026-04-20T12:35:04Z""",IopIgnition:true,Latitude:4.7440767288208008,Longitude:-74.1202163696289,Altitude:2568.800048828125,ExternalPowerVoltage:28.11,Rpm:-999,Speed:34.0,SatelliteNumber:15,Azimuth:67,BatteryLevel:100}]
"[{""Protocol"":""0x2525""","MessageType:""LocationInfoMessage""",ProtocolHeadType:19,"Imei:""869487064485674""",SerialNo:27559,Mileage:5496846,"Date:""2026-04-20T12:35:48Z""",IopIgnition:true,Latitude:4.7450418472290039,Longitude:-74.1169662475586,Altitude:2572.60009765625,ExternalPowerVoltage:28.11,Rpm:-999,Speed:28.0,SatelliteNumber:18,Azimuth:118,BatteryLevel:100}]
"[{""Protocol"":""0x2525""","MessageType:""LocationInfoMessage""",ProtocolHeadType:19,"Imei:""869487064485674""",SerialNo:27560,Mileage:5497390,"Date:""2026-04-20T12:37:04Z""",IopIgnition:true,Latitude:4.742732048034668,Longitude:-74.1126480102539,Altitude:2579.89990234375,ExternalPowerVoltage:27.86,Rpm:-999,Speed:5.0,SatelliteNumber:17,Azimuth:114,BatteryLevel:100}]
"[{""Protocol"":""0x2525""","MessageType:""LocationInfoMessage""",ProtocolHeadType:19,"Imei:""869487064485674""",SerialNo:27561,Mileage:5497434,"Date:""2026-04-20T12:38:04Z""",IopIgnition:true,Latitude:4.7425336837768555,Longitude:-74.112312316894531,Altitude:2578.0,ExternalPowerVoltage:27.91,Rpm:-999,Speed:0.0,SatelliteNumber:17,Azimuth:116,BatteryLevel:100}]
"[{""Protocol"":""0x2525""","MessageType:""LocationInfoMessage""",ProtocolHeadType:19,"Imei:""869487064485674""",SerialNo:27562,Mileage:5497461,"Date:""2026-04-20T12:39:03Z""",IopIgnition:true,Latitude:4.7424526214599609,Longitude:-74.112091064453125,Altitude:2574.5,ExternalPowerVoltage:28.1,Rpm:-999,Speed:10.0,SatelliteNumber:16,Azimuth:61,BatteryLevel:100}]
"[{""Protocol"":""0x2525""","MessageType:""LocationInfoMessage""",ProtocolHeadType:19,"Imei:""869487064485674""",SerialNo:27563,Mileage:5497492,"Date:""2026-04-20T12:39:12Z""",IopIgnition:true,Latitude:4.7425541877746582,Longitude:-74.111846923828125,Altitude:2573.5,ExternalPowerVoltage:28.09,Rpm:-999,Speed:11.0,SatelliteNumber:16,Azimuth:123,BatteryLevel:100}]
"[{""Protocol"":""0x2525""","MessageType:""LocationInfoMessage""",ProtocolHeadType:19,"Imei:""869487064485674""",SerialNo:27564,Mileage:5497625,"Date:""2026-04-20T12:39:35Z""",IopIgnition:true,Latitude:4.7416510581970215,Longitude:-74.1111068725586,Altitude:2568.300048828125,ExternalPowerVoltage:28.11,Rpm:-999,Speed:15.0,SatelliteNumber:15,Azimuth:76,BatteryLevel:100}]
"[{""Protocol"":""0x2525""","MessageType:""LocationInfoMessage""",ProtocolHeadType:19,"Imei:""869487064485674""",SerialNo:27565,Mileage:5498016,"Date:""2026-04-20T12:40:44Z""",IopIgnition:true,Latitude:4.7425408363342285,Longitude:-74.10809326171875,Altitude:2576.5,ExternalPowerVoltage:28.1,Rpm:-999,Speed:15.0,SatelliteNumber:15,Azimuth:126,BatteryLevel:100}]
"[{""Protocol"":""0x2525""","MessageType:""LocationInfoMessage""",ProtocolHeadType:19,"Imei:""869487064485674""",SerialNo:27566,Mileage:5498091,"Date:""2026-04-20T12:40:57Z""",IopIgnition:true,Latitude:4.741997241973877,Longitude:-74.107711791992188,Altitude:2569.5,ExternalPowerVoltage:28.1,Rpm:-999,Speed:16.0,SatelliteNumber:16,Azimuth:179,BatteryLevel:100}]
"[{""Protocol"":""0x2525""","MessageType:""LocationInfoMessage""",ProtocolHeadType:19,"Imei:""869487064485674""",SerialNo:27567,Mileage:5498330,"Date:""2026-04-20T12:42:04Z""",IopIgnition:true,Latitude:4.739990234375,Longitude:-74.108467102050781,Altitude:2569.60009765625,ExternalPowerVoltage:28.11,Rpm:-999,Speed:17.0,SatelliteNumber:16,Azimuth:195,BatteryLevel:100}]
"[{""Protocol"":""0x2525""","MessageType:""LocationInfoMessage""",ProtocolHeadType:19,"Imei:""869487064485674""",SerialNo:27568,Mileage:5498435,"Date:""2026-04-20T12:42:27Z""",IopIgnition:true,Latitude:4.7391190528869629,Longitude:-74.108695983886719,Altitude:2573.10009765625,ExternalPowerVoltage:28.11,Rpm:-999,Speed:15.0,SatelliteNumber:16,Azimuth:142,BatteryLevel:100}]
"[{""Protocol"":""0x2525""","MessageType:""LocationInfoMessage""",ProtocolHeadType:19,"Imei:""869487064485674""",SerialNo:27569,Mileage:5498537,"Date:""2026-04-20T12:43:09Z""",IopIgnition:true,Latitude:4.73850154876709,Longitude:-74.108039855957031,Altitude:2574.5,ExternalPowerVoltage:28.11,Rpm:-999,Speed:15.0,SatelliteNumber:16,Azimuth:77,BatteryLevel:100}]
"[{""Protocol"":""0x2525""","MessageType:""LocationInfoMessage""",ProtocolHeadType:19,"Imei:""869487064485674""",SerialNo:27570,Mileage:5499116,"Date:""2026-04-20T12:45:04Z""",IopIgnition:true,Latitude:4.7373442649841309,Longitude:-74.103233337402344,Altitude:2574.60009765625,ExternalPowerVoltage:28.04,Rpm:-999,Speed:8.0,SatelliteNumber:16,Azimuth:112,BatteryLevel:100}]
"[{""Protocol"":""0x2525""","MessageType:""LocationInfoMessage""",ProtocolHeadType:19,"Imei:""869487064485674""",SerialNo:27571,Mileage:5499319,"Date:""2026-04-20T12:46:04Z""",IopIgnition:true,Latitude:4.7365846633911133,Longitude:-74.101593017578125,Altitude:2573.199951171875,ExternalPowerVoltage:28.11,Rpm:-999,Speed:13.0,SatelliteNumber:16,Azimuth:111,BatteryLevel:100}]
"[{""Protocol"":""0x2525""","MessageType:""LocationInfoMessage""",ProtocolHeadType:19,"Imei:""869487064485674""",SerialNo:27572,Mileage:5499327,"Date:""2026-04-20T12:47:04Z""",IopIgnition:true,Latitude:4.7365508079528809,Longitude:-74.101524353027344,Altitude:2573.300048828125,ExternalPowerVoltage:27.87,Rpm:-999,Speed:0.0,SatelliteNumber:16,Azimuth:113,BatteryLevel:100}]
"[{""Protocol"":""0x2525""","MessageType:""LocationInfoMessage""",ProtocolHeadType:19,"Imei:""869487064485674""",SerialNo:27573,Mileage:5499504,"Date:""2026-04-20T12:48:03Z""",IopIgnition:true,Latitude:4.73582124710083,Longitude:-74.1001205444336,Altitude:2572.5,ExternalPowerVoltage:27.98,Rpm:-999,Speed:13.0,SatelliteNumber:17,Azimuth:139,BatteryLevel:100}]
"[{""Protocol"":""0x2525""","MessageType:""LocationInfoMessage""",ProtocolHeadType:19,"Imei:""869487064485674""",SerialNo:27574,Mileage:5499573,"Date:""2026-04-20T12:48:19Z""",IopIgnition:true,Latitude:4.7352123260498047,Longitude:-74.100067138671875,Altitude:2572.800048828125,ExternalPowerVoltage:28.1,Rpm:-999,Speed:30.0,SatelliteNumber:16,Azimuth:187,BatteryLevel:100}]
"[{""Protocol"":""0x2525""","MessageType:""LocationInfoMessage""",ProtocolHeadType:19,"Imei:""869487064485674""",SerialNo:27575,Mileage:5500408,"Date:""2026-04-20T12:49:53Z""",IopIgnition:true,Latitude:4.7278690338134766,Longitude:-74.1008071899414,Altitude:2568.0,ExternalPowerVoltage:28.12,Rpm:-999,Speed:46.0,SatelliteNumber:16,Azimuth:140,BatteryLevel:100}]
"[{""Protocol"":""0x2525""","MessageType:""LocationInfoMessage""",ProtocolHeadType:19,"Imei:""869487064485674""",SerialNo:27576,Mileage:5501339,"Date:""2026-04-20T12:51:04Z""",IopIgnition:true,Latitude:4.7211146354675293,Longitude:-74.096153259277344,Altitude:2564.699951171875,ExternalPowerVoltage:28.12,Rpm:-999,Speed:42.0,SatelliteNumber:17,Azimuth:127,BatteryLevel:100}]
"[{""Protocol"":""0x2525""","MessageType:""LocationInfoMessage""",ProtocolHeadType:19,"Imei:""869487064485674""",SerialNo:27577,Mileage:5501498,"Date:""2026-04-20T12:52:04Z""",IopIgnition:true,Latitude:4.7201952934265137,Longitude:-74.095054626464844,Altitude:2564.800048828125,ExternalPowerVoltage:27.91,Rpm:-999,Speed:0.0,SatelliteNumber:16,Azimuth:132,BatteryLevel:100}]
"[{""Protocol"":""0x2525""","MessageType:""LocationInfoMessage""",ProtocolHeadType:19,"Imei:""869487064485674""",SerialNo:27578,Mileage:5501651,"Date:""2026-04-20T12:53:03Z""",IopIgnition:true,Latitude:4.7191629409790039,Longitude:-74.094146728515625,Altitude:2567.89990234375,ExternalPowerVoltage:27.95,Rpm:-999,Speed:13.0,SatelliteNumber:14,Azimuth:139,BatteryLevel:100}]
"[{""Protocol"":""0x2525""","MessageType:""LocationInfoMessage""",ProtocolHeadType:19,"Imei:""869487064485674""",SerialNo:27579,Mileage:5501728,"Date:""2026-04-20T12:54:04Z""",IopIgnition:true,Latitude:4.7186398506164551,Longitude:-74.093696594238281,Altitude:2567.699951171875,ExternalPowerVoltage:28.01,Rpm:-999,Speed:14.0,SatelliteNumber:16,Azimuth:137,BatteryLevel:100}]
"[{""Protocol"":""0x2525""","MessageType:""LocationInfoMessage""",ProtocolHeadType:19,"Imei:""869487064485674""",SerialNo:27580,Mileage:5501889,"Date:""2026-04-20T12:55:04Z""",IopIgnition:true,Latitude:4.7174105644226074,Longitude:-74.09295654296875,Altitude:2563.39990234375,ExternalPowerVoltage:27.96,Rpm:-999,Speed:0.0,SatelliteNumber:15,Azimuth:163,BatteryLevel:100}]
"[{""Protocol"":""0x2525""","MessageType:""LocationInfoMessage""",ProtocolHeadType:19,"Imei:""869487064485674""",SerialNo:27581,Mileage:5502250,"Date:""2026-04-20T12:56:04Z""",IopIgnition:true,Latitude:4.7142930030822754,Longitude:-74.093154907226563,Altitude:2562.39990234375,ExternalPowerVoltage:28.12,Rpm:-999,Speed:55.0,SatelliteNumber:15,Azimuth:206,BatteryLevel:100}]
"[{""Protocol"":""0x2525""","MessageType:""LocationInfoMessage""",ProtocolHeadType:19,"Imei:""869487064485674""",SerialNo:27582,Mileage:5502678,"Date:""2026-04-20T12:57:04Z""",IopIgnition:true,Latitude:4.7106719017028809,Longitude:-74.093986511230469,Altitude:2569.5,ExternalPowerVoltage:27.88,Rpm:-999,Speed:0.0,SatelliteNumber:14,Azimuth:219,BatteryLevel:100}]
"[{""Protocol"":""0x2525""","MessageType:""LocationInfoMessage""",ProtocolHeadType:19,"Imei:""869487064485674""",SerialNo:27583,Mileage:5503000,"Date:""2026-04-20T12:58:04Z""",IopIgnition:true,Latitude:4.7085909843444824,Longitude:-74.095993041992188,Altitude:2572.199951171875,ExternalPowerVoltage:28.12,Rpm:-999,Speed:39.0,SatelliteNumber:15,Azimuth:225,BatteryLevel:100}]
"[{""Protocol"":""0x2525""","MessageType:""LocationInfoMessage""",ProtocolHeadType:19,"Imei:""869487064485674""",SerialNo:27584,Mileage:5503288,"Date:""2026-04-20T12:59:03Z""",IopIgnition:true,Latitude:4.7067747116088867,Longitude:-74.097846984863281,Altitude:2572.89990234375,ExternalPowerVoltage:27.88,Rpm:-999,Speed:0.0,SatelliteNumber:15,Azimuth:221,BatteryLevel:100}]
"[{""Protocol"":""0x2525""","MessageType:""LocationInfoMessage""",ProtocolHeadType:19,"Imei:""869487064485674""",SerialNo:27585,Mileage:5503739,"Date:""2026-04-20T13:00:04Z""",IopIgnition:true,Latitude:4.7037606239318848,Longitude:-74.100547790527344,Altitude:2576.89990234375,ExternalPowerVoltage:28.07,Rpm:-999,Speed:39.0,SatelliteNumber:15,Azimuth:219,BatteryLevel:100}]
"[{""Protocol"":""0x2525""","MessageType:""LocationInfoMessage""",ProtocolHeadType:19,"Imei:""869487064485674""",SerialNo:27586,Mileage:5503935,"Date:""2026-04-20T13:00:22Z""",IopIgnition:true,Latitude:4.7025251388549805,Longitude:-74.101753234863281,Altitude:2574.300048828125,ExternalPowerVoltage:27.93,Rpm:-999,Speed:30.0,SatelliteNumber:15,Azimuth:275,BatteryLevel:100}]
"[{""Protocol"":""0x2525""","MessageType:""LocationInfoMessage""",ProtocolHeadType:19,"Imei:""869487064485674""",SerialNo:27587,Mileage:5503967,"Date:""2026-04-20T13:00:26Z""",IopIgnition:true,Latitude:4.7026762962341309,Longitude:-74.101997375488281,Altitude:2571.10009765625,ExternalPowerVoltage:27.88,Rpm:-999,Speed:28.0,SatelliteNumber:15,Azimuth:324,BatteryLevel:100}]
"[{""Protocol"":""0x2525""","MessageType:""LocationInfoMessage""",ProtocolHeadType:19,"Imei:""869487064485674""",SerialNo:27588,Mileage:5504002,"Date:""2026-04-20T13:00:30Z""",IopIgnition:true,Latitude:4.702974796295166,Longitude:-74.102020263671875,Altitude:2572.800048828125,ExternalPowerVoltage:27.87,Rpm:-999,Speed:27.0,SatelliteNumber:15,Azimuth:23,BatteryLevel:100}]
"[{""Protocol"":""0x2525""","MessageType:""LocationInfoMessage""",ProtocolHeadType:19,"Imei:""869487064485674""",SerialNo:27589,Mileage:5504037,"Date:""2026-04-20T13:00:35Z""",IopIgnition:true,Latitude:4.7031502723693848,Longitude:-74.101776123046875,Altitude:2571.800048828125,ExternalPowerVoltage:27.93,Rpm:-999,Speed:20.0,SatelliteNumber:15,Azimuth:91,BatteryLevel:100}]
"[{""Protocol"":""0x2525""","MessageType:""LocationInfoMessage""",ProtocolHeadType:19,"Imei:""869487064485674""",SerialNo:27590,Mileage:5504473,"Date:""2026-04-20T13:02:04Z""",IopIgnition:true,Latitude:4.7008810043334961,Longitude:-74.0986099243164,Altitude:2567.0,ExternalPowerVoltage:27.96,Rpm:-999,Speed:11.0,SatelliteNumber:13,Azimuth:123,BatteryLevel:100}]
"[{""Protocol"":""0x2525""","MessageType:""LocationInfoMessage""",ProtocolHeadType:19,"Imei:""869487064485674""",SerialNo:27591,Mileage:5504737,"Date:""2026-04-20T13:03:04Z""",IopIgnition:true,Latitude:4.6994209289550781,Longitude:-74.096733093261719,Altitude:2572.199951171875,ExternalPowerVoltage:27.89,Rpm:-999,Speed:15.0,SatelliteNumber:15,Azimuth:127,BatteryLevel:100}]
"[{""Protocol"":""0x2525""","MessageType:""LocationInfoMessage""",ProtocolHeadType:19,"Imei:""869487064485674""",SerialNo:27592,Mileage:5504783,"Date:""2026-04-20T13:04:04Z""",IopIgnition:true,Latitude:4.6991696357727051,Longitude:-74.0964126586914,Altitude:2574.0,ExternalPowerVoltage:27.99,Rpm:-999,Speed:0.0,SatelliteNumber:16,Azimuth:123,BatteryLevel:100}]
"[{""Protocol"":""0x2525""","MessageType:""LocationInfoMessage""",ProtocolHeadType:19,"Imei:""869487064485674""",SerialNo:27593,Mileage:5504934,"Date:""2026-04-20T13:05:03Z""",IopIgnition:true,Latitude:4.6984500885009766,Longitude:-74.095260620117188,Altitude:2572.699951171875,ExternalPowerVoltage:28.09,Rpm:-999,Speed:13.0,SatelliteNumber:15,Azimuth:119,BatteryLevel:100}]
"[{""Protocol"":""0x2525""","MessageType:""LocationInfoMessage""",ProtocolHeadType:19,"Imei:""869487064485674""",SerialNo:27594,Mileage:5504963,"Date:""2026-04-20T13:06:04Z""",IopIgnition:true,Latitude:4.6983184814453125,Longitude:-74.09503173828125,Altitude:2572.300048828125,ExternalPowerVoltage:27.94,Rpm:-999,Speed:0.0,SatelliteNumber:15,Azimuth:118,BatteryLevel:100}]
"[{""Protocol"":""0x2525""","MessageType:""LocationInfoMessage""",ProtocolHeadType:19,"Imei:""869487064485674""",SerialNo:27595,Mileage:5505109,"Date:""2026-04-20T13:07:04Z""",IopIgnition:true,Latitude:4.6977152824401855,Longitude:-74.093864440917969,Altitude:2571.60009765625,ExternalPowerVoltage:27.97,Rpm:-999,Speed:10.0,SatelliteNumber:13,Azimuth:116,BatteryLevel:100}]
"[{""Protocol"":""0x2525""","MessageType:""LocationInfoMessage""",ProtocolHeadType:19,"Imei:""869487064485674""",SerialNo:27596,Mileage:5505109,"Date:""2026-04-20T13:08:04Z""",IopIgnition:true,Latitude:4.6977152824401855,Longitude:-74.093864440917969,Altitude:2571.60009765625,ExternalPowerVoltage:27.91,Rpm:-999,Speed:0.0,SatelliteNumber:12,Azimuth:116,BatteryLevel:100}]
"[{""Protocol"":""0x2525""","MessageType:""LocationInfoMessage""",ProtocolHeadType:19,"Imei:""869487064485674""",SerialNo:27597,Mileage:5505653,"Date:""2026-04-20T13:09:04Z""",IopIgnition:true,Latitude:4.6955022811889648,Longitude:-74.089508056640625,Altitude:2574.699951171875,ExternalPowerVoltage:28.14,Rpm:-999,Speed:47.0,SatelliteNumber:15,Azimuth:121,BatteryLevel:100}]
"[{""Protocol"":""0x2525""","MessageType:""LocationInfoMessage""",ProtocolHeadType:19,"Imei:""869487064485674""",SerialNo:27598,Mileage:5505906,"Date:""2026-04-20T13:09:30Z""",IopIgnition:true,Latitude:4.6941409111022949,Longitude:-74.087722778320313,Altitude:2569.5,ExternalPowerVoltage:27.94,Rpm:-999,Speed:15.0,SatelliteNumber:15,Azimuth:177,BatteryLevel:100}]
"[{""Protocol"":""0x2525""","MessageType:""LocationInfoMessage""",ProtocolHeadType:19,"Imei:""869487064485674""",SerialNo:27599,Mileage:5505924,"Date:""2026-04-20T13:09:34Z""",IopIgnition:true,Latitude:4.694005012512207,Longitude:-74.087806701660156,Altitude:2570.39990234375,ExternalPowerVoltage:28.07,Rpm:-999,Speed:16.0,SatelliteNumber:15,Azimuth:223,BatteryLevel:100}]
"[{""Protocol"":""0x2525""","MessageType:""LocationInfoMessage""",ProtocolHeadType:19,"Imei:""869487064485674""",SerialNo:27600,Mileage:5506081,"Date:""2026-04-20T13:10:02Z""",IopIgnition:true,Latitude:4.6929936408996582,Longitude:-74.0887680053711,Altitude:2571.60009765625,ExternalPowerVoltage:28.1,Rpm:-999,Speed:17.0,SatelliteNumber:15,Azimuth:272,BatteryLevel:100}]
"[{""Protocol"":""0x2525""","MessageType:""LocationInfoMessage""",ProtocolHeadType:19,"Imei:""869487064485674""",SerialNo:27601,Mileage:5506106,"Date:""2026-04-20T13:10:06Z""",IopIgnition:true,Latitude:4.6931238174438477,Longitude:-74.088943481445313,Altitude:2570.800048828125,ExternalPowerVoltage:28.09,Rpm:-999,Speed:26.0,SatelliteNumber:14,Azimuth:322,BatteryLevel:100}]
"[{""Protocol"":""0x2525""","MessageType:""LocationInfoMessage""",ProtocolHeadType:19,"Imei:""869487064485674""",SerialNo:27602,Mileage:5506310,"Date:""2026-04-20T13:10:35Z""",IopIgnition:true,Latitude:4.6946897506713867,Longitude:-74.089813232421875,Altitude:2569.60009765625,ExternalPowerVoltage:27.95,Rpm:-999,Speed:13.0,SatelliteNumber:14,Azimuth:20,BatteryLevel:100}]
"[{""Protocol"":""0x2525""","MessageType:""LocationInfoMessage""",ProtocolHeadType:19,"Imei:""869487064485674""",SerialNo:27603,Mileage:5506340,"Date:""2026-04-20T13:10:41Z""",IopIgnition:true,Latitude:4.6948561668396,Longitude:-74.0896224975586,Altitude:2568.89990234375,ExternalPowerVoltage:28.06,Rpm:-999,Speed:21.0,SatelliteNumber:14,Azimuth:70,BatteryLevel:100}]
"[{""Protocol"":""0x2525""","MessageType:""LocationInfoMessage""",ProtocolHeadType:19,"Imei:""869487064485674""",SerialNo:27604,Mileage:5506780,"Date:""2026-04-20T13:11:57Z""",IopIgnition:true,Latitude:4.6960463523864746,Longitude:-74.085906982421875,Altitude:2575.10009765625,ExternalPowerVoltage:28.11,Rpm:-999,Speed:15.0,SatelliteNumber:15,Azimuth:130,BatteryLevel:100}]
"[{""Protocol"":""0x2525""","MessageType:""LocationInfoMessage""",ProtocolHeadType:19,"Imei:""869487064485674""",SerialNo:27605,Mileage:5507081,"Date:""2026-04-20T13:13:04Z""",IopIgnition:true,Latitude:4.6938819885253906,Longitude:-74.084419250488281,Altitude:2568.89990234375,ExternalPowerVoltage:28.12,Rpm:-999,Speed:29.0,SatelliteNumber:13,Azimuth:131,BatteryLevel:100}]
"[{""Protocol"":""0x2525""","MessageType:""LocationInfoMessage""",ProtocolHeadType:19,"Imei:""869487064485674""",SerialNo:27606,Mileage:5507295,"Date:""2026-04-20T13:14:03Z""",IopIgnition:true,Latitude:4.6926956176757813,Longitude:-74.08294677734375,Altitude:2571.300048828125,ExternalPowerVoltage:27.99,Rpm:-999,Speed:9.0,SatelliteNumber:15,Azimuth:150,BatteryLevel:100}]
"[{""Protocol"":""0x2525""","MessageType:""LocationInfoMessage""",ProtocolHeadType:19,"Imei:""869487064485674""",SerialNo:27607,Mileage:5507573,"Date:""2026-04-20T13:15:02Z""",IopIgnition:true,Latitude:4.6905937194824219,Longitude:-74.081657409667969,Altitude:2569.39990234375,ExternalPowerVoltage:28.09,Rpm:-999,Speed:25.0,SatelliteNumber:16,Azimuth:97,BatteryLevel:100}]
"[{""Protocol"":""0x2525""","MessageType:""LocationInfoMessage""",ProtocolHeadType:19,"Imei:""869487064485674""",SerialNo:27608,Mileage:5507699,"Date:""2026-04-20T13:15:24Z""",IopIgnition:true,Latitude:4.6906695365905762,Longitude:-74.080551147460938,Altitude:2566.699951171875,ExternalPowerVoltage:28.05,Rpm:-999,Speed:18.0,SatelliteNumber:17,Azimuth:149,BatteryLevel:100}]
"[{""Protocol"":""0x2525""","MessageType:""LocationInfoMessage""",ProtocolHeadType:19,"Imei:""869487064485674""",SerialNo:27609,Mileage:5507762,"Date:""2026-04-20T13:15:33Z""",IopIgnition:true,Latitude:4.6902375221252441,Longitude:-74.080245971679688,Altitude:2566.0,ExternalPowerVoltage:28.07,Rpm:-999,Speed:20.0,SatelliteNumber:17,Azimuth:84,BatteryLevel:100}]
"[{""Protocol"":""0x2525""","MessageType:""LocationInfoMessage""",ProtocolHeadType:19,"Imei:""869487064485674""",SerialNo:27610,Mileage:5507773,"Date:""2026-04-20T13:15:35Z""",IopIgnition:true,Latitude:4.6902966499328613,Longitude:-74.080169677734375,Altitude:2565.699951171875,ExternalPowerVoltage:28.09,Rpm:-999,Speed:19.0,SatelliteNumber:17,Azimuth:33,BatteryLevel:100}]
"[{""Protocol"":""0x2525""","MessageType:""LocationInfoMessage""",ProtocolHeadType:19,"Imei:""869487064485674""",SerialNo:27611,Mileage:5507844,"Date:""2026-04-20T13:15:56Z""",IopIgnition:true,Latitude:4.6907882690429688,Longitude:-74.079795837402344,Altitude:2563.699951171875,ExternalPowerVoltage:28.12,Rpm:-999,Speed:13.0,SatelliteNumber:16,Azimuth:101,BatteryLevel:100}]
"[{""Protocol"":""0x2525""","MessageType:""LocationInfoMessage""",ProtocolHeadType:19,"Imei:""869487064485674""",SerialNo:27612,Mileage:5507958,"Date:""2026-04-20T13:16:14Z""",IopIgnition:true,Latitude:4.6899728775024414,Longitude:-74.079185485839844,Altitude:2562.39990234375,ExternalPowerVoltage:28.11,Rpm:-999,Speed:24.0,SatelliteNumber:16,Azimuth:147,BatteryLevel:100}]
"[{""Protocol"":""0x2525""","MessageType:""LocationInfoMessage""",ProtocolHeadType:19,"Imei:""869487064485674""",SerialNo:27613,Mileage:5508296,"Date:""2026-04-20T13:18:04Z""",IopIgnition:true,Latitude:4.6874966621398926,Longitude:-74.077423095703125,Altitude:2571.0,ExternalPowerVoltage:27.92,Rpm:-999,Speed:0.0,SatelliteNumber:16,Azimuth:142,BatteryLevel:100}]
"[{""Protocol"":""0x2525""","MessageType:""LocationInfoMessage""",ProtocolHeadType:19,"Imei:""869487064485674""",SerialNo:27614,Mileage:5508296,"Date:""2026-04-20T13:19:04Z""",IopIgnition:true,Latitude:4.6874966621398926,Longitude:-74.077423095703125,Altitude:2571.0,ExternalPowerVoltage:27.96,Rpm:-999,Speed:0.0,SatelliteNumber:14,Azimuth:142,BatteryLevel:100}]
"[{""Protocol"":""0x2525""","MessageType:""LocationInfoMessage""",ProtocolHeadType:19,"Imei:""869487064485674""",SerialNo:27615,Mileage:5508296,"Date:""2026-04-20T13:20:03Z""",IopIgnition:true,Latitude:4.6874966621398926,Longitude:-74.077423095703125,Altitude:2571.0,ExternalPowerVoltage:28.06,Rpm:-999,Speed:0.0,SatelliteNumber:15,Azimuth:142,BatteryLevel:100}]
"[{""Protocol"":""0x2525""","MessageType:""LocationInfoMessage""",ProtocolHeadType:19,"Imei:""869487064485674""",SerialNo:27616,Mileage:5508296,"Date:""2026-04-20T13:21:04Z""",IopIgnition:true,Latitude:4.6874966621398926,Longitude:-74.077423095703125,Altitude:2571.0,ExternalPowerVoltage:27.97,Rpm:-999,Speed:0.0,SatelliteNumber:16,Azimuth:142,BatteryLevel:100}]
"[{""Protocol"":""0x2525""","MessageType:""LocationInfoMessage""",ProtocolHeadType:19,"Imei:""869487064485674""",SerialNo:27617,Mileage:5508296,"Date:""2026-04-20T13:22:04Z""",IopIgnition:true,Latitude:4.6874966621398926,Longitude:-74.077423095703125,Altitude:2571.0,ExternalPowerVoltage:27.92,Rpm:-999,Speed:0.0,SatelliteNumber:16,Azimuth:142,BatteryLevel:100}]
"[{""Protocol"":""0x2525""","MessageType:""LocationInfoMessage""",ProtocolHeadType:19,"Imei:""869487064485674""",SerialNo:27618,Mileage:5508296,"Date:""2026-04-20T13:23:04Z""",IopIgnition:true,Latitude:4.6874966621398926,Longitude:-74.077423095703125,Altitude:2571.0,ExternalPowerVoltage:28.0,Rpm:-999,Speed:0.0,SatelliteNumber:17,Azimuth:142,BatteryLevel:100}]
"[{""Protocol"":""0x2525""","MessageType:""LocationInfoMessage""",ProtocolHeadType:19,"Imei:""869487064485674""",SerialNo:27619,Mileage:5508296,"Date:""2026-04-20T13:24:04Z""",IopIgnition:true,Latitude:4.6874966621398926,Longitude:-74.077423095703125,Altitude:2571.0,ExternalPowerVoltage:27.99,Rpm:-999,Speed:0.0,SatelliteNumber:17,Azimuth:142,BatteryLevel:100}]
"[{""Protocol"":""0x2525""","MessageType:""LocationInfoMessage""",ProtocolHeadType:19,"Imei:""869487064485674""",SerialNo:27620,Mileage:5508296,"Date:""2026-04-20T13:25:04Z""",IopIgnition:true,Latitude:4.6874966621398926,Longitude:-74.077423095703125,Altitude:2571.0,ExternalPowerVoltage:27.91,Rpm:-999,Speed:0.0,SatelliteNumber:17,Azimuth:142,BatteryLevel:100}]
"[{""Protocol"":""0x2525""","MessageType:""LocationInfoMessage""",ProtocolHeadType:19,"Imei:""869487064485674""",SerialNo:27621,Mileage:5508296,"Date:""2026-04-20T13:26:03Z""",IopIgnition:true,Latitude:4.6874966621398926,Longitude:-74.077423095703125,Altitude:2571.0,ExternalPowerVoltage:28.02,Rpm:-999,Speed:0.0,SatelliteNumber:16,Azimuth:142,BatteryLevel:100}]
"[{""Protocol"":""0x2525""","MessageType:""LocationInfoMessage""",ProtocolHeadType:19,"Imei:""869487064485674""",SerialNo:27622,Mileage:5508296,"Date:""2026-04-20T13:27:04Z""",IopIgnition:true,Latitude:4.6874966621398926,Longitude:-74.077423095703125,Altitude:2571.0,ExternalPowerVoltage:27.94,Rpm:-999,Speed:0.0,SatelliteNumber:16,Azimuth:142,BatteryLevel:100}]
"[{""Protocol"":""0x2525""","MessageType:""LocationInfoMessage""",ProtocolHeadType:19,"Imei:""869487064485674""",SerialNo:27623,Mileage:5508296,"Date:""2026-04-20T13:28:04Z""",IopIgnition:true,Latitude:4.6874966621398926,Longitude:-74.077423095703125,Altitude:2571.0,ExternalPowerVoltage:27.93,Rpm:-999,Speed:0.0,SatelliteNumber:16,Azimuth:142,BatteryLevel:100}]
"[{""Protocol"":""0x2525""","MessageType:""LocationInfoMessage""",ProtocolHeadType:19,"Imei:""869487064485674""",SerialNo:27624,Mileage:5508296,"Date:""2026-04-20T13:29:04Z""",IopIgnition:true,Latitude:4.6874966621398926,Longitude:-74.077423095703125,Altitude:2571.0,ExternalPowerVoltage:27.91,Rpm:-999,Speed:0.0,SatelliteNumber:16,Azimuth:142,BatteryLevel:100}]
"[{""Protocol"":""0x2525""","MessageType:""LocationInfoMessage""",ProtocolHeadType:19,"Imei:""869487064485674""",SerialNo:27625,Mileage:5508296,"Date:""2026-04-20T13:30:04Z""",IopIgnition:true,Latitude:4.6874966621398926,Longitude:-74.077423095703125,Altitude:2571.0,ExternalPowerVoltage:28.1,Rpm:-999,Speed:0.0,SatelliteNumber:18,Azimuth:142,BatteryLevel:100}]
"[{""Protocol"":""0x2525""","MessageType:""LocationInfoMessage""",ProtocolHeadType:19,"Imei:""869487064485674""",SerialNo:27626,Mileage:5508386,"Date:""2026-04-20T13:31:03Z""",IopIgnition:true,Latitude:4.6872463226318359,Longitude:-74.076820373535156,Altitude:2569.300048828125,ExternalPowerVoltage:28.07,Rpm:-999,Speed:5.0,SatelliteNumber:16,Azimuth:142,BatteryLevel:100}]
"[{""Protocol"":""0x2525""","MessageType:""LocationInfoMessage""",ProtocolHeadType:19,"Imei:""869487064485674""",SerialNo:27627,Mileage:5508467,"Date:""2026-04-20T13:32:04Z""",IopIgnition:true,Latitude:4.6866540908813477,Longitude:-74.076385498046875,Altitude:2569.0,ExternalPowerVoltage:28.04,Rpm:-999,Speed:0.0,SatelliteNumber:13,Azimuth:143,BatteryLevel:100}]
"[{""Protocol"":""0x2525""","MessageType:""LocationInfoMessage""",ProtocolHeadType:19,"Imei:""869487064485674""",SerialNo:27628,Mileage:5508502,"Date:""2026-04-20T13:32:20Z""",IopIgnition:true,Latitude:4.686396598815918,Longitude:-74.076240539550781,Altitude:2567.699951171875,ExternalPowerVoltage:28.12,Rpm:-999,Speed:17.0,SatelliteNumber:17,Azimuth:196,BatteryLevel:100}]
"[{""Protocol"":""0x2525""","MessageType:""LocationInfoMessage""",ProtocolHeadType:19,"Imei:""869487064485674""",SerialNo:27629,Mileage:5508693,"Date:""2026-04-20T13:32:52Z""",IopIgnition:true,Latitude:4.6853137016296387,Longitude:-74.077560424804688,Altitude:2564.800048828125,ExternalPowerVoltage:27.93,Rpm:-999,Speed:19.0,SatelliteNumber:17,Azimuth:243,BatteryLevel:100}]
"[{""Protocol"":""0x2525""","MessageType:""LocationInfoMessage""",ProtocolHeadType:19,"Imei:""869487064485674""",SerialNo:27630,Mileage:5508715,"Date:""2026-04-20T13:32:59Z""",IopIgnition:true,Latitude:4.6853199005126953,Longitude:-74.077751159667969,Altitude:2564.199951171875,ExternalPowerVoltage:28.04,Rpm:-999,Speed:9.0,SatelliteNumber:17,Azimuth:302,BatteryLevel:100}]
"[{""Protocol"":""0x2525""","MessageType:""LocationInfoMessage""",ProtocolHeadType:19,"Imei:""869487064485674""",SerialNo:27631,Mileage:5508910,"Date:""2026-04-20T13:33:27Z""",IopIgnition:true,Latitude:4.6864190101623535,Longitude:-74.0789794921875,Altitude:2563.199951171875,ExternalPowerVoltage:28.14,Rpm:-999,Speed:33.0,SatelliteNumber:18,Azimuth:247,BatteryLevel:100}]
"[{""Protocol"":""0x2525""","MessageType:""LocationInfoMessage""",ProtocolHeadType:19,"Imei:""869487064485674""",SerialNo:27632,Mileage:5509075,"Date:""2026-04-20T13:33:48Z""",IopIgnition:true,Latitude:4.6856904029846191,Longitude:-74.080207824707031,Altitude:2563.199951171875,ExternalPowerVoltage:28.1,Rpm:-999,Speed:15.0,SatelliteNumber:18,Azimuth:295,BatteryLevel:100}]
"[{""Protocol"":""0x2525""","MessageType:""LocationInfoMessage""",ProtocolHeadType:19,"Imei:""869487064485674""",SerialNo:27633,Mileage:5509769,"Date:""2026-04-20T13:35:04Z""",IopIgnition:true,Latitude:4.6905398368835449,Longitude:-74.084136962890625,Altitude:2570.0,ExternalPowerVoltage:28.17,Rpm:-999,Speed:41.0,SatelliteNumber:18,Azimuth:322,BatteryLevel:100}]
"[{""Protocol"":""0x2525""","MessageType:""LocationInfoMessage""",ProtocolHeadType:19,"Imei:""869487064485674""",SerialNo:27634,Mileage:5509983,"Date:""2026-04-20T13:36:04Z""",IopIgnition:true,Latitude:4.692047119140625,Longitude:-74.0853271484375,Altitude:2569.300048828125,ExternalPowerVoltage:28.05,Rpm:-999,Speed:0.0,SatelliteNumber:16,Azimuth:324,BatteryLevel:100}]
"[{""Protocol"":""0x2525""","MessageType:""LocationInfoMessage""",ProtocolHeadType:19,"Imei:""869487064485674""",SerialNo:27635,Mileage:5510279,"Date:""2026-04-20T13:37:03Z""",IopIgnition:true,Latitude:4.6940951347351074,Longitude:-74.087028503417969,Altitude:2570.10009765625,ExternalPowerVoltage:28.15,Rpm:-999,Speed:48.0,SatelliteNumber:17,Azimuth:315,BatteryLevel:100}]
"[{""Protocol"":""0x2525""","MessageType:""LocationInfoMessage""",ProtocolHeadType:19,"Imei:""869487064485674""",SerialNo:27636,Mileage:5510692,"Date:""2026-04-20T13:37:49Z""",IopIgnition:true,Latitude:4.69630241394043,Longitude:-74.089958190917969,Altitude:2567.199951171875,ExternalPowerVoltage:28.04,Rpm:-999,Speed:10.0,SatelliteNumber:18,Azimuth:0,BatteryLevel:100}]
"[{""Protocol"":""0x2525""","MessageType:""LocationInfoMessage""",ProtocolHeadType:19,"Imei:""869487064485674""",SerialNo:27637,Mileage:5510723,"Date:""2026-04-20T13:38:13Z""",IopIgnition:true,Latitude:4.6965317726135254,Longitude:-74.0898208618164,Altitude:2567.89990234375,ExternalPowerVoltage:28.14,Rpm:-999,Speed:23.0,SatelliteNumber:17,Azimuth:49,BatteryLevel:100}]
"[{""Protocol"":""0x2525""","MessageType:""LocationInfoMessage""",ProtocolHeadType:19,"Imei:""869487064485674""",SerialNo:27638,Mileage:5510754,"Date:""2026-04-20T13:38:17Z""",IopIgnition:true,Latitude:4.6965746879577637,Longitude:-74.089553833007813,Altitude:2568.199951171875,ExternalPowerVoltage:28.15,Rpm:-999,Speed:28.0,SatelliteNumber:17,Azimuth:111,BatteryLevel:100}]
"[{""Protocol"":""0x2525""","MessageType:""LocationInfoMessage""",ProtocolHeadType:19,"Imei:""869487064485674""",SerialNo:27639,Mileage:5510822,"Date:""2026-04-20T13:38:27Z""",IopIgnition:true,Latitude:4.6961708068847656,Longitude:-74.089111328125,Altitude:2567.5,ExternalPowerVoltage:28.07,Rpm:-999,Speed:15.0,SatelliteNumber:16,Azimuth:163,BatteryLevel:100}]
"[{""Protocol"":""0x2525""","MessageType:""LocationInfoMessage""",ProtocolHeadType:19,"Imei:""869487064485674""",SerialNo:27640,Mileage:5510853,"Date:""2026-04-20T13:38:32Z""",IopIgnition:true,Latitude:4.6959104537963867,Longitude:-74.089157104492188,Altitude:2566.800048828125,ExternalPowerVoltage:28.1,Rpm:-999,Speed:21.0,SatelliteNumber:17,Azimuth:215,BatteryLevel:100}]
"[{""Protocol"":""0x2525""","MessageType:""LocationInfoMessage""",ProtocolHeadType:19,"Imei:""869487064485674""",SerialNo:27641,Mileage:5511512,"Date:""2026-04-20T13:40:04Z""",IopIgnition:true,Latitude:4.6911625862121582,Longitude:-74.092536926269531,Altitude:2568.10009765625,ExternalPowerVoltage:28.04,Rpm:-999,Speed:0.0,SatelliteNumber:14,Azimuth:205,BatteryLevel:100}]
"[{""Protocol"":""0x2525""","MessageType:""LocationInfoMessage""",ProtocolHeadType:19,"Imei:""869487064485674""",SerialNo:27642,Mileage:5511688,"Date:""2026-04-20T13:41:04Z""",IopIgnition:true,Latitude:4.6898479461669922,Longitude:-74.093421936035156,Altitude:2572.0,ExternalPowerVoltage:28.14,Rpm:-999,Speed:34.0,SatelliteNumber:16,Azimuth:215,BatteryLevel:100}]
"[{""Protocol"":""0x2525""","MessageType:""LocationInfoMessage""",ProtocolHeadType:19,"Imei:""869487064485674""",SerialNo:27643,Mileage:5511728,"Date:""2026-04-20T13:41:11Z""",IopIgnition:true,Latitude:4.6895909309387207,Longitude:-74.0936508178711,Altitude:2570.800048828125,ExternalPowerVoltage:28.04,Rpm:-999,Speed:12.0,SatelliteNumber:16,Azimuth:276,BatteryLevel:100}]
"[{""Protocol"":""0x2525""","MessageType:""LocationInfoMessage""",ProtocolHeadType:19,"Imei:""869487064485674""",SerialNo:27644,Mileage:5512253,"Date:""2026-04-20T13:43:00Z""",IopIgnition:true,Latitude:4.692237377166748,Longitude:-74.0975112915039,Altitude:2569.89990234375,ExternalPowerVoltage:28.17,Rpm:-999,Speed:20.0,SatelliteNumber:16,Azimuth:223,BatteryLevel:100}]
"[{""Protocol"":""0x2525""","MessageType:""LocationInfoMessage""",ProtocolHeadType:19,"Imei:""869487064485674""",SerialNo:27645,Mileage:5512385,"Date:""2026-04-20T13:43:24Z""",IopIgnition:true,Latitude:4.6912775039672852,Longitude:-74.098182678222656,Altitude:2571.60009765625,ExternalPowerVoltage:28.09,Rpm:-999,Speed:13.0,SatelliteNumber:17,Azimuth:151,BatteryLevel:100}]
"[{""Protocol"":""0x2525""","MessageType:""LocationAlarmMessage""",ProtocolHeadType:20,"Imei:""869487064485674""",SerialNo:1043,Mileage:5512558,"Date:""2026-04-20T13:43:58Z""",IopIgnition:false,Latitude:4.6903653144836426,Longitude:-74.096923828125,Altitude:2573.199951171875,ExternalPowerVoltage:27.87,Rpm:-999,Speed:0.0,SatelliteNumber:16,Azimuth:129,OriginalAlarmCode:23}]
"[{""Protocol"":""0x2525""","MessageType:""LocationAlarmMessage""",ProtocolHeadType:20,"Imei:""869487064485674""",SerialNo:1044,Mileage:5512558,"Date:""2026-04-20T15:56:10Z""",IopIgnition:true,Latitude:4.6903653144836426,Longitude:-74.096923828125,Altitude:2573.199951171875,ExternalPowerVoltage:25.76,Rpm:-999,Speed:0.0,SatelliteNumber:15,Azimuth:129,OriginalAlarmCode:22}]
"[{""Protocol"":""0x2525""","MessageType:""LocationInfoMessage""",ProtocolHeadType:19,"Imei:""869487064485674""",SerialNo:27646,Mileage:5512558,"Date:""2026-04-20T15:57:11Z""",IopIgnition:true,Latitude:4.6903653144836426,Longitude:-74.096923828125,Altitude:2573.199951171875,ExternalPowerVoltage:28.01,Rpm:-999,Speed:0.0,SatelliteNumber:15,Azimuth:129,BatteryLevel:100}]
"[{""Protocol"":""0x2525""","MessageType:""LocationInfoMessage""",ProtocolHeadType:19,"Imei:""869487064485674""",SerialNo:27647,Mileage:5512720,"Date:""2026-04-20T15:58:03Z""",IopIgnition:true,Latitude:4.6895437240600586,Longitude:-74.095741271972656,Altitude:2576.300048828125,ExternalPowerVoltage:28.12,Rpm:-999,Speed:13.0,SatelliteNumber:15,Azimuth:58,BatteryLevel:100}]
"[{""Protocol"":""0x2525""","MessageType:""LocationInfoMessage""",ProtocolHeadType:19,"Imei:""869487064485674""",SerialNo:27648,Mileage:5513053,"Date:""2026-04-20T15:59:10Z""",IopIgnition:true,Latitude:4.6918859481811523,Longitude:-74.093986511230469,Altitude:2573.39990234375,ExternalPowerVoltage:28.17,Rpm:-999,Speed:17.0,SatelliteNumber:15,Azimuth:123,BatteryLevel:100}]
"[{""Protocol"":""0x2525""","MessageType:""LocationInfoMessage""",ProtocolHeadType:19,"Imei:""869487064485674""",SerialNo:27649,Mileage:5513208,"Date:""2026-04-20T16:00:11Z""",IopIgnition:true,Latitude:4.6910219192504883,Longitude:-74.0928955078125,Altitude:2571.699951171875,ExternalPowerVoltage:28.06,Rpm:-999,Speed:0.0,SatelliteNumber:13,Azimuth:132,BatteryLevel:100}]
"[{""Protocol"":""0x2525""","MessageType:""LocationInfoMessage""",ProtocolHeadType:19,"Imei:""869487064485674""",SerialNo:27650,Mileage:5513352,"Date:""2026-04-20T16:01:11Z""",IopIgnition:true,Latitude:4.6902847290039063,Longitude:-74.091827392578125,Altitude:2568.89990234375,ExternalPowerVoltage:28.2,Rpm:-999,Speed:23.0,SatelliteNumber:15,Azimuth:119,BatteryLevel:100}]
"[{""Protocol"":""0x2525""","MessageType:""LocationInfoMessage""",ProtocolHeadType:19,"Imei:""869487064485674""",SerialNo:27651,Mileage:5513524,"Date:""2026-04-20T16:02:10Z""",IopIgnition:true,Latitude:4.6893811225891113,Longitude:-74.090568542480469,Altitude:2569.89990234375,ExternalPowerVoltage:28.05,Rpm:-999,Speed:0.0,SatelliteNumber:15,Azimuth:124,BatteryLevel:100}]
"[{""Protocol"":""0x2525""","MessageType:""LocationInfoMessage""",ProtocolHeadType:19,"Imei:""869487064485674""",SerialNo:27652,Mileage:5513745,"Date:""2026-04-20T16:03:11Z""",IopIgnition:true,Latitude:4.6882634162902832,Longitude:-74.088935852050781,Altitude:2569.0,ExternalPowerVoltage:27.98,Rpm:-999,Speed:18.0,SatelliteNumber:16,Azimuth:123,BatteryLevel:100}]
"[{""Protocol"":""0x2525""","MessageType:""LocationInfoMessage""",ProtocolHeadType:19,"Imei:""869487064485674""",SerialNo:27653,Mileage:5513778,"Date:""2026-04-20T16:03:52Z""",IopIgnition:true,Latitude:4.6881160736083984,Longitude:-74.08868408203125,Altitude:2571.800048828125,ExternalPowerVoltage:28.17,Rpm:-999,Speed:14.0,SatelliteNumber:16,Azimuth:74,BatteryLevel:100}]
"[{""Protocol"":""0x2525""","MessageType:""LocationInfoMessage""",ProtocolHeadType:19,"Imei:""869487064485674""",SerialNo:27654,Mileage:5514335,"Date:""2026-04-20T16:05:08Z""",IopIgnition:true,Latitude:4.6919674873352051,Longitude:-74.085647583007813,Altitude:2567.699951171875,ExternalPowerVoltage:28.16,Rpm:-999,Speed:20.0,SatelliteNumber:16,Azimuth:130,BatteryLevel:100}]
"[{""Protocol"":""0x2525""","MessageType:""LocationInfoMessage""",ProtocolHeadType:19,"Imei:""869487064485674""",SerialNo:27655,Mileage:5515025,"Date:""2026-04-20T16:06:11Z""",IopIgnition:true,Latitude:4.6871042251586914,Longitude:-74.081794738769531,Altitude:2567.89990234375,ExternalPowerVoltage:28.19,Rpm:-999,Speed:40.0,SatelliteNumber:15,Azimuth:141,BatteryLevel:100}]
"[{""Protocol"":""0x2525""","MessageType:""LocationInfoMessage""",ProtocolHeadType:19,"Imei:""869487064485674""",SerialNo:27656,Mileage:5515704,"Date:""2026-04-20T16:07:11Z""",IopIgnition:true,Latitude:4.6823139190673828,Longitude:-74.078010559082031,Altitude:2563.0,ExternalPowerVoltage:28.01,Rpm:-999,Speed:8.0,SatelliteNumber:14,Azimuth:135,BatteryLevel:100}]
"[{""Protocol"":""0x2525""","MessageType:""LocationInfoMessage""",ProtocolHeadType:19,"Imei:""869487064485674""",SerialNo:27657,Mileage:5515795,"Date:""2026-04-20T16:07:31Z""",IopIgnition:true,Latitude:4.681640625,Longitude:-74.077560424804688,Altitude:2565.699951171875,ExternalPowerVoltage:28.18,Rpm:-999,Speed:21.0,SatelliteNumber:15,Azimuth:188,BatteryLevel:100}]
"[{""Protocol"":""0x2525""","MessageType:""LocationInfoMessage""",ProtocolHeadType:19,"Imei:""869487064485674""",SerialNo:27658,Mileage:5516413,"Date:""2026-04-20T16:08:58Z""",IopIgnition:true,Latitude:4.6770977973937988,Longitude:-74.080596923828125,Altitude:2563.60009765625,ExternalPowerVoltage:28.14,Rpm:-999,Speed:15.0,SatelliteNumber:14,Azimuth:131,BatteryLevel:100}]
"[{""Protocol"":""0x2525""","MessageType:""LocationAlarmMessage""",ProtocolHeadType:20,"Imei:""869487064485674""",SerialNo:1045,Mileage:5516552,"Date:""2026-04-20T16:09:50Z""",IopIgnition:false,Latitude:4.6763262748718262,Longitude:-74.079605102539063,Altitude:2568.699951171875,ExternalPowerVoltage:27.8,Rpm:-999,Speed:0.0,SatelliteNumber:15,Azimuth:127,OriginalAlarmCode:23}]
"[{""Protocol"":""0x2525""","MessageType:""LocationAlarmMessage""",ProtocolHeadType:20,"Imei:""869487064485674""",SerialNo:1046,Mileage:5516552,"Date:""2026-04-20T18:54:07Z""",IopIgnition:true,Latitude:4.6763262748718262,Longitude:-74.079605102539063,Altitude:2568.699951171875,ExternalPowerVoltage:25.46,Rpm:-999,Speed:0.0,SatelliteNumber:15,Azimuth:127,OriginalAlarmCode:22}]
"[{""Protocol"":""0x2525""","MessageType:""LocationInfoMessage""",ProtocolHeadType:19,"Imei:""869487064485674""",SerialNo:27659,Mileage:5516552,"Date:""2026-04-20T18:55:08Z""",IopIgnition:true,Latitude:4.6763262748718262,Longitude:-74.079605102539063,Altitude:2568.699951171875,ExternalPowerVoltage:27.87,Rpm:-999,Speed:0.0,SatelliteNumber:15,Azimuth:127,BatteryLevel:100}]
"[{""Protocol"":""0x2525""","MessageType:""LocationInfoMessage""",ProtocolHeadType:19,"Imei:""869487064485674""",SerialNo:27660,Mileage:5516552,"Date:""2026-04-20T18:56:08Z""",IopIgnition:true,Latitude:4.6763262748718262,Longitude:-74.079605102539063,Altitude:2568.699951171875,ExternalPowerVoltage:27.91,Rpm:-999,Speed:0.0,SatelliteNumber:15,Azimuth:127,BatteryLevel:100}]
"[{""Protocol"":""0x2525""","MessageType:""LocationInfoMessage""",ProtocolHeadType:19,"Imei:""869487064485674""",SerialNo:27661,Mileage:5516552,"Date:""2026-04-20T18:57:08Z""",IopIgnition:true,Latitude:4.6763262748718262,Longitude:-74.079605102539063,Altitude:2568.699951171875,ExternalPowerVoltage:27.91,Rpm:-999,Speed:0.0,SatelliteNumber:15,Azimuth:127,BatteryLevel:100}]
"[{""Protocol"":""0x2525""","MessageType:""LocationInfoMessage""",ProtocolHeadType:19,"Imei:""869487064485674""",SerialNo:27662,Mileage:5516552,"Date:""2026-04-20T18:58:07Z""",IopIgnition:true,Latitude:4.6763262748718262,Longitude:-74.079605102539063,Altitude:2568.699951171875,ExternalPowerVoltage:27.87,Rpm:-999,Speed:0.0,SatelliteNumber:15,Azimuth:127,BatteryLevel:100}]
"[{""Protocol"":""0x2525""","MessageType:""LocationInfoMessage""",ProtocolHeadType:19,"Imei:""869487064485674""",SerialNo:27663,Mileage:5516552,"Date:""2026-04-20T18:59:08Z""",IopIgnition:true,Latitude:4.6763262748718262,Longitude:-74.079605102539063,Altitude:2568.699951171875,ExternalPowerVoltage:27.81,Rpm:-999,Speed:0.0,SatelliteNumber:16,Azimuth:127,BatteryLevel:100}]
"[{""Protocol"":""0x2525""","MessageType:""LocationInfoMessage""",ProtocolHeadType:19,"Imei:""869487064485674""",SerialNo:27664,Mileage:5516552,"Date:""2026-04-20T19:00:08Z""",IopIgnition:true,Latitude:4.6763262748718262,Longitude:-74.079605102539063,Altitude:2568.699951171875,ExternalPowerVoltage:27.78,Rpm:-999,Speed:0.0,SatelliteNumber:15,Azimuth:127,BatteryLevel:100}]
"[{""Protocol"":""0x2525""","MessageType:""LocationInfoMessage""",ProtocolHeadType:19,"Imei:""869487064485674""",SerialNo:27665,Mileage:5516552,"Date:""2026-04-20T19:01:08Z""",IopIgnition:true,Latitude:4.6763262748718262,Longitude:-74.079605102539063,Altitude:2568.699951171875,ExternalPowerVoltage:27.74,Rpm:-999,Speed:0.0,SatelliteNumber:15,Azimuth:127,BatteryLevel:100}]
"[{""Protocol"":""0x2525""","MessageType:""LocationInfoMessage""",ProtocolHeadType:19,"Imei:""869487064485674""",SerialNo:27666,Mileage:5516552,"Date:""2026-04-20T19:02:08Z""",IopIgnition:true,Latitude:4.6763262748718262,Longitude:-74.079605102539063,Altitude:2568.699951171875,ExternalPowerVoltage:27.69,Rpm:-999,Speed:0.0,SatelliteNumber:14,Azimuth:127,BatteryLevel:100}]
"[{""Protocol"":""0x2525""","MessageType:""LocationInfoMessage""",ProtocolHeadType:19,"Imei:""869487064485674""",SerialNo:27667,Mileage:5516552,"Date:""2026-04-20T19:03:07Z""",IopIgnition:true,Latitude:4.6763262748718262,Longitude:-74.079605102539063,Altitude:2568.699951171875,ExternalPowerVoltage:27.68,Rpm:-999,Speed:0.0,SatelliteNumber:15,Azimuth:127,BatteryLevel:100}]
"[{""Protocol"":""0x2525""","MessageType:""LocationInfoMessage""",ProtocolHeadType:19,"Imei:""869487064485674""",SerialNo:27668,Mileage:5516552,"Date:""2026-04-20T19:04:08Z""",IopIgnition:true,Latitude:4.6763262748718262,Longitude:-74.079605102539063,Altitude:2568.699951171875,ExternalPowerVoltage:26.18,Rpm:-999,Speed:0.0,SatelliteNumber:14,Azimuth:127,BatteryLevel:100}]
"[{""Protocol"":""0x2525""","MessageType:""LocationInfoMessage""",ProtocolHeadType:19,"Imei:""869487064485674""",SerialNo:27669,Mileage:5516552,"Date:""2026-04-20T19:05:08Z""",IopIgnition:true,Latitude:4.6763262748718262,Longitude:-74.079605102539063,Altitude:2568.699951171875,ExternalPowerVoltage:26.06,Rpm:-999,Speed:0.0,SatelliteNumber:15,Azimuth:127,BatteryLevel:100}]
"[{""Protocol"":""0x2525""","MessageType:""LocationInfoMessage""",ProtocolHeadType:19,"Imei:""869487064485674""",SerialNo:27670,Mileage:5516552,"Date:""2026-04-20T19:06:08Z""",IopIgnition:true,Latitude:4.6763262748718262,Longitude:-74.079605102539063,Altitude:2568.699951171875,ExternalPowerVoltage:25.9,Rpm:-999,Speed:0.0,SatelliteNumber:16,Azimuth:127,BatteryLevel:100}]
"[{""Protocol"":""0x2525""","MessageType:""LocationInfoMessage""",ProtocolHeadType:19,"Imei:""869487064485674""",SerialNo:27671,Mileage:5516552,"Date:""2026-04-20T19:07:08Z""",IopIgnition:true,Latitude:4.6763262748718262,Longitude:-74.079605102539063,Altitude:2568.699951171875,ExternalPowerVoltage:25.95,Rpm:-999,Speed:0.0,SatelliteNumber:16,Azimuth:127,BatteryLevel:100}]
"[{""Protocol"":""0x2525""","MessageType:""LocationInfoMessage""",ProtocolHeadType:19,"Imei:""869487064485674""",SerialNo:27672,Mileage:5516552,"Date:""2026-04-20T19:08:07Z""",IopIgnition:true,Latitude:4.6763262748718262,Longitude:-74.079605102539063,Altitude:2568.699951171875,ExternalPowerVoltage:25.82,Rpm:-999,Speed:0.0,SatelliteNumber:15,Azimuth:127,BatteryLevel:100}]
"[{""Protocol"":""0x2525""","MessageType:""LocationInfoMessage""",ProtocolHeadType:19,"Imei:""869487064485674""",SerialNo:27673,Mileage:5516552,"Date:""2026-04-20T19:09:08Z""",IopIgnition:true,Latitude:4.6763262748718262,Longitude:-74.079605102539063,Altitude:2568.699951171875,ExternalPowerVoltage:27.89,Rpm:-999,Speed:0.0,SatelliteNumber:16,Azimuth:127,BatteryLevel:100}]
"[{""Protocol"":""0x2525""","MessageType:""LocationInfoMessage""",ProtocolHeadType:19,"Imei:""869487064485674""",SerialNo:27674,Mileage:5516589,"Date:""2026-04-20T19:09:30Z""",IopIgnition:true,Latitude:4.6761960983276367,Longitude:-74.0793228149414,Altitude:2572.800048828125,ExternalPowerVoltage:28.04,Rpm:-999,Speed:11.0,SatelliteNumber:17,Azimuth:75,BatteryLevel:100}]
"[{""Protocol"":""0x2525""","MessageType:""LocationInfoMessage""",ProtocolHeadType:19,"Imei:""869487064485674""",SerialNo:27675,Mileage:5516675,"Date:""2026-04-20T19:09:51Z""",IopIgnition:true,Latitude:4.676793098449707,Longitude:-74.078842163085938,Altitude:2571.0,ExternalPowerVoltage:27.91,Rpm:-999,Speed:7.0,SatelliteNumber:16,Azimuth:25,BatteryLevel:100}]
"[{""Protocol"":""0x2525""","MessageType:""LocationInfoMessage""",ProtocolHeadType:19,"Imei:""869487064485674""",SerialNo:27676,Mileage:5516684,"Date:""2026-04-20T19:09:55Z""",IopIgnition:true,Latitude:4.6768765449523926,Longitude:-74.078826904296875,Altitude:2570.60009765625,ExternalPowerVoltage:27.83,Rpm:-999,Speed:8.0,SatelliteNumber:17,Azimuth:331,BatteryLevel:100}]
"[{""Protocol"":""0x2525""","MessageType:""LocationInfoMessage""",ProtocolHeadType:19,"Imei:""869487064485674""",SerialNo:27677,Mileage:5517094,"Date:""2026-04-20T19:11:08Z""",IopIgnition:true,Latitude:4.6790962219238281,Longitude:-74.0817642211914,Altitude:2575.89990234375,ExternalPowerVoltage:27.99,Rpm:-999,Speed:8.0,SatelliteNumber:17,Azimuth:314,BatteryLevel:100}]
"[{""Protocol"":""0x2525""","MessageType:""LocationInfoMessage""",ProtocolHeadType:19,"Imei:""869487064485674""",SerialNo:27678,Mileage:5517104,"Date:""2026-04-20T19:11:11Z""",IopIgnition:true,Latitude:4.6791801452636719,Longitude:-74.081779479980469,Altitude:2575.60009765625,ExternalPowerVoltage:28.06,Rpm:-999,Speed:13.0,SatelliteNumber:15,Azimuth:24,BatteryLevel:100}]
"[{""Protocol"":""0x2525""","MessageType:""LocationInfoMessage""",ProtocolHeadType:19,"Imei:""869487064485674""",SerialNo:27679,Mileage:5517300,"Date:""2026-04-20T19:11:36Z""",IopIgnition:true,Latitude:4.6803855895996094,Longitude:-74.08062744140625,Altitude:2571.199951171875,ExternalPowerVoltage:28.02,Rpm:-999,Speed:22.0,SatelliteNumber:16,Azimuth:337,BatteryLevel:100}]
"[{""Protocol"":""0x2525""","MessageType:""LocationInfoMessage""",ProtocolHeadType:19,"Imei:""869487064485674""",SerialNo:27680,Mileage:5517489,"Date:""2026-04-20T19:12:10Z""",IopIgnition:true,Latitude:4.6817364692687988,Longitude:-74.081573486328125,Altitude:2574.0,ExternalPowerVoltage:28.11,Rpm:-999,Speed:11.0,SatelliteNumber:17,Azimuth:43,BatteryLevel:100}]
"[{""Protocol"":""0x2525""","MessageType:""LocationInfoMessage""",ProtocolHeadType:19,"Imei:""869487064485674""",SerialNo:27681,Mileage:5517937,"Date:""2026-04-20T19:13:01Z""",IopIgnition:true,Latitude:4.6841363906860352,Longitude:-74.078369140625,Altitude:2580.800048828125,ExternalPowerVoltage:28.09,Rpm:-999,Speed:26.0,SatelliteNumber:17,Azimuth:98,BatteryLevel:100}]
"[{""Protocol"":""0x2525""","MessageType:""LocationInfoMessage""",ProtocolHeadType:19,"Imei:""869487064485674""",SerialNo:27682,Mileage:5517978,"Date:""2026-04-20T19:13:06Z""",IopIgnition:true,Latitude:4.683929443359375,Longitude:-74.078086853027344,Altitude:2579.0,ExternalPowerVoltage:28.07,Rpm:-999,Speed:31.0,SatelliteNumber:17,Azimuth:152,BatteryLevel:100}]
"[{""Protocol"":""0x2525""","MessageType:""LocationInfoMessage""",ProtocolHeadType:19,"Imei:""869487064485674""",SerialNo:27683,Mileage:5518012,"Date:""2026-04-20T19:13:10Z""",IopIgnition:true,Latitude:4.6836390495300293,Longitude:-74.078086853027344,Altitude:2578.800048828125,ExternalPowerVoltage:28.07,Rpm:-999,Speed:27.0,SatelliteNumber:17,Azimuth:209,BatteryLevel:100}]
"[{""Protocol"":""0x2525""","MessageType:""LocationInfoMessage""",ProtocolHeadType:19,"Imei:""869487064485674""",SerialNo:27684,Mileage:5518040,"Date:""2026-04-20T19:13:14Z""",IopIgnition:true,Latitude:4.6835012435913086,Longitude:-74.078285217285156,Altitude:2578.10009765625,ExternalPowerVoltage:28.07,Rpm:-999,Speed:22.0,SatelliteNumber:17,Azimuth:259,BatteryLevel:100}]
"[{""Protocol"":""0x2525""","MessageType:""LocationInfoMessage""",ProtocolHeadType:19,"Imei:""869487064485674""",SerialNo:27685,Mileage:5518067,"Date:""2026-04-20T19:13:19Z""",IopIgnition:true,Latitude:4.6835708618164063,Longitude:-74.078506469726563,Altitude:2578.0,ExternalPowerVoltage:28.08,Rpm:-999,Speed:17.0,SatelliteNumber:16,Azimuth:307,BatteryLevel:100}]
"[{""Protocol"":""0x2525""","MessageType:""LocationInfoMessage""",ProtocolHeadType:19,"Imei:""869487064485674""",SerialNo:27686,Mileage:5518690,"Date:""2026-04-20T19:15:08Z""",IopIgnition:true,Latitude:4.6879391670227051,Longitude:-74.082000732421875,Altitude:2570.60009765625,ExternalPowerVoltage:27.99,Rpm:-999,Speed:0.0,SatelliteNumber:16,Azimuth:323,BatteryLevel:100}]
"[{""Protocol"":""0x2525""","MessageType:""LocationInfoMessage""",ProtocolHeadType:19,"Imei:""869487064485674""",SerialNo:27687,Mileage:5519179,"Date:""2026-04-20T19:16:08Z""",IopIgnition:true,Latitude:4.6913866996765137,Longitude:-74.084747314453125,Altitude:2576.199951171875,ExternalPowerVoltage:28.02,Rpm:-999,Speed:22.0,SatelliteNumber:17,Azimuth:321,BatteryLevel:100}]
"[{""Protocol"":""0x2525""","MessageType:""LocationInfoMessage""",ProtocolHeadType:19,"Imei:""869487064485674""",SerialNo:27688,Mileage:5519713,"Date:""2026-04-20T19:17:07Z""",IopIgnition:true,Latitude:4.6949124336242676,Longitude:-74.087982177734375,Altitude:2574.699951171875,ExternalPowerVoltage:28.12,Rpm:-999,Speed:34.0,SatelliteNumber:17,Azimuth:301,BatteryLevel:100}]
"[{""Protocol"":""0x2525""","MessageType:""LocationInfoMessage""",ProtocolHeadType:19,"Imei:""869487064485674""",SerialNo:27689,Mileage:5520061,"Date:""2026-04-20T19:18:08Z""",IopIgnition:true,Latitude:4.6964268684387207,Longitude:-74.090713500976563,Altitude:2569.699951171875,ExternalPowerVoltage:28.03,Rpm:-999,Speed:6.0,SatelliteNumber:17,Azimuth:291,BatteryLevel:100}]
"[{""Protocol"":""0x2525""","MessageType:""LocationInfoMessage""",ProtocolHeadType:19,"Imei:""869487064485674""",SerialNo:27690,Mileage:5520162,"Date:""2026-04-20T19:19:08Z""",IopIgnition:true,Latitude:4.696840763092041,Longitude:-74.091514587402344,Altitude:2573.699951171875,ExternalPowerVoltage:28.08,Rpm:-999,Speed:16.0,SatelliteNumber:17,Azimuth:306,BatteryLevel:100}]
"[{""Protocol"":""0x2525""","MessageType:""LocationInfoMessage""",ProtocolHeadType:19,"Imei:""869487064485674""",SerialNo:27691,Mileage:5520298,"Date:""2026-04-20T19:20:08Z""",IopIgnition:true,Latitude:4.6974363327026367,Longitude:-74.092582702636719,Altitude:2572.39990234375,ExternalPowerVoltage:27.96,Rpm:-999,Speed:0.0,SatelliteNumber:16,Azimuth:299,BatteryLevel:100}]
"[{""Protocol"":""0x2525""","MessageType:""LocationInfoMessage""",ProtocolHeadType:19,"Imei:""869487064485674""",SerialNo:27692,Mileage:5520832,"Date:""2026-04-20T19:21:08Z""",IopIgnition:true,Latitude:4.699866771697998,Longitude:-74.096733093261719,Altitude:2573.5,ExternalPowerVoltage:28.11,Rpm:-999,Speed:55.0,SatelliteNumber:16,Azimuth:306,BatteryLevel:100}]
"[{""Protocol"":""0x2525""","MessageType:""LocationInfoMessage""",ProtocolHeadType:19,"Imei:""869487064485674""",SerialNo:27693,Mileage:5521650,"Date:""2026-04-20T19:22:07Z""",IopIgnition:true,Latitude:4.7040524482727051,Longitude:-74.102745056152344,Altitude:2566.800048828125,ExternalPowerVoltage:27.89,Rpm:-999,Speed:13.0,SatelliteNumber:15,Azimuth:294,BatteryLevel:100}]
"[{""Protocol"":""0x2525""","MessageType:""LocationInfoMessage""",ProtocolHeadType:19,"Imei:""869487064485674""",SerialNo:27694,Mileage:5521867,"Date:""2026-04-20T19:23:08Z""",IopIgnition:true,Latitude:4.7048602104187012,Longitude:-74.104522705078125,Altitude:2570.10009765625,ExternalPowerVoltage:28.12,Rpm:-999,Speed:37.0,SatelliteNumber:15,Azimuth:295,BatteryLevel:100}]
"[{""Protocol"":""0x2525""","MessageType:""LocationInfoMessage""",ProtocolHeadType:19,"Imei:""869487064485674""",SerialNo:27695,Mileage:5522378,"Date:""2026-04-20T19:24:08Z""",IopIgnition:true,Latitude:4.7069106101989746,Longitude:-74.108627319335938,Altitude:2570.800048828125,ExternalPowerVoltage:28.09,Rpm:-999,Speed:27.0,SatelliteNumber:17,Azimuth:301,BatteryLevel:100}]
"[{""Protocol"":""0x2525""","MessageType:""LocationInfoMessage""",ProtocolHeadType:19,"Imei:""869487064485674""",SerialNo:27696,Mileage:5522759,"Date:""2026-04-20T19:25:08Z""",IopIgnition:true,Latitude:4.7092065811157227,Longitude:-74.111167907714844,Altitude:2569.89990234375,ExternalPowerVoltage:28.07,Rpm:-999,Speed:11.0,SatelliteNumber:17,Azimuth:313,BatteryLevel:100}]
"[{""Protocol"":""0x2525""","MessageType:""LocationInfoMessage""",ProtocolHeadType:19,"Imei:""869487064485674""",SerialNo:27697,Mileage:5523065,"Date:""2026-04-20T19:26:08Z""",IopIgnition:true,Latitude:4.7111234664916992,Longitude:-74.113143920898438,Altitude:2571.699951171875,ExternalPowerVoltage:27.85,Rpm:-999,Speed:11.0,SatelliteNumber:16,Azimuth:314,BatteryLevel:100}]
"[{""Protocol"":""0x2525""","MessageType:""LocationInfoMessage""",ProtocolHeadType:19,"Imei:""869487064485674""",SerialNo:27698,Mileage:5523415,"Date:""2026-04-20T19:27:08Z""",IopIgnition:true,Latitude:4.7135658264160156,Longitude:-74.115127563476563,Altitude:2570.300048828125,ExternalPowerVoltage:28.1,Rpm:-999,Speed:32.0,SatelliteNumber:16,Azimuth:326,BatteryLevel:100}]
"[{""Protocol"":""0x2525""","MessageType:""LocationInfoMessage""",ProtocolHeadType:19,"Imei:""869487064485674""",SerialNo:27699,Mileage:5523740,"Date:""2026-04-20T19:28:07Z""",IopIgnition:true,Latitude:4.715939998626709,Longitude:-74.1168212890625,Altitude:2573.60009765625,ExternalPowerVoltage:28.09,Rpm:-999,Speed:36.0,SatelliteNumber:15,Azimuth:324,BatteryLevel:100}]
"[{""Protocol"":""0x2525""","MessageType:""LocationInfoMessage""",ProtocolHeadType:19,"Imei:""869487064485674""",SerialNo:27700,Mileage:5524470,"Date:""2026-04-20T19:29:08Z""",IopIgnition:true,Latitude:4.7213134765625,Longitude:-74.120590209960938,Altitude:2574.10009765625,ExternalPowerVoltage:28.12,Rpm:-999,Speed:48.0,SatelliteNumber:15,Azimuth:324,BatteryLevel:100}]
"[{""Protocol"":""0x2525""","MessageType:""LocationInfoMessage""",ProtocolHeadType:19,"Imei:""869487064485674""",SerialNo:27701,Mileage:5524922,"Date:""2026-04-20T19:30:08Z""",IopIgnition:true,Latitude:4.72445011138916,Longitude:-74.123176574707031,Altitude:2575.0,ExternalPowerVoltage:28.02,Rpm:-999,Speed:14.0,SatelliteNumber:14,Azimuth:322,BatteryLevel:100}]
"[{""Protocol"":""0x2525""","MessageType:""LocationInfoMessage""",ProtocolHeadType:19,"Imei:""869487064485674""",SerialNo:27702,Mileage:5525156,"Date:""2026-04-20T19:31:08Z""",IopIgnition:true,Latitude:4.7260470390319824,Longitude:-74.124542236328125,Altitude:2568.10009765625,ExternalPowerVoltage:28.12,Rpm:-999,Speed:19.0,SatelliteNumber:15,Azimuth:319,BatteryLevel:100}]
"[{""Protocol"":""0x2525""","MessageType:""LocationInfoMessage""",ProtocolHeadType:19,"Imei:""869487064485674""",SerialNo:27703,Mileage:5525322,"Date:""2026-04-20T19:32:08Z""",IopIgnition:true,Latitude:4.7274150848388672,Longitude:-74.125053405761719,Altitude:2565.300048828125,ExternalPowerVoltage:27.96,Rpm:-999,Speed:0.0,SatelliteNumber:15,Azimuth:323,BatteryLevel:100}]
"[{""Protocol"":""0x2525""","MessageType:""LocationInfoMessage""",ProtocolHeadType:19,"Imei:""869487064485674""",SerialNo:27704,Mileage:5525388,"Date:""2026-04-20T19:32:29Z""",IopIgnition:true,Latitude:4.7278118133544922,Longitude:-74.125419616699219,Altitude:2564.60009765625,ExternalPowerVoltage:28.11,Rpm:-999,Speed:18.0,SatelliteNumber:15,Azimuth:16,BatteryLevel:100}]
"[{""Protocol"":""0x2525""","MessageType:""LocationInfoMessage""",ProtocolHeadType:19,"Imei:""869487064485674""",SerialNo:27705,Mileage:5526522,"Date:""2026-04-20T19:34:08Z""",IopIgnition:true,Latitude:4.7370362281799316,Longitude:-74.1259536743164,Altitude:2567.5,ExternalPowerVoltage:28.09,Rpm:-999,Speed:29.0,SatelliteNumber:15,Azimuth:349,BatteryLevel:100}]
"[{""Protocol"":""0x2525""","MessageType:""LocationInfoMessage""",ProtocolHeadType:19,"Imei:""869487064485674""",SerialNo:27706,Mileage:5526691,"Date:""2026-04-20T19:34:25Z""",IopIgnition:true,Latitude:4.7384586334228516,Longitude:-74.1258316040039,Altitude:2566.39990234375,ExternalPowerVoltage:28.11,Rpm:-999,Speed:37.0,SatelliteNumber:14,Azimuth:35,BatteryLevel:100}]
"[{""Protocol"":""0x2525""","MessageType:""LocationInfoMessage""",ProtocolHeadType:19,"Imei:""869487064485674""",SerialNo:27707,Mileage:5526963,"Date:""2026-04-20T19:35:00Z""",IopIgnition:true,Latitude:4.7403736114501953,Longitude:-74.124359130859375,Altitude:2573.800048828125,ExternalPowerVoltage:28.04,Rpm:-999,Speed:23.0,SatelliteNumber:15,Azimuth:81,BatteryLevel:100}]
"[{""Protocol"":""0x2525""","MessageType:""LocationInfoMessage""",ProtocolHeadType:19,"Imei:""869487064485674""",SerialNo:27708,Mileage:5527255,"Date:""2026-04-20T19:35:45Z""",IopIgnition:true,Latitude:4.74110746383667,Longitude:-74.121894836425781,Altitude:2566.5,ExternalPowerVoltage:27.95,Rpm:-999,Speed:13.0,SatelliteNumber:15,Azimuth:23,BatteryLevel:100}]
"[{""Protocol"":""0x2525""","MessageType:""LocationInfoMessage""",ProtocolHeadType:19,"Imei:""869487064485674""",SerialNo:27709,Mileage:5527266,"Date:""2026-04-20T19:35:48Z""",IopIgnition:true,Latitude:4.7412109375,Longitude:-74.121902465820313,Altitude:2565.89990234375,ExternalPowerVoltage:28.02,Rpm:-999,Speed:16.0,SatelliteNumber:15,Azimuth:337,BatteryLevel:100}]
"[{""Protocol"":""0x2525""","MessageType:""LocationInfoMessage""",ProtocolHeadType:19,"Imei:""869487064485674""",SerialNo:27710,Mileage:5527502,"Date:""2026-04-20T19:36:57Z""",IopIgnition:true,Latitude:4.743168830871582,Longitude:-74.122627258300781,Altitude:2561.10009765625,ExternalPowerVoltage:28.06,Rpm:-999,Speed:8.0,SatelliteNumber:15,Azimuth:59,BatteryLevel:100}]
"[{""Protocol"":""0x2525""","MessageType:""LocationInfoMessage""",ProtocolHeadType:19,"Imei:""869487064485674""",SerialNo:27711,Mileage:5527823,"Date:""2026-04-20T19:38:08Z""",IopIgnition:true,Latitude:4.7442355155944824,Longitude:-74.11993408203125,Altitude:2565.60009765625,ExternalPowerVoltage:28.11,Rpm:-999,Speed:32.0,SatelliteNumber:15,Azimuth:68,BatteryLevel:100}]
"[{""Protocol"":""0x2525""","MessageType:""LocationInfoMessage""",ProtocolHeadType:19,"Imei:""869487064485674""",SerialNo:27712,Mileage:5528051,"Date:""2026-04-20T19:38:51Z""",IopIgnition:true,Latitude:4.7451624870300293,Longitude:-74.118133544921875,Altitude:2564.0,ExternalPowerVoltage:27.98,Rpm:-999,Speed:7.0,SatelliteNumber:16,Azimuth:7,BatteryLevel:100}]
"[{""Protocol"":""0x2525""","MessageType:""LocationInfoMessage""",ProtocolHeadType:19,"Imei:""869487064485674""",SerialNo:27713,Mileage:5528193,"Date:""2026-04-20T19:39:35Z""",IopIgnition:true,Latitude:4.7463593482971191,Longitude:-74.118568420410156,Altitude:2568.89990234375,ExternalPowerVoltage:27.98,Rpm:-999,Speed:5.0,SatelliteNumber:16,Azimuth:298,BatteryLevel:100}]
"[{""Protocol"":""0x2525""","MessageType:""LocationInfoMessage""",ProtocolHeadType:19,"Imei:""869487064485674""",SerialNo:27714,Mileage:5528197,"Date:""2026-04-20T19:39:38Z""",IopIgnition:true,Latitude:4.74635124206543,Longitude:-74.118598937988281,Altitude:2568.300048828125,ExternalPowerVoltage:28.01,Rpm:-999,Speed:6.0,SatelliteNumber:15,Azimuth:251,BatteryLevel:100}]
"[{""Protocol"":""0x2525""","MessageType:""LocationInfoMessage""",ProtocolHeadType:19,"Imei:""869487064485674""",SerialNo:27715,Mileage:5528486,"Date:""2026-04-20T19:40:44Z""",IopIgnition:true,Latitude:4.7455892562866211,Longitude:-74.121055603027344,Altitude:2567.699951171875,ExternalPowerVoltage:28.01,Rpm:-999,Speed:12.0,SatelliteNumber:15,Azimuth:337,BatteryLevel:100}]
"[{""Protocol"":""0x2525""","MessageType:""LocationInfoMessage""",ProtocolHeadType:19,"Imei:""869487064485674""",SerialNo:27716,Mileage:5528576,"Date:""2026-04-20T19:41:47Z""",IopIgnition:true,Latitude:4.7462749481201172,Longitude:-74.121406555175781,Altitude:2570.300048828125,ExternalPowerVoltage:28.07,Rpm:-999,Speed:9.0,SatelliteNumber:15,Azimuth:277,BatteryLevel:100}]
"[{""Protocol"":""0x2525""","MessageType:""LocationInfoMessage""",ProtocolHeadType:19,"Imei:""869487064485674""",SerialNo:27717,Mileage:5528947,"Date:""2026-04-20T19:42:36Z""",IopIgnition:true,Latitude:4.7451519966125488,Longitude:-74.1245346069336,Altitude:2566.89990234375,ExternalPowerVoltage:28.04,Rpm:-999,Speed:10.0,SatelliteNumber:16,Azimuth:226,BatteryLevel:100}]
"[{""Protocol"":""0x2525""","MessageType:""LocationInfoMessage""",ProtocolHeadType:19,"Imei:""869487064485674""",SerialNo:27718,Mileage:5529316,"Date:""2026-04-20T19:43:48Z""",IopIgnition:true,Latitude:4.7441239356994629,Longitude:-74.127685546875,Altitude:2564.800048828125,ExternalPowerVoltage:28.11,Rpm:-999,Speed:20.0,SatelliteNumber:15,Azimuth:278,BatteryLevel:100}]
"[{""Protocol"":""0x2525""","MessageType:""LocationInfoMessage""",ProtocolHeadType:19,"Imei:""869487064485674""",SerialNo:27719,Mileage:5529446,"Date:""2026-04-20T19:44:29Z""",IopIgnition:true,Latitude:4.7443675994873047,Longitude:-74.1287612915039,Altitude:2566.0,ExternalPowerVoltage:28.08,Rpm:-999,Speed:12.0,SatelliteNumber:16,Azimuth:195,BatteryLevel:100}]
"[{""Protocol"":""0x2525""","MessageType:""LocationInfoMessage""",ProtocolHeadType:19,"Imei:""869487064485674""",SerialNo:27720,Mileage:5529687,"Date:""2026-04-20T19:44:58Z""",IopIgnition:true,Latitude:4.7423138618469238,Longitude:-74.129409790039063,Altitude:2559.0,ExternalPowerVoltage:28.04,Rpm:-999,Speed:19.0,SatelliteNumber:17,Azimuth:247,BatteryLevel:100}]
"[{""Protocol"":""0x2525""","MessageType:""LocationInfoMessage""",ProtocolHeadType:19,"Imei:""869487064485674""",SerialNo:27721,Mileage:5529829,"Date:""2026-04-20T19:45:18Z""",IopIgnition:true,Latitude:4.7418699264526367,Longitude:-74.1305923461914,Altitude:2563.89990234375,ExternalPowerVoltage:27.96,Rpm:-999,Speed:13.0,SatelliteNumber:17,Azimuth:190,BatteryLevel:100}]
"[{""Protocol"":""0x2525""","MessageType:""LocationInfoMessage""",ProtocolHeadType:19,"Imei:""869487064485674""",SerialNo:27722,Mileage:5530037,"Date:""2026-04-20T19:46:33Z""",IopIgnition:true,Latitude:4.7401652336120605,Longitude:-74.1298599243164,Altitude:2569.89990234375,ExternalPowerVoltage:27.99,Rpm:-999,Speed:6.0,SatelliteNumber:13,Azimuth:129,BatteryLevel:100}]
"[{""Protocol"":""0x2525""","MessageType:""LocationInfoMessage""",ProtocolHeadType:19,"Imei:""869487064485674""",SerialNo:27723,Mileage:5530046,"Date:""2026-04-20T19:46:37Z""",IopIgnition:true,Latitude:4.7401609420776367,Longitude:-74.129791259765625,Altitude:2570.10009765625,ExternalPowerVoltage:28.03,Rpm:-999,Speed:9.0,SatelliteNumber:16,Azimuth:60,BatteryLevel:100}]
"[{""Protocol"":""0x2525""","MessageType:""LocationInfoMessage""",ProtocolHeadType:19,"Imei:""869487064485674""",SerialNo:27724,Mileage:5530132,"Date:""2026-04-20T19:48:08Z""",IopIgnition:true,Latitude:4.7404532432556152,Longitude:-74.129074096679688,Altitude:2565.5,ExternalPowerVoltage:27.84,Rpm:-999,Speed:0.0,SatelliteNumber:15,Azimuth:75,BatteryLevel:100}]
"[{""Protocol"":""0x2525""","MessageType:""LocationInfoMessage""",ProtocolHeadType:19,"Imei:""869487064485674""",SerialNo:27725,Mileage:5530132,"Date:""2026-04-20T19:49:08Z""",IopIgnition:true,Latitude:4.7404532432556152,Longitude:-74.129074096679688,Altitude:2565.5,ExternalPowerVoltage:27.96,Rpm:-999,Speed:0.0,SatelliteNumber:15,Azimuth:75,BatteryLevel:100}]
"[{""Protocol"":""0x2525""","MessageType:""LocationInfoMessage""",ProtocolHeadType:19,"Imei:""869487064485674""",SerialNo:27726,Mileage:5530460,"Date:""2026-04-20T19:50:07Z""",IopIgnition:true,Latitude:4.74164342880249,Longitude:-74.126373291015625,Altitude:2562.10009765625,ExternalPowerVoltage:28.07,Rpm:-999,Speed:27.0,SatelliteNumber:16,Azimuth:65,BatteryLevel:100}]
"[{""Protocol"":""0x2525""","MessageType:""LocationInfoMessage""",ProtocolHeadType:19,"Imei:""869487064485674""",SerialNo:27727,Mileage:5530686,"Date:""2026-04-20T19:50:49Z""",IopIgnition:true,Latitude:4.74239444732666,Longitude:-74.124496459960938,Altitude:2560.699951171875,ExternalPowerVoltage:27.91,Rpm:-999,Speed:10.0,SatelliteNumber:17,Azimuth:146,BatteryLevel:100}]
"[{""Protocol"":""0x2525""","MessageType:""LocationInfoMessage""",ProtocolHeadType:19,"Imei:""869487064485674""",SerialNo:27728,Mileage:5530912,"Date:""2026-04-20T19:51:41Z""",IopIgnition:true,Latitude:4.7405219078063965,Longitude:-74.123771667480469,Altitude:2559.5,ExternalPowerVoltage:28.09,Rpm:-999,Speed:10.0,SatelliteNumber:17,Azimuth:198,BatteryLevel:100}]
"[{""Protocol"":""0x2525""","MessageType:""LocationInfoMessage""",ProtocolHeadType:19,"Imei:""869487064485674""",SerialNo:27729,Mileage:5530924,"Date:""2026-04-20T19:51:45Z""",IopIgnition:true,Latitude:4.7404522895812988,Longitude:-74.123855590820313,Altitude:2560.0,ExternalPowerVoltage:28.06,Rpm:-999,Speed:10.0,SatelliteNumber:17,Azimuth:253,BatteryLevel:100}]
"[{""Protocol"":""0x2525""","MessageType:""LocationInfoMessage""",ProtocolHeadType:19,"Imei:""869487064485674""",SerialNo:27730,Mileage:5531315,"Date:""2026-04-20T19:52:32Z""",IopIgnition:true,Latitude:4.7379770278930664,Longitude:-74.1260986328125,Altitude:2567.39990234375,ExternalPowerVoltage:28.12,Rpm:-999,Speed:38.0,SatelliteNumber:17,Azimuth:201,BatteryLevel:100}]
"[{""Protocol"":""0x2525""","MessageType:""LocationInfoMessage""",ProtocolHeadType:19,"Imei:""869487064485674""",SerialNo:27731,Mileage:5531990,"Date:""2026-04-20T19:54:08Z""",IopIgnition:true,Latitude:4.7325282096862793,Longitude:-74.1258773803711,Altitude:2566.199951171875,ExternalPowerVoltage:28.12,Rpm:-999,Speed:34.0,SatelliteNumber:17,Azimuth:158,BatteryLevel:100}]
"[{""Protocol"":""0x2525""","MessageType:""LocationInfoMessage""",ProtocolHeadType:19,"Imei:""869487064485674""",SerialNo:27732,Mileage:5532466,"Date:""2026-04-20T19:54:52Z""",IopIgnition:true,Latitude:4.72849702835083,Longitude:-74.124992370605469,Altitude:2564.699951171875,ExternalPowerVoltage:28.12,Rpm:-999,Speed:33.0,SatelliteNumber:17,Azimuth:204,BatteryLevel:100}]
"[{""Protocol"":""0x2525""","MessageType:""LocationInfoMessage""",ProtocolHeadType:19,"Imei:""869487064485674""",SerialNo:27733,Mileage:5532656,"Date:""2026-04-20T19:55:21Z""",IopIgnition:true,Latitude:4.7271218299865723,Longitude:-74.125869750976563,Altitude:2565.699951171875,ExternalPowerVoltage:28.12,Rpm:-999,Speed:21.0,SatelliteNumber:17,Azimuth:158,BatteryLevel:100}]
"[{""Protocol"":""0x2525""","MessageType:""LocationInfoMessage""",ProtocolHeadType:19,"Imei:""869487064485674""",SerialNo:27734,Mileage:5533137,"Date:""2026-04-20T19:57:08Z""",IopIgnition:true,Latitude:4.7238068580627441,Longitude:-74.123092651367188,Altitude:2563.699951171875,ExternalPowerVoltage:27.88,Rpm:-999,Speed:0.0,SatelliteNumber:17,Azimuth:137,BatteryLevel:100}]
"[{""Protocol"":""0x2525""","MessageType:""LocationInfoMessage""",ProtocolHeadType:19,"Imei:""869487064485674""",SerialNo:27735,Mileage:5533404,"Date:""2026-04-20T19:58:08Z""",IopIgnition:true,Latitude:4.7219858169555664,Longitude:-74.12152099609375,Altitude:2563.60009765625,ExternalPowerVoltage:27.95,Rpm:-999,Speed:0.0,SatelliteNumber:17,Azimuth:140,BatteryLevel:100}]
"[{""Protocol"":""0x2525""","MessageType:""LocationInfoMessage""",ProtocolHeadType:19,"Imei:""869487064485674""",SerialNo:27736,Mileage:5533533,"Date:""2026-04-20T19:59:07Z""",IopIgnition:true,Latitude:4.7210359573364258,Longitude:-74.120857238769531,Altitude:2567.89990234375,ExternalPowerVoltage:28.15,Rpm:-999,Speed:44.0,SatelliteNumber:17,Azimuth:145,BatteryLevel:100}]
"[{""Protocol"":""0x2525""","MessageType:""LocationInfoMessage""",ProtocolHeadType:19,"Imei:""869487064485674""",SerialNo:27737,Mileage:5534287,"Date:""2026-04-20T20:00:08Z""",IopIgnition:true,Latitude:4.7155218124389648,Longitude:-74.116912841796875,Altitude:2572.0,ExternalPowerVoltage:28.11,Rpm:-999,Speed:47.0,SatelliteNumber:17,Azimuth:145,BatteryLevel:100}]
"[{""Protocol"":""0x2525""","MessageType:""LocationInfoMessage""",ProtocolHeadType:19,"Imei:""869487064485674""",SerialNo:27738,Mileage:5534634,"Date:""2026-04-20T20:01:08Z""",IopIgnition:true,Latitude:4.712949275970459,Longitude:-74.115150451660156,Altitude:2572.300048828125,ExternalPowerVoltage:28.09,Rpm:-999,Speed:31.0,SatelliteNumber:16,Azimuth:144,BatteryLevel:100}]
"[{""Protocol"":""0x2525""","MessageType:""LocationInfoMessage""",ProtocolHeadType:19,"Imei:""869487064485674""",SerialNo:27739,Mileage:5534853,"Date:""2026-04-20T20:02:08Z""",IopIgnition:true,Latitude:4.7114267349243164,Longitude:-74.113906860351563,Altitude:2570.0,ExternalPowerVoltage:27.97,Rpm:-999,Speed:0.0,SatelliteNumber:13,Azimuth:130,BatteryLevel:100}]
"[{""Protocol"":""0x2525""","MessageType:""LocationInfoMessage""",ProtocolHeadType:19,"Imei:""869487064485674""",SerialNo:27740,Mileage:5535304,"Date:""2026-04-20T20:03:08Z""",IopIgnition:true,Latitude:4.7086100578308105,Longitude:-74.1109848022461,Altitude:2573.0,ExternalPowerVoltage:27.94,Rpm:-999,Speed:10.0,SatelliteNumber:17,Azimuth:134,BatteryLevel:100}]
"[{""Protocol"":""0x2525""","MessageType:""LocationInfoMessage""",ProtocolHeadType:19,"Imei:""869487064485674""",SerialNo:27741,Mileage:5535515,"Date:""2026-04-20T20:04:07Z""",IopIgnition:true,Latitude:4.7073001861572266,Longitude:-74.109611511230469,Altitude:2570.39990234375,ExternalPowerVoltage:27.97,Rpm:-999,Speed:11.0,SatelliteNumber:17,Azimuth:133,BatteryLevel:100}]
"[{""Protocol"":""0x2525""","MessageType:""LocationInfoMessage""",ProtocolHeadType:19,"Imei:""869487064485674""",SerialNo:27742,Mileage:5535681,"Date:""2026-04-20T20:05:08Z""",IopIgnition:true,Latitude:4.7064042091369629,Longitude:-74.1084213256836,Altitude:2568.60009765625,ExternalPowerVoltage:27.96,Rpm:-999,Speed:0.0,SatelliteNumber:16,Azimuth:121,BatteryLevel:100}]
"[{""Protocol"":""0x2525""","MessageType:""LocationInfoMessage""",ProtocolHeadType:19,"Imei:""869487064485674""",SerialNo:27743,Mileage:5535827,"Date:""2026-04-20T20:06:08Z""",IopIgnition:true,Latitude:4.7057886123657227,Longitude:-74.107261657714844,Altitude:2570.5,ExternalPowerVoltage:28.19,Rpm:-999,Speed:41.0,SatelliteNumber:17,Azimuth:115,BatteryLevel:100}]
"[{""Protocol"":""0x2525""","MessageType:""LocationInfoMessage""",ProtocolHeadType:19,"Imei:""869487064485674""",SerialNo:27744,Mileage:5536463,"Date:""2026-04-20T20:07:08Z""",IopIgnition:true,Latitude:4.7034096717834473,Longitude:-74.10205078125,Altitude:2568.5,ExternalPowerVoltage:28.11,Rpm:-999,Speed:47.0,SatelliteNumber:17,Azimuth:114,BatteryLevel:100}]
"[{""Protocol"":""0x2525""","MessageType:""LocationInfoMessage""",ProtocolHeadType:19,"Imei:""869487064485674""",SerialNo:27745,Mileage:5536971,"Date:""2026-04-20T20:08:08Z""",IopIgnition:true,Latitude:4.700739860534668,Longitude:-74.098358154296875,Altitude:2572.199951171875,ExternalPowerVoltage:27.97,Rpm:-999,Speed:0.0,SatelliteNumber:16,Azimuth:128,BatteryLevel:100}]
"[{""Protocol"":""0x2525""","MessageType:""LocationInfoMessage""",ProtocolHeadType:19,"Imei:""869487064485674""",SerialNo:27746,Mileage:5537271,"Date:""2026-04-20T20:09:07Z""",IopIgnition:true,Latitude:4.6991333961486816,Longitude:-74.09619140625,Altitude:2575.800048828125,ExternalPowerVoltage:28.06,Rpm:-999,Speed:54.0,SatelliteNumber:17,Azimuth:126,BatteryLevel:100}]
"[{""Protocol"":""0x2525""","MessageType:""LocationInfoMessage""",ProtocolHeadType:19,"Imei:""869487064485674""",SerialNo:27747,Mileage:5537589,"Date:""2026-04-20T20:10:08Z""",IopIgnition:true,Latitude:4.6976757049560547,Longitude:-74.0937271118164,Altitude:2575.199951171875,ExternalPowerVoltage:27.81,Rpm:-999,Speed:0.0,SatelliteNumber:15,Azimuth:113,BatteryLevel:100}]
"[{""Protocol"":""0x2525""","MessageType:""LocationInfoMessage""",ProtocolHeadType:19,"Imei:""869487064485674""",SerialNo:27748,Mileage:5538125,"Date:""2026-04-20T20:11:08Z""",IopIgnition:true,Latitude:4.69549036026001,Longitude:-74.089439392089844,Altitude:2575.60009765625,ExternalPowerVoltage:28.09,Rpm:-999,Speed:42.0,SatelliteNumber:17,Azimuth:120,BatteryLevel:100}]
"[{""Protocol"":""0x2525""","MessageType:""LocationInfoMessage""",ProtocolHeadType:19,"Imei:""869487064485674""",SerialNo:27749,Mileage:5538359,"Date:""2026-04-20T20:11:38Z""",IopIgnition:true,Latitude:4.6942338943481445,Longitude:-74.0877685546875,Altitude:2566.300048828125,ExternalPowerVoltage:27.89,Rpm:-999,Speed:14.0,SatelliteNumber:17,Azimuth:170,BatteryLevel:100}]
"[{""Protocol"":""0x2525""","MessageType:""LocationInfoMessage""",ProtocolHeadType:19,"Imei:""869487064485674""",SerialNo:27750,Mileage:5538373,"Date:""2026-04-20T20:11:41Z""",IopIgnition:true,Latitude:4.6941161155700684,Longitude:-74.0877914428711,Altitude:2567.39990234375,ExternalPowerVoltage:28.05,Rpm:-999,Speed:16.0,SatelliteNumber:17,Azimuth:220,BatteryLevel:100}]
"[{""Protocol"":""0x2525""","MessageType:""LocationInfoMessage""",ProtocolHeadType:19,"Imei:""869487064485674""",SerialNo:27751,Mileage:5538536,"Date:""2026-04-20T20:12:06Z""",IopIgnition:true,Latitude:4.6930432319641113,Longitude:-74.088760375976563,Altitude:2568.39990234375,ExternalPowerVoltage:27.95,Rpm:-999,Speed:19.0,SatelliteNumber:16,Azimuth:272,BatteryLevel:100}]
"[{""Protocol"":""0x2525""","MessageType:""LocationInfoMessage""",ProtocolHeadType:19,"Imei:""869487064485674""",SerialNo:27752,Mileage:5538555,"Date:""2026-04-20T20:12:09Z""",IopIgnition:true,Latitude:4.6931371688842773,Longitude:-74.088897705078125,Altitude:2568.300048828125,ExternalPowerVoltage:28.08,Rpm:-999,Speed:26.0,SatelliteNumber:17,Azimuth:319,BatteryLevel:100}]
"[{""Protocol"":""0x2525""","MessageType:""LocationInfoMessage""",ProtocolHeadType:19,"Imei:""869487064485674""",SerialNo:27753,Mileage:5538756,"Date:""2026-04-20T20:12:29Z""",IopIgnition:true,Latitude:4.6946496963500977,Longitude:-74.089828491210938,Altitude:2567.39990234375,ExternalPowerVoltage:28.01,Rpm:-999,Speed:20.0,SatelliteNumber:17,Azimuth:5,BatteryLevel:100}]
"[{""Protocol"":""0x2525""","MessageType:""LocationInfoMessage""",ProtocolHeadType:19,"Imei:""869487064485674""",SerialNo:27754,Mileage:5538785,"Date:""2026-04-20T20:12:34Z""",IopIgnition:true,Latitude:4.6948752403259277,Longitude:-74.0896987915039,Altitude:2567.199951171875,ExternalPowerVoltage:28.01,Rpm:-999,Speed:23.0,SatelliteNumber:17,Azimuth:51,BatteryLevel:100}]
"[{""Protocol"":""0x2525""","MessageType:""LocationInfoMessage""",ProtocolHeadType:19,"Imei:""869487064485674""",SerialNo:27755,Mileage:5539196,"Date:""2026-04-20T20:14:08Z""",IopIgnition:true,Latitude:4.6960968971252441,Longitude:-74.086334228515625,Altitude:2572.199951171875,ExternalPowerVoltage:27.88,Rpm:-999,Speed:0.0,SatelliteNumber:17,Azimuth:73,BatteryLevel:100}]
"[{""Protocol"":""0x2525""","MessageType:""LocationInfoMessage""",ProtocolHeadType:19,"Imei:""869487064485674""",SerialNo:27756,Mileage:5539247,"Date:""2026-04-20T20:14:46Z""",IopIgnition:true,Latitude:4.69611120223999,Longitude:-74.085906982421875,Altitude:2569.60009765625,ExternalPowerVoltage:28.07,Rpm:-999,Speed:16.0,SatelliteNumber:18,Azimuth:137,BatteryLevel:100}]
"[{""Protocol"":""0x2525""","MessageType:""LocationInfoMessage""",ProtocolHeadType:19,"Imei:""869487064485674""",SerialNo:27757,Mileage:5539702,"Date:""2026-04-20T20:16:08Z""",IopIgnition:true,Latitude:4.6931772232055664,Longitude:-74.0832748413086,Altitude:2569.800048828125,ExternalPowerVoltage:27.95,Rpm:-999,Speed:14.0,SatelliteNumber:17,Azimuth:134,BatteryLevel:100}]
"[{""Protocol"":""0x2525""","MessageType:""LocationInfoMessage""",ProtocolHeadType:19,"Imei:""869487064485674""",SerialNo:27758,Mileage:5540049,"Date:""2026-04-20T20:17:08Z""",IopIgnition:true,Latitude:4.6906137466430664,Longitude:-74.081634521484375,Altitude:2566.800048828125,ExternalPowerVoltage:28.09,Rpm:-999,Speed:29.0,SatelliteNumber:18,Azimuth:87,BatteryLevel:100}]
"[{""Protocol"":""0x2525""","MessageType:""LocationInfoMessage""",ProtocolHeadType:19,"Imei:""869487064485674""",SerialNo:27759,Mileage:5540049,"Date:""2026-04-20T20:17:08Z""",IopIgnition:true,Latitude:4.6906137466430664,Longitude:-74.081634521484375,Altitude:2566.800048828125,ExternalPowerVoltage:28.09,Rpm:-999,Speed:29.0,SatelliteNumber:18,Azimuth:87,BatteryLevel:100}]
"[{""Protocol"":""0x2525""","MessageType:""LocationInfoMessage""",ProtocolHeadType:19,"Imei:""869487064485674""",SerialNo:27760,Mileage:5540167,"Date:""2026-04-20T20:17:29Z""",IopIgnition:true,Latitude:4.690699577331543,Longitude:-74.080604553222656,Altitude:2563.89990234375,ExternalPowerVoltage:28.0,Rpm:-999,Speed:22.0,SatelliteNumber:19,Azimuth:154,BatteryLevel:100}]
"[{""Protocol"":""0x2525""","MessageType:""LocationInfoMessage""",ProtocolHeadType:19,"Imei:""869487064485674""",SerialNo:27761,Mileage:5540228,"Date:""2026-04-20T20:17:37Z""",IopIgnition:true,Latitude:4.6902670860290527,Longitude:-74.080307006835938,Altitude:2563.89990234375,ExternalPowerVoltage:28.03,Rpm:-999,Speed:20.0,SatelliteNumber:19,Azimuth:89,BatteryLevel:100}]
"[{""Protocol"":""0x2525""","MessageType:""LocationInfoMessage""",ProtocolHeadType:19,"Imei:""869487064485674""",SerialNo:27762,Mileage:5540240,"Date:""2026-04-20T20:17:39Z""",IopIgnition:true,Latitude:4.6903166770935059,Longitude:-74.080207824707031,Altitude:2563.699951171875,ExternalPowerVoltage:28.03,Rpm:-999,Speed:23.0,SatelliteNumber:19,Azimuth:43,BatteryLevel:100}]
"[{""Protocol"":""0x2525""","MessageType:""LocationInfoMessage""",ProtocolHeadType:19,"Imei:""869487064485674""",SerialNo:27763,Mileage:5540327,"Date:""2026-04-20T20:18:08Z""",IopIgnition:true,Latitude:4.6907229423522949,Longitude:-74.079742431640625,Altitude:2561.39990234375,ExternalPowerVoltage:28.08,Rpm:-999,Speed:18.0,SatelliteNumber:17,Azimuth:141,BatteryLevel:100}]
"[{""Protocol"":""0x2525""","MessageType:""LocationInfoMessage""",ProtocolHeadType:19,"Imei:""869487064485674""",SerialNo:27764,Mileage:5540714,"Date:""2026-04-20T20:20:08Z""",IopIgnition:true,Latitude:4.6878905296325684,Longitude:-74.0777359008789,Altitude:2572.5,ExternalPowerVoltage:25.41,Rpm:-999,Speed:0.0,SatelliteNumber:14,Azimuth:145,BatteryLevel:100}]
"[{""Protocol"":""0x2525""","MessageType:""LocationInfoMessage""",ProtocolHeadType:19,"Imei:""869487064485674""",SerialNo:27765,Mileage:5540714,"Date:""2026-04-20T20:21:08Z""",IopIgnition:true,Latitude:4.6878905296325684,Longitude:-74.0777359008789,Altitude:2572.5,ExternalPowerVoltage:25.49,Rpm:-999,Speed:0.0,SatelliteNumber:15,Azimuth:145,BatteryLevel:100}]
"[{""Protocol"":""0x2525""","MessageType:""LocationInfoMessage""",ProtocolHeadType:19,"Imei:""869487064485674""",SerialNo:27766,Mileage:5540714,"Date:""2026-04-20T20:22:08Z""",IopIgnition:true,Latitude:4.6878905296325684,Longitude:-74.0777359008789,Altitude:2572.5,ExternalPowerVoltage:25.57,Rpm:-999,Speed:0.0,SatelliteNumber:14,Azimuth:145,BatteryLevel:100}]
"[{""Protocol"":""0x2525""","MessageType:""LocationInfoMessage""",ProtocolHeadType:19,"Imei:""869487064485674""",SerialNo:27767,Mileage:5540714,"Date:""2026-04-20T20:23:07Z""",IopIgnition:true,Latitude:4.6878905296325684,Longitude:-74.0777359008789,Altitude:2572.5,ExternalPowerVoltage:25.64,Rpm:-999,Speed:0.0,SatelliteNumber:14,Azimuth:145,BatteryLevel:100}]
"[{""Protocol"":""0x2525""","MessageType:""LocationInfoMessage""",ProtocolHeadType:19,"Imei:""869487064485674""",SerialNo:27768,Mileage:5540714,"Date:""2026-04-20T20:24:08Z""",IopIgnition:true,Latitude:4.6878905296325684,Longitude:-74.0777359008789,Altitude:2572.5,ExternalPowerVoltage:25.67,Rpm:-999,Speed:0.0,SatelliteNumber:14,Azimuth:145,BatteryLevel:100}]
"[{""Protocol"":""0x2525""","MessageType:""LocationInfoMessage""",ProtocolHeadType:19,"Imei:""869487064485674""",SerialNo:27769,Mileage:5540714,"Date:""2026-04-20T20:25:08Z""",IopIgnition:true,Latitude:4.6878905296325684,Longitude:-74.0777359008789,Altitude:2572.5,ExternalPowerVoltage:25.75,Rpm:-999,Speed:0.0,SatelliteNumber:14,Azimuth:145,BatteryLevel:100}]
"[{""Protocol"":""0x2525""","MessageType:""LocationInfoMessage""",ProtocolHeadType:19,"Imei:""869487064485674""",SerialNo:27770,Mileage:5540714,"Date:""2026-04-20T20:26:08Z""",IopIgnition:true,Latitude:4.6878905296325684,Longitude:-74.0777359008789,Altitude:2572.5,ExternalPowerVoltage:25.77,Rpm:-999,Speed:0.0,SatelliteNumber:15,Azimuth:145,BatteryLevel:100}]
"[{""Protocol"":""0x2525""","MessageType:""LocationInfoMessage""",ProtocolHeadType:19,"Imei:""869487064485674""",SerialNo:27771,Mileage:5540714,"Date:""2026-04-20T20:27:08Z""",IopIgnition:true,Latitude:4.6878905296325684,Longitude:-74.0777359008789,Altitude:2572.5,ExternalPowerVoltage:25.8,Rpm:-999,Speed:0.0,SatelliteNumber:14,Azimuth:145,BatteryLevel:100}]
"[{""Protocol"":""0x2525""","MessageType:""LocationInfoMessage""",ProtocolHeadType:19,"Imei:""869487064485674""",SerialNo:27772,Mileage:5540726,"Date:""2026-04-20T20:28:08Z""",IopIgnition:true,Latitude:4.6878046989440918,Longitude:-74.077667236328125,Altitude:2573.699951171875,ExternalPowerVoltage:27.03,Rpm:-999,Speed:5.0,SatelliteNumber:15,Azimuth:150,BatteryLevel:100}]
"[{""Protocol"":""0x2525""","MessageType:""LocationInfoMessage""",ProtocolHeadType:19,"Imei:""869487064485674""",SerialNo:27773,Mileage:5540734,"Date:""2026-04-20T20:29:08Z""",IopIgnition:true,Latitude:4.6877508163452148,Longitude:-74.077629089355469,Altitude:2575.39990234375,ExternalPowerVoltage:27.93,Rpm:-999,Speed:0.0,SatelliteNumber:14,Azimuth:145,BatteryLevel:100}]
"[{""Protocol"":""0x2525""","MessageType:""LocationInfoMessage""",ProtocolHeadType:19,"Imei:""869487064485674""",SerialNo:27774,Mileage:5540734,"Date:""2026-04-20T20:30:07Z""",IopIgnition:true,Latitude:4.6877508163452148,Longitude:-74.077629089355469,Altitude:2575.39990234375,ExternalPowerVoltage:27.83,Rpm:-999,Speed:0.0,SatelliteNumber:13,Azimuth:145,BatteryLevel:100}]
"[{""Protocol"":""0x2525""","MessageType:""LocationInfoMessage""",ProtocolHeadType:19,"Imei:""869487064485674""",SerialNo:27775,Mileage:5540734,"Date:""2026-04-20T20:31:07Z""",IopIgnition:true,Latitude:4.6877508163452148,Longitude:-74.077629089355469,Altitude:2575.39990234375,ExternalPowerVoltage:27.92,Rpm:-999,Speed:0.0,SatelliteNumber:16,Azimuth:145,BatteryLevel:100}]
"[{""Protocol"":""0x2525""","MessageType:""LocationInfoMessage""",ProtocolHeadType:19,"Imei:""869487064485674""",SerialNo:27776,Mileage:5540767,"Date:""2026-04-20T20:32:08Z""",IopIgnition:true,Latitude:4.6875228881835938,Longitude:-74.077438354492188,Altitude:2577.300048828125,ExternalPowerVoltage:27.93,Rpm:-999,Speed:0.0,SatelliteNumber:15,Azimuth:150,BatteryLevel:100}]
"[{""Protocol"":""0x2525""","MessageType:""LocationInfoMessage""",ProtocolHeadType:19,"Imei:""869487064485674""",SerialNo:27777,Mileage:5540767,"Date:""2026-04-20T20:33:08Z""",IopIgnition:true,Latitude:4.6875228881835938,Longitude:-74.077438354492188,Altitude:2577.300048828125,ExternalPowerVoltage:27.91,Rpm:-999,Speed:0.0,SatelliteNumber:15,Azimuth:150,BatteryLevel:100}]
"[{""Protocol"":""0x2525""","MessageType:""LocationInfoMessage""",ProtocolHeadType:19,"Imei:""869487064485674""",SerialNo:27778,Mileage:5540767,"Date:""2026-04-20T20:34:08Z""",IopIgnition:true,Latitude:4.6875228881835938,Longitude:-74.077438354492188,Altitude:2577.300048828125,ExternalPowerVoltage:27.91,Rpm:-999,Speed:0.0,SatelliteNumber:13,Azimuth:150,BatteryLevel:100}]
"[{""Protocol"":""0x2525""","MessageType:""LocationInfoMessage""",ProtocolHeadType:19,"Imei:""869487064485674""",SerialNo:27779,Mileage:5540783,"Date:""2026-04-20T20:34:44Z""",IopIgnition:true,Latitude:4.6874294281005859,Longitude:-74.077339172363281,Altitude:2577.300048828125,ExternalPowerVoltage:27.98,Rpm:-999,Speed:5.0,SatelliteNumber:14,Azimuth:79,BatteryLevel:100}]
"[{""Protocol"":""0x2525""","MessageType:""LocationInfoMessage""",ProtocolHeadType:19,"Imei:""869487064485674""",SerialNo:27780,Mileage:5540796,"Date:""2026-04-20T20:36:08Z""",IopIgnition:true,Latitude:4.6874899864196777,Longitude:-74.077232360839844,Altitude:2576.300048828125,ExternalPowerVoltage:27.91,Rpm:-999,Speed:0.0,SatelliteNumber:14,Azimuth:55,BatteryLevel:100}]
"[{""Protocol"":""0x2525""","MessageType:""LocationInfoMessage""",ProtocolHeadType:19,"Imei:""869487064485674""",SerialNo:27781,Mileage:5540796,"Date:""2026-04-20T20:37:08Z""",IopIgnition:true,Latitude:4.6874899864196777,Longitude:-74.077232360839844,Altitude:2576.300048828125,ExternalPowerVoltage:27.98,Rpm:-999,Speed:0.0,SatelliteNumber:14,Azimuth:55,BatteryLevel:100}]
"[{""Protocol"":""0x2525""","MessageType:""LocationInfoMessage""",ProtocolHeadType:19,"Imei:""869487064485674""",SerialNo:27782,Mileage:5540796,"Date:""2026-04-20T20:38:08Z""",IopIgnition:true,Latitude:4.6874899864196777,Longitude:-74.077232360839844,Altitude:2576.300048828125,ExternalPowerVoltage:27.96,Rpm:-999,Speed:0.0,SatelliteNumber:15,Azimuth:55,BatteryLevel:100}]
"[{""Protocol"":""0x2525""","MessageType:""LocationInfoMessage""",ProtocolHeadType:19,"Imei:""869487064485674""",SerialNo:27783,Mileage:5540796,"Date:""2026-04-20T20:39:08Z""",IopIgnition:true,Latitude:4.6874899864196777,Longitude:-74.077232360839844,Altitude:2576.300048828125,ExternalPowerVoltage:27.86,Rpm:-999,Speed:0.0,SatelliteNumber:14,Azimuth:55,BatteryLevel:100}]
"[{""Protocol"":""0x2525""","MessageType:""LocationInfoMessage""",ProtocolHeadType:19,"Imei:""869487064485674""",SerialNo:27784,Mileage:5540796,"Date:""2026-04-20T20:40:07Z""",IopIgnition:true,Latitude:4.6874899864196777,Longitude:-74.077232360839844,Altitude:2576.300048828125,ExternalPowerVoltage:27.99,Rpm:-999,Speed:0.0,SatelliteNumber:15,Azimuth:55,BatteryLevel:100}]
"[{""Protocol"":""0x2525""","MessageType:""LocationInfoMessage""",ProtocolHeadType:19,"Imei:""869487064485674""",SerialNo:27785,Mileage:5540796,"Date:""2026-04-20T20:41:08Z""",IopIgnition:true,Latitude:4.6874899864196777,Longitude:-74.077232360839844,Altitude:2576.300048828125,ExternalPowerVoltage:27.93,Rpm:-999,Speed:0.0,SatelliteNumber:15,Azimuth:55,BatteryLevel:100}]
"[{""Protocol"":""0x2525""","MessageType:""LocationInfoMessage""",ProtocolHeadType:19,"Imei:""869487064485674""",SerialNo:27786,Mileage:5540824,"Date:""2026-04-20T20:41:59Z""",IopIgnition:true,Latitude:4.6876983642578125,Longitude:-74.077102661132813,Altitude:2574.39990234375,ExternalPowerVoltage:28.07,Rpm:-999,Speed:10.0,SatelliteNumber:14,Azimuth:347,BatteryLevel:100}]
"[{""Protocol"":""0x2525""","MessageType:""LocationInfoMessage""",ProtocolHeadType:19,"Imei:""869487064485674""",SerialNo:27787,Mileage:5541258,"Date:""2026-04-20T20:43:08Z""",IopIgnition:true,Latitude:4.6908631324768066,Longitude:-74.079376220703125,Altitude:2570.0,ExternalPowerVoltage:28.11,Rpm:-999,Speed:24.0,SatelliteNumber:17,Azimuth:322,BatteryLevel:100}]
"[{""Protocol"":""0x2525""","MessageType:""LocationInfoMessage""",ProtocolHeadType:19,"Imei:""869487064485674""",SerialNo:27788,Mileage:5541289,"Date:""2026-04-20T20:43:14Z""",IopIgnition:true,Latitude:4.69110631942749,Longitude:-74.079498291015625,Altitude:2572.10009765625,ExternalPowerVoltage:28.01,Rpm:-999,Speed:13.0,SatelliteNumber:17,Azimuth:21,BatteryLevel:100}]
"[{""Protocol"":""0x2525""","MessageType:""LocationInfoMessage""",ProtocolHeadType:19,"Imei:""869487064485674""",SerialNo:27789,Mileage:5541870,"Date:""2026-04-20T20:45:08Z""",IopIgnition:true,Latitude:4.694178581237793,Longitude:-74.075286865234375,Altitude:2578.199951171875,ExternalPowerVoltage:28.11,Rpm:-999,Speed:14.0,SatelliteNumber:14,Azimuth:52,BatteryLevel:100}]
"[{""Protocol"":""0x2525""","MessageType:""LocationInfoMessage""",ProtocolHeadType:19,"Imei:""869487064485674""",SerialNo:27790,Mileage:5542096,"Date:""2026-04-20T20:46:08Z""",IopIgnition:true,Latitude:4.6953949928283691,Longitude:-74.073646545410156,Altitude:2574.199951171875,ExternalPowerVoltage:28.08,Rpm:-999,Speed:17.0,SatelliteNumber:17,Azimuth:55,BatteryLevel:100}]
"[{""Protocol"":""0x2525""","MessageType:""LocationInfoMessage""",ProtocolHeadType:19,"Imei:""869487064485674""",SerialNo:27791,Mileage:5542598,"Date:""2026-04-20T20:47:08Z""",IopIgnition:true,Latitude:4.6980748176574707,Longitude:-74.070014953613281,Altitude:2574.60009765625,ExternalPowerVoltage:28.18,Rpm:-999,Speed:30.0,SatelliteNumber:17,Azimuth:53,BatteryLevel:100}]
"[{""Protocol"":""0x2525""","MessageType:""LocationInfoMessage""",ProtocolHeadType:19,"Imei:""869487064485674""",SerialNo:27792,Mileage:5542682,"Date:""2026-04-20T20:47:21Z""",IopIgnition:true,Latitude:4.69857931137085,Longitude:-74.069473266601563,Altitude:2574.300048828125,ExternalPowerVoltage:27.97,Rpm:-999,Speed:16.0,SatelliteNumber:16,Azimuth:350,BatteryLevel:100}]
"[{""Protocol"":""0x2525""","MessageType:""LocationInfoMessage""",ProtocolHeadType:19,"Imei:""869487064485674""",SerialNo:27793,Mileage:5543716,"Date:""2026-04-20T20:49:08Z""",IopIgnition:true,Latitude:4.7076210975646973,Longitude:-74.071304321289063,Altitude:2571.199951171875,ExternalPowerVoltage:28.22,Rpm:-999,Speed:44.0,SatelliteNumber:17,Azimuth:341,BatteryLevel:100}]
"[{""Protocol"":""0x2525""","MessageType:""LocationInfoMessage""",ProtocolHeadType:19,"Imei:""869487064485674""",SerialNo:27794,Mileage:5543951,"Date:""2026-04-20T20:50:08Z""",IopIgnition:true,Latitude:4.709688663482666,Longitude:-74.071731567382813,Altitude:2565.5,ExternalPowerVoltage:27.93,Rpm:-999,Speed:0.0,SatelliteNumber:16,Azimuth:354,BatteryLevel:100}]
"[{""Protocol"":""0x2525""","MessageType:""LocationInfoMessage""",ProtocolHeadType:19,"Imei:""869487064485674""",SerialNo:27795,Mileage:5543968,"Date:""2026-04-20T20:51:08Z""",IopIgnition:true,Latitude:4.7098388671875,Longitude:-74.071731567382813,Altitude:2567.5,ExternalPowerVoltage:28.09,Rpm:-999,Speed:14.0,SatelliteNumber:12,Azimuth:358,BatteryLevel:100}]
"[{""Protocol"":""0x2525""","MessageType:""LocationInfoMessage""",ProtocolHeadType:19,"Imei:""869487064485674""",SerialNo:27796,Mileage:5544297,"Date:""2026-04-20T20:52:07Z""",IopIgnition:true,Latitude:4.7127275466918945,Longitude:-74.072349548339844,Altitude:2576.199951171875,ExternalPowerVoltage:27.88,Rpm:-999,Speed:0.0,SatelliteNumber:17,Azimuth:351,BatteryLevel:100}]
"[{""Protocol"":""0x2525""","MessageType:""LocationInfoMessage""",ProtocolHeadType:19,"Imei:""869487064485674""",SerialNo:27797,Mileage:5544660,"Date:""2026-04-20T20:53:07Z""",IopIgnition:true,Latitude:4.7158932685852051,Longitude:-74.073150634765625,Altitude:2575.39990234375,ExternalPowerVoltage:28.12,Rpm:-999,Speed:49.0,SatelliteNumber:16,Azimuth:346,BatteryLevel:100}]
"[{""Protocol"":""0x2525""","MessageType:""LocationInfoMessage""",ProtocolHeadType:19,"Imei:""869487064485674""",SerialNo:27798,Mileage:5545491,"Date:""2026-04-20T20:54:08Z""",IopIgnition:true,Latitude:4.723081111907959,Longitude:-74.074722290039063,Altitude:2586.199951171875,ExternalPowerVoltage:28.11,Rpm:-999,Speed:52.0,SatelliteNumber:16,Azimuth:355,BatteryLevel:100}]
"[{""Protocol"":""0x2525""","MessageType:""LocationInfoMessage""",ProtocolHeadType:19,"Imei:""869487064485674""",SerialNo:27799,Mileage:5546023,"Date:""2026-04-20T20:55:08Z""",IopIgnition:true,Latitude:4.7278623580932617,Longitude:-74.074630737304688,Altitude:2590.800048828125,ExternalPowerVoltage:28.06,Rpm:-999,Speed:19.0,SatelliteNumber:17,Azimuth:2,BatteryLevel:100}]
"[{""Protocol"":""0x2525""","MessageType:""LocationInfoMessage""",ProtocolHeadType:19,"Imei:""869487064485674""",SerialNo:27800,Mileage:5546581,"Date:""2026-04-20T20:55:57Z""",IopIgnition:true,Latitude:4.7327699661254883,Longitude:-74.075279235839844,Altitude:2607.5,ExternalPowerVoltage:28.1,Rpm:-999,Speed:40.0,SatelliteNumber:16,Azimuth:316,BatteryLevel:100}]
"[{""Protocol"":""0x2525""","MessageType:""LocationInfoMessage""",ProtocolHeadType:19,"Imei:""869487064485674""",SerialNo:27801,Mileage:5547440,"Date:""2026-04-20T20:57:08Z""",IopIgnition:true,Latitude:4.7363734245300293,Longitude:-74.081916809082031,Altitude:2608.199951171875,ExternalPowerVoltage:28.09,Rpm:-999,Speed:44.0,SatelliteNumber:16,Azimuth:322,BatteryLevel:100}]
"[{""Protocol"":""0x2525""","MessageType:""LocationInfoMessage""",ProtocolHeadType:19,"Imei:""869487064485674""",SerialNo:27802,Mileage:5547896,"Date:""2026-04-20T20:58:08Z""",IopIgnition:true,Latitude:4.7381091117858887,Longitude:-74.085517883300781,Altitude:2584.199951171875,ExternalPowerVoltage:28.08,Rpm:-999,Speed:18.0,SatelliteNumber:16,Azimuth:286,BatteryLevel:100}]
"[{""Protocol"":""0x2525""","MessageType:""LocationInfoMessage""",ProtocolHeadType:19,"Imei:""869487064485674""",SerialNo:27803,Mileage:5548150,"Date:""2026-04-20T20:59:08Z""",IopIgnition:true,Latitude:4.7394070625305176,Longitude:-74.08734130859375,Altitude:2577.60009765625,ExternalPowerVoltage:27.89,Rpm:-999,Speed:11.0,SatelliteNumber:16,Azimuth:312,BatteryLevel:100}]
"[{""Protocol"":""0x2525""","MessageType:""LocationInfoMessage""",ProtocolHeadType:19,"Imei:""869487064485674""",SerialNo:27804,Mileage:5548207,"Date:""2026-04-20T21:00:07Z""",IopIgnition:true,Latitude:4.7397823333740234,Longitude:-74.087684631347656,Altitude:2575.39990234375,ExternalPowerVoltage:28.12,Rpm:-999,Speed:15.0,SatelliteNumber:15,Azimuth:315,BatteryLevel:100}]
"[{""Protocol"":""0x2525""","MessageType:""LocationInfoMessage""",ProtocolHeadType:19,"Imei:""869487064485674""",SerialNo:27805,Mileage:5548334,"Date:""2026-04-20T21:01:07Z""",IopIgnition:true,Latitude:4.740598201751709,Longitude:-74.088493347167969,Altitude:2570.10009765625,ExternalPowerVoltage:27.92,Rpm:-999,Speed:0.0,SatelliteNumber:14,Azimuth:315,BatteryLevel:100}]
"[{""Protocol"":""0x2525""","MessageType:""LocationInfoMessage""",ProtocolHeadType:19,"Imei:""869487064485674""",SerialNo:27806,Mileage:5548507,"Date:""2026-04-20T21:02:08Z""",IopIgnition:true,Latitude:4.74161958694458,Longitude:-74.08966064453125,Altitude:2574.89990234375,ExternalPowerVoltage:27.85,Rpm:-999,Speed:0.0,SatelliteNumber:16,Azimuth:304,BatteryLevel:100}]
"[{""Protocol"":""0x2525""","MessageType:""LocationInfoMessage""",ProtocolHeadType:19,"Imei:""869487064485674""",SerialNo:27807,Mileage:5548507,"Date:""2026-04-20T21:03:08Z""",IopIgnition:true,Latitude:4.74161958694458,Longitude:-74.08966064453125,Altitude:2574.89990234375,ExternalPowerVoltage:28.04,Rpm:-999,Speed:0.0,SatelliteNumber:16,Azimuth:304,BatteryLevel:100}]
"[{""Protocol"":""0x2525""","MessageType:""LocationInfoMessage""",ProtocolHeadType:19,"Imei:""869487064485674""",SerialNo:27808,Mileage:5548962,"Date:""2026-04-20T21:04:08Z""",IopIgnition:true,Latitude:4.74414587020874,Longitude:-74.0928726196289,Altitude:2572.800048828125,ExternalPowerVoltage:28.14,Rpm:-999,Speed:25.0,SatelliteNumber:17,Azimuth:306,BatteryLevel:100}]
"[{""Protocol"":""0x2525""","MessageType:""LocationInfoMessage""",ProtocolHeadType:19,"Imei:""869487064485674""",SerialNo:27809,Mileage:5549032,"Date:""2026-04-20T21:05:08Z""",IopIgnition:true,Latitude:4.74452543258667,Longitude:-74.0933837890625,Altitude:2572.300048828125,ExternalPowerVoltage:28.17,Rpm:-999,Speed:20.0,SatelliteNumber:17,Azimuth:307,BatteryLevel:100}]
"[{""Protocol"":""0x2525""","MessageType:""LocationInfoMessage""",ProtocolHeadType:19,"Imei:""869487064485674""",SerialNo:27810,Mileage:5549215,"Date:""2026-04-20T21:06:08Z""",IopIgnition:true,Latitude:4.745476245880127,Longitude:-74.0947265625,Altitude:2572.699951171875,ExternalPowerVoltage:27.87,Rpm:-999,Speed:0.0,SatelliteNumber:16,Azimuth:307,BatteryLevel:100}]
"[{""Protocol"":""0x2525""","MessageType:""LocationInfoMessage""",ProtocolHeadType:19,"Imei:""869487064485674""",SerialNo:27811,Mileage:5549299,"Date:""2026-04-20T21:07:08Z""",IopIgnition:true,Latitude:4.745995044708252,Longitude:-74.09527587890625,Altitude:2572.199951171875,ExternalPowerVoltage:28.17,Rpm:-999,Speed:28.0,SatelliteNumber:17,Azimuth:309,BatteryLevel:100}]
"[{""Protocol"":""0x2525""","MessageType:""LocationInfoMessage""",ProtocolHeadType:19,"Imei:""869487064485674""",SerialNo:27812,Mileage:5549829,"Date:""2026-04-20T21:08:07Z""",IopIgnition:true,Latitude:4.748509407043457,Longitude:-74.09930419921875,Altitude:2571.5,ExternalPowerVoltage:28.13,Rpm:-999,Speed:29.0,SatelliteNumber:16,Azimuth:295,BatteryLevel:100}]
"[{""Protocol"":""0x2525""","MessageType:""LocationInfoMessage""",ProtocolHeadType:19,"Imei:""869487064485674""",SerialNo:27813,Mileage:5550216,"Date:""2026-04-20T21:09:08Z""",IopIgnition:true,Latitude:4.7500276565551758,Longitude:-74.102447509765625,Altitude:2573.39990234375,ExternalPowerVoltage:28.02,Rpm:-999,Speed:27.0,SatelliteNumber:14,Azimuth:292,BatteryLevel:100}]
"[{""Protocol"":""0x2525""","MessageType:""LocationInfoMessage""",ProtocolHeadType:19,"Imei:""869487064485674""",SerialNo:27814,Mileage:5550374,"Date:""2026-04-20T21:09:44Z""",IopIgnition:true,Latitude:4.7505693435668945,Longitude:-74.103721618652344,Altitude:2572.699951171875,ExternalPowerVoltage:28.31,Rpm:-999,Speed:12.0,SatelliteNumber:17,Azimuth:191,BatteryLevel:100}]
"[{""Protocol"":""0x2525""","MessageType:""LocationInfoMessage""",ProtocolHeadType:19,"Imei:""869487064485674""",SerialNo:27815,Mileage:5550387,"Date:""2026-04-20T21:09:47Z""",IopIgnition:true,Latitude:4.7504692077636719,Longitude:-74.103675842285156,Altitude:2572.800048828125,ExternalPowerVoltage:28.37,Rpm:-999,Speed:16.0,SatelliteNumber:17,Azimuth:130,BatteryLevel:100}]
"[{""Protocol"":""0x2525""","MessageType:""LocationInfoMessage""",ProtocolHeadType:19,"Imei:""869487064485674""",SerialNo:27815,Mileage:5550387,"Date:""2026-04-20T21:09:47Z""",IopIgnition:true,Latitude:4.7504692077636719,Longitude:-74.103675842285156,Altitude:2572.800048828125,ExternalPowerVoltage:28.37,Rpm:-999,Speed:16.0,SatelliteNumber:17,Azimuth:130,BatteryLevel:100}]
"[{""Protocol"":""0x2525""","MessageType:""LocationInfoMessage""",ProtocolHeadType:19,"Imei:""869487064485674""",SerialNo:27816,Mileage:5550562,"Date:""2026-04-20T21:10:14Z""",IopIgnition:true,Latitude:4.7496294975280762,Longitude:-74.102432250976563,Altitude:2571.699951171875,ExternalPowerVoltage:28.55,Rpm:-999,Speed:22.0,SatelliteNumber:15,Azimuth:191,BatteryLevel:100}]
"[{""Protocol"":""0x2525""","MessageType:""LocationInfoMessage""",ProtocolHeadType:19,"Imei:""869487064485674""",SerialNo:27817,Mileage:5550871,"Date:""2026-04-20T21:11:07Z""",IopIgnition:true,Latitude:4.747321605682373,Longitude:-74.10394287109375,Altitude:2568.89990234375,ExternalPowerVoltage:28.11,Rpm:-999,Speed:16.0,SatelliteNumber:15,Azimuth:283,BatteryLevel:100}]
"[{""Protocol"":""0x2525""","MessageType:""LocationInfoMessage""",ProtocolHeadType:19,"Imei:""869487064485674""",SerialNo:27818,Mileage:5551089,"Date:""2026-04-20T21:11:59Z""",IopIgnition:true,Latitude:4.74766731262207,Longitude:-74.105804443359375,Altitude:2570.199951171875,ExternalPowerVoltage:28.42,Rpm:-999,Speed:14.0,SatelliteNumber:16,Azimuth:358,BatteryLevel:100}]
"[{""Protocol"":""0x2525""","MessageType:""LocationInfoMessage""",ProtocolHeadType:19,"Imei:""869487064485674""",SerialNo:27819,Mileage:5551228,"Date:""2026-04-20T21:12:34Z""",IopIgnition:true,Latitude:4.7488937377929688,Longitude:-74.105781555175781,Altitude:2569.10009765625,ExternalPowerVoltage:27.81,Rpm:-999,Speed:8.0,SatelliteNumber:16,Azimuth:301,BatteryLevel:100}]
"[{""Protocol"":""0x2525""","MessageType:""LocationInfoMessage""",ProtocolHeadType:19,"Imei:""869487064485674""",SerialNo:27820,Mileage:5551238,"Date:""2026-04-20T21:12:38Z""",IopIgnition:true,Latitude:4.7488946914672852,Longitude:-74.105865478515625,Altitude:2568.39990234375,ExternalPowerVoltage:27.8,Rpm:-999,Speed:12.0,SatelliteNumber:16,Azimuth:244,BatteryLevel:100}]
"[{""Protocol"":""0x2525""","MessageType:""LocationInfoMessage""",ProtocolHeadType:19,"Imei:""869487064485674""",SerialNo:27821,Mileage:5551993,"Date:""2026-04-20T21:14:08Z""",IopIgnition:true,Latitude:4.7460641860961914,Longitude:-74.110687255859375,Altitude:2570.199951171875,ExternalPowerVoltage:28.2,Rpm:-999,Speed:28.0,SatelliteNumber:16,Azimuth:285,BatteryLevel:100}]
"[{""Protocol"":""0x2525""","MessageType:""LocationInfoMessage""",ProtocolHeadType:19,"Imei:""869487064485674""",SerialNo:27822,Mileage:5552353,"Date:""2026-04-20T21:15:08Z""",IopIgnition:true,Latitude:4.7468476295471191,Longitude:-74.11383056640625,Altitude:2571.39990234375,ExternalPowerVoltage:27.87,Rpm:-999,Speed:18.0,SatelliteNumber:16,Azimuth:284,BatteryLevel:100}]
"[{""Protocol"":""0x2525""","MessageType:""LocationInfoMessage""",ProtocolHeadType:19,"Imei:""869487064485674""",SerialNo:27823,Mileage:5552770,"Date:""2026-04-20T21:16:08Z""",IopIgnition:true,Latitude:4.7472257614135742,Longitude:-74.117561340332031,Altitude:2563.199951171875,ExternalPowerVoltage:28.11,Rpm:-999,Speed:25.0,SatelliteNumber:14,Azimuth:273,BatteryLevel:100}]
"[{""Protocol"":""0x2525""","MessageType:""LocationInfoMessage""",ProtocolHeadType:19,"Imei:""869487064485674""",SerialNo:27824,Mileage:5553140,"Date:""2026-04-20T21:16:58Z""",IopIgnition:true,Latitude:4.7475461959838867,Longitude:-74.120841979980469,Altitude:2575.89990234375,ExternalPowerVoltage:28.08,Rpm:-999,Speed:15.0,SatelliteNumber:17,Azimuth:198,BatteryLevel:100}]
"[{""Protocol"":""0x2525""","MessageType:""LocationInfoMessage""",ProtocolHeadType:19,"Imei:""869487064485674""",SerialNo:27825,Mileage:5553236,"Date:""2026-04-20T21:17:13Z""",IopIgnition:true,Latitude:4.7467179298400879,Longitude:-74.120613098144531,Altitude:2567.800048828125,ExternalPowerVoltage:28.09,Rpm:-999,Speed:18.0,SatelliteNumber:15,Azimuth:146,BatteryLevel:100}]
"[{""Protocol"":""0x2525""","MessageType:""LocationInfoMessage""",ProtocolHeadType:19,"Imei:""869487064485674""",SerialNo:27826,Mileage:5553256,"Date:""2026-04-20T21:17:19Z""",IopIgnition:true,Latitude:4.7465505599975586,Longitude:-74.120552062988281,Altitude:2564.300048828125,ExternalPowerVoltage:27.99,Rpm:-999,Speed:8.0,SatelliteNumber:17,Azimuth:204,BatteryLevel:100}]
"[{""Protocol"":""0x2525""","MessageType:""LocationInfoMessage""",ProtocolHeadType:19,"Imei:""869487064485674""",SerialNo:27827,Mileage:5553262,"Date:""2026-04-20T21:17:21Z""",IopIgnition:true,Latitude:4.7465176582336426,Longitude:-74.1205825805664,Altitude:2564.199951171875,ExternalPowerVoltage:28.09,Rpm:-999,Speed:12.0,SatelliteNumber:17,Azimuth:254,BatteryLevel:100}]
"[{""Protocol"":""0x2525""","MessageType:""LocationInfoMessage""",ProtocolHeadType:19,"Imei:""869487064485674""",SerialNo:27828,Mileage:5553298,"Date:""2026-04-20T21:19:08Z""",IopIgnition:true,Latitude:4.7464118003845215,Longitude:-74.120895385742188,Altitude:2564.199951171875,ExternalPowerVoltage:27.86,Rpm:-999,Speed:0.0,SatelliteNumber:12,Azimuth:254,BatteryLevel:100}]
"[{""Protocol"":""0x2525""","MessageType:""LocationInfoMessage""",ProtocolHeadType:19,"Imei:""869487064485674""",SerialNo:27829,Mileage:5553298,"Date:""2026-04-20T21:20:08Z""",IopIgnition:true,Latitude:4.7464118003845215,Longitude:-74.120895385742188,Altitude:2564.199951171875,ExternalPowerVoltage:27.97,Rpm:-999,Speed:0.0,SatelliteNumber:13,Azimuth:254,BatteryLevel:100}]
"[{""Protocol"":""0x2525""","MessageType:""LocationInfoMessage""",ProtocolHeadType:19,"Imei:""869487064485674""",SerialNo:27830,Mileage:5553531,"Date:""2026-04-20T21:21:07Z""",IopIgnition:true,Latitude:4.7457661628723145,Longitude:-74.122886657714844,Altitude:2566.10009765625,ExternalPowerVoltage:28.12,Rpm:-999,Speed:17.0,SatelliteNumber:17,Azimuth:250,BatteryLevel:100}]
"[{""Protocol"":""0x2525""","MessageType:""LocationInfoMessage""",ProtocolHeadType:19,"Imei:""869487064485674""",SerialNo:27831,Mileage:5553809,"Date:""2026-04-20T21:22:07Z""",IopIgnition:true,Latitude:4.7449936866760254,Longitude:-74.125259399414063,Altitude:2561.300048828125,ExternalPowerVoltage:27.95,Rpm:-999,Speed:6.0,SatelliteNumber:16,Azimuth:245,BatteryLevel:100}]
"[{""Protocol"":""0x2525""","MessageType:""LocationInfoMessage""",ProtocolHeadType:19,"Imei:""869487064485674""",SerialNo:27832,Mileage:5554053,"Date:""2026-04-20T21:23:08Z""",IopIgnition:true,Latitude:4.7442741394042969,Longitude:-74.1273422241211,Altitude:2563.699951171875,ExternalPowerVoltage:28.09,Rpm:-999,Speed:15.0,SatelliteNumber:18,Azimuth:249,BatteryLevel:100}]
"[{""Protocol"":""0x2525""","MessageType:""LocationInfoMessage""",ProtocolHeadType:19,"Imei:""869487064485674""",SerialNo:27833,Mileage:5554133,"Date:""2026-04-20T21:24:08Z""",IopIgnition:true,Latitude:4.7442808151245117,Longitude:-74.128021240234375,Altitude:2565.5,ExternalPowerVoltage:27.93,Rpm:-999,Speed:0.0,SatelliteNumber:17,Azimuth:293,BatteryLevel:100}]
"[{""Protocol"":""0x2525""","MessageType:""LocationInfoMessage""",ProtocolHeadType:19,"Imei:""869487064485674""",SerialNo:27834,Mileage:5554133,"Date:""2026-04-20T21:25:08Z""",IopIgnition:true,Latitude:4.7442808151245117,Longitude:-74.128021240234375,Altitude:2565.5,ExternalPowerVoltage:27.97,Rpm:-999,Speed:0.0,SatelliteNumber:16,Azimuth:293,BatteryLevel:100}]
"[{""Protocol"":""0x2525""","MessageType:""LocationInfoMessage""",ProtocolHeadType:19,"Imei:""869487064485674""",SerialNo:27835,Mileage:5554133,"Date:""2026-04-20T21:26:08Z""",IopIgnition:true,Latitude:4.7442808151245117,Longitude:-74.128021240234375,Altitude:2565.5,ExternalPowerVoltage:27.86,Rpm:-999,Speed:0.0,SatelliteNumber:16,Azimuth:293,BatteryLevel:100}]
"[{""Protocol"":""0x2525""","MessageType:""LocationInfoMessage""",ProtocolHeadType:19,"Imei:""869487064485674""",SerialNo:27836,Mileage:5554133,"Date:""2026-04-20T21:27:08Z""",IopIgnition:true,Latitude:4.7442808151245117,Longitude:-74.128021240234375,Altitude:2565.5,ExternalPowerVoltage:27.99,Rpm:-999,Speed:0.0,SatelliteNumber:16,Azimuth:293,BatteryLevel:100}]
"[{""Protocol"":""0x2525""","MessageType:""LocationInfoMessage""",ProtocolHeadType:19,"Imei:""869487064485674""",SerialNo:27837,Mileage:5554133,"Date:""2026-04-20T21:28:08Z""",IopIgnition:true,Latitude:4.7442808151245117,Longitude:-74.128021240234375,Altitude:2565.5,ExternalPowerVoltage:27.9,Rpm:-999,Speed:0.0,SatelliteNumber:16,Azimuth:293,BatteryLevel:100}]
"[{""Protocol"":""0x2525""","MessageType:""LocationInfoMessage""",ProtocolHeadType:19,"Imei:""869487064485674""",SerialNo:27838,Mileage:5554133,"Date:""2026-04-20T21:29:07Z""",IopIgnition:true,Latitude:4.7442808151245117,Longitude:-74.128021240234375,Altitude:2565.5,ExternalPowerVoltage:27.96,Rpm:-999,Speed:0.0,SatelliteNumber:17,Azimuth:293,BatteryLevel:100}]
"[{""Protocol"":""0x2525""","MessageType:""LocationInfoMessage""",ProtocolHeadType:19,"Imei:""869487064485674""",SerialNo:27839,Mileage:5554133,"Date:""2026-04-20T21:30:08Z""",IopIgnition:true,Latitude:4.7442808151245117,Longitude:-74.128021240234375,Altitude:2565.5,ExternalPowerVoltage:27.89,Rpm:-999,Speed:0.0,SatelliteNumber:15,Azimuth:293,BatteryLevel:100}]
"[{""Protocol"":""0x2525""","MessageType:""LocationInfoMessage""",ProtocolHeadType:19,"Imei:""869487064485674""",SerialNo:27840,Mileage:5554133,"Date:""2026-04-20T21:31:08Z""",IopIgnition:true,Latitude:4.7442808151245117,Longitude:-74.128021240234375,Altitude:2565.5,ExternalPowerVoltage:27.89,Rpm:-999,Speed:0.0,SatelliteNumber:17,Azimuth:293,BatteryLevel:100}]
"[{""Protocol"":""0x2525""","MessageType:""LocationInfoMessage""",ProtocolHeadType:19,"Imei:""869487064485674""",SerialNo:27841,Mileage:5554133,"Date:""2026-04-20T21:32:08Z""",IopIgnition:true,Latitude:4.7442808151245117,Longitude:-74.128021240234375,Altitude:2565.5,ExternalPowerVoltage:27.99,Rpm:-999,Speed:0.0,SatelliteNumber:14,Azimuth:293,BatteryLevel:100}]
"[{""Protocol"":""0x2525""","MessageType:""LocationInfoMessage""",ProtocolHeadType:19,"Imei:""869487064485674""",SerialNo:27842,Mileage:5554133,"Date:""2026-04-20T21:33:08Z""",IopIgnition:true,Latitude:4.7442808151245117,Longitude:-74.128021240234375,Altitude:2565.5,ExternalPowerVoltage:27.85,Rpm:-999,Speed:0.0,SatelliteNumber:16,Azimuth:293,BatteryLevel:100}]
"[{""Protocol"":""0x2525""","MessageType:""LocationInfoMessage""",ProtocolHeadType:19,"Imei:""869487064485674""",SerialNo:27843,Mileage:5554133,"Date:""2026-04-20T21:34:08Z""",IopIgnition:true,Latitude:4.7442808151245117,Longitude:-74.128021240234375,Altitude:2565.5,ExternalPowerVoltage:27.96,Rpm:-999,Speed:0.0,SatelliteNumber:17,Azimuth:293,BatteryLevel:100}]
"[{""Protocol"":""0x2525""","MessageType:""LocationInfoMessage""",ProtocolHeadType:19,"Imei:""869487064485674""",SerialNo:27844,Mileage:5554133,"Date:""2026-04-20T21:35:08Z""",IopIgnition:true,Latitude:4.7442808151245117,Longitude:-74.128021240234375,Altitude:2565.5,ExternalPowerVoltage:27.88,Rpm:-999,Speed:0.0,SatelliteNumber:17,Azimuth:293,BatteryLevel:100}]
"[{""Protocol"":""0x2525""","MessageType:""LocationInfoMessage""",ProtocolHeadType:19,"Imei:""869487064485674""",SerialNo:27845,Mileage:5554190,"Date:""2026-04-20T21:36:07Z""",IopIgnition:true,Latitude:4.7443838119506836,Longitude:-74.128509521484375,Altitude:2569.5,ExternalPowerVoltage:28.07,Rpm:-999,Speed:13.0,SatelliteNumber:18,Azimuth:279,BatteryLevel:100}]
"[{""Protocol"":""0x2525""","MessageType:""LocationInfoMessage""",ProtocolHeadType:19,"Imei:""869487064485674""",SerialNo:27846,Mileage:5554221,"Date:""2026-04-20T21:36:18Z""",IopIgnition:true,Latitude:4.7443890571594238,Longitude:-74.128768920898438,Altitude:2569.89990234375,ExternalPowerVoltage:28.02,Rpm:-999,Speed:13.0,SatelliteNumber:16,Azimuth:206,BatteryLevel:100}]
"[{""Protocol"":""0x2525""","MessageType:""LocationInfoMessage""",ProtocolHeadType:19,"Imei:""869487064485674""",SerialNo:27847,Mileage:5554480,"Date:""2026-04-20T21:37:05Z""",IopIgnition:true,Latitude:4.7422709465026855,Longitude:-74.1295166015625,Altitude:2567.199951171875,ExternalPowerVoltage:28.11,Rpm:-999,Speed:21.0,SatelliteNumber:17,Azimuth:256,BatteryLevel:100}]
"[{""Protocol"":""0x2525""","MessageType:""LocationInfoMessage""",ProtocolHeadType:19,"Imei:""869487064485674""",SerialNo:27848,Mileage:5554608,"Date:""2026-04-20T21:37:30Z""",IopIgnition:true,Latitude:4.74188756942749,Longitude:-74.1305923461914,Altitude:2566.5,ExternalPowerVoltage:28.06,Rpm:-999,Speed:6.0,SatelliteNumber:17,Azimuth:172,BatteryLevel:100}]
"[{""Protocol"":""0x2525""","MessageType:""LocationInfoMessage""",ProtocolHeadType:19,"Imei:""869487064485674""",SerialNo:27849,Mileage:5554814,"Date:""2026-04-20T21:38:04Z""",IopIgnition:true,Latitude:4.7401981353759766,Longitude:-74.129837036132813,Altitude:2563.89990234375,ExternalPowerVoltage:28.16,Rpm:-999,Speed:8.0,SatelliteNumber:16,Azimuth:117,BatteryLevel:100}]
"[{""Protocol"":""0x2525""","MessageType:""LocationInfoMessage""",ProtocolHeadType:19,"Imei:""869487064485674""",SerialNo:27850,Mileage:5554828,"Date:""2026-04-20T21:38:08Z""",IopIgnition:true,Latitude:4.7402081489562988,Longitude:-74.129722595214844,Altitude:2564.39990234375,ExternalPowerVoltage:28.3,Rpm:-999,Speed:16.0,SatelliteNumber:16,Azimuth:69,BatteryLevel:100}]
"[{""Protocol"":""0x2525""","MessageType:""LocationInfoMessage""",ProtocolHeadType:19,"Imei:""869487064485674""",SerialNo:27851,Mileage:5555359,"Date:""2026-04-20T21:40:08Z""",IopIgnition:true,Latitude:4.7420926094055176,Longitude:-74.125320434570313,Altitude:2575.89990234375,ExternalPowerVoltage:27.9,Rpm:-999,Speed:0.0,SatelliteNumber:16,Azimuth:58,BatteryLevel:100}]
"[{""Protocol"":""0x2525""","MessageType:""LocationInfoMessage""",ProtocolHeadType:19,"Imei:""869487064485674""",SerialNo:27852,Mileage:5555359,"Date:""2026-04-20T21:41:08Z""",IopIgnition:true,Latitude:4.7420926094055176,Longitude:-74.125320434570313,Altitude:2575.89990234375,ExternalPowerVoltage:28.01,Rpm:-999,Speed:0.0,SatelliteNumber:15,Azimuth:58,BatteryLevel:100}]
"[{""Protocol"":""0x2525""","MessageType:""LocationInfoMessage""",ProtocolHeadType:19,"Imei:""869487064485674""",SerialNo:27853,Mileage:5555359,"Date:""2026-04-20T21:42:08Z""",IopIgnition:true,Latitude:4.7420926094055176,Longitude:-74.125320434570313,Altitude:2575.89990234375,ExternalPowerVoltage:27.91,Rpm:-999,Speed:0.0,SatelliteNumber:15,Azimuth:58,BatteryLevel:100}]
"[{""Protocol"":""0x2525""","MessageType:""LocationInfoMessage""",ProtocolHeadType:19,"Imei:""869487064485674""",SerialNo:27854,Mileage:5555359,"Date:""2026-04-20T21:43:07Z""",IopIgnition:true,Latitude:4.7420926094055176,Longitude:-74.125320434570313,Altitude:2575.89990234375,ExternalPowerVoltage:27.85,Rpm:-999,Speed:0.0,SatelliteNumber:15,Azimuth:58,BatteryLevel:100}]
"[{""Protocol"":""0x2525""","MessageType:""LocationInfoMessage""",ProtocolHeadType:19,"Imei:""869487064485674""",SerialNo:27855,Mileage:5555359,"Date:""2026-04-20T21:44:07Z""",IopIgnition:true,Latitude:4.7420926094055176,Longitude:-74.125320434570313,Altitude:2575.89990234375,ExternalPowerVoltage:27.99,Rpm:-999,Speed:0.0,SatelliteNumber:16,Azimuth:58,BatteryLevel:100}]
"[{""Protocol"":""0x2525""","MessageType:""LocationInfoMessage""",ProtocolHeadType:19,"Imei:""869487064485674""",SerialNo:27856,Mileage:5555359,"Date:""2026-04-20T21:45:08Z""",IopIgnition:true,Latitude:4.7420926094055176,Longitude:-74.125320434570313,Altitude:2575.89990234375,ExternalPowerVoltage:28.25,Rpm:-999,Speed:0.0,SatelliteNumber:15,Azimuth:58,BatteryLevel:100}]
"[{""Protocol"":""0x2525""","MessageType:""LocationInfoMessage""",ProtocolHeadType:19,"Imei:""869487064485674""",SerialNo:27857,Mileage:5555610,"Date:""2026-04-20T21:46:08Z""",IopIgnition:true,Latitude:4.7429256439208984,Longitude:-74.12322998046875,Altitude:2569.0,ExternalPowerVoltage:27.98,Rpm:-999,Speed:0.0,SatelliteNumber:16,Azimuth:64,BatteryLevel:100}]
"[{""Protocol"":""0x2525""","MessageType:""LocationInfoMessage""",ProtocolHeadType:19,"Imei:""869487064485674""",SerialNo:27858,Mileage:5555657,"Date:""2026-04-20T21:47:08Z""",IopIgnition:true,Latitude:4.7431068420410156,Longitude:-74.122856140136719,Altitude:2568.5,ExternalPowerVoltage:27.83,Rpm:-999,Speed:6.0,SatelliteNumber:14,Azimuth:70,BatteryLevel:100}]
"[{""Protocol"":""0x2525""","MessageType:""LocationInfoMessage""",ProtocolHeadType:19,"Imei:""869487064485674""",SerialNo:27859,Mileage:5555733,"Date:""2026-04-20T21:48:08Z""",IopIgnition:true,Latitude:4.7433609962463379,Longitude:-74.122207641601563,Altitude:2568.10009765625,ExternalPowerVoltage:28.3,Rpm:-999,Speed:6.0,SatelliteNumber:16,Azimuth:71,BatteryLevel:100}]
"[{""Protocol"":""0x2525""","MessageType:""LocationInfoMessage""",ProtocolHeadType:19,"Imei:""869487064485674""",SerialNo:27860,Mileage:5555940,"Date:""2026-04-20T21:49:08Z""",IopIgnition:true,Latitude:4.7440624237060547,Longitude:-74.120491027832031,Altitude:2565.5,ExternalPowerVoltage:28.55,Rpm:-999,Speed:15.0,SatelliteNumber:16,Azimuth:72,BatteryLevel:100}]
"[{""Protocol"":""0x2525""","MessageType:""LocationInfoMessage""",ProtocolHeadType:19,"Imei:""869487064485674""",SerialNo:27861,Mileage:5556247,"Date:""2026-04-20T21:50:07Z""",IopIgnition:true,Latitude:4.7451772689819336,Longitude:-74.117988586425781,Altitude:2568.0,ExternalPowerVoltage:28.11,Rpm:-999,Speed:15.0,SatelliteNumber:17,Azimuth:96,BatteryLevel:100}]
"[{""Protocol"":""0x2525""","MessageType:""LocationInfoMessage""",ProtocolHeadType:19,"Imei:""869487064485674""",SerialNo:27862,Mileage:5556587,"Date:""2026-04-20T21:51:08Z""",IopIgnition:true,Latitude:4.74411678314209,Longitude:-74.115188598632813,Altitude:2578.89990234375,ExternalPowerVoltage:28.22,Rpm:-999,Speed:28.0,SatelliteNumber:17,Azimuth:118,BatteryLevel:100}]
"[{""Protocol"":""0x2525""","MessageType:""LocationInfoMessage""",ProtocolHeadType:19,"Imei:""869487064485674""",SerialNo:27863,Mileage:5556824,"Date:""2026-04-20T21:51:50Z""",IopIgnition:true,Latitude:4.7431540489196777,Longitude:-74.113319396972656,Altitude:2575.300048828125,ExternalPowerVoltage:28.29,Rpm:-999,Speed:9.0,SatelliteNumber:16,Azimuth:29,BatteryLevel:100}]
"[{""Protocol"":""0x2525""","MessageType:""LocationInfoMessage""",ProtocolHeadType:19,"Imei:""869487064485674""",SerialNo:27864,Mileage:5557076,"Date:""2026-04-20T21:52:43Z""",IopIgnition:true,Latitude:4.74520206451416,Longitude:-74.112442016601563,Altitude:2568.10009765625,ExternalPowerVoltage:28.1,Rpm:-999,Speed:6.0,SatelliteNumber:17,Azimuth:97,BatteryLevel:100}]
"[{""Protocol"":""0x2525""","MessageType:""LocationInfoMessage""",ProtocolHeadType:19,"Imei:""869487064485674""",SerialNo:27865,Mileage:5557177,"Date:""2026-04-20T21:53:06Z""",IopIgnition:true,Latitude:4.7449603080749512,Longitude:-74.111579895019531,Altitude:2568.10009765625,ExternalPowerVoltage:28.09,Rpm:-999,Speed:10.0,SatelliteNumber:16,Azimuth:39,BatteryLevel:100}]
"[{""Protocol"":""0x2525""","MessageType:""LocationInfoMessage""",ProtocolHeadType:19,"Imei:""869487064485674""",SerialNo:27866,Mileage:5557325,"Date:""2026-04-20T21:54:01Z""",IopIgnition:true,Latitude:4.746218204498291,Longitude:-74.1113510131836,Altitude:2566.60009765625,ExternalPowerVoltage:28.47,Rpm:-999,Speed:15.0,SatelliteNumber:15,Azimuth:290,BatteryLevel:100}]
"[{""Protocol"":""0x2525""","MessageType:""LocationInfoMessage""",ProtocolHeadType:19,"Imei:""869487064485674""",SerialNo:27867,Mileage:5557587,"Date:""2026-04-20T21:54:57Z""",IopIgnition:true,Latitude:4.7468562126159668,Longitude:-74.1136245727539,Altitude:2570.800048828125,ExternalPowerVoltage:28.25,Rpm:-999,Speed:8.0,SatelliteNumber:16,Azimuth:356,BatteryLevel:100}]
"[{""Protocol"":""0x2525""","MessageType:""LocationInfoMessage""",ProtocolHeadType:19,"Imei:""869487064485674""",SerialNo:27868,Mileage:5557934,"Date:""2026-04-20T21:56:08Z""",IopIgnition:true,Latitude:4.7496218681335449,Longitude:-74.112228393554688,Altitude:2571.699951171875,ExternalPowerVoltage:28.13,Rpm:-999,Speed:17.0,SatelliteNumber:15,Azimuth:30,BatteryLevel:100}]
"[{""Protocol"":""0x2525""","MessageType:""LocationInfoMessage""",ProtocolHeadType:19,"Imei:""869487064485674""",SerialNo:27869,Mileage:5558070,"Date:""2026-04-20T21:56:38Z""",IopIgnition:true,Latitude:4.7506828308105469,Longitude:-74.111640930175781,Altitude:2571.60009765625,ExternalPowerVoltage:28.19,Rpm:-999,Speed:12.0,SatelliteNumber:16,Azimuth:343,BatteryLevel:100}]
"[{""Protocol"":""0x2525""","MessageType:""LocationInfoMessage""",ProtocolHeadType:19,"Imei:""869487064485674""",SerialNo:27870,Mileage:5558078,"Date:""2026-04-20T21:56:40Z""",IopIgnition:true,Latitude:4.7507328987121582,Longitude:-74.111686706542969,Altitude:2571.89990234375,ExternalPowerVoltage:28.16,Rpm:-999,Speed:15.0,SatelliteNumber:17,Azimuth:295,BatteryLevel:100}]
"[{""Protocol"":""0x2525""","MessageType:""LocationInfoMessage""",ProtocolHeadType:19,"Imei:""869487064485674""",SerialNo:27871,Mileage:5558289,"Date:""2026-04-20T21:57:18Z""",IopIgnition:true,Latitude:4.7509994506835938,Longitude:-74.1135482788086,Altitude:2569.300048828125,ExternalPowerVoltage:27.98,Rpm:-999,Speed:10.0,SatelliteNumber:17,Azimuth:343,BatteryLevel:100}]
"[{""Protocol"":""0x2525""","MessageType:""LocationInfoMessage""",ProtocolHeadType:19,"Imei:""869487064485674""",SerialNo:27872,Mileage:5558296,"Date:""2026-04-20T21:57:20Z""",IopIgnition:true,Latitude:4.75106143951416,Longitude:-74.113525390625,Altitude:2568.89990234375,ExternalPowerVoltage:27.99,Rpm:-999,Speed:15.0,SatelliteNumber:17,Azimuth:41,BatteryLevel:100}]
"[{""Protocol"":""0x2525""","MessageType:""LocationInfoMessage""",ProtocolHeadType:19,"Imei:""869487064485674""",SerialNo:27873,Mileage:5558575,"Date:""2026-04-20T21:58:41Z""",IopIgnition:true,Latitude:4.753237247467041,Longitude:-74.1123046875,Altitude:2568.300048828125,ExternalPowerVoltage:28.14,Rpm:-999,Speed:10.0,SatelliteNumber:17,Azimuth:349,BatteryLevel:100}]
"[{""Protocol"":""0x2525""","MessageType:""LocationInfoMessage""",ProtocolHeadType:19,"Imei:""869487064485674""",SerialNo:27874,Mileage:5558582,"Date:""2026-04-20T21:58:43Z""",IopIgnition:true,Latitude:4.7532806396484375,Longitude:-74.112342834472656,Altitude:2568.89990234375,ExternalPowerVoltage:28.16,Rpm:-999,Speed:13.0,SatelliteNumber:16,Azimuth:292,BatteryLevel:100}]
"[{""Protocol"":""0x2525""","MessageType:""LocationInfoMessage""",ProtocolHeadType:19,"Imei:""869487064485674""",SerialNo:27875,Mileage:5558973,"Date:""2026-04-20T21:59:42Z""",IopIgnition:true,Latitude:4.7536478042602539,Longitude:-74.115814208984375,Altitude:2570.300048828125,ExternalPowerVoltage:28.4,Rpm:-999,Speed:11.0,SatelliteNumber:17,Azimuth:7,BatteryLevel:100}]
"[{""Protocol"":""0x2525""","MessageType:""LocationInfoMessage""",ProtocolHeadType:19,"Imei:""869487064485674""",SerialNo:27876,Mileage:5559197,"Date:""2026-04-20T22:01:08Z""",IopIgnition:true,Latitude:4.7556400299072266,Longitude:-74.1156005859375,Altitude:2564.39990234375,ExternalPowerVoltage:27.81,Rpm:-999,Speed:0.0,SatelliteNumber:16,Azimuth:348,BatteryLevel:100}]
"[{""Protocol"":""0x2525""","MessageType:""LocationInfoMessage""",ProtocolHeadType:19,"Imei:""869487064485674""",SerialNo:27877,Mileage:5559203,"Date:""2026-04-20T22:01:20Z""",IopIgnition:true,Latitude:4.7556581497192383,Longitude:-74.115646362304688,Altitude:2561.89990234375,ExternalPowerVoltage:28.43,Rpm:-999,Speed:5.0,SatelliteNumber:16,Azimuth:134,BatteryLevel:100}]
"[{""Protocol"":""0x2525""","MessageType:""LocationInfoMessage""",ProtocolHeadType:19,"Imei:""869487064485674""",SerialNo:27878,Mileage:5559209,"Date:""2026-04-20T22:01:31Z""",IopIgnition:true,Latitude:4.7556009292602539,Longitude:-74.115638732910156,Altitude:2564.10009765625,ExternalPowerVoltage:28.33,Rpm:-999,Speed:9.0,SatelliteNumber:17,Azimuth:204,BatteryLevel:100}]
"[{""Protocol"":""0x2525""","MessageType:""LocationInfoMessage""",ProtocolHeadType:19,"Imei:""869487064485674""",SerialNo:27879,Mileage:5559273,"Date:""2026-04-20T22:02:07Z""",IopIgnition:true,Latitude:4.75504207611084,Longitude:-74.115715026855469,Altitude:2561.89990234375,ExternalPowerVoltage:28.39,Rpm:-999,Speed:5.0,SatelliteNumber:17,Azimuth:310,BatteryLevel:100}]
"[{""Protocol"":""0x2525""","MessageType:""LocationInfoMessage""",ProtocolHeadType:19,"Imei:""869487064485674""",SerialNo:27880,Mileage:5559281,"Date:""2026-04-20T22:03:08Z""",IopIgnition:true,Latitude:4.75508975982666,Longitude:-74.115776062011719,Altitude:2563.5,ExternalPowerVoltage:28.04,Rpm:-999,Speed:0.0,SatelliteNumber:16,Azimuth:300,BatteryLevel:100}]
"[{""Protocol"":""0x2525""","MessageType:""LocationInfoMessage""",ProtocolHeadType:19,"Imei:""869487064485674""",SerialNo:27881,Mileage:5559281,"Date:""2026-04-20T22:04:08Z""",IopIgnition:true,Latitude:4.75508975982666,Longitude:-74.115776062011719,Altitude:2563.5,ExternalPowerVoltage:28.09,Rpm:-999,Speed:0.0,SatelliteNumber:16,Azimuth:300,BatteryLevel:100}]
"[{""Protocol"":""0x2525""","MessageType:""LocationInfoMessage""",ProtocolHeadType:19,"Imei:""869487064485674""",SerialNo:27882,Mileage:5559281,"Date:""2026-04-20T22:05:08Z""",IopIgnition:true,Latitude:4.75508975982666,Longitude:-74.115776062011719,Altitude:2563.5,ExternalPowerVoltage:28.02,Rpm:-999,Speed:0.0,SatelliteNumber:17,Azimuth:300,BatteryLevel:100}]
"[{""Protocol"":""0x2525""","MessageType:""LocationAlarmMessage""",ProtocolHeadType:20,"Imei:""869487064485674""",SerialNo:1047,Mileage:5559281,"Date:""2026-04-20T22:05:13Z""",IopIgnition:false,Latitude:4.75508975982666,Longitude:-74.115776062011719,Altitude:2563.5,ExternalPowerVoltage:27.9,Rpm:-999,Speed:0.0,SatelliteNumber:17,Azimuth:300,OriginalAlarmCode:23}]
"[{""Protocol"":""0x2525""","MessageType:""LocationAlarmMessage""",ProtocolHeadType:20,"Imei:""869487064485674""",SerialNo:1048,Mileage:5559281,"Date:""2026-04-20T22:49:34Z""",IopIgnition:true,Latitude:4.75508975982666,Longitude:-74.115776062011719,Altitude:2563.5,ExternalPowerVoltage:24.79,Rpm:-999,Speed:0.0,SatelliteNumber:16,Azimuth:300,OriginalAlarmCode:22}]
"[{""Protocol"":""0x2525""","MessageType:""LocationAlarmMessage""",ProtocolHeadType:20,"Imei:""869487064485674""",SerialNo:1049,Mileage:5559281,"Date:""2026-04-20T22:49:47Z""",IopIgnition:false,Latitude:4.75508975982666,Longitude:-74.115776062011719,Altitude:2563.5,ExternalPowerVoltage:27.52,Rpm:-999,Speed:0.0,SatelliteNumber:16,Azimuth:300,OriginalAlarmCode:23}]
"[{""Protocol"":""0x2525""","MessageType:""LocationInfoMessage""",ProtocolHeadType:19,"Imei:""869487064485674""",SerialNo:27883,Mileage:5559281,"Date:""2026-04-21T02:49:36Z""",IopIgnition:false,Latitude:4.75508975982666,Longitude:-74.115776062011719,Altitude:2563.5,ExternalPowerVoltage:25.77,Rpm:-999,Speed:0.0,SatelliteNumber:16,Azimuth:300,BatteryLevel:100}]
"[{""Protocol"":""0x2525""","MessageType:""LocationInfoMessage""",ProtocolHeadType:19,"Imei:""869487064485674""",SerialNo:27884,Mileage:5559281,"Date:""2026-04-21T06:49:36Z""",IopIgnition:false,Latitude:4.75508975982666,Longitude:-74.115776062011719,Altitude:2563.5,ExternalPowerVoltage:25.68,Rpm:-999,Speed:0.0,SatelliteNumber:17,Azimuth:300,BatteryLevel:100}]
"[{""Protocol"":""0x2525""","MessageType:""LocationAlarmMessage""",ProtocolHeadType:20,"Imei:""869487064485674""",SerialNo:1050,Mileage:5559281,"Date:""2026-04-21T09:25:10Z""",IopIgnition:true,Latitude:4.75508975982666,Longitude:-74.115776062011719,Altitude:2563.5,ExternalPowerVoltage:25.52,Rpm:-999,Speed:0.0,SatelliteNumber:17,Azimuth:300,OriginalAlarmCode:22}]
"[{""Protocol"":""0x2525""","MessageType:""LocationInfoMessage""",ProtocolHeadType:19,"Imei:""869487064485674""",SerialNo:27885,Mileage:5559281,"Date:""2026-04-21T09:26:11Z""",IopIgnition:true,Latitude:4.75508975982666,Longitude:-74.115776062011719,Altitude:2563.5,ExternalPowerVoltage:28.17,Rpm:-999,Speed:0.0,SatelliteNumber:14,Azimuth:300,BatteryLevel:100}]
"[{""Protocol"":""0x2525""","MessageType:""LocationInfoMessage""",ProtocolHeadType:19,"Imei:""869487064485674""",SerialNo:27886,Mileage:5559281,"Date:""2026-04-21T09:27:11Z""",IopIgnition:true,Latitude:4.75508975982666,Longitude:-74.115776062011719,Altitude:2563.5,ExternalPowerVoltage:28.19,Rpm:-999,Speed:0.0,SatelliteNumber:16,Azimuth:300,BatteryLevel:100}]
"[{""Protocol"":""0x2525""","MessageType:""LocationInfoMessage""",ProtocolHeadType:19,"Imei:""869487064485674""",SerialNo:27887,Mileage:5559281,"Date:""2026-04-21T09:28:11Z""",IopIgnition:true,Latitude:4.75508975982666,Longitude:-74.115776062011719,Altitude:2563.5,ExternalPowerVoltage:28.16,Rpm:-999,Speed:0.0,SatelliteNumber:16,Azimuth:300,BatteryLevel:100}]
"[{""Protocol"":""0x2525""","MessageType:""LocationInfoMessage""",ProtocolHeadType:19,"Imei:""869487064485674""",SerialNo:27888,Mileage:5559281,"Date:""2026-04-21T09:29:11Z""",IopIgnition:true,Latitude:4.75508975982666,Longitude:-74.115776062011719,Altitude:2563.5,ExternalPowerVoltage:28.17,Rpm:-999,Speed:0.0,SatelliteNumber:17,Azimuth:300,BatteryLevel:100}]
"[{""Protocol"":""0x2525""","MessageType:""LocationInfoMessage""",ProtocolHeadType:19,"Imei:""869487064485674""",SerialNo:27889,Mileage:5559281,"Date:""2026-04-21T09:30:11Z""",IopIgnition:true,Latitude:4.75508975982666,Longitude:-74.115776062011719,Altitude:2563.5,ExternalPowerVoltage:28.16,Rpm:-999,Speed:0.0,SatelliteNumber:16,Azimuth:300,BatteryLevel:100}]
"[{""Protocol"":""0x2525""","MessageType:""LocationInfoMessage""",ProtocolHeadType:19,"Imei:""869487064485674""",SerialNo:27890,Mileage:5559281,"Date:""2026-04-21T09:31:10Z""",IopIgnition:true,Latitude:4.75508975982666,Longitude:-74.115776062011719,Altitude:2563.5,ExternalPowerVoltage:28.13,Rpm:-999,Speed:0.0,SatelliteNumber:16,Azimuth:300,BatteryLevel:100}]
"[{""Protocol"":""0x2525""","MessageType:""LocationInfoMessage""",ProtocolHeadType:19,"Imei:""869487064485674""",SerialNo:27891,Mileage:5559281,"Date:""2026-04-21T09:32:10Z""",IopIgnition:true,Latitude:4.75508975982666,Longitude:-74.115776062011719,Altitude:2563.5,ExternalPowerVoltage:28.17,Rpm:-999,Speed:0.0,SatelliteNumber:17,Azimuth:300,BatteryLevel:100}]
"[{""Protocol"":""0x2525""","MessageType:""LocationInfoMessage""",ProtocolHeadType:19,"Imei:""869487064485674""",SerialNo:27892,Mileage:5559315,"Date:""2026-04-21T09:32:54Z""",IopIgnition:true,Latitude:4.7551913261413574,Longitude:-74.1160659790039,Altitude:2561.89990234375,ExternalPowerVoltage:28.15,Rpm:-999,Speed:5.0,SatelliteNumber:17,Azimuth:91,BatteryLevel:100}]
"[{""Protocol"":""0x2525""","MessageType:""LocationInfoMessage""",ProtocolHeadType:19,"Imei:""869487064485674""",SerialNo:27893,Mileage:5559341,"Date:""2026-04-21T09:34:10Z""",IopIgnition:true,Latitude:4.755159854888916,Longitude:-74.115837097167969,Altitude:2563.60009765625,ExternalPowerVoltage:28.2,Rpm:-999,Speed:0.0,SatelliteNumber:16,Azimuth:110,BatteryLevel:100}]
"[{""Protocol"":""0x2525""","MessageType:""LocationInfoMessage""",ProtocolHeadType:19,"Imei:""869487064485674""",SerialNo:27894,Mileage:5559341,"Date:""2026-04-21T09:35:11Z""",IopIgnition:true,Latitude:4.755159854888916,Longitude:-74.115837097167969,Altitude:2563.60009765625,ExternalPowerVoltage:28.21,Rpm:-999,Speed:0.0,SatelliteNumber:17,Azimuth:110,BatteryLevel:100}]
"[{""Protocol"":""0x2525""","MessageType:""LocationInfoMessage""",ProtocolHeadType:19,"Imei:""869487064485674""",SerialNo:27895,Mileage:5559341,"Date:""2026-04-21T09:36:11Z""",IopIgnition:true,Latitude:4.755159854888916,Longitude:-74.115837097167969,Altitude:2563.60009765625,ExternalPowerVoltage:28.19,Rpm:-999,Speed:0.0,SatelliteNumber:17,Azimuth:110,BatteryLevel:100}]
"[{""Protocol"":""0x2525""","MessageType:""LocationInfoMessage""",ProtocolHeadType:19,"Imei:""869487064485674""",SerialNo:27896,Mileage:5559341,"Date:""2026-04-21T09:37:11Z""",IopIgnition:true,Latitude:4.755159854888916,Longitude:-74.115837097167969,Altitude:2563.60009765625,ExternalPowerVoltage:28.19,Rpm:-999,Speed:0.0,SatelliteNumber:17,Azimuth:110,BatteryLevel:100}]
"[{""Protocol"":""0x2525""","MessageType:""LocationInfoMessage""",ProtocolHeadType:19,"Imei:""869487064485674""",SerialNo:27897,Mileage:5559341,"Date:""2026-04-21T09:38:11Z""",IopIgnition:true,Latitude:4.755159854888916,Longitude:-74.115837097167969,Altitude:2563.60009765625,ExternalPowerVoltage:28.19,Rpm:-999,Speed:0.0,SatelliteNumber:16,Azimuth:110,BatteryLevel:100}]
"[{""Protocol"":""0x2525""","MessageType:""LocationInfoMessage""",ProtocolHeadType:19,"Imei:""869487064485674""",SerialNo:27898,Mileage:5559350,"Date:""2026-04-21T09:39:11Z""",IopIgnition:true,Latitude:4.755124568939209,Longitude:-74.115760803222656,Altitude:2563.89990234375,ExternalPowerVoltage:27.97,Rpm:-999,Speed:5.0,SatelliteNumber:17,Azimuth:119,BatteryLevel:100}]
"[{""Protocol"":""0x2525""","MessageType:""LocationInfoMessage""",ProtocolHeadType:19,"Imei:""869487064485674""",SerialNo:27899,Mileage:5559368,"Date:""2026-04-21T09:39:23Z""",IopIgnition:true,Latitude:4.7549958229064941,Longitude:-74.115676879882813,Altitude:2565.0,ExternalPowerVoltage:28.04,Rpm:-999,Speed:8.0,SatelliteNumber:17,Azimuth:173,BatteryLevel:100}]
"[{""Protocol"":""0x2525""","MessageType:""LocationInfoMessage""",ProtocolHeadType:19,"Imei:""869487064485674""",SerialNo:27900,Mileage:5559723,"Date:""2026-04-21T09:41:06Z""",IopIgnition:true,Latitude:4.7518429756164551,Longitude:-74.1160659790039,Altitude:2567.800048828125,ExternalPowerVoltage:28.0,Rpm:-999,Speed:7.0,SatelliteNumber:14,Azimuth:117,BatteryLevel:100}]
"[{""Protocol"":""0x2525""","MessageType:""LocationInfoMessage""",ProtocolHeadType:19,"Imei:""869487064485674""",SerialNo:27901,Mileage:5559993,"Date:""2026-04-21T09:41:48Z""",IopIgnition:true,Latitude:4.7512907981872559,Longitude:-74.113723754882813,Altitude:2562.60009765625,ExternalPowerVoltage:27.99,Rpm:-999,Speed:11.0,SatelliteNumber:17,Azimuth:184,BatteryLevel:100}]
"[{""Protocol"":""0x2525""","MessageType:""LocationInfoMessage""",ProtocolHeadType:19,"Imei:""869487064485674""",SerialNo:27902,Mileage:5560036,"Date:""2026-04-21T09:42:00Z""",IopIgnition:true,Latitude:4.7509489059448242,Longitude:-74.113800048828125,Altitude:2560.699951171875,ExternalPowerVoltage:28.04,Rpm:-999,Speed:14.0,SatelliteNumber:17,Azimuth:116,BatteryLevel:100}]
"[{""Protocol"":""0x2525""","MessageType:""LocationInfoMessage""",ProtocolHeadType:19,"Imei:""869487064485674""",SerialNo:27903,Mileage:5560065,"Date:""2026-04-21T09:42:07Z""",IopIgnition:true,Latitude:4.7508220672607422,Longitude:-74.11358642578125,Altitude:2559.60009765625,ExternalPowerVoltage:28.08,Rpm:-999,Speed:14.0,SatelliteNumber:16,Azimuth:164,BatteryLevel:100}]
"[{""Protocol"":""0x2525""","MessageType:""LocationInfoMessage""",ProtocolHeadType:19,"Imei:""869487064485674""",SerialNo:27904,Mileage:5560078,"Date:""2026-04-21T09:42:10Z""",IopIgnition:true,Latitude:4.7507133483886719,Longitude:-74.113609313964844,Altitude:2560.60009765625,ExternalPowerVoltage:28.08,Rpm:-999,Speed:17.0,SatelliteNumber:16,Azimuth:215,BatteryLevel:100}]
"[{""Protocol"":""0x2525""","MessageType:""LocationInfoMessage""",ProtocolHeadType:19,"Imei:""869487064485674""",SerialNo:27905,Mileage:5560483,"Date:""2026-04-21T09:43:10Z""",IopIgnition:true,Latitude:4.7477421760559082,Longitude:-74.115653991699219,Altitude:2559.800048828125,ExternalPowerVoltage:28.02,Rpm:-999,Speed:15.0,SatelliteNumber:17,Azimuth:262,BatteryLevel:100}]
"[{""Protocol"":""0x2525""","MessageType:""LocationInfoMessage""",ProtocolHeadType:19,"Imei:""869487064485674""",SerialNo:27906,Mileage:5560836,"Date:""2026-04-21T09:44:00Z""",IopIgnition:true,Latitude:4.7479734420776367,Longitude:-74.118789672851563,Altitude:2562.699951171875,ExternalPowerVoltage:27.99,Rpm:-999,Speed:10.0,SatelliteNumber:17,Azimuth:200,BatteryLevel:100}]
"[{""Protocol"":""0x2525""","MessageType:""LocationInfoMessage""",ProtocolHeadType:19,"Imei:""869487064485674""",SerialNo:27907,Mileage:5560903,"Date:""2026-04-21T09:44:23Z""",IopIgnition:true,Latitude:4.7473793029785156,Longitude:-74.118865966796875,Altitude:2566.300048828125,ExternalPowerVoltage:28.09,Rpm:-999,Speed:6.0,SatelliteNumber:16,Azimuth:259,BatteryLevel:100}]
"[{""Protocol"":""0x2525""","MessageType:""LocationInfoMessage""",ProtocolHeadType:19,"Imei:""869487064485674""",SerialNo:27908,Mileage:5561121,"Date:""2026-04-21T09:44:52Z""",IopIgnition:true,Latitude:4.7475152015686035,Longitude:-74.120796203613281,Altitude:2566.199951171875,ExternalPowerVoltage:27.99,Rpm:-999,Speed:19.0,SatelliteNumber:16,Azimuth:204,BatteryLevel:100}]
"[{""Protocol"":""0x2525""","MessageType:""LocationInfoMessage""",ProtocolHeadType:19,"Imei:""869487064485674""",SerialNo:27909,Mileage:5561202,"Date:""2026-04-21T09:45:03Z""",IopIgnition:true,Latitude:4.7468233108520508,Longitude:-74.120590209960938,Altitude:2560.60009765625,ExternalPowerVoltage:27.93,Rpm:-999,Speed:22.0,SatelliteNumber:16,Azimuth:156,BatteryLevel:100}]
"[{""Protocol"":""0x2525""","MessageType:""LocationInfoMessage""",ProtocolHeadType:19,"Imei:""869487064485674""",SerialNo:27910,Mileage:5561233,"Date:""2026-04-21T09:45:10Z""",IopIgnition:true,Latitude:4.7465558052062988,Longitude:-74.120513916015625,Altitude:2560.39990234375,ExternalPowerVoltage:27.96,Rpm:-999,Speed:8.0,SatelliteNumber:16,Azimuth:206,BatteryLevel:100}]
"[{""Protocol"":""0x2525""","MessageType:""LocationInfoMessage""",ProtocolHeadType:19,"Imei:""869487064485674""",SerialNo:27911,Mileage:5561244,"Date:""2026-04-21T09:45:13Z""",IopIgnition:true,Latitude:4.74649715423584,Longitude:-74.120574951171875,Altitude:2560.10009765625,ExternalPowerVoltage:28.07,Rpm:-999,Speed:17.0,SatelliteNumber:17,Azimuth:259,BatteryLevel:100}]
"[{""Protocol"":""0x2525""","MessageType:""LocationInfoMessage""",ProtocolHeadType:19,"Imei:""869487064485674""",SerialNo:27912,Mileage:5561883,"Date:""2026-04-21T09:47:11Z""",IopIgnition:true,Latitude:4.74462890625,Longitude:-74.126022338867188,Altitude:2565.699951171875,ExternalPowerVoltage:27.85,Rpm:-999,Speed:0.0,SatelliteNumber:16,Azimuth:252,BatteryLevel:100}]
"[{""Protocol"":""0x2525""","MessageType:""LocationInfoMessage""",ProtocolHeadType:19,"Imei:""869487064485674""",SerialNo:27913,Mileage:5561893,"Date:""2026-04-21T09:48:11Z""",IopIgnition:true,Latitude:4.7446174621582031,Longitude:-74.126113891601563,Altitude:2564.0,ExternalPowerVoltage:27.89,Rpm:-999,Speed:0.0,SatelliteNumber:17,Azimuth:258,BatteryLevel:100}]
"[{""Protocol"":""0x2525""","MessageType:""LocationInfoMessage""",ProtocolHeadType:19,"Imei:""869487064485674""",SerialNo:27914,Mileage:5561914,"Date:""2026-04-21T09:49:10Z""",IopIgnition:true,Latitude:4.7445688247680664,Longitude:-74.126289367675781,Altitude:2563.5,ExternalPowerVoltage:27.98,Rpm:-999,Speed:0.0,SatelliteNumber:15,Azimuth:249,BatteryLevel:100}]
"[{""Protocol"":""0x2525""","MessageType:""LocationInfoMessage""",ProtocolHeadType:19,"Imei:""869487064485674""",SerialNo:27915,Mileage:5561951,"Date:""2026-04-21T09:50:11Z""",IopIgnition:true,Latitude:4.7444610595703125,Longitude:-74.1266098022461,Altitude:2565.0,ExternalPowerVoltage:27.88,Rpm:-999,Speed:0.0,SatelliteNumber:17,Azimuth:255,BatteryLevel:100}]
"[{""Protocol"":""0x2525""","MessageType:""LocationInfoMessage""",ProtocolHeadType:19,"Imei:""869487064485674""",SerialNo:27916,Mileage:5561951,"Date:""2026-04-21T09:51:11Z""",IopIgnition:true,Latitude:4.7444610595703125,Longitude:-74.1266098022461,Altitude:2565.0,ExternalPowerVoltage:27.86,Rpm:-999,Speed:0.0,SatelliteNumber:16,Azimuth:255,BatteryLevel:100}]
"[{""Protocol"":""0x2525""","MessageType:""LocationInfoMessage""",ProtocolHeadType:19,"Imei:""869487064485674""",SerialNo:27917,Mileage:5562007,"Date:""2026-04-21T09:52:11Z""",IopIgnition:true,Latitude:4.7442417144775391,Longitude:-74.127059936523438,Altitude:2568.89990234375,ExternalPowerVoltage:27.93,Rpm:-999,Speed:0.0,SatelliteNumber:16,Azimuth:259,BatteryLevel:100}]
"[{""Protocol"":""0x2525""","MessageType:""LocationInfoMessage""",ProtocolHeadType:19,"Imei:""869487064485674""",SerialNo:27918,Mileage:5562191,"Date:""2026-04-21T09:53:11Z""",IopIgnition:true,Latitude:4.744321346282959,Longitude:-74.128646850585938,Altitude:2569.300048828125,ExternalPowerVoltage:27.87,Rpm:-999,Speed:9.0,SatelliteNumber:14,Azimuth:289,BatteryLevel:100}]
"[{""Protocol"":""0x2525""","MessageType:""LocationInfoMessage""",ProtocolHeadType:19,"Imei:""869487064485674""",SerialNo:27919,Mileage:5562201,"Date:""2026-04-21T09:53:15Z""",IopIgnition:true,Latitude:4.7443041801452637,Longitude:-74.128730773925781,Altitude:2568.199951171875,ExternalPowerVoltage:27.95,Rpm:-999,Speed:11.0,SatelliteNumber:16,Azimuth:212,BatteryLevel:100}]
"[{""Protocol"":""0x2525""","MessageType:""LocationInfoMessage""",ProtocolHeadType:19,"Imei:""869487064485674""",SerialNo:27920,Mileage:5562589,"Date:""2026-04-21T09:54:25Z""",IopIgnition:true,Latitude:4.7418060302734375,Longitude:-74.130577087402344,Altitude:2560.199951171875,ExternalPowerVoltage:28.02,Rpm:-999,Speed:9.0,SatelliteNumber:18,Azimuth:150,BatteryLevel:100}]
"[{""Protocol"":""0x2525""","MessageType:""LocationInfoMessage""",ProtocolHeadType:19,"Imei:""869487064485674""",SerialNo:27921,Mileage:5562800,"Date:""2026-04-21T09:55:04Z""",IopIgnition:true,Latitude:4.7401151657104492,Longitude:-74.129776000976563,Altitude:2557.300048828125,ExternalPowerVoltage:28.03,Rpm:-999,Speed:12.0,SatelliteNumber:16,Azimuth:62,BatteryLevel:100}]
"[{""Protocol"":""0x2525""","MessageType:""LocationInfoMessage""",ProtocolHeadType:19,"Imei:""869487064485674""",SerialNo:27922,Mileage:5562886,"Date:""2026-04-21T09:56:11Z""",IopIgnition:true,Latitude:4.7403960227966309,Longitude:-74.1290512084961,Altitude:2557.800048828125,ExternalPowerVoltage:27.9,Rpm:-999,Speed:0.0,SatelliteNumber:16,Azimuth:96,BatteryLevel:100}]
"[{""Protocol"":""0x2525""","MessageType:""LocationInfoMessage""",ProtocolHeadType:19,"Imei:""869487064485674""",SerialNo:27923,Mileage:5562886,"Date:""2026-04-21T09:57:11Z""",IopIgnition:true,Latitude:4.7403960227966309,Longitude:-74.1290512084961,Altitude:2557.800048828125,ExternalPowerVoltage:27.97,Rpm:-999,Speed:0.0,SatelliteNumber:15,Azimuth:96,BatteryLevel:100}]
"[{""Protocol"":""0x2525""","MessageType:""LocationInfoMessage""",ProtocolHeadType:19,"Imei:""869487064485674""",SerialNo:27924,Mileage:5562886,"Date:""2026-04-21T09:58:10Z""",IopIgnition:true,Latitude:4.7403960227966309,Longitude:-74.1290512084961,Altitude:2557.800048828125,ExternalPowerVoltage:27.85,Rpm:-999,Speed:0.0,SatelliteNumber:15,Azimuth:96,BatteryLevel:100}]
"[{""Protocol"":""0x2525""","MessageType:""LocationInfoMessage""",ProtocolHeadType:19,"Imei:""869487064485674""",SerialNo:27925,Mileage:5562886,"Date:""2026-04-21T09:59:11Z""",IopIgnition:true,Latitude:4.7403960227966309,Longitude:-74.1290512084961,Altitude:2557.800048828125,ExternalPowerVoltage:27.91,Rpm:-999,Speed:0.0,SatelliteNumber:14,Azimuth:96,BatteryLevel:100}]
"[{""Protocol"":""0x2525""","MessageType:""LocationInfoMessage""",ProtocolHeadType:19,"Imei:""869487064485674""",SerialNo:27926,Mileage:5562886,"Date:""2026-04-21T10:00:11Z""",IopIgnition:true,Latitude:4.7403960227966309,Longitude:-74.1290512084961,Altitude:2557.800048828125,ExternalPowerVoltage:27.98,Rpm:-999,Speed:0.0,SatelliteNumber:19,Azimuth:96,BatteryLevel:100}]
"[{""Protocol"":""0x2525""","MessageType:""LocationInfoMessage""",ProtocolHeadType:19,"Imei:""869487064485674""",SerialNo:27927,Mileage:5562886,"Date:""2026-04-21T10:01:11Z""",IopIgnition:true,Latitude:4.7403960227966309,Longitude:-74.1290512084961,Altitude:2557.800048828125,ExternalPowerVoltage:27.86,Rpm:-999,Speed:0.0,SatelliteNumber:17,Azimuth:96,BatteryLevel:100}]
"[{""Protocol"":""0x2525""","MessageType:""LocationInfoMessage""",ProtocolHeadType:19,"Imei:""869487064485674""",SerialNo:27928,Mileage:5562886,"Date:""2026-04-21T10:02:11Z""",IopIgnition:true,Latitude:4.7403960227966309,Longitude:-74.1290512084961,Altitude:2557.800048828125,ExternalPowerVoltage:27.86,Rpm:-999,Speed:0.0,SatelliteNumber:17,Azimuth:96,BatteryLevel:100}]
"[{""Protocol"":""0x2525""","MessageType:""LocationInfoMessage""",ProtocolHeadType:19,"Imei:""869487064485674""",SerialNo:27929,Mileage:5562974,"Date:""2026-04-21T10:03:11Z""",IopIgnition:true,Latitude:4.7407240867614746,Longitude:-74.128334045410156,Altitude:2554.5,ExternalPowerVoltage:28.12,Rpm:-999,Speed:22.0,SatelliteNumber:17,Azimuth:65,BatteryLevel:100}]
"[{""Protocol"":""0x2525""","MessageType:""LocationInfoMessage""",ProtocolHeadType:19,"Imei:""869487064485674""",SerialNo:27930,Mileage:5563217,"Date:""2026-04-21T10:04:11Z""",IopIgnition:true,Latitude:4.7416243553161621,Longitude:-74.126350402832031,Altitude:2557.10009765625,ExternalPowerVoltage:27.95,Rpm:-999,Speed:0.0,SatelliteNumber:18,Azimuth:57,BatteryLevel:100}]
"[{""Protocol"":""0x2525""","MessageType:""LocationInfoMessage""",ProtocolHeadType:19,"Imei:""869487064485674""",SerialNo:27931,Mileage:5563233,"Date:""2026-04-21T10:05:10Z""",IopIgnition:true,Latitude:4.7416820526123047,Longitude:-74.126205444335938,Altitude:2563.60009765625,ExternalPowerVoltage:27.88,Rpm:-999,Speed:0.0,SatelliteNumber:15,Azimuth:73,BatteryLevel:100}]
"[{""Protocol"":""0x2525""","MessageType:""LocationInfoMessage""",ProtocolHeadType:19,"Imei:""869487064485674""",SerialNo:27932,Mileage:5563331,"Date:""2026-04-21T10:06:11Z""",IopIgnition:true,Latitude:4.7420377731323242,Longitude:-74.125404357910156,Altitude:2560.60009765625,ExternalPowerVoltage:28.0,Rpm:-999,Speed:0.0,SatelliteNumber:16,Azimuth:72,BatteryLevel:100}]
"[{""Protocol"":""0x2525""","MessageType:""LocationInfoMessage""",ProtocolHeadType:19,"Imei:""869487064485674""",SerialNo:27933,Mileage:5563440,"Date:""2026-04-21T10:07:09Z""",IopIgnition:true,Latitude:4.7423815727233887,Longitude:-74.124496459960938,Altitude:2561.5,ExternalPowerVoltage:27.96,Rpm:-999,Speed:7.0,SatelliteNumber:17,Azimuth:133,BatteryLevel:100}]
"[{""Protocol"":""0x2525""","MessageType:""LocationInfoMessage""",ProtocolHeadType:19,"Imei:""869487064485674""",SerialNo:27934,Mileage:5563487,"Date:""2026-04-21T10:08:11Z""",IopIgnition:true,Latitude:4.7419919967651367,Longitude:-74.124343872070313,Altitude:2562.300048828125,ExternalPowerVoltage:27.83,Rpm:-999,Speed:0.0,SatelliteNumber:17,Azimuth:154,BatteryLevel:100}]
"[{""Protocol"":""0x2525""","MessageType:""LocationInfoMessage""",ProtocolHeadType:19,"Imei:""869487064485674""",SerialNo:27935,Mileage:5563633,"Date:""2026-04-21T10:09:11Z""",IopIgnition:true,Latitude:4.7407851219177246,Longitude:-74.123832702636719,Altitude:2562.0,ExternalPowerVoltage:27.96,Rpm:-999,Speed:9.0,SatelliteNumber:16,Azimuth:162,BatteryLevel:100}]
"[{""Protocol"":""0x2525""","MessageType:""LocationInfoMessage""",ProtocolHeadType:19,"Imei:""869487064485674""",SerialNo:27936,Mileage:5563672,"Date:""2026-04-21T10:09:26Z""",IopIgnition:true,Latitude:4.74045991897583,Longitude:-74.123786926269531,Altitude:2560.5,ExternalPowerVoltage:27.77,Rpm:-999,Speed:6.0,SatelliteNumber:18,Azimuth:220,BatteryLevel:100}]
"[{""Protocol"":""0x2525""","MessageType:""LocationInfoMessage""",ProtocolHeadType:19,"Imei:""869487064485674""",SerialNo:27937,Mileage:5564119,"Date:""2026-04-21T10:11:01Z""",IopIgnition:true,Latitude:4.7375507354736328,Longitude:-74.12615966796875,Altitude:2563.39990234375,ExternalPowerVoltage:28.1,Rpm:-999,Speed:32.0,SatelliteNumber:18,Azimuth:169,BatteryLevel:100}]
"[{""Protocol"":""0x2525""","MessageType:""LocationInfoMessage""",ProtocolHeadType:19,"Imei:""869487064485674""",SerialNo:27938,Mileage:5564217,"Date:""2026-04-21T10:11:12Z""",IopIgnition:true,Latitude:4.7367115020751953,Longitude:-74.126052856445313,Altitude:2560.89990234375,ExternalPowerVoltage:28.09,Rpm:-999,Speed:30.0,SatelliteNumber:18,Azimuth:221,BatteryLevel:100}]
"[{""Protocol"":""0x2525""","MessageType:""LocationInfoMessage""",ProtocolHeadType:19,"Imei:""869487064485674""",SerialNo:27939,Mileage:5564405,"Date:""2026-04-21T10:11:28Z""",IopIgnition:true,Latitude:4.7353920936584473,Longitude:-74.126998901367188,Altitude:2561.300048828125,ExternalPowerVoltage:28.12,Rpm:-999,Speed:42.0,SatelliteNumber:17,Azimuth:170,BatteryLevel:100}]
"[{""Protocol"":""0x2525""","MessageType:""LocationInfoMessage""",ProtocolHeadType:19,"Imei:""869487064485674""",SerialNo:27940,Mileage:5565288,"Date:""2026-04-21T10:13:00Z""",IopIgnition:true,Latitude:4.7279868125915527,Longitude:-74.1252670288086,Altitude:2562.39990234375,ExternalPowerVoltage:28.1,Rpm:-999,Speed:23.0,SatelliteNumber:18,Azimuth:218,BatteryLevel:100}]
"[{""Protocol"":""0x2525""","MessageType:""LocationInfoMessage""",ProtocolHeadType:19,"Imei:""869487064485674""",SerialNo:27941,Mileage:5565399,"Date:""2026-04-21T10:13:17Z""",IopIgnition:true,Latitude:4.72720193862915,Longitude:-74.125846862792969,Altitude:2562.800048828125,ExternalPowerVoltage:28.11,Rpm:-999,Speed:17.0,SatelliteNumber:18,Azimuth:160,BatteryLevel:100}]
"[{""Protocol"":""0x2525""","MessageType:""LocationInfoMessage""",ProtocolHeadType:19,"Imei:""869487064485674""",SerialNo:27942,Mileage:5566108,"Date:""2026-04-21T10:15:11Z""",IopIgnition:true,Latitude:4.7223424911499023,Longitude:-74.121734619140625,Altitude:2565.60009765625,ExternalPowerVoltage:28.11,Rpm:-999,Speed:40.0,SatelliteNumber:18,Azimuth:139,BatteryLevel:100}]
"[{""Protocol"":""0x2525""","MessageType:""LocationInfoMessage""",ProtocolHeadType:19,"Imei:""869487064485674""",SerialNo:27943,Mileage:5566793,"Date:""2026-04-21T10:16:11Z""",IopIgnition:true,Latitude:4.7173371315002441,Longitude:-74.1181411743164,Altitude:2565.300048828125,ExternalPowerVoltage:28.13,Rpm:-999,Speed:43.0,SatelliteNumber:18,Azimuth:142,BatteryLevel:100}]
"[{""Protocol"":""0x2525""","MessageType:""LocationInfoMessage""",ProtocolHeadType:19,"Imei:""869487064485674""",SerialNo:27944,Mileage:5566990,"Date:""2026-04-21T10:17:10Z""",IopIgnition:true,Latitude:4.7158455848693848,Longitude:-74.117202758789063,Altitude:2566.199951171875,ExternalPowerVoltage:27.9,Rpm:-999,Speed:0.0,SatelliteNumber:17,Azimuth:149,BatteryLevel:100}]
"[{""Protocol"":""0x2525""","MessageType:""LocationInfoMessage""",ProtocolHeadType:19,"Imei:""869487064485674""",SerialNo:27945,Mileage:5567321,"Date:""2026-04-21T10:18:11Z""",IopIgnition:true,Latitude:4.713416576385498,Longitude:-74.115478515625,Altitude:2564.800048828125,ExternalPowerVoltage:27.8,Rpm:-999,Speed:0.0,SatelliteNumber:17,Azimuth:141,BatteryLevel:100}]
"[{""Protocol"":""0x2525""","MessageType:""LocationInfoMessage""",ProtocolHeadType:19,"Imei:""869487064485674""",SerialNo:27946,Mileage:5567664,"Date:""2026-04-21T10:19:11Z""",IopIgnition:true,Latitude:4.7110190391540527,Longitude:-74.113540649414063,Altitude:2564.39990234375,ExternalPowerVoltage:28.09,Rpm:-999,Speed:31.0,SatelliteNumber:17,Azimuth:134,BatteryLevel:100}]
"[{""Protocol"":""0x2525""","MessageType:""LocationInfoMessage""",ProtocolHeadType:19,"Imei:""869487064485674""",SerialNo:27947,Mileage:5567996,"Date:""2026-04-21T10:20:11Z""",IopIgnition:true,Latitude:4.7089638710021973,Longitude:-74.111381530761719,Altitude:2567.800048828125,ExternalPowerVoltage:28.11,Rpm:-999,Speed:18.0,SatelliteNumber:18,Azimuth:133,BatteryLevel:100}]
"[{""Protocol"":""0x2525""","MessageType:""LocationInfoMessage""",ProtocolHeadType:19,"Imei:""869487064485674""",SerialNo:27948,Mileage:5568513,"Date:""2026-04-21T10:21:11Z""",IopIgnition:true,Latitude:4.7059741020202637,Longitude:-74.107833862304688,Altitude:2569.39990234375,ExternalPowerVoltage:28.16,Rpm:-999,Speed:55.0,SatelliteNumber:18,Azimuth:116,BatteryLevel:100}]
"[{""Protocol"":""0x2525""","MessageType:""LocationInfoMessage""",ProtocolHeadType:19,"Imei:""869487064485674""",SerialNo:27949,Mileage:5569205,"Date:""2026-04-21T10:22:11Z""",IopIgnition:true,Latitude:4.703399658203125,Longitude:-74.102165222167969,Altitude:2574.699951171875,ExternalPowerVoltage:28.11,Rpm:-999,Speed:34.0,SatelliteNumber:16,Azimuth:113,BatteryLevel:100}]
"[{""Protocol"":""0x2525""","MessageType:""LocationInfoMessage""",ProtocolHeadType:19,"Imei:""869487064485674""",SerialNo:27950,Mileage:5569703,"Date:""2026-04-21T10:23:11Z""",IopIgnition:true,Latitude:4.700798511505127,Longitude:-74.0985336303711,Altitude:2572.0,ExternalPowerVoltage:27.85,Rpm:-999,Speed:5.0,SatelliteNumber:17,Azimuth:130,BatteryLevel:100}]
"[{""Protocol"":""0x2525""","MessageType:""LocationInfoMessage""",ProtocolHeadType:19,"Imei:""869487064485674""",SerialNo:27951,Mileage:5570038,"Date:""2026-04-21T10:24:10Z""",IopIgnition:true,Latitude:4.698979377746582,Longitude:-74.096138000488281,Altitude:2572.199951171875,ExternalPowerVoltage:28.09,Rpm:-999,Speed:41.0,SatelliteNumber:18,Azimuth:120,BatteryLevel:100}]
"[{""Protocol"":""0x2525""","MessageType:""LocationInfoMessage""",ProtocolHeadType:19,"Imei:""869487064485674""",SerialNo:27952,Mileage:5570769,"Date:""2026-04-21T10:25:11Z""",IopIgnition:true,Latitude:4.69597864151001,Longitude:-74.090286254882813,Altitude:2570.89990234375,ExternalPowerVoltage:28.12,Rpm:-999,Speed:51.0,SatelliteNumber:18,Azimuth:110,BatteryLevel:100}]
"[{""Protocol"":""0x2525""","MessageType:""LocationInfoMessage""",ProtocolHeadType:19,"Imei:""869487064485674""",SerialNo:27953,Mileage:5571528,"Date:""2026-04-21T10:26:11Z""",IopIgnition:true,Latitude:4.691474437713623,Longitude:-74.085273742675781,Altitude:2568.5,ExternalPowerVoltage:28.08,Rpm:-999,Speed:38.0,SatelliteNumber:18,Azimuth:141,BatteryLevel:100}]
"[{""Protocol"":""0x2525""","MessageType:""LocationInfoMessage""",ProtocolHeadType:19,"Imei:""869487064485674""",SerialNo:27954,Mileage:5572082,"Date:""2026-04-21T10:27:11Z""",IopIgnition:true,Latitude:4.6875734329223633,Longitude:-74.0821762084961,Altitude:2565.0,ExternalPowerVoltage:28.01,Rpm:-999,Speed:31.0,SatelliteNumber:17,Azimuth:142,BatteryLevel:100}]
"[{""Protocol"":""0x2525""","MessageType:""LocationInfoMessage""",ProtocolHeadType:19,"Imei:""869487064485674""",SerialNo:27955,Mileage:5572754,"Date:""2026-04-21T10:28:11Z""",IopIgnition:true,Latitude:4.6828141212463379,Longitude:-74.078453063964844,Altitude:2565.39990234375,ExternalPowerVoltage:28.09,Rpm:-999,Speed:47.0,SatelliteNumber:18,Azimuth:141,BatteryLevel:100}]
"[{""Protocol"":""0x2525""","MessageType:""LocationInfoMessage""",ProtocolHeadType:19,"Imei:""869487064485674""",SerialNo:27956,Mileage:5572920,"Date:""2026-04-21T10:28:28Z""",IopIgnition:true,Latitude:4.6816282272338867,Longitude:-74.077568054199219,Altitude:2564.699951171875,ExternalPowerVoltage:27.92,Rpm:-999,Speed:19.0,SatelliteNumber:16,Azimuth:194,BatteryLevel:100}]
"[{""Protocol"":""0x2525""","MessageType:""LocationInfoMessage""",ProtocolHeadType:19,"Imei:""869487064485674""",SerialNo:27957,Mileage:5573534,"Date:""2026-04-21T10:29:52Z""",IopIgnition:true,Latitude:4.6771206855773926,Longitude:-74.080650329589844,Altitude:2569.5,ExternalPowerVoltage:27.96,Rpm:-999,Speed:10.0,SatelliteNumber:18,Azimuth:140,BatteryLevel:100}]
"[{""Protocol"":""0x2525""","MessageType:""LocationInfoMessage""",ProtocolHeadType:19,"Imei:""869487064485674""",SerialNo:27958,Mileage:5573670,"Date:""2026-04-21T10:31:11Z""",IopIgnition:true,Latitude:4.6763830184936523,Longitude:-74.079681396484375,Altitude:2567.39990234375,ExternalPowerVoltage:27.94,Rpm:-999,Speed:0.0,SatelliteNumber:17,Azimuth:127,BatteryLevel:100}]
"[{""Protocol"":""0x2525""","MessageType:""LocationInfoMessage""",ProtocolHeadType:19,"Imei:""869487064485674""",SerialNo:27959,Mileage:5573670,"Date:""2026-04-21T10:32:11Z""",IopIgnition:true,Latitude:4.6763830184936523,Longitude:-74.079681396484375,Altitude:2567.39990234375,ExternalPowerVoltage:27.96,Rpm:-999,Speed:0.0,SatelliteNumber:16,Azimuth:127,BatteryLevel:100}]
"[{""Protocol"":""0x2525""","MessageType:""LocationAlarmMessage""",ProtocolHeadType:20,"Imei:""869487064485674""",SerialNo:1051,Mileage:5573670,"Date:""2026-04-21T10:32:25Z""",IopIgnition:false,Latitude:4.6763830184936523,Longitude:-74.079681396484375,Altitude:2567.39990234375,ExternalPowerVoltage:27.69,Rpm:-999,Speed:0.0,SatelliteNumber:16,Azimuth:127,OriginalAlarmCode:23}]
"[{""Protocol"":""0x2525""","MessageType:""LocationAlarmMessage""",ProtocolHeadType:20,"Imei:""869487064485674""",SerialNo:1052,Mileage:5573670,"Date:""2026-04-21T10:55:52Z""",IopIgnition:true,Latitude:4.6763830184936523,Longitude:-74.079681396484375,Altitude:2567.39990234375,ExternalPowerVoltage:24.88,Rpm:-999,Speed:0.0,SatelliteNumber:17,Azimuth:127,OriginalAlarmCode:22}]
"[{""Protocol"":""0x2525""","MessageType:""LocationAlarmMessage""",ProtocolHeadType:20,"Imei:""869487064485674""",SerialNo:1053,Mileage:5573670,"Date:""2026-04-21T10:56:19Z""",IopIgnition:false,Latitude:4.6763830184936523,Longitude:-74.079681396484375,Altitude:2567.39990234375,ExternalPowerVoltage:24.65,Rpm:-999,Speed:0.0,SatelliteNumber:15,Azimuth:127,OriginalAlarmCode:23}]
"[{""Protocol"":""0x2525""","MessageType:""LocationAlarmMessage""",ProtocolHeadType:20,"Imei:""869487064485674""",SerialNo:1054,Mileage:5573670,"Date:""2026-04-21T10:56:30Z""",IopIgnition:true,Latitude:4.6763830184936523,Longitude:-74.079681396484375,Altitude:2567.39990234375,ExternalPowerVoltage:24.81,Rpm:-999,Speed:0.0,SatelliteNumber:16,Azimuth:127,OriginalAlarmCode:22}]
"[{""Protocol"":""0x2525""","MessageType:""LocationInfoMessage""",ProtocolHeadType:19,"Imei:""869487064485674""",SerialNo:27960,Mileage:5573699,"Date:""2026-04-21T10:57:53Z""",IopIgnition:true,Latitude:4.676243782043457,Longitude:-74.079460144042969,Altitude:2565.699951171875,ExternalPowerVoltage:27.95,Rpm:-999,Speed:7.0,SatelliteNumber:17,Azimuth:129,BatteryLevel:100}]
"[{""Protocol"":""0x2525""","MessageType:""LocationInfoMessage""",ProtocolHeadType:19,"Imei:""869487064485674""",SerialNo:27961,Mileage:5573723,"Date:""2026-04-21T10:58:07Z""",IopIgnition:true,Latitude:4.6761627197265625,Longitude:-74.079269409179688,Altitude:2565.39990234375,ExternalPowerVoltage:27.98,Rpm:-999,Speed:9.0,SatelliteNumber:17,Azimuth:56,BatteryLevel:100}]
"[{""Protocol"":""0x2525""","MessageType:""LocationInfoMessage""",ProtocolHeadType:19,"Imei:""869487064485674""",SerialNo:27962,Mileage:5573758,"Date:""2026-04-21T10:58:21Z""",IopIgnition:true,Latitude:4.67636251449585,Longitude:-74.079048156738281,Altitude:2566.0,ExternalPowerVoltage:27.83,Rpm:-999,Speed:8.0,SatelliteNumber:18,Azimuth:118,BatteryLevel:100}]
"[{""Protocol"":""0x2525""","MessageType:""LocationAlarmMessage""",ProtocolHeadType:20,"Imei:""869487064485674""",SerialNo:1055,Mileage:5573762,"Date:""2026-04-21T10:58:34Z""",IopIgnition:false,Latitude:4.6763381958007813,Longitude:-74.079025268554688,Altitude:2566.10009765625,ExternalPowerVoltage:27.76,Rpm:-999,Speed:0.0,SatelliteNumber:15,Azimuth:143,OriginalAlarmCode:23}]
"[{""Protocol"":""0x2525""","MessageType:""LocationAlarmMessage""",ProtocolHeadType:20,"Imei:""869487064485674""",SerialNo:1056,Mileage:5573762,"Date:""2026-04-21T11:13:21Z""",IopIgnition:true,Latitude:4.6763381958007813,Longitude:-74.079025268554688,Altitude:2566.10009765625,ExternalPowerVoltage:25.22,Rpm:-999,Speed:0.0,SatelliteNumber:15,Azimuth:143,OriginalAlarmCode:22}]
"[{""Protocol"":""0x2525""","MessageType:""LocationInfoMessage""",ProtocolHeadType:19,"Imei:""869487064485674""",SerialNo:27963,Mileage:5573787,"Date:""2026-04-21T11:14:22Z""",IopIgnition:true,Latitude:4.67620849609375,Longitude:-74.078849792480469,Altitude:2568.5,ExternalPowerVoltage:28.01,Rpm:-999,Speed:13.0,SatelliteNumber:17,Azimuth:124,BatteryLevel:100}]
"[{""Protocol"":""0x2525""","MessageType:""LocationInfoMessage""",ProtocolHeadType:19,"Imei:""869487064485674""",SerialNo:27964,Mileage:5573945,"Date:""2026-04-21T11:15:06Z""",IopIgnition:true,Latitude:4.6754136085510254,Longitude:-74.077705383300781,Altitude:2568.800048828125,ExternalPowerVoltage:28.04,Rpm:-999,Speed:15.0,SatelliteNumber:18,Azimuth:45,BatteryLevel:100}]
"[{""Protocol"":""0x2525""","MessageType:""LocationInfoMessage""",ProtocolHeadType:19,"Imei:""869487064485674""",SerialNo:27965,Mileage:5574108,"Date:""2026-04-21T11:15:39Z""",IopIgnition:true,Latitude:4.6765108108520508,Longitude:-74.076751708984375,Altitude:2572.39990234375,ExternalPowerVoltage:28.06,Rpm:-999,Speed:11.0,SatelliteNumber:18,Azimuth:118,BatteryLevel:100}]
"[{""Protocol"":""0x2525""","MessageType:""LocationInfoMessage""",ProtocolHeadType:19,"Imei:""869487064485674""",SerialNo:27966,Mileage:5574183,"Date:""2026-04-21T11:17:22Z""",IopIgnition:true,Latitude:4.6760778427124023,Longitude:-74.076248168945313,Altitude:2573.39990234375,ExternalPowerVoltage:28.11,Rpm:-999,Speed:19.0,SatelliteNumber:17,Azimuth:128,BatteryLevel:100}]
"[{""Protocol"":""0x2525""","MessageType:""LocationInfoMessage""",ProtocolHeadType:19,"Imei:""869487064485674""",SerialNo:27967,Mileage:5574274,"Date:""2026-04-21T11:17:35Z""",IopIgnition:true,Latitude:4.6756200790405273,Longitude:-74.075576782226563,Altitude:2568.5,ExternalPowerVoltage:28.02,Rpm:-999,Speed:17.0,SatelliteNumber:18,Azimuth:76,BatteryLevel:100}]
"[{""Protocol"":""0x2525""","MessageType:""LocationInfoMessage""",ProtocolHeadType:19,"Imei:""869487064485674""",SerialNo:27968,Mileage:5574283,"Date:""2026-04-21T11:17:37Z""",IopIgnition:true,Latitude:4.6756801605224609,Longitude:-74.075523376464844,Altitude:2567.699951171875,ExternalPowerVoltage:28.01,Rpm:-999,Speed:19.0,SatelliteNumber:18,Azimuth:11,BatteryLevel:100}]
"[{""Protocol"":""0x2525""","MessageType:""LocationInfoMessage""",ProtocolHeadType:19,"Imei:""869487064485674""",SerialNo:27969,Mileage:5574668,"Date:""2026-04-21T11:18:52Z""",IopIgnition:true,Latitude:4.6786408424377441,Longitude:-74.074333190917969,Altitude:2567.0,ExternalPowerVoltage:28.07,Rpm:-999,Speed:22.0,SatelliteNumber:18,Azimuth:316,BatteryLevel:100}]
"[{""Protocol"":""0x2525""","MessageType:""LocationInfoMessage""",ProtocolHeadType:19,"Imei:""869487064485674""",SerialNo:27970,Mileage:5575889,"Date:""2026-04-21T11:20:22Z""",IopIgnition:true,Latitude:4.6870794296264648,Longitude:-74.081306457519531,Altitude:2562.0,ExternalPowerVoltage:27.96,Rpm:-999,Speed:13.0,SatelliteNumber:17,Azimuth:324,BatteryLevel:100}]
"[{""Protocol"":""0x2525""","MessageType:""LocationInfoMessage""",ProtocolHeadType:19,"Imei:""869487064485674""",SerialNo:27971,Mileage:5575905,"Date:""2026-04-21T11:20:27Z""",IopIgnition:true,Latitude:4.6872067451477051,Longitude:-74.081344604492188,Altitude:2561.5,ExternalPowerVoltage:28.0,Rpm:-999,Speed:11.0,SatelliteNumber:18,Azimuth:13,BatteryLevel:100}]
"[{""Protocol"":""0x2525""","MessageType:""LocationInfoMessage""",ProtocolHeadType:19,"Imei:""869487064485674""",SerialNo:27972,Mileage:5575928,"Date:""2026-04-21T11:20:32Z""",IopIgnition:true,Latitude:4.6874003410339355,Longitude:-74.0813217163086,Altitude:2561.60009765625,ExternalPowerVoltage:28.07,Rpm:-999,Speed:20.0,SatelliteNumber:18,Azimuth:324,BatteryLevel:100}]
"[{""Protocol"":""0x2525""","MessageType:""LocationInfoMessage""",ProtocolHeadType:19,"Imei:""869487064485674""",SerialNo:27973,Mileage:5576113,"Date:""2026-04-21T11:20:57Z""",IopIgnition:true,Latitude:4.6887130737304688,Longitude:-74.082084655761719,Altitude:2564.10009765625,ExternalPowerVoltage:28.1,Rpm:-999,Speed:26.0,SatelliteNumber:18,Azimuth:53,BatteryLevel:100}]
"[{""Protocol"":""0x2525""","MessageType:""LocationInfoMessage""",ProtocolHeadType:19,"Imei:""869487064485674""",SerialNo:27974,Mileage:5576300,"Date:""2026-04-21T11:21:29Z""",IopIgnition:true,Latitude:4.6897811889648438,Longitude:-74.080802917480469,Altitude:2561.199951171875,ExternalPowerVoltage:28.1,Rpm:-999,Speed:17.0,SatelliteNumber:17,Azimuth:4,BatteryLevel:100}]
"[{""Protocol"":""0x2525""","MessageType:""LocationInfoMessage""",ProtocolHeadType:19,"Imei:""869487064485674""",SerialNo:27975,Mileage:5576414,"Date:""2026-04-21T11:21:48Z""",IopIgnition:true,Latitude:4.6906824111938477,Longitude:-74.081108093261719,Altitude:2564.300048828125,ExternalPowerVoltage:28.09,Rpm:-999,Speed:18.0,SatelliteNumber:17,Azimuth:58,BatteryLevel:100}]
"[{""Protocol"":""0x2525""","MessageType:""LocationInfoMessage""",ProtocolHeadType:19,"Imei:""869487064485674""",SerialNo:27976,Mileage:5576470,"Date:""2026-04-21T11:21:58Z""",IopIgnition:true,Latitude:4.690737247467041,Longitude:-74.080604553222656,Altitude:2563.89990234375,ExternalPowerVoltage:28.09,Rpm:-999,Speed:16.0,SatelliteNumber:18,Azimuth:110,BatteryLevel:100}]
"[{""Protocol"":""0x2525""","MessageType:""LocationInfoMessage""",ProtocolHeadType:19,"Imei:""869487064485674""",SerialNo:27977,Mileage:5576552,"Date:""2026-04-21T11:22:11Z""",IopIgnition:true,Latitude:4.6903648376464844,Longitude:-74.080146789550781,Altitude:2564.10009765625,ExternalPowerVoltage:28.08,Rpm:-999,Speed:21.0,SatelliteNumber:18,Azimuth:15,BatteryLevel:100}]
"[{""Protocol"":""0x2525""","MessageType:""LocationInfoMessage""",ProtocolHeadType:19,"Imei:""869487064485674""",SerialNo:27978,Mileage:5577141,"Date:""2026-04-21T11:23:22Z""",IopIgnition:true,Latitude:4.6936054229736328,Longitude:-74.076004028320313,Altitude:2568.300048828125,ExternalPowerVoltage:27.92,Rpm:-999,Speed:5.0,SatelliteNumber:17,Azimuth:54,BatteryLevel:100}]
"[{""Protocol"":""0x2525""","MessageType:""LocationInfoMessage""",ProtocolHeadType:19,"Imei:""869487064485674""",SerialNo:27979,Mileage:5577472,"Date:""2026-04-21T11:24:22Z""",IopIgnition:true,Latitude:4.6953840255737305,Longitude:-74.073623657226563,Altitude:2568.0,ExternalPowerVoltage:28.09,Rpm:-999,Speed:40.0,SatelliteNumber:18,Azimuth:55,BatteryLevel:100}]
"[{""Protocol"":""0x2525""","MessageType:""LocationInfoMessage""",ProtocolHeadType:19,"Imei:""869487064485674""",SerialNo:27980,Mileage:5577970,"Date:""2026-04-21T11:25:21Z""",IopIgnition:true,Latitude:4.6980276107788086,Longitude:-74.069992065429688,Altitude:2567.800048828125,ExternalPowerVoltage:28.02,Rpm:-999,Speed:14.0,SatelliteNumber:18,Azimuth:57,BatteryLevel:100}]
"[{""Protocol"":""0x2525""","MessageType:""LocationInfoMessage""",ProtocolHeadType:19,"Imei:""869487064485674""",SerialNo:27981,Mileage:5577979,"Date:""2026-04-21T11:26:22Z""",IopIgnition:true,Latitude:4.6980743408203125,Longitude:-74.069931030273438,Altitude:2567.10009765625,ExternalPowerVoltage:27.95,Rpm:-999,Speed:0.0,SatelliteNumber:14,Azimuth:49,BatteryLevel:100}]
"[{""Protocol"":""0x2525""","MessageType:""LocationInfoMessage""",ProtocolHeadType:19,"Imei:""869487064485674""",SerialNo:27982,Mileage:5578052,"Date:""2026-04-21T11:26:52Z""",IopIgnition:true,Latitude:4.6985244750976563,Longitude:-74.0694808959961,Altitude:2565.300048828125,ExternalPowerVoltage:28.04,Rpm:-999,Speed:11.0,SatelliteNumber:17,Azimuth:358,BatteryLevel:100}]
"[{""Protocol"":""0x2525""","MessageType:""LocationInfoMessage""",ProtocolHeadType:19,"Imei:""869487064485674""",SerialNo:27983,Mileage:5578887,"Date:""2026-04-21T11:28:22Z""",IopIgnition:true,Latitude:4.7058405876159668,Longitude:-74.070854187011719,Altitude:2565.0,ExternalPowerVoltage:27.92,Rpm:-999,Speed:0.0,SatelliteNumber:15,Azimuth:343,BatteryLevel:100}]
"[{""Protocol"":""0x2525""","MessageType:""LocationInfoMessage""",ProtocolHeadType:19,"Imei:""869487064485674""",SerialNo:27984,Mileage:5579379,"Date:""2026-04-21T11:29:22Z""",IopIgnition:true,Latitude:4.7101469039916992,Longitude:-74.071807861328125,Altitude:2568.699951171875,ExternalPowerVoltage:28.12,Rpm:-999,Speed:39.0,SatelliteNumber:15,Azimuth:353,BatteryLevel:100}]
"[{""Protocol"":""0x2525""","MessageType:""LocationInfoMessage""",ProtocolHeadType:19,"Imei:""869487064485674""",SerialNo:27985,Mileage:5579819,"Date:""2026-04-21T11:30:21Z""",IopIgnition:true,Latitude:4.7139987945556641,Longitude:-74.07269287109375,Altitude:2570.300048828125,ExternalPowerVoltage:28.15,Rpm:-999,Speed:63.0,SatelliteNumber:19,Azimuth:346,BatteryLevel:100}]
"[{""Protocol"":""0x2525""","MessageType:""LocationInfoMessage""",ProtocolHeadType:19,"Imei:""869487064485674""",SerialNo:27986,Mileage:5580619,"Date:""2026-04-21T11:31:22Z""",IopIgnition:true,Latitude:4.7208642959594727,Longitude:-74.074623107910156,Altitude:2581.0,ExternalPowerVoltage:28.18,Rpm:-999,Speed:49.0,SatelliteNumber:18,Azimuth:359,BatteryLevel:100}]
"[{""Protocol"":""0x2525""","MessageType:""LocationInfoMessage""",ProtocolHeadType:19,"Imei:""869487064485674""",SerialNo:27987,Mileage:5581407,"Date:""2026-04-21T11:32:22Z""",IopIgnition:true,Latitude:4.7279396057128906,Longitude:-74.074592590332031,Altitude:2590.300048828125,ExternalPowerVoltage:28.11,Rpm:-999,Speed:41.0,SatelliteNumber:18,Azimuth:2,BatteryLevel:100}]
"[{""Protocol"":""0x2525""","MessageType:""LocationInfoMessage""",ProtocolHeadType:19,"Imei:""869487064485674""",SerialNo:27988,Mileage:5581963,"Date:""2026-04-21T11:33:07Z""",IopIgnition:true,Latitude:4.7328062057495117,Longitude:-74.075302124023438,Altitude:2605.199951171875,ExternalPowerVoltage:28.11,Rpm:-999,Speed:34.0,SatelliteNumber:16,Azimuth:310,BatteryLevel:100}]
"[{""Protocol"":""0x2525""","MessageType:""LocationInfoMessage""",ProtocolHeadType:19,"Imei:""869487064485674""",SerialNo:27989,Mileage:5582890,"Date:""2026-04-21T11:34:22Z""",IopIgnition:true,Latitude:4.7368550300598145,Longitude:-74.082328796386719,Altitude:2599.300048828125,ExternalPowerVoltage:28.1,Rpm:-999,Speed:49.0,SatelliteNumber:18,Azimuth:316,BatteryLevel:100}]
"[{""Protocol"":""0x2525""","MessageType:""LocationInfoMessage""",ProtocolHeadType:19,"Imei:""869487064485674""",SerialNo:27990,Mileage:5583584,"Date:""2026-04-21T11:35:22Z""",IopIgnition:true,Latitude:4.7397589683532715,Longitude:-74.087692260742188,Altitude:2573.699951171875,ExternalPowerVoltage:27.95,Rpm:-999,Speed:25.0,SatelliteNumber:18,Azimuth:315,BatteryLevel:100}]
"[{""Protocol"":""0x2525""","MessageType:""LocationInfoMessage""",ProtocolHeadType:19,"Imei:""869487064485674""",SerialNo:27991,Mileage:5583760,"Date:""2026-04-21T11:36:21Z""",IopIgnition:true,Latitude:4.740882396697998,Longitude:-74.088798522949219,Altitude:2571.300048828125,ExternalPowerVoltage:27.87,Rpm:-999,Speed:11.0,SatelliteNumber:17,Azimuth:317,BatteryLevel:100}]
"[{""Protocol"":""0x2525""","MessageType:""LocationInfoMessage""",ProtocolHeadType:19,"Imei:""869487064485674""",SerialNo:27992,Mileage:5583894,"Date:""2026-04-21T11:37:22Z""",IopIgnition:true,Latitude:4.7416481971740723,Longitude:-74.089729309082031,Altitude:2571.60009765625,ExternalPowerVoltage:28.13,Rpm:-999,Speed:27.0,SatelliteNumber:18,Azimuth:302,BatteryLevel:100}]
"[{""Protocol"":""0x2525""","MessageType:""LocationInfoMessage""",ProtocolHeadType:19,"Imei:""869487064485674""",SerialNo:27993,Mileage:5584358,"Date:""2026-04-21T11:38:22Z""",IopIgnition:true,Latitude:4.7442226409912109,Longitude:-74.093009948730469,Altitude:2569.699951171875,ExternalPowerVoltage:27.86,Rpm:-999,Speed:0.0,SatelliteNumber:17,Azimuth:308,BatteryLevel:100}]
"[{""Protocol"":""0x2525""","MessageType:""LocationInfoMessage""",ProtocolHeadType:19,"Imei:""869487064485674""",SerialNo:27994,Mileage:5584553,"Date:""2026-04-21T11:39:22Z""",IopIgnition:true,Latitude:4.7452483177185059,Longitude:-74.094436645507813,Altitude:2567.0,ExternalPowerVoltage:27.95,Rpm:-999,Speed:19.0,SatelliteNumber:18,Azimuth:308,BatteryLevel:100}]
"[{""Protocol"":""0x2525""","MessageType:""LocationInfoMessage""",ProtocolHeadType:19,"Imei:""869487064485674""",SerialNo:27995,Mileage:5584911,"Date:""2026-04-21T11:40:22Z""",IopIgnition:true,Latitude:4.7472653388977051,Longitude:-74.096939086914063,Altitude:2568.699951171875,ExternalPowerVoltage:28.24,Rpm:-999,Speed:44.0,SatelliteNumber:18,Azimuth:300,BatteryLevel:100}]
"[{""Protocol"":""0x2525""","MessageType:""LocationInfoMessage""",ProtocolHeadType:19,"Imei:""869487064485674""",SerialNo:27996,Mileage:5585308,"Date:""2026-04-21T11:41:22Z""",IopIgnition:true,Latitude:4.7489094734191895,Longitude:-74.100112915039063,Altitude:2568.300048828125,ExternalPowerVoltage:28.16,Rpm:-999,Speed:20.0,SatelliteNumber:18,Azimuth:296,BatteryLevel:100}]
"[{""Protocol"":""0x2525""","MessageType:""LocationInfoMessage""",ProtocolHeadType:19,"Imei:""869487064485674""",SerialNo:27997,Mileage:5585748,"Date:""2026-04-21T11:42:09Z""",IopIgnition:true,Latitude:4.7505712509155273,Longitude:-74.10369873046875,Altitude:2569.39990234375,ExternalPowerVoltage:28.19,Rpm:-999,Speed:9.0,SatelliteNumber:18,Azimuth:221,BatteryLevel:100}]
"[{""Protocol"":""0x2525""","MessageType:""LocationInfoMessage""",ProtocolHeadType:19,"Imei:""869487064485674""",SerialNo:27998,Mileage:5585755,"Date:""2026-04-21T11:42:11Z""",IopIgnition:true,Latitude:4.7505106925964355,Longitude:-74.103706359863281,Altitude:2569.39990234375,ExternalPowerVoltage:28.13,Rpm:-999,Speed:18.0,SatelliteNumber:17,Azimuth:162,BatteryLevel:100}]
"[{""Protocol"":""0x2525""","MessageType:""LocationInfoMessage""",ProtocolHeadType:19,"Imei:""869487064485674""",SerialNo:27999,Mileage:5585776,"Date:""2026-04-21T11:42:15Z""",IopIgnition:true,Latitude:4.750394344329834,Longitude:-74.10357666015625,Altitude:2570.10009765625,ExternalPowerVoltage:28.18,Rpm:-999,Speed:19.0,SatelliteNumber:17,Azimuth:115,BatteryLevel:100}]
"[{""Protocol"":""0x2525""","MessageType:""LocationInfoMessage""",ProtocolHeadType:19,"Imei:""869487064485674""",SerialNo:28000,Mileage:5585930,"Date:""2026-04-21T11:43:00Z""",IopIgnition:true,Latitude:4.7496938705444336,Longitude:-74.1023941040039,Altitude:2567.89990234375,ExternalPowerVoltage:27.83,Rpm:-999,Speed:22.0,SatelliteNumber:17,Azimuth:162,BatteryLevel:100}]
"[{""Protocol"":""0x2525""","MessageType:""LocationInfoMessage""",ProtocolHeadType:19,"Imei:""869487064485674""",SerialNo:28001,Mileage:5585944,"Date:""2026-04-21T11:43:03Z""",IopIgnition:true,Latitude:4.7495713233947754,Longitude:-74.102409362792969,Altitude:2568.199951171875,ExternalPowerVoltage:27.91,Rpm:-999,Speed:10.0,SatelliteNumber:17,Azimuth:216,BatteryLevel:100}]
"[{""Protocol"":""0x2525""","MessageType:""LocationInfoMessage""",ProtocolHeadType:19,"Imei:""869487064485674""",SerialNo:28002,Mileage:5586259,"Date:""2026-04-21T11:43:52Z""",IopIgnition:true,Latitude:4.74728536605835,Longitude:-74.103988647460938,Altitude:2564.5,ExternalPowerVoltage:28.16,Rpm:-999,Speed:23.0,SatelliteNumber:16,Azimuth:273,BatteryLevel:100}]
"[{""Protocol"":""0x2525""","MessageType:""LocationInfoMessage""",ProtocolHeadType:19,"Imei:""869487064485674""",SerialNo:28003,Mileage:5586459,"Date:""2026-04-21T11:44:17Z""",IopIgnition:true,Latitude:4.7475299835205078,Longitude:-74.105758666992188,Altitude:2564.60009765625,ExternalPowerVoltage:27.8,Rpm:-999,Speed:12.0,SatelliteNumber:15,Azimuth:325,BatteryLevel:100}]
"[{""Protocol"":""0x2525""","MessageType:""LocationInfoMessage""",ProtocolHeadType:19,"Imei:""869487064485674""",SerialNo:28004,Mileage:5586613,"Date:""2026-04-21T11:45:00Z""",IopIgnition:true,Latitude:4.7488932609558105,Longitude:-74.105758666992188,Altitude:2567.199951171875,ExternalPowerVoltage:28.09,Rpm:-999,Speed:8.0,SatelliteNumber:16,Azimuth:272,BatteryLevel:100}]
"[{""Protocol"":""0x2525""","MessageType:""LocationInfoMessage""",ProtocolHeadType:19,"Imei:""869487064485674""",SerialNo:28005,Mileage:5586626,"Date:""2026-04-21T11:45:03Z""",IopIgnition:true,Latitude:4.7488417625427246,Longitude:-74.1058578491211,Altitude:2566.10009765625,ExternalPowerVoltage:28.15,Rpm:-999,Speed:18.0,SatelliteNumber:16,Azimuth:223,BatteryLevel:100}]
"[{""Protocol"":""0x2525""","MessageType:""LocationInfoMessage""",ProtocolHeadType:19,"Imei:""869487064485674""",SerialNo:28006,Mileage:5587065,"Date:""2026-04-21T11:46:22Z""",IopIgnition:true,Latitude:4.7455554008483887,Longitude:-74.1080322265625,Altitude:2562.199951171875,ExternalPowerVoltage:27.92,Rpm:-999,Speed:0.0,SatelliteNumber:17,Azimuth:226,BatteryLevel:100}]
"[{""Protocol"":""0x2525""","MessageType:""LocationInfoMessage""",ProtocolHeadType:19,"Imei:""869487064485674""",SerialNo:28007,Mileage:5587104,"Date:""2026-04-21T11:46:56Z""",IopIgnition:true,Latitude:4.7453646659851074,Longitude:-74.108314514160156,Altitude:2562.199951171875,ExternalPowerVoltage:28.04,Rpm:-999,Speed:12.0,SatelliteNumber:17,Azimuth:282,BatteryLevel:100}]
"[{""Protocol"":""0x2525""","MessageType:""LocationInfoMessage""",ProtocolHeadType:19,"Imei:""869487064485674""",SerialNo:28008,Mileage:5587736,"Date:""2026-04-21T11:48:22Z""",IopIgnition:true,Latitude:4.7468514442443848,Longitude:-74.113815307617188,Altitude:2565.0,ExternalPowerVoltage:27.9,Rpm:-999,Speed:16.0,SatelliteNumber:18,Azimuth:285,BatteryLevel:100}]
"[{""Protocol"":""0x2525""","MessageType:""LocationInfoMessage""",ProtocolHeadType:19,"Imei:""869487064485674""",SerialNo:28009,Mileage:5587860,"Date:""2026-04-21T11:49:22Z""",IopIgnition:true,Latitude:4.7470254898071289,Longitude:-74.114921569824219,Altitude:2566.60009765625,ExternalPowerVoltage:27.86,Rpm:-999,Speed:0.0,SatelliteNumber:16,Azimuth:277,BatteryLevel:100}]
"[{""Protocol"":""0x2525""","MessageType:""LocationInfoMessage""",ProtocolHeadType:19,"Imei:""869487064485674""",SerialNo:28010,Mileage:5588190,"Date:""2026-04-21T11:50:21Z""",IopIgnition:true,Latitude:4.7472734451293945,Longitude:-74.117874145507813,Altitude:2568.0,ExternalPowerVoltage:28.17,Rpm:-999,Speed:25.0,SatelliteNumber:17,Azimuth:274,BatteryLevel:100}]
"[{""Protocol"":""0x2525""","MessageType:""LocationInfoMessage""",ProtocolHeadType:19,"Imei:""869487064485674""",SerialNo:28011,Mileage:5588403,"Date:""2026-04-21T11:51:22Z""",IopIgnition:true,Latitude:4.74750280380249,Longitude:-74.1197738647461,Altitude:2570.199951171875,ExternalPowerVoltage:27.96,Rpm:-999,Speed:0.0,SatelliteNumber:17,Azimuth:279,BatteryLevel:100}]
"[{""Protocol"":""0x2525""","MessageType:""LocationInfoMessage""",ProtocolHeadType:19,"Imei:""869487064485674""",SerialNo:28012,Mileage:5588464,"Date:""2026-04-21T11:52:22Z""",IopIgnition:true,Latitude:4.7475194931030273,Longitude:-74.120323181152344,Altitude:2571.199951171875,ExternalPowerVoltage:27.98,Rpm:-999,Speed:6.0,SatelliteNumber:17,Azimuth:291,BatteryLevel:100}]
"[{""Protocol"":""0x2525""","MessageType:""LocationInfoMessage""",ProtocolHeadType:19,"Imei:""869487064485674""",SerialNo:28013,Mileage:5588515,"Date:""2026-04-21T11:53:14Z""",IopIgnition:true,Latitude:4.7475409507751465,Longitude:-74.120780944824219,Altitude:2571.300048828125,ExternalPowerVoltage:27.97,Rpm:-999,Speed:5.0,SatelliteNumber:17,Azimuth:237,BatteryLevel:100}]
"[{""Protocol"":""0x2525""","MessageType:""LocationInfoMessage""",ProtocolHeadType:19,"Imei:""869487064485674""",SerialNo:28014,Mileage:5588519,"Date:""2026-04-21T11:53:17Z""",IopIgnition:true,Latitude:4.7475142478942871,Longitude:-74.120811462402344,Altitude:2571.89990234375,ExternalPowerVoltage:27.89,Rpm:-999,Speed:5.0,SatelliteNumber:18,Azimuth:191,BatteryLevel:100}]
"[{""Protocol"":""0x2525""","MessageType:""LocationInfoMessage""",ProtocolHeadType:19,"Imei:""869487064485674""",SerialNo:28015,Mileage:5588602,"Date:""2026-04-21T11:54:22Z""",IopIgnition:true,Latitude:4.746821403503418,Longitude:-74.120567321777344,Altitude:2559.89990234375,ExternalPowerVoltage:27.94,Rpm:-999,Speed:5.0,SatelliteNumber:16,Azimuth:153,BatteryLevel:100}]
"[{""Protocol"":""0x2525""","MessageType:""LocationInfoMessage""",ProtocolHeadType:19,"Imei:""869487064485674""",SerialNo:28016,Mileage:5588636,"Date:""2026-04-21T11:54:40Z""",IopIgnition:true,Latitude:4.7465229034423828,Longitude:-74.120491027832031,Altitude:2560.5,ExternalPowerVoltage:28.06,Rpm:-999,Speed:8.0,SatelliteNumber:17,Azimuth:209,BatteryLevel:100}]
"[{""Protocol"":""0x2525""","MessageType:""LocationInfoMessage""",ProtocolHeadType:19,"Imei:""869487064485674""",SerialNo:28017,Mileage:5588644,"Date:""2026-04-21T11:54:43Z""",IopIgnition:true,Latitude:4.7464876174926758,Longitude:-74.120559692382813,Altitude:2560.300048828125,ExternalPowerVoltage:28.07,Rpm:-999,Speed:11.0,SatelliteNumber:18,Azimuth:259,BatteryLevel:100}]
"[{""Protocol"":""0x2525""","MessageType:""LocationAlarmMessage""",ProtocolHeadType:20,"Imei:""869487064485674""",SerialNo:1057,Mileage:5588682,"Date:""2026-04-21T11:55:59Z""",IopIgnition:false,Latitude:4.74641752243042,Longitude:-74.120887756347656,Altitude:2559.39990234375,ExternalPowerVoltage:27.77,Rpm:-999,Speed:0.0,SatelliteNumber:16,Azimuth:247,OriginalAlarmCode:23}]
"[{""Protocol"":""0x2525""","MessageType:""LocationAlarmMessage""",ProtocolHeadType:20,"Imei:""869487064485674""",SerialNo:1058,Mileage:5588682,"Date:""2026-04-21T12:26:07Z""",IopIgnition:true,Latitude:4.74641752243042,Longitude:-74.120887756347656,Altitude:2559.39990234375,ExternalPowerVoltage:25.37,Rpm:-999,Speed:0.0,SatelliteNumber:17,Azimuth:247,OriginalAlarmCode:22}]
"[{""Protocol"":""0x2525""","MessageType:""LocationInfoMessage""",ProtocolHeadType:19,"Imei:""869487064485674""",SerialNo:28018,Mileage:5588682,"Date:""2026-04-21T12:27:08Z""",IopIgnition:true,Latitude:4.74641752243042,Longitude:-74.120887756347656,Altitude:2559.39990234375,ExternalPowerVoltage:27.93,Rpm:-999,Speed:0.0,SatelliteNumber:15,Azimuth:247,BatteryLevel:100}]
"[{""Protocol"":""0x2525""","MessageType:""LocationInfoMessage""",ProtocolHeadType:19,"Imei:""869487064485674""",SerialNo:28019,Mileage:5588804,"Date:""2026-04-21T12:28:08Z""",IopIgnition:true,Latitude:4.7460756301879883,Longitude:-74.1219253540039,Altitude:2556.5,ExternalPowerVoltage:28.09,Rpm:-999,Speed:19.0,SatelliteNumber:19,Azimuth:251,BatteryLevel:100}]
"[{""Protocol"":""0x2525""","MessageType:""LocationInfoMessage""",ProtocolHeadType:19,"Imei:""869487064485674""",SerialNo:28020,Mileage:5589071,"Date:""2026-04-21T12:29:08Z""",IopIgnition:true,Latitude:4.7453198432922363,Longitude:-74.124198913574219,Altitude:2555.60009765625,ExternalPowerVoltage:28.14,Rpm:-999,Speed:27.0,SatelliteNumber:18,Azimuth:248,BatteryLevel:100}]
"[{""Protocol"":""0x2525""","MessageType:""LocationInfoMessage""",ProtocolHeadType:19,"Imei:""869487064485674""",SerialNo:28021,Mileage:5589253,"Date:""2026-04-21T12:30:08Z""",IopIgnition:true,Latitude:4.7447733879089355,Longitude:-74.125740051269531,Altitude:2558.300048828125,ExternalPowerVoltage:27.91,Rpm:-999,Speed:0.0,SatelliteNumber:17,Azimuth:245,BatteryLevel:100}]
"[{""Protocol"":""0x2525""","MessageType:""LocationInfoMessage""",ProtocolHeadType:19,"Imei:""869487064485674""",SerialNo:28022,Mileage:5589508,"Date:""2026-04-21T12:31:06Z""",IopIgnition:true,Latitude:4.7441954612731934,Longitude:-74.127914428710938,Altitude:2558.10009765625,ExternalPowerVoltage:28.1,Rpm:-999,Speed:22.0,SatelliteNumber:18,Azimuth:293,BatteryLevel:100}]
"[{""Protocol"":""0x2525""","MessageType:""LocationInfoMessage""",ProtocolHeadType:19,"Imei:""869487064485674""",SerialNo:28023,Mileage:5589517,"Date:""2026-04-21T12:32:08Z""",IopIgnition:true,Latitude:4.7442231178283691,Longitude:-74.12799072265625,Altitude:2557.300048828125,ExternalPowerVoltage:27.95,Rpm:-999,Speed:0.0,SatelliteNumber:17,Azimuth:282,BatteryLevel:100}]
"[{""Protocol"":""0x2525""","MessageType:""LocationInfoMessage""",ProtocolHeadType:19,"Imei:""869487064485674""",SerialNo:28024,Mileage:5589517,"Date:""2026-04-21T12:33:08Z""",IopIgnition:true,Latitude:4.7442231178283691,Longitude:-74.12799072265625,Altitude:2557.300048828125,ExternalPowerVoltage:27.85,Rpm:-999,Speed:0.0,SatelliteNumber:17,Azimuth:282,BatteryLevel:100}]
"[{""Protocol"":""0x2525""","MessageType:""LocationInfoMessage""",ProtocolHeadType:19,"Imei:""869487064485674""",SerialNo:28025,Mileage:5589517,"Date:""2026-04-21T12:34:07Z""",IopIgnition:true,Latitude:4.7442231178283691,Longitude:-74.12799072265625,Altitude:2557.300048828125,ExternalPowerVoltage:27.97,Rpm:-999,Speed:0.0,SatelliteNumber:17,Azimuth:282,BatteryLevel:100}]
"[{""Protocol"":""0x2525""","MessageType:""LocationInfoMessage""",ProtocolHeadType:19,"Imei:""869487064485674""",SerialNo:28026,Mileage:5589517,"Date:""2026-04-21T12:35:08Z""",IopIgnition:true,Latitude:4.7442231178283691,Longitude:-74.12799072265625,Altitude:2557.300048828125,ExternalPowerVoltage:28.02,Rpm:-999,Speed:0.0,SatelliteNumber:19,Azimuth:282,BatteryLevel:100}]
"[{""Protocol"":""0x2525""","MessageType:""LocationInfoMessage""",ProtocolHeadType:19,"Imei:""869487064485674""",SerialNo:28027,Mileage:5589605,"Date:""2026-04-21T12:35:46Z""",IopIgnition:true,Latitude:4.7443437576293945,Longitude:-74.128753662109375,Altitude:2561.60009765625,ExternalPowerVoltage:28.06,Rpm:-999,Speed:11.0,SatelliteNumber:18,Azimuth:199,BatteryLevel:100}]
"[{""Protocol"":""0x2525""","MessageType:""LocationInfoMessage""",ProtocolHeadType:19,"Imei:""869487064485674""",SerialNo:28028,Mileage:5589846,"Date:""2026-04-21T12:36:22Z""",IopIgnition:true,Latitude:4.7423038482666016,Longitude:-74.129402160644531,Altitude:2559.39990234375,ExternalPowerVoltage:28.08,Rpm:-999,Speed:15.0,SatelliteNumber:18,Azimuth:256,BatteryLevel:100}]
"[{""Protocol"":""0x2525""","MessageType:""LocationInfoMessage""",ProtocolHeadType:19,"Imei:""869487064485674""",SerialNo:28029,Mileage:5589991,"Date:""2026-04-21T12:36:52Z""",IopIgnition:true,Latitude:4.7418370246887207,Longitude:-74.130599975585938,Altitude:2562.800048828125,ExternalPowerVoltage:27.93,Rpm:-999,Speed:10.0,SatelliteNumber:19,Azimuth:170,BatteryLevel:100}]
"[{""Protocol"":""0x2525""","MessageType:""LocationInfoMessage""",ProtocolHeadType:19,"Imei:""869487064485674""",SerialNo:28030,Mileage:5590198,"Date:""2026-04-21T12:37:29Z""",IopIgnition:true,Latitude:4.7401666641235352,Longitude:-74.129806518554688,Altitude:2557.10009765625,ExternalPowerVoltage:28.02,Rpm:-999,Speed:9.0,SatelliteNumber:18,Azimuth:96,BatteryLevel:100}]
"[{""Protocol"":""0x2525""","MessageType:""SignInMessage""",ProtocolHeadType:0,"Imei:""869487064485674""",SerialNo:273,"Firmware:""V1.0.1.8""",Model:0,ObdBootVersion:null,ObdDataVersion:null,ObdHareware:null,ObdSoftware:null,Platform:null,"Software:""V0.0.0""}]",,,,
"[{""Protocol"":""0x2525""","MessageType:""NetworkInfoMessage""",ProtocolHeadType:0,"Imei:""869487064485674""",SerialNo:253,"AccessTechnology:""CAT-1""","Band:""CAT-1 5""","Date:""2026-04-21T12:38:20Z""","Iccid:""89571017025023250790""","Imsi:""732101725325077""","NetworkOperator:""LaSeleNosLlama""}]",,,,,,
"[{""Protocol"":""0x2525""","MessageType:""LocationInfoMessage""",ProtocolHeadType:19,"Imei:""869487064485674""",SerialNo:28031,Mileage:5590662,"Date:""2026-04-21T12:39:08Z""",IopIgnition:true,Latitude:4.7417731285095215,Longitude:-74.1259536743164,Altitude:2570.89990234375,ExternalPowerVoltage:27.95,Rpm:-999,Speed:7.0,SatelliteNumber:19,Azimuth:68,BatteryLevel:100}]
"[{""Protocol"":""0x2525""","MessageType:""LocationInfoMessage""",ProtocolHeadType:19,"Imei:""869487064485674""",SerialNo:28032,Mileage:5590762,"Date:""2026-04-21T12:40:08Z""",IopIgnition:true,Latitude:4.74211311340332,Longitude:-74.125129699707031,Altitude:2570.0,ExternalPowerVoltage:27.85,Rpm:-999,Speed:0.0,SatelliteNumber:18,Azimuth:51,BatteryLevel:100}]
"[{""Protocol"":""0x2525""","MessageType:""LocationInfoMessage""",ProtocolHeadType:19,"Imei:""869487064485674""",SerialNo:28033,Mileage:5590762,"Date:""2026-04-21T12:41:08Z""",IopIgnition:true,Latitude:4.74211311340332,Longitude:-74.125129699707031,Altitude:2570.0,ExternalPowerVoltage:27.95,Rpm:-999,Speed:0.0,SatelliteNumber:18,Azimuth:51,BatteryLevel:100}]
"[{""Protocol"":""0x2525""","MessageType:""LocationInfoMessage""",ProtocolHeadType:19,"Imei:""869487064485674""",SerialNo:28034,Mileage:5590762,"Date:""2026-04-21T12:42:07Z""",IopIgnition:true,Latitude:4.74211311340332,Longitude:-74.125129699707031,Altitude:2570.0,ExternalPowerVoltage:27.93,Rpm:-999,Speed:0.0,SatelliteNumber:17,Azimuth:51,BatteryLevel:100}]
"[{""Protocol"":""0x2525""","MessageType:""LocationInfoMessage""",ProtocolHeadType:19,"Imei:""869487064485674""",SerialNo:28035,Mileage:5590792,"Date:""2026-04-21T12:43:08Z""",IopIgnition:true,Latitude:4.7422184944152832,Longitude:-74.124885559082031,Altitude:2567.60009765625,ExternalPowerVoltage:28.03,Rpm:-999,Speed:6.0,SatelliteNumber:18,Azimuth:71,BatteryLevel:100}]
"[{""Protocol"":""0x2525""","MessageType:""LocationInfoMessage""",ProtocolHeadType:19,"Imei:""869487064485674""",SerialNo:28036,Mileage:5590802,"Date:""2026-04-21T12:43:13Z""",IopIgnition:true,Latitude:4.7422323226928711,Longitude:-74.124786376953125,Altitude:2569.199951171875,ExternalPowerVoltage:28.06,Rpm:-999,Speed:8.0,SatelliteNumber:18,Azimuth:118,BatteryLevel:100}]
"[{""Protocol"":""0x2525""","MessageType:""LocationInfoMessage""",ProtocolHeadType:19,"Imei:""869487064485674""",SerialNo:28037,Mileage:5590814,"Date:""2026-04-21T12:43:19Z""",IopIgnition:true,Latitude:4.7422647476196289,Longitude:-74.12469482421875,Altitude:2570.60009765625,ExternalPowerVoltage:27.97,Rpm:-999,Speed:7.0,SatelliteNumber:18,Azimuth:63,BatteryLevel:100}]
"[{""Protocol"":""0x2525""","MessageType:""LocationInfoMessage""",ProtocolHeadType:19,"Imei:""869487064485674""",SerialNo:28038,Mileage:5591502,"Date:""2026-04-21T12:45:08Z""",IopIgnition:true,Latitude:4.74458646774292,Longitude:-74.118949890136719,Altitude:2569.5,ExternalPowerVoltage:28.12,Rpm:-999,Speed:23.0,SatelliteNumber:18,Azimuth:70,BatteryLevel:100}]
"[{""Protocol"":""0x2525""","MessageType:""LocationInfoMessage""",ProtocolHeadType:19,"Imei:""869487064485674""",SerialNo:28039,Mileage:5591740,"Date:""2026-04-21T12:45:43Z""",IopIgnition:true,Latitude:4.7450494766235352,Longitude:-74.116958618164063,Altitude:2567.800048828125,ExternalPowerVoltage:28.17,Rpm:-999,Speed:28.0,SatelliteNumber:18,Azimuth:122,BatteryLevel:100}]
"[{""Protocol"":""0x2525""","MessageType:""LocationInfoMessage""",ProtocolHeadType:19,"Imei:""869487064485674""",SerialNo:28040,Mileage:5592305,"Date:""2026-04-21T12:47:08Z""",IopIgnition:true,Latitude:4.7426414489746094,Longitude:-74.112480163574219,Altitude:2568.60009765625,ExternalPowerVoltage:28.09,Rpm:-999,Speed:21.0,SatelliteNumber:18,Azimuth:112,BatteryLevel:100}]
"[{""Protocol"":""0x2525""","MessageType:""LocationInfoMessage""",ProtocolHeadType:19,"Imei:""869487064485674""",SerialNo:28041,Mileage:5592359,"Date:""2026-04-21T12:48:08Z""",IopIgnition:true,Latitude:4.7424511909484863,Longitude:-74.112045288085938,Altitude:2567.5,ExternalPowerVoltage:28.15,Rpm:-999,Speed:18.0,SatelliteNumber:18,Azimuth:54,BatteryLevel:100}]
"[{""Protocol"":""0x2525""","MessageType:""LocationInfoMessage""",ProtocolHeadType:19,"Imei:""869487064485674""",SerialNo:28042,Mileage:5592359,"Date:""2026-04-21T12:48:08Z""",IopIgnition:true,Latitude:4.7424511909484863,Longitude:-74.112045288085938,Altitude:2567.5,ExternalPowerVoltage:28.15,Rpm:-999,Speed:18.0,SatelliteNumber:18,Azimuth:54,BatteryLevel:100}]
"[{""Protocol"":""0x2525""","MessageType:""LocationInfoMessage""",ProtocolHeadType:19,"Imei:""869487064485674""",SerialNo:28043,Mileage:5592383,"Date:""2026-04-21T12:48:13Z""",IopIgnition:true,Latitude:4.7425341606140137,Longitude:-74.111854553222656,Altitude:2565.699951171875,ExternalPowerVoltage:27.94,Rpm:-999,Speed:14.0,SatelliteNumber:18,Azimuth:114,BatteryLevel:100}]
"[{""Protocol"":""0x2525""","MessageType:""LocationInfoMessage""",ProtocolHeadType:19,"Imei:""869487064485674""",SerialNo:28044,Mileage:5592522,"Date:""2026-04-21T12:48:33Z""",IopIgnition:true,Latitude:4.7415895462036133,Longitude:-74.1110610961914,Altitude:2563.39990234375,ExternalPowerVoltage:28.09,Rpm:-999,Speed:18.0,SatelliteNumber:17,Azimuth:66,BatteryLevel:100}]
"[{""Protocol"":""0x2525""","MessageType:""LocationInfoMessage""",ProtocolHeadType:19,"Imei:""869487064485674""",SerialNo:28045,Mileage:5592803,"Date:""2026-04-21T12:49:17Z""",IopIgnition:true,Latitude:4.742884635925293,Longitude:-74.109001159667969,Altitude:2564.39990234375,ExternalPowerVoltage:28.16,Rpm:-999,Speed:27.0,SatelliteNumber:17,Azimuth:115,BatteryLevel:100}]
"[{""Protocol"":""0x2525""","MessageType:""LocationInfoMessage""",ProtocolHeadType:19,"Imei:""869487064485674""",SerialNo:28046,Mileage:5592983,"Date:""2026-04-21T12:49:47Z""",IopIgnition:true,Latitude:4.7420010566711426,Longitude:-74.107704162597656,Altitude:2565.300048828125,ExternalPowerVoltage:28.17,Rpm:-999,Speed:16.0,SatelliteNumber:17,Azimuth:164,BatteryLevel:100}]
"[{""Protocol"":""0x2525""","MessageType:""LocationInfoMessage""",ProtocolHeadType:19,"Imei:""869487064485674""",SerialNo:28047,Mileage:5593432,"Date:""2026-04-21T12:50:52Z""",IopIgnition:true,Latitude:4.7384800910949707,Longitude:-74.1080322265625,Altitude:2567.39990234375,ExternalPowerVoltage:28.15,Rpm:-999,Speed:17.0,SatelliteNumber:16,Azimuth:85,BatteryLevel:100}]
"[{""Protocol"":""0x2525""","MessageType:""LocationInfoMessage""",ProtocolHeadType:19,"Imei:""869487064485674""",SerialNo:28048,Mileage:5593863,"Date:""2026-04-21T12:52:08Z""",IopIgnition:true,Latitude:4.73784875869751,Longitude:-74.104476928710938,Altitude:2567.60009765625,ExternalPowerVoltage:28.03,Rpm:-999,Speed:12.0,SatelliteNumber:16,Azimuth:110,BatteryLevel:100}]
"[{""Protocol"":""0x2525""","MessageType:""LocationInfoMessage""",ProtocolHeadType:19,"Imei:""869487064485674""",SerialNo:28049,Mileage:5594134,"Date:""2026-04-21T12:53:08Z""",IopIgnition:true,Latitude:4.7369041442871094,Longitude:-74.10223388671875,Altitude:2569.60009765625,ExternalPowerVoltage:28.08,Rpm:-999,Speed:13.0,SatelliteNumber:18,Azimuth:125,BatteryLevel:100}]
"[{""Protocol"":""0x2525""","MessageType:""LocationInfoMessage""",ProtocolHeadType:19,"Imei:""869487064485674""",SerialNo:28050,Mileage:5594303,"Date:""2026-04-21T12:54:07Z""",IopIgnition:true,Latitude:4.736234188079834,Longitude:-74.100875854492188,Altitude:2568.199951171875,ExternalPowerVoltage:28.27,Rpm:-999,Speed:23.0,SatelliteNumber:18,Azimuth:115,BatteryLevel:100}]
"[{""Protocol"":""0x2525""","MessageType:""LocationInfoMessage""",ProtocolHeadType:19,"Imei:""869487064485674""",SerialNo:28051,Mileage:5594411,"Date:""2026-04-21T12:54:27Z""",IopIgnition:true,Latitude:4.7357325553894043,Longitude:-74.1000747680664,Altitude:2568.60009765625,ExternalPowerVoltage:28.02,Rpm:-999,Speed:8.0,SatelliteNumber:18,Azimuth:163,BatteryLevel:100}]
"[{""Protocol"":""0x2525""","MessageType:""LocationInfoMessage""",ProtocolHeadType:19,"Imei:""869487064485674""",SerialNo:28052,Mileage:5595026,"Date:""2026-04-21T12:56:08Z""",IopIgnition:true,Latitude:4.7302632331848145,Longitude:-74.100822448730469,Altitude:2569.10009765625,ExternalPowerVoltage:28.05,Rpm:-999,Speed:27.0,SatelliteNumber:16,Azimuth:187,BatteryLevel:100}]
"[{""Protocol"":""0x2525""","MessageType:""LocationInfoMessage""",ProtocolHeadType:19,"Imei:""869487064485674""",SerialNo:28053,Mileage:5595304,"Date:""2026-04-21T12:56:31Z""",IopIgnition:true,Latitude:4.727874755859375,Longitude:-74.100830078125,Altitude:2564.89990234375,ExternalPowerVoltage:28.14,Rpm:-999,Speed:58.0,SatelliteNumber:18,Azimuth:140,BatteryLevel:100}]
"[{""Protocol"":""0x2525""","MessageType:""LocationInfoMessage""",ProtocolHeadType:19,"Imei:""869487064485674""",SerialNo:28054,Mileage:5596251,"Date:""2026-04-21T12:58:08Z""",IopIgnition:true,Latitude:4.7210330963134766,Longitude:-74.096054077148438,Altitude:2562.199951171875,ExternalPowerVoltage:28.02,Rpm:-999,Speed:0.0,SatelliteNumber:18,Azimuth:128,BatteryLevel:100}]
"[{""Protocol"":""0x2525""","MessageType:""LocationInfoMessage""",ProtocolHeadType:19,"Imei:""869487064485674""",SerialNo:28055,Mileage:5596390,"Date:""2026-04-21T12:59:08Z""",IopIgnition:true,Latitude:4.7202262878417969,Longitude:-74.095100402832031,Altitude:2562.800048828125,ExternalPowerVoltage:27.96,Rpm:-999,Speed:0.0,SatelliteNumber:18,Azimuth:135,BatteryLevel:100}]
"[{""Protocol"":""0x2525""","MessageType:""LocationInfoMessage""",ProtocolHeadType:19,"Imei:""869487064485674""",SerialNo:28056,Mileage:5596390,"Date:""2026-04-21T13:00:07Z""",IopIgnition:true,Latitude:4.7202262878417969,Longitude:-74.095100402832031,Altitude:2562.800048828125,ExternalPowerVoltage:27.93,Rpm:-999,Speed:0.0,SatelliteNumber:18,Azimuth:135,BatteryLevel:100}]
"[{""Protocol"":""0x2525""","MessageType:""LocationInfoMessage""",ProtocolHeadType:19,"Imei:""869487064485674""",SerialNo:28057,Mileage:5596513,"Date:""2026-04-21T13:01:08Z""",IopIgnition:true,Latitude:4.7194066047668457,Longitude:-74.0943603515625,Altitude:2561.60009765625,ExternalPowerVoltage:27.98,Rpm:-999,Speed:0.0,SatelliteNumber:18,Azimuth:142,BatteryLevel:100}]
"[{""Protocol"":""0x2525""","MessageType:""LocationInfoMessage""",ProtocolHeadType:19,"Imei:""869487064485674""",SerialNo:28058,Mileage:5596723,"Date:""2026-04-21T13:02:08Z""",IopIgnition:true,Latitude:4.7179279327392578,Longitude:-74.093185424804688,Altitude:2558.89990234375,ExternalPowerVoltage:27.91,Rpm:-999,Speed:10.0,SatelliteNumber:18,Azimuth:150,BatteryLevel:100}]
"[{""Protocol"":""0x2525""","MessageType:""LocationInfoMessage""",ProtocolHeadType:19,"Imei:""869487064485674""",SerialNo:28059,Mileage:5596723,"Date:""2026-04-21T13:03:08Z""",IopIgnition:true,Latitude:4.7179279327392578,Longitude:-74.093185424804688,Altitude:2558.89990234375,ExternalPowerVoltage:27.86,Rpm:-999,Speed:0.0,SatelliteNumber:18,Azimuth:150,BatteryLevel:100}]
"[{""Protocol"":""0x2525""","MessageType:""LocationInfoMessage""",ProtocolHeadType:19,"Imei:""869487064485674""",SerialNo:28060,Mileage:5597055,"Date:""2026-04-21T13:03:55Z""",IopIgnition:true,Latitude:4.7150516510009766,Longitude:-74.092842102050781,Altitude:2561.199951171875,ExternalPowerVoltage:28.2,Rpm:-999,Speed:49.0,SatelliteNumber:17,Azimuth:197,BatteryLevel:100}]
"[{""Protocol"":""0x2525""","MessageType:""LocationInfoMessage""",ProtocolHeadType:19,"Imei:""869487064485674""",SerialNo:28061,Mileage:5597574,"Date:""2026-04-21T13:05:08Z""",IopIgnition:true,Latitude:4.7106590270996094,Longitude:-74.0939712524414,Altitude:2566.699951171875,ExternalPowerVoltage:28.17,Rpm:-999,Speed:21.0,SatelliteNumber:18,Azimuth:220,BatteryLevel:100}]
"[{""Protocol"":""0x2525""","MessageType:""LocationInfoMessage""",ProtocolHeadType:19,"Imei:""869487064485674""",SerialNo:28062,Mileage:5598093,"Date:""2026-04-21T13:06:08Z""",IopIgnition:true,Latitude:4.7073578834533691,Longitude:-74.097274780273438,Altitude:2569.800048828125,ExternalPowerVoltage:28.07,Rpm:-999,Speed:19.0,SatelliteNumber:17,Azimuth:224,BatteryLevel:100}]
"[{""Protocol"":""0x2525""","MessageType:""LocationInfoMessage""",ProtocolHeadType:19,"Imei:""869487064485674""",SerialNo:28063,Mileage:5598610,"Date:""2026-04-21T13:07:07Z""",IopIgnition:true,Latitude:4.7039346694946289,Longitude:-74.100410461425781,Altitude:2573.699951171875,ExternalPowerVoltage:28.27,Rpm:-999,Speed:38.0,SatelliteNumber:18,Azimuth:219,BatteryLevel:100}]
"[{""Protocol"":""0x2525""","MessageType:""LocationInfoMessage""",ProtocolHeadType:19,"Imei:""869487064485674""",SerialNo:28064,Mileage:5598829,"Date:""2026-04-21T13:07:35Z""",IopIgnition:true,Latitude:4.7025208473205566,Longitude:-74.101737976074219,Altitude:2573.699951171875,ExternalPowerVoltage:27.92,Rpm:-999,Speed:23.0,SatelliteNumber:18,Azimuth:271,BatteryLevel:100}]
"[{""Protocol"":""0x2525""","MessageType:""LocationInfoMessage""",ProtocolHeadType:19,"Imei:""869487064485674""",SerialNo:28065,Mileage:5598860,"Date:""2026-04-21T13:07:40Z""",IopIgnition:true,Latitude:4.7026643753051758,Longitude:-74.101974487304688,Altitude:2572.199951171875,ExternalPowerVoltage:27.91,Rpm:-999,Speed:23.0,SatelliteNumber:18,Azimuth:324,BatteryLevel:100}]
"[{""Protocol"":""0x2525""","MessageType:""LocationInfoMessage""",ProtocolHeadType:19,"Imei:""869487064485674""",SerialNo:28066,Mileage:5598895,"Date:""2026-04-21T13:07:46Z""",IopIgnition:true,Latitude:4.70296049118042,Longitude:-74.102043151855469,Altitude:2571.800048828125,ExternalPowerVoltage:28.11,Rpm:-999,Speed:18.0,SatelliteNumber:18,Azimuth:14,BatteryLevel:100}]
"[{""Protocol"":""0x2525""","MessageType:""LocationInfoMessage""",ProtocolHeadType:19,"Imei:""869487064485674""",SerialNo:28067,Mileage:5598922,"Date:""2026-04-21T13:07:52Z""",IopIgnition:true,Latitude:4.7031407356262207,Longitude:-74.101898193359375,Altitude:2570.89990234375,ExternalPowerVoltage:27.92,Rpm:-999,Speed:14.0,SatelliteNumber:18,Azimuth:66,BatteryLevel:100}]
"[{""Protocol"":""0x2525""","MessageType:""LocationInfoMessage""",ProtocolHeadType:19,"Imei:""869487064485674""",SerialNo:28068,Mileage:5598969,"Date:""2026-04-21T13:08:10Z""",IopIgnition:true,Latitude:4.7030658721923828,Longitude:-74.101493835449219,Altitude:2570.199951171875,ExternalPowerVoltage:28.11,Rpm:-999,Speed:14.0,SatelliteNumber:17,Azimuth:115,BatteryLevel:100}]
"[{""Protocol"":""0x2525""","MessageType:""LocationInfoMessage""",ProtocolHeadType:19,"Imei:""869487064485674""",SerialNo:28069,Mileage:5599327,"Date:""2026-04-21T13:10:08Z""",IopIgnition:true,Latitude:4.701143741607666,Longitude:-74.098915100097656,Altitude:2571.39990234375,ExternalPowerVoltage:28.03,Rpm:-999,Speed:0.0,SatelliteNumber:17,Azimuth:130,BatteryLevel:100}]
"[{""Protocol"":""0x2525""","MessageType:""LocationInfoMessage""",ProtocolHeadType:19,"Imei:""869487064485674""",SerialNo:28070,Mileage:5599512,"Date:""2026-04-21T13:11:08Z""",IopIgnition:true,Latitude:4.7000675201416016,Longitude:-74.097648620605469,Altitude:2568.300048828125,ExternalPowerVoltage:27.99,Rpm:-999,Speed:0.0,SatelliteNumber:15,Azimuth:126,BatteryLevel:100}]
"[{""Protocol"":""0x2525""","MessageType:""LocationInfoMessage""",ProtocolHeadType:19,"Imei:""869487064485674""",SerialNo:28071,Mileage:5599555,"Date:""2026-04-21T13:12:07Z""",IopIgnition:true,Latitude:4.6998553276062012,Longitude:-74.097328186035156,Altitude:2570.39990234375,ExternalPowerVoltage:28.12,Rpm:-999,Speed:11.0,SatelliteNumber:14,Azimuth:123,BatteryLevel:100}]
"[{""Protocol"":""0x2525""","MessageType:""LocationInfoMessage""",ProtocolHeadType:19,"Imei:""869487064485674""",SerialNo:28072,Mileage:5599884,"Date:""2026-04-21T13:13:08Z""",IopIgnition:true,Latitude:4.6982293128967285,Longitude:-74.094856262207031,Altitude:2568.300048828125,ExternalPowerVoltage:27.99,Rpm:-999,Speed:7.0,SatelliteNumber:18,Azimuth:119,BatteryLevel:100}]
"[{""Protocol"":""0x2525""","MessageType:""LocationInfoMessage""",ProtocolHeadType:19,"Imei:""869487064485674""",SerialNo:28073,Mileage:5600012,"Date:""2026-04-21T13:14:08Z""",IopIgnition:true,Latitude:4.6976819038391113,Longitude:-74.093841552734375,Altitude:2570.699951171875,ExternalPowerVoltage:28.46,Rpm:-999,Speed:25.0,SatelliteNumber:17,Azimuth:118,BatteryLevel:100}]
"[{""Protocol"":""0x2525""","MessageType:""LocationInfoMessage""",ProtocolHeadType:19,"Imei:""869487064485674""",SerialNo:28074,Mileage:5600349,"Date:""2026-04-21T13:15:08Z""",IopIgnition:true,Latitude:4.6962480545043945,Longitude:-74.091171264648438,Altitude:2567.699951171875,ExternalPowerVoltage:28.24,Rpm:-999,Speed:34.0,SatelliteNumber:18,Azimuth:118,BatteryLevel:100}]
"[{""Protocol"":""0x2525""","MessageType:""LocationInfoMessage""",ProtocolHeadType:19,"Imei:""869487064485674""",SerialNo:28075,Mileage:5600634,"Date:""2026-04-21T13:16:08Z""",IopIgnition:true,Latitude:4.6950950622558594,Longitude:-74.0888900756836,Altitude:2575.5,ExternalPowerVoltage:27.97,Rpm:-999,Speed:12.0,SatelliteNumber:16,Azimuth:120,BatteryLevel:100}]
"[{""Protocol"":""0x2525""","MessageType:""LocationInfoMessage""",ProtocolHeadType:19,"Imei:""869487064485674""",SerialNo:28076,Mileage:5600803,"Date:""2026-04-21T13:16:56Z""",IopIgnition:true,Latitude:4.6941585540771484,Longitude:-74.087722778320313,Altitude:2572.89990234375,ExternalPowerVoltage:27.95,Rpm:-999,Speed:11.0,SatelliteNumber:18,Azimuth:184,BatteryLevel:100}]
"[{""Protocol"":""0x2525""","MessageType:""LocationInfoMessage""",ProtocolHeadType:19,"Imei:""869487064485674""",SerialNo:28077,Mileage:5600970,"Date:""2026-04-21T13:17:29Z""",IopIgnition:true,Latitude:4.6930370330810547,Longitude:-74.088706970214844,Altitude:2570.300048828125,ExternalPowerVoltage:28.02,Rpm:-999,Speed:20.0,SatelliteNumber:18,Azimuth:248,BatteryLevel:100}]
"[{""Protocol"":""0x2525""","MessageType:""LocationInfoMessage""",ProtocolHeadType:19,"Imei:""869487064485674""",SerialNo:28078,Mileage:5600986,"Date:""2026-04-21T13:17:32Z""",IopIgnition:true,Latitude:4.6930632591247559,Longitude:-74.0888442993164,Altitude:2570.300048828125,ExternalPowerVoltage:28.12,Rpm:-999,Speed:22.0,SatelliteNumber:17,Azimuth:309,BatteryLevel:100}]
"[{""Protocol"":""0x2525""","MessageType:""LocationInfoMessage""",ProtocolHeadType:19,"Imei:""869487064485674""",SerialNo:28079,Mileage:5601176,"Date:""2026-04-21T13:18:10Z""",IopIgnition:true,Latitude:4.6944618225097656,Longitude:-74.089790344238281,Altitude:2563.60009765625,ExternalPowerVoltage:27.99,Rpm:-999,Speed:12.0,SatelliteNumber:17,Azimuth:359,BatteryLevel:100}]
"[{""Protocol"":""0x2525""","MessageType:""LocationInfoMessage""",ProtocolHeadType:19,"Imei:""869487064485674""",SerialNo:28080,Mileage:5601216,"Date:""2026-04-21T13:18:22Z""",IopIgnition:true,Latitude:4.69480562210083,Longitude:-74.089736938476563,Altitude:2564.5,ExternalPowerVoltage:28.07,Rpm:-999,Speed:10.0,SatelliteNumber:18,Azimuth:49,BatteryLevel:100}]
"[{""Protocol"":""0x2525""","MessageType:""LocationInfoMessage""",ProtocolHeadType:19,"Imei:""869487064485674""",SerialNo:28081,Mileage:5601628,"Date:""2026-04-21T13:20:08Z""",IopIgnition:true,Latitude:4.6960763931274414,Longitude:-74.08636474609375,Altitude:2561.199951171875,ExternalPowerVoltage:27.87,Rpm:-999,Speed:0.0,SatelliteNumber:12,Azimuth:73,BatteryLevel:100}]
"[{""Protocol"":""0x2525""","MessageType:""LocationInfoMessage""",ProtocolHeadType:19,"Imei:""869487064485674""",SerialNo:28082,Mileage:5601678,"Date:""2026-04-21T13:21:03Z""",IopIgnition:true,Latitude:4.6960954666137695,Longitude:-74.0859375,Altitude:2563.800048828125,ExternalPowerVoltage:28.03,Rpm:-999,Speed:17.0,SatelliteNumber:18,Azimuth:129,BatteryLevel:100}]
"[{""Protocol"":""0x2525""","MessageType:""LocationInfoMessage""",ProtocolHeadType:19,"Imei:""869487064485674""",SerialNo:28083,Mileage:5602093,"Date:""2026-04-21T13:22:08Z""",IopIgnition:true,Latitude:4.6933422088623047,Longitude:-74.0836181640625,Altitude:2564.699951171875,ExternalPowerVoltage:28.12,Rpm:-999,Speed:26.0,SatelliteNumber:17,Azimuth:113,BatteryLevel:100}]
"[{""Protocol"":""0x2525""","MessageType:""LocationInfoMessage""",ProtocolHeadType:19,"Imei:""869487064485674""",SerialNo:28084,Mileage:5602364,"Date:""2026-04-21T13:23:08Z""",IopIgnition:true,Latitude:4.6914024353027344,Longitude:-74.082199096679688,Altitude:2566.199951171875,ExternalPowerVoltage:28.06,Rpm:-999,Speed:8.0,SatelliteNumber:18,Azimuth:153,BatteryLevel:100}]
"[{""Protocol"":""0x2525""","MessageType:""LocationInfoMessage""",ProtocolHeadType:19,"Imei:""869487064485674""",SerialNo:28085,Mileage:5602474,"Date:""2026-04-21T13:23:23Z""",IopIgnition:true,Latitude:4.6906046867370605,Longitude:-74.081672668457031,Altitude:2565.0,ExternalPowerVoltage:28.12,Rpm:-999,Speed:25.0,SatelliteNumber:18,Azimuth:92,BatteryLevel:100}]
"[{""Protocol"":""0x2525""","MessageType:""LocationInfoMessage""",ProtocolHeadType:19,"Imei:""869487064485674""",SerialNo:28086,Mileage:5602598,"Date:""2026-04-21T13:23:49Z""",IopIgnition:true,Latitude:4.6906800270080566,Longitude:-74.080574035644531,Altitude:2562.10009765625,ExternalPowerVoltage:28.02,Rpm:-999,Speed:17.0,SatelliteNumber:18,Azimuth:144,BatteryLevel:100}]
"[{""Protocol"":""0x2525""","MessageType:""LocationInfoMessage""",ProtocolHeadType:19,"Imei:""869487064485674""",SerialNo:28087,Mileage:5602661,"Date:""2026-04-21T13:23:58Z""",IopIgnition:true,Latitude:4.6902437210083008,Longitude:-74.08026123046875,Altitude:2560.5,ExternalPowerVoltage:28.11,Rpm:-999,Speed:20.0,SatelliteNumber:18,Azimuth:95,BatteryLevel:100}]
"[{""Protocol"":""0x2525""","MessageType:""LocationInfoMessage""",ProtocolHeadType:19,"Imei:""869487064485674""",SerialNo:28088,Mileage:5602672,"Date:""2026-04-21T13:24:00Z""",IopIgnition:true,Latitude:4.6902847290039063,Longitude:-74.080169677734375,Altitude:2560.300048828125,ExternalPowerVoltage:28.1,Rpm:-999,Speed:20.0,SatelliteNumber:18,Azimuth:43,BatteryLevel:100}]
"[{""Protocol"":""0x2525""","MessageType:""LocationInfoMessage""",ProtocolHeadType:19,"Imei:""869487064485674""",SerialNo:28089,Mileage:5602742,"Date:""2026-04-21T13:24:11Z""",IopIgnition:true,Latitude:4.6907877922058105,Longitude:-74.079818725585938,Altitude:2558.300048828125,ExternalPowerVoltage:27.93,Rpm:-999,Speed:12.0,SatelliteNumber:19,Azimuth:106,BatteryLevel:100}]
"[{""Protocol"":""0x2525""","MessageType:""LocationInfoMessage""",ProtocolHeadType:19,"Imei:""869487064485674""",SerialNo:28090,Mileage:5603167,"Date:""2026-04-21T13:25:11Z""",IopIgnition:true,Latitude:4.6876993179321289,Longitude:-74.077583312988281,Altitude:2564.300048828125,ExternalPowerVoltage:28.16,Rpm:-999,Speed:19.0,SatelliteNumber:17,Azimuth:153,BatteryLevel:100}]
"[{""Protocol"":""0x2525""","MessageType:""LocationInfoMessage""",ProtocolHeadType:19,"Imei:""869487064485674""",SerialNo:28091,Mileage:5603206,"Date:""2026-04-21T13:25:23Z""",IopIgnition:true,Latitude:4.687431812286377,Longitude:-74.0773696899414,Altitude:2560.199951171875,ExternalPowerVoltage:28.03,Rpm:-999,Speed:7.0,SatelliteNumber:17,Azimuth:96,BatteryLevel:100}]
"[{""Protocol"":""0x2525""","MessageType:""LocationInfoMessage""",ProtocolHeadType:19,"Imei:""869487064485674""",SerialNo:28092,Mileage:5603227,"Date:""2026-04-21T13:27:08Z""",IopIgnition:true,Latitude:4.6875109672546387,Longitude:-74.077194213867188,Altitude:2562.10009765625,ExternalPowerVoltage:27.99,Rpm:-999,Speed:0.0,SatelliteNumber:16,Azimuth:54,BatteryLevel:100}]
"[{""Protocol"":""0x2525""","MessageType:""LocationInfoMessage""",ProtocolHeadType:19,"Imei:""869487064485674""",SerialNo:28093,Mileage:5603227,"Date:""2026-04-21T13:28:08Z""",IopIgnition:true,Latitude:4.6875109672546387,Longitude:-74.077194213867188,Altitude:2562.10009765625,ExternalPowerVoltage:27.96,Rpm:-999,Speed:0.0,SatelliteNumber:14,Azimuth:54,BatteryLevel:100}]
"[{""Protocol"":""0x2525""","MessageType:""LocationInfoMessage""",ProtocolHeadType:19,"Imei:""869487064485674""",SerialNo:28094,Mileage:5603227,"Date:""2026-04-21T13:29:07Z""",IopIgnition:true,Latitude:4.6875109672546387,Longitude:-74.077194213867188,Altitude:2562.10009765625,ExternalPowerVoltage:28.1,Rpm:-999,Speed:0.0,SatelliteNumber:15,Azimuth:54,BatteryLevel:100}]
"[{""Protocol"":""0x2525""","MessageType:""LocationInfoMessage""",ProtocolHeadType:19,"Imei:""869487064485674""",SerialNo:28095,Mileage:5603227,"Date:""2026-04-21T13:30:08Z""",IopIgnition:true,Latitude:4.6875109672546387,Longitude:-74.077194213867188,Altitude:2562.10009765625,ExternalPowerVoltage:27.98,Rpm:-999,Speed:0.0,SatelliteNumber:14,Azimuth:54,BatteryLevel:100}]
"[{""Protocol"":""0x2525""","MessageType:""LocationInfoMessage""",ProtocolHeadType:19,"Imei:""869487064485674""",SerialNo:28096,Mileage:5603227,"Date:""2026-04-21T13:31:08Z""",IopIgnition:true,Latitude:4.6875109672546387,Longitude:-74.077194213867188,Altitude:2562.10009765625,ExternalPowerVoltage:27.92,Rpm:-999,Speed:0.0,SatelliteNumber:13,Azimuth:54,BatteryLevel:100}]
"[{""Protocol"":""0x2525""","MessageType:""LocationInfoMessage""",ProtocolHeadType:19,"Imei:""869487064485674""",SerialNo:28097,Mileage:5603227,"Date:""2026-04-21T13:32:08Z""",IopIgnition:true,Latitude:4.6875109672546387,Longitude:-74.077194213867188,Altitude:2562.10009765625,ExternalPowerVoltage:28.09,Rpm:-999,Speed:0.0,SatelliteNumber:14,Azimuth:54,BatteryLevel:100}]
"[{""Protocol"":""0x2525""","MessageType:""LocationInfoMessage""",ProtocolHeadType:19,"Imei:""869487064485674""",SerialNo:28098,Mileage:5603227,"Date:""2026-04-21T13:33:08Z""",IopIgnition:true,Latitude:4.6875109672546387,Longitude:-74.077194213867188,Altitude:2562.10009765625,ExternalPowerVoltage:27.95,Rpm:-999,Speed:0.0,SatelliteNumber:15,Azimuth:54,BatteryLevel:100}]
"[{""Protocol"":""0x2525""","MessageType:""LocationInfoMessage""",ProtocolHeadType:19,"Imei:""869487064485674""",SerialNo:28099,Mileage:5603227,"Date:""2026-04-21T13:34:07Z""",IopIgnition:true,Latitude:4.6875109672546387,Longitude:-74.077194213867188,Altitude:2562.10009765625,ExternalPowerVoltage:28.0,Rpm:-999,Speed:0.0,SatelliteNumber:14,Azimuth:54,BatteryLevel:100}]
"[{""Protocol"":""0x2525""","MessageType:""LocationInfoMessage""",ProtocolHeadType:19,"Imei:""869487064485674""",SerialNo:28100,Mileage:5603227,"Date:""2026-04-21T13:35:08Z""",IopIgnition:true,Latitude:4.6875109672546387,Longitude:-74.077194213867188,Altitude:2562.10009765625,ExternalPowerVoltage:27.99,Rpm:-999,Speed:0.0,SatelliteNumber:15,Azimuth:54,BatteryLevel:100}]
"[{""Protocol"":""0x2525""","MessageType:""LocationInfoMessage""",ProtocolHeadType:19,"Imei:""869487064485674""",SerialNo:28101,Mileage:5603227,"Date:""2026-04-21T13:36:08Z""",IopIgnition:true,Latitude:4.6875109672546387,Longitude:-74.077194213867188,Altitude:2562.10009765625,ExternalPowerVoltage:28.04,Rpm:-999,Speed:0.0,SatelliteNumber:14,Azimuth:54,BatteryLevel:100}]
"[{""Protocol"":""0x2525""","MessageType:""LocationInfoMessage""",ProtocolHeadType:19,"Imei:""869487064485674""",SerialNo:28102,Mileage:5603227,"Date:""2026-04-21T13:37:08Z""",IopIgnition:true,Latitude:4.6875109672546387,Longitude:-74.077194213867188,Altitude:2562.10009765625,ExternalPowerVoltage:28.08,Rpm:-999,Speed:0.0,SatelliteNumber:15,Azimuth:54,BatteryLevel:100}]
"[{""Protocol"":""0x2525""","MessageType:""LocationInfoMessage""",ProtocolHeadType:19,"Imei:""869487064485674""",SerialNo:28103,Mileage:5603250,"Date:""2026-04-21T13:37:43Z""",IopIgnition:true,Latitude:4.6875147819519043,Longitude:-74.076980590820313,Altitude:2564.0,ExternalPowerVoltage:28.12,Rpm:-999,Speed:6.0,SatelliteNumber:15,Azimuth:149,BatteryLevel:100}]
"[{""Protocol"":""0x2525""","MessageType:""LocationInfoMessage""",ProtocolHeadType:19,"Imei:""869487064485674""",SerialNo:28104,Mileage:5603337,"Date:""2026-04-21T13:39:08Z""",IopIgnition:true,Latitude:4.686887264251709,Longitude:-74.0765380859375,Altitude:2560.89990234375,ExternalPowerVoltage:28.1,Rpm:-999,Speed:8.0,SatelliteNumber:13,Azimuth:140,BatteryLevel:100}]
"[{""Protocol"":""0x2525""","MessageType:""LocationInfoMessage""",ProtocolHeadType:19,"Imei:""869487064485674""",SerialNo:28105,Mileage:5603406,"Date:""2026-04-21T13:39:59Z""",IopIgnition:true,Latitude:4.6863613128662109,Longitude:-74.0762710571289,Altitude:2565.60009765625,ExternalPowerVoltage:28.13,Rpm:-999,Speed:14.0,SatelliteNumber:17,Azimuth:223,BatteryLevel:100}]
"[{""Protocol"":""0x2525""","MessageType:""LocationInfoMessage""",ProtocolHeadType:19,"Imei:""869487064485674""",SerialNo:28106,Mileage:5603997,"Date:""2026-04-21T13:41:08Z""",IopIgnition:true,Latitude:4.6830439567565918,Longitude:-74.0804214477539,Altitude:2570.10009765625,ExternalPowerVoltage:28.17,Rpm:-999,Speed:38.0,SatelliteNumber:17,Azimuth:233,BatteryLevel:100}]
"[{""Protocol"":""0x2525""","MessageType:""LocationInfoMessage""",ProtocolHeadType:19,"Imei:""869487064485674""",SerialNo:28107,Mileage:5604055,"Date:""2026-04-21T13:41:15Z""",IopIgnition:true,Latitude:4.6828508377075195,Longitude:-74.080894470214844,Altitude:2566.5,ExternalPowerVoltage:28.03,Rpm:-999,Speed:25.0,SatelliteNumber:18,Azimuth:292,BatteryLevel:100}]
"[{""Protocol"":""0x2525""","MessageType:""LocationInfoMessage""",ProtocolHeadType:19,"Imei:""869487064485674""",SerialNo:28108,Mileage:5604194,"Date:""2026-04-21T13:41:29Z""",IopIgnition:true,Latitude:4.6838226318359375,Longitude:-74.081657409667969,Altitude:2565.800048828125,ExternalPowerVoltage:28.19,Rpm:-999,Speed:33.0,SatelliteNumber:18,Azimuth:339,BatteryLevel:100}]
"[{""Protocol"":""0x2525""","MessageType:""LocationInfoMessage""",ProtocolHeadType:19,"Imei:""869487064485674""",SerialNo:28109,Mileage:5604227,"Date:""2026-04-21T13:41:33Z""",IopIgnition:true,Latitude:4.6841068267822266,Longitude:-74.0816421508789,Altitude:2566.800048828125,ExternalPowerVoltage:28.17,Rpm:-999,Speed:26.0,SatelliteNumber:18,Azimuth:31,BatteryLevel:100}]
"[{""Protocol"":""0x2525""","MessageType:""LocationInfoMessage""",ProtocolHeadType:19,"Imei:""869487064485674""",SerialNo:28110,Mileage:5604400,"Date:""2026-04-21T13:42:13Z""",IopIgnition:true,Latitude:4.6850547790527344,Longitude:-74.080413818359375,Altitude:2565.60009765625,ExternalPowerVoltage:28.19,Rpm:-999,Speed:22.0,SatelliteNumber:17,Azimuth:81,BatteryLevel:100}]
"[{""Protocol"":""0x2525""","MessageType:""LocationInfoMessage""",ProtocolHeadType:19,"Imei:""869487064485674""",SerialNo:28111,Mileage:5604433,"Date:""2026-04-21T13:42:19Z""",IopIgnition:true,Latitude:4.6849560737609863,Longitude:-74.080146789550781,Altitude:2564.800048828125,ExternalPowerVoltage:28.16,Rpm:-999,Speed:21.0,SatelliteNumber:18,Azimuth:133,BatteryLevel:100}]
"[{""Protocol"":""0x2525""","MessageType:""LocationInfoMessage""",ProtocolHeadType:19,"Imei:""869487064485674""",SerialNo:28112,Mileage:5604910,"Date:""2026-04-21T13:43:34Z""",IopIgnition:true,Latitude:4.6815762519836426,Longitude:-74.077568054199219,Altitude:2564.300048828125,ExternalPowerVoltage:28.18,Rpm:-999,Speed:29.0,SatelliteNumber:16,Azimuth:199,BatteryLevel:100}]
"[{""Protocol"":""0x2525""","MessageType:""LocationInfoMessage""",ProtocolHeadType:19,"Imei:""869487064485674""",SerialNo:28113,Mileage:5605634,"Date:""2026-04-21T13:45:08Z""",IopIgnition:true,Latitude:4.6763167381286621,Longitude:-74.08135986328125,Altitude:2573.300048828125,ExternalPowerVoltage:28.24,Rpm:-999,Speed:33.0,SatelliteNumber:17,Azimuth:216,BatteryLevel:100}]
"[{""Protocol"":""0x2525""","MessageType:""LocationInfoMessage""",ProtocolHeadType:19,"Imei:""869487064485674""",SerialNo:28114,Mileage:5605857,"Date:""2026-04-21T13:45:47Z""",IopIgnition:true,Latitude:4.6747126579284668,Longitude:-74.082527160644531,Altitude:2576.800048828125,ExternalPowerVoltage:27.55,Rpm:-999,Speed:16.0,SatelliteNumber:18,Azimuth:160,BatteryLevel:100}]
"[{""Protocol"":""0x2525""","MessageType:""LocationInfoMessage""",ProtocolHeadType:19,"Imei:""869487064485674""",SerialNo:28115,Mileage:5605962,"Date:""2026-04-21T13:46:08Z""",IopIgnition:true,Latitude:4.6741318702697754,Longitude:-74.081832885742188,Altitude:2571.89990234375,ExternalPowerVoltage:27.98,Rpm:-999,Speed:10.0,SatelliteNumber:18,Azimuth:214,BatteryLevel:100}]
"[{""Protocol"":""0x2525""","MessageType:""LocationInfoMessage""",ProtocolHeadType:19,"Imei:""869487064485674""",SerialNo:28116,Mileage:5606088,"Date:""2026-04-21T13:46:51Z""",IopIgnition:true,Latitude:4.6735024452209473,Longitude:-74.082763671875,Altitude:2575.199951171875,ExternalPowerVoltage:27.52,Rpm:-999,Speed:7.0,SatelliteNumber:18,Azimuth:289,BatteryLevel:100}]
"[{""Protocol"":""0x2525""","MessageType:""LocationAlarmMessage""",ProtocolHeadType:20,"Imei:""869487064485674""",SerialNo:1059,Mileage:5606092,"Date:""2026-04-21T13:47:36Z""",IopIgnition:false,Latitude:4.6735200881958008,Longitude:-74.082794189453125,Altitude:2575.60009765625,ExternalPowerVoltage:27.96,Rpm:-999,Speed:0.0,SatelliteNumber:16,Azimuth:319,OriginalAlarmCode:23}]
"[{""Protocol"":""0x2525""","MessageType:""LocationAlarmMessage""",ProtocolHeadType:20,"Imei:""869487064485674""",SerialNo:1060,Mileage:5606092,"Date:""2026-04-21T13:58:33Z""",IopIgnition:true,Latitude:4.6735200881958008,Longitude:-74.082794189453125,Altitude:2575.60009765625,ExternalPowerVoltage:25.6,Rpm:-999,Speed:0.0,SatelliteNumber:17,Azimuth:319,OriginalAlarmCode:22}]
"[{""Protocol"":""0x2525""","MessageType:""LocationInfoMessage""",ProtocolHeadType:19,"Imei:""869487064485674""",SerialNo:28117,Mileage:5606092,"Date:""2026-04-21T13:59:33Z""",IopIgnition:true,Latitude:4.6735200881958008,Longitude:-74.082794189453125,Altitude:2575.60009765625,ExternalPowerVoltage:27.99,Rpm:-999,Speed:0.0,SatelliteNumber:16,Azimuth:319,BatteryLevel:100}]
"[{""Protocol"":""0x2525""","MessageType:""LocationInfoMessage""",ProtocolHeadType:19,"Imei:""869487064485674""",SerialNo:28118,Mileage:5606092,"Date:""2026-04-21T14:00:34Z""",IopIgnition:true,Latitude:4.6735200881958008,Longitude:-74.082794189453125,Altitude:2575.60009765625,ExternalPowerVoltage:27.93,Rpm:-999,Speed:0.0,SatelliteNumber:17,Azimuth:319,BatteryLevel:100}]
"[{""Protocol"":""0x2525""","MessageType:""LocationInfoMessage""",ProtocolHeadType:19,"Imei:""869487064485674""",SerialNo:28119,Mileage:5606111,"Date:""2026-04-21T14:00:36Z""",IopIgnition:true,Latitude:4.6736407279968262,Longitude:-74.0829086303711,Altitude:2572.699951171875,ExternalPowerVoltage:28.01,Rpm:-999,Speed:5.0,SatelliteNumber:17,Azimuth:254,BatteryLevel:100}]
"[{""Protocol"":""0x2525""","MessageType:""LocationInfoMessage""",ProtocolHeadType:19,"Imei:""869487064485674""",SerialNo:28120,Mileage:5606154,"Date:""2026-04-21T14:00:58Z""",IopIgnition:true,Latitude:4.6736998558044434,Longitude:-74.083251953125,Altitude:2569.39990234375,ExternalPowerVoltage:28.21,Rpm:-999,Speed:18.0,SatelliteNumber:18,Azimuth:318,BatteryLevel:100}]
"[{""Protocol"":""0x2525""","MessageType:""LocationInfoMessage""",ProtocolHeadType:19,"Imei:""869487064485674""",SerialNo:28121,Mileage:5606587,"Date:""2026-04-21T14:02:34Z""",IopIgnition:true,Latitude:4.6769042015075684,Longitude:-74.085464477539063,Altitude:2568.5,ExternalPowerVoltage:28.25,Rpm:-999,Speed:44.0,SatelliteNumber:16,Azimuth:325,BatteryLevel:100}]
"[{""Protocol"":""0x2525""","MessageType:""LocationInfoMessage""",ProtocolHeadType:19,"Imei:""869487064485674""",SerialNo:28122,Mileage:5607038,"Date:""2026-04-21T14:03:34Z""",IopIgnition:true,Latitude:4.6801185607910156,Longitude:-74.087928771972656,Altitude:2565.10009765625,ExternalPowerVoltage:28.06,Rpm:-999,Speed:0.0,SatelliteNumber:13,Azimuth:314,BatteryLevel:100}]
"[{""Protocol"":""0x2525""","MessageType:""LocationInfoMessage""",ProtocolHeadType:19,"Imei:""869487064485674""",SerialNo:28123,Mileage:5607107,"Date:""2026-04-21T14:03:55Z""",IopIgnition:true,Latitude:4.6805996894836426,Longitude:-74.088264465332031,Altitude:2566.5,ExternalPowerVoltage:28.07,Rpm:-999,Speed:10.0,SatelliteNumber:15,Azimuth:56,BatteryLevel:100}]
"[{""Protocol"":""0x2525""","MessageType:""LocationInfoMessage""",ProtocolHeadType:19,"Imei:""869487064485674""",SerialNo:28124,Mileage:5607657,"Date:""2026-04-21T14:05:34Z""",IopIgnition:true,Latitude:4.6836376190185547,Longitude:-74.084365844726563,Altitude:2580.60009765625,ExternalPowerVoltage:28.2,Rpm:-999,Speed:24.0,SatelliteNumber:16,Azimuth:52,BatteryLevel:100}]
"[{""Protocol"":""0x2525""","MessageType:""LocationInfoMessage""",ProtocolHeadType:19,"Imei:""869487064485674""",SerialNo:28125,Mileage:5607728,"Date:""2026-04-21T14:05:49Z""",IopIgnition:true,Latitude:4.6840710639953613,Longitude:-74.083915710449219,Altitude:2579.0,ExternalPowerVoltage:28.17,Rpm:-999,Speed:13.0,SatelliteNumber:15,Azimuth:324,BatteryLevel:100}]
"[{""Protocol"":""0x2525""","MessageType:""LocationInfoMessage""",ProtocolHeadType:19,"Imei:""869487064485674""",SerialNo:28126,Mileage:5608008,"Date:""2026-04-21T14:07:05Z""",IopIgnition:true,Latitude:4.6860222816467285,Longitude:-74.085464477539063,Altitude:2573.39990234375,ExternalPowerVoltage:28.19,Rpm:-999,Speed:11.0,SatelliteNumber:17,Azimuth:47,BatteryLevel:100}]
"[{""Protocol"":""0x2525""","MessageType:""LocationInfoMessage""",ProtocolHeadType:19,"Imei:""869487064485674""",SerialNo:28127,Mileage:5608280,"Date:""2026-04-21T14:08:34Z""",IopIgnition:true,Latitude:4.6875171661376953,Longitude:-74.083526611328125,Altitude:2573.39990234375,ExternalPowerVoltage:27.92,Rpm:-999,Speed:0.0,SatelliteNumber:16,Azimuth:52,BatteryLevel:100}]
"[{""Protocol"":""0x2525""","MessageType:""LocationInfoMessage""",ProtocolHeadType:19,"Imei:""869487064485674""",SerialNo:28128,Mileage:5608361,"Date:""2026-04-21T14:09:34Z""",IopIgnition:true,Latitude:4.6879863739013672,Longitude:-74.082969665527344,Altitude:2574.0,ExternalPowerVoltage:28.0,Rpm:-999,Speed:0.0,SatelliteNumber:16,Azimuth:51,BatteryLevel:100}]
"[{""Protocol"":""0x2525""","MessageType:""LocationInfoMessage""",ProtocolHeadType:19,"Imei:""869487064485674""",SerialNo:28129,Mileage:5608361,"Date:""2026-04-21T14:10:33Z""",IopIgnition:true,Latitude:4.6879863739013672,Longitude:-74.082969665527344,Altitude:2574.0,ExternalPowerVoltage:28.01,Rpm:-999,Speed:0.0,SatelliteNumber:15,Azimuth:51,BatteryLevel:100}]
"[{""Protocol"":""0x2525""","MessageType:""LocationInfoMessage""",ProtocolHeadType:19,"Imei:""869487064485674""",SerialNo:28130,Mileage:5608626,"Date:""2026-04-21T14:11:34Z""",IopIgnition:true,Latitude:4.6894698143005371,Longitude:-74.081100463867188,Altitude:2566.699951171875,ExternalPowerVoltage:28.14,Rpm:-999,Speed:23.0,SatelliteNumber:17,Azimuth:51,BatteryLevel:100}]
"[{""Protocol"":""0x2525""","MessageType:""LocationInfoMessage""",ProtocolHeadType:19,"Imei:""869487064485674""",SerialNo:28131,Mileage:5608673,"Date:""2026-04-21T14:11:54Z""",IopIgnition:true,Latitude:4.6897478103637695,Longitude:-74.0807876586914,Altitude:2564.39990234375,ExternalPowerVoltage:28.27,Rpm:-999,Speed:15.0,SatelliteNumber:18,Azimuth:357,BatteryLevel:100}]
"[{""Protocol"":""0x2525""","MessageType:""LocationInfoMessage""",ProtocolHeadType:19,"Imei:""869487064485674""",SerialNo:28132,Mileage:5608788,"Date:""2026-04-21T14:12:09Z""",IopIgnition:true,Latitude:4.6906704902648926,Longitude:-74.081130981445313,Altitude:2564.10009765625,ExternalPowerVoltage:28.12,Rpm:-999,Speed:21.0,SatelliteNumber:18,Azimuth:50,BatteryLevel:100}]
"[{""Protocol"":""0x2525""","MessageType:""LocationInfoMessage""",ProtocolHeadType:19,"Imei:""869487064485674""",SerialNo:28133,Mileage:5608843,"Date:""2026-04-21T14:12:18Z""",IopIgnition:true,Latitude:4.6907353401184082,Longitude:-74.080650329589844,Altitude:2564.60009765625,ExternalPowerVoltage:28.11,Rpm:-999,Speed:15.0,SatelliteNumber:18,Azimuth:102,BatteryLevel:100}]
"[{""Protocol"":""0x2525""","MessageType:""LocationInfoMessage""",ProtocolHeadType:19,"Imei:""869487064485674""",SerialNo:28134,Mileage:5608859,"Date:""2026-04-21T14:12:21Z""",IopIgnition:true,Latitude:4.6906399726867676,Longitude:-74.0805435180664,Altitude:2563.39990234375,ExternalPowerVoltage:28.12,Rpm:-999,Speed:22.0,SatelliteNumber:18,Azimuth:150,BatteryLevel:100}]
"[{""Protocol"":""0x2525""","MessageType:""LocationInfoMessage""",ProtocolHeadType:19,"Imei:""869487064485674""",SerialNo:28135,Mileage:5608908,"Date:""2026-04-21T14:12:28Z""",IopIgnition:true,Latitude:4.6902947425842285,Longitude:-74.080291748046875,Altitude:2560.300048828125,ExternalPowerVoltage:28.15,Rpm:-999,Speed:19.0,SatelliteNumber:18,Azimuth:101,BatteryLevel:100}]
"[{""Protocol"":""0x2525""","MessageType:""LocationInfoMessage""",ProtocolHeadType:19,"Imei:""869487064485674""",SerialNo:28136,Mileage:5608918,"Date:""2026-04-21T14:12:30Z""",IopIgnition:true,Latitude:4.6903190612792969,Longitude:-74.0802001953125,Altitude:2558.89990234375,ExternalPowerVoltage:28.14,Rpm:-999,Speed:19.0,SatelliteNumber:18,Azimuth:44,BatteryLevel:100}]
"[{""Protocol"":""0x2525""","MessageType:""LocationInfoMessage""",ProtocolHeadType:19,"Imei:""869487064485674""",SerialNo:28137,Mileage:5609309,"Date:""2026-04-21T14:13:34Z""",IopIgnition:true,Latitude:4.6925439834594727,Longitude:-74.077529907226563,Altitude:2569.60009765625,ExternalPowerVoltage:28.04,Rpm:-999,Speed:0.0,SatelliteNumber:15,Azimuth:54,BatteryLevel:100}]
"[{""Protocol"":""0x2525""","MessageType:""LocationInfoMessage""",ProtocolHeadType:19,"Imei:""869487064485674""",SerialNo:28138,Mileage:5609551,"Date:""2026-04-21T14:14:34Z""",IopIgnition:true,Latitude:4.6937851905822754,Longitude:-74.07574462890625,Altitude:2576.89990234375,ExternalPowerVoltage:28.49,Rpm:-999,Speed:37.0,SatelliteNumber:17,Azimuth:51,BatteryLevel:100}]
"[{""Protocol"":""0x2525""","MessageType:""LocationInfoMessage""",ProtocolHeadType:19,"Imei:""869487064485674""",SerialNo:28139,Mileage:5609852,"Date:""2026-04-21T14:15:33Z""",IopIgnition:true,Latitude:4.69542121887207,Longitude:-74.0735855102539,Altitude:2571.10009765625,ExternalPowerVoltage:28.01,Rpm:-999,Speed:0.0,SatelliteNumber:18,Azimuth:55,BatteryLevel:100}]
"[{""Protocol"":""0x2525""","MessageType:""LocationInfoMessage""",ProtocolHeadType:19,"Imei:""869487064485674""",SerialNo:28140,Mileage:5610097,"Date:""2026-04-21T14:16:34Z""",IopIgnition:true,Latitude:4.6967177391052246,Longitude:-74.0718002319336,Altitude:2571.10009765625,ExternalPowerVoltage:29.12,Rpm:-999,Speed:27.0,SatelliteNumber:19,Azimuth:55,BatteryLevel:100}]
"[{""Protocol"":""0x2525""","MessageType:""LocationInfoMessage""",ProtocolHeadType:19,"Imei:""869487064485674""",SerialNo:28141,Mileage:5610427,"Date:""2026-04-21T14:17:16Z""",IopIgnition:true,Latitude:4.6985301971435547,Longitude:-74.0694808959961,Altitude:2567.699951171875,ExternalPowerVoltage:28.84,Rpm:-999,Speed:18.0,SatelliteNumber:19,Azimuth:346,BatteryLevel:100}]
"[{""Protocol"":""0x2525""","MessageType:""LocationInfoMessage""",ProtocolHeadType:19,"Imei:""869487064485674""",SerialNo:28142,Mileage:5611191,"Date:""2026-04-21T14:18:34Z""",IopIgnition:true,Latitude:4.7052168846130371,Longitude:-74.070770263671875,Altitude:2574.0,ExternalPowerVoltage:28.55,Rpm:-999,Speed:21.0,SatelliteNumber:19,Azimuth:352,BatteryLevel:100}]
"[{""Protocol"":""0x2525""","MessageType:""LocationInfoMessage""",ProtocolHeadType:19,"Imei:""869487064485674""",SerialNo:28143,Mileage:5611534,"Date:""2026-04-21T14:19:34Z""",IopIgnition:true,Latitude:4.7082123756408691,Longitude:-74.07147216796875,Altitude:2572.199951171875,ExternalPowerVoltage:28.29,Rpm:-999,Speed:33.0,SatelliteNumber:19,Azimuth:347,BatteryLevel:100}]
"[{""Protocol"":""0x2525""","MessageType:""LocationInfoMessage""",ProtocolHeadType:19,"Imei:""869487064485674""",SerialNo:28144,Mileage:5611970,"Date:""2026-04-21T14:20:33Z""",IopIgnition:true,Latitude:4.71204948425293,Longitude:-74.07220458984375,Altitude:2570.10009765625,ExternalPowerVoltage:28.31,Rpm:-999,Speed:34.0,SatelliteNumber:18,Azimuth:348,BatteryLevel:100}]
"[{""Protocol"":""0x2525""","MessageType:""LocationInfoMessage""",ProtocolHeadType:19,"Imei:""869487064485674""",SerialNo:28145,Mileage:5612686,"Date:""2026-04-21T14:21:34Z""",IopIgnition:true,Latitude:4.7182979583740234,Longitude:-74.073738098144531,Altitude:2576.699951171875,ExternalPowerVoltage:28.3,Rpm:-999,Speed:46.0,SatelliteNumber:19,Azimuth:346,BatteryLevel:100}]
"[{""Protocol"":""0x2525""","MessageType:""LocationInfoMessage""",ProtocolHeadType:19,"Imei:""869487064485674""",SerialNo:28146,Mileage:5613411,"Date:""2026-04-21T14:22:34Z""",IopIgnition:true,Latitude:4.7246184349060059,Longitude:-74.074714660644531,Altitude:2599.300048828125,ExternalPowerVoltage:28.29,Rpm:-999,Speed:41.0,SatelliteNumber:18,Azimuth:0,BatteryLevel:100}]
"[{""Protocol"":""0x2525""","MessageType:""LocationInfoMessage""",ProtocolHeadType:19,"Imei:""869487064485674""",SerialNo:28147,Mileage:5613968,"Date:""2026-04-21T14:23:34Z""",IopIgnition:true,Latitude:4.7296175956726074,Longitude:-74.074577331542969,Altitude:2604.10009765625,ExternalPowerVoltage:28.25,Rpm:-999,Speed:44.0,SatelliteNumber:18,Azimuth:357,BatteryLevel:100}]
"[{""Protocol"":""0x2525""","MessageType:""LocationInfoMessage""",ProtocolHeadType:19,"Imei:""869487064485674""",SerialNo:28148,Mileage:5614341,"Date:""2026-04-21T14:24:04Z""",IopIgnition:true,Latitude:4.7328391075134277,Longitude:-74.075325012207031,Altitude:2611.0,ExternalPowerVoltage:28.36,Rpm:-999,Speed:39.0,SatelliteNumber:19,Azimuth:309,BatteryLevel:100}]
"[{""Protocol"":""0x2525""","MessageType:""LocationInfoMessage""",ProtocolHeadType:19,"Imei:""869487064485674""",SerialNo:28149,Mileage:5615209,"Date:""2026-04-21T14:25:34Z""",IopIgnition:true,Latitude:4.7364983558654785,Longitude:-74.081985473632813,Altitude:2601.60009765625,ExternalPowerVoltage:28.25,Rpm:-999,Speed:44.0,SatelliteNumber:19,Azimuth:323,BatteryLevel:100}]
"[{""Protocol"":""0x2525""","MessageType:""LocationInfoMessage""",ProtocolHeadType:19,"Imei:""869487064485674""",SerialNo:28150,Mileage:5615706,"Date:""2026-04-21T14:26:34Z""",IopIgnition:true,Latitude:4.7382469177246094,Longitude:-74.085990905761719,Altitude:2578.0,ExternalPowerVoltage:27.83,Rpm:-999,Speed:20.0,SatelliteNumber:18,Azimuth:290,BatteryLevel:100}]
"[{""Protocol"":""0x2525""","MessageType:""LocationInfoMessage""",ProtocolHeadType:19,"Imei:""869487064485674""",SerialNo:28151,Mileage:5615945,"Date:""2026-04-21T14:27:33Z""",IopIgnition:true,Latitude:4.7396750450134277,Longitude:-74.08758544921875,Altitude:2577.0,ExternalPowerVoltage:28.07,Rpm:-999,Speed:0.0,SatelliteNumber:18,Azimuth:317,BatteryLevel:100}]
"[{""Protocol"":""0x2525""","MessageType:""LocationInfoMessage""",ProtocolHeadType:19,"Imei:""869487064485674""",SerialNo:28152,Mileage:5616061,"Date:""2026-04-21T14:28:34Z""",IopIgnition:true,Latitude:4.7404136657714844,Longitude:-74.088325500488281,Altitude:2577.60009765625,ExternalPowerVoltage:27.93,Rpm:-999,Speed:15.0,SatelliteNumber:18,Azimuth:313,BatteryLevel:100}]
"[{""Protocol"":""0x2525""","MessageType:""LocationInfoMessage""",ProtocolHeadType:19,"Imei:""869487064485674""",SerialNo:28153,Mileage:5616232,"Date:""2026-04-21T14:29:34Z""",IopIgnition:true,Latitude:4.7414693832397461,Longitude:-74.089439392089844,Altitude:2576.300048828125,ExternalPowerVoltage:28.23,Rpm:-999,Speed:35.0,SatelliteNumber:19,Azimuth:304,BatteryLevel:100}]
"[{""Protocol"":""0x2525""","MessageType:""LocationInfoMessage""",ProtocolHeadType:19,"Imei:""869487064485674""",SerialNo:28154,Mileage:5616704,"Date:""2026-04-21T14:30:34Z""",IopIgnition:true,Latitude:4.744074821472168,Longitude:-74.0927963256836,Altitude:2572.800048828125,ExternalPowerVoltage:27.98,Rpm:-999,Speed:10.0,SatelliteNumber:18,Azimuth:305,BatteryLevel:100}]
"[{""Protocol"":""0x2525""","MessageType:""LocationInfoMessage""",ProtocolHeadType:19,"Imei:""869487064485674""",SerialNo:28155,Mileage:5616881,"Date:""2026-04-21T14:31:34Z""",IopIgnition:true,Latitude:4.7450046539306641,Longitude:-74.094085693359375,Altitude:2572.800048828125,ExternalPowerVoltage:27.91,Rpm:-999,Speed:12.0,SatelliteNumber:18,Azimuth:304,BatteryLevel:100}]
"[{""Protocol"":""0x2525""","MessageType:""LocationInfoMessage""",ProtocolHeadType:19,"Imei:""869487064485674""",SerialNo:28156,Mileage:5616992,"Date:""2026-04-21T14:32:33Z""",IopIgnition:true,Latitude:4.745603084564209,Longitude:-74.094886779785156,Altitude:2571.199951171875,ExternalPowerVoltage:28.02,Rpm:-999,Speed:0.0,SatelliteNumber:19,Azimuth:307,BatteryLevel:100}]
"[{""Protocol"":""0x2525""","MessageType:""LocationInfoMessage""",ProtocolHeadType:19,"Imei:""869487064485674""",SerialNo:28157,Mileage:5617038,"Date:""2026-04-21T14:33:34Z""",IopIgnition:true,Latitude:4.7459044456481934,Longitude:-74.095161437988281,Altitude:2572.0,ExternalPowerVoltage:28.14,Rpm:-999,Speed:9.0,SatelliteNumber:19,Azimuth:314,BatteryLevel:100}]
"[{""Protocol"":""0x2525""","MessageType:""LocationInfoMessage""",ProtocolHeadType:19,"Imei:""869487064485674""",SerialNo:28158,Mileage:5617734,"Date:""2026-04-21T14:34:34Z""",IopIgnition:true,Latitude:4.7490849494934082,Longitude:-74.100532531738281,Altitude:2568.89990234375,ExternalPowerVoltage:28.31,Rpm:-999,Speed:55.0,SatelliteNumber:19,Azimuth:295,BatteryLevel:100}]
"[{""Protocol"":""0x2525""","MessageType:""LocationInfoMessage""",ProtocolHeadType:19,"Imei:""869487064485674""",SerialNo:28159,Mileage:5618192,"Date:""2026-04-21T14:35:34Z""",IopIgnition:true,Latitude:4.7509231567382813,Longitude:-74.104217529296875,Altitude:2563.39990234375,ExternalPowerVoltage:27.96,Rpm:-999,Speed:0.0,SatelliteNumber:17,Azimuth:296,BatteryLevel:100}]
"[{""Protocol"":""0x2525""","MessageType:""LocationInfoMessage""",ProtocolHeadType:19,"Imei:""869487064485674""",SerialNo:28160,Mileage:5618223,"Date:""2026-04-21T14:36:01Z""",IopIgnition:true,Latitude:4.7510061264038086,Longitude:-74.104484558105469,Altitude:2564.5,ExternalPowerVoltage:27.89,Rpm:-999,Speed:11.0,SatelliteNumber:18,Azimuth:249,BatteryLevel:100}]
"[{""Protocol"":""0x2525""","MessageType:""LocationInfoMessage""",ProtocolHeadType:19,"Imei:""869487064485674""",SerialNo:28161,Mileage:5618519,"Date:""2026-04-21T14:37:34Z""",IopIgnition:true,Latitude:4.7487773895263672,Longitude:-74.105918884277344,Altitude:2570.60009765625,ExternalPowerVoltage:28.15,Rpm:-999,Speed:18.0,SatelliteNumber:19,Azimuth:212,BatteryLevel:100}]
"[{""Protocol"":""0x2525""","MessageType:""LocationInfoMessage""",ProtocolHeadType:19,"Imei:""869487064485674""",SerialNo:28162,Mileage:5618916,"Date:""2026-04-21T14:38:34Z""",IopIgnition:true,Latitude:4.745762825012207,Longitude:-74.107833862304688,Altitude:2565.5,ExternalPowerVoltage:27.99,Rpm:-999,Speed:0.0,SatelliteNumber:18,Azimuth:212,BatteryLevel:100}]
"[{""Protocol"":""0x2525""","MessageType:""LocationInfoMessage""",ProtocolHeadType:19,"Imei:""869487064485674""",SerialNo:28163,Mileage:5618989,"Date:""2026-04-21T14:39:24Z""",IopIgnition:true,Latitude:4.74537992477417,Longitude:-74.108352661132813,Altitude:2563.800048828125,ExternalPowerVoltage:28.38,Rpm:-999,Speed:16.0,SatelliteNumber:18,Azimuth:282,BatteryLevel:100}]
"[{""Protocol"":""0x2525""","MessageType:""LocationInfoMessage""",ProtocolHeadType:19,"Imei:""869487064485674""",SerialNo:28164,Mileage:5619181,"Date:""2026-04-21T14:40:34Z""",IopIgnition:true,Latitude:4.7458844184875488,Longitude:-74.110000610351563,Altitude:2563.5,ExternalPowerVoltage:28.12,Rpm:-999,Speed:0.0,SatelliteNumber:17,Azimuth:282,BatteryLevel:100}]
"[{""Protocol"":""0x2525""","MessageType:""LocationInfoMessage""",ProtocolHeadType:19,"Imei:""869487064485674""",SerialNo:28165,Mileage:5619181,"Date:""2026-04-21T14:41:34Z""",IopIgnition:true,Latitude:4.7458844184875488,Longitude:-74.110000610351563,Altitude:2563.5,ExternalPowerVoltage:25.34,Rpm:-999,Speed:0.0,SatelliteNumber:16,Azimuth:282,BatteryLevel:100}]
"[{""Protocol"":""0x2525""","MessageType:""LocationInfoMessage""",ProtocolHeadType:19,"Imei:""869487064485674""",SerialNo:28166,Mileage:5619181,"Date:""2026-04-21T14:42:33Z""",IopIgnition:true,Latitude:4.7458844184875488,Longitude:-74.110000610351563,Altitude:2563.5,ExternalPowerVoltage:25.18,Rpm:-999,Speed:0.0,SatelliteNumber:16,Azimuth:282,BatteryLevel:100}]
"[{""Protocol"":""0x2525""","MessageType:""LocationInfoMessage""",ProtocolHeadType:19,"Imei:""869487064485674""",SerialNo:28167,Mileage:5619181,"Date:""2026-04-21T14:43:34Z""",IopIgnition:true,Latitude:4.7458844184875488,Longitude:-74.110000610351563,Altitude:2563.5,ExternalPowerVoltage:25.34,Rpm:-999,Speed:0.0,SatelliteNumber:17,Azimuth:282,BatteryLevel:100}]
"[{""Protocol"":""0x2525""","MessageType:""LocationAlarmMessage""",ProtocolHeadType:20,"Imei:""869487064485674""",SerialNo:1061,Mileage:5619181,"Date:""2026-04-21T14:43:42Z""",IopIgnition:false,Latitude:4.7458844184875488,Longitude:-74.110000610351563,Altitude:2563.5,ExternalPowerVoltage:26.81,Rpm:-999,Speed:0.0,SatelliteNumber:18,Azimuth:282,OriginalAlarmCode:23}]
"[{""Protocol"":""0x2525""","MessageType:""LocationAlarmMessage""",ProtocolHeadType:20,"Imei:""869487064485674""",SerialNo:1062,Mileage:5619181,"Date:""2026-04-21T15:53:17Z""",IopIgnition:true,Latitude:4.7458844184875488,Longitude:-74.110000610351563,Altitude:2563.5,ExternalPowerVoltage:25.65,Rpm:-999,Speed:0.0,SatelliteNumber:15,Azimuth:282,OriginalAlarmCode:22}]
"[{""Protocol"":""0x2525""","MessageType:""LocationInfoMessage""",ProtocolHeadType:19,"Imei:""869487064485674""",SerialNo:28168,Mileage:5619247,"Date:""2026-04-21T15:54:18Z""",IopIgnition:true,Latitude:4.7459783554077148,Longitude:-74.110588073730469,Altitude:2567.60009765625,ExternalPowerVoltage:28.09,Rpm:-999,Speed:23.0,SatelliteNumber:16,Azimuth:284,BatteryLevel:100}]
"[{""Protocol"":""0x2525""","MessageType:""LocationInfoMessage""",ProtocolHeadType:19,"Imei:""869487064485674""",SerialNo:28169,Mileage:5619561,"Date:""2026-04-21T15:55:18Z""",IopIgnition:true,Latitude:4.7467141151428223,Longitude:-74.113319396972656,Altitude:2567.5,ExternalPowerVoltage:27.99,Rpm:-999,Speed:6.0,SatelliteNumber:16,Azimuth:284,BatteryLevel:100}]
"[{""Protocol"":""0x2525""","MessageType:""LocationInfoMessage""",ProtocolHeadType:19,"Imei:""869487064485674""",SerialNo:28170,Mileage:5619561,"Date:""2026-04-21T15:56:18Z""",IopIgnition:true,Latitude:4.7467141151428223,Longitude:-74.113319396972656,Altitude:2567.5,ExternalPowerVoltage:28.06,Rpm:-999,Speed:0.0,SatelliteNumber:16,Azimuth:284,BatteryLevel:100}]
"[{""Protocol"":""0x2525""","MessageType:""LocationInfoMessage""",ProtocolHeadType:19,"Imei:""869487064485674""",SerialNo:28171,Mileage:5619645,"Date:""2026-04-21T15:57:06Z""",IopIgnition:true,Latitude:4.7468705177307129,Longitude:-74.114051818847656,Altitude:2570.0,ExternalPowerVoltage:28.14,Rpm:-999,Speed:8.0,SatelliteNumber:16,Azimuth:237,BatteryLevel:100}]
"[{""Protocol"":""0x2525""","MessageType:""LocationInfoMessage""",ProtocolHeadType:19,"Imei:""869487064485674""",SerialNo:28172,Mileage:5619820,"Date:""2026-04-21T15:58:03Z""",IopIgnition:true,Latitude:4.7455968856811523,Longitude:-74.114952087402344,Altitude:2572.199951171875,ExternalPowerVoltage:28.17,Rpm:-999,Speed:14.0,SatelliteNumber:16,Azimuth:189,BatteryLevel:100}]
"[{""Protocol"":""0x2525""","MessageType:""LocationInfoMessage""",ProtocolHeadType:19,"Imei:""869487064485674""",SerialNo:28173,Mileage:5619905,"Date:""2026-04-21T15:58:26Z""",IopIgnition:true,Latitude:4.7448639869689941,Longitude:-74.115058898925781,Altitude:2568.39990234375,ExternalPowerVoltage:28.1,Rpm:-999,Speed:8.0,SatelliteNumber:15,Azimuth:124,BatteryLevel:100}]
"[{""Protocol"":""0x2525""","MessageType:""LocationAlarmMessage""",ProtocolHeadType:20,"Imei:""869487064485674""",SerialNo:1063,Mileage:5620102,"Date:""2026-04-21T15:59:18Z""",IopIgnition:false,Latitude:4.744356632232666,Longitude:-74.113365173339844,Altitude:2561.39990234375,ExternalPowerVoltage:27.92,Rpm:-999,Speed:0.0,SatelliteNumber:16,Azimuth:98,OriginalAlarmCode:23}]
"[{""Protocol"":""0x2525""","MessageType:""LocationAlarmMessage""",ProtocolHeadType:20,"Imei:""869487064485674""",SerialNo:1064,Mileage:5620102,"Date:""2026-04-21T17:18:47Z""",IopIgnition:true,Latitude:4.744356632232666,Longitude:-74.113365173339844,Altitude:2561.39990234375,ExternalPowerVoltage:25.4,Rpm:-999,Speed:0.0,SatelliteNumber:14,Azimuth:98,OriginalAlarmCode:22}]
"[{""Protocol"":""0x2525""","MessageType:""LocationInfoMessage""",ProtocolHeadType:19,"Imei:""869487064485674""",SerialNo:28174,Mileage:5620102,"Date:""2026-04-21T17:19:48Z""",IopIgnition:true,Latitude:4.744356632232666,Longitude:-74.113365173339844,Altitude:2561.39990234375,ExternalPowerVoltage:27.98,Rpm:-999,Speed:0.0,SatelliteNumber:16,Azimuth:98,BatteryLevel:100}]
"[{""Protocol"":""0x2525""","MessageType:""LocationInfoMessage""",ProtocolHeadType:19,"Imei:""869487064485674""",SerialNo:28175,Mileage:5620102,"Date:""2026-04-21T17:20:48Z""",IopIgnition:true,Latitude:4.744356632232666,Longitude:-74.113365173339844,Altitude:2561.39990234375,ExternalPowerVoltage:27.7,Rpm:-999,Speed:0.0,SatelliteNumber:15,Azimuth:98,BatteryLevel:100}]
"[{""Protocol"":""0x2525""","MessageType:""LocationInfoMessage""",ProtocolHeadType:19,"Imei:""869487064485674""",SerialNo:28176,Mileage:5620102,"Date:""2026-04-21T17:21:48Z""",IopIgnition:true,Latitude:4.744356632232666,Longitude:-74.113365173339844,Altitude:2561.39990234375,ExternalPowerVoltage:27.68,Rpm:-999,Speed:0.0,SatelliteNumber:16,Azimuth:98,BatteryLevel:100}]
"[{""Protocol"":""0x2525""","MessageType:""LocationInfoMessage""",ProtocolHeadType:19,"Imei:""869487064485674""",SerialNo:28177,Mileage:5620102,"Date:""2026-04-21T17:22:47Z""",IopIgnition:true,Latitude:4.744356632232666,Longitude:-74.113365173339844,Altitude:2561.39990234375,ExternalPowerVoltage:25.85,Rpm:-999,Speed:0.0,SatelliteNumber:14,Azimuth:98,BatteryLevel:100}]
"[{""Protocol"":""0x2525""","MessageType:""LocationInfoMessage""",ProtocolHeadType:19,"Imei:""869487064485674""",SerialNo:28178,Mileage:5620102,"Date:""2026-04-21T17:23:48Z""",IopIgnition:true,Latitude:4.744356632232666,Longitude:-74.113365173339844,Altitude:2561.39990234375,ExternalPowerVoltage:25.81,Rpm:-999,Speed:0.0,SatelliteNumber:15,Azimuth:98,BatteryLevel:100}]
"[{""Protocol"":""0x2525""","MessageType:""LocationInfoMessage""",ProtocolHeadType:19,"Imei:""869487064485674""",SerialNo:28179,Mileage:5620132,"Date:""2026-04-21T17:24:48Z""",IopIgnition:true,Latitude:4.7442736625671387,Longitude:-74.11309814453125,Altitude:2562.300048828125,ExternalPowerVoltage:25.33,Rpm:-999,Speed:0.0,SatelliteNumber:14,Azimuth:101,BatteryLevel:100}]
"[{""Protocol"":""0x2525""","MessageType:""LocationInfoMessage""",ProtocolHeadType:19,"Imei:""869487064485674""",SerialNo:28180,Mileage:5620150,"Date:""2026-04-21T17:25:48Z""",IopIgnition:true,Latitude:4.744234561920166,Longitude:-74.1129379272461,Altitude:2571.300048828125,ExternalPowerVoltage:25.61,Rpm:-999,Speed:0.0,SatelliteNumber:16,Azimuth:103,BatteryLevel:100}]
"[{""Protocol"":""0x2525""","MessageType:""LocationInfoMessage""",ProtocolHeadType:19,"Imei:""869487064485674""",SerialNo:28181,Mileage:5620178,"Date:""2026-04-21T17:26:42Z""",IopIgnition:true,Latitude:4.7442154884338379,Longitude:-74.1126937866211,Altitude:2574.10009765625,ExternalPowerVoltage:27.62,Rpm:-999,Speed:9.0,SatelliteNumber:16,Azimuth:52,BatteryLevel:100}]
"[{""Protocol"":""0x2525""","MessageType:""LocationInfoMessage""",ProtocolHeadType:19,"Imei:""869487064485674""",SerialNo:28182,Mileage:5620287,"Date:""2026-04-21T17:27:16Z""",IopIgnition:true,Latitude:4.74516487121582,Longitude:-74.112464904785156,Altitude:2573.0,ExternalPowerVoltage:26.19,Rpm:-999,Speed:7.0,SatelliteNumber:16,Azimuth:344,BatteryLevel:100}]
"[{""Protocol"":""0x2525""","MessageType:""LocationInfoMessage""",ProtocolHeadType:19,"Imei:""869487064485674""",SerialNo:28183,Mileage:5620299,"Date:""2026-04-21T17:27:21Z""",IopIgnition:true,Latitude:4.7452335357666016,Longitude:-74.112541198730469,Altitude:2572.800048828125,ExternalPowerVoltage:27.75,Rpm:-999,Speed:11.0,SatelliteNumber:16,Azimuth:289,BatteryLevel:100}]
"[{""Protocol"":""0x2525""","MessageType:""LocationInfoMessage""",ProtocolHeadType:19,"Imei:""869487064485674""",SerialNo:28184,Mileage:5620460,"Date:""2026-04-21T17:27:53Z""",IopIgnition:true,Latitude:4.7455997467041016,Longitude:-74.113929748535156,Altitude:2569.800048828125,ExternalPowerVoltage:26.14,Rpm:-999,Speed:6.0,SatelliteNumber:16,Azimuth:354,BatteryLevel:100}]
"[{""Protocol"":""0x2525""","MessageType:""LocationInfoMessage""",ProtocolHeadType:19,"Imei:""869487064485674""",SerialNo:28185,Mileage:5620737,"Date:""2026-04-21T17:29:29Z""",IopIgnition:true,Latitude:4.7479462623596191,Longitude:-74.113151550292969,Altitude:2572.800048828125,ExternalPowerVoltage:27.88,Rpm:-999,Speed:22.0,SatelliteNumber:15,Azimuth:40,BatteryLevel:100}]
"[{""Protocol"":""0x2525""","MessageType:""LocationInfoMessage""",ProtocolHeadType:19,"Imei:""869487064485674""",SerialNo:28186,Mileage:5620861,"Date:""2026-04-21T17:30:48Z""",IopIgnition:true,Latitude:4.7489190101623535,Longitude:-74.11260986328125,Altitude:2572.39990234375,ExternalPowerVoltage:25.18,Rpm:-999,Speed:0.0,SatelliteNumber:16,Azimuth:31,BatteryLevel:100}]
"[{""Protocol"":""0x2525""","MessageType:""LocationInfoMessage""",ProtocolHeadType:19,"Imei:""869487064485674""",SerialNo:28187,Mileage:5620931,"Date:""2026-04-21T17:31:48Z""",IopIgnition:true,Latitude:4.749457836151123,Longitude:-74.112289428710938,Altitude:2569.39990234375,ExternalPowerVoltage:26.89,Rpm:-999,Speed:15.0,SatelliteNumber:16,Azimuth:47,BatteryLevel:100}]
"[{""Protocol"":""0x2525""","MessageType:""LocationInfoMessage""",ProtocolHeadType:19,"Imei:""869487064485674""",SerialNo:28188,Mileage:5621197,"Date:""2026-04-21T17:32:48Z""",IopIgnition:true,Latitude:4.7515144348144531,Longitude:-74.111083984375,Altitude:2567.39990234375,ExternalPowerVoltage:25.64,Rpm:-999,Speed:5.0,SatelliteNumber:15,Azimuth:31,BatteryLevel:100}]
"[{""Protocol"":""0x2525""","MessageType:""LocationInfoMessage""",ProtocolHeadType:19,"Imei:""869487064485674""",SerialNo:28189,Mileage:5621458,"Date:""2026-04-21T17:33:48Z""",IopIgnition:true,Latitude:4.7536134719848633,Longitude:-74.110244750976563,Altitude:2559.800048828125,ExternalPowerVoltage:25.92,Rpm:-999,Speed:7.0,SatelliteNumber:16,Azimuth:42,BatteryLevel:100}]
"[{""Protocol"":""0x2525""","MessageType:""LocationInfoMessage""",ProtocolHeadType:19,"Imei:""869487064485674""",SerialNo:28190,Mileage:5621476,"Date:""2026-04-21T17:34:46Z""",IopIgnition:true,Latitude:4.7536830902099609,Longitude:-74.1103515625,Altitude:2561.10009765625,ExternalPowerVoltage:27.09,Rpm:-999,Speed:6.0,SatelliteNumber:15,Azimuth:228,BatteryLevel:100}]
"[{""Protocol"":""0x2525""","MessageType:""LocationInfoMessage""",ProtocolHeadType:19,"Imei:""869487064485674""",SerialNo:28191,Mileage:5621480,"Date:""2026-04-21T17:35:48Z""",IopIgnition:true,Latitude:4.7536630630493164,Longitude:-74.1103744506836,Altitude:2560.800048828125,ExternalPowerVoltage:27.8,Rpm:-999,Speed:0.0,SatelliteNumber:16,Azimuth:213,BatteryLevel:100}]
"[{""Protocol"":""0x2525""","MessageType:""LocationInfoMessage""",ProtocolHeadType:19,"Imei:""869487064485674""",SerialNo:28192,Mileage:5621492,"Date:""2026-04-21T17:36:16Z""",IopIgnition:true,Latitude:4.7535567283630371,Longitude:-74.110336303710938,Altitude:2562.89990234375,ExternalPowerVoltage:28.06,Rpm:-999,Speed:5.0,SatelliteNumber:16,Azimuth:98,BatteryLevel:100}]
"[{""Protocol"":""0x2525""","MessageType:""LocationInfoMessage""",ProtocolHeadType:19,"Imei:""869487064485674""",SerialNo:28193,Mileage:5621712,"Date:""2026-04-21T17:37:14Z""",IopIgnition:true,Latitude:4.7528800964355469,Longitude:-74.108528137207031,Altitude:2567.39990234375,ExternalPowerVoltage:28.09,Rpm:-999,Speed:11.0,SatelliteNumber:15,Azimuth:35,BatteryLevel:100}]
"[{""Protocol"":""0x2525""","MessageType:""LocationInfoMessage""",ProtocolHeadType:19,"Imei:""869487064485674""",SerialNo:28194,Mileage:5621979,"Date:""2026-04-21T17:37:55Z""",IopIgnition:true,Latitude:4.7544684410095215,Longitude:-74.1067886352539,Altitude:2568.39990234375,ExternalPowerVoltage:27.81,Rpm:-999,Speed:11.0,SatelliteNumber:15,Azimuth:87,BatteryLevel:100}]
"[{""Protocol"":""0x2525""","MessageType:""LocationInfoMessage""",ProtocolHeadType:19,"Imei:""869487064485674""",SerialNo:28195,Mileage:5621993,"Date:""2026-04-21T17:37:59Z""",IopIgnition:true,Latitude:4.7543835639953613,Longitude:-74.106689453125,Altitude:2570.5,ExternalPowerVoltage:28.07,Rpm:-999,Speed:13.0,SatelliteNumber:16,Azimuth:139,BatteryLevel:100}]
"[{""Protocol"":""0x2525""","MessageType:""LocationInfoMessage""",ProtocolHeadType:19,"Imei:""869487064485674""",SerialNo:28196,Mileage:5622424,"Date:""2026-04-21T17:39:06Z""",IopIgnition:true,Latitude:4.7514133453369141,Longitude:-74.1042251586914,Altitude:2571.89990234375,ExternalPowerVoltage:27.9,Rpm:-999,Speed:13.0,SatelliteNumber:16,Azimuth:198,BatteryLevel:100}]
"[{""Protocol"":""0x2525""","MessageType:""LocationInfoMessage""",ProtocolHeadType:19,"Imei:""869487064485674""",SerialNo:28197,Mileage:5622439,"Date:""2026-04-21T17:40:48Z""",IopIgnition:true,Latitude:4.7512979507446289,Longitude:-74.104278564453125,Altitude:2571.0,ExternalPowerVoltage:27.92,Rpm:-999,Speed:0.0,SatelliteNumber:15,Azimuth:213,BatteryLevel:100}]
"[{""Protocol"":""0x2525""","MessageType:""LocationInfoMessage""",ProtocolHeadType:19,"Imei:""869487064485674""",SerialNo:28198,Mileage:5622439,"Date:""2026-04-21T17:41:48Z""",IopIgnition:true,Latitude:4.7512979507446289,Longitude:-74.104278564453125,Altitude:2571.0,ExternalPowerVoltage:27.87,Rpm:-999,Speed:0.0,SatelliteNumber:16,Azimuth:213,BatteryLevel:100}]
"[{""Protocol"":""0x2525""","MessageType:""LocationInfoMessage""",ProtocolHeadType:19,"Imei:""869487064485674""",SerialNo:28199,Mileage:5622439,"Date:""2026-04-21T17:42:48Z""",IopIgnition:true,Latitude:4.7512979507446289,Longitude:-74.104278564453125,Altitude:2571.0,ExternalPowerVoltage:27.95,Rpm:-999,Speed:0.0,SatelliteNumber:15,Azimuth:213,BatteryLevel:100}]
"[{""Protocol"":""0x2525""","MessageType:""LocationInfoMessage""",ProtocolHeadType:19,"Imei:""869487064485674""",SerialNo:28200,Mileage:5622489,"Date:""2026-04-21T17:43:11Z""",IopIgnition:true,Latitude:4.75091028213501,Longitude:-74.1044692993164,Altitude:2570.89990234375,ExternalPowerVoltage:28.12,Rpm:-999,Speed:17.0,SatelliteNumber:16,Azimuth:154,BatteryLevel:100}]
"[{""Protocol"":""0x2525""","MessageType:""LocationInfoMessage""",ProtocolHeadType:19,"Imei:""869487064485674""",SerialNo:28201,Mileage:5623339,"Date:""2026-04-21T17:44:48Z""",IopIgnition:true,Latitude:4.7474722862243652,Longitude:-74.097648620605469,Altitude:2571.300048828125,ExternalPowerVoltage:27.91,Rpm:-999,Speed:32.0,SatelliteNumber:16,Azimuth:126,BatteryLevel:100}]
"[{""Protocol"":""0x2525""","MessageType:""LocationInfoMessage""",ProtocolHeadType:19,"Imei:""869487064485674""",SerialNo:28202,Mileage:5623518,"Date:""2026-04-21T17:45:29Z""",IopIgnition:true,Latitude:4.7463569641113281,Longitude:-74.096519470214844,Altitude:2574.60009765625,ExternalPowerVoltage:28.11,Rpm:-999,Speed:30.0,SatelliteNumber:16,Azimuth:177,BatteryLevel:100}]
"[{""Protocol"":""0x2525""","MessageType:""LocationInfoMessage""",ProtocolHeadType:19,"Imei:""869487064485674""",SerialNo:28203,Mileage:5624268,"Date:""2026-04-21T17:46:48Z""",IopIgnition:true,Latitude:4.7401347160339355,Longitude:-74.099067687988281,Altitude:2566.800048828125,ExternalPowerVoltage:28.13,Rpm:-999,Speed:42.0,SatelliteNumber:16,Azimuth:198,BatteryLevel:100}]
"[{""Protocol"":""0x2525""","MessageType:""LocationInfoMessage""",ProtocolHeadType:19,"Imei:""869487064485674""",SerialNo:28204,Mileage:5624723,"Date:""2026-04-21T17:47:48Z""",IopIgnition:true,Latitude:4.7361330986022949,Longitude:-74.099891662597656,Altitude:2570.699951171875,ExternalPowerVoltage:27.96,Rpm:-999,Speed:5.0,SatelliteNumber:16,Azimuth:192,BatteryLevel:100}]
"[{""Protocol"":""0x2525""","MessageType:""LocationInfoMessage""",ProtocolHeadType:19,"Imei:""869487064485674""",SerialNo:28205,Mileage:5624723,"Date:""2026-04-21T17:48:48Z""",IopIgnition:true,Latitude:4.7361330986022949,Longitude:-74.099891662597656,Altitude:2570.699951171875,ExternalPowerVoltage:27.88,Rpm:-999,Speed:0.0,SatelliteNumber:16,Azimuth:192,BatteryLevel:100}]
"[{""Protocol"":""0x2525""","MessageType:""LocationInfoMessage""",ProtocolHeadType:19,"Imei:""869487064485674""",SerialNo:28206,Mileage:5625170,"Date:""2026-04-21T17:49:48Z""",IopIgnition:true,Latitude:4.7321619987487793,Longitude:-74.100494384765625,Altitude:2573.800048828125,ExternalPowerVoltage:28.14,Rpm:-999,Speed:37.0,SatelliteNumber:15,Azimuth:189,BatteryLevel:100}]
"[{""Protocol"":""0x2525""","MessageType:""LocationInfoMessage""",ProtocolHeadType:19,"Imei:""869487064485674""",SerialNo:28207,Mileage:5625654,"Date:""2026-04-21T17:50:36Z""",IopIgnition:true,Latitude:4.727940559387207,Longitude:-74.100822448730469,Altitude:2573.89990234375,ExternalPowerVoltage:28.11,Rpm:-999,Speed:48.0,SatelliteNumber:17,Azimuth:142,BatteryLevel:100}]
"[{""Protocol"":""0x2525""","MessageType:""LocationInfoMessage""",ProtocolHeadType:19,"Imei:""869487064485674""",SerialNo:28208,Mileage:5626666,"Date:""2026-04-21T17:51:48Z""",IopIgnition:true,Latitude:4.7207169532775879,Longitude:-74.095611572265625,Altitude:2567.5,ExternalPowerVoltage:28.09,Rpm:-999,Speed:45.0,SatelliteNumber:16,Azimuth:132,BatteryLevel:100}]
"[{""Protocol"":""0x2525""","MessageType:""LocationInfoMessage""",ProtocolHeadType:19,"Imei:""869487064485674""",SerialNo:28209,Mileage:5627267,"Date:""2026-04-21T17:52:41Z""",IopIgnition:true,Latitude:4.7163119316101074,Longitude:-74.092689514160156,Altitude:2564.199951171875,ExternalPowerVoltage:28.07,Rpm:-999,Speed:44.0,SatelliteNumber:16,Azimuth:179,BatteryLevel:100}]
"[{""Protocol"":""0x2525""","MessageType:""LocationInfoMessage""",ProtocolHeadType:19,"Imei:""869487064485674""",SerialNo:28210,Mileage:5627930,"Date:""2026-04-21T17:53:48Z""",IopIgnition:true,Latitude:4.7106575965881348,Longitude:-74.094009399414063,Altitude:2568.300048828125,ExternalPowerVoltage:28.09,Rpm:-999,Speed:25.0,SatelliteNumber:16,Azimuth:219,BatteryLevel:100}]
"[{""Protocol"":""0x2525""","MessageType:""LocationInfoMessage""",ProtocolHeadType:19,"Imei:""869487064485674""",SerialNo:28211,Mileage:5628388,"Date:""2026-04-21T17:54:47Z""",IopIgnition:true,Latitude:4.7077760696411133,Longitude:-74.096961975097656,Altitude:2577.39990234375,ExternalPowerVoltage:28.1,Rpm:-999,Speed:38.0,SatelliteNumber:15,Azimuth:224,BatteryLevel:100}]
"[{""Protocol"":""0x2525""","MessageType:""LocationInfoMessage""",ProtocolHeadType:19,"Imei:""869487064485674""",SerialNo:28212,Mileage:5628497,"Date:""2026-04-21T17:55:48Z""",IopIgnition:true,Latitude:4.7070765495300293,Longitude:-74.097648620605469,Altitude:2578.10009765625,ExternalPowerVoltage:28.04,Rpm:-999,Speed:0.0,SatelliteNumber:16,Azimuth:221,BatteryLevel:100}]
"[{""Protocol"":""0x2525""","MessageType:""LocationInfoMessage""",ProtocolHeadType:19,"Imei:""869487064485674""",SerialNo:28213,Mileage:5628995,"Date:""2026-04-21T17:56:48Z""",IopIgnition:true,Latitude:4.7037258148193359,Longitude:-74.1006088256836,Altitude:2579.5,ExternalPowerVoltage:28.08,Rpm:-999,Speed:42.0,SatelliteNumber:16,Azimuth:222,BatteryLevel:100}]
"[{""Protocol"":""0x2525""","MessageType:""LocationInfoMessage""",ProtocolHeadType:19,"Imei:""869487064485674""",SerialNo:28214,Mileage:5629177,"Date:""2026-04-21T17:57:06Z""",IopIgnition:true,Latitude:4.7025656700134277,Longitude:-74.101722717285156,Altitude:2576.699951171875,ExternalPowerVoltage:28.11,Rpm:-999,Speed:34.0,SatelliteNumber:15,Azimuth:271,BatteryLevel:100}]
"[{""Protocol"":""0x2525""","MessageType:""LocationInfoMessage""",ProtocolHeadType:19,"Imei:""869487064485674""",SerialNo:28215,Mileage:5629206,"Date:""2026-04-21T17:57:09Z""",IopIgnition:true,Latitude:4.7026810646057129,Longitude:-74.1019515991211,Altitude:2575.5,ExternalPowerVoltage:28.06,Rpm:-999,Speed:37.0,SatelliteNumber:15,Azimuth:318,BatteryLevel:100}]
"[{""Protocol"":""0x2525""","MessageType:""LocationInfoMessage""",ProtocolHeadType:19,"Imei:""869487064485674""",SerialNo:28216,Mileage:5629243,"Date:""2026-04-21T17:57:13Z""",IopIgnition:true,Latitude:4.7029867172241211,Longitude:-74.102043151855469,Altitude:2572.10009765625,ExternalPowerVoltage:28.07,Rpm:-999,Speed:27.0,SatelliteNumber:16,Azimuth:9,BatteryLevel:100}]
"[{""Protocol"":""0x2525""","MessageType:""LocationInfoMessage""",ProtocolHeadType:19,"Imei:""869487064485674""",SerialNo:28217,Mileage:5629266,"Date:""2026-04-21T17:57:16Z""",IopIgnition:true,Latitude:4.7031497955322266,Longitude:-74.1019287109375,Altitude:2571.0,ExternalPowerVoltage:28.06,Rpm:-999,Speed:25.0,SatelliteNumber:16,Azimuth:58,BatteryLevel:100}]
"[{""Protocol"":""0x2525""","MessageType:""LocationInfoMessage""",ProtocolHeadType:19,"Imei:""869487064485674""",SerialNo:28218,Mileage:5629291,"Date:""2026-04-21T17:57:20Z""",IopIgnition:true,Latitude:4.7031784057617188,Longitude:-74.101715087890625,Altitude:2571.10009765625,ExternalPowerVoltage:27.86,Rpm:-999,Speed:18.0,SatelliteNumber:16,Azimuth:104,BatteryLevel:100}]
"[{""Protocol"":""0x2525""","MessageType:""LocationInfoMessage""",ProtocolHeadType:19,"Imei:""869487064485674""",SerialNo:28219,Mileage:5629861,"Date:""2026-04-21T17:58:48Z""",IopIgnition:true,Latitude:4.700131893157959,Longitude:-74.097610473632813,Altitude:2580.199951171875,ExternalPowerVoltage:28.06,Rpm:-999,Speed:21.0,SatelliteNumber:16,Azimuth:121,BatteryLevel:100}]
"[{""Protocol"":""0x2525""","MessageType:""LocationInfoMessage""",ProtocolHeadType:19,"Imei:""869487064485674""",SerialNo:28220,Mileage:5630313,"Date:""2026-04-21T17:59:48Z""",IopIgnition:true,Latitude:4.6979384422302246,Longitude:-74.094184875488281,Altitude:2569.5,ExternalPowerVoltage:27.91,Rpm:-999,Speed:8.0,SatelliteNumber:15,Azimuth:110,BatteryLevel:100}]
"[{""Protocol"":""0x2525""","MessageType:""LocationInfoMessage""",ProtocolHeadType:19,"Imei:""869487064485674""",SerialNo:28221,Mileage:5630382,"Date:""2026-04-21T18:00:48Z""",IopIgnition:true,Latitude:4.6976490020751953,Longitude:-74.093635559082031,Altitude:2573.5,ExternalPowerVoltage:28.09,Rpm:-999,Speed:23.0,SatelliteNumber:15,Azimuth:118,BatteryLevel:100}]
"[{""Protocol"":""0x2525""","MessageType:""LocationInfoMessage""",ProtocolHeadType:19,"Imei:""869487064485674""",SerialNo:28222,Mileage:5630986,"Date:""2026-04-21T18:01:48Z""",IopIgnition:true,Latitude:4.6951818466186523,Longitude:-74.08880615234375,Altitude:2576.800048828125,ExternalPowerVoltage:28.12,Rpm:-999,Speed:43.0,SatelliteNumber:16,Azimuth:120,BatteryLevel:100}]
"[{""Protocol"":""0x2525""","MessageType:""LocationInfoMessage""",ProtocolHeadType:19,"Imei:""869487064485674""",SerialNo:28223,Mileage:5631403,"Date:""2026-04-21T18:02:48Z""",IopIgnition:true,Latitude:4.69261360168457,Longitude:-74.086097717285156,Altitude:2571.300048828125,ExternalPowerVoltage:27.89,Rpm:-999,Speed:0.0,SatelliteNumber:14,Azimuth:139,BatteryLevel:100}]
"[{""Protocol"":""0x2525""","MessageType:""LocationInfoMessage""",ProtocolHeadType:19,"Imei:""869487064485674""",SerialNo:28224,Mileage:5631972,"Date:""2026-04-21T18:03:48Z""",IopIgnition:true,Latitude:4.6885890960693359,Longitude:-74.082931518554688,Altitude:2569.800048828125,ExternalPowerVoltage:28.11,Rpm:-999,Speed:51.0,SatelliteNumber:16,Azimuth:141,BatteryLevel:100}]
"[{""Protocol"":""0x2525""","MessageType:""LocationInfoMessage""",ProtocolHeadType:19,"Imei:""869487064485674""",SerialNo:28225,Mileage:5632800,"Date:""2026-04-21T18:04:48Z""",IopIgnition:true,Latitude:4.682736873626709,Longitude:-74.078338623046875,Altitude:2566.199951171875,ExternalPowerVoltage:28.1,Rpm:-999,Speed:35.0,SatelliteNumber:16,Azimuth:140,BatteryLevel:100}]
"[{""Protocol"":""0x2525""","MessageType:""LocationInfoMessage""",ProtocolHeadType:19,"Imei:""869487064485674""",SerialNo:28226,Mileage:5632947,"Date:""2026-04-21T18:05:43Z""",IopIgnition:true,Latitude:4.6816768646240234,Longitude:-74.07757568359375,Altitude:2568.199951171875,ExternalPowerVoltage:27.95,Rpm:-999,Speed:5.0,SatelliteNumber:14,Azimuth:187,BatteryLevel:100}]
"[{""Protocol"":""0x2525""","MessageType:""LocationInfoMessage""",ProtocolHeadType:19,"Imei:""869487064485674""",SerialNo:28227,Mileage:5633283,"Date:""2026-04-21T18:06:48Z""",IopIgnition:true,Latitude:4.6791548728942871,Longitude:-74.079185485839844,Altitude:2571.39990234375,ExternalPowerVoltage:28.04,Rpm:-999,Speed:11.0,SatelliteNumber:16,Azimuth:218,BatteryLevel:100}]
"[{""Protocol"":""0x2525""","MessageType:""LocationInfoMessage""",ProtocolHeadType:19,"Imei:""869487064485674""",SerialNo:28228,Mileage:5633558,"Date:""2026-04-21T18:07:46Z""",IopIgnition:true,Latitude:4.677180290222168,Longitude:-74.08062744140625,Altitude:2571.300048828125,ExternalPowerVoltage:28.01,Rpm:-999,Speed:6.0,SatelliteNumber:15,Azimuth:134,BatteryLevel:100}]
"[{""Protocol"":""0x2525""","MessageType:""LocationInfoMessage""",ProtocolHeadType:19,"Imei:""869487064485674""",SerialNo:28229,Mileage:5633708,"Date:""2026-04-21T18:08:48Z""",IopIgnition:true,Latitude:4.6763577461242676,Longitude:-74.0795669555664,Altitude:2575.10009765625,ExternalPowerVoltage:27.86,Rpm:-999,Speed:6.0,SatelliteNumber:16,Azimuth:128,BatteryLevel:100}]
"[{""Protocol"":""0x2525""","MessageType:""LocationAlarmMessage""",ProtocolHeadType:20,"Imei:""869487064485674""",SerialNo:1065,Mileage:5633708,"Date:""2026-04-21T18:09:14Z""",IopIgnition:false,Latitude:4.6763577461242676,Longitude:-74.0795669555664,Altitude:2575.10009765625,ExternalPowerVoltage:27.88,Rpm:-999,Speed:0.0,SatelliteNumber:15,Azimuth:128,OriginalAlarmCode:23}]
"[{""Protocol"":""0x2525""","MessageType:""LocationAlarmMessage""",ProtocolHeadType:20,"Imei:""869487064485674""",SerialNo:1066,Mileage:5633708,"Date:""2026-04-21T18:57:12Z""",IopIgnition:true,Latitude:4.6763577461242676,Longitude:-74.0795669555664,Altitude:2575.10009765625,ExternalPowerVoltage:25.53,Rpm:-999,Speed:0.0,SatelliteNumber:13,Azimuth:128,OriginalAlarmCode:22}]
"[{""Protocol"":""0x2525""","MessageType:""LocationInfoMessage""",ProtocolHeadType:19,"Imei:""869487064485674""",SerialNo:28230,Mileage:5633708,"Date:""2026-04-21T18:58:13Z""",IopIgnition:true,Latitude:4.6763577461242676,Longitude:-74.0795669555664,Altitude:2575.10009765625,ExternalPowerVoltage:25.33,Rpm:-999,Speed:0.0,SatelliteNumber:15,Azimuth:128,BatteryLevel:100}]
"[{""Protocol"":""0x2525""","MessageType:""LocationInfoMessage""",ProtocolHeadType:19,"Imei:""869487064485674""",SerialNo:28231,Mileage:5633708,"Date:""2026-04-21T18:59:13Z""",IopIgnition:true,Latitude:4.6763577461242676,Longitude:-74.0795669555664,Altitude:2575.10009765625,ExternalPowerVoltage:25.43,Rpm:-999,Speed:0.0,SatelliteNumber:14,Azimuth:128,BatteryLevel:100}]
"[{""Protocol"":""0x2525""","MessageType:""LocationInfoMessage""",ProtocolHeadType:19,"Imei:""869487064485674""",SerialNo:28232,Mileage:5633708,"Date:""2026-04-21T19:00:13Z""",IopIgnition:true,Latitude:4.6763577461242676,Longitude:-74.0795669555664,Altitude:2575.10009765625,ExternalPowerVoltage:25.53,Rpm:-999,Speed:0.0,SatelliteNumber:15,Azimuth:128,BatteryLevel:100}]
"[{""Protocol"":""0x2525""","MessageType:""LocationInfoMessage""",ProtocolHeadType:19,"Imei:""869487064485674""",SerialNo:28233,Mileage:5633708,"Date:""2026-04-21T19:01:13Z""",IopIgnition:true,Latitude:4.6763577461242676,Longitude:-74.0795669555664,Altitude:2575.10009765625,ExternalPowerVoltage:25.64,Rpm:-999,Speed:0.0,SatelliteNumber:15,Azimuth:128,BatteryLevel:100}]
"[{""Protocol"":""0x2525""","MessageType:""LocationInfoMessage""",ProtocolHeadType:19,"Imei:""869487064485674""",SerialNo:28234,Mileage:5633708,"Date:""2026-04-21T19:02:12Z""",IopIgnition:true,Latitude:4.6763577461242676,Longitude:-74.0795669555664,Altitude:2575.10009765625,ExternalPowerVoltage:25.84,Rpm:-999,Speed:0.0,SatelliteNumber:14,Azimuth:128,BatteryLevel:100}]
"[{""Protocol"":""0x2525""","MessageType:""LocationInfoMessage""",ProtocolHeadType:19,"Imei:""869487064485674""",SerialNo:28235,Mileage:5633708,"Date:""2026-04-21T19:03:13Z""",IopIgnition:true,Latitude:4.6763577461242676,Longitude:-74.0795669555664,Altitude:2575.10009765625,ExternalPowerVoltage:25.91,Rpm:-999,Speed:0.0,SatelliteNumber:16,Azimuth:128,BatteryLevel:100}]
"[{""Protocol"":""0x2525""","MessageType:""LocationInfoMessage""",ProtocolHeadType:19,"Imei:""869487064485674""",SerialNo:28236,Mileage:5633708,"Date:""2026-04-21T19:04:13Z""",IopIgnition:true,Latitude:4.6763577461242676,Longitude:-74.0795669555664,Altitude:2575.10009765625,ExternalPowerVoltage:26.02,Rpm:-999,Speed:0.0,SatelliteNumber:15,Azimuth:128,BatteryLevel:100}]
"[{""Protocol"":""0x2525""","MessageType:""LocationInfoMessage""",ProtocolHeadType:19,"Imei:""869487064485674""",SerialNo:28237,Mileage:5633708,"Date:""2026-04-21T19:05:13Z""",IopIgnition:true,Latitude:4.6763577461242676,Longitude:-74.0795669555664,Altitude:2575.10009765625,ExternalPowerVoltage:26.1,Rpm:-999,Speed:0.0,SatelliteNumber:15,Azimuth:128,BatteryLevel:100}]
"[{""Protocol"":""0x2525""","MessageType:""LocationInfoMessage""",ProtocolHeadType:19,"Imei:""869487064485674""",SerialNo:28238,Mileage:5633708,"Date:""2026-04-21T19:06:13Z""",IopIgnition:true,Latitude:4.6763577461242676,Longitude:-74.0795669555664,Altitude:2575.10009765625,ExternalPowerVoltage:26.15,Rpm:-999,Speed:0.0,SatelliteNumber:13,Azimuth:128,BatteryLevel:100}]
"[{""Protocol"":""0x2525""","MessageType:""LocationInfoMessage""",ProtocolHeadType:19,"Imei:""869487064485674""",SerialNo:28239,Mileage:5633708,"Date:""2026-04-21T19:07:12Z""",IopIgnition:true,Latitude:4.6763577461242676,Longitude:-74.0795669555664,Altitude:2575.10009765625,ExternalPowerVoltage:26.2,Rpm:-999,Speed:0.0,SatelliteNumber:14,Azimuth:128,BatteryLevel:100}]
"[{""Protocol"":""0x2525""","MessageType:""LocationInfoMessage""",ProtocolHeadType:19,"Imei:""869487064485674""",SerialNo:28240,Mileage:5633708,"Date:""2026-04-21T19:08:13Z""",IopIgnition:true,Latitude:4.6763577461242676,Longitude:-74.0795669555664,Altitude:2575.10009765625,ExternalPowerVoltage:26.29,Rpm:-999,Speed:0.0,SatelliteNumber:13,Azimuth:128,BatteryLevel:100}]
"[{""Protocol"":""0x2525""","MessageType:""LocationInfoMessage""",ProtocolHeadType:19,"Imei:""869487064485674""",SerialNo:28241,Mileage:5633708,"Date:""2026-04-21T19:09:13Z""",IopIgnition:true,Latitude:4.6763577461242676,Longitude:-74.0795669555664,Altitude:2575.10009765625,ExternalPowerVoltage:26.38,Rpm:-999,Speed:0.0,SatelliteNumber:14,Azimuth:128,BatteryLevel:100}]
"[{""Protocol"":""0x2525""","MessageType:""LocationInfoMessage""",ProtocolHeadType:19,"Imei:""869487064485674""",SerialNo:28242,Mileage:5633708,"Date:""2026-04-21T19:10:13Z""",IopIgnition:true,Latitude:4.6763577461242676,Longitude:-74.0795669555664,Altitude:2575.10009765625,ExternalPowerVoltage:26.39,Rpm:-999,Speed:0.0,SatelliteNumber:13,Azimuth:128,BatteryLevel:100}]
"[{""Protocol"":""0x2525""","MessageType:""LocationInfoMessage""",ProtocolHeadType:19,"Imei:""869487064485674""",SerialNo:28243,Mileage:5633708,"Date:""2026-04-21T19:11:13Z""",IopIgnition:true,Latitude:4.6763577461242676,Longitude:-74.0795669555664,Altitude:2575.10009765625,ExternalPowerVoltage:26.28,Rpm:-999,Speed:0.0,SatelliteNumber:14,Azimuth:128,BatteryLevel:100}]
"[{""Protocol"":""0x2525""","MessageType:""LocationInfoMessage""",ProtocolHeadType:19,"Imei:""869487064485674""",SerialNo:28244,Mileage:5633708,"Date:""2026-04-21T19:12:13Z""",IopIgnition:true,Latitude:4.6763577461242676,Longitude:-74.0795669555664,Altitude:2575.10009765625,ExternalPowerVoltage:27.63,Rpm:-999,Speed:0.0,SatelliteNumber:14,Azimuth:128,BatteryLevel:100}]
"[{""Protocol"":""0x2525""","MessageType:""LocationInfoMessage""",ProtocolHeadType:19,"Imei:""869487064485674""",SerialNo:28245,Mileage:5633746,"Date:""2026-04-21T19:12:35Z""",IopIgnition:true,Latitude:4.6761641502380371,Longitude:-74.079299926757813,Altitude:2575.699951171875,ExternalPowerVoltage:27.26,Rpm:-999,Speed:9.0,SatelliteNumber:15,Azimuth:76,BatteryLevel:100}]
"[{""Protocol"":""0x2525""","MessageType:""LocationInfoMessage""",ProtocolHeadType:19,"Imei:""869487064485674""",SerialNo:28246,Mileage:5633828,"Date:""2026-04-21T19:12:51Z""",IopIgnition:true,Latitude:4.6767377853393555,Longitude:-74.078842163085938,Altitude:2575.199951171875,ExternalPowerVoltage:27.05,Rpm:-999,Speed:12.0,SatelliteNumber:14,Azimuth:25,BatteryLevel:100}]
"[{""Protocol"":""0x2525""","MessageType:""LocationInfoMessage""",ProtocolHeadType:19,"Imei:""869487064485674""",SerialNo:28247,Mileage:5633839,"Date:""2026-04-21T19:12:54Z""",IopIgnition:true,Latitude:4.6768274307250977,Longitude:-74.078842163085938,Altitude:2575.60009765625,ExternalPowerVoltage:27.16,Rpm:-999,Speed:12.0,SatelliteNumber:15,Azimuth:332,BatteryLevel:100}]
"[{""Protocol"":""0x2525""","MessageType:""LocationInfoMessage""",ProtocolHeadType:19,"Imei:""869487064485674""",SerialNo:28248,Mileage:5634168,"Date:""2026-04-21T19:14:13Z""",IopIgnition:true,Latitude:4.67864990234375,Longitude:-74.081169128417969,Altitude:2573.199951171875,ExternalPowerVoltage:27.93,Rpm:-999,Speed:10.0,SatelliteNumber:15,Azimuth:303,BatteryLevel:100}]
"[{""Protocol"":""0x2525""","MessageType:""LocationInfoMessage""",ProtocolHeadType:19,"Imei:""869487064485674""",SerialNo:28249,Mileage:5634257,"Date:""2026-04-21T19:14:40Z""",IopIgnition:true,Latitude:4.6791481971740723,Longitude:-74.081794738769531,Altitude:2575.89990234375,ExternalPowerVoltage:27.96,Rpm:-999,Speed:7.0,SatelliteNumber:16,Azimuth:350,BatteryLevel:100}]
"[{""Protocol"":""0x2525""","MessageType:""LocationInfoMessage""",ProtocolHeadType:19,"Imei:""869487064485674""",SerialNo:28250,Mileage:5634262,"Date:""2026-04-21T19:14:42Z""",IopIgnition:true,Latitude:4.67918586730957,Longitude:-74.081771850585938,Altitude:2575.699951171875,ExternalPowerVoltage:28.02,Rpm:-999,Speed:12.0,SatelliteNumber:15,Azimuth:47,BatteryLevel:100}]
"[{""Protocol"":""0x2525""","MessageType:""LocationInfoMessage""",ProtocolHeadType:19,"Imei:""869487064485674""",SerialNo:28251,Mileage:5634445,"Date:""2026-04-21T19:15:10Z""",IopIgnition:true,Latitude:4.6802444458007813,Longitude:-74.080558776855469,Altitude:2572.300048828125,ExternalPowerVoltage:28.08,Rpm:-999,Speed:16.0,SatelliteNumber:14,Azimuth:0,BatteryLevel:100}]
"[{""Protocol"":""0x2525""","MessageType:""LocationInfoMessage""",ProtocolHeadType:19,"Imei:""869487064485674""",SerialNo:28252,Mileage:5634640,"Date:""2026-04-21T19:16:13Z""",IopIgnition:true,Latitude:4.6816143989562988,Longitude:-74.081626892089844,Altitude:2570.5,ExternalPowerVoltage:28.03,Rpm:-999,Speed:0.0,SatelliteNumber:14,Azimuth:345,BatteryLevel:100}]
"[{""Protocol"":""0x2525""","MessageType:""LocationInfoMessage""",ProtocolHeadType:19,"Imei:""869487064485674""",SerialNo:28253,Mileage:5634654,"Date:""2026-04-21T19:16:20Z""",IopIgnition:true,Latitude:4.68173360824585,Longitude:-74.081581115722656,Altitude:2571.10009765625,ExternalPowerVoltage:28.02,Rpm:-999,Speed:12.0,SatelliteNumber:15,Azimuth:41,BatteryLevel:100}]
"[{""Protocol"":""0x2525""","MessageType:""LocationInfoMessage""",ProtocolHeadType:19,"Imei:""869487064485674""",SerialNo:28254,Mileage:5635102,"Date:""2026-04-21T19:17:16Z""",IopIgnition:true,Latitude:4.6841492652893066,Longitude:-74.0783920288086,Altitude:2570.0,ExternalPowerVoltage:28.07,Rpm:-999,Speed:17.0,SatelliteNumber:16,Azimuth:90,BatteryLevel:100}]
"[{""Protocol"":""0x2525""","MessageType:""LocationInfoMessage""",ProtocolHeadType:19,"Imei:""869487064485674""",SerialNo:28255,Mileage:5635140,"Date:""2026-04-21T19:17:22Z""",IopIgnition:true,Latitude:4.6839823722839355,Longitude:-74.078117370605469,Altitude:2570.300048828125,ExternalPowerVoltage:28.06,Rpm:-999,Speed:26.0,SatelliteNumber:16,Azimuth:143,BatteryLevel:100}]
"[{""Protocol"":""0x2525""","MessageType:""LocationInfoMessage""",ProtocolHeadType:19,"Imei:""869487064485674""",SerialNo:28256,Mileage:5635175,"Date:""2026-04-21T19:17:27Z""",IopIgnition:true,Latitude:4.683685302734375,Longitude:-74.078056335449219,Altitude:2570.800048828125,ExternalPowerVoltage:28.07,Rpm:-999,Speed:23.0,SatelliteNumber:16,Azimuth:197,BatteryLevel:100}]
"[{""Protocol"":""0x2525""","MessageType:""LocationInfoMessage""",ProtocolHeadType:19,"Imei:""869487064485674""",SerialNo:28257,Mileage:5635199,"Date:""2026-04-21T19:17:31Z""",IopIgnition:true,Latitude:4.6835212707519531,Longitude:-74.078193664550781,Altitude:2570.699951171875,ExternalPowerVoltage:28.06,Rpm:-999,Speed:18.0,SatelliteNumber:16,Azimuth:244,BatteryLevel:100}]
"[{""Protocol"":""0x2525""","MessageType:""LocationInfoMessage""",ProtocolHeadType:19,"Imei:""869487064485674""",SerialNo:28258,Mileage:5635228,"Date:""2026-04-21T19:17:40Z""",IopIgnition:true,Latitude:4.6835122108459473,Longitude:-74.078437805175781,Altitude:2571.0,ExternalPowerVoltage:28.06,Rpm:-999,Speed:11.0,SatelliteNumber:16,Azimuth:295,BatteryLevel:100}]
"[{""Protocol"":""0x2525""","MessageType:""LocationInfoMessage""",ProtocolHeadType:19,"Imei:""869487064485674""",SerialNo:28259,Mileage:5635811,"Date:""2026-04-21T19:19:13Z""",IopIgnition:true,Latitude:4.6875696182250977,Longitude:-74.0817642211914,Altitude:2567.800048828125,ExternalPowerVoltage:27.94,Rpm:-999,Speed:0.0,SatelliteNumber:13,Azimuth:316,BatteryLevel:100}]
"[{""Protocol"":""0x2525""","MessageType:""LocationInfoMessage""",ProtocolHeadType:19,"Imei:""869487064485674""",SerialNo:28260,Mileage:5636206,"Date:""2026-04-21T19:20:12Z""",IopIgnition:true,Latitude:4.6903538703918457,Longitude:-74.083969116210938,Altitude:2573.199951171875,ExternalPowerVoltage:28.11,Rpm:-999,Speed:36.0,SatelliteNumber:15,Azimuth:322,BatteryLevel:100}]
"[{""Protocol"":""0x2525""","MessageType:""LocationInfoMessage""",ProtocolHeadType:19,"Imei:""869487064485674""",SerialNo:28261,Mileage:5636403,"Date:""2026-04-21T19:21:13Z""",IopIgnition:true,Latitude:4.6917319297790527,Longitude:-74.085075378417969,Altitude:2577.10009765625,ExternalPowerVoltage:27.92,Rpm:-999,Speed:0.0,SatelliteNumber:16,Azimuth:320,BatteryLevel:100}]
"[{""Protocol"":""0x2525""","MessageType:""LocationInfoMessage""",ProtocolHeadType:19,"Imei:""869487064485674""",SerialNo:28262,Mileage:5636912,"Date:""2026-04-21T19:22:13Z""",IopIgnition:true,Latitude:4.6950597763061523,Longitude:-74.088180541992188,Altitude:2581.300048828125,ExternalPowerVoltage:28.12,Rpm:-999,Speed:38.0,SatelliteNumber:16,Azimuth:301,BatteryLevel:100}]
"[{""Protocol"":""0x2525""","MessageType:""LocationInfoMessage""",ProtocolHeadType:19,"Imei:""869487064485674""",SerialNo:28263,Mileage:5637241,"Date:""2026-04-21T19:23:13Z""",IopIgnition:true,Latitude:4.6964635848999023,Longitude:-74.090782165527344,Altitude:2576.10009765625,ExternalPowerVoltage:27.9,Rpm:-999,Speed:10.0,SatelliteNumber:16,Azimuth:292,BatteryLevel:100}]
"[{""Protocol"":""0x2525""","MessageType:""LocationInfoMessage""",ProtocolHeadType:19,"Imei:""869487064485674""",SerialNo:28264,Mileage:5637388,"Date:""2026-04-21T19:24:13Z""",IopIgnition:true,Latitude:4.6970782279968262,Longitude:-74.091957092285156,Altitude:2580.10009765625,ExternalPowerVoltage:28.13,Rpm:-999,Speed:20.0,SatelliteNumber:15,Azimuth:296,BatteryLevel:100}]
"[{""Protocol"":""0x2525""","MessageType:""LocationInfoMessage""",ProtocolHeadType:19,"Imei:""869487064485674""",SerialNo:28265,Mileage:5637466,"Date:""2026-04-21T19:25:13Z""",IopIgnition:true,Latitude:4.6974129676818848,Longitude:-74.092575073242188,Altitude:2582.5,ExternalPowerVoltage:27.96,Rpm:-999,Speed:0.0,SatelliteNumber:14,Azimuth:300,BatteryLevel:100}]
"[{""Protocol"":""0x2525""","MessageType:""LocationInfoMessage""",ProtocolHeadType:19,"Imei:""869487064485674""",SerialNo:28266,Mileage:5637830,"Date:""2026-04-21T19:26:12Z""",IopIgnition:true,Latitude:4.6989727020263672,Longitude:-74.095458984375,Altitude:2584.800048828125,ExternalPowerVoltage:28.19,Rpm:-999,Speed:43.0,SatelliteNumber:14,Azimuth:301,BatteryLevel:100}]
"[{""Protocol"":""0x2525""","MessageType:""LocationInfoMessage""",ProtocolHeadType:19,"Imei:""869487064485674""",SerialNo:28267,Mileage:5638706,"Date:""2026-04-21T19:27:13Z""",IopIgnition:true,Latitude:4.703639030456543,Longitude:-74.101791381835938,Altitude:2580.800048828125,ExternalPowerVoltage:28.01,Rpm:-999,Speed:29.0,SatelliteNumber:15,Azimuth:296,BatteryLevel:100}]
"[{""Protocol"":""0x2525""","MessageType:""LocationInfoMessage""",ProtocolHeadType:19,"Imei:""869487064485674""",SerialNo:28268,Mileage:5638835,"Date:""2026-04-21T19:28:13Z""",IopIgnition:true,Latitude:4.7041091918945313,Longitude:-74.102851867675781,Altitude:2579.199951171875,ExternalPowerVoltage:27.94,Rpm:-999,Speed:0.0,SatelliteNumber:14,Azimuth:281,BatteryLevel:100}]
"[{""Protocol"":""0x2525""","MessageType:""LocationInfoMessage""",ProtocolHeadType:19,"Imei:""869487064485674""",SerialNo:28269,Mileage:5638973,"Date:""2026-04-21T19:29:13Z""",IopIgnition:true,Latitude:4.7046208381652832,Longitude:-74.1039810180664,Altitude:2581.60009765625,ExternalPowerVoltage:27.94,Rpm:-999,Speed:5.0,SatelliteNumber:16,Azimuth:298,BatteryLevel:100}]
"[{""Protocol"":""0x2525""","MessageType:""LocationInfoMessage""",ProtocolHeadType:19,"Imei:""869487064485674""",SerialNo:28270,Mileage:5639123,"Date:""2026-04-21T19:30:13Z""",IopIgnition:true,Latitude:4.7051639556884766,Longitude:-74.105216979980469,Altitude:2580.89990234375,ExternalPowerVoltage:27.95,Rpm:-999,Speed:5.0,SatelliteNumber:16,Azimuth:289,BatteryLevel:100}]
"[{""Protocol"":""0x2525""","MessageType:""LocationInfoMessage""",ProtocolHeadType:19,"Imei:""869487064485674""",SerialNo:28271,Mileage:5639161,"Date:""2026-04-21T19:31:12Z""",IopIgnition:true,Latitude:4.7052874565124512,Longitude:-74.105545043945313,Altitude:2581.699951171875,ExternalPowerVoltage:28.1,Rpm:-999,Speed:13.0,SatelliteNumber:15,Azimuth:288,BatteryLevel:100}]
"[{""Protocol"":""0x2525""","MessageType:""LocationInfoMessage""",ProtocolHeadType:19,"Imei:""869487064485674""",SerialNo:28272,Mileage:5639359,"Date:""2026-04-21T19:32:13Z""",IopIgnition:true,Latitude:4.7060704231262207,Longitude:-74.107139587402344,Altitude:2581.89990234375,ExternalPowerVoltage:27.93,Rpm:-999,Speed:0.0,SatelliteNumber:14,Azimuth:292,BatteryLevel:100}]
"[{""Protocol"":""0x2525""","MessageType:""LocationInfoMessage""",ProtocolHeadType:19,"Imei:""869487064485674""",SerialNo:28273,Mileage:5639498,"Date:""2026-04-21T19:33:13Z""",IopIgnition:true,Latitude:4.7066650390625,Longitude:-74.108238220214844,Altitude:2575.5,ExternalPowerVoltage:28.15,Rpm:-999,Speed:17.0,SatelliteNumber:17,Azimuth:302,BatteryLevel:100}]
"[{""Protocol"":""0x2525""","MessageType:""LocationInfoMessage""",ProtocolHeadType:19,"Imei:""869487064485674""",SerialNo:28274,Mileage:5639744,"Date:""2026-04-21T19:34:13Z""",IopIgnition:true,Latitude:4.7080693244934082,Longitude:-74.109947204589844,Altitude:2576.10009765625,ExternalPowerVoltage:27.88,Rpm:-999,Speed:0.0,SatelliteNumber:15,Azimuth:314,BatteryLevel:100}]
"[{""Protocol"":""0x2525""","MessageType:""LocationInfoMessage""",ProtocolHeadType:19,"Imei:""869487064485674""",SerialNo:28275,Mileage:5639799,"Date:""2026-04-21T19:35:13Z""",IopIgnition:true,Latitude:4.7084283828735352,Longitude:-74.11029052734375,Altitude:2575.89990234375,ExternalPowerVoltage:28.13,Rpm:-999,Speed:21.0,SatelliteNumber:15,Azimuth:312,BatteryLevel:100}]
"[{""Protocol"":""0x2525""","MessageType:""LocationInfoMessage""",ProtocolHeadType:19,"Imei:""869487064485674""",SerialNo:28276,Mileage:5640154,"Date:""2026-04-21T19:36:13Z""",IopIgnition:true,Latitude:4.7106032371521,Longitude:-74.112625122070313,Altitude:2575.10009765625,ExternalPowerVoltage:28.12,Rpm:-999,Speed:48.0,SatelliteNumber:15,Azimuth:314,BatteryLevel:100}]
"[{""Protocol"":""0x2525""","MessageType:""LocationInfoMessage""",ProtocolHeadType:19,"Imei:""869487064485674""",SerialNo:28277,Mileage:5640768,"Date:""2026-04-21T19:37:12Z""",IopIgnition:true,Latitude:4.7149076461791992,Longitude:-74.116050720214844,Altitude:2571.89990234375,ExternalPowerVoltage:27.86,Rpm:-999,Speed:8.0,SatelliteNumber:16,Azimuth:324,BatteryLevel:100}]
"[{""Protocol"":""0x2525""","MessageType:""LocationInfoMessage""",ProtocolHeadType:19,"Imei:""869487064485674""",SerialNo:28278,Mileage:5641060,"Date:""2026-04-21T19:38:13Z""",IopIgnition:true,Latitude:4.717043399810791,Longitude:-74.117584228515625,Altitude:2569.89990234375,ExternalPowerVoltage:28.1,Rpm:-999,Speed:34.0,SatelliteNumber:16,Azimuth:323,BatteryLevel:100}]
"[{""Protocol"":""0x2525""","MessageType:""LocationInfoMessage""",ProtocolHeadType:19,"Imei:""869487064485674""",SerialNo:28279,Mileage:5641730,"Date:""2026-04-21T19:39:13Z""",IopIgnition:true,Latitude:4.7219486236572266,Longitude:-74.121078491210938,Altitude:2569.89990234375,ExternalPowerVoltage:28.13,Rpm:-999,Speed:45.0,SatelliteNumber:15,Azimuth:319,BatteryLevel:100}]
"[{""Protocol"":""0x2525""","MessageType:""LocationInfoMessage""",ProtocolHeadType:19,"Imei:""869487064485674""",SerialNo:28280,Mileage:5642306,"Date:""2026-04-21T19:40:13Z""",IopIgnition:true,Latitude:4.7259197235107422,Longitude:-74.124404907226563,Altitude:2573.39990234375,ExternalPowerVoltage:27.88,Rpm:-999,Speed:0.0,SatelliteNumber:11,Azimuth:319,BatteryLevel:100}]
"[{""Protocol"":""0x2525""","MessageType:""LocationInfoMessage""",ProtocolHeadType:19,"Imei:""869487064485674""",SerialNo:28281,Mileage:5642530,"Date:""2026-04-21T19:41:13Z""",IopIgnition:true,Latitude:4.7276263236999512,Longitude:-74.125289916992188,Altitude:2573.0,ExternalPowerVoltage:28.2,Rpm:-999,Speed:22.0,SatelliteNumber:16,Azimuth:296,BatteryLevel:100}]
"[{""Protocol"":""0x2525""","MessageType:""LocationInfoMessage""",ProtocolHeadType:19,"Imei:""869487064485674""",SerialNo:28282,Mileage:5642550,"Date:""2026-04-21T19:41:17Z""",IopIgnition:true,Latitude:4.7277436256408691,Longitude:-74.12542724609375,Altitude:2572.39990234375,ExternalPowerVoltage:27.74,Rpm:-999,Speed:17.0,SatelliteNumber:16,Azimuth:351,BatteryLevel:100}]
"[{""Protocol"":""0x2525""","MessageType:""LocationInfoMessage""",ProtocolHeadType:19,"Imei:""869487064485674""",SerialNo:28283,Mileage:5642574,"Date:""2026-04-21T19:41:21Z""",IopIgnition:true,Latitude:4.7279362678527832,Longitude:-74.125350952148438,Altitude:2571.60009765625,ExternalPowerVoltage:28.18,Rpm:-999,Speed:26.0,SatelliteNumber:15,Azimuth:39,BatteryLevel:100}]
"[{""Protocol"":""0x2525""","MessageType:""LocationInfoMessage""",ProtocolHeadType:19,"Imei:""869487064485674""",SerialNo:28284,Mileage:5642777,"Date:""2026-04-21T19:41:39Z""",IopIgnition:true,Latitude:4.7296018600463867,Longitude:-74.124748229980469,Altitude:2571.39990234375,ExternalPowerVoltage:28.16,Rpm:-999,Speed:47.0,SatelliteNumber:16,Azimuth:349,BatteryLevel:100}]
"[{""Protocol"":""0x2525""","MessageType:""LocationInfoMessage""",ProtocolHeadType:19,"Imei:""869487064485674""",SerialNo:28285,Mileage:5643534,"Date:""2026-04-21T19:42:34Z""",IopIgnition:true,Latitude:4.7359657287597656,Longitude:-74.126846313476563,Altitude:2564.89990234375,ExternalPowerVoltage:28.06,Rpm:-999,Speed:39.0,SatelliteNumber:17,Azimuth:38,BatteryLevel:100}]
"[{""Protocol"":""0x2525""","MessageType:""LocationInfoMessage""",ProtocolHeadType:19,"Imei:""869487064485674""",SerialNo:28286,Mileage:5643692,"Date:""2026-04-21T19:42:48Z""",IopIgnition:true,Latitude:4.7370204925537109,Longitude:-74.125946044921875,Altitude:2568.5,ExternalPowerVoltage:28.02,Rpm:-999,Speed:28.0,SatelliteNumber:16,Azimuth:350,BatteryLevel:100}]
"[{""Protocol"":""0x2525""","MessageType:""LocationInfoMessage""",ProtocolHeadType:19,"Imei:""869487064485674""",SerialNo:28287,Mileage:5643836,"Date:""2026-04-21T19:43:02Z""",IopIgnition:true,Latitude:4.7382497787475586,Longitude:-74.1259536743164,Altitude:2570.10009765625,ExternalPowerVoltage:28.1,Rpm:-999,Speed:46.0,SatelliteNumber:17,Azimuth:35,BatteryLevel:100}]
"[{""Protocol"":""0x2525""","MessageType:""LocationInfoMessage""",ProtocolHeadType:19,"Imei:""869487064485674""",SerialNo:28288,Mileage:5644160,"Date:""2026-04-21T19:43:36Z""",IopIgnition:true,Latitude:4.7404146194458008,Longitude:-74.1241226196289,Altitude:2567.699951171875,ExternalPowerVoltage:28.16,Rpm:-999,Speed:34.0,SatelliteNumber:16,Azimuth:82,BatteryLevel:100}]
"[{""Protocol"":""0x2525""","MessageType:""LocationInfoMessage""",ProtocolHeadType:19,"Imei:""869487064485674""",SerialNo:28289,Mileage:5644425,"Date:""2026-04-21T19:44:18Z""",IopIgnition:true,Latitude:4.7411136627197266,Longitude:-74.12188720703125,Altitude:2568.5,ExternalPowerVoltage:28.12,Rpm:-999,Speed:10.0,SatelliteNumber:15,Azimuth:28,BatteryLevel:100}]
"[{""Protocol"":""0x2525""","MessageType:""LocationInfoMessage""",ProtocolHeadType:19,"Imei:""869487064485674""",SerialNo:28290,Mileage:5644433,"Date:""2026-04-21T19:44:20Z""",IopIgnition:true,Latitude:4.741180419921875,Longitude:-74.121894836425781,Altitude:2567.89990234375,ExternalPowerVoltage:28.11,Rpm:-999,Speed:15.0,SatelliteNumber:16,Azimuth:341,BatteryLevel:100}]
"[{""Protocol"":""0x2525""","MessageType:""LocationInfoMessage""",ProtocolHeadType:19,"Imei:""869487064485674""",SerialNo:28291,Mileage:5644667,"Date:""2026-04-21T19:46:13Z""",IopIgnition:true,Latitude:4.7431168556213379,Longitude:-74.1227035522461,Altitude:2563.5,ExternalPowerVoltage:28.08,Rpm:-999,Speed:0.0,SatelliteNumber:17,Azimuth:339,BatteryLevel:100}]
"[{""Protocol"":""0x2525""","MessageType:""LocationInfoMessage""",ProtocolHeadType:19,"Imei:""869487064485674""",SerialNo:28292,Mileage:5644677,"Date:""2026-04-21T19:46:17Z""",IopIgnition:true,Latitude:4.743201732635498,Longitude:-74.1226577758789,Altitude:2565.89990234375,ExternalPowerVoltage:27.8,Rpm:-999,Speed:5.0,SatelliteNumber:17,Azimuth:44,BatteryLevel:100}]
"[{""Protocol"":""0x2525""","MessageType:""LocationInfoMessage""",ProtocolHeadType:19,"Imei:""869487064485674""",SerialNo:28293,Mileage:5645038,"Date:""2026-04-21T19:48:13Z""",IopIgnition:true,Latitude:4.7443637847900391,Longitude:-74.119636535644531,Altitude:2565.89990234375,ExternalPowerVoltage:28.19,Rpm:-999,Speed:19.0,SatelliteNumber:16,Azimuth:71,BatteryLevel:100}]
"[{""Protocol"":""0x2525""","MessageType:""LocationInfoMessage""",ProtocolHeadType:19,"Imei:""869487064485674""",SerialNo:28294,Mileage:5645232,"Date:""2026-04-21T19:49:03Z""",IopIgnition:true,Latitude:4.7451715469360352,Longitude:-74.118125915527344,Altitude:2566.5,ExternalPowerVoltage:27.73,Rpm:-999,Speed:7.0,SatelliteNumber:17,Azimuth:351,BatteryLevel:100}]
"[{""Protocol"":""0x2525""","MessageType:""LocationInfoMessage""",ProtocolHeadType:19,"Imei:""869487064485674""",SerialNo:28295,Mileage:5645375,"Date:""2026-04-21T19:49:34Z""",IopIgnition:true,Latitude:4.7463679313659668,Longitude:-74.118598937988281,Altitude:2567.39990234375,ExternalPowerVoltage:27.4,Rpm:-999,Speed:8.0,SatelliteNumber:16,Azimuth:292,BatteryLevel:100}]
"[{""Protocol"":""0x2525""","MessageType:""LocationInfoMessage""",ProtocolHeadType:19,"Imei:""869487064485674""",SerialNo:28296,Mileage:5645486,"Date:""2026-04-21T19:50:02Z""",IopIgnition:true,Latitude:4.7461423873901367,Longitude:-74.119560241699219,Altitude:2566.39990234375,ExternalPowerVoltage:28.12,Rpm:-999,Speed:23.0,SatelliteNumber:18,Azimuth:245,BatteryLevel:100}]
"[{""Protocol"":""0x2525""","MessageType:""LocationInfoMessage""",ProtocolHeadType:19,"Imei:""869487064485674""",SerialNo:28297,Mileage:5645652,"Date:""2026-04-21T19:50:29Z""",IopIgnition:true,Latitude:4.7456588745117188,Longitude:-74.1209716796875,Altitude:2560.39990234375,ExternalPowerVoltage:27.54,Rpm:-999,Speed:5.0,SatelliteNumber:17,Azimuth:305,BatteryLevel:100}]
"[{""Protocol"":""0x2525""","MessageType:""LocationInfoMessage""",ProtocolHeadType:19,"Imei:""869487064485674""",SerialNo:28298,Mileage:5645726,"Date:""2026-04-21T19:50:45Z""",IopIgnition:true,Latitude:4.7462663650512695,Longitude:-74.121231079101563,Altitude:2565.0,ExternalPowerVoltage:27.81,Rpm:-999,Speed:7.0,SatelliteNumber:16,Azimuth:4,BatteryLevel:100}]
"[{""Protocol"":""0x2525""","MessageType:""LocationInfoMessage""",ProtocolHeadType:19,"Imei:""869487064485674""",SerialNo:28299,Mileage:5645733,"Date:""2026-04-21T19:50:52Z""",IopIgnition:true,Latitude:4.7463011741638184,Longitude:-74.121284484863281,Altitude:2568.300048828125,ExternalPowerVoltage:28.11,Rpm:-999,Speed:10.0,SatelliteNumber:15,Azimuth:268,BatteryLevel:100}]
"[{""Protocol"":""0x2525""","MessageType:""LocationInfoMessage""",ProtocolHeadType:19,"Imei:""869487064485674""",SerialNo:28300,Mileage:5646181,"Date:""2026-04-21T19:52:13Z""",IopIgnition:true,Latitude:4.7450089454650879,Longitude:-74.1250991821289,Altitude:2568.39990234375,ExternalPowerVoltage:28.12,Rpm:-999,Speed:15.0,SatelliteNumber:17,Azimuth:254,BatteryLevel:100}]
"[{""Protocol"":""0x2525""","MessageType:""LocationInfoMessage""",ProtocolHeadType:19,"Imei:""869487064485674""",SerialNo:28301,Mileage:5646362,"Date:""2026-04-21T19:53:13Z""",IopIgnition:true,Latitude:4.7445063591003418,Longitude:-74.126640319824219,Altitude:2571.0,ExternalPowerVoltage:28.13,Rpm:-999,Speed:19.0,SatelliteNumber:16,Azimuth:248,BatteryLevel:100}]
"[{""Protocol"":""0x2525""","MessageType:""LocationInfoMessage""",ProtocolHeadType:19,"Imei:""869487064485674""",SerialNo:28302,Mileage:5646603,"Date:""2026-04-21T19:54:13Z""",IopIgnition:true,Latitude:4.74446439743042,Longitude:-74.128707885742188,Altitude:2566.5,ExternalPowerVoltage:28.23,Rpm:-999,Speed:5.0,SatelliteNumber:17,Azimuth:221,BatteryLevel:100}]
"[{""Protocol"":""0x2525""","MessageType:""LocationInfoMessage""",ProtocolHeadType:19,"Imei:""869487064485674""",SerialNo:28303,Mileage:5646865,"Date:""2026-04-21T19:55:13Z""",IopIgnition:true,Latitude:4.7423429489135742,Longitude:-74.129447937011719,Altitude:2575.89990234375,ExternalPowerVoltage:28.42,Rpm:-999,Speed:22.0,SatelliteNumber:16,Azimuth:253,BatteryLevel:100}]
"[{""Protocol"":""0x2525""","MessageType:""LocationInfoMessage""",ProtocolHeadType:19,"Imei:""869487064485674""",SerialNo:28304,Mileage:5646996,"Date:""2026-04-21T19:55:33Z""",IopIgnition:true,Latitude:4.7420110702514648,Longitude:-74.130569458007813,Altitude:2571.89990234375,ExternalPowerVoltage:28.03,Rpm:-999,Speed:8.0,SatelliteNumber:16,Azimuth:193,BatteryLevel:100}]
"[{""Protocol"":""0x2525""","MessageType:""LocationInfoMessage""",ProtocolHeadType:19,"Imei:""869487064485674""",SerialNo:28305,Mileage:5647007,"Date:""2026-04-21T19:55:36Z""",IopIgnition:true,Latitude:4.7419180870056152,Longitude:-74.13055419921875,Altitude:2572.5,ExternalPowerVoltage:28.43,Rpm:-999,Speed:13.0,SatelliteNumber:16,Azimuth:144,BatteryLevel:100}]
"[{""Protocol"":""0x2525""","MessageType:""LocationInfoMessage""",ProtocolHeadType:19,"Imei:""869487064485674""",SerialNo:28306,Mileage:5647215,"Date:""2026-04-21T19:56:07Z""",IopIgnition:true,Latitude:4.7402410507202148,Longitude:-74.1297607421875,Altitude:2577.5,ExternalPowerVoltage:28.08,Rpm:-999,Speed:6.0,SatelliteNumber:16,Azimuth:95,BatteryLevel:100}]
"[{""Protocol"":""0x2525""","MessageType:""LocationInfoMessage""",ProtocolHeadType:19,"Imei:""869487064485674""",SerialNo:28307,Mileage:5647293,"Date:""2026-04-21T19:57:13Z""",IopIgnition:true,Latitude:4.7404670715332031,Longitude:-74.129096984863281,Altitude:2574.199951171875,ExternalPowerVoltage:25.06,Rpm:-999,Speed:0.0,SatelliteNumber:14,Azimuth:66,BatteryLevel:100}]
"[{""Protocol"":""0x2525""","MessageType:""LocationInfoMessage""",ProtocolHeadType:19,"Imei:""869487064485674""",SerialNo:28308,Mileage:5647293,"Date:""2026-04-21T19:58:13Z""",IopIgnition:true,Latitude:4.7404670715332031,Longitude:-74.129096984863281,Altitude:2574.199951171875,ExternalPowerVoltage:25.07,Rpm:-999,Speed:0.0,SatelliteNumber:15,Azimuth:66,BatteryLevel:100}]
"[{""Protocol"":""0x2525""","MessageType:""LocationInfoMessage""",ProtocolHeadType:19,"Imei:""869487064485674""",SerialNo:28309,Mileage:5647402,"Date:""2026-04-21T19:59:12Z""",IopIgnition:true,Latitude:4.740809440612793,Longitude:-74.128181457519531,Altitude:2572.699951171875,ExternalPowerVoltage:27.83,Rpm:-999,Speed:29.0,SatelliteNumber:16,Azimuth:69,BatteryLevel:100}]
"[{""Protocol"":""0x2525""","MessageType:""LocationInfoMessage""",ProtocolHeadType:19,"Imei:""869487064485674""",SerialNo:28310,Mileage:5647815,"Date:""2026-04-21T20:00:13Z""",IopIgnition:true,Latitude:4.7422609329223633,Longitude:-74.124763488769531,Altitude:2567.300048828125,ExternalPowerVoltage:27.93,Rpm:-999,Speed:15.0,SatelliteNumber:16,Azimuth:73,BatteryLevel:100}]
"[{""Protocol"":""0x2525""","MessageType:""LocationInfoMessage""",ProtocolHeadType:19,"Imei:""869487064485674""",SerialNo:28311,Mileage:5647849,"Date:""2026-04-21T20:00:24Z""",IopIgnition:true,Latitude:4.7423543930053711,Longitude:-74.124481201171875,Altitude:2567.699951171875,ExternalPowerVoltage:26.39,Rpm:-999,Speed:10.0,SatelliteNumber:17,Azimuth:134,BatteryLevel:100}]
"[{""Protocol"":""0x2525""","MessageType:""LocationInfoMessage""",ProtocolHeadType:19,"Imei:""869487064485674""",SerialNo:28312,Mileage:5648064,"Date:""2026-04-21T20:01:26Z""",IopIgnition:true,Latitude:4.7405867576599121,Longitude:-74.123733520507813,Altitude:2565.60009765625,ExternalPowerVoltage:27.83,Rpm:-999,Speed:11.0,SatelliteNumber:16,Azimuth:183,BatteryLevel:100}]
"[{""Protocol"":""0x2525""","MessageType:""LocationInfoMessage""",ProtocolHeadType:19,"Imei:""869487064485674""",SerialNo:28313,Mileage:5648080,"Date:""2026-04-21T20:01:30Z""",IopIgnition:true,Latitude:4.74048376083374,Longitude:-74.123825073242188,Altitude:2566.5,ExternalPowerVoltage:28.15,Rpm:-999,Speed:15.0,SatelliteNumber:17,Azimuth:246,BatteryLevel:100}]
"[{""Protocol"":""0x2525""","MessageType:""LocationInfoMessage""",ProtocolHeadType:19,"Imei:""869487064485674""",SerialNo:28314,Mileage:5648477,"Date:""2026-04-21T20:02:21Z""",IopIgnition:true,Latitude:4.7379918098449707,Longitude:-74.126136779785156,Altitude:2571.199951171875,ExternalPowerVoltage:28.26,Rpm:-999,Speed:28.0,SatelliteNumber:16,Azimuth:199,BatteryLevel:100}]
"[{""Protocol"":""0x2525""","MessageType:""LocationInfoMessage""",ProtocolHeadType:19,"Imei:""869487064485674""",SerialNo:28315,Mileage:5649360,"Date:""2026-04-21T20:04:13Z""",IopIgnition:true,Latitude:4.73079252243042,Longitude:-74.125244140625,Altitude:2574.300048828125,ExternalPowerVoltage:28.38,Rpm:-999,Speed:32.0,SatelliteNumber:16,Azimuth:159,BatteryLevel:100}]
"[{""Protocol"":""0x2525""","MessageType:""LocationInfoMessage""",ProtocolHeadType:19,"Imei:""869487064485674""",SerialNo:28316,Mileage:5649614,"Date:""2026-04-21T20:04:45Z""",IopIgnition:true,Latitude:4.7286200523376465,Longitude:-74.124954223632813,Altitude:2571.39990234375,ExternalPowerVoltage:28.27,Rpm:-999,Speed:32.0,SatelliteNumber:16,Azimuth:205,BatteryLevel:100}]
"[{""Protocol"":""0x2525""","MessageType:""LocationInfoMessage""",ProtocolHeadType:19,"Imei:""869487064485674""",SerialNo:28317,Mileage:5649819,"Date:""2026-04-21T20:05:20Z""",IopIgnition:true,Latitude:4.727109432220459,Longitude:-74.125869750976563,Altitude:2571.39990234375,ExternalPowerVoltage:28.43,Rpm:-999,Speed:29.0,SatelliteNumber:16,Azimuth:156,BatteryLevel:100}]
"[{""Protocol"":""0x2525""","MessageType:""LocationInfoMessage""",ProtocolHeadType:19,"Imei:""869487064485674""",SerialNo:28318,Mileage:5650293,"Date:""2026-04-21T20:07:13Z""",IopIgnition:true,Latitude:4.7238674163818359,Longitude:-74.123100280761719,Altitude:2566.5,ExternalPowerVoltage:27.96,Rpm:-999,Speed:0.0,SatelliteNumber:14,Azimuth:134,BatteryLevel:100}]
"[{""Protocol"":""0x2525""","MessageType:""LocationInfoMessage""",ProtocolHeadType:19,"Imei:""869487064485674""",SerialNo:28319,Mileage:5650568,"Date:""2026-04-21T20:08:12Z""",IopIgnition:true,Latitude:4.7219781875610352,Longitude:-74.121513366699219,Altitude:2571.199951171875,ExternalPowerVoltage:27.83,Rpm:-999,Speed:0.0,SatelliteNumber:15,Azimuth:141,BatteryLevel:100}]
"[{""Protocol"":""0x2525""","MessageType:""LocationInfoMessage""",ProtocolHeadType:19,"Imei:""869487064485674""",SerialNo:28320,Mileage:5650980,"Date:""2026-04-21T20:09:13Z""",IopIgnition:true,Latitude:4.71895170211792,Longitude:-74.119377136230469,Altitude:2572.300048828125,ExternalPowerVoltage:28.17,Rpm:-999,Speed:73.0,SatelliteNumber:16,Azimuth:146,BatteryLevel:100}]
"[{""Protocol"":""0x2525""","MessageType:""LocationInfoMessage""",ProtocolHeadType:19,"Imei:""869487064485674""",SerialNo:28321,Mileage:5651429,"Date:""2026-04-21T20:10:13Z""",IopIgnition:true,Latitude:4.7156734466552734,Longitude:-74.117019653320313,Altitude:2572.800048828125,ExternalPowerVoltage:28.12,Rpm:-999,Speed:28.0,SatelliteNumber:16,Azimuth:145,BatteryLevel:100}]
"[{""Protocol"":""0x2525""","MessageType:""LocationInfoMessage""",ProtocolHeadType:19,"Imei:""869487064485674""",SerialNo:28322,Mileage:5651672,"Date:""2026-04-21T20:11:13Z""",IopIgnition:true,Latitude:4.7138876914978027,Longitude:-74.115760803222656,Altitude:2572.699951171875,ExternalPowerVoltage:27.93,Rpm:-999,Speed:0.0,SatelliteNumber:15,Azimuth:140,BatteryLevel:100}]
"[{""Protocol"":""0x2525""","MessageType:""LocationInfoMessage""",ProtocolHeadType:19,"Imei:""869487064485674""",SerialNo:28323,Mileage:5652139,"Date:""2026-04-21T20:12:13Z""",IopIgnition:true,Latitude:4.7106504440307617,Longitude:-74.113105773925781,Altitude:2573.699951171875,ExternalPowerVoltage:28.12,Rpm:-999,Speed:36.0,SatelliteNumber:17,Azimuth:133,BatteryLevel:100}]
"[{""Protocol"":""0x2525""","MessageType:""LocationInfoMessage""",ProtocolHeadType:19,"Imei:""869487064485674""",SerialNo:28324,Mileage:5652435,"Date:""2026-04-21T20:13:13Z""",IopIgnition:true,Latitude:4.7088217735290527,Longitude:-74.111175537109375,Altitude:2577.0,ExternalPowerVoltage:28.12,Rpm:-999,Speed:46.0,SatelliteNumber:16,Azimuth:132,BatteryLevel:100}]
"[{""Protocol"":""0x2525""","MessageType:""LocationInfoMessage""",ProtocolHeadType:19,"Imei:""869487064485674""",SerialNo:28325,Mileage:5652666,"Date:""2026-04-21T20:14:12Z""",IopIgnition:true,Latitude:4.7073802947998047,Longitude:-74.109672546386719,Altitude:2572.60009765625,ExternalPowerVoltage:27.9,Rpm:-999,Speed:0.0,SatelliteNumber:15,Azimuth:129,BatteryLevel:100}]
"[{""Protocol"":""0x2525""","MessageType:""LocationInfoMessage""",ProtocolHeadType:19,"Imei:""869487064485674""",SerialNo:28326,Mileage:5652742,"Date:""2026-04-21T20:15:13Z""",IopIgnition:true,Latitude:4.7069253921508789,Longitude:-74.109161376953125,Altitude:2570.60009765625,ExternalPowerVoltage:27.78,Rpm:-999,Speed:0.0,SatelliteNumber:15,Azimuth:125,BatteryLevel:100}]
"[{""Protocol"":""0x2525""","MessageType:""LocationInfoMessage""",ProtocolHeadType:19,"Imei:""869487064485674""",SerialNo:28327,Mileage:5653091,"Date:""2026-04-21T20:16:13Z""",IopIgnition:true,Latitude:4.7053775787353516,Longitude:-74.106437683105469,Altitude:2570.89990234375,ExternalPowerVoltage:28.11,Rpm:-999,Speed:35.0,SatelliteNumber:16,Azimuth:116,BatteryLevel:100}]
"[{""Protocol"":""0x2525""","MessageType:""LocationInfoMessage""",ProtocolHeadType:19,"Imei:""869487064485674""",SerialNo:28328,Mileage:5653634,"Date:""2026-04-21T20:17:13Z""",IopIgnition:true,Latitude:4.7033615112304688,Longitude:-74.101982116699219,Altitude:2576.89990234375,ExternalPowerVoltage:28.11,Rpm:-999,Speed:34.0,SatelliteNumber:15,Azimuth:114,BatteryLevel:100}]
"[{""Protocol"":""0x2525""","MessageType:""LocationInfoMessage""",ProtocolHeadType:19,"Imei:""869487064485674""",SerialNo:28329,Mileage:5654123,"Date:""2026-04-21T20:18:13Z""",IopIgnition:true,Latitude:4.70081901550293,Longitude:-74.0984115600586,Altitude:2574.89990234375,ExternalPowerVoltage:27.44,Rpm:-999,Speed:0.0,SatelliteNumber:14,Azimuth:126,BatteryLevel:100}]
"[{""Protocol"":""0x2525""","MessageType:""LocationInfoMessage""",ProtocolHeadType:19,"Imei:""869487064485674""",SerialNo:28330,Mileage:5654627,"Date:""2026-04-21T20:19:13Z""",IopIgnition:true,Latitude:4.6982111930847168,Longitude:-74.094711303710938,Altitude:2572.800048828125,ExternalPowerVoltage:28.21,Rpm:-999,Speed:30.0,SatelliteNumber:14,Azimuth:119,BatteryLevel:100}]
"[{""Protocol"":""0x2525""","MessageType:""LocationInfoMessage""",ProtocolHeadType:19,"Imei:""869487064485674""",SerialNo:28331,Mileage:5654757,"Date:""2026-04-21T20:20:12Z""",IopIgnition:true,Latitude:4.6976203918457031,Longitude:-74.093704223632813,Altitude:2572.39990234375,ExternalPowerVoltage:27.88,Rpm:-999,Speed:0.0,SatelliteNumber:9,Azimuth:114,BatteryLevel:100}]
"[{""Protocol"":""0x2525""","MessageType:""LocationInfoMessage""",ProtocolHeadType:19,"Imei:""869487064485674""",SerialNo:28332,Mileage:5655280,"Date:""2026-04-21T20:21:13Z""",IopIgnition:true,Latitude:4.6955060958862305,Longitude:-74.0895004272461,Altitude:2579.0,ExternalPowerVoltage:28.11,Rpm:-999,Speed:39.0,SatelliteNumber:17,Azimuth:120,BatteryLevel:100}]
"[{""Protocol"":""0x2525""","MessageType:""LocationInfoMessage""",ProtocolHeadType:19,"Imei:""869487064485674""",SerialNo:28333,Mileage:5655530,"Date:""2026-04-21T20:21:41Z""",IopIgnition:true,Latitude:4.6941933631896973,Longitude:-74.087722778320313,Altitude:2573.39990234375,ExternalPowerVoltage:28.11,Rpm:-999,Speed:18.0,SatelliteNumber:17,Azimuth:180,BatteryLevel:100}]
"[{""Protocol"":""0x2525""","MessageType:""LocationInfoMessage""",ProtocolHeadType:19,"Imei:""869487064485674""",SerialNo:28334,Mileage:5655652,"Date:""2026-04-21T20:22:06Z""",IopIgnition:true,Latitude:4.6933579444885254,Longitude:-74.08843994140625,Altitude:2570.60009765625,ExternalPowerVoltage:27.95,Rpm:-999,Speed:6.0,SatelliteNumber:16,Azimuth:231,BatteryLevel:100}]
"[{""Protocol"":""0x2525""","MessageType:""LocationInfoMessage""",ProtocolHeadType:19,"Imei:""869487064485674""",SerialNo:28335,Mileage:5655707,"Date:""2026-04-21T20:22:18Z""",IopIgnition:true,Latitude:4.6930637359619141,Longitude:-74.088790893554688,Altitude:2572.199951171875,ExternalPowerVoltage:28.11,Rpm:-999,Speed:20.0,SatelliteNumber:17,Azimuth:293,BatteryLevel:100}]
"[{""Protocol"":""0x2525""","MessageType:""LocationInfoMessage""",ProtocolHeadType:19,"Imei:""869487064485674""",SerialNo:28336,Mileage:5655899,"Date:""2026-04-21T20:22:36Z""",IopIgnition:true,Latitude:4.6944479942321777,Longitude:-74.089805603027344,Altitude:2570.300048828125,ExternalPowerVoltage:28.13,Rpm:-999,Speed:34.0,SatelliteNumber:17,Azimuth:344,BatteryLevel:100}]
"[{""Protocol"":""0x2525""","MessageType:""LocationInfoMessage""",ProtocolHeadType:19,"Imei:""869487064485674""",SerialNo:28337,Mileage:5655940,"Date:""2026-04-21T20:22:43Z""",IopIgnition:true,Latitude:4.694800853729248,Longitude:-74.089767456054688,Altitude:2570.39990234375,ExternalPowerVoltage:27.88,Rpm:-999,Speed:10.0,SatelliteNumber:16,Azimuth:32,BatteryLevel:100}]
"[{""Protocol"":""0x2525""","MessageType:""LocationInfoMessage""",ProtocolHeadType:19,"Imei:""869487064485674""",SerialNo:28338,Mileage:5655980,"Date:""2026-04-21T20:22:55Z""",IopIgnition:true,Latitude:4.6949553489685059,Longitude:-74.089462280273438,Altitude:2573.300048828125,ExternalPowerVoltage:28.09,Rpm:-999,Speed:14.0,SatelliteNumber:17,Azimuth:80,BatteryLevel:100}]
"[{""Protocol"":""0x2525""","MessageType:""LocationInfoMessage""",ProtocolHeadType:19,"Imei:""869487064485674""",SerialNo:28339,Mileage:5656078,"Date:""2026-04-21T20:23:10Z""",IopIgnition:true,Latitude:4.6950902938842773,Longitude:-74.088592529296875,Altitude:2575.0,ExternalPowerVoltage:28.16,Rpm:-999,Speed:18.0,SatelliteNumber:16,Azimuth:14,BatteryLevel:100}]
"[{""Protocol"":""0x2525""","MessageType:""LocationInfoMessage""",ProtocolHeadType:19,"Imei:""869487064485674""",SerialNo:28340,Mileage:5656122,"Date:""2026-04-21T20:23:15Z""",IopIgnition:true,Latitude:4.6953845024108887,Longitude:-74.088340759277344,Altitude:2577.10009765625,ExternalPowerVoltage:28.14,Rpm:-999,Speed:27.0,SatelliteNumber:17,Azimuth:64,BatteryLevel:100}]
"[{""Protocol"":""0x2525""","MessageType:""LocationInfoMessage""",ProtocolHeadType:19,"Imei:""869487064485674""",SerialNo:28341,Mileage:5656402,"Date:""2026-04-21T20:24:59Z""",IopIgnition:true,Latitude:4.6961183547973633,Longitude:-74.085952758789063,Altitude:2571.5,ExternalPowerVoltage:28.2,Rpm:-999,Speed:8.0,SatelliteNumber:17,Azimuth:119,BatteryLevel:100}]
"[{""Protocol"":""0x2525""","MessageType:""LocationInfoMessage""",ProtocolHeadType:19,"Imei:""869487064485674""",SerialNo:28342,Mileage:5656420,"Date:""2026-04-21T20:25:03Z""",IopIgnition:true,Latitude:4.6959991455078125,Longitude:-74.085853576660156,Altitude:2571.60009765625,ExternalPowerVoltage:28.17,Rpm:-999,Speed:16.0,SatelliteNumber:17,Azimuth:166,BatteryLevel:100}]
"[{""Protocol"":""0x2525""","MessageType:""LocationInfoMessage""",ProtocolHeadType:19,"Imei:""869487064485674""",SerialNo:28343,Mileage:5656568,"Date:""2026-04-21T20:26:13Z""",IopIgnition:true,Latitude:4.6947898864746094,Longitude:-74.085334777832031,Altitude:2573.5,ExternalPowerVoltage:27.97,Rpm:-999,Speed:0.0,SatelliteNumber:15,Azimuth:140,BatteryLevel:100}]
"[{""Protocol"":""0x2525""","MessageType:""LocationInfoMessage""",ProtocolHeadType:19,"Imei:""869487064485674""",SerialNo:28344,Mileage:5656921,"Date:""2026-04-21T20:27:12Z""",IopIgnition:true,Latitude:4.6927480697631836,Longitude:-74.082962036132813,Altitude:2572.60009765625,ExternalPowerVoltage:28.06,Rpm:-999,Speed:9.0,SatelliteNumber:17,Azimuth:153,BatteryLevel:100}]
"[{""Protocol"":""0x2525""","MessageType:""LocationInfoMessage""",ProtocolHeadType:19,"Imei:""869487064485674""",SerialNo:28345,Mileage:5657197,"Date:""2026-04-21T20:28:05Z""",IopIgnition:true,Latitude:4.69063663482666,Longitude:-74.081695556640625,Altitude:2569.39990234375,ExternalPowerVoltage:28.17,Rpm:-999,Speed:28.0,SatelliteNumber:16,Azimuth:107,BatteryLevel:100}]
"[{""Protocol"":""0x2525""","MessageType:""LocationInfoMessage""",ProtocolHeadType:19,"Imei:""869487064485674""",SerialNo:28346,Mileage:5657328,"Date:""2026-04-21T20:28:51Z""",IopIgnition:true,Latitude:4.6906771659851074,Longitude:-74.080551147460938,Altitude:2566.89990234375,ExternalPowerVoltage:27.91,Rpm:-999,Speed:10.0,SatelliteNumber:17,Azimuth:160,BatteryLevel:100}]
"[{""Protocol"":""0x2525""","MessageType:""LocationInfoMessage""",ProtocolHeadType:19,"Imei:""869487064485674""",SerialNo:28347,Mileage:5657393,"Date:""2026-04-21T20:29:38Z""",IopIgnition:true,Latitude:4.6902809143066406,Longitude:-74.080215454101563,Altitude:2564.5,ExternalPowerVoltage:27.7,Rpm:-999,Speed:5.0,SatelliteNumber:17,Azimuth:56,BatteryLevel:100}]
"[{""Protocol"":""0x2525""","MessageType:""LocationInfoMessage""",ProtocolHeadType:19,"Imei:""869487064485674""",SerialNo:28348,Mileage:5657474,"Date:""2026-04-21T20:30:33Z""",IopIgnition:true,Latitude:4.6908211708068848,Longitude:-74.079803466796875,Altitude:2568.10009765625,ExternalPowerVoltage:28.07,Rpm:-999,Speed:12.0,SatelliteNumber:17,Azimuth:120,BatteryLevel:100}]
"[{""Protocol"":""0x2525""","MessageType:""LocationInfoMessage""",ProtocolHeadType:19,"Imei:""869487064485674""",SerialNo:28349,Mileage:5657927,"Date:""2026-04-21T20:32:13Z""",IopIgnition:true,Latitude:4.68751859664917,Longitude:-74.077430725097656,Altitude:2575.300048828125,ExternalPowerVoltage:27.96,Rpm:-999,Speed:0.0,SatelliteNumber:14,Azimuth:145,BatteryLevel:100}]
"[{""Protocol"":""0x2525""","MessageType:""LocationInfoMessage""",ProtocolHeadType:19,"Imei:""869487064485674""",SerialNo:28350,Mileage:5657927,"Date:""2026-04-21T20:33:12Z""",IopIgnition:true,Latitude:4.68751859664917,Longitude:-74.077430725097656,Altitude:2575.300048828125,ExternalPowerVoltage:25.4,Rpm:-999,Speed:0.0,SatelliteNumber:15,Azimuth:145,BatteryLevel:100}]
"[{""Protocol"":""0x2525""","MessageType:""LocationInfoMessage""",ProtocolHeadType:19,"Imei:""869487064485674""",SerialNo:28351,Mileage:5657927,"Date:""2026-04-21T20:34:13Z""",IopIgnition:true,Latitude:4.68751859664917,Longitude:-74.077430725097656,Altitude:2575.300048828125,ExternalPowerVoltage:25.38,Rpm:-999,Speed:0.0,SatelliteNumber:15,Azimuth:145,BatteryLevel:100}]
"[{""Protocol"":""0x2525""","MessageType:""LocationInfoMessage""",ProtocolHeadType:19,"Imei:""869487064485674""",SerialNo:28352,Mileage:5657927,"Date:""2026-04-21T20:35:13Z""",IopIgnition:true,Latitude:4.68751859664917,Longitude:-74.077430725097656,Altitude:2575.300048828125,ExternalPowerVoltage:25.45,Rpm:-999,Speed:0.0,SatelliteNumber:15,Azimuth:145,BatteryLevel:100}]
"[{""Protocol"":""0x2525""","MessageType:""LocationInfoMessage""",ProtocolHeadType:19,"Imei:""869487064485674""",SerialNo:28353,Mileage:5657943,"Date:""2026-04-21T20:35:30Z""",IopIgnition:true,Latitude:4.6874332427978516,Longitude:-74.077316284179688,Altitude:2576.5,ExternalPowerVoltage:26.88,Rpm:-999,Speed:7.0,SatelliteNumber:15,Azimuth:76,BatteryLevel:100}]
"[{""Protocol"":""0x2525""","MessageType:""LocationInfoMessage""",ProtocolHeadType:19,"Imei:""869487064485674""",SerialNo:28354,Mileage:5657951,"Date:""2026-04-21T20:35:34Z""",IopIgnition:true,Latitude:4.6874713897705078,Longitude:-74.077255249023438,Altitude:2577.5,ExternalPowerVoltage:26.09,Rpm:-999,Speed:6.0,SatelliteNumber:13,Azimuth:1,BatteryLevel:100}]
"[{""Protocol"":""0x2525""","MessageType:""LocationInfoMessage""",ProtocolHeadType:19,"Imei:""869487064485674""",SerialNo:28355,Mileage:5657951,"Date:""2026-04-21T20:37:13Z""",IopIgnition:true,Latitude:4.6874713897705078,Longitude:-74.077255249023438,Altitude:2577.5,ExternalPowerVoltage:27.97,Rpm:-999,Speed:0.0,SatelliteNumber:15,Azimuth:1,BatteryLevel:100}]
"[{""Protocol"":""0x2525""","MessageType:""LocationInfoMessage""",ProtocolHeadType:19,"Imei:""869487064485674""",SerialNo:28356,Mileage:5657951,"Date:""2026-04-21T20:38:13Z""",IopIgnition:true,Latitude:4.6874713897705078,Longitude:-74.077255249023438,Altitude:2577.5,ExternalPowerVoltage:27.97,Rpm:-999,Speed:0.0,SatelliteNumber:13,Azimuth:1,BatteryLevel:100}]
"[{""Protocol"":""0x2525""","MessageType:""LocationAlarmMessage""",ProtocolHeadType:20,"Imei:""869487064485674""",SerialNo:1067,Mileage:5657951,"Date:""2026-04-21T20:38:41Z""",IopIgnition:false,Latitude:4.6874713897705078,Longitude:-74.077255249023438,Altitude:2577.5,ExternalPowerVoltage:27.78,Rpm:-999,Speed:0.0,SatelliteNumber:15,Azimuth:1,OriginalAlarmCode:23}]
"[{""Protocol"":""0x2525""","MessageType:""LocationAlarmMessage""",ProtocolHeadType:20,"Imei:""869487064485674""",SerialNo:1068,Mileage:5657951,"Date:""2026-04-21T20:47:22Z""",IopIgnition:true,Latitude:4.6874713897705078,Longitude:-74.077255249023438,Altitude:2577.5,ExternalPowerVoltage:25.38,Rpm:-999,Speed:0.0,SatelliteNumber:15,Azimuth:1,OriginalAlarmCode:22}]
"[{""Protocol"":""0x2525""","MessageType:""LocationInfoMessage""",ProtocolHeadType:19,"Imei:""869487064485674""",SerialNo:28357,Mileage:5657956,"Date:""2026-04-21T20:47:41Z""",IopIgnition:true,Latitude:4.6874485015869141,Longitude:-74.077285766601563,Altitude:2575.5,ExternalPowerVoltage:28.17,Rpm:-999,Speed:8.0,SatelliteNumber:15,Azimuth:58,BatteryLevel:100}]
"[{""Protocol"":""0x2525""","MessageType:""LocationInfoMessage""",ProtocolHeadType:19,"Imei:""869487064485674""",SerialNo:28358,Mileage:5657973,"Date:""2026-04-21T20:49:23Z""",IopIgnition:true,Latitude:4.6875443458557129,Longitude:-74.077163696289063,Altitude:2576.300048828125,ExternalPowerVoltage:27.93,Rpm:-999,Speed:0.0,SatelliteNumber:14,Azimuth:49,BatteryLevel:100}]
"[{""Protocol"":""0x2525""","MessageType:""LocationInfoMessage""",ProtocolHeadType:19,"Imei:""869487064485674""",SerialNo:28359,Mileage:5657973,"Date:""2026-04-21T20:50:23Z""",IopIgnition:true,Latitude:4.6875443458557129,Longitude:-74.077163696289063,Altitude:2576.300048828125,ExternalPowerVoltage:28.05,Rpm:-999,Speed:0.0,SatelliteNumber:14,Azimuth:49,BatteryLevel:100}]
"[{""Protocol"":""0x2525""","MessageType:""LocationInfoMessage""",ProtocolHeadType:19,"Imei:""869487064485674""",SerialNo:28360,Mileage:5657973,"Date:""2026-04-21T20:51:23Z""",IopIgnition:true,Latitude:4.6875443458557129,Longitude:-74.077163696289063,Altitude:2576.300048828125,ExternalPowerVoltage:27.97,Rpm:-999,Speed:0.0,SatelliteNumber:13,Azimuth:49,BatteryLevel:100}]
"[{""Protocol"":""0x2525""","MessageType:""LocationInfoMessage""",ProtocolHeadType:19,"Imei:""869487064485674""",SerialNo:28361,Mileage:5657973,"Date:""2026-04-21T20:52:23Z""",IopIgnition:true,Latitude:4.6875443458557129,Longitude:-74.077163696289063,Altitude:2576.300048828125,ExternalPowerVoltage:27.93,Rpm:-999,Speed:0.0,SatelliteNumber:14,Azimuth:49,BatteryLevel:100}]
"[{""Protocol"":""0x2525""","MessageType:""LocationInfoMessage""",ProtocolHeadType:19,"Imei:""869487064485674""",SerialNo:28362,Mileage:5657973,"Date:""2026-04-21T20:53:23Z""",IopIgnition:true,Latitude:4.6875443458557129,Longitude:-74.077163696289063,Altitude:2576.300048828125,ExternalPowerVoltage:27.58,Rpm:-999,Speed:0.0,SatelliteNumber:15,Azimuth:49,BatteryLevel:100}]
"[{""Protocol"":""0x2525""","MessageType:""LocationInfoMessage""",ProtocolHeadType:19,"Imei:""869487064485674""",SerialNo:28363,Mileage:5657994,"Date:""2026-04-21T20:53:33Z""",IopIgnition:true,Latitude:4.6876945495605469,Longitude:-74.077064514160156,Altitude:2574.800048828125,ExternalPowerVoltage:28.17,Rpm:-999,Speed:14.0,SatelliteNumber:17,Azimuth:344,BatteryLevel:100}]
"[{""Protocol"":""0x2525""","MessageType:""LocationInfoMessage""",ProtocolHeadType:19,"Imei:""869487064485674""",SerialNo:28364,Mileage:5658478,"Date:""2026-04-21T20:54:58Z""",IopIgnition:true,Latitude:4.6912240982055664,Longitude:-74.079391479492188,Altitude:2571.199951171875,ExternalPowerVoltage:28.16,Rpm:-999,Speed:19.0,SatelliteNumber:17,Azimuth:54,BatteryLevel:100}]
"[{""Protocol"":""0x2525""","MessageType:""LocationInfoMessage""",ProtocolHeadType:19,"Imei:""869487064485674""",SerialNo:28365,Mileage:5658883,"Date:""2026-04-21T20:56:23Z""",IopIgnition:true,Latitude:4.6933135986328125,Longitude:-74.076408386230469,Altitude:2576.199951171875,ExternalPowerVoltage:28.15,Rpm:-999,Speed:21.0,SatelliteNumber:15,Azimuth:55,BatteryLevel:100}]
"[{""Protocol"":""0x2525""","MessageType:""LocationInfoMessage""",ProtocolHeadType:19,"Imei:""869487064485674""",SerialNo:28366,Mileage:5659262,"Date:""2026-04-21T20:57:23Z""",IopIgnition:true,Latitude:4.6953511238098145,Longitude:-74.073661804199219,Altitude:2574.0,ExternalPowerVoltage:27.86,Rpm:-999,Speed:11.0,SatelliteNumber:15,Azimuth:53,BatteryLevel:100}]
"[{""Protocol"":""0x2525""","MessageType:""LocationInfoMessage""",ProtocolHeadType:19,"Imei:""869487064485674""",SerialNo:28367,Mileage:5659433,"Date:""2026-04-21T20:58:23Z""",IopIgnition:true,Latitude:4.6962618827819824,Longitude:-74.072425842285156,Altitude:2575.699951171875,ExternalPowerVoltage:28.47,Rpm:-999,Speed:28.0,SatelliteNumber:16,Azimuth:59,BatteryLevel:100}]
"[{""Protocol"":""0x2525""","MessageType:""LocationInfoMessage""",ProtocolHeadType:19,"Imei:""869487064485674""",SerialNo:28368,Mileage:5659793,"Date:""2026-04-21T20:59:23Z""",IopIgnition:true,Latitude:4.6981854438781738,Longitude:-74.069816589355469,Altitude:2576.800048828125,ExternalPowerVoltage:28.43,Rpm:-999,Speed:23.0,SatelliteNumber:16,Azimuth:53,BatteryLevel:100}]
"[{""Protocol"":""0x2525""","MessageType:""LocationInfoMessage""",ProtocolHeadType:19,"Imei:""869487064485674""",SerialNo:28369,Mileage:5659850,"Date:""2026-04-21T20:59:34Z""",IopIgnition:true,Latitude:4.6985363960266113,Longitude:-74.0694580078125,Altitude:2575.699951171875,ExternalPowerVoltage:27.46,Rpm:-999,Speed:14.0,SatelliteNumber:16,Azimuth:0,BatteryLevel:100}]
"[{""Protocol"":""0x2525""","MessageType:""LocationInfoMessage""",ProtocolHeadType:19,"Imei:""869487064485674""",SerialNo:28370,Mileage:5660723,"Date:""2026-04-21T21:01:23Z""",IopIgnition:true,Latitude:4.7061829566955566,Longitude:-74.0709228515625,Altitude:2575.0,ExternalPowerVoltage:28.12,Rpm:-999,Speed:22.0,SatelliteNumber:15,Azimuth:345,BatteryLevel:100}]
"[{""Protocol"":""0x2525""","MessageType:""LocationInfoMessage""",ProtocolHeadType:19,"Imei:""869487064485674""",SerialNo:28371,Mileage:5660773,"Date:""2026-04-21T21:02:22Z""",IopIgnition:true,Latitude:4.7066140174865723,Longitude:-74.071029663085938,Altitude:2576.300048828125,ExternalPowerVoltage:27.83,Rpm:-999,Speed:0.0,SatelliteNumber:16,Azimuth:345,BatteryLevel:100}]
"[{""Protocol"":""0x2525""","MessageType:""LocationInfoMessage""",ProtocolHeadType:19,"Imei:""869487064485674""",SerialNo:28372,Mileage:5660995,"Date:""2026-04-21T21:03:23Z""",IopIgnition:true,Latitude:4.7085552215576172,Longitude:-74.071502685546875,Altitude:2573.89990234375,ExternalPowerVoltage:27.91,Rpm:-999,Speed:5.0,SatelliteNumber:16,Azimuth:349,BatteryLevel:100}]
"[{""Protocol"":""0x2525""","MessageType:""LocationInfoMessage""",ProtocolHeadType:19,"Imei:""869487064485674""",SerialNo:28373,Mileage:5661147,"Date:""2026-04-21T21:04:23Z""",IopIgnition:true,Latitude:4.70989465713501,Longitude:-74.071739196777344,Altitude:2572.199951171875,ExternalPowerVoltage:28.12,Rpm:-999,Speed:24.0,SatelliteNumber:13,Azimuth:354,BatteryLevel:100}]
"[{""Protocol"":""0x2525""","MessageType:""LocationInfoMessage""",ProtocolHeadType:19,"Imei:""869487064485674""",SerialNo:28374,Mileage:5661230,"Date:""2026-04-21T21:05:23Z""",IopIgnition:true,Latitude:4.7106246948242188,Longitude:-74.071868896484375,Altitude:2574.800048828125,ExternalPowerVoltage:27.91,Rpm:-999,Speed:0.0,SatelliteNumber:15,Azimuth:350,BatteryLevel:100}]
"[{""Protocol"":""0x2525""","MessageType:""LocationInfoMessage""",ProtocolHeadType:19,"Imei:""869487064485674""",SerialNo:28375,Mileage:5661517,"Date:""2026-04-21T21:06:23Z""",IopIgnition:true,Latitude:4.7131443023681641,Longitude:-74.072441101074219,Altitude:2573.10009765625,ExternalPowerVoltage:28.19,Rpm:-999,Speed:35.0,SatelliteNumber:18,Azimuth:343,BatteryLevel:100}]
"[{""Protocol"":""0x2525""","MessageType:""LocationInfoMessage""",ProtocolHeadType:19,"Imei:""869487064485674""",SerialNo:28376,Mileage:5662248,"Date:""2026-04-21T21:07:23Z""",IopIgnition:true,Latitude:4.7194924354553223,Longitude:-74.074081420898438,Altitude:2581.300048828125,ExternalPowerVoltage:27.89,Rpm:-999,Speed:24.0,SatelliteNumber:18,Azimuth:329,BatteryLevel:100}]
"[{""Protocol"":""0x2525""","MessageType:""LocationInfoMessage""",ProtocolHeadType:19,"Imei:""869487064485674""",SerialNo:28377,Mileage:5662880,"Date:""2026-04-21T21:08:22Z""",IopIgnition:true,Latitude:4.7250251770019531,Longitude:-74.074699401855469,Altitude:2600.0,ExternalPowerVoltage:28.1,Rpm:-999,Speed:33.0,SatelliteNumber:17,Azimuth:1,BatteryLevel:100}]
"[{""Protocol"":""0x2525""","MessageType:""LocationInfoMessage""",ProtocolHeadType:19,"Imei:""869487064485674""",SerialNo:28378,Mileage:5663168,"Date:""2026-04-21T21:09:23Z""",IopIgnition:true,Latitude:4.7276096343994141,Longitude:-74.074592590332031,Altitude:2593.5,ExternalPowerVoltage:28.14,Rpm:-999,Speed:24.0,SatelliteNumber:16,Azimuth:3,BatteryLevel:100}]
"[{""Protocol"":""0x2525""","MessageType:""LocationInfoMessage""",ProtocolHeadType:19,"Imei:""869487064485674""",SerialNo:28379,Mileage:5663658,"Date:""2026-04-21T21:10:23Z""",IopIgnition:true,Latitude:4.7319808006286621,Longitude:-74.074951171875,Altitude:2606.300048828125,ExternalPowerVoltage:28.12,Rpm:-999,Speed:34.0,SatelliteNumber:14,Azimuth:349,BatteryLevel:100}]
"[{""Protocol"":""0x2525""","MessageType:""LocationInfoMessage""",ProtocolHeadType:19,"Imei:""869487064485674""",SerialNo:28380,Mileage:5663781,"Date:""2026-04-21T21:10:37Z""",IopIgnition:true,Latitude:4.7329387664794922,Longitude:-74.075424194335938,Altitude:2611.699951171875,ExternalPowerVoltage:28.11,Rpm:-999,Speed:30.0,SatelliteNumber:17,Azimuth:302,BatteryLevel:100}]
"[{""Protocol"":""0x2525""","MessageType:""LocationInfoMessage""",ProtocolHeadType:19,"Imei:""869487064485674""",SerialNo:28381,Mileage:5664893,"Date:""2026-04-21T21:12:23Z""",IopIgnition:true,Latitude:4.7376313209533691,Longitude:-74.083953857421875,Altitude:2589.300048828125,ExternalPowerVoltage:28.22,Rpm:-999,Speed:44.0,SatelliteNumber:17,Azimuth:283,BatteryLevel:100}]
"[{""Protocol"":""0x2525""","MessageType:""LocationInfoMessage""",ProtocolHeadType:19,"Imei:""869487064485674""",SerialNo:28382,Mileage:5665456,"Date:""2026-04-21T21:13:22Z""",IopIgnition:true,Latitude:4.7402491569519043,Longitude:-74.088119506835938,Altitude:2572.0,ExternalPowerVoltage:27.92,Rpm:-999,Speed:11.0,SatelliteNumber:15,Azimuth:314,BatteryLevel:100}]
"[{""Protocol"":""0x2525""","MessageType:""LocationInfoMessage""",ProtocolHeadType:19,"Imei:""869487064485674""",SerialNo:28383,Mileage:5665676,"Date:""2026-04-21T21:14:23Z""",IopIgnition:true,Latitude:4.7415881156921387,Longitude:-74.089553833007813,Altitude:2576.10009765625,ExternalPowerVoltage:27.86,Rpm:-999,Speed:0.0,SatelliteNumber:17,Azimuth:301,BatteryLevel:100}]
"[{""Protocol"":""0x2525""","MessageType:""LocationInfoMessage""",ProtocolHeadType:19,"Imei:""869487064485674""",SerialNo:28384,Mileage:5665733,"Date:""2026-04-21T21:15:23Z""",IopIgnition:true,Latitude:4.7418684959411621,Longitude:-74.0899887084961,Altitude:2575.800048828125,ExternalPowerVoltage:27.8,Rpm:-999,Speed:19.0,SatelliteNumber:16,Azimuth:306,BatteryLevel:100}]
"[{""Protocol"":""0x2525""","MessageType:""LocationInfoMessage""",ProtocolHeadType:19,"Imei:""869487064485674""",SerialNo:28385,Mileage:5666174,"Date:""2026-04-21T21:16:23Z""",IopIgnition:true,Latitude:4.7443242073059082,Longitude:-74.093109130859375,Altitude:2574.699951171875,ExternalPowerVoltage:27.89,Rpm:-999,Speed:5.0,SatelliteNumber:16,Azimuth:307,BatteryLevel:100}]
"[{""Protocol"":""0x2525""","MessageType:""LocationInfoMessage""",ProtocolHeadType:19,"Imei:""869487064485674""",SerialNo:28386,Mileage:5666316,"Date:""2026-04-21T21:17:23Z""",IopIgnition:true,Latitude:4.74507474899292,Longitude:-74.0941390991211,Altitude:2574.300048828125,ExternalPowerVoltage:28.46,Rpm:-999,Speed:30.0,SatelliteNumber:17,Azimuth:306,BatteryLevel:100}]
"[{""Protocol"":""0x2525""","MessageType:""LocationInfoMessage""",ProtocolHeadType:19,"Imei:""869487064485674""",SerialNo:28387,Mileage:5666572,"Date:""2026-04-21T21:18:22Z""",IopIgnition:true,Latitude:4.7465271949768066,Longitude:-74.095932006835938,Altitude:2574.699951171875,ExternalPowerVoltage:27.96,Rpm:-999,Speed:0.0,SatelliteNumber:16,Azimuth:306,BatteryLevel:100}]
"[{""Protocol"":""0x2525""","MessageType:""LocationInfoMessage""",ProtocolHeadType:19,"Imei:""869487064485674""",SerialNo:28388,Mileage:5667331,"Date:""2026-04-21T21:19:23Z""",IopIgnition:true,Latitude:4.7498002052307129,Longitude:-74.101898193359375,Altitude:2573.89990234375,ExternalPowerVoltage:28.28,Rpm:-999,Speed:37.0,SatelliteNumber:16,Azimuth:293,BatteryLevel:100}]
"[{""Protocol"":""0x2525""","MessageType:""LocationInfoMessage""",ProtocolHeadType:19,"Imei:""869487064485674""",SerialNo:28389,Mileage:5667546,"Date:""2026-04-21T21:19:51Z""",IopIgnition:true,Latitude:4.7505850791931152,Longitude:-74.1036605834961,Altitude:2573.60009765625,ExternalPowerVoltage:27.79,Rpm:-999,Speed:11.0,SatelliteNumber:17,Azimuth:235,BatteryLevel:100}]
"[{""Protocol"":""0x2525""","MessageType:""LocationInfoMessage""",ProtocolHeadType:19,"Imei:""869487064485674""",SerialNo:28390,Mileage:5667557,"Date:""2026-04-21T21:19:54Z""",IopIgnition:true,Latitude:4.7505011558532715,Longitude:-74.10369873046875,Altitude:2573.89990234375,ExternalPowerVoltage:28.21,Rpm:-999,Speed:14.0,SatelliteNumber:17,Azimuth:168,BatteryLevel:100}]
"[{""Protocol"":""0x2525""","MessageType:""LocationInfoMessage""",ProtocolHeadType:19,"Imei:""869487064485674""",SerialNo:28391,Mileage:5667567,"Date:""2026-04-21T21:19:56Z""",IopIgnition:true,Latitude:4.7504372596740723,Longitude:-74.1036376953125,Altitude:2574.0,ExternalPowerVoltage:28.28,Rpm:-999,Speed:19.0,SatelliteNumber:17,Azimuth:119,BatteryLevel:100}]
"[{""Protocol"":""0x2525""","MessageType:""LocationInfoMessage""",ProtocolHeadType:19,"Imei:""869487064485674""",SerialNo:28392,Mileage:5667732,"Date:""2026-04-21T21:20:15Z""",IopIgnition:true,Latitude:4.7496938705444336,Longitude:-74.102386474609375,Altitude:2572.39990234375,ExternalPowerVoltage:28.61,Rpm:-999,Speed:23.0,SatelliteNumber:17,Azimuth:180,BatteryLevel:100}]
"[{""Protocol"":""0x2525""","MessageType:""LocationInfoMessage""",ProtocolHeadType:19,"Imei:""869487064485674""",SerialNo:28393,Mileage:5668038,"Date:""2026-04-21T21:20:47Z""",IopIgnition:true,Latitude:4.7473444938659668,Longitude:-74.103805541992188,Altitude:2569.39990234375,ExternalPowerVoltage:28.04,Rpm:-999,Speed:20.0,SatelliteNumber:15,Azimuth:227,BatteryLevel:100}]
"[{""Protocol"":""0x2525""","MessageType:""LocationInfoMessage""",ProtocolHeadType:19,"Imei:""869487064485674""",SerialNo:28394,Mileage:5668060,"Date:""2026-04-21T21:20:51Z""",IopIgnition:true,Latitude:4.7473025321960449,Longitude:-74.103996276855469,Altitude:2570.300048828125,ExternalPowerVoltage:28.46,Rpm:-999,Speed:21.0,SatelliteNumber:16,Azimuth:276,BatteryLevel:100}]
"[{""Protocol"":""0x2525""","MessageType:""LocationInfoMessage""",ProtocolHeadType:19,"Imei:""869487064485674""",SerialNo:28395,Mileage:5668259,"Date:""2026-04-21T21:21:20Z""",IopIgnition:true,Latitude:4.7475728988647461,Longitude:-74.105751037597656,Altitude:2573.800048828125,ExternalPowerVoltage:28.14,Rpm:-999,Speed:12.0,SatelliteNumber:16,Azimuth:329,BatteryLevel:100}]
"[{""Protocol"":""0x2525""","MessageType:""LocationInfoMessage""",ProtocolHeadType:19,"Imei:""869487064485674""",SerialNo:28396,Mileage:5668414,"Date:""2026-04-21T21:21:50Z""",IopIgnition:true,Latitude:4.7488994598388672,Longitude:-74.105789184570313,Altitude:2570.10009765625,ExternalPowerVoltage:27.79,Rpm:-999,Speed:13.0,SatelliteNumber:18,Azimuth:271,BatteryLevel:100}]
"[{""Protocol"":""0x2525""","MessageType:""LocationInfoMessage""",ProtocolHeadType:19,"Imei:""869487064485674""",SerialNo:28397,Mileage:5668427,"Date:""2026-04-21T21:21:53Z""",IopIgnition:true,Latitude:4.7488322257995605,Longitude:-74.105888366699219,Altitude:2570.60009765625,ExternalPowerVoltage:28.2,Rpm:-999,Speed:17.0,SatelliteNumber:17,Azimuth:218,BatteryLevel:100}]
"[{""Protocol"":""0x2525""","MessageType:""LocationInfoMessage""",ProtocolHeadType:19,"Imei:""869487064485674""",SerialNo:28398,Mileage:5668830,"Date:""2026-04-21T21:23:23Z""",IopIgnition:true,Latitude:4.7457690238952637,Longitude:-74.1078109741211,Altitude:2570.0,ExternalPowerVoltage:28.17,Rpm:-999,Speed:0.0,SatelliteNumber:17,Azimuth:209,BatteryLevel:100}]
"[{""Protocol"":""0x2525""","MessageType:""LocationInfoMessage""",ProtocolHeadType:19,"Imei:""869487064485674""",SerialNo:28399,Mileage:5668897,"Date:""2026-04-21T21:23:39Z""",IopIgnition:true,Latitude:4.7453680038452148,Longitude:-74.1082534790039,Altitude:2567.800048828125,ExternalPowerVoltage:27.57,Rpm:-999,Speed:13.0,SatelliteNumber:17,Azimuth:257,BatteryLevel:100}]
"[{""Protocol"":""0x2525""","MessageType:""LocationInfoMessage""",ProtocolHeadType:19,"Imei:""869487064485674""",SerialNo:28400,Mileage:5669712,"Date:""2026-04-21T21:25:23Z""",IopIgnition:true,Latitude:4.7470731735229492,Longitude:-74.1153793334961,Altitude:2573.800048828125,ExternalPowerVoltage:28.27,Rpm:-999,Speed:27.0,SatelliteNumber:14,Azimuth:280,BatteryLevel:100}]
"[{""Protocol"":""0x2525""","MessageType:""LocationInfoMessage""",ProtocolHeadType:19,"Imei:""869487064485674""",SerialNo:28401,Mileage:5670082,"Date:""2026-04-21T21:26:22Z""",IopIgnition:true,Latitude:4.7474021911621094,Longitude:-74.118690490722656,Altitude:2571.60009765625,ExternalPowerVoltage:27.85,Rpm:-999,Speed:19.0,SatelliteNumber:14,Azimuth:270,BatteryLevel:100}]
"[{""Protocol"":""0x2525""","MessageType:""LocationInfoMessage""",ProtocolHeadType:19,"Imei:""869487064485674""",SerialNo:28402,Mileage:5670320,"Date:""2026-04-21T21:26:55Z""",IopIgnition:true,Latitude:4.7475337982177734,Longitude:-74.120811462402344,Altitude:2568.300048828125,ExternalPowerVoltage:28.07,Rpm:-999,Speed:15.0,SatelliteNumber:16,Azimuth:209,BatteryLevel:100}]
"[{""Protocol"":""0x2525""","MessageType:""LocationInfoMessage""",ProtocolHeadType:19,"Imei:""869487064485674""",SerialNo:28403,Mileage:5670339,"Date:""2026-04-21T21:26:59Z""",IopIgnition:true,Latitude:4.7473711967468262,Longitude:-74.120773315429688,Altitude:2568.699951171875,ExternalPowerVoltage:28.3,Rpm:-999,Speed:16.0,SatelliteNumber:16,Azimuth:149,BatteryLevel:100}]
"[{""Protocol"":""0x2525""","MessageType:""LocationInfoMessage""",ProtocolHeadType:19,"Imei:""869487064485674""",SerialNo:28404,Mileage:5670433,"Date:""2026-04-21T21:27:14Z""",IopIgnition:true,Latitude:4.7465758323669434,Longitude:-74.120513916015625,Altitude:2569.199951171875,ExternalPowerVoltage:28.16,Rpm:-999,Speed:7.0,SatelliteNumber:16,Azimuth:229,BatteryLevel:100}]
"[{""Protocol"":""0x2525""","MessageType:""LocationInfoMessage""",ProtocolHeadType:19,"Imei:""869487064485674""",SerialNo:28405,Mileage:5670482,"Date:""2026-04-21T21:28:23Z""",IopIgnition:true,Latitude:4.7464065551757813,Longitude:-74.120918273925781,Altitude:2565.699951171875,ExternalPowerVoltage:27.83,Rpm:-999,Speed:0.0,SatelliteNumber:15,Azimuth:258,BatteryLevel:100}]
"[{""Protocol"":""0x2525""","MessageType:""LocationInfoMessage""",ProtocolHeadType:19,"Imei:""869487064485674""",SerialNo:28406,Mileage:5670482,"Date:""2026-04-21T21:29:22Z""",IopIgnition:true,Latitude:4.7464065551757813,Longitude:-74.120918273925781,Altitude:2565.699951171875,ExternalPowerVoltage:27.96,Rpm:-999,Speed:0.0,SatelliteNumber:16,Azimuth:258,BatteryLevel:100}]
"[{""Protocol"":""0x2525""","MessageType:""LocationInfoMessage""",ProtocolHeadType:19,"Imei:""869487064485674""",SerialNo:28407,Mileage:5670542,"Date:""2026-04-21T21:30:23Z""",IopIgnition:true,Latitude:4.7462091445922852,Longitude:-74.121421813964844,Altitude:2562.800048828125,ExternalPowerVoltage:27.52,Rpm:-999,Speed:11.0,SatelliteNumber:15,Azimuth:234,BatteryLevel:100}]
"[{""Protocol"":""0x2525""","MessageType:""LocationInfoMessage""",ProtocolHeadType:19,"Imei:""869487064485674""",SerialNo:28408,Mileage:5670839,"Date:""2026-04-21T21:31:23Z""",IopIgnition:true,Latitude:4.7453312873840332,Longitude:-74.123939514160156,Altitude:2566.0,ExternalPowerVoltage:28.26,Rpm:-999,Speed:17.0,SatelliteNumber:16,Azimuth:250,BatteryLevel:100}]
"[{""Protocol"":""0x2525""","MessageType:""LocationInfoMessage""",ProtocolHeadType:19,"Imei:""869487064485674""",SerialNo:28409,Mileage:5671023,"Date:""2026-04-21T21:32:23Z""",IopIgnition:true,Latitude:4.7448372840881348,Longitude:-74.125518798828125,Altitude:2564.39990234375,ExternalPowerVoltage:28.07,Rpm:-999,Speed:0.0,SatelliteNumber:17,Azimuth:256,BatteryLevel:100}]
"[{""Protocol"":""0x2525""","MessageType:""SignInMessage""",ProtocolHeadType:0,"Imei:""869487064485674""",SerialNo:274,"Firmware:""V1.0.1.8""",Model:0,ObdBootVersion:null,ObdDataVersion:null,ObdHareware:null,ObdSoftware:null,Platform:null,"Software:""V0.0.0""}]",,,,
"[{""Protocol"":""0x2525""","MessageType:""NetworkInfoMessage""",ProtocolHeadType:0,"Imei:""869487064485674""",SerialNo:254,"AccessTechnology:""CAT-1""","Band:""CAT-1 7""","Date:""2026-04-21T21:33:23Z""","Iccid:""89571017025023250790""","Imsi:""732101725325077""","NetworkOperator:""LaSeleNosLlama""}]",,,,,,
"[{""Protocol"":""0x2525""","MessageType:""LocationInfoMessage""",ProtocolHeadType:19,"Imei:""869487064485674""",SerialNo:28410,Mileage:5671223,"Date:""2026-04-21T21:33:23Z""",IopIgnition:true,Latitude:4.7442359924316406,Longitude:-74.127212524414063,Altitude:2567.300048828125,ExternalPowerVoltage:28.07,Rpm:-999,Speed:0.0,SatelliteNumber:16,Azimuth:259,BatteryLevel:100}]
"[{""Protocol"":""0x2525""","MessageType:""LocationInfoMessage""",ProtocolHeadType:19,"Imei:""869487064485674""",SerialNo:28411,Mileage:5671307,"Date:""2026-04-21T21:34:23Z""",IopIgnition:true,Latitude:4.7442164421081543,Longitude:-74.1279296875,Altitude:2565.800048828125,ExternalPowerVoltage:27.86,Rpm:-999,Speed:0.0,SatelliteNumber:15,Azimuth:280,BatteryLevel:100}]
"[{""Protocol"":""0x2525""","MessageType:""LocationInfoMessage""",ProtocolHeadType:19,"Imei:""869487064485674""",SerialNo:28412,Mileage:5671307,"Date:""2026-04-21T21:35:22Z""",IopIgnition:true,Latitude:4.7442164421081543,Longitude:-74.1279296875,Altitude:2565.800048828125,ExternalPowerVoltage:27.94,Rpm:-999,Speed:0.0,SatelliteNumber:17,Azimuth:280,BatteryLevel:100}]
"[{""Protocol"":""0x2525""","MessageType:""LocationInfoMessage""",ProtocolHeadType:19,"Imei:""869487064485674""",SerialNo:28413,Mileage:5671307,"Date:""2026-04-21T21:36:23Z""",IopIgnition:true,Latitude:4.7442164421081543,Longitude:-74.1279296875,Altitude:2565.800048828125,ExternalPowerVoltage:27.96,Rpm:-999,Speed:0.0,SatelliteNumber:16,Azimuth:280,BatteryLevel:100}]
"[{""Protocol"":""0x2525""","MessageType:""LocationInfoMessage""",ProtocolHeadType:19,"Imei:""869487064485674""",SerialNo:28414,Mileage:5671307,"Date:""2026-04-21T21:37:23Z""",IopIgnition:true,Latitude:4.7442164421081543,Longitude:-74.1279296875,Altitude:2565.800048828125,ExternalPowerVoltage:27.85,Rpm:-999,Speed:0.0,SatelliteNumber:15,Azimuth:280,BatteryLevel:100}]
"[{""Protocol"":""0x2525""","MessageType:""LocationInfoMessage""",ProtocolHeadType:19,"Imei:""869487064485674""",SerialNo:28415,Mileage:5671307,"Date:""2026-04-21T21:38:23Z""",IopIgnition:true,Latitude:4.7442164421081543,Longitude:-74.1279296875,Altitude:2565.800048828125,ExternalPowerVoltage:27.97,Rpm:-999,Speed:0.0,SatelliteNumber:16,Azimuth:280,BatteryLevel:100}]
"[{""Protocol"":""0x2525""","MessageType:""LocationInfoMessage""",ProtocolHeadType:19,"Imei:""869487064485674""",SerialNo:28416,Mileage:5671307,"Date:""2026-04-21T21:39:23Z""",IopIgnition:true,Latitude:4.7442164421081543,Longitude:-74.1279296875,Altitude:2565.800048828125,ExternalPowerVoltage:27.86,Rpm:-999,Speed:0.0,SatelliteNumber:13,Azimuth:280,BatteryLevel:100}]
"[{""Protocol"":""0x2525""","MessageType:""LocationInfoMessage""",ProtocolHeadType:19,"Imei:""869487064485674""",SerialNo:28417,Mileage:5671307,"Date:""2026-04-21T21:40:23Z""",IopIgnition:true,Latitude:4.7442164421081543,Longitude:-74.1279296875,Altitude:2565.800048828125,ExternalPowerVoltage:27.85,Rpm:-999,Speed:0.0,SatelliteNumber:16,Azimuth:280,BatteryLevel:100}]
"[{""Protocol"":""0x2525""","MessageType:""LocationInfoMessage""",ProtocolHeadType:19,"Imei:""869487064485674""",SerialNo:28418,Mileage:5671307,"Date:""2026-04-21T21:41:22Z""",IopIgnition:true,Latitude:4.7442164421081543,Longitude:-74.1279296875,Altitude:2565.800048828125,ExternalPowerVoltage:27.98,Rpm:-999,Speed:0.0,SatelliteNumber:16,Azimuth:280,BatteryLevel:100}]
"[{""Protocol"":""0x2525""","MessageType:""LocationInfoMessage""",ProtocolHeadType:19,"Imei:""869487064485674""",SerialNo:28419,Mileage:5671307,"Date:""2026-04-21T21:42:23Z""",IopIgnition:true,Latitude:4.7442164421081543,Longitude:-74.1279296875,Altitude:2565.800048828125,ExternalPowerVoltage:27.85,Rpm:-999,Speed:0.0,SatelliteNumber:18,Azimuth:280,BatteryLevel:100}]
"[{""Protocol"":""0x2525""","MessageType:""LocationInfoMessage""",ProtocolHeadType:19,"Imei:""869487064485674""",SerialNo:28420,Mileage:5671399,"Date:""2026-04-21T21:42:53Z""",IopIgnition:true,Latitude:4.7443819046020508,Longitude:-74.12872314453125,Altitude:2569.60009765625,ExternalPowerVoltage:28.04,Rpm:-999,Speed:11.0,SatelliteNumber:17,Azimuth:223,BatteryLevel:100}]
"[{""Protocol"":""0x2525""","MessageType:""LocationInfoMessage""",ProtocolHeadType:19,"Imei:""869487064485674""",SerialNo:28421,Mileage:5671790,"Date:""2026-04-21T21:44:01Z""",IopIgnition:true,Latitude:4.7418861389160156,Longitude:-74.130599975585938,Altitude:2563.5,ExternalPowerVoltage:27.37,Rpm:-999,Speed:10.0,SatelliteNumber:15,Azimuth:171,BatteryLevel:100}]
"[{""Protocol"":""0x2525""","MessageType:""LocationInfoMessage""",ProtocolHeadType:19,"Imei:""869487064485674""",SerialNo:28422,Mileage:5671999,"Date:""2026-04-21T21:44:51Z""",IopIgnition:true,Latitude:4.7401790618896484,Longitude:-74.129867553710938,Altitude:2563.300048828125,ExternalPowerVoltage:28.1,Rpm:-999,Speed:16.0,SatelliteNumber:16,Azimuth:65,BatteryLevel:100}]
"[{""Protocol"":""0x2525""","MessageType:""LocationInfoMessage""",ProtocolHeadType:19,"Imei:""869487064485674""",SerialNo:28423,Mileage:5672451,"Date:""2026-04-21T21:46:23Z""",IopIgnition:true,Latitude:4.7417201995849609,Longitude:-74.1260986328125,Altitude:2570.10009765625,ExternalPowerVoltage:27.98,Rpm:-999,Speed:10.0,SatelliteNumber:17,Azimuth:68,BatteryLevel:100}]
"[{""Protocol"":""0x2525""","MessageType:""LocationInfoMessage""",ProtocolHeadType:19,"Imei:""869487064485674""",SerialNo:28424,Mileage:5672509,"Date:""2026-04-21T21:47:22Z""",IopIgnition:true,Latitude:4.7419476509094238,Longitude:-74.125640869140625,Altitude:2569.300048828125,ExternalPowerVoltage:27.84,Rpm:-999,Speed:0.0,SatelliteNumber:15,Azimuth:65,BatteryLevel:100}]
"[{""Protocol"":""0x2525""","MessageType:""LocationInfoMessage""",ProtocolHeadType:19,"Imei:""869487064485674""",SerialNo:28425,Mileage:5672509,"Date:""2026-04-21T21:48:23Z""",IopIgnition:true,Latitude:4.7419476509094238,Longitude:-74.125640869140625,Altitude:2569.300048828125,ExternalPowerVoltage:27.8,Rpm:-999,Speed:0.0,SatelliteNumber:16,Azimuth:65,BatteryLevel:100}]
"[{""Protocol"":""0x2525""","MessageType:""LocationInfoMessage""",ProtocolHeadType:19,"Imei:""869487064485674""",SerialNo:28426,Mileage:5672509,"Date:""2026-04-21T21:49:23Z""",IopIgnition:true,Latitude:4.7419476509094238,Longitude:-74.125640869140625,Altitude:2569.300048828125,ExternalPowerVoltage:27.94,Rpm:-999,Speed:0.0,SatelliteNumber:15,Azimuth:65,BatteryLevel:100}]
"[{""Protocol"":""0x2525""","MessageType:""LocationInfoMessage""",ProtocolHeadType:19,"Imei:""869487064485674""",SerialNo:28427,Mileage:5672509,"Date:""2026-04-21T21:50:23Z""",IopIgnition:true,Latitude:4.7419476509094238,Longitude:-74.125640869140625,Altitude:2569.300048828125,ExternalPowerVoltage:27.93,Rpm:-999,Speed:0.0,SatelliteNumber:16,Azimuth:65,BatteryLevel:100}]
"[{""Protocol"":""0x2525""","MessageType:""LocationInfoMessage""",ProtocolHeadType:19,"Imei:""869487064485674""",SerialNo:28428,Mileage:5672509,"Date:""2026-04-21T21:51:23Z""",IopIgnition:true,Latitude:4.7419476509094238,Longitude:-74.125640869140625,Altitude:2569.300048828125,ExternalPowerVoltage:27.89,Rpm:-999,Speed:0.0,SatelliteNumber:16,Azimuth:65,BatteryLevel:100}]
"[{""Protocol"":""0x2525""","MessageType:""LocationInfoMessage""",ProtocolHeadType:19,"Imei:""869487064485674""",SerialNo:28429,Mileage:5672571,"Date:""2026-04-21T21:52:22Z""",IopIgnition:true,Latitude:4.7421598434448242,Longitude:-74.125114440917969,Altitude:2564.300048828125,ExternalPowerVoltage:27.94,Rpm:-999,Speed:0.0,SatelliteNumber:14,Azimuth:61,BatteryLevel:100}]
"[{""Protocol"":""0x2525""","MessageType:""LocationInfoMessage""",ProtocolHeadType:19,"Imei:""869487064485674""",SerialNo:28430,Mileage:5672571,"Date:""2026-04-21T21:53:23Z""",IopIgnition:true,Latitude:4.7421598434448242,Longitude:-74.125114440917969,Altitude:2564.300048828125,ExternalPowerVoltage:27.89,Rpm:-999,Speed:0.0,SatelliteNumber:17,Azimuth:61,BatteryLevel:100}]
"[{""Protocol"":""0x2525""","MessageType:""LocationInfoMessage""",ProtocolHeadType:19,"Imei:""869487064485674""",SerialNo:28431,Mileage:5672571,"Date:""2026-04-21T21:54:23Z""",IopIgnition:true,Latitude:4.7421598434448242,Longitude:-74.125114440917969,Altitude:2564.300048828125,ExternalPowerVoltage:27.81,Rpm:-999,Speed:0.0,SatelliteNumber:17,Azimuth:61,BatteryLevel:100}]
"[{""Protocol"":""0x2525""","MessageType:""LocationInfoMessage""",ProtocolHeadType:19,"Imei:""869487064485674""",SerialNo:28432,Mileage:5672571,"Date:""2026-04-21T21:55:23Z""",IopIgnition:true,Latitude:4.7421598434448242,Longitude:-74.125114440917969,Altitude:2564.300048828125,ExternalPowerVoltage:27.92,Rpm:-999,Speed:0.0,SatelliteNumber:15,Azimuth:61,BatteryLevel:100}]
"[{""Protocol"":""0x2525""","MessageType:""LocationInfoMessage""",ProtocolHeadType:19,"Imei:""869487064485674""",SerialNo:28433,Mileage:5672571,"Date:""2026-04-21T21:56:23Z""",IopIgnition:true,Latitude:4.7421598434448242,Longitude:-74.125114440917969,Altitude:2564.300048828125,ExternalPowerVoltage:27.91,Rpm:-999,Speed:0.0,SatelliteNumber:16,Azimuth:61,BatteryLevel:100}]
"[{""Protocol"":""0x2525""","MessageType:""LocationInfoMessage""",ProtocolHeadType:19,"Imei:""869487064485674""",SerialNo:28434,Mileage:5672571,"Date:""2026-04-21T21:57:23Z""",IopIgnition:true,Latitude:4.7421598434448242,Longitude:-74.125114440917969,Altitude:2564.300048828125,ExternalPowerVoltage:27.88,Rpm:-999,Speed:0.0,SatelliteNumber:16,Azimuth:61,BatteryLevel:100}]
"[{""Protocol"":""0x2525""","MessageType:""LocationInfoMessage""",ProtocolHeadType:19,"Imei:""869487064485674""",SerialNo:28435,Mileage:5672571,"Date:""2026-04-21T21:58:22Z""",IopIgnition:true,Latitude:4.7421598434448242,Longitude:-74.125114440917969,Altitude:2564.300048828125,ExternalPowerVoltage:28.02,Rpm:-999,Speed:0.0,SatelliteNumber:16,Azimuth:61,BatteryLevel:100}]
"[{""Protocol"":""0x2525""","MessageType:""LocationInfoMessage""",ProtocolHeadType:19,"Imei:""869487064485674""",SerialNo:28436,Mileage:5672571,"Date:""2026-04-21T21:59:23Z""",IopIgnition:true,Latitude:4.7421598434448242,Longitude:-74.125114440917969,Altitude:2564.300048828125,ExternalPowerVoltage:27.86,Rpm:-999,Speed:0.0,SatelliteNumber:16,Azimuth:61,BatteryLevel:100}]
"[{""Protocol"":""0x2525""","MessageType:""LocationInfoMessage""",ProtocolHeadType:19,"Imei:""869487064485674""",SerialNo:28437,Mileage:5672571,"Date:""2026-04-21T22:00:23Z""",IopIgnition:true,Latitude:4.7421598434448242,Longitude:-74.125114440917969,Altitude:2564.300048828125,ExternalPowerVoltage:27.91,Rpm:-999,Speed:0.0,SatelliteNumber:15,Azimuth:61,BatteryLevel:100}]
"[{""Protocol"":""0x2525""","MessageType:""LocationInfoMessage""",ProtocolHeadType:19,"Imei:""869487064485674""",SerialNo:28438,Mileage:5672571,"Date:""2026-04-21T22:01:23Z""",IopIgnition:true,Latitude:4.7421598434448242,Longitude:-74.125114440917969,Altitude:2564.300048828125,ExternalPowerVoltage:27.89,Rpm:-999,Speed:0.0,SatelliteNumber:16,Azimuth:61,BatteryLevel:100}]
"[{""Protocol"":""0x2525""","MessageType:""LocationInfoMessage""",ProtocolHeadType:19,"Imei:""869487064485674""",SerialNo:28439,Mileage:5672571,"Date:""2026-04-21T22:02:23Z""",IopIgnition:true,Latitude:4.7421598434448242,Longitude:-74.125114440917969,Altitude:2564.300048828125,ExternalPowerVoltage:27.83,Rpm:-999,Speed:0.0,SatelliteNumber:16,Azimuth:61,BatteryLevel:100}]
"[{""Protocol"":""0x2525""","MessageType:""LocationInfoMessage""",ProtocolHeadType:19,"Imei:""869487064485674""",SerialNo:28440,Mileage:5672571,"Date:""2026-04-21T22:03:23Z""",IopIgnition:true,Latitude:4.7421598434448242,Longitude:-74.125114440917969,Altitude:2564.300048828125,ExternalPowerVoltage:27.97,Rpm:-999,Speed:0.0,SatelliteNumber:15,Azimuth:61,BatteryLevel:100}]
"[{""Protocol"":""0x2525""","MessageType:""LocationInfoMessage""",ProtocolHeadType:19,"Imei:""869487064485674""",SerialNo:28441,Mileage:5672615,"Date:""2026-04-21T22:04:22Z""",IopIgnition:true,Latitude:4.7423105239868164,Longitude:-74.124755859375,Altitude:2563.0,ExternalPowerVoltage:28.16,Rpm:-999,Speed:9.0,SatelliteNumber:16,Azimuth:72,BatteryLevel:100}]
"[{""Protocol"":""0x2525""","MessageType:""LocationInfoMessage""",ProtocolHeadType:19,"Imei:""869487064485674""",SerialNo:28442,Mileage:5672878,"Date:""2026-04-21T22:05:23Z""",IopIgnition:true,Latitude:4.7431769371032715,Longitude:-74.12255859375,Altitude:2563.800048828125,ExternalPowerVoltage:28.11,Rpm:-999,Speed:14.0,SatelliteNumber:16,Azimuth:67,BatteryLevel:100}]
"[{""Protocol"":""0x2525""","MessageType:""LocationInfoMessage""",ProtocolHeadType:19,"Imei:""869487064485674""",SerialNo:28443,Mileage:5673089,"Date:""2026-04-21T22:06:23Z""",IopIgnition:true,Latitude:4.7439146041870117,Longitude:-74.120803833007813,Altitude:2562.89990234375,ExternalPowerVoltage:28.18,Rpm:-999,Speed:19.0,SatelliteNumber:16,Azimuth:69,BatteryLevel:100}]
"[{""Protocol"":""0x2525""","MessageType:""LocationInfoMessage""",ProtocolHeadType:19,"Imei:""869487064485674""",SerialNo:28444,Mileage:5673383,"Date:""2026-04-21T22:07:23Z""",IopIgnition:true,Latitude:4.74490213394165,Longitude:-74.118362426757813,Altitude:2559.199951171875,ExternalPowerVoltage:28.08,Rpm:-999,Speed:6.0,SatelliteNumber:14,Azimuth:51,BatteryLevel:100}]
"[{""Protocol"":""0x2525""","MessageType:""LocationInfoMessage""",ProtocolHeadType:19,"Imei:""869487064485674""",SerialNo:28445,Mileage:5673537,"Date:""2026-04-21T22:07:59Z""",IopIgnition:true,Latitude:4.7451467514038086,Longitude:-74.1170654296875,Altitude:2566.5,ExternalPowerVoltage:28.22,Rpm:-999,Speed:20.0,SatelliteNumber:15,Azimuth:100,BatteryLevel:100}]
"[{""Protocol"":""0x2525""","MessageType:""LocationInfoMessage""",ProtocolHeadType:19,"Imei:""869487064485674""",SerialNo:28446,Mileage:5673998,"Date:""2026-04-21T22:09:23Z""",IopIgnition:true,Latitude:4.7431783676147461,Longitude:-74.1134033203125,Altitude:2570.300048828125,ExternalPowerVoltage:28.07,Rpm:-999,Speed:6.0,SatelliteNumber:15,Azimuth:124,BatteryLevel:100}]
"[{""Protocol"":""0x2525""","MessageType:""LocationInfoMessage""",ProtocolHeadType:19,"Imei:""869487064485674""",SerialNo:28447,Mileage:5674011,"Date:""2026-04-21T22:09:43Z""",IopIgnition:true,Latitude:4.74314546585083,Longitude:-74.1133041381836,Altitude:2571.89990234375,ExternalPowerVoltage:28.39,Rpm:-999,Speed:15.0,SatelliteNumber:16,Azimuth:25,BatteryLevel:100}]
"[{""Protocol"":""0x2525""","MessageType:""LocationInfoMessage""",ProtocolHeadType:19,"Imei:""869487064485674""",SerialNo:28448,Mileage:5674262,"Date:""2026-04-21T22:10:41Z""",IopIgnition:true,Latitude:4.7451720237731934,Longitude:-74.1124038696289,Altitude:2570.800048828125,ExternalPowerVoltage:28.42,Rpm:-999,Speed:10.0,SatelliteNumber:15,Azimuth:99,BatteryLevel:100}]
"[{""Protocol"":""0x2525""","MessageType:""LocationInfoMessage""",ProtocolHeadType:19,"Imei:""869487064485674""",SerialNo:28449,Mileage:5674361,"Date:""2026-04-21T22:11:04Z""",IopIgnition:true,Latitude:4.7449555397033691,Longitude:-74.111557006835938,Altitude:2571.199951171875,ExternalPowerVoltage:28.16,Rpm:-999,Speed:10.0,SatelliteNumber:15,Azimuth:23,BatteryLevel:100}]
"[{""Protocol"":""0x2525""","MessageType:""LocationInfoMessage""",ProtocolHeadType:19,"Imei:""869487064485674""",SerialNo:28450,Mileage:5674505,"Date:""2026-04-21T22:12:15Z""",IopIgnition:true,Latitude:4.7462029457092285,Longitude:-74.111289978027344,Altitude:2568.60009765625,ExternalPowerVoltage:28.33,Rpm:-999,Speed:12.0,SatelliteNumber:15,Azimuth:312,BatteryLevel:100}]
"[{""Protocol"":""0x2525""","MessageType:""LocationInfoMessage""",ProtocolHeadType:19,"Imei:""869487064485674""",SerialNo:28451,Mileage:5674796,"Date:""2026-04-21T22:13:23Z""",IopIgnition:true,Latitude:4.7468457221984863,Longitude:-74.113815307617188,Altitude:2566.300048828125,ExternalPowerVoltage:28.07,Rpm:-999,Speed:5.0,SatelliteNumber:17,Azimuth:287,BatteryLevel:100}]
"[{""Protocol"":""0x2525""","MessageType:""LocationInfoMessage""",ProtocolHeadType:19,"Imei:""869487064485674""",SerialNo:28452,Mileage:5675086,"Date:""2026-04-21T22:14:14Z""",IopIgnition:true,Latitude:4.7472186088562012,Longitude:-74.116386413574219,Altitude:2559.800048828125,ExternalPowerVoltage:27.96,Rpm:-999,Speed:8.0,SatelliteNumber:16,Azimuth:344,BatteryLevel:100}]
"[{""Protocol"":""0x2525""","MessageType:""LocationInfoMessage""",ProtocolHeadType:19,"Imei:""869487064485674""",SerialNo:28453,Mileage:5675163,"Date:""2026-04-21T22:15:08Z""",IopIgnition:true,Latitude:4.7478313446044922,Longitude:-74.116203308105469,Altitude:2560.0,ExternalPowerVoltage:28.21,Rpm:-999,Speed:5.0,SatelliteNumber:17,Azimuth:115,BatteryLevel:100}]
"[{""Protocol"":""0x2525""","MessageType:""LocationInfoMessage""",ProtocolHeadType:19,"Imei:""869487064485674""",SerialNo:28454,Mileage:5675236,"Date:""2026-04-21T22:15:43Z""",IopIgnition:true,Latitude:4.7477521896362305,Longitude:-74.115547180175781,Altitude:2560.300048828125,ExternalPowerVoltage:28.21,Rpm:-999,Speed:8.0,SatelliteNumber:16,Azimuth:69,BatteryLevel:100}]
"[{""Protocol"":""0x2525""","MessageType:""LocationInfoMessage""",ProtocolHeadType:19,"Imei:""869487064485674""",SerialNo:28455,Mileage:5675425,"Date:""2026-04-21T22:16:06Z""",IopIgnition:true,Latitude:4.7491717338562012,Longitude:-74.114631652832031,Altitude:2557.10009765625,ExternalPowerVoltage:28.11,Rpm:-999,Speed:25.0,SatelliteNumber:15,Azimuth:23,BatteryLevel:100}]
"[{""Protocol"":""0x2525""","MessageType:""LocationInfoMessage""",ProtocolHeadType:19,"Imei:""869487064485674""",SerialNo:28456,Mileage:5675780,"Date:""2026-04-21T22:17:23Z""",IopIgnition:true,Latitude:4.7519087791442871,Longitude:-74.113044738769531,Altitude:2562.39990234375,ExternalPowerVoltage:27.83,Rpm:-999,Speed:6.0,SatelliteNumber:17,Azimuth:24,BatteryLevel:100}]
"[{""Protocol"":""0x2525""","MessageType:""LocationInfoMessage""",ProtocolHeadType:19,"Imei:""869487064485674""",SerialNo:28457,Mileage:5675944,"Date:""2026-04-21T22:18:06Z""",IopIgnition:true,Latitude:4.7531862258911133,Longitude:-74.112319946289063,Altitude:2565.10009765625,ExternalPowerVoltage:28.07,Rpm:-999,Speed:12.0,SatelliteNumber:17,Azimuth:330,BatteryLevel:100}]
"[{""Protocol"":""0x2525""","MessageType:""LocationInfoMessage""",ProtocolHeadType:19,"Imei:""869487064485674""",SerialNo:28458,Mileage:5675963,"Date:""2026-04-21T22:18:10Z""",IopIgnition:true,Latitude:4.7532572746276855,Longitude:-74.112464904785156,Altitude:2565.199951171875,ExternalPowerVoltage:28.09,Rpm:-999,Speed:18.0,SatelliteNumber:17,Azimuth:272,BatteryLevel:100}]
"[{""Protocol"":""0x2525""","MessageType:""LocationInfoMessage""",ProtocolHeadType:19,"Imei:""869487064485674""",SerialNo:28459,Mileage:5676343,"Date:""2026-04-21T22:19:11Z""",IopIgnition:true,Latitude:4.75363826751709,Longitude:-74.115837097167969,Altitude:2556.300048828125,ExternalPowerVoltage:28.29,Rpm:-999,Speed:12.0,SatelliteNumber:16,Azimuth:351,BatteryLevel:100}]
"[{""Protocol"":""0x2525""","MessageType:""LocationInfoMessage""",ProtocolHeadType:19,"Imei:""869487064485674""",SerialNo:28460,Mileage:5676551,"Date:""2026-04-21T22:20:23Z""",IopIgnition:true,Latitude:4.7554903030395508,Longitude:-74.1156005859375,Altitude:2560.199951171875,ExternalPowerVoltage:27.97,Rpm:-999,Speed:7.0,SatelliteNumber:15,Azimuth:7,BatteryLevel:100}]
"[{""Protocol"":""0x2525""","MessageType:""LocationInfoMessage""",ProtocolHeadType:19,"Imei:""869487064485674""",SerialNo:28461,Mileage:5676551,"Date:""2026-04-21T22:21:22Z""",IopIgnition:true,Latitude:4.7554903030395508,Longitude:-74.1156005859375,Altitude:2560.199951171875,ExternalPowerVoltage:28.23,Rpm:-999,Speed:0.0,SatelliteNumber:16,Azimuth:7,BatteryLevel:100}]
"[{""Protocol"":""0x2525""","MessageType:""LocationInfoMessage""",ProtocolHeadType:19,"Imei:""869487064485674""",SerialNo:28462,Mileage:5676557,"Date:""2026-04-21T22:21:44Z""",IopIgnition:true,Latitude:4.7554874420166016,Longitude:-74.115653991699219,Altitude:2562.0,ExternalPowerVoltage:28.48,Rpm:-999,Speed:21.0,SatelliteNumber:16,Azimuth:190,BatteryLevel:100}]
"[{""Protocol"":""0x2525""","MessageType:""LocationInfoMessage""",ProtocolHeadType:19,"Imei:""869487064485674""",SerialNo:28463,Mileage:5676613,"Date:""2026-04-21T22:22:02Z""",IopIgnition:true,Latitude:4.7549967765808105,Longitude:-74.115692138671875,Altitude:2562.39990234375,ExternalPowerVoltage:28.12,Rpm:-999,Speed:7.0,SatelliteNumber:16,Azimuth:104,BatteryLevel:100}]
"[{""Protocol"":""0x2525""","MessageType:""LocationInfoMessage""",ProtocolHeadType:19,"Imei:""869487064485674""",SerialNo:28464,Mileage:5676645,"Date:""2026-04-21T22:22:52Z""",IopIgnition:true,Latitude:4.755180835723877,Longitude:-74.11590576171875,Altitude:2561.39990234375,ExternalPowerVoltage:28.43,Rpm:-999,Speed:5.0,SatelliteNumber:16,Azimuth:272,BatteryLevel:100}]
"[{""Protocol"":""0x2525""","MessageType:""LocationInfoMessage""",ProtocolHeadType:19,"Imei:""869487064485674""",SerialNo:28465,Mileage:5676668,"Date:""2026-04-21T22:24:23Z""",IopIgnition:true,Latitude:4.7552051544189453,Longitude:-74.1161117553711,Altitude:2560.800048828125,ExternalPowerVoltage:28.07,Rpm:-999,Speed:0.0,SatelliteNumber:17,Azimuth:269,BatteryLevel:100}]
"[{""Protocol"":""0x2525""","MessageType:""LocationAlarmMessage""",ProtocolHeadType:20,"Imei:""869487064485674""",SerialNo:1069,Mileage:5676668,"Date:""2026-04-21T22:24:37Z""",IopIgnition:false,Latitude:4.7552051544189453,Longitude:-74.1161117553711,Altitude:2560.800048828125,ExternalPowerVoltage:27.89,Rpm:-999,Speed:0.0,SatelliteNumber:13,Azimuth:269,OriginalAlarmCode:23}]