Created,Message,Status
2026-04-16 03:19:59.699,"[{""Protocol"":""0x2525"",""MessageType"":""LocationInfoMessage"",""ProtocolHeadType"":19,""Imei"":""869487064485674"",""SerialNo"":25930,""Mileage"":5209774,""Date"":""2026-04-16T03:20:30Z"",""IopIgnition"":false,""Latitude"":4.7552061080932617,""Longitude"":-74.116004943847656,""Altitude"":2557.5,""ExternalPowerVoltage"":25.66,""Rpm"":-999,""Speed"":0.0,""SatelliteNumber"":15,""Azimuth"":261,""BatteryLevel"":100}]",0x2525130059654A0869487064485674003C38402D000000484F00000007000020000000FFFFFFFFFFFFFFFFFFFF00D5004F7EAE0026041603203000D81F45653B94C2A62A98400000010503912566FFFFFF0000180000FFFFFF
2026-04-16 07:19:56.242,"[{""Protocol"":""0x2525"",""MessageType"":""LocationInfoMessage"",""ProtocolHeadType"":19,""Imei"":""869487064485674"",""SerialNo"":25931,""Mileage"":5209774,""Date"":""2026-04-16T07:20:31Z"",""IopIgnition"":false,""Latitude"":4.7552061080932617,""Longitude"":-74.116004943847656,""Altitude"":2557.5,""ExternalPowerVoltage"":25.52,""Rpm"":-999,""Speed"":0.0,""SatelliteNumber"":18,""Azimuth"":261,""BatteryLevel"":100}]",0x2525130059654B0869487064485674003C38402D000000415200000007000020000000FFFFFFFFFFFFFFFFFFFF00D5004F7EAE0026041607203100D81F45653B94C2A62A98400000010503902552FFFFFF0000130000FFFFFF
2026-04-16 11:06:39.298,"[{""Protocol"":""0x2525"",""MessageType"":""LocationAlarmMessage"",""ProtocolHeadType"":20,""Imei"":""869487064485674"",""SerialNo"":988,""Mileage"":5209774,""Date"":""2026-04-16T11:07:14Z"",""IopIgnition"":true,""Latitude"":4.7552061080932617,""Longitude"":-74.116004943847656,""Altitude"":2557.5,""ExternalPowerVoltage"":25.4,""Rpm"":-999,""Speed"":0.0,""SatelliteNumber"":15,""Azimuth"":261,""OriginalAlarmCode"":22}]",0x252514005903DC0869487064485674003C38402D000000414F00000007000061000000FFFFFFFFFFFFFFFFFFFF16D5004F7EAE0026041611071400D81F45653B94C2A62A98400000010503902540FFFFFF0000110000FFFFFF
2026-04-16 11:07:40.272,"[{""Protocol"":""0x2525"",""MessageType"":""LocationInfoMessage"",""ProtocolHeadType"":19,""Imei"":""869487064485674"",""SerialNo"":25932,""Mileage"":5209774,""Date"":""2026-04-16T11:08:15Z"",""IopIgnition"":true,""Latitude"":4.7552061080932617,""Longitude"":-74.116004943847656,""Altitude"":2557.5,""ExternalPowerVoltage"":28.16,""Rpm"":-999,""Speed"":0.0,""SatelliteNumber"":16,""Azimuth"":261,""BatteryLevel"":100}]",0x2525130059654C0869487064485674003C38402D000000445000000007000061000000FFFFFFFFFFFFFFFFFFFF00D5004F7EAE0026041611081500D81F45653B94C2A62A98400000010503902816FFFFFF0000120000FFFFFF
2026-04-16 11:08:40.189,"[{""Protocol"":""0x2525"",""MessageType"":""LocationInfoMessage"",""ProtocolHeadType"":19,""Imei"":""869487064485674"",""SerialNo"":25933,""Mileage"":5209774,""Date"":""2026-04-16T11:09:15Z"",""IopIgnition"":true,""Latitude"":4.7552061080932617,""Longitude"":-74.116004943847656,""Altitude"":2557.5,""ExternalPowerVoltage"":28.17,""Rpm"":-999,""Speed"":0.0,""SatelliteNumber"":17,""Azimuth"":261,""BatteryLevel"":100}]",0x2525130059654D0869487064485674003C38402D000000485100000007000061000000FFFFFFFFFFFFFFFFFFFF00D5004F7EAE0026041611091500D81F45653B94C2A62A98400000010503902817FFFFFF0000120000FFFFFF
2026-04-16 11:09:40.029,"[{""Protocol"":""0x2525"",""MessageType"":""LocationInfoMessage"",""ProtocolHeadType"":19,""Imei"":""869487064485674"",""SerialNo"":25934,""Mileage"":5209774,""Date"":""2026-04-16T11:10:15Z"",""IopIgnition"":true,""Latitude"":4.7552061080932617,""Longitude"":-74.116004943847656,""Altitude"":2557.5,""ExternalPowerVoltage"":28.16,""Rpm"":-999,""Speed"":0.0,""SatelliteNumber"":17,""Azimuth"":261,""BatteryLevel"":100}]",0x2525130059654E0869487064485674003C38402D000000445100000007000061000000FFFFFFFFFFFFFFFFFFFF00D5004F7EAE0026041611101500D81F45653B94C2A62A98400000010503902816FFFFFF0000120000FFFFFF
2026-04-16 11:10:39.964,"[{""Protocol"":""0x2525"",""MessageType"":""LocationInfoMessage"",""ProtocolHeadType"":19,""Imei"":""869487064485674"",""SerialNo"":25935,""Mileage"":5209774,""Date"":""2026-04-16T11:11:15Z"",""IopIgnition"":true,""Latitude"":4.7552061080932617,""Longitude"":-74.116004943847656,""Altitude"":2557.5,""ExternalPowerVoltage"":28.16,""Rpm"":-999,""Speed"":0.0,""SatelliteNumber"":16,""Azimuth"":261,""BatteryLevel"":100}]",0x2525130059654F0869487064485674003C38402D000000445000000007000061000000FFFFFFFFFFFFFFFFFFFF00D5004F7EAE0026041611111500D81F45653B94C2A62A98400000010503902816FFFFFF0000120000FFFFFF
2026-04-16 11:11:23.822,"[{""Protocol"":""0x2525"",""MessageType"":""LocationInfoMessage"",""ProtocolHeadType"":19,""Imei"":""869487064485674"",""SerialNo"":25936,""Mileage"":5209823,""Date"":""2026-04-16T11:11:59Z"",""IopIgnition"":true,""Latitude"":4.7552294731140137,""Longitude"":-74.116439819335938,""Altitude"":2558.800048828125,""ExternalPowerVoltage"":28.16,""Rpm"":-999,""Speed"":5.0,""SatelliteNumber"":17,""Azimuth"":102,""BatteryLevel"":100}]",0x252513005965500869487064485674003C38402D000000485100000007000061000000FFFFFFFFFFFFFFFFFFFF00D5004F7EDF00260416111159CDEC1F459E3B94C2D72A98400050006603902816FFFFFF0000120000FFFFFF
2026-04-16 11:12:39.724,"[{""Protocol"":""0x2525"",""MessageType"":""LocationInfoMessage"",""ProtocolHeadType"":19,""Imei"":""869487064485674"",""SerialNo"":25937,""Mileage"":5209831,""Date"":""2026-04-16T11:13:15Z"",""IopIgnition"":true,""Latitude"":4.755218505859375,""Longitude"":-74.116378784179688,""Altitude"":2559.5,""ExternalPowerVoltage"":28.16,""Rpm"":-999,""Speed"":0.0,""SatelliteNumber"":16,""Azimuth"":113,""BatteryLevel"":100}]",0x252513005965510869487064485674003C38402D000000595000000007000061000000FFFFFFFFFFFFFFFFFFFF00D5004F7EE70026041611131500F81F45963B94C2C02A98400000007103902816FFFFFF0000120000FFFFFF
2026-04-16 11:13:39.538,"[{""Protocol"":""0x2525"",""MessageType"":""LocationInfoMessage"",""ProtocolHeadType"":19,""Imei"":""869487064485674"",""SerialNo"":25938,""Mileage"":5209831,""Date"":""2026-04-16T11:14:15Z"",""IopIgnition"":true,""Latitude"":4.755218505859375,""Longitude"":-74.116378784179688,""Altitude"":2559.5,""ExternalPowerVoltage"":28.1,""Rpm"":-999,""Speed"":0.0,""SatelliteNumber"":16,""Azimuth"":113,""BatteryLevel"":100}]",0x252513005965520869487064485674003C38402D0000003E5000000007000061000000FFFFFFFFFFFFFFFFFFFF00D5004F7EE70026041611141500F81F45963B94C2C02A98400000007103902810FFFFFF0000130000FFFFFF
2026-04-16 11:14:39.413,"[{""Protocol"":""0x2525"",""MessageType"":""LocationInfoMessage"",""ProtocolHeadType"":19,""Imei"":""869487064485674"",""SerialNo"":25939,""Mileage"":5209831,""Date"":""2026-04-16T11:15:14Z"",""IopIgnition"":true,""Latitude"":4.755218505859375,""Longitude"":-74.116378784179688,""Altitude"":2559.5,""ExternalPowerVoltage"":28.06,""Rpm"":-999,""Speed"":0.0,""SatelliteNumber"":16,""Azimuth"":113,""BatteryLevel"":100}]",0x252513005965530869487064485674003C38402D000000525000000007000061000000FFFFFFFFFFFFFFFFFFFF00D5004F7EE70026041611151400F81F45963B94C2C02A98400000007103902806FFFFFF0000120000FFFFFF
2026-04-16 11:15:40.236,"[{""Protocol"":""0x2525"",""MessageType"":""LocationInfoMessage"",""ProtocolHeadType"":19,""Imei"":""869487064485674"",""SerialNo"":25940,""Mileage"":5209831,""Date"":""2026-04-16T11:16:15Z"",""IopIgnition"":true,""Latitude"":4.755218505859375,""Longitude"":-74.116378784179688,""Altitude"":2559.5,""ExternalPowerVoltage"":28.13,""Rpm"":-999,""Speed"":0.0,""SatelliteNumber"":16,""Azimuth"":113,""BatteryLevel"":100}]",0x252513005965540869487064485674003C38402D000000595000000007000061000000FFFFFFFFFFFFFFFFFFFF00D5004F7EE70026041611161500F81F45963B94C2C02A98400000007103902813FFFFFF0000120000FFFFFF
2026-04-16 11:16:40.230,"[{""Protocol"":""0x2525"",""MessageType"":""LocationInfoMessage"",""ProtocolHeadType"":19,""Imei"":""869487064485674"",""SerialNo"":25941,""Mileage"":5209831,""Date"":""2026-04-16T11:17:15Z"",""IopIgnition"":true,""Latitude"":4.755218505859375,""Longitude"":-74.116378784179688,""Altitude"":2559.5,""ExternalPowerVoltage"":28.15,""Rpm"":-999,""Speed"":0.0,""SatelliteNumber"":15,""Azimuth"":113,""BatteryLevel"":100}]",0x252513005965550869487064485674003C38402D000000524F00000007000061000000FFFFFFFFFFFFFFFFFFFF00D5004F7EE70026041611171500F81F45963B94C2C02A98400000007103902815FFFFFF0000120000FFFFFF
2026-04-16 11:17:40.037,"[{""Protocol"":""0x2525"",""MessageType"":""LocationInfoMessage"",""ProtocolHeadType"":19,""Imei"":""869487064485674"",""SerialNo"":25942,""Mileage"":5209831,""Date"":""2026-04-16T11:18:15Z"",""IopIgnition"":true,""Latitude"":4.755218505859375,""Longitude"":-74.116378784179688,""Altitude"":2559.5,""ExternalPowerVoltage"":28.14,""Rpm"":-999,""Speed"":0.0,""SatelliteNumber"":16,""Azimuth"":113,""BatteryLevel"":100}]",0x252513005965560869487064485674003C38402D0000004F5000000007000061000000FFFFFFFFFFFFFFFFFFFF00D5004F7EE70026041611181500F81F45963B94C2C02A98400000007103902814FFFFFF0000120000FFFFFF
2026-04-16 11:18:39.983,"[{""Protocol"":""0x2525"",""MessageType"":""LocationInfoMessage"",""ProtocolHeadType"":19,""Imei"":""869487064485674"",""SerialNo"":25943,""Mileage"":5209831,""Date"":""2026-04-16T11:19:15Z"",""IopIgnition"":true,""Latitude"":4.755218505859375,""Longitude"":-74.116378784179688,""Altitude"":2559.5,""ExternalPowerVoltage"":28.16,""Rpm"":-999,""Speed"":0.0,""SatelliteNumber"":16,""Azimuth"":113,""BatteryLevel"":100}]",0x252513005965570869487064485674003C38402D000000565000000007000061000000FFFFFFFFFFFFFFFFFFFF00D5004F7EE70026041611191500F81F45963B94C2C02A98400000007103902816FFFFFF0000120000FFFFFF
2026-04-16 11:19:39.783,"[{""Protocol"":""0x2525"",""MessageType"":""LocationInfoMessage"",""ProtocolHeadType"":19,""Imei"":""869487064485674"",""SerialNo"":25944,""Mileage"":5209831,""Date"":""2026-04-16T11:20:15Z"",""IopIgnition"":true,""Latitude"":4.755218505859375,""Longitude"":-74.116378784179688,""Altitude"":2559.5,""ExternalPowerVoltage"":28.14,""Rpm"":-999,""Speed"":0.0,""SatelliteNumber"":15,""Azimuth"":113,""BatteryLevel"":100}]",0x252513005965580869487064485674003C38402D000000524F00000007000061000000FFFFFFFFFFFFFFFFFFFF00D5004F7EE70026041611201500F81F45963B94C2C02A98400000007103902814FFFFFF0000120000FFFFFF
2026-04-16 11:20:40.074,"[{""Protocol"":""0x2525"",""MessageType"":""LocationInfoMessage"",""ProtocolHeadType"":19,""Imei"":""869487064485674"",""SerialNo"":25945,""Mileage"":5209917,""Date"":""2026-04-16T11:21:15Z"",""IopIgnition"":true,""Latitude"":4.7550044059753418,""Longitude"":-74.115684509277344,""Altitude"":2559.5,""ExternalPowerVoltage"":28.16,""Rpm"":-999,""Speed"":8.0,""SatelliteNumber"":17,""Azimuth"":163,""BatteryLevel"":100}]",0x252513005965590869487064485674003C38402D000000445100000007000061000000FFFFFFFFFFFFFFFFFFFF00D5004F7F3D0026041611211500F81F453B3B94C2FF289840008000A303902816FFFFFF0000120000FFFFFF
2026-04-16 11:20:40.202,"[{""Protocol"":""0x2525"",""MessageType"":""LocationInfoMessage"",""ProtocolHeadType"":19,""Imei"":""869487064485674"",""SerialNo"":25946,""Mileage"":5209917,""Date"":""2026-04-16T11:21:15Z"",""IopIgnition"":true,""Latitude"":4.7550044059753418,""Longitude"":-74.115684509277344,""Altitude"":2559.5,""ExternalPowerVoltage"":28.16,""Rpm"":-999,""Speed"":8.0,""SatelliteNumber"":17,""Azimuth"":163,""BatteryLevel"":100}]",0x2525130059655A0869487064485674003C38402D00000044D100000007000061000000FFFFFFFFFFFFFFFFFFFF00D5004F7F3D0026041611211500F81F453B3B94C2FF289840008000A303902816FFFFFF0000120000FFFFFF
2026-04-16 11:22:28.846,"[{""Protocol"":""0x2525"",""MessageType"":""LocationInfoMessage"",""ProtocolHeadType"":19,""Imei"":""869487064485674"",""SerialNo"":25947,""Mileage"":5210279,""Date"":""2026-04-16T11:23:04Z"",""IopIgnition"":true,""Latitude"":4.7518043518066406,""Longitude"":-74.116081237792969,""Altitude"":2558.60009765625,""ExternalPowerVoltage"":28.17,""Rpm"":-999,""Speed"":12.0,""SatelliteNumber"":16,""Azimuth"":104,""BatteryLevel"":100}]",0x2525130059655B0869487064485674003C38402D000000645000000007000061000000FFFFFFFFFFFFFFFFFFFF00D5004F80A7002604161123049AE91F456F3B94C2C80E98400120006803902817FFFFFF0000130000FFFFFF
2026-04-16 11:23:39.620,"[{""Protocol"":""0x2525"",""MessageType"":""LocationInfoMessage"",""ProtocolHeadType"":19,""Imei"":""869487064485674"",""SerialNo"":25948,""Mileage"":5210542,""Date"":""2026-04-16T11:24:15Z"",""IopIgnition"":true,""Latitude"":4.7513408660888672,""Longitude"":-74.11376953125,""Altitude"":2560.699951171875,""ExternalPowerVoltage"":28.08,""Rpm"":-999,""Speed"":5.0,""SatelliteNumber"":15,""Azimuth"":112,""BatteryLevel"":100}]",0x2525130059655C0869487064485674003C38402D000000644F00000007000061000000FFFFFFFFFFFFFFFFFFFF00D5004F81AE00260416112415330B2045403A94C2FC0A98400050007003902808FFFFFF0000130000FFFFFF
2026-04-16 11:23:42.748,"[{""Protocol"":""0x2525"",""MessageType"":""LocationInfoMessage"",""ProtocolHeadType"":19,""Imei"":""869487064485674"",""SerialNo"":25949,""Mileage"":5210546,""Date"":""2026-04-16T11:24:18Z"",""IopIgnition"":true,""Latitude"":4.7513060569763184,""Longitude"":-74.1137466430664,""Altitude"":2559.10009765625,""ExternalPowerVoltage"":28.09,""Rpm"":-999,""Speed"":13.0,""SatelliteNumber"":16,""Azimuth"":177,""BatteryLevel"":100}]",0x2525130059655D0869487064485674003C38402D000000645000000007000061000000FFFFFFFFFFFFFFFFFFFF00D5004F81B2002604161124189AF11F453D3A94C2B30A9840013000B103902809FFFFFF0000130000FFFFFF
2026-04-16 11:23:55.764,"[{""Protocol"":""0x2525"",""MessageType"":""LocationInfoMessage"",""ProtocolHeadType"":19,""Imei"":""869487064485674"",""SerialNo"":25950,""Mileage"":5210589,""Date"":""2026-04-16T11:24:31Z"",""IopIgnition"":true,""Latitude"":4.7509622573852539,""Longitude"":-74.113861083984375,""Altitude"":2562.60009765625,""ExternalPowerVoltage"":28.07,""Rpm"":-999,""Speed"":12.0,""SatelliteNumber"":16,""Azimuth"":124,""BatteryLevel"":100}]",0x2525130059655E0869487064485674003C38402D000000645000000007000061000000FFFFFFFFFFFFFFFFFFFF00D5004F81DD002604161124319A2920454C3A94C2E20798400120007C03902807FFFFFF0000130000FFFFFF
2026-04-16 11:24:03.822,"[{""Protocol"":""0x2525"",""MessageType"":""LocationInfoMessage"",""ProtocolHeadType"":19,""Imei"":""869487064485674"",""SerialNo"":25951,""Mileage"":5210623,""Date"":""2026-04-16T11:24:39Z"",""IopIgnition"":true,""Latitude"":4.750823974609375,""Longitude"":-74.113601684570313,""Altitude"":2560.699951171875,""ExternalPowerVoltage"":28.04,""Rpm"":-999,""Speed"":11.0,""SatelliteNumber"":16,""Azimuth"":181,""BatteryLevel"":100}]",0x2525130059655F0869487064485674003C38402D000000645000000007000061000000FFFFFFFFFFFFFFFFFFFF00D5004F81FF00260416112439330B20452A3A94C2C0069840011000B503902804FFFFFF0000150000FFFFFF
2026-04-16 11:24:29.762,"[{""Protocol"":""0x2525"",""MessageType"":""LocationInfoMessage"",""ProtocolHeadType"":19,""Imei"":""869487064485674"",""SerialNo"":25952,""Mileage"":5210794,""Date"":""2026-04-16T11:25:05Z"",""IopIgnition"":true,""Latitude"":4.7495346069335938,""Longitude"":-74.114418029785156,""Altitude"":2559.699951171875,""ExternalPowerVoltage"":28.16,""Rpm"":-999,""Speed"":16.0,""SatelliteNumber"":16,""Azimuth"":228,""BatteryLevel"":100}]",0x252513005965600869487064485674003C38402D000000645000000007000061000000FFFFFFFFFFFFFFFFFFFF00D5004F82AA0026041611250533FB1F45953A94C230FC9740016000E403902816FFFFFF0000130000FFFFFF
2026-04-16 11:25:39.571,"[{""Protocol"":""0x2525"",""MessageType"":""LocationInfoMessage"",""ProtocolHeadType"":19,""Imei"":""869487064485674"",""SerialNo"":25953,""Mileage"":5210978,""Date"":""2026-04-16T11:26:15Z"",""IopIgnition"":true,""Latitude"":4.7481622695922852,""Longitude"":-74.115325927734375,""Altitude"":2562.199951171875,""ExternalPowerVoltage"":28.13,""Rpm"":-999,""Speed"":0.0,""SatelliteNumber"":15,""Azimuth"":211,""BatteryLevel"":100}]",0x252513005965610869487064485674003C38402D000000644F00000007000061000000FFFFFFFFFFFFFFFFFFFF00D5004F836200260416112615332320450C3B94C2F2F09740000000D303902813FFFFFF0000130000FFFFFF
2026-04-16 11:26:39.383,"[{""Protocol"":""0x2525"",""MessageType"":""LocationInfoMessage"",""ProtocolHeadType"":19,""Imei"":""869487064485674"",""SerialNo"":25954,""Mileage"":5210978,""Date"":""2026-04-16T11:27:14Z"",""IopIgnition"":true,""Latitude"":4.7481622695922852,""Longitude"":-74.115325927734375,""Altitude"":2562.199951171875,""ExternalPowerVoltage"":28.07,""Rpm"":-999,""Speed"":0.0,""SatelliteNumber"":16,""Azimuth"":211,""BatteryLevel"":100}]",0x252513005965620869487064485674003C38402D000000645000000007000061000000FFFFFFFFFFFFFFFFFFFF00D5004F836200260416112714332320450C3B94C2F2F09740000000D303902807FFFFFF0000120000FFFFFF
2026-04-16 11:26:59.407,"[{""Protocol"":""0x2525"",""MessageType"":""LocationAlarmMessage"",""ProtocolHeadType"":20,""Imei"":""869487064485674"",""SerialNo"":989,""Mileage"":5210978,""Date"":""2026-04-16T11:27:34Z"",""IopIgnition"":false,""Latitude"":4.7481622695922852,""Longitude"":-74.115325927734375,""Altitude"":2562.199951171875,""ExternalPowerVoltage"":27.89,""Rpm"":-999,""Speed"":0.0,""SatelliteNumber"":17,""Azimuth"":211,""OriginalAlarmCode"":23}]",0x252514005903DD0869487064485674003C38402D000000645100000007000020000000FFFFFFFFFFFFFFFFFFFF17D5004F836200260416112734332320450C3B94C2F2F09740000000D303902789FFFFFF0000130000FFFFFF
2026-04-16 11:50:32.514,"[{""Protocol"":""0x2525"",""MessageType"":""LocationAlarmMessage"",""ProtocolHeadType"":20,""Imei"":""869487064485674"",""SerialNo"":990,""Mileage"":5210978,""Date"":""2026-04-16T11:51:03Z"",""IopIgnition"":true,""Latitude"":4.7481622695922852,""Longitude"":-74.115325927734375,""Altitude"":2562.199951171875,""ExternalPowerVoltage"":25.02,""Rpm"":-999,""Speed"":0.0,""SatelliteNumber"":15,""Azimuth"":211,""OriginalAlarmCode"":22}]",0x252514005903DE0869487064485674003C38402D000000604F00000007000061000000FFFFFFFFFFFFFFFFFFFF16D5004F836200260416115103332320450C3B94C2F2F09740000000D303902502FFFFFF0000140000FFFFFF
2026-04-16 11:51:33.275,"[{""Protocol"":""0x2525"",""MessageType"":""LocationInfoMessage"",""ProtocolHeadType"":19,""Imei"":""869487064485674"",""SerialNo"":25955,""Mileage"":5210994,""Date"":""2026-04-16T11:52:04Z"",""IopIgnition"":true,""Latitude"":4.7480430603027344,""Longitude"":-74.115394592285156,""Altitude"":2563.5,""ExternalPowerVoltage"":28.1,""Rpm"":-999,""Speed"":12.0,""SatelliteNumber"":16,""Azimuth"":208,""BatteryLevel"":100}]",0x252513005965630869487064485674003C38402D0000005D5000000007000061000000FFFFFFFFFFFFFFFFFFFF00D5004F83720026041611520400382045153B94C2F8EF9740012000D003902810FFFFFF0000140000FFFFFF
2026-04-16 11:51:46.861,"[{""Protocol"":""0x2525"",""MessageType"":""LocationInfoMessage"",""ProtocolHeadType"":19,""Imei"":""869487064485674"",""SerialNo"":25956,""Mileage"":5211038,""Date"":""2026-04-16T11:52:18Z"",""IopIgnition"":true,""Latitude"":4.7477545738220215,""Longitude"":-74.11566162109375,""Altitude"":2564.300048828125,""ExternalPowerVoltage"":27.89,""Rpm"":-999,""Speed"":12.0,""SatelliteNumber"":16,""Azimuth"":267,""BatteryLevel"":100}]",0x252513005965640869487064485674003C38402D0000004B5000000007000061000000FFFFFFFFFFFFFFFFFFFF00D5004F839E00260416115218CD442045383B94C29BED97400120010B03902789FFFFFF0000160000FFFFFF
2026-04-16 11:52:52.284,"[{""Protocol"":""0x2525"",""MessageType"":""LocationInfoMessage"",""ProtocolHeadType"":19,""Imei"":""869487064485674"",""SerialNo"":25957,""Mileage"":5211387,""Date"":""2026-04-16T11:53:21Z"",""IopIgnition"":true,""Latitude"":4.7480401992797852,""Longitude"":-74.1187744140625,""Altitude"":2558.39990234375,""ExternalPowerVoltage"":28.02,""Rpm"":-999,""Speed"":13.0,""SatelliteNumber"":15,""Azimuth"":218,""BatteryLevel"":100}]",0x252513005965650869487064485674003C38402D0000004F4F00000007000061000000FFFFFFFFFFFFFFFFFFFF00D5004F84FB0026041611532166E61F45D03C94C2F2EF9740013000DA03902802FFFFFF0000150000FFFFFF
2026-04-16 11:52:57.825,"[{""Protocol"":""0x2525"",""MessageType"":""LocationInfoMessage"",""ProtocolHeadType"":19,""Imei"":""869487064485674"",""SerialNo"":25958,""Mileage"":5211427,""Date"":""2026-04-16T11:53:29Z"",""IopIgnition"":true,""Latitude"":4.747683048248291,""Longitude"":-74.118820190429688,""Altitude"":2557.199951171875,""ExternalPowerVoltage"":28.0,""Rpm"":-999,""Speed"":9.0,""SatelliteNumber"":15,""Azimuth"":171,""BatteryLevel"":100}]",0x252513005965660869487064485674003C38402D0000004F4F00000007000061000000FFFFFFFFFFFFFFFFFFFF00D5004F85230026041611532933D31F45D63C94C205ED9740009000AB03902800FFFFFF0000150000FFFFFF
2026-04-16 11:53:45.878,"[{""Protocol"":""0x2525"",""MessageType"":""LocationInfoMessage"",""ProtocolHeadType"":19,""Imei"":""869487064485674"",""SerialNo"":25959,""Mileage"":5211466,""Date"":""2026-04-16T11:54:17Z"",""IopIgnition"":true,""Latitude"":4.7473506927490234,""Longitude"":-74.118904113769531,""Altitude"":2560.39990234375,""ExternalPowerVoltage"":28.12,""Rpm"":-999,""Speed"":9.0,""SatelliteNumber"":16,""Azimuth"":278,""BatteryLevel"":100}]",0x252513005965670869487064485674003C38402D000000485000000007000061000000FFFFFFFFFFFFFFFFFFFF00D5004F854A0026041611541766062045E13C94C24CEA97400090011603902812FFFFFF0000140000FFFFFF
2026-04-16 11:54:16.910,"[{""Protocol"":""0x2525"",""MessageType"":""LocationInfoMessage"",""ProtocolHeadType"":19,""Imei"":""869487064485674"",""SerialNo"":25960,""Mileage"":5211677,""Date"":""2026-04-16T11:54:48Z"",""IopIgnition"":true,""Latitude"":4.7475419044494629,""Longitude"":-74.12078857421875,""Altitude"":2561.39990234375,""ExternalPowerVoltage"":28.04,""Rpm"":-999,""Speed"":12.0,""SatelliteNumber"":16,""Azimuth"":225,""BatteryLevel"":100}]",0x252513005965680869487064485674003C38402D0000003A5000000007000061000000FFFFFFFFFFFFFFFFFFFF00D5004F861D0026041611544866162045D83D94C2DDEB9740012000E103902804FFFFFF0000150000FFFFFF
2026-04-16 11:54:18.790,"[{""Protocol"":""0x2525"",""MessageType"":""LocationInfoMessage"",""ProtocolHeadType"":19,""Imei"":""869487064485674"",""SerialNo"":25961,""Mileage"":5211686,""Date"":""2026-04-16T11:54:50Z"",""IopIgnition"":true,""Latitude"":4.74747371673584,""Longitude"":-74.120811462402344,""Altitude"":2562.0,""ExternalPowerVoltage"":28.09,""Rpm"":-999,""Speed"":16.0,""SatelliteNumber"":16,""Azimuth"":166,""BatteryLevel"":100}]",0x252513005965690869487064485674003C38402D000000415000000007000061000000FFFFFFFFFFFFFFFFFFFF00D5004F86260026041611545000202045DB3D94C24EEB9740016000A603902809FFFFFF0000160000FFFFFF
2026-04-16 11:54:44.914,"[{""Protocol"":""0x2525"",""MessageType"":""LocationInfoMessage"",""ProtocolHeadType"":19,""Imei"":""869487064485674"",""SerialNo"":25962,""Mileage"":5211803,""Date"":""2026-04-16T11:55:16Z"",""IopIgnition"":true,""Latitude"":4.7465109825134277,""Longitude"":-74.120491027832031,""Altitude"":2563.10009765625,""ExternalPowerVoltage"":28.05,""Rpm"":-999,""Speed"":10.0,""SatelliteNumber"":17,""Azimuth"":246,""BatteryLevel"":100}]",0x2525130059656A0869487064485674003C38402D0000004F5100000007000061000000FFFFFFFFFFFFFFFFFFFF00D5004F869B002604161155169A312045B13D94C26BE39740010000F603902805FFFFFF0000150000FFFFFF
2026-04-16 11:56:32.718,"[{""Protocol"":""0x2525"",""MessageType"":""LocationInfoMessage"",""ProtocolHeadType"":19,""Imei"":""869487064485674"",""SerialNo"":25963,""Mileage"":5211848,""Date"":""2026-04-16T11:57:04Z"",""IopIgnition"":true,""Latitude"":4.7464241981506348,""Longitude"":-74.120887756347656,""Altitude"":2559.699951171875,""ExternalPowerVoltage"":27.99,""Rpm"":-999,""Speed"":0.0,""SatelliteNumber"":12,""Azimuth"":241,""BatteryLevel"":100}]",0x2525130059656B0869487064485674003C38402D000000644C00000007000061000000FFFFFFFFFFFFFFFFFFFF00D5004F86C80026041611570433FB1F45E53D94C2B5E29740000000F103902799FFFFFF0000140001FFFFFF
2026-04-16 11:56:37.509,"[{""Protocol"":""0x2525"",""MessageType"":""LocationAlarmMessage"",""ProtocolHeadType"":20,""Imei"":""869487064485674"",""SerialNo"":991,""Mileage"":5211848,""Date"":""2026-04-16T11:57:08Z"",""IopIgnition"":false,""Latitude"":4.7464241981506348,""Longitude"":-74.120887756347656,""Altitude"":2559.699951171875,""ExternalPowerVoltage"":27.93,""Rpm"":-999,""Speed"":0.0,""SatelliteNumber"":12,""Azimuth"":241,""OriginalAlarmCode"":23}]",0x252514005903DF0869487064485674003C38402D000000644C00000007000020000000FFFFFFFFFFFFFFFFFFFF17D5004F86C80026041611570833FB1F45E53D94C2B5E29740000000F103902793FFFFFF0000140001FFFFFF
2026-04-16 12:23:49.912,"[{""Protocol"":""0x2525"",""MessageType"":""LocationAlarmMessage"",""ProtocolHeadType"":20,""Imei"":""869487064485674"",""SerialNo"":992,""Mileage"":5211848,""Date"":""2026-04-16T12:24:25Z"",""IopIgnition"":true,""Latitude"":4.7464241981506348,""Longitude"":-74.120887756347656,""Altitude"":2559.699951171875,""ExternalPowerVoltage"":25.02,""Rpm"":-999,""Speed"":0.0,""SatelliteNumber"":12,""Azimuth"":241,""OriginalAlarmCode"":22}]",0x252514005903E00869487064485674003C38402D000000644C00000007000061000000FFFFFFFFFFFFFFFFFFFF16D5004F86C80026041612242533FB1F45E53D94C2B5E29740000000F103902502FFFFFF0000160001FFFFFF
2026-04-16 12:24:50.691,"[{""Protocol"":""0x2525"",""MessageType"":""LocationInfoMessage"",""ProtocolHeadType"":19,""Imei"":""869487064485674"",""SerialNo"":25964,""Mileage"":5211848,""Date"":""2026-04-16T12:25:26Z"",""IopIgnition"":true,""Latitude"":4.7464241981506348,""Longitude"":-74.120887756347656,""Altitude"":2559.699951171875,""ExternalPowerVoltage"":27.98,""Rpm"":-999,""Speed"":0.0,""SatelliteNumber"":12,""Azimuth"":241,""BatteryLevel"":100}]",0x2525130059656C0869487064485674003C38402D000000644C00000007000061000000FFFFFFFFFFFFFFFFFFFF00D5004F86C80026041612252633FB1F45E53D94C2B5E29740000000F103902798FFFFFF0000160001FFFFFF
2026-04-16 12:25:50.514,"[{""Protocol"":""0x2525"",""MessageType"":""LocationInfoMessage"",""ProtocolHeadType"":19,""Imei"":""869487064485674"",""SerialNo"":25965,""Mileage"":5211848,""Date"":""2026-04-16T12:26:26Z"",""IopIgnition"":true,""Latitude"":4.7464241981506348,""Longitude"":-74.120887756347656,""Altitude"":2559.699951171875,""ExternalPowerVoltage"":27.99,""Rpm"":-999,""Speed"":0.0,""SatelliteNumber"":16,""Azimuth"":241,""BatteryLevel"":100}]",0x2525130059656D0869487064485674003C38402D000000645000000007000061000000FFFFFFFFFFFFFFFFFFFF00D5004F86C80026041612262633FB1F45E53D94C2B5E29740000000F103902799FFFFFF0000160000FFFFFF
2026-04-16 12:26:50.300,"[{""Protocol"":""0x2525"",""MessageType"":""LocationInfoMessage"",""ProtocolHeadType"":19,""Imei"":""869487064485674"",""SerialNo"":25966,""Mileage"":5212185,""Date"":""2026-04-16T12:27:25Z"",""IopIgnition"":true,""Latitude"":4.7454314231872559,""Longitude"":-74.1237564086914,""Altitude"":2564.39990234375,""ExternalPowerVoltage"":28.12,""Rpm"":-999,""Speed"":29.0,""SatelliteNumber"":15,""Azimuth"":251,""BatteryLevel"":100}]",0x2525130059656E0869487064485674003C38402D000000604F00000007000061000000FFFFFFFFFFFFFFFFFFFF00D5004F881900260416122725664620455D3F94C293DA9740029000FB03902812FFFFFF0000170000FFFFFF
2026-04-16 12:27:51.154,"[{""Protocol"":""0x2525"",""MessageType"":""LocationInfoMessage"",""ProtocolHeadType"":19,""Imei"":""869487064485674"",""SerialNo"":25967,""Mileage"":5212653,""Date"":""2026-04-16T12:28:26Z"",""IopIgnition"":true,""Latitude"":4.74412202835083,""Longitude"":-74.12774658203125,""Altitude"":2565.300048828125,""ExternalPowerVoltage"":27.99,""Rpm"":-999,""Speed"":15.0,""SatelliteNumber"":16,""Azimuth"":282,""BatteryLevel"":100}]",0x2525130059656F0869487064485674003C38402D0000004F5000000007000061000000FFFFFFFFFFFFFFFFFFFF00D5004F89ED00260416122826CD542045684194C2D9CF97400150011A03902799FFFFFF0000180000FFFFFF
2026-04-16 12:28:50.942,"[{""Protocol"":""0x2525"",""MessageType"":""LocationInfoMessage"",""ProtocolHeadType"":19,""Imei"":""869487064485674"",""SerialNo"":25968,""Mileage"":5212677,""Date"":""2026-04-16T12:29:26Z"",""IopIgnition"":true,""Latitude"":4.7441978454589844,""Longitude"":-74.1279525756836,""Altitude"":2567.0,""ExternalPowerVoltage"":28.04,""Rpm"":-999,""Speed"":0.0,""SatelliteNumber"":17,""Azimuth"":289,""BatteryLevel"":100}]",0x252513005965700869487064485674003C38402D000000595100000007000061000000FFFFFFFFFFFFFFFFFFFF00D5004F8A050026041612292600702045834194C278D097400000012103902804FFFFFF0000170000FFFFFF
2026-04-16 12:29:50.747,"[{""Protocol"":""0x2525"",""MessageType"":""LocationInfoMessage"",""ProtocolHeadType"":19,""Imei"":""869487064485674"",""SerialNo"":25969,""Mileage"":5212677,""Date"":""2026-04-16T12:30:26Z"",""IopIgnition"":true,""Latitude"":4.7441978454589844,""Longitude"":-74.1279525756836,""Altitude"":2567.0,""ExternalPowerVoltage"":27.91,""Rpm"":-999,""Speed"":0.0,""SatelliteNumber"":17,""Azimuth"":289,""BatteryLevel"":100}]",0x252513005965710869487064485674003C38402D000000415100000007000061000000FFFFFFFFFFFFFFFFFFFF00D5004F8A050026041612302600702045834194C278D097400000012103902791FFFFFF0000180000FFFFFF
2026-04-16 12:30:50.568,"[{""Protocol"":""0x2525"",""MessageType"":""LocationInfoMessage"",""ProtocolHeadType"":19,""Imei"":""869487064485674"",""SerialNo"":25970,""Mileage"":5212690,""Date"":""2026-04-16T12:31:26Z"",""IopIgnition"":true,""Latitude"":4.7442488670349121,""Longitude"":-74.128059387207031,""Altitude"":2567.60009765625,""ExternalPowerVoltage"":28.1,""Rpm"":-999,""Speed"":10.0,""SatelliteNumber"":17,""Azimuth"":284,""BatteryLevel"":100}]",0x252513005965720869487064485674003C38402D000000445100000007000061000000FFFFFFFFFFFFFFFFFFFF00D5004F8A12002604161231269A792045914194C2E3D097400100011C03902810FFFFFF0000180000FFFFFF
2026-04-16 12:31:12.801,"[{""Protocol"":""0x2525"",""MessageType"":""LocationInfoMessage"",""ProtocolHeadType"":19,""Imei"":""869487064485674"",""SerialNo"":25971,""Mileage"":5212767,""Date"":""2026-04-16T12:31:48Z"",""IopIgnition"":true,""Latitude"":4.74439001083374,""Longitude"":-74.128715515136719,""Altitude"":2561.5,""ExternalPowerVoltage"":28.05,""Rpm"":-999,""Speed"":11.0,""SatelliteNumber"":16,""Azimuth"":222,""BatteryLevel"":100}]",0x252513005965730869487064485674003C38402D0000003E5000000007000061000000FFFFFFFFFFFFFFFFFFFF00D5004F8A5F0026041612314800182045E74194C20BD29740011000DE03902805FFFFFF0000180000FFFFFF
2026-04-16 12:32:19.828,"[{""Protocol"":""0x2525"",""MessageType"":""LocationInfoMessage"",""ProtocolHeadType"":19,""Imei"":""869487064485674"",""SerialNo"":25972,""Mileage"":5213161,""Date"":""2026-04-16T12:32:55Z"",""IopIgnition"":true,""Latitude"":4.7418375015258789,""Longitude"":-74.130584716796875,""Altitude"":2559.0,""ExternalPowerVoltage"":28.02,""Rpm"":-999,""Speed"":6.0,""SatelliteNumber"":17,""Azimuth"":170,""BatteryLevel"":100}]",0x252513005965740869487064485674003C38402D000000415100000007000061000000FFFFFFFFFFFFFFFFFFFF00D5004F8BE90026041612325500F01F45DC4294C222BD9740006000AA03902802FFFFFF0000180000FFFFFF
2026-04-16 12:32:56.806,"[{""Protocol"":""0x2525"",""MessageType"":""LocationInfoMessage"",""ProtocolHeadType"":19,""Imei"":""869487064485674"",""SerialNo"":25973,""Mileage"":5213373,""Date"":""2026-04-16T12:33:32Z"",""IopIgnition"":true,""Latitude"":4.74012565612793,""Longitude"":-74.129806518554688,""Altitude"":2558.199951171875,""ExternalPowerVoltage"":28.05,""Rpm"":-999,""Speed"":13.0,""SatelliteNumber"":17,""Azimuth"":82,""BatteryLevel"":100}]",0x252513005965750869487064485674003C38402D000000525100000007000061000000FFFFFFFFFFFFFFFFFFFF00D5004F8CBD0026041612333233E31F45764294C21CAF97400130005203902805FFFFFF0000190000FFFFFF
2026-04-16 12:34:50.618,"[{""Protocol"":""0x2525"",""MessageType"":""LocationInfoMessage"",""ProtocolHeadType"":19,""Imei"":""869487064485674"",""SerialNo"":25974,""Mileage"":5213921,""Date"":""2026-04-16T12:35:26Z"",""IopIgnition"":true,""Latitude"":4.7420625686645508,""Longitude"":-74.1252670288086,""Altitude"":2560.800048828125,""ExternalPowerVoltage"":27.98,""Rpm"":-999,""Speed"":0.0,""SatelliteNumber"":16,""Azimuth"":61,""BatteryLevel"":100}]",0x252513005965760869487064485674003C38402D000000645000000007000061000000FFFFFFFFFFFFFFFFFFFF00D5004F8EE100260416123526CD0C2045234094C2FABE97400000003D03902798FFFFFF0000180000FFFFFF
2026-04-16 12:35:50.415,"[{""Protocol"":""0x2525"",""MessageType"":""LocationInfoMessage"",""ProtocolHeadType"":19,""Imei"":""869487064485674"",""SerialNo"":25975,""Mileage"":5213921,""Date"":""2026-04-16T12:36:25Z"",""IopIgnition"":true,""Latitude"":4.7420625686645508,""Longitude"":-74.1252670288086,""Altitude"":2560.800048828125,""ExternalPowerVoltage"":27.91,""Rpm"":-999,""Speed"":0.0,""SatelliteNumber"":16,""Azimuth"":61,""BatteryLevel"":100}]",0x252513005965770869487064485674003C38402D000000645000000007000061000000FFFFFFFFFFFFFFFFFFFF00D5004F8EE100260416123625CD0C2045234094C2FABE97400000003D03902791FFFFFF0000180000FFFFFF
2026-04-16 12:36:51.210,"[{""Protocol"":""0x2525"",""MessageType"":""LocationInfoMessage"",""ProtocolHeadType"":19,""Imei"":""869487064485674"",""SerialNo"":25976,""Mileage"":5213921,""Date"":""2026-04-16T12:37:26Z"",""IopIgnition"":true,""Latitude"":4.7420625686645508,""Longitude"":-74.1252670288086,""Altitude"":2560.800048828125,""ExternalPowerVoltage"":27.91,""Rpm"":-999,""Speed"":0.0,""SatelliteNumber"":16,""Azimuth"":61,""BatteryLevel"":100}]",0x252513005965780869487064485674003C38402D000000645000000007000061000000FFFFFFFFFFFFFFFFFFFF00D5004F8EE100260416123726CD0C2045234094C2FABE97400000003D03902791FFFFFF0000190000FFFFFF
2026-04-16 12:37:51.151,"[{""Protocol"":""0x2525"",""MessageType"":""LocationInfoMessage"",""ProtocolHeadType"":19,""Imei"":""869487064485674"",""SerialNo"":25977,""Mileage"":5214054,""Date"":""2026-04-16T12:38:26Z"",""IopIgnition"":true,""Latitude"":4.742523193359375,""Longitude"":-74.1241683959961,""Altitude"":2558.10009765625,""ExternalPowerVoltage"":28.12,""Rpm"":-999,""Speed"":23.0,""SatelliteNumber"":16,""Azimuth"":69,""BatteryLevel"":100}]",0x252513005965790869487064485674003C38402D000000645000000007000061000000FFFFFFFFFFFFFFFFFFFF00D5004F8F66002604161238269AE11F45933F94C2C0C297400230004503902812FFFFFF0000180000FFFFFF
2026-04-16 12:38:50.813,"[{""Protocol"":""0x2525"",""MessageType"":""LocationInfoMessage"",""ProtocolHeadType"":19,""Imei"":""869487064485674"",""SerialNo"":25978,""Mileage"":5214305,""Date"":""2026-04-16T12:39:26Z"",""IopIgnition"":true,""Latitude"":4.7433409690856934,""Longitude"":-74.122062683105469,""Altitude"":2555.699951171875,""ExternalPowerVoltage"":27.91,""Rpm"":-999,""Speed"":0.0,""SatelliteNumber"":16,""Azimuth"":73,""BatteryLevel"":100}]",0x2525130059657A0869487064485674003C38402D000000645000000007000061000000FFFFFFFFFFFFFFFFFFFF00D5004F90610026041612392633BB1F457F3E94C273C997400000004903902791FFFFFF0000180000FFFFFF
2026-04-16 12:39:50.598,"[{""Protocol"":""0x2525"",""MessageType"":""LocationInfoMessage"",""ProtocolHeadType"":19,""Imei"":""869487064485674"",""SerialNo"":25979,""Mileage"":5214610,""Date"":""2026-04-16T12:40:26Z"",""IopIgnition"":true,""Latitude"":4.7443599700927734,""Longitude"":-74.119522094726563,""Altitude"":2558.39990234375,""ExternalPowerVoltage"":28.12,""Rpm"":-999,""Speed"":34.0,""SatelliteNumber"":16,""Azimuth"":68,""BatteryLevel"":100}]",0x2525130059657B0869487064485674003C38402D000000645000000007000061000000FFFFFFFFFFFFFFFFFFFF00D5004F91920026041612402666E61F45323D94C2CCD197400340004403902812FFFFFF0000190000FFFFFF
2026-04-16 12:40:29.756,"[{""Protocol"":""0x2525"",""MessageType"":""LocationInfoMessage"",""ProtocolHeadType"":19,""Imei"":""869487064485674"",""SerialNo"":25980,""Mileage"":5214916,""Date"":""2026-04-16T12:41:05Z"",""IopIgnition"":true,""Latitude"":4.7451043128967285,""Longitude"":-74.116958618164063,""Altitude"":2563.89990234375,""ExternalPowerVoltage"":28.11,""Rpm"":-999,""Speed"":28.0,""SatelliteNumber"":15,""Azimuth"":114,""BatteryLevel"":100}]",0x2525130059657C0869487064485674003C38402D000000524F00000007000061000000FFFFFFFFFFFFFFFFFFFF00D5004F92C400260416124105663E2045E23B94C2E5D797400280007203902811FFFFFF0000190000FFFFFF
2026-04-16 12:41:50.560,"[{""Protocol"":""0x2525"",""MessageType"":""LocationInfoMessage"",""ProtocolHeadType"":19,""Imei"":""869487064485674"",""SerialNo"":25981,""Mileage"":5215496,""Date"":""2026-04-16T12:42:26Z"",""IopIgnition"":true,""Latitude"":4.7425689697265625,""Longitude"":-74.112388610839844,""Altitude"":2569.199951171875,""ExternalPowerVoltage"":27.93,""Rpm"":-999,""Speed"":11.0,""SatelliteNumber"":16,""Azimuth"":118,""BatteryLevel"":100}]",0x2525130059657D0869487064485674003C38402D0000004B5000000007000061000000FFFFFFFFFFFFFFFFFFFF00D5004F950800260416124226339320458B3994C220C397400110007603902793FFFFFF0000190000FFFFFF
2026-04-16 12:42:50.342,"[{""Protocol"":""0x2525"",""MessageType"":""LocationInfoMessage"",""ProtocolHeadType"":19,""Imei"":""869487064485674"",""SerialNo"":25982,""Mileage"":5215501,""Date"":""2026-04-16T12:43:25Z"",""IopIgnition"":true,""Latitude"":4.742548942565918,""Longitude"":-74.112350463867188,""Altitude"":2569.199951171875,""ExternalPowerVoltage"":27.92,""Rpm"":-999,""Speed"":0.0,""SatelliteNumber"":16,""Azimuth"":119,""BatteryLevel"":100}]",0x2525130059657E0869487064485674003C38402D000000525000000007000061000000FFFFFFFFFFFFFFFFFFFF00D5004F950D0026041612432533932045863994C2F6C297400000007703902792FFFFFF0000180000FFFFFF
2026-04-16 12:43:07.832,"[{""Protocol"":""0x2525"",""MessageType"":""LocationInfoMessage"",""ProtocolHeadType"":19,""Imei"":""869487064485674"",""SerialNo"":25983,""Mileage"":5215539,""Date"":""2026-04-16T12:43:43Z"",""IopIgnition"":true,""Latitude"":4.7424535751342773,""Longitude"":-74.112030029296875,""Altitude"":2568.0,""ExternalPowerVoltage"":28.02,""Rpm"":-999,""Speed"":14.0,""SatelliteNumber"":16,""Azimuth"":62,""BatteryLevel"":100}]",0x2525130059657F0869487064485674003C38402D0000004F5000000007000061000000FFFFFFFFFFFFFFFFFFFF00D5004F953300260416124343008020455C3994C22EC297400140003E03902802FFFFFF0000180000FFFFFF
2026-04-16 12:43:15.731,"[{""Protocol"":""0x2525"",""MessageType"":""LocationInfoMessage"",""ProtocolHeadType"":19,""Imei"":""869487064485674"",""SerialNo"":25984,""Mileage"":5215563,""Date"":""2026-04-16T12:43:51Z"",""IopIgnition"":true,""Latitude"":4.7425613403320313,""Longitude"":-74.111854553222656,""Altitude"":2567.0,""ExternalPowerVoltage"":28.01,""Rpm"":-999,""Speed"":10.0,""SatelliteNumber"":15,""Azimuth"":114,""BatteryLevel"":100}]",0x252513005965800869487064485674003C38402D000000524F00000007000061000000FFFFFFFFFFFFFFFFFFFF00D5004F954B0026041612435100702045453994C210C397400100007203902801FFFFFF00001C0000FFFFFF
2026-04-16 12:43:44.744,"[{""Protocol"":""0x2525"",""MessageType"":""LocationInfoMessage"",""ProtocolHeadType"":19,""Imei"":""869487064485674"",""SerialNo"":25985,""Mileage"":5215706,""Date"":""2026-04-16T12:44:20Z"",""IopIgnition"":true,""Latitude"":4.74165678024292,""Longitude"":-74.11102294921875,""Altitude"":2569.300048828125,""ExternalPowerVoltage"":28.12,""Rpm"":-999,""Speed"":17.0,""SatelliteNumber"":15,""Azimuth"":55,""BatteryLevel"":100}]",0x252513005965810869487064485674003C38402D000000524F00000007000061000000FFFFFFFFFFFFFFFFFFFF00D5004F95DA00260416124420CD942045D83894C2A7BB97400170003703902812FFFFFF0000190000FFFFFF
2026-04-16 12:44:26.801,"[{""Protocol"":""0x2525"",""MessageType"":""LocationInfoMessage"",""ProtocolHeadType"":19,""Imei"":""869487064485674"",""SerialNo"":25986,""Mileage"":5215964,""Date"":""2026-04-16T12:45:02Z"",""IopIgnition"":true,""Latitude"":4.7429614067077637,""Longitude"":-74.109138488769531,""Altitude"":2568.699951171875,""ExternalPowerVoltage"":28.09,""Rpm"":-999,""Speed"":24.0,""SatelliteNumber"":14,""Azimuth"":109,""BatteryLevel"":100}]",0x252513005965820869487064485674003C38402D000000604E00000007000061000000FFFFFFFFFFFFFFFFFFFF00D5004F96DC00260416124502338B2045E13794C257C697400240006D03902809FFFFFF0000190000FFFFFF
2026-04-16 12:45:11.726,"[{""Protocol"":""0x2525"",""MessageType"":""LocationInfoMessage"",""ProtocolHeadType"":19,""Imei"":""869487064485674"",""SerialNo"":25987,""Mileage"":5216157,""Date"":""2026-04-16T12:45:47Z"",""IopIgnition"":true,""Latitude"":4.7420411109924316,""Longitude"":-74.107719421386719,""Altitude"":2568.10009765625,""ExternalPowerVoltage"":28.13,""Rpm"":-999,""Speed"":14.0,""SatelliteNumber"":16,""Azimuth"":163,""BatteryLevel"":100}]",0x252513005965830869487064485674003C38402D000000645000000007000061000000FFFFFFFFFFFFFFFFFFFF00D5004F979D002604161245479A812045273794C2CDBE9740014000A303902813FFFFFF0000190000FFFFFF
2026-04-16 12:46:21.819,"[{""Protocol"":""0x2525"",""MessageType"":""LocationInfoMessage"",""ProtocolHeadType"":19,""Imei"":""869487064485674"",""SerialNo"":25988,""Mileage"":5216602,""Date"":""2026-04-16T12:46:57Z"",""IopIgnition"":true,""Latitude"":4.7385025024414063,""Longitude"":-74.108070373535156,""Altitude"":2566.199951171875,""ExternalPowerVoltage"":28.07,""Rpm"":-999,""Speed"":17.0,""SatelliteNumber"":16,""Azimuth"":108,""BatteryLevel"":100}]",0x252513005965840869487064485674003C38402D000000525000000007000061000000FFFFFFFFFFFFFFFFFFFF00D5004F995A0026041612465733632045553794C2D0A197400170006C03902807FFFFFF0000190000FFFFFF
2026-04-16 12:46:25.745,"[{""Protocol"":""0x2525"",""MessageType"":""LocationInfoMessage"",""ProtocolHeadType"":19,""Imei"":""869487064485674"",""SerialNo"":25989,""Mileage"":5216621,""Date"":""2026-04-16T12:47:01Z"",""IopIgnition"":true,""Latitude"":4.7385420799255371,""Longitude"":-74.10791015625,""Altitude"":2566.0,""ExternalPowerVoltage"":28.11,""Rpm"":-999,""Speed"":21.0,""SatelliteNumber"":15,""Azimuth"":61,""BatteryLevel"":100}]",0x252513005965850869487064485674003C38402D0000004F4F00000007000061000000FFFFFFFFFFFFFFFFFFFF00D5004F996D0026041612470100602045403794C223A297400210003D03902811FFFFFF00001B0000FFFFFF
2026-04-16 12:46:37.746,"[{""Protocol"":""0x2525"",""MessageType"":""LocationInfoMessage"",""ProtocolHeadType"":19,""Imei"":""869487064485674"",""SerialNo"":25990,""Mileage"":5216690,""Date"":""2026-04-16T12:47:13Z"",""IopIgnition"":true,""Latitude"":4.7388110160827637,""Longitude"":-74.10736083984375,""Altitude"":2564.699951171875,""ExternalPowerVoltage"":28.1,""Rpm"":-999,""Speed"":15.0,""SatelliteNumber"":16,""Azimuth"":110,""BatteryLevel"":100}]",0x252513005965860869487064485674003C38402D000000565000000007000061000000FFFFFFFFFFFFFFFFFFFF00D5004F99B200260416124713334B2045F83694C257A497400150006E03902810FFFFFF00001C0000FFFFFF
2026-04-16 12:47:21.833,"[{""Protocol"":""0x2525"",""MessageType"":""LocationInfoMessage"",""ProtocolHeadType"":19,""Imei"":""869487064485674"",""SerialNo"":25991,""Mileage"":5216892,""Date"":""2026-04-16T12:47:57Z"",""IopIgnition"":true,""Latitude"":4.73817253112793,""Longitude"":-74.105697631835938,""Altitude"":2569.699951171875,""ExternalPowerVoltage"":28.12,""Rpm"":-999,""Speed"":17.0,""SatelliteNumber"":16,""Azimuth"":55,""BatteryLevel"":100}]",0x252513005965870869487064485674003C38402D000000645000000007000061000000FFFFFFFFFFFFFFFFFFFF00D5004F9A7C00260416124757339B20451E3694C21C9F97400170003703902812FFFFFF0000190000FFFFFF
2026-04-16 12:47:26.680,"[{""Protocol"":""0x2525"",""MessageType"":""LocationInfoMessage"",""ProtocolHeadType"":19,""Imei"":""869487064485674"",""SerialNo"":25992,""Mileage"":5216918,""Date"":""2026-04-16T12:48:02Z"",""IopIgnition"":true,""Latitude"":4.7382402420043945,""Longitude"":-74.105484008789063,""Altitude"":2568.699951171875,""ExternalPowerVoltage"":28.09,""Rpm"":-999,""Speed"":20.0,""SatelliteNumber"":16,""Azimuth"":108,""BatteryLevel"":100}]",0x252513005965880869487064485674003C38402D000000645000000007000061000000FFFFFFFFFFFFFFFFFFFF00D5004F9A9600260416124802338B2045023694C2AA9F97400200006C03902809FFFFFF00001B0000FFFFFF
2026-04-16 12:48:50.543,"[{""Protocol"":""0x2525"",""MessageType"":""LocationInfoMessage"",""ProtocolHeadType"":19,""Imei"":""869487064485674"",""SerialNo"":25993,""Mileage"":5217312,""Date"":""2026-04-16T12:49:26Z"",""IopIgnition"":true,""Latitude"":4.736879825592041,""Longitude"":-74.102210998535156,""Altitude"":2571.800048828125,""ExternalPowerVoltage"":27.86,""Rpm"":-999,""Speed"":0.0,""SatelliteNumber"":15,""Azimuth"":137,""BatteryLevel"":100}]",0x252513005965890869487064485674003C38402D000000644F00000007000061000000FFFFFFFFFFFFFFFFFFFF00D5004F9C2000260416124926CDBC2045553494C2859497400000008903902786FFFFFF0000190000FFFFFF
2026-04-16 12:49:50.353,"[{""Protocol"":""0x2525"",""MessageType"":""LocationInfoMessage"",""ProtocolHeadType"":19,""Imei"":""869487064485674"",""SerialNo"":25994,""Mileage"":5217370,""Date"":""2026-04-16T12:50:25Z"",""IopIgnition"":true,""Latitude"":4.7366456985473633,""Longitude"":-74.101753234863281,""Altitude"":2569.89990234375,""ExternalPowerVoltage"":28.02,""Rpm"":-999,""Speed"":0.0,""SatelliteNumber"":15,""Azimuth"":114,""BatteryLevel"":100}]",0x2525130059658A0869487064485674003C38402D000000644F00000007000061000000FFFFFFFFFFFFFFFFFFFF00D5004F9C5A00260416125025669E2045193494C29A9297400000007203902802FFFFFF0000190000FFFFFF
2026-04-16 12:50:51.148,"[{""Protocol"":""0x2525"",""MessageType"":""LocationInfoMessage"",""ProtocolHeadType"":19,""Imei"":""869487064485674"",""SerialNo"":25995,""Mileage"":5217370,""Date"":""2026-04-16T12:51:26Z"",""IopIgnition"":true,""Latitude"":4.7366456985473633,""Longitude"":-74.101753234863281,""Altitude"":2569.89990234375,""ExternalPowerVoltage"":27.92,""Rpm"":-999,""Speed"":0.0,""SatelliteNumber"":15,""Azimuth"":114,""BatteryLevel"":100}]",0x2525130059658B0869487064485674003C38402D000000644F00000007000061000000FFFFFFFFFFFFFFFFFFFF00D5004F9C5A00260416125126669E2045193494C29A9297400000007203902792FFFFFF0000190000FFFFFF
2026-04-16 12:51:32.741,"[{""Protocol"":""0x2525"",""MessageType"":""LocationInfoMessage"",""ProtocolHeadType"":19,""Imei"":""869487064485674"",""SerialNo"":25996,""Mileage"":5217588,""Date"":""2026-04-16T12:52:08Z"",""IopIgnition"":true,""Latitude"":4.7357039451599121,""Longitude"":-74.100059509277344,""Altitude"":2573.39990234375,""ExternalPowerVoltage"":28.09,""Rpm"":-999,""Speed"":8.0,""SatelliteNumber"":16,""Azimuth"":163,""BatteryLevel"":100}]",0x2525130059658C0869487064485674003C38402D000000645000000007000061000000FFFFFFFFFFFFFFFFFFFF00D5004F9D340026041612520866D620453B3394C2E38A9740008000A303902809FFFFFF00001A0000FFFFFF
2026-04-16 12:52:50.542,"[{""Protocol"":""0x2525"",""MessageType"":""LocationInfoMessage"",""ProtocolHeadType"":19,""Imei"":""869487064485674"",""SerialNo"":25997,""Mileage"":5218176,""Date"":""2026-04-16T12:53:26Z"",""IopIgnition"":true,""Latitude"":4.7304911613464355,""Longitude"":-74.1008071899414,""Altitude"":2571.199951171875,""ExternalPowerVoltage"":28.14,""Rpm"":-999,""Speed"":16.0,""SatelliteNumber"":17,""Azimuth"":188,""BatteryLevel"":100}]",0x2525130059658D0869487064485674003C38402D000000605100000007000061000000FFFFFFFFFFFFFFFFFFFF00D5004F9F800026041612532633B320459D3394C22F609740016000BC03902814FFFFFF0000190000FFFFFF
2026-04-16 12:53:21.163,"[{""Protocol"":""0x2525"",""MessageType"":""LocationInfoMessage"",""ProtocolHeadType"":19,""Imei"":""869487064485674"",""SerialNo"":25998,""Mileage"":5218476,""Date"":""2026-04-16T12:53:54Z"",""IopIgnition"":true,""Latitude"":4.7278957366943359,""Longitude"":-74.100830078125,""Altitude"":2573.39990234375,""ExternalPowerVoltage"":28.12,""Rpm"":-999,""Speed"":47.0,""SatelliteNumber"":17,""Azimuth"":140,""BatteryLevel"":100}]",0x2525130059658E0869487064485674003C38402D000000565100000007000061000000FFFFFFFFFFFFFFFFFFFF00D5004FA0AC0026041612535466D62045A03394C2EC4A97400470008C03902812FFFFFF0000190000FFFFFF
2026-04-16 12:54:50.530,"[{""Protocol"":""0x2525"",""MessageType"":""LocationInfoMessage"",""ProtocolHeadType"":19,""Imei"":""869487064485674"",""SerialNo"":25999,""Mileage"":5219524,""Date"":""2026-04-16T12:55:26Z"",""IopIgnition"":true,""Latitude"":4.72048807144165,""Longitude"":-74.095352172851563,""Altitude"":2566.10009765625,""ExternalPowerVoltage"":27.93,""Rpm"":-999,""Speed"":13.0,""SatelliteNumber"":17,""Azimuth"":131,""BatteryLevel"":100}]",0x2525130059658F0869487064485674003C38402D000000595100000007000061000000FFFFFFFFFFFFFFFFFFFF00D5004FA4C4002604161255269A612045D23094C23D0E97400130008303902793FFFFFF00001A0000FFFFFF
2026-04-16 12:55:50.360,"[{""Protocol"":""0x2525"",""MessageType"":""LocationInfoMessage"",""ProtocolHeadType"":19,""Imei"":""869487064485674"",""SerialNo"":26000,""Mileage"":5219740,""Date"":""2026-04-16T12:56:25Z"",""IopIgnition"":true,""Latitude"":4.7190375328063965,""Longitude"":-74.094047546386719,""Altitude"":2570.39990234375,""ExternalPowerVoltage"":28.09,""Rpm"":-999,""Speed"":14.0,""SatelliteNumber"":17,""Azimuth"":138,""BatteryLevel"":100}]",0x252513005965900869487064485674003C38402D000000645100000007000061000000FFFFFFFFFFFFFFFFFFFF00D5004FA59C0026041612562566A62045273094C25B0297400140008A03902809FFFFFF0000190000FFFFFF
2026-04-16 12:56:51.140,"[{""Protocol"":""0x2525"",""MessageType"":""LocationInfoMessage"",""ProtocolHeadType"":19,""Imei"":""869487064485674"",""SerialNo"":26001,""Mileage"":5219936,""Date"":""2026-04-16T12:57:26Z"",""IopIgnition"":true,""Latitude"":4.7176070213317871,""Longitude"":-74.093048095703125,""Altitude"":2565.5,""ExternalPowerVoltage"":27.89,""Rpm"":-999,""Speed"":0.0,""SatelliteNumber"":16,""Azimuth"":158,""BatteryLevel"":100}]",0x252513005965910869487064485674003C38402D000000605000000007000061000000FFFFFFFFFFFFFFFFFFFF00D5004FA6600026041612572600582045A42F94C2A3F696400000009E03902789FFFFFF0000190000FFFFFF
2026-04-16 12:57:50.956,"[{""Protocol"":""0x2525"",""MessageType"":""LocationInfoMessage"",""ProtocolHeadType"":19,""Imei"":""869487064485674"",""SerialNo"":26002,""Mileage"":5220091,""Date"":""2026-04-16T12:58:26Z"",""IopIgnition"":true,""Latitude"":4.716280460357666,""Longitude"":-74.092666625976563,""Altitude"":2567.300048828125,""ExternalPowerVoltage"":28.12,""Rpm"":-999,""Speed"":50.0,""SatelliteNumber"":17,""Azimuth"":183,""BatteryLevel"":100}]",0x252513005965920869487064485674003C38402D000000645100000007000061000000FFFFFFFFFFFFFFFFFFFF00D5004FA6FB00260416125826CD742045722F94C2C5EB9640050000B703902812FFFFFF0000190000FFFFFF
2026-04-16 12:58:50.754,"[{""Protocol"":""0x2525"",""MessageType"":""LocationInfoMessage"",""ProtocolHeadType"":19,""Imei"":""869487064485674"",""SerialNo"":26003,""Mileage"":5220765,""Date"":""2026-04-16T12:59:26Z"",""IopIgnition"":true,""Latitude"":4.7105622291564941,""Longitude"":-74.0941162109375,""Altitude"":2567.699951171875,""ExternalPowerVoltage"":27.93,""Rpm"":-999,""Speed"":11.0,""SatelliteNumber"":17,""Azimuth"":220,""BatteryLevel"":100}]",0x252513005965930869487064485674003C38402D000000565100000007000061000000FFFFFFFFFFFFFFFFFFFF00D5004FA99D00260416125926337B2045303094C2EDBC9640011000DC03902793FFFFFF00001A0000FFFFFF
2026-04-16 12:59:50.541,"[{""Protocol"":""0x2525"",""MessageType"":""LocationInfoMessage"",""ProtocolHeadType"":19,""Imei"":""869487064485674"",""SerialNo"":26004,""Mileage"":5220995,""Date"":""2026-04-16T13:00:26Z"",""IopIgnition"":true,""Latitude"":4.7090835571289063,""Longitude"":-74.095550537109375,""Altitude"":2569.89990234375,""ExternalPowerVoltage"":28.12,""Rpm"":-999,""Speed"":31.0,""SatelliteNumber"":17,""Azimuth"":226,""BatteryLevel"":100}]",0x252513005965940869487064485674003C38402D000000595100000007000061000000FFFFFFFFFFFFFFFFFFFF00D5004FAA8300260416130026669E2045EC3094C2D0B09640031000E203902812FFFFFF0000190000FFFFFF
2026-04-16 13:00:50.343,"[{""Protocol"":""0x2525"",""MessageType"":""LocationInfoMessage"",""ProtocolHeadType"":19,""Imei"":""869487064485674"",""SerialNo"":26005,""Mileage"":5221545,""Date"":""2026-04-16T13:01:25Z"",""IopIgnition"":true,""Latitude"":4.7055745124816895,""Longitude"":-74.099052429199219,""Altitude"":2571.800048828125,""ExternalPowerVoltage"":28.12,""Rpm"":-999,""Speed"":33.0,""SatelliteNumber"":16,""Azimuth"":222,""BatteryLevel"":100}]",0x252513005965950869487064485674003C38402D000000525000000007000061000000FFFFFFFFFFFFFFFFFFFF00D5004FACA900260416130125CDBC2045B73294C211949640033000DE03902812FFFFFF0000190000FFFFFF
2026-04-16 13:01:37.747,"[{""Protocol"":""0x2525"",""MessageType"":""LocationInfoMessage"",""ProtocolHeadType"":19,""Imei"":""869487064485674"",""SerialNo"":26006,""Mileage"":5222005,""Date"":""2026-04-16T13:02:13Z"",""IopIgnition"":true,""Latitude"":4.70253324508667,""Longitude"":-74.101776123046875,""Altitude"":2573.300048828125,""ExternalPowerVoltage"":28.1,""Rpm"":-999,""Speed"":25.0,""SatelliteNumber"":16,""Azimuth"":282,""BatteryLevel"":100}]",0x252513005965960869487064485674003C38402D000000645000000007000061000000FFFFFFFFFFFFFFFFFFFF00D5004FAE7500260416130213CDD420451C3494C2277B96400250011A03902810FFFFFF00001A0000FFFFFF
2026-04-16 13:01:41.674,"[{""Protocol"":""0x2525"",""MessageType"":""LocationInfoMessage"",""ProtocolHeadType"":19,""Imei"":""869487064485674"",""SerialNo"":26007,""Mileage"":5222039,""Date"":""2026-04-16T13:02:17Z"",""IopIgnition"":true,""Latitude"":4.7027268409729,""Longitude"":-74.101997375488281,""Altitude"":2571.10009765625,""ExternalPowerVoltage"":28.09,""Rpm"":-999,""Speed"":32.0,""SatelliteNumber"":16,""Azimuth"":331,""BatteryLevel"":100}]",0x252513005965970869487064485674003C38402D000000645000000007000061000000FFFFFFFFFFFFFFFFFFFF00D5004FAE97002604161302179AB12045393494C2BD7C96400320014B03902809FFFFFF00001A0000FFFFFF
2026-04-16 13:01:45.674,"[{""Protocol"":""0x2525"",""MessageType"":""LocationInfoMessage"",""ProtocolHeadType"":19,""Imei"":""869487064485674"",""SerialNo"":26008,""Mileage"":5222071,""Date"":""2026-04-16T13:02:21Z"",""IopIgnition"":true,""Latitude"":4.7030067443847656,""Longitude"":-74.102012634277344,""Altitude"":2571.10009765625,""ExternalPowerVoltage"":28.08,""Rpm"":-999,""Speed"":26.0,""SatelliteNumber"":16,""Azimuth"":27,""BatteryLevel"":100}]",0x252513005965980869487064485674003C38402D000000645000000007000061000000FFFFFFFFFFFFFFFFFFFF00D5004FAEB7002604161302219AB120453B3494C2087F96400260001B03902808FFFFFF00001C0000FFFFFF
2026-04-16 13:01:50.678,"[{""Protocol"":""0x2525"",""MessageType"":""LocationInfoMessage"",""ProtocolHeadType"":19,""Imei"":""869487064485674"",""SerialNo"":26009,""Mileage"":5222103,""Date"":""2026-04-16T13:02:26Z"",""IopIgnition"":true,""Latitude"":4.7031588554382324,""Longitude"":-74.101791381835938,""Altitude"":2570.39990234375,""ExternalPowerVoltage"":28.03,""Rpm"":-999,""Speed"":18.0,""SatelliteNumber"":16,""Azimuth"":94,""BatteryLevel"":100}]",0x252513005965990869487064485674003C38402D000000645000000007000061000000FFFFFFFFFFFFFFFFFFFF00D5004FAED70026041613022666A620451E3494C2478096400180005E03902803FFFFFF00001C0000FFFFFF
2026-04-16 13:03:50.545,"[{""Protocol"":""0x2525"",""MessageType"":""LocationInfoMessage"",""ProtocolHeadType"":19,""Imei"":""869487064485674"",""SerialNo"":26010,""Mileage"":5222644,""Date"":""2026-04-16T13:04:26Z"",""IopIgnition"":true,""Latitude"":4.7002744674682617,""Longitude"":-74.097900390625,""Altitude"":2575.60009765625,""ExternalPowerVoltage"":27.95,""Rpm"":-999,""Speed"":0.0,""SatelliteNumber"":14,""Azimuth"":130,""BatteryLevel"":100}]",0x2525130059659A0869487064485674003C38402D000000644E00000007000061000000FFFFFFFFFFFFFFFFFFFF00D5004FB0F4002604161304269AF92045203294C2A66896400000008203902795FFFFFF00001A0000FFFFFF
2026-04-16 13:04:50.381,"[{""Protocol"":""0x2525"",""MessageType"":""LocationInfoMessage"",""ProtocolHeadType"":19,""Imei"":""869487064485674"",""SerialNo"":26011,""Mileage"":5223054,""Date"":""2026-04-16T13:05:25Z"",""IopIgnition"":true,""Latitude"":4.698211669921875,""Longitude"":-74.094856262207031,""Altitude"":2577.10009765625,""ExternalPowerVoltage"":27.88,""Rpm"":-999,""Speed"":10.0,""SatelliteNumber"":17,""Azimuth"":118,""BatteryLevel"":100}]",0x2525130059659B0869487064485674003C38402D000000605100000007000061000000FFFFFFFFFFFFFFFFFFFF00D5004FB28E002604161305259A112145913094C2C05796400100007603902788FFFFFF00001A0000FFFFFF
2026-04-16 13:05:51.147,"[{""Protocol"":""0x2525"",""MessageType"":""LocationInfoMessage"",""ProtocolHeadType"":19,""Imei"":""869487064485674"",""SerialNo"":26012,""Mileage"":5223090,""Date"":""2026-04-16T13:06:26Z"",""IopIgnition"":true,""Latitude"":4.6980624198913574,""Longitude"":-74.094566345214844,""Altitude"":2575.39990234375,""ExternalPowerVoltage"":28.11,""Rpm"":-999,""Speed"":18.0,""SatelliteNumber"":17,""Azimuth"":118,""BatteryLevel"":100}]",0x2525130059659C0869487064485674003C38402D000000565100000007000061000000FFFFFFFFFFFFFFFFFFFF00D5004FB2B20026041613062666F620456B3094C2875696400180007603902811FFFFFF00001A0000FFFFFF
2026-04-16 13:06:50.964,"[{""Protocol"":""0x2525"",""MessageType"":""LocationInfoMessage"",""ProtocolHeadType"":19,""Imei"":""869487064485674"",""SerialNo"":26013,""Mileage"":5223507,""Date"":""2026-04-16T13:07:26Z"",""IopIgnition"":true,""Latitude"":4.6963095664978027,""Longitude"":-74.09124755859375,""Altitude"":2571.60009765625,""ExternalPowerVoltage"":28.12,""Rpm"":-999,""Speed"":20.0,""SatelliteNumber"":18,""Azimuth"":118,""BatteryLevel"":100}]",0x2525130059659D0869487064485674003C38402D000000645200000007000061000000FFFFFFFFFFFFFFFFFFFF00D5004FB453002604161307269AB92045B82E94C22B4896400200007603902812FFFFFF00001A0000FFFFFF
2026-04-16 13:07:50.784,"[{""Protocol"":""0x2525"",""MessageType"":""LocationInfoMessage"",""ProtocolHeadType"":19,""Imei"":""869487064485674"",""SerialNo"":26014,""Mileage"":5223913,""Date"":""2026-04-16T13:08:26Z"",""IopIgnition"":true,""Latitude"":4.6945652961730957,""Longitude"":-74.088050842285156,""Altitude"":2571.10009765625,""ExternalPowerVoltage"":28.08,""Rpm"":-999,""Speed"":9.0,""SatelliteNumber"":17,""Azimuth"":126,""BatteryLevel"":100}]",0x2525130059659E0869487064485674003C38402D000000645100000007000061000000FFFFFFFFFFFFFFFFFFFF00D5004FB5E9002604161308269AB12045152D94C2E13996400090007E03902808FFFFFF00001A0000FFFFFF
2026-04-16 13:08:11.735,"[{""Protocol"":""0x2525"",""MessageType"":""LocationInfoMessage"",""ProtocolHeadType"":19,""Imei"":""869487064485674"",""SerialNo"":26015,""Mileage"":5223970,""Date"":""2026-04-16T13:08:47Z"",""IopIgnition"":true,""Latitude"":4.6941871643066406,""Longitude"":-74.087722778320313,""Altitude"":2568.0,""ExternalPowerVoltage"":28.01,""Rpm"":-999,""Speed"":7.0,""SatelliteNumber"":17,""Azimuth"":174,""BatteryLevel"":100}]",0x2525130059659F0869487064485674003C38402D000000645100000007000061000000FFFFFFFFFFFFFFFFFFFF00D5004FB6220026041613084700802045EA2C94C2C8369640007000AE03902801FFFFFF00001A0000FFFFFF
2026-04-16 13:08:17.669,"[{""Protocol"":""0x2525"",""MessageType"":""LocationInfoMessage"",""ProtocolHeadType"":19,""Imei"":""869487064485674"",""SerialNo"":26016,""Mileage"":5223987,""Date"":""2026-04-16T13:08:53Z"",""IopIgnition"":true,""Latitude"":4.6940517425537109,""Longitude"":-74.0877914428711,""Altitude"":2566.89990234375,""ExternalPowerVoltage"":28.07,""Rpm"":-999,""Speed"":16.0,""SatelliteNumber"":17,""Azimuth"":220,""BatteryLevel"":100}]",0x252513005965A00869487064485674003C38402D0000005D5100000007000061000000FFFFFFFFFFFFFFFFFFFF00D5004FB63300260416130853666E2045F32C94C2AC359640016000DC03902807FFFFFF00001C0000FFFFFF
2026-04-16 13:08:41.822,"[{""Protocol"":""0x2525"",""MessageType"":""LocationInfoMessage"",""ProtocolHeadType"":19,""Imei"":""869487064485674"",""SerialNo"":26017,""Mileage"":5224146,""Date"":""2026-04-16T13:09:17Z"",""IopIgnition"":true,""Latitude"":4.6930427551269531,""Longitude"":-74.0887680053711,""Altitude"":2569.800048828125,""ExternalPowerVoltage"":28.01,""Rpm"":-999,""Speed"":16.0,""SatelliteNumber"":17,""Azimuth"":283,""BatteryLevel"":100}]",0x252513005965A10869487064485674003C38402D000000565100000007000061000000FFFFFFFFFFFFFFFFFFFF00D5004FB6D200260416130917CD9C2045732D94C2682D96400160011B03902801FFFFFF00001A0000FFFFFF
2026-04-16 13:08:58.960,"[{""Protocol"":""0x2525"",""MessageType"":""LocationInfoMessage"",""ProtocolHeadType"":19,""Imei"":""869487064485674"",""SerialNo"":26018,""Mileage"":5224309,""Date"":""2026-04-16T13:09:34Z"",""IopIgnition"":true,""Latitude"":4.6941685676574707,""Longitude"":-74.0896987915039,""Altitude"":2569.60009765625,""ExternalPowerVoltage"":28.09,""Rpm"":-999,""Speed"":33.0,""SatelliteNumber"":16,""Azimuth"":331,""BatteryLevel"":100}]",0x252513005965A20869487064485674003C38402D000000645000000007000061000000FFFFFFFFFFFFFFFFFFFF00D5004FB775002604161309349A992045ED2D94C2A13696400330014B03902809FFFFFF00001B0000FFFFFF
2026-04-16 13:09:08.831,"[{""Protocol"":""0x2525"",""MessageType"":""LocationInfoMessage"",""ProtocolHeadType"":19,""Imei"":""869487064485674"",""SerialNo"":26019,""Mileage"":5224377,""Date"":""2026-04-16T13:09:44Z"",""IopIgnition"":true,""Latitude"":4.6947441101074219,""Longitude"":-74.089805603027344,""Altitude"":2566.60009765625,""ExternalPowerVoltage"":27.94,""Rpm"":-999,""Speed"":12.0,""SatelliteNumber"":16,""Azimuth"":24,""BatteryLevel"":100}]",0x252513005965A30869487064485674003C38402D000000645000000007000061000000FFFFFFFFFFFFFFFFFFFF00D5004FB7B9002604161309449A692045FB2D94C2583B96400120001803902794FFFFFF00001E0000FFFFFF
2026-04-16 13:09:20.759,"[{""Protocol"":""0x2525"",""MessageType"":""LocationInfoMessage"",""ProtocolHeadType"":19,""Imei"":""869487064485674"",""SerialNo"":26020,""Mileage"":5224407,""Date"":""2026-04-16T13:09:56Z"",""IopIgnition"":true,""Latitude"":4.6949076652526855,""Longitude"":-74.089591979980469,""Altitude"":2566.699951171875,""ExternalPowerVoltage"":28.06,""Rpm"":-999,""Speed"":16.0,""SatelliteNumber"":15,""Azimuth"":72,""BatteryLevel"":100}]",0x252513005965A40869487064485674003C38402D000000644F00000007000061000000FFFFFFFFFFFFFFFFFFFF00D5004FB7D700260416130956336B2045DF2D94C2AF3C96400160004803902806FFFFFF00001E0000FFFFFF
2026-04-16 13:10:50.605,"[{""Protocol"":""0x2525"",""MessageType"":""LocationInfoMessage"",""ProtocolHeadType"":19,""Imei"":""869487064485674"",""SerialNo"":26021,""Mileage"":5224837,""Date"":""2026-04-16T13:11:26Z"",""IopIgnition"":true,""Latitude"":4.69615364074707,""Longitude"":-74.086006164550781,""Altitude"":2573.5,""ExternalPowerVoltage"":27.93,""Rpm"":-999,""Speed"":9.0,""SatelliteNumber"":18,""Azimuth"":108,""BatteryLevel"":100}]",0x252513005965A50869487064485674003C38402D000000645200000007000061000000FFFFFFFFFFFFFFFFFFFF00D5004FB9850026041613112600D82045092C94C2E44696400090006C03902793FFFFFF00001B0000FFFFFF
2026-04-16 13:10:55.670,"[{""Protocol"":""0x2525"",""MessageType"":""LocationInfoMessage"",""ProtocolHeadType"":19,""Imei"":""869487064485674"",""SerialNo"":26022,""Mileage"":5224859,""Date"":""2026-04-16T13:11:31Z"",""IopIgnition"":true,""Latitude"":4.696019172668457,""Longitude"":-74.085861206054688,""Altitude"":2571.699951171875,""ExternalPowerVoltage"":28.07,""Rpm"":-999,""Speed"":22.0,""SatelliteNumber"":17,""Azimuth"":159,""BatteryLevel"":100}]",0x252513005965A60869487064485674003C38402D000000645100000007000061000000FFFFFFFFFFFFFFFFFFFF00D5004FB99B0026041613113133BB2045F62B94C2CA4596400220009F03902807FFFFFF00001D0000FFFFFF
2026-04-16 13:12:28.797,"[{""Protocol"":""0x2525"",""MessageType"":""LocationInfoMessage"",""ProtocolHeadType"":19,""Imei"":""869487064485674"",""SerialNo"":26023,""Mileage"":5225240,""Date"":""2026-04-16T13:13:04Z"",""IopIgnition"":true,""Latitude"":4.6934690475463867,""Longitude"":-74.083755493164063,""Altitude"":2568.5,""ExternalPowerVoltage"":28.1,""Rpm"":-999,""Speed"":28.0,""SatelliteNumber"":15,""Azimuth"":113,""BatteryLevel"":100}]",0x252513005965A70869487064485674003C38402D000000564F00000007000061000000FFFFFFFFFFFFFFFFFFFF00D5004FBB180026041613130400882045E22A94C2E63096400280007103902810FFFFFF00001B0000FFFFFF
2026-04-16 13:13:05.806,"[{""Protocol"":""0x2525"",""MessageType"":""LocationInfoMessage"",""ProtocolHeadType"":19,""Imei"":""869487064485674"",""SerialNo"":26024,""Mileage"":5225377,""Date"":""2026-04-16T13:13:41Z"",""IopIgnition"":true,""Latitude"":4.6926479339599609,""Longitude"":-74.082893371582031,""Altitude"":2569.300048828125,""ExternalPowerVoltage"":27.91,""Rpm"":-999,""Speed"":6.0,""SatelliteNumber"":17,""Azimuth"":159,""BatteryLevel"":100}]",0x252513005965A80869487064485674003C38402D000000605100000007000061000000FFFFFFFFFFFFFFFFFFFF00D5004FBBA100260416131341CD942045712A94C22C2A96400060009F03902791FFFFFF00001B0000FFFFFF
2026-04-16 13:14:07.765,"[{""Protocol"":""0x2525"",""MessageType"":""LocationInfoMessage"",""ProtocolHeadType"":19,""Imei"":""869487064485674"",""SerialNo"":26025,""Mileage"":5225638,""Date"":""2026-04-16T13:14:43Z"",""IopIgnition"":true,""Latitude"":4.69063138961792,""Longitude"":-74.081703186035156,""Altitude"":2567.39990234375,""ExternalPowerVoltage"":27.95,""Rpm"":-999,""Speed"":23.0,""SatelliteNumber"":18,""Azimuth"":108,""BatteryLevel"":100}]",0x252513005965A90869487064485674003C38402D000000645200000007000061000000FFFFFFFFFFFFFFFFFFFF00D5004FBCA60026041613144366762045D52994C2A71996400230006C03902795FFFFFF00001B0000FFFFFF
2026-04-16 13:14:36.770,"[{""Protocol"":""0x2525"",""MessageType"":""LocationInfoMessage"",""ProtocolHeadType"":19,""Imei"":""869487064485674"",""SerialNo"":26026,""Mileage"":5225775,""Date"":""2026-04-16T13:15:12Z"",""IopIgnition"":true,""Latitude"":4.6906886100769043,""Longitude"":-74.080520629882813,""Altitude"":2566.89990234375,""ExternalPowerVoltage"":27.95,""Rpm"":-999,""Speed"":12.0,""SatelliteNumber"":18,""Azimuth"":155,""BatteryLevel"":100}]",0x252513005965AA0869487064485674003C38402D000000645200000007000061000000FFFFFFFFFFFFFFFFFFFF00D5004FBD2F00260416131512666E20453A2994C21F1A96400120009B03902795FFFFFF00001B0000FFFFFF
2026-04-16 13:14:50.686,"[{""Protocol"":""0x2525"",""MessageType"":""LocationInfoMessage"",""ProtocolHeadType"":19,""Imei"":""869487064485674"",""SerialNo"":26027,""Mileage"":5225831,""Date"":""2026-04-16T13:15:26Z"",""IopIgnition"":true,""Latitude"":4.6902861595153809,""Longitude"":-74.080245971679688,""Altitude"":2564.5,""ExternalPowerVoltage"":27.88,""Rpm"":-999,""Speed"":9.0,""SatelliteNumber"":18,""Azimuth"":104,""BatteryLevel"":100}]",0x252513005965AB0869487064485674003C38402D000000565200000007000061000000FFFFFFFFFFFFFFFFFFFF00D5004FBD670026041613152600482045162994C2D31696400090006803902788FFFFFF00001F0000FFFFFF
2026-04-16 13:14:52.694,"[{""Protocol"":""0x2525"",""MessageType"":""LocationInfoMessage"",""ProtocolHeadType"":19,""Imei"":""869487064485674"",""SerialNo"":26028,""Mileage"":5225836,""Date"":""2026-04-16T13:15:28Z"",""IopIgnition"":true,""Latitude"":4.6902937889099121,""Longitude"":-74.080192565917969,""Altitude"":2565.0,""ExternalPowerVoltage"":27.87,""Rpm"":-999,""Speed"":10.0,""SatelliteNumber"":18,""Azimuth"":54,""BatteryLevel"":100}]",0x252513005965AC0869487064485674003C38402D000000565200000007000061000000FFFFFFFFFFFFFFFFFFFF00D5004FBD6C00260416131528005020450F2994C2E31696400100003603902787FFFFFF00001F0000FFFFFF
2026-04-16 13:15:34.742,"[{""Protocol"":""0x2525"",""MessageType"":""LocationInfoMessage"",""ProtocolHeadType"":19,""Imei"":""869487064485674"",""SerialNo"":26029,""Mileage"":5225910,""Date"":""2026-04-16T13:16:10Z"",""IopIgnition"":true,""Latitude"":4.6907706260681152,""Longitude"":-74.079780578613281,""Altitude"":2561.800048828125,""ExternalPowerVoltage"":28.1,""Rpm"":-999,""Speed"":14.0,""SatelliteNumber"":17,""Azimuth"":116,""BatteryLevel"":100}]",0x252513005965AD0869487064485674003C38402D000000605100000007000061000000FFFFFFFFFFFFFFFFFFFF00D5004FBDB600260416131610CD1C2045D92894C2CB1A96400140007403902810FFFFFF00001C0000FFFFFF
2026-04-16 13:16:50.839,"[{""Protocol"":""0x2525"",""MessageType"":""LocationInfoMessage"",""ProtocolHeadType"":19,""Imei"":""869487064485674"",""SerialNo"":26030,""Mileage"":5226379,""Date"":""2026-04-16T13:17:26Z"",""IopIgnition"":true,""Latitude"":4.6874489784240723,""Longitude"":-74.0772705078125,""Altitude"":2571.800048828125,""ExternalPowerVoltage"":27.99,""Rpm"":-999,""Speed"":9.0,""SatelliteNumber"":15,""Azimuth"":51,""BatteryLevel"":100}]",0x252513005965AE0869487064485674003C38402D000000564F00000007000061000000FFFFFFFFFFFFFFFFFFFF00D5004FBF8B00260416131726CDBC2045902794C295FF95400090003303902799FFFFFF00001C0000FFFFFF
2026-04-16 13:16:50.959,"[{""Protocol"":""0x2525"",""MessageType"":""LocationInfoMessage"",""ProtocolHeadType"":19,""Imei"":""869487064485674"",""SerialNo"":26031,""Mileage"":5226379,""Date"":""2026-04-16T13:17:26Z"",""IopIgnition"":true,""Latitude"":4.6874489784240723,""Longitude"":-74.0772705078125,""Altitude"":2571.800048828125,""ExternalPowerVoltage"":27.99,""Rpm"":-999,""Speed"":9.0,""SatelliteNumber"":15,""Azimuth"":51,""BatteryLevel"":100}]",0x252513005965AF0869487064485674003C38402D00000056CF00000007000061000000FFFFFFFFFFFFFFFFFFFF00D5004FBF8B00260416131726CDBC2045902794C295FF95400090003303902799FFFFFF00001C0000FFFFFF
2026-04-16 13:18:50.737,"[{""Protocol"":""0x2525"",""MessageType"":""LocationInfoMessage"",""ProtocolHeadType"":19,""Imei"":""869487064485674"",""SerialNo"":26032,""Mileage"":5226391,""Date"":""2026-04-16T13:19:26Z"",""IopIgnition"":true,""Latitude"":4.6875042915344238,""Longitude"":-74.077186584472656,""Altitude"":2571.10009765625,""ExternalPowerVoltage"":27.96,""Rpm"":-999,""Speed"":0.0,""SatelliteNumber"":13,""Azimuth"":52,""BatteryLevel"":100}]",0x252513005965B00869487064485674003C38402D000000594D00000007000061000000FFFFFFFFFFFFFFFFFFFF00D5004FBF97002604161319269AB12045852794C2090096400000003403902796FFFFFF00001B0001FFFFFF
2026-04-16 13:19:50.558,"[{""Protocol"":""0x2525"",""MessageType"":""LocationInfoMessage"",""ProtocolHeadType"":19,""Imei"":""869487064485674"",""SerialNo"":26033,""Mileage"":5226391,""Date"":""2026-04-16T13:20:26Z"",""IopIgnition"":true,""Latitude"":4.6875042915344238,""Longitude"":-74.077186584472656,""Altitude"":2571.10009765625,""ExternalPowerVoltage"":27.95,""Rpm"":-999,""Speed"":0.0,""SatelliteNumber"":14,""Azimuth"":52,""BatteryLevel"":100}]",0x252513005965B10869487064485674003C38402D000000594E00000007000061000000FFFFFFFFFFFFFFFFFFFF00D5004FBF97002604161320269AB12045852794C2090096400000003403902795FFFFFF00001B0001FFFFFF
2026-04-16 13:20:50.456,"[{""Protocol"":""0x2525"",""MessageType"":""LocationInfoMessage"",""ProtocolHeadType"":19,""Imei"":""869487064485674"",""SerialNo"":26034,""Mileage"":5226391,""Date"":""2026-04-16T13:21:25Z"",""IopIgnition"":true,""Latitude"":4.6875042915344238,""Longitude"":-74.077186584472656,""Altitude"":2571.10009765625,""ExternalPowerVoltage"":28.01,""Rpm"":-999,""Speed"":0.0,""SatelliteNumber"":16,""Azimuth"":52,""BatteryLevel"":100}]",0x252513005965B20869487064485674003C38402D000000595000000007000061000000FFFFFFFFFFFFFFFFFFFF00D5004FBF97002604161321259AB12045852794C2090096400000003403902801FFFFFF00001C0000FFFFFF
2026-04-16 13:21:50.271,"[{""Protocol"":""0x2525"",""MessageType"":""LocationInfoMessage"",""ProtocolHeadType"":19,""Imei"":""869487064485674"",""SerialNo"":26035,""Mileage"":5226391,""Date"":""2026-04-16T13:22:25Z"",""IopIgnition"":true,""Latitude"":4.6875042915344238,""Longitude"":-74.077186584472656,""Altitude"":2571.10009765625,""ExternalPowerVoltage"":27.91,""Rpm"":-999,""Speed"":0.0,""SatelliteNumber"":17,""Azimuth"":52,""BatteryLevel"":100}]",0x252513005965B30869487064485674003C38402D000000565100000007000061000000FFFFFFFFFFFFFFFFFFFF00D5004FBF97002604161322259AB12045852794C2090096400000003403902791FFFFFF00001C0000FFFFFF
2026-04-16 13:22:51.289,"[{""Protocol"":""0x2525"",""MessageType"":""LocationInfoMessage"",""ProtocolHeadType"":19,""Imei"":""869487064485674"",""SerialNo"":26036,""Mileage"":5226391,""Date"":""2026-04-16T13:23:26Z"",""IopIgnition"":true,""Latitude"":4.6875042915344238,""Longitude"":-74.077186584472656,""Altitude"":2571.10009765625,""ExternalPowerVoltage"":27.98,""Rpm"":-999,""Speed"":0.0,""SatelliteNumber"":17,""Azimuth"":52,""BatteryLevel"":100}]",0x252513005965B40869487064485674003C38402D000000595100000007000061000000FFFFFFFFFFFFFFFFFFFF00D5004FBF97002604161323269AB12045852794C2090096400000003403902798FFFFFF00001B0000FFFFFF
2026-04-16 13:23:51.155,"[{""Protocol"":""0x2525"",""MessageType"":""LocationInfoMessage"",""ProtocolHeadType"":19,""Imei"":""869487064485674"",""SerialNo"":26037,""Mileage"":5226391,""Date"":""2026-04-16T13:24:26Z"",""IopIgnition"":true,""Latitude"":4.6875042915344238,""Longitude"":-74.077186584472656,""Altitude"":2571.10009765625,""ExternalPowerVoltage"":28.01,""Rpm"":-999,""Speed"":0.0,""SatelliteNumber"":17,""Azimuth"":52,""BatteryLevel"":100}]",0x252513005965B50869487064485674003C38402D000000595100000007000061000000FFFFFFFFFFFFFFFFFFFF00D5004FBF97002604161324269AB12045852794C2090096400000003403902801FFFFFF00001C0000FFFFFF
2026-04-16 13:24:51.050,"[{""Protocol"":""0x2525"",""MessageType"":""LocationInfoMessage"",""ProtocolHeadType"":19,""Imei"":""869487064485674"",""SerialNo"":26038,""Mileage"":5226391,""Date"":""2026-04-16T13:25:26Z"",""IopIgnition"":true,""Latitude"":4.6875042915344238,""Longitude"":-74.077186584472656,""Altitude"":2571.10009765625,""ExternalPowerVoltage"":27.91,""Rpm"":-999,""Speed"":0.0,""SatelliteNumber"":18,""Azimuth"":52,""BatteryLevel"":100}]",0x252513005965B60869487064485674003C38402D000000565200000007000061000000FFFFFFFFFFFFFFFFFFFF00D5004FBF97002604161325269AB12045852794C2090096400000003403902791FFFFFF00001C0000FFFFFF
2026-04-16 13:25:50.844,"[{""Protocol"":""0x2525"",""MessageType"":""LocationInfoMessage"",""ProtocolHeadType"":19,""Imei"":""869487064485674"",""SerialNo"":26039,""Mileage"":5226391,""Date"":""2026-04-16T13:26:26Z"",""IopIgnition"":true,""Latitude"":4.6875042915344238,""Longitude"":-74.077186584472656,""Altitude"":2571.10009765625,""ExternalPowerVoltage"":28.01,""Rpm"":-999,""Speed"":0.0,""SatelliteNumber"":15,""Azimuth"":52,""BatteryLevel"":100}]",0x252513005965B70869487064485674003C38402D000000564F00000007000061000000FFFFFFFFFFFFFFFFFFFF00D5004FBF97002604161326269AB12045852794C2090096400000003403902801FFFFFF00001C0000FFFFFF
2026-04-16 13:26:23.933,"[{""Protocol"":""0x2525"",""MessageType"":""LocationInfoMessage"",""ProtocolHeadType"":19,""Imei"":""869487064485674"",""SerialNo"":26040,""Mileage"":5226411,""Date"":""2026-04-16T13:26:59Z"",""IopIgnition"":true,""Latitude"":4.6875910758972168,""Longitude"":-74.0770263671875,""Altitude"":2567.60009765625,""ExternalPowerVoltage"":28.08,""Rpm"":-999,""Speed"":5.0,""SatelliteNumber"":17,""Azimuth"":102,""BatteryLevel"":100}]",0x252513005965B80869487064485674003C38402D0000005D5100000007000061000000FFFFFFFFFFFFFFFFFFFF00D5004FBFAB002604161326599A792045702794C2BF0096400050006603902808FFFFFF00001D0000FFFFFF
2026-04-16 13:27:50.734,"[{""Protocol"":""0x2525"",""MessageType"":""LocationInfoMessage"",""ProtocolHeadType"":19,""Imei"":""869487064485674"",""SerialNo"":26041,""Mileage"":5226536,""Date"":""2026-04-16T13:28:26Z"",""IopIgnition"":true,""Latitude"":4.686680793762207,""Longitude"":-74.076370239257813,""Altitude"":2567.699951171875,""ExternalPowerVoltage"":28.01,""Rpm"":-999,""Speed"":8.0,""SatelliteNumber"":15,""Azimuth"":141,""BatteryLevel"":100}]",0x252513005965B90869487064485674003C38402D000000644F00000007000061000000FFFFFFFFFFFFFFFFFFFF00D5004FC02800260416132826337B20451A2794C24AF995400080008D03902801FFFFFF00001C0000FFFFFF
2026-04-16 13:28:35.837,"[{""Protocol"":""0x2525"",""MessageType"":""LocationInfoMessage"",""ProtocolHeadType"":19,""Imei"":""869487064485674"",""SerialNo"":26042,""Mileage"":5226575,""Date"":""2026-04-16T13:29:11Z"",""IopIgnition"":true,""Latitude"":4.6863727569580078,""Longitude"":-74.076278686523438,""Altitude"":2566.60009765625,""ExternalPowerVoltage"":28.1,""Rpm"":-999,""Speed"":11.0,""SatelliteNumber"":19,""Azimuth"":227,""BatteryLevel"":100}]",0x252513005965BA0869487064485674003C38402D000000645300000007000061000000FFFFFFFFFFFFFFFFFFFF00D5004FC04F002604161329119A6920450E2794C2C4F69540011000E303902810FFFFFF00001C0000FFFFFF
2026-04-16 13:29:14.759,"[{""Protocol"":""0x2525"",""MessageType"":""LocationInfoMessage"",""ProtocolHeadType"":19,""Imei"":""869487064485674"",""SerialNo"":26043,""Mileage"":5226775,""Date"":""2026-04-16T13:29:50Z"",""IopIgnition"":true,""Latitude"":4.6853156089782715,""Longitude"":-74.077705383300781,""Altitude"":2564.300048828125,""ExternalPowerVoltage"":28.02,""Rpm"":-999,""Speed"":5.0,""SatelliteNumber"":19,""Azimuth"":278,""BatteryLevel"":100}]",0x252513005965BB0869487064485674003C38402D000000645300000007000061000000FFFFFFFFFFFFFFFFFFFF00D5004FC11700260416132950CD442045C92794C21BEE95400050011603902802FFFFFF00001C0000FFFFFF
2026-04-16 13:29:46.844,"[{""Protocol"":""0x2525"",""MessageType"":""LocationInfoMessage"",""ProtocolHeadType"":19,""Imei"":""869487064485674"",""SerialNo"":26044,""Mileage"":5227004,""Date"":""2026-04-16T13:30:22Z"",""IopIgnition"":true,""Latitude"":4.6862688064575195,""Longitude"":-74.079208374023438,""Altitude"":2567.10009765625,""ExternalPowerVoltage"":28.12,""Rpm"":-999,""Speed"":41.0,""SatelliteNumber"":19,""Azimuth"":232,""BatteryLevel"":100}]",0x252513005965BC0869487064485674003C38402D000000645300000007000061000000FFFFFFFFFFFFFFFFFFFF00D5004FC1FC002604161330229A7120458E2894C2EAF59540041000E803902812FFFFFF00001E0000FFFFFF
2026-04-16 13:30:01.758,"[{""Protocol"":""0x2525"",""MessageType"":""LocationInfoMessage"",""ProtocolHeadType"":19,""Imei"":""869487064485674"",""SerialNo"":26045,""Mileage"":5227133,""Date"":""2026-04-16T13:30:37Z"",""IopIgnition"":true,""Latitude"":4.685645580291748,""Longitude"":-74.080154418945313,""Altitude"":2567.800048828125,""ExternalPowerVoltage"":28.01,""Rpm"":-999,""Speed"":12.0,""SatelliteNumber"":18,""Azimuth"":284,""BatteryLevel"":100}]",0x252513005965BD0869487064485674003C38402D000000645200000007000061000000FFFFFFFFFFFFFFFFFFFF00D5004FC27D00260416133037CD7C20450A2994C2CFF095400120011C03902801FFFFFF00001F0000FFFFFF
2026-04-16 13:31:50.616,"[{""Protocol"":""0x2525"",""MessageType"":""LocationInfoMessage"",""ProtocolHeadType"":19,""Imei"":""869487064485674"",""SerialNo"":26046,""Mileage"":5228049,""Date"":""2026-04-16T13:32:26Z"",""IopIgnition"":true,""Latitude"":4.6920781135559082,""Longitude"":-74.085273742675781,""Altitude"":2570.800048828125,""ExternalPowerVoltage"":28.06,""Rpm"":-999,""Speed"":0.0,""SatelliteNumber"":14,""Azimuth"":326,""BatteryLevel"":100}]",0x252513005965BE0869487064485674003C38402D000000644E00000007000061000000FFFFFFFFFFFFFFFFFFFF00D5004FC61100260416133226CDAC2045A92B94C2812596400000014603902806FFFFFF00001D0000FFFFFF
2026-04-16 13:32:50.461,"[{""Protocol"":""0x2525"",""MessageType"":""LocationInfoMessage"",""ProtocolHeadType"":19,""Imei"":""869487064485674"",""SerialNo"":26047,""Mileage"":5228316,""Date"":""2026-04-16T13:33:26Z"",""IopIgnition"":true,""Latitude"":4.6939225196838379,""Longitude"":-74.0868148803711,""Altitude"":2570.5,""ExternalPowerVoltage"":28.15,""Rpm"":-999,""Speed"":44.0,""SatelliteNumber"":17,""Azimuth"":316,""BatteryLevel"":100}]",0x252513005965BF0869487064485674003C38402D000000605100000007000061000000FFFFFFFFFFFFFFFFFFFF00D5004FC71C0026041613332600A82045732C94C29D3496400440013C03902815FFFFFF00001D0000FFFFFF
2026-04-16 13:33:50.378,"[{""Protocol"":""0x2525"",""MessageType"":""LocationInfoMessage"",""ProtocolHeadType"":19,""Imei"":""869487064485674"",""SerialNo"":26048,""Mileage"":5228759,""Date"":""2026-04-16T13:34:25Z"",""IopIgnition"":true,""Latitude"":4.69629430770874,""Longitude"":-74.089958190917969,""Altitude"":2568.300048828125,""ExternalPowerVoltage"":28.11,""Rpm"":-999,""Speed"":0.0,""SatelliteNumber"":17,""Azimuth"":0,""BatteryLevel"":100}]",0x252513005965C00869487064485674003C38402D000000645100000007000061000000FFFFFFFFFFFFFFFFFFFF00D5004FC8D700260416133425CD8420450F2E94C20B4896400000000003902811FFFFFF00001D0000FFFFFF
2026-04-16 13:33:54.665,"[{""Protocol"":""0x2525"",""MessageType"":""LocationInfoMessage"",""ProtocolHeadType"":19,""Imei"":""869487064485674"",""SerialNo"":26049,""Mileage"":5228792,""Date"":""2026-04-16T13:34:30Z"",""IopIgnition"":true,""Latitude"":4.6965370178222656,""Longitude"":-74.089805603027344,""Altitude"":2567.5,""ExternalPowerVoltage"":28.12,""Rpm"":-999,""Speed"":30.0,""SatelliteNumber"":18,""Azimuth"":54,""BatteryLevel"":100}]",0x252513005965C10869487064485674003C38402D000000645200000007000061000000FFFFFFFFFFFFFFFFFFFF00D5004FC8F80026041613343000782045FB2D94C2084A96400300003603902812FFFFFF00001F0000FFFFFF
2026-04-16 13:33:57.815,"[{""Protocol"":""0x2525"",""MessageType"":""LocationInfoMessage"",""ProtocolHeadType"":19,""Imei"":""869487064485674"",""SerialNo"":26050,""Mileage"":5228818,""Date"":""2026-04-16T13:34:33Z"",""IopIgnition"":true,""Latitude"":4.6965765953063965,""Longitude"":-74.089569091796875,""Altitude"":2566.5,""ExternalPowerVoltage"":28.13,""Rpm"":-999,""Speed"":36.0,""SatelliteNumber"":18,""Azimuth"":101,""BatteryLevel"":100}]",0x252513005965C20869487064485674003C38402D000000645200000007000061000000FFFFFFFFFFFFFFFFFFFF00D5004FC9120026041613343300682045DC2D94C25B4A96400360006503902813FFFFFF00001F0000FFFFFF
2026-04-16 13:34:03.678,"[{""Protocol"":""0x2525"",""MessageType"":""LocationInfoMessage"",""ProtocolHeadType"":19,""Imei"":""869487064485674"",""SerialNo"":26051,""Mileage"":5228883,""Date"":""2026-04-16T13:34:39Z"",""IopIgnition"":true,""Latitude"":4.6962060928344727,""Longitude"":-74.0891342163086,""Altitude"":2565.5,""ExternalPowerVoltage"":28.11,""Rpm"":-999,""Speed"":28.0,""SatelliteNumber"":17,""Azimuth"":155,""BatteryLevel"":100}]",0x252513005965C30869487064485674003C38402D000000645100000007000061000000FFFFFFFFFFFFFFFFFFFF00D5004FC9530026041613343900582045A32D94C2524796400280009B03902811FFFFFF00001F0000FFFFFF
2026-04-16 13:34:07.735,"[{""Protocol"":""0x2525"",""MessageType"":""LocationInfoMessage"",""ProtocolHeadType"":19,""Imei"":""869487064485674"",""SerialNo"":26052,""Mileage"":5228913,""Date"":""2026-04-16T13:34:43Z"",""IopIgnition"":true,""Latitude"":4.695950984954834,""Longitude"":-74.089141845703125,""Altitude"":2565.60009765625,""ExternalPowerVoltage"":28.11,""Rpm"":-999,""Speed"":30.0,""SatelliteNumber"":18,""Azimuth"":208,""BatteryLevel"":100}]",0x252513005965C40869487064485674003C38402D000000645200000007000061000000FFFFFFFFFFFFFFFFFFFF00D5004FC971002604161334439A592045A42D94C23B459640030000D003902811FFFFFF0000200000FFFFFF
2026-04-16 13:35:50.633,"[{""Protocol"":""0x2525"",""MessageType"":""LocationInfoMessage"",""ProtocolHeadType"":19,""Imei"":""869487064485674"",""SerialNo"":26053,""Mileage"":5229709,""Date"":""2026-04-16T13:36:26Z"",""IopIgnition"":true,""Latitude"":4.6901745796203613,""Longitude"":-74.093185424804688,""Altitude"":2575.39990234375,""ExternalPowerVoltage"":27.96,""Rpm"":-999,""Speed"":7.0,""SatelliteNumber"":17,""Azimuth"":217,""BatteryLevel"":100}]",0x252513005965C50869487064485674003C38402D000000645100000007000061000000FFFFFFFFFFFFFFFFFFFF00D5004FCC8D0026041613362666F62045B62F94C2E9159640007000D903902796FFFFFF00001D0000FFFFFF
2026-04-16 13:36:22.890,"[{""Protocol"":""0x2525"",""MessageType"":""LocationInfoMessage"",""ProtocolHeadType"":19,""Imei"":""869487064485674"",""SerialNo"":26054,""Mileage"":5229795,""Date"":""2026-04-16T13:36:58Z"",""IopIgnition"":true,""Latitude"":4.68966007232666,""Longitude"":-74.093635559082031,""Altitude"":2567.0,""ExternalPowerVoltage"":28.11,""Rpm"":-999,""Speed"":9.0,""SatelliteNumber"":19,""Azimuth"":266,""BatteryLevel"":100}]",0x252513005965C60869487064485674003C38402D000000645300000007000061000000FFFFFFFFFFFFFFFFFFFF00D5004FCCE30026041613365800702045F12F94C2B21196400090010A03902811FFFFFF00001D0000FFFFFF
2026-04-16 13:37:50.687,"[{""Protocol"":""0x2525"",""MessageType"":""LocationInfoMessage"",""ProtocolHeadType"":19,""Imei"":""869487064485674"",""SerialNo"":26055,""Mileage"":5230276,""Date"":""2026-04-16T13:38:26Z"",""IopIgnition"":true,""Latitude"":4.6921348571777344,""Longitude"":-74.097183227539063,""Altitude"":2573.800048828125,""ExternalPowerVoltage"":27.93,""Rpm"":-999,""Speed"":0.0,""SatelliteNumber"":17,""Azimuth"":310,""BatteryLevel"":100}]",0x252513005965C70869487064485674003C38402D0000005D5100000007000061000000FFFFFFFFFFFFFFFFFFFF00D5004FCEC400260416133826CDDC2045C23194C2F82596400000013603902793FFFFFF00001E0000FFFFFF
2026-04-16 13:38:42.811,"[{""Protocol"":""0x2525"",""MessageType"":""LocationInfoMessage"",""ProtocolHeadType"":19,""Imei"":""869487064485674"",""SerialNo"":26056,""Mileage"":5230312,""Date"":""2026-04-16T13:39:18Z"",""IopIgnition"":true,""Latitude"":4.6922435760498047,""Longitude"":-74.09747314453125,""Altitude"":2574.0,""ExternalPowerVoltage"":28.14,""Rpm"":-999,""Speed"":20.0,""SatelliteNumber"":19,""Azimuth"":240,""BatteryLevel"":100}]",0x252513005965C80869487064485674003C38402D000000645300000007000061000000FFFFFFFFFFFFFFFFFFFF00D5004FCEE80026041613391800E02045E83194C2DC269640020000F003902814FFFFFF00001D0000FFFFFF
2026-04-16 13:39:04.759,"[{""Protocol"":""0x2525"",""MessageType"":""LocationInfoMessage"",""ProtocolHeadType"":19,""Imei"":""869487064485674"",""SerialNo"":26057,""Mileage"":5230448,""Date"":""2026-04-16T13:39:40Z"",""IopIgnition"":true,""Latitude"":4.6912841796875,""Longitude"":-74.098197937011719,""Altitude"":2574.60009765625,""ExternalPowerVoltage"":28.04,""Rpm"":-999,""Speed"":13.0,""SatelliteNumber"":19,""Azimuth"":153,""BatteryLevel"":100}]",0x252513005965C90869487064485674003C38402D000000645300000007000061000000FFFFFFFFFFFFFFFFFFFF00D5004FCF70002604161339409AE92045473294C2001F96400130009903902804FFFFFF00001D0000FFFFFF
2026-04-16 13:40:18.415,"[{""Protocol"":""0x2525"",""MessageType"":""LocationAlarmMessage"",""ProtocolHeadType"":20,""Imei"":""869487064485674"",""SerialNo"":993,""Mileage"":5230627,""Date"":""2026-04-16T13:40:53Z"",""IopIgnition"":false,""Latitude"":4.6903467178344727,""Longitude"":-74.0969009399414,""Altitude"":2574.800048828125,""ExternalPowerVoltage"":27.95,""Rpm"":-999,""Speed"":0.0,""SatelliteNumber"":15,""Azimuth"":144,""OriginalAlarmCode"":23}]",0x252514005903E10869487064485674003C38402D000000604F00000007000020000000FFFFFFFFFFFFFFFFFFFF17D5004FD02300260416134053CDEC20459D3194C2521796400000009003902795FFFFFF00001E0000FFFFFF
2026-04-16 15:54:42.468,"[{""Protocol"":""0x2525"",""MessageType"":""LocationAlarmMessage"",""ProtocolHeadType"":20,""Imei"":""869487064485674"",""SerialNo"":994,""Mileage"":5230627,""Date"":""2026-04-16T15:55:17Z"",""IopIgnition"":true,""Latitude"":4.6903467178344727,""Longitude"":-74.0969009399414,""Altitude"":2574.800048828125,""ExternalPowerVoltage"":25.63,""Rpm"":-999,""Speed"":0.0,""SatelliteNumber"":16,""Azimuth"":144,""OriginalAlarmCode"":22}]",0x252514005903E20869487064485674003C38402D000000525000000007000061000000FFFFFFFFFFFFFFFFFFFF16D5004FD02300260416155517CDEC20459D3194C2521796400000009003912563FFFFFF00001E0000FFFFFF
2026-04-16 15:55:42.286,"[{""Protocol"":""0x2525"",""MessageType"":""LocationInfoMessage"",""ProtocolHeadType"":19,""Imei"":""869487064485674"",""SerialNo"":26058,""Mileage"":5230627,""Date"":""2026-04-16T15:56:17Z"",""IopIgnition"":true,""Latitude"":4.6903467178344727,""Longitude"":-74.0969009399414,""Altitude"":2574.800048828125,""ExternalPowerVoltage"":28.0,""Rpm"":-999,""Speed"":0.0,""SatelliteNumber"":16,""Azimuth"":144,""BatteryLevel"":100}]",0x252513005965CA0869487064485674003C38402D000000525000000007000061000000FFFFFFFFFFFFFFFFFFFF00D5004FD02300260416155617CDEC20459D3194C2521796400000009003912800FFFFFF00001E0000FFFFFF
2026-04-16 15:56:43.145,"[{""Protocol"":""0x2525"",""MessageType"":""LocationInfoMessage"",""ProtocolHeadType"":19,""Imei"":""869487064485674"",""SerialNo"":26059,""Mileage"":5230761,""Date"":""2026-04-16T15:57:18Z"",""IopIgnition"":true,""Latitude"":4.6896028518676758,""Longitude"":-74.095947265625,""Altitude"":2574.60009765625,""ExternalPowerVoltage"":28.16,""Rpm"":-999,""Speed"":16.0,""SatelliteNumber"":13,""Azimuth"":125,""BatteryLevel"":100}]",0x252513005965CB0869487064485674003C38402D000000564D00000007000061000000FFFFFFFFFFFFFFFFFFFF00D5004FD0A9002604161557189AE92045203194C23A1196400160007D03912816FFFFFF00001F0000FFFFFF
2026-04-16 15:57:05.796,"[{""Protocol"":""0x2525"",""MessageType"":""LocationInfoMessage"",""ProtocolHeadType"":19,""Imei"":""869487064485674"",""SerialNo"":26060,""Mileage"":5230786,""Date"":""2026-04-16T15:57:41Z"",""IopIgnition"":true,""Latitude"":4.6895251274108887,""Longitude"":-74.095741271972656,""Altitude"":2575.89990234375,""ExternalPowerVoltage"":28.16,""Rpm"":-999,""Speed"":10.0,""SatelliteNumber"":16,""Azimuth"":50,""BatteryLevel"":100}]",0x252513005965CC0869487064485674003C38402D000000645000000007000061000000FFFFFFFFFFFFFFFFFFFF00D5004FD0C20026041615574166FE2045053194C2971096400100003203912816FFFFFF00001F0000FFFFFF
2026-04-16 15:57:57.728,"[{""Protocol"":""0x2525"",""MessageType"":""LocationInfoMessage"",""ProtocolHeadType"":19,""Imei"":""869487064485674"",""SerialNo"":26061,""Mileage"":5231044,""Date"":""2026-04-16T15:58:33Z"",""IopIgnition"":true,""Latitude"":4.6914467811584473,""Longitude"":-74.094474792480469,""Altitude"":2576.10009765625,""ExternalPowerVoltage"":28.17,""Rpm"":-999,""Speed"":16.0,""SatelliteNumber"":16,""Azimuth"":340,""BatteryLevel"":100}]",0x252513005965CD0869487064485674003C38402D000000645000000007000061000000FFFFFFFFFFFFFFFFFFFF00D5004FD1C4002604161558339A0121455F3094C2552096400160015403912817FFFFFF00001F0000FFFFFF
2026-04-16 15:58:19.750,"[{""Protocol"":""0x2525"",""MessageType"":""LocationInfoMessage"",""ProtocolHeadType"":19,""Imei"":""869487064485674"",""SerialNo"":26062,""Mileage"":5231173,""Date"":""2026-04-16T15:58:55Z"",""IopIgnition"":true,""Latitude"":4.6921563148498535,""Longitude"":-74.095260620117188,""Altitude"":2573.300048828125,""ExternalPowerVoltage"":28.17,""Rpm"":-999,""Speed"":16.0,""SatelliteNumber"":14,""Azimuth"":43,""BatteryLevel"":100}]",0x252513005965CE0869487064485674003C38402D0000005D4E00000007000061000000FFFFFFFFFFFFFFFFFFFF00D5004FD24500260416155855CDD42045C63094C2252696400160002B03912817FFFFFF00001F0000FFFFFF
2026-04-16 15:58:31.639,"[{""Protocol"":""0x2525"",""MessageType"":""LocationInfoMessage"",""ProtocolHeadType"":19,""Imei"":""869487064485674"",""SerialNo"":26063,""Mileage"":5231233,""Date"":""2026-04-16T15:59:07Z"",""IopIgnition"":true,""Latitude"":4.6925883293151855,""Longitude"":-74.095039367675781,""Altitude"":2573.699951171875,""ExternalPowerVoltage"":28.14,""Rpm"":-999,""Speed"":13.0,""SatelliteNumber"":16,""Azimuth"":308,""BatteryLevel"":100}]",0x252513005965CF0869487064485674003C38402D000000525000000007000061000000FFFFFFFFFFFFFFFFFFFF00D5004FD2810026041615590733DB2045A93094C2AF2996400130013403912814FFFFFF0000210000FFFFFF
2026-04-16 15:59:06.857,"[{""Protocol"":""0x2525"",""MessageType"":""LocationInfoMessage"",""ProtocolHeadType"":19,""Imei"":""869487064485674"",""SerialNo"":26064,""Mileage"":5231426,""Date"":""2026-04-16T15:59:42Z"",""IopIgnition"":true,""Latitude"":4.6933436393737793,""Longitude"":-74.096549987792969,""Altitude"":2574.39990234375,""ExternalPowerVoltage"":28.16,""Rpm"":-999,""Speed"":19.0,""SatelliteNumber"":17,""Azimuth"":358,""BatteryLevel"":100}]",0x252513005965D00869487064485674003C38402D000000645100000007000061000000FFFFFFFFFFFFFFFFFFFF00D5004FD3420026041615594266E620456F3194C2DF2F96400190016603912816FFFFFF00001F0000FFFFFF
2026-04-16 15:59:14.687,"[{""Protocol"":""0x2525"",""MessageType"":""LocationInfoMessage"",""ProtocolHeadType"":19,""Imei"":""869487064485674"",""SerialNo"":26065,""Mileage"":5231471,""Date"":""2026-04-16T15:59:50Z"",""IopIgnition"":true,""Latitude"":4.693695068359375,""Longitude"":-74.096359252929688,""Altitude"":2572.0,""ExternalPowerVoltage"":28.17,""Rpm"":-999,""Speed"":20.0,""SatelliteNumber"":15,""Azimuth"":52,""BatteryLevel"":100}]",0x252513005965D10869487064485674003C38402D000000604F00000007000061000000FFFFFFFFFFFFFFFFFFFF00D5004FD36F0026041615595000C02045563194C2C03296400200003403912817FFFFFF0000220000FFFFFF
2026-04-16 16:00:13.927,"[{""Protocol"":""0x2525"",""MessageType"":""LocationInfoMessage"",""ProtocolHeadType"":19,""Imei"":""869487064485674"",""SerialNo"":26066,""Mileage"":5231867,""Date"":""2026-04-16T16:00:49Z"",""IopIgnition"":true,""Latitude"":4.6965417861938477,""Longitude"":-74.094284057617188,""Altitude"":2571.300048828125,""ExternalPowerVoltage"":28.13,""Rpm"":-999,""Speed"":14.0,""SatelliteNumber"":14,""Azimuth"":305,""BatteryLevel"":100}]",0x252513005965D20869487064485674003C38402D0000004B4E00000007000061000000FFFFFFFFFFFFFFFFFFFF00D5004FD4FB00260416160049CDB42045463094C2124A96400140013103912813FFFFFF0000200000FFFFFF
2026-04-16 16:01:42.624,"[{""Protocol"":""0x2525"",""MessageType"":""LocationInfoMessage"",""ProtocolHeadType"":19,""Imei"":""869487064485674"",""SerialNo"":26067,""Mileage"":5232254,""Date"":""2026-04-16T16:02:18Z"",""IopIgnition"":true,""Latitude"":4.6986804008483887,""Longitude"":-74.097030639648438,""Altitude"":2575.0,""ExternalPowerVoltage"":28.17,""Rpm"":-999,""Speed"":17.0,""SatelliteNumber"":17,""Azimuth"":308,""BatteryLevel"":100}]",0x252513005965D30869487064485674003C38402D0000004B5100000007000061000000FFFFFFFFFFFFFFFFFFFF00D5004FD67E0026041616021800F02045AE3194C2975B96400170013403912817FFFFFF0000200000FFFFFF
2026-04-16 16:02:15.805,"[{""Protocol"":""0x2525"",""MessageType"":""LocationInfoMessage"",""ProtocolHeadType"":19,""Imei"":""869487064485674"",""SerialNo"":26068,""Mileage"":5232379,""Date"":""2026-04-16T16:02:51Z"",""IopIgnition"":true,""Latitude"":4.6994051933288574,""Longitude"":-74.097869873046875,""Altitude"":2573.0,""ExternalPowerVoltage"":28.12,""Rpm"":-999,""Speed"":6.0,""SatelliteNumber"":15,""Azimuth"":355,""BatteryLevel"":100}]",0x252513005965D40869487064485674003C38402D0000005D4F00000007000061000000FFFFFFFFFFFFFFFFFFFF00D5004FD6FB0026041616025100D020451C3294C2876196400060016303912812FFFFFF0000200000FFFFFF
2026-04-16 16:02:18.644,"[{""Protocol"":""0x2525"",""MessageType"":""LocationInfoMessage"",""ProtocolHeadType"":19,""Imei"":""869487064485674"",""SerialNo"":26069,""Mileage"":5232383,""Date"":""2026-04-16T16:02:54Z"",""IopIgnition"":true,""Latitude"":4.6994433403015137,""Longitude"":-74.097862243652344,""Altitude"":2573.60009765625,""ExternalPowerVoltage"":28.02,""Rpm"":-999,""Speed"":5.0,""SatelliteNumber"":16,""Azimuth"":45,""BatteryLevel"":100}]",0x252513005965D50869487064485674003C38402D0000005D5000000007000061000000FFFFFFFFFFFFFFFFFFFF00D5004FD6FF002604161602549AD920451B3294C2D76196400050002D03912802FFFFFF0000200000FFFFFF
2026-04-16 16:03:32.862,"[{""Protocol"":""0x2525"",""MessageType"":""LocationInfoMessage"",""ProtocolHeadType"":19,""Imei"":""869487064485674"",""SerialNo"":26070,""Mileage"":5232492,""Date"":""2026-04-16T16:04:08Z"",""IopIgnition"":true,""Latitude"":4.7002825736999512,""Longitude"":-74.097396850585938,""Altitude"":2580.199951171875,""ExternalPowerVoltage"":28.19,""Rpm"":-999,""Speed"":25.0,""SatelliteNumber"":16,""Azimuth"":345,""BatteryLevel"":100}]",0x252513005965D60869487064485674003C38402D000000565000000007000061000000FFFFFFFFFFFFFFFFFFFF00D5004FD76C0026041616040833432145DE3194C2B76896400250015903912819FFFFFF0000200000FFFFFF
2026-04-16 16:04:16.804,"[{""Protocol"":""0x2525"",""MessageType"":""LocationInfoMessage"",""ProtocolHeadType"":19,""Imei"":""869487064485674"",""SerialNo"":26071,""Mileage"":5233031,""Date"":""2026-04-16T16:04:52Z"",""IopIgnition"":true,""Latitude"":4.7033047676086426,""Longitude"":-74.1011734008789,""Altitude"":2573.300048828125,""ExternalPowerVoltage"":28.17,""Rpm"":-999,""Speed"":47.0,""SatelliteNumber"":17,""Azimuth"":299,""BatteryLevel"":100}]",0x252513005965D70869487064485674003C38402D000000645100000007000061000000FFFFFFFFFFFFFFFFFFFF00D5004FD98700260416160452CDD42045CD3394C2798196400470012B03912817FFFFFF0000200000FFFFFF
2026-04-16 16:05:42.726,"[{""Protocol"":""0x2525"",""MessageType"":""LocationInfoMessage"",""ProtocolHeadType"":19,""Imei"":""869487064485674"",""SerialNo"":26072,""Mileage"":5233580,""Date"":""2026-04-16T16:06:18Z"",""IopIgnition"":true,""Latitude"":4.7053203582763672,""Longitude"":-74.105682373046875,""Altitude"":2573.39990234375,""ExternalPowerVoltage"":28.19,""Rpm"":-999,""Speed"":42.0,""SatelliteNumber"":17,""Azimuth"":294,""BatteryLevel"":100}]",0x252513005965D80869487064485674003C38402D000000595100000007000061000000FFFFFFFFFFFFFFFFFFFF00D5004FDBAC0026041616061866D620451C3694C2FC9196400420012603912819FFFFFF0000200000FFFFFF
2026-04-16 16:06:42.539,"[{""Protocol"":""0x2525"",""MessageType"":""LocationInfoMessage"",""ProtocolHeadType"":19,""Imei"":""869487064485674"",""SerialNo"":26073,""Mileage"":5233924,""Date"":""2026-04-16T16:07:18Z"",""IopIgnition"":true,""Latitude"":4.7067441940307617,""Longitude"":-74.108428955078125,""Altitude"":2572.89990234375,""ExternalPowerVoltage"":28.18,""Rpm"":-999,""Speed"":33.0,""SatelliteNumber"":16,""Azimuth"":302,""BatteryLevel"":100}]",0x252513005965D90869487064485674003C38402D000000645000000007000061000000FFFFFFFFFFFFFFFFFFFF00D5004FDD040026041616071866CE2045843794C2A69D96400330012E03912818FFFFFF0000200000FFFFFF
2026-04-16 16:07:42.428,"[{""Protocol"":""0x2525"",""MessageType"":""LocationInfoMessage"",""ProtocolHeadType"":19,""Imei"":""869487064485674"",""SerialNo"":26074,""Mileage"":5234118,""Date"":""2026-04-16T16:08:17Z"",""IopIgnition"":true,""Latitude"":4.7078442573547363,""Longitude"":-74.109779357910156,""Altitude"":2571.0,""ExternalPowerVoltage"":28.09,""Rpm"":-999,""Speed"":0.0,""SatelliteNumber"":16,""Azimuth"":314,""BatteryLevel"":100}]",0x252513005965DA0869487064485674003C38402D0000005D5000000007000061000000FFFFFFFFFFFFFFFFFFFF00D5004FDDC60026041616081700B02045353894C2A9A696400000013A03912809FFFFFF0000200000FFFFFF
2026-04-16 16:08:42.219,"[{""Protocol"":""0x2525"",""MessageType"":""LocationInfoMessage"",""ProtocolHeadType"":19,""Imei"":""869487064485674"",""SerialNo"":26075,""Mileage"":5234315,""Date"":""2026-04-16T16:09:17Z"",""IopIgnition"":true,""Latitude"":4.70906400680542,""Longitude"":-74.1110610961914,""Altitude"":2573.0,""ExternalPowerVoltage"":28.18,""Rpm"":-999,""Speed"":40.0,""SatelliteNumber"":16,""Azimuth"":314,""BatteryLevel"":100}]",0x252513005965DB0869487064485674003C38402D000000645000000007000061000000FFFFFFFFFFFFFFFFFFFF00D5004FDE8B0026041616091700D02045DD3894C2A7B096400400013A03912818FFFFFF0000200000FFFFFF
2026-04-16 16:09:43.105,"[{""Protocol"":""0x2525"",""MessageType"":""LocationInfoMessage"",""ProtocolHeadType"":19,""Imei"":""869487064485674"",""SerialNo"":26076,""Mileage"":5234958,""Date"":""2026-04-16T16:10:18Z"",""IopIgnition"":true,""Latitude"":4.7132978439331055,""Longitude"":-74.114982604980469,""Altitude"":2571.199951171875,""ExternalPowerVoltage"":28.18,""Rpm"":-999,""Speed"":49.0,""SatelliteNumber"":15,""Azimuth"":325,""BatteryLevel"":100}]",0x252513005965DC0869487064485674003C38402D000000644F00000007000061000000FFFFFFFFFFFFFFFFFFFF00D5004FE10E0026041616101833B32045DF3A94C256D396400490014503912818FFFFFF00001F0000FFFFFF
2026-04-16 16:10:42.855,"[{""Protocol"":""0x2525"",""MessageType"":""LocationInfoMessage"",""ProtocolHeadType"":19,""Imei"":""869487064485674"",""SerialNo"":26077,""Mileage"":5235367,""Date"":""2026-04-16T16:11:18Z"",""IopIgnition"":true,""Latitude"":4.7162976264953613,""Longitude"":-74.117111206054688,""Altitude"":2567.0,""ExternalPowerVoltage"":28.16,""Rpm"":-999,""Speed"":43.0,""SatelliteNumber"":15,""Azimuth"":323,""BatteryLevel"":100}]",0x252513005965DD0869487064485674003C38402D000000644F00000007000061000000FFFFFFFFFFFFFFFFFFFF00D5004FE2A70026041616111800702045F63B94C2E9EB96400430014303912816FFFFFF0000220000FFFFFF
2026-04-16 16:11:42.797,"[{""Protocol"":""0x2525"",""MessageType"":""LocationInfoMessage"",""ProtocolHeadType"":19,""Imei"":""869487064485674"",""SerialNo"":26078,""Mileage"":5235781,""Date"":""2026-04-16T16:12:18Z"",""IopIgnition"":true,""Latitude"":4.7193317413330078,""Longitude"":-74.119277954101563,""Altitude"":2565.89990234375,""ExternalPowerVoltage"":28.01,""Rpm"":-999,""Speed"":0.0,""SatelliteNumber"":12,""Azimuth"":323,""BatteryLevel"":100}]",0x252513005965DE0869487064485674003C38402D000000644C00000007000061000000FFFFFFFFFFFFFFFFFFFF00D5004FE44500260416161218665E2045123D94C2C40497400000014303912801FFFFFF0000200000FFFFFF
2026-04-16 16:12:42.615,"[{""Protocol"":""0x2525"",""MessageType"":""LocationInfoMessage"",""ProtocolHeadType"":19,""Imei"":""869487064485674"",""SerialNo"":26079,""Mileage"":5235992,""Date"":""2026-04-16T16:13:18Z"",""IopIgnition"":true,""Latitude"":4.7208905220031738,""Longitude"":-74.120361328125,""Altitude"":2569.199951171875,""ExternalPowerVoltage"":28.18,""Rpm"":-999,""Speed"":44.0,""SatelliteNumber"":15,""Azimuth"":324,""BatteryLevel"":100}]",0x252513005965DF0869487064485674003C38402D000000594F00000007000061000000FFFFFFFFFFFFFFFFFFFF00D5004FE5180026041616131833932045A03D94C2891197400440014403912818FFFFFF0000200000FFFFFF
2026-04-16 16:13:42.529,"[{""Protocol"":""0x2525"",""MessageType"":""LocationInfoMessage"",""ProtocolHeadType"":19,""Imei"":""869487064485674"",""SerialNo"":26080,""Mileage"":5236649,""Date"":""2026-04-16T16:14:18Z"",""IopIgnition"":true,""Latitude"":4.7254891395568848,""Longitude"":-74.124069213867188,""Altitude"":2569.199951171875,""ExternalPowerVoltage"":28.11,""Rpm"":-999,""Speed"":28.0,""SatelliteNumber"":16,""Azimuth"":320,""BatteryLevel"":100}]",0x252513005965E00869487064485674003C38402D000000645000000007000061000000FFFFFFFFFFFFFFFFFFFF00D5004FE7A90026041616141833932045863F94C2353797400280014003912811FFFFFF0000210000FFFFFF
2026-04-16 16:14:42.327,"[{""Protocol"":""0x2525"",""MessageType"":""LocationInfoMessage"",""ProtocolHeadType"":19,""Imei"":""869487064485674"",""SerialNo"":26081,""Mileage"":5236912,""Date"":""2026-04-16T16:15:17Z"",""IopIgnition"":true,""Latitude"":4.727506160736084,""Longitude"":-74.1251449584961,""Altitude"":2566.60009765625,""ExternalPowerVoltage"":27.94,""Rpm"":-999,""Speed"":0.0,""SatelliteNumber"":18,""Azimuth"":311,""BatteryLevel"":100}]",0x252513005965E10869487064485674003C38402D000000645200000007000061000000FFFFFFFFFFFFFFFFFFFF00D5004FE8B0002604161615179A692045134094C2BB4797400000013703912794FFFFFF0000200000FFFFFF
2026-04-16 16:15:03.825,"[{""Protocol"":""0x2525"",""MessageType"":""LocationInfoMessage"",""ProtocolHeadType"":19,""Imei"":""869487064485674"",""SerialNo"":26082,""Mileage"":5236957,""Date"":""2026-04-16T16:15:39Z"",""IopIgnition"":true,""Latitude"":4.7277669906616211,""Longitude"":-74.125411987304688,""Altitude"":2566.89990234375,""ExternalPowerVoltage"":28.17,""Rpm"":-999,""Speed"":16.0,""SatelliteNumber"":18,""Azimuth"":8,""BatteryLevel"":100}]",0x252513005965E20869487064485674003C38402D000000645200000007000061000000FFFFFFFFFFFFFFFFFFFF00D5004FE8DD00260416161539666E2045364094C2DE4997400160000803912817FFFFFF0000200000FFFFFF
2026-04-16 16:16:42.630,"[{""Protocol"":""0x2525"",""MessageType"":""LocationInfoMessage"",""ProtocolHeadType"":19,""Imei"":""869487064485674"",""SerialNo"":26083,""Mileage"":5238078,""Date"":""2026-04-16T16:17:18Z"",""IopIgnition"":true,""Latitude"":4.73686408996582,""Longitude"":-74.125961303710938,""Altitude"":2565.89990234375,""ExternalPowerVoltage"":28.15,""Rpm"":-999,""Speed"":28.0,""SatelliteNumber"":18,""Azimuth"":22,""BatteryLevel"":100}]",0x252513005965E30869487064485674003C38402D000000645200000007000061000000FFFFFFFFFFFFFFFFFFFF00D5004FED3E00260416161718665E20457E4094C2649497400280001603912815FFFFFF0000200000FFFFFF
2026-04-16 16:17:32.737,"[{""Protocol"":""0x2525"",""MessageType"":""LocationInfoMessage"",""ProtocolHeadType"":19,""Imei"":""869487064485674"",""SerialNo"":26084,""Mileage"":5238526,""Date"":""2026-04-16T16:18:08Z"",""IopIgnition"":true,""Latitude"":4.740328311920166,""Longitude"":-74.124443054199219,""Altitude"":2563.89990234375,""ExternalPowerVoltage"":28.15,""Rpm"":-999,""Speed"":22.0,""SatelliteNumber"":17,""Azimuth"":70,""BatteryLevel"":100}]",0x252513005965E40869487064485674003C38402D000000645100000007000061000000FFFFFFFFFFFFFFFFFFFF00D5004FEEFE00260416161808663E2045B73F94C2C5B097400220004603912815FFFFFF0000200000FFFFFF
2026-04-16 16:18:18.605,"[{""Protocol"":""0x2525"",""MessageType"":""LocationInfoMessage"",""ProtocolHeadType"":19,""Imei"":""869487064485674"",""SerialNo"":26085,""Mileage"":5238830,""Date"":""2026-04-16T16:18:52Z"",""IopIgnition"":true,""Latitude"":4.7410683631896973,""Longitude"":-74.121864318847656,""Altitude"":2560.699951171875,""ExternalPowerVoltage"":28.17,""Rpm"":-999,""Speed"":10.0,""SatelliteNumber"":16,""Azimuth"":5,""BatteryLevel"":100}]",0x252513005965E50869487064485674003C38402D000000525000000007000061000000FFFFFFFFFFFFFFFFFFFF00D5004FF02E00260416161852330B2045653E94C2D5B697400100000503912817FFFFFF0000200000FFFFFF
2026-04-16 16:19:42.569,"[{""Protocol"":""0x2525"",""MessageType"":""LocationInfoMessage"",""ProtocolHeadType"":19,""Imei"":""869487064485674"",""SerialNo"":26086,""Mileage"":5239048,""Date"":""2026-04-16T16:20:18Z"",""IopIgnition"":true,""Latitude"":4.7428779602050781,""Longitude"":-74.122604370117188,""Altitude"":2559.5,""ExternalPowerVoltage"":28.07,""Rpm"":-999,""Speed"":0.0,""SatelliteNumber"":17,""Azimuth"":340,""BatteryLevel"":100}]",0x252513005965E60869487064485674003C38402D000000645100000007000061000000FFFFFFFFFFFFFFFFFFFF00D5004FF1080026041616201800F81F45C63E94C2A8C597400000015403912807FFFFFF0000200000FFFFFF
2026-04-16 16:19:53.731,"[{""Protocol"":""0x2525"",""MessageType"":""LocationInfoMessage"",""ProtocolHeadType"":19,""Imei"":""869487064485674"",""SerialNo"":26087,""Mileage"":5239086,""Date"":""2026-04-16T16:20:29Z"",""IopIgnition"":true,""Latitude"":4.7432107925415039,""Longitude"":-74.122673034667969,""Altitude"":2567.89990234375,""ExternalPowerVoltage"":28.09,""Rpm"":-999,""Speed"":8.0,""SatelliteNumber"":16,""Azimuth"":53,""BatteryLevel"":100}]",0x252513005965E70869487064485674003C38402D000000645000000007000061000000FFFFFFFFFFFFFFFFFFFF00D5004FF12E00260416162029667E2045CF3E94C262C897400080003503912809FFFFFF0000220000FFFFFF
2026-04-16 16:21:42.664,"[{""Protocol"":""0x2525"",""MessageType"":""LocationInfoMessage"",""ProtocolHeadType"":19,""Imei"":""869487064485674"",""SerialNo"":26088,""Mileage"":5239553,""Date"":""2026-04-16T16:22:18Z"",""IopIgnition"":true,""Latitude"":4.7446813583374023,""Longitude"":-74.118743896484375,""Altitude"":2571.5,""ExternalPowerVoltage"":28.17,""Rpm"":-999,""Speed"":20.0,""SatelliteNumber"":16,""Azimuth"":72,""BatteryLevel"":100}]",0x252513005965E80869487064485674003C38402D000000645000000007000061000000FFFFFFFFFFFFFFFFFFFF00D5004FF3010026041616221800B82045CC3C94C26ED497400200004803912817FFFFFF0000210000FFFFFF
2026-04-16 16:22:42.488,"[{""Protocol"":""0x2525"",""MessageType"":""LocationInfoMessage"",""ProtocolHeadType"":19,""Imei"":""869487064485674"",""SerialNo"":26089,""Mileage"":5239715,""Date"":""2026-04-16T16:23:18Z"",""IopIgnition"":true,""Latitude"":4.7451534271240234,""Longitude"":-74.117431640625,""Altitude"":2577.5,""ExternalPowerVoltage"":28.19,""Rpm"":-999,""Speed"":13.0,""SatelliteNumber"":16,""Azimuth"":86,""BatteryLevel"":100}]",0x252513005965E90869487064485674003C38402D0000005D5000000007000061000000FFFFFFFFFFFFFFFFFFFF00D5004FF3A30026041616231800182145203C94C24CD897400130005603912819FFFFFF0000200000FFFFFF
2026-04-16 16:23:37.850,"[{""Protocol"":""0x2525"",""MessageType"":""LocationInfoMessage"",""ProtocolHeadType"":19,""Imei"":""869487064485674"",""SerialNo"":26090,""Mileage"":5239966,""Date"":""2026-04-16T16:24:13Z"",""IopIgnition"":true,""Latitude"":4.7443127632141113,""Longitude"":-74.115394592285156,""Altitude"":2571.800048828125,""ExternalPowerVoltage"":28.08,""Rpm"":-999,""Speed"":8.0,""SatelliteNumber"":16,""Azimuth"":35,""BatteryLevel"":100}]",0x252513005965EA0869487064485674003C38402D000000565000000007000061000000FFFFFFFFFFFFFFFFFFFF00D5004FF49E00260416162413CDBC2045153B94C269D197400080002303912808FFFFFF0000200000FFFFFF
2026-04-16 16:24:01.770,"[{""Protocol"":""0x2525"",""MessageType"":""LocationInfoMessage"",""ProtocolHeadType"":19,""Imei"":""869487064485674"",""SerialNo"":26091,""Mileage"":5240039,""Date"":""2026-04-16T16:24:37Z"",""IopIgnition"":true,""Latitude"":4.7448611259460449,""Longitude"":-74.115074157714844,""Altitude"":2565.800048828125,""ExternalPowerVoltage"":28.09,""Rpm"":-999,""Speed"":10.0,""SatelliteNumber"":17,""Azimuth"":94,""BatteryLevel"":100}]",0x252513005965EB0869487064485674003C38402D000000485100000007000061000000FFFFFFFFFFFFFFFFFFFF00D5004FF4E700260416162437CD5C2045EB3A94C2E7D597400100005E03912809FFFFFF0000200000FFFFFF
2026-04-16 16:25:42.643,"[{""Protocol"":""0x2525"",""MessageType"":""LocationInfoMessage"",""ProtocolHeadType"":19,""Imei"":""869487064485674"",""SerialNo"":26092,""Mileage"":5240177,""Date"":""2026-04-16T16:26:18Z"",""IopIgnition"":true,""Latitude"":4.7444820404052734,""Longitude"":-74.1138916015625,""Altitude"":2567.39990234375,""ExternalPowerVoltage"":27.97,""Rpm"":-999,""Speed"":0.0,""SatelliteNumber"":15,""Azimuth"":109,""BatteryLevel"":100}]",0x252513005965EC0869487064485674003C38402D000000564F00000007000061000000FFFFFFFFFFFFFFFFFFFF00D5004FF5710026041616261866762045503A94C2CCD297400000006D03912797FFFFFF0000200000FFFFFF
2026-04-16 16:26:42.466,"[{""Protocol"":""0x2525"",""MessageType"":""LocationInfoMessage"",""ProtocolHeadType"":19,""Imei"":""869487064485674"",""SerialNo"":26093,""Mileage"":5240177,""Date"":""2026-04-16T16:27:18Z"",""IopIgnition"":true,""Latitude"":4.7444820404052734,""Longitude"":-74.1138916015625,""Altitude"":2567.39990234375,""ExternalPowerVoltage"":28.13,""Rpm"":-999,""Speed"":0.0,""SatelliteNumber"":16,""Azimuth"":109,""BatteryLevel"":100}]",0x252513005965ED0869487064485674003C38402D000000565000000007000061000000FFFFFFFFFFFFFFFFFFFF00D5004FF5710026041616271866762045503A94C2CCD297400000006D03912813FFFFFF0000200000FFFFFF
2026-04-16 16:27:24.193,"[{""Protocol"":""0x2525"",""MessageType"":""LocationAlarmMessage"",""ProtocolHeadType"":20,""Imei"":""869487064485674"",""SerialNo"":995,""Mileage"":5240237,""Date"":""2026-04-16T16:27:59Z"",""IopIgnition"":false,""Latitude"":4.744330883026123,""Longitude"":-74.113372802734375,""Altitude"":2567.800048828125,""ExternalPowerVoltage"":27.78,""Rpm"":-999,""Speed"":0.0,""SatelliteNumber"":15,""Azimuth"":112,""OriginalAlarmCode"":23}]",0x252514005903E30869487064485674003C38402D0000004B4F00000007000020000000FFFFFFFFFFFFFFFFFFFF17D5004FF5AD00260416162759CD7C20450C3A94C28FD197400000007003912778FFFFFF0000210000FFFFFF
2026-04-16 16:32:24.721,"[{""Protocol"":""0x2525"",""MessageType"":""LocationAlarmMessage"",""ProtocolHeadType"":20,""Imei"":""869487064485674"",""SerialNo"":996,""Mileage"":5240237,""Date"":""2026-04-16T16:32:56Z"",""IopIgnition"":true,""Latitude"":4.744330883026123,""Longitude"":-74.113372802734375,""Altitude"":2567.800048828125,""ExternalPowerVoltage"":25.66,""Rpm"":-999,""Speed"":0.0,""SatelliteNumber"":16,""Azimuth"":112,""OriginalAlarmCode"":22}]",0x252514005903E40869487064485674003C38402D000000485000000007000061000000FFFFFFFFFFFFFFFFFFFF16D5004FF5AD00260416163256CD7C20450C3A94C28FD197400000007003912566FFFFFF0000200000FFFFFF
2026-04-16 16:33:10.800,"[{""Protocol"":""0x2525"",""MessageType"":""LocationInfoMessage"",""ProtocolHeadType"":19,""Imei"":""869487064485674"",""SerialNo"":26094,""Mileage"":5240311,""Date"":""2026-04-16T16:33:42Z"",""IopIgnition"":true,""Latitude"":4.7442049980163574,""Longitude"":-74.11273193359375,""Altitude"":2571.699951171875,""ExternalPowerVoltage"":28.12,""Rpm"":-999,""Speed"":9.0,""SatelliteNumber"":17,""Azimuth"":64,""BatteryLevel"":100}]",0x252513005965EE0869487064485674003C38402D000000565100000007000061000000FFFFFFFFFFFFFFFFFFFF00D5004FF5F70026041616334233BB2045B83994C287D097400090004003912812FFFFFF0000210000FFFFFF
2026-04-16 16:33:12.646,"[{""Protocol"":""0x2525"",""MessageType"":""LocationInfoMessage"",""ProtocolHeadType"":19,""Imei"":""869487064485674"",""SerialNo"":26095,""Mileage"":5240317,""Date"":""2026-04-16T16:33:44Z"",""IopIgnition"":true,""Latitude"":4.7442569732666016,""Longitude"":-74.112701416015625,""Altitude"":2572.39990234375,""ExternalPowerVoltage"":28.12,""Rpm"":-999,""Speed"":13.0,""SatelliteNumber"":17,""Azimuth"":15,""BatteryLevel"":100}]",0x252513005965EF0869487064485674003C38402D000000565100000007000061000000FFFFFFFFFFFFFFFFFFFF00D5004FF5FD0026041616334466C62045B43994C2F4D097400130000F03912812FFFFFF0000210000FFFFFF
2026-04-16 16:33:39.771,"[{""Protocol"":""0x2525"",""MessageType"":""LocationInfoMessage"",""ProtocolHeadType"":19,""Imei"":""869487064485674"",""SerialNo"":26096,""Mileage"":5240430,""Date"":""2026-04-16T16:34:11Z"",""IopIgnition"":true,""Latitude"":4.7452239990234375,""Longitude"":-74.112518310546875,""Altitude"":2570.0,""ExternalPowerVoltage"":28.12,""Rpm"":-999,""Speed"":12.0,""SatelliteNumber"":17,""Azimuth"":297,""BatteryLevel"":100}]",0x252513005965F00869487064485674003C38402D0000004F5100000007000061000000FFFFFFFFFFFFFFFFFFFF00D5004FF66E0026041616341100A020459C3994C2E0D897400120012903912812FFFFFF0000210000FFFFFF
2026-04-16 16:34:11.705,"[{""Protocol"":""0x2525"",""MessageType"":""LocationInfoMessage"",""ProtocolHeadType"":19,""Imei"":""869487064485674"",""SerialNo"":26097,""Mileage"":5240601,""Date"":""2026-04-16T16:34:43Z"",""IopIgnition"":true,""Latitude"":4.745659351348877,""Longitude"":-74.113929748535156,""Altitude"":2567.5,""ExternalPowerVoltage"":28.16,""Rpm"":-999,""Speed"":12.0,""SatelliteNumber"":16,""Azimuth"":26,""BatteryLevel"":100}]",0x252513005965F10869487064485674003C38402D0000004F5000000007000061000000FFFFFFFFFFFFFFFFFFFF00D5004FF7190026041616344300782045553A94C271DC97400120001A03912816FFFFFF0000220000FFFFFF
2026-04-16 16:34:47.828,"[{""Protocol"":""0x2525"",""MessageType"":""LocationInfoMessage"",""ProtocolHeadType"":19,""Imei"":""869487064485674"",""SerialNo"":26098,""Mileage"":5240736,""Date"":""2026-04-16T16:35:19Z"",""IopIgnition"":true,""Latitude"":4.7468123435974121,""Longitude"":-74.113616943359375,""Altitude"":2565.89990234375,""ExternalPowerVoltage"":28.12,""Rpm"":-999,""Speed"":9.0,""SatelliteNumber"":17,""Azimuth"":311,""BatteryLevel"":100}]",0x252513005965F20869487064485674003C38402D000000645100000007000061000000FFFFFFFFFFFFFFFFFFFF00D5004FF7A000260416163519665E20452C3A94C2E3E597400090013703912812FFFFFF0000210000FFFFFF
2026-04-16 16:35:27.686,"[{""Protocol"":""0x2525"",""MessageType"":""LocationInfoMessage"",""ProtocolHeadType"":19,""Imei"":""869487064485674"",""SerialNo"":26099,""Mileage"":5240960,""Date"":""2026-04-16T16:35:59Z"",""IopIgnition"":true,""Latitude"":4.7470731735229492,""Longitude"":-74.115608215332031,""Altitude"":2567.39990234375,""ExternalPowerVoltage"":28.16,""Rpm"":-999,""Speed"":17.0,""SatelliteNumber"":15,""Azimuth"":263,""BatteryLevel"":100}]",0x252513005965F30869487064485674003C38402D000000594F00000007000061000000FFFFFFFFFFFFFFFFFFFF00D5004FF8800026041616355966762045313B94C206E897400170010703912816FFFFFF0000210000FFFFFF
2026-04-16 16:37:25.559,"[{""Protocol"":""0x2525"",""MessageType"":""LocationInfoMessage"",""ProtocolHeadType"":19,""Imei"":""869487064485674"",""SerialNo"":26100,""Mileage"":5241112,""Date"":""2026-04-16T16:37:57Z"",""IopIgnition"":true,""Latitude"":4.7471928596496582,""Longitude"":-74.116973876953125,""Altitude"":2562.39990234375,""ExternalPowerVoltage"":28.1,""Rpm"":-999,""Speed"":0.0,""SatelliteNumber"":14,""Azimuth"":286,""BatteryLevel"":100}]",0x252513005965F40869487064485674003C38402D000000484E00000007000061000000FFFFFFFFFFFFFFFFFFFF00D5004FF9180026041616375766262045E43B94C201E997400000011E03912810FFFFFF0000210000FFFFFF
2026-04-16 16:38:25.393,"[{""Protocol"":""0x2525"",""MessageType"":""LocationInfoMessage"",""ProtocolHeadType"":19,""Imei"":""869487064485674"",""SerialNo"":26101,""Mileage"":5241112,""Date"":""2026-04-16T16:38:56Z"",""IopIgnition"":true,""Latitude"":4.7471928596496582,""Longitude"":-74.116973876953125,""Altitude"":2562.39990234375,""ExternalPowerVoltage"":27.96,""Rpm"":-999,""Speed"":0.0,""SatelliteNumber"":13,""Azimuth"":286,""BatteryLevel"":100}]",0x252513005965F50869487064485674003C38402D0000005D4D00000007000061000000FFFFFFFFFFFFFFFFFFFF00D5004FF9180026041616385666262045E43B94C201E997400000011E03912796FFFFFF0000220000FFFFFF
2026-04-16 16:39:26.267,"[{""Protocol"":""0x2525"",""MessageType"":""LocationInfoMessage"",""ProtocolHeadType"":19,""Imei"":""869487064485674"",""SerialNo"":26102,""Mileage"":5241112,""Date"":""2026-04-16T16:39:57Z"",""IopIgnition"":true,""Latitude"":4.7471928596496582,""Longitude"":-74.116973876953125,""Altitude"":2562.39990234375,""ExternalPowerVoltage"":27.96,""Rpm"":-999,""Speed"":0.0,""SatelliteNumber"":16,""Azimuth"":286,""BatteryLevel"":100}]",0x252513005965F60869487064485674003C38402D0000005D5000000007000061000000FFFFFFFFFFFFFFFFFFFF00D5004FF9180026041616395766262045E43B94C201E997400000011E03912796FFFFFF0000210000FFFFFF
2026-04-16 16:40:26.147,"[{""Protocol"":""0x2525"",""MessageType"":""LocationInfoMessage"",""ProtocolHeadType"":19,""Imei"":""869487064485674"",""SerialNo"":26103,""Mileage"":5241112,""Date"":""2026-04-16T16:40:57Z"",""IopIgnition"":true,""Latitude"":4.7471928596496582,""Longitude"":-74.116973876953125,""Altitude"":2562.39990234375,""ExternalPowerVoltage"":28.08,""Rpm"":-999,""Speed"":0.0,""SatelliteNumber"":17,""Azimuth"":286,""BatteryLevel"":100}]",0x252513005965F70869487064485674003C38402D0000005D5100000007000061000000FFFFFFFFFFFFFFFFFFFF00D5004FF9180026041616405766262045E43B94C201E997400000011E03912808FFFFFF0000210000FFFFFF
2026-04-16 16:41:25.988,"[{""Protocol"":""0x2525"",""MessageType"":""LocationInfoMessage"",""ProtocolHeadType"":19,""Imei"":""869487064485674"",""SerialNo"":26104,""Mileage"":5241112,""Date"":""2026-04-16T16:41:57Z"",""IopIgnition"":true,""Latitude"":4.7471928596496582,""Longitude"":-74.116973876953125,""Altitude"":2562.39990234375,""ExternalPowerVoltage"":27.98,""Rpm"":-999,""Speed"":0.0,""SatelliteNumber"":15,""Azimuth"":286,""BatteryLevel"":100}]",0x252513005965F80869487064485674003C38402D000000604F00000007000061000000FFFFFFFFFFFFFFFFFFFF00D5004FF9180026041616415766262045E43B94C201E997400000011E03912798FFFFFF0000210000FFFFFF
2026-04-16 16:42:25.988,"[{""Protocol"":""0x2525"",""MessageType"":""LocationInfoMessage"",""ProtocolHeadType"":19,""Imei"":""869487064485674"",""SerialNo"":26105,""Mileage"":5241112,""Date"":""2026-04-16T16:42:57Z"",""IopIgnition"":true,""Latitude"":4.7471928596496582,""Longitude"":-74.116973876953125,""Altitude"":2562.39990234375,""ExternalPowerVoltage"":28.02,""Rpm"":-999,""Speed"":0.0,""SatelliteNumber"":16,""Azimuth"":286,""BatteryLevel"":100}]",0x252513005965F90869487064485674003C38402D000000485000000007000061000000FFFFFFFFFFFFFFFFFFFF00D5004FF9180026041616425766262045E43B94C201E997400000011E03912802FFFFFF0000220000FFFFFF
2026-04-16 16:43:25.696,"[{""Protocol"":""0x2525"",""MessageType"":""LocationInfoMessage"",""ProtocolHeadType"":19,""Imei"":""869487064485674"",""SerialNo"":26106,""Mileage"":5241112,""Date"":""2026-04-16T16:43:57Z"",""IopIgnition"":true,""Latitude"":4.7471928596496582,""Longitude"":-74.116973876953125,""Altitude"":2562.39990234375,""ExternalPowerVoltage"":28.09,""Rpm"":-999,""Speed"":0.0,""SatelliteNumber"":16,""Azimuth"":286,""BatteryLevel"":100}]",0x252513005965FA0869487064485674003C38402D000000485000000007000061000000FFFFFFFFFFFFFFFFFFFF00D5004FF9180026041616435766262045E43B94C201E997400000011E03912809FFFFFF0000220000FFFFFF
2026-04-16 16:44:25.528,"[{""Protocol"":""0x2525"",""MessageType"":""LocationInfoMessage"",""ProtocolHeadType"":19,""Imei"":""869487064485674"",""SerialNo"":26107,""Mileage"":5241112,""Date"":""2026-04-16T16:44:57Z"",""IopIgnition"":true,""Latitude"":4.7471928596496582,""Longitude"":-74.116973876953125,""Altitude"":2562.39990234375,""ExternalPowerVoltage"":27.94,""Rpm"":-999,""Speed"":0.0,""SatelliteNumber"":16,""Azimuth"":286,""BatteryLevel"":100}]",0x252513005965FB0869487064485674003C38402D0000004F5000000007000061000000FFFFFFFFFFFFFFFFFFFF00D5004FF9180026041616445766262045E43B94C201E997400000011E03912794FFFFFF0000220000FFFFFF
2026-04-16 16:45:25.412,"[{""Protocol"":""0x2525"",""MessageType"":""LocationInfoMessage"",""ProtocolHeadType"":19,""Imei"":""869487064485674"",""SerialNo"":26108,""Mileage"":5241112,""Date"":""2026-04-16T16:45:56Z"",""IopIgnition"":true,""Latitude"":4.7471928596496582,""Longitude"":-74.116973876953125,""Altitude"":2562.39990234375,""ExternalPowerVoltage"":27.98,""Rpm"":-999,""Speed"":0.0,""SatelliteNumber"":16,""Azimuth"":286,""BatteryLevel"":100}]",0x252513005965FC0869487064485674003C38402D0000004B5000000007000061000000FFFFFFFFFFFFFFFFFFFF00D5004FF9180026041616455666262045E43B94C201E997400000011E03912798FFFFFF0000210000FFFFFF
2026-04-16 16:46:25.442,"[{""Protocol"":""0x2525"",""MessageType"":""LocationInfoMessage"",""ProtocolHeadType"":19,""Imei"":""869487064485674"",""SerialNo"":26109,""Mileage"":5241112,""Date"":""2026-04-16T16:46:56Z"",""IopIgnition"":true,""Latitude"":4.7471928596496582,""Longitude"":-74.116973876953125,""Altitude"":2562.39990234375,""ExternalPowerVoltage"":28.06,""Rpm"":-999,""Speed"":0.0,""SatelliteNumber"":16,""Azimuth"":286,""BatteryLevel"":100}]",0x252513005965FD0869487064485674003C38402D000000525000000007000061000000FFFFFFFFFFFFFFFFFFFF00D5004FF9180026041616465666262045E43B94C201E997400000011E03912806FFFFFF0000210000FFFFFF
2026-04-16 16:47:26.274,"[{""Protocol"":""0x2525"",""MessageType"":""LocationInfoMessage"",""ProtocolHeadType"":19,""Imei"":""869487064485674"",""SerialNo"":26110,""Mileage"":5241112,""Date"":""2026-04-16T16:47:57Z"",""IopIgnition"":true,""Latitude"":4.7471928596496582,""Longitude"":-74.116973876953125,""Altitude"":2562.39990234375,""ExternalPowerVoltage"":27.96,""Rpm"":-999,""Speed"":0.0,""SatelliteNumber"":16,""Azimuth"":286,""BatteryLevel"":100}]",0x252513005965FE0869487064485674003C38402D0000004F5000000007000061000000FFFFFFFFFFFFFFFFFFFF00D5004FF9180026041616475766262045E43B94C201E997400000011E03912796FFFFFF0000220000FFFFFF
2026-04-16 16:48:25.980,"[{""Protocol"":""0x2525"",""MessageType"":""LocationInfoMessage"",""ProtocolHeadType"":19,""Imei"":""869487064485674"",""SerialNo"":26111,""Mileage"":5241112,""Date"":""2026-04-16T16:48:57Z"",""IopIgnition"":true,""Latitude"":4.7471928596496582,""Longitude"":-74.116973876953125,""Altitude"":2562.39990234375,""ExternalPowerVoltage"":27.98,""Rpm"":-999,""Speed"":0.0,""SatelliteNumber"":15,""Azimuth"":286,""BatteryLevel"":100}]",0x252513005965FF0869487064485674003C38402D0000004F4F00000007000061000000FFFFFFFFFFFFFFFFFFFF00D5004FF9180026041616485766262045E43B94C201E997400000011E03912798FFFFFF0000230000FFFFFF
2026-04-16 16:49:25.872,"[{""Protocol"":""0x2525"",""MessageType"":""LocationInfoMessage"",""ProtocolHeadType"":19,""Imei"":""869487064485674"",""SerialNo"":26112,""Mileage"":5241269,""Date"":""2026-04-16T16:49:57Z"",""IopIgnition"":true,""Latitude"":4.74732780456543,""Longitude"":-74.118370056152344,""Altitude"":2564.199951171875,""ExternalPowerVoltage"":28.14,""Rpm"":-999,""Speed"":17.0,""SatelliteNumber"":15,""Azimuth"":273,""BatteryLevel"":100}]",0x252513005966000869487064485674003C38402D0000003E4F00000007000061000000FFFFFFFFFFFFFFFFFFFF00D5004FF9B500260416164957334320459B3C94C21CEA97400170011103912814FFFFFF0000230000FFFFFF
2026-04-16 16:50:25.608,"[{""Protocol"":""0x2525"",""MessageType"":""LocationInfoMessage"",""ProtocolHeadType"":19,""Imei"":""869487064485674"",""SerialNo"":26113,""Mileage"":5241501,""Date"":""2026-04-16T16:50:57Z"",""IopIgnition"":true,""Latitude"":4.7475008964538574,""Longitude"":-74.1204605102539,""Altitude"":2563.10009765625,""ExternalPowerVoltage"":28.05,""Rpm"":-999,""Speed"":0.0,""SatelliteNumber"":16,""Azimuth"":276,""BatteryLevel"":100}]",0x252513005966010869487064485674003C38402D000000415000000007000061000000FFFFFFFFFFFFFFFFFFFF00D5004FFA9D002604161650579A312045AD3D94C287EB97400000011403912805FFFFFF0000220000FFFFFF
2026-04-16 16:50:45.729,"[{""Protocol"":""0x2525"",""MessageType"":""LocationInfoMessage"",""ProtocolHeadType"":19,""Imei"":""869487064485674"",""SerialNo"":26114,""Mileage"":5241546,""Date"":""2026-04-16T16:51:17Z"",""IopIgnition"":true,""Latitude"":4.7474570274353027,""Longitude"":-74.120811462402344,""Altitude"":2566.0,""ExternalPowerVoltage"":28.09,""Rpm"":-999,""Speed"":7.0,""SatelliteNumber"":16,""Azimuth"":175,""BatteryLevel"":100}]",0x252513005966020869487064485674003C38402D000000415000000007000061000000FFFFFFFFFFFFFFFFFFFF00D5004FFACA0026041616511700602045DB3D94C22BEB9740007000AF03912809FFFFFF0000220000FFFFFF
2026-04-16 16:51:45.672,"[{""Protocol"":""0x2525"",""MessageType"":""LocationInfoMessage"",""ProtocolHeadType"":19,""Imei"":""869487064485674"",""SerialNo"":26115,""Mileage"":5241656,""Date"":""2026-04-16T16:52:17Z"",""IopIgnition"":true,""Latitude"":4.7465405464172363,""Longitude"":-74.1204833984375,""Altitude"":2564.89990234375,""ExternalPowerVoltage"":28.14,""Rpm"":-999,""Speed"":9.0,""SatelliteNumber"":17,""Azimuth"":231,""BatteryLevel"":100}]",0x252513005966030869487064485674003C38402D000000605100000007000061000000FFFFFFFFFFFFFFFFFFFF00D5004FFB3800260416165217664E2045B03D94C2A9E39740009000E703912814FFFFFF0000220000FFFFFF
2026-04-16 16:53:25.552,"[{""Protocol"":""0x2525"",""MessageType"":""LocationInfoMessage"",""ProtocolHeadType"":19,""Imei"":""869487064485674"",""SerialNo"":26116,""Mileage"":5241812,""Date"":""2026-04-16T16:53:57Z"",""IopIgnition"":true,""Latitude"":4.7460689544677734,""Longitude"":-74.1218032836914,""Altitude"":2565.10009765625,""ExternalPowerVoltage"":28.07,""Rpm"":-999,""Speed"":0.0,""SatelliteNumber"":17,""Azimuth"":266,""BatteryLevel"":100}]",0x252513005966040869487064485674003C38402D000000645100000007000061000000FFFFFFFFFFFFFFFFFFFF00D5004FFBD4002604161653579A5120455D3E94C2CCDF97400000010A03912807FFFFFF0000220000FFFFFF
2026-04-16 16:54:25.380,"[{""Protocol"":""0x2525"",""MessageType"":""LocationInfoMessage"",""ProtocolHeadType"":19,""Imei"":""869487064485674"",""SerialNo"":26117,""Mileage"":5241876,""Date"":""2026-04-16T16:54:56Z"",""IopIgnition"":true,""Latitude"":4.7458767890930176,""Longitude"":-74.122352600097656,""Altitude"":2568.699951171875,""ExternalPowerVoltage"":28.02,""Rpm"":-999,""Speed"":5.0,""SatelliteNumber"":16,""Azimuth"":254,""BatteryLevel"":100}]",0x252513005966050869487064485674003C38402D000000645000000007000061000000FFFFFFFFFFFFFFFFFFFF00D5004FFC1400260416165456338B2045A53E94C239DE9740005000FE03912802FFFFFF0000220000FFFFFF
2026-04-16 16:55:26.248,"[{""Protocol"":""0x2525"",""MessageType"":""LocationInfoMessage"",""ProtocolHeadType"":19,""Imei"":""869487064485674"",""SerialNo"":26118,""Mileage"":5241970,""Date"":""2026-04-16T16:55:57Z"",""IopIgnition"":true,""Latitude"":4.7456316947937012,""Longitude"":-74.123153686523438,""Altitude"":2568.0,""ExternalPowerVoltage"":28.06,""Rpm"":-999,""Speed"":6.0,""SatelliteNumber"":17,""Azimuth"":261,""BatteryLevel"":100}]",0x252513005966060869487064485674003C38402D000000605100000007000061000000FFFFFFFFFFFFFFFFFFFF00D5004FFC7200260416165557008020450E3F94C237DC97400060010503912806FFFFFF0000220000FFFFFF
2026-04-16 16:56:26.120,"[{""Protocol"":""0x2525"",""MessageType"":""LocationInfoMessage"",""ProtocolHeadType"":19,""Imei"":""869487064485674"",""SerialNo"":26119,""Mileage"":5242081,""Date"":""2026-04-16T16:56:57Z"",""IopIgnition"":true,""Latitude"":4.7452735900878906,""Longitude"":-74.12408447265625,""Altitude"":2569.0,""ExternalPowerVoltage"":28.06,""Rpm"":-999,""Speed"":5.0,""SatelliteNumber"":16,""Azimuth"":251,""BatteryLevel"":100}]",0x252513005966070869487064485674003C38402D000000525000000007000061000000FFFFFFFFFFFFFFFFFFFF00D5004FFCE10026041616565700902045883F94C248D99740005000FB03912806FFFFFF0000230000FFFFFF
2026-04-16 16:57:25.990,"[{""Protocol"":""0x2525"",""MessageType"":""LocationInfoMessage"",""ProtocolHeadType"":19,""Imei"":""869487064485674"",""SerialNo"":26120,""Mileage"":5242084,""Date"":""2026-04-16T16:57:57Z"",""IopIgnition"":true,""Latitude"":4.7452554702758789,""Longitude"":-74.124107360839844,""Altitude"":2569.199951171875,""ExternalPowerVoltage"":27.93,""Rpm"":-999,""Speed"":0.0,""SatelliteNumber"":14,""Azimuth"":247,""BatteryLevel"":100}]",0x252513005966080869487064485674003C38402D000000594E00000007000061000000FFFFFFFFFFFFFFFFFFFF00D5004FFCE400260416165757339320458B3F94C222D99740000000F703912793FFFFFF0000250000FFFFFF
2026-04-16 16:58:25.822,"[{""Protocol"":""0x2525"",""MessageType"":""LocationInfoMessage"",""ProtocolHeadType"":19,""Imei"":""869487064485674"",""SerialNo"":26121,""Mileage"":5242126,""Date"":""2026-04-16T16:58:57Z"",""IopIgnition"":true,""Latitude"":4.7451601028442383,""Longitude"":-74.124473571777344,""Altitude"":2570.10009765625,""ExternalPowerVoltage"":28.06,""Rpm"":-999,""Speed"":0.0,""SatelliteNumber"":17,""Azimuth"":254,""BatteryLevel"":100}]",0x252513005966090869487064485674003C38402D000000595100000007000061000000FFFFFFFFFFFFFFFFFFFF00D5004FFD0E002604161658579AA12045BB3F94C25AD89740000000FE03912806FFFFFF0000220000FFFFFF
2026-04-16 16:59:25.688,"[{""Protocol"":""0x2525"",""MessageType"":""LocationInfoMessage"",""ProtocolHeadType"":19,""Imei"":""869487064485674"",""SerialNo"":26122,""Mileage"":5242148,""Date"":""2026-04-16T16:59:57Z"",""IopIgnition"":true,""Latitude"":4.745091438293457,""Longitude"":-74.124664306640625,""Altitude"":2569.0,""ExternalPowerVoltage"":28.06,""Rpm"":-999,""Speed"":0.0,""SatelliteNumber"":14,""Azimuth"":256,""BatteryLevel"":100}]",0x2525130059660A0869487064485674003C38402D000000524E00000007000061000000FFFFFFFFFFFFFFFFFFFF00D5004FFD240026041616595700902045D43F94C2CAD797400000010003912806FFFFFF0000230000FFFFFF
2026-04-16 17:00:25.532,"[{""Protocol"":""0x2525"",""MessageType"":""LocationInfoMessage"",""ProtocolHeadType"":19,""Imei"":""869487064485674"",""SerialNo"":26123,""Mileage"":5242220,""Date"":""2026-04-16T17:00:57Z"",""IopIgnition"":true,""Latitude"":4.7448868751525879,""Longitude"":-74.125274658203125,""Altitude"":2567.800048828125,""ExternalPowerVoltage"":28.17,""Rpm"":-999,""Speed"":17.0,""SatelliteNumber"":19,""Azimuth"":247,""BatteryLevel"":100}]",0x2525130059660B0869487064485674003C38402D000000525300000007000061000000FFFFFFFFFFFFFFFFFFFF00D5004FFD6C00260416170057CD7C2045244094C21DD69740017000F703912817FFFFFF0000230000FFFFFF
2026-04-16 17:01:08.253,"[{""Protocol"":""0x2525"",""MessageType"":""SignInMessage"",""ProtocolHeadType"":0,""Imei"":""869487064485674"",""SerialNo"":261,""Firmware"":""V1.0.1.8"",""Model"":0,""ObdBootVersion"":null,""ObdDataVersion"":null,""ObdHareware"":null,""ObdSoftware"":null,""Platform"":null,""Software"":""V0.0.0""}]",0x2525010017010508694870644856740000030502101812
2026-04-16 17:01:08.696,"[{""Protocol"":""0x2525"",""MessageType"":""NetworkInfoMessage"",""ProtocolHeadType"":0,""Imei"":""869487064485674"",""SerialNo"":241,""AccessTechnology"":""CAT-1"",""Band"":""CAT-1 28"",""Date"":""2026-04-16T17:01:40Z"",""Iccid"":""89571017025023250790"",""Imsi"":""732101725325077"",""NetworkOperator"":""LaSeleNosLlama""}]",0x252511006600F108694870644856742604161701401C4C006100530065006C0065004E006F0073004C006C0061006D006100054341542D31084341542D312032380F373332313031373235333235303737143839353731303137303235303233323530373930
2026-04-16 17:01:25.428,"[{""Protocol"":""0x2525"",""MessageType"":""LocationInfoMessage"",""ProtocolHeadType"":19,""Imei"":""869487064485674"",""SerialNo"":26124,""Mileage"":5242309,""Date"":""2026-04-16T17:01:56Z"",""IopIgnition"":true,""Latitude"":4.7446403503417969,""Longitude"":-74.126029968261719,""Altitude"":2567.800048828125,""ExternalPowerVoltage"":27.99,""Rpm"":-999,""Speed"":0.0,""SatelliteNumber"":16,""Azimuth"":256,""BatteryLevel"":100}]",0x2525130059660C0869487064485674003C38402D000000605000000007000061000000FFFFFFFFFFFFFFFFFFFF00D5004FFDC500260416170156CD7C2045874094C218D497400000010003912799FFFFFF0000250000FFFFFF
2026-04-16 17:02:25.247,"[{""Protocol"":""0x2525"",""MessageType"":""LocationInfoMessage"",""ProtocolHeadType"":19,""Imei"":""869487064485674"",""SerialNo"":26125,""Mileage"":5242309,""Date"":""2026-04-16T17:02:56Z"",""IopIgnition"":true,""Latitude"":4.7446403503417969,""Longitude"":-74.126029968261719,""Altitude"":2567.800048828125,""ExternalPowerVoltage"":28.14,""Rpm"":-999,""Speed"":0.0,""SatelliteNumber"":16,""Azimuth"":256,""BatteryLevel"":100}]",0x2525130059660D0869487064485674003C38402D000000605000000007000061000000FFFFFFFFFFFFFFFFFFFF00D5004FFDC500260416170256CD7C2045874094C218D497400000010003912814FFFFFF0000230000FFFFFF
2026-04-16 17:03:26.162,"[{""Protocol"":""0x2525"",""MessageType"":""LocationInfoMessage"",""ProtocolHeadType"":19,""Imei"":""869487064485674"",""SerialNo"":26126,""Mileage"":5242387,""Date"":""2026-04-16T17:03:57Z"",""IopIgnition"":true,""Latitude"":4.7443885803222656,""Longitude"":-74.126678466796875,""Altitude"":2571.89990234375,""ExternalPowerVoltage"":27.96,""Rpm"":-999,""Speed"":0.0,""SatelliteNumber"":19,""Azimuth"":250,""BatteryLevel"":100}]",0x2525130059660E0869487064485674003C38402D0000004B5300000007000061000000FFFFFFFFFFFFFFFFFFFF00D5004FFE130026041617035766BE2045DC4094C208D29740000000FA03912796FFFFFF0000230000FFFFFF
2026-04-16 17:04:12.714,"[{""Protocol"":""0x2525"",""MessageType"":""LocationInfoMessage"",""ProtocolHeadType"":19,""Imei"":""869487064485674"",""SerialNo"":26127,""Mileage"":5242456,""Date"":""2026-04-16T17:04:44Z"",""IopIgnition"":true,""Latitude"":4.7441806793212891,""Longitude"":-74.12725830078125,""Altitude"":2572.0,""ExternalPowerVoltage"":28.13,""Rpm"":-999,""Speed"":6.0,""SatelliteNumber"":18,""Azimuth"":151,""BatteryLevel"":100}]",0x2525130059660F0869487064485674003C38402D0000004B5200000007000061000000FFFFFFFFFFFFFFFFFFFF00D5004FFE580026041617044400C02045284194C254D097400060009703912813FFFFFF0000230000FFFFFF
2026-04-16 17:05:25.570,"[{""Protocol"":""0x2525"",""MessageType"":""LocationInfoMessage"",""ProtocolHeadType"":19,""Imei"":""869487064485674"",""SerialNo"":26128,""Mileage"":5242548,""Date"":""2026-04-16T17:05:57Z"",""IopIgnition"":true,""Latitude"":4.743403434753418,""Longitude"":-74.126968383789063,""Altitude"":2561.300048828125,""ExternalPowerVoltage"":28.12,""Rpm"":-999,""Speed"":6.0,""SatelliteNumber"":17,""Azimuth"":149,""BatteryLevel"":100}]",0x252513005966100869487064485674003C38402D0000004F5100000007000061000000FFFFFFFFFFFFFFFFFFFF00D5004FFEB400260416170557CD142045024194C2F6C997400060009503912812FFFFFF0000230000FFFFFF
2026-04-16 17:06:25.401,"[{""Protocol"":""0x2525"",""MessageType"":""LocationInfoMessage"",""ProtocolHeadType"":19,""Imei"":""869487064485674"",""SerialNo"":26129,""Mileage"":5242586,""Date"":""2026-04-16T17:06:56Z"",""IopIgnition"":true,""Latitude"":4.7430901527404785,""Longitude"":-74.126846313476563,""Altitude"":2565.39990234375,""ExternalPowerVoltage"":28.04,""Rpm"":-999,""Speed"":0.0,""SatelliteNumber"":17,""Azimuth"":166,""BatteryLevel"":100}]",0x252513005966110869487064485674003C38402D0000005D5100000007000061000000FFFFFFFFFFFFFFFFFFFF00D5004FFEDA0026041617065666562045F24094C265C79740000000A603912804FFFFFF0000230000FFFFFF
2026-04-16 17:07:26.277,"[{""Protocol"":""0x2525"",""MessageType"":""LocationInfoMessage"",""ProtocolHeadType"":19,""Imei"":""869487064485674"",""SerialNo"":26130,""Mileage"":5242633,""Date"":""2026-04-16T17:07:57Z"",""IopIgnition"":true,""Latitude"":4.7426819801330566,""Longitude"":-74.1267318725586,""Altitude"":2565.699951171875,""ExternalPowerVoltage"":28.02,""Rpm"":-999,""Speed"":5.0,""SatelliteNumber"":18,""Azimuth"":155,""BatteryLevel"":100}]",0x252513005966120869487064485674003C38402D000000645200000007000061000000FFFFFFFFFFFFFFFFFFFF00D5004FFF0900260416170757335B2045E34094C20DC497400050009B03912802FFFFFF0000230000FFFFFF
2026-04-16 17:08:26.154,"[{""Protocol"":""0x2525"",""MessageType"":""LocationInfoMessage"",""ProtocolHeadType"":19,""Imei"":""869487064485674"",""SerialNo"":26131,""Mileage"":5242640,""Date"":""2026-04-16T17:08:57Z"",""IopIgnition"":true,""Latitude"":4.742621898651123,""Longitude"":-74.126708984375,""Altitude"":2564.800048828125,""ExternalPowerVoltage"":27.94,""Rpm"":-999,""Speed"":0.0,""SatelliteNumber"":17,""Azimuth"":158,""BatteryLevel"":100}]",0x252513005966130869487064485674003C38402D000000645100000007000061000000FFFFFFFFFFFFFFFFFFFF00D5004FFF1000260416170857CD4C2045E04094C28FC397400000009E03912794FFFFFF0000230000FFFFFF
2026-04-16 17:09:26.040,"[{""Protocol"":""0x2525"",""MessageType"":""LocationInfoMessage"",""ProtocolHeadType"":19,""Imei"":""869487064485674"",""SerialNo"":26132,""Mileage"":5242692,""Date"":""2026-04-16T17:09:57Z"",""IopIgnition"":true,""Latitude"":4.7422127723693848,""Longitude"":-74.126502990722656,""Altitude"":2565.89990234375,""ExternalPowerVoltage"":28.09,""Rpm"":-999,""Speed"":0.0,""SatelliteNumber"":16,""Azimuth"":158,""BatteryLevel"":100}]",0x252513005966140869487064485674003C38402D000000565000000007000061000000FFFFFFFFFFFFFFFFFFFF00D5004FFF4400260416170957665E2045C54094C235C097400000009E03912809FFFFFF0000230000FFFFFF
2026-04-16 17:10:25.858,"[{""Protocol"":""0x2525"",""MessageType"":""LocationInfoMessage"",""ProtocolHeadType"":19,""Imei"":""869487064485674"",""SerialNo"":26133,""Mileage"":5242715,""Date"":""2026-04-16T17:10:57Z"",""IopIgnition"":true,""Latitude"":4.7420220375061035,""Longitude"":-74.126426696777344,""Altitude"":2566.39990234375,""ExternalPowerVoltage"":28.1,""Rpm"":-999,""Speed"":0.0,""SatelliteNumber"":14,""Azimuth"":120,""BatteryLevel"":100}]",0x252513005966150869487064485674003C38402D000000604E00000007000061000000FFFFFFFFFFFFFFFFFFFF00D5004FFF5B0026041617105766662045BB4094C2A5BE97400000007803912810FFFFFF0000230000FFFFFF
2026-04-16 17:11:25.623,"[{""Protocol"":""0x2525"",""MessageType"":""LocationInfoMessage"",""ProtocolHeadType"":19,""Imei"":""869487064485674"",""SerialNo"":26134,""Mileage"":5242715,""Date"":""2026-04-16T17:11:57Z"",""IopIgnition"":true,""Latitude"":4.7420220375061035,""Longitude"":-74.126426696777344,""Altitude"":2566.39990234375,""ExternalPowerVoltage"":25.06,""Rpm"":-999,""Speed"":0.0,""SatelliteNumber"":17,""Azimuth"":120,""BatteryLevel"":100}]",0x252513005966160869487064485674003C38402D0000005D5100000007000061000000FFFFFFFFFFFFFFFFFFFF00D5004FFF5B0026041617115766662045BB4094C2A5BE97400000007803912506FFFFFF0000230000FFFFFF
2026-04-16 17:12:25.547,"[{""Protocol"":""0x2525"",""MessageType"":""LocationInfoMessage"",""ProtocolHeadType"":19,""Imei"":""869487064485674"",""SerialNo"":26135,""Mileage"":5242739,""Date"":""2026-04-16T17:12:57Z"",""IopIgnition"":true,""Latitude"":4.7418289184570313,""Longitude"":-74.126335144042969,""Altitude"":2567.300048828125,""ExternalPowerVoltage"":25.3,""Rpm"":-999,""Speed"":0.0,""SatelliteNumber"":17,""Azimuth"":164,""BatteryLevel"":100}]",0x252513005966170869487064485674003C38402D000000645100000007000061000000FFFFFFFFFFFFFFFFFFFF00D5004FFF7300260416171257CD742045AF4094C210BD9740000000A403912530FFFFFF0000230000FFFFFF
2026-04-16 17:13:03.777,"[{""Protocol"":""0x2525"",""MessageType"":""LocationInfoMessage"",""ProtocolHeadType"":19,""Imei"":""869487064485674"",""SerialNo"":26136,""Mileage"":5242757,""Date"":""2026-04-16T17:13:35Z"",""IopIgnition"":true,""Latitude"":4.741724967956543,""Longitude"":-74.126213073730469,""Altitude"":2568.89990234375,""ExternalPowerVoltage"":26.57,""Rpm"":-999,""Speed"":6.0,""SatelliteNumber"":17,""Azimuth"":47,""BatteryLevel"":100}]",0x252513005966180869487064485674003C38402D000000645100000007000061000000FFFFFFFFFFFFFFFFFFFF00D5004FFF8500260416171335668E20459F4094C236BC97400060002F03912657FFFFFF0000230000FFFFFF
2026-04-16 17:14:25.596,"[{""Protocol"":""0x2525"",""MessageType"":""LocationInfoMessage"",""ProtocolHeadType"":19,""Imei"":""869487064485674"",""SerialNo"":26137,""Mileage"":5242868,""Date"":""2026-04-16T17:14:57Z"",""IopIgnition"":true,""Latitude"":4.74208402633667,""Longitude"":-74.125282287597656,""Altitude"":2569.199951171875,""ExternalPowerVoltage"":28.02,""Rpm"":-999,""Speed"":0.0,""SatelliteNumber"":17,""Azimuth"":66,""BatteryLevel"":100}]",0x252513005966190869487064485674003C38402D000000595100000007000061000000FFFFFFFFFFFFFFFFFFFF00D5004FFFF40026041617145733932045254094C227BF97400000004203912802FFFFFF0000230000FFFFFF
2026-04-16 17:15:16.682,"[{""Protocol"":""0x2525"",""MessageType"":""SignInMessage"",""ProtocolHeadType"":0,""Imei"":""869487064485674"",""SerialNo"":262,""Firmware"":""V1.0.1.8"",""Model"":0,""ObdBootVersion"":null,""ObdDataVersion"":null,""ObdHareware"":null,""ObdSoftware"":null,""Platform"":null,""Software"":""V0.0.0""}]",0x2525010017010608694870644856740000030502101812
2026-04-16 17:15:16.871,"[{""Protocol"":""0x2525"",""MessageType"":""NetworkInfoMessage"",""ProtocolHeadType"":0,""Imei"":""869487064485674"",""SerialNo"":242,""AccessTechnology"":""CAT-1"",""Band"":""CAT-1 7"",""Date"":""2026-04-16T17:15:48Z"",""Iccid"":""89571017025023250790"",""Imsi"":""732101725325077"",""NetworkOperator"":""LaSeleNosLlama""}]",0x252511006500F208694870644856742604161715481C4C006100530065006C0065004E006F0073004C006C0061006D006100054341542D31074341542D3120370F373332313031373235333235303737143839353731303137303235303233323530373930
2026-04-16 17:15:25.396,"[{""Protocol"":""0x2525"",""MessageType"":""LocationInfoMessage"",""ProtocolHeadType"":19,""Imei"":""869487064485674"",""SerialNo"":26138,""Mileage"":5243073,""Date"":""2026-04-16T17:15:56Z"",""IopIgnition"":true,""Latitude"":4.7427444458007813,""Longitude"":-74.123573303222656,""Altitude"":2561.60009765625,""ExternalPowerVoltage"":28.01,""Rpm"":-999,""Speed"":10.0,""SatelliteNumber"":15,""Azimuth"":71,""BatteryLevel"":100}]",0x2525130059661A0869487064485674003C38402D000000644F00000007000061000000FFFFFFFFFFFFFFFFFFFF00D5005000C1002604161715569A192045453F94C290C497400100004703912801FFFFFF0000270000FFFFFF
2026-04-16 17:16:25.281,"[{""Protocol"":""0x2525"",""MessageType"":""LocationInfoMessage"",""ProtocolHeadType"":19,""Imei"":""869487064485674"",""SerialNo"":26139,""Mileage"":5243251,""Date"":""2026-04-16T17:16:56Z"",""IopIgnition"":true,""Latitude"":4.74336051940918,""Longitude"":-74.1220932006836,""Altitude"":2568.199951171875,""ExternalPowerVoltage"":28.06,""Rpm"":-999,""Speed"":6.0,""SatelliteNumber"":17,""Azimuth"":75,""BatteryLevel"":100}]",0x2525130059661B0869487064485674003C38402D000000645100000007000061000000FFFFFFFFFFFFFFFFFFFF00D5005001730026041617165633832045833E94C29CC997400060004B03912806FFFFFF0000240000FFFFFF
2026-04-16 17:17:26.222,"[{""Protocol"":""0x2525"",""MessageType"":""LocationInfoMessage"",""ProtocolHeadType"":19,""Imei"":""869487064485674"",""SerialNo"":26140,""Mileage"":5243323,""Date"":""2026-04-16T17:17:57Z"",""IopIgnition"":true,""Latitude"":4.7436189651489258,""Longitude"":-74.121498107910156,""Altitude"":2570.10009765625,""ExternalPowerVoltage"":27.93,""Rpm"":-999,""Speed"":0.0,""SatelliteNumber"":17,""Azimuth"":65,""BatteryLevel"":100}]",0x2525130059661C0869487064485674003C38402D000000645100000007000061000000FFFFFFFFFFFFFFFFFFFF00D5005001BB002604161717579AA12045353E94C2BACB97400000004103912793FFFFFF0000240000FFFFFF
2026-04-16 17:18:26.015,"[{""Protocol"":""0x2525"",""MessageType"":""LocationInfoMessage"",""ProtocolHeadType"":19,""Imei"":""869487064485674"",""SerialNo"":26141,""Mileage"":5243345,""Date"":""2026-04-16T17:18:57Z"",""IopIgnition"":true,""Latitude"":4.7437114715576172,""Longitude"":-74.121322631835938,""Altitude"":2570.800048828125,""ExternalPowerVoltage"":28.12,""Rpm"":-999,""Speed"":12.0,""SatelliteNumber"":17,""Azimuth"":65,""BatteryLevel"":100}]",0x2525130059661D0869487064485674003C38402D000000645100000007000061000000FFFFFFFFFFFFFFFFFFFF00D5005001D100260416171857CDAC20451E3E94C27CCC97400120004103912812FFFFFF0000240000FFFFFF
2026-04-16 17:19:25.918,"[{""Protocol"":""0x2525"",""MessageType"":""LocationInfoMessage"",""ProtocolHeadType"":19,""Imei"":""869487064485674"",""SerialNo"":26142,""Mileage"":5243695,""Date"":""2026-04-16T17:19:57Z"",""IopIgnition"":true,""Latitude"":4.7448444366455078,""Longitude"":-74.1183853149414,""Altitude"":2564.39990234375,""ExternalPowerVoltage"":28.16,""Rpm"":-999,""Speed"":23.0,""SatelliteNumber"":16,""Azimuth"":59,""BatteryLevel"":100}]",0x2525130059661E0869487064485674003C38402D000000645000000007000061000000FFFFFFFFFFFFFFFFFFFF00D50050032F00260416171957664620459D3C94C2C4D597400230003B03912816FFFFFF0000250000FFFFFF
2026-04-16 17:19:49.718,"[{""Protocol"":""0x2525"",""MessageType"":""LocationInfoMessage"",""ProtocolHeadType"":19,""Imei"":""869487064485674"",""SerialNo"":26143,""Mileage"":5243856,""Date"":""2026-04-16T17:20:21Z"",""IopIgnition"":true,""Latitude"":4.7451434135437012,""Longitude"":-74.117050170898438,""Altitude"":2569.300048828125,""ExternalPowerVoltage"":28.18,""Rpm"":-999,""Speed"":23.0,""SatelliteNumber"":16,""Azimuth"":108,""BatteryLevel"":100}]",0x2525130059661F0869487064485674003C38402D000000525000000007000061000000FFFFFFFFFFFFFFFFFFFF00D5005003D000260416172021CD942045EE3B94C237D897400230006C03912818FFFFFF0000240000FFFFFF
2026-04-16 17:20:25.746,"[{""Protocol"":""0x2525"",""MessageType"":""LocationInfoMessage"",""ProtocolHeadType"":19,""Imei"":""869487064485674"",""SerialNo"":26144,""Mileage"":5244062,""Date"":""2026-04-16T17:20:57Z"",""IopIgnition"":true,""Latitude"":4.7443461418151855,""Longitude"":-74.115394592285156,""Altitude"":2571.0,""ExternalPowerVoltage"":28.09,""Rpm"":-999,""Speed"":12.0,""SatelliteNumber"":17,""Azimuth"":45,""BatteryLevel"":100}]",0x252513005966200869487064485674003C38402D000000525100000007000061000000FFFFFFFFFFFFFFFFFFFF00D50050049E0026041617205700B02045153B94C2AFD197400120002D03912809FFFFFF0000250000FFFFFF
2026-04-16 17:21:38.689,"[{""Protocol"":""0x2525"",""MessageType"":""LocationInfoMessage"",""ProtocolHeadType"":19,""Imei"":""869487064485674"",""SerialNo"":26145,""Mileage"":5244243,""Date"":""2026-04-16T17:22:10Z"",""IopIgnition"":true,""Latitude"":4.7458648681640625,""Longitude"":-74.114860534667969,""Altitude"":2584.5,""ExternalPowerVoltage"":28.06,""Rpm"":-999,""Speed"":5.0,""SatelliteNumber"":17,""Azimuth"":352,""BatteryLevel"":100}]",0x252513005966210869487064485674003C38402D0000004F5100000007000061000000FFFFFFFFFFFFFFFFFFFF00D5005005530026041617221000882145CF3A94C220DE97400050016003912806FFFFFF0000240000FFFFFF
2026-04-16 17:21:42.781,"[{""Protocol"":""0x2525"",""MessageType"":""LocationInfoMessage"",""ProtocolHeadType"":19,""Imei"":""869487064485674"",""SerialNo"":26146,""Mileage"":5244252,""Date"":""2026-04-16T17:22:14Z"",""IopIgnition"":true,""Latitude"":4.7459301948547363,""Longitude"":-74.114814758300781,""Altitude"":2584.60009765625,""ExternalPowerVoltage"":28.12,""Rpm"":-999,""Speed"":9.0,""SatelliteNumber"":17,""Azimuth"":43,""BatteryLevel"":100}]",0x252513005966220869487064485674003C38402D0000004F5100000007000061000000FFFFFFFFFFFFFFFFFFFF00D50050055C002604161722149A892145C93A94C2A9DE97400090002B03912812FFFFFF0000240000FFFFFF
2026-04-16 17:23:25.619,"[{""Protocol"":""0x2525"",""MessageType"":""LocationInfoMessage"",""ProtocolHeadType"":19,""Imei"":""869487064485674"",""SerialNo"":26147,""Mileage"":5244376,""Date"":""2026-04-16T17:23:57Z"",""IopIgnition"":true,""Latitude"":4.7467522621154785,""Longitude"":-74.114082336425781,""Altitude"":2569.800048828125,""ExternalPowerVoltage"":27.85,""Rpm"":-999,""Speed"":0.0,""SatelliteNumber"":15,""Azimuth"":41,""BatteryLevel"":100}]",0x252513005966230869487064485674003C38402D000000564F00000007000061000000FFFFFFFFFFFFFFFFFFFF00D5005005D800260416172357CD9C2045693A94C265E597400000002903912785FFFFFF0000240000FFFFFF
2026-04-16 17:24:25.509,"[{""Protocol"":""0x2525"",""MessageType"":""LocationInfoMessage"",""ProtocolHeadType"":19,""Imei"":""869487064485674"",""SerialNo"":26148,""Mileage"":5244376,""Date"":""2026-04-16T17:24:57Z"",""IopIgnition"":true,""Latitude"":4.7467522621154785,""Longitude"":-74.114082336425781,""Altitude"":2569.800048828125,""ExternalPowerVoltage"":28.07,""Rpm"":-999,""Speed"":0.0,""SatelliteNumber"":18,""Azimuth"":41,""BatteryLevel"":100}]",0x252513005966240869487064485674003C38402D000000595200000007000061000000FFFFFFFFFFFFFFFFFFFF00D5005005D800260416172457CD9C2045693A94C265E597400000002903912807FFFFFF0000230000FFFFFF
2026-04-16 17:25:25.315,"[{""Protocol"":""0x2525"",""MessageType"":""LocationInfoMessage"",""ProtocolHeadType"":19,""Imei"":""869487064485674"",""SerialNo"":26149,""Mileage"":5244551,""Date"":""2026-04-16T17:25:56Z"",""IopIgnition"":true,""Latitude"":4.7479939460754395,""Longitude"":-74.1131362915039,""Altitude"":2569.0,""ExternalPowerVoltage"":27.86,""Rpm"":-999,""Speed"":8.0,""SatelliteNumber"":16,""Azimuth"":29,""BatteryLevel"":100}]",0x252513005966250869487064485674003C38402D000000645000000007000061000000FFFFFFFFFFFFFFFFFFFF00D5005006870026041617255600902045ED3994C291EF97400080001D03912786FFFFFF0000230000FFFFFF
2026-04-16 17:26:25.802,"[{""Protocol"":""0x2525"",""MessageType"":""LocationInfoMessage"",""ProtocolHeadType"":19,""Imei"":""869487064485674"",""SerialNo"":26150,""Mileage"":5244763,""Date"":""2026-04-16T17:26:57Z"",""IopIgnition"":true,""Latitude"":4.74959659576416,""Longitude"":-74.112152099609375,""Altitude"":2572.800048828125,""ExternalPowerVoltage"":28.0,""Rpm"":-999,""Speed"":10.0,""SatelliteNumber"":16,""Azimuth"":98,""BatteryLevel"":100}]",0x252513005966260869487064485674003C38402D000000645000000007000061000000FFFFFFFFFFFFFFFFFFFF00D50050075B00260416172657CDCC20456C3994C2B2FC97400100006203912800FFFFFF0000240000FFFFFF
2026-04-16 17:27:08.717,"[{""Protocol"":""0x2525"",""MessageType"":""LocationInfoMessage"",""ProtocolHeadType"":19,""Imei"":""869487064485674"",""SerialNo"":26151,""Mileage"":5245050,""Date"":""2026-04-16T17:27:40Z"",""IopIgnition"":true,""Latitude"":4.7488274574279785,""Longitude"":-74.109687805175781,""Altitude"":2573.39990234375,""ExternalPowerVoltage"":27.98,""Rpm"":-999,""Speed"":8.0,""SatelliteNumber"":17,""Azimuth"":145,""BatteryLevel"":100}]",0x252513005966270869487064485674003C38402D000000445100000007000061000000FFFFFFFFFFFFFFFFFFFF00D50050087A0026041617274066D62045293894C265F697400080009103912798FFFFFF0000250000FFFFFF
2026-04-16 17:27:11.674,"[{""Protocol"":""0x2525"",""MessageType"":""LocationInfoMessage"",""ProtocolHeadType"":19,""Imei"":""869487064485674"",""SerialNo"":26152,""Mileage"":5245059,""Date"":""2026-04-16T17:27:43Z"",""IopIgnition"":true,""Latitude"":4.7487506866455078,""Longitude"":-74.10968017578125,""Altitude"":2574.10009765625,""ExternalPowerVoltage"":28.0,""Rpm"":-999,""Speed"":13.0,""SatelliteNumber"":17,""Azimuth"":193,""BatteryLevel"":100}]",0x252513005966280869487064485674003C38402D000000445100000007000061000000FFFFFFFFFFFFFFFFFFFF00D500500883002604161727439AE12045283894C2C4F59740013000C103912800FFFFFF0000250000FFFFFF
2026-04-16 17:28:25.590,"[{""Protocol"":""0x2525"",""MessageType"":""LocationInfoMessage"",""ProtocolHeadType"":19,""Imei"":""869487064485674"",""SerialNo"":26153,""Mileage"":5245195,""Date"":""2026-04-16T17:28:57Z"",""IopIgnition"":true,""Latitude"":4.7475872039794922,""Longitude"":-74.110054016113281,""Altitude"":2571.699951171875,""ExternalPowerVoltage"":28.01,""Rpm"":-999,""Speed"":0.0,""SatelliteNumber"":16,""Azimuth"":194,""BatteryLevel"":100}]",0x252513005966290869487064485674003C38402D0000004F5000000007000061000000FFFFFFFFFFFFFFFFFFFF00D50050090B0026041617285733BB2045593894C23CEC9740000000C203912801FFFFFF0000240000FFFFFF
2026-04-16 17:29:25.488,"[{""Protocol"":""0x2525"",""MessageType"":""LocationInfoMessage"",""ProtocolHeadType"":19,""Imei"":""869487064485674"",""SerialNo"":26154,""Mileage"":5245195,""Date"":""2026-04-16T17:29:56Z"",""IopIgnition"":true,""Latitude"":4.7475872039794922,""Longitude"":-74.110054016113281,""Altitude"":2571.699951171875,""ExternalPowerVoltage"":27.92,""Rpm"":-999,""Speed"":0.0,""SatelliteNumber"":16,""Azimuth"":194,""BatteryLevel"":100}]",0x2525130059662A0869487064485674003C38402D0000004B5000000007000061000000FFFFFFFFFFFFFFFFFFFF00D50050090B0026041617295633BB2045593894C23CEC9740000000C203912792FFFFFF0000240000FFFFFF
2026-04-16 17:30:25.284,"[{""Protocol"":""0x2525"",""MessageType"":""LocationInfoMessage"",""ProtocolHeadType"":19,""Imei"":""869487064485674"",""SerialNo"":26155,""Mileage"":5245195,""Date"":""2026-04-16T17:30:56Z"",""IopIgnition"":true,""Latitude"":4.7475872039794922,""Longitude"":-74.110054016113281,""Altitude"":2571.699951171875,""ExternalPowerVoltage"":25.04,""Rpm"":-999,""Speed"":0.0,""SatelliteNumber"":18,""Azimuth"":194,""BatteryLevel"":100}]",0x2525130059662B0869487064485674003C38402D0000004F5200000007000061000000FFFFFFFFFFFFFFFFFFFF00D50050090B0026041617305633BB2045593894C23CEC9740000000C203912504FFFFFF0000240000FFFFFF
2026-04-16 17:31:26.176,"[{""Protocol"":""0x2525"",""MessageType"":""LocationInfoMessage"",""ProtocolHeadType"":19,""Imei"":""869487064485674"",""SerialNo"":26156,""Mileage"":5245195,""Date"":""2026-04-16T17:31:57Z"",""IopIgnition"":true,""Latitude"":4.7475872039794922,""Longitude"":-74.110054016113281,""Altitude"":2571.699951171875,""ExternalPowerVoltage"":25.15,""Rpm"":-999,""Speed"":0.0,""SatelliteNumber"":18,""Azimuth"":194,""BatteryLevel"":100}]",0x2525130059662C0869487064485674003C38402D0000004F5200000007000061000000FFFFFFFFFFFFFFFFFFFF00D50050090B0026041617315733BB2045593894C23CEC9740000000C203912515FFFFFF0000240000FFFFFF
2026-04-16 17:32:26.023,"[{""Protocol"":""0x2525"",""MessageType"":""LocationInfoMessage"",""ProtocolHeadType"":19,""Imei"":""869487064485674"",""SerialNo"":26157,""Mileage"":5245195,""Date"":""2026-04-16T17:32:57Z"",""IopIgnition"":true,""Latitude"":4.7475872039794922,""Longitude"":-74.110054016113281,""Altitude"":2571.699951171875,""ExternalPowerVoltage"":25.24,""Rpm"":-999,""Speed"":0.0,""SatelliteNumber"":17,""Azimuth"":194,""BatteryLevel"":100}]",0x2525130059662D0869487064485674003C38402D0000004B5100000007000061000000FFFFFFFFFFFFFFFFFFFF00D50050090B0026041617325733BB2045593894C23CEC9740000000C203912524FFFFFF0000240000FFFFFF
2026-04-16 17:33:05.764,"[{""Protocol"":""0x2525"",""MessageType"":""LocationInfoMessage"",""ProtocolHeadType"":19,""Imei"":""869487064485674"",""SerialNo"":26158,""Mileage"":5245244,""Date"":""2026-04-16T17:33:37Z"",""IopIgnition"":true,""Latitude"":4.74719762802124,""Longitude"":-74.110198974609375,""Altitude"":2572.5,""ExternalPowerVoltage"":27.34,""Rpm"":-999,""Speed"":12.0,""SatelliteNumber"":18,""Azimuth"":258,""BatteryLevel"":100}]",0x2525130059662E0869487064485674003C38402D000000525200000007000061000000FFFFFFFFFFFFFFFFFFFF00D50050093C0026041617333700C820456C3894C20BE997400120010203912734FFFFFF0000240000FFFFFF
2026-04-16 17:33:27.681,"[{""Protocol"":""0x2525"",""MessageType"":""LocationInfoMessage"",""ProtocolHeadType"":19,""Imei"":""869487064485674"",""SerialNo"":26159,""Mileage"":5245357,""Date"":""2026-04-16T17:33:59Z"",""IopIgnition"":true,""Latitude"":4.7472186088562012,""Longitude"":-74.1111831665039,""Altitude"":2572.0,""ExternalPowerVoltage"":28.02,""Rpm"":-999,""Speed"":15.0,""SatelliteNumber"":18,""Azimuth"":196,""BatteryLevel"":100}]",0x2525130059662F0869487064485674003C38402D0000004F5200000007000061000000FFFFFFFFFFFFFFFFFFFF00D5005009AD0026041617335900C02045ED3894C237E99740015000C403912802FFFFFF0000240000FFFFFF
2026-04-16 17:34:38.755,"[{""Protocol"":""0x2525"",""MessageType"":""LocationInfoMessage"",""ProtocolHeadType"":19,""Imei"":""869487064485674"",""SerialNo"":26160,""Mileage"":5245615,""Date"":""2026-04-16T17:35:10Z"",""IopIgnition"":true,""Latitude"":4.744992733001709,""Longitude"":-74.111656188964844,""Altitude"":2575.300048828125,""ExternalPowerVoltage"":28.12,""Rpm"":-999,""Speed"":15.0,""SatelliteNumber"":18,""Azimuth"":274,""BatteryLevel"":100}]",0x252513005966300869487064485674003C38402D000000605200000007000061000000FFFFFFFFFFFFFFFFFFFF00D500500AAF00260416173510CDF420452B3994C2FBD697400150011203912812FFFFFF0000240000FFFFFF
2026-04-16 17:34:56.728,"[{""Protocol"":""0x2525"",""MessageType"":""LocationInfoMessage"",""ProtocolHeadType"":19,""Imei"":""869487064485674"",""SerialNo"":26161,""Mileage"":5245710,""Date"":""2026-04-16T17:35:28Z"",""IopIgnition"":true,""Latitude"":4.7452092170715332,""Longitude"":-74.112480163574219,""Altitude"":2575.89990234375,""ExternalPowerVoltage"":28.05,""Rpm"":-999,""Speed"":11.0,""SatelliteNumber"":18,""Azimuth"":226,""BatteryLevel"":100}]",0x252513005966310869487064485674003C38402D0000004F5200000007000061000000FFFFFFFFFFFFFFFFFFFF00D500500B0E0026041617352866FE2045973994C2C1D89740011000E203912805FFFFFF0000270000FFFFFF
2026-04-16 17:36:00.722,"[{""Protocol"":""0x2525"",""MessageType"":""LocationInfoMessage"",""ProtocolHeadType"":19,""Imei"":""869487064485674"",""SerialNo"":26162,""Mileage"":5245962,""Date"":""2026-04-16T17:36:32Z"",""IopIgnition"":true,""Latitude"":4.74314022064209,""Longitude"":-74.113334655761719,""Altitude"":2575.0,""ExternalPowerVoltage"":28.02,""Rpm"":-999,""Speed"":6.0,""SatelliteNumber"":17,""Azimuth"":141,""BatteryLevel"":100}]",0x252513005966320869487064485674003C38402D000000525100000007000061000000FFFFFFFFFFFFFFFFFFFF00D500500C0A0026041617363200F02045073A94C2CEC797400060008D03912802FFFFFF0000250000FFFFFF
2026-04-16 17:37:25.598,"[{""Protocol"":""0x2525"",""MessageType"":""LocationInfoMessage"",""ProtocolHeadType"":19,""Imei"":""869487064485674"",""SerialNo"":26163,""Mileage"":5246005,""Date"":""2026-04-16T17:37:57Z"",""IopIgnition"":true,""Latitude"":4.7429471015930176,""Longitude"":-74.112998962402344,""Altitude"":2574.199951171875,""ExternalPowerVoltage"":25.71,""Rpm"":-999,""Speed"":0.0,""SatelliteNumber"":17,""Azimuth"":121,""BatteryLevel"":100}]",0x252513005966330869487064485674003C38402D0000005D5100000007000061000000FFFFFFFFFFFFFFFFFFFF00D500500C350026041617375733E32045DB3994C239C697400000007903912571FFFFFF0000240000FFFFFF
2026-04-16 17:38:25.456,"[{""Protocol"":""0x2525"",""MessageType"":""LocationInfoMessage"",""ProtocolHeadType"":19,""Imei"":""869487064485674"",""SerialNo"":26164,""Mileage"":5246074,""Date"":""2026-04-16T17:38:56Z"",""IopIgnition"":true,""Latitude"":4.7426290512084961,""Longitude"":-74.112472534179688,""Altitude"":2577.699951171875,""ExternalPowerVoltage"":25.39,""Rpm"":-999,""Speed"":0.0,""SatelliteNumber"":18,""Azimuth"":116,""BatteryLevel"":100}]",0x252513005966340869487064485674003C38402D000000525200000007000061000000FFFFFFFFFFFFFFFFFFFF00D500500C7A00260416173856331B2145963994C29EC397400000007403912539FFFFFF0000240000FFFFFF
2026-04-16 17:39:22.657,"[{""Protocol"":""0x2525"",""MessageType"":""LocationInfoMessage"",""ProtocolHeadType"":19,""Imei"":""869487064485674"",""SerialNo"":26165,""Mileage"":5246115,""Date"":""2026-04-16T17:39:54Z"",""IopIgnition"":true,""Latitude"":4.7424383163452148,""Longitude"":-74.1121826171875,""Altitude"":2574.39990234375,""ExternalPowerVoltage"":26.35,""Rpm"":-999,""Speed"":6.0,""SatelliteNumber"":18,""Azimuth"":204,""BatteryLevel"":100}]",0x252513005966350869487064485674003C38402D000000525200000007000061000000FFFFFFFFFFFFFFFFFFFF00D500500CA30026041617395466E62045703994C20EC29740006000CC03912635FFFFFF0000240000FFFFFF
2026-04-16 17:40:25.535,"[{""Protocol"":""0x2525"",""MessageType"":""LocationInfoMessage"",""ProtocolHeadType"":19,""Imei"":""869487064485674"",""SerialNo"":26166,""Mileage"":5246318,""Date"":""2026-04-16T17:40:57Z"",""IopIgnition"":true,""Latitude"":4.7412300109863281,""Longitude"":-74.113525390625,""Altitude"":2570.60009765625,""ExternalPowerVoltage"":25.69,""Rpm"":-999,""Speed"":0.0,""SatelliteNumber"":16,""Azimuth"":214,""BatteryLevel"":100}]",0x252513005966360869487064485674003C38402D000000645000000007000061000000FFFFFFFFFFFFFFFFFFFF00D500500D6E002604161740579AA92045203A94C228B89740000000D603912569FFFFFF0000240000FFFFFF
2026-04-16 17:41:25.359,"[{""Protocol"":""0x2525"",""MessageType"":""LocationInfoMessage"",""ProtocolHeadType"":19,""Imei"":""869487064485674"",""SerialNo"":26167,""Mileage"":5246318,""Date"":""2026-04-16T17:41:56Z"",""IopIgnition"":true,""Latitude"":4.7412300109863281,""Longitude"":-74.113525390625,""Altitude"":2570.60009765625,""ExternalPowerVoltage"":25.53,""Rpm"":-999,""Speed"":0.0,""SatelliteNumber"":16,""Azimuth"":214,""BatteryLevel"":100}]",0x252513005966370869487064485674003C38402D000000645000000007000061000000FFFFFFFFFFFFFFFFFFFF00D500500D6E002604161741569AA92045203A94C228B89740000000D603912553FFFFFF0000240000FFFFFF
2026-04-16 17:42:26.226,"[{""Protocol"":""0x2525"",""MessageType"":""LocationInfoMessage"",""ProtocolHeadType"":19,""Imei"":""869487064485674"",""SerialNo"":26168,""Mileage"":5246381,""Date"":""2026-04-16T17:42:57Z"",""IopIgnition"":true,""Latitude"":4.7407631874084473,""Longitude"":-74.113838195800781,""Altitude"":2571.5,""ExternalPowerVoltage"":27.87,""Rpm"":-999,""Speed"":10.0,""SatelliteNumber"":17,""Azimuth"":220,""BatteryLevel"":100}]",0x252513005966380869487064485674003C38402D000000645100000007000061000000FFFFFFFFFFFFFFFFFFFF00D500500DAD0026041617425700B82045493A94C255B49740010000DC03912787FFFFFF0000240000FFFFFF
2026-04-16 17:42:34.661,"[{""Protocol"":""0x2525"",""MessageType"":""LocationInfoMessage"",""ProtocolHeadType"":19,""Imei"":""869487064485674"",""SerialNo"":26169,""Mileage"":5246406,""Date"":""2026-04-16T17:43:06Z"",""IopIgnition"":true,""Latitude"":4.7405719757080078,""Longitude"":-74.113960266113281,""Altitude"":2572.60009765625,""ExternalPowerVoltage"":26.25,""Rpm"":-999,""Speed"":8.0,""SatelliteNumber"":17,""Azimuth"":170,""BatteryLevel"":100}]",0x252513005966390869487064485674003C38402D000000645100000007000061000000FFFFFFFFFFFFFFFFFFFF00D500500DC6002604161743069AC92045593A94C2C4B29740008000AA03912625FFFFFF0000260000FFFFFF
2026-04-16 17:42:42.665,"[{""Protocol"":""0x2525"",""MessageType"":""LocationInfoMessage"",""ProtocolHeadType"":19,""Imei"":""869487064485674"",""SerialNo"":26170,""Mileage"":5246422,""Date"":""2026-04-16T17:43:14Z"",""IopIgnition"":true,""Latitude"":4.7404704093933105,""Longitude"":-74.113876342773438,""Altitude"":2572.0,""ExternalPowerVoltage"":26.78,""Rpm"":-999,""Speed"":7.0,""SatelliteNumber"":17,""Azimuth"":123,""BatteryLevel"":100}]",0x2525130059663A0869487064485674003C38402D000000645100000007000061000000FFFFFFFFFFFFFFFFFFFF00D500500DD60026041617431400C020454E3A94C2EFB197400070007B03912678FFFFFF0000260000FFFFFF
2026-04-16 17:43:56.724,"[{""Protocol"":""0x2525"",""MessageType"":""LocationInfoMessage"",""ProtocolHeadType"":19,""Imei"":""869487064485674"",""SerialNo"":26171,""Mileage"":5246708,""Date"":""2026-04-16T17:44:28Z"",""IopIgnition"":true,""Latitude"":4.7389802932739258,""Longitude"":-74.111808776855469,""Altitude"":2566.5,""ExternalPowerVoltage"":26.0,""Rpm"":-999,""Speed"":5.0,""SatelliteNumber"":17,""Azimuth"":41,""BatteryLevel"":100}]",0x2525130059663B0869487064485674003C38402D0000005D5100000007000061000000FFFFFFFFFFFFFFFFFFFF00D500500EF400260416174428006820453F3994C2BAA597400050002903912600FFFFFF0000250000FFFFFF
2026-04-16 17:44:19.735,"[{""Protocol"":""0x2525"",""MessageType"":""LocationInfoMessage"",""ProtocolHeadType"":19,""Imei"":""869487064485674"",""SerialNo"":26172,""Mileage"":5246725,""Date"":""2026-04-16T17:44:51Z"",""IopIgnition"":true,""Latitude"":4.7391281127929688,""Longitude"":-74.111846923828125,""Altitude"":2569.60009765625,""ExternalPowerVoltage"":26.28,""Rpm"":-999,""Speed"":5.0,""SatelliteNumber"":16,""Azimuth"":321,""BatteryLevel"":100}]",0x2525130059663C0869487064485674003C38402D000000645000000007000061000000FFFFFFFFFFFFFFFFFFFF00D500500F05002604161744519A992045443994C2F0A697400050014103912628FFFFFF0000240000FFFFFF
2026-04-16 17:45:25.558,"[{""Protocol"":""0x2525"",""MessageType"":""LocationInfoMessage"",""ProtocolHeadType"":19,""Imei"":""869487064485674"",""SerialNo"":26173,""Mileage"":5246737,""Date"":""2026-04-16T17:45:57Z"",""IopIgnition"":true,""Latitude"":4.7392010688781738,""Longitude"":-74.111923217773438,""Altitude"":2568.699951171875,""ExternalPowerVoltage"":25.22,""Rpm"":-999,""Speed"":0.0,""SatelliteNumber"":16,""Azimuth"":312,""BatteryLevel"":100}]",0x2525130059663D0869487064485674003C38402D000000645000000007000061000000FFFFFFFFFFFFFFFFFFFF00D500500F1100260416174557338B20454E3994C289A797400000013803912522FFFFFF0000240000FFFFFF
2026-04-16 17:46:25.451,"[{""Protocol"":""0x2525"",""MessageType"":""LocationInfoMessage"",""ProtocolHeadType"":19,""Imei"":""869487064485674"",""SerialNo"":26174,""Mileage"":5246773,""Date"":""2026-04-16T17:46:56Z"",""IopIgnition"":true,""Latitude"":4.7393732070922852,""Longitude"":-74.112197875976563,""Altitude"":2571.0,""ExternalPowerVoltage"":25.22,""Rpm"":-999,""Speed"":0.0,""SatelliteNumber"":17,""Azimuth"":310,""BatteryLevel"":100}]",0x2525130059663E0869487064485674003C38402D000000645100000007000061000000FFFFFFFFFFFFFFFFFFFF00D500500F350026041617465600B02045723994C2F2A897400000013603912522FFFFFF0000240000FFFFFF
2026-04-16 17:47:25.255,"[{""Protocol"":""0x2525"",""MessageType"":""LocationInfoMessage"",""ProtocolHeadType"":19,""Imei"":""869487064485674"",""SerialNo"":26175,""Mileage"":5246773,""Date"":""2026-04-16T17:47:56Z"",""IopIgnition"":true,""Latitude"":4.7393732070922852,""Longitude"":-74.112197875976563,""Altitude"":2571.0,""ExternalPowerVoltage"":25.15,""Rpm"":-999,""Speed"":0.0,""SatelliteNumber"":17,""Azimuth"":310,""BatteryLevel"":100}]",0x2525130059663F0869487064485674003C38402D000000645100000007000061000000FFFFFFFFFFFFFFFFFFFF00D500500F350026041617475600B02045723994C2F2A897400000013603912515FFFFFF0000240000FFFFFF
2026-04-16 17:48:26.172,"[{""Protocol"":""0x2525"",""MessageType"":""LocationInfoMessage"",""ProtocolHeadType"":19,""Imei"":""869487064485674"",""SerialNo"":26176,""Mileage"":5246773,""Date"":""2026-04-16T17:48:57Z"",""IopIgnition"":true,""Latitude"":4.7393732070922852,""Longitude"":-74.112197875976563,""Altitude"":2571.0,""ExternalPowerVoltage"":26.96,""Rpm"":-999,""Speed"":0.0,""SatelliteNumber"":16,""Azimuth"":310,""BatteryLevel"":100}]",0x252513005966400869487064485674003C38402D000000645000000007000061000000FFFFFFFFFFFFFFFFFFFF00D500500F350026041617485700B02045723994C2F2A897400000013603912696FFFFFF0000240000FFFFFF
2026-04-16 17:49:25.990,"[{""Protocol"":""0x2525"",""MessageType"":""LocationInfoMessage"",""ProtocolHeadType"":19,""Imei"":""869487064485674"",""SerialNo"":26177,""Mileage"":5246953,""Date"":""2026-04-16T17:49:57Z"",""IopIgnition"":true,""Latitude"":4.7403659820556641,""Longitude"":-74.113479614257813,""Altitude"":2575.39990234375,""ExternalPowerVoltage"":27.83,""Rpm"":-999,""Speed"":20.0,""SatelliteNumber"":16,""Azimuth"":309,""BatteryLevel"":100}]",0x252513005966410869487064485674003C38402D000000645000000007000061000000FFFFFFFFFFFFFFFFFFFF00D500500FE90026041617495766F620451A3A94C214B197400200013503912783FFFFFF0000240000FFFFFF
2026-04-16 17:50:08.739,"[{""Protocol"":""0x2525"",""MessageType"":""LocationInfoMessage"",""ProtocolHeadType"":19,""Imei"":""869487064485674"",""SerialNo"":26178,""Mileage"":5247014,""Date"":""2026-04-16T17:50:40Z"",""IopIgnition"":true,""Latitude"":4.7407350540161133,""Longitude"":-74.113883972167969,""Altitude"":2575.800048828125,""ExternalPowerVoltage"":27.94,""Rpm"":-999,""Speed"":8.0,""SatelliteNumber"":16,""Azimuth"":27,""BatteryLevel"":100}]",0x252513005966420869487064485674003C38402D000000645000000007000061000000FFFFFFFFFFFFFFFFFFFF00D50050102600260416175040CDFC20454F3A94C21AB497400080001B03912794FFFFFF0000240000FFFFFF
2026-04-16 17:51:25.554,"[{""Protocol"":""0x2525"",""MessageType"":""LocationInfoMessage"",""ProtocolHeadType"":19,""Imei"":""869487064485674"",""SerialNo"":26179,""Mileage"":5247253,""Date"":""2026-04-16T17:51:57Z"",""IopIgnition"":true,""Latitude"":4.7422585487365723,""Longitude"":-74.1124038696289,""Altitude"":2573.800048828125,""ExternalPowerVoltage"":27.98,""Rpm"":-999,""Speed"":0.0,""SatelliteNumber"":15,""Azimuth"":53,""BatteryLevel"":100}]",0x252513005966430869487064485674003C38402D000000594F00000007000061000000FFFFFFFFFFFFFFFFFFFF00D50050111500260416175157CDDC20458D3994C295C097400000003503912798FFFFFF0000240000FFFFFF
2026-04-16 17:52:25.466,"[{""Protocol"":""0x2525"",""MessageType"":""LocationInfoMessage"",""ProtocolHeadType"":19,""Imei"":""869487064485674"",""SerialNo"":26180,""Mileage"":5247744,""Date"":""2026-04-16T17:52:56Z"",""IopIgnition"":true,""Latitude"":4.7449040412902832,""Longitude"":-74.108871459960938,""Altitude"":2578.199951171875,""ExternalPowerVoltage"":28.03,""Rpm"":-999,""Speed"":20.0,""SatelliteNumber"":17,""Azimuth"":52,""BatteryLevel"":100}]",0x252513005966440869487064485674003C38402D000000645100000007000061000000FFFFFFFFFFFFFFFFFFFF00D5005013000026041617525633232145BE3794C241D697400200003403912803FFFFFF0000240000FFFFFF
2026-04-16 17:53:25.261,"[{""Protocol"":""0x2525"",""MessageType"":""LocationInfoMessage"",""ProtocolHeadType"":19,""Imei"":""869487064485674"",""SerialNo"":26181,""Mileage"":5247793,""Date"":""2026-04-16T17:53:56Z"",""IopIgnition"":true,""Latitude"":4.7451629638671875,""Longitude"":-74.108505249023438,""Altitude"":2578.10009765625,""ExternalPowerVoltage"":28.08,""Rpm"":-999,""Speed"":15.0,""SatelliteNumber"":17,""Azimuth"":53,""BatteryLevel"":100}]",0x252513005966450869487064485674003C38402D0000004F5100000007000061000000FFFFFFFFFFFFFFFFFFFF00D500501331002604161753569A2121458E3794C260D897400150003503912808FFFFFF0000240000FFFFFF
2026-04-16 17:54:26.205,"[{""Protocol"":""0x2525"",""MessageType"":""LocationInfoMessage"",""ProtocolHeadType"":19,""Imei"":""869487064485674"",""SerialNo"":26182,""Mileage"":5248172,""Date"":""2026-04-16T17:54:57Z"",""IopIgnition"":true,""Latitude"":4.7478680610656738,""Longitude"":-74.106475830078125,""Altitude"":2581.800048828125,""ExternalPowerVoltage"":27.89,""Rpm"":-999,""Speed"":13.0,""SatelliteNumber"":17,""Azimuth"":29,""BatteryLevel"":100}]",0x252513005966460869487064485674003C38402D0000004F5100000007000061000000FFFFFFFFFFFFFFFFFFFF00D5005014AC00260416175457CD5C2145843694C289EE97400130001D03912789FFFFFF0000240000FFFFFF
2026-04-16 17:54:41.597,"[{""Protocol"":""0x2525"",""MessageType"":""LocationInfoMessage"",""ProtocolHeadType"":19,""Imei"":""869487064485674"",""SerialNo"":26183,""Mileage"":5248186,""Date"":""2026-04-16T17:55:13Z"",""IopIgnition"":true,""Latitude"":4.7479877471923828,""Longitude"":-74.106452941894531,""Altitude"":2582.300048828125,""ExternalPowerVoltage"":27.94,""Rpm"":-999,""Speed"":5.0,""SatelliteNumber"":17,""Azimuth"":317,""BatteryLevel"":100}]",0x252513005966470869487064485674003C38402D0000004B5100000007000061000000FFFFFFFFFFFFFFFFFFFF00D5005014BA00260416175513CD642145813694C284EF97400050013D03912794FFFFFF0000270000FFFFFF
2026-04-16 17:55:30.746,"[{""Protocol"":""0x2525"",""MessageType"":""LocationInfoMessage"",""ProtocolHeadType"":19,""Imei"":""869487064485674"",""SerialNo"":26184,""Mileage"":5248566,""Date"":""2026-04-16T17:56:02Z"",""IopIgnition"":true,""Latitude"":4.7490091323852539,""Longitude"":-74.109649658203125,""Altitude"":2576.800048828125,""ExternalPowerVoltage"":28.06,""Rpm"":-999,""Speed"":16.0,""SatelliteNumber"":17,""Azimuth"":16,""BatteryLevel"":100}]",0x252513005966480869487064485674003C38402D000000445100000007000061000000FFFFFFFFFFFFFFFFFFFF00D50050163600260416175602CD0C2145243894C2E2F797400160001003912806FFFFFF0000250000FFFFFF
2026-04-16 17:56:10.681,"[{""Protocol"":""0x2525"",""MessageType"":""LocationInfoMessage"",""ProtocolHeadType"":19,""Imei"":""869487064485674"",""SerialNo"":26185,""Mileage"":5248811,""Date"":""2026-04-16T17:56:42Z"",""IopIgnition"":true,""Latitude"":4.7511329650878906,""Longitude"":-74.109146118164063,""Altitude"":2575.300048828125,""ExternalPowerVoltage"":28.04,""Rpm"":-999,""Speed"":9.0,""SatelliteNumber"":17,""Azimuth"":310,""BatteryLevel"":100}]",0x252513005966490869487064485674003C38402D000000375100000007000061000000FFFFFFFFFFFFFFFFFFFF00D50050172B00260416175642CDF42045E23794C2480998400090013603912804FFFFFF0000260000FFFFFF
2026-04-16 17:57:25.571,"[{""Protocol"":""0x2525"",""MessageType"":""LocationInfoMessage"",""ProtocolHeadType"":19,""Imei"":""869487064485674"",""SerialNo"":26186,""Mileage"":5249196,""Date"":""2026-04-16T17:57:57Z"",""IopIgnition"":true,""Latitude"":4.7520303726196289,""Longitude"":-74.112503051757813,""Altitude"":2569.300048828125,""ExternalPowerVoltage"":28.12,""Rpm"":-999,""Speed"":26.0,""SatelliteNumber"":16,""Azimuth"":284,""BatteryLevel"":100}]",0x2525130059664A0869487064485674003C38402D000000525000000007000061000000FFFFFFFFFFFFFFFFFFFF00D5005018AC00260416175757CD9420459A3994C2A21098400260011C03912812FFFFFF0000250000FFFFFF
2026-04-16 17:58:25.374,"[{""Protocol"":""0x2525"",""MessageType"":""LocationInfoMessage"",""ProtocolHeadType"":19,""Imei"":""869487064485674"",""SerialNo"":26187,""Mileage"":5249497,""Date"":""2026-04-16T17:58:56Z"",""IopIgnition"":true,""Latitude"":4.7525057792663574,""Longitude"":-74.115165710449219,""Altitude"":2564.199951171875,""ExternalPowerVoltage"":28.09,""Rpm"":-999,""Speed"":15.0,""SatelliteNumber"":17,""Azimuth"":280,""BatteryLevel"":100}]",0x2525130059664B0869487064485674003C38402D000000485100000007000061000000FFFFFFFFFFFFFFFFFFFF00D5005019D90026041617585633432045F73A94C2871498400150011803912809FFFFFF0000260000FFFFFF
2026-04-16 17:59:25.996,"[{""Protocol"":""0x2525"",""MessageType"":""LocationInfoMessage"",""ProtocolHeadType"":19,""Imei"":""869487064485674"",""SerialNo"":26188,""Mileage"":5249588,""Date"":""2026-04-16T17:59:57Z"",""IopIgnition"":true,""Latitude"":4.7525973320007324,""Longitude"":-74.115974426269531,""Altitude"":2565.0,""ExternalPowerVoltage"":27.95,""Rpm"":-999,""Speed"":8.0,""SatelliteNumber"":17,""Azimuth"":215,""BatteryLevel"":100}]",0x2525130059664C0869487064485674003C38402D000000445100000007000061000000FFFFFFFFFFFFFFFFFFFF00D500501A340026041617595700502045613B94C247159840008000D703912795FFFFFF0000250000FFFFFF
2026-04-16 17:59:53.741,"[{""Protocol"":""0x2525"",""MessageType"":""LocationInfoMessage"",""ProtocolHeadType"":19,""Imei"":""869487064485674"",""SerialNo"":26189,""Mileage"":5249668,""Date"":""2026-04-16T18:00:21Z"",""IopIgnition"":true,""Latitude"":4.7518949508666992,""Longitude"":-74.116081237792969,""Altitude"":2565.699951171875,""ExternalPowerVoltage"":28.02,""Rpm"":-999,""Speed"":8.0,""SatelliteNumber"":16,""Azimuth"":150,""BatteryLevel"":100}]",0x2525130059664D0869487064485674003C38402D0000004B5000000007000061000000FFFFFFFFFFFFFFFFFFFF00D500501A8400260416180021335B20456F3B94C2860F98400080009603912802FFFFFF0000250000FFFFFF
2026-04-16 17:59:54.660,"[{""Protocol"":""0x2525"",""MessageType"":""LocationInfoMessage"",""ProtocolHeadType"":19,""Imei"":""869487064485674"",""SerialNo"":26190,""Mileage"":5249678,""Date"":""2026-04-16T18:00:26Z"",""IopIgnition"":true,""Latitude"":4.7518644332885742,""Longitude"":-74.116012573242188,""Altitude"":2570.0,""ExternalPowerVoltage"":28.09,""Rpm"":-999,""Speed"":8.0,""SatelliteNumber"":17,""Azimuth"":90,""BatteryLevel"":100}]",0x2525130059664E0869487064485674003C38402D0000004B5100000007000061000000FFFFFFFFFFFFFFFFFFFF00D500501A8E0026041618002600A02045663B94C2460F98400080005A03912809FFFFFF0000250000FFFFFF
2026-04-16 18:00:52.662,"[{""Protocol"":""0x2525"",""MessageType"":""LocationInfoMessage"",""ProtocolHeadType"":19,""Imei"":""869487064485674"",""SerialNo"":26191,""Mileage"":5249933,""Date"":""2026-04-16T18:01:24Z"",""IopIgnition"":true,""Latitude"":4.7513847351074219,""Longitude"":-74.113777160644531,""Altitude"":2571.0,""ExternalPowerVoltage"":28.01,""Rpm"":-999,""Speed"":5.0,""SatelliteNumber"":16,""Azimuth"":145,""BatteryLevel"":100}]",0x2525130059664F0869487064485674003C38402D000000595000000007000061000000FFFFFFFFFFFFFFFFFFFF00D500501B8D0026041618012400B02045413A94C2580B98400050009103912801FFFFFF0000250000FFFFFF
2026-04-16 18:00:57.708,"[{""Protocol"":""0x2525"",""MessageType"":""LocationInfoMessage"",""ProtocolHeadType"":19,""Imei"":""869487064485674"",""SerialNo"":26192,""Mileage"":5249946,""Date"":""2026-04-16T18:01:29Z"",""IopIgnition"":true,""Latitude"":4.7512669563293457,""Longitude"":-74.1137924194336,""Altitude"":2573.39990234375,""ExternalPowerVoltage"":28.09,""Rpm"":-999,""Speed"":10.0,""SatelliteNumber"":17,""Azimuth"":215,""BatteryLevel"":100}]",0x252513005966500869487064485674003C38402D000000605100000007000061000000FFFFFFFFFFFFFFFFFFFF00D500501B9A0026041618012966D62045433A94C2610A9840010000D703912809FFFFFF0000250000FFFFFF
2026-04-16 18:01:07.684,"[{""Protocol"":""0x2525"",""MessageType"":""LocationInfoMessage"",""ProtocolHeadType"":19,""Imei"":""869487064485674"",""SerialNo"":26193,""Mileage"":5249975,""Date"":""2026-04-16T18:01:39Z"",""IopIgnition"":true,""Latitude"":4.7510490417480469,""Longitude"":-74.113906860351563,""Altitude"":2571.89990234375,""ExternalPowerVoltage"":28.04,""Rpm"":-999,""Speed"":9.0,""SatelliteNumber"":17,""Azimuth"":141,""BatteryLevel"":100}]",0x252513005966510869487064485674003C38402D000000645100000007000061000000FFFFFFFFFFFFFFFFFFFF00D500501BB70026041618013966BE2045523A94C2980898400090008D03912804FFFFFF0000270000FFFFFF
2026-04-16 18:01:19.692,"[{""Protocol"":""0x2525"",""MessageType"":""LocationInfoMessage"",""ProtocolHeadType"":19,""Imei"":""869487064485674"",""SerialNo"":26194,""Mileage"":5250022,""Date"":""2026-04-16T18:01:51Z"",""IopIgnition"":true,""Latitude"":4.7508144378662109,""Longitude"":-74.113594055175781,""Altitude"":2567.199951171875,""ExternalPowerVoltage"":28.09,""Rpm"":-999,""Speed"":17.0,""SatelliteNumber"":18,""Azimuth"":191,""BatteryLevel"":100}]",0x252513005966520869487064485674003C38402D0000005D5200000007000061000000FFFFFFFFFFFFFFFFFFFF00D500501BE60026041618015133732045293A94C2AC069840017000BF03912809FFFFFF0000280000FFFFFF
2026-04-16 18:02:19.778,"[{""Protocol"":""0x2525"",""MessageType"":""LocationInfoMessage"",""ProtocolHeadType"":19,""Imei"":""869487064485674"",""SerialNo"":26195,""Mileage"":5250429,""Date"":""2026-04-16T18:02:51Z"",""IopIgnition"":true,""Latitude"":4.7477855682373047,""Longitude"":-74.1156234741211,""Altitude"":2565.89990234375,""ExternalPowerVoltage"":28.05,""Rpm"":-999,""Speed"":12.0,""SatelliteNumber"":18,""Azimuth"":244,""BatteryLevel"":100}]",0x252513005966530869487064485674003C38402D000000445200000007000061000000FFFFFFFFFFFFFFFFFFFF00D500501D7D00260416180251665E2045333B94C2DCED9740012000F403912805FFFFFF0000260000FFFFFF
2026-04-16 18:03:16.728,"[{""Protocol"":""0x2525"",""MessageType"":""LocationInfoMessage"",""ProtocolHeadType"":19,""Imei"":""869487064485674"",""SerialNo"":26196,""Mileage"":5250786,""Date"":""2026-04-16T18:03:48Z"",""IopIgnition"":true,""Latitude"":4.7480301856994629,""Longitude"":-74.118804931640625,""Altitude"":2565.300048828125,""ExternalPowerVoltage"":27.98,""Rpm"":-999,""Speed"":6.0,""SatelliteNumber"":18,""Azimuth"":193,""BatteryLevel"":100}]",0x252513005966540869487064485674003C38402D000000595200000007000061000000FFFFFFFFFFFFFFFFFFFF00D500501EE200260416180348CD542045D43C94C2DDEF9740006000C103912798FFFFFF0000250000FFFFFF
2026-04-16 18:03:48.670,"[{""Protocol"":""0x2525"",""MessageType"":""LocationInfoMessage"",""ProtocolHeadType"":19,""Imei"":""869487064485674"",""SerialNo"":26197,""Mileage"":5250858,""Date"":""2026-04-16T18:04:20Z"",""IopIgnition"":true,""Latitude"":4.7474045753479,""Longitude"":-74.118904113769531,""Altitude"":2571.199951171875,""ExternalPowerVoltage"":28.11,""Rpm"":-999,""Speed"":6.0,""SatelliteNumber"":18,""Azimuth"":275,""BatteryLevel"":100}]",0x252513005966550869487064485674003C38402D0000003E5200000007000061000000FFFFFFFFFFFFFFFFFFFF00D500501F2A0026041618042033B32045E13C94C2BDEA97400060011303912811FFFFFF0000250000FFFFFF
2026-04-16 18:04:39.727,"[{""Protocol"":""0x2525"",""MessageType"":""LocationInfoMessage"",""ProtocolHeadType"":19,""Imei"":""869487064485674"",""SerialNo"":26198,""Mileage"":5251067,""Date"":""2026-04-16T18:05:11Z"",""IopIgnition"":true,""Latitude"":4.74751091003418,""Longitude"":-74.120773315429688,""Altitude"":2568.60009765625,""ExternalPowerVoltage"":28.11,""Rpm"":-999,""Speed"":9.0,""SatelliteNumber"":18,""Azimuth"":192,""BatteryLevel"":100}]",0x252513005966560869487064485674003C38402D0000004F5200000007000061000000FFFFFFFFFFFFFFFFFFFF00D500501FFB002604161805119A892045D63D94C29CEB9740009000C003912811FFFFFF0000250000FFFFFF
2026-04-16 18:04:43.584,"[{""Protocol"":""0x2525"",""MessageType"":""LocationInfoMessage"",""ProtocolHeadType"":19,""Imei"":""869487064485674"",""SerialNo"":26199,""Mileage"":5251078,""Date"":""2026-04-16T18:05:15Z"",""IopIgnition"":true,""Latitude"":4.7474207878112793,""Longitude"":-74.120758056640625,""Altitude"":2568.39990234375,""ExternalPowerVoltage"":28.1,""Rpm"":-999,""Speed"":8.0,""SatelliteNumber"":18,""Azimuth"":142,""BatteryLevel"":100}]",0x252513005966570869487064485674003C38402D0000004F5200000007000061000000FFFFFFFFFFFFFFFFFFFF00D5005020060026041618051566862045D43D94C2DFEA97400080008E03912810FFFFFF0000250000FFFFFF
2026-04-16 18:05:15.769,"[{""Protocol"":""0x2525"",""MessageType"":""LocationInfoMessage"",""ProtocolHeadType"":19,""Imei"":""869487064485674"",""SerialNo"":26200,""Mileage"":5251176,""Date"":""2026-04-16T18:05:47Z"",""IopIgnition"":true,""Latitude"":4.7465863227844238,""Longitude"":-74.120521545410156,""Altitude"":2563.800048828125,""ExternalPowerVoltage"":28.1,""Rpm"":-999,""Speed"":9.0,""SatelliteNumber"":19,""Azimuth"":230,""BatteryLevel"":100}]",0x252513005966580869487064485674003C38402D000000445300000007000061000000FFFFFFFFFFFFFFFFFFFF00D50050206800260416180547CD3C2045B53D94C209E49740009000E603912810FFFFFF0000250000FFFFFF
2026-04-16 18:06:25.594,"[{""Protocol"":""0x2525"",""MessageType"":""LocationInfoMessage"",""ProtocolHeadType"":19,""Imei"":""869487064485674"",""SerialNo"":26201,""Mileage"":5251402,""Date"":""2026-04-16T18:06:57Z"",""IopIgnition"":true,""Latitude"":4.7459306716918945,""Longitude"":-74.1224365234375,""Altitude"":2562.60009765625,""ExternalPowerVoltage"":28.06,""Rpm"":-999,""Speed"":6.0,""SatelliteNumber"":18,""Azimuth"":253,""BatteryLevel"":100}]",0x252513005966590869487064485674003C38402D000000645200000007000061000000FFFFFFFFFFFFFFFFFFFF00D50050214A002604161806579A292045B03E94C2AADE9740006000FD03912806FFFFFF0000250000FFFFFF
2026-04-16 18:07:25.492,"[{""Protocol"":""0x2525"",""MessageType"":""LocationInfoMessage"",""ProtocolHeadType"":19,""Imei"":""869487064485674"",""SerialNo"":26202,""Mileage"":5251573,""Date"":""2026-04-16T18:07:57Z"",""IopIgnition"":true,""Latitude"":4.7454047203063965,""Longitude"":-74.123886108398438,""Altitude"":2565.89990234375,""ExternalPowerVoltage"":27.98,""Rpm"":-999,""Speed"":10.0,""SatelliteNumber"":17,""Azimuth"":245,""BatteryLevel"":100}]",0x2525130059665A0869487064485674003C38402D000000645100000007000061000000FFFFFFFFFFFFFFFFFFFF00D5005021F500260416180757665E20456E3F94C25BDA9740010000F503912798FFFFFF0000250000FFFFFF
2026-04-16 18:08:25.304,"[{""Protocol"":""0x2525"",""MessageType"":""LocationInfoMessage"",""ProtocolHeadType"":19,""Imei"":""869487064485674"",""SerialNo"":26203,""Mileage"":5251668,""Date"":""2026-04-16T18:08:56Z"",""IopIgnition"":true,""Latitude"":4.7451057434082031,""Longitude"":-74.124687194824219,""Altitude"":2566.199951171875,""ExternalPowerVoltage"":27.89,""Rpm"":-999,""Speed"":0.0,""SatelliteNumber"":17,""Azimuth"":246,""BatteryLevel"":100}]",0x2525130059665B0869487064485674003C38402D000000595100000007000061000000FFFFFFFFFFFFFFFFFFFF00D5005022540026041618085633632045D73F94C2E8D79740000000F603912789FFFFFF0000250000FFFFFF
2026-04-16 18:09:26.268,"[{""Protocol"":""0x2525"",""MessageType"":""LocationInfoMessage"",""ProtocolHeadType"":19,""Imei"":""869487064485674"",""SerialNo"":26204,""Mileage"":5251758,""Date"":""2026-04-16T18:09:57Z"",""IopIgnition"":true,""Latitude"":4.7448334693908691,""Longitude"":-74.125450134277344,""Altitude"":2564.39990234375,""ExternalPowerVoltage"":28.07,""Rpm"":-999,""Speed"":26.0,""SatelliteNumber"":17,""Azimuth"":251,""BatteryLevel"":100}]",0x2525130059665C0869487064485674003C38402D000000595100000007000061000000FFFFFFFFFFFFFFFFFFFF00D5005022AE00260416180957664620453B4094C2ADD59740026000FB03912807FFFFFF0000250000FFFFFF
2026-04-16 18:09:58.582,"[{""Protocol"":""0x2525"",""MessageType"":""LocationInfoMessage"",""ProtocolHeadType"":19,""Imei"":""869487064485674"",""SerialNo"":26205,""Mileage"":5251973,""Date"":""2026-04-16T18:10:30Z"",""IopIgnition"":true,""Latitude"":4.7441520690917969,""Longitude"":-74.127227783203125,""Altitude"":2564.5,""ExternalPowerVoltage"":27.93,""Rpm"":-999,""Speed"":8.0,""SatelliteNumber"":17,""Azimuth"":158,""BatteryLevel"":100}]",0x2525130059665D0869487064485674003C38402D000000565100000007000061000000FFFFFFFFFFFFFFFFFFFF00D5005023850026041618103000482045244194C218D097400080009E03912793FFFFFF0000280000FFFFFF
2026-04-16 18:11:09.736,"[{""Protocol"":""0x2525"",""MessageType"":""LocationInfoMessage"",""ProtocolHeadType"":19,""Imei"":""869487064485674"",""SerialNo"":26206,""Mileage"":5252266,""Date"":""2026-04-16T18:11:41Z"",""IopIgnition"":true,""Latitude"":4.7417464256286621,""Longitude"":-74.126205444335938,""Altitude"":2577.699951171875,""ExternalPowerVoltage"":28.07,""Rpm"":-999,""Speed"":5.0,""SatelliteNumber"":18,""Azimuth"":65,""BatteryLevel"":100}]",0x2525130059665E0869487064485674003C38402D000000645200000007000061000000FFFFFFFFFFFFFFFFFFFF00D5005024AA00260416181141331B21459E4094C263BC97400050004103912807FFFFFF0000250000FFFFFF
2026-04-16 18:12:25.572,"[{""Protocol"":""0x2525"",""MessageType"":""LocationInfoMessage"",""ProtocolHeadType"":19,""Imei"":""869487064485674"",""SerialNo"":26207,""Mileage"":5252306,""Date"":""2026-04-16T18:12:57Z"",""IopIgnition"":true,""Latitude"":4.7418580055236816,""Longitude"":-74.125869750976563,""Altitude"":2572.10009765625,""ExternalPowerVoltage"":27.89,""Rpm"":-999,""Speed"":0.0,""SatelliteNumber"":16,""Azimuth"":66,""BatteryLevel"":100}]",0x2525130059665F0869487064485674003C38402D000000645000000007000061000000FFFFFFFFFFFFFFFFFFFF00D5005024D2002604161812579AC12045724094C24DBD97400000004203912789FFFFFF0000250000FFFFFF
2026-04-16 18:13:25.766,"[{""Protocol"":""0x2525"",""MessageType"":""LocationInfoMessage"",""ProtocolHeadType"":19,""Imei"":""869487064485674"",""SerialNo"":26208,""Mileage"":5252398,""Date"":""2026-04-16T18:13:56Z"",""IopIgnition"":true,""Latitude"":4.7421998977661133,""Longitude"":-74.125106811523438,""Altitude"":2570.0,""ExternalPowerVoltage"":27.88,""Rpm"":-999,""Speed"":6.0,""SatelliteNumber"":18,""Azimuth"":58,""BatteryLevel"":100}]",0x252513005966600869487064485674003C38402D000000565200000007000061000000FFFFFFFFFFFFFFFFFFFF00D50050252E0026041618135600A020450E4094C21AC097400060003A03912788FFFFFF0000250000FFFFFF
2026-04-16 18:14:25.262,"[{""Protocol"":""0x2525"",""MessageType"":""LocationInfoMessage"",""ProtocolHeadType"":19,""Imei"":""869487064485674"",""SerialNo"":26209,""Mileage"":5252490,""Date"":""2026-04-16T18:14:56Z"",""IopIgnition"":true,""Latitude"":4.7424836158752441,""Longitude"":-74.124336242675781,""Altitude"":2567.699951171875,""ExternalPowerVoltage"":27.89,""Rpm"":-999,""Speed"":0.0,""SatelliteNumber"":15,""Azimuth"":77,""BatteryLevel"":100}]",0x252513005966610869487064485674003C38402D000000644F00000007000061000000FFFFFFFFFFFFFFFFFFFF00D50050258A00260416181456337B2045A93F94C26DC297400000004D03912789FFFFFF0000280000FFFFFF
2026-04-16 18:15:26.176,"[{""Protocol"":""0x2525"",""MessageType"":""LocationInfoMessage"",""ProtocolHeadType"":19,""Imei"":""869487064485674"",""SerialNo"":26210,""Mileage"":5252635,""Date"":""2026-04-16T18:15:57Z"",""IopIgnition"":true,""Latitude"":4.7429819107055664,""Longitude"":-74.123123168945313,""Altitude"":2569.0,""ExternalPowerVoltage"":28.11,""Rpm"":-999,""Speed"":37.0,""SatelliteNumber"":19,""Azimuth"":70,""BatteryLevel"":100}]",0x252513005966620869487064485674003C38402D000000645300000007000061000000FFFFFFFFFFFFFFFFFFFF00D50050261B00260416181557009020450A3F94C282C697400370004603912811FFFFFF0000250000FFFFFF
2026-04-16 18:16:26.031,"[{""Protocol"":""0x2525"",""MessageType"":""LocationInfoMessage"",""ProtocolHeadType"":19,""Imei"":""869487064485674"",""SerialNo"":26211,""Mileage"":5252931,""Date"":""2026-04-16T18:16:57Z"",""IopIgnition"":true,""Latitude"":4.7439908981323242,""Longitude"":-74.120658874511719,""Altitude"":2565.10009765625,""ExternalPowerVoltage"":28.12,""Rpm"":-999,""Speed"":15.0,""SatelliteNumber"":18,""Azimuth"":75,""BatteryLevel"":100}]",0x252513005966630869487064485674003C38402D000000645200000007000061000000FFFFFFFFFFFFFFFFFFFF00D500502743002604161816579A512045C73D94C2C6CE97400150004B03912812FFFFFF0000250000FFFFFF
2026-04-16 18:17:25.916,"[{""Protocol"":""0x2525"",""MessageType"":""LocationInfoMessage"",""ProtocolHeadType"":19,""Imei"":""869487064485674"",""SerialNo"":26212,""Mileage"":5253249,""Date"":""2026-04-16T18:17:57Z"",""IopIgnition"":true,""Latitude"":4.745145320892334,""Longitude"":-74.1180648803711,""Altitude"":2568.60009765625,""ExternalPowerVoltage"":28.12,""Rpm"":-999,""Speed"":16.0,""SatelliteNumber"":17,""Azimuth"":73,""BatteryLevel"":100}]",0x252513005966640869487064485674003C38402D000000605100000007000061000000FFFFFFFFFFFFFFFFFFFF00D500502881002604161817579A892045733C94C23BD897400160004903912812FFFFFF0000250000FFFFFF
2026-04-16 18:17:49.650,"[{""Protocol"":""0x2525"",""MessageType"":""LocationInfoMessage"",""ProtocolHeadType"":19,""Imei"":""869487064485674"",""SerialNo"":26213,""Mileage"":5253388,""Date"":""2026-04-16T18:18:21Z"",""IopIgnition"":true,""Latitude"":4.7450590133666992,""Longitude"":-74.116851806640625,""Altitude"":2572.39990234375,""ExternalPowerVoltage"":28.13,""Rpm"":-999,""Speed"":22.0,""SatelliteNumber"":18,""Azimuth"":121,""BatteryLevel"":100}]",0x252513005966650869487064485674003C38402D000000525200000007000061000000FFFFFFFFFFFFFFFFFFFF00D50050290C0026041618182166C62045D43B94C286D797400220007903912813FFFFFF0000260000FFFFFF
2026-04-16 18:19:17.757,"[{""Protocol"":""0x2525"",""MessageType"":""LocationInfoMessage"",""ProtocolHeadType"":19,""Imei"":""869487064485674"",""SerialNo"":26214,""Mileage"":5253842,""Date"":""2026-04-16T18:19:49Z"",""IopIgnition"":true,""Latitude"":4.743156909942627,""Longitude"":-74.113288879394531,""Altitude"":2582.60009765625,""ExternalPowerVoltage"":28.07,""Rpm"":-999,""Speed"":8.0,""SatelliteNumber"":17,""Azimuth"":20,""BatteryLevel"":100}]",0x252513005966660869487064485674003C38402D0000004F5100000007000061000000FFFFFFFFFFFFFFFFFFFF00D500502AD2002604161819499A692145013A94C2F1C797400080001403912807FFFFFF0000250000FFFFFF
2026-04-16 18:20:10.689,"[{""Protocol"":""0x2525"",""MessageType"":""LocationInfoMessage"",""ProtocolHeadType"":19,""Imei"":""869487064485674"",""SerialNo"":26215,""Mileage"":5254093,""Date"":""2026-04-16T18:20:42Z"",""IopIgnition"":true,""Latitude"":4.7451939582824707,""Longitude"":-74.1124038696289,""Altitude"":2579.60009765625,""ExternalPowerVoltage"":28.12,""Rpm"":-999,""Speed"":12.0,""SatelliteNumber"":16,""Azimuth"":98,""BatteryLevel"":100}]",0x252513005966670869487064485674003C38402D0000004F5000000007000061000000FFFFFFFFFFFFFFFFFFFF00D500502BCD002604161820429A3921458D3994C2A1D897400120006203912812FFFFFF0000250000FFFFFF
2026-04-16 18:20:32.732,"[{""Protocol"":""0x2525"",""MessageType"":""LocationInfoMessage"",""ProtocolHeadType"":19,""Imei"":""869487064485674"",""SerialNo"":26216,""Mileage"":5254192,""Date"":""2026-04-16T18:21:04Z"",""IopIgnition"":true,""Latitude"":4.7449727058410645,""Longitude"":-74.111564636230469,""Altitude"":2577.300048828125,""ExternalPowerVoltage"":28.04,""Rpm"":-999,""Speed"":11.0,""SatelliteNumber"":16,""Azimuth"":48,""BatteryLevel"":100}]",0x252513005966680869487064485674003C38402D000000525000000007000061000000FFFFFFFFFFFFFFFFFFFF00D500502C3000260416182104CD1421451F3994C2D1D697400110003003912804FFFFFF0000250000FFFFFF
2026-04-16 18:21:07.671,"[{""Protocol"":""0x2525"",""MessageType"":""LocationInfoMessage"",""ProtocolHeadType"":19,""Imei"":""869487064485674"",""SerialNo"":26217,""Mileage"":5254330,""Date"":""2026-04-16T18:21:39Z"",""IopIgnition"":true,""Latitude"":4.7461686134338379,""Longitude"":-74.111259460449219,""Altitude"":2572.0,""ExternalPowerVoltage"":28.08,""Rpm"":-999,""Speed"":6.0,""SatelliteNumber"":15,""Azimuth"":349,""BatteryLevel"":100}]",0x252513005966690869487064485674003C38402D000000444F00000007000061000000FFFFFFFFFFFFFFFFFFFF00D500502CBA0026041618213900C02045F73894C29DE097400060015D03912808FFFFFF0000260000FFFFFF
2026-04-16 18:21:11.659,"[{""Protocol"":""0x2525"",""MessageType"":""LocationInfoMessage"",""ProtocolHeadType"":19,""Imei"":""869487064485674"",""SerialNo"":26218,""Mileage"":5254341,""Date"":""2026-04-16T18:21:43Z"",""IopIgnition"":true,""Latitude"":4.746243953704834,""Longitude"":-74.111328125,""Altitude"":2572.39990234375,""ExternalPowerVoltage"":28.11,""Rpm"":-999,""Speed"":15.0,""SatelliteNumber"":16,""Azimuth"":289,""BatteryLevel"":100}]",0x2525130059666A0869487064485674003C38402D000000445000000007000061000000FFFFFFFFFFFFFFFFFFFF00D500502CC50026041618214366C62045003994C23BE197400150012103912811FFFFFF0000260000FFFFFF
2026-04-16 18:21:56.661,"[{""Protocol"":""0x2525"",""MessageType"":""LocationInfoMessage"",""ProtocolHeadType"":19,""Imei"":""869487064485674"",""SerialNo"":26219,""Mileage"":5254606,""Date"":""2026-04-16T18:22:28Z"",""IopIgnition"":true,""Latitude"":4.7468461990356445,""Longitude"":-74.113616943359375,""Altitude"":2570.39990234375,""ExternalPowerVoltage"":28.06,""Rpm"":-999,""Speed"":5.0,""SatelliteNumber"":16,""Azimuth"":6,""BatteryLevel"":100}]",0x2525130059666B0869487064485674003C38402D000000645000000007000061000000FFFFFFFFFFFFFFFFFFFF00D500502DCE0026041618222866A620452C3A94C22AE697400050000603912806FFFFFF0000250000FFFFFF
2026-04-16 18:23:05.737,"[{""Protocol"":""0x2525"",""MessageType"":""LocationInfoMessage"",""ProtocolHeadType"":19,""Imei"":""869487064485674"",""SerialNo"":26220,""Mileage"":5254960,""Date"":""2026-04-16T18:23:37Z"",""IopIgnition"":true,""Latitude"":4.74962043762207,""Longitude"":-74.112167358398438,""Altitude"":2583.0,""ExternalPowerVoltage"":28.06,""Rpm"":-999,""Speed"":7.0,""SatelliteNumber"":16,""Azimuth"":91,""BatteryLevel"":100}]",0x2525130059666C0869487064485674003C38402D000000645000000007000061000000FFFFFFFFFFFFFFFFFFFF00D500502F3000260416182337007021456E3994C2E4FC97400070005B03912806FFFFFF0000250000FFFFFF
2026-04-16 18:24:25.544,"[{""Protocol"":""0x2525"",""MessageType"":""LocationInfoMessage"",""ProtocolHeadType"":19,""Imei"":""869487064485674"",""SerialNo"":26221,""Mileage"":5255264,""Date"":""2026-04-16T18:24:57Z"",""IopIgnition"":true,""Latitude"":4.7488493919372559,""Longitude"":-74.109542846679688,""Altitude"":2571.5,""ExternalPowerVoltage"":28.11,""Rpm"":-999,""Speed"":12.0,""SatelliteNumber"":16,""Azimuth"":101,""BatteryLevel"":100}]",0x2525130059666D0869487064485674003C38402D000000445000000007000061000000FFFFFFFFFFFFFFFFFFFF00D5005030600026041618245700B82045163894C293F697400120006503912811FFFFFF0000240000FFFFFF
2026-04-16 18:25:25.455,"[{""Protocol"":""0x2525"",""MessageType"":""LocationInfoMessage"",""ProtocolHeadType"":19,""Imei"":""869487064485674"",""SerialNo"":26222,""Mileage"":5255453,""Date"":""2026-04-16T18:25:56Z"",""IopIgnition"":true,""Latitude"":4.7483644485473633,""Longitude"":-74.10791015625,""Altitude"":2577.0,""ExternalPowerVoltage"":28.04,""Rpm"":-999,""Speed"":0.0,""SatelliteNumber"":15,""Azimuth"":110,""BatteryLevel"":100}]",0x2525130059666E0869487064485674003C38402D000000524F00000007000061000000FFFFFFFFFFFFFFFFFFFF00D50050311D0026041618255600102145403794C29AF297400000006E03912804FFFFFF0000240000FFFFFF
2026-04-16 18:26:25.282,"[{""Protocol"":""0x2525"",""MessageType"":""LocationInfoMessage"",""ProtocolHeadType"":19,""Imei"":""869487064485674"",""SerialNo"":26223,""Mileage"":5255453,""Date"":""2026-04-16T18:26:56Z"",""IopIgnition"":true,""Latitude"":4.7483644485473633,""Longitude"":-74.10791015625,""Altitude"":2577.0,""ExternalPowerVoltage"":28.06,""Rpm"":-999,""Speed"":0.0,""SatelliteNumber"":15,""Azimuth"":110,""BatteryLevel"":100}]",0x2525130059666F0869487064485674003C38402D000000564F00000007000061000000FFFFFFFFFFFFFFFFFFFF00D50050311D0026041618265600102145403794C29AF297400000006E03922806FFFFFF0000240000FFFFFF
2026-04-16 18:27:26.154,"[{""Protocol"":""0x2525"",""MessageType"":""LocationInfoMessage"",""ProtocolHeadType"":19,""Imei"":""869487064485674"",""SerialNo"":26224,""Mileage"":5255453,""Date"":""2026-04-16T18:27:57Z"",""IopIgnition"":true,""Latitude"":4.7483644485473633,""Longitude"":-74.10791015625,""Altitude"":2577.0,""ExternalPowerVoltage"":27.94,""Rpm"":-999,""Speed"":0.0,""SatelliteNumber"":16,""Azimuth"":110,""BatteryLevel"":100}]",0x252513005966700869487064485674003C38402D000000525000000007000061000000FFFFFFFFFFFFFFFFFFFF00D50050311D0026041618275700102145403794C29AF297400000006E03922794FFFFFF0000240000FFFFFF
2026-04-16 18:28:26.021,"[{""Protocol"":""0x2525"",""MessageType"":""LocationInfoMessage"",""ProtocolHeadType"":19,""Imei"":""869487064485674"",""SerialNo"":26225,""Mileage"":5255453,""Date"":""2026-04-16T18:28:57Z"",""IopIgnition"":true,""Latitude"":4.7483644485473633,""Longitude"":-74.10791015625,""Altitude"":2577.0,""ExternalPowerVoltage"":28.02,""Rpm"":-999,""Speed"":0.0,""SatelliteNumber"":14,""Azimuth"":110,""BatteryLevel"":100}]",0x252513005966710869487064485674003C38402D000000564E00000007000061000000FFFFFFFFFFFFFFFFFFFF00D50050311D0026041618285700102145403794C29AF297400000006E03912802FFFFFF0000240000FFFFFF
2026-04-16 18:29:25.973,"[{""Protocol"":""0x2525"",""MessageType"":""LocationInfoMessage"",""ProtocolHeadType"":19,""Imei"":""869487064485674"",""SerialNo"":26226,""Mileage"":5255453,""Date"":""2026-04-16T18:29:57Z"",""IopIgnition"":true,""Latitude"":4.7483644485473633,""Longitude"":-74.10791015625,""Altitude"":2577.0,""ExternalPowerVoltage"":27.96,""Rpm"":-999,""Speed"":0.0,""SatelliteNumber"":16,""Azimuth"":110,""BatteryLevel"":100}]",0x252513005966720869487064485674003C38402D000000525000000007000061000000FFFFFFFFFFFFFFFFFFFF00D50050311D0026041618295700102145403794C29AF297400000006E03912796FFFFFF0000240000FFFFFF
2026-04-16 18:30:25.804,"[{""Protocol"":""0x2525"",""MessageType"":""LocationInfoMessage"",""ProtocolHeadType"":19,""Imei"":""869487064485674"",""SerialNo"":26227,""Mileage"":5255453,""Date"":""2026-04-16T18:30:57Z"",""IopIgnition"":true,""Latitude"":4.7483644485473633,""Longitude"":-74.10791015625,""Altitude"":2577.0,""ExternalPowerVoltage"":28.09,""Rpm"":-999,""Speed"":0.0,""SatelliteNumber"":16,""Azimuth"":110,""BatteryLevel"":100}]",0x252513005966730869487064485674003C38402D000000525000000007000061000000FFFFFFFFFFFFFFFFFFFF00D50050311D0026041618305700102145403794C29AF297400000006E03912809FFFFFF0000240000FFFFFF
2026-04-16 18:31:25.697,"[{""Protocol"":""0x2525"",""MessageType"":""LocationInfoMessage"",""ProtocolHeadType"":19,""Imei"":""869487064485674"",""SerialNo"":26228,""Mileage"":5255610,""Date"":""2026-04-16T18:31:57Z"",""IopIgnition"":true,""Latitude"":4.7480001449584961,""Longitude"":-74.1065444946289,""Altitude"":2575.10009765625,""ExternalPowerVoltage"":28.04,""Rpm"":-999,""Speed"":7.0,""SatelliteNumber"":17,""Azimuth"":102,""BatteryLevel"":100}]",0x252513005966740869487064485674003C38402D000000525100000007000061000000FFFFFFFFFFFFFFFFFFFF00D5005031BA002604161831579AF120458D3694C29EEF97400070006603912804FFFFFF0000240000FFFFFF
2026-04-16 18:31:32.696,"[{""Protocol"":""0x2525"",""MessageType"":""LocationInfoMessage"",""ProtocolHeadType"":19,""Imei"":""869487064485674"",""SerialNo"":26229,""Mileage"":5255627,""Date"":""2026-04-16T18:32:04Z"",""IopIgnition"":true,""Latitude"":4.74801778793335,""Longitude"":-74.106399536132813,""Altitude"":2572.39990234375,""ExternalPowerVoltage"":28.1,""Rpm"":-999,""Speed"":18.0,""SatelliteNumber"":17,""Azimuth"":56,""BatteryLevel"":100}]",0x252513005966750869487064485674003C38402D000000525100000007000061000000FFFFFFFFFFFFFFFFFFFF00D5005031CB0026041618320466C620457A3694C2C3EF97400180003803912810FFFFFF0000260000FFFFFF
2026-04-16 18:31:51.680,"[{""Protocol"":""0x2525"",""MessageType"":""LocationInfoMessage"",""ProtocolHeadType"":19,""Imei"":""869487064485674"",""SerialNo"":26230,""Mileage"":5255745,""Date"":""2026-04-16T18:32:23Z"",""IopIgnition"":true,""Latitude"":4.7488193511962891,""Longitude"":-74.10577392578125,""Altitude"":2568.89990234375,""ExternalPowerVoltage"":28.05,""Rpm"":-999,""Speed"":9.0,""SatelliteNumber"":17,""Azimuth"":115,""BatteryLevel"":100}]",0x252513005966760869487064485674003C38402D0000004F5100000007000061000000FFFFFFFFFFFFFFFFFFFF00D50050324100260416183223668E2045283694C254F697400090007303912805FFFFFF0000270000FFFFFF
2026-04-16 18:31:53.570,"[{""Protocol"":""0x2525"",""MessageType"":""LocationInfoMessage"",""ProtocolHeadType"":19,""Imei"":""869487064485674"",""SerialNo"":26231,""Mileage"":5255753,""Date"":""2026-04-16T18:32:25Z"",""IopIgnition"":true,""Latitude"":4.7487664222717285,""Longitude"":-74.105728149414063,""Altitude"":2568.699951171875,""ExternalPowerVoltage"":28.1,""Rpm"":-999,""Speed"":15.0,""SatelliteNumber"":17,""Azimuth"":162,""BatteryLevel"":100}]",0x252513005966770869487064485674003C38402D0000004F5100000007000061000000FFFFFFFFFFFFFFFFFFFF00D50050324900260416183225338B2045223694C2E5F59740015000A203912810FFFFFF0000270000FFFFFF
2026-04-16 18:32:13.771,"[{""Protocol"":""0x2525"",""MessageType"":""LocationInfoMessage"",""ProtocolHeadType"":19,""Imei"":""869487064485674"",""SerialNo"":26232,""Mileage"":5255899,""Date"":""2026-04-16T18:32:45Z"",""IopIgnition"":true,""Latitude"":4.747495174407959,""Longitude"":-74.105697631835938,""Altitude"":2563.10009765625,""ExternalPowerVoltage"":28.14,""Rpm"":-999,""Speed"":26.0,""SatelliteNumber"":17,""Azimuth"":115,""BatteryLevel"":100}]",0x252513005966780869487064485674003C38402D0000004B5100000007000061000000FFFFFFFFFFFFFFFFFFFF00D5005032DB002604161832459A3120451E3694C27BEB97400260007303912814FFFFFF0000280000FFFFFF
2026-04-16 18:32:35.675,"[{""Protocol"":""0x2525"",""MessageType"":""LocationInfoMessage"",""ProtocolHeadType"":19,""Imei"":""869487064485674"",""SerialNo"":26233,""Mileage"":5256110,""Date"":""2026-04-16T18:33:07Z"",""IopIgnition"":true,""Latitude"":4.7473363876342773,""Longitude"":-74.103805541992188,""Altitude"":2568.199951171875,""ExternalPowerVoltage"":28.14,""Rpm"":-999,""Speed"":22.0,""SatelliteNumber"":17,""Azimuth"":63,""BatteryLevel"":100}]",0x252513005966790869487064485674003C38402D000000595100000007000061000000FFFFFFFFFFFFFFFFFFFF00D5005033AE0026041618330733832045263594C22EEA97400220003F03912814FFFFFF0000260000FFFFFF
2026-04-16 18:32:48.683,"[{""Protocol"":""0x2525"",""MessageType"":""LocationInfoMessage"",""ProtocolHeadType"":19,""Imei"":""869487064485674"",""SerialNo"":26234,""Mileage"":5256185,""Date"":""2026-04-16T18:33:20Z"",""IopIgnition"":true,""Latitude"":4.7478976249694824,""Longitude"":-74.10345458984375,""Altitude"":2568.300048828125,""ExternalPowerVoltage"":27.95,""Rpm"":-999,""Speed"":7.0,""SatelliteNumber"":17,""Azimuth"":16,""BatteryLevel"":100}]",0x2525130059667A0869487064485674003C38402D000000645100000007000061000000FFFFFFFFFFFFFFFFFFFF00D5005033F900260416183320CD842045F83494C2C7EE97400070001003912795FFFFFF0000270000FFFFFF
2026-04-16 18:33:35.704,"[{""Protocol"":""0x2525"",""MessageType"":""LocationInfoMessage"",""ProtocolHeadType"":19,""Imei"":""869487064485674"",""SerialNo"":26235,""Mileage"":5256426,""Date"":""2026-04-16T18:34:07Z"",""IopIgnition"":true,""Latitude"":4.7497024536132813,""Longitude"":-74.1022720336914,""Altitude"":2576.89990234375,""ExternalPowerVoltage"":28.07,""Rpm"":-999,""Speed"":6.0,""SatelliteNumber"":17,""Azimuth"":71,""BatteryLevel"":100}]",0x2525130059667B0869487064485674003C38402D0000004B5100000007000061000000FFFFFFFFFFFFFFFFFFFF00D5005034EA00260416183407660E21455D3494C290FD97400060004703912807FFFFFF0000260000FFFFFF
2026-04-16 18:33:48.676,"[{""Protocol"":""0x2525"",""MessageType"":""LocationInfoMessage"",""ProtocolHeadType"":19,""Imei"":""869487064485674"",""SerialNo"":26236,""Mileage"":5256493,""Date"":""2026-04-16T18:34:20Z"",""IopIgnition"":true,""Latitude"":4.7495317459106445,""Longitude"":-74.101699829101563,""Altitude"":2577.60009765625,""ExternalPowerVoltage"":28.14,""Rpm"":-999,""Speed"":32.0,""SatelliteNumber"":16,""Azimuth"":123,""BatteryLevel"":100}]",0x2525130059667C0869487064485674003C38402D000000645000000007000061000000FFFFFFFFFFFFFFFFFFFF00D50050352D002604161834209A192145123494C22AFC97400320007B03912814FFFFFF0000290000FFFFFF
2026-04-16 18:35:25.535,"[{""Protocol"":""0x2525"",""MessageType"":""LocationInfoMessage"",""ProtocolHeadType"":19,""Imei"":""869487064485674"",""SerialNo"":26237,""Mileage"":5257527,""Date"":""2026-04-16T18:35:57Z"",""IopIgnition"":true,""Latitude"":4.7446637153625488,""Longitude"":-74.093826293945313,""Altitude"":2577.60009765625,""ExternalPowerVoltage"":28.19,""Rpm"":-999,""Speed"":55.0,""SatelliteNumber"":17,""Azimuth"":127,""BatteryLevel"":100}]",0x2525130059667D0869487064485674003C38402D000000645100000007000061000000FFFFFFFFFFFFFFFFFFFF00D500503937002604161835579A1921450A3094C249D497400550007F03912819FFFFFF0000250000FFFFFF
2026-04-16 18:36:25.471,"[{""Protocol"":""0x2525"",""MessageType"":""LocationInfoMessage"",""ProtocolHeadType"":19,""Imei"":""869487064485674"",""SerialNo"":26238,""Mileage"":5257635,""Date"":""2026-04-16T18:36:56Z"",""IopIgnition"":true,""Latitude"":4.7440676689147949,""Longitude"":-74.093063354492188,""Altitude"":2578.0,""ExternalPowerVoltage"":27.99,""Rpm"":-999,""Speed"":0.0,""SatelliteNumber"":19,""Azimuth"":125,""BatteryLevel"":100}]",0x2525130059667E0869487064485674003C38402D000000605300000007000061000000FFFFFFFFFFFFFFFFFFFF00D5005039A30026041618365600202145A62F94C267CF97400000007D03922799FFFFFF0000240000FFFFFF
2026-04-16 18:37:25.288,"[{""Protocol"":""0x2525"",""MessageType"":""LocationInfoMessage"",""ProtocolHeadType"":19,""Imei"":""869487064485674"",""SerialNo"":26239,""Mileage"":5257635,""Date"":""2026-04-16T18:37:56Z"",""IopIgnition"":true,""Latitude"":4.7440676689147949,""Longitude"":-74.093063354492188,""Altitude"":2578.0,""ExternalPowerVoltage"":28.09,""Rpm"":-999,""Speed"":0.0,""SatelliteNumber"":19,""Azimuth"":125,""BatteryLevel"":100}]",0x2525130059667F0869487064485674003C38402D000000645300000007000061000000FFFFFFFFFFFFFFFFFFFF00D5005039A30026041618375600202145A62F94C267CF97400000007D03912809FFFFFF0000240000FFFFFF
2026-04-16 18:38:26.094,"[{""Protocol"":""0x2525"",""MessageType"":""LocationInfoMessage"",""ProtocolHeadType"":19,""Imei"":""869487064485674"",""SerialNo"":26240,""Mileage"":5257885,""Date"":""2026-04-16T18:38:57Z"",""IopIgnition"":true,""Latitude"":4.7426853179931641,""Longitude"":-74.091293334960938,""Altitude"":2578.300048828125,""ExternalPowerVoltage"":28.17,""Rpm"":-999,""Speed"":41.0,""SatelliteNumber"":15,""Azimuth"":131,""BatteryLevel"":100}]",0x252513005966800869487064485674003C38402D000000594F00000007000061000000FFFFFFFFFFFFFFFFFFFF00D500503A9D00260416183857CD242145BE2E94C214C497400410008303912817FFFFFF0000250000FFFFFF
2026-04-16 18:39:25.900,"[{""Protocol"":""0x2525"",""MessageType"":""LocationInfoMessage"",""ProtocolHeadType"":19,""Imei"":""869487064485674"",""SerialNo"":26241,""Mileage"":5258205,""Date"":""2026-04-16T18:39:57Z"",""IopIgnition"":true,""Latitude"":4.7409424781799316,""Longitude"":-74.08905029296875,""Altitude"":2575.199951171875,""ExternalPowerVoltage"":28.16,""Rpm"":-999,""Speed"":17.0,""SatelliteNumber"":18,""Azimuth"":134,""BatteryLevel"":100}]",0x252513005966810869487064485674003C38402D000000645200000007000061000000FFFFFFFFFFFFFFFFFFFF00D500503BDD0026041618395733F32045982D94C2CDB597400170008603922816FFFFFF0000250000FFFFFF
2026-04-16 18:40:25.720,"[{""Protocol"":""0x2525"",""MessageType"":""LocationInfoMessage"",""ProtocolHeadType"":19,""Imei"":""869487064485674"",""SerialNo"":26242,""Mileage"":5258598,""Date"":""2026-04-16T18:40:57Z"",""IopIgnition"":true,""Latitude"":4.7384305000305176,""Longitude"":-74.086563110351563,""Altitude"":2579.300048828125,""ExternalPowerVoltage"":28.12,""Rpm"":-999,""Speed"":0.0,""SatelliteNumber"":18,""Azimuth"":128,""BatteryLevel"":100}]",0x252513005966820869487064485674003C38402D000000645200000007000061000000FFFFFFFFFFFFFFFFFFFF00D500503D6600260416184057CD342145522C94C239A197400000008003922812FFFFFF0000240000FFFFFF
2026-04-16 18:41:25.510,"[{""Protocol"":""0x2525"",""MessageType"":""LocationInfoMessage"",""ProtocolHeadType"":19,""Imei"":""869487064485674"",""SerialNo"":26243,""Mileage"":5258788,""Date"":""2026-04-16T18:41:57Z"",""IopIgnition"":true,""Latitude"":4.7378025054931641,""Longitude"":-74.084991455078125,""Altitude"":2582.10009765625,""ExternalPowerVoltage"":28.16,""Rpm"":-999,""Speed"":28.0,""SatelliteNumber"":19,""Azimuth"":107,""BatteryLevel"":100}]",0x252513005966830869487064485674003C38402D000000645300000007000061000000FFFFFFFFFFFFFFFFFFFF00D500503E24002604161841579A612145842B94C2149C97400280006B03922816FFFFFF0000240000FFFFFF
2026-04-16 18:42:25.306,"[{""Protocol"":""0x2525"",""MessageType"":""LocationInfoMessage"",""ProtocolHeadType"":19,""Imei"":""869487064485674"",""SerialNo"":26244,""Mileage"":5259460,""Date"":""2026-04-16T18:42:56Z"",""IopIgnition"":true,""Latitude"":4.7347049713134766,""Longitude"":-74.0799789428711,""Altitude"":2610.0,""ExternalPowerVoltage"":28.19,""Rpm"":-999,""Speed"":50.0,""SatelliteNumber"":19,""Azimuth"":128,""BatteryLevel"":100}]",0x252513005966840869487064485674003C38402D000000645300000007000061000000FFFFFFFFFFFFFFFFFFFF00D5005040C40026041618425600202345F32894C2B48297400500008003912819FFFFFF0000240000FFFFFF
2026-04-16 18:43:26.081,"[{""Protocol"":""0x2525"",""MessageType"":""LocationInfoMessage"",""ProtocolHeadType"":19,""Imei"":""869487064485674"",""SerialNo"":26245,""Mileage"":5260073,""Date"":""2026-04-16T18:43:57Z"",""IopIgnition"":true,""Latitude"":4.732323169708252,""Longitude"":-74.075202941894531,""Altitude"":2612.89990234375,""ExternalPowerVoltage"":28.12,""Rpm"":-999,""Speed"":33.0,""SatelliteNumber"":19,""Azimuth"":149,""BatteryLevel"":100}]",0x252513005966850869487064485674003C38402D000000645300000007000061000000FFFFFFFFFFFFFFFFFFFF00D50050432900260416184357664E2345812694C2316F97400330009503912812FFFFFF0000240000FFFFFF
2026-04-16 18:44:25.886,"[{""Protocol"":""0x2525"",""MessageType"":""LocationInfoMessage"",""ProtocolHeadType"":19,""Imei"":""869487064485674"",""SerialNo"":26246,""Mileage"":5260811,""Date"":""2026-04-16T18:44:57Z"",""IopIgnition"":true,""Latitude"":4.725745677947998,""Longitude"":-74.074874877929688,""Altitude"":2598.39990234375,""ExternalPowerVoltage"":28.12,""Rpm"":-999,""Speed"":35.0,""SatelliteNumber"":19,""Azimuth"":181,""BatteryLevel"":100}]",0x252513005966860869487064485674003C38402D000000645300000007000061000000FFFFFFFFFFFFFFFFFFFF00D50050460B0026041618445766662245562694C24F399740035000B503912812FFFFFF0000240000FFFFFF
2026-04-16 18:45:25.687,"[{""Protocol"":""0x2525"",""MessageType"":""LocationInfoMessage"",""ProtocolHeadType"":19,""Imei"":""869487064485674"",""SerialNo"":26247,""Mileage"":5261571,""Date"":""2026-04-16T18:45:57Z"",""IopIgnition"":true,""Latitude"":4.7191267013549805,""Longitude"":-74.074089050292969,""Altitude"":2577.800048828125,""ExternalPowerVoltage"":28.19,""Rpm"":-999,""Speed"":43.0,""SatelliteNumber"":20,""Azimuth"":156,""BatteryLevel"":100}]",0x252513005966870869487064485674003C38402D000000595400000007000061000000FFFFFFFFFFFFFFFFFFFF00D50050490300260416184557CD1C2145EF2594C2160397400430009C03912819FFFFFF0000240000FFFFFF
2026-04-16 18:46:25.493,"[{""Protocol"":""0x2525"",""MessageType"":""LocationInfoMessage"",""ProtocolHeadType"":19,""Imei"":""869487064485674"",""SerialNo"":26248,""Mileage"":5262197,""Date"":""2026-04-16T18:46:57Z"",""IopIgnition"":true,""Latitude"":4.7136554718017578,""Longitude"":-74.072761535644531,""Altitude"":2576.0,""ExternalPowerVoltage"":27.98,""Rpm"":-999,""Speed"":10.0,""SatelliteNumber"":19,""Azimuth"":164,""BatteryLevel"":100}]",0x252513005966880869487064485674003C38402D0000005D5300000007000061000000FFFFFFFFFFFFFFFFFFFF00D500504B750026041618465700002145412594C244D69640010000A403912798FFFFFF0000240000FFFFFF
2026-04-16 18:47:25.291,"[{""Protocol"":""0x2525"",""MessageType"":""LocationInfoMessage"",""ProtocolHeadType"":19,""Imei"":""869487064485674"",""SerialNo"":26249,""Mileage"":5262403,""Date"":""2026-04-16T18:47:56Z"",""IopIgnition"":true,""Latitude"":4.7118463516235352,""Longitude"":-74.072380065917969,""Altitude"":2573.5,""ExternalPowerVoltage"":27.97,""Rpm"":-999,""Speed"":0.0,""SatelliteNumber"":19,""Azimuth"":167,""BatteryLevel"":100}]",0x252513005966890869487064485674003C38402D000000645300000007000061000000FFFFFFFFFFFFFFFFFFFF00D500504C430026041618475600D820450F2594C272C79640000000A703912797FFFFFF0000240000FFFFFF
2026-04-16 18:48:26.088,"[{""Protocol"":""0x2525"",""MessageType"":""LocationInfoMessage"",""ProtocolHeadType"":19,""Imei"":""869487064485674"",""SerialNo"":26250,""Mileage"":5262420,""Date"":""2026-04-16T18:48:57Z"",""IopIgnition"":true,""Latitude"":4.7116994857788086,""Longitude"":-74.072349548339844,""Altitude"":2574.699951171875,""ExternalPowerVoltage"":28.14,""Rpm"":-999,""Speed"":13.0,""SatelliteNumber"":18,""Azimuth"":167,""BatteryLevel"":100}]",0x2525130059668A0869487064485674003C38402D000000645200000007000061000000FFFFFFFFFFFFFFFFFFFF00D500504C540026041618485733EB20450B2594C23EC69640013000A703912814FFFFFF0000240000FFFFFF
2026-04-16 18:49:25.897,"[{""Protocol"":""0x2525"",""MessageType"":""LocationInfoMessage"",""ProtocolHeadType"":19,""Imei"":""869487064485674"",""SerialNo"":26251,""Mileage"":5262989,""Date"":""2026-04-16T18:49:57Z"",""IopIgnition"":true,""Latitude"":4.7067098617553711,""Longitude"":-74.071258544921875,""Altitude"":2571.60009765625,""ExternalPowerVoltage"":28.12,""Rpm"":-999,""Speed"":21.0,""SatelliteNumber"":17,""Azimuth"":166,""BatteryLevel"":100}]",0x2525130059668B0869487064485674003C38402D000000645100000007000061000000FFFFFFFFFFFFFFFFFFFF00D500504E8D002604161849579AB920457C2494C25E9D9640021000A603922812FFFFFF0000240000FFFFFF
2026-04-16 18:50:25.699,"[{""Protocol"":""0x2525"",""MessageType"":""LocationInfoMessage"",""ProtocolHeadType"":19,""Imei"":""869487064485674"",""SerialNo"":26252,""Mileage"":5263003,""Date"":""2026-04-16T18:50:57Z"",""IopIgnition"":true,""Latitude"":4.7065834999084473,""Longitude"":-74.07122802734375,""Altitude"":2572.60009765625,""ExternalPowerVoltage"":28.16,""Rpm"":-999,""Speed"":0.0,""SatelliteNumber"":18,""Azimuth"":169,""BatteryLevel"":100}]",0x2525130059668C0869487064485674003C38402D000000645200000007000061000000FFFFFFFFFFFFFFFFFFFF00D500504E9B002604161850579AC92045782494C2559C9640000000A903912816FFFFFF0000230000FFFFFF
2026-04-16 18:51:25.498,"[{""Protocol"":""0x2525"",""MessageType"":""LocationInfoMessage"",""ProtocolHeadType"":19,""Imei"":""869487064485674"",""SerialNo"":26253,""Mileage"":5263675,""Date"":""2026-04-16T18:51:57Z"",""IopIgnition"":true,""Latitude"":4.7006211280822754,""Longitude"":-74.070388793945313,""Altitude"":2562.300048828125,""ExternalPowerVoltage"":28.03,""Rpm"":-999,""Speed"":5.0,""SatelliteNumber"":18,""Azimuth"":156,""BatteryLevel"":100}]",0x2525130059668D0869487064485674003C38402D000000565200000007000061000000FFFFFFFFFFFFFFFFFFFF00D50050513B00260416185157CD2420450A2494C27D6B96400050009C03922803FFFFFF0000230000FFFFFF
2026-04-16 18:52:25.280,"[{""Protocol"":""0x2525"",""MessageType"":""LocationInfoMessage"",""ProtocolHeadType"":19,""Imei"":""869487064485674"",""SerialNo"":26254,""Mileage"":5263934,""Date"":""2026-04-16T18:52:56Z"",""IopIgnition"":true,""Latitude"":4.6983852386474609,""Longitude"":-74.069770812988281,""Altitude"":2566.89990234375,""ExternalPowerVoltage"":28.14,""Rpm"":-999,""Speed"":17.0,""SatelliteNumber"":18,""Azimuth"":191,""BatteryLevel"":100}]",0x2525130059668E0869487064485674003C38402D000000645200000007000061000000FFFFFFFFFFFFFFFFFFFF00D50050523E00260416185256666E2045B92394C22C599640017000BF03922814FFFFFF0000230000FFFFFF
2026-04-16 18:52:34.514,"[{""Protocol"":""0x2525"",""MessageType"":""LocationInfoMessage"",""ProtocolHeadType"":19,""Imei"":""869487064485674"",""SerialNo"":26255,""Mileage"":5264001,""Date"":""2026-04-16T18:53:06Z"",""IopIgnition"":true,""Latitude"":4.6980056762695313,""Longitude"":-74.070220947265625,""Altitude"":2568.300048828125,""ExternalPowerVoltage"":28.13,""Rpm"":-999,""Speed"":34.0,""SatelliteNumber"":17,""Azimuth"":239,""BatteryLevel"":100}]",0x2525130059668F0869487064485674003C38402D000000645100000007000061000000FFFFFFFFFFFFFFFFFFFF00D50050528100260416185306CD842045F42394C210569640034000EF03912813FFFFFF0000250000FFFFFF
2026-04-16 18:54:25.437,"[{""Protocol"":""0x2525"",""MessageType"":""LocationInfoMessage"",""ProtocolHeadType"":19,""Imei"":""869487064485674"",""SerialNo"":26256,""Mileage"":5264472,""Date"":""2026-04-16T18:54:57Z"",""IopIgnition"":true,""Latitude"":4.6954936981201172,""Longitude"":-74.073638916015625,""Altitude"":2578.800048828125,""ExternalPowerVoltage"":28.17,""Rpm"":-999,""Speed"":26.0,""SatelliteNumber"":19,""Azimuth"":233,""BatteryLevel"":100}]",0x252513005966900869487064485674003C38402D0000005D5300000007000061000000FFFFFFFFFFFFFFFFFFFF00D50050545800260416185457CD2C2145B42594C27C419640026000E903912817FFFFFF0000230000FFFFFF
2026-04-16 18:55:25.252,"[{""Protocol"":""0x2525"",""MessageType"":""LocationInfoMessage"",""ProtocolHeadType"":19,""Imei"":""869487064485674"",""SerialNo"":26257,""Mileage"":5264725,""Date"":""2026-04-16T18:55:56Z"",""IopIgnition"":true,""Latitude"":4.6941499710083008,""Longitude"":-74.075477600097656,""Altitude"":2581.39990234375,""ExternalPowerVoltage"":27.94,""Rpm"":-999,""Speed"":0.0,""SatelliteNumber"":19,""Azimuth"":234,""BatteryLevel"":100}]",0x252513005966910869487064485674003C38402D000000645300000007000061000000FFFFFFFFFFFFFFFFFFFF00D5005055550026041618555666562145A52694C27A369640000000EA03922794FFFFFF0000230000FFFFFF
2026-04-16 18:56:26.080,"[{""Protocol"":""0x2525"",""MessageType"":""LocationInfoMessage"",""ProtocolHeadType"":19,""Imei"":""869487064485674"",""SerialNo"":26258,""Mileage"":5265193,""Date"":""2026-04-16T18:56:57Z"",""IopIgnition"":true,""Latitude"":4.691652774810791,""Longitude"":-74.078865051269531,""Altitude"":2579.300048828125,""ExternalPowerVoltage"":28.12,""Rpm"":-999,""Speed"":25.0,""SatelliteNumber"":19,""Azimuth"":233,""BatteryLevel"":100}]",0x252513005966920869487064485674003C38402D000000605300000007000061000000FFFFFFFFFFFFFFFFFFFF00D50050572900260416185657CD342145612894C205229640025000E903922812FFFFFF0000230000FFFFFF
2026-04-16 18:56:51.608,"[{""Protocol"":""0x2525"",""MessageType"":""LocationInfoMessage"",""ProtocolHeadType"":19,""Imei"":""869487064485674"",""SerialNo"":26259,""Mileage"":5265292,""Date"":""2026-04-16T18:57:23Z"",""IopIgnition"":true,""Latitude"":4.6911287307739258,""Longitude"":-74.0795669555664,""Altitude"":2575.199951171875,""ExternalPowerVoltage"":28.09,""Rpm"":-999,""Speed"":13.0,""SatelliteNumber"":18,""Azimuth"":179,""BatteryLevel"":100}]",0x252513005966930869487064485674003C38402D000000645200000007000061000000FFFFFFFFFFFFFFFFFFFF00D50050578C0026041618572333F32045BD2894C2BA1D9640013000B303922809FFFFFF0000230000FFFFFF
2026-04-16 18:57:33.627,"[{""Protocol"":""0x2525"",""MessageType"":""LocationInfoMessage"",""ProtocolHeadType"":19,""Imei"":""869487064485674"",""SerialNo"":26260,""Mileage"":5265589,""Date"":""2026-04-16T18:58:05Z"",""IopIgnition"":true,""Latitude"":4.6889524459838867,""Longitude"":-74.078140258789063,""Altitude"":2566.60009765625,""ExternalPowerVoltage"":28.08,""Rpm"":-999,""Speed"":14.0,""SatelliteNumber"":19,""Azimuth"":240,""BatteryLevel"":100}]",0x252513005966940869487064485674003C38402D000000595300000007000061000000FFFFFFFFFFFFFFFFFFFF00D5005058B5002604161858059A692045022894C2E60B9640014000F003912808FFFFFF0000230000FFFFFF
2026-04-16 18:58:12.619,"[{""Protocol"":""0x2525"",""MessageType"":""LocationAlarmMessage"",""ProtocolHeadType"":20,""Imei"":""869487064485674"",""SerialNo"":997,""Mileage"":5265691,""Date"":""2026-04-16T18:58:44Z"",""IopIgnition"":false,""Latitude"":4.688450813293457,""Longitude"":-74.078903198242188,""Altitude"":2566.89990234375,""ExternalPowerVoltage"":27.8,""Rpm"":-999,""Speed"":0.0,""SatelliteNumber"":18,""Azimuth"":233,""OriginalAlarmCode"":23}]",0x252514005903E50869487064485674003C38402D000000595200000007000020000000FFFFFFFFFFFFFFFFFFFF17D50050591B00260416185844666E2045662894C2CA079640000000E903912780FFFFFF0000240000FFFFFF
2026-04-16 19:29:17.553,"[{""Protocol"":""0x2525"",""MessageType"":""SignInMessage"",""ProtocolHeadType"":0,""Imei"":""869487064485674"",""SerialNo"":263,""Firmware"":""V1.0.1.8"",""Model"":0,""ObdBootVersion"":null,""ObdDataVersion"":null,""ObdHareware"":null,""ObdSoftware"":null,""Platform"":null,""Software"":""V0.0.0""}]",0x2525010017010708694870644856740000030502101812
2026-04-16 19:29:17.737,"[{""Protocol"":""0x2525"",""MessageType"":""NetworkInfoMessage"",""ProtocolHeadType"":0,""Imei"":""869487064485674"",""SerialNo"":243,""AccessTechnology"":""CAT-1"",""Band"":""CAT-1 5"",""Date"":""2026-04-16T19:29:49Z"",""Iccid"":""89571017025023250790"",""Imsi"":""732101725325077"",""NetworkOperator"":""LaSeleNosLlama""}]",0x252511006500F308694870644856742604161929491C4C006100530065006C0065004E006F0073004C006C0061006D006100054341542D31074341542D3120350F373332313031373235333235303737143839353731303137303235303233323530373930
2026-04-16 19:38:47.471,"[{""Protocol"":""0x2525"",""MessageType"":""LocationAlarmMessage"",""ProtocolHeadType"":20,""Imei"":""869487064485674"",""SerialNo"":998,""Mileage"":5265691,""Date"":""2026-04-16T19:39:22Z"",""IopIgnition"":true,""Latitude"":4.688450813293457,""Longitude"":-74.078903198242188,""Altitude"":2566.89990234375,""ExternalPowerVoltage"":25.62,""Rpm"":-999,""Speed"":0.0,""SatelliteNumber"":18,""Azimuth"":233,""OriginalAlarmCode"":22}]",0x252514005903E60869487064485674003C38402D000000605200000007000061000000FFFFFFFFFFFFFFFFFFFF16D50050591B00260416193922666E2045662894C2CA079640000000E903922562FFFFFF0000220000FFFFFF
2026-04-16 19:39:29.623,"[{""Protocol"":""0x2525"",""MessageType"":""LocationInfoMessage"",""ProtocolHeadType"":19,""Imei"":""869487064485674"",""SerialNo"":26261,""Mileage"":5265714,""Date"":""2026-04-16T19:40:05Z"",""IopIgnition"":true,""Latitude"":4.6882739067077637,""Longitude"":-74.078941345214844,""Altitude"":2568.5,""ExternalPowerVoltage"":27.93,""Rpm"":-999,""Speed"":7.0,""SatelliteNumber"":17,""Azimuth"":146,""BatteryLevel"":100}]",0x252513005966950869487064485674003C38402D000000605100000007000061000000FFFFFFFFFFFFFFFFFFFF00D50050593200260416194005008820456B2894C2570696400070009203922793FFFFFF0000220000FFFFFF
2026-04-16 19:40:27.647,"[{""Protocol"":""0x2525"",""MessageType"":""LocationInfoMessage"",""ProtocolHeadType"":19,""Imei"":""869487064485674"",""SerialNo"":26262,""Mileage"":5265897,""Date"":""2026-04-16T19:41:03Z"",""IopIgnition"":true,""Latitude"":4.6869935989379883,""Longitude"":-74.077926635742188,""Altitude"":2564.10009765625,""ExternalPowerVoltage"":28.13,""Rpm"":-999,""Speed"":6.0,""SatelliteNumber"":17,""Azimuth"":92,""BatteryLevel"":100}]",0x252513005966960869487064485674003C38402D000000645100000007000061000000FFFFFFFFFFFFFFFFFFFF00D5005059E9002604161941039A412045E62794C2DAFB95400060005C03922813FFFFFF0000220000FFFFFF
2026-04-16 19:41:05.276,"[{""Protocol"":""0x2525"",""MessageType"":""LocationAlarmMessage"",""ProtocolHeadType"":20,""Imei"":""869487064485674"",""SerialNo"":999,""Mileage"":5265967,""Date"":""2026-04-16T19:41:40Z"",""IopIgnition"":false,""Latitude"":4.6873650550842285,""Longitude"":-74.0774154663086,""Altitude"":2563.0,""ExternalPowerVoltage"":27.91,""Rpm"":-999,""Speed"":0.0,""SatelliteNumber"":17,""Azimuth"":62,""OriginalAlarmCode"":23}]",0x252514005903E70869487064485674003C38402D000000565100000007000020000000FFFFFFFFFFFFFFFFFFFF17D500505A2F0026041619414000302045A32794C2E5FE95400000003E03922791FFFFFF0000220000FFFFFF
2026-04-16 20:34:32.969,"[{""Protocol"":""0x2525"",""MessageType"":""LocationAlarmMessage"",""ProtocolHeadType"":20,""Imei"":""869487064485674"",""SerialNo"":1000,""Mileage"":5265967,""Date"":""2026-04-16T20:35:04Z"",""IopIgnition"":true,""Latitude"":4.6873650550842285,""Longitude"":-74.0774154663086,""Altitude"":2563.0,""ExternalPowerVoltage"":25.46,""Rpm"":-999,""Speed"":0.0,""SatelliteNumber"":15,""Azimuth"":62,""OriginalAlarmCode"":22}]",0x252514005903E80869487064485674003C38402D000000564F00000007000061000000FFFFFFFFFFFFFFFFFFFF16D500505A2F0026041620350400302045A32794C2E5FE95400000003E03922546FFFFFF0000200000FFFFFF
2026-04-16 20:35:33.774,"[{""Protocol"":""0x2525"",""MessageType"":""LocationInfoMessage"",""ProtocolHeadType"":19,""Imei"":""869487064485674"",""SerialNo"":26263,""Mileage"":5265967,""Date"":""2026-04-16T20:36:05Z"",""IopIgnition"":true,""Latitude"":4.6873650550842285,""Longitude"":-74.0774154663086,""Altitude"":2563.0,""ExternalPowerVoltage"":27.94,""Rpm"":-999,""Speed"":0.0,""SatelliteNumber"":16,""Azimuth"":62,""BatteryLevel"":100}]",0x252513005966970869487064485674003C38402D0000005D5000000007000061000000FFFFFFFFFFFFFFFFFFFF00D500505A2F0026041620360500302045A32794C2E5FE95400000003E03922794FFFFFF0000200000FFFFFF
2026-04-16 20:36:33.546,"[{""Protocol"":""0x2525"",""MessageType"":""LocationInfoMessage"",""ProtocolHeadType"":19,""Imei"":""869487064485674"",""SerialNo"":26264,""Mileage"":5265967,""Date"":""2026-04-16T20:37:05Z"",""IopIgnition"":true,""Latitude"":4.6873650550842285,""Longitude"":-74.0774154663086,""Altitude"":2563.0,""ExternalPowerVoltage"":28.04,""Rpm"":-999,""Speed"":0.0,""SatelliteNumber"":14,""Azimuth"":62,""BatteryLevel"":100}]",0x252513005966980869487064485674003C38402D0000005D4E00000007000061000000FFFFFFFFFFFFFFFFFFFF00D500505A2F0026041620370500302045A32794C2E5FE95400000003E03922804FFFFFF0000200000FFFFFF
2026-04-16 20:37:33.377,"[{""Protocol"":""0x2525"",""MessageType"":""LocationInfoMessage"",""ProtocolHeadType"":19,""Imei"":""869487064485674"",""SerialNo"":26265,""Mileage"":5265967,""Date"":""2026-04-16T20:38:05Z"",""IopIgnition"":true,""Latitude"":4.6873650550842285,""Longitude"":-74.0774154663086,""Altitude"":2563.0,""ExternalPowerVoltage"":28.09,""Rpm"":-999,""Speed"":0.0,""SatelliteNumber"":14,""Azimuth"":62,""BatteryLevel"":100}]",0x252513005966990869487064485674003C38402D0000005D4E00000007000061000000FFFFFFFFFFFFFFFFFFFF00D500505A2F0026041620380500302045A32794C2E5FE95400000003E03922809FFFFFF0000200000FFFFFF
2026-04-16 20:38:33.230,"[{""Protocol"":""0x2525"",""MessageType"":""LocationInfoMessage"",""ProtocolHeadType"":19,""Imei"":""869487064485674"",""SerialNo"":26266,""Mileage"":5265967,""Date"":""2026-04-16T20:39:04Z"",""IopIgnition"":true,""Latitude"":4.6873650550842285,""Longitude"":-74.0774154663086,""Altitude"":2563.0,""ExternalPowerVoltage"":28.06,""Rpm"":-999,""Speed"":0.0,""SatelliteNumber"":18,""Azimuth"":62,""BatteryLevel"":100}]",0x2525130059669A0869487064485674003C38402D0000005D5200000007000061000000FFFFFFFFFFFFFFFFFFFF00D500505A2F0026041620390400302045A32794C2E5FE95400000003E03922806FFFFFF0000200000FFFFFF
2026-04-16 20:39:34.048,"[{""Protocol"":""0x2525"",""MessageType"":""LocationInfoMessage"",""ProtocolHeadType"":19,""Imei"":""869487064485674"",""SerialNo"":26267,""Mileage"":5265967,""Date"":""2026-04-16T20:40:05Z"",""IopIgnition"":true,""Latitude"":4.6873650550842285,""Longitude"":-74.0774154663086,""Altitude"":2563.0,""ExternalPowerVoltage"":27.94,""Rpm"":-999,""Speed"":0.0,""SatelliteNumber"":16,""Azimuth"":62,""BatteryLevel"":100}]",0x2525130059669B0869487064485674003C38402D000000595000000007000061000000FFFFFFFFFFFFFFFFFFFF00D500505A2F0026041620400500302045A32794C2E5FE95400000003E03922794FFFFFF0000200000FFFFFF
2026-04-16 20:40:33.838,"[{""Protocol"":""0x2525"",""MessageType"":""LocationInfoMessage"",""ProtocolHeadType"":19,""Imei"":""869487064485674"",""SerialNo"":26268,""Mileage"":5265967,""Date"":""2026-04-16T20:41:05Z"",""IopIgnition"":true,""Latitude"":4.6873650550842285,""Longitude"":-74.0774154663086,""Altitude"":2563.0,""ExternalPowerVoltage"":28.02,""Rpm"":-999,""Speed"":0.0,""SatelliteNumber"":16,""Azimuth"":62,""BatteryLevel"":100}]",0x2525130059669C0869487064485674003C38402D000000595000000007000061000000FFFFFFFFFFFFFFFFFFFF00D500505A2F0026041620410500302045A32794C2E5FE95400000003E03922802FFFFFF0000200000FFFFFF
2026-04-16 20:41:33.683,"[{""Protocol"":""0x2525"",""MessageType"":""LocationInfoMessage"",""ProtocolHeadType"":19,""Imei"":""869487064485674"",""SerialNo"":26269,""Mileage"":5265967,""Date"":""2026-04-16T20:42:05Z"",""IopIgnition"":true,""Latitude"":4.6873650550842285,""Longitude"":-74.0774154663086,""Altitude"":2563.0,""ExternalPowerVoltage"":28.0,""Rpm"":-999,""Speed"":0.0,""SatelliteNumber"":18,""Azimuth"":62,""BatteryLevel"":100}]",0x2525130059669D0869487064485674003C38402D000000565200000007000061000000FFFFFFFFFFFFFFFFFFFF00D500505A2F0026041620420500302045A32794C2E5FE95400000003E03922800FFFFFF0000200000FFFFFF
2026-04-16 20:42:33.468,"[{""Protocol"":""0x2525"",""MessageType"":""LocationInfoMessage"",""ProtocolHeadType"":19,""Imei"":""869487064485674"",""SerialNo"":26270,""Mileage"":5265967,""Date"":""2026-04-16T20:43:05Z"",""IopIgnition"":true,""Latitude"":4.6873650550842285,""Longitude"":-74.0774154663086,""Altitude"":2563.0,""ExternalPowerVoltage"":28.01,""Rpm"":-999,""Speed"":0.0,""SatelliteNumber"":17,""Azimuth"":62,""BatteryLevel"":100}]",0x2525130059669E0869487064485674003C38402D000000565100000007000061000000FFFFFFFFFFFFFFFFFFFF00D500505A2F0026041620430500302045A32794C2E5FE95400000003E03922801FFFFFF00001F0000FFFFFF
2026-04-16 20:43:33.243,"[{""Protocol"":""0x2525"",""MessageType"":""LocationInfoMessage"",""ProtocolHeadType"":19,""Imei"":""869487064485674"",""SerialNo"":26271,""Mileage"":5265967,""Date"":""2026-04-16T20:44:04Z"",""IopIgnition"":true,""Latitude"":4.6873650550842285,""Longitude"":-74.0774154663086,""Altitude"":2563.0,""ExternalPowerVoltage"":27.92,""Rpm"":-999,""Speed"":0.0,""SatelliteNumber"":19,""Azimuth"":62,""BatteryLevel"":100}]",0x2525130059669F0869487064485674003C38402D000000595300000007000061000000FFFFFFFFFFFFFFFFFFFF00D500505A2F0026041620440400302045A32794C2E5FE95400000003E03922792FFFFFF00001F0000FFFFFF
2026-04-16 20:44:34.069,"[{""Protocol"":""0x2525"",""MessageType"":""LocationInfoMessage"",""ProtocolHeadType"":19,""Imei"":""869487064485674"",""SerialNo"":26272,""Mileage"":5265967,""Date"":""2026-04-16T20:45:05Z"",""IopIgnition"":true,""Latitude"":4.6873650550842285,""Longitude"":-74.0774154663086,""Altitude"":2563.0,""ExternalPowerVoltage"":28.07,""Rpm"":-999,""Speed"":0.0,""SatelliteNumber"":19,""Azimuth"":62,""BatteryLevel"":100}]",0x252513005966A00869487064485674003C38402D000000595300000007000061000000FFFFFFFFFFFFFFFFFFFF00D500505A2F0026041620450500302045A32794C2E5FE95400000003E03922807FFFFFF0000200000FFFFFF
2026-04-16 20:45:33.868,"[{""Protocol"":""0x2525"",""MessageType"":""LocationInfoMessage"",""ProtocolHeadType"":19,""Imei"":""869487064485674"",""SerialNo"":26273,""Mileage"":5265967,""Date"":""2026-04-16T20:46:05Z"",""IopIgnition"":true,""Latitude"":4.6873650550842285,""Longitude"":-74.0774154663086,""Altitude"":2563.0,""ExternalPowerVoltage"":27.98,""Rpm"":-999,""Speed"":0.0,""SatelliteNumber"":17,""Azimuth"":62,""BatteryLevel"":100}]",0x252513005966A10869487064485674003C38402D000000595100000007000061000000FFFFFFFFFFFFFFFFFFFF00D500505A2F0026041620460500302045A32794C2E5FE95400000003E03922798FFFFFF0000200000FFFFFF
2026-04-16 20:45:59.635,"[{""Protocol"":""0x2525"",""MessageType"":""LocationInfoMessage"",""ProtocolHeadType"":19,""Imei"":""869487064485674"",""SerialNo"":26274,""Mileage"":5266021,""Date"":""2026-04-16T20:46:31Z"",""IopIgnition"":true,""Latitude"":4.6876816749572754,""Longitude"":-74.0770492553711,""Altitude"":2572.800048828125,""ExternalPowerVoltage"":27.86,""Rpm"":-999,""Speed"":8.0,""SatelliteNumber"":18,""Azimuth"":341,""BatteryLevel"":100}]",0x252513005966A20869487064485674003C38402D0000005D5200000007000061000000FFFFFFFFFFFFFFFFFFFF00D500505A6500260416204631CDCC2045732794C27D0196400080015503922786FFFFFF0000200000FFFFFF
2026-04-16 20:47:07.579,"[{""Protocol"":""0x2525"",""MessageType"":""LocationInfoMessage"",""ProtocolHeadType"":19,""Imei"":""869487064485674"",""SerialNo"":26275,""Mileage"":5266498,""Date"":""2026-04-16T20:47:39Z"",""IopIgnition"":true,""Latitude"":4.6911773681640625,""Longitude"":-74.079475402832031,""Altitude"":2567.5,""ExternalPowerVoltage"":28.06,""Rpm"":-999,""Speed"":15.0,""SatelliteNumber"":18,""Azimuth"":32,""BatteryLevel"":100}]",0x252513005966A30869487064485674003C38402D000000605200000007000061000000FFFFFFFFFFFFFFFFFFFF00D500505C420026041620473900782045B12894C2201E96400150002003912806FFFFFF0000200000FFFFFF
2026-04-16 20:48:33.370,"[{""Protocol"":""0x2525"",""MessageType"":""LocationInfoMessage"",""ProtocolHeadType"":19,""Imei"":""869487064485674"",""SerialNo"":26276,""Mileage"":5267049,""Date"":""2026-04-16T20:49:05Z"",""IopIgnition"":true,""Latitude"":4.6940517425537109,""Longitude"":-74.075447082519531,""Altitude"":2582.0,""ExternalPowerVoltage"":28.11,""Rpm"":-999,""Speed"":33.0,""SatelliteNumber"":19,""Azimuth"":53,""BatteryLevel"":100}]",0x252513005966A40869487064485674003C38402D000000605300000007000061000000FFFFFFFFFFFFFFFFFFFF00D500505E690026041620490500602145A12694C2AC3596400330003503922811FFFFFF0000200000FFFFFF
2026-04-16 20:49:33.180,"[{""Protocol"":""0x2525"",""MessageType"":""LocationInfoMessage"",""ProtocolHeadType"":19,""Imei"":""869487064485674"",""SerialNo"":26277,""Mileage"":5267273,""Date"":""2026-04-16T20:50:04Z"",""IopIgnition"":true,""Latitude"":4.6952733993530273,""Longitude"":-74.073844909667969,""Altitude"":2583.0,""ExternalPowerVoltage"":28.02,""Rpm"":-999,""Speed"":0.0,""SatelliteNumber"":18,""Azimuth"":48,""BatteryLevel"":100}]",0x252513005966A50869487064485674003C38402D000000605200000007000061000000FFFFFFFFFFFFFFFFFFFF00D500505F490026041620500400702145CF2594C2AE3F96400000003003922802FFFFFF0000200000FFFFFF
2026-04-16 20:50:34.055,"[{""Protocol"":""0x2525"",""MessageType"":""LocationInfoMessage"",""ProtocolHeadType"":19,""Imei"":""869487064485674"",""SerialNo"":26278,""Mileage"":5267610,""Date"":""2026-04-16T20:51:05Z"",""IopIgnition"":true,""Latitude"":4.6970734596252441,""Longitude"":-74.071395874023438,""Altitude"":2579.5,""ExternalPowerVoltage"":27.9,""Rpm"":-999,""Speed"":6.0,""SatelliteNumber"":18,""Azimuth"":52,""BatteryLevel"":100}]",0x252513005966A60869487064485674003C38402D000000525200000007000061000000FFFFFFFFFFFFFFFFFFFF00D50050609A00260416205105003821458E2494C26D4E96400060003403912790FFFFFF0000210000FFFFFF
2026-04-16 20:51:33.936,"[{""Protocol"":""0x2525"",""MessageType"":""LocationInfoMessage"",""ProtocolHeadType"":19,""Imei"":""869487064485674"",""SerialNo"":26279,""Mileage"":5267747,""Date"":""2026-04-16T20:52:05Z"",""IopIgnition"":true,""Latitude"":4.6977648735046387,""Longitude"":-74.070388793945313,""Altitude"":2583.699951171875,""ExternalPowerVoltage"":27.86,""Rpm"":-999,""Speed"":0.0,""SatelliteNumber"":18,""Azimuth"":55,""BatteryLevel"":100}]",0x252513005966A70869487064485674003C38402D000000595200000007000061000000FFFFFFFFFFFFFFFFFFFF00D50050612300260416205205337B21450A2494C2175496400000003703912786FFFFFF0000200000FFFFFF
2026-04-16 20:52:33.757,"[{""Protocol"":""0x2525"",""MessageType"":""LocationInfoMessage"",""ProtocolHeadType"":19,""Imei"":""869487064485674"",""SerialNo"":26280,""Mileage"":5267780,""Date"":""2026-04-16T20:53:05Z"",""IopIgnition"":true,""Latitude"":4.6979413032531738,""Longitude"":-74.070144653320313,""Altitude"":2583.199951171875,""ExternalPowerVoltage"":28.11,""Rpm"":-999,""Speed"":20.0,""SatelliteNumber"":18,""Azimuth"":52,""BatteryLevel"":100}]",0x252513005966A80869487064485674003C38402D000000645200000007000061000000FFFFFFFFFFFFFFFFFFFF00D5005061440026041620530533732145EA2394C2895596400200003403912811FFFFFF0000200000FFFFFF
2026-04-16 20:52:59.536,"[{""Protocol"":""0x2525"",""MessageType"":""LocationInfoMessage"",""ProtocolHeadType"":19,""Imei"":""869487064485674"",""SerialNo"":26281,""Mileage"":5267882,""Date"":""2026-04-16T20:53:31Z"",""IopIgnition"":true,""Latitude"":4.6985387802124023,""Longitude"":-74.069465637207031,""Altitude"":2581.89990234375,""ExternalPowerVoltage"":27.99,""Rpm"":-999,""Speed"":10.0,""SatelliteNumber"":17,""Azimuth"":359,""BatteryLevel"":100}]",0x252513005966A90869487064485674003C38402D000000645100000007000061000000FFFFFFFFFFFFFFFFFFFF00D5005061AA00260416205331665E2145912394C26E5A96400100016703912799FFFFFF0000230000FFFFFF
2026-04-16 20:54:33.364,"[{""Protocol"":""0x2525"",""MessageType"":""LocationInfoMessage"",""ProtocolHeadType"":19,""Imei"":""869487064485674"",""SerialNo"":26282,""Mileage"":5268560,""Date"":""2026-04-16T20:55:05Z"",""IopIgnition"":true,""Latitude"":4.7044477462768555,""Longitude"":-74.070709228515625,""Altitude"":2574.0,""ExternalPowerVoltage"":28.06,""Rpm"":-999,""Speed"":21.0,""SatelliteNumber"":17,""Azimuth"":357,""BatteryLevel"":100}]",0x252513005966AA0869487064485674003C38402D000000645100000007000061000000FFFFFFFFFFFFFFFFFFFF00D5005064500026041620550500E02045342494C2D68A96400210016503922806FFFFFF0000200000FFFFFF
2026-04-16 20:55:33.202,"[{""Protocol"":""0x2525"",""MessageType"":""LocationInfoMessage"",""ProtocolHeadType"":19,""Imei"":""869487064485674"",""SerialNo"":26283,""Mileage"":5268842,""Date"":""2026-04-16T20:56:04Z"",""IopIgnition"":true,""Latitude"":4.70693302154541,""Longitude"":-74.071128845214844,""Altitude"":2576.300048828125,""ExternalPowerVoltage"":28.02,""Rpm"":-999,""Speed"":0.0,""SatelliteNumber"":18,""Azimuth"":346,""BatteryLevel"":100}]",0x252513005966AB0869487064485674003C38402D000000645200000007000061000000FFFFFFFFFFFFFFFFFFFF00D50050656A00260416205604CD0421456B2494C2329F96400000015A03922802FFFFFF0000200000FFFFFF
2026-04-16 20:56:34.038,"[{""Protocol"":""0x2525"",""MessageType"":""LocationInfoMessage"",""ProtocolHeadType"":19,""Imei"":""869487064485674"",""SerialNo"":26284,""Mileage"":5268953,""Date"":""2026-04-16T20:57:05Z"",""IopIgnition"":true,""Latitude"":4.7078943252563477,""Longitude"":-74.071403503417969,""Altitude"":2577.199951171875,""ExternalPowerVoltage"":27.85,""Rpm"":-999,""Speed"":0.0,""SatelliteNumber"":17,""Azimuth"":343,""BatteryLevel"":100}]",0x252513005966AC0869487064485674003C38402D000000605100000007000061000000FFFFFFFFFFFFFFFFFFFF00D5005065D900260416205705331321458F2494C212A796400000015703912785FFFFFF0000210000FFFFFF
2026-04-16 20:57:33.843,"[{""Protocol"":""0x2525"",""MessageType"":""LocationInfoMessage"",""ProtocolHeadType"":19,""Imei"":""869487064485674"",""SerialNo"":26285,""Mileage"":5268993,""Date"":""2026-04-16T20:58:05Z"",""IopIgnition"":true,""Latitude"":4.7082424163818359,""Longitude"":-74.071479797363281,""Altitude"":2577.10009765625,""ExternalPowerVoltage"":28.11,""Rpm"":-999,""Speed"":21.0,""SatelliteNumber"":19,""Azimuth"":347,""BatteryLevel"":100}]",0x252513005966AD0869487064485674003C38402D000000645300000007000061000000FFFFFFFFFFFFFFFFFFFF00D500506601002604162058059A112145992494C2ECA996400210015B03922811FFFFFF0000200000FFFFFF
2026-04-16 20:58:33.639,"[{""Protocol"":""0x2525"",""MessageType"":""LocationInfoMessage"",""ProtocolHeadType"":19,""Imei"":""869487064485674"",""SerialNo"":26286,""Mileage"":5269054,""Date"":""2026-04-16T20:59:05Z"",""IopIgnition"":true,""Latitude"":4.7087745666503906,""Longitude"":-74.07159423828125,""Altitude"":2576.300048828125,""ExternalPowerVoltage"":27.94,""Rpm"":-999,""Speed"":0.0,""SatelliteNumber"":18,""Azimuth"":348,""BatteryLevel"":100}]",0x252513005966AE0869487064485674003C38402D000000645200000007000061000000FFFFFFFFFFFFFFFFFFFF00D50050663E00260416205905CD042145A82494C248AE96400000015C03922794FFFFFF0000200000FFFFFF
2026-04-16 20:59:33.458,"[{""Protocol"":""0x2525"",""MessageType"":""LocationInfoMessage"",""ProtocolHeadType"":19,""Imei"":""869487064485674"",""SerialNo"":26287,""Mileage"":5269180,""Date"":""2026-04-16T21:00:05Z"",""IopIgnition"":true,""Latitude"":4.709897518157959,""Longitude"":-74.071769714355469,""Altitude"":2571.5,""ExternalPowerVoltage"":27.97,""Rpm"":-999,""Speed"":0.0,""SatelliteNumber"":12,""Azimuth"":351,""BatteryLevel"":100}]",0x252513005966AF0869487064485674003C38402D000000604C00000007000061000000FFFFFFFFFFFFFFFFFFFF00D5005066BC0026041621000500B82045BF2494C27BB796400000015F03912797FFFFFF0000200000FFFFFF
2026-04-16 21:00:33.247,"[{""Protocol"":""0x2525"",""MessageType"":""LocationInfoMessage"",""ProtocolHeadType"":19,""Imei"":""869487064485674"",""SerialNo"":26288,""Mileage"":5269193,""Date"":""2026-04-16T21:01:04Z"",""IopIgnition"":true,""Latitude"":4.7100138664245605,""Longitude"":-74.071762084960938,""Altitude"":2573.199951171875,""ExternalPowerVoltage"":28.11,""Rpm"":-999,""Speed"":18.0,""SatelliteNumber"":11,""Azimuth"":356,""BatteryLevel"":100}]",0x252513005966B00869487064485674003C38402D000000644B00000007000061000000FFFFFFFFFFFFFFFFFFFF00D5005066C90026041621010433D32045BE2494C26FB896400180016403922811FFFFFF0000200001FFFFFF
2026-04-16 21:01:34.030,"[{""Protocol"":""0x2525"",""MessageType"":""LocationInfoMessage"",""ProtocolHeadType"":19,""Imei"":""869487064485674"",""SerialNo"":26289,""Mileage"":5269683,""Date"":""2026-04-16T21:02:05Z"",""IopIgnition"":true,""Latitude"":4.71429443359375,""Longitude"":-74.07275390625,""Altitude"":2573.300048828125,""ExternalPowerVoltage"":28.12,""Rpm"":-999,""Speed"":41.0,""SatelliteNumber"":18,""Azimuth"":345,""BatteryLevel"":100}]",0x252513005966B10869487064485674003C38402D000000605200000007000061000000FFFFFFFFFFFFFFFFFFFF00D5005068B300260416210205CDD42045402594C280DB96400410015903912812FFFFFF0000200000FFFFFF
2026-04-16 21:02:33.833,"[{""Protocol"":""0x2525"",""MessageType"":""LocationInfoMessage"",""ProtocolHeadType"":19,""Imei"":""869487064485674"",""SerialNo"":26290,""Mileage"":5270276,""Date"":""2026-04-16T21:03:05Z"",""IopIgnition"":true,""Latitude"":4.7194528579711914,""Longitude"":-74.074066162109375,""Altitude"":2581.10009765625,""ExternalPowerVoltage"":28.13,""Rpm"":-999,""Speed"":33.0,""SatelliteNumber"":18,""Azimuth"":332,""BatteryLevel"":100}]",0x252513005966B20869487064485674003C38402D000000645200000007000061000000FFFFFFFFFFFFFFFFFFFF00D500506B04002604162103059A512145EC2594C2C20597400330014C03912813FFFFFF0000200000FFFFFF
2026-04-16 21:03:36.037,"[{""Protocol"":""0x2525"",""MessageType"":""LocationInfoMessage"",""ProtocolHeadType"":19,""Imei"":""869487064485674"",""SerialNo"":26291,""Mileage"":5270921,""Date"":""2026-04-16T21:04:05Z"",""IopIgnition"":true,""Latitude"":4.7250890731811523,""Longitude"":-74.074714660644531,""Altitude"":2605.300048828125,""ExternalPowerVoltage"":28.12,""Rpm"":-999,""Speed"":38.0,""SatelliteNumber"":16,""Azimuth"":1,""BatteryLevel"":100}]",0x252513005966B30869487064485674003C38402D0000004B5000000007000061000000FFFFFFFFFFFFFFFFFFFF00D500506D8900260416210405CDD42245412694C2EE3397400380000103922812FFFFFF0000210000FFFFFF
2026-04-16 21:04:33.428,"[{""Protocol"":""0x2525"",""MessageType"":""LocationInfoMessage"",""ProtocolHeadType"":19,""Imei"":""869487064485674"",""SerialNo"":26292,""Mileage"":5271568,""Date"":""2026-04-16T21:05:05Z"",""IopIgnition"":true,""Latitude"":4.73089075088501,""Longitude"":-74.074745178222656,""Altitude"":2610.39990234375,""ExternalPowerVoltage"":28.12,""Rpm"":-999,""Speed"":40.0,""SatelliteNumber"":17,""Azimuth"":349,""BatteryLevel"":100}]",0x252513005966B40869487064485674003C38402D000000565100000007000061000000FFFFFFFFFFFFFFFFFFFF00D5005070100026041621050566262345452694C2756397400400015D03922812FFFFFF0000200000FFFFFF
2026-04-16 21:04:56.543,"[{""Protocol"":""0x2525"",""MessageType"":""LocationInfoMessage"",""ProtocolHeadType"":19,""Imei"":""869487064485674"",""SerialNo"":26293,""Mileage"":5271816,""Date"":""2026-04-16T21:05:28Z"",""IopIgnition"":true,""Latitude"":4.7329516410827637,""Longitude"":-74.075424194335938,""Altitude"":2618.5,""ExternalPowerVoltage"":28.07,""Rpm"":-999,""Speed"":22.0,""SatelliteNumber"":18,""Azimuth"":302,""BatteryLevel"":100}]",0x252513005966B50869487064485674003C38402D000000645200000007000061000000FFFFFFFFFFFFFFFFFFFF00D5005071080026041621052800A823459E2694C2577497400220012E03912807FFFFFF0000200000FFFFFF
2026-04-16 21:06:35.744,"[{""Protocol"":""0x2525"",""MessageType"":""LocationInfoMessage"",""ProtocolHeadType"":19,""Imei"":""869487064485674"",""SerialNo"":26294,""Mileage"":5272683,""Date"":""2026-04-16T21:07:05Z"",""IopIgnition"":true,""Latitude"":4.7366151809692383,""Longitude"":-74.082077026367188,""Altitude"":2613.10009765625,""ExternalPowerVoltage"":28.1,""Rpm"":-999,""Speed"":41.0,""SatelliteNumber"":19,""Azimuth"":323,""BatteryLevel"":100}]",0x252513005966B60869487064485674003C38402D000000605300000007000061000000FFFFFFFFFFFFFFFFFFFF00D50050746B002604162107059A512345062A94C25A9297400410014303912810FFFFFF00001F0000FFFFFF
2026-04-16 21:07:33.332,"[{""Protocol"":""0x2525"",""MessageType"":""LocationInfoMessage"",""ProtocolHeadType"":19,""Imei"":""869487064485674"",""SerialNo"":26295,""Mileage"":5273280,""Date"":""2026-04-16T21:08:04Z"",""IopIgnition"":true,""Latitude"":4.73892068862915,""Longitude"":-74.086799621582031,""Altitude"":2579.10009765625,""ExternalPowerVoltage"":27.93,""Rpm"":-999,""Speed"":0.0,""SatelliteNumber"":17,""Azimuth"":316,""BatteryLevel"":100}]",0x252513005966B70869487064485674003C38402D000000645100000007000061000000FFFFFFFFFFFFFFFFFFFF00D5005076C0002604162108049A312145712C94C23DA597400000013C03922793FFFFFF0000200000FFFFFF
2026-04-16 21:08:34.039,"[{""Protocol"":""0x2525"",""MessageType"":""LocationInfoMessage"",""ProtocolHeadType"":19,""Imei"":""869487064485674"",""SerialNo"":26296,""Mileage"":5273363,""Date"":""2026-04-16T21:09:05Z"",""IopIgnition"":true,""Latitude"":4.739438533782959,""Longitude"":-74.087326049804688,""Altitude"":2577.800048828125,""ExternalPowerVoltage"":27.99,""Rpm"":-999,""Speed"":12.0,""SatelliteNumber"":16,""Azimuth"":308,""BatteryLevel"":100}]",0x252513005966B80869487064485674003C38402D000000645000000007000061000000FFFFFFFFFFFFFFFFFFFF00D50050771300260416210905CD1C2145B62C94C27BA997400120013403912799FFFFFF0000200000FFFFFF
2026-04-16 21:09:33.843,"[{""Protocol"":""0x2525"",""MessageType"":""LocationInfoMessage"",""ProtocolHeadType"":19,""Imei"":""869487064485674"",""SerialNo"":26297,""Mileage"":5273424,""Date"":""2026-04-16T21:10:05Z"",""IopIgnition"":true,""Latitude"":4.73983097076416,""Longitude"":-74.087715148925781,""Altitude"":2580.0,""ExternalPowerVoltage"":28.1,""Rpm"":-999,""Speed"":17.0,""SatelliteNumber"":16,""Azimuth"":315,""BatteryLevel"":100}]",0x252513005966B90869487064485674003C38402D000000645000000007000061000000FFFFFFFFFFFFFFFFFFFF00D5005077500026041621100500402145E92C94C2B2AC97400170013B03912810FFFFFF00001F0000FFFFFF
2026-04-16 21:10:33.653,"[{""Protocol"":""0x2525"",""MessageType"":""LocationInfoMessage"",""ProtocolHeadType"":19,""Imei"":""869487064485674"",""SerialNo"":26298,""Mileage"":5273507,""Date"":""2026-04-16T21:11:05Z"",""IopIgnition"":true,""Latitude"":4.7403578758239746,""Longitude"":-74.088241577148438,""Altitude"":2580.300048828125,""ExternalPowerVoltage"":27.86,""Rpm"":-999,""Speed"":0.0,""SatelliteNumber"":18,""Azimuth"":311,""BatteryLevel"":100}]",0x252513005966BA0869487064485674003C38402D000000645200000007000061000000FFFFFFFFFFFFFFFFFFFF00D5005077A300260416211105CD4421452E2D94C203B197400000013703922786FFFFFF0000200000FFFFFF
2026-04-16 21:11:33.553,"[{""Protocol"":""0x2525"",""MessageType"":""LocationInfoMessage"",""ProtocolHeadType"":19,""Imei"":""869487064485674"",""SerialNo"":26299,""Mileage"":5273686,""Date"":""2026-04-16T21:12:05Z"",""IopIgnition"":true,""Latitude"":4.7414822578430176,""Longitude"":-74.089393615722656,""Altitude"":2578.800048828125,""ExternalPowerVoltage"":28.06,""Rpm"":-999,""Speed"":17.0,""SatelliteNumber"":17,""Azimuth"":302,""BatteryLevel"":100}]",0x252513005966BB0869487064485674003C38402D000000645100000007000061000000FFFFFFFFFFFFFFFFFFFF00D50050785600260416211205CD2C2145C52D94C239BA97400170012E03912806FFFFFF0000200000FFFFFF
2026-04-16 21:12:33.246,"[{""Protocol"":""0x2525"",""MessageType"":""LocationInfoMessage"",""ProtocolHeadType"":19,""Imei"":""869487064485674"",""SerialNo"":26300,""Mileage"":5273716,""Date"":""2026-04-16T21:13:04Z"",""IopIgnition"":true,""Latitude"":4.7416319847106934,""Longitude"":-74.0896224975586,""Altitude"":2578.60009765625,""ExternalPowerVoltage"":27.82,""Rpm"":-999,""Speed"":0.0,""SatelliteNumber"":16,""Azimuth"":307,""BatteryLevel"":100}]",0x252513005966BC0869487064485674003C38402D000000645000000007000061000000FFFFFFFFFFFFFFFFFFFF00D500507874002604162113049A292145E32D94C273BB97400000013303922782FFFFFF00001F0000FFFFFF
2026-04-16 21:13:34.024,"[{""Protocol"":""0x2525"",""MessageType"":""LocationInfoMessage"",""ProtocolHeadType"":19,""Imei"":""869487064485674"",""SerialNo"":26301,""Mileage"":5274102,""Date"":""2026-04-16T21:14:05Z"",""IopIgnition"":true,""Latitude"":4.7437710762023926,""Longitude"":-74.09234619140625,""Altitude"":2576.0,""ExternalPowerVoltage"":28.11,""Rpm"":-999,""Speed"":23.0,""SatelliteNumber"":16,""Azimuth"":305,""BatteryLevel"":100}]",0x252513005966BD0869487064485674003C38402D000000645000000007000061000000FFFFFFFFFFFFFFFFFFFF00D5005079F60026041621140500002145482F94C2F9CC97400230013103912811FFFFFF0000200000FFFFFF
2026-04-16 21:14:33.864,"[{""Protocol"":""0x2525"",""MessageType"":""LocationInfoMessage"",""ProtocolHeadType"":19,""Imei"":""869487064485674"",""SerialNo"":26302,""Mileage"":5274170,""Date"":""2026-04-16T21:15:05Z"",""IopIgnition"":true,""Latitude"":4.7441391944885254,""Longitude"":-74.092842102050781,""Altitude"":2575.39990234375,""ExternalPowerVoltage"":28.07,""Rpm"":-999,""Speed"":0.0,""SatelliteNumber"":17,""Azimuth"":312,""BatteryLevel"":100}]",0x252513005966BE0869487064485674003C38402D000000645100000007000061000000FFFFFFFFFFFFFFFFFFFF00D500507A3A0026041621150566F62045892F94C2FDCF97400000013803912807FFFFFF00001F0000FFFFFF
2026-04-16 21:15:33.938,"[{""Protocol"":""0x2525"",""MessageType"":""LocationInfoMessage"",""ProtocolHeadType"":19,""Imei"":""869487064485674"",""SerialNo"":26303,""Mileage"":5274446,""Date"":""2026-04-16T21:16:05Z"",""IopIgnition"":true,""Latitude"":4.7455897331237793,""Longitude"":-74.094856262207031,""Altitude"":2575.0,""ExternalPowerVoltage"":27.99,""Rpm"":-999,""Speed"":14.0,""SatelliteNumber"":18,""Azimuth"":307,""BatteryLevel"":100}]",0x252513005966BF0869487064485674003C38402D000000645200000007000061000000FFFFFFFFFFFFFFFFFFFF00D500507B4E0026041621160500F02045913094C2DFDB97400140013303912799FFFFFF0000200000FFFFFF
2026-04-16 21:16:33.520,"[{""Protocol"":""0x2525"",""MessageType"":""LocationInfoMessage"",""ProtocolHeadType"":19,""Imei"":""869487064485674"",""SerialNo"":26304,""Mileage"":5274573,""Date"":""2026-04-16T21:17:05Z"",""IopIgnition"":true,""Latitude"":4.7463531494140625,""Longitude"":-74.095703125,""Altitude"":2573.89990234375,""ExternalPowerVoltage"":28.07,""Rpm"":-999,""Speed"":25.0,""SatelliteNumber"":18,""Azimuth"":307,""BatteryLevel"":100}]",0x252513005966C00869487064485674003C38402D000000645200000007000061000000FFFFFFFFFFFFFFFFFFFF00D500507BCD0026041621170566DE2045003194C220E297400250013303912807FFFFFF0000200000FFFFFF
2026-04-16 21:17:33.356,"[{""Protocol"":""0x2525"",""MessageType"":""LocationInfoMessage"",""ProtocolHeadType"":19,""Imei"":""869487064485674"",""SerialNo"":26305,""Mileage"":5275166,""Date"":""2026-04-16T21:18:05Z"",""IopIgnition"":true,""Latitude"":4.749016284942627,""Longitude"":-74.100303649902344,""Altitude"":2573.10009765625,""ExternalPowerVoltage"":28.11,""Rpm"":-999,""Speed"":19.0,""SatelliteNumber"":17,""Azimuth"":295,""BatteryLevel"":100}]",0x252513005966C10869487064485674003C38402D000000605100000007000061000000FFFFFFFFFFFFFFFFFFFF00D500507E1E002604162118059AD120455B3394C2F1F797400190012703912811FFFFFF00001F0000FFFFFF
2026-04-16 21:18:33.186,"[{""Protocol"":""0x2525"",""MessageType"":""LocationInfoMessage"",""ProtocolHeadType"":19,""Imei"":""869487064485674"",""SerialNo"":26306,""Mileage"":5275569,""Date"":""2026-04-16T21:19:04Z"",""IopIgnition"":true,""Latitude"":4.75061559677124,""Longitude"":-74.103561401367188,""Altitude"":2572.60009765625,""ExternalPowerVoltage"":28.05,""Rpm"":-999,""Speed"":14.0,""SatelliteNumber"":16,""Azimuth"":294,""BatteryLevel"":100}]",0x252513005966C20869487064485674003C38402D000000415000000007000061000000FFFFFFFFFFFFFFFFFFFF00D500507FB1002604162119049AC92045063594C20B0598400140012603912805FFFFFF0000200000FFFFFF
2026-04-16 21:18:40.459,"[{""Protocol"":""0x2525"",""MessageType"":""LocationInfoMessage"",""ProtocolHeadType"":19,""Imei"":""869487064485674"",""SerialNo"":26307,""Mileage"":5275584,""Date"":""2026-04-16T21:19:12Z"",""IopIgnition"":true,""Latitude"":4.7506251335144043,""Longitude"":-74.103691101074219,""Altitude"":2573.89990234375,""ExternalPowerVoltage"":27.91,""Rpm"":-999,""Speed"":5.0,""SatelliteNumber"":17,""Azimuth"":226,""BatteryLevel"":100}]",0x252513005966C30869487064485674003C38402D000000415100000007000061000000FFFFFFFFFFFFFFFFFFFF00D500507FC00026041621191266DE2045173594C21F059840005000E203912791FFFFFF0000230000FFFFFF
2026-04-16 21:19:08.790,"[{""Protocol"":""0x2525"",""MessageType"":""LocationInfoMessage"",""ProtocolHeadType"":19,""Imei"":""869487064485674"",""SerialNo"":26308,""Mileage"":5275601,""Date"":""2026-04-16T21:19:40Z"",""IopIgnition"":true,""Latitude"":4.7504839897155762,""Longitude"":-74.103630065917969,""Altitude"":2573.10009765625,""ExternalPowerVoltage"":28.09,""Rpm"":-999,""Speed"":21.0,""SatelliteNumber"":17,""Azimuth"":120,""BatteryLevel"":100}]",0x252513005966C40869487064485674003C38402D000000485100000007000061000000FFFFFFFFFFFFFFFFFFFF00D500507FD1002604162119409AD120450F3594C2F70398400210007803912809FFFFFF0000220000FFFFFF
2026-04-16 21:19:26.525,"[{""Protocol"":""0x2525"",""MessageType"":""LocationInfoMessage"",""ProtocolHeadType"":19,""Imei"":""869487064485674"",""SerialNo"":26309,""Mileage"":5275761,""Date"":""2026-04-16T21:19:58Z"",""IopIgnition"":true,""Latitude"":4.7497491836547852,""Longitude"":-74.102409362792969,""Altitude"":2570.199951171875,""ExternalPowerVoltage"":28.08,""Rpm"":-999,""Speed"":19.0,""SatelliteNumber"":17,""Azimuth"":177,""BatteryLevel"":100}]",0x252513005966C50869487064485674003C38402D0000004B5100000007000061000000FFFFFFFFFFFFFFFFFFFF00D5005080710026041621195833A320456F3494C2F2FD9740019000B103912808FFFFFF0000230000FFFFFF
2026-04-16 21:20:02.530,"[{""Protocol"":""0x2525"",""MessageType"":""LocationInfoMessage"",""ProtocolHeadType"":19,""Imei"":""869487064485674"",""SerialNo"":26310,""Mileage"":5276071,""Date"":""2026-04-16T21:20:34Z"",""IopIgnition"":true,""Latitude"":4.7473549842834473,""Longitude"":-74.103797912597656,""Altitude"":2570.89990234375,""ExternalPowerVoltage"":28.0,""Rpm"":-999,""Speed"":17.0,""SatelliteNumber"":18,""Azimuth"":226,""BatteryLevel"":100}]",0x252513005966C60869487064485674003C38402D000000605200000007000061000000FFFFFFFFFFFFFFFFFFFF00D5005081A70026041621203466AE2045253594C255EA9740017000E203912800FFFFFF0000200000FFFFFF
2026-04-16 21:20:05.417,"[{""Protocol"":""0x2525"",""MessageType"":""LocationInfoMessage"",""ProtocolHeadType"":19,""Imei"":""869487064485674"",""SerialNo"":26311,""Mileage"":5276086,""Date"":""2026-04-16T21:20:37Z"",""IopIgnition"":true,""Latitude"":4.7473125457763672,""Longitude"":-74.103935241699219,""Altitude"":2570.39990234375,""ExternalPowerVoltage"":28.09,""Rpm"":-999,""Speed"":21.0,""SatelliteNumber"":17,""Azimuth"":279,""BatteryLevel"":100}]",0x252513005966C70869487064485674003C38402D000000605100000007000061000000FFFFFFFFFFFFFFFFFFFF00D5005081B60026041621203766A62045373594C2FCE997400210011703912809FFFFFF0000200000FFFFFF
2026-04-16 21:20:31.536,"[{""Protocol"":""0x2525"",""MessageType"":""LocationInfoMessage"",""ProtocolHeadType"":19,""Imei"":""869487064485674"",""SerialNo"":26312,""Mileage"":5276297,""Date"":""2026-04-16T21:21:03Z"",""IopIgnition"":true,""Latitude"":4.7475814819335938,""Longitude"":-74.10577392578125,""Altitude"":2570.39990234375,""ExternalPowerVoltage"":28.06,""Rpm"":-999,""Speed"":14.0,""SatelliteNumber"":17,""Azimuth"":331,""BatteryLevel"":100}]",0x252513005966C80869487064485674003C38402D000000565100000007000061000000FFFFFFFFFFFFFFFFFFFF00D5005082890026041621210366A62045283694C230EC97400140014B03912806FFFFFF0000200000FFFFFF
2026-04-16 21:21:06.486,"[{""Protocol"":""0x2525"",""MessageType"":""LocationInfoMessage"",""ProtocolHeadType"":19,""Imei"":""869487064485674"",""SerialNo"":26313,""Mileage"":5276452,""Date"":""2026-04-16T21:21:38Z"",""IopIgnition"":true,""Latitude"":4.748896598815918,""Longitude"":-74.105819702148438,""Altitude"":2572.10009765625,""ExternalPowerVoltage"":28.06,""Rpm"":-999,""Speed"":10.0,""SatelliteNumber"":17,""Azimuth"":268,""BatteryLevel"":100}]",0x252513005966C90869487064485674003C38402D0000004F5100000007000061000000FFFFFFFFFFFFFFFFFFFF00D500508324002604162121389AC120452E3694C2F6F697400100010C03912806FFFFFF0000200000FFFFFF
2026-04-16 21:21:08.406,"[{""Protocol"":""0x2525"",""MessageType"":""LocationInfoMessage"",""ProtocolHeadType"":19,""Imei"":""869487064485674"",""SerialNo"":26314,""Mileage"":5276460,""Date"":""2026-04-16T21:21:40Z"",""IopIgnition"":true,""Latitude"":4.7488670349121094,""Longitude"":-74.105880737304688,""Altitude"":2573.0,""ExternalPowerVoltage"":28.11,""Rpm"":-999,""Speed"":17.0,""SatelliteNumber"":17,""Azimuth"":222,""BatteryLevel"":100}]",0x252513005966CA0869487064485674003C38402D0000004F5100000007000061000000FFFFFFFFFFFFFFFFFFFF00D50050832C0026041621214000D02045363694C2B8F69740017000DE03912811FFFFFF0000220000FFFFFF
2026-04-16 21:22:33.293,"[{""Protocol"":""0x2525"",""MessageType"":""LocationInfoMessage"",""ProtocolHeadType"":19,""Imei"":""869487064485674"",""SerialNo"":26315,""Mileage"":5276893,""Date"":""2026-04-16T21:23:04Z"",""IopIgnition"":true,""Latitude"":4.7455987930297852,""Longitude"":-74.107994079589844,""Altitude"":2569.0,""ExternalPowerVoltage"":28.06,""Rpm"":-999,""Speed"":0.0,""SatelliteNumber"":16,""Azimuth"":221,""BatteryLevel"":100}]",0x252513005966CB0869487064485674003C38402D000000595000000007000061000000FFFFFFFFFFFFFFFFFFFF00D5005084DD00260416212304009020454B3794C2F2DB9740000000DD03912806FFFFFF0000200000FFFFFF
2026-04-16 21:22:53.631,"[{""Protocol"":""0x2525"",""MessageType"":""LocationInfoMessage"",""ProtocolHeadType"":19,""Imei"":""869487064485674"",""SerialNo"":26316,""Mileage"":5276933,""Date"":""2026-04-16T21:23:25Z"",""IopIgnition"":true,""Latitude"":4.7454051971435547,""Longitude"":-74.108291625976563,""Altitude"":2568.89990234375,""ExternalPowerVoltage"":28.12,""Rpm"":-999,""Speed"":14.0,""SatelliteNumber"":17,""Azimuth"":269,""BatteryLevel"":100}]",0x252513005966CC0869487064485674003C38402D000000645100000007000061000000FFFFFFFFFFFFFFFFFFFF00D50050850500260416212325668E2045723794C25CDA97400140010D03912812FFFFFF0000200000FFFFFF
2026-04-16 21:24:33.364,"[{""Protocol"":""0x2525"",""MessageType"":""LocationInfoMessage"",""ProtocolHeadType"":19,""Imei"":""869487064485674"",""SerialNo"":26317,""Mileage"":5277553,""Date"":""2026-04-16T21:25:05Z"",""IopIgnition"":true,""Latitude"":4.7468438148498535,""Longitude"":-74.113685607910156,""Altitude"":2576.89990234375,""ExternalPowerVoltage"":28.12,""Rpm"":-999,""Speed"":15.0,""SatelliteNumber"":16,""Azimuth"":281,""BatteryLevel"":100}]",0x252513005966CD0869487064485674003C38402D000000645000000007000061000000FFFFFFFFFFFFFFFFFFFF00D50050877100260416212505660E2145353A94C225E697400150011903912812FFFFFF0000200000FFFFFF
2026-04-16 21:25:33.190,"[{""Protocol"":""0x2525"",""MessageType"":""LocationInfoMessage"",""ProtocolHeadType"":19,""Imei"":""869487064485674"",""SerialNo"":26318,""Mileage"":5277936,""Date"":""2026-04-16T21:26:04Z"",""IopIgnition"":true,""Latitude"":4.747246265411377,""Longitude"":-74.117103576660156,""Altitude"":2571.60009765625,""ExternalPowerVoltage"":28.12,""Rpm"":-999,""Speed"":13.0,""SatelliteNumber"":15,""Azimuth"":274,""BatteryLevel"":100}]",0x252513005966CE0869487064485674003C38402D0000004F4F00000007000061000000FFFFFFFFFFFFFFFFFFFF00D5005088F0002604162126049AB92045F53B94C271E997400130011203912812FFFFFF0000200000FFFFFF
2026-04-16 21:26:34.010,"[{""Protocol"":""0x2525"",""MessageType"":""LocationInfoMessage"",""ProtocolHeadType"":19,""Imei"":""869487064485674"",""SerialNo"":26319,""Mileage"":5278222,""Date"":""2026-04-16T21:27:05Z"",""IopIgnition"":true,""Latitude"":4.747471809387207,""Longitude"":-74.119667053222656,""Altitude"":2575.60009765625,""ExternalPowerVoltage"":28.12,""Rpm"":-999,""Speed"":19.0,""SatelliteNumber"":17,""Azimuth"":274,""BatteryLevel"":100}]",0x252513005966CF0869487064485674003C38402D0000003A5100000007000061000000FFFFFFFFFFFFFFFFFFFF00D500508A0E002604162127059AF92045453D94C24AEB97400190011203912812FFFFFF0000200000FFFFFF
2026-04-16 21:27:31.523,"[{""Protocol"":""0x2525"",""MessageType"":""LocationInfoMessage"",""ProtocolHeadType"":19,""Imei"":""869487064485674"",""SerialNo"":26320,""Mileage"":5278353,""Date"":""2026-04-16T21:28:03Z"",""IopIgnition"":true,""Latitude"":4.747535228729248,""Longitude"":-74.1208267211914,""Altitude"":2578.39990234375,""ExternalPowerVoltage"":28.12,""Rpm"":-999,""Speed"":11.0,""SatelliteNumber"":18,""Azimuth"":218,""BatteryLevel"":100}]",0x252513005966D00869487064485674003C38402D000000485200000007000061000000FFFFFFFFFFFFFFFFFFFF00D500508A910026041621280366262145DD3D94C2CFEB9740011000DA03912812FFFFFF0000200000FFFFFF
2026-04-16 21:27:33.511,"[{""Protocol"":""0x2525"",""MessageType"":""LocationInfoMessage"",""ProtocolHeadType"":19,""Imei"":""869487064485674"",""SerialNo"":26321,""Mileage"":5278361,""Date"":""2026-04-16T21:28:05Z"",""IopIgnition"":true,""Latitude"":4.7474679946899414,""Longitude"":-74.120834350585938,""Altitude"":2578.0,""ExternalPowerVoltage"":28.12,""Rpm"":-999,""Speed"":13.0,""SatelliteNumber"":17,""Azimuth"":172,""BatteryLevel"":100}]",0x252513005966D10869487064485674003C38402D000000485100000007000061000000FFFFFFFFFFFFFFFFFFFF00D500508A990026041621280500202145DE3D94C242EB9740013000AC03912812FFFFFF0000200000FFFFFF
2026-04-16 21:28:06.517,"[{""Protocol"":""0x2525"",""MessageType"":""LocationInfoMessage"",""ProtocolHeadType"":19,""Imei"":""869487064485674"",""SerialNo"":26322,""Mileage"":5278473,""Date"":""2026-04-16T21:28:38Z"",""IopIgnition"":true,""Latitude"":4.746577262878418,""Longitude"":-74.120498657226563,""Altitude"":2567.5,""ExternalPowerVoltage"":28.12,""Rpm"":-999,""Speed"":13.0,""SatelliteNumber"":18,""Azimuth"":253,""BatteryLevel"":100}]",0x252513005966D20869487064485674003C38402D000000525200000007000061000000FFFFFFFFFFFFFFFFFFFF00D500508B090026041621283800782045B23D94C2F6E39740013000FD03912812FFFFFF0000200000FFFFFF
2026-04-16 21:29:33.334,"[{""Protocol"":""0x2525"",""MessageType"":""LocationInfoMessage"",""ProtocolHeadType"":19,""Imei"":""869487064485674"",""SerialNo"":26323,""Mileage"":5278517,""Date"":""2026-04-16T21:30:05Z"",""IopIgnition"":true,""Latitude"":4.7464694976806641,""Longitude"":-74.120880126953125,""Altitude"":2567.699951171875,""ExternalPowerVoltage"":28.02,""Rpm"":-999,""Speed"":0.0,""SatelliteNumber"":15,""Azimuth"":248,""BatteryLevel"":100}]",0x252513005966D30869487064485674003C38402D000000644F00000007000061000000FFFFFFFFFFFFFFFFFFFF00D500508B3500260416213005337B2045E43D94C214E39740000000F803912802FFFFFF00001F0000FFFFFF
2026-04-16 21:30:33.164,"[{""Protocol"":""0x2525"",""MessageType"":""LocationInfoMessage"",""ProtocolHeadType"":19,""Imei"":""869487064485674"",""SerialNo"":26324,""Mileage"":5278527,""Date"":""2026-04-16T21:31:04Z"",""IopIgnition"":true,""Latitude"":4.7464261054992676,""Longitude"":-74.120964050292969,""Altitude"":2568.300048828125,""ExternalPowerVoltage"":28.07,""Rpm"":-999,""Speed"":8.0,""SatelliteNumber"":17,""Azimuth"":266,""BatteryLevel"":100}]",0x252513005966D40869487064485674003C38402D000000645100000007000061000000FFFFFFFFFFFFFFFFFFFF00D500508B3F00260416213104CD842045EF3D94C2B9E297400080010A03912807FFFFFF00001F0001FFFFFF
2026-04-16 21:31:34.013,"[{""Protocol"":""0x2525"",""MessageType"":""LocationInfoMessage"",""ProtocolHeadType"":19,""Imei"":""869487064485674"",""SerialNo"":26325,""Mileage"":5278633,""Date"":""2026-04-16T21:32:05Z"",""IopIgnition"":true,""Latitude"":4.7461047172546387,""Longitude"":-74.121856689453125,""Altitude"":2566.89990234375,""ExternalPowerVoltage"":27.96,""Rpm"":-999,""Speed"":0.0,""SatelliteNumber"":16,""Azimuth"":251,""BatteryLevel"":100}]",0x252513005966D50869487064485674003C38402D000000645000000007000061000000FFFFFFFFFFFFFFFFFFFF00D500508BA900260416213205666E2045643E94C217E09740000000FB03912796FFFFFF00001F0000FFFFFF
2026-04-16 21:32:33.908,"[{""Protocol"":""0x2525"",""MessageType"":""LocationInfoMessage"",""ProtocolHeadType"":19,""Imei"":""869487064485674"",""SerialNo"":26326,""Mileage"":5278716,""Date"":""2026-04-16T21:33:05Z"",""IopIgnition"":true,""Latitude"":4.7458581924438477,""Longitude"":-74.12255859375,""Altitude"":2567.10009765625,""ExternalPowerVoltage"":27.93,""Rpm"":-999,""Speed"":0.0,""SatelliteNumber"":18,""Azimuth"":249,""BatteryLevel"":100}]",0x252513005966D60869487064485674003C38402D000000645200000007000061000000FFFFFFFFFFFFFFFFFFFF00D500508BFC002604162133059A712045C03E94C212DE9740000000F903912793FFFFFF00001F0000FFFFFF
2026-04-16 21:33:33.710,"[{""Protocol"":""0x2525"",""MessageType"":""LocationInfoMessage"",""ProtocolHeadType"":19,""Imei"":""869487064485674"",""SerialNo"":26327,""Mileage"":5278944,""Date"":""2026-04-16T21:34:05Z"",""IopIgnition"":true,""Latitude"":4.745234489440918,""Longitude"":-74.124504089355469,""Altitude"":2569.39990234375,""ExternalPowerVoltage"":28.11,""Rpm"":-999,""Speed"":14.0,""SatelliteNumber"":17,""Azimuth"":250,""BatteryLevel"":100}]",0x252513005966D70869487064485674003C38402D000000595100000007000061000000FFFFFFFFFFFFFFFFFFFF00D500508CE00026041621340566962045BF3F94C2F6D89740014000FA03912811FFFFFF00001F0000FFFFFF
2026-04-16 21:34:33.524,"[{""Protocol"":""0x2525"",""MessageType"":""LocationInfoMessage"",""ProtocolHeadType"":19,""Imei"":""869487064485674"",""SerialNo"":26328,""Mileage"":5279269,""Date"":""2026-04-16T21:35:05Z"",""IopIgnition"":true,""Latitude"":4.7442741394042969,""Longitude"":-74.127273559570313,""Altitude"":2569.89990234375,""ExternalPowerVoltage"":28.1,""Rpm"":-999,""Speed"":21.0,""SatelliteNumber"":16,""Azimuth"":251,""BatteryLevel"":100}]",0x252513005966D80869487064485674003C38402D0000004F5000000007000061000000FFFFFFFFFFFFFFFFFFFF00D500508E2500260416213505669E20452A4194C218D19740021000FB03912810FFFFFF0000210000FFFFFF
2026-04-16 21:35:33.334,"[{""Protocol"":""0x2525"",""MessageType"":""LocationInfoMessage"",""ProtocolHeadType"":19,""Imei"":""869487064485674"",""SerialNo"":26329,""Mileage"":5279354,""Date"":""2026-04-16T21:36:05Z"",""IopIgnition"":true,""Latitude"":4.7442598342895508,""Longitude"":-74.128013610839844,""Altitude"":2570.10009765625,""ExternalPowerVoltage"":28.0,""Rpm"":-999,""Speed"":0.0,""SatelliteNumber"":16,""Azimuth"":289,""BatteryLevel"":100}]",0x252513005966D90869487064485674003C38402D000000485000000007000061000000FFFFFFFFFFFFFFFFFFFF00D500508E7A002604162136059AA120458B4194C2FAD097400000012103912800FFFFFF0000240000FFFFFF
2026-04-16 21:36:35.225,"[{""Protocol"":""0x2525"",""MessageType"":""LocationInfoMessage"",""ProtocolHeadType"":19,""Imei"":""869487064485674"",""SerialNo"":26330,""Mileage"":5279354,""Date"":""2026-04-16T21:37:06Z"",""IopIgnition"":true,""Latitude"":4.7442598342895508,""Longitude"":-74.128013610839844,""Altitude"":2570.10009765625,""ExternalPowerVoltage"":27.9,""Rpm"":-999,""Speed"":0.0,""SatelliteNumber"":16,""Azimuth"":289,""BatteryLevel"":100}]",0x252513005966DA0869487064485674003C38402D000000447000000007000061000000FFFFFFFFFFFFFFFFFFFF00D500508E7A002604162137069AA120458B4194C2FAD097400000012103912790FFFFFF000023FFFFFFFFFF
2026-04-16 21:37:34.075,"[{""Protocol"":""0x2525"",""MessageType"":""LocationInfoMessage"",""ProtocolHeadType"":19,""Imei"":""869487064485674"",""SerialNo"":26331,""Mileage"":5279354,""Date"":""2026-04-16T21:38:05Z"",""IopIgnition"":true,""Latitude"":4.7442598342895508,""Longitude"":-74.128013610839844,""Altitude"":2570.10009765625,""ExternalPowerVoltage"":27.9,""Rpm"":-999,""Speed"":0.0,""SatelliteNumber"":13,""Azimuth"":289,""BatteryLevel"":100}]",0x252513005966DB0869487064485674003C38402D000000484D00000007000061000000FFFFFFFFFFFFFFFFFFFF00D500508E7A002604162138059AA120458B4194C2FAD097400000012103912790FFFFFF0000200000FFFFFF
2026-04-16 21:38:33.993,"[{""Protocol"":""0x2525"",""MessageType"":""LocationInfoMessage"",""ProtocolHeadType"":19,""Imei"":""869487064485674"",""SerialNo"":26332,""Mileage"":5279354,""Date"":""2026-04-16T21:39:05Z"",""IopIgnition"":true,""Latitude"":4.7442598342895508,""Longitude"":-74.128013610839844,""Altitude"":2570.10009765625,""ExternalPowerVoltage"":27.99,""Rpm"":-999,""Speed"":0.0,""SatelliteNumber"":19,""Azimuth"":289,""BatteryLevel"":100}]",0x252513005966DC0869487064485674003C38402D0000005D5300000007000061000000FFFFFFFFFFFFFFFFFFFF00D500508E7A002604162139059AA120458B4194C2FAD097400000012103912799FFFFFF0000200000FFFFFF
2026-04-16 21:39:33.818,"[{""Protocol"":""0x2525"",""MessageType"":""LocationInfoMessage"",""ProtocolHeadType"":19,""Imei"":""869487064485674"",""SerialNo"":26333,""Mileage"":5279354,""Date"":""2026-04-16T21:40:05Z"",""IopIgnition"":true,""Latitude"":4.7442598342895508,""Longitude"":-74.128013610839844,""Altitude"":2570.10009765625,""ExternalPowerVoltage"":27.88,""Rpm"":-999,""Speed"":0.0,""SatelliteNumber"":16,""Azimuth"":289,""BatteryLevel"":100}]",0x252513005966DD0869487064485674003C38402D000000595000000007000061000000FFFFFFFFFFFFFFFFFFFF00D500508E7A002604162140059AA120458B4194C2FAD097400000012103912788FFFFFF0000200000FFFFFF
2026-04-16 21:40:33.710,"[{""Protocol"":""0x2525"",""MessageType"":""LocationInfoMessage"",""ProtocolHeadType"":19,""Imei"":""869487064485674"",""SerialNo"":26334,""Mileage"":5279354,""Date"":""2026-04-16T21:41:05Z"",""IopIgnition"":true,""Latitude"":4.7442598342895508,""Longitude"":-74.128013610839844,""Altitude"":2570.10009765625,""ExternalPowerVoltage"":28.0,""Rpm"":-999,""Speed"":0.0,""SatelliteNumber"":17,""Azimuth"":289,""BatteryLevel"":100}]",0x252513005966DE0869487064485674003C38402D0000005D5100000007000061000000FFFFFFFFFFFFFFFFFFFF00D500508E7A002604162141059AA120458B4194C2FAD097400000012103912800FFFFFF00001F0000FFFFFF
2026-04-16 21:41:33.553,"[{""Protocol"":""0x2525"",""MessageType"":""LocationInfoMessage"",""ProtocolHeadType"":19,""Imei"":""869487064485674"",""SerialNo"":26335,""Mileage"":5279354,""Date"":""2026-04-16T21:42:05Z"",""IopIgnition"":true,""Latitude"":4.7442598342895508,""Longitude"":-74.128013610839844,""Altitude"":2570.10009765625,""ExternalPowerVoltage"":27.92,""Rpm"":-999,""Speed"":0.0,""SatelliteNumber"":15,""Azimuth"":289,""BatteryLevel"":100}]",0x252513005966DF0869487064485674003C38402D000000444F00000007000061000000FFFFFFFFFFFFFFFFFFFF00D500508E7A002604162142059AA120458B4194C2FAD097400000012103912792FFFFFF0000200000FFFFFF
2026-04-16 21:42:33.456,"[{""Protocol"":""0x2525"",""MessageType"":""LocationInfoMessage"",""ProtocolHeadType"":19,""Imei"":""869487064485674"",""SerialNo"":26336,""Mileage"":5279354,""Date"":""2026-04-16T21:43:05Z"",""IopIgnition"":true,""Latitude"":4.7442598342895508,""Longitude"":-74.128013610839844,""Altitude"":2570.10009765625,""ExternalPowerVoltage"":27.85,""Rpm"":-999,""Speed"":0.0,""SatelliteNumber"":16,""Azimuth"":289,""BatteryLevel"":100}]",0x252513005966E00869487064485674003C38402D000000445000000007000061000000FFFFFFFFFFFFFFFFFFFF00D500508E7A002604162143059AA120458B4194C2FAD097400000012103912785FFFFFF0000200000FFFFFF
2026-04-16 21:42:53.524,"[{""Protocol"":""0x2525"",""MessageType"":""LocationInfoMessage"",""ProtocolHeadType"":19,""Imei"":""869487064485674"",""SerialNo"":26337,""Mileage"":5279369,""Date"":""2026-04-16T21:43:25Z"",""IopIgnition"":true,""Latitude"":4.7442159652709961,""Longitude"":-74.128135681152344,""Altitude"":2572.699951171875,""ExternalPowerVoltage"":28.06,""Rpm"":-999,""Speed"":9.0,""SatelliteNumber"":17,""Azimuth"":281,""BatteryLevel"":100}]",0x252513005966E10869487064485674003C38402D000000445100000007000061000000FFFFFFFFFFFFFFFFFFFF00D500508E890026041621432533CB20459B4194C29ED097400090011903912806FFFFFF0000200000FFFFFF
2026-04-16 21:43:13.626,"[{""Protocol"":""0x2525"",""MessageType"":""SignInMessage"",""ProtocolHeadType"":0,""Imei"":""869487064485674"",""SerialNo"":264,""Firmware"":""V1.0.1.8"",""Model"":0,""ObdBootVersion"":null,""ObdDataVersion"":null,""ObdHareware"":null,""ObdSoftware"":null,""Platform"":null,""Software"":""V0.0.0""}]",0x2525010017010808694870644856740000030502101812
2026-04-16 21:43:14.177,"[{""Protocol"":""0x2525"",""MessageType"":""NetworkInfoMessage"",""ProtocolHeadType"":0,""Imei"":""869487064485674"",""SerialNo"":244,""AccessTechnology"":""CAT-1"",""Band"":""CAT-1 2"",""Date"":""2026-04-16T21:43:49Z"",""Iccid"":""89571017025023250790"",""Imsi"":""732101725325077"",""NetworkOperator"":""LaSeleNosLlama""}]",0x252511006500F408694870644856742604162143491C4C006100530065006C0065004E006F0073004C006C0061006D006100054341542D31074341542D3120320F373332313031373235333235303737143839353731303137303235303233323530373930
2026-04-16 21:43:21.696,"[{""Protocol"":""0x2525"",""MessageType"":""LocationInfoMessage"",""ProtocolHeadType"":19,""Imei"":""869487064485674"",""SerialNo"":26338,""Mileage"":5279445,""Date"":""2026-04-16T21:43:57Z"",""IopIgnition"":true,""Latitude"":4.7443509101867676,""Longitude"":-74.128753662109375,""Altitude"":2572.199951171875,""ExternalPowerVoltage"":28.06,""Rpm"":-999,""Speed"":14.0,""SatelliteNumber"":17,""Azimuth"":193,""BatteryLevel"":100}]",0x252513005966E20869487064485674003C38402D0000004F5100000007000061000000FFFFFFFFFFFFFFFFFFFF00D500508ED50026041621435733C32045EC4194C2B9D19740014000C103912806FFFFFF0000240000FFFFFF
2026-04-16 21:44:01.594,"[{""Protocol"":""0x2525"",""MessageType"":""LocationInfoMessage"",""ProtocolHeadType"":19,""Imei"":""869487064485674"",""SerialNo"":26339,""Mileage"":5279683,""Date"":""2026-04-16T21:44:37Z"",""IopIgnition"":true,""Latitude"":4.7423129081726074,""Longitude"":-74.129364013671875,""Altitude"":2560.5,""ExternalPowerVoltage"":28.12,""Rpm"":-999,""Speed"":17.0,""SatelliteNumber"":18,""Azimuth"":245,""BatteryLevel"":100}]",0x252513005966E30869487064485674003C38402D0000004B5200000007000061000000FFFFFFFFFFFFFFFFFFFF00D500508FC300260416214437000820453C4294C207C19740017000F503912812FFFFFF0000200000FFFFFF
2026-04-16 21:44:24.701,"[{""Protocol"":""0x2525"",""MessageType"":""LocationInfoMessage"",""ProtocolHeadType"":19,""Imei"":""869487064485674"",""SerialNo"":26340,""Mileage"":5279829,""Date"":""2026-04-16T21:45:00Z"",""IopIgnition"":true,""Latitude"":4.7418570518493652,""Longitude"":-74.130569458007813,""Altitude"":2557.800048828125,""ExternalPowerVoltage"":28.04,""Rpm"":-999,""Speed"":11.0,""SatelliteNumber"":15,""Azimuth"":181,""BatteryLevel"":100}]",0x252513005966E40869487064485674003C38402D000000414F00000007000061000000FFFFFFFFFFFFFFFFFFFF00D50050905500260416214500CDDC1F45DA4294C24BBD9740011000B503912804FFFFFF0000210000FFFFFF
2026-04-16 21:45:01.599,"[{""Protocol"":""0x2525"",""MessageType"":""LocationInfoMessage"",""ProtocolHeadType"":19,""Imei"":""869487064485674"",""SerialNo"":26341,""Mileage"":5280033,""Date"":""2026-04-16T21:45:37Z"",""IopIgnition"":true,""Latitude"":4.7401881217956543,""Longitude"":-74.129829406738281,""Altitude"":2567.0,""ExternalPowerVoltage"":27.99,""Rpm"":-999,""Speed"":7.0,""SatelliteNumber"":16,""Azimuth"":129,""BatteryLevel"":100}]",0x252513005966E50869487064485674003C38402D000000445000000007000061000000FFFFFFFFFFFFFFFFFFFF00D5005091210026041621453700702045794294C29FAF97400070008103912799FFFFFF0000210000FFFFFF
2026-04-16 21:45:04.618,"[{""Protocol"":""0x2525"",""MessageType"":""LocationInfoMessage"",""ProtocolHeadType"":19,""Imei"":""869487064485674"",""SerialNo"":26342,""Mileage"":5280042,""Date"":""2026-04-16T21:45:40Z"",""IopIgnition"":true,""Latitude"":4.7401762008666992,""Longitude"":-74.129745483398438,""Altitude"":2566.39990234375,""ExternalPowerVoltage"":28.04,""Rpm"":-999,""Speed"":14.0,""SatelliteNumber"":18,""Azimuth"":76,""BatteryLevel"":100}]",0x252513005966E60869487064485674003C38402D000000565200000007000061000000FFFFFFFFFFFFFFFFFFFF00D50050912A00260416214540666620456E4294C286AF97400140004C03912804FFFFFF0000230000FFFFFF
2026-04-16 21:46:29.528,"[{""Protocol"":""0x2525"",""MessageType"":""LocationInfoMessage"",""ProtocolHeadType"":19,""Imei"":""869487064485674"",""SerialNo"":26343,""Mileage"":5280534,""Date"":""2026-04-16T21:47:05Z"",""IopIgnition"":true,""Latitude"":4.741919994354248,""Longitude"":-74.125694274902344,""Altitude"":2576.699951171875,""ExternalPowerVoltage"":28.09,""Rpm"":-999,""Speed"":7.0,""SatelliteNumber"":16,""Azimuth"":57,""BatteryLevel"":100}]",0x252513005966E70869487064485674003C38402D000000645000000007000061000000FFFFFFFFFFFFFFFFFFFF00D50050931600260416214705330B21455B4094C2CFBD97400070003903912809FFFFFF0000200000FFFFFF
2026-04-16 21:47:29.461,"[{""Protocol"":""0x2525"",""MessageType"":""LocationInfoMessage"",""ProtocolHeadType"":19,""Imei"":""869487064485674"",""SerialNo"":26344,""Mileage"":5280616,""Date"":""2026-04-16T21:48:04Z"",""IopIgnition"":true,""Latitude"":4.7421989440917969,""Longitude"":-74.125007629394531,""Altitude"":2576.199951171875,""ExternalPowerVoltage"":28.03,""Rpm"":-999,""Speed"":0.0,""SatelliteNumber"":15,""Azimuth"":48,""BatteryLevel"":100}]",0x252513005966E80869487064485674003C38402D000000644F00000007000061000000FFFFFFFFFFFFFFFFFFFF00D5005093680026041621480433032145014094C218C097400000003003912803FFFFFF0000200001FFFFFF
2026-04-16 21:48:29.255,"[{""Protocol"":""0x2525"",""MessageType"":""LocationInfoMessage"",""ProtocolHeadType"":19,""Imei"":""869487064485674"",""SerialNo"":26345,""Mileage"":5280616,""Date"":""2026-04-16T21:49:04Z"",""IopIgnition"":true,""Latitude"":4.7421989440917969,""Longitude"":-74.125007629394531,""Altitude"":2576.199951171875,""ExternalPowerVoltage"":27.89,""Rpm"":-999,""Speed"":0.0,""SatelliteNumber"":17,""Azimuth"":48,""BatteryLevel"":100}]",0x252513005966E90869487064485674003C38402D000000645100000007000061000000FFFFFFFFFFFFFFFFFFFF00D5005093680026041621490433032145014094C218C097400000003003912789FFFFFF0000200000FFFFFF
2026-04-16 21:49:30.213,"[{""Protocol"":""0x2525"",""MessageType"":""LocationInfoMessage"",""ProtocolHeadType"":19,""Imei"":""869487064485674"",""SerialNo"":26346,""Mileage"":5280616,""Date"":""2026-04-16T21:50:05Z"",""IopIgnition"":true,""Latitude"":4.7421989440917969,""Longitude"":-74.125007629394531,""Altitude"":2576.199951171875,""ExternalPowerVoltage"":27.81,""Rpm"":-999,""Speed"":0.0,""SatelliteNumber"":15,""Azimuth"":48,""BatteryLevel"":100}]",0x252513005966EA0869487064485674003C38402D000000644F00000007000061000000FFFFFFFFFFFFFFFFFFFF00D5005093680026041621500533032145014094C218C097400000003003912781FFFFFF00001F0000FFFFFF
2026-04-16 21:50:30.020,"[{""Protocol"":""0x2525"",""MessageType"":""LocationInfoMessage"",""ProtocolHeadType"":19,""Imei"":""869487064485674"",""SerialNo"":26347,""Mileage"":5280616,""Date"":""2026-04-16T21:51:05Z"",""IopIgnition"":true,""Latitude"":4.7421989440917969,""Longitude"":-74.125007629394531,""Altitude"":2576.199951171875,""ExternalPowerVoltage"":27.98,""Rpm"":-999,""Speed"":0.0,""SatelliteNumber"":15,""Azimuth"":48,""BatteryLevel"":100}]",0x252513005966EB0869487064485674003C38402D000000644F00000007000061000000FFFFFFFFFFFFFFFFFFFF00D5005093680026041621510533032145014094C218C097400000003003912798FFFFFF0000200000FFFFFF
2026-04-16 21:51:29.891,"[{""Protocol"":""0x2525"",""MessageType"":""LocationInfoMessage"",""ProtocolHeadType"":19,""Imei"":""869487064485674"",""SerialNo"":26348,""Mileage"":5280616,""Date"":""2026-04-16T21:52:05Z"",""IopIgnition"":true,""Latitude"":4.7421989440917969,""Longitude"":-74.125007629394531,""Altitude"":2576.199951171875,""ExternalPowerVoltage"":27.94,""Rpm"":-999,""Speed"":0.0,""SatelliteNumber"":15,""Azimuth"":48,""BatteryLevel"":100}]",0x252513005966EC0869487064485674003C38402D000000644F00000007000061000000FFFFFFFFFFFFFFFFFFFF00D5005093680026041621520533032145014094C218C097400000003003912794FFFFFF0000200000FFFFFF
2026-04-16 21:52:29.719,"[{""Protocol"":""0x2525"",""MessageType"":""LocationInfoMessage"",""ProtocolHeadType"":19,""Imei"":""869487064485674"",""SerialNo"":26349,""Mileage"":5280616,""Date"":""2026-04-16T21:53:05Z"",""IopIgnition"":true,""Latitude"":4.7421989440917969,""Longitude"":-74.125007629394531,""Altitude"":2576.199951171875,""ExternalPowerVoltage"":27.86,""Rpm"":-999,""Speed"":0.0,""SatelliteNumber"":17,""Azimuth"":48,""BatteryLevel"":100}]",0x252513005966ED0869487064485674003C38402D000000645100000007000061000000FFFFFFFFFFFFFFFFFFFF00D5005093680026041621530533032145014094C218C097400000003003912786FFFFFF0000200000FFFFFF
2026-04-16 21:53:29.558,"[{""Protocol"":""0x2525"",""MessageType"":""LocationInfoMessage"",""ProtocolHeadType"":19,""Imei"":""869487064485674"",""SerialNo"":26350,""Mileage"":5280616,""Date"":""2026-04-16T21:54:05Z"",""IopIgnition"":true,""Latitude"":4.7421989440917969,""Longitude"":-74.125007629394531,""Altitude"":2576.199951171875,""ExternalPowerVoltage"":27.93,""Rpm"":-999,""Speed"":0.0,""SatelliteNumber"":18,""Azimuth"":48,""BatteryLevel"":100}]",0x252513005966EE0869487064485674003C38402D000000645200000007000061000000FFFFFFFFFFFFFFFFFFFF00D5005093680026041621540533032145014094C218C097400000003003912793FFFFFF0000200000FFFFFF
2026-04-16 21:54:29.482,"[{""Protocol"":""0x2525"",""MessageType"":""LocationInfoMessage"",""ProtocolHeadType"":19,""Imei"":""869487064485674"",""SerialNo"":26351,""Mileage"":5280616,""Date"":""2026-04-16T21:55:05Z"",""IopIgnition"":true,""Latitude"":4.7421989440917969,""Longitude"":-74.125007629394531,""Altitude"":2576.199951171875,""ExternalPowerVoltage"":27.93,""Rpm"":-999,""Speed"":0.0,""SatelliteNumber"":15,""Azimuth"":48,""BatteryLevel"":100}]",0x252513005966EF0869487064485674003C38402D000000644F00000007000061000000FFFFFFFFFFFFFFFFFFFF00D5005093680026041621550533032145014094C218C097400000003003912793FFFFFF00001F0000FFFFFF
2026-04-16 21:55:29.356,"[{""Protocol"":""0x2525"",""MessageType"":""LocationInfoMessage"",""ProtocolHeadType"":19,""Imei"":""869487064485674"",""SerialNo"":26352,""Mileage"":5280616,""Date"":""2026-04-16T21:56:04Z"",""IopIgnition"":true,""Latitude"":4.7421989440917969,""Longitude"":-74.125007629394531,""Altitude"":2576.199951171875,""ExternalPowerVoltage"":27.91,""Rpm"":-999,""Speed"":0.0,""SatelliteNumber"":16,""Azimuth"":48,""BatteryLevel"":100}]",0x252513005966F00869487064485674003C38402D000000605000000007000061000000FFFFFFFFFFFFFFFFFFFF00D5005093680026041621560433032145014094C218C097400000003003912791FFFFFF00001F0000FFFFFF
2026-04-16 21:56:30.163,"[{""Protocol"":""0x2525"",""MessageType"":""LocationInfoMessage"",""ProtocolHeadType"":19,""Imei"":""869487064485674"",""SerialNo"":26353,""Mileage"":5280616,""Date"":""2026-04-16T21:57:05Z"",""IopIgnition"":true,""Latitude"":4.7421989440917969,""Longitude"":-74.125007629394531,""Altitude"":2576.199951171875,""ExternalPowerVoltage"":27.92,""Rpm"":-999,""Speed"":0.0,""SatelliteNumber"":16,""Azimuth"":48,""BatteryLevel"":100}]",0x252513005966F10869487064485674003C38402D000000645000000007000061000000FFFFFFFFFFFFFFFFFFFF00D5005093680026041621570533032145014094C218C097400000003003912792FFFFFF00001F0000FFFFFF
2026-04-16 21:57:30.104,"[{""Protocol"":""0x2525"",""MessageType"":""LocationInfoMessage"",""ProtocolHeadType"":19,""Imei"":""869487064485674"",""SerialNo"":26354,""Mileage"":5280616,""Date"":""2026-04-16T21:58:05Z"",""IopIgnition"":true,""Latitude"":4.7421989440917969,""Longitude"":-74.125007629394531,""Altitude"":2576.199951171875,""ExternalPowerVoltage"":27.98,""Rpm"":-999,""Speed"":0.0,""SatelliteNumber"":13,""Azimuth"":48,""BatteryLevel"":100}]",0x252513005966F20869487064485674003C38402D000000644D00000007000061000000FFFFFFFFFFFFFFFFFFFF00D5005093680026041621580533032145014094C218C097400000003003912798FFFFFF00001F0000FFFFFF
2026-04-16 21:58:30.085,"[{""Protocol"":""0x2525"",""MessageType"":""LocationInfoMessage"",""ProtocolHeadType"":19,""Imei"":""869487064485674"",""SerialNo"":26355,""Mileage"":5280616,""Date"":""2026-04-16T21:59:05Z"",""IopIgnition"":true,""Latitude"":4.7421989440917969,""Longitude"":-74.125007629394531,""Altitude"":2576.199951171875,""ExternalPowerVoltage"":27.98,""Rpm"":-999,""Speed"":0.0,""SatelliteNumber"":17,""Azimuth"":48,""BatteryLevel"":100}]",0x252513005966F30869487064485674003C38402D000000645100000007000061000000FFFFFFFFFFFFFFFFFFFF00D5005093680026041621590533032145014094C218C097400000003003912798FFFFFF00001F0000FFFFFF
2026-04-16 21:59:29.951,"[{""Protocol"":""0x2525"",""MessageType"":""LocationInfoMessage"",""ProtocolHeadType"":19,""Imei"":""869487064485674"",""SerialNo"":26356,""Mileage"":5280616,""Date"":""2026-04-16T22:00:05Z"",""IopIgnition"":true,""Latitude"":4.7421989440917969,""Longitude"":-74.125007629394531,""Altitude"":2576.199951171875,""ExternalPowerVoltage"":27.97,""Rpm"":-999,""Speed"":0.0,""SatelliteNumber"":18,""Azimuth"":48,""BatteryLevel"":100}]",0x252513005966F40869487064485674003C38402D000000645200000007000061000000FFFFFFFFFFFFFFFFFFFF00D5005093680026041622000533032145014094C218C097400000003003912797FFFFFF0000200000FFFFFF
2026-04-16 22:00:29.790,"[{""Protocol"":""0x2525"",""MessageType"":""LocationInfoMessage"",""ProtocolHeadType"":19,""Imei"":""869487064485674"",""SerialNo"":26357,""Mileage"":5280616,""Date"":""2026-04-16T22:01:05Z"",""IopIgnition"":true,""Latitude"":4.7421989440917969,""Longitude"":-74.125007629394531,""Altitude"":2576.199951171875,""ExternalPowerVoltage"":28.04,""Rpm"":-999,""Speed"":0.0,""SatelliteNumber"":17,""Azimuth"":48,""BatteryLevel"":100}]",0x252513005966F50869487064485674003C38402D0000005D5100000007000061000000FFFFFFFFFFFFFFFFFFFF00D5005093680026041622010533032145014094C218C097400000003003912804FFFFFF0000200000FFFFFF
2026-04-16 22:01:29.653,"[{""Protocol"":""0x2525"",""MessageType"":""LocationInfoMessage"",""ProtocolHeadType"":19,""Imei"":""869487064485674"",""SerialNo"":26358,""Mileage"":5280616,""Date"":""2026-04-16T22:02:05Z"",""IopIgnition"":true,""Latitude"":4.7421989440917969,""Longitude"":-74.125007629394531,""Altitude"":2576.199951171875,""ExternalPowerVoltage"":27.91,""Rpm"":-999,""Speed"":0.0,""SatelliteNumber"":14,""Azimuth"":48,""BatteryLevel"":100}]",0x252513005966F60869487064485674003C38402D000000644E00000007000061000000FFFFFFFFFFFFFFFFFFFF00D5005093680026041622020533032145014094C218C097400000003003912791FFFFFF00001F0001FFFFFF
2026-04-16 22:02:29.482,"[{""Protocol"":""0x2525"",""MessageType"":""LocationInfoMessage"",""ProtocolHeadType"":19,""Imei"":""869487064485674"",""SerialNo"":26359,""Mileage"":5280616,""Date"":""2026-04-16T22:03:05Z"",""IopIgnition"":true,""Latitude"":4.7421989440917969,""Longitude"":-74.125007629394531,""Altitude"":2576.199951171875,""ExternalPowerVoltage"":27.98,""Rpm"":-999,""Speed"":0.0,""SatelliteNumber"":15,""Azimuth"":48,""BatteryLevel"":100}]",0x252513005966F70869487064485674003C38402D000000644F00000007000061000000FFFFFFFFFFFFFFFFFFFF00D5005093680026041622030533032145014094C218C097400000003003912798FFFFFF00001F0000FFFFFF
2026-04-16 22:03:29.303,"[{""Protocol"":""0x2525"",""MessageType"":""LocationInfoMessage"",""ProtocolHeadType"":19,""Imei"":""869487064485674"",""SerialNo"":26360,""Mileage"":5280616,""Date"":""2026-04-16T22:04:04Z"",""IopIgnition"":true,""Latitude"":4.7421989440917969,""Longitude"":-74.125007629394531,""Altitude"":2576.199951171875,""ExternalPowerVoltage"":28.0,""Rpm"":-999,""Speed"":0.0,""SatelliteNumber"":15,""Azimuth"":48,""BatteryLevel"":100}]",0x252513005966F80869487064485674003C38402D000000644F00000007000061000000FFFFFFFFFFFFFFFFFFFF00D5005093680026041622040433032145014094C218C097400000003003912800FFFFFF00001F0000FFFFFF
2026-04-16 22:04:30.181,"[{""Protocol"":""0x2525"",""MessageType"":""LocationInfoMessage"",""ProtocolHeadType"":19,""Imei"":""869487064485674"",""SerialNo"":26361,""Mileage"":5280616,""Date"":""2026-04-16T22:05:05Z"",""IopIgnition"":true,""Latitude"":4.7421989440917969,""Longitude"":-74.125007629394531,""Altitude"":2576.199951171875,""ExternalPowerVoltage"":27.92,""Rpm"":-999,""Speed"":0.0,""SatelliteNumber"":17,""Azimuth"":48,""BatteryLevel"":100}]",0x252513005966F90869487064485674003C38402D000000645100000007000061000000FFFFFFFFFFFFFFFFFFFF00D5005093680026041622050533032145014094C218C097400000003003912792FFFFFF00001F0000FFFFFF
2026-04-16 22:05:30.078,"[{""Protocol"":""0x2525"",""MessageType"":""LocationInfoMessage"",""ProtocolHeadType"":19,""Imei"":""869487064485674"",""SerialNo"":26362,""Mileage"":5280616,""Date"":""2026-04-16T22:06:05Z"",""IopIgnition"":true,""Latitude"":4.7421989440917969,""Longitude"":-74.125007629394531,""Altitude"":2576.199951171875,""ExternalPowerVoltage"":27.95,""Rpm"":-999,""Speed"":0.0,""SatelliteNumber"":16,""Azimuth"":48,""BatteryLevel"":100}]",0x252513005966FA0869487064485674003C38402D000000645000000007000061000000FFFFFFFFFFFFFFFFFFFF00D5005093680026041622060533032145014094C218C097400000003003912795FFFFFF00001F0000FFFFFF
2026-04-16 22:06:29.895,"[{""Protocol"":""0x2525"",""MessageType"":""LocationInfoMessage"",""ProtocolHeadType"":19,""Imei"":""869487064485674"",""SerialNo"":26363,""Mileage"":5280616,""Date"":""2026-04-16T22:07:05Z"",""IopIgnition"":true,""Latitude"":4.7421989440917969,""Longitude"":-74.125007629394531,""Altitude"":2576.199951171875,""ExternalPowerVoltage"":28.03,""Rpm"":-999,""Speed"":0.0,""SatelliteNumber"":17,""Azimuth"":48,""BatteryLevel"":100}]",0x252513005966FB0869487064485674003C38402D000000645100000007000061000000FFFFFFFFFFFFFFFFFFFF00D5005093680026041622070533032145014094C218C097400000003003912803FFFFFF00001F0000FFFFFF
2026-04-16 22:07:29.811,"[{""Protocol"":""0x2525"",""MessageType"":""LocationInfoMessage"",""ProtocolHeadType"":19,""Imei"":""869487064485674"",""SerialNo"":26364,""Mileage"":5280824,""Date"":""2026-04-16T22:08:05Z"",""IopIgnition"":true,""Latitude"":4.7429256439208984,""Longitude"":-74.123291015625,""Altitude"":2570.89990234375,""ExternalPowerVoltage"":28.12,""Rpm"":-999,""Speed"":24.0,""SatelliteNumber"":14,""Azimuth"":63,""BatteryLevel"":100}]",0x252513005966FC0869487064485674003C38402D000000644E00000007000061000000FFFFFFFFFFFFFFFFFFFF00D5005094380026041622080566AE2045203F94C20CC697400240003F03912812FFFFFF0000200000FFFFFF
2026-04-16 22:08:29.665,"[{""Protocol"":""0x2525"",""MessageType"":""LocationInfoMessage"",""ProtocolHeadType"":19,""Imei"":""869487064485674"",""SerialNo"":26365,""Mileage"":5281017,""Date"":""2026-04-16T22:09:05Z"",""IopIgnition"":true,""Latitude"":4.7435693740844727,""Longitude"":-74.121673583984375,""Altitude"":2570.300048828125,""ExternalPowerVoltage"":28.11,""Rpm"":-999,""Speed"":25.0,""SatelliteNumber"":15,""Azimuth"":67,""BatteryLevel"":100}]",0x252513005966FD0869487064485674003C38402D000000644F00000007000061000000FFFFFFFFFFFFFFFFFFFF00D5005094F900260416220905CDA420454C3E94C252CB97400250004303912811FFFFFF0000200000FFFFFF
2026-04-16 22:09:29.571,"[{""Protocol"":""0x2525"",""MessageType"":""LocationInfoMessage"",""ProtocolHeadType"":19,""Imei"":""869487064485674"",""SerialNo"":26366,""Mileage"":5281207,""Date"":""2026-04-16T22:10:05Z"",""IopIgnition"":true,""Latitude"":4.7442283630371094,""Longitude"":-74.120101928710938,""Altitude"":2564.800048828125,""ExternalPowerVoltage"":27.9,""Rpm"":-999,""Speed"":0.0,""SatelliteNumber"":17,""Azimuth"":74,""BatteryLevel"":100}]",0x252513005966FE0869487064485674003C38402D000000645100000007000061000000FFFFFFFFFFFFFFFFFFFF00D5005095B700260416221005CD4C20457E3D94C2B8D097400000004A03912790FFFFFF00001F0000FFFFFF
2026-04-16 22:10:29.407,"[{""Protocol"":""0x2525"",""MessageType"":""LocationInfoMessage"",""ProtocolHeadType"":19,""Imei"":""869487064485674"",""SerialNo"":26367,""Mileage"":5281392,""Date"":""2026-04-16T22:11:05Z"",""IopIgnition"":true,""Latitude"":4.744840145111084,""Longitude"":-74.118545532226563,""Altitude"":2568.60009765625,""ExternalPowerVoltage"":28.12,""Rpm"":-999,""Speed"":24.0,""SatelliteNumber"":15,""Azimuth"":70,""BatteryLevel"":100}]",0x252513005966FF0869487064485674003C38402D000000644F00000007000061000000FFFFFFFFFFFFFFFFFFFF00D500509670002604162211059A892045B23C94C2BBD597400240004603912812FFFFFF0000200000FFFFFF
2026-04-16 22:10:57.702,"[{""Protocol"":""0x2525"",""MessageType"":""LocationInfoMessage"",""ProtocolHeadType"":19,""Imei"":""869487064485674"",""SerialNo"":26368,""Mileage"":5281568,""Date"":""2026-04-16T22:11:33Z"",""IopIgnition"":true,""Latitude"":4.7451291084289551,""Longitude"":-74.117073059082031,""Altitude"":2572.10009765625,""ExternalPowerVoltage"":28.12,""Rpm"":-999,""Speed"":18.0,""SatelliteNumber"":18,""Azimuth"":122,""BatteryLevel"":100}]",0x252513005967000869487064485674003C38402D000000565200000007000061000000FFFFFFFFFFFFFFFFFFFF00D500509720002604162211339AC12045F13B94C219D897400180007A03912812FFFFFF00001F0000FFFFFF
2026-04-16 22:11:57.571,"[{""Protocol"":""0x2525"",""MessageType"":""LocationInfoMessage"",""ProtocolHeadType"":19,""Imei"":""869487064485674"",""SerialNo"":26369,""Mileage"":5281770,""Date"":""2026-04-16T22:12:33Z"",""IopIgnition"":true,""Latitude"":4.7443375587463379,""Longitude"":-74.115447998046875,""Altitude"":2574.699951171875,""ExternalPowerVoltage"":28.09,""Rpm"":-999,""Speed"":14.0,""SatelliteNumber"":17,""Azimuth"":48,""BatteryLevel"":100}]",0x252513005967010869487064485674003C38402D0000005D5100000007000061000000FFFFFFFFFFFFFFFFFFFF00D5005097EA0026041622123333EB20451C3B94C29DD197400140003003912809FFFFFF00001F0000FFFFFF
2026-04-16 22:13:29.516,"[{""Protocol"":""0x2525"",""MessageType"":""LocationInfoMessage"",""ProtocolHeadType"":19,""Imei"":""869487064485674"",""SerialNo"":26370,""Mileage"":5282099,""Date"":""2026-04-16T22:14:05Z"",""IopIgnition"":true,""Latitude"":4.7468438148498535,""Longitude"":-74.1140365600586,""Altitude"":2577.89990234375,""ExternalPowerVoltage"":27.94,""Rpm"":-999,""Speed"":8.0,""SatelliteNumber"":17,""Azimuth"":39,""BatteryLevel"":100}]",0x252513005967020869487064485674003C38402D000000565100000007000061000000FFFFFFFFFFFFFFFFFFFF00D50050993300260416221405661E2145633A94C225E697400080002703912794FFFFFF0000200000FFFFFF
2026-04-16 22:13:39.596,"[{""Protocol"":""0x2525"",""MessageType"":""LocationInfoMessage"",""ProtocolHeadType"":19,""Imei"":""869487064485674"",""SerialNo"":26371,""Mileage"":5282112,""Date"":""2026-04-16T22:14:15Z"",""IopIgnition"":true,""Latitude"":4.7469320297241211,""Longitude"":-74.1141128540039,""Altitude"":2578.800048828125,""ExternalPowerVoltage"":28.1,""Rpm"":-999,""Speed"":14.0,""SatelliteNumber"":18,""Azimuth"":280,""BatteryLevel"":100}]",0x252513005967030869487064485674003C38402D000000595200000007000061000000FFFFFFFFFFFFFFFFFFFF00D50050994000260416221415CD2C21456D3A94C2DEE697400140011803912810FFFFFF0000220000FFFFFF
2026-04-16 22:14:32.633,"[{""Protocol"":""0x2525"",""MessageType"":""LocationInfoMessage"",""ProtocolHeadType"":19,""Imei"":""869487064485674"",""SerialNo"":26372,""Mileage"":5282369,""Date"":""2026-04-16T22:15:08Z"",""IopIgnition"":true,""Latitude"":4.7472257614135742,""Longitude"":-74.116378784179688,""Altitude"":2568.5,""ExternalPowerVoltage"":27.75,""Rpm"":-999,""Speed"":7.0,""SatelliteNumber"":16,""Azimuth"":355,""BatteryLevel"":100}]",0x252513005967040869487064485674003C38402D000000645000000007000061000000FFFFFFFFFFFFFFFFFFFF00D500509A410026041622150800882045963B94C246E997400070016303912775FFFFFF00001F0000FFFFFF
2026-04-16 22:14:48.568,"[{""Protocol"":""0x2525"",""MessageType"":""LocationInfoMessage"",""ProtocolHeadType"":19,""Imei"":""869487064485674"",""SerialNo"":26373,""Mileage"":5282440,""Date"":""2026-04-16T22:15:24Z"",""IopIgnition"":true,""Latitude"":4.7478494644165039,""Longitude"":-74.116294860839844,""Altitude"":2565.89990234375,""ExternalPowerVoltage"":28.02,""Rpm"":-999,""Speed"":14.0,""SatelliteNumber"":16,""Azimuth"":55,""BatteryLevel"":100}]",0x252513005967050869487064485674003C38402D000000525000000007000061000000FFFFFFFFFFFFFFFFFFFF00D500509A8800260416221524665E20458B3B94C262EE97400140003703912802FFFFFF0000230000FFFFFF
2026-04-16 22:15:56.675,"[{""Protocol"":""0x2525"",""MessageType"":""LocationInfoMessage"",""ProtocolHeadType"":19,""Imei"":""869487064485674"",""SerialNo"":26374,""Mileage"":5282935,""Date"":""2026-04-16T22:16:32Z"",""IopIgnition"":true,""Latitude"":4.7508883476257324,""Longitude"":-74.113525390625,""Altitude"":2567.800048828125,""ExternalPowerVoltage"":28.04,""Rpm"":-999,""Speed"":14.0,""SatelliteNumber"":18,""Azimuth"":9,""BatteryLevel"":100}]",0x252513005967060869487064485674003C38402D000000645200000007000061000000FFFFFFFFFFFFFFFFFFFF00D500509C7700260416221632CD7C2045203A94C2470798400140000903912804FFFFFF00001F0000FFFFFF
2026-04-16 22:17:06.783,"[{""Protocol"":""0x2525"",""MessageType"":""LocationInfoMessage"",""ProtocolHeadType"":19,""Imei"":""869487064485674"",""SerialNo"":26375,""Mileage"":5283230,""Date"":""2026-04-16T22:17:42Z"",""IopIgnition"":true,""Latitude"":4.75322151184082,""Longitude"":-74.112335205078125,""Altitude"":2564.0,""ExternalPowerVoltage"":28.06,""Rpm"":-999,""Speed"":12.0,""SatelliteNumber"":18,""Azimuth"":323,""BatteryLevel"":100}]",0x252513005967070869487064485674003C38402D000000645200000007000061000000FFFFFFFFFFFFFFFFFFFF00D500509D9E0026041622174200402045843994C2641A98400120014303912806FFFFFF00001F0000FFFFFF
2026-04-16 22:17:10.622,"[{""Protocol"":""0x2525"",""MessageType"":""LocationInfoMessage"",""ProtocolHeadType"":19,""Imei"":""869487064485674"",""SerialNo"":26376,""Mileage"":5283246,""Date"":""2026-04-16T22:17:46Z"",""IopIgnition"":true,""Latitude"":4.75327205657959,""Longitude"":-74.112472534179688,""Altitude"":2563.800048828125,""ExternalPowerVoltage"":28.09,""Rpm"":-999,""Speed"":15.0,""SatelliteNumber"":18,""Azimuth"":276,""BatteryLevel"":100}]",0x252513005967080869487064485674003C38402D000000645200000007000061000000FFFFFFFFFFFFFFFFFFFF00D500509DAE00260416221746CD3C2045963994C2CE1A98400150011403912809FFFFFF00001F0000FFFFFF
2026-04-16 22:18:29.534,"[{""Protocol"":""0x2525"",""MessageType"":""LocationInfoMessage"",""ProtocolHeadType"":19,""Imei"":""869487064485674"",""SerialNo"":26377,""Mileage"":5283588,""Date"":""2026-04-16T22:19:05Z"",""IopIgnition"":true,""Latitude"":4.7535700798034668,""Longitude"":-74.11553955078125,""Altitude"":2563.199951171875,""ExternalPowerVoltage"":28.11,""Rpm"":-999,""Speed"":11.0,""SatelliteNumber"":16,""Azimuth"":276,""BatteryLevel"":100}]",0x252513005967090869487064485674003C38402D000000485000000007000061000000FFFFFFFFFFFFFFFFFFFF00D500509F040026041622190533332045283B94C23F1D98400110011403912811FFFFFF0000200000FFFFFF
2026-04-16 22:19:00.626,"[{""Protocol"":""0x2525"",""MessageType"":""LocationInfoMessage"",""ProtocolHeadType"":19,""Imei"":""869487064485674"",""SerialNo"":26378,""Mileage"":5283619,""Date"":""2026-04-16T22:19:36Z"",""IopIgnition"":true,""Latitude"":4.7536187171936035,""Longitude"":-74.115806579589844,""Altitude"":2559.10009765625,""ExternalPowerVoltage"":27.99,""Rpm"":-999,""Speed"":5.0,""SatelliteNumber"":17,""Azimuth"":326,""BatteryLevel"":100}]",0x2525130059670A0869487064485674003C38402D000000445100000007000061000000FFFFFFFFFFFFFFFFFFFF00D500509F23002604162219369AF11F454B3B94C2A51D98400050014603912799FFFFFF0000250000FFFFFF
2026-04-16 22:19:34.562,"[{""Protocol"":""0x2525"",""MessageType"":""LocationInfoMessage"",""ProtocolHeadType"":19,""Imei"":""869487064485674"",""SerialNo"":26379,""Mileage"":5283753,""Date"":""2026-04-16T22:20:10Z"",""IopIgnition"":true,""Latitude"":4.7548069953918457,""Longitude"":-74.115707397460938,""Altitude"":2562.89990234375,""ExternalPowerVoltage"":28.01,""Rpm"":-999,""Speed"":7.0,""SatelliteNumber"":16,""Azimuth"":15,""BatteryLevel"":100}]",0x2525130059670B0869487064485674003C38402D000000525000000007000061000000FFFFFFFFFFFFFFFFFFFF00D500509FA900260416222010662E20453E3B94C2612798400070000F03912801FFFFFF0000200000FFFFFF
2026-04-16 22:20:37.694,"[{""Protocol"":""0x2525"",""MessageType"":""LocationInfoMessage"",""ProtocolHeadType"":19,""Imei"":""869487064485674"",""SerialNo"":26380,""Mileage"":5283860,""Date"":""2026-04-16T22:21:13Z"",""IopIgnition"":true,""Latitude"":4.755523681640625,""Longitude"":-74.115653991699219,""Altitude"":2565.10009765625,""ExternalPowerVoltage"":28.17,""Rpm"":-999,""Speed"":19.0,""SatelliteNumber"":16,""Azimuth"":188,""BatteryLevel"":100}]",0x2525130059670C0869487064485674003C38402D0000003E5000000007000061000000FFFFFFFFFFFFFFFFFFFF00D50050A014002604162221139A512045373B94C2402D9840019000BC03912817FFFFFF0000200000FFFFFF
2026-04-16 22:21:38.592,"[{""Protocol"":""0x2525"",""MessageType"":""LocationInfoMessage"",""ProtocolHeadType"":19,""Imei"":""869487064485674"",""SerialNo"":26381,""Mileage"":5283915,""Date"":""2026-04-16T22:22:14Z"",""IopIgnition"":true,""Latitude"":4.7550411224365234,""Longitude"":-74.11572265625,""Altitude"":2565.10009765625,""ExternalPowerVoltage"":28.16,""Rpm"":-999,""Speed"":5.0,""SatelliteNumber"":18,""Azimuth"":333,""BatteryLevel"":100}]",0x2525130059670D0869487064485674003C38402D000000565200000007000061000000FFFFFFFFFFFFFFFFFFFF00D50050A04B002604162222149A512045403B94C24C2998400050014D03912816FFFFFF0000210000FFFFFF
2026-04-16 22:22:10.006,"[{""Protocol"":""0x2525"",""MessageType"":""LocationInfoMessage"",""ProtocolHeadType"":19,""Imei"":""869487064485674"",""SerialNo"":26382,""Mileage"":5283948,""Date"":""2026-04-16T22:22:45Z"",""IopIgnition"":true,""Latitude"":4.755183219909668,""Longitude"":-74.115974426269531,""Altitude"":2566.699951171875,""ExternalPowerVoltage"":28.15,""Rpm"":-999,""Speed"":5.0,""SatelliteNumber"":15,""Azimuth"":275,""BatteryLevel"":100}]",0x2525130059670E0869487064485674003C38402D000000564F00000007000061000000FFFFFFFFFFFFFFFFFFFF00D50050A06C00260416222245336B2045613B94C2762A98400050011303912815FFFFFF0000200000FFFFFF
2026-04-16 22:23:29.498,"[{""Protocol"":""0x2525"",""MessageType"":""LocationInfoMessage"",""ProtocolHeadType"":19,""Imei"":""869487064485674"",""SerialNo"":26383,""Mileage"":5283955,""Date"":""2026-04-16T22:24:05Z"",""IopIgnition"":true,""Latitude"":4.7551937103271484,""Longitude"":-74.116035461425781,""Altitude"":2566.10009765625,""ExternalPowerVoltage"":28.01,""Rpm"":-999,""Speed"":0.0,""SatelliteNumber"":18,""Azimuth"":285,""BatteryLevel"":100}]",0x2525130059670F0869487064485674003C38402D000000415200000007000061000000FFFFFFFFFFFFFFFFFFFF00D50050A073002604162224059A612045693B94C28C2A98400000011D03912801FFFFFF0000200000FFFFFF
2026-04-16 22:24:29.442,"[{""Protocol"":""0x2525"",""MessageType"":""LocationInfoMessage"",""ProtocolHeadType"":19,""Imei"":""869487064485674"",""SerialNo"":26384,""Mileage"":5283955,""Date"":""2026-04-16T22:25:04Z"",""IopIgnition"":true,""Latitude"":4.7551937103271484,""Longitude"":-74.116035461425781,""Altitude"":2566.10009765625,""ExternalPowerVoltage"":27.96,""Rpm"":-999,""Speed"":0.0,""SatelliteNumber"":16,""Azimuth"":285,""BatteryLevel"":100}]",0x252513005967100869487064485674003C38402D000000445000000007000061000000FFFFFFFFFFFFFFFFFFFF00D50050A073002604162225049A612045693B94C28C2A98400000011D03912796FFFFFF0000200000FFFFFF
2026-04-16 22:24:41.626,"[{""Protocol"":""0x2525"",""MessageType"":""LocationAlarmMessage"",""ProtocolHeadType"":20,""Imei"":""869487064485674"",""SerialNo"":1001,""Mileage"":5283955,""Date"":""2026-04-16T22:25:17Z"",""IopIgnition"":false,""Latitude"":4.7551937103271484,""Longitude"":-74.116035461425781,""Altitude"":2566.10009765625,""ExternalPowerVoltage"":27.96,""Rpm"":-999,""Speed"":0.0,""SatelliteNumber"":16,""Azimuth"":285,""OriginalAlarmCode"":23}]",0x252514005903E90869487064485674003C38402D000000485000000007000020000000FFFFFFFFFFFFFFFFFFFF17D50050A073002604162225179A612045693B94C28C2A98400000011D03912796FFFFFF0000210000FFFFFF
2026-04-16 23:49:55.113,"[{""Protocol"":""0x2525"",""MessageType"":""LocationAlarmMessage"",""ProtocolHeadType"":20,""Imei"":""869487064485674"",""SerialNo"":1002,""Mileage"":5283955,""Date"":""2026-04-16T23:50:26Z"",""IopIgnition"":true,""Latitude"":4.7551937103271484,""Longitude"":-74.116035461425781,""Altitude"":2566.10009765625,""ExternalPowerVoltage"":25.64,""Rpm"":-999,""Speed"":0.0,""SatelliteNumber"":16,""Azimuth"":285,""OriginalAlarmCode"":22}]",0x252514005903EA0869487064485674003C38402D0000004B5000000007000061000000FFFFFFFFFFFFFFFFFFFF16D50050A073002604162350269A612045693B94C28C2A98400000011D03912564FFFFFF00001D0000FFFFFF
2026-04-16 23:50:10.302,"[{""Protocol"":""0x2525"",""MessageType"":""LocationAlarmMessage"",""ProtocolHeadType"":20,""Imei"":""869487064485674"",""SerialNo"":1003,""Mileage"":5283955,""Date"":""2026-04-16T23:50:41Z"",""IopIgnition"":false,""Latitude"":4.7551937103271484,""Longitude"":-74.116035461425781,""Altitude"":2566.10009765625,""ExternalPowerVoltage"":27.71,""Rpm"":-999,""Speed"":0.0,""SatelliteNumber"":17,""Azimuth"":285,""OriginalAlarmCode"":23}]",0x252514005903EB0869487064485674003C38402D000000485100000007000020000000FFFFFFFFFFFFFFFFFFFF17D50050A073002604162350419A612045693B94C28C2A98400000011D03912771FFFFFF00001D0000FFFFFF