,fuel_data,date,raw_data
0,0,260521142204,40
1,6,260523143121,40
2,16,260523175836,40
3,18,260524000151,40
4,15,260524015111,40
5,15,260524033536,113
6,11,260525001435,40
7,11,260525113915,130
8,11,260525141451,40
9,11,260525141954,40
10,11,260525142454,40
11,11,260525142954,40
12,11,260525143454,40
13,11,260525143954,40
14,11,260525144454,40
15,11,260525144954,40
16,11,260525145454,40
17,11,260525145954,40
18,11,260525150454,40
19,11,260525150954,40
20,11,260525151453,40
21,11,260525151954,40
22,11,260525152454,40
23,11,260525152954,40
24,11,260525153454,40
25,11,260525153953,40
26,11,260525154454,40
27,11,260525154953,40
28,11,260525155454,40
29,11,260525155953,40
30,11,260525160454,40
31,11,260525160954,40
32,11,260525161454,40
33,11,260525161954,40
34,11,260525162454,40
35,11,260525162954,40
36,11,260525163454,40
37,11,260525163954,40
38,11,260525164454,40
39,11,260525164954,40
40,11,260525165454,40
41,11,260525165954,40
42,11,260525170454,40
43,11,260525170954,40
44,11,260525171454,40
45,11,260525171953,40
46,11,260525172454,40
47,11,260525172954,40
48,11,260525173454,40
49,11,260525173954,40
50,11,260525174454,40
51,11,260525174954,40
52,11,260525175453,40
53,11,260525175954,40
54,11,260525180454,40
55,11,260525180954,40
56,11,260525181454,40
57,11,260525181954,40
58,11,260525182454,40
59,11,260525182953,40
60,11,260525183454,40
61,11,260525183953,40
62,11,260525184454,40
63,11,260525184954,40
64,11,260525185454,40
65,11,260525185954,40
66,11,260525190453,40
67,11,260525190954,40
68,11,260525191453,40
69,11,260525191954,40
70,11,260525192454,40
71,11,260525192954,40
72,11,260525193454,40
73,11,260525193954,40
74,11,260525194454,40
75,11,260525194954,40
76,11,260525195454,40
77,11,260525195953,40
78,11,260525200454,40
79,11,260525200953,40
80,11,260525201454,40
81,11,260525201953,40
82,11,260525202454,40
83,11,260525202954,40
84,11,260525203340,40
85,11,260525203346,40
86,11,260525203351,40
87,11,260525203356,40
88,11,260525203401,40
89,11,260525203411,40
90,11,260525203416,40
91,11,260525203425,40
92,11,260525203639,40
93,11,260525204142,40
94,11,260525204505,40
95,11,260525205008,40
96,11,260525205508,40
97,11,260525210008,40
98,11,260525210508,40
99,11,260525211008,40
100,11,260525211508,40
101,11,260525212008,40
102,11,260525212508,40
103,11,260525213008,40
104,11,260525213508,40
105,11,260525214008,40
106,11,260525214508,40
107,11,260525215008,40
108,11,260525215508,40
109,11,260525220008,40
110,11,260525220508,40
111,11,260525220647,40
112,11,260525221150,40
113,11,260525221649,40
114,11,260525221731,40
115,11,260525222150,40
116,11,260525222650,40
117,11,260525223150,40
118,11,260525223649,40
119,11,260525224150,40
120,11,260525224649,40
121,11,260525225150,40
122,11,260525225649,40
123,11,260525230150,40
124,11,260525230649,40
125,11,260525231150,40
126,11,260525231650,40
127,11,260525232150,40
128,11,260525232650,40
129,11,260525233150,40
130,11,260525233650,40
131,11,260525234150,40
132,11,260525234650,40
133,11,260525235150,40
134,11,260525235650,40
135,11,260526000150,40
136,11,260526000650,40
137,11,260526001150,40
138,11,260526001650,40
139,11,260526002150,40
140,11,260526002649,40
141,11,260526003150,40
142,11,260526003649,40
143,11,260526004150,40
144,11,260526004649,40
145,11,260526005150,40
146,11,260526005650,40
147,11,260526010150,40
148,11,260526010650,40
149,11,260526011149,40
150,11,260526011650,40
151,11,260526012150,40
152,11,260526012650,40
153,11,260526013150,40
154,11,260526013650,40
155,11,260526014150,40
156,11,260526014650,40
157,11,260526015150,40
158,11,260526015650,40
159,11,260526020150,40
160,11,260526020650,40
161,11,260526021149,40
162,11,260526021650,40
163,11,260526022149,40
164,11,260526022650,40
165,11,260526023149,40
166,11,260526023650,40
167,11,260526024150,40
168,11,260526024650,40
169,11,260526025150,40
170,11,260526025556,40
171,11,260526025644,40
172,11,260526025858,40
173,11,260526025926,40
174,11,260526030401,40
175,11,260526030901,40
176,11,260526031401,40
177,11,260526031901,40
178,11,260526032400,40
179,11,260526032901,40
180,11,260526033400,40
181,11,260526033901,40
182,11,260526034401,40
183,11,260526034901,40
184,11,260526035401,40
185,11,260526035901,40
186,11,260526040401,40
187,11,260526040901,40
188,11,260526041401,40
189,11,260526041901,40
190,11,260526042401,40
191,11,260526042900,40
192,11,260526043401,40
193,11,260526043901,40
194,11,260526044401,40
195,11,260526044901,40
196,11,260526045401,40
197,11,260526045901,40
198,11,260526050401,40
199,11,260526050901,40
200,11,260526051400,40
201,11,260526051901,40
202,11,260526052401,40
203,11,260526052901,40
204,11,260526053401,40
205,11,260526053901,40
206,11,260526054401,40
207,11,260526054901,40
208,11,260526055401,40
209,11,260526055901,40
210,11,260526060401,40
211,11,260526060914,40
212,11,260526061401,40
213,11,260526061901,40
214,11,260526062401,40
215,11,260526062900,40
216,11,260526063400,40
217,11,260526063732,40
218,11,260526063759,40
219,11,260526063805,40
220,11,260526064235,40
221,11,260526064735,40
222,11,260526065235,40
223,11,260526065735,40
224,11,260526070235,40
225,11,260526070735,40
226,11,260526071235,40
227,11,260526071735,40
228,11,260526072235,40
229,11,260526072734,40
230,11,260526073235,40
231,11,260526073735,40
232,11,260526074235,40
233,11,260526074734,40
234,11,260526075235,40
235,11,260526075735,40
236,11,260526080235,40
237,11,260526080735,40
238,11,260526081235,40
239,11,260526081735,40
240,11,260526082235,40
241,11,260526082735,40
242,11,260526083234,40
243,11,260526083735,40
244,11,260526084235,40
245,11,260526084735,40
246,11,260526085235,40
247,11,260526085734,40
248,11,260526090235,40
249,11,260526090735,40
250,11,260526091235,40
251,11,260526091735,40
252,11,260526092235,40
253,11,260526092735,40
254,11,260526093234,40
255,11,260526093735,40
256,11,260526094235,40
257,11,260526094735,40
258,11,260526095235,40
259,11,260526095735,40
260,11,260526100235,40
261,11,260526100735,40
262,11,260526101234,40
263,11,260526101735,40
264,11,260526102235,40
265,11,260526102735,40
266,11,260526103235,40
267,11,260526103734,40
268,11,260526104235,40
269,11,260526104734,40
270,11,260526105235,40
271,11,260526105735,40
272,11,260526110235,40
273,11,260526110734,40
274,11,260526111235,40
275,11,260526111735,40
276,11,260526111850,71
277,11,260526111909,75
278,11,260526111921,77
279,9,260526111956,83
280,11,260526112028,88
281,11,260526112054,93
282,11,260526112105,95
283,11,260526112120,97
284,3,260526112125,98
285,3,260526112134,99
286,3,260526112139,100
287,3,260526112206,103
288,9,260526112233,103
289,9,260526112300,105
290,9,260526112327,106
291,9,260526112354,107
292,9,260526112421,108
293,9,260526112448,109
294,9,260526112515,110
295,9,260526112542,112
296,9,260526112609,113
297,9,260526112637,115
298,9,260526112641,115
299,9,260526112708,119
300,12,260526112730,122
301,12,260526112745,124
302,12,260526112750,124
303,12,260526112804,127
304,10,260526112831,127
305,10,260526112858,127
306,8,260526112925,127
307,8,260526112952,127
308,8,260526113019,128
309,10,260526113046,128
310,10,260526113113,127
311,11,260526113140,127
312,11,260526113204,127
313,11,260526113227,127
314,11,260526113254,128
315,11,260526113320,127
316,9,260526113347,128
317,9,260526113414,127
318,10,260526113439,127
319,10,260526113500,127
320,11,260526113530,127
321,11,260526113555,127
322,11,260526113620,127
323,9,260526113645,128
324,9,260526113710,127
325,8,260526113735,127
326,8,260526113800,128
327,8,260526113805,128
328,10,260526113828,128
329,10,260526113833,128
330,10,260526113900,127
331,10,260526114505,40
332,10,260526115005,40
333,10,260526115505,40
334,10,260526120002,119
335,10,260526120028,121
336,10,260526120052,123
337,10,260526120117,124
338,10,260526120142,127
339,10,260526120207,128
340,10,260526120219,129
341,9,260526120237,127
342,9,260526120322,128
343,11,260526120347,128
344,11,260526120412,128
345,11,260526120437,128
346,11,260526120501,128
347,11,260526120527,128
348,11,260526120552,128
349,11,260526120616,128
350,11,260526120642,128
351,11,260526120707,128
352,11,260526120732,128
353,11,260526120757,128
354,11,260526120822,128
355,11,260526120847,129
356,11,260526120911,128
357,11,260526120937,129
358,11,260526121002,129
359,10,260526121027,127
360,10,260526121051,128
361,10,260526121111,128
362,8,260526121142,127
363,8,260526121207,128
364,10,260526121232,127
365,10,260526121256,128
366,10,260526121307,128
367,10,260526121313,128
368,9,260526121339,127
369,9,260526121406,128
370,7,260526121433,129
371,7,260526121500,129
372,10,260526121526,129
373,10,260526121552,128
374,10,260526121557,128
375,10,260526121605,128
376,8,260526121631,128
377,8,260526121643,129
378,8,260526121648,129
379,8,260526121652,129
380,8,260526121718,128
381,9,260526121745,130
382,9,260526121812,130
383,8,260526121839,128
384,8,260526121906,128
385,10,260526121933,128
386,10,260526122000,127
387,10,260526122018,129
388,9,260526122052,127
389,9,260526122117,128
390,7,260526122142,128
391,7,260526122207,129
392,10,260526122232,130
393,10,260526122256,129
394,10,260526122322,129
395,10,260526122347,127
396,10,260526122412,127
397,12,260526122437,127
398,12,260526122501,128
399,9,260526122527,128
400,9,260526122552,130
401,9,260526122617,130
402,9,260526122641,129
403,9,260526122707,128
404,10,260526122729,127
405,10,260526122757,128
406,10,260526122821,128
407,10,260526122836,128
408,10,260526122841,128
409,10,260526122907,128
410,9,260526122934,128
411,9,260526122941,128
412,10,260526123026,130
413,10,260526123052,130
414,10,260526123117,129
415,10,260526123142,129
416,10,260526123206,130
417,10,260526123232,130
418,10,260526123257,130
419,10,260526123322,130
420,10,260526123347,130
421,10,260526123412,130
422,9,260526123437,130
423,9,260526123502,129
424,9,260526123527,128
425,9,260526123552,128
426,9,260526123616,128
427,9,260526123621,129
428,8,260526123651,130
429,10,260526123731,127
430,10,260526123757,130
431,10,260526123822,128
432,10,260526123831,127
433,10,260526123835,127
434,10,260526123902,128
435,9,260526123929,129
436,9,260526123956,128
437,9,260526124023,128
438,9,260526124050,128
439,9,260526124117,128
440,8,260526124142,130
441,8,260526124159,128
442,8,260526124204,128
443,8,260526124208,128
444,9,260526124234,128
445,9,260526124301,127
446,7,260526124328,129
447,7,260526124351,128
448,7,260526124412,128
449,7,260526124417,127
450,7,260526124422,127
451,11,260526124435,128
452,11,260526124440,128
453,11,260526124500,127
454,11,260526124505,128
455,11,260526124509,128
456,11,260526124518,128
457,3,260526124528,128
458,3,260526124546,127
459,3,260526124552,127
460,3,260526124619,130
461,8,260526124643,127
462,8,260526124653,127
463,8,260526124720,130
464,9,260526124747,129
465,9,260526124814,129
466,9,260526124841,127
467,9,260526124908,130
468,9,260526124935,127
469,9,260526125002,130
470,9,260526125027,130
471,9,260526125052,127
472,9,260526125117,130
473,8,260526125142,130
474,8,260526125206,128
475,9,260526125231,128
476,9,260526125257,130
477,9,260526125322,128
478,7,260526125347,129
479,7,260526125412,130
480,9,260526125436,128
481,9,260526125501,127
482,8,260526125527,130
483,8,260526125552,130
484,8,260526125617,128
485,8,260526125642,128
486,8,260526125707,130
487,9,260526125732,130
488,9,260526125757,130
489,9,260526125822,127
490,8,260526125827,127
491,8,260526125837,130
492,8,260526125904,127
493,9,260526125931,128
494,9,260526125958,128
495,9,260526130025,130
496,9,260526130052,129
497,9,260526130117,129
498,8,260526130141,129
499,8,260526130206,128
500,8,260526130232,129
501,8,260526130257,130
502,8,260526130322,130
503,8,260526130347,127
504,8,260526130356,129
505,8,260526130400,130
506,10,260526130427,128
507,10,260526130434,128
508,10,260526130501,128
509,8,260526130528,129
510,8,260526130541,129
511,8,260526130608,130
512,8,260526130619,128
513,9,260526130633,128
514,9,260526130701,127
515,9,260526130707,127
516,9,260526130713,128
517,8,260526130740,129
518,8,260526130807,126
519,10,260526130834,130
520,10,260526130901,130
521,10,260526130928,129
522,10,260526130955,130
523,10,260526131022,127
524,7,260526131033,130
525,7,260526131038,130
526,7,260526131105,127
527,9,260526131132,130
528,9,260526131159,128
529,9,260526131207,128
530,9,260526131225,128
531,11,260526131231,128
532,11,260526131247,128
533,11,260526131253,128
534,11,260526131320,128
535,10,260526131347,128
536,10,260526131414,129
537,8,260526131441,130
538,8,260526131508,130
539,8,260526131535,130
540,8,260526132142,40
541,8,260526132641,40
542,8,260526133142,40
543,8,260526133642,40
544,8,260526134142,40
545,8,260526134642,40
546,11,260526024150,40
547,8,260526135141,40
548,8,260526135642,40
549,8,260526140142,40
550,8,260526140642,40
551,8,260526141142,40
552,8,260526141641,40
553,8,260526142142,40
554,8,260526142642,40
555,8,260526143142,40
556,8,260526143642,40
557,8,260526144142,40
558,8,260526144642,40
559,8,260526145142,40
560,8,260526145642,40
561,8,260526150142,40
562,8,260526150642,40
563,8,260526151142,40
564,8,260526151642,40
565,8,260526152142,40
566,8,260526152642,40
567,8,260526153141,40
568,8,260526153641,40
569,8,260526154142,40
570,8,260526154642,40
571,8,260526155142,40
572,8,260526155642,40
573,8,260526160142,40
574,8,260526160642,40
575,8,260526161142,40
576,8,260526161641,40
577,8,260526162141,40
578,8,260526162641,40
579,8,260526163142,40
580,8,260526163642,40
581,8,260526163748,40
582,8,260526164250,40
583,8,260526164750,40
584,8,260526165250,40
585,8,260526165749,40
586,8,260526170249,40
587,8,260526170750,40
588,8,260526171250,40
589,8,260526171750,40
590,8,260526172250,40
591,8,260526172750,40
592,8,260526173250,40
593,8,260526173750,40
594,8,260526174249,40
595,8,260526174750,40
596,8,260526175250,40
597,8,260526175750,40
598,8,260526180250,40
599,8,260526180750,40
600,8,260526181250,40
601,8,260526181750,40
602,8,260526182249,40
603,8,260526182750,40
604,8,260526183250,40
605,8,260526183750,40
606,8,260526184250,40
607,8,260526184750,40
608,8,260526185250,40
609,8,260526185750,40
610,8,260526190250,40
611,8,260526190750,40
612,8,260526191250,40
613,8,260526191750,40
614,8,260526192250,40
615,8,260526192750,40
616,8,260526193249,40
617,8,260526193749,40
618,8,260526194250,40
619,8,260526194750,40
620,8,260526195250,40
621,8,260526195750,40
622,8,260526200250,40
623,8,260526200749,40
624,8,260526201250,40
625,8,260526201750,40
626,8,260526201933,40
627,8,260526201939,40
628,8,260526202014,40
629,8,260526202130,40
630,8,260526202135,40
631,8,260526202632,40
632,8,260526203110,40
633,8,260526203632,40
634,8,260526204132,40
635,8,260526204253,40
636,8,260526204258,40
637,8,260526204310,40
638,8,260526204327,40
639,8,260526204755,40
640,8,260526205255,40
641,8,260526205756,40
642,8,260526210256,40
643,8,260526210756,40
644,8,260526211256,40
645,8,260526211756,40
646,8,260526212256,40
647,8,260526212756,40
648,8,260526212956,40
649,8,260526213459,40
650,8,260526213932,40
651,8,260526214459,40
652,8,260526214959,40
653,8,260526215459,40
654,8,260526215959,40
655,8,260526220459,40
656,8,260526220959,40
657,8,260526221442,40
658,8,260526221457,40
659,8,260526221601,40
660,8,260526221653,40
661,8,260526222104,40
662,8,260526222156,40
663,8,260526222326,40
664,8,260526222333,40
665,8,260526222829,40
666,8,260526223329,40
667,8,260526223829,40
668,8,260526224329,40
669,8,260526224829,40
670,8,260526225329,40
671,8,260526225829,40
672,8,260526230329,40
673,8,260526230829,40
674,8,260526231329,40
675,8,260526231811,79
676,7,260526231836,82
677,7,260526231901,85
678,7,260526231926,88
679,7,260526231951,91
680,7,260526232013,94
681,7,260526232018,95
682,7,260526232024,97
683,7,260526232029,97
684,6,260526232056,99
685,6,260526232124,101
686,6,260526232151,103
687,6,260526232218,105
688,6,260526232246,106
689,6,260526232311,108
690,6,260526232336,110
691,6,260526232401,112
692,6,260526232426,114
693,6,260526232451,115
694,6,260526232516,117
695,6,260526232541,118
696,6,260526232835,126
697,6,260526232900,127
698,6,260526232925,127
699,6,260526232950,128
700,6,260526233015,127
701,6,260526233040,127
702,6,260526233049,127
703,5,260526233129,127
704,5,260526233139,127
705,7,260526233220,128
706,7,260526233245,128
707,7,260526233310,128
708,7,260526233335,128
709,7,260526233339,128
710,7,260526233345,127
711,11,260526233352,128
712,11,260526233357,128
713,11,260526233424,127
714,7,260526233451,128
715,7,260526233518,128
716,7,260526233545,127
717,7,260526233553,127
718,7,260526233558,128
719,7,260526233625,127
720,9,260526233652,129
721,9,260526233719,128
722,9,260526233746,127
723,9,260526233813,129
724,9,260526233820,128
725,9,260526233829,127
726,9,260526233834,127
727,5,260526233857,128
728,5,260526233924,129
729,8,260526233951,127
730,8,260526234004,129
731,8,260526234017,128
732,8,260526234044,128
733,7,260526234111,126
734,7,260526234138,129
735,9,260526234151,127
736,9,260526234156,127
737,9,260526234223,128
738,8,260526234250,129
739,8,260526234317,128
740,8,260526234344,129
741,7,260526234349,128
742,7,260526234354,128
743,7,260526234421,127
744,7,260526234448,127
745,9,260526234515,129
746,9,260526234542,128
747,8,260526234609,130
748,8,260526234627,128
749,8,260526234632,127
750,6,260526234659,128
751,6,260526234726,128
752,7,260526234753,128
753,7,260526234820,129
754,7,260526234847,129
755,8,260526234914,128
756,8,260526234941,130
757,8,260526235008,129
758,8,260526235035,128
759,6,260526235102,128
760,6,260526235112,129
761,6,260526235118,130
762,6,260526235145,127
763,6,260526235212,130
764,6,260526235237,127
765,6,260526235242,127
766,8,260526235309,128
767,8,260526235314,128
768,8,260526235341,129
769,9,260526235408,128
770,9,260526235435,128
771,8,260526235455,130
772,8,260526235522,128
773,6,260526235550,128
774,6,260526235617,127
775,6,260526235643,128
776,6,260526235648,129
777,10,260526235715,129
778,10,260526235742,127
779,7,260526235809,128
780,7,260526235836,130
781,7,260526235903,129
782,7,260526235930,129
783,8,260526235957,127
784,8,260527000022,129
785,8,260527000049,127
786,8,260527000116,128
787,8,260527000121,129
788,8,260527000127,130
789,4,260527000154,128
790,4,260527000810,40
791,4,260527001310,40
792,4,260527001810,40
793,4,260527002310,40
794,4,260527002810,40
795,4,260527003309,40
796,4,260527003809,40
797,4,260527004310,40
798,4,260527004810,40
799,4,260527005310,40
800,4,260527005810,40
801,4,260527010310,40
802,4,260527010810,40
803,4,260527011310,40
804,4,260527011810,40
805,4,260527011859,103
806,4,260527011912,106
807,4,260527011919,107
808,4,260527011946,109
809,7,260527012013,113
810,7,260527012040,115
811,7,260527012105,117
812,7,260527012130,120
813,8,260527012155,122
814,8,260527012220,124
815,8,260527012245,126
816,8,260527012310,127
817,8,260527012335,127
818,7,260527112157,76
819,7,260527112205,77
820,7,260527112210,78
821,7,260527112217,79
822,7,260527112244,82
823,6,260527112250,82
824,6,260527112317,88
825,6,260527112333,88
826,7,260527112350,92
827,7,260527112417,97
828,7,260527112444,100
829,8,260527112511,102
830,8,260527112538,103
831,7,260527112606,105
832,7,260527112627,106
833,7,260527112647,109
834,7,260527112652,109
835,7,260527112719,112
836,7,260527112725,113
837,4,260527112752,118
838,4,260527112757,118
839,4,260527112801,118
840,4,260527112805,120
841,4,260527112811,121
842,4,260527112838,122
843,4,260527112843,124
844,7,260527112910,128
845,7,260527112938,124
846,9,260527113005,125
847,9,260527113032,127
848,7,260527113059,127
849,7,260527113126,127
850,7,260527113142,127
851,4,260527113206,127
852,4,260527113233,127
853,7,260527113300,128
854,7,260527113320,127
855,8,260527113347,127
856,8,260527113402,127
857,8,260527113429,127
858,6,260527113456,128
859,6,260527113523,127
860,6,260527113551,127
861,6,260527113618,128
862,6,260527113645,128
863,9,260527113649,128
864,9,260527113655,128
865,9,260527113701,128
866,9,260527113728,127
867,5,260527113755,129
868,5,260527113822,127
869,5,260527114427,40
870,5,260527114510,124
871,5,260527114537,124
872,5,260527114550,124
873,10,260527114617,124
874,10,260527114644,124
875,10,260527114658,124
876,6,260527114703,124
877,6,260527114730,128
878,6,260527114757,128
879,7,260527114802,128
880,7,260527114829,127
881,7,260527114856,127
882,6,260527114913,128
883,6,260527114918,128
884,6,260527114938,128
885,6,260527114942,128
886,6,260527115009,130
887,6,260527115024,129
888,6,260527115051,127
889,7,260527115118,128
890,7,260527115145,129
891,7,260527115212,128
892,7,260527115239,128
893,7,260527115305,128
894,7,260527115332,128
895,7,260527115357,128
896,6,260527115417,128
897,6,260527115438,128
898,7,260527115505,128
899,7,260527115516,128
900,7,260527115534,128
901,7,260527115539,128
902,7,260527115550,128
903,7,260527115555,128
904,3,260527115622,127
905,3,260527115649,128
906,8,260527115716,130
907,8,260527115743,129
908,6,260527115809,127
909,6,260527115837,128
910,7,260527115902,127
911,7,260527115926,129
912,7,260527115952,129
913,7,260527120017,127
914,7,260527120042,130
915,5,260527120107,128
916,5,260527120132,127
917,5,260527120158,128
918,6,260527120222,128
919,6,260527120247,127
920,8,260527120312,129
921,8,260527120336,128
922,7,260527120402,129
923,7,260527120427,127
924,7,260527120452,129
925,6,260527120516,128
926,6,260527120542,128
927,6,260527120607,129
928,6,260527120632,128
929,6,260527120657,127
930,6,260527120721,127
931,6,260527120747,129
932,6,260527120812,127
933,6,260527120837,130
934,5,260527120926,128
935,6,260527121022,127
936,6,260527121106,127
937,6,260527121132,128
938,6,260527121157,128
939,6,260527121222,126
940,6,260527121247,127
941,8,260527121312,128
942,8,260527121336,128
943,5,260527121402,128
944,5,260527121427,128
945,6,260527121516,128
946,6,260527121607,128
947,6,260527121632,130
948,6,260527121657,128
949,5,260527121719,128
950,5,260527121724,128
951,7,260527121812,129
952,7,260527121837,127
953,6,260527121902,128
954,6,260527121906,128
955,6,260527121912,128
956,6,260527121924,128
957,6,260527121936,127
958,6,260527122003,130
959,6,260527122030,130
960,6,260527122057,128
961,6,260527122124,129
962,6,260527122150,129
963,6,260527122217,128
964,6,260527122236,128
965,5,260527122303,128
966,5,260527122330,127
967,5,260527122335,127
968,5,260527122340,127
969,6,260527122400,128
970,6,260527122407,128
971,6,260527122434,128
972,6,260527122501,128
973,6,260527122555,128
974,7,260527122621,128
975,7,260527122648,127
976,7,260527122715,127
977,7,260527122742,129
978,6,260527122809,130
979,6,260527122836,128
980,6,260527122902,128
981,6,260527122927,128
982,6,260527122952,128
983,6,260527123017,128
984,6,260527123042,129
985,6,260527123107,129
986,6,260527123131,129
987,6,260527123157,127
988,3,260527123222,128
989,3,260527123247,128
990,3,260527123254,128
991,9,260527123337,128
992,7,260527123402,128
993,7,260527123427,130
994,7,260527123452,127
995,5,260527123517,128
996,5,260527123541,127
997,6,260527123607,127
998,6,260527123632,128
999,6,260527123657,127
1000,6,260527123722,128
1001,6,260527123747,127
1002,5,260527123812,127
1003,5,260527123837,127
1004,6,260527123901,127
1005,6,260527123919,127
1006,6,260527123952,128
1007,6,260527124017,126
1008,6,260527124042,127
1009,5,260527124107,128
1010,5,260527124132,125
1011,5,260527124157,128
1012,6,260527124222,127
1013,6,260527124246,128
1014,5,260527124312,127
1015,5,260527124337,127
1016,4,260527124402,129
1017,4,260527124427,128
1018,4,260527124452,127
1019,4,260527124516,127
1020,4,260527124542,130
1021,4,260527124607,127
1022,4,260527124632,129
1023,4,260527124657,130
1024,5,260527124713,128
1025,5,260527124718,127
1026,5,260527124722,127
1027,5,260527124726,127
1028,5,260527124753,129
1029,3,260527124808,127
1030,3,260527124835,129
1031,5,260527124902,129
1032,5,260527124929,130
1033,5,260527124956,129
1034,5,260527125023,127
1035,5,260527125049,130
1036,5,260527125116,130
1037,5,260527125143,130
1038,4,260527125210,127
1039,4,260527125237,130
1040,4,260527125304,127
1041,4,260527125331,130
1042,4,260527125358,130
1043,4,260527125424,127
1044,4,260527125452,130
1045,5,260527125517,128
1046,5,260527125542,130
1047,4,260527125607,130
1048,4,260527125632,128
1049,4,260527125657,129
1050,7,260527125722,130
1051,7,260527125747,129
1052,4,260527125812,128
1053,4,260527125837,128
1054,4,260527125901,130
1055,4,260527125926,127
1056,4,260527125952,130
1057,7,260527130017,128
1058,7,260527130042,129
1059,7,260527130048,128
1060,7,260527130053,128
1061,5,260527130121,127
1062,5,260527130148,128
1063,5,260527130215,130
1064,5,260527130242,129
1065,4,260527130309,128
1066,4,260527130336,128
1067,4,260527130402,128
1068,4,260527130427,128
1069,4,260527130452,130
1070,6,260527130516,130
1071,6,260527130541,129
1072,5,260527130607,129
1073,5,260527130632,129
1074,5,260527130658,129
1075,6,260527130714,128
1076,6,260527130720,128
1077,6,260527130733,127
1078,6,260527130747,128
1079,6,260527130837,130
1080,6,260527130902,129
1081,6,260527130927,129
1082,6,260527130952,129
1083,6,260527131017,129
1084,6,260527131041,129
1085,6,260527131106,130
1086,6,260527131132,129
1087,6,260527131157,129
1088,6,260527131222,127
1089,6,260527131229,128
1090,6,260527131234,128
1091,4,260527131301,128
1092,4,260527131328,130
1093,4,260527131355,128
1094,4,260527131422,127
1095,4,260527131449,127
1096,4,260527131455,127
1097,7,260527131515,128
1098,7,260527131542,127
1099,6,260527131607,129
1100,6,260527131620,127
1101,6,260527131625,127
1102,6,260527131638,127
1103,6,260527131643,127
1104,4,260527131710,128
1105,4,260527131737,127
1106,4,260527131743,127
1107,4,260527131810,129
1108,4,260527131820,129
1109,4,260527131847,127
1110,4,260527131855,127
1111,5,260527131905,129
1112,5,260527131910,129
1113,5,260527131937,128
1114,6,260527132004,127
1115,6,260527132031,128
1116,6,260527132058,130
1117,5,260527132125,130
1118,5,260527132152,128
1119,5,260527132220,129
1120,5,260527132247,128
1121,4,260527132312,127
1122,4,260527132333,129
1123,4,260527132338,130
1124,5,260527132427,129
1125,5,260527132446,129
1126,5,260527132451,128
1127,5,260527132516,129
1128,5,260527132525,130
1129,3,260527132606,130
1130,3,260527132631,128
1131,3,260527132657,129
1132,4,260527132721,130
1133,4,260527132728,130
1134,5,260527132811,130
1135,5,260527132837,127
1136,4,260527132902,127
1137,4,260527132927,130
1138,4,260527132951,130
1139,4,260527133017,128
1140,4,260527133038,127
1141,4,260527133043,128
1142,6,260527133122,127
1143,6,260527133127,127
1144,6,260527133154,130
1145,3,260527133222,127
1146,3,260527133247,129
1147,5,260527133312,130
1148,5,260527133337,129
1149,4,260527133401,128
1150,4,260527133426,130
1151,4,260527133451,130
1152,5,260527133516,127
1153,5,260527133542,130
1154,3,260527133607,129
1155,3,260527133632,130
1156,3,260527133657,130
1157,4,260527133722,130
1158,4,260527133747,127
1159,4,260527133752,127
1160,4,260527133806,130
1161,4,260527133811,131
1162,4,260527133838,127
1163,4,260527133855,130
1164,3,260527133901,130
1165,3,260527133928,128
1166,3,260527133955,130
1167,6,260527134001,130
1168,6,260527134006,130
1169,6,260527134033,127
1170,3,260527134100,130
1171,6,260527134249,130
1172,5,260527134313,127
1173,5,260527134340,127
1174,4,260527134407,130
1175,33,260527135417,132
1176,33,260527135441,133
1177,33,260527135450,130
1178,33,260527135459,128
1179,33,260527135504,127
1180,33,260527135521,127
1181,33,260527135548,127
1182,33,260527135615,127
1183,33,260527135641,128
1184,33,260527135708,130
1185,33,260527135723,127
1186,33,260527135728,127
1187,33,260527135755,130
1188,33,260527135821,128
1189,33,260527135848,130
1190,33,260527135853,129
1191,33,260527135901,128
1192,33,260527135928,128
1193,33,260527135940,129
1194,33,260527140007,128
1195,33,260527140034,128
1196,33,260527140101,129
1197,33,260527140123,127
1198,33,260527140128,127
1199,33,260527140140,129
1200,33,260527140145,130
1201,33,260527140157,129
1202,33,260527140224,128
1203,33,260527140251,129
1204,33,260527140852,40
1205,33,260527141352,40
1206,33,260527141852,40
1207,33,260527142352,40
1208,33,260527142852,40
1209,33,260527143352,40
1210,33,260527143852,40
1211,33,260527144352,40
1212,33,260527144852,40
1213,33,260527145352,40
1214,33,260527145852,40
1215,33,260527150352,40
1216,33,260527150852,40
1217,33,260527151352,40
1218,33,260527151852,40
1219,33,260527152352,40
1220,33,260527152852,40
1221,33,260527153352,40
1222,33,260527153852,40
1223,33,260527154352,40
1224,33,260527154852,40
1225,33,260527155352,40
1226,33,260527155852,40
1227,33,260527160352,40
1228,33,260527160852,40
1229,33,260527161352,40
1230,33,260527161852,40
1231,33,260527162352,40
1232,33,260527162852,40
1233,33,260527163352,40
1234,33,260527163852,40
1235,33,260527164352,40
1236,33,260527164852,40
1237,33,260527165140,40
1238,33,260527165228,40
1239,33,260527165643,40
1240,33,260527170143,40
1241,33,260527170642,40
1242,33,260527171143,40
1243,33,260527171643,40
1244,33,260527172143,40
1245,33,260527172643,40
1246,33,260527173143,40
1247,33,260527173643,40
1248,33,260527174143,40
1249,33,260527174643,40
1250,33,260527175143,40
1251,33,260527175643,40
1252,33,260527175655,40
1253,33,260527180142,40
1254,33,260527180643,40
1255,33,260527181143,40
1256,33,260527181643,40
1257,33,260527182142,40
1258,33,260527182222,40
1259,33,260527182250,40
1260,33,260527182255,40
1261,33,260527182259,40
1262,33,260527182303,40
1263,33,260527182308,40
1264,33,260527182311,40
1265,33,260527182316,40
1266,33,260527182320,40
1267,33,260527182324,40
1268,33,260527182329,40
1269,33,260527182334,40
1270,33,260527182340,40
1271,33,260527182344,40
1272,33,260527182513,40
1273,33,260527182518,40
1274,33,260527182522,40
1275,33,260527182528,40
1276,33,260527182533,40
1277,33,260527182541,40
1278,33,260527182546,40
1279,33,260527182551,40
1280,33,260527182558,40
1281,33,260527182603,40
1282,33,260527182608,40
1283,33,260527182613,40
1284,33,260527182619,40
1285,33,260527182625,40
1286,33,260527182629,40
1287,33,260527182635,40
1288,33,260527182639,40
1289,33,260527182645,40
1290,33,260527182649,40
1291,33,260527182701,40
1292,33,260527182719,40
1293,33,260527182725,40
1294,33,260527182735,40
1295,33,260527182740,40
1296,33,260527182759,40
1297,33,260527182815,40
1298,33,260527182907,40
1299,33,260527183005,40
1300,33,260527183410,40
1301,33,260527183658,40
1302,33,260527183808,40
1303,33,260527183827,40
1304,33,260527183832,40
1305,33,260527183837,40
1306,33,260527183858,40
1307,33,260527183949,40
1308,33,260527183956,40
1309,33,260527184001,40
1310,33,260527184017,40
1311,33,260527184024,40
1312,33,260527184030,40
1313,33,260527184046,40
1314,33,260527184053,40
1315,33,260527184101,40
1316,33,260527184130,40
1317,33,260527184135,40
1318,33,260527184351,40
1319,33,260527184854,40
1320,33,260527185354,40
1321,33,260527185854,40
1322,33,260527190354,40
1323,33,260527190854,40
1324,33,260527191354,40
1325,33,260527191853,40
1326,33,260527192353,40
1327,33,260527192853,40
1328,33,260527193354,40
1329,33,260527193854,40
1330,33,260527194354,40
1331,33,260527194854,40
1332,33,260527195354,40
1333,33,260527195854,40
1334,33,260527200354,40
1335,33,260527200854,40
1336,33,260527201354,40
1337,33,260527201854,40
1338,33,260527202103,40
1339,33,260527202256,40
1340,33,260527202331,40
1341,33,260527202356,40
1342,33,260527202402,40
1343,33,260527202407,40
1344,33,260527202422,40
1345,33,260527202427,40
1346,33,260527202432,40
1347,33,260527202717,40
1348,33,260527202728,40
1349,33,260527202733,40
1350,33,260527202737,40
1351,33,260527202743,40
1352,33,260527202754,40
1353,33,260527203219,40
1354,33,260527203718,40
1355,33,260527203841,40
1356,33,260527203847,40
1357,33,260527203856,40
1358,33,260527203902,40
1359,33,260527203910,40
1360,33,260527203943,40
1361,33,260527204155,40
1362,33,260527204201,40
1363,33,260527204657,40
1364,33,260527204715,40
1365,33,260527204724,40
1366,33,260527204735,40
1367,33,260527204751,40
1368,33,260527205001,40
1369,33,260527205006,40
1370,33,260527205013,40
1371,33,260527205049,40
1372,33,260527205117,40
1373,33,260527205254,40
1374,33,260527205757,40
1375,33,260527210257,40
1376,33,260527210757,40
1377,33,260527211257,40
1378,33,260527211757,40
1379,33,260527212257,40
1380,33,260527212757,40
1381,33,260527213257,40
1382,33,260527213756,40
1383,33,260527214256,40
1384,33,260527214757,40
1385,33,260527215203,40
1386,33,260527215209,40
1387,33,260527215214,40
1388,33,260527215219,40
1389,33,260527215223,40
1390,33,260527215757,40
1391,33,260527220257,40
1392,33,260527220756,40
1393,33,260527221256,40
1394,33,260527221757,40
1395,33,260527222257,40
1396,33,260527222757,40
1397,33,260527223257,40
1398,33,260527223757,40
1399,33,260527224256,40
1400,33,260527224756,40
1401,33,260527225257,40
1402,33,260527225757,40
1403,33,260527225945,40
1404,33,260527230447,40
1405,33,260527230947,40
1406,33,260527231033,40
1407,33,260527231042,40
1408,33,260527231056,40
1409,33,260527231315,77
1410,33,260527231340,79
1411,33,260527231405,83
1412,33,260527231430,85
1413,33,260527231454,88
1414,33,260527231520,91
1415,33,260527231545,94
1416,33,260527231610,96
1417,33,260527231634,98
1418,33,260527231704,101
1419,33,260527231709,103
1420,33,260527231715,103
1421,33,260527231722,105
1422,33,260527231727,106
1423,33,260527231735,106
1424,33,260527231802,109
1425,33,260527231829,112
1426,33,260527231856,114
1427,33,260527231923,115
1428,33,260527231950,117
1429,33,260527232017,118
1430,33,260527232043,119
1431,33,260527232110,120
1432,33,260527232135,121
1433,33,260527232200,123
1434,33,260527232205,123
1435,33,260527232250,127
1436,33,260527232314,127
1437,33,260527232335,127
1438,33,260527232340,128
1439,33,260527232430,127
1440,33,260527232455,128
1441,33,260527232520,127
1442,33,260527232545,127
1443,33,260527232610,129
1444,33,260527232635,127
1445,33,260527232659,127
1446,33,260527232722,127
1447,33,260527232727,127
1448,33,260527232815,127
1449,33,260527232839,128
1450,32,260527232905,127
1451,32,260527232930,130
1452,33,260527232955,130
1453,33,260527233020,129
1454,33,260527233044,129
1455,33,260527233110,127
1456,33,260527233135,128
1457,33,260527233200,128
1458,33,260527233225,130
1459,33,260527233249,130
1460,33,260527233315,129
1461,33,260527233340,128
1462,33,260527233405,129
1463,33,260527233430,130
1464,33,260527233455,130
1465,33,260527233520,127
1466,33,260527233545,129
1467,33,260527233610,127
1468,33,260527233634,128
1469,33,260527233648,128
1470,33,260527233654,128
1471,33,260527233659,128
1472,33,260527233704,128
1473,33,260527233731,127
1474,33,260527233754,128
1475,33,260527233821,129
1476,33,260527233848,129
1477,33,260527233904,128
1478,33,260527233931,127
1479,33,260527233958,128
1480,33,260527234025,127
1481,33,260527234052,130
1482,33,260527234119,130
1483,33,260527234146,130
1484,33,260527234213,128
1485,33,260527234240,127
1486,33,260527234306,128
1487,33,260527234333,130
1488,33,260527234400,130
1489,33,260527234427,129
1490,32,260527234454,127
1491,32,260527234520,130
1492,32,260527234530,129
1493,33,260527234610,130
1494,33,260527234635,127
1495,33,260527234654,129
1496,33,260527234725,128
1497,33,260527234730,128
1498,33,260527234743,128
1499,33,260527234810,130
1500,33,260527234835,130
1501,33,260527234902,128
1502,33,260527234930,129
1503,33,260527235455,40
1504,33,260527235955,40
1505,33,260528000250,127
1506,33,260528000318,130
1507,33,260528000354,127
1508,33,260528000419,129
1509,33,260528000444,129
1510,33,260528001009,40
1511,33,260528001509,40
1512,33,260528002009,40
1513,33,260528002045,124
1514,33,260528002052,124
1515,33,260528002119,129
1516,33,260528002135,130
1517,33,260528002202,127
1518,33,260528002229,130
1519,33,260528002256,127
1520,33,260528002304,128
1521,33,260528002309,130
1522,33,260528002336,127
1523,33,260528002403,129
1524,33,260528002430,127
1525,33,260528002457,128
1526,33,260528002524,129
1527,33,260528002551,130
1528,33,260528002627,40
1529,33,260528003148,40
1530,33,260528003648,40
1531,33,260528004149,40
1532,33,260528004649,40
1533,33,260528005149,40
1534,33,260528005649,40
1535,33,260528010149,40
1536,33,260528010649,40
1537,33,260528011149,40
1538,33,260528011648,40
1539,33,260528012149,40
1540,33,260528012648,40
1541,33,260528013149,40
1542,33,260528013648,40
1543,33,260528014149,40
1544,33,260528014514,109
1545,33,260528014519,109
1546,33,260528014524,110
1547,33,260528014543,113
1548,33,260528014611,117
1549,33,260528014616,118
1550,33,260528014643,121
1551,33,260528014659,123
1552,33,260528014704,124
1553,33,260528014729,126
1554,33,260528014756,128
1555,33,260528014824,127
1556,33,260528014851,127
1557,33,260528014918,127
1558,33,260528014945,127
1559,33,260528015012,128
1560,33,260528015039,129
1561,33,260528015104,128
1562,33,260528015138,40
1563,33,260528015629,40
1564,33,260528020129,40
1565,33,260528020629,40
1566,33,260528021128,40
1567,33,260528021629,40
1568,33,260528022128,40
1569,33,260528022629,40
1570,33,260528023129,40
1571,33,260528023629,40
1572,33,260528024129,40
1573,33,260528024629,40
1574,33,260528025129,40
1575,33,260528025629,40
1576,33,260528030129,40
1577,33,260528030628,40
1578,33,260528031129,40
1579,33,260528031629,40
1580,33,260528032129,40
1581,33,260528032629,40
1582,33,260528033129,40
1583,33,260528033629,40
1584,33,260528034129,40
1585,33,260528034629,40
1586,33,260528035129,40
1587,33,260528035629,40
1588,33,260528040128,40
1589,33,260528040629,40
1590,33,260528041128,40
1591,33,260528041629,40
1592,33,260528042129,40
1593,33,260528042629,40
1594,33,260528043129,40
1595,33,260528043629,40
1596,33,260528044129,40
1597,33,260528044629,40
1598,33,260528045128,40
1599,33,260528045629,40
1600,33,260528050128,40
1601,33,260528050629,40
1602,33,260528051129,40
1603,33,260528051629,40
1604,33,260528052129,40
1605,33,260528052628,40
1606,33,260528053129,40
1607,33,260528053628,40
1608,33,260528054129,40
1609,33,260528054629,40
1610,33,260528055129,40
1611,33,260528055629,40
1612,33,260528060128,40
1613,33,260528060629,40
1614,33,260528061128,40
1615,33,260528061629,40
1616,33,260528062128,40
1617,33,260528062629,40
1618,33,260528063129,40
1619,33,260528063629,40
1620,33,260528064129,40
1621,33,260528064629,40
1622,33,260528065129,40
1623,33,260528065629,40
1624,33,260528070129,40
1625,33,260528070629,40
1626,33,260528071129,40
1627,33,260528071629,40
1628,33,260528072129,40
1629,33,260528072629,40
1630,33,260528073129,40
1631,33,260528073628,40
1632,33,260528074129,40
1633,33,260528074629,40
1634,33,260528075129,40
1635,33,260528075629,40
1636,33,260528080128,40
1637,33,260528080629,40
1638,33,260528081129,40
1639,33,260528081629,40
1640,33,260528082129,40
1641,33,260528082629,40
1642,33,260528083129,40
1643,33,260528083628,40
1644,33,260528084129,40
1645,33,260528084629,40
1646,33,260528085129,40
1647,33,260528085629,40
1648,33,260528090129,40
1649,33,260528090629,40
1650,33,260528091129,40
1651,33,260528091629,40
1652,33,260528092129,40
1653,33,260528092629,40
1654,33,260528092947,40
1655,33,260528092952,40
1656,33,260528093450,40
1657,33,260528093951,40
1658,33,260528094450,40
1659,33,260528094949,40
1660,33,260528095450,40
1661,33,260528095950,40
1662,33,260528100450,40
1663,33,260528100949,40
1664,33,260528101450,40
1665,33,260528101950,40
1666,33,260528102450,40
1667,33,260528102950,40
1668,33,260528103450,40
1669,33,260528103950,40
1670,33,260528104449,40
1671,33,260528104950,40
1672,33,260528105450,40
1673,33,260528105950,40
1674,33,260528110450,40
1675,33,260528110950,40
1676,33,260528111450,40
1677,33,260528111814,72
1678,33,260528111840,75
1679,33,260528111853,76
1680,33,260528111901,78
1681,33,260528111928,82
1682,33,260528111954,86
1683,33,260528112019,90
1684,33,260528112045,92
1685,33,260528112056,93
1686,32,260528112135,103
1687,32,260528112140,103
1688,32,260528112145,104
1689,32,260528112153,105
1690,33,260528112220,107
1691,33,260528112247,108
1692,33,260528112314,109
1693,33,260528112341,110
1694,33,260528112408,112
1695,33,260528112435,113
1696,33,260528112502,114
1697,33,260528112529,115
1698,33,260528112556,116
1699,33,260528112624,117
1700,33,260528112651,118
1701,33,260528112656,119
1702,32,260528112715,121
1703,32,260528112734,124
1704,32,260528112801,127
1705,32,260528112809,127
1706,32,260528112818,127
1707,32,260528112845,125
1708,33,260528112912,126
1709,33,260528112939,127
1710,33,260528113006,128
1711,33,260528113033,128
1712,33,260528113100,127
1713,32,260528113127,127
1714,32,260528113154,127
1715,33,260528113221,127
1716,33,260528113232,127
1717,33,260528113242,127
1718,33,260528113300,127
1719,33,260528113327,128
1720,33,260528113354,128
1721,33,260528113401,128
1722,33,260528113428,127
1723,33,260528113455,130
1724,33,260528113511,127
1725,33,260528113516,127
1726,33,260528113539,127
1727,33,260528113606,128
1728,33,260528113633,128
1729,33,260528113700,127
1730,32,260528113727,127
1731,32,260528113755,127
1732,32,260528113822,127
1733,32,260528113849,128
1734,32,260528113854,128
1735,32,260528113859,128
1736,33,260528113917,127
1737,33,260528113922,127
1738,33,260528113949,127
1739,33,260528114507,40
1740,33,260528115007,40
1741,33,260528115507,40
1742,33,260528120008,40
1743,33,260528120508,40
1744,33,260528121007,40
1745,33,260528121407,112
1746,33,260528121432,115
1747,33,260528121457,118
1748,33,260528121522,119
1749,33,260528121546,121
1750,33,260528121611,123
1751,33,260528121637,124
1752,33,260528121702,125
1753,33,260528121727,126
1754,33,260528121752,127
1755,33,260528121817,128
1756,33,260528121842,128
1757,33,260528121907,127
1758,33,260528121932,127
1759,33,260528121956,127
1760,33,260528122021,128
1761,33,260528122047,128
1762,33,260528122112,128
1763,33,260528122137,128
1764,33,260528122202,128
1765,33,260528122227,128
1766,33,260528122252,128
1767,33,260528122317,128
1768,33,260528122342,128
1769,33,260528122407,128
1770,33,260528122432,129
1771,33,260528122457,128
1772,33,260528122522,128
1773,33,260528122547,129
1774,33,260528122612,129
1775,33,260528122637,128
1776,33,260528122702,128
1777,33,260528122726,128
1778,33,260528122751,128
1779,33,260528122817,128
1780,33,260528122842,128
1781,33,260528122907,129
1782,33,260528122932,129
1783,33,260528122957,129
1784,33,260528123022,128
1785,33,260528123046,127
1786,33,260528123112,128
1787,33,260528123117,128
1788,33,260528123202,128
1789,33,260528123227,129
1790,33,260528123252,128
1791,33,260528123317,127
1792,33,260528123829,129
1793,33,260528123854,130
1794,33,260528123918,127
1795,33,260528123944,128
1796,33,260528124009,128
1797,33,260528124034,128
1798,33,260528124042,128
1799,33,260528124124,127
1800,32,260528124149,129
1801,32,260528124214,127
1802,32,260528124239,130
1803,33,260528124304,127
1804,33,260528124328,130
1805,32,260528124354,127
1806,32,260528124418,129
1807,32,260528124424,127
1808,32,260528124424,127
1809,32,260528124432,127
1810,32,260528124438,127
1811,33,260528124443,129
1812,33,260528124511,130
1813,33,260528124538,127
1814,33,260528124601,127
1815,33,260528124607,127
1816,33,260528124613,127
1817,33,260528124618,127
1818,33,260528124622,127
1819,33,260528124649,128
1820,33,260528124716,128
1821,33,260528124744,130
1822,33,260528124811,129
1823,33,260528124838,128
1824,33,260528124905,127
1825,33,260528124933,128
1826,31,260528125000,128
1827,31,260528125018,127
1828,31,260528125025,128
1829,32,260528125052,129
1830,32,260528125119,130
1831,32,260528125146,130
1832,32,260528125214,130
1833,32,260528125229,128
1834,32,260528125235,128
1835,32,260528125302,127
1836,32,260528125329,128
1837,32,260528125335,127
1838,32,260528125339,128
1839,33,260528125356,128
1840,33,260528125424,128
1841,33,260528125429,128
1842,33,260528125435,128
1843,33,260528125442,128
1844,33,260528125510,130
1845,33,260528125523,130
1846,33,260528125533,128
1847,33,260528125539,128
1848,32,260528125606,128
1849,32,260528125616,128
1850,32,260528125622,130
1851,32,260528125640,129
1852,32,260528125646,128
1853,32,260528125714,128
1854,32,260528125741,128
1855,32,260528125808,130
1856,32,260528125835,130
1857,33,260528125903,130
1858,33,260528125923,127
1859,33,260528125950,128
1860,33,260528130017,130
1861,33,260528130044,127
1862,33,260528130112,130
1863,33,260528130139,130
1864,33,260528130206,128
1865,33,260528130233,130
1866,33,260528130301,130
1867,33,260528130328,128
1868,32,260528130353,130
1869,32,260528130419,130
1870,33,260528130443,130
1871,33,260528130509,128
1872,33,260528130533,130
1873,33,260528130559,130
1874,33,260528130624,129
1875,32,260528130649,129
1876,32,260528130714,130
1877,32,260528130739,130
1878,32,260528130804,128
1879,32,260528130829,129
1880,32,260528130853,130
1881,32,260528130919,130
1882,32,260528130929,128
1883,32,260528131005,130
1884,32,260528131011,130
1885,32,260528131015,128
1886,32,260528131020,128
1887,33,260528131047,128
1888,33,260528131055,128
1889,33,260528131124,128
1890,33,260528131151,130
1891,33,260528131218,128
1892,32,260528131246,130
1893,32,260528131313,130
1894,32,260528131340,130
1895,32,260528131346,129
1896,32,260528131351,128
1897,32,260528131407,128
1898,32,260528131413,130
1899,32,260528131439,130
1900,32,260528131507,128
1901,32,260528131534,128
1902,32,260528131545,128
1903,32,260528131551,128
1904,32,260528131618,130
1905,32,260528131625,130
1906,32,260528131630,129
1907,32,260528131657,130
1908,32,260528131724,128
1909,32,260528131732,128
1910,32,260528131738,129
1911,32,260528131742,130
1912,32,260528131810,128
1913,32,260528131815,128
1914,32,260528131829,129
1915,32,260528131835,129
1916,30,260528131902,127
1917,30,260528131929,130
1918,32,260528131956,127
1919,32,260528132023,129
1920,32,260528132051,130
1921,32,260528132118,129
1922,32,260528132145,130
1923,32,260528132212,130
1924,32,260528132739,40
1925,32,260528133238,40
1926,32,260528133739,40
1927,32,260528134240,40
1928,32,260528134739,40
1929,32,260528135238,40
1930,32,260528135739,40
1931,32,260528140238,40
1932,32,260528140739,40
1933,32,260528141238,40
1934,32,260528141739,40
1935,32,260528142238,40
1936,32,260528142739,40
1937,32,260528143238,40
1938,32,260528143739,40
1939,32,260528144239,40
1940,32,260528144739,40
1941,32,260528145239,40
1942,32,260528145739,40
1943,32,260528150239,40
1944,32,260528150739,40
1945,32,260528151239,40
1946,32,260528151738,40
1947,32,260528152239,40
1948,32,260528152739,40
1949,32,260528153239,40
1950,32,260528153738,40
1951,32,260528154239,40
1952,32,260528154738,40
1953,32,260528155239,40
1954,32,260528155738,40
1955,32,260528160239,40
1956,32,260528160738,40
1957,32,260528161239,40
1958,32,260528161739,40
1959,32,260528162239,40
1960,32,260528162739,40
1961,32,260528163239,40
1962,32,260528163739,40
1963,32,260528164239,40
1964,32,260528164739,40
1965,32,260528165238,40
1966,32,260528165739,40
1967,32,260528170239,40
1968,32,260528170739,40
1969,32,260528171239,40
1970,32,260528171739,40
1971,32,260528172239,40
1972,32,260528172738,40
1973,32,260528173239,40
1974,32,260528173739,40
1975,32,260528174239,40
1976,32,260528174739,40
1977,32,260528175239,40
1978,32,260528175739,40
1979,32,260528175940,82
1980,32,260528175954,84
1981,32,260528180013,88
1982,32,260528180018,88
1983,33,260528180045,93
1984,33,260528180112,96
1985,33,260528180140,100
1986,33,260528180207,103
1987,33,260528180222,104
1988,33,260528180259,107
1989,33,260528180325,108
1990,32,260528180348,109
1991,32,260528180353,111
1992,32,260528180439,116
1993,32,260528180505,117
1994,32,260528180543,121
1995,32,260528180606,124
1996,32,260528180620,125
1997,32,260528180626,126
1998,32,260528180631,127
1999,32,260528180641,127
2000,32,260528180650,127
2001,32,260528180717,129
2002,31,260528180745,127
2003,31,260528180749,127
2004,31,260528180757,128
2005,31,260528180824,127
2006,33,260528180829,126
2007,33,260528180857,127
2008,33,260528180902,128
2009,33,260528180907,128
2010,32,260528180934,128
2011,32,260528181001,128
2012,32,260528184108,121
2013,32,260528184121,121
2014,32,260528184126,121
2015,32,260528184153,127
2016,32,260528184214,127
2017,32,260528184219,128
2018,32,260528184225,129
2019,32,260528184230,128
2020,32,260528184235,128
2021,31,260528184302,127
2022,31,260528184308,127
2023,31,260528184335,128
2024,33,260528184402,128
2025,33,260528184429,127
2026,33,260528184456,128
2027,32,260528184506,128
2028,32,260528184517,127
2029,32,260528184526,127
2030,32,260528184544,127
2031,32,260528184549,127
2032,31,260528184609,128
2033,31,260528184636,129
2034,32,260528184703,129
2035,32,260528185316,40
2036,32,260528185816,40
2037,32,260528190316,40
2038,32,260528190816,40
2039,32,260528191315,40
2040,32,260528191816,40
2041,32,260528192316,40
2042,32,260528192816,40
2043,32,260528193316,40
2044,32,260528193816,40
2045,32,260528194316,40
2046,32,260528194816,40
2047,32,260528195315,40
2048,32,260528195815,40
2049,32,260528200316,40
2050,32,260528200518,40
2051,32,260528200524,40
2052,32,260528201021,40
2053,32,260528201521,40
2054,32,260528202021,40
2055,32,260528202520,40
2056,32,260528203020,40
2057,32,260528203520,40
2058,32,260528204021,40
2059,32,260528204521,40
2060,32,260528205021,40
2061,32,260528205521,40
2062,32,260528210021,40
2063,32,260528210521,40
2064,32,260528210849,40
2065,32,260528210855,40
2066,32,260528210911,40
2067,32,260528210916,40
2068,32,260528210934,40
2069,32,260528210940,40
2070,32,260528211254,40
2071,32,260528211300,40
2072,32,260528211308,40
2073,32,260528211328,40
2074,32,260528211333,40
2075,32,260528211338,40
2076,32,260528211344,40
2077,32,260528211401,40
2078,32,260528211900,40
2079,32,260528212352,40
2080,32,260528212848,40
2081,32,260528212913,40
2082,32,260528212918,40
2083,32,260528212923,40
2084,32,260528213013,40
2085,32,260528213024,40
2086,32,260528213029,40
2087,32,260528213115,40
2088,32,260528213158,40
2089,32,260528213203,40
2090,32,260528213214,40
2091,32,260528213229,40
2092,32,260528213234,40
2093,32,260528213234,40
2094,32,260528213243,40
2095,32,260528213248,40
2096,32,260528213253,40
2097,32,260528213259,40
2098,32,260528213304,40
2099,32,260528213309,40
2100,32,260528213313,40
2101,32,260528213319,40
2102,32,260528213324,40
2103,32,260528213508,40
2104,32,260528213515,40
2105,32,260528214013,40
2106,32,260528214318,40
2107,32,260528214402,40
2108,32,260528214428,40
2109,32,260528214441,40
2110,32,260528214451,40
2111,32,260528214527,40
2112,32,260528214626,40
2113,32,260528214634,40
2114,32,260528215129,40
2115,32,260528215235,40
2116,32,260528215314,40
2117,32,260528215342,40
2118,32,260528215348,40
2119,32,260528215352,40
2120,32,260528215358,40
2121,32,260528215403,40
2122,32,260528215407,40
2123,32,260528215527,40
2124,32,260528215532,40
2125,32,260528220030,40
2126,32,260528220529,40
2127,32,260528221029,40
2128,32,260528221530,40
2129,32,260528222030,40
2130,32,260528222530,40
2131,32,260528223030,40
2132,32,260528223530,40
2133,32,260528224029,40
2134,32,260528224530,40
2135,32,260528224645,40
2136,32,260528224710,79
2137,32,260528224734,82
2138,32,260528224800,84
2139,32,260528224825,87
2140,32,260528224849,88
2141,32,260528224915,91
2142,32,260528224939,92
2143,32,260528225005,94
2144,32,260528225029,97
2145,32,260528225055,100
2146,32,260528225119,101
2147,32,260528225145,103
2148,32,260528225209,105
2149,32,260528225235,107
2150,32,260528225251,108
2151,32,260528225312,112
2152,32,260528225317,112
2153,32,260528225345,114
2154,31,260528225412,115
2155,31,260528225440,117
2156,31,260528225505,118
2157,31,260528225530,119
2158,31,260528225555,121
2159,31,260528225620,122
2160,31,260528225645,123
2161,31,260528225710,124
2162,31,260528225735,125
2163,31,260528225800,127
2164,31,260528225825,128
2165,31,260528225850,128
2166,31,260528225915,127
2167,31,260528225940,127
2168,31,260528230005,127
2169,31,260528230030,127
2170,31,260528230055,128
2171,31,260528230120,128
2172,31,260528230145,128
2173,31,260528230210,128
2174,31,260528230219,127
2175,31,260528230224,127
2176,31,260528230229,127
2177,31,260528230239,127
2178,31,260528230306,127
2179,31,260528230333,127
2180,31,260528230401,128
2181,31,260528230428,128
2182,30,260528230455,130
2183,30,260528230523,127
2184,30,260528230550,129
2185,32,260528230617,129
2186,32,260528230645,128
2187,32,260528230709,126
2188,32,260528230735,127
2189,31,260528230800,128
2190,31,260528230825,128
2191,31,260528230849,129
2192,32,260528230915,130
2193,32,260528230939,127
2194,32,260528230951,129
2195,31,260528231030,130
2196,32,260528231055,130
2197,32,260528231105,128
2198,32,260528231111,127
2199,32,260528231138,130
2200,32,260528231201,127
2201,32,260528231228,130
2202,30,260528231256,130
2203,30,260528231323,129
2204,30,260528231350,129
2205,31,260528231415,128
2206,31,260528231427,129
2207,31,260528231432,128
2208,31,260528231459,130
2209,31,260528231526,128
2210,31,260528231553,130
2211,30,260528231620,127
2212,30,260528231645,130
2213,31,260528231710,128
2214,31,260528231734,130
2215,31,260528231759,128
2216,31,260528231822,129
2217,31,260528231836,129
2218,31,260528231848,127
2219,31,260528231853,128
2220,32,260528231906,130
2221,32,260528231911,130
2222,32,260528231915,130
2223,32,260528231924,128
2224,32,260528231929,127
2225,30,260528231956,130
2226,30,260528232023,130
2227,30,260528232050,127
2228,31,260528232117,130
2229,31,260528232127,130
2230,31,260528232132,129
2231,31,260528232159,129
2232,31,260528232226,127
2233,31,260528232253,130
2234,32,260528232320,130
2235,32,260528232348,127
2236,32,260528232415,130
2237,32,260528232440,130
2238,31,260528232505,130
2239,31,260528232530,128
2240,32,260528232555,130
2241,32,260528232620,130
2242,32,260528232645,130
2243,31,260528232709,128
2244,31,260528232734,130
2245,30,260528232800,130
2246,30,260528232825,128
2247,30,260528232850,129
2248,31,260528232915,128
2249,31,260528232940,130
2250,30,260528233005,127
2251,30,260528233030,128
2252,31,260528233055,130
2253,31,260528233119,130
2254,31,260528233144,127
2255,29,260528233210,129
2256,29,260528233235,128
2257,29,260528233243,128
2258,31,260528233325,128
2259,31,260528233350,127
2260,32,260528233414,130
2261,32,260528233439,130
2262,32,260528233505,130
2263,32,260528233530,129
2264,31,260528233555,129
2265,31,260528233620,127
2266,31,260528233645,130
2267,32,260528233710,130
2268,32,260528233735,128
2269,32,260528233759,128
2270,32,260528233824,130
2271,32,260528233850,130
2272,31,260528233915,130
2273,31,260528233940,128
2274,32,260528234005,128
2275,32,260528234030,128
2276,32,260528234052,130
2277,30,260528234057,128
2278,30,260528234103,127
2279,30,260528234110,128
2280,30,260528234137,127
2281,30,260528234204,128
2282,30,260528234231,128
2283,30,260528234250,129
2284,30,260528234317,128
2285,30,260528234344,130
2286,30,260528234411,128
2287,30,260528234438,130
2288,32,260528234505,127
2289,32,260528234533,130
2290,32,260528234542,130
2291,30,260528234609,128
2292,30,260528234636,128
2293,31,260528234703,130
2294,31,260528234730,127
2295,30,260528234757,130
2296,30,260528234825,128
2297,30,260528234850,128
2298,32,260528234908,127
2299,32,260528234914,127
2300,32,260528234940,127
2301,30,260528234957,127
2302,30,260528235002,127
2303,30,260528235030,131
2304,31,260528235055,130
2305,31,260528235100,128
2306,31,260528235139,129
2307,31,260528235144,129
2308,29,260528235210,128
2309,29,260528235233,128
2310,32,260528235300,128
2311,32,260528235825,40
2312,32,260529000325,40
2313,32,260529000825,40
2314,32,260529001324,40
2315,32,260529001824,40
2316,32,260529002325,40
2317,32,260529002825,40
2318,32,260529003325,40
2319,32,260529003813,40
2320,32,260529003838,115
2321,32,260529003855,118
2322,30,260529003922,121
2323,30,260529003949,123
2324,30,260529004016,125
2325,30,260529004043,127
2326,30,260529004111,127
2327,30,260529004138,128
2328,30,260529004205,127
2329,30,260529004232,128
2330,30,260529004300,128
2331,31,260529004325,128
2332,31,260529004349,128
2333,31,260529004415,129
2334,31,260529004439,129
2335,31,260529004505,130
2336,31,260529004530,130
2337,31,260529004555,130
2338,31,260529005120,40
2339,31,260529005620,40
2340,31,260529010120,40
2341,31,260529010620,40
2342,31,260529011120,40
2343,31,260529011619,40
2344,31,260529012120,40
2345,31,260529012620,40
2346,31,260529013120,40
2347,31,260529013620,40
2348,31,260529014119,40
2349,31,260529014620,40
2350,31,260529015119,40
2351,31,260529015620,40
2352,31,260529020119,40
2353,31,260529020620,40
2354,31,260529021119,40
2355,31,260529021450,40
2356,31,260529021456,40
2357,31,260529021501,40
2358,31,260529021506,40
2359,31,260529021525,40
2360,31,260529021543,40
2361,31,260529021555,40
2362,31,260529022058,40
2363,31,260529022557,40
2364,31,260529022859,40
2365,31,260529023402,40
2366,31,260529023902,40
2367,31,260529024402,40
2368,31,260529024902,40
2369,31,260529025402,40
2370,31,260529025902,40
2371,31,260529030402,40
2372,31,260529030902,40
2373,31,260529031401,40
2374,31,260529031902,40
2375,31,260529032024,40
2376,31,260529032509,40
2377,31,260529032603,40
2378,31,260529033026,40
2379,31,260529033527,40
2380,31,260529034027,40
2381,31,260529034527,40
2382,31,260529035027,40
2383,31,260529035527,40
2384,31,260529040027,40
2385,31,260529040527,40
2386,31,260529041027,40
2387,31,260529041527,40
2388,31,260529042027,40
2389,31,260529042526,40
2390,31,260529043027,40
2391,31,260529043526,40
2392,31,260529044027,40
2393,31,260529044527,40
2394,31,260529045027,40
2395,31,260529045527,40
2396,31,260529050027,40
2397,31,260529050527,40
2398,31,260529051027,40
2399,31,260529051527,40
2400,31,260529052027,40
2401,31,260529052527,40
2402,31,260529053026,40
2403,31,260529053527,40
2404,31,260529054027,40
2405,31,260529054527,40
2406,31,260529055027,40
2407,31,260529055527,40
2408,31,260529060027,40
2409,31,260529060527,40
2410,31,260529061027,40
2411,31,260529061527,40
2412,31,260529062027,40
2413,31,260529062527,40
2414,31,260529063027,40
2415,31,260529063527,40
2416,31,260529064027,40
2417,31,260529064527,40
2418,31,260529065027,40
2419,31,260529065526,40
2420,31,260529070027,40
2421,31,260529070526,40
2422,31,260529071027,40
2423,31,260529071526,40
2424,31,260529072027,40
2425,31,260529072526,40
2426,31,260529073027,40
2427,31,260529073527,40
2428,31,260529074027,40
2429,31,260529074527,40
2430,31,260529075027,40
2431,31,260529075527,40
2432,31,260529080027,40
2433,31,260529080527,40
2434,31,260529081027,40
2435,31,260529081527,40
2436,31,260529082027,40
2437,31,260529082527,40
2438,31,260529083027,40
2439,31,260529083527,40
2440,31,260529084027,40
2441,31,260529084526,40
2442,31,260529085027,40
2443,31,260529085526,40
2444,31,260529090027,40
2445,31,260529090526,40
2446,31,260529091027,40
2447,31,260529091527,40
2448,31,260529092027,40
2449,31,260529092527,40
2450,31,260529093027,40
2451,31,260529093527,40
2452,31,260529094027,40
2453,31,260529094526,40
2454,31,260529095027,40
2455,31,260529095527,40
2456,31,260529100027,40
2457,31,260529100527,40
2458,31,260529101027,40
2459,31,260529101527,40
2460,31,260529102027,40
2461,31,260529102527,40
2462,31,260529103027,40
2463,31,260529103527,40
2464,31,260529104027,40
2465,31,260529104527,40
2466,31,260529105027,40
2467,31,260529105527,40
2468,31,260529110027,40
2469,31,260529110527,40
2470,31,260529111027,40
2471,31,260529111527,40
2472,31,260529112027,40
2473,31,260529112527,40
2474,31,260529113027,40
2475,31,260529113526,40
2476,31,260529114026,40
2477,31,260529114527,40
2478,31,260529115027,40
2479,31,260529115527,40
2480,31,260529120026,40
2481,31,260529120527,40
2482,31,260529121027,40
2483,31,260529121527,40
2484,31,260529122026,40
2485,31,260529122526,40
2486,31,260529123027,40
2487,31,260529123527,40
2488,31,260529124026,40
2489,31,260529124527,40
2490,31,260529125027,40
2491,31,260529125146,68
2492,31,260529125206,71
2493,31,260529125232,73
2494,30,260529125257,76
2495,30,260529125322,79
2496,30,260529125346,81
2497,30,260529125412,84
2498,30,260529125437,87
2499,30,260529125501,89
2500,30,260529125527,91
2501,30,260529125552,94
2502,30,260529125617,95
2503,30,260529125636,97
2504,30,260529125641,98
2505,30,260529125707,100
2506,30,260529125732,103
2507,25,260529125737,103
2508,25,260529125745,106
2509,25,260529125750,106
2510,25,260529125755,107
2511,25,260529125815,109
2512,25,260529125820,110
2513,25,260529125834,112
2514,29,260529125839,112
2515,29,260529125906,115
2516,29,260529125933,119
2517,30,260529130001,122
2518,30,260529130028,123
2519,29,260529130055,123
2520,29,260529130122,124
2521,29,260529130149,126
2522,29,260529130206,127
2523,29,260529130233,127
2524,28,260529130250,127
2525,28,260529130255,127
2526,28,260529130322,128
2527,29,260529130350,127
2528,29,260529130417,127
2529,29,260529130444,127
2530,29,260529130512,127
2531,30,260529130539,128
2532,30,260529130606,128
2533,30,260529130633,127
2534,28,260529130700,127
2535,28,260529130727,127
2536,32,260529130754,129
2537,32,260529130821,129
2538,30,260529130846,127
2539,30,260529130912,127
2540,29,260529130937,127
2541,29,260529131002,127
2542,29,260529131026,128
2543,30,260529131052,130
2544,30,260529131117,127
2545,29,260529131142,128
2546,29,260529131206,129
2547,29,260529131232,129
2548,30,260529131257,128
2549,30,260529131322,128
2550,32,260529131346,128
2551,32,260529131412,127
2552,32,260529131436,128
2553,29,260529131502,128
2554,29,260529131527,130
2555,29,260529131552,128
2556,29,260529131605,127
2557,29,260529131610,127
2558,29,260529131615,127
2559,30,260529131642,129
2560,30,260529131709,129
2561,29,260529131736,128
2562,29,260529131803,128
2563,29,260529131830,129
2564,29,260529131852,127
2565,29,260529131857,127
2566,29,260529131903,127
2567,29,260529131907,127
2568,29,260529131913,128
2569,29,260529131922,130
2570,29,260529131931,127
2571,27,260529131936,127
2572,27,260529131944,127
2573,27,260529131949,128
2574,27,260529131959,129
2575,27,260529132004,128
2576,27,260529132014,127
2577,27,260529132019,127
2578,30,260529132046,130
2579,30,260529132113,127
2580,30,260529132140,129
2581,30,260529132207,127
2582,30,260529132235,127
2583,26,260529132239,127
2584,26,260529132245,128
2585,26,260529132312,130
2586,29,260529132339,128
2587,29,260529132406,129
2588,29,260529132433,130
2589,29,260529132500,129
2590,29,260529132527,128
2591,29,260529132548,130
2592,29,260529132553,128
2593,29,260529132620,126
2594,33,260529132647,130
2595,33,260529132714,127
2596,33,260529132723,127
2597,28,260529132750,130
2598,28,260529132817,128
2599,29,260529132844,130
2600,29,260529132911,127
2601,29,260529132938,129
2602,29,260529133005,128
2603,29,260529133032,130
2604,30,260529133100,130
2605,30,260529133127,127
2606,29,260529133154,130
2607,29,260529133221,130
2608,30,260529133248,128
2609,30,260529133315,128
2610,28,260529133342,130
2611,28,260529133409,128
2612,30,260529133437,129
2613,30,260529133450,129
2614,30,260529133455,128
2615,30,260529133522,128
2616,30,260529133530,129
2617,30,260529133536,129
2618,31,260529133542,129
2619,31,260529133609,128
2620,28,260529133636,130
2621,28,260529133703,128
2622,28,260529133731,130
2623,28,260529133735,129
2624,29,260529133747,127
2625,29,260529133752,127
2626,29,260529133819,130
2627,29,260529133846,128
2628,29,260529133914,130
2629,29,260529133941,130
2630,29,260529134008,130
2631,29,260529134035,128
2632,31,260529134102,128
2633,31,260529134129,128
2634,30,260529134156,129
2635,30,260529134223,130
2636,29,260529134250,130
2637,29,260529134305,128
2638,29,260529134332,130
2639,29,260529134359,130
2640,29,260529134426,127
2641,30,260529134453,130
2642,30,260529134459,129
2643,30,260529134504,127
2644,30,260529134532,128
2645,30,260529134536,128
2646,31,260529134603,130
2647,31,260529134630,130
2648,29,260529134658,127
2649,29,260529134712,129
2650,28,260529134739,130
2651,28,260529134806,130
2652,28,260529134826,128
2653,28,260529134853,128
2654,28,260529134920,130
2655,28,260529134926,129
2656,28,260529134931,129
2657,27,260529134958,128
2658,27,260529135025,130
2659,29,260529135052,129
2660,29,260529135103,128
2661,29,260529135118,127
2662,29,260529135134,128
2663,27,260529135139,128
2664,27,260529135206,129
2665,27,260529135234,128
2666,28,260529135301,130
2667,28,260529135328,130
2668,28,260529135355,130
2669,28,260529135410,129
2670,28,260529135428,128
2671,28,260529135436,128
2672,29,260529135503,128
2673,29,260529135530,128
2674,28,260529135557,130
2675,28,260529140207,40
2676,28,260529140707,40
2677,28,260529141207,40
2678,28,260529141707,40
2679,28,260529142207,40
2680,28,260529142706,40
2681,28,260529143207,40
2682,28,260529143707,40
2683,28,260529144206,40
2684,28,260529144707,40
2685,28,260529145207,40
2686,28,260529145707,40
2687,28,260529150206,40
2688,28,260529150707,40
2689,28,260529151207,40
2690,28,260529151707,40
2691,28,260529152207,40
2692,28,260529152707,40
2693,28,260529153207,40
2694,28,260529153707,40
2695,28,260529154207,40
2696,28,260529154707,40
2697,28,260529155207,40
2698,28,260529155707,40
2699,28,260529160207,40
2700,28,260529160707,40
2701,28,260529161207,40
2702,28,260529161707,40
2703,28,260529162207,40
2704,28,260529162707,40
2705,28,260529163207,40
2706,28,260529163707,40
2707,28,260529164207,40
2708,28,260529164707,40
2709,28,260529165207,40
2710,28,260529165707,40
2711,28,260529170206,40
2712,28,260529170707,40
2713,28,260529171206,40
2714,28,260529171707,40
2715,28,260529172207,40
2716,28,260529172707,40
2717,28,260529173207,40
2718,28,260529173707,40
2719,28,260529174207,40
2720,28,260529174707,40
2721,28,260529175207,40
2722,28,260529175706,40
2723,28,260529180207,40
2724,28,260529180707,40
2725,28,260529181207,40
2726,28,260529181551,40
2727,28,260529181556,40
2728,28,260529181602,40
2729,28,260529181607,40
2730,28,260529181611,40
2731,28,260529181616,40
2732,28,260529181623,40
2733,28,260529181628,40
2734,28,260529181633,40
2735,28,260529181644,40
2736,28,260529181650,40
2737,28,260529181654,40
2738,28,260529181659,40
2739,28,260529181703,40
2740,28,260529181709,40
2741,28,260529181714,40
2742,28,260529181719,40
2743,28,260529182157,40
2744,28,260529182657,40
2745,28,260529183157,40
2746,28,260529183422,40
2747,28,260529183427,40
2748,28,260529183448,40
2749,28,260529183512,40
2750,28,260529183519,40
2751,28,260529183555,40
2752,28,260529183625,40
2753,28,260529183631,40
2754,28,260529183758,40
2755,28,260529183812,40
2756,28,260529183827,40
2757,28,260529183912,40
2758,28,260529183917,40
2759,28,260529183937,40
2760,28,260529184201,40
2761,28,260529184522,40
2762,28,260529184605,40
2763,28,260529184625,40
2764,28,260529184641,40
2765,28,260529184646,40
2766,28,260529184652,40
2767,28,260529184701,40
2768,28,260529184718,40
2769,28,260529184724,40
2770,28,260529185128,40
2771,28,260529185627,40
2772,28,260529190128,40
2773,28,260529190437,40
2774,28,260529190442,40
2775,28,260529190447,40
2776,28,260529190452,40
2777,28,260529190458,40
2778,28,260529190503,40
2779,28,260529190516,40
2780,28,260529190733,40
2781,28,260529190742,40
2782,28,260529190802,40
2783,28,260529190812,40
2784,28,260529190817,40
2785,28,260529190916,40
2786,28,260529190921,40
2787,28,260529190930,40
2788,28,260529190935,40
2789,28,260529190939,40
2790,28,260529191003,40
2791,28,260529191010,40
2792,28,260529191014,40
2793,28,260529191019,40
2794,28,260529191025,40
2795,28,260529191139,40
2796,28,260529191144,40
2797,28,260529191411,40
2798,28,260529191913,40
2799,28,260529192414,40
2800,28,260529192914,40
2801,28,260529193414,40
2802,28,260529193913,40
2803,28,260529194414,40
2804,28,260529194914,40
2805,28,260529195414,40
2806,28,260529195914,40
2807,28,260529200413,40
2808,28,260529200914,40
2809,28,260529201414,40
2810,28,260529201914,40
2811,28,260529202414,40
2812,28,260529202913,40
2813,28,260529203414,40
2814,28,260529203453,40
2815,28,260529203914,40
2816,28,260529204332,40
2817,28,260529204914,40
2818,28,260529205414,40
2819,28,260529205913,40
2820,28,260529210414,40
2821,28,260529210914,40
2822,28,260529211414,40
2823,28,260529211705,40
2824,28,260529211810,40
2825,28,260529212055,40
2826,28,260529212101,40
2827,28,260529212123,40
2828,28,260529212557,40
2829,28,260529212707,40
2830,28,260529212712,40
2831,28,260529212717,40
2832,28,260529212735,40
2833,28,260529212741,40
2834,28,260529212746,40
2835,28,260529212751,40
2836,28,260529212756,40
2837,28,260529212801,40
2838,28,260529212809,40
2839,28,260529212814,40
2840,28,260529212847,40
2841,28,260529212944,40
2842,28,260529212949,40
2843,28,260529213059,40
2844,28,260529213531,40
2845,28,260529213537,40
2846,28,260529213605,40
2847,28,260529213643,40
2848,28,260529213653,40
2849,28,260529213722,40
2850,28,260529213750,40
2851,28,260529213755,40
2852,28,260529213802,40
2853,28,260529213807,40
2854,28,260529213812,40
2855,28,260529213817,40
2856,28,260529213837,40
2857,28,260529213851,40
2858,28,260529213902,40
2859,28,260529214339,40
2860,28,260529214611,40
2861,28,260529214636,40
2862,28,260529215113,40
2863,28,260529215613,40
2864,28,260529220113,40
2865,28,260529220613,40
2866,28,260529221112,40
2867,28,260529221141,40
2868,28,260529221147,40
2869,28,260529221153,40
2870,28,260529221159,40
2871,28,260529221208,40
2872,28,260529221214,40
2873,28,260529221220,40
2874,28,260529221716,40
2875,28,260529222216,40
2876,28,260529222716,40
2877,28,260529223216,40
2878,28,260529223716,40
2879,28,260529224216,40
2880,28,260529224716,40
2881,28,260529225216,40
2882,28,260529225338,40
2883,28,260529225523,40
2884,28,260529225717,40
2885,28,260529225747,40
2886,28,260529230104,40
2887,28,260529230606,40
2888,28,260529231107,40
2889,28,260529231607,40
2890,28,260529232107,40
2891,28,260529232607,40
2892,28,260529233107,40
2893,28,260529233607,40
2894,28,260529234106,40
2895,28,260529234436,77
2896,28,260529234502,82
2897,28,260529234526,85
2898,28,260529234550,88
2899,29,260529234616,91
2900,29,260529234624,91
2901,29,260529234706,95
2902,29,260529234731,97
2903,29,260529234756,99
2904,29,260529234821,101
2905,29,260529234846,103
2906,29,260529234911,104
2907,29,260529234935,106
2908,29,260529235001,107
2909,29,260529235026,109
2910,29,260529235051,110
2911,29,260529235116,111
2912,29,260529235141,113
2913,29,260529235206,115
2914,29,260529235212,116
2915,29,260529235217,118
2916,29,260529235244,121
2917,28,260529235311,123
2918,28,260529235338,123
2919,28,260529235351,124
2920,28,260529235401,125
2921,28,260529235406,125
2922,28,260529235433,128
2923,30,260529235500,127
2924,30,260529235527,127
2925,30,260529235532,127
2926,30,260529235559,127
2927,29,260529235626,128
2928,29,260529235653,128
2929,29,260529235720,127
2930,29,260529235747,127
2931,29,260529235754,127
2932,32,260529235802,128
2933,32,260529235817,129
2934,32,260529235844,127
2935,32,260529235853,127
2936,31,260529235920,130
2937,31,260529235947,127
2938,28,260530000014,128
2939,28,260530000041,127
2940,28,260530000108,128
2941,28,260530000135,127
2942,28,260530000202,127
2943,28,260530000229,129
2944,28,260530000255,130
2945,27,260530000321,127
2946,27,260530000328,127
2947,29,260530000411,128
2948,29,260530000435,128
2949,27,260530000501,129
2950,27,260530000526,129
2951,27,260530000551,130
2952,28,260530000616,127
2953,28,260530000641,128
2954,28,260530000706,127
2955,28,260530000731,130
2956,28,260530000756,128
2957,29,260530000821,130
2958,29,260530000846,130
2959,29,260530000911,129
2960,29,260530000936,128
2961,28,260530001001,128
2962,28,260530001026,127
2963,28,260530001051,128
2964,28,260530001056,129
2965,28,260530001101,128
2966,28,260530001108,128
2967,28,260530001135,127
2968,29,260530001202,127
2969,29,260530001230,127
2970,29,260530001257,128
2971,29,260530001324,127
2972,29,260530001351,127
2973,30,260530001418,130
2974,30,260530001445,127
2975,30,260530001451,128
2976,30,260530001456,128
2977,31,260530001523,128
2978,31,260530001551,128
2979,31,260530001555,128
2980,27,260530001601,128
2981,27,260530001628,128
2982,27,260530001637,130
2983,28,260530001702,126
2984,28,260530001708,127
2985,28,260530001712,128
2986,28,260530001716,130
2987,28,260530001743,127
2988,28,260530001810,127
2989,28,260530001837,127
2990,28,260530001904,130
2991,28,260530001916,129
2992,28,260530001943,128
2993,28,260530001948,128
2994,28,260530002016,130
2995,28,260530002023,130
2996,28,260530002029,130
2997,28,260530002056,127
2998,28,260530002123,129
2999,28,260530002151,129
3000,28,260530002211,128
3001,28,260530002238,129
3002,28,260530002305,130
3003,28,260530002332,128
3004,28,260530002359,130
3005,28,260530002416,130
3006,28,260530002443,128
3007,27,260530002507,129
3008,27,260530002534,128
3009,27,260530002601,130
3010,27,260530002628,129
3011,27,260530002656,128
3012,27,260530002723,130
3013,27,260530002742,125
3014,27,260530002809,130
3015,27,260530002814,130
3016,27,260530002841,128
3017,27,260530002908,130
3018,27,260530002914,130
3019,27,260530002919,129
3020,27,260530002946,127
3021,27,260530003551,40
3022,27,260530004051,40
3023,27,260530004550,40
3024,27,260530005051,40
3025,27,260530005551,40
3026,27,260530010051,40
3027,27,260530010551,40
3028,27,260530011051,40
3029,27,260530011550,40
3030,27,260530012051,40
3031,27,260530012551,40
3032,27,260530013051,40
3033,27,260530013550,40
3034,27,260530014051,40
3035,27,260530014551,40
3036,27,260530015051,40
3037,27,260530015551,40
3038,27,260530015845,99
3039,27,260530015935,106
3040,28,260530015942,107
3041,28,260530020025,115
3042,28,260530020047,118
3043,28,260530020052,119
3044,28,260530020106,120
3045,28,260530020111,120
3046,27,260530020138,122
3047,27,260530020205,123
3048,27,260530020232,123
3049,27,260530020259,124
3050,27,260530020325,124
3051,27,260530020352,125
3052,27,260530020419,127
3053,27,260530020446,127
3054,27,260530020513,128
3055,27,260530020540,127
3056,27,260530020607,127
3057,27,260530020634,127
3058,27,260530020701,127
3059,27,260530020728,127
3060,27,260530020754,127
3061,27,260530020820,128
3062,27,260530020845,128
3063,27,260530020910,128
3064,27,260530020935,128
3065,27,260530020959,128
3066,27,260530021025,128
3067,27,260530021050,128
3068,27,260530021115,128
3069,27,260530021140,129
3070,27,260530021204,130
3071,27,260530021230,130
3072,27,260530021255,130
3073,27,260530021320,131
3074,27,260530021345,133
3075,27,260530021410,133
3076,27,260530021434,134
3077,27,260530021500,135
3078,27,260530021525,127
3079,27,260530021550,127
3080,27,260530021615,128
3081,27,260530021639,130
3082,27,260530021705,130
3083,27,260530021730,132
3084,27,260530021755,133
3085,27,260530021820,133
3086,27,260530021844,135
3087,27,260530021910,128
3088,27,260530021935,126
3089,27,260530022000,128
3090,27,260530022025,130
3091,27,260530022049,131
3092,27,260530022114,132
3093,27,260530022140,133
3094,27,260530022205,134
3095,27,260530022230,133
3096,27,260530022255,126
3097,27,260530022319,127
3098,27,260530022345,130
3099,27,260530022408,131
3100,27,260530022435,127
3101,27,260530022440,127
3102,27,260530022444,127
3103,27,260530022511,127
3104,32,260530022538,127
3105,32,260530022605,129
3106,32,260530022610,129
3107,32,260530022627,127
3108,32,260530022632,127
3109,27,260530022659,128
3110,27,260530023213,40
3111,27,260530023258,131
3112,27,260530023310,127
3113,27,260530023324,127
3114,26,260530023351,130
3115,26,260530023510,127
3116,26,260530023516,127
3117,26,260530023544,130
3118,26,260530023549,130
3119,26,260530023555,130
3120,27,260530023622,128
3121,27,260530023649,129
3122,27,260530023715,130
3123,27,260530023742,130
3124,27,260530023809,130
3125,27,260530023836,129
3126,27,260530023903,128
3127,27,260530023930,128
3128,27,260530023957,129
3129,27,260530024024,128
3130,27,260530024051,129
3131,27,260530024118,129
3132,27,260530024145,130
3133,27,260530024212,130
3134,27,260530024238,130
3135,27,260530024304,130
3136,27,260530024347,129
3137,27,260530024414,128
3138,27,260530024441,128
3139,27,260530024509,129
3140,27,260530024536,129
3141,27,260530024603,129
3142,27,260530024630,129
3143,27,260530024656,130
3144,27,260530024723,130
3145,27,260530024750,130
3146,27,260530024817,130
3147,27,260530024829,128
3148,27,260530024847,128
3149,27,260530024914,129
3150,27,260530024921,130
3151,25,260530024948,127
3152,25,260530025015,128
3153,25,260530025023,128
3154,25,260530025028,128
3155,27,260530025054,129
3156,27,260530025122,129
3157,27,260530025406,130
3158,27,260530025431,130
3159,27,260530135659,73
3160,27,260530135659,73
3161,27,260530135705,73
3162,27,260530135716,75
3163,27,260530135740,78
3164,25,260530135807,81
3165,25,260530135830,85
3166,25,260530135845,88
3167,27,260530135850,88
3168,27,260530135917,91
3169,27,260530135944,94
3170,27,260530140011,97
3171,27,260530140038,99
3172,28,260530140105,100
3173,28,260530140132,102
3174,28,260530140200,103
3175,28,260530140225,105
3176,28,260530140250,106
3177,28,260530140315,107
3178,28,260530140340,108
3179,28,260530140404,109
3180,28,260530140430,110
3181,28,260530140455,112
3182,28,260530140520,113
3183,28,260530140545,114
3184,28,260530140610,115
3185,28,260530140635,116
3186,28,260530140700,117
3187,28,260530140725,118
3188,28,260530140750,118
3189,28,260530140814,119
3190,28,260530140840,120
3191,27,260530140905,121
3192,27,260530140930,121
3193,27,260530140955,122
3194,27,260530141020,123
3195,27,260530141045,124
3196,27,260530141110,124
3197,27,260530141135,125
3198,27,260530141159,126
3199,27,260530141225,127
3200,27,260530141250,127
3201,27,260530141315,128
3202,27,260530141340,128
3203,27,260530141405,128
3204,27,260530141430,127
3205,27,260530141454,127
3206,27,260530141520,128
3207,27,260530141545,128
3208,27,260530141610,128
3209,27,260530141635,128
3210,27,260530141700,128
3211,27,260530141725,128
3212,27,260530141750,128
3213,27,260530141814,128
3214,27,260530141840,128
3215,27,260530141905,128
3216,27,260530141930,127
3217,28,260530141950,127
3218,28,260530142019,129
3219,28,260530142025,127
3220,25,260530142109,127
3221,25,260530142135,127
3222,26,260530142200,129
3223,26,260530142225,127
3224,26,260530142250,127
3225,26,260530142315,127
3226,26,260530142339,127
3227,25,260530142404,127
3228,25,260530142430,128
3229,25,260530142455,128
3230,25,260530142520,127
3231,25,260530142545,128
3232,26,260530142610,127
3233,26,260530142635,127
3234,26,260530142700,128
3235,26,260530142725,127
3236,25,260530142750,128
3237,25,260530142815,128
3238,25,260530142840,127
3239,26,260530142905,127
3240,26,260530142930,128
3241,26,260530142955,127
3242,26,260530143020,128
3243,26,260530143045,127
3244,26,260530143110,128
3245,26,260530143135,128
3246,25,260530143200,128
3247,25,260530143225,128
3248,24,260530143250,127
3249,24,260530143314,127
3250,24,260530143340,129
3251,26,260530143405,128
3252,26,260530143430,127
3253,28,260530143455,128
3254,28,260530143520,127
3255,28,260530143545,127
3256,26,260530143610,128
3257,26,260530143635,127
3258,26,260530143700,127
3259,26,260530143725,127
3260,26,260530143750,128
3261,26,260530143815,127
3262,26,260530143840,128
3263,24,260530143905,129
3264,24,260530143930,127
3265,27,260530143955,128
3266,27,260530144020,127
3267,27,260530144045,127
3268,26,260530144109,128
3269,26,260530144135,127
3270,25,260530144200,127
3271,25,260530144225,127
3272,26,260530144250,129
3273,26,260530144314,127
3274,26,260530144340,127
3275,25,260530144405,127
3276,25,260530144429,127
3277,26,260530144449,127
3278,26,260530144520,127
3279,26,260530144545,128
3280,26,260530144609,127
3281,26,260530144635,127
3282,26,260530144700,127
3283,26,260530144725,127
3284,26,260530144742,127
3285,26,260530144747,128
3286,21,260530144815,127
3287,21,260530144840,128
3288,25,260530144858,128
3289,25,260530144904,128
3290,25,260530144929,127
3291,26,260530144955,129
3292,26,260530145020,127
3293,26,260530145045,128
3294,27,260530145102,128
3295,27,260530145107,128
3296,27,260530145135,127
3297,25,260530145200,128
3298,25,260530145224,128
3299,25,260530145244,128
3300,25,260530145249,128
3301,25,260530145315,128
3302,25,260530145340,128
3303,27,260530145405,127
3304,27,260530145430,128
3305,27,260530145454,127
3306,27,260530145520,130
3307,27,260530145545,130
3308,27,260530145557,127
3309,27,260530145602,127
3310,27,260530145629,129
3311,26,260530145656,127
3312,26,260530145724,128
3313,26,260530145750,127
3314,26,260530145757,127
3315,26,260530145802,127
3316,26,260530145829,127
3317,26,260530145835,127
3318,27,260530145858,129
3319,27,260530145925,127
3320,27,260530145934,127
3321,25,260530150001,128
3322,25,260530150028,127
3323,27,260530150055,128
3324,27,260530150123,129
3325,26,260530150150,129
3326,26,260530150217,128
3327,26,260530150244,129
3328,26,260530150311,129
3329,26,260530150338,129
3330,26,260530150405,129
3331,26,260530150452,129
3332,26,260530150519,129
3333,25,260530150546,128
3334,25,260530150613,129
3335,24,260530150640,127
3336,24,260530150707,130
3337,25,260530150734,129
3338,25,260530150801,128
3339,25,260530150828,128
3340,24,260530150834,128
3341,24,260530150839,128
3342,24,260530150906,128
3343,25,260530150933,127
3344,25,260530151000,127
3345,25,260530151027,129
3346,25,260530151031,129
3347,26,260530151058,128
3348,26,260530151123,127
3349,26,260530151128,127
3350,28,260530151155,127
3351,28,260530151222,128
3352,25,260530151249,127
3353,25,260530151324,127
3354,21,260530151351,126
3355,21,260530151359,127
3356,21,260530151420,127
3357,21,260530151425,127
3358,21,260530151429,127
3359,21,260530151447,128
3360,21,260530151514,127
3361,27,260530151541,128
3362,27,260530151608,127
3363,27,260530151613,127
3364,25,260530151640,127
3365,25,260530151654,128
3366,25,260530151721,127
3367,25,260530152236,40
3368,25,260530152736,40
3369,25,260530153236,40
3370,25,260530153736,40
3371,25,260530154236,40
3372,25,260530154735,40
3373,25,260530155236,40
3374,25,260530155736,40
3375,25,260530160236,40
3376,25,260530160736,40
3377,25,260530161236,40
3378,25,260530161736,40
3379,25,260530162236,40
3380,25,260530162736,40
3381,25,260530163235,40
3382,25,260530163736,40
3383,25,260530164236,40
3384,25,260530164418,97
3385,25,260530164445,100
3386,25,260530164512,101
3387,25,260530164539,107
3388,25,260530164606,112
3389,25,260530164633,116
3390,25,260530164649,118
3391,23,260530164707,119
3392,23,260530164712,120
3393,23,260530164735,121
3394,23,260530164741,123
3395,25,260530164806,125
3396,25,260530164827,128
3397,25,260530164916,127
3398,25,260530164940,127
3399,25,260530165006,128
3400,25,260530165031,128
3401,25,260530165043,127
3402,25,260530165048,127
3403,26,260530165115,128
3404,26,260530165142,127
3405,26,260530165209,127
3406,26,260530165236,128
3407,26,260530165301,127
3408,26,260530165326,127
3409,26,260530165351,128
3410,25,260530165416,127
3411,25,260530165440,128
3412,25,260530165506,127
3413,25,260530165531,128
3414,25,260530165556,129
3415,24,260530165621,128
3416,24,260530165645,128
3417,24,260530165711,129
3418,24,260530165736,130
3419,24,260530165801,128
3420,24,260530165825,129
3421,24,260530165842,127
3422,26,260530165915,130
3423,26,260530165941,127
3424,26,260530170006,128
3425,26,260530170031,128
3426,26,260530170056,129
3427,24,260530170121,127
3428,24,260530170146,130
3429,25,260530170211,128
3430,25,260530170236,130
3431,25,260530170300,130
3432,25,260530170326,127
3433,25,260530170351,129
3434,25,260530170416,127
3435,25,260530170440,128
3436,24,260530170506,127
3437,24,260530170531,128
3438,24,260530170556,128
3439,25,260530170621,130
3440,25,260530170645,127
3441,25,260530170711,128
3442,25,260530170736,128
3443,24,260530170801,130
3444,24,260530170825,126
3445,24,260530170851,127
3446,24,260530170916,129
3447,24,260530170941,128
3448,23,260530171005,128
3449,23,260530171031,130
3450,23,260530171056,127
3451,24,260530171120,128
3452,24,260530171146,129
3453,22,260530171211,130
3454,22,260530171236,128
3455,24,260530171301,129
3456,24,260530171326,130
3457,24,260530171351,127
3458,25,260530171416,128
3459,25,260530171440,130
3460,23,260530171506,128
3461,23,260530171531,128
3462,23,260530171556,127
3463,22,260530171621,129
3464,22,260530171645,128
3465,24,260530171711,128
3466,24,260530171736,127
3467,23,260530171801,128
3468,23,260530171826,128
3469,23,260530171850,127
3470,25,260530171916,130
3471,25,260530171941,130
3472,23,260530172006,128
3473,23,260530172031,127
3474,23,260530172055,128
3475,24,260530172121,127
3476,24,260530172146,128
3477,22,260530172211,127
3478,22,260530172235,129
3479,24,260530172301,128
3480,24,260530172326,127
3481,24,260530172351,127
3482,25,260530172415,130
3483,25,260530172441,130
3484,23,260530172506,127
3485,23,260530172531,130
3486,23,260530172556,129
3487,23,260530172620,127
3488,23,260530172646,128
3489,24,260530172711,127
3490,24,260530172736,127
3491,24,260530172744,127
3492,24,260530172749,128
3493,24,260530172753,128
3494,24,260530172820,127
3495,24,260530172842,127
3496,24,260530172847,128
3497,21,260530172914,128
3498,21,260530172941,128
3499,21,260530172948,127
3500,21,260530172953,127
3501,23,260530173020,130
3502,23,260530173047,129
3503,23,260530173646,40
3504,23,260530174146,40
3505,23,260530174646,40
3506,23,260530175127,255
3507,23,260530175153,255
3508,23,260530175218,255
3509,23,260530175243,255
3510,23,260530175308,255
3511,23,260530175438,255
3512,23,260530175513,125
3513,23,260530175520,127
3514,25,260530175603,126
3515,25,260530175628,128
3516,25,260530175642,130
3517,25,260530175647,129
3518,23,260530175659,126
3519,23,260530175703,127
3520,23,260530175730,130
3521,23,260530175757,127
3522,23,260530175824,129
3523,23,260530175835,129
3524,21,260530175849,127
3525,21,260530175916,129
3526,21,260530180538,40
3527,21,260530181038,40
3528,21,260530181229,125
3529,21,260530181240,127
3530,21,260530181305,130
3531,21,260530181318,127
3532,25,260530181344,128
3533,25,260530181349,130
3534,25,260530181354,130
3535,23,260530181421,127
3536,23,260530181448,129
3537,23,260530181515,129
3538,25,260530181542,127
3539,25,260530181600,127
3540,25,260530181605,128
3541,23,260530181625,128
3542,23,260530181652,128
3543,23,260530181824,40
3544,23,260530181854,127
3545,23,260530181913,128
3546,25,260530181958,128
3547,25,260530182023,127
3548,25,260530182549,40
3549,25,260530183049,40
3550,25,260530183548,40
3551,25,260530184048,40
3552,25,260530184549,40
3553,25,260530185049,40
3554,25,260530185549,40
3555,25,260530190049,40
3556,25,260530190359,113
3557,25,260530190426,117
3558,25,260530190440,119
3559,22,260530190516,124
3560,22,260530190540,128
3561,23,260530190606,126
3562,23,260530190624,127
3563,23,260530190629,127
3564,23,260530190641,127
3565,23,260530190646,128
3566,17,260530190713,127
3567,17,260530190731,128
3568,17,260530190737,128
3569,23,260530190803,128
3570,23,260530190830,127
3571,21,260530190857,128
3572,21,260530190924,129
3573,21,260530190929,129
3574,21,260530190935,128
3575,21,260530190948,128
3576,23,260530190954,128
3577,23,260530191021,128
3578,23,260530191048,129
3579,24,260530191115,127
3580,24,260530191720,40
3581,24,260530192221,40
3582,24,260530192721,40
3583,24,260530193221,40
3584,24,260530193721,40
3585,24,260530194220,40
3586,24,260530194720,40
3587,24,260530194836,40
3588,24,260530194901,112
3589,24,260530194926,116
3590,24,260530194951,118
3591,24,260530195015,121
3592,24,260530195041,123
3593,24,260530195106,125
3594,24,260530195131,127
3595,24,260530195156,128
3596,24,260530195221,130
3597,24,260530195246,127
3598,24,260530195310,127
3599,24,260530195326,128
3600,24,260530195348,127
3601,24,260530195426,128
3602,24,260530195431,128
3603,22,260530195510,128
3604,22,260530195534,127
3605,22,260530195606,129
3606,22,260530195631,130
3607,24,260530195656,130
3608,24,260530195701,128
3609,23,260530195746,127
3610,23,260530195811,130
3611,23,260530195836,127
3612,23,260530195840,127
3613,17,260530195926,128
3614,17,260530195931,128
3615,17,260530195936,128
3616,25,260530195946,127
3617,25,260530200013,130
3618,25,260530200018,130
3619,22,260530200045,129
3620,22,260530200112,127
3621,22,260530200133,129
3622,22,260530200138,129
3623,21,260530200205,127
3624,21,260530200232,127
3625,24,260530200259,129
3626,24,260530200326,130
3627,23,260530200353,129
3628,23,260530200420,127
3629,23,260530200437,127
3630,23,260530200442,128
3631,24,260530200509,127
3632,24,260530200536,130
3633,24,260530200603,127
3634,24,260530200628,130
3635,24,260530200636,128
3636,24,260530200703,128
3637,24,260530200730,130
3638,24,260530200740,126
3639,22,260530200802,130
3640,22,260530200829,127
3641,24,260530200856,130
3642,24,260530200923,128
3643,23,260530200950,128
3644,23,260530201016,127
3645,23,260530201021,128
3646,23,260530201040,128
3647,22,260530201107,127
3648,22,260530201118,129
3649,25,260530201145,128
3650,25,260530201212,128
3651,25,260530201239,129
3652,23,260530201244,129
3653,23,260530201249,129
3654,23,260530201316,127
3655,23,260530201343,127
3656,24,260530201410,128
3657,24,260530201437,128
3658,24,260530201504,130
3659,24,260530201531,128
3660,22,260530201558,128
3661,22,260530201625,127
3662,22,260530201652,128
3663,22,260530201706,127
3664,22,260530201711,128
3665,22,260530201738,127
3666,23,260530201758,128
3667,23,260530201824,128
3668,22,260530201851,130
3669,22,260530201918,130
3670,22,260530201928,128
3671,22,260530201945,127
3672,22,260530202002,128
3673,22,260530202029,128
3674,23,260530202056,128
3675,23,260530202108,128
3676,23,260530202125,128
3677,23,260530202130,128
3678,23,260530202140,129
3679,24,260530202207,129
3680,24,260530202218,127
3681,22,260530202245,128
3682,22,260530202312,129
3683,22,260530202339,128
3684,22,260530202406,129
3685,22,260530202433,130
3686,24,260530202500,131
3687,24,260530203106,40
3688,24,260530203224,131
3689,24,260530203246,127
3690,24,260530203311,128
3691,21,260530203325,128
3692,21,260530203338,128
3693,23,260530203426,127
3694,23,260530203450,130
3695,23,260530203516,127
3696,23,260530203524,128
3697,23,260530203530,130
3698,23,260530203557,127
3699,22,260530203624,128
3700,22,260530203651,130
3701,23,260530203718,128
3702,23,260530203746,130
3703,23,260530203811,129
3704,22,260530203836,130
3705,22,260530203901,127
3706,21,260530203926,130
3707,21,260530203950,130
3708,21,260530203956,128
3709,21,260530204041,130
3710,21,260530204106,129
3711,22,260530204131,128
3712,22,260530204156,130
3713,21,260530204221,128
3714,21,260530204245,127
3715,21,260530204309,128
3716,23,260530204314,128
3717,23,260530204401,128
3718,22,260530204426,127
3719,22,260530204431,128
3720,22,260530204436,129
3721,22,260530204503,127
3722,25,260530204530,129
3723,25,260530204550,130
3724,25,260530204556,127
3725,22,260530204619,129
3726,22,260530204624,130
3727,22,260530204651,127
3728,22,260530204718,127
3729,22,260530204723,127
3730,22,260530204750,130
3731,22,260530204817,129
3732,22,260530204844,130
3733,22,260530204911,130
3734,23,260530204938,127
3735,23,260530205005,130
3736,23,260530205031,130
3737,23,260530205058,130
3738,21,260530205115,132
3739,21,260530205120,133
3740,21,260530205402,255
3741,21,260530205417,133
3742,21,260530205422,133
3743,21,260530205435,131
3744,21,260530205440,130
3745,22,260530205508,126
3746,22,260530205535,127
3747,22,260530205602,129
3748,22,260530205629,128
3749,22,260530205656,130
3750,22,260530205723,127
3751,22,260530205733,128
3752,22,260530205800,128
3753,22,260530205827,130
3754,22,260530205854,130
3755,23,260530205922,130
3756,23,260530205949,128
3757,20,260530210016,128
3758,20,260530210040,126
3759,21,260530210106,130
3760,21,260530210131,127
3761,21,260530210156,130
3762,22,260530210221,129
3763,22,260530210245,128
3764,22,260530210253,128
3765,22,260530210258,127
3766,21,260530210325,129
3767,21,260530210353,129
3768,22,260530210420,127
3769,22,260530210447,130
3770,22,260530210514,130
3771,22,260530210540,128
3772,22,260530210606,130
3773,22,260530210623,127
3774,22,260530210628,126
3775,22,260530210656,127
3776,22,260530210721,129
3777,22,260530210729,130
3778,23,260530210811,130
3779,23,260530210836,129
3780,23,260530210843,128
3781,23,260530210852,128
3782,22,260530210915,128
3783,22,260530210942,130
3784,20,260530211009,128
3785,20,260530211037,128
3786,20,260530211608,40
3787,20,260530211635,127
3788,20,260530211639,127
3789,20,260530211648,128
3790,20,260530211653,128
3791,21,260530212632,130
3792,21,260530212640,130
3793,21,260530212707,127
3794,20,260530212734,130
3795,20,260530212740,128
3796,20,260530212807,127
3797,22,260530212834,130
3798,22,260530212901,129
3799,22,260530212916,127
3800,22,260530212943,130
3801,22,260530213010,129
3802,21,260530213038,130
3803,21,260530213104,127
3804,21,260530213109,128
3805,21,260530213137,127
3806,21,260530213204,128
3807,23,260530213231,127
3808,23,260530213258,130
3809,23,260530213312,129
3810,23,260530213321,127
3811,23,260530213326,127
3812,23,260530213353,130
3813,23,260530213656,40
3814,23,260530213708,40
3815,23,260530213735,128
3816,23,260530213802,130
3817,23,260530213807,130
3818,16,260530213835,127
3819,16,260530213901,128
3820,22,260530213919,128
3821,22,260530213927,128
3822,22,260530213954,127
3823,22,260530214021,128
3824,22,260530214048,128
3825,22,260530214109,128
3826,20,260530214136,128
3827,20,260530214203,130
3828,22,260530214230,127
3829,22,260530214257,127
3830,22,260530214324,128
3831,22,260530214351,128
3832,21,260530214418,130
3833,21,260530214444,130
3834,21,260530214511,127
3835,21,260530214538,127
3836,21,260530214557,127
3837,22,260530214624,130
3838,22,260530214651,127
3839,22,260530214703,128
3840,22,260530214708,128
3841,22,260530214735,130
3842,22,260530214802,128
3843,22,260530214829,129
3844,22,260530214856,129
3845,22,260530215226,127
3846,22,260530215237,127
3847,22,260530215307,128
3848,18,260530215342,130
3849,18,260530215407,130
3850,21,260530215432,130
3851,21,260530215457,129
3852,21,260530215521,129
3853,21,260530215547,129
3854,21,260530215612,129
3855,21,260530215637,129
3856,21,260530220202,40
3857,21,260530220701,40
3858,21,260530221202,40
3859,21,260530221702,40
3860,21,260530222202,40
3861,21,260530222702,40
3862,21,260530223202,40
3863,21,260530223702,40
3864,21,260530224202,40
3865,21,260530224701,40
3866,21,260530225202,40
3867,21,260530225702,40
3868,21,260530230202,40
3869,21,260530230702,40
3870,21,260530231201,40
3871,21,260530231702,40
3872,21,260530232202,40
3873,21,260530232702,40
3874,21,260530233201,40
3875,21,260530233702,40
3876,21,260530234202,40
3877,21,260530234702,40
3878,21,260530235202,40
3879,21,260530235402,94
3880,21,260530235418,97
3881,21,260530235426,98
3882,21,260530235453,103
3883,21,260530235502,104
3884,21,260530235508,105
3885,21,260530235535,108
3886,21,260530235602,110
3887,21,260530235629,113
3888,20,260530235656,117
3889,20,260530235723,120
3890,20,260530235750,123
3891,20,260530235817,124
3892,20,260530235844,127
3893,20,260530235911,127
3894,21,260530235937,128
3895,21,260531000004,127
3896,21,260531000031,127
3897,21,260531000058,128
3898,21,260531000125,127
3899,21,260531000130,127
3900,21,260531000134,127
3901,20,260531000150,127
3902,20,260531000155,128
3903,20,260531000222,128
3904,21,260531000249,127
3905,21,260531000316,128
3906,21,260531000343,127
3907,21,260531000410,128
3908,21,260531000436,129
3909,21,260531000503,129
3910,21,260531000530,128
3911,21,260531000541,128
3912,21,260531000608,127
3913,21,260531000635,130
3914,21,260531000702,130
3915,21,260531000729,129
3916,21,260531000755,128
3917,21,260531000801,128
3918,21,260531000827,128
3919,21,260531000838,129
3920,21,260531000905,127
3921,21,260531000932,127
3922,21,260531000959,128
3923,21,260531001025,129
3924,21,260531001052,130
3925,21,260531001119,131
3926,21,260531001146,132
3927,21,260531001213,134
3928,21,260531001240,133
3929,21,260531001307,127
3930,21,260531001831,40
3931,21,260531002332,40
3932,21,260531002832,40
3933,21,260531003332,40
3934,21,260531003831,40
3935,21,260531004331,40
3936,21,260531004832,40
3937,21,260531005332,40
3938,21,260531005832,40
3939,21,260531010331,40
3940,21,260531010832,40
3941,21,260531011332,40
3942,21,260531011832,40
3943,21,260531012332,40
3944,21,260531012831,40
3945,21,260531013332,40
3946,21,260531013832,40
3947,21,260531014332,40
3948,21,260531014832,40
3949,21,260531015331,40
3950,21,260531015832,40
3951,21,260531020332,40
3952,21,260531020832,40
3953,21,260531021332,40
3954,21,260531021831,40
3955,21,260531022332,40
3956,21,260531022832,40
3957,21,260531023332,40
3958,21,260531023832,40
3959,21,260531024332,40
3960,21,260531024831,40
3961,21,260531025332,40
3962,21,260531025832,40
3963,21,260531030332,40
3964,21,260531030832,40
3965,21,260531031331,40
3966,21,260531031832,40
3967,21,260531032332,40
3968,21,260531032832,40
3969,21,260531033332,40
3970,21,260531033831,40
3971,21,260531034332,40
3972,21,260531034832,40
3973,21,260531035332,40
3974,21,260531035832,40
3975,21,260531040332,40
3976,21,260531040831,40
3977,21,260531041332,40
3978,21,260531041832,40
3979,21,260531042332,40
3980,21,260531042832,40
3981,21,260531043418,85
3982,21,260531043425,85
3983,21,260531043434,88
3984,15,260531043501,94
3985,15,260531043528,98
3986,19,260531043555,103
3987,19,260531043622,106
3988,21,260531043649,107
3989,21,260531043716,110
3990,19,260531043742,115
3991,19,260531043807,118
3992,19,260531043833,119
3993,21,260531043858,121
3994,21,260531043903,122
3995,21,260531043929,124
3996,14,260531044003,126
3997,20,260531044037,127
3998,20,260531044102,127
3999,20,260531044128,128
4000,20,260531044153,127
4001,20,260531044218,128
4002,21,260531044243,128
4003,21,260531044308,127
4004,21,260531044332,126
4005,22,260531115521,76
4006,22,260531115534,79
4007,22,260531115601,84
4008,22,260531115614,85
4009,22,260531115619,88
4010,21,260531115625,88
4011,21,260531115630,88
4012,21,260531115657,94
4013,20,260531115724,96
4014,20,260531115751,98
4015,20,260531115757,99
4016,20,260531115817,103
4017,20,260531115822,103
4018,20,260531115849,106
4019,20,260531115905,108
4020,18,260531115932,111
4021,18,260531115959,114
4022,18,260531120006,115
4023,20,260531120033,115
4024,20,260531120101,116
4025,20,260531120128,117
4026,20,260531120155,118
4027,20,260531120222,118
4028,20,260531120227,119
4029,20,260531120250,121
4030,20,260531120302,122
4031,20,260531120329,125
4032,20,260531120337,126
4033,20,260531120359,128
4034,20,260531120404,129
4035,21,260531120431,126
4036,21,260531120458,127
4037,22,260531120526,127
4038,22,260531120553,126
4039,22,260531120620,127
4040,20,260531120640,126
4041,20,260531120649,127
4042,20,260531120655,128
4043,20,260531120700,128
4044,20,260531120706,128
4045,20,260531120710,127
4046,20,260531120737,127
4047,20,260531120805,127
4048,20,260531120832,129
4049,20,260531120859,127
4050,21,260531120926,127
4051,21,260531120953,127
4052,21,260531121020,129
4053,21,260531121047,128
4054,21,260531121112,127
4055,20,260531121137,127
4056,20,260531121202,128
4057,21,260531121227,127
4058,21,260531121247,127
4059,21,260531121317,127
4060,20,260531121342,128
4061,20,260531121406,128
4062,20,260531121432,127
4063,20,260531121457,127
4064,20,260531121521,128
4065,20,260531121547,128
4066,20,260531121612,128
4067,20,260531121637,128
4068,20,260531121701,129
4069,20,260531121727,129
4070,20,260531121752,129
4071,20,260531121816,130
4072,20,260531121842,130
4073,20,260531121907,131
4074,20,260531121931,132
4075,20,260531121957,133
4076,20,260531122021,133
4077,20,260531122046,135
4078,20,260531122111,129
4079,20,260531122136,126
4080,20,260531122201,128
4081,20,260531122226,130
4082,20,260531122252,131
4083,20,260531122317,132
4084,20,260531122342,133
4085,20,260531122407,133
4086,20,260531122432,135
4087,20,260531122457,128
4088,20,260531122522,127
4089,20,260531122546,129
4090,20,260531122611,130
4091,20,260531122637,131
4092,20,260531122702,133
4093,20,260531122727,133
4094,20,260531122752,135
4095,20,260531122817,129
4096,20,260531122842,127
4097,20,260531122907,129
4098,20,260531122931,130
4099,20,260531122957,131
4100,20,260531123022,133
4101,20,260531123047,133
4102,20,260531123112,135
4103,20,260531123137,129
4104,20,260531123202,127
4105,20,260531123227,129
4106,20,260531123252,130
4107,20,260531123317,132
4108,20,260531123341,133
4109,20,260531123406,134
4110,20,260531123432,133
4111,20,260531123457,127
4112,20,260531123522,128
4113,20,260531123547,130
4114,20,260531123612,131
4115,20,260531123637,133
4116,20,260531123702,133
4117,20,260531123726,135
4118,20,260531123751,129
4119,20,260531123817,127
4120,20,260531123842,130
4121,20,260531123907,131
4122,20,260531123932,133
4123,20,260531123957,133
4124,20,260531124458,131
4125,20,260531124502,131
4126,20,260531124522,131
4127,20,260531124549,132
4128,20,260531125201,40
4129,20,260531125700,40
4130,20,260531130201,40
4131,20,260531130701,40
4132,20,260531131201,40
4133,20,260531131701,40
4134,20,260531132200,40
4135,20,260531132701,40
4136,20,260531133200,40
4137,20,260531133701,40
4138,20,260531134200,40
4139,20,260531134701,40
4140,20,260531135201,40
4141,20,260531135700,40
4142,20,260531140201,40
4143,20,260531140701,40
4144,20,260531141201,40
4145,20,260531141700,40
4146,20,260531142201,40
4147,20,260531142701,40
4148,20,260531143201,40
4149,20,260531143701,40
4150,20,260531144201,40
4151,20,260531144701,40
4152,20,260531145200,40
4153,20,260531145701,40
4154,20,260531150201,40
4155,20,260531150701,40
4156,20,260531151201,40
4157,20,260531151700,40
4158,20,260531152201,40
4159,20,260531152701,40
4160,20,260531153201,40
4161,20,260531153701,40
4162,20,260531154201,40
4163,20,260531154701,40
4164,20,260531155201,40
4165,20,260531155701,40
4166,20,260531160201,40
4167,20,260531160701,40
4168,20,260531161201,40
4169,20,260531161701,40
4170,20,260531162200,40
4171,20,260531162701,40
4172,20,260531163200,40
4173,20,260531163701,40
4174,20,260531164201,40
4175,20,260531164701,40
4176,20,260531165200,40
4177,20,260531165701,40
4178,20,260531170201,40
4179,20,260531170701,40
4180,20,260531171201,40
4181,20,260531171531,80
4182,20,260531171536,82
4183,20,260531171542,82
4184,20,260531171547,83
4185,20,260531171615,90
4186,20,260531171620,90
4187,19,260531171647,95
4188,19,260531171657,97
4189,19,260531171707,98
4190,21,260531171734,101
4191,21,260531171801,103
4192,20,260531171829,106
4193,20,260531171856,109
4194,19,260531171923,112
4195,19,260531171950,112
4196,19,260531172556,40
4197,19,260531173055,40
4198,19,260531173556,40
4199,19,260531174056,40
4200,19,260531174457,101
4201,19,260531174523,104
4202,16,260531174548,107
4203,16,260531174600,109
4204,16,260531174605,110
4205,16,260531174622,112
4206,21,260531174647,116
4207,21,260531174714,119
4208,19,260531174742,120
4209,19,260531174809,121
4210,19,260531174836,123
4211,19,260531174849,125
4212,19,260531174916,130
4213,20,260531174944,127
4214,20,260531175011,127
4215,20,260531175038,128
4216,20,260531175106,127
4217,20,260531175133,126
4218,20,260531175200,130
4219,20,260531175227,127
4220,19,260531175253,128
4221,19,260531175318,127
4222,20,260531175338,128
4223,20,260531175407,127
4224,20,260531175415,127
4225,20,260531175421,127
4226,19,260531175448,127
4227,19,260531175511,127
4228,19,260531175531,127
4229,17,260531175544,127
4230,17,260531175611,128
4231,21,260531175639,128
4232,21,260531175706,129
4233,21,260531175733,129
4234,20,260531175800,128
4235,20,260531175828,129
4236,20,260531175855,129
4237,20,260531175922,129
4238,20,260531175950,130
4239,20,260531180017,130
4240,20,260531180044,130
4241,20,260531180112,130
4242,20,260531180138,128
4243,20,260531180203,129
4244,20,260531180227,129
4245,20,260531180253,129
4246,20,260531180317,128
4247,20,260531180343,130
4248,20,260531180408,128
4249,20,260531180433,127
4250,20,260531180458,130
4251,20,260531180523,128
4252,21,260531180548,128
4253,21,260531180612,130
4254,20,260531180638,127
4255,20,260531180702,128
4256,20,260531180728,130
4257,20,260531180752,130
4258,20,260531180818,127
4259,20,260531180842,130
4260,20,260531180908,130
4261,20,260531180933,129
4262,20,260531180958,129
4263,20,260531181023,130
4264,20,260531181038,129
4265,20,260531181044,128
4266,20,260531181111,128
4267,20,260531181138,130
4268,20,260531181203,129
4269,20,260531181227,129
4270,19,260531181250,128
4271,19,260531181317,128
4272,19,260531181843,40
4273,19,260531182342,40
4274,19,260531182843,40
4275,19,260531183343,40
4276,19,260531183843,40
4277,19,260531184343,40
4278,19,260531184843,40
4279,19,260531185056,255
4280,19,260531185123,118
4281,19,260531185150,121
4282,19,260531185218,123
4283,19,260531185245,127
4284,18,260531185312,127
4285,18,260531185327,127
4286,19,260531185404,127
4287,19,260531185409,127
4288,19,260531185413,127
4289,19,260531185440,127
4290,18,260531185508,128
4291,18,260531185535,128
4292,20,260531185602,128
4293,20,260531185629,127
4294,20,260531185635,127
4295,20,260531185640,127
4296,20,260531185654,127
4297,19,260531185701,127
4298,19,260531185728,127
4299,19,260531185755,127
4300,18,260531185805,127
4301,18,260531185832,130
4302,18,260531185839,127
4303,18,260531185844,127
4304,18,260531185850,127
4305,18,260531185854,128
4306,19,260531185901,128
4307,19,260531185928,127
4308,19,260531185955,130
4309,22,260531190023,130
4310,22,260531190050,128
4311,22,260531190117,129
4312,22,260531190145,130
4313,18,260531190941,128
4314,18,260531191009,127
4315,20,260531191036,128
4316,20,260531191103,130
4317,20,260531191131,130
4318,20,260531191158,128
4319,20,260531191224,127
4320,20,260531191233,127
4321,11,260531191238,128
4322,11,260531191306,129
4323,11,260531191333,128
4324,18,260531191356,129
4325,18,260531191423,128
4326,18,260531191451,128
4327,18,260531191457,130
4328,18,260531191501,130
4329,18,260531191528,128
4330,16,260531192134,40
4331,16,260531192338,131
4332,16,260531192928,40
4333,16,260531193428,40
4334,16,260531193826,123
4335,17,260531193917,123
4336,17,260531193941,123
4337,17,260531194006,123
4338,18,260531194022,127
4339,18,260531194055,128
4340,18,260531194111,128
4341,18,260531194146,127
4342,18,260531194210,127
4343,17,260531194236,128
4344,17,260531194301,128
4345,18,260531194326,128
4346,18,260531194344,128
4347,18,260531194401,129
4348,18,260531194406,128
4349,10,260531194433,129
4350,10,260531194500,130
4351,18,260531194527,129
4352,18,260531195121,40
4353,18,260531195621,40
4354,18,260531200121,40
4355,18,260531200621,40
4356,18,260531201121,40
4357,18,260531201620,40
4358,18,260531202121,40
4359,18,260531202621,40
4360,18,260531203121,40
4361,18,260531203621,40
4362,18,260531204121,40
4363,18,260531204621,40
4364,18,260531205121,40
4365,18,260531205620,40
4366,18,260531210120,40
4367,18,260531210621,40
4368,18,260531211121,40
4369,18,260531211621,40
4370,18,260531212121,40
4371,18,260531212621,40
4372,18,260531213121,40
4373,18,260531213620,40
4374,18,260531214121,40
4375,18,260531214621,40
4376,18,260531215121,40
4377,18,260531215126,40
4378,18,260531215144,97
4379,18,260531215212,103
4380,18,260531215224,105
4381,18,260531215230,106
4382,19,260531215239,108
4383,19,260531215245,109
4384,19,260531215312,114
4385,19,260531215330,116
4386,7,260531215337,118
4387,7,260531215405,121
4388,7,260531215421,122
4389,11,260531215435,126
4390,11,260531215441,126
4391,11,260531215446,128
4392,11,260531215450,130
4393,11,260531215518,126
4394,18,260531215545,125
4395,18,260531215612,127
4396,19,260531215639,127
4397,19,260531215707,127
4398,18,260531215732,127
4399,18,260531215758,127
4400,18,260531215808,126
4401,18,260531215818,127
4402,18,260531215825,127
4403,18,260531215831,127
4404,21,260531215836,127
4405,21,260531215842,128
4406,21,260531215847,128
4407,21,260531215914,127
4408,18,260531215941,129
4409,18,260531220008,127
4410,18,260531220036,128
4411,18,260531220103,128
4412,18,260531220130,130
4413,19,260531220157,129
4414,19,260531220225,127
4415,19,260531220252,127
4416,19,260531220319,128
4417,19,260531220347,130
4418,19,260531220413,127
4419,18,260531220438,127
4420,18,260531220445,127
4421,18,260531220456,128
4422,18,260531220524,128
4423,18,260531220543,128
4424,18,260531220610,128
4425,18,260531221208,40
4426,18,260531221707,40
4427,18,260531222208,40
4428,18,260531222708,40
4429,18,260531223208,40
4430,18,260531223708,40
4431,18,260531224208,40
4432,18,260531224708,40
4433,18,260531225208,40
4434,18,260531225708,40
4435,18,260531230208,40
4436,18,260531230708,40
4437,18,260531231208,40
4438,18,260531231710,104
4439,18,260531231736,108
4440,17,260531231802,112
4441,17,260531231821,115
4442,17,260531231851,121
4443,18,260531231910,124
4444,18,260531231918,126
4445,18,260531231923,126
4446,18,260531231934,127
4447,18,260531231940,127
4448,17,260531232007,127
4449,17,260531232034,127
4450,18,260531232101,128
4451,18,260531232128,128
4452,18,260531232155,128
4453,18,260531232222,128
4454,18,260531232249,128
4455,18,260531232316,128
4456,18,260531232343,128
4457,18,260531232410,128
4458,18,260531232438,128
4459,18,260531232505,128
4460,18,260531232531,128
4461,18,260531232556,128
4462,18,260531232621,128
4463,18,260531232646,129
4464,18,260531232710,128
4465,18,260531232736,128
4466,18,260531232801,129
4467,18,260531232826,129
4468,18,260531232851,129
4469,18,260531232913,128
4470,18,260531232937,129
4471,18,260531232943,130
4472,16,260531233026,130
4473,16,260531233032,130
4474,16,260531233037,130
4475,17,260531233104,128
4476,17,260531233131,129
4477,17,260531233158,129
4478,17,260531233204,128
4479,17,260531233208,127
4480,17,260531233235,128
4481,17,260531233302,130
4482,17,260531233319,127
4483,17,260531233346,130
4484,16,260531233413,128
4485,16,260531233441,127
4486,16,260531233455,127
4487,16,260531233512,129
4488,16,260531233539,127
4489,18,260531233606,127
4490,18,260531233634,128
4491,18,260531233701,128
4492,18,260531233706,128
4493,18,260531233733,128
4494,18,260531233739,128
4495,18,260531233743,128
4496,18,260531233749,128
4497,17,260531233816,128
4498,17,260531233843,128
4499,17,260531233910,128
4500,17,260531234431,40
4501,17,260531234931,40
4502,17,260531235431,40
4503,17,260531235931,40
4504,17,260601000430,40
4505,17,260601000931,40
4506,17,260601001431,40
4507,17,260601001931,40
4508,17,260601002431,40
4509,17,260601002930,40
4510,17,260601003430,40
4511,17,260601003931,40
4512,17,260601004431,40
4513,17,260601004931,40
4514,17,260601005431,40
4515,17,260601005931,40
4516,17,260601010431,40
4517,17,260601010931,40
4518,17,260601011430,40
4519,17,260601011931,40
4520,17,260601012431,102
4521,17,260601012437,104
4522,17,260601012441,105
4523,18,260601012448,106
4524,18,260601012455,108
4525,18,260601012501,109
4526,18,260601012528,117
4527,18,260601012555,121
4528,18,260601012622,123
4529,18,260601012649,124
4530,18,260601012716,127
4531,18,260601012730,130
4532,18,260601012735,129
4533,18,260601012802,127
4534,18,260601012829,128
4535,17,260601012856,128
4536,17,260601012924,127
4537,17,260601012951,127
4538,17,260601013018,127
4539,17,260601013611,40
4540,17,260601014111,40
4541,17,260601014610,40
4542,17,260601015111,40
4543,17,260601015611,40
4544,17,260601020111,40
4545,17,260601020156,111
4546,17,260601020223,115
4547,17,260601020234,117
4548,16,260601020301,121
4549,16,260601020314,123
4550,16,260601020320,124
4551,18,260601020347,128
4552,18,260601020414,128
4553,18,260601020437,126
4554,18,260601020445,127
4555,12,260601020512,127
4556,12,260601020539,127
4557,16,260601020607,127
4558,16,260601020625,127
4559,16,260601020630,128
4560,16,260601020657,127
4561,16,260601020702,127
4562,16,260601020730,127
4563,18,260601020757,128
4564,18,260601020824,127
4565,16,260601020851,127
4566,16,260601020919,127
4567,17,260601020946,130
4568,17,260601021013,127
4569,17,260601021040,128
4570,16,260601021108,128
4571,16,260601021136,130
4572,17,260601021201,128
4573,17,260601021226,128
4574,17,260601021248,127
4575,17,260601021254,128
4576,17,260601021317,128
4577,18,260601021351,128
4578,18,260601021356,128
4579,18,260601021424,130
4580,17,260601021451,129
4581,17,260601021518,128
4582,17,260601021546,128
4583,17,260601021611,129
4584,17,260601021636,128
4585,17,260601021654,127
4586,17,260601021700,128
4587,17,260601021726,127
4588,14,260601021747,129
4589,14,260601021816,127
4590,14,260601021839,130
4591,14,260601021844,130
4592,19,260601021855,128
4593,19,260601021900,128
4594,19,260601021928,130
4595,17,260601021955,129
4596,17,260601021959,129
4597,17,260601022010,130
4598,17,260601022037,128
4599,16,260601022941,130
4600,16,260601022947,128
4601,16,260601022952,128
4602,16,260601023019,128
4603,16,260601023024,129
4604,17,260601023051,128
4605,17,260601023118,130
4606,18,260601023145,129
4607,18,260601023212,127
4608,18,260601023218,127
4609,16,260601023234,128
4610,16,260601023301,128
4611,16,260601023328,128
4612,17,260601023355,128
4613,17,260601023412,129
4614,17,260601023417,129
4615,17,260601023432,129
4616,18,260601023459,128
4617,18,260601024114,40
4618,18,260601024614,40
4619,18,260601025028,255
4620,18,260601025046,124
4621,18,260601025052,124
4622,18,260601025100,125
4623,18,260601025127,128
4624,15,260601025154,127
4625,15,260601025221,127
4626,16,260601025248,128
4627,16,260601025316,128
4628,16,260601025343,128
4629,16,260601025409,128
4630,16,260601025434,129
4631,16,260601025458,128
4632,16,260601025523,130
4633,17,260601025614,132
4634,17,260601025639,133
4635,17,260601025704,135
4636,17,260601025729,130
4637,17,260601030253,40
4638,17,260601030754,40
4639,17,260601031254,40
4640,17,260601031754,40
4641,17,260601032254,40
4642,17,260601032754,40
4643,17,260601033253,40
4644,17,260601033754,40
4645,17,260601034254,40
4646,17,260601034754,40
4647,17,260601035254,40
4648,17,260601035753,40
4649,17,260601040254,40
4650,17,260601040530,40
4651,17,260601041033,40
4652,17,260601041244,40
4653,17,260601041747,40
4654,17,260601042123,40
4655,17,260601042625,40
4656,17,260601043125,40
4657,17,260601043530,40
4658,17,260601044042,40
4659,17,260601044625,40
4660,17,260601045125,40
4661,17,260601045625,40
4662,17,260601050125,40
4663,17,260601050625,40
4664,17,260601051124,40
4665,17,260601051625,40
4666,17,260601052125,40
4667,17,260601052625,40
4668,17,260601053125,40
4669,17,260601053625,40
4670,17,260601054124,40
4671,17,260601054624,40
4672,17,260601055125,40
4673,17,260601055625,40
4674,17,260601060125,40
4675,17,260601060625,40
4676,17,260601061125,40
4677,17,260601061624,40
4678,17,260601062125,40
4679,17,260601062625,40
4680,17,260601063125,40
4681,17,260601063625,40
4682,17,260601064124,40
4683,17,260601064625,40
4684,17,260601065125,40
4685,17,260601065625,40
4686,17,260601070124,40
4687,17,260601070625,40
4688,17,260601071125,40
4689,17,260601071625,40
4690,17,260601072125,40
4691,17,260601072625,40
4692,17,260601073124,40
4693,17,260601073625,40
4694,17,260601074125,40
4695,17,260601074625,40
4696,17,260601075125,40
4697,17,260601075625,40
4698,17,260601080125,40
4699,17,260601080625,40
4700,17,260601081125,40
4701,17,260601081624,40
4702,17,260601082125,40
4703,17,260601082625,40
4704,17,260601083125,40
4705,17,260601083624,40
4706,17,260601084125,40
4707,17,260601084625,40
4708,17,260601085125,40
4709,17,260601085625,40
4710,17,260601090125,40
4711,17,260601090624,40
4712,17,260601091124,40
4713,17,260601091625,40
4714,17,260601092125,40
4715,17,260601092625,40
4716,17,260601093125,40
4717,17,260601093625,40
4718,17,260601094124,40
4719,17,260601094625,40
4720,17,260601095125,40
4721,17,260601095625,40
4722,17,260601100125,40
4723,17,260601100625,40
4724,17,260601101125,40
4725,17,260601101625,40
4726,17,260601102124,40
4727,17,260601102237,40
4728,17,260601102243,40
4729,17,260601102315,40
4730,17,260601102739,40
4731,17,260601103239,40
4732,17,260601103738,40
4733,17,260601104239,40
4734,17,260601104739,40
4735,17,260601105239,40
4736,17,260601105739,40
4737,17,260601110238,40
4738,17,260601110739,40
4739,17,260601111239,40
4740,17,260601111739,40
4741,17,260601112239,40
4742,17,260601112738,40
4743,17,260601113239,40
4744,17,260601113738,40
4745,17,260601114239,40
4746,17,260601114738,40
4747,17,260601115239,40
4748,17,260601115739,40
4749,17,260601120239,40
4750,17,260601120723,40
4751,17,260601121239,40
4752,17,260601121738,40
4753,17,260601122239,40
4754,17,260601122739,40
4755,17,260601123239,40
4756,17,260601123739,40
4757,17,260601124239,40
4758,17,260601124739,40
4759,17,260601125238,40
4760,17,260601125739,40
4761,17,260601130239,40
4762,17,260601130739,40
4763,17,260601131239,40
4764,17,260601131739,40
4765,17,260601132239,40
4766,17,260601132739,40
4767,17,260601133238,40
4768,17,260601133739,40
4769,17,260601134238,40
4770,17,260601134739,40
4771,17,260601135238,40
4772,17,260601135739,40
4773,17,260601140239,40
4774,17,260601140739,40
4775,17,260601141239,40
4776,17,260601141739,40
4777,17,260601142239,40
4778,17,260601142739,40
4779,17,260601143239,40
4780,17,260601143739,40
4781,17,260601144239,40
4782,17,260601144738,40
4783,17,260601145239,40
4784,17,260601145739,40
4785,17,260601150239,40
4786,17,260601150739,40
4787,17,260601151239,40
4788,17,260601151739,40
4789,17,260601152238,40
4790,17,260601152739,40
4791,17,260601153239,40
4792,17,260601153739,40
4793,17,260601154239,40
4794,17,260601154738,40
4795,17,260601155239,40
4796,17,260601155739,40
4797,17,260601160239,40
4798,17,260601160739,40
4799,17,260601161238,40
4800,17,260601161739,40
4801,17,260601162239,40
4802,17,260601162738,40
4803,17,260601163239,40
4804,17,260601163738,40
4805,17,260601164239,40
4806,17,260601164739,40
4807,17,260601165239,40
4808,17,260601165739,40
4809,17,260601170238,40
4810,17,260601170739,40
4811,17,260601171238,40
4812,17,260601171739,40
4813,17,260601172239,40
4814,17,260601172739,40
4815,17,260601173239,40
4816,17,260601173739,40
4817,17,260601174238,40
4818,17,260601174739,40
4819,17,260601175239,40
4820,17,260601175739,40
4821,17,260601180238,40
4822,17,260601180739,40
4823,17,260601181238,40
4824,17,260601181739,40
4825,17,260601182238,40
4826,17,260601182739,40
4827,17,260601183239,40
4828,17,260601183739,40
4829,17,260601184239,40
4830,17,260601184739,40
4831,17,260601185239,40
4832,17,260601185739,40
4833,17,260601190239,40
4834,17,260601190739,40
4835,17,260601191239,40
4836,17,260601191739,40
4837,17,260601192239,40
4838,17,260601192739,40
4839,17,260601193239,40
4840,17,260601193739,40
4841,17,260601194239,40
4842,17,260601194739,40
4843,17,260601195238,40
4844,0,260520225505,40
4845,7,260522232814,40
4846,7,260523004011,40
4847,6,260523005057,40
4848,6,260523023946,40
4849,8,260523024537,40
4850,8,260523134528,40
4851,6,260523143119,40
4852,6,260523143222,40
4853,16,260523151246,40
4854,16,260523180202,40
4855,18,260523180710,40
4856,18,260523233353,40
4857,18,260524000149,40
4858,18,260524000205,40
4859,15,260524005336,40
4860,15,260524015108,40
4861,15,260524022805,40
4862,15,260524030237,40
4863,15,260524030646,40
4864,15,260524033526,40
4865,17,260524034030,40
4866,17,260524034226,40
4867,16,260524035121,40
4868,16,260524203725,40
4869,12,260524212233,40
4870,12,260524221400,40
4871,11,260525001432,40
4872,11,260525001439,40
4873,11,260525002256,40
4874,11,260525003340,40
4875,11,260525022414,40
4876,11,260525111647,40
4877,11,260525113931,40
4878,11,260526111806,40
4879,10,260526113916,40
4880,10,260526115910,40
4881,8,260526131609,40
4882,11,260526111806,40
4883,11,260526111806,40
4884,11,260526111806,40
4885,11,260526111806,40
4886,11,260526111806,40
4887,11,260526111806,40
4888,11,260526111806,40
4889,8,260526231719,40
4890,6,260526232548,40
4891,6,260526232743,40
4892,4,260527000219,40
4893,4,260527011842,40
4894,5,260527113832,40
4895,5,260527114443,40
4896,33,260527140305,40
4897,33,260527231223,40
4898,33,260527231643,40
4899,33,260527231649,40
4900,33,260527234941,40
4901,33,260528000212,40
4902,33,260528000511,40
4903,33,260528002029,40
4904,33,260528002623,40
4905,33,260528014422,40
4906,33,260528015134,40
4907,33,260528111747,40
4908,33,260528114005,40
4909,33,260528121315,40
4910,33,260528123331,40
4911,33,260528123737,40
4912,32,260528132243,40
4913,32,260528175912,40
4914,32,260528184727,40
4915,32,260528224637,40
4916,32,260528235326,40
4917,32,260529003827,115
4918,31,260529004606,40
4919,31,260529125130,40
4920,28,260529135619,40
4921,28,260529234344,40
4922,27,260530003007,40
4923,27,260530015818,40
4924,27,260530022712,40
4925,27,260530023232,40
4926,26,260530023409,40
4927,26,260530023445,40
4928,27,260530024313,40
4929,27,260530024321,40
4930,26,260530150419,40
4931,26,260530150425,40
4932,25,260530151734,40
4933,25,260530164351,40
4934,23,260530173101,40
4935,23,260530175100,40
4936,23,260530175318,255
4937,23,260530175432,255
4938,21,260530175943,40
4939,21,260530181201,40
4940,23,260530181712,40
4941,23,260530181830,40
4942,25,260530182034,40
4943,25,260530190333,40
4944,24,260530191130,40
4945,24,260530194827,40
4946,24,260530202529,40
4947,24,260530203208,40
4948,21,260530205149,40
4949,21,260530205356,40
4950,20,260530211047,40
4951,20,260530211602,40
4952,23,260530213419,40
4953,23,260530213703,40
4954,22,260530214913,40
4955,22,260530215159,40
4956,21,260530215643,40
4957,21,260530235330,40
4958,21,260531001333,40
4959,21,260531043330,40
4960,20,260531124017,40
4961,20,260531124453,130
4962,20,260531124614,40
4963,20,260531171503,40
4964,19,260531172013,40
4965,19,260531174430,40
4966,19,260531181339,40
4967,19,260531185041,40
4968,16,260531191601,40
4969,16,260531192310,40
4970,16,260531192401,40
4971,16,260531193758,40
4972,18,260531194550,40
4973,18,260531215115,40
4974,18,260531220637,40
4975,18,260531231643,40
4976,17,260531233930,40
4977,17,260601012339,40
4978,17,260601013035,40
4979,17,260601020128,40
4980,18,260601023528,40
4981,18,260601025022,40
4982,17,260601025749,40
