,value,date,raw data
0,1005,260711135552,xxxxxxxxxxxxxxxxxxxxxxxxxxxxxxxx26071113555200013E01071FED03D93E95
1,1005,260711135737,xxxxxxxxxxxxxxxxxxxxxxxxxxxxxxxx26071113573701013E01071FED03DA3EC0
2,1005,260711135922,xxxxxxxxxxxxxxxxxxxxxxxxxxxxxxxx26071113592201013E01071FED03D83E51
3,1004,260711152653,xxxxxxxxxxxxxxxxxxxxxxxxxxxxxxxx26071115265301013E010722EC03C03E2C
4,1004,260711152838,xxxxxxxxxxxxxxxxxxxxxxxxxxxxxxxx26071115283801013E010722EC03C23EBD
5,1004,260711153023,xxxxxxxxxxxxxxxxxxxxxxxxxxxxxxxx26071115302301013E010722EC03C13EE8
6,1004,260711153208,xxxxxxxxxxxxxxxxxxxxxxxxxxxxxxxx26071115320801013E010722EC03C23EBD
7,1004,260711153352,xxxxxxxxxxxxxxxxxxxxxxxxxxxxxxxx26071115335201013E010722EC03C23EBD
8,1004,260711153537,xxxxxxxxxxxxxxxxxxxxxxxxxxxxxxxx26071115353701013E010722EC03C43E17
9,1004,260711153722,xxxxxxxxxxxxxxxxxxxxxxxxxxxxxxxx26071115372201013E010722EC03C13EE8
10,1004,260711153907,xxxxxxxxxxxxxxxxxxxxxxxxxxxxxxxx26071115390701013E010722EC03C13EE8
11,1004,260711154052,xxxxxxxxxxxxxxxxxxxxxxxxxxxxxxxx26071115405201013E010722EC03C03E2C
12,1003,260711154237,xxxxxxxxxxxxxxxxxxxxxxxxxxxxxxxx26071115423701013E010722EB03BE3EC0
13,1003,260711154423,xxxxxxxxxxxxxxxxxxxxxxxxxxxxxxxx26071115442301013E010722EB03BE3EC0
14,1003,260711154608,xxxxxxxxxxxxxxxxxxxxxxxxxxxxxxxx26071115460801013E010722EB03BD3E95
15,1003,260711154753,xxxxxxxxxxxxxxxxxxxxxxxxxxxxxxxx26071115475301013E010722EB03BE3EC0
16,1003,260711154938,xxxxxxxxxxxxxxxxxxxxxxxxxxxxxxxx26071115493801013E010722EB03BC3E51
17,1003,260711155123,xxxxxxxxxxxxxxxxxxxxxxxxxxxxxxxx26071115512301013E010722EB03BC3E51
18,1003,260711155308,xxxxxxxxxxxxxxxxxxxxxxxxxxxxxxxx26071115530801013E010722EB03BC3E51
19,1003,260711155453,xxxxxxxxxxxxxxxxxxxxxxxxxxxxxxxx26071115545301013E010722EB03BD3E95
20,1003,260711155638,xxxxxxxxxxxxxxxxxxxxxxxxxxxxxxxx26071115563801013E010722EB03BA3EFB
21,1003,260711155822,xxxxxxxxxxxxxxxxxxxxxxxxxxxxxxxx26071115582201013E010722EB03B93EAE
22,1003,260711160007,xxxxxxxxxxxxxxxxxxxxxxxxxxxxxxxx26071116000701013E010722EB03B93EAE
23,1003,260711160152,xxxxxxxxxxxxxxxxxxxxxxxxxxxxxxxx26071116015201013E010722EB03BA3EFB
24,1003,260711160337,xxxxxxxxxxxxxxxxxxxxxxxxxxxxxxxx26071116033701013E010722EB03B93EAE
25,1003,260711160522,xxxxxxxxxxxxxxxxxxxxxxxxxxxxxxxx26071116052201013E010722EB03B93EAE
26,1003,260711160708,xxxxxxxxxxxxxxxxxxxxxxxxxxxxxxxx26071116070801013E010722EB03BB3E3F
27,1003,260711160853,xxxxxxxxxxxxxxxxxxxxxxxxxxxxxxxx26071116085301013E010722EB03BC3E51
28,1003,260711161038,xxxxxxxxxxxxxxxxxxxxxxxxxxxxxxxx26071116103801013E010722EB03BC3E51
29,1003,260711161223,xxxxxxxxxxxxxxxxxxxxxxxxxxxxxxxx26071116122301013E010722EB03BB3E3F
30,1003,260711161407,xxxxxxxxxxxxxxxxxxxxxxxxxxxxxxxx26071116140701013E010722EB03BC3E51
31,1003,260711161552,xxxxxxxxxxxxxxxxxxxxxxxxxxxxxxxx26071116155201013E010722EB03BA3EFB
32,1003,260711161737,xxxxxxxxxxxxxxxxxxxxxxxxxxxxxxxx26071116173701013E010722EB03B93EAE
33,1003,260711161922,xxxxxxxxxxxxxxxxxxxxxxxxxxxxxxxx26071116192201013E010722EB03BA3EFB
34,1003,260711162107,xxxxxxxxxxxxxxxxxxxxxxxxxxxxxxxx26071116210701013E010722EB03B93EAE
35,1003,260711162252,xxxxxxxxxxxxxxxxxxxxxxxxxxxxxxxx26071116225201013E010722EB03BA3EFB
36,1003,260711162437,xxxxxxxxxxxxxxxxxxxxxxxxxxxxxxxx26071116243701013E010722EB03BB3E3F
37,1003,260711162622,xxxxxxxxxxxxxxxxxxxxxxxxxxxxxxxx26071116262201013E010722EB03BD3E95
38,1003,260711162807,xxxxxxxxxxxxxxxxxxxxxxxxxxxxxxxx26071116280701013E010722EB03BD3E95
39,1003,260711162951,xxxxxxxxxxxxxxxxxxxxxxxxxxxxxxxx26071116295101013E010722EB03BE3EC0
40,1003,260711163136,xxxxxxxxxxxxxxxxxxxxxxxxxxxxxxxx26071116313601013E010723EB03BD3E58
41,1004,260711163321,xxxxxxxxxxxxxxxxxxxxxxxxxxxxxxxx26071116332101013E010723EC03C03EE1
42,1004,260711163506,xxxxxxxxxxxxxxxxxxxxxxxxxxxxxxxx26071116350601013E010723EC03C03EE1
43,1004,260711163651,xxxxxxxxxxxxxxxxxxxxxxxxxxxxxxxx26071116365101013E010723EC03C13E25
44,1004,260711163836,xxxxxxxxxxxxxxxxxxxxxxxxxxxxxxxx26071116383601013E010723EC03C53E1E
45,1004,260711164021,xxxxxxxxxxxxxxxxxxxxxxxxxxxxxxxx26071116402101013E010723EC03C53E1E
46,1004,260711164206,xxxxxxxxxxxxxxxxxxxxxxxxxxxxxxxx26071116420601013E010723EC03C43EDA
47,1004,260711164351,xxxxxxxxxxxxxxxxxxxxxxxxxxxxxxxx26071116435101013E010723EC03C43EDA
48,1004,260711164536,xxxxxxxxxxxxxxxxxxxxxxxxxxxxxxxx26071116453601013E010723EC03C33EB4
49,1004,260711164721,xxxxxxxxxxxxxxxxxxxxxxxxxxxxxxxx26071116472101013E010723EC03C13E25
50,1004,260711164906,xxxxxxxxxxxxxxxxxxxxxxxxxxxxxxxx26071116490601013E010723EC03C23E70
51,1004,260711165051,xxxxxxxxxxxxxxxxxxxxxxxxxxxxxxxx26071116505101013E010723EC03C23E70
52,1004,260711165236,xxxxxxxxxxxxxxxxxxxxxxxxxxxxxxxx26071116523601013E010723EC03C33EB4
53,1004,260711165421,xxxxxxxxxxxxxxxxxxxxxxxxxxxxxxxx26071116542101013E010723EC03C53E1E
54,1004,260711165606,xxxxxxxxxxxxxxxxxxxxxxxxxxxxxxxx26071116560601013E010723EC03C53E1E
55,1004,260711165751,xxxxxxxxxxxxxxxxxxxxxxxxxxxxxxxx26071116575101013E010723EC03C73E8F
56,1004,260711165936,xxxxxxxxxxxxxxxxxxxxxxxxxxxxxxxx26071116593601013E010723EC03C73E8F
57,1004,260711170121,xxxxxxxxxxxxxxxxxxxxxxxxxxxxxxxx26071117012101013E010723EC03C53E1E
58,1004,260711170308,xxxxxxxxxxxxxxxxxxxxxxxxxxxxxxxx26071117030801013E010723EC03C43EDA
59,1004,260711170453,xxxxxxxxxxxxxxxxxxxxxxxxxxxxxxxx26071117045301013E010723EC03C23E70
60,1004,260711170638,xxxxxxxxxxxxxxxxxxxxxxxxxxxxxxxx26071117063801013E010723EC03C03EE1
61,1003,260711170823,xxxxxxxxxxxxxxxxxxxxxxxxxxxxxxxx26071117082301013E010723EB03BD3E58
62,1003,260711171007,xxxxxxxxxxxxxxxxxxxxxxxxxxxxxxxx26071117100701013E010723EB03BA3E36
63,1003,260711171152,xxxxxxxxxxxxxxxxxxxxxxxxxxxxxxxx26071117115201013E010723EB03B93E63
64,1003,260711171337,xxxxxxxxxxxxxxxxxxxxxxxxxxxxxxxx26071117133701013E010722EB03B93EAE
65,1003,260711171522,xxxxxxxxxxxxxxxxxxxxxxxxxxxxxxxx26071117152201013E010722EB03B53EE3
66,1003,260711171707,xxxxxxxxxxxxxxxxxxxxxxxxxxxxxxxx26071117170701013E010722EB03B23E8D
67,1003,260711171852,xxxxxxxxxxxxxxxxxxxxxxxxxxxxxxxx26071117185201013E010722EB03B03E1C
68,1002,260711172037,xxxxxxxxxxxxxxxxxxxxxxxxxxxxxxxx26071117203701013E010722EA03AF3E67
69,1002,260711172222,xxxxxxxxxxxxxxxxxxxxxxxxxxxxxxxx26071117222201013E010722EA03AC3E32
70,1002,260711172407,xxxxxxxxxxxxxxxxxxxxxxxxxxxxxxxx26071117240701013E010722EA03AC3E32
71,1002,260711172552,xxxxxxxxxxxxxxxxxxxxxxxxxxxxxxxx26071117255201013E010722EA03AD3EF6
72,1002,260711172737,xxxxxxxxxxxxxxxxxxxxxxxxxxxxxxxx26071117273701013E010722EA03AF3E67
73,1002,260711172922,xxxxxxxxxxxxxxxxxxxxxxxxxxxxxxxx26071117292201013E010722EA03AD3EF6
74,1002,260711173107,xxxxxxxxxxxxxxxxxxxxxxxxxxxxxxxx26071117310701013E010722EA03AD3EF6
75,1002,260711173252,xxxxxxxxxxxxxxxxxxxxxxxxxxxxxxxx26071117325201013E010722EA03AD3EF6
76,1003,260711173437,xxxxxxxxxxxxxxxxxxxxxxxxxxxxxxxx26071117343701013E010722EB03B03E1C
77,1003,260711173622,xxxxxxxxxxxxxxxxxxxxxxxxxxxxxxxx26071117362201013E010722EB03B23E8D
78,1003,260711173807,xxxxxxxxxxxxxxxxxxxxxxxxxxxxxxxx26071117380701013E010722EB03B33E49
79,1003,260711173952,xxxxxxxxxxxxxxxxxxxxxxxxxxxxxxxx26071117395201013E010722EB03B33E49
80,1003,260711174137,xxxxxxxxxxxxxxxxxxxxxxxxxxxxxxxx26071117413701013E010722EB03B33E49
81,1003,260711174322,xxxxxxxxxxxxxxxxxxxxxxxxxxxxxxxx26071117432201013E010722EB03B33E49
82,1003,260711174507,xxxxxxxxxxxxxxxxxxxxxxxxxxxxxxxx26071117450701013E010723EB03B43EEA
83,1003,260711174652,xxxxxxxxxxxxxxxxxxxxxxxxxxxxxxxx26071117465201013E010723EB03B53E2E
84,1003,260711174837,xxxxxxxxxxxxxxxxxxxxxxxxxxxxxxxx26071117483701013E010723EB03B43EEA
85,1003,260711175021,xxxxxxxxxxxxxxxxxxxxxxxxxxxxxxxx26071117502101013E010723EB03B43EEA
86,1003,260711175208,xxxxxxxxxxxxxxxxxxxxxxxxxxxxxxxx26071117520801013E010723EB03B53E2E
87,1003,260711175353,xxxxxxxxxxxxxxxxxxxxxxxxxxxxxxxx26071117535301013E010723EB03B43EEA
88,1003,260711175538,xxxxxxxxxxxxxxxxxxxxxxxxxxxxxxxx26071117553801013E010723EB03B53E2E
89,1003,260711175723,xxxxxxxxxxxxxxxxxxxxxxxxxxxxxxxx26071117572301013E010723EB03B63E7B
90,1003,260711175908,xxxxxxxxxxxxxxxxxxxxxxxxxxxxxxxx26071117590801013E010723EB03B73EBF
91,1003,260711180053,xxxxxxxxxxxxxxxxxxxxxxxxxxxxxxxx26071118005301013E010723EB03BA3E36
92,1003,260711180238,xxxxxxxxxxxxxxxxxxxxxxxxxxxxxxxx26071118023801013E010723EB03BB3EF2
93,1003,260711180423,xxxxxxxxxxxxxxxxxxxxxxxxxxxxxxxx26071118042301013E010723EB03BD3E58
94,1003,260711180608,xxxxxxxxxxxxxxxxxxxxxxxxxxxxxxxx26071118060801013E010723EB03BB3EF2
95,1003,260711180754,xxxxxxxxxxxxxxxxxxxxxxxxxxxxxxxx26071118075401013E010723EB03BC3E9C
96,1003,260711180939,xxxxxxxxxxxxxxxxxxxxxxxxxxxxxxxx26071118093901013E010723EB03BC3E9C
97,1003,260711181124,xxxxxxxxxxxxxxxxxxxxxxxxxxxxxxxx26071118112401013E010723EB03BD3E58
98,1003,260711181309,xxxxxxxxxxxxxxxxxxxxxxxxxxxxxxxx26071118130901013E010723EB03BC3E9C
99,1003,260711181454,xxxxxxxxxxxxxxxxxxxxxxxxxxxxxxxx26071118145401013E010723EB03BD3E58
100,1003,260711181639,xxxxxxxxxxxxxxxxxxxxxxxxxxxxxxxx26071118163901013E010723EB03BE3E0D
101,1003,260711181824,xxxxxxxxxxxxxxxxxxxxxxxxxxxxxxxx26071118182401013E010723EB03BC3E9C
102,1003,260711182009,xxxxxxxxxxxxxxxxxxxxxxxxxxxxxxxx26071118200901013E010723EB03BC3E9C
103,1003,260711182154,xxxxxxxxxxxxxxxxxxxxxxxxxxxxxxxx26071118215401013E010723EB03BB3EF2
104,1003,260711182338,xxxxxxxxxxxxxxxxxxxxxxxxxxxxxxxx26071118233801013E010723EB03BB3EF2
105,1003,260711182523,xxxxxxxxxxxxxxxxxxxxxxxxxxxxxxxx26071118252301013E010723EB03BB3EF2
106,1003,260711182708,xxxxxxxxxxxxxxxxxxxxxxxxxxxxxxxx26071118270801013E010723EB03BC3E9C
107,1003,260711182853,xxxxxxxxxxxxxxxxxxxxxxxxxxxxxxxx26071118285301013E010723EB03B93E63
108,1003,260711183224,xxxxxxxxxxxxxxxxxxxxxxxxxxxxxxxx26071118322401013E010723EB03B93E63
109,1003,260711183409,xxxxxxxxxxxxxxxxxxxxxxxxxxxxxxxx26071118340901013E010723EB03BB3EF2
110,1003,260711183554,xxxxxxxxxxxxxxxxxxxxxxxxxxxxxxxx26071118355401013E010723EB03BA3E36
111,1003,260711183739,xxxxxxxxxxxxxxxxxxxxxxxxxxxxxxxx26071118373901013E010723EB03BA3E36
112,1003,260711183923,xxxxxxxxxxxxxxxxxxxxxxxxxxxxxxxx26071118392301013E010723EB03BA3E36
113,1003,260711184108,xxxxxxxxxxxxxxxxxxxxxxxxxxxxxxxx26071118410801013E010723EB03BA3E36
114,1003,260711184253,xxxxxxxxxxxxxxxxxxxxxxxxxxxxxxxx26071118425301013E010723EB03BA3E36
115,1003,260711184438,xxxxxxxxxxxxxxxxxxxxxxxxxxxxxxxx26071118443801013E010723EB03B93E63
116,1003,260711184623,xxxxxxxxxxxxxxxxxxxxxxxxxxxxxxxx26071118462301013E010723EB03BA3E36
117,1003,260711184809,xxxxxxxxxxxxxxxxxxxxxxxxxxxxxxxx26071118480901013E010723EB03BD3E58
118,1003,260711184954,xxxxxxxxxxxxxxxxxxxxxxxxxxxxxxxx26071118495401013E010723EB03BF3EC9
119,1004,260711185139,xxxxxxxxxxxxxxxxxxxxxxxxxxxxxxxx26071118513901013E010723EC03C03EE1
120,1003,260711185324,xxxxxxxxxxxxxxxxxxxxxxxxxxxxxxxx26071118532401013E010723EB03BF3EC9
121,1003,260711185508,xxxxxxxxxxxxxxxxxxxxxxxxxxxxxxxx26071118550801013E010723EB03BD3E58
122,1003,260711185653,xxxxxxxxxxxxxxxxxxxxxxxxxxxxxxxx26071118565301013E010723EB03BB3EF2
123,1003,260711185838,xxxxxxxxxxxxxxxxxxxxxxxxxxxxxxxx26071118583801013E010723EB03B83EA7
124,1003,260711190023,xxxxxxxxxxxxxxxxxxxxxxxxxxxxxxxx26071119002301013E010723EB03B43EEA
125,1002,260711190208,xxxxxxxxxxxxxxxxxxxxxxxxxxxxxxxx26071119020801013E010722EA03AE3EA3
126,1002,260711190354,xxxxxxxxxxxxxxxxxxxxxxxxxxxxxxxx26071119035401013E010722EA03A93ECD
127,1002,260711190539,xxxxxxxxxxxxxxxxxxxxxxxxxxxxxxxx26071119053901013E010722EA03A43E44
128,1002,260711190724,xxxxxxxxxxxxxxxxxxxxxxxxxxxxxxxx26071119072401013E010722EA03A33E2A
129,1002,260711190909,xxxxxxxxxxxxxxxxxxxxxxxxxxxxxxxx26071119090901013E010722EA03A23EEE
130,1001,260711191238,xxxxxxxxxxxxxxxxxxxxxxxxxxxxxxxx26071119123801013E010722E9039A3E3D
131,1001,260711191423,xxxxxxxxxxxxxxxxxxxxxxxxxxxxxxxx26071119142301013E010722E903963E70
132,1001,260711191608,xxxxxxxxxxxxxxxxxxxxxxxxxxxxxxxx26071119160801013E010722E903973EB4
133,1001,260711191753,xxxxxxxxxxxxxxxxxxxxxxxxxxxxxxxx26071119175301013E010722E903973EB4
134,1001,260711191938,xxxxxxxxxxxxxxxxxxxxxxxxxxxxxxxx26071119193801013E010722E903963E70
135,1001,260711192123,xxxxxxxxxxxxxxxxxxxxxxxxxxxxxxxx26071119212301013E010722E903933E8F
136,1001,260711192308,xxxxxxxxxxxxxxxxxxxxxxxxxxxxxxxx26071119230801013E010722E903943EE1
137,1001,260711192453,xxxxxxxxxxxxxxxxxxxxxxxxxxxxxxxx26071119245301013E010722E903933E8F
138,1001,260711192638,xxxxxxxxxxxxxxxxxxxxxxxxxxxxxxxx26071119263801013E010722E903933E8F
139,1001,260711192823,xxxxxxxxxxxxxxxxxxxxxxxxxxxxxxxx26071119282301013E010722E903933E8F
140,1001,260711193008,xxxxxxxxxxxxxxxxxxxxxxxxxxxxxxxx26071119300801013E010722E903933E8F
141,1001,260711193153,xxxxxxxxxxxxxxxxxxxxxxxxxxxxxxxx26071119315301013E010722E903933E8F
142,1001,260711193338,xxxxxxxxxxxxxxxxxxxxxxxxxxxxxxxx26071119333801013E010722E903923E4B
143,1001,260711193523,xxxxxxxxxxxxxxxxxxxxxxxxxxxxxxxx26071119352301013E010722E903923E4B
144,1001,260711193707,xxxxxxxxxxxxxxxxxxxxxxxxxxxxxxxx26071119370701013E010722E903943EE1
145,1001,260711193852,xxxxxxxxxxxxxxxxxxxxxxxxxxxxxxxx26071119385201013E010722E903943EE1
146,1001,260711194038,xxxxxxxxxxxxxxxxxxxxxxxxxxxxxxxx26071119403801013E010722E903953E25
147,1001,260711194223,xxxxxxxxxxxxxxxxxxxxxxxxxxxxxxxx26071119422301013E010722E903973EB4
148,1001,260711194408,xxxxxxxxxxxxxxxxxxxxxxxxxxxxxxxx26071119440801013E010722E9039A3E3D
149,1001,260711194553,xxxxxxxxxxxxxxxxxxxxxxxxxxxxxxxx26071119455301013E010722E9039D3E53
150,1001,260711194738,xxxxxxxxxxxxxxxxxxxxxxxxxxxxxxxx26071119473801013E010722E9039D3E53
151,1001,260711194923,xxxxxxxxxxxxxxxxxxxxxxxxxxxxxxxx26071119492301013E010722E9039E3E06
152,1001,260711195252,xxxxxxxxxxxxxxxxxxxxxxxxxxxxxxxx26071119525201013E010722E9039C3E97
153,1001,260711195437,xxxxxxxxxxxxxxxxxxxxxxxxxxxxxxxx26071119543701013E010722E9039D3E53
154,1001,260711195622,xxxxxxxxxxxxxxxxxxxxxxxxxxxxxxxx26071119562201013E010722E9039D3E53
155,1001,260711195807,xxxxxxxxxxxxxxxxxxxxxxxxxxxxxxxx26071119580701013E010722E9039E3E06
156,1001,260711195954,xxxxxxxxxxxxxxxxxxxxxxxxxxxxxxxx26071119595401013E010722E9039E3E06
157,1001,260711200139,xxxxxxxxxxxxxxxxxxxxxxxxxxxxxxxx26071120013901013E010722E9039D3E53
158,1001,260711200324,xxxxxxxxxxxxxxxxxxxxxxxxxxxxxxxx26071120032401013E010722E903973EB4
159,1001,260711200509,xxxxxxxxxxxxxxxxxxxxxxxxxxxxxxxx26071120050901013E010722E903953E25
160,1001,260711200654,xxxxxxxxxxxxxxxxxxxxxxxxxxxxxxxx26071120065401013E010722E903943EE1
161,1001,260711200838,xxxxxxxxxxxxxxxxxxxxxxxxxxxxxxxx26071120083801013E010722E903943EE1
162,1001,260711201023,xxxxxxxxxxxxxxxxxxxxxxxxxxxxxxxx26071120102301013E010722E903933E8F
163,1001,260711201208,xxxxxxxxxxxxxxxxxxxxxxxxxxxxxxxx26071120120801013E010722E903933E8F
164,1001,260711201353,xxxxxxxxxxxxxxxxxxxxxxxxxxxxxxxx26071120135301013E010722E903943EE1
165,1001,260711201538,xxxxxxxxxxxxxxxxxxxxxxxxxxxxxxxx26071120153801013E010722E903933E8F
166,1001,260711201723,xxxxxxxxxxxxxxxxxxxxxxxxxxxxxxxx26071120172301013E010722E903953E25
167,1001,260711201908,xxxxxxxxxxxxxxxxxxxxxxxxxxxxxxxx26071120190801013E010722E903943EE1
168,1001,260711202053,xxxxxxxxxxxxxxxxxxxxxxxxxxxxxxxx26071120205301013E010722E903943EE1
169,1001,260711202238,xxxxxxxxxxxxxxxxxxxxxxxxxxxxxxxx26071120223801013E010722E903943EE1
170,1001,260711202424,xxxxxxxxxxxxxxxxxxxxxxxxxxxxxxxx26071120242401013E010722E903943EE1
171,1001,260711202609,xxxxxxxxxxxxxxxxxxxxxxxxxxxxxxxx26071120260901013E010722E903943EE1
172,1001,260711202754,xxxxxxxxxxxxxxxxxxxxxxxxxxxxxxxx26071120275401013E010722E903943EE1
173,1001,260711202939,xxxxxxxxxxxxxxxxxxxxxxxxxxxxxxxx26071120293901013E010722E903933E8F
174,1001,260711203124,xxxxxxxxxxxxxxxxxxxxxxxxxxxxxxxx26071120312401013E010722E903943EE1
175,1001,260711203309,xxxxxxxxxxxxxxxxxxxxxxxxxxxxxxxx26071120330901013E010722E903933E8F
176,1001,260711203454,xxxxxxxxxxxxxxxxxxxxxxxxxxxxxxxx26071120345401013E010722E903903EDA
177,1000,260711203639,xxxxxxxxxxxxxxxxxxxxxxxxxxxxxxxx26071120363901013E010722E803883ECF
178,1000,260711203824,xxxxxxxxxxxxxxxxxxxxxxxxxxxxxxxx26071120382401013E010722E803803EB9
179,970,260711204009,xxxxxxxxxxxxxxxxxxxxxxxxxxxxxxxx26071120400901013E010722CA03A43C88
180,997,260711204154,xxxxxxxxxxxxxxxxxxxxxxxxxxxxxxxx26071120415401013E010721E5035D3EBB
181,954,260711204339,xxxxxxxxxxxxxxxxxxxxxxxxxxxxxxxx26071120433901013E010721BA03AF3BCE
182,991,260711204524,xxxxxxxxxxxxxxxxxxxxxxxxxxxxxxxx26071120452401013E010721DF03F73D03
183,945,260711204709,xxxxxxxxxxxxxxxxxxxxxxxxxxxxxxxx26071120470901013E010722B1031B3B2D
184,943,260711204853,xxxxxxxxxxxxxxxxxxxxxxxxxxxxxxxx26071120485301013E010723AF03F73AAB
185,985,260711205038,xxxxxxxxxxxxxxxxxxxxxxxxxxxxxxxx26071120503801013E010723D9039E3D61
186,986,260711205223,xxxxxxxxxxxxxxxxxxxxxxxxxxxxxxxx26071120522301013E010723DA03A33D4D
187,1278,260711205408,xxxxxxxxxxxxxxxxxxxxxxxxxxxxxxxx26071120540801013E010722FE04E44F35
188,1234,260711205726,xxxxxxxxxxxxxxxxxxxxxxxxxxxxxxxx26071120572601013E010722D2042B4D47
189,1242,260711205911,xxxxxxxxxxxxxxxxxxxxxxxxxxxxxxxx26071120591101013E010723DA04A34DCF
190,1273,260711210056,xxxxxxxxxxxxxxxxxxxxxxxxxxxxxxxx26071121005601013E010724F9049B4F81
191,1288,260711210241,xxxxxxxxxxxxxxxxxxxxxxxxxxxxxxxx26071121024101013E01072508058950B8
192,1276,260711210426,xxxxxxxxxxxxxxxxxxxxxxxxxxxxxxxx26071121042601013E010726FC04CF4FCF
193,1289,260711210611,xxxxxxxxxxxxxxxxxxxxxxxxxxxxxxxx26071121061101013E0107260905975049
194,1239,260711210756,xxxxxxxxxxxxxxxxxxxxxxxxxxxxxxxx26071121075601013E010726D704704D8D
195,1274,260711210941,xxxxxxxxxxxxxxxxxxxxxxxxxxxxxxxx26071121094101013E010727FA04AD4FC0
196,1278,260711211126,xxxxxxxxxxxxxxxxxxxxxxxxxxxxxxxx26071121112601013E010725FE04ED4FD6
197,1233,260711211311,xxxxxxxxxxxxxxxxxxxxxxxxxxxxxxxx26071121131101013E010724D104124DCC
198,1279,260711211456,xxxxxxxxxxxxxxxxxxxxxxxxxxxxxxxx26071121145601013E010725FF04F74F52
199,1283,260711211641,xxxxxxxxxxxxxxxxxxxxxxxxxxxxxxxx26071121164101013E01072503053E5040
200,1284,260711211826,xxxxxxxxxxxxxxxxxxxxxxxxxxxxxxxx26071121182601013E0107250405455053
201,1284,260711212011,xxxxxxxxxxxxxxxxxxxxxxxxxxxxxxxx26071121201101013E01072604054A5005
202,1284,260711212156,xxxxxxxxxxxxxxxxxxxxxxxxxxxxxxxx26071121215601013E01072604054C50AF
203,1284,260711212341,xxxxxxxxxxxxxxxxxxxxxxxxxxxxxxxx26071121234101013E01072604054E503E
204,1284,260711212526,xxxxxxxxxxxxxxxxxxxxxxxxxxxxxxxx26071121252601013E01072604054E503E
205,1285,260711212711,xxxxxxxxxxxxxxxxxxxxxxxxxxxxxxxx26071121271101013E0107260505505081
206,1285,260711212856,xxxxxxxxxxxxxxxxxxxxxxxxxxxxxxxx26071121285601013E0107260505525010
207,1285,260711213041,xxxxxxxxxxxxxxxxxxxxxxxxxxxxxxxx26071121304101013E010726050556502B
208,1285,260711213226,xxxxxxxxxxxxxxxxxxxxxxxxxxxxxxxx26071121322601013E010726050556502B
209,1284,260711213411,xxxxxxxxxxxxxxxxxxxxxxxxxxxxxxxx26071121341101013E01072604054E503E
210,1284,260711213741,xxxxxxxxxxxxxxxxxxxxxxxxxxxxxxxx26071121374101013E01072604054E503E
211,1285,260711213926,xxxxxxxxxxxxxxxxxxxxxxxxxxxxxxxx26071121392601013E0107260505515045
212,1285,260711214111,xxxxxxxxxxxxxxxxxxxxxxxxxxxxxxxx26071121411101013E0107260505515045
213,1284,260711214256,xxxxxxxxxxxxxxxxxxxxxxxxxxxxxxxx26071121425601013E01072504054E5070
214,1284,260711214441,xxxxxxxxxxxxxxxxxxxxxxxxxxxxxxxx26071121444101013E01072504054C50E1
215,1284,260711214626,xxxxxxxxxxxxxxxxxxxxxxxxxxxxxxxx26071121462601013E010725040542503D
216,1283,260711214811,xxxxxxxxxxxxxxxxxxxxxxxxxxxxxxxx26071121481101013E0107250305355063
217,1282,260711214956,xxxxxxxxxxxxxxxxxxxxxxxxxxxxxxxx26071121495601013E01072402052F502A
218,1237,260711215141,xxxxxxxxxxxxxxxxxxxxxxxxxxxxxxxx26071121514101013E010724D504534D9D
219,1268,260711215326,xxxxxxxxxxxxxxxxxxxxxxxxxxxxxxxx26071121532601013E010724F404444F5C
220,1234,260711215511,xxxxxxxxxxxxxxxxxxxxxxxxxxxxxxxx26071121551101013E010723D2042E4D75
221,1257,260711215656,xxxxxxxxxxxxxxxxxxxxxxxxxxxxxxxx26071121565601013E010723E904974EFB
222,1238,260711215841,xxxxxxxxxxxxxxxxxxxxxxxxxxxxxxxx26071121584101013E010722D6046B4DD2
223,1225,260711220026,xxxxxxxxxxxxxxxxxxxxxxxxxxxxxxxx26071122002601013E010722C9049E4C48
224,1272,260711220211,xxxxxxxxxxxxxxxxxxxxxxxxxxxxxxxx26071122021101013E010721F804894FA1
225,1236,260711220356,xxxxxxxxxxxxxxxxxxxxxxxxxxxxxxxx26071122035601013E010720D404484DC2
226,1227,260711220541,xxxxxxxxxxxxxxxxxxxxxxxxxxxxxxxx26071122054101013E010720CB04BF4CC9
227,1247,260711220726,xxxxxxxxxxxxxxxxxxxxxxxxxxxxxxxx26071122072601013E010720DF04FB4D01
228,1252,260711220911,xxxxxxxxxxxxxxxxxxxxxxxxxxxxxxxx26071122091101013E010720E404414EDA
229,1206,260711221056,xxxxxxxxxxxxxxxxxxxxxxxxxxxxxxxx26071122105601013E01071FB6046C4B99
230,1197,260711221241,xxxxxxxxxxxxxxxxxxxxxxxxxxxxxxxx26071122124101013E01071FAD04D64A8E
231,1204,260711221427,xxxxxxxxxxxxxxxxxxxxxxxxxxxxxxxx26071122142701013E01071FB4044A4BF5
232,1203,260711221756,xxxxxxxxxxxxxxxxxxxxxxxxxxxxxxxx26071122175601013E010720B304394B7B
233,1213,260711221941,xxxxxxxxxxxxxxxxxxxxxxxxxxxxxxxx26071122194101013E010720BD04D74BC7
234,1174,260711222126,xxxxxxxxxxxxxxxxxxxxxxxxxxxxxxxx26071122212601013E0107209604624962
235,1193,260711222311,xxxxxxxxxxxxxxxxxxxxxxxxxxxxxxxx26071122231101013E010720A904924ACB
236,1193,260711222456,xxxxxxxxxxxxxxxxxxxxxxxxxxxxxxxx26071122245601013E010720A9049A4ABD
237,1200,260711222641,xxxxxxxxxxxxxxxxxxxxxxxxxxxxxxxx26071122264101013E010720B004024BFD
238,1174,260711222826,xxxxxxxxxxxxxxxxxxxxxxxxxxxxxxxx26071122282601013E0107209604684985
239,1186,260711223011,xxxxxxxxxxxxxxxxxxxxxxxxxxxxxxxx26071122301101013E010720A204244AF7
240,1192,260711223156,xxxxxxxxxxxxxxxxxxxxxxxxxxxxxxxx26071122315601013E010721A804884A82
241,1181,260711223341,xxxxxxxxxxxxxxxxxxxxxxxxxxxxxxxx26071122334101013E0107219D04DE4974
242,1103,260711223526,xxxxxxxxxxxxxxxxxxxxxxxxxxxxxxxx26071122352601013E0107214F04F844E4
243,1169,260711223711,xxxxxxxxxxxxxxxxxxxxxxxxxxxxxxxx26071122371101013E01072191041649A4
244,1171,260711223856,xxxxxxxxxxxxxxxxxxxxxxxxxxxxxxxx26071122385601013E0107219304324959
245,1106,260711224040,xxxxxxxxxxxxxxxxxxxxxxxxxxxxxxxx26071122404001013E01072152042D45B8
246,1111,260711224225,xxxxxxxxxxxxxxxxxxxxxxxxxxxxxxxx26071122422501013E0107215704794575
247,1158,260711224410,xxxxxxxxxxxxxxxxxxxxxxxxxxxxxxxx26071122441001013E01072186046548A7
248,1178,260711224555,xxxxxxxxxxxxxxxxxxxxxxxxxxxxxxxx26071122455501013E0107219A04AD4911
249,1127,260711224740,xxxxxxxxxxxxxxxxxxxxxxxxxxxxxxxx26071122474001013E0107216704744656
250,1166,260711224926,xxxxxxxxxxxxxxxxxxxxxxxxxxxxxxxx26071122492601013E0107228E04E248B4
251,1139,260711225111,xxxxxxxxxxxxxxxxxxxxxxxxxxxxxxxx26071122511101013E0107227304334785
252,1149,260711225256,xxxxxxxxxxxxxxxxxxxxxxxxxxxxxxxx26071122525601013E0107237D04DA479A
253,1084,260711225441,xxxxxxxxxxxxxxxxxxxxxxxxxxxxxxxx26071122544101013E0107233C04CE4343
254,1169,260711225626,xxxxxxxxxxxxxxxxxxxxxxxxxxxxxxxx26071122562601013E01072491041C4991
255,1114,260711225812,xxxxxxxxxxxxxxxxxxxxxxxxxxxxxxxx26071122581201013E0107245A04AF45C8
256,1089,260711225957,xxxxxxxxxxxxxxxxxxxxxxxxxxxxxxxx26071122595701013E0107244104134475
257,1113,260711230142,xxxxxxxxxxxxxxxxxxxxxxxxxxxxxxxx26071123014201013E0107255904954547
258,1116,260711230327,xxxxxxxxxxxxxxxxxxxxxxxxxxxxxxxx26071123032701013E0107255C04C0454E
259,1137,260711230512,xxxxxxxxxxxxxxxxxxxxxxxxxxxxxxxx26071123051201013E01072571041F475F
260,1098,260711230657,xxxxxxxxxxxxxxxxxxxxxxxxxxxxxxxx26071123065701013E0107254A04A44440
261,1136,260711230842,xxxxxxxxxxxxxxxxxxxxxxxxxxxxxxxx26071123084201013E01072570040F473C
262,1111,260711231027,xxxxxxxxxxxxxxxxxxxxxxxxxxxxxxxx26071123102701013E01072557047E4504
263,1123,260711231212,xxxxxxxxxxxxxxxxxxxxxxxxxxxxxxxx26071123121201013E01072463043F4632
264,1127,260711231357,xxxxxxxxxxxxxxxxxxxxxxxxxxxxxxxx26071123135701013E01072567047F466A
265,1093,260711231542,xxxxxxxxxxxxxxxxxxxxxxxxxxxxxxxx26071123154201013E0107254504504478
266,1080,260711231727,xxxxxxxxxxxxxxxxxxxxxxxxxxxxxxxx26071123172701013E01072538048E434A
267,1080,260711231727,xxxxxxxxxxxxxxxxxxxxxxxxxxxxxxxx26071123172701013E01072538048E434A
268,1097,260711231912,xxxxxxxxxxxxxxxxxxxxxxxxxxxxxxxx26071123191201013E01072549049C4493
269,1124,260711232057,xxxxxxxxxxxxxxxxxxxxxxxxxxxxxxxx26071123205701013E01072664044D4610
270,1124,260711232057,xxxxxxxxxxxxxxxxxxxxxxxxxxxxxxxx26071123205701013E01072664044D4610
271,1124,260711232057,xxxxxxxxxxxxxxxxxxxxxxxxxxxxxxxx26071123205701013E01072664044D4610
272,1101,260711232242,xxxxxxxxxxxxxxxxxxxxxxxxxxxxxxxx26071123224201013E0107264D04DA44E2
273,1043,260711232427,xxxxxxxxxxxxxxxxxxxxxxxxxxxxxxxx26071123242701013E0107261304324113
274,1045,260711232612,xxxxxxxxxxxxxxxxxxxxxxxxxxxxxxxx26071123261201013E01072715045B413F
275,1073,260711232757,xxxxxxxxxxxxxxxxxxxxxxxxxxxxxxxx26071123275701013E0107273104114381
276,1091,260711232942,xxxxxxxxxxxxxxxxxxxxxxxxxxxxxxxx26071123294201013E01072743043F44B0
277,1103,260711233127,xxxxxxxxxxxxxxxxxxxxxxxxxxxxxxxx26071123312701013E0107274F04F144CA
278,1117,260711233312,xxxxxxxxxxxxxxxxxxxxxxxxxxxxxxxx26071123331201013E0107275D04DF45B6
279,1112,260711233457,xxxxxxxxxxxxxxxxxxxxxxxxxxxxxxxx26071123345701013E01072758048945EA
280,1112,260711233457,xxxxxxxxxxxxxxxxxxxxxxxxxxxxxxxx26071123345701013E01072758048945EA
281,1090,260711233642,xxxxxxxxxxxxxxxxxxxxxxxxxxxxxxxx26071123364201013E01072742042044CB
282,1060,260711233826,xxxxxxxxxxxxxxxxxxxxxxxxxxxxxxxx26071123382601013E01072824044C42F7
283,1107,260711234011,xxxxxxxxxxxxxxxxxxxxxxxxxxxxxxxx26071123401101013E01072853043F45B9
284,1094,260711234156,xxxxxxxxxxxxxxxxxxxxxxxxxxxxxxxx26071123415601013E0107284604684447
285,1105,260711234341,xxxxxxxxxxxxxxxxxxxxxxxxxxxxxxxx26071123434101013E0107285104104567
286,1100,260711234528,xxxxxxxxxxxxxxxxxxxxxxxxxxxxxxxx26071123452801013E0107284C04C744AA
287,1102,260711234713,xxxxxxxxxxxxxxxxxxxxxxxxxxxxxxxx26071123471301013E0107284E04E34457
288,1080,260711234858,xxxxxxxxxxxxxxxxxxxxxxxxxxxxxxxx26071123485801013E010728380480437A
289,1110,260711235043,xxxxxxxxxxxxxxxxxxxxxxxxxxxxxxxx26071123504301013E0107275604644503
290,1058,260711235228,xxxxxxxxxxxxxxxxxxxxxxxxxxxxxxxx26071123522801013E0107272204254279
291,1010,260711235412,xxxxxxxxxxxxxxxxxxxxxxxxxxxxxxxx26071123541201013E010727F203253F07
292,1096,260711235557,xxxxxxxxxxxxxxxxxxxxxxxxxxxxxxxx26071123555701013E01072848048A44B6
293,1017,260711235742,xxxxxxxxxxxxxxxxxxxxxxxxxxxxxxxx26071123574201013E010728F903923F90
294,1080,260711235927,xxxxxxxxxxxxxxxxxxxxxxxxxxxxxxxx26071123592701013E01072838048143BE
295,1069,260712000112,xxxxxxxxxxxxxxxxxxxxxxxxxxxxxxxx26071200011201013E0107282D04D1422E
296,1057,260712000257,xxxxxxxxxxxxxxxxxxxxxxxxxxxxxxxx26071200025701013E01072821041942FE
297,1051,260712000442,xxxxxxxxxxxxxxxxxxxxxxxxxxxxxxxx26071200044201013E0107281B04B04113
298,1045,260712000627,xxxxxxxxxxxxxxxxxxxxxxxxxxxxxxxx26071200062701013E010728150457411D
299,1021,260712000812,xxxxxxxxxxxxxxxxxxxxxxxxxxxxxxxx26071200081201013E010727FD03DC3FB6
300,1035,260712000957,xxxxxxxxxxxxxxxxxxxxxxxxxxxxxxxx26071200095701013E0107260B04B14013
301,1059,260712001142,xxxxxxxxxxxxxxxxxxxxxxxxxxxxxxxx26071200114201013E010726230438425E
302,1002,260712001327,xxxxxxxxxxxxxxxxxxxxxxxxxxxxxxxx26071200132701013E010725EA03A33E7B
303,1070,260712001512,xxxxxxxxxxxxxxxxxxxxxxxxxxxxxxxx26071200151201013E0107242E04E642C4
304,1040,260712001657,xxxxxxxxxxxxxxxxxxxxxxxxxxxxxxxx26071200165701013E01072410040741CA
305,1038,260712001842,xxxxxxxxxxxxxxxxxxxxxxxxxxxxxxxx26071200184201013E0107240E04ED402B
306,1019,260712002027,xxxxxxxxxxxxxxxxxxxxxxxxxxxxxxxx26071200202701013E010724FB03B03FE6
307,1064,260712002212,xxxxxxxxxxxxxxxxxxxxxxxxxxxxxxxx26071200221201013E01072428048C4270
308,1051,260712002357,xxxxxxxxxxxxxxxxxxxxxxxxxxxxxxxx26071200235701013E0107231B04B241F2
309,1045,260712002541,xxxxxxxxxxxxxxxxxxxxxxxxxxxxxxxx26071200254101013E0107231504534156
310,1045,260712002726,xxxxxxxxxxxxxxxxxxxxxxxxxxxxxxxx26071200272601013E0107231504544138
311,1035,260712002911,xxxxxxxxxxxxxxxxxxxxxxxxxxxxxxxx26071200291101013E0107230B04B84073
312,1035,260712003056,xxxxxxxxxxxxxxxxxxxxxxxxxxxxxxxx26071200305601013E0107230B04B84073
313,1023,260712003241,xxxxxxxxxxxxxxxxxxxxxxxxxxxxxxxx26071200324101013E010723FF03F63F88
314,1021,260712003428,xxxxxxxxxxxxxxxxxxxxxxxxxxxxxxxx26071200342801013E010723FD03D43FDF
315,992,260712003613,xxxxxxxxxxxxxxxxxxxxxxxxxxxxxxxx26071200361301013E010723E0030F3E5F
316,993,260712003758,xxxxxxxxxxxxxxxxxxxxxxxxxxxxxxxx26071200375801013E010723E103193E96
317,988,260712003943,xxxxxxxxxxxxxxxxxxxxxxxxxxxxxxxx26071200394301013E010724DC03CE3DC6
318,1021,260712004127,xxxxxxxxxxxxxxxxxxxxxxxxxxxxxxxx26071200412701013E010724FD03D33FE0
319,1035,260712004312,xxxxxxxxxxxxxxxxxxxxxxxxxxxxxxxx26071200431201013E0107240B04B4406F
320,977,260712004457,xxxxxxxxxxxxxxxxxxxxxxxxxxxxxxxx26071200445701013E010725D103133D47
321,977,260712004457,xxxxxxxxxxxxxxxxxxxxxxxxxxxxxxxx26071200445701013E010725D103133D47
322,987,260712004642,xxxxxxxxxxxxxxxxxxxxxxxxxxxxxxxx26071200464201013E010725DB03BC3DAA
323,956,260712004827,xxxxxxxxxxxxxxxxxxxxxxxxxxxxxxxx26071200482701013E010725BC03CF3B82
324,998,260712005012,xxxxxxxxxxxxxxxxxxxxxxxxxxxxxxxx26071200501201013E010725E603643EB3
326,1004,260712005157,xxxxxxxxxxxxxxxxxxxxxxxxxxxxxxxx26071200515701013E010726EC03CF3E2B
325,1004,260712005157,xxxxxxxxxxxxxxxxxxxxxxxxxxxxxxxx26071200515701013E010726EC03CF3E2B
327,999,260712005342,xxxxxxxxxxxxxxxxxxxxxxxxxxxxxxxx26071200534201013E010726E7037F3EBD
328,977,260712005527,xxxxxxxxxxxxxxxxxxxxxxxxxxxxxxxx26071200552701013E010726D103153DA3
329,967,260712005712,xxxxxxxxxxxxxxxxxxxxxxxxxxxxxxxx26071200571201013E010726C7037B3C4A
330,1023,260712005859,xxxxxxxxxxxxxxxxxxxxxxxxxxxxxxxx26071200585901013E010725FF03FC3FF3
331,976,260712010044,xxxxxxxxxxxxxxxxxxxxxxxxxxxxxxxx26071201004401013E010725D003033D24
332,1003,260712010229,xxxxxxxxxxxxxxxxxxxxxxxxxxxxxxxx26071201022901013E010724EB03BC3ECD
333,998,260712010414,xxxxxxxxxxxxxxxxxxxxxxxxxxxxxxxx26071201041401013E010723E6036D3E9D
334,980,260712010557,xxxxxxxxxxxxxxxxxxxxxxxxxxxxxxxx26071201055701013E010723D403443D43
335,962,260712010742,xxxxxxxxxxxxxxxxxxxxxxxxxxxxxxxx26071201074201013E010723C203293CFF
336,1008,260712010927,xxxxxxxxxxxxxxxxxxxxxxxxxxxxxxxx26071201092701013E010723F003053FDE
337,947,260712011112,xxxxxxxxxxxxxxxxxxxxxxxxxxxxxxxx26071201111201013E010723B3033F3B1D
338,978,260712011257,xxxxxxxxxxxxxxxxxxxxxxxxxxxxxxxx26071201125701013E010723D203203D2B
339,1002,260712011442,xxxxxxxxxxxxxxxxxxxxxxxxxxxxxxxx26071201144201013E010722EA03AD3EF6
340,975,260712011627,xxxxxxxxxxxxxxxxxxxxxxxxxxxxxxxx26071201162701013E010722CF03F83C33
341,965,260712011812,xxxxxxxxxxxxxxxxxxxxxxxxxxxxxxxx26071201181201013E010722C503563C1A
342,942,260712011957,xxxxxxxxxxxxxxxxxxxxxxxxxxxxxxxx26071201195701013E010722AE03EC3A26
343,932,260712012326,xxxxxxxxxxxxxxxxxxxxxxxxxxxxxxxx26071201232601013E010721A4034B3AF3
344,940,260712012511,xxxxxxxxxxxxxxxxxxxxxxxxxxxxxxxx26071201251101013E010721AC03C83A95
345,912,260712012656,xxxxxxxxxxxxxxxxxxxxxxxxxxxxxxxx26071201265601013E01072190030B39CC
346,931,260712012841,xxxxxxxxxxxxxxxxxxxxxxxxxxxxxxxx26071201284101013E010721A303303AE0
347,928,260712013027,xxxxxxxxxxxxxxxxxxxxxxxxxxxxxxxx26071201302701013E010721A0030B3A66
348,917,260712013212,xxxxxxxxxxxxxxxxxxxxxxxxxxxxxxxx26071201321201013E010721950358396F
349,892,260712013357,xxxxxxxxxxxxxxxxxxxxxxxxxxxxxxxx26071201335701013E0107217C03CF3707
350,924,260712013542,xxxxxxxxxxxxxxxxxxxxxxxxxxxxxxxx26071201354201013E0107229C03C939B5
351,868,260712013727,xxxxxxxxxxxxxxxxxxxxxxxxxxxxxxxx26071201372701013E0107236403453636
352,906,260712013911,xxxxxxxxxxxxxxxxxxxxxxxxxxxxxxxx26071201391101013E0107238A03A83889
353,939,260712014056,xxxxxxxxxxxxxxxxxxxxxxxxxxxxxxxx26071201405601013E010723AB03BF3A48
354,939,260712014241,xxxxxxxxxxxxxxxxxxxxxxxxxxxxxxxx26071201424101013E010724AB03BE3ADD
355,939,260712014426,xxxxxxxxxxxxxxxxxxxxxxxxxxxxxxxx26071201442601013E010724AB03B83A77
356,939,260712014611,xxxxxxxxxxxxxxxxxxxxxxxxxxxxxxxx26071201461101013E010724AB03B23A90
357,938,260712014759,xxxxxxxxxxxxxxxxxxxxxxxxxxxxxxxx26071201475901013E010724AA03AD3AEB
358,938,260712014944,xxxxxxxxxxxxxxxxxxxxxxxxxxxxxxxx26071201494401013E010725AA03A83AD9
359,938,260712015129,xxxxxxxxxxxxxxxxxxxxxxxxxxxxxxxx26071201512901013E010725AA03A43A94
360,937,260712015314,xxxxxxxxxxxxxxxxxxxxxxxxxxxxxxxx26071201531401013E010725A9039F3A12
361,909,260712015458,xxxxxxxxxxxxxxxxxxxxxxxxxxxxxxxx26071201545801013E0107258D03D7383D
362,860,260712015643,xxxxxxxxxxxxxxxxxxxxxxxxxxxxxxxx26071201564301013E0107255C03C2355D
363,874,260712015828,xxxxxxxxxxxxxxxxxxxxxxxxxxxxxxxx26071201582801013E0107246A03AA361F
364,904,260712020013,xxxxxxxxxxxxxxxxxxxxxxxxxxxxxxxx26071202001301013E010723880388384F
365,900,260712020344,xxxxxxxxxxxxxxxxxxxxxxxxxxxxxxxx26071202034401013E010721840340381C
366,889,260712020529,xxxxxxxxxxxxxxxxxxxxxxxxxxxxxxxx26071202052901013E0107217903973787
367,882,260712020714,xxxxxxxxxxxxxxxxxxxxxxxxxxxxxxxx26071202071401013E0107217203253780
368,864,260712020859,xxxxxxxxxxxxxxxxxxxxxxxxxxxxxxxx26071202085901013E01072160030436E4
369,885,260712021044,xxxxxxxxxxxxxxxxxxxxxxxxxxxxxxxx26071202104401013E010721750353371A
370,853,260712021229,xxxxxxxxxxxxxxxxxxxxxxxxxxxxxxxx26071202122901013E01072155035E355F
371,773,260712021414,xxxxxxxxxxxxxxxxxxxxxxxxxxxxxxxx26071202141401013E01072105035930D6
372,852,260712021559,xxxxxxxxxxxxxxxxxxxxxxxxxxxxxxxx26071202155901013E0107215403483596
373,878,260712021744,xxxxxxxxxxxxxxxxxxxxxxxxxxxxxxxx26071202174401013E0107226E03E93643
374,839,260712021929,xxxxxxxxxxxxxxxxxxxxxxxxxxxxxxxx26071202192901013E01072247037934DF
375,850,260712022114,xxxxxxxxxxxxxxxxxxxxxxxxxxxxxxxx26071202211401013E01072252032335A8
376,853,260712022259,xxxxxxxxxxxxxxxxxxxxxxxxxxxxxxxx26071202225901013E01072155035835F5
377,864,260712022444,xxxxxxxxxxxxxxxxxxxxxxxxxxxxxxxx26071202244401013E0107206003023683
378,854,260712022628,xxxxxxxxxxxxxxxxxxxxxxxxxxxxxxxx26071202262801013E010720560368359D
379,844,260712022813,xxxxxxxxxxxxxxxxxxxxxxxxxxxxxxxx26071202281301013E0107214C03C334E0
380,844,260712022958,xxxxxxxxxxxxxxxxxxxxxxxxxxxxxxxx26071202295801013E0107214C03C93407
381,836,260712023143,xxxxxxxxxxxxxxxxxxxxxxxxxxxxxxxx26071202314301013E01072244034C3485
382,828,260712023328,xxxxxxxxxxxxxxxxxxxxxxxxxxxxxxxx26071202332801013E0107223C03CA3337
383,821,260712023513,xxxxxxxxxxxxxxxxxxxxxxxxxxxxxxxx26071202351301013E01072235035E335C
384,782,260712023658,xxxxxxxxxxxxxxxxxxxxxxxxxxxxxxxx26071202365801013E0107210E03EB30D1
385,778,260712023843,xxxxxxxxxxxxxxxxxxxxxxxxxxxxxxxx26071202384301013E0107220A03A230B8
386,822,260712024028,xxxxxxxxxxxxxxxxxxxxxxxxxxxxxxxx26071202402801013E01072236036E33F9
387,816,260712024358,xxxxxxxxxxxxxxxxxxxxxxxxxxxxxxxx26071202435801013E01072330030733D5
388,786,260712024543,xxxxxxxxxxxxxxxxxxxxxxxxxxxxxxxx26071202454301013E01072412032331B5
389,781,260712024728,xxxxxxxxxxxxxxxxxxxxxxxxxxxxxxxx26071202472801013E0107240D03DC30C8
390,810,260712024913,xxxxxxxxxxxxxxxxxxxxxxxxxxxxxxxx26071202491301013E0107252A03AB3297
391,850,260712025058,xxxxxxxxxxxxxxxxxxxxxxxxxxxxxxxx26071202505801013E01072552032E3570
392,851,260712025243,xxxxxxxxxxxxxxxxxxxxxxxxxxxxxxxx26071202524301013E01072653033435BA
393,850,260712025428,xxxxxxxxxxxxxxxxxxxxxxxxxxxxxxxx26071202542801013E01072652032E353E
394,851,260712025613,xxxxxxxxxxxxxxxxxxxxxxxxxxxxxxxx26071202561301013E01072653033835F7
395,755,260712025758,xxxxxxxxxxxxxxxxxxxxxxxxxxxxxxxx26071202575801013E010726F3023E2FBC
396,786,260712025943,xxxxxxxxxxxxxxxxxxxxxxxxxxxxxxxx26071202594301013E0107261203203163
397,809,260712030128,xxxxxxxxxxxxxxxxxxxxxxxxxxxxxxxx26071203012801013E01072629039F3247
398,802,260712030313,xxxxxxxxxxxxxxxxxxxxxxxxxxxxxxxx26071203031301013E0107252203223216
399,803,260712030458,xxxxxxxxxxxxxxxxxxxxxxxxxxxxxxxx26071203045801013E0107252303323275
400,788,260712030642,xxxxxxxxxxxxxxxxxxxxxxxxxxxxxxxx26071203064201013E01072414034B3190
401,793,260712030827,xxxxxxxxxxxxxxxxxxxxxxxxxxxxxxxx26071203082701013E01072419039D31FF
402,792,260712031012,xxxxxxxxxxxxxxxxxxxxxxxxxxxxxxxx26071203101201013E01072418038E31C9
403,781,260712031157,xxxxxxxxxxxxxxxxxxxxxxxxxxxxxxxx26071203115701013E0107230D03DD305D
404,787,260712031342,xxxxxxxxxxxxxxxxxxxxxxxxxxxxxxxx26071203134201013E01072313033431E9
405,778,260712031529,xxxxxxxxxxxxxxxxxxxxxxxxxxxxxxxx26071203152901013E0107230A03AC30A9
406,774,260712031714,xxxxxxxxxxxxxxxxxxxxxxxxxxxxxxxx26071203171401013E01072306036E309E
407,771,260712031859,xxxxxxxxxxxxxxxxxxxxxxxxxxxxxxxx26071203185901013E010723030334308F
408,767,260712032044,xxxxxxxxxxxxxxxxxxxxxxxxxxxxxxxx26071203204401013E010723FF02FC2F59
409,778,260712032413,xxxxxxxxxxxxxxxxxxxxxxxxxxxxxxxx26071203241301013E0107230A03AD306D
410,739,260712032558,xxxxxxxxxxxxxxxxxxxxxxxxxxxxxxxx26071203255801013E010723E302302ED4
411,716,260712032743,xxxxxxxxxxxxxxxxxxxxxxxxxxxxxxxx26071203274301013E010723CC02C72C75
412,765,260712032928,xxxxxxxxxxxxxxxxxxxxxxxxxxxxxxxx26071203292801013E010723FD02D12F16
413,712,260712033114,xxxxxxxxxxxxxxxxxxxxxxxxxxxxxxxx26071203311401013E010723C802852C71
414,717,260712033259,xxxxxxxxxxxxxxxxxxxxxxxxxxxxxxxx26071203325901013E010723CD02D22CE9
415,640,260712033444,xxxxxxxxxxxxxxxxxxxxxxxxxxxxxxxx26071203344401013E010723800200283C
416,766,260712033628,xxxxxxxxxxxxxxxxxxxxxxxxxxxxxxxx26071203362801013E010723FE02EE2FAB
417,735,260712033813,xxxxxxxxxxxxxxxxxxxxxxxxxxxxxxxx26071203381301013E010722DF02F12DD1
418,748,260712033958,xxxxxxxxxxxxxxxxxxxxxxxxxxxxxxxx26071203395801013E010722EC02C62EB0
419,743,260712034145,xxxxxxxxxxxxxxxxxxxxxxxxxxxxxxxx26071203414501013E010722E702792E3E
420,717,260712034330,xxxxxxxxxxxxxxxxxxxxxxxxxxxxxxxx26071203433001013E010722CD02DD2C3C
421,717,260712034515,xxxxxxxxxxxxxxxxxxxxxxxxxxxxxxxx26071203451501013E010722CD02D52C4A
422,705,260712034700,xxxxxxxxxxxxxxxxxxxxxxxxxxxxxxxx26071203470001013E010722C102152CEC
423,653,260712034845,xxxxxxxxxxxxxxxxxxxxxxxxxxxxxxxx26071203484501013E0107238D02D72897
424,713,260712035030,xxxxxxxxxxxxxxxxxxxxxxxxxxxxxxxx26071203503001013E010723C902962C47
425,699,260712035215,xxxxxxxxxxxxxxxxxxxxxxxxxxxxxxxx26071203521501013E010723BB02B12BC4
426,666,260712035400,xxxxxxxxxxxxxxxxxxxxxxxxxxxxxxxx26071203540001013E0107239A02A2293E
427,728,260712035545,xxxxxxxxxxxxxxxxxxxxxxxxxxxxxxxx26071203554501013E010723D8028C2DA5
428,683,260712035729,xxxxxxxxxxxxxxxxxxxxxxxxxxxxxxxx26071203572901013E010723AB02B32A33
429,682,260712035914,xxxxxxxxxxxxxxxxxxxxxxxxxxxxxxxx26071203591401013E010723AA02A42A3E
430,691,260712040059,xxxxxxxxxxxxxxxxxxxxxxxxxxxxxxxx26071204005901013E010722B302382B88
431,688,260712040244,xxxxxxxxxxxxxxxxxxxxxxxxxxxxxxxx26071204024401013E010722B002042B60
432,666,260712040429,xxxxxxxxxxxxxxxxxxxxxxxxxxxxxxxx26071204042901013E0107229A02A929D0
433,651,260712040612,xxxxxxxxxxxxxxxxxxxxxxxxxxxxxxxx26071204061201013E0107228B02B72809
434,664,260712040757,xxxxxxxxxxxxxxxxxxxxxxxxxxxxxxxx26071204075701013E01072298028329F1
435,671,260712040942,xxxxxxxxxxxxxxxxxxxxxxxxxxxxxxxx26071204094201013E0107229F02FC29D9
436,630,260712041127,xxxxxxxxxxxxxxxxxxxxxxxxxxxxxxxx26071204112701013E0107217602662776
437,629,260712041313,xxxxxxxxxxxxxxxxxxxxxxxxxxxxxxxx26071204131301013E0107217502542742
438,651,260712041458,xxxxxxxxxxxxxxxxxxxxxxxxxxxxxxxx26071204145801013E0107218B02BD28A0
439,684,260712041643,xxxxxxxxxxxxxxxxxxxxxxxxxxxxxxxx26071204164301013E010722AC02CC2AD6
440,684,260712041828,xxxxxxxxxxxxxxxxxxxxxxxxxxxxxxxx26071204182801013E010722AC02CF2A83
441,684,260712042013,xxxxxxxxxxxxxxxxxxxxxxxxxxxxxxxx26071204201301013E010722AC02CD2A12
442,684,260712042157,xxxxxxxxxxxxxxxxxxxxxxxxxxxxxxxx26071204215701013E010722AC02C62A31
443,684,260712042342,xxxxxxxxxxxxxxxxxxxxxxxxxxxxxxxx26071204234201013E010722AC02C12A5F
444,683,260712042527,xxxxxxxxxxxxxxxxxxxxxxxxxxxxxxxx26071204252701013E010723AB02BD2AEF
445,683,260712042712,xxxxxxxxxxxxxxxxxxxxxxxxxxxxxxxx26071204271201013E010723AB02B92AD4
446,683,260712042857,xxxxxxxxxxxxxxxxxxxxxxxxxxxxxxxx26071204285701013E010723AB02B82A10
447,683,260712043045,xxxxxxxxxxxxxxxxxxxxxxxxxxxxxxxx26071204304501013E010723AB02BB2A45
448,683,260712043230,xxxxxxxxxxxxxxxxxxxxxxxxxxxxxxxx26071204323001013E010723AB02BD2AEF
449,684,260712043415,xxxxxxxxxxxxxxxxxxxxxxxxxxxxxxxx26071204341501013E010723AC02C02A56
450,654,260712043559,xxxxxxxxxxxxxxxxxxxxxxxxxxxxxxxx26071204355901013E0107238E02E42867
451,681,260712043744,xxxxxxxxxxxxxxxxxxxxxxxxxxxxxxxx26071204374401013E010723A902912A64
452,660,260712043929,xxxxxxxxxxxxxxxxxxxxxxxxxxxxxxxx26071204392901013E010724940242290F
453,676,260712044114,xxxxxxxxxxxxxxxxxxxxxxxxxxxxxxxx26071204411401013E010724A402482A42
454,677,260712044259,xxxxxxxxxxxxxxxxxxxxxxxxxxxxxxxx26071204425901013E010724A502522AC6
455,677,260712044443,xxxxxxxxxxxxxxxxxxxxxxxxxxxxxxxx26071204444301013E010724A502542A6C
456,677,260712044628,xxxxxxxxxxxxxxxxxxxxxxxxxxxxxxxx26071204462801013E010723A502512AC2
457,678,260712044813,xxxxxxxxxxxxxxxxxxxxxxxxxxxxxxxx26071204481301013E010723A602632AF6
458,634,260712044958,xxxxxxxxxxxxxxxxxxxxxxxxxxxxxxxx26071204495801013E0107227A02A527CB
459,607,260712045143,xxxxxxxxxxxxxxxxxxxxxxxxxxxxxxxx26071204514301013E0107215F02F4257B
460,634,260712045328,xxxxxxxxxxxxxxxxxxxxxxxxxxxxxxxx26071204532801013E0107217A02A72714
461,511,260712045513,xxxxxxxxxxxxxxxxxxxxxxxxxxxxxxxx26071204551301013E010720FF01FF1F18
462,646,260712045658,xxxxxxxxxxxxxxxxxxxxxxxxxxxxxxxx26071204565801013E010720860264281A
463,646,260712045843,xxxxxxxxxxxxxxxxxxxxxxxxxxxxxxxx26071204584301013E0107218602652813
464,646,260712050028,xxxxxxxxxxxxxxxxxxxxxxxxxxxxxxxx26071205002801013E01072186026428D7
465,616,260712050213,xxxxxxxxxxxxxxxxxxxxxxxxxxxxxxxx26071205021301013E01072268028C26D9
466,647,260712050400,xxxxxxxxxxxxxxxxxxxxxxxxxxxxxxxx26071205040001013E0107228702722850
467,511,260712050545,xxxxxxxxxxxxxxxxxxxxxxxxxxxxxxxx26071205054501013E010721FF01F11F09
468,582,260712050729,xxxxxxxxxxxxxxxxxxxxxxxxxxxxxxxx26071205072901013E0107214602652489
469,645,260712050914,xxxxxxxxxxxxxxxxxxxxxxxxxxxxxxxx26071205091401013E0107228502582871
470,647,260712051058,xxxxxxxxxxxxxxxxxxxxxxxxxxxxxxxx26071205105801013E01072287027428FA
471,563,260712051245,xxxxxxxxxxxxxxxxxxxxxxxxxxxxxxxx26071205124501013E01072233023D236C
472,623,260712051430,xxxxxxxxxxxxxxxxxxxxxxxxxxxxxxxx26071205143001013E0107226F02FF26BC
473,604,260712051615,xxxxxxxxxxxxxxxxxxxxxxxxxxxxxxxx26071205161501013E0107215C02C5251A
474,552,260712051800,xxxxxxxxxxxxxxxxxxxxxxxxxxxxxxxx26071205180001013E01072028028822E0
475,586,260712051945,xxxxxxxxxxxxxxxxxxxxxxxxxxxxxxxx26071205194501013E0107204A02AD2494
476,578,260712052129,xxxxxxxxxxxxxxxxxxxxxxxxxxxxxxxx26071205212901013E0107204202262484
477,575,260712052314,xxxxxxxxxxxxxxxxxxxxxxxxxxxxxxxx26071205231401013E0107203F02F723AE
478,574,260712052459,xxxxxxxxxxxxxxxxxxxxxxxxxxxxxxxx26071205245901013E0107203E02ED232A
479,584,260712052644,xxxxxxxxxxxxxxxxxxxxxxxxxxxxxxxx26071205264401013E01072148028124D2
480,584,260712052829,xxxxxxxxxxxxxxxxxxxxxxxxxxxxxxxx26071205282901013E0107214802872478
481,584,260712053014,xxxxxxxxxxxxxxxxxxxxxxxxxxxxxxxx26071205301401013E0107214802882460
482,584,260712053159,xxxxxxxxxxxxxxxxxxxxxxxxxxxxxxxx26071205315901013E0107214802802416
483,583,260712053344,xxxxxxxxxxxxxxxxxxxxxxxxxxxxxxxx26071205334401013E01072247027F2443
484,584,260712053529,xxxxxxxxxxxxxxxxxxxxxxxxxxxxxxxx26071205352901013E010722480281249C
485,584,260712053714,xxxxxxxxxxxxxxxxxxxxxxxxxxxxxxxx26071205371401013E01072248028224C9
486,584,260712053859,xxxxxxxxxxxxxxxxxxxxxxxxxxxxxxxx26071205385901013E010722480283240D
487,584,260712054044,xxxxxxxxxxxxxxxxxxxxxxxxxxxxxxxx26071205404401013E0107224802842463
488,584,260712054229,xxxxxxxxxxxxxxxxxxxxxxxxxxxxxxxx26071205422901013E01072248028524A7
489,584,260712054414,xxxxxxxxxxxxxxxxxxxxxxxxxxxxxxxx26071205441401013E0107224802872436
490,584,260712054558,xxxxxxxxxxxxxxxxxxxxxxxxxxxxxxxx26071205455801013E010722480288242E
491,584,260712054743,xxxxxxxxxxxxxxxxxxxxxxxxxxxxxxxx26071205474301013E0107214802882460
492,584,260712054928,xxxxxxxxxxxxxxxxxxxxxxxxxxxxxxxx26071205492801013E0107214802882460
493,584,260712055113,xxxxxxxxxxxxxxxxxxxxxxxxxxxxxxxx26071205511301013E01072148028924A4
494,584,260712055259,xxxxxxxxxxxxxxxxxxxxxxxxxxxxxxxx26071205525901013E01072148028A24F1
495,584,260712055444,xxxxxxxxxxxxxxxxxxxxxxxxxxxxxxxx26071205544401013E01072148028B2435
496,584,260712055629,xxxxxxxxxxxxxxxxxxxxxxxxxxxxxxxx26071205562901013E01072148028D249F
497,584,260712055814,xxxxxxxxxxxxxxxxxxxxxxxxxxxxxxxx26071205581401013E01072148028E24CA
498,584,260712055959,xxxxxxxxxxxxxxxxxxxxxxxxxxxxxxxx26071205595901013E01072148028F240E
499,585,260712060145,xxxxxxxxxxxxxxxxxxxxxxxxxxxxxxxx26071206014501013E0107214902902475
500,585,260712060330,xxxxxxxxxxxxxxxxxxxxxxxxxxxxxxxx26071206033001013E01072149029124B1
501,585,260712060515,xxxxxxxxxxxxxxxxxxxxxxxxxxxxxxxx26071206051501013E01072149029224E4
502,585,260712060700,xxxxxxxxxxxxxxxxxxxxxxxxxxxxxxxx26071206070001013E010721490294244E
503,585,260712061029,xxxxxxxxxxxxxxxxxxxxxxxxxxxxxxxx26071206102901013E010721490297241B
504,585,260712061214,xxxxxxxxxxxxxxxxxxxxxxxxxxxxxxxx26071206121401013E0107214902982403
505,585,260712061359,xxxxxxxxxxxxxxxxxxxxxxxxxxxxxxxx26071206135901013E01072149029924C7
506,585,260712061544,xxxxxxxxxxxxxxxxxxxxxxxxxxxxxxxx26071206154401013E01072149029924C7
507,585,260712061728,xxxxxxxxxxxxxxxxxxxxxxxxxxxxxxxx26071206172801013E01072149029B2456
508,585,260712061913,xxxxxxxxxxxxxxxxxxxxxxxxxxxxxxxx26071206191301013E01072149029B2456
509,585,260712062058,xxxxxxxxxxxxxxxxxxxxxxxxxxxxxxxx26071206205801013E01072149029C2438
510,585,260712062243,xxxxxxxxxxxxxxxxxxxxxxxxxxxxxxxx26071206224301013E01072149029D24FC
511,585,260712062428,xxxxxxxxxxxxxxxxxxxxxxxxxxxxxxxx26071206242801013E01072149029E24A9
512,585,260712062615,xxxxxxxxxxxxxxxxxxxxxxxxxxxxxxxx26071206261501013E01072149029F246D
513,586,260712062800,xxxxxxxxxxxxxxxxxxxxxxxxxxxxxxxx26071206280001013E0107204A02A0241D
514,586,260712062945,xxxxxxxxxxxxxxxxxxxxxxxxxxxxxxxx26071206294501013E0107214A02A024D0
515,586,260712063130,xxxxxxxxxxxxxxxxxxxxxxxxxxxxxxxx26071206313001013E0107204A02A124D9
516,586,260712063315,xxxxxxxxxxxxxxxxxxxxxxxxxxxxxxxx26071206331501013E0107204A02A124D9
517,586,260712063500,xxxxxxxxxxxxxxxxxxxxxxxxxxxxxxxx26071206350001013E0107204A02A2248C
518,586,260712063645,xxxxxxxxxxxxxxxxxxxxxxxxxxxxxxxx26071206364501013E0107204A02A32448
519,586,260712063830,xxxxxxxxxxxxxxxxxxxxxxxxxxxxxxxx26071206383001013E0107204A02A32448
520,586,260712064015,xxxxxxxxxxxxxxxxxxxxxxxxxxxxxxxx26071206401501013E0107204A02A42426
521,586,260712064200,xxxxxxxxxxxxxxxxxxxxxxxxxxxxxxxx26071206420001013E0107204A02A524E2
522,586,260712064345,xxxxxxxxxxxxxxxxxxxxxxxxxxxxxxxx26071206434501013E0107204A02A624B7
523,586,260712064530,xxxxxxxxxxxxxxxxxxxxxxxxxxxxxxxx26071206453001013E0107204A02A72473
524,586,260712064715,xxxxxxxxxxxxxxxxxxxxxxxxxxxxxxxx26071206471501013E0107204A02A8246B
525,586,260712065045,xxxxxxxxxxxxxxxxxxxxxxxxxxxxxxxx26071206504501013E0107204A02A924AF
526,586,260712065230,xxxxxxxxxxxxxxxxxxxxxxxxxxxxxxxx26071206523001013E0107204A02AA24FA
527,586,260712065415,xxxxxxxxxxxxxxxxxxxxxxxxxxxxxxxx26071206541501013E0107204A02AB243E
528,586,260712065600,xxxxxxxxxxxxxxxxxxxxxxxxxxxxxxxx26071206560001013E0107204A02AB243E
529,586,260712065744,xxxxxxxxxxxxxxxxxxxxxxxxxxxxxxxx26071206574401013E0107204A02A42426
530,586,260712065929,xxxxxxxxxxxxxxxxxxxxxxxxxxxxxxxx26071206592901013E0107204A02A32448
531,586,260712070114,xxxxxxxxxxxxxxxxxxxxxxxxxxxxxxxx26071207011401013E0107204A02A524E2
532,586,260712070259,xxxxxxxxxxxxxxxxxxxxxxxxxxxxxxxx26071207025901013E0107204A02A624B7
533,586,260712070444,xxxxxxxxxxxxxxxxxxxxxxxxxxxxxxxx26071207044401013E0107204A02A624B7
534,586,260712070631,xxxxxxxxxxxxxxxxxxxxxxxxxxxxxxxx26071207063101013E0107204A02A72473
535,586,260712070816,xxxxxxxxxxxxxxxxxxxxxxxxxxxxxxxx26071207081601013E0107204A02A72473
536,586,260712071001,xxxxxxxxxxxxxxxxxxxxxxxxxxxxxxxx26071207100101013E0107204A02A8246B
537,586,260712071146,xxxxxxxxxxxxxxxxxxxxxxxxxxxxxxxx26071207114601013E0107204A02A8246B
538,586,260712071330,xxxxxxxxxxxxxxxxxxxxxxxxxxxxxxxx26071207133001013E0107204A02A924AF
539,586,260712071515,xxxxxxxxxxxxxxxxxxxxxxxxxxxxxxxx26071207151501013E0107204A02AA24FA
540,586,260712071700,xxxxxxxxxxxxxxxxxxxxxxxxxxxxxxxx26071207170001013E01071F4A02AA2411
541,586,260712071845,xxxxxxxxxxxxxxxxxxxxxxxxxxxxxxxx26071207184501013E01071F4A02AB24D5
542,586,260712072030,xxxxxxxxxxxxxxxxxxxxxxxxxxxxxxxx26071207203001013E01071F4A02AB24D5
543,586,260712072215,xxxxxxxxxxxxxxxxxxxxxxxxxxxxxxxx26071207221501013E01071F4A02AC24BB
544,586,260712072400,xxxxxxxxxxxxxxxxxxxxxxxxxxxxxxxx26071207240001013E01071F4A02AC24BB
545,586,260712072545,xxxxxxxxxxxxxxxxxxxxxxxxxxxxxxxx26071207254501013E01071F4A02AC24BB
546,586,260712072730,xxxxxxxxxxxxxxxxxxxxxxxxxxxxxxxx26071207273001013E01071F4A02AD247F
547,586,260712073100,xxxxxxxxxxxxxxxxxxxxxxxxxxxxxxxx26071207310001013E01071F4A02AD247F
548,586,260712073245,xxxxxxxxxxxxxxxxxxxxxxxxxxxxxxxx26071207324501013E01071F4A02AE242A
549,586,260712073430,xxxxxxxxxxxxxxxxxxxxxxxxxxxxxxxx26071207343001013E01071F4A02AE242A
550,586,260712073615,xxxxxxxxxxxxxxxxxxxxxxxxxxxxxxxx26071207361501013E01071F4A02AF24EE
551,586,260712073801,xxxxxxxxxxxxxxxxxxxxxxxxxxxxxxxx26071207380101013E01071F4A02AF24EE
552,587,260712073946,xxxxxxxxxxxxxxxxxxxxxxxxxxxxxxxx26071207394601013E01071F4B02B02495
553,587,260712074131,xxxxxxxxxxxxxxxxxxxxxxxxxxxxxxxx26071207413101013E01071F4B02B12451
554,587,260712074316,xxxxxxxxxxxxxxxxxxxxxxxxxxxxxxxx26071207431601013E01071F4B02B02495
555,586,260712074501,xxxxxxxxxxxxxxxxxxxxxxxxxxxxxxxx26071207450101013E01071F4A02AF24EE
556,587,260712074645,xxxxxxxxxxxxxxxxxxxxxxxxxxxxxxxx26071207464501013E01071F4B02B02495
557,587,260712074830,xxxxxxxxxxxxxxxxxxxxxxxxxxxxxxxx26071207483001013E01071F4B02B12451
558,587,260712075015,xxxxxxxxxxxxxxxxxxxxxxxxxxxxxxxx26071207501501013E01071F4B02B12451
559,587,260712075200,xxxxxxxxxxxxxxxxxxxxxxxxxxxxxxxx26071207520001013E01071E4B02B1249C
560,587,260712075346,xxxxxxxxxxxxxxxxxxxxxxxxxxxxxxxx26071207534601013E01071F4B02B22404
561,587,260712075531,xxxxxxxxxxxxxxxxxxxxxxxxxxxxxxxx26071207553101013E01071E4B02B224C9
562,587,260712075716,xxxxxxxxxxxxxxxxxxxxxxxxxxxxxxxx26071207571601013E01071E4B02B3240D
563,587,260712075901,xxxxxxxxxxxxxxxxxxxxxxxxxxxxxxxx26071207590101013E01071E4B02B42463
564,587,260712080046,xxxxxxxxxxxxxxxxxxxxxxxxxxxxxxxx26071208004601013E01071E4B02B42463
565,587,260712080230,xxxxxxxxxxxxxxxxxxxxxxxxxxxxxxxx26071208023001013E01071E4B02B524A7
566,587,260712080415,xxxxxxxxxxxxxxxxxxxxxxxxxxxxxxxx26071208041501013E01071E4B02B524A7
567,587,260712080600,xxxxxxxxxxxxxxxxxxxxxxxxxxxxxxxx26071208060001013E01071E4B02B524A7
568,587,260712080745,xxxxxxxxxxxxxxxxxxxxxxxxxxxxxxxx26071208074501013E01071E4B02B524A7
569,587,260712081115,xxxxxxxxxxxxxxxxxxxxxxxxxxxxxxxx26071208111501013E01071E4B02B624F2
570,587,260712081300,xxxxxxxxxxxxxxxxxxxxxxxxxxxxxxxx26071208130001013E01071E4B02B72436
571,587,260712081445,xxxxxxxxxxxxxxxxxxxxxxxxxxxxxxxx26071208144501013E01071E4B02B72436
572,587,260712081630,xxxxxxxxxxxxxxxxxxxxxxxxxxxxxxxx26071208163001013E01071E4B02B72436
573,587,260712081816,xxxxxxxxxxxxxxxxxxxxxxxxxxxxxxxx26071208181601013E01071E4B02B72436
574,587,260712082001,xxxxxxxxxxxxxxxxxxxxxxxxxxxxxxxx26071208200101013E01071E4B02B8242E
575,587,260712082146,xxxxxxxxxxxxxxxxxxxxxxxxxxxxxxxx26071208214601013E01071E4B02B8242E
576,587,260712082331,xxxxxxxxxxxxxxxxxxxxxxxxxxxxxxxx26071208233101013E01071E4B02B8242E
577,587,260712082516,xxxxxxxxxxxxxxxxxxxxxxxxxxxxxxxx26071208251601013E01071E4B02B924EA
578,587,260712082700,xxxxxxxxxxxxxxxxxxxxxxxxxxxxxxxx26071208270001013E01071E4B02B924EA
579,587,260712082845,xxxxxxxxxxxxxxxxxxxxxxxxxxxxxxxx26071208284501013E01071E4B02BA24BF
580,587,260712083030,xxxxxxxxxxxxxxxxxxxxxxxxxxxxxxxx26071208303001013E01071E4B02BA24BF
581,587,260712083215,xxxxxxxxxxxxxxxxxxxxxxxxxxxxxxxx26071208321501013E01071E4B02BA24BF
582,587,260712083401,xxxxxxxxxxxxxxxxxxxxxxxxxxxxxxxx26071208340101013E01071E4B02BB247B
583,587,260712083546,xxxxxxxxxxxxxxxxxxxxxxxxxxxxxxxx26071208354601013E01071E4B02BB247B
584,587,260712083731,xxxxxxxxxxxxxxxxxxxxxxxxxxxxxxxx26071208373101013E01071E4B02BB247B
585,587,260712083916,xxxxxxxxxxxxxxxxxxxxxxxxxxxxxxxx26071208391601013E01071E4B02BC2415
586,587,260712084101,xxxxxxxxxxxxxxxxxxxxxxxxxxxxxxxx26071208410101013E01071E4B02BC2415
587,587,260712084245,xxxxxxxxxxxxxxxxxxxxxxxxxxxxxxxx26071208424501013E01071E4B02BC2415
588,587,260712084430,xxxxxxxxxxxxxxxxxxxxxxxxxxxxxxxx26071208443001013E01071E4B02BD24D1
589,587,260712084615,xxxxxxxxxxxxxxxxxxxxxxxxxxxxxxxx26071208461501013E01071E4B02BE2484
590,587,260712084800,xxxxxxxxxxxxxxxxxxxxxxxxxxxxxxxx26071208480001013E01071E4B02BE2484
591,587,260712084945,xxxxxxxxxxxxxxxxxxxxxxxxxxxxxxxx26071208494501013E01071D4B02BE24CA
592,587,260712085131,xxxxxxxxxxxxxxxxxxxxxxxxxxxxxxxx26071208513101013E01071D4B02BE24CA
593,587,260712085316,xxxxxxxxxxxxxxxxxxxxxxxxxxxxxxxx26071208531601013E01071D4B02BE24CA
594,587,260712085501,xxxxxxxxxxxxxxxxxxxxxxxxxxxxxxxx26071208550101013E01071D4B02BE24CA
595,587,260712085646,xxxxxxxxxxxxxxxxxxxxxxxxxxxxxxxx26071208564601013E01071D4B02BE24CA
596,587,260712085831,xxxxxxxxxxxxxxxxxxxxxxxxxxxxxxxx26071208583101013E01071D4B02BF240E
597,588,260712090016,xxxxxxxxxxxxxxxxxxxxxxxxxxxxxxxx26071209001601013E01071D4C02C02426
598,588,260712090201,xxxxxxxxxxxxxxxxxxxxxxxxxxxxxxxx26071209020101013E01071D4C02C02426
599,588,260712090346,xxxxxxxxxxxxxxxxxxxxxxxxxxxxxxxx26071209034601013E01071D4C02C124E2
600,588,260712090531,xxxxxxxxxxxxxxxxxxxxxxxxxxxxxxxx26071209053101013E01071D4C02C224B7
601,588,260712090716,xxxxxxxxxxxxxxxxxxxxxxxxxxxxxxxx26071209071601013E01071D4C02C224B7
602,588,260712090901,xxxxxxxxxxxxxxxxxxxxxxxxxxxxxxxx26071209090101013E01071D4C02C224B7
603,588,260712091046,xxxxxxxxxxxxxxxxxxxxxxxxxxxxxxxx26071209104601013E01071D4C02C224B7
604,588,260712091231,xxxxxxxxxxxxxxxxxxxxxxxxxxxxxxxx26071209123101013E01071D4C02C32473
605,588,260712091416,xxxxxxxxxxxxxxxxxxxxxxxxxxxxxxxx26071209141601013E01071D4C02C32473
606,588,260712091601,xxxxxxxxxxxxxxxxxxxxxxxxxxxxxxxx26071209160101013E01071D4C02C32473
607,588,260712091746,xxxxxxxxxxxxxxxxxxxxxxxxxxxxxxxx26071209174601013E01071D4C02C4241D
608,588,260712091931,xxxxxxxxxxxxxxxxxxxxxxxxxxxxxxxx26071209193101013E01071D4C02C4241D
609,588,260712092116,xxxxxxxxxxxxxxxxxxxxxxxxxxxxxxxx26071209211601013E01071D4C02C4241D
610,588,260712092302,xxxxxxxxxxxxxxxxxxxxxxxxxxxxxxxx26071209230201013E01071D4C02C524D9
611,588,260712092447,xxxxxxxxxxxxxxxxxxxxxxxxxxxxxxxx26071209244701013E01071D4C02C6248C
612,588,260712092632,xxxxxxxxxxxxxxxxxxxxxxxxxxxxxxxx26071209263201013E01071D4C02C6248C
613,588,260712092817,xxxxxxxxxxxxxxxxxxxxxxxxxxxxxxxx26071209281701013E01071C4C02C62441
614,588,260712093002,xxxxxxxxxxxxxxxxxxxxxxxxxxxxxxxx26071209300201013E01071C4C02C62441
615,588,260712093146,xxxxxxxxxxxxxxxxxxxxxxxxxxxxxxxx26071209314601013E01071C4C02C62441
616,588,260712093331,xxxxxxxxxxxxxxxxxxxxxxxxxxxxxxxx26071209333101013E01071C4C02C72485
617,588,260712093516,xxxxxxxxxxxxxxxxxxxxxxxxxxxxxxxx26071209351601013E01071C4C02C72485
618,588,260712093701,xxxxxxxxxxxxxxxxxxxxxxxxxxxxxxxx26071209370101013E01071C4C02C8249D
619,588,260712093846,xxxxxxxxxxxxxxxxxxxxxxxxxxxxxxxx26071209384601013E01071C4C02C8249D
620,588,260712094031,xxxxxxxxxxxxxxxxxxxxxxxxxxxxxxxx26071209403101013E01071C4C02C92459
621,588,260712094216,xxxxxxxxxxxxxxxxxxxxxxxxxxxxxxxx26071209421601013E01071C4C02C92459
622,588,260712094401,xxxxxxxxxxxxxxxxxxxxxxxxxxxxxxxx26071209440101013E01071C4C02C92459
623,588,260712094546,xxxxxxxxxxxxxxxxxxxxxxxxxxxxxxxx26071209454601013E01071C4C02CA240C
624,588,260712094731,xxxxxxxxxxxxxxxxxxxxxxxxxxxxxxxx26071209473101013E01071C4C02CA240C
625,588,260712094916,xxxxxxxxxxxxxxxxxxxxxxxxxxxxxxxx26071209491601013E01071C4C02CB24C8
626,588,260712095101,xxxxxxxxxxxxxxxxxxxxxxxxxxxxxxxx26071209510101013E01071C4C02CB24C8
627,588,260712095246,xxxxxxxxxxxxxxxxxxxxxxxxxxxxxxxx26071209524601013E01071C4C02CB24C8
628,588,260712095430,xxxxxxxxxxxxxxxxxxxxxxxxxxxxxxxx26071209543001013E01071C4C02CC24A6
629,588,260712095615,xxxxxxxxxxxxxxxxxxxxxxxxxxxxxxxx26071209561501013E01071C4C02CC24A6
630,588,260712095800,xxxxxxxxxxxxxxxxxxxxxxxxxxxxxxxx26071209580001013E01071C4C02CC24A6
631,588,260712095945,xxxxxxxxxxxxxxxxxxxxxxxxxxxxxxxx26071209594501013E01071C4C02CD2462
632,588,260712100130,xxxxxxxxxxxxxxxxxxxxxxxxxxxxxxxx26071210013001013E01071C4C02CD2462
633,588,260712100315,xxxxxxxxxxxxxxxxxxxxxxxxxxxxxxxx26071210031501013E01071C4C02CD2462
634,588,260712100500,xxxxxxxxxxxxxxxxxxxxxxxxxxxxxxxx26071210050001013E01071C4C02CE2437
635,588,260712100645,xxxxxxxxxxxxxxxxxxxxxxxxxxxxxxxx26071210064501013E01071C4C02CE2437
636,588,260712100830,xxxxxxxxxxxxxxxxxxxxxxxxxxxxxxxx26071210083001013E01071C4C02CE2437
637,588,260712101015,xxxxxxxxxxxxxxxxxxxxxxxxxxxxxxxx26071210101501013E01071C4C02CE2437
638,588,260712101200,xxxxxxxxxxxxxxxxxxxxxxxxxxxxxxxx26071210120001013E01071C4C02CF24F3
639,588,260712101345,xxxxxxxxxxxxxxxxxxxxxxxxxxxxxxxx26071210134501013E01071C4C02CF24F3
640,588,260712101530,xxxxxxxxxxxxxxxxxxxxxxxxxxxxxxxx26071210153001013E01071C4C02CF24F3
641,589,260712101715,xxxxxxxxxxxxxxxxxxxxxxxxxxxxxxxx26071210171501013E01071C4D02D02488
642,589,260712101901,xxxxxxxxxxxxxxxxxxxxxxxxxxxxxxxx26071210190101013E01071C4D02D02488
643,589,260712102046,xxxxxxxxxxxxxxxxxxxxxxxxxxxxxxxx26071210204601013E01071C4D02D1244C
644,589,260712102231,xxxxxxxxxxxxxxxxxxxxxxxxxxxxxxxx26071210223101013E01071C4D02D1244C
645,589,260712102416,xxxxxxxxxxxxxxxxxxxxxxxxxxxxxxxx26071210241601013E01071C4D02D1244C
646,589,260712102601,xxxxxxxxxxxxxxxxxxxxxxxxxxxxxxxx26071210260101013E01071C4D02D1244C
647,589,260712102746,xxxxxxxxxxxxxxxxxxxxxxxxxxxxxxxx26071210274601013E01071C4D02D22419
648,589,260712102931,xxxxxxxxxxxxxxxxxxxxxxxxxxxxxxxx26071210293101013E01071C4D02D22419
649,589,260712103116,xxxxxxxxxxxxxxxxxxxxxxxxxxxxxxxx26071210311601013E01071C4D02D424B3
650,582,260712103301,xxxxxxxxxxxxxxxxxxxxxxxxxxxxxxxx26071210330101013E01071C46026624B4
651,600,260712103445,xxxxxxxxxxxxxxxxxxxxxxxxxxxxxxxx26071210344501013E01071C58028F2500
652,601,260712103630,xxxxxxxxxxxxxxxxxxxxxxxxxxxxxxxx26071210363001013E01071C5902952584
653,566,260712103815,xxxxxxxxxxxxxxxxxxxxxxxxxxxxxxxx26071210381501013E01071C36026A23D2
654,587,260712104000,xxxxxxxxxxxxxxxxxxxxxxxxxxxxxxxx26071210400001013E01071C4B02B62471
655,586,260712104145,xxxxxxxxxxxxxxxxxxxxxxxxxxxxxxxx26071210414501013E01071C4A02AB249B
656,560,260712104332,xxxxxxxxxxxxxxxxxxxxxxxxxxxxxxxx26071210433201013E01071C3002032333
657,573,260712104517,xxxxxxxxxxxxxxxxxxxxxxxxxxxxxxxx26071210451701013E01071C3D02D12367
658,593,260712104702,xxxxxxxxxxxxxxxxxxxxxxxxxxxxxxxx26071210470201013E01071C5102172526
659,496,260712104847,xxxxxxxxxxxxxxxxxxxxxxxxxxxxxxxx26071210484701013E01071CF001041F9D
660,575,260712105032,xxxxxxxxxxxxxxxxxxxxxxxxxxxxxxxx26071210503201013E01071C3F02F32330
661,520,260712105217,xxxxxxxxxxxxxxxxxxxxxxxxxxxxxxxx26071210521701013E01071C08028A2018
662,535,260712105402,xxxxxxxxxxxxxxxxxxxxxxxxxxxxxxxx26071210540201013E01071D17027F214F
663,535,260712105547,xxxxxxxxxxxxxxxxxxxxxxxxxxxxxxxx26071210554701013E01071D17027621FD
664,524,260712105732,xxxxxxxxxxxxxxxxxxxxxxxxxxxxxxxx26071210573201013E01071E0C02CA200E
665,578,260712105917,xxxxxxxxxxxxxxxxxxxxxxxxxxxxxxxx26071210591701013E01071E42022F2410
666,578,260712110102,xxxxxxxxxxxxxxxxxxxxxxxxxxxxxxxx26071211010201013E01071E42022C2445
667,579,260712110247,xxxxxxxxxxxxxxxxxxxxxxxxxxxxxxxx26071211024701013E01071E43023124AF
668,1901,260712110432,xxxxxxxxxxxxxxxxxxxxxxxxxxxxxxxx26071211043201013E01071E6D07D576D6
669,3210,260712110617,xxxxxxxxxxxxxxxxxxxxxxxxxxxxxxxx26071211061701013E01071E8A0CA7C8D2
670,3766,260712110801,xxxxxxxxxxxxxxxxxxxxxxxxxxxxxxxx26071211080101013E01071EB60E6DEB55
671,3810,260712110946,xxxxxxxxxxxxxxxxxxxxxxxxxxxxxxxx26071211094601013E01071EE20E29EE1C
672,3811,260712111131,xxxxxxxxxxxxxxxxxxxxxxxxxxxxxxxx26071211113101013E01071EE30E30EECD
673,3851,260712111316,xxxxxxxxxxxxxxxxxxxxxxxxxxxxxxxx26071211131601013E01071E0B0FB8F0E8
674,3805,260712111646,xxxxxxxxxxxxxxxxxxxxxxxxxxxxxxxx26071211164601013E01071FDD0ED8EDBC
675,3807,260712111831,xxxxxxxxxxxxxxxxxxxxxxxxxxxxxxxx26071211183101013E01071FDF0EF8ED7A
676,3810,260712112016,xxxxxxxxxxxxxxxxxxxxxxxxxxxxxxxx26071211201601013E01071EE20E2CEEE3
677,3795,260712112201,xxxxxxxxxxxxxxxxxxxxxxxxxxxxxxxx26071211220101013E01071FD30E31ED6E
678,3794,260712112345,xxxxxxxxxxxxxxxxxxxxxxxxxxxxxxxx26071211234501013E01071FD20E29ED7B
679,3783,260712112530,xxxxxxxxxxxxxxxxxxxxxxxxxxxxxxxx26071211253001013E010720C70E70ECB2
680,3801,260712112715,xxxxxxxxxxxxxxxxxxxxxxxxxxxxxxxx26071211271501013E010720D90E96ED1E
681,3799,260712112900,xxxxxxxxxxxxxxxxxxxxxxxxxxxxxxxx26071211290001013E010720D70E7DED5D
682,3777,260712113045,xxxxxxxxxxxxxxxxxxxxxxxxxxxxxxxx26071211304501013E010720C10E13ECB4
683,3796,260712113232,xxxxxxxxxxxxxxxxxxxxxxxxxxxxxxxx26071211323201013E010720D40E41EDB5
684,3776,260712113417,xxxxxxxxxxxxxxxxxxxxxxxxxxxxxxxx26071211341701013E010720C00E07ECEC
685,3789,260712113602,xxxxxxxxxxxxxxxxxxxxxxxxxxxxxxxx26071211360201013E010720CD0ED3EC12
686,3788,260712113747,xxxxxxxxxxxxxxxxxxxxxxxxxxxxxxxx26071211374701013E010720CC0ECEECF8
687,3764,260712113932,xxxxxxxxxxxxxxxxxxxxxxxxxxxxxxxx26071211393201013E010720B40E48EB4A
688,3780,260712114117,xxxxxxxxxxxxxxxxxxxxxxxxxxxxxxxx26071211411701013E010721C40E4EEC06
689,3749,260712114302,xxxxxxxxxxxxxxxxxxxxxxxxxxxxxxxx26071211430201013E010721A50E5DEA7D
690,3776,260712114447,xxxxxxxxxxxxxxxxxxxxxxxxxxxxxxxx26071211444701013E010721C00E01EC8B
691,3758,260712114632,xxxxxxxxxxxxxxxxxxxxxxxxxxxxxxxx26071211463201013E010722AE0EE4EA17
692,3757,260712114817,xxxxxxxxxxxxxxxxxxxxxxxxxxxxxxxx26071211481701013E010721AD0EDAEA20
693,3755,260712115002,xxxxxxxxxxxxxxxxxxxxxxxxxxxxxxxx26071211500201013E010721AB0EB9EA26
694,3765,260712115147,xxxxxxxxxxxxxxxxxxxxxxxxxxxxxxxx26071211514701013E010721B50E5EEB4E
695,3734,260712115332,xxxxxxxxxxxxxxxxxxxxxxxxxxxxxxxx26071211533201013E010720960E61E9F2
696,3750,260712115702,xxxxxxxxxxxxxxxxxxxxxxxxxxxxxxxx26071211570201013E010720A60E65EA63
697,3738,260712115847,xxxxxxxxxxxxxxxxxxxxxxxxxxxxxxxx26071211584701013E0107209A0EACE9DD
698,3733,260712120032,xxxxxxxxxxxxxxxxxxxxxxxxxxxxxxxx26071212003201013E010720950E5FE98B
699,3715,260712120217,xxxxxxxxxxxxxxxxxxxxxxxxxxxxxxxx26071212021701013E010720830E3BE885
700,3703,260712120402,xxxxxxxxxxxxxxxxxxxxxxxxxxxxxxxx26071212040201013E010720770E7EE7DF
701,3717,260712120547,xxxxxxxxxxxxxxxxxxxxxxxxxxxxxxxx26071212054701013E010720850E5AE812
702,3714,260712120732,xxxxxxxxxxxxxxxxxxxxxxxxxxxxxxxx26071212073201013E010721820E23E85D
703,3690,260712120917,xxxxxxxxxxxxxxxxxxxxxxxxxxxxxxxx26071212091701013E0107216A0EABE64E
704,3724,260712121102,xxxxxxxxxxxxxxxxxxxxxxxxxxxxxxxx26071212110201013E0107228C0EC8E850
705,3697,260712121247,xxxxxxxxxxxxxxxxxxxxxxxxxxxxxxxx26071212124701013E010722710E1FE7CB
706,3703,260712121432,xxxxxxxxxxxxxxxxxxxxxxxxxxxxxxxx26071212143201013E010722770E78E7F6
707,3675,260712121617,xxxxxxxxxxxxxxxxxxxxxxxxxxxxxxxx26071212161701013E0107225B0EB8E59C
708,3685,260712121802,xxxxxxxxxxxxxxxxxxxxxxxxxxxxxxxx26071212180201013E010721650E5BE64D
709,3660,260712121947,xxxxxxxxxxxxxxxxxxxxxxxxxxxxxxxx26071212194701013E0107214C0EC7E49C
710,3649,260712122132,xxxxxxxxxxxxxxxxxxxxxxxxxxxxxxxx26071212213201013E010721410E1FE42F
711,3649,260712122317,xxxxxxxxxxxxxxxxxxxxxxxxxxxxxxxx26071212231701013E010721410E1EE4EB
712,3649,260712122502,xxxxxxxxxxxxxxxxxxxxxxxxxxxxxxxx26071212250201013E010721410E1CE47A
713,3649,260712122647,xxxxxxxxxxxxxxxxxxxxxxxxxxxxxxxx26071212264701013E010721410E19E485
714,3649,260712122832,xxxxxxxxxxxxxxxxxxxxxxxxxxxxxxxx26071212283201013E010721410E16E49D
715,3649,260712123017,xxxxxxxxxxxxxxxxxxxxxxxxxxxxxxxx26071212301701013E010721410E16E49D
716,3649,260712123202,xxxxxxxxxxxxxxxxxxxxxxxxxxxxxxxx26071212320201013E010721410E13E462
717,3678,260712123347,xxxxxxxxxxxxxxxxxxxxxxxxxxxxxxxx26071212334701013E0107215E0EECE51F
718,3657,260712123716,xxxxxxxxxxxxxxxxxxxxxxxxxxxxxxxx26071212371601013E010721490E93E451
719,3661,260712123901,xxxxxxxxxxxxxxxxxxxxxxxxxxxxxxxx26071212390101013E0107224D0ED3E48A
720,3644,260712124046,xxxxxxxxxxxxxxxxxxxxxxxxxxxxxxxx26071212404601013E0107223C0ECDE31E
721,3658,260712124231,xxxxxxxxxxxxxxxxxxxxxxxxxxxxxxxx26071212423101013E0107224A0EA3E4BA
722,3645,260712124416,xxxxxxxxxxxxxxxxxxxxxxxxxxxxxxxx26071212441601013E0107223D0ED4E3CF
723,3660,260712124601,xxxxxxxxxxxxxxxxxxxxxxxxxxxxxxxx26071212460101013E0107234C0ECBE452
724,3633,260712124746,xxxxxxxxxxxxxxxxxxxxxxxxxxxxxxxx26071212474601013E010723310E19E32D
725,3690,260712124931,xxxxxxxxxxxxxxxxxxxxxxxxxxxxxxxx26071212493101013E0107246A0EADE636
726,3640,260712125116,xxxxxxxxxxxxxxxxxxxxxxxxxxxxxxxx26071212511601013E010723380E8CE382
727,3614,260712125300,xxxxxxxxxxxxxxxxxxxxxxxxxxxxxxxx26071212530001013E0107231E0EE0E150
728,3638,260712125445,xxxxxxxxxxxxxxxxxxxxxxxxxxxxxxxx26071212544501013E010723360E6AE348
729,3604,260712125630,xxxxxxxxxxxxxxxxxxxxxxxxxxxxxxxx26071212563001013E010723140E40E1A5
730,3610,260712125815,xxxxxxxxxxxxxxxxxxxxxxxxxxxxxxxx26071212581501013E0107231A0EACE188
731,3641,260712130003,xxxxxxxxxxxxxxxxxxxxxxxxxxxxxxxx26071213000301013E010724390E9CE3B0
732,3582,260712130148,xxxxxxxxxxxxxxxxxxxxxxxxxxxxxxxx26071213014801013E010724FE0DEBDF2E
733,3633,260712130333,xxxxxxxxxxxxxxxxxxxxxxxxxxxxxxxx26071213033301013E010725310E15E3FC
734,3603,260712130518,xxxxxxxxxxxxxxxxxxxxxxxxxxxxxxxx26071213051801013E010725130E3FE111
735,3604,260712130703,xxxxxxxxxxxxxxxxxxxxxxxxxxxxxxxx26071213070301013E010725140E47E157
736,3597,260712130847,xxxxxxxxxxxxxxxxxxxxxxxxxxxxxxxx26071213084701013E0107260D0EDEE09D
737,3587,260712131032,xxxxxxxxxxxxxxxxxxxxxxxxxxxxxxxx26071213103201013E010726030E31E0E5
738,3630,260712131217,xxxxxxxxxxxxxxxxxxxxxxxxxxxxxxxx26071213121701013E0107262E0EE4E213
739,3594,260712131402,xxxxxxxxxxxxxxxxxxxxxxxxxxxxxxxx26071213140201013E0107260A0EA4E04A
740,3575,260712131733,xxxxxxxxxxxxxxxxxxxxxxxxxxxxxxxx26071213173301013E010725F70D74DFAB
741,3566,260712131918,xxxxxxxxxxxxxxxxxxxxxxxxxxxxxxxx26071213191801013E010725EE0DEFDEBE
742,3565,260712132103,xxxxxxxxxxxxxxxxxxxxxxxxxxxxxxxx26071213210301013E010725ED0DDBDE20
743,3543,260712132248,xxxxxxxxxxxxxxxxxxxxxxxxxxxxxxxx26071213224801013E010724D70D76DD3B
744,3557,260712132432,xxxxxxxxxxxxxxxxxxxxxxxxxxxxxxxx26071213243201013E010724E50D5FDEE5
745,3584,260712132617,xxxxxxxxxxxxxxxxxxxxxxxxxxxxxxxx26071213261701013E010725000E0DE043
746,3544,260712132802,xxxxxxxxxxxxxxxxxxxxxxxxxxxxxxxx26071213280201013E010725D80D89DDED
747,3530,260712132947,xxxxxxxxxxxxxxxxxxxxxxxxxxxxxxxx26071213294701013E010726CA0DA1DC75
748,3584,260712133132,xxxxxxxxxxxxxxxxxxxxxxxxxxxxxxxx26071213313201013E010726000E02E015
749,3541,260712133318,xxxxxxxxxxxxxxxxxxxxxxxxxxxxxxxx26071213331801013E010726D50D5FDDCC
750,3540,260712133503,xxxxxxxxxxxxxxxxxxxxxxxxxxxxxxxx26071213350301013E010727D40D44DD41
751,3534,260712133648,xxxxxxxxxxxxxxxxxxxxxxxxxxxxxxxx26071213364801013E010727CE0DEBDCCA
752,3545,260712133833,xxxxxxxxxxxxxxxxxxxxxxxxxxxxxxxx26071213383301013E010727D90D90DDBF
753,3517,260712134018,xxxxxxxxxxxxxxxxxxxxxxxxxxxxxxxx26071213401801013E010727BD0DDFDB7F
754,3515,260712134203,xxxxxxxxxxxxxxxxxxxxxxxxxxxxxxxx26071213420301013E010727BB0DBADBD3
755,3519,260712134348,xxxxxxxxxxxxxxxxxxxxxxxxxxxxxxxx26071213434801013E010727BF0DF4DB9A
756,3538,260712134533,xxxxxxxxxxxxxxxxxxxxxxxxxxxxxxxx26071213453301013E010726D20D25DD1B
757,3495,260712134718,xxxxxxxxxxxxxxxxxxxxxxxxxxxxxxxx26071213471801013E010725A70D7FDA6F
758,3495,260712134902,xxxxxxxxxxxxxxxxxxxxxxxxxxxxxxxx26071213490201013E010724A70D7DDA33
759,3495,260712135047,xxxxxxxxxxxxxxxxxxxxxxxxxxxxxxxx26071213504701013E010724A70D79DA08
760,3495,260712135232,xxxxxxxxxxxxxxxxxxxxxxxxxxxxxxxx26071213523201013E010724A70D70DABA
761,3487,260712135418,xxxxxxxxxxxxxxxxxxxxxxxxxxxxxxxx26071213541801013E0107259F0DF5D911
762,3496,260712135603,xxxxxxxxxxxxxxxxxxxxxxxxxxxxxxxx26071213560301013E010726A80D88DA4C
763,3494,260712135748,xxxxxxxxxxxxxxxxxxxxxxxxxxxxxxxx26071213574801013E010726A60D61DA9E
764,3456,260712135933,xxxxxxxxxxxxxxxxxxxxxxxxxxxxxxxx26071213593301013E010726800D0ED819
765,3471,260712140118,xxxxxxxxxxxxxxxxxxxxxxxxxxxxxxxx26071214011801013E0107268F0DF9D874
766,3460,260712140303,xxxxxxxxxxxxxxxxxxxxxxxxxxxxxxxx26071214030301013E010727840D4DD814
767,3447,260712140448,xxxxxxxxxxxxxxxxxxxxxxxxxxxxxxxx26071214044801013E010727770D79D7BA
768,3419,260712140633,xxxxxxxxxxxxxxxxxxxxxxxxxxxxxxxx26071214063301013E0107265B0DBED573
769,3475,260712140818,xxxxxxxxxxxxxxxxxxxxxxxxxxxxxxxx26071214081801013E010726930D30D906
770,3501,260712141003,xxxxxxxxxxxxxxxxxxxxxxxxxxxxxxxx26071214100301013E010727AD0DD9DAB3
771,3410,260712141148,xxxxxxxxxxxxxxxxxxxxxxxxxxxxxxxx26071214114801013E010728520D22D5CC
772,3385,260712141333,xxxxxxxxxxxxxxxxxxxxxxxxxxxxxxxx26071214133301013E010727390D92D378
773,3400,260712141518,xxxxxxxxxxxxxxxxxxxxxxxxxxxxxxxx26071214151801013E010727480D8BD482
774,3387,260712141703,xxxxxxxxxxxxxxxxxxxxxxxxxxxxxxxx26071214170301013E0107263B0DBED33E
775,3384,260712141848,xxxxxxxxxxxxxxxxxxxxxxxxxxxxxxxx26071214184801013E010725380D85D3F6
776,3386,260712142033,xxxxxxxxxxxxxxxxxxxxxxxxxxxxxxxx26071214203301013E0107253A0DA5D330
777,3406,260712142218,xxxxxxxxxxxxxxxxxxxxxxxxxxxxxxxx26071214221801013E0107254E0DE5D48E
778,3395,260712142403,xxxxxxxxxxxxxxxxxxxxxxxxxxxxxxxx26071214240301013E010725430D3CD4F9
779,3391,260712142548,xxxxxxxxxxxxxxxxxxxxxxxxxxxxxxxx26071214254801013E0107253F0DF3D36C
780,3365,260712142733,xxxxxxxxxxxxxxxxxxxxxxxxxxxxxxxx26071214273301013E010725250D54D291
781,3379,260712142918,xxxxxxxxxxxxxxxxxxxxxxxxxxxxxxxx26071214291801013E010725330D37D3F1
782,3389,260712143103,xxxxxxxxxxxxxxxxxxxxxxxxxxxxxxxx26071214310301013E0107243D0DD0D332
783,3378,260712143248,xxxxxxxxxxxxxxxxxxxxxxxxxxxxxxxx26071214324801013E010724320D2FD329
784,3375,260712143433,xxxxxxxxxxxxxxxxxxxxxxxxxxxxxxxx26071214343301013E0107242F0DF1D256
785,3369,260712143618,xxxxxxxxxxxxxxxxxxxxxxxxxxxxxxxx26071214361801013E010724290D9BD2E2
786,3347,260712143803,xxxxxxxxxxxxxxxxxxxxxxxxxxxxxxxx26071214380301013E010724130D30D19E
787,3365,260712143948,xxxxxxxxxxxxxxxxxxxxxxxxxxxxxxxx26071214394801013E010724250D53D232
788,3387,260712144133,xxxxxxxxxxxxxxxxxxxxxxxxxxxxxxxx26071214413301013E0107253B0DB9D31E
789,3388,260712144318,xxxxxxxxxxxxxxxxxxxxxxxxxxxxxxxx26071214431801013E0107263C0DCFD3CA
790,3359,260712144503,xxxxxxxxxxxxxxxxxxxxxxxxxxxxxxxx26071214450301013E0107251F0DF6D15F
791,3345,260712144648,xxxxxxxxxxxxxxxxxxxxxxxxxxxxxxxx26071214464801013E010724110D12D1C9
792,3341,260712144833,xxxxxxxxxxxxxxxxxxxxxxxxxxxxxxxx26071214483301013E0107240D0DD5D067
793,3328,260712145018,xxxxxxxxxxxxxxxxxxxxxxxxxxxxxxxx26071214501801013E010724000D0BD07E
794,3336,260712145203,xxxxxxxxxxxxxxxxxxxxxxxxxxxxxxxx26071214520301013E010724080D89D0DC
795,3319,260712145347,xxxxxxxxxxxxxxxxxxxxxxxxxxxxxxxx26071214534701013E010724F70C74CF50
796,3314,260712145532,xxxxxxxxxxxxxxxxxxxxxxxxxxxxxxxx26071214553201013E010724F20C21CF59
797,3318,260712145717,xxxxxxxxxxxxxxxxxxxxxxxxxxxxxxxx26071214571701013E010724F60C6DCF81
798,3301,260712145902,xxxxxxxxxxxxxxxxxxxxxxxxxxxxxxxx26071214590201013E010724E50C5ECE17
799,3300,260712150048,xxxxxxxxxxxxxxxxxxxxxxxxxxxxxxxx26071215004801013E010724E40C43CEFD
800,3291,260712150233,xxxxxxxxxxxxxxxxxxxxxxxxxxxxxxxx26071215023301013E010723DB0CBCCD1D
801,3305,260712150418,xxxxxxxxxxxxxxxxxxxxxxxxxxxxxxxx26071215041801013E010723E90C98CE4A
802,3300,260712150603,xxxxxxxxxxxxxxxxxxxxxxxxxxxxxxxx26071215060301013E010724E40C4CCEE5
803,3293,260712150748,xxxxxxxxxxxxxxxxxxxxxxxxxxxxxxxx26071215074801013E010724DD0CDCCD1F
804,3268,260712150932,xxxxxxxxxxxxxxxxxxxxxxxxxxxxxxxx26071215093201013E010724C40C4BCC47
805,3277,260712151117,xxxxxxxxxxxxxxxxxxxxxxxxxxxxxxxx26071215111701013E010724CD0CD5CCCB
806,3273,260712151302,xxxxxxxxxxxxxxxxxxxxxxxxxxxxxxxx26071215130201013E010725C90C99CCDE
807,3238,260712151447,xxxxxxxxxxxxxxxxxxxxxxxxxxxxxxxx26071215144701013E010725A60C6FCA3A
808,3273,260712151632,xxxxxxxxxxxxxxxxxxxxxxxxxxxxxxxx26071215163201013E010726C90C95CCDD
809,3222,260712151817,xxxxxxxxxxxxxxxxxxxxxxxxxxxxxxxx26071215181701013E010726960C68C9B0
810,3245,260712152002,xxxxxxxxxxxxxxxxxxxxxxxxxxxxxxxx26071215200201013E010726AD0CD8CA8C
811,3245,260712152147,xxxxxxxxxxxxxxxxxxxxxxxxxxxxxxxx26071215214701013E010727AD0CD3CA62
812,3244,260712152332,xxxxxxxxxxxxxxxxxxxxxxxxxxxxxxxx26071215233201013E010727AC0CCACAB3
813,3248,260712152517,xxxxxxxxxxxxxxxxxxxxxxxxxxxxxxxx26071215251701013E010728B00C0ACB1C
814,3232,260712152702,xxxxxxxxxxxxxxxxxxxxxxxxxxxxxxxx26071215270201013E010728A00C07CAF3
815,3231,260712152847,xxxxxxxxxxxxxxxxxxxxxxxxxxxxxxxx26071215284701013E0107289F0CF9C986
816,3231,260712153032,xxxxxxxxxxxxxxxxxxxxxxxxxxxxxxxx26071215303201013E0107289F0CF6C99E
817,3230,260712153217,xxxxxxxxxxxxxxxxxxxxxxxxxxxxxxxx26071215321701013E0107289E0CEEC98B
818,3230,260712153404,xxxxxxxxxxxxxxxxxxxxxxxxxxxxxxxx26071215340401013E0107289E0CE8C921
819,3230,260712153549,xxxxxxxxxxxxxxxxxxxxxxxxxxxxxxxx26071215354901013E0107289E0CE7C939
820,3230,260712153734,xxxxxxxxxxxxxxxxxxxxxxxxxxxxxxxx26071215373401013E0107289E0CE4C96C
821,3230,260712153919,xxxxxxxxxxxxxxxxxxxxxxxxxxxxxxxx26071215391901013E0107289E0CE5C9A8
822,3230,260712154104,xxxxxxxxxxxxxxxxxxxxxxxxxxxxxxxx26071215410401013E0107289E0CE3C902
823,3230,260712154249,xxxxxxxxxxxxxxxxxxxxxxxxxxxxxxxx26071215424901013E0107289E0CE4C96C
824,3230,260712154434,xxxxxxxxxxxxxxxxxxxxxxxxxxxxxxxx26071215443401013E0107279E0CE3C96D
825,3230,260712154619,xxxxxxxxxxxxxxxxxxxxxxxxxxxxxxxx26071215461901013E0107279E0CE3C96D
826,3230,260712154804,xxxxxxxxxxxxxxxxxxxxxxxxxxxxxxxx26071215480401013E0107279E0CE3C96D
827,3230,260712154948,xxxxxxxxxxxxxxxxxxxxxxxxxxxxxxxx26071215494801013E0107279E0CE3C96D
828,3230,260712155133,xxxxxxxxxxxxxxxxxxxxxxxxxxxxxxxx26071215513301013E0107279E0CE4C903
829,3230,260712155318,xxxxxxxxxxxxxxxxxxxxxxxxxxxxxxxx26071215531801013E0107279E0CE3C96D
830,3230,260712155503,xxxxxxxxxxxxxxxxxxxxxxxxxxxxxxxx26071215550301013E0107269E0CE5C90A
831,3230,260712155648,xxxxxxxxxxxxxxxxxxxxxxxxxxxxxxxx26071215564801013E0107269E0CE5C90A
832,3230,260712155834,xxxxxxxxxxxxxxxxxxxxxxxxxxxxxxxx26071215583401013E0107269E0CE7C99B
833,3230,260712160019,xxxxxxxxxxxxxxxxxxxxxxxxxxxxxxxx26071216001901013E0107269E0CE9C947
834,3230,260712160204,xxxxxxxxxxxxxxxxxxxxxxxxxxxxxxxx26071216020401013E0107269E0CE9C947
835,3230,260712160349,xxxxxxxxxxxxxxxxxxxxxxxxxxxxxxxx26071216034901013E0107269E0CEBC9D6
836,3230,260712160533,xxxxxxxxxxxxxxxxxxxxxxxxxxxxxxxx26071216053301013E0107269E0CECC9B8
837,3230,260712160718,xxxxxxxxxxxxxxxxxxxxxxxxxxxxxxxx26071216071801013E0107269E0CECC9B8
838,3230,260712160903,xxxxxxxxxxxxxxxxxxxxxxxxxxxxxxxx26071216090301013E0107269E0CEEC929
839,3252,260712161048,xxxxxxxxxxxxxxxxxxxxxxxxxxxxxxxx26071216104801013E010726B40C4BCBEF
840,3265,260712161233,xxxxxxxxxxxxxxxxxxxxxxxxxxxxxxxx26071216123301013E010727C10C1DCC55
841,3248,260712161419,xxxxxxxxxxxxxxxxxxxxxxxxxxxxxxxx26071216141901013E010726B00C00CB59
842,3233,260712161604,xxxxxxxxxxxxxxxxxxxxxxxxxxxxxxxx26071216160401013E010725A10C18CA64
843,3239,260712161749,xxxxxxxxxxxxxxxxxxxxxxxxxxxxxxxx26071216174901013E010725A70C77CA2F
844,3236,260712161934,xxxxxxxxxxxxxxxxxxxxxxxxxxxxxxxx26071216193401013E010724A40C49CA9B
845,3233,260712162304,xxxxxxxxxxxxxxxxxxxxxxxxxxxxxxxx26071216230401013E010724A10C1FCAC7
846,3235,260712162449,xxxxxxxxxxxxxxxxxxxxxxxxxxxxxxxx26071216244901013E010724A30C30CA19
847,3235,260712162449,xxxxxxxxxxxxxxxxxxxxxxxxxxxxxxxx26071216244901013E010724A30C30CA19
848,3235,260712162449,xxxxxxxxxxxxxxxxxxxxxxxxxxxxxxxx26071216244901013E010724A30C30CA19
849,3235,260712162449,xxxxxxxxxxxxxxxxxxxxxxxxxxxxxxxx26071216244901013E010724A30C30CA19
850,3223,260712162634,xxxxxxxxxxxxxxxxxxxxxxxxxxxxxxxx26071216263401013E010724970C71C9E2
851,3224,260712162819,xxxxxxxxxxxxxxxxxxxxxxxxxxxxxxxx26071216281901013E010724980C8FC93D
852,3229,260712163003,xxxxxxxxxxxxxxxxxxxxxxxxxxxxxxxx26071216300301013E0107249D0CD3C986
853,3225,260712163148,xxxxxxxxxxxxxxxxxxxxxxxxxxxxxxxx26071216314801013E010724990C93C913
854,3212,260712163333,xxxxxxxxxxxxxxxxxxxxxxxxxxxxxxxx26071216333301013E0107248C0CCAC831
855,3206,260712163518,xxxxxxxxxxxxxxxxxxxxxxxxxxxxxxxx26071216351801013E010724860C64C818
856,3175,260712163703,xxxxxxxxxxxxxxxxxxxxxxxxxxxxxxxx26071216370301013E010724670C77C678
857,3206,260712163847,xxxxxxxxxxxxxxxxxxxxxxxxxxxxxxxx26071216384701013E010725860C6FC8F6
858,3252,260712164032,xxxxxxxxxxxxxxxxxxxxxxxxxxxxxxxx26071216403201013E010725B40C40CB82
859,3183,260712164217,xxxxxxxxxxxxxxxxxxxxxxxxxxxxxxxx26071216421701013E0107256F0CF7C686
860,3173,260712164402,xxxxxxxxxxxxxxxxxxxxxxxxxxxxxxxx26071216440201013E010724650C5FC6C8
861,3194,260712164547,xxxxxxxxxxxxxxxxxxxxxxxxxxxxxxxx26071216454701013E0107247A0CA6C71F
862,3183,260712164732,xxxxxxxxxxxxxxxxxxxxxxxxxxxxxxxx26071216473201013E0107246F0CF6C68F
863,3217,260712164917,xxxxxxxxxxxxxxxxxxxxxxxxxxxxxxxx26071216491701013E010725910C13C9ED
864,3170,260712165102,xxxxxxxxxxxxxxxxxxxxxxxxxxxxxxxx26071216510201013E010724620C27C68E
865,3159,260712165247,xxxxxxxxxxxxxxxxxxxxxxxxxxxxxxxx26071216524701013E010724570C79C50E
866,3163,260712165434,xxxxxxxxxxxxxxxxxxxxxxxxxxxxxxxx26071216543401013E0107245B0CB8C56C
867,3151,260712165619,xxxxxxxxxxxxxxxxxxxxxxxxxxxxxxxx26071216561901013E0107244F0CFFC4F1
868,3165,260712165804,xxxxxxxxxxxxxxxxxxxxxxxxxxxxxxxx26071216580401013E0107245D0CD2C5D8
869,3165,260712165804,xxxxxxxxxxxxxxxxxxxxxxxxxxxxxxxx26071216580401013E0107245D0CD2C5D8
870,3156,260712165949,xxxxxxxxxxxxxxxxxxxxxxxxxxxxxxxx26071216594901013E010725540C40C5D4
871,3154,260712170319,xxxxxxxxxxxxxxxxxxxxxxxxxxxxxxxx26071217031901013E010725520C27C5E9
872,3154,260712170504,xxxxxxxxxxxxxxxxxxxxxxxxxxxxxxxx26071217050401013E010726520C23C59C
873,3154,260712170649,xxxxxxxxxxxxxxxxxxxxxxxxxxxxxxxx26071217064901013E010726520C20C5C9
874,3153,260712170834,xxxxxxxxxxxxxxxxxxxxxxxxxxxxxxxx26071217083401013E010726510C1EC5B0
875,3153,260712171019,xxxxxxxxxxxxxxxxxxxxxxxxxxxxxxxx26071217101901013E010726510C1CC521
876,3159,260712171204,xxxxxxxxxxxxxxxxxxxxxxxxxxxxxxxx26071217120401013E010727570C72C563
877,3125,260712171349,xxxxxxxxxxxxxxxxxxxxxxxxxxxxxxxx26071217134901013E010726350C53C3E1
878,3125,260712171349,xxxxxxxxxxxxxxxxxxxxxxxxxxxxxxxx26071217134901013E010726350C53C3E1
879,3153,260712171534,xxxxxxxxxxxxxxxxxxxxxxxxxxxxxxxx26071217153401013E010726510C1FC574
880,3153,260712171719,xxxxxxxxxxxxxxxxxxxxxxxxxxxxxxxx26071217171901013E010726510C1CC521
881,3143,260712171904,xxxxxxxxxxxxxxxxxxxxxxxxxxxxxxxx26071217190401013E010727470C76C43E
882,3137,260712172049,xxxxxxxxxxxxxxxxxxxxxxxxxxxxxxxx26071217204901013E010728410C17C4C6
883,3170,260712172234,xxxxxxxxxxxxxxxxxxxxxxxxxxxxxxxx26071217223401013E010728620C23C694
884,3112,260712172419,xxxxxxxxxxxxxxxxxxxxxxxxxxxxxxxx26071217241901013E010728280C8AC252
885,3153,260712172604,xxxxxxxxxxxxxxxxxxxxxxxxxxxxxxxx26071217260401013E010727510C19C513
886,3143,260712172749,xxxxxxxxxxxxxxxxxxxxxxxxxxxxxxxx26071217274901013E010726470C7BC47A
887,3128,260712172934,xxxxxxxxxxxxxxxxxxxxxxxxxxxxxxxx26071217293401013E010726380C8CC33C
888,3130,260712173119,xxxxxxxxxxxxxxxxxxxxxxxxxxxxxxxx26071217311901013E0107253A0CAAC31E
889,3121,260712173304,xxxxxxxxxxxxxxxxxxxxxxxxxxxxxxxx26071217330401013E010725310C1FC377
890,3117,260712173449,xxxxxxxxxxxxxxxxxxxxxxxxxxxxxxxx26071217344901013E0107252D0CD4C294
891,3098,260712173634,xxxxxxxxxxxxxxxxxxxxxxxxxxxxxxxx26071217363401013E0107251A0CA3C160
892,3088,260712173819,xxxxxxxxxxxxxxxxxxxxxxxxxxxxxxxx26071217381901013E010725100C00C1C0
893,3088,260712173819,xxxxxxxxxxxxxxxxxxxxxxxxxxxxxxxx26071217381901013E010725100C00C1C0
894,3141,260712174004,xxxxxxxxxxxxxxxxxxxxxxxxxxxxxxxx26071217400401013E010726450C57C4F1
895,3128,260712174335,xxxxxxxxxxxxxxxxxxxxxxxxxxxxxxxx26071217433501013E010728380C89C361
896,3076,260712174520,xxxxxxxxxxxxxxxxxxxxxxxxxxxxxxxx26071217452001013E010728040C4AC038
897,3088,260712174705,xxxxxxxxxxxxxxxxxxxxxxxxxxxxxxxx26071217470501013E010728100C0DC1A5
898,3077,260712174850,xxxxxxxxxxxxxxxxxxxxxxxxxxxxxxxx26071217485001013E010727050C57C0BD
899,3045,260712175034,xxxxxxxxxxxxxxxxxxxxxxxxxxxxxxxx26071217503401013E010726E50B5FBED2
900,3133,260712175219,xxxxxxxxxxxxxxxxxxxxxxxxxxxxxxxx26071217521901013E0107273D0CD6C3E0
901,3118,260712175404,xxxxxxxxxxxxxxxxxxxxxxxxxxxxxxxx26071217540401013E0107272E0CEFC291
902,3078,260712175549,xxxxxxxxxxxxxxxxxxxxxxxxxxxxxxxx26071217554901013E010727060C6DC0FF
903,3094,260712175734,xxxxxxxxxxxxxxxxxxxxxxxxxxxxxxxx26071217573401013E010728160C69C1CD
904,3123,260712175919,xxxxxxxxxxxxxxxxxxxxxxxxxxxxxxxx26071217591901013E010728330C3BC366
905,3062,260712180105,xxxxxxxxxxxxxxxxxxxxxxxxxxxxxxxx26071218010501013E010728F60B60BFAB
906,3053,260712180250,xxxxxxxxxxxxxxxxxxxxxxxxxxxxxxxx26071218025001013E010727ED0BD4BE0F
907,3085,260712180435,xxxxxxxxxxxxxxxxxxxxxxxxxxxxxxxx26071218043501013E0107270D0CD6C04A
908,3089,260712180620,xxxxxxxxxxxxxxxxxxxxxxxxxxxxxxxx26071218062001013E010728110C1DC1C6
909,3088,260712180805,xxxxxxxxxxxxxxxxxxxxxxxxxxxxxxxx26071218080501013E010728100C0BC10F
910,3059,260712180950,xxxxxxxxxxxxxxxxxxxxxxxxxxxxxxxx26071218095001013E010728F30B3BBF7E
911,3063,260712181135,xxxxxxxxxxxxxxxxxxxxxxxxxxxxxxxx26071218113501013E010728F70B7BBFEB
912,3056,260712181320,xxxxxxxxxxxxxxxxxxxxxxxxxxxxxxxx26071218132001013E010729F00B01BFF1
913,3040,260712181504,xxxxxxxxxxxxxxxxxxxxxxxxxxxxxxxx26071218150401013E010729E00B07BE3D
914,3065,260712181649,xxxxxxxxxxxxxxxxxxxxxxxxxxxxxxxx26071218164901013E010728F90B90BFA8
915,3069,260712181834,xxxxxxxxxxxxxxxxxxxxxxxxxxxxxxxx26071218183401013E010728FD0BDBBF1E
916,3064,260712182019,xxxxxxxxxxxxxxxxxxxxxxxxxxxxxxxx26071218201901013E010729F80B83BF53
917,3068,260712182349,xxxxxxxxxxxxxxxxxxxxxxxxxxxxxxxx26071218234901013E010728FC0BC8BF28
918,3039,260712182534,xxxxxxxxxxxxxxxxxxxxxxxxxxxxxxxx26071218253401013E010727DF0BFCBD15
919,3039,260712182719,xxxxxxxxxxxxxxxxxxxxxxxxxxxxxxxx26071218271901013E010727DF0BF2BDC9
920,3048,260712182904,xxxxxxxxxxxxxxxxxxxxxxxxxxxxxxxx26071218290401013E010726E80B8EBED3
921,3047,260712183048,xxxxxxxxxxxxxxxxxxxxxxxxxxxxxxxx26071218304801013E010726E70B70BE0C
922,3046,260712183233,xxxxxxxxxxxxxxxxxxxxxxxxxxxxxxxx26071218323301013E010726E60B68BE19
923,3011,260712183418,xxxxxxxxxxxxxxxxxxxxxxxxxxxxxxxx26071218341801013E010726C30B3CBC18
924,3011,260712183418,xxxxxxxxxxxxxxxxxxxxxxxxxxxxxxxx26071218341801013E010726C30B3CBC18
925,3011,260712183418,xxxxxxxxxxxxxxxxxxxxxxxxxxxxxxxx26071218341801013E010726C30B3CBC18
926,3011,260712183418,xxxxxxxxxxxxxxxxxxxxxxxxxxxxxxxx26071218341801013E010726C30B3CBC18
927,3097,260712183603,xxxxxxxxxxxxxxxxxxxxxxxxxxxxxxxx26071218360301013E010726190C95C121
928,3027,260712183748,xxxxxxxxxxxxxxxxxxxxxxxxxxxxxxxx26071218374801013E010727D30B35BD01
929,3031,260712183935,xxxxxxxxxxxxxxxxxxxxxxxxxxxxxxxx26071218393501013E010726D70B75BD59
930,3035,260712184120,xxxxxxxxxxxxxxxxxxxxxxxxxxxxxxxx26071218412001013E010726DB0BBCBD4D
931,3034,260712184305,xxxxxxxxxxxxxxxxxxxxxxxxxxxxxxxx26071218430501013E010726DA0BA9BDD1
932,2996,260712184450,xxxxxxxxxxxxxxxxxxxxxxxxxxxxxxxx26071218445001013E010726B40B4DBBC7
933,3015,260712184634,xxxxxxxxxxxxxxxxxxxxxxxxxxxxxxxx26071218463401013E010726C70B7EBC1C
934,3015,260712184819,xxxxxxxxxxxxxxxxxxxxxxxxxxxxxxxx26071218481901013E010726C70B7BBCE3
935,3048,260712185004,xxxxxxxxxxxxxxxxxxxxxxxxxxxxxxxx26071218500401013E010727E80B81BE06
936,3019,260712185149,xxxxxxxxxxxxxxxxxxxxxxxxxxxxxxxx26071218514901013E010727CB0BB1BC6F
937,3026,260712185334,xxxxxxxxxxxxxxxxxxxxxxxxxxxxxxxx26071218533401013E010727D20B23BDC8
938,3010,260712185519,xxxxxxxxxxxxxxxxxxxxxxxxxxxxxxxx26071218551901013E010726C20B26BC9C
939,3017,260712185704,xxxxxxxxxxxxxxxxxxxxxxxxxxxxxxxx26071218570401013E010726C90B9BBC83
940,2989,260712185849,xxxxxxxxxxxxxxxxxxxxxxxxxxxxxxxx26071218584901013E010726AD0BD8BA0E
941,2986,260712190034,xxxxxxxxxxxxxxxxxxxxxxxxxxxxxxxx26071219003401013E010726AA0BA4BA73
942,3024,260712190219,xxxxxxxxxxxxxxxxxxxxxxxxxxxxxxxx26071219021901013E010726D00B06BD3C
943,3033,260712190403,xxxxxxxxxxxxxxxxxxxxxxxxxxxxxxxx26071219040301013E010726D90B96BD6C
944,3033,260712190403,xxxxxxxxxxxxxxxxxxxxxxxxxxxxxxxx26071219040301013E010726D90B96BD6C
945,2979,260712190548,xxxxxxxxxxxxxxxxxxxxxxxxxxxxxxxx26071219054801013E010726A30B35BAE7
946,3069,260712190733,xxxxxxxxxxxxxxxxxxxxxxxxxxxxxxxx26071219073301013E010726FD0BD7BFF1
947,2941,260712190918,xxxxxxxxxxxxxxxxxxxxxxxxxxxxxxxx26071219091801013E0107277D0BD3B71C
948,2983,260712191105,xxxxxxxxxxxxxxxxxxxxxxxxxxxxxxxx26071219110501013E010727A70B7DBAC9
949,2999,260712191250,xxxxxxxxxxxxxxxxxxxxxxxxxxxxxxxx26071219125001013E010727B70B7BBB05
950,2988,260712191435,xxxxxxxxxxxxxxxxxxxxxxxxxxxxxxxx26071219143501013E010727AC0BCEBA0A
951,2994,260712191620,xxxxxxxxxxxxxxxxxxxxxxxxxxxxxxxx26071219162001013E010727B20B29BB62
952,2962,260712191805,xxxxxxxxxxxxxxxxxxxxxxxxxxxxxxxx26071219180501013E010726920B27B9BF
953,2966,260712191949,xxxxxxxxxxxxxxxxxxxxxxxxxxxxxxxx26071219194901013E010726960B62B9D5
954,2963,260712192134,xxxxxxxxxxxxxxxxxxxxxxxxxxxxxxxx26071219213401013E010726930B32B923
955,2933,260712192319,xxxxxxxxxxxxxxxxxxxxxxxxxxxxxxxx26071219231901013E010725750B53B7AC
956,2964,260712192504,xxxxxxxxxxxxxxxxxxxxxxxxxxxxxxxx26071219250401013E010725940B41B908
957,2952,260712192648,xxxxxxxxxxxxxxxxxxxxxxxxxxxxxxxx26071219264801013E010725880B86B8A6
958,2952,260712192834,xxxxxxxxxxxxxxxxxxxxxxxxxxxxxxxx26071219283401013E010725880B81B8C8
959,2913,260712193019,xxxxxxxxxxxxxxxxxxxxxxxxxxxxxxxx26071219301901013E010725610B18B67C
960,2984,260712193204,xxxxxxxxxxxxxxxxxxxxxxxxxxxxxxxx26071219320401013E010726A80B87BAE0
961,2918,260712193349,xxxxxxxxxxxxxxxxxxxxxxxxxxxxxxxx26071219334901013E010726660B68B602
962,2944,260712193534,xxxxxxxxxxxxxxxxxxxxxxxxxxxxxxxx26071219353401013E010726800B09B8C3
963,2924,260712193719,xxxxxxxxxxxxxxxxxxxxxxxxxxxxxxxx26071219371901013E0107266C0BC8B6F7
964,2938,260712193904,xxxxxxxxxxxxxxxxxxxxxxxxxxxxxxxx26071219390401013E0107277A0BABB75A
965,2937,260712194049,xxxxxxxxxxxxxxxxxxxxxxxxxxxxxxxx26071219404901013E010727790B9DB755
966,2923,260712194234,xxxxxxxxxxxxxxxxxxxxxxxxxxxxxxxx26071219423401013E0107276B0BBFB664
967,2916,260712194419,xxxxxxxxxxxxxxxxxxxxxxxxxxxxxxxx26071219441901013E010727640B46B6D5
968,2935,260712194604,xxxxxxxxxxxxxxxxxxxxxxxxxxxxxxxx26071219460401013E010728770B7BB7F0
969,2932,260712194749,xxxxxxxxxxxxxxxxxxxxxxxxxxxxxxxx26071219474901013E010728740B47B718
970,2973,260712194934,xxxxxxxxxxxxxxxxxxxxxxxxxxxxxxxx26071219493401013E0107289D0BDEB9AC
971,2948,260712195119,xxxxxxxxxxxxxxxxxxxxxxxxxxxxxxxx26071219511901013E010729840B4DB802
972,2982,260712195304,xxxxxxxxxxxxxxxxxxxxxxxxxxxxxxxx26071219530401013E010729A60B66BA2B
973,2982,260712195304,xxxxxxxxxxxxxxxxxxxxxxxxxxxxxxxx26071219530401013E010729A60B66BA2B
975,2946,260712195449,xxxxxxxxxxxxxxxxxxxxxxxxxxxxxxxx26071219544901013E010729820B27B8B6
974,2946,260712195449,xxxxxxxxxxxxxxxxxxxxxxxxxxxxxxxx26071219544901013E010729820B27B8B6
976,2950,260712195634,xxxxxxxxxxxxxxxxxxxxxxxxxxxxxxxx26071219563401013E010728860B66B82A
977,2945,260712195819,xxxxxxxxxxxxxxxxxxxxxxxxxxxxxxxx26071219581901013E010728810B1FB8A8
978,2929,260712200006,xxxxxxxxxxxxxxxxxxxxxxxxxxxxxxxx26071220000601013E010728710B19B732
979,2914,260712200151,xxxxxxxxxxxxxxxxxxxxxxxxxxxxxxxx26071220015101013E010728620B21B687
980,2925,260712200336,xxxxxxxxxxxxxxxxxxxxxxxxxxxxxxxx26071220033601013E0107276D0BDBB60C
981,2925,260712200336,xxxxxxxxxxxxxxxxxxxxxxxxxxxxxxxx26071220033601013E0107276D0BDBB60C
982,2922,260712200521,xxxxxxxxxxxxxxxxxxxxxxxxxxxxxxxx26071220052101013E0107276A0BADB696
983,2921,260712200706,xxxxxxxxxxxxxxxxxxxxxxxxxxxxxxxx26071220070601013E010726690B95B688
984,2931,260712200851,xxxxxxxxxxxxxxxxxxxxxxxxxxxxxxxx26071220085101013E010726730B31B720
985,2928,260712201036,xxxxxxxxxxxxxxxxxxxxxxxxxxxxxxxx26071220103601013E010725700B01B7CB
986,2928,260712201036,xxxxxxxxxxxxxxxxxxxxxxxxxxxxxxxx26071220103601013E010725700B01B7CB
987,2929,260712201221,xxxxxxxxxxxxxxxxxxxxxxxxxxxxxxxx26071220122101013E010726710B1FB73A
988,2935,260712201406,xxxxxxxxxxxxxxxxxxxxxxxxxxxxxxxx26071220140601013E010726770B76B7DB
989,2940,260712201550,xxxxxxxxxxxxxxxxxxxxxxxxxxxxxxxx26071220155001013E0107277C0BCDB7A3
990,2954,260712201735,xxxxxxxxxxxxxxxxxxxxxxxxxxxxxxxx26071220173501013E0107278A0BA4B872
991,2911,260712201920,xxxxxxxxxxxxxxxxxxxxxxxxxxxxxxxx26071220192001013E0107275F0BFBB560
992,2917,260712202105,xxxxxxxxxxxxxxxxxxxxxxxxxxxxxxxx26071220210501013E010726650B5AB636
993,2909,260712202250,xxxxxxxxxxxxxxxxxxxxxxxxxxxxxxxx26071220225001013E0107265D0BD9B5FA
994,2913,260712202436,xxxxxxxxxxxxxxxxxxxxxxxxxxxxxxxx26071220243601013E010727610B1CB6C4
995,2899,260712202621,xxxxxxxxxxxxxxxxxxxxxxxxxxxxxxxx26071220262101013E010727530B3AB502
996,2906,260712202806,xxxxxxxxxxxxxxxxxxxxxxxxxxxxxxxx26071220280601013E0107285A0BADB553
997,2902,260712202951,xxxxxxxxxxxxxxxxxxxxxxxxxxxxxxxx26071220295101013E010727560B6EB5CF
998,2922,260712203135,xxxxxxxxxxxxxxxxxxxxxxxxxxxxxxxx26071220313501013E0107286A0BADB6F9
999,2920,260712203320,xxxxxxxxxxxxxxxxxxxxxxxxxxxxxxxx26071220332001013E010728680B8CB6FB
1000,2938,260712203505,xxxxxxxxxxxxxxxxxxxxxxxxxxxxxxxx26071220350501013E0107287A0BA5B7E9
1001,2935,260712203650,xxxxxxxxxxxxxxxxxxxxxxxxxxxxxxxx26071220365001013E010728770B76B779
1002,2894,260712203835,xxxxxxxxxxxxxxxxxxxxxxxxxxxxxxxx26071220383501013E0107274E0BEEB49A
1003,2880,260712204020,xxxxxxxxxxxxxxxxxxxxxxxxxxxxxxxx26071220402001013E010725400B0AB442
1004,2885,260712204205,xxxxxxxxxxxxxxxxxxxxxxxxxxxxxxxx26071220420501013E010724450B5FB486
1005,2870,260712204350,xxxxxxxxxxxxxxxxxxxxxxxxxxxxxxxx26071220435001013E010723360B61B385
1006,2929,260712204535,xxxxxxxxxxxxxxxxxxxxxxxxxxxxxxxx26071220453501013E010723710B19B742
1007,2884,260712204719,xxxxxxxxxxxxxxxxxxxxxxxxxxxxxxxx26071220471901013E010722440B4DB4E8
1008,2872,260712204904,xxxxxxxxxxxxxxxxxxxxxxxxxxxxxxxx26071220490401013E010723380B87B34F
1009,2876,260712205049,xxxxxxxxxxxxxxxxxxxxxxxxxxxxxxxx26071220504901013E0107233C0BC5B34B
1010,2873,260712205234,xxxxxxxxxxxxxxxxxxxxxxxxxxxxxxxx26071220523401013E010723390B9DB3CB
1011,2875,260712205419,xxxxxxxxxxxxxxxxxxxxxxxxxxxxxxxx26071220541901013E0107243B0BB6B37F
1012,2871,260712205605,xxxxxxxxxxxxxxxxxxxxxxxxxxxxxxxx26071220560501013E010724370B72B3E2
1013,2875,260712205750,xxxxxxxxxxxxxxxxxxxxxxxxxxxxxxxx26071220575001013E0107253B0BB7B376
1014,2851,260712205935,xxxxxxxxxxxxxxxxxxxxxxxxxxxxxxxx26071220593501013E010725230B34B276
1015,2823,260712210120,xxxxxxxxxxxxxxxxxxxxxxxxxxxxxxxx26071221012001013E010726070B72B0CB
1016,2863,260712210305,xxxxxxxxxxxxxxxxxxxxxxxxxxxxxxxx26071221030501013E0107262F0BF6B20F
1017,2846,260712210450,xxxxxxxxxxxxxxxxxxxxxxxxxxxxxxxx26071221045001013E0107251E0BEEB1FE
1018,2859,260712210635,xxxxxxxxxxxxxxxxxxxxxxxxxxxxxxxx26071221063501013E0107252B0BB2B2EF
1019,2854,260712210820,xxxxxxxxxxxxxxxxxxxxxxxxxxxxxxxx26071221082001013E010724260B63B223
1020,2845,260712211005,xxxxxxxxxxxxxxxxxxxxxxxxxxxxxxxx26071221100501013E0107241D0BD0B14A
1021,2858,260712211150,xxxxxxxxxxxxxxxxxxxxxxxxxxxxxxxx26071221115001013E0107242A0BA2B241
1022,2814,260712211336,xxxxxxxxxxxxxxxxxxxxxxxxxxxxxxxx26071221133601013E010724FE0AEFAF97
1023,2819,260712211521,xxxxxxxxxxxxxxxxxxxxxxxxxxxxxxxx26071221152101013E010724030B37B022
1024,2833,260712211706,xxxxxxxxxxxxxxxxxxxxxxxxxxxxxxxx26071221170601013E010724110B13B1B9
1025,2815,260712211851,xxxxxxxxxxxxxxxxxxxxxxxxxxxxxxxx26071221185101013E010725FF0AF2AFB0
1026,2800,260712212221,xxxxxxxxxxxxxxxxxxxxxxxxxxxxxxxx26071221222101013E010725F00A0CAF6F
1028,2808,260712212406,xxxxxxxxxxxxxxxxxxxxxxxxxxxxxxxx26071221240601013E010725F80A84AF2A
1027,2808,260712212406,xxxxxxxxxxxxxxxxxxxxxxxxxxxxxxxx26071221240601013E010725F80A84AF2A
1029,2815,260712212551,xxxxxxxxxxxxxxxxxxxxxxxxxxxxxxxx26071221255101013E010725FF0AFCAF6C
1031,2774,260712212736,xxxxxxxxxxxxxxxxxxxxxxxxxxxxxxxx26071221273601013E010725D60A66AD17
1030,2777,260712212922,xxxxxxxxxxxxxxxxxxxxxxxxxxxxxxxx26071221292201013E010724D90A9BAD50
1032,2779,260712213107,xxxxxxxxxxxxxxxxxxxxxxxxxxxxxxxx26071221310701013E010725DB0ABCAD35
1033,2798,260712213252,xxxxxxxxxxxxxxxxxxxxxxxxxxxxxxxx26071221325201013E010725EE0AE5AEDB
1034,2762,260712213437,xxxxxxxxxxxxxxxxxxxxxxxxxxxxxxxx26071221343701013E010725CA0AADACF4
1035,2779,260712213622,xxxxxxxxxxxxxxxxxxxxxxxxxxxxxxxx26071221362201013E010725DB0AB2ADE9
1036,2766,260712213806,xxxxxxxxxxxxxxxxxxxxxxxxxxxxxxxx26071221380601013E010725CE0AE8AC9E
1037,2757,260712213951,xxxxxxxxxxxxxxxxxxxxxxxxxxxxxxxx26071221395101013E010724C50A5BAC90
1038,2767,260712214136,xxxxxxxxxxxxxxxxxxxxxxxxxxxxxxxx26071221413601013E010725CF0AFEAC57
1039,2752,260712214321,xxxxxxxxxxxxxxxxxxxxxxxxxxxxxxxx26071221432101013E010725C00A0AAC6F
1040,2749,260712214506,xxxxxxxxxxxxxxxxxxxxxxxxxxxxxxxx26071221450601013E010725BD0AD6ABCC
1041,2776,260712214651,xxxxxxxxxxxxxxxxxxxxxxxxxxxxxxxx26071221465101013E010725D80A81AD19
1042,2747,260712214836,xxxxxxxxxxxxxxxxxxxxxxxxxxxxxxxx26071221483601013E010726BB0ABBAB58
1043,2743,260712215021,xxxxxxxxxxxxxxxxxxxxxxxxxxxxxxxx26071221502101013E010726B70A7BABFE
1044,2781,260712215206,xxxxxxxxxxxxxxxxxxxxxxxxxxxxxxxx26071221520601013E010727DD0ADCADE5
1045,2763,260712215351,xxxxxxxxxxxxxxxxxxxxxxxxxxxxxxxx26071221535101013E010726CB0ABAACB7
1046,2726,260712215536,xxxxxxxxxxxxxxxxxxxxxxxxxxxxxxxx26071221553601013E010726A60A69AA6A
1047,2748,260712215721,xxxxxxxxxxxxxxxxxxxxxxxxxxxxxxxx26071221572101013E010726BC0AC0AB4B
1048,2733,260712215906,xxxxxxxxxxxxxxxxxxxxxxxxxxxxxxxx26071221590601013E010726AD0AD1AA8A
1049,2725,260712220236,xxxxxxxxxxxxxxxxxxxxxxxxxxxxxxxx26071222023601013E010725A50A5AAAD4
1050,2712,260712220421,xxxxxxxxxxxxxxxxxxxxxxxxxxxxxxxx26071222042101013E010725980A8DA9D5
1051,2723,260712220606,xxxxxxxxxxxxxxxxxxxxxxxxxxxxxxxx26071222060601013E010725A30A38AA16
1052,2694,260712220751,xxxxxxxxxxxxxxxxxxxxxxxxxxxxxxxx26071222075101013E010725860A6DA8D3
1053,2705,260712220936,xxxxxxxxxxxxxxxxxxxxxxxxxxxxxxxx26071222093601013E010725910A1EA9D0
1054,2721,260712221121,xxxxxxxxxxxxxxxxxxxxxxxxxxxxxxxx26071222112101013E010725A10A15AA59
1055,2693,260712221306,xxxxxxxxxxxxxxxxxxxxxxxxxxxxxxxx26071222130601013E010725850A5BA8DC
1056,2694,260712221451,xxxxxxxxxxxxxxxxxxxxxxxxxxxxxxxx26071222145101013E010725860A6FA842
1057,2713,260712221636,xxxxxxxxxxxxxxxxxxxxxxxxxxxxxxxx26071222163601013E010725990A92A9AE
1058,2666,260712221820,xxxxxxxxxxxxxxxxxxxxxxxxxxxxxxxx26071222182001013E0107256A0AA5A655
1059,2676,260712222005,xxxxxxxxxxxxxxxxxxxxxxxxxxxxxxxx26071222200501013E010725740A4EA770
1060,2665,260712222150,xxxxxxxxxxxxxxxxxxxxxxxxxxxxxxxx26071222215001013E010724690A96A668
1061,2679,260712222335,xxxxxxxxxxxxxxxxxxxxxxxxxxxxxxxx26071222233501013E010724770A71A700
1062,2630,260712222520,xxxxxxxxxxxxxxxxxxxxxxxxxxxxxxxx26071222252001013E010725460A6BA4E3
1063,2658,260712222705,xxxxxxxxxxxxxxxxxxxxxxxxxxxxxxxx26071222270501013E010726620A25A628
1064,2654,260712222850,xxxxxxxxxxxxxxxxxxxxxxxxxxxxxxxx26071222285001013E0107255E0AECA5D8
1065,2656,260712223035,xxxxxxxxxxxxxxxxxxxxxxxxxxxxxxxx26071222303501013E010725600A09A6ED
1066,2603,260712223220,xxxxxxxxxxxxxxxxxxxxxxxxxxxxxxxx26071222322001013E0107252B0ABDA2C1
1067,2666,260712223405,xxxxxxxxxxxxxxxxxxxxxxxxxxxxxxxx26071222340501013E0107266A0AABA6C7
1068,2665,260712223550,xxxxxxxxxxxxxxxxxxxxxxxxxxxxxxxx26071222355001013E010726690A9BA662
1069,2665,260712223735,xxxxxxxxxxxxxxxxxxxxxxxxxxxxxxxx26071222373501013E010726690A98A637
1070,2696,260712223920,xxxxxxxxxxxxxxxxxxxxxxxxxxxxxxxx26071222392001013E010726880A83A821
1071,2598,260712224105,xxxxxxxxxxxxxxxxxxxxxxxxxxxxxxxx26071222410501013E010726260A62A252
1072,2639,260712224251,xxxxxxxxxxxxxxxxxxxxxxxxxxxxxxxx26071222425101013E0107274F0AF3A446
1073,2648,260712224436,xxxxxxxxxxxxxxxxxxxxxxxxxxxxxxxx26071222443601013E010728580A83A57F
1074,2637,260712224621,xxxxxxxxxxxxxxxxxxxxxxxxxxxxxxxx26071222462101013E0107284D0AD9A408
1075,2651,260712224806,xxxxxxxxxxxxxxxxxxxxxxxxxxxxxxxx26071222480601013E0107285B0ABBA5AC
1076,2650,260712224951,xxxxxxxxxxxxxxxxxxxxxxxxxxxxxxxx26071222495101013E0107295A0AA9A593
1077,2649,260712225136,xxxxxxxxxxxxxxxxxxxxxxxxxxxxxxxx26071222513601013E010728590A91A58D
1078,2628,260712225321,xxxxxxxxxxxxxxxxxxxxxxxxxxxxxxxx26071222532101013E010728440A4AA40D
1079,2627,260712225506,xxxxxxxxxxxxxxxxxxxxxxxxxxxxxxxx26071222550601013E010727430A33A4E0
1080,2610,260712225651,xxxxxxxxxxxxxxxxxxxxxxxxxxxxxxxx26071222565101013E010726320A24A30B
1081,2630,260712225836,xxxxxxxxxxxxxxxxxxxxxxxxxxxxxxxx26071222583601013E010726460A61A44A
1082,2618,260712230021,xxxxxxxxxxxxxxxxxxxxxxxxxxxxxxxx26071223002101013E0107263A0AAEA3DF
1083,2647,260712230206,xxxxxxxxxxxxxxxxxxxxxxxxxxxxxxxx26071223020601013E010726570A7BA5A8
1084,2621,260712230351,xxxxxxxxxxxxxxxxxxxxxxxxxxxxxxxx26071223035101013E0107253D0AD1A3B9
1085,2615,260712230535,xxxxxxxxxxxxxxxxxxxxxxxxxxxxxxxx26071223053501013E010725370A7DA301
1086,2607,260712230720,xxxxxxxxxxxxxxxxxxxxxxxxxxxxxxxx26071223072001013E0107252F0AF2A24C
1087,2597,260712230905,xxxxxxxxxxxxxxxxxxxxxxxxxxxxxxxx26071223090501013E010724250A5CA2A8
1088,2591,260712231050,xxxxxxxxxxxxxxxxxxxxxxxxxxxxxxxx26071223105001013E0107241F0AFEA166
1089,2591,260712231235,xxxxxxxxxxxxxxxxxxxxxxxxxxxxxxxx26071223123501013E0107231F0AF7A185
1090,2587,260712231420,xxxxxxxxxxxxxxxxxxxxxxxxxxxxxxxx26071223142001013E0107231B0AB0A17E
1091,2571,260712231605,xxxxxxxxxxxxxxxxxxxxxxxxxxxxxxxx26071223160501013E0107230B0AB7A076
1092,2570,260712231750,xxxxxxxxxxxxxxxxxxxxxxxxxxxxxxxx26071223175001013E0107230A0AAAA09C
1093,2559,260712231935,xxxxxxxxxxxxxxxxxxxxxxxxxxxxxxxx26071223193501013E010723FF09F69F4D
1094,2535,260712232306,xxxxxxxxxxxxxxxxxxxxxxxxxxxxxxxx26071223230601013E010724E709749ED8
1095,2542,260712232451,xxxxxxxxxxxxxxxxxxxxxxxxxxxxxxxx26071223245101013E010724EE09EC9EFE
1096,2543,260712232636,xxxxxxxxxxxxxxxxxxxxxxxxxxxxxxxx26071223263601013E010723EF09F29E10
1097,2549,260712232821,xxxxxxxxxxxxxxxxxxxxxxxxxxxxxxxx26071223282101013E010723F509569FB8
1098,2528,260712233006,xxxxxxxxxxxxxxxxxxxxxxxxxxxxxxxx26071223300601013E010723E009009E82
1099,2532,260712233151,xxxxxxxxxxxxxxxxxxxxxxxxxxxxxxxx26071223315101013E010723E409479E79
1100,2533,260712233336,xxxxxxxxxxxxxxxxxxxxxxxxxxxxxxxx26071223333601013E010723E5095A9E93
1101,2555,260712233521,xxxxxxxxxxxxxxxxxxxxxxxxxxxxxxxx26071223352101013E010723FB09BD9FFB
1102,2512,260712233706,xxxxxxxxxxxxxxxxxxxxxxxxxxxxxxxx26071223370601013E010723D0090B9D0B
1103,2533,260712233851,xxxxxxxxxxxxxxxxxxxxxxxxxxxxxxxx26071223385101013E010723E509599EC6
1104,2491,260712234036,xxxxxxxxxxxxxxxxxxxxxxxxxxxxxxxx26071223403601013E010723BB09B79B9D
1105,2517,260712234221,xxxxxxxxxxxxxxxxxxxxxxxxxxxxxxxx26071223422101013E010723D5095E9D02
1106,2527,260712234406,xxxxxxxxxxxxxxxxxxxxxxxxxxxxxxxx26071223440601013E010724DF09FE9DA6
1107,2532,260712234550,xxxxxxxxxxxxxxxxxxxxxxxxxxxxxxxx26071223455001013E010724E4094F9E5E
1108,2513,260712234735,xxxxxxxxxxxxxxxxxxxxxxxxxxxxxxxx26071223473501013E010723D1091C9D06
1109,2526,260712234920,xxxxxxxxxxxxxxxxxxxxxxxxxxxxxxxx26071223492001013E010722DE09EB9DA6
1110,2518,260712235105,xxxxxxxxxxxxxxxxxxxxxxxxxxxxxxxx26071223510501013E010721D609629D69
1111,2519,260712235250,xxxxxxxxxxxxxxxxxxxxxxxxxxxxxxxx26071223525001013E010722D709719D11
1112,2518,260712235435,xxxxxxxxxxxxxxxxxxxxxxxxxxxxxxxx26071223543501013E010722D609639DE3
1113,2487,260712235620,xxxxxxxxxxxxxxxxxxxxxxxxxxxxxxxx26071223562001013E010723B7097A9BB2
1114,2503,260712235805,xxxxxxxxxxxxxxxxxxxxxxxxxxxxxxxx26071223580501013E010723C709799CCC
1115,2454,260712235950,xxxxxxxxxxxxxxxxxxxxxxxxxxxxxxxx26071223595001013E01072396096099FA
1116,2476,260713000135,xxxxxxxxxxxxxxxxxxxxxxxxxxxxxxxx26071300013501013E010722AC09C69AC2
1117,2478,260713000322,xxxxxxxxxxxxxxxxxxxxxxxxxxxxxxxx26071300032201013E010722AE09E89AD8
1118,2472,260713000507,xxxxxxxxxxxxxxxxxxxxxxxxxxxxxxxx26071300050701013E010723A809869A9A
1119,2507,260713000652,xxxxxxxxxxxxxxxxxxxxxxxxxxxxxxxx26071300065201013E010723CB09B89CAE
1120,2446,260713000837,xxxxxxxxxxxxxxxxxxxxxxxxxxxxxxxx26071300083701013E0107238E09EE9873
1121,2458,260713001023,xxxxxxxxxxxxxxxxxxxxxxxxxxxxxxxx26071300102301013E0107239A09AF9944
1122,2461,260713001208,xxxxxxxxxxxxxxxxxxxxxxxxxxxxxxxx26071300120801013E0107239D09DB994F
1123,2445,260713001353,xxxxxxxxxxxxxxxxxxxxxxxxxxxxxxxx26071300135301013E0107238D09D3985F
1124,2455,260713001538,xxxxxxxxxxxxxxxxxxxxxxxxxxxxxxxx26071300153801013E01072397097D9910
1125,2447,260713001723,xxxxxxxxxxxxxxxxxxxxxxxxxxxxxxxx26071300172301013E0107238F09FF98D4
1126,2435,260713001907,xxxxxxxxxxxxxxxxxxxxxxxxxxxxxxxx26071300190701013E01072383093298FB
1127,2450,260713002052,xxxxxxxxxxxxxxxxxxxxxxxxxxxxxxxx26071300205201013E01072392092199AB
1128,2494,260713002236,xxxxxxxxxxxxxxxxxxxxxxxxxxxxxxxx26071300223601013E010724BE09EB9B77
1129,2416,260713002421,xxxxxxxxxxxxxxxxxxxxxxxxxxxxxxxx26071300242101013E0107247009069704
1130,2452,260713002606,xxxxxxxxxxxxxxxxxxxxxxxxxxxxxxxx26071300260601013E01072494094B994E
1131,2489,260713002751,xxxxxxxxxxxxxxxxxxxxxxxxxxxxxxxx26071300275101013E010724B909959B9B
1132,2404,260713002936,xxxxxxxxxxxxxxxxxxxxxxxxxxxxxxxx26071300293601013E01072464094296CC
1133,2413,260713003122,xxxxxxxxxxxxxxxxxxxxxxxxxxxxxxxx26071300312201013E0107246D09D196C9
1134,2448,260713003307,xxxxxxxxxxxxxxxxxxxxxxxxxxxxxxxx26071300330701013E01072390090899DF
1135,2399,260713003452,xxxxxxxxxxxxxxxxxxxxxxxxxxxxxxxx26071300345201013E0107235F09F6959A
1136,2428,260713003637,xxxxxxxxxxxxxxxxxxxxxxxxxxxxxxxx26071300363701013E0107237C09C297C8
1137,2384,260713003821,xxxxxxxxxxxxxxxxxxxxxxxxxxxxxxxx26071300382101013E01072250090C95B3
1138,2401,260713004006,xxxxxxxxxxxxxxxxxxxxxxxxxxxxxxxx26071300400601013E01072261091C967A
1139,2391,260713004151,xxxxxxxxxxxxxxxxxxxxxxxxxxxxxxxx26071300415101013E01072257097C9583
1140,2377,260713004336,xxxxxxxxxxxxxxxxxxxxxxxxxxxxxxxx26071300433601013E01072249099494F3
1141,2387,260713004521,xxxxxxxxxxxxxxxxxxxxxxxxxxxxxxxx26071300452101013E01072153093C9558
1142,2375,260713004707,xxxxxxxxxxxxxxxxxxxxxxxxxxxxxxxx26071300470701013E01072147097B94C5
1143,2368,260713004852,xxxxxxxxxxxxxxxxxxxxxxxxxxxxxxxx26071300485201013E01072140090094D6
1144,2375,260713005037,xxxxxxxxxxxxxxxxxxxxxxxxxxxxxxxx26071300503701013E0107214709779488
1145,2379,260713005222,xxxxxxxxxxxxxxxxxxxxxxxxxxxxxxxx26071300522201013E0107214B09B7942E
1146,2333,260713005406,xxxxxxxxxxxxxxxxxxxxxxxxxxxxxxxx26071300540601013E0107221D09DC91F7
1147,2368,260713005551,xxxxxxxxxxxxxxxxxxxxxxxxxxxxxxxx26071300555101013E01072240090B94BB
1148,2368,260713005551,xxxxxxxxxxxxxxxxxxxxxxxxxxxxxxxx26071300555101013E01072240090B94BB
1149,2368,260713005551,xxxxxxxxxxxxxxxxxxxxxxxxxxxxxxxx26071300555101013E01072240090B94BB
1150,2384,260713005736,xxxxxxxxxxxxxxxxxxxxxxxxxxxxxxxx26071300573601013E0107225009089588
1151,2347,260713005921,xxxxxxxxxxxxxxxxxxxxxxxxxxxxxxxx26071300592101013E0107222B09B49278
1152,2358,260713010106,xxxxxxxxxxxxxxxxxxxxxxxxxxxxxxxx26071301010601013E0107233609639378
1153,2340,260713010251,xxxxxxxxxxxxxxxxxxxxxxxxxxxxxxxx26071301025101013E010723240949923F
1154,2377,260713010436,xxxxxxxxxxxxxxxxxxxxxxxxxxxxxxxx26071301043601013E0107234909989473
1155,2354,260713010621,xxxxxxxxxxxxxxxxxxxxxxxxxxxxxxxx26071301062101013E01072432092493D2
1156,2359,260713010806,xxxxxxxxxxxxxxxxxxxxxxxxxxxxxxxx26071301080601013E0107233709789338
1157,2329,260713010952,xxxxxxxxxxxxxxxxxxxxxxxxxxxxxxxx26071301095201013E01072319099391B7
1158,2291,260713011136,xxxxxxxxxxxxxxxxxxxxxxxxxxxxxxxx26071301113601013E010722F308348F81
1159,2322,260713011321,xxxxxxxxxxxxxxxxxxxxxxxxxxxxxxxx26071301132101013E01072212092791D7
1160,2302,260713011506,xxxxxxxxxxxxxxxxxxxxxxxxxxxxxxxx26071301150601013E010723FE08E48F89
1161,2285,260713011651,xxxxxxxxxxxxxxxxxxxxxxxxxxxxxxxx26071301165101013E010723ED08DA8E96
1162,2302,260713011835,xxxxxxxxxxxxxxxxxxxxxxxxxxxxxxxx26071301183501013E010722FE08E18FBB
1163,2325,260713012020,xxxxxxxxxxxxxxxxxxxxxxxxxxxxxxxx26071301202001013E010722150951914D
1164,2272,260713012205,xxxxxxxxxxxxxxxxxxxxxxxxxxxxxxxx26071301220501013E010722E0080B8E5A
1165,2313,260713012350,xxxxxxxxxxxxxxxxxxxxxxxxxxxxxxxx26071301235001013E010722090991908D
1166,2284,260713012535,xxxxxxxxxxxxxxxxxxxxxxxxxxxxxxxx26071301253501013E010722EC08C88EA9
1167,2303,260713012720,xxxxxxxxxxxxxxxxxxxxxxxxxxxxxxxx26071301272001013E010721FF08F18F96
1168,2267,260713012907,xxxxxxxxxxxxxxxxxxxxxxxxxxxxxxxx26071301290701013E010721DB08BF8D13
1169,2277,260713013052,xxxxxxxxxxxxxxxxxxxxxxxxxxxxxxxx26071301305201013E010721E508598E73
1170,2288,260713013237,xxxxxxxxxxxxxxxxxxxxxxxxxxxxxxxx26071301323701013E010721F0080F8F49
1171,2288,260713013237,xxxxxxxxxxxxxxxxxxxxxxxxxxxxxxxx26071301323701013E010721F0080F8F49
1172,2270,260713013606,xxxxxxxxxxxxxxxxxxxxxxxxxxxxxxxx26071301360601013E010722DE08E18D77
1173,2272,260713013751,xxxxxxxxxxxxxxxxxxxxxxxxxxxxxxxx26071301375101013E010722E008028EE8
1174,2199,260713013936,xxxxxxxxxxxxxxxxxxxxxxxxxxxxxxxx26071301393601013E010723970871896B
1175,2225,260713014121,xxxxxxxxxxxxxxxxxxxxxxxxxxxxxxxx26071301412101013E010723B108128BA1
1176,2250,260713014306,xxxxxxxxxxxxxxxxxxxxxxxxxxxxxxxx26071301430601013E010722CA08A48C7B
1177,2235,260713014451,xxxxxxxxxxxxxxxxxxxxxxxxxxxxxxxx26071301445101013E010722BB08B68BA2
1178,2241,260713014636,xxxxxxxxxxxxxxxxxxxxxxxxxxxxxxxx26071301463601013E010722C108128C47
1179,2241,260713014821,xxxxxxxxxxxxxxxxxxxxxxxxxxxxxxxx26071301482101013E010722C1081A8C31
1180,2243,260713015006,xxxxxxxxxxxxxxxxxxxxxxxxxxxxxxxx26071301500601013E010721C3083E8C82
1181,2191,260713015150,xxxxxxxxxxxxxxxxxxxxxxxxxxxxxxxx26071301515001013E0107218F08FA889E
1182,2204,260713015335,xxxxxxxxxxxxxxxxxxxxxxxxxxxxxxxx26071301533501013E0107209C08C78919
1183,2231,260713015520,xxxxxxxxxxxxxxxxxxxxxxxxxxxxxxxx26071301552001013E010720B7087E8BF1
1184,2238,260713015705,xxxxxxxxxxxxxxxxxxxxxxxxxxxxxxxx26071301570501013E01071FBE08E08B96
1185,2229,260713015851,xxxxxxxxxxxxxxxxxxxxxxxxxxxxxxxx26071301585101013E01071FB5085C8B4D
1186,2216,260713020036,xxxxxxxxxxxxxxxxxxxxxxxxxxxxxxxx26071302003601013E01071FA808828A32
1187,2221,260713020221,xxxxxxxxxxxxxxxxxxxxxxxxxxxxxxxx26071302022101013E01071FAD08D38A00
1188,2159,260713020406,xxxxxxxxxxxxxxxxxxxxxxxxxxxxxxxx26071302040601013E01071F6F08FF8611
1189,2216,260713020551,xxxxxxxxxxxxxxxxxxxxxxxxxxxxxxxx26071302055101013E01071FA808808AA3
1190,2210,260713020736,xxxxxxxxxxxxxxxxxxxxxxxxxxxxxxxx26071302073601013E01071EA208218A5F
1191,2226,260713020921,xxxxxxxxxxxxxxxxxxxxxxxxxxxxxxxx26071302092101013E01071EB208218B39
1192,2194,260713021106,xxxxxxxxxxxxxxxxxxxxxxxxxxxxxxxx26071302110601013E01071E92082189F5
1193,2173,260713021251,xxxxxxxxxxxxxxxxxxxxxxxxxxxxxxxx26071302125101013E01071E7D08DD87ED
1194,2176,260713021622,xxxxxxxxxxxxxxxxxxxxxxxxxxxxxxxx26071302162201013E01071E80080488AA
1195,2142,260713021807,xxxxxxxxxxxxxxxxxxxxxxxxxxxxxxxx26071302180701013E01071E5E08E38558
1196,2151,260713021952,xxxxxxxxxxxxxxxxxxxxxxxxxxxxxxxx26071302195201013E01071E6708798645
1197,2155,260713022137,xxxxxxxxxxxxxxxxxxxxxxxxxxxxxxxx26071302213701013E01071E6B08B7863F
1198,2170,260713022322,xxxxxxxxxxxxxxxxxxxxxxxxxxxxxxxx26071302232201013E01071F7A08A387CC
1199,2141,260713022507,xxxxxxxxxxxxxxxxxxxxxxxxxxxxxxxx26071302250701013E01071F5D08DE85B9
1200,2167,260713022652,xxxxxxxxxxxxxxxxxxxxxxxxxxxxxxxx26071302265201013E01071F77087B877F
1201,2153,260713022837,xxxxxxxxxxxxxxxxxxxxxxxxxxxxxxxx26071302283701013E01071E6908918653
1202,2179,260713023022,xxxxxxxxxxxxxxxxxxxxxxxxxxxxxxxx26071302302201013E01071F830838888F
1203,2143,260713023206,xxxxxxxxxxxxxxxxxxxxxxxxxxxxxxxx26071302320601013E01071F5F08F28532
1204,2131,260713023352,xxxxxxxxxxxxxxxxxxxxxxxxxxxxxxxx26071302335201013E01071E53083485F3
1205,2145,260713023537,xxxxxxxxxxxxxxxxxxxxxxxxxxxxxxxx26071302353701013E01071E6108198616
1206,2148,260713023722,xxxxxxxxxxxxxxxxxxxxxxxxxxxxxxxx26071302372201013E01071E6408408652
1207,2122,260713023907,xxxxxxxxxxxxxxxxxxxxxxxxxxxxxxxx26071302390701013E01071E4A08AB84DD
1208,2120,260713024052,xxxxxxxxxxxxxxxxxxxxxxxxxxxxxxxx26071302405201013E01071E48088184FC
1209,2126,260713024237,xxxxxxxxxxxxxxxxxxxxxxxxxxxxxxxx26071302423701013E01071E4E08E78405
1210,2126,260713024422,xxxxxxxxxxxxxxxxxxxxxxxxxxxxxxxx26071302442201013E01071E4E08E0846B
1211,2125,260713024607,xxxxxxxxxxxxxxxxxxxxxxxxxxxxxxxx26071302460701013E01071E4D08D084CE
1212,2119,260713024752,xxxxxxxxxxxxxxxxxxxxxxxxxxxxxxxx26071302475201013E01071E47087C8476
1213,2100,260713024937,xxxxxxxxxxxxxxxxxxxxxxxxxxxxxxxx26071302493701013E01071E3408418371
1214,2103,260713025122,xxxxxxxxxxxxxxxxxxxxxxxxxxxxxxxx26071302512201013E01071E37087583EF
1215,2117,260713025307,xxxxxxxxxxxxxxxxxxxxxxxxxxxxxxxx26071302530701013E01071E45085084FD
1216,2093,260713025637,xxxxxxxxxxxxxxxxxxxxxxxxxxxxxxxx26071302563701013E01071D2D08D9827F
1217,2081,260713025822,xxxxxxxxxxxxxxxxxxxxxxxxxxxxxxxx26071302582201013E01071E21081582DA
1218,2059,260713030007,xxxxxxxxxxxxxxxxxxxxxxxxxxxxxxxx26071303000701013E01071E0B08B8806A
1219,2059,260713030152,xxxxxxxxxxxxxxxxxxxxxxxxxxxxxxxx26071303015201013E01071E0B08B980AE
1220,2059,260713030152,xxxxxxxxxxxxxxxxxxxxxxxxxxxxxxxx26071303015201013E01071E0B08B980AE
1221,2108,260713030338,xxxxxxxxxxxxxxxxxxxxxxxxxxxxxxxx26071303033801013E0107203C08C5835F
1222,2083,260713030523,xxxxxxxxxxxxxxxxxxxxxxxxxxxxxxxx26071303052301013E01072023083B82E6
1223,2075,260713030708,xxxxxxxxxxxxxxxxxxxxxxxxxxxxxxxx26071303070801013E01071F1B08B18173
1224,2015,260713030853,xxxxxxxxxxxxxxxxxxxxxxxxxxxxxxxx26071303085301013E01071FDF07FD7D1A
1225,2049,260713031038,xxxxxxxxxxxxxxxxxxxxxxxxxxxxxxxx26071303103801013E01071F01081A80C3
1226,2059,260713031223,xxxxxxxxxxxxxxxxxxxxxxxxxxxxxxxx26071303122301013E01071F0B08B6807B
1227,2028,260713031408,xxxxxxxxxxxxxxxxxxxxxxxxxxxxxxxx26071303140801013E01071FEC07CE7E40
1228,2070,260713031553,xxxxxxxxxxxxxxxxxxxxxxxxxxxxxxxx26071303155301013E010720160861815D
1229,2032,260713031738,xxxxxxxxxxxxxxxxxxxxxxxxxxxxxxxx26071303173801013E010720F007027F26
1230,2051,260713031922,xxxxxxxxxxxxxxxxxxxxxxxxxxxxxxxx26071303192201013E01072003083B802A
1231,2019,260713032107,xxxxxxxxxxxxxxxxxxxxxxxxxxxxxxxx26071303210701013E010720E3073D7EFD
1232,2014,260713032252,xxxxxxxxxxxxxxxxxxxxxxxxxxxxxxxx26071303225201013E01071FDE07E97D42
1233,2019,260713032437,xxxxxxxxxxxxxxxxxxxxxxxxxxxxxxxx26071303243701013E01071EE3073F7E4A
1234,2002,260713032622,xxxxxxxxxxxxxxxxxxxxxxxxxxxxxxxx26071303262201013E01071ED207227D0A
1235,2023,260713032807,xxxxxxxxxxxxxxxxxxxxxxxxxxxxxxxx26071303280701013E01071EE7077B7EE4
1236,2006,260713032952,xxxxxxxxxxxxxxxxxxxxxxxxxxxxxxxx26071303295201013E01071ED607677D60
1237,2005,260713033137,xxxxxxxxxxxxxxxxxxxxxxxxxxxxxxxx26071303313701013E01071ED507527D3A
1238,1996,260713033322,xxxxxxxxxxxxxxxxxxxxxxxxxxxxxxxx26071303332201013E01071ECC07CC7CD0
1239,1979,260713033652,xxxxxxxxxxxxxxxxxxxxxxxxxxxxxxxx26071303365201013E01071EBB07B77BE8
1240,1988,260713033837,xxxxxxxxxxxxxxxxxxxxxxxxxxxxxxxx26071303383701013E01071FC4074B7C40
1241,1974,260713034022,xxxxxxxxxxxxxxxxxxxxxxxxxxxxxxxx26071303402201013E01071FB607607B8E
1242,1977,260713034207,xxxxxxxxxxxxxxxxxxxxxxxxxxxxxxxx26071303420701013E01071FB9079F7B95
1243,1977,260713034353,xxxxxxxxxxxxxxxxxxxxxxxxxxxxxxxx26071303435301013E010720B907917BA2
1244,1997,260713034536,xxxxxxxxxxxxxxxxxxxxxxxxxxxxxxxx26071303453601013E010720CD07D87CAE
1245,1989,260713034721,xxxxxxxxxxxxxxxxxxxxxxxxxxxxxxxx26071303472101013E010720C5075E7C37
1246,1917,260713034906,xxxxxxxxxxxxxxxxxxxxxxxxxxxxxxxx26071303490601013E0107207D07D07769
1247,1979,260713035051,xxxxxxxxxxxxxxxxxxxxxxxxxxxxxxxx26071303505101013E010720BB07B57B5F
1248,1993,260713035236,xxxxxxxxxxxxxxxxxxxxxxxxxxxxxxxx26071303523601013E01071FC9079E7C7A
1249,1946,260713035422,xxxxxxxxxxxxxxxxxxxxxxxxxxxxxxxx26071303542201013E01071F9A07A479DF
1250,1922,260713035607,xxxxxxxxxxxxxxxxxxxxxxxxxxxxxxxx26071303560701013E01071F8207227820
1251,1978,260713035752,xxxxxxxxxxxxxxxxxxxxxxxxxxxxxxxx26071303575201013E01071FBA07A77B46
1252,1880,260713035937,xxxxxxxxxxxxxxxxxxxxxxxxxxxxxxxx26071303593701013E01071E58078A7592
1253,1939,260713040122,xxxxxxxxxxxxxxxxxxxxxxxxxxxxxxxx26071304012201013E01071F9307397906
1254,1950,260713040307,xxxxxxxxxxxxxxxxxxxxxxxxxxxxxxxx26071304030701013E01071E9E07E079BC
1255,1974,260713040452,xxxxxxxxxxxxxxxxxxxxxxxxxxxxxxxx26071304045201013E01071FB607677BE0
1256,1974,260713040637,xxxxxxxxxxxxxxxxxxxxxxxxxxxxxxxx26071304063701013E01071FB607647BB5
1257,1974,260713040822,xxxxxxxxxxxxxxxxxxxxxxxxxxxxxxxx26071304082201013E01071FB607617B4A
1258,1973,260713041007,xxxxxxxxxxxxxxxxxxxxxxxxxxxxxxxx26071304100701013E01071FB5075F7B33
1259,1938,260713041152,xxxxxxxxxxxxxxxxxxxxxxxxxxxxxxxx26071304115201013E01071F92072779B9
1260,1888,260713041337,xxxxxxxxxxxxxxxxxxxxxxxxxxxxxxxx26071304133701013E01071E60070376B9
1261,1963,260713041522,xxxxxxxxxxxxxxxxxxxxxxxxxxxxxxxx26071304152201013E01071EAB07BA7A07
1262,1918,260713041707,xxxxxxxxxxxxxxxxxxxxxxxxxxxxxxxx26071304170701013E01071E7E07E8779C
1263,1942,260713041851,xxxxxxxxxxxxxxxxxxxxxxxxxxxxxxxx26071304185101013E01071E96076E7953
1264,1922,260713042036,xxxxxxxxxxxxxxxxxxxxxxxxxxxxxxxx26071304203601013E01071E8207257883
1265,1904,260713042221,xxxxxxxxxxxxxxxxxxxxxxxxxxxxxxxx26071304222101013E01071E70070477B1
1266,1864,260713042406,xxxxxxxxxxxxxxxxxxxxxxxxxxxxxxxx26071304240601013E01071E480787747D
1267,1911,260713042551,xxxxxxxxxxxxxxxxxxxxxxxxxxxxxxxx26071304255101013E01071E7707797708
1268,1919,260713042737,xxxxxxxxxxxxxxxxxxxxxxxxxxxxxxxx26071304273701013E01071D7F07FD774E
1269,1938,260713042922,xxxxxxxxxxxxxxxxxxxxxxxxxxxxxxxx26071304292201013E01071D920727793A
1270,1953,260713043107,xxxxxxxxxxxxxxxxxxxxxxxxxxxxxxxx26071304310701013E01071DA1071E7A87
1271,1891,260713043252,xxxxxxxxxxxxxxxxxxxxxxxxxxxxxxxx26071304325201013E01071D63073C764A
1272,1899,260713043436,xxxxxxxxxxxxxxxxxxxxxxxxxxxxxxxx26071304343601013E01071D6B07BA76D3
1273,1837,260713043621,xxxxxxxxxxxxxxxxxxxxxxxxxxxxxxxx26071304362101013E01071E2D07D772C6
1274,1889,260713043808,xxxxxxxxxxxxxxxxxxxxxxxxxxxxxxxx26071304380801013E01071E61071E7653
1275,1891,260713043953,xxxxxxxxxxxxxxxxxxxxxxxxxxxxxxxx26071304395301013E01071E630733761C
1276,1890,260713044137,xxxxxxxxxxxxxxxxxxxxxxxxxxxxxxxx26071304413700013E01071E62072D76A3
1277,1927,260713044322,xxxxxxxxxxxxxxxxxxxxxxxxxxxxxxxx26071304432200013E01071E87077B78A9
1278,1848,260713044507,xxxxxxxxxxxxxxxxxxxxxxxxxxxxxxxx26071304450700013E01071E38078273A9
1279,1866,260713044652,xxxxxxxxxxxxxxxxxxxxxxxxxxxxxxxx26071304465200013E01071D4A07A67431
1280,1833,260713044837,xxxxxxxxxxxxxxxxxxxxxxxxxxxxxxxx26071304483700013E01071D29079672D9
1281,1843,260713045022,xxxxxxxxxxxxxxxxxxxxxxxxxxxxxxxx26071304502200013E01071C33073173E9
1282,1867,260713045207,xxxxxxxxxxxxxxxxxxxxxxxxxxxxxxxx26071304520700013E01071C4B07B37460
1283,1886,260713045352,xxxxxxxxxxxxxxxxxxxxxxxxxxxxxxxx26071304535200013E01071C5E07E4759E
1284,1833,260713045537,xxxxxxxxxxxxxxxxxxxxxxxxxxxxxxxx26071304553700013E01071C290791727A
1285,1859,260713045722,xxxxxxxxxxxxxxxxxxxxxxxxxxxxxxxx26071304572200013E01071C43073E74DA
1286,1851,260713050053,xxxxxxxxxxxxxxxxxxxxxxxxxxxxxxxx26071305005300013E01071C3B07BF7306
1287,1839,260713050238,xxxxxxxxxxxxxxxxxxxxxxxxxxxxxxxx26071305023800013E01071C2F07F77283
1288,1871,260713050423,xxxxxxxxxxxxxxxxxxxxxxxxxxxxxxxx26071305042300013E01071D4F07FC7420
1289,1817,260713050608,xxxxxxxxxxxxxxxxxxxxxxxxxxxxxxxx26071305060800013E01071D190799716B
1290,1827,260713050753,xxxxxxxxxxxxxxxxxxxxxxxxxxxxxxxx26071305075300013E01071D2307397234
1291,1830,260713050938,xxxxxxxxxxxxxxxxxxxxxxxxxxxxxxxx26071305093800013E01071D2607687206
1292,1827,260713051123,xxxxxxxxxxxxxxxxxxxxxxxxxxxxxxxx26071305112300013E01071D23073B72A5
1293,1809,260713051308,xxxxxxxxxxxxxxxxxxxxxxxxxxxxxxxx26071305130800013E01071D1107167140
1294,1771,260713051453,xxxxxxxxxxxxxxxxxxxxxxxxxxxxxxxx26071305145300013E01071DEB06BC6E54
1295,1787,260713051637,xxxxxxxxxxxxxxxxxxxxxxxxxxxxxxxx26071305163700013E01071DFB06B66FD5
1296,1751,260713051822,xxxxxxxxxxxxxxxxxxxxxxxxxxxxxxxx26071305182200013E01071ED706706D5B
1297,1805,260713052007,xxxxxxxxxxxxxxxxxxxxxxxxxxxxxxxx26071305200700013E01071E0D07DB7047
1298,1800,260713052152,xxxxxxxxxxxxxxxxxxxxxxxxxxxxxxxx26071305215200013E01071E08078F708A
1299,1820,260713052338,xxxxxxxxxxxxxxxxxxxxxxxxxxxxxxxx26071305233800013E01071E1C07CB7142
1300,1806,260713052523,xxxxxxxxxxxxxxxxxxxxxxxxxxxxxxxx26071305252300013E01071F0E07E77062
1301,1787,260713052708,xxxxxxxxxxxxxxxxxxxxxxxxxxxxxxxx26071305270800013E010720FB06B86F61
1302,1798,260713052853,xxxxxxxxxxxxxxxxxxxxxxxxxxxxxxxx26071305285300013E010720060766707E
1303,1794,260713053038,xxxxxxxxxxxxxxxxxxxxxxxxxxxxxxxx26071305303800013E01072002072B7062
1304,1793,260713053222,xxxxxxxxxxxxxxxxxxxxxxxxxxxxxxxx26071305322200013E01072001071B70C7
1305,1793,260713053407,xxxxxxxxxxxxxxxxxxxxxxxxxxxxxxxx26071305340700013E01072101071E70F5
1306,1793,260713053552,xxxxxxxxxxxxxxxxxxxxxxxxxxxxxxxx26071305355200013E01072101071A70CE
1307,1793,260713053737,xxxxxxxxxxxxxxxxxxxxxxxxxxxxxxxx26071305373700013E0107200107187092
1308,1793,260713053922,xxxxxxxxxxxxxxxxxxxxxxxxxxxxxxxx26071305392200013E010720010717708A
1309,1793,260713054108,xxxxxxxxxxxxxxxxxxxxxxxxxxxxxxxx26071305410800013E010720010716704E
1310,1793,260713054253,xxxxxxxxxxxxxxxxxxxxxxxxxxxxxxxx26071305425300013E010720010717708A
1311,1793,260713054438,xxxxxxxxxxxxxxxxxxxxxxxxxxxxxxxx26071305443800013E010720010717708A
1312,1793,260713054623,xxxxxxxxxxxxxxxxxxxxxxxxxxxxxxxx26071305462300013E010720010716704E
1313,1793,260713054807,xxxxxxxxxxxxxxxxxxxxxxxxxxxxxxxx26071305480700013E010720010716704E
1314,1793,260713054952,xxxxxxxxxxxxxxxxxxxxxxxxxxxxxxxx26071305495200013E010720010716704E
1315,1793,260713055137,xxxxxxxxxxxxxxxxxxxxxxxxxxxxxxxx26071305513700013E010720010716704E
1316,1793,260713055322,xxxxxxxxxxxxxxxxxxxxxxxxxxxxxxxx26071305532200013E010720010716704E
1317,1793,260713055507,xxxxxxxxxxxxxxxxxxxxxxxxxxxxxxxx26071305550700013E010720010717708A
1318,1793,260713055654,xxxxxxxxxxxxxxxxxxxxxxxxxxxxxxxx26071305565400013E010720010717708A
1319,1793,260713055839,xxxxxxxxxxxxxxxxxxxxxxxxxxxxxxxx26071305583900013E01071F0107177061
1320,1793,260713060024,xxxxxxxxxxxxxxxxxxxxxxxxxxxxxxxx26071306002400013E01071F0107177061
1321,1793,260713060209,xxxxxxxxxxxxxxxxxxxxxxxxxxxxxxxx26071306020900013E01071F0107187079
1322,1793,260713060353,xxxxxxxxxxxxxxxxxxxxxxxxxxxxxxxx26071306035300013E01071F01071970BD
1323,1793,260713060538,xxxxxxxxxxxxxxxxxxxxxxxxxxxxxxxx26071306053800013E01071F01071970BD
1324,1793,260713060723,xxxxxxxxxxxxxxxxxxxxxxxxxxxxxxxx26071306072300013E01071F01071970BD
1325,1793,260713060908,xxxxxxxxxxxxxxxxxxxxxxxxxxxxxxxx26071306090800013E01071F01071A70E8
1326,1793,260713061053,xxxxxxxxxxxxxxxxxxxxxxxxxxxxxxxx26071306105300013E01071F01071A70E8
1327,1793,260713061237,xxxxxxxxxxxxxxxxxxxxxxxxxxxxxxxx26071306123700013E01071F01071B702C
1328,1793,260713061422,xxxxxxxxxxxxxxxxxxxxxxxxxxxxxxxx26071306142200013E01071F01071A70E8
1329,1793,260713061607,xxxxxxxxxxxxxxxxxxxxxxxxxxxxxxxx26071306160700013E01071F01071C7042
1330,1793,260713061752,xxxxxxxxxxxxxxxxxxxxxxxxxxxxxxxx26071306175200013E01071F01071C7042
1331,1793,260713061937,xxxxxxxxxxxxxxxxxxxxxxxxxxxxxxxx26071306193700013E01071F01071D7086
1332,1793,260713062124,xxxxxxxxxxxxxxxxxxxxxxxxxxxxxxxx26071306212400013E01071F01071D7086
1333,1793,260713062309,xxxxxxxxxxxxxxxxxxxxxxxxxxxxxxxx26071306230900013E01071F01071D7086
1334,1793,260713062454,xxxxxxxxxxxxxxxxxxxxxxxxxxxxxxxx26071306245400013E01071F01071E70D3
1335,1793,260713062639,xxxxxxxxxxxxxxxxxxxxxxxxxxxxxxxx26071306263900013E01071F01071E70D3
1336,1793,260713062823,xxxxxxxxxxxxxxxxxxxxxxxxxxxxxxxx26071306282300013E01071F01071F7017
1337,1794,260713063008,xxxxxxxxxxxxxxxxxxxxxxxxxxxxxxxx26071306300800013E01071F02072070AA
1338,1794,260713063153,xxxxxxxxxxxxxxxxxxxxxxxxxxxxxxxx26071306315300013E01071F02072070AA
1339,1794,260713063338,xxxxxxxxxxxxxxxxxxxxxxxxxxxxxxxx26071306333800013E01071F020721706E
1340,1794,260713063524,xxxxxxxxxxxxxxxxxxxxxxxxxxxxxxxx26071306352400013E01071E02072170A3
1341,1794,260713063708,xxxxxxxxxxxxxxxxxxxxxxxxxxxxxxxx26071306370800013E01071E02072270F6
1342,1794,260713063853,xxxxxxxxxxxxxxxxxxxxxxxxxxxxxxxx26071306385300013E01071E02072270F6
1343,1794,260713064038,xxxxxxxxxxxxxxxxxxxxxxxxxxxxxxxx26071306403800013E01071E02072270F6
1344,1794,260713064223,xxxxxxxxxxxxxxxxxxxxxxxxxxxxxxxx26071306422300013E01071E020724705C
1345,1794,260713064407,xxxxxxxxxxxxxxxxxxxxxxxxxxxxxxxx26071306440700013E01071E020724705C
1346,1794,260713064552,xxxxxxxxxxxxxxxxxxxxxxxxxxxxxxxx26071306455200013E01071E0207237032
1347,1794,260713064737,xxxxxxxxxxxxxxxxxxxxxxxxxxxxxxxx26071306473700013E01071E0207237032
1348,1794,260713064922,xxxxxxxxxxxxxxxxxxxxxxxxxxxxxxxx26071306492200013E01071E0207237032
1349,1794,260713065107,xxxxxxxxxxxxxxxxxxxxxxxxxxxxxxxx26071306510700013E01071E020724705C
1350,1794,260713065252,xxxxxxxxxxxxxxxxxxxxxxxxxxxxxxxx26071306525200013E01071E02072670CD
1351,1794,260713065437,xxxxxxxxxxxxxxxxxxxxxxxxxxxxxxxx26071306543700013E01071E0207287011
1352,1794,260713065622,xxxxxxxxxxxxxxxxxxxxxxxxxxxxxxxx26071306562200013E01071E02072970D5
1353,1794,260713065807,xxxxxxxxxxxxxxxxxxxxxxxxxxxxxxxx26071306580700013E01071E02072970D5
1354,1794,260713065952,xxxxxxxxxxxxxxxxxxxxxxxxxxxxxxxx26071306595200013E01071E02072970D5
1355,1794,260713070139,xxxxxxxxxxxxxxxxxxxxxxxxxxxxxxxx26071307013900013E01071E02072A7080
1356,1794,260713070324,xxxxxxxxxxxxxxxxxxxxxxxxxxxxxxxx26071307032400013E01071E02072B7044
1357,1794,260713070509,xxxxxxxxxxxxxxxxxxxxxxxxxxxxxxxx26071307050900013E01071E02072D70EE
1358,1794,260713070654,xxxxxxxxxxxxxxxxxxxxxxxxxxxxxxxx26071307065400013E01071E02072E70BB
1359,1794,260713070839,xxxxxxxxxxxxxxxxxxxxxxxxxxxxxxxx26071307083900013E01071E02072F707F
1360,1795,260713071024,xxxxxxxxxxxxxxxxxxxxxxxxxxxxxxxx26071307102400013E01071E03073170C0
1361,1795,260713071209,xxxxxxxxxxxxxxxxxxxxxxxxxxxxxxxx26071307120900013E01071D030731708E
1362,1795,260713071354,xxxxxxxxxxxxxxxxxxxxxxxxxxxxxxxx26071307135400013E01071E0307337051
1363,1795,260713071539,xxxxxxxxxxxxxxxxxxxxxxxxxxxxxxxx26071307153900013E01071E030734703F
1364,1795,260713071723,xxxxxxxxxxxxxxxxxxxxxxxxxxxxxxxx26071307172300013E01071D03073570B5
1365,1795,260713071908,xxxxxxxxxxxxxxxxxxxxxxxxxxxxxxxx26071307190800013E01071D03073670E0
1366,1795,260713072053,xxxxxxxxxxxxxxxxxxxxxxxxxxxxxxxx26071307205300013E01071D03073670E0
1367,1795,260713072238,xxxxxxxxxxxxxxxxxxxxxxxxxxxxxxxx26071307223800013E01071D0307377024
1368,1795,260713072424,xxxxxxxxxxxxxxxxxxxxxxxxxxxxxxxx26071307242400013E01071D03073970F8
1369,1795,260713072609,xxxxxxxxxxxxxxxxxxxxxxxxxxxxxxxx26071307260900013E01071D03073B7069
1370,1795,260713072754,xxxxxxxxxxxxxxxxxxxxxxxxxxxxxxxx26071307275400013E01071D03073D70C3
1371,1795,260713072939,xxxxxxxxxxxxxxxxxxxxxxxxxxxxxxxx26071307293900013E01071D03073E7096
1372,1795,260713073124,xxxxxxxxxxxxxxxxxxxxxxxxxxxxxxxx26071307312400013E01071D03073F7052
1373,1796,260713073309,xxxxxxxxxxxxxxxxxxxxxxxxxxxxxxxx26071307330900013E01071D04074170BE
1374,1796,260713073454,xxxxxxxxxxxxxxxxxxxxxxxxxxxxxxxx26071307345400013E01071C04074370E2
1375,1796,260713073639,xxxxxxxxxxxxxxxxxxxxxxxxxxxxxxxx26071307363900013E01071C040746701D
1376,1796,260713073824,xxxxxxxxxxxxxxxxxxxxxxxxxxxxxxxx26071307382400013E01071C04074770D9
1377,1796,260713074009,xxxxxxxxxxxxxxxxxxxxxxxxxxxxxxxx26071307400900013E01071C040746701D
1378,1796,260713074154,xxxxxxxxxxxxxxxxxxxxxxxxxxxxxxxx26071307415400013E01071C040746701D
1379,1796,260713074339,xxxxxxxxxxxxxxxxxxxxxxxxxxxxxxxx26071307433900013E01071C04074770D9
1380,1796,260713074524,xxxxxxxxxxxxxxxxxxxxxxxxxxxxxxxx26071307452400013E01071C04074A7050
1381,1796,260713074709,xxxxxxxxxxxxxxxxxxxxxxxxxxxxxxxx26071307470900013E01071C04074D703E
1382,1796,260713074854,xxxxxxxxxxxxxxxxxxxxxxxxxxxxxxxx26071307485400013E01071C04074F70AF
1383,1797,260713075039,xxxxxxxxxxxxxxxxxxxxxxxxxxxxxxxx26071307503900013E01071C0507527045
1384,1797,260713075224,xxxxxxxxxxxxxxxxxxxxxxxxxxxxxxxx26071307522400013E01071C0507537081
1385,1797,260713075409,xxxxxxxxxxxxxxxxxxxxxxxxxxxxxxxx26071307540900013E01071C05075470EF
1386,1797,260713075554,xxxxxxxxxxxxxxxxxxxxxxxxxxxxxxxx26071307555400013E01071C050756707E
1387,1797,260713075739,xxxxxxxxxxxxxxxxxxxxxxxxxxxxxxxx26071307573900013E01071C050756707E
1388,1797,260713075924,xxxxxxxxxxxxxxxxxxxxxxxxxxxxxxxx26071307592400013E01071C05075870A2
1389,1797,260713080109,xxxxxxxxxxxxxxxxxxxxxxxxxxxxxxxx26071308010900013E01071C05075870A2
1390,1797,260713080254,xxxxxxxxxxxxxxxxxxxxxxxxxxxxxxxx26071308025400013E01071C0507597066
1391,1797,260713080440,xxxxxxxxxxxxxxxxxxxxxxxxxxxxxxxx26071308044000013E01071C0507597066
1392,1797,260713080625,xxxxxxxxxxxxxxxxxxxxxxxxxxxxxxxx26071308062500013E01071C05075A7033
1393,1797,260713080810,xxxxxxxxxxxxxxxxxxxxxxxxxxxxxxxx26071308081000013E01071C05075B70F7
1394,1797,260713080955,xxxxxxxxxxxxxxxxxxxxxxxxxxxxxxxx26071308095500013E01071C05075C7099
1395,1797,260713081140,xxxxxxxxxxxxxxxxxxxxxxxxxxxxxxxx26071308114000013E01071C05075D705D
1396,1797,260713081324,xxxxxxxxxxxxxxxxxxxxxxxxxxxxxxxx26071308132400013E01071B05075E7059
1397,1797,260713081509,xxxxxxxxxxxxxxxxxxxxxxxxxxxxxxxx26071308150900013E01071B05075F709D
1398,1798,260713081654,xxxxxxxxxxxxxxxxxxxxxxxxxxxxxxxx26071308165400013E01071B0607607020
1399,1798,260713081839,xxxxxxxxxxxxxxxxxxxxxxxxxxxxxxxx26071308183900013E01071B06076170E4
1400,1798,260713082024,xxxxxxxxxxxxxxxxxxxxxxxxxxxxxxxx26071308202400013E01071B06076270B1
1401,1798,260713082210,xxxxxxxxxxxxxxxxxxxxxxxxxxxxxxxx26071308221000013E01071B0607637075
1402,1798,260713082355,xxxxxxxxxxxxxxxxxxxxxxxxxxxxxxxx26071308235500013E01071B0607637075
1403,1798,260713082540,xxxxxxxxxxxxxxxxxxxxxxxxxxxxxxxx26071308254000013E01071C060764704A
1404,1798,260713082725,xxxxxxxxxxxxxxxxxxxxxxxxxxxxxxxx26071308272500013E01071C060764704A
1405,1798,260713082910,xxxxxxxxxxxxxxxxxxxxxxxxxxxxxxxx26071308291000013E01071C060765708E
1406,1798,260713083055,xxxxxxxxxxxxxxxxxxxxxxxxxxxxxxxx26071308305500013E01071C06076670DB
1407,1798,260713083240,xxxxxxxxxxxxxxxxxxxxxxxxxxxxxxxx26071308324000013E01071C06076670DB
1408,1798,260713083425,xxxxxxxxxxxxxxxxxxxxxxxxxxxxxxxx26071308342500013E01071C06076670DB
1409,1798,260713083610,xxxxxxxxxxxxxxxxxxxxxxxxxxxxxxxx26071308361000013E01071C060767701F
1410,1798,260713083756,xxxxxxxxxxxxxxxxxxxxxxxxxxxxxxxx26071308375600013E01071C060767701F
1411,1798,260713083941,xxxxxxxxxxxxxxxxxxxxxxxxxxxxxxxx26071308394100013E01071C0607687007
1412,1798,260713084126,xxxxxxxxxxxxxxxxxxxxxxxxxxxxxxxx26071308412600013E01071C06076970C3
1413,1798,260713084311,xxxxxxxxxxxxxxxxxxxxxxxxxxxxxxxx26071308431100013E01071C06076A7096
1414,1798,260713084640,xxxxxxxxxxxxxxxxxxxxxxxxxxxxxxxx26071308464000013E01071C06076A7096
1415,1798,260713084825,xxxxxxxxxxxxxxxxxxxxxxxxxxxxxxxx26071308482500013E01071C06076B7052
1416,1798,260713085010,xxxxxxxxxxxxxxxxxxxxxxxxxxxxxxxx26071308501000013E01071C06076C703C
1417,1798,260713085155,xxxxxxxxxxxxxxxxxxxxxxxxxxxxxxxx26071308515500013E01071C06076C703C
1418,1798,260713085340,xxxxxxxxxxxxxxxxxxxxxxxxxxxxxxxx26071308534000013E01071C06076C703C
1419,1798,260713085525,xxxxxxxxxxxxxxxxxxxxxxxxxxxxxxxx26071308552500013E01071C06076D70F8
1420,1798,260713085710,xxxxxxxxxxxxxxxxxxxxxxxxxxxxxxxx26071308571000013E01071C06076E70AD
1421,1798,260713085855,xxxxxxxxxxxxxxxxxxxxxxxxxxxxxxxx26071308585500013E01071C06076F7069
1422,1798,260713090040,xxxxxxxxxxxxxxxxxxxxxxxxxxxxxxxx26071309004000013E01071C06076F7069
1423,1798,260713090224,xxxxxxxxxxxxxxxxxxxxxxxxxxxxxxxx26071309022400013E01071C06076F7069
1424,1799,260713090409,xxxxxxxxxxxxxxxxxxxxxxxxxxxxxxxx26071309040900013E01071C0707707012
1425,1799,260713090554,xxxxxxxxxxxxxxxxxxxxxxxxxxxxxxxx26071309055400013E01071C07077170D6
1426,1799,260713090739,xxxxxxxxxxxxxxxxxxxxxxxxxxxxxxxx26071309073900013E01071C07077170D6
1427,1799,260713090924,xxxxxxxxxxxxxxxxxxxxxxxxxxxxxxxx26071309092400013E01071C0707727083
1428,1799,260713091109,xxxxxxxxxxxxxxxxxxxxxxxxxxxxxxxx26071309110900013E01071C0707727083
1429,1799,260713091254,xxxxxxxxxxxxxxxxxxxxxxxxxxxxxxxx26071309125400013E01071C0707727083
1430,1799,260713091439,xxxxxxxxxxxxxxxxxxxxxxxxxxxxxxxx26071309143900013E01071C0707737047
1431,1799,260713091624,xxxxxxxxxxxxxxxxxxxxxxxxxxxxxxxx26071309162400013E01071C0707737047
1432,1799,260713091809,xxxxxxxxxxxxxxxxxxxxxxxxxxxxxxxx26071309180900013E01071C0707747029
1433,1799,260713091954,xxxxxxxxxxxxxxxxxxxxxxxxxxxxxxxx26071309195400013E01071C07077570ED
1434,1799,260713092139,xxxxxxxxxxxxxxxxxxxxxxxxxxxxxxxx26071309213900013E01071C07077570ED
1435,1799,260713092324,xxxxxxxxxxxxxxxxxxxxxxxxxxxxxxxx26071309232400013E01071C07077670B8
1436,1799,260713092654,xxxxxxxxxxxxxxxxxxxxxxxxxxxxxxxx26071309265400013E01071C070777707C
1437,1799,260713092839,xxxxxxxxxxxxxxxxxxxxxxxxxxxxxxxx26071309283900013E01071B0707787035
1438,1799,260713093024,xxxxxxxxxxxxxxxxxxxxxxxxxxxxxxxx26071309302400013E01071B0707787035
1439,1799,260713093209,xxxxxxxxxxxxxxxxxxxxxxxxxxxxxxxx26071309320900013E01071B07077970F1
1440,1799,260713093355,xxxxxxxxxxxxxxxxxxxxxxxxxxxxxxxx26071309335500013E01071B07077970F1
1441,1799,260713093540,xxxxxxxxxxxxxxxxxxxxxxxxxxxxxxxx26071309354000013E01071B07077A70A4
1442,1799,260713093725,xxxxxxxxxxxxxxxxxxxxxxxxxxxxxxxx26071309372500013E01071B07077B7060
1443,1799,260713093910,xxxxxxxxxxxxxxxxxxxxxxxxxxxxxxxx26071309391000013E01071B07077B7060
1444,1799,260713094055,xxxxxxxxxxxxxxxxxxxxxxxxxxxxxxxx26071309405500013E01071B07077B7060
1445,1799,260713094239,xxxxxxxxxxxxxxxxxxxxxxxxxxxxxxxx26071309423900013E01071B07077C700E
1446,1799,260713094424,xxxxxxxxxxxxxxxxxxxxxxxxxxxxxxxx26071309442400013E01071B07077C700E
1447,1799,260713094609,xxxxxxxxxxxxxxxxxxxxxxxxxxxxxxxx26071309460900013E01071B07077D70CA
1448,1799,260713094754,xxxxxxxxxxxxxxxxxxxxxxxxxxxxxxxx26071309475400013E01071B07077E709F
1449,1799,260713094939,xxxxxxxxxxxxxxxxxxxxxxxxxxxxxxxx26071309493900013E01071B07077E709F
1450,1799,260713095124,xxxxxxxxxxxxxxxxxxxxxxxxxxxxxxxx26071309512400013E01071B07077F705B
1451,1799,260713095309,xxxxxxxxxxxxxxxxxxxxxxxxxxxxxxxx26071309530900013E01071B07077F705B
1452,1799,260713095454,xxxxxxxxxxxxxxxxxxxxxxxxxxxxxxxx26071309545400013E01071B07077F705B
1453,1800,260713095639,xxxxxxxxxxxxxxxxxxxxxxxxxxxxxxxx26071309563900013E01071B0807807040
1454,1800,260713095824,xxxxxxxxxxxxxxxxxxxxxxxxxxxxxxxx26071309582400013E01071B0807817084
1455,1800,260713100009,xxxxxxxxxxxxxxxxxxxxxxxxxxxxxxxx26071310000900013E01071B0807817084
1456,1800,260713100154,xxxxxxxxxxxxxxxxxxxxxxxxxxxxxxxx26071310015400013E01071B0807817084
1457,1800,260713100339,xxxxxxxxxxxxxxxxxxxxxxxxxxxxxxxx26071310033900013E01071B08078270D1
1458,1800,260713100711,xxxxxxxxxxxxxxxxxxxxxxxxxxxxxxxx26071310071100013E01071B0807837015
1459,1800,260713100856,xxxxxxxxxxxxxxxxxxxxxxxxxxxxxxxx26071310085600013E01071B080784707B
1460,1800,260713101041,xxxxxxxxxxxxxxxxxxxxxxxxxxxxxxxx26071310104100013E01071B08078570BF
1461,1800,260713101226,xxxxxxxxxxxxxxxxxxxxxxxxxxxxxxxx26071310122600013E01071B08078570BF
1462,1800,260713101409,xxxxxxxxxxxxxxxxxxxxxxxxxxxxxxxx26071310140900013E01071B080787702E
1463,1800,260713101554,xxxxxxxxxxxxxxxxxxxxxxxxxxxxxxxx26071310155400013E01071B080787702E
1464,1800,260713101739,xxxxxxxxxxxxxxxxxxxxxxxxxxxxxxxx26071310173900013E01071A08078870FB
1465,1800,260713101924,xxxxxxxxxxxxxxxxxxxxxxxxxxxxxxxx26071310192400013E01071A08078870FB
1466,1800,260713102109,xxxxxxxxxxxxxxxxxxxxxxxxxxxxxxxx26071310210900013E01071A08078A706A
1467,1800,260713102255,xxxxxxxxxxxxxxxxxxxxxxxxxxxxxxxx26071310225500013E01071A08078B70AE
1468,1800,260713102440,xxxxxxxxxxxxxxxxxxxxxxxxxxxxxxxx26071310244000013E01071A08078B70AE
1469,1800,260713102625,xxxxxxxxxxxxxxxxxxxxxxxxxxxxxxxx26071310262500013E01071A08078D7004
1470,1800,260713102810,xxxxxxxxxxxxxxxxxxxxxxxxxxxxxxxx26071310281000013E01071A08078D7004
1471,1800,260713102956,xxxxxxxxxxxxxxxxxxxxxxxxxxxxxxxx26071310295600013E01071A08078E7051
1472,1800,260713103141,xxxxxxxxxxxxxxxxxxxxxxxxxxxxxxxx26071310314100013E01071A08078F7095
1473,1801,260713103326,xxxxxxxxxxxxxxxxxxxxxxxxxxxxxxxx26071310332600013E01071A09079070EE
1474,1801,260713103511,xxxxxxxxxxxxxxxxxxxxxxxxxxxxxxxx26071310351100013E01071A09079070EE
1475,1801,260713103656,xxxxxxxxxxxxxxxxxxxxxxxxxxxxxxxx26071310365600013E01071A090791702A
1476,1801,260713103840,xxxxxxxxxxxxxxxxxxxxxxxxxxxxxxxx26071310384000013E01071A090791702A
1477,1801,260713104025,xxxxxxxxxxxxxxxxxxxxxxxxxxxxxxxx26071310402500013E01071A090791702A
1478,1801,260713104210,xxxxxxxxxxxxxxxxxxxxxxxxxxxxxxxx26071310421000013E01071A09079370BB
1479,1801,260713104356,xxxxxxxxxxxxxxxxxxxxxxxxxxxxxxxx26071310435600013E01071A09079470D5
1480,1801,260713104541,xxxxxxxxxxxxxxxxxxxxxxxxxxxxxxxx26071310454100013E01071A09079470D5
1481,1801,260713104726,xxxxxxxxxxxxxxxxxxxxxxxxxxxxxxxx26071310472600013E01071A09079470D5
1482,1801,260713104911,xxxxxxxxxxxxxxxxxxxxxxxxxxxxxxxx26071310491100013E01071A0907957011
1483,1801,260713105056,xxxxxxxxxxxxxxxxxxxxxxxxxxxxxxxx26071310505600013E01071A0907957011
1484,1801,260713105241,xxxxxxxxxxxxxxxxxxxxxxxxxxxxxxxx26071310524100013E01071A0907977080
1485,1801,260713105425,xxxxxxxxxxxxxxxxxxxxxxxxxxxxxxxx26071310542500013E01071A0907977080
1486,1801,260713105610,xxxxxxxxxxxxxxxxxxxxxxxxxxxxxxxx26071310561000013E01071A0907987098
1487,1801,260713105755,xxxxxxxxxxxxxxxxxxxxxxxxxxxxxxxx26071310575500013E01071A0907987098
1488,1801,260713105940,xxxxxxxxxxxxxxxxxxxxxxxxxxxxxxxx26071310594000013E01071A090799705C
1489,1801,260713110125,xxxxxxxxxxxxxxxxxxxxxxxxxxxxxxxx26071311012500013E01071A090799705C
1490,1801,260713110310,xxxxxxxxxxxxxxxxxxxxxxxxxxxxxxxx26071311031000013E01071A090799705C
1491,1801,260713110455,xxxxxxxxxxxxxxxxxxxxxxxxxxxxxxxx26071311045500013E01071A09079A7009
1492,1801,260713110640,xxxxxxxxxxxxxxxxxxxxxxxxxxxxxxxx26071311064000013E01071A09079A7009
1493,1801,260713110825,xxxxxxxxxxxxxxxxxxxxxxxxxxxxxxxx26071311082500013E01071A09079B70CD
1494,1801,260713111011,xxxxxxxxxxxxxxxxxxxxxxxxxxxxxxxx26071311101100013E01071A09079C70A3
1495,1801,260713111156,xxxxxxxxxxxxxxxxxxxxxxxxxxxxxxxx26071311115600013E01071A09079C70A3
1496,1801,260713111341,xxxxxxxxxxxxxxxxxxxxxxxxxxxxxxxx26071311134100013E01071A09079C70A3
1497,1801,260713111526,xxxxxxxxxxxxxxxxxxxxxxxxxxxxxxxx26071311152600013E01071A09079D7067
1498,1801,260713111711,xxxxxxxxxxxxxxxxxxxxxxxxxxxxxxxx26071311171100013E01071A09079D7067
1499,1801,260713111856,xxxxxxxxxxxxxxxxxxxxxxxxxxxxxxxx26071311185600013E01071A09079E7032
1500,1801,260713112041,xxxxxxxxxxxxxxxxxxxxxxxxxxxxxxxx26071311204100013E01071A09079E7032
1501,1801,260713112226,xxxxxxxxxxxxxxxxxxxxxxxxxxxxxxxx26071311222600013E01071A09079F70F6
1502,1801,260713112411,xxxxxxxxxxxxxxxxxxxxxxxxxxxxxxxx26071311241100013E01071A09079F70F6
1503,1802,260713112556,xxxxxxxxxxxxxxxxxxxxxxxxxxxxxxxx26071311255600013E01071A0A07A0704B
1504,1802,260713112740,xxxxxxxxxxxxxxxxxxxxxxxxxxxxxxxx26071311274000013E01071A0A07A0704B
1505,1802,260713112925,xxxxxxxxxxxxxxxxxxxxxxxxxxxxxxxx26071311292500013E01071A0A07A0704B
1506,1802,260713113110,xxxxxxxxxxxxxxxxxxxxxxxxxxxxxxxx26071311311000013E01071A0A07A0704B
1507,1802,260713113255,xxxxxxxxxxxxxxxxxxxxxxxxxxxxxxxx26071311325500013E01071A0A07A1708F
1508,1802,260713113440,xxxxxxxxxxxxxxxxxxxxxxxxxxxxxxxx26071311344000013E01071A0A07A1708F
1509,1802,260713113625,xxxxxxxxxxxxxxxxxxxxxxxxxxxxxxxx26071311362500013E01071A0A07A1708F
1510,1802,260713113810,xxxxxxxxxxxxxxxxxxxxxxxxxxxxxxxx26071311381000013E01071A0A07A270DA
1511,1802,260713113955,xxxxxxxxxxxxxxxxxxxxxxxxxxxxxxxx26071311395500013E01071A0A07A270DA
1512,1802,260713114140,xxxxxxxxxxxxxxxxxxxxxxxxxxxxxxxx26071311414000013E01071A0A07A270DA
1513,1802,260713114324,xxxxxxxxxxxxxxxxxxxxxxxxxxxxxxxx26071311432400013E01071A0A07A3701E
1514,1802,260713114509,xxxxxxxxxxxxxxxxxxxxxxxxxxxxxxxx26071311450900013E01071A0A07A47070
1515,1802,260713114654,xxxxxxxxxxxxxxxxxxxxxxxxxxxxxxxx26071311465400013E01071A0A07A47070
1516,1802,260713114839,xxxxxxxxxxxxxxxxxxxxxxxxxxxxxxxx26071311483900013E01071A0A07A47070
1517,1802,260713115025,xxxxxxxxxxxxxxxxxxxxxxxxxxxxxxxx26071311502500013E01071A0A07A570B4
1518,1802,260713115212,xxxxxxxxxxxxxxxxxxxxxxxxxxxxxxxx26071311521200013E01071A0A07A570B4
1519,1802,260713115357,xxxxxxxxxxxxxxxxxxxxxxxxxxxxxxxx26071311535700013E01071A0A07A570B4
1520,1802,260713115542,xxxxxxxxxxxxxxxxxxxxxxxxxxxxxxxx26071311554200013E01071A0A07A570B4
1521,1802,260713115727,xxxxxxxxxxxxxxxxxxxxxxxxxxxxxxxx26071311572700013E01071A0A07A570B4
1522,1802,260713115911,xxxxxxxxxxxxxxxxxxxxxxxxxxxxxxxx26071311591100013E01071A0A07A77025
1523,1802,260713120056,xxxxxxxxxxxxxxxxxxxxxxxxxxxxxxxx26071312005600013E01071A0A07A77025
1524,1802,260713120241,xxxxxxxxxxxxxxxxxxxxxxxxxxxxxxxx26071312024100013E01071A0A07A77025
1525,1802,260713120426,xxxxxxxxxxxxxxxxxxxxxxxxxxxxxxxx26071312042600013E01071A0A07A77025
1526,1802,260713120611,xxxxxxxxxxxxxxxxxxxxxxxxxxxxxxxx26071312061100013E01071A0A07A77025
1527,1802,260713120757,xxxxxxxxxxxxxxxxxxxxxxxxxxxxxxxx26071312075700013E01071A0A07A8703D
1528,1802,260713120942,xxxxxxxxxxxxxxxxxxxxxxxxxxxxxxxx26071312094200013E01071A0A07A8703D
1529,1802,260713121127,xxxxxxxxxxxxxxxxxxxxxxxxxxxxxxxx26071312112700013E01071A0A07A970F9
1530,1802,260713121312,xxxxxxxxxxxxxxxxxxxxxxxxxxxxxxxx26071312131200013E01071A0A07A8703D
1531,1802,260713121456,xxxxxxxxxxxxxxxxxxxxxxxxxxxxxxxx26071312145600013E01071A0A07A970F9
1532,1802,260713121641,xxxxxxxxxxxxxxxxxxxxxxxxxxxxxxxx26071312164100013E01071A0A07A970F9
1533,1802,260713121826,xxxxxxxxxxxxxxxxxxxxxxxxxxxxxxxx26071312182600013E01071A0A07A970F9
1534,1802,260713122011,xxxxxxxxxxxxxxxxxxxxxxxxxxxxxxxx26071312201100013E01071A0A07AA70AC
1535,1802,260713122156,xxxxxxxxxxxxxxxxxxxxxxxxxxxxxxxx26071312215600013E01071A0A07AA70AC
1536,1802,260713122340,xxxxxxxxxxxxxxxxxxxxxxxxxxxxxxxx26071312234000013E01071A0A07AA70AC
1537,1802,260713122525,xxxxxxxxxxxxxxxxxxxxxxxxxxxxxxxx26071312252500013E01071A0A07AA70AC
1538,1802,260713122710,xxxxxxxxxxxxxxxxxxxxxxxxxxxxxxxx26071312271000013E01071A0A07AB7068
1539,1802,260713122855,xxxxxxxxxxxxxxxxxxxxxxxxxxxxxxxx26071312285500013E01071A0A07AB7068
1540,1802,260713123040,xxxxxxxxxxxxxxxxxxxxxxxxxxxxxxxx26071312304000013E01071A0A07AB7068
1541,1802,260713123225,xxxxxxxxxxxxxxxxxxxxxxxxxxxxxxxx26071312322500013E01071A0A07AB7068
1542,1802,260713123410,xxxxxxxxxxxxxxxxxxxxxxxxxxxxxxxx26071312341000013E01071A0A07AB7068
1543,1802,260713123555,xxxxxxxxxxxxxxxxxxxxxxxxxxxxxxxx26071312355500013E01071A0A07AB7068
1544,1802,260713123740,xxxxxxxxxxxxxxxxxxxxxxxxxxxxxxxx26071312374000013E01071A0A07AC7006
1545,1802,260713123924,xxxxxxxxxxxxxxxxxxxxxxxxxxxxxxxx26071312392400013E01071A0A07AB7068
1546,1802,260713124109,xxxxxxxxxxxxxxxxxxxxxxxxxxxxxxxx26071312410900013E01071A0A07AC7006
1547,1802,260713124254,xxxxxxxxxxxxxxxxxxxxxxxxxxxxxxxx26071312425400013E01071A0A07AC7006
1548,1802,260713124439,xxxxxxxxxxxxxxxxxxxxxxxxxxxxxxxx26071312443900013E01071A0A07AC7006
1549,1802,260713124624,xxxxxxxxxxxxxxxxxxxxxxxxxxxxxxxx26071312462400013E01071A0A07AC7006
1550,1802,260713124812,xxxxxxxxxxxxxxxxxxxxxxxxxxxxxxxx26071312481200013E01071A0A07AD70C2
1551,1802,260713124957,xxxxxxxxxxxxxxxxxxxxxxxxxxxxxxxx26071312495700013E01071A0A07AD70C2
1552,1802,260713125142,xxxxxxxxxxxxxxxxxxxxxxxxxxxxxxxx26071312514200013E01071B0A07AD700F
1553,1802,260713125327,xxxxxxxxxxxxxxxxxxxxxxxxxxxxxxxx26071312532700013E01071B0A07AE705A
1554,1802,260713125511,xxxxxxxxxxxxxxxxxxxxxxxxxxxxxxxx26071312551100013E01071A0A07AE7097
1555,1802,260713125656,xxxxxxxxxxxxxxxxxxxxxxxxxxxxxxxx26071312565600013E01071A0A07AE7097
1556,1802,260713125841,xxxxxxxxxxxxxxxxxxxxxxxxxxxxxxxx26071312584100013E01071A0A07AE7097
1557,1802,260713130026,xxxxxxxxxxxxxxxxxxxxxxxxxxxxxxxx26071313002600013E01071A0A07AF7053
1558,1802,260713130211,xxxxxxxxxxxxxxxxxxxxxxxxxxxxxxxx26071313021100013E01071A0A07AE7097
1559,1802,260713130356,xxxxxxxxxxxxxxxxxxxxxxxxxxxxxxxx26071313035600013E01071A0A07AF7053
1560,1802,260713130541,xxxxxxxxxxxxxxxxxxxxxxxxxxxxxxxx26071313054100013E01071A0A07AF7053
1561,1802,260713130726,xxxxxxxxxxxxxxxxxxxxxxxxxxxxxxxx26071313072600013E01071A0A07AF7053
1562,1803,260713130911,xxxxxxxxxxxxxxxxxxxxxxxxxxxxxxxx26071313091100013E01071A0B07B07028
1563,1803,260713131055,xxxxxxxxxxxxxxxxxxxxxxxxxxxxxxxx26071313105500013E01071A0B07B07028
1564,1803,260713131240,xxxxxxxxxxxxxxxxxxxxxxxxxxxxxxxx26071313124000013E01071A0B07B07028
1565,1803,260713131425,xxxxxxxxxxxxxxxxxxxxxxxxxxxxxxxx26071313142500013E01071A0B07B07028
1566,1803,260713131610,xxxxxxxxxxxxxxxxxxxxxxxxxxxxxxxx26071313161000013E01071A0B07B170EC
1567,1803,260713131755,xxxxxxxxxxxxxxxxxxxxxxxxxxxxxxxx26071313175500013E01071A0B07B170EC
1568,1803,260713131942,xxxxxxxxxxxxxxxxxxxxxxxxxxxxxxxx26071313194200013E01071A0B07B170EC
1569,1803,260713132127,xxxxxxxxxxxxxxxxxxxxxxxxxxxxxxxx26071313212700013E01071A0B07B270B9
1570,1803,260713132312,xxxxxxxxxxxxxxxxxxxxxxxxxxxxxxxx26071313231200013E01071A0B07B270B9
1571,1803,260713132457,xxxxxxxxxxxxxxxxxxxxxxxxxxxxxxxx26071313245700013E01071A0B07B270B9
1572,1803,260713132642,xxxxxxxxxxxxxxxxxxxxxxxxxxxxxxxx26071313264200013E01071A0B07B170EC
1573,1803,260713132826,xxxxxxxxxxxxxxxxxxxxxxxxxxxxxxxx26071313282600013E01071A0B07B270B9
1574,1803,260713133011,xxxxxxxxxxxxxxxxxxxxxxxxxxxxxxxx26071313301100013E01071A0B07B270B9
1575,1803,260713133156,xxxxxxxxxxxxxxxxxxxxxxxxxxxxxxxx26071313315600013E01071A0B07B3707D
1576,1803,260713133341,xxxxxxxxxxxxxxxxxxxxxxxxxxxxxxxx26071313334100013E01071A0B07B270B9
1577,1803,260713133526,xxxxxxxxxxxxxxxxxxxxxxxxxxxxxxxx26071313352600013E01071A0B07B270B9
1578,1803,260713133711,xxxxxxxxxxxxxxxxxxxxxxxxxxxxxxxx26071313371100013E01071A0B07B3707D
1579,1803,260713133857,xxxxxxxxxxxxxxxxxxxxxxxxxxxxxxxx26071313385700013E01071A0B07B3707D
1580,1803,260713134042,xxxxxxxxxxxxxxxxxxxxxxxxxxxxxxxx26071313404200013E01071A0B07B3707D
1581,1803,260713134227,xxxxxxxxxxxxxxxxxxxxxxxxxxxxxxxx26071313422700013E01071A0B07B3707D
1582,1803,260713134411,xxxxxxxxxxxxxxxxxxxxxxxxxxxxxxxx26071313441100013E01071B0B07B27074
1583,1803,260713134556,xxxxxxxxxxxxxxxxxxxxxxxxxxxxxxxx26071313455600013E01071A0B07B3707D
1584,1803,260713134741,xxxxxxxxxxxxxxxxxxxxxxxxxxxxxxxx26071313474100013E01071A0B07B3707D
1585,1803,260713134926,xxxxxxxxxxxxxxxxxxxxxxxxxxxxxxxx26071313492600013E01071B0B07B370B0
1586,1803,260713135256,xxxxxxxxxxxxxxxxxxxxxxxxxxxxxxxx26071313525600013E01071A0B07B3707D
1587,1803,260713135441,xxxxxxxxxxxxxxxxxxxxxxxxxxxxxxxx26071313544100013E01071B0B07B370B0
1588,1803,260713135626,xxxxxxxxxxxxxxxxxxxxxxxxxxxxxxxx26071313562600013E01071A0B07B3707D
1589,1803,260713135811,xxxxxxxxxxxxxxxxxxxxxxxxxxxxxxxx26071313581100013E01071A0B07B3707D
1590,1803,260713135955,xxxxxxxxxxxxxxxxxxxxxxxxxxxxxxxx26071313595500013E01071B0B07B370B0
1591,1803,260713140140,xxxxxxxxxxxxxxxxxxxxxxxxxxxxxxxx26071314014000013E01071B0B07B370B0
1592,1803,260713140325,xxxxxxxxxxxxxxxxxxxxxxxxxxxxxxxx26071314032500013E01071B0B07B370B0
1593,1803,260713140510,xxxxxxxxxxxxxxxxxxxxxxxxxxxxxxxx26071314051000013E01071B0B07B370B0
1594,1803,260713140655,xxxxxxxxxxxxxxxxxxxxxxxxxxxxxxxx26071314065500013E01071B0B07B370B0
1595,1803,260713140840,xxxxxxxxxxxxxxxxxxxxxxxxxxxxxxxx26071314084000013E01071B0B07B370B0
1596,1803,260713141025,xxxxxxxxxxxxxxxxxxxxxxxxxxxxxxxx26071314102500013E01071B0B07B370B0
1597,1803,260713141210,xxxxxxxxxxxxxxxxxxxxxxxxxxxxxxxx26071314121000013E01071B0B07B370B0
1598,1803,260713141355,xxxxxxxxxxxxxxxxxxxxxxxxxxxxxxxx26071314135500013E01071B0B07B370B0
1599,1803,260713141540,xxxxxxxxxxxxxxxxxxxxxxxxxxxxxxxx26071314154000013E01071B0B07B27074
1600,1803,260713141725,xxxxxxxxxxxxxxxxxxxxxxxxxxxxxxxx26071314172500013E01071B0B07B27074
1601,1803,260713141910,xxxxxxxxxxxxxxxxxxxxxxxxxxxxxxxx26071314191000013E01071B0B07B27074
1602,1803,260713142055,xxxxxxxxxxxxxxxxxxxxxxxxxxxxxxxx26071314205500013E01071B0B07B17021
1603,1803,260713142241,xxxxxxxxxxxxxxxxxxxxxxxxxxxxxxxx26071314224100013E01071B0B07B070E5
1604,1803,260713142427,xxxxxxxxxxxxxxxxxxxxxxxxxxxxxxxx26071314242700013E01071B0B07B070E5
1605,1803,260713142612,xxxxxxxxxxxxxxxxxxxxxxxxxxxxxxxx26071314261200013E01071B0B07B070E5
1606,1802,260713142757,xxxxxxxxxxxxxxxxxxxxxxxxxxxxxxxx26071314275700013E01071B0A07AF709E
1607,1802,260713142942,xxxxxxxxxxxxxxxxxxxxxxxxxxxxxxxx26071314294200013E01071B0A07AE705A
1608,1802,260713143312,xxxxxxxxxxxxxxxxxxxxxxxxxxxxxxxx26071314331200013E01071B0A07AE705A
1609,1802,260713143457,xxxxxxxxxxxxxxxxxxxxxxxxxxxxxxxx26071314345700013E01071B0A07AD700F
1610,1802,260713143642,xxxxxxxxxxxxxxxxxxxxxxxxxxxxxxxx26071314364200013E01071B0A07AE705A
1611,1802,260713143827,xxxxxxxxxxxxxxxxxxxxxxxxxxxxxxxx26071314382700013E01071B0A07AD700F
1612,1802,260713144011,xxxxxxxxxxxxxxxxxxxxxxxxxxxxxxxx26071314401100013E01071B0A07AC70CB
1613,1802,260713144156,xxxxxxxxxxxxxxxxxxxxxxxxxxxxxxxx26071314415600013E01071B0A07AC70CB
1614,1802,260713144341,xxxxxxxxxxxxxxxxxxxxxxxxxxxxxxxx26071314434100013E01071C0A07AD705E
1615,1802,260713144526,xxxxxxxxxxxxxxxxxxxxxxxxxxxxxxxx26071314452600013E01071C0A07AC709A
1616,1802,260713144711,xxxxxxxxxxxxxxxxxxxxxxxxxxxxxxxx26071314471100013E01071C0A07AB70F4
1617,1802,260713144856,xxxxxxxxxxxxxxxxxxxxxxxxxxxxxxxx26071314485600013E01071C0A07AA7030
1618,1802,260713145041,xxxxxxxxxxxxxxxxxxxxxxxxxxxxxxxx26071314504100013E01071C0A07A97065
1619,1802,260713145226,xxxxxxxxxxxxxxxxxxxxxxxxxxxxxxxx26071314522600013E01071C0A07A870A1
1620,1802,260713145411,xxxxxxxxxxxxxxxxxxxxxxxxxxxxxxxx26071314541100013E01071C0A07A870A1
1621,1802,260713145557,xxxxxxxxxxxxxxxxxxxxxxxxxxxxxxxx26071314555700013E01071C0A07A770B9
1622,1802,260713145742,xxxxxxxxxxxxxxxxxxxxxxxxxxxxxxxx26071314574200013E01071C0A07A6707D
1623,1802,260713145927,xxxxxxxxxxxxxxxxxxxxxxxxxxxxxxxx26071314592700013E01071C0A07A57028
1624,1802,260713150112,xxxxxxxxxxxxxxxxxxxxxxxxxxxxxxxx26071315011200013E01071C0A07A57028
1625,1802,260713150257,xxxxxxxxxxxxxxxxxxxxxxxxxxxxxxxx26071315025700013E01071C0A07A57028
1626,1802,260713150441,xxxxxxxxxxxxxxxxxxxxxxxxxxxxxxxx26071315044100013E01071C0A07A57028
1627,1802,260713150626,xxxxxxxxxxxxxxxxxxxxxxxxxxxxxxxx26071315062600013E01071D0A07A670B0
1628,1802,260713150811,xxxxxxxxxxxxxxxxxxxxxxxxxxxxxxxx26071315081100013E01071D0A07A670B0
1629,1802,260713150956,xxxxxxxxxxxxxxxxxxxxxxxxxxxxxxxx26071315095600013E01071D0A07A77074
1630,1802,260713151326,xxxxxxxxxxxxxxxxxxxxxxxxxxxxxxxx26071315132600013E01071D0A07A8706C
1631,1802,260713151511,xxxxxxxxxxxxxxxxxxxxxxxxxxxxxxxx26071315151100013E01071D0A07AA70FD
1632,1802,260713151656,xxxxxxxxxxxxxxxxxxxxxxxxxxxxxxxx26071315165600013E01071D0A07AC7057
1633,1802,260713151841,xxxxxxxxxxxxxxxxxxxxxxxxxxxxxxxx26071315184100013E01071D0A07AF7002
1634,1803,260713152027,xxxxxxxxxxxxxxxxxxxxxxxxxxxxxxxx26071315202700013E01071D0B07B270E8
1635,1803,260713152212,xxxxxxxxxxxxxxxxxxxxxxxxxxxxxxxx26071315221200013E01071D0B07B77017
1636,1803,260713152357,xxxxxxxxxxxxxxxxxxxxxxxxxxxxxxxx26071315235700013E01071D0B07BA709E
1637,1803,260713152542,xxxxxxxxxxxxxxxxxxxxxxxxxxxxxxxx26071315254200013E01071D0B07BD70F0
1638,1803,260713152727,xxxxxxxxxxxxxxxxxxxxxxxxxxxxxxxx26071315272700013E01071D0B07BF7061
1639,1804,260713152912,xxxxxxxxxxxxxxxxxxxxxxxxxxxxxxxx26071315291200013E01071E0C07C27096
1640,1804,260713153057,xxxxxxxxxxxxxxxxxxxxxxxxxxxxxxxx26071315305700013E01071E0C07C37052
1641,1804,260713153242,xxxxxxxxxxxxxxxxxxxxxxxxxxxxxxxx26071315324200013E01071E0C07C570F8
1642,1804,260713153427,xxxxxxxxxxxxxxxxxxxxxxxxxxxxxxxx26071315342700013E01071E0C07C77069
1643,1804,260713153610,xxxxxxxxxxxxxxxxxxxxxxxxxxxxxxxx26071315361000013E01071E0C07C970B5
1644,1804,260713153755,xxxxxxxxxxxxxxxxxxxxxxxxxxxxxxxx26071315375500013E01071E0C07C970B5
1645,1804,260713153940,xxxxxxxxxxxxxxxxxxxxxxxxxxxxxxxx26071315394000013E01071E0C07CB7024
1646,1804,260713154125,xxxxxxxxxxxxxxxxxxxxxxxxxxxxxxxx26071315412500013E01071E0C07CD708E
1647,1804,260713154310,xxxxxxxxxxxxxxxxxxxxxxxxxxxxxxxx26071315431000013E01071E0C07CE70DB
1648,1805,260713154458,xxxxxxxxxxxxxxxxxxxxxxxxxxxxxxxx26071315445800013E01071E0D07D170A0
1649,1805,260713154643,xxxxxxxxxxxxxxxxxxxxxxxxxxxxxxxx26071315464300013E01071E0D07D37031
1650,1805,260713154828,xxxxxxxxxxxxxxxxxxxxxxxxxxxxxxxx26071315482800013E01071E0D07D5709B
1651,1805,260713155013,xxxxxxxxxxxxxxxxxxxxxxxxxxxxxxxx26071315501300013E01071E0D07D670CE
1652,1805,260713155158,xxxxxxxxxxxxxxxxxxxxxxxxxxxxxxxx26071315515800013E01071E0D07D970D6
1653,1805,260713155342,xxxxxxxxxxxxxxxxxxxxxxxxxxxxxxxx26071315534200013E01071E0D07DC7029
1654,1805,260713155527,xxxxxxxxxxxxxxxxxxxxxxxxxxxxxxxx26071315552700013E01071E0D07DF707C
1655,1806,260713155712,xxxxxxxxxxxxxxxxxxxxxxxxxxxxxxxx26071315571200013E01071E0E07E17005
1656,1806,260713155857,xxxxxxxxxxxxxxxxxxxxxxxxxxxxxxxx26071315585700013E01071E0E07E37094
1657,1806,260713160042,xxxxxxxxxxxxxxxxxxxxxxxxxxxxxxxx26071316004200013E01071E0E07E6706B
1658,1806,260713160227,xxxxxxxxxxxxxxxxxxxxxxxxxxxxxxxx26071316022700013E01071E0E07E870B7
1659,1806,260713160412,xxxxxxxxxxxxxxxxxxxxxxxxxxxxxxxx26071316041200013E01071F0E07EA70EB
1660,1806,260713160557,xxxxxxxxxxxxxxxxxxxxxxxxxxxxxxxx26071316055700013E01071F0E07EA70EB
1661,1806,260713160742,xxxxxxxxxxxxxxxxxxxxxxxxxxxxxxxx26071316074200013E01071F0E07EA70EB
1662,1818,260713160927,xxxxxxxxxxxxxxxxxxxxxxxxxxxxxxxx26071316092700013E01071F1A07AA7118
1663,1813,260713161112,xxxxxxxxxxxxxxxxxxxxxxxxxxxxxxxx26071316111200013E01071F1507517138
1664,1811,260713161257,xxxxxxxxxxxxxxxxxxxxxxxxxxxxxxxx26071316125700013E01071F1307367105
1665,1810,260713161442,xxxxxxxxxxxxxxxxxxxxxxxxxxxxxxxx26071316144200013E01071F120729717E
1666,1809,260713161627,xxxxxxxxxxxxxxxxxxxxxxxxxxxxxxxx26071316162700013E01071F11071B714A
1667,1809,260713161812,xxxxxxxxxxxxxxxxxxxxxxxxxxxxxxxx26071316181200013E01071F1107147152
1668,1808,260713161957,xxxxxxxxxxxxxxxxxxxxxxxxxxxxxxxx26071316195700013E01071F10070E71D6
1669,1808,260713162142,xxxxxxxxxxxxxxxxxxxxxxxxxxxxxxxx26071316214200013E01071F10070A71ED
1670,1808,260713162327,xxxxxxxxxxxxxxxxxxxxxxxxxxxxxxxx26071316232700013E01071F100703715F
1671,1807,260713162512,xxxxxxxxxxxxxxxxxxxxxxxxxxxxxxxx26071316251200013E0107200F07FF709C
1672,1807,260713162657,xxxxxxxxxxxxxxxxxxxxxxxxxxxxxxxx26071316265700013E0107200F07FA7063
1673,1807,260713162842,xxxxxxxxxxxxxxxxxxxxxxxxxxxxxxxx26071316284200013E0107200F07F5707B
1674,1807,260713163027,xxxxxxxxxxxxxxxxxxxxxxxxxxxxxxxx26071316302700013E0107200F07F07084
1675,1806,260713163212,xxxxxxxxxxxxxxxxxxxxxxxxxxxxxxxx26071316321200013E0107200E07E87091
1676,1806,260713163357,xxxxxxxxxxxxxxxxxxxxxxxxxxxxxxxx26071316335700013E0107200E07E070E7
1677,1805,260713163542,xxxxxxxxxxxxxxxxxxxxxxxxxxxxxxxx26071316354200013E0107200D07DA70A5
1678,1805,260713163727,xxxxxxxxxxxxxxxxxxxxxxxxxxxxxxxx26071316372700013E0107200D07D47079
1679,1804,260713163912,xxxxxxxxxxxxxxxxxxxxxxxxxxxxxxxx26071316391200013E0107200C07CF7039
1680,1804,260713163912,xxxxxxxxxxxxxxxxxxxxxxxxxxxxxxxx26071316391200013E0107200C07CF7039
1681,1804,260713164057,xxxxxxxxxxxxxxxxxxxxxxxxxxxxxxxx26071316405700013E0107200C07CA70C6
1682,1804,260713164242,xxxxxxxxxxxxxxxxxxxxxxxxxxxxxxxx26071316424200013E0107200C07C570DE
1683,1804,260713164427,xxxxxxxxxxxxxxxxxxxxxxxxxxxxxxxx26071316442700013E0107200C07C07021
1684,1803,260713164612,xxxxxxxxxxxxxxxxxxxxxxxxxxxxxxxx26071316461200013E0107200B07BC705C
1685,1803,260713164757,xxxxxxxxxxxxxxxxxxxxxxxxxxxxxxxx26071316475700013E0107200B07B87067
1686,1803,260713164942,xxxxxxxxxxxxxxxxxxxxxxxxxxxxxxxx26071316494200013E0107200B07B4702A
1687,1803,260713165127,xxxxxxxxxxxxxxxxxxxxxxxxxxxxxxxx26071316512700013E0107200B07B07011
1688,1802,260713165312,xxxxxxxxxxxxxxxxxxxxxxxxxxxxxxxx26071316531200013E0107200A07AD70FB
1689,1802,260713165457,xxxxxxxxxxxxxxxxxxxxxxxxxxxxxxxx26071316545700013E0107210A07AA7058
1690,1802,260713165641,xxxxxxxxxxxxxxxxxxxxxxxxxxxxxxxx26071316564100013E0107200A07A7701C
1691,1802,260713165826,xxxxxxxxxxxxxxxxxxxxxxxxxxxxxxxx26071316582600013E0107210A07A770D1
1692,1802,260713170011,xxxxxxxxxxxxxxxxxxxxxxxxxxxxxxxx26071317001100013E0107210A07A47084
1693,1802,260713170156,xxxxxxxxxxxxxxxxxxxxxxxxxxxxxxxx26071317015600013E0107210A07A370EA
1694,1802,260713170341,xxxxxxxxxxxxxxxxxxxxxxxxxxxxxxxx26071317034100013E0107210A07A070BF
1695,1801,260713170526,xxxxxxxxxxxxxxxxxxxxxxxxxxxxxxxx26071317052600013E01072109079E70C6
1696,1801,260713170711,xxxxxxxxxxxxxxxxxxxxxxxxxxxxxxxx26071317071100013E01072109079B7039
1697,1801,260713170856,xxxxxxxxxxxxxxxxxxxxxxxxxxxxxxxx26071317085600013E01072109079A70FD
1698,1801,260713171041,xxxxxxxxxxxxxxxxxxxxxxxxxxxxxxxx26071317104100013E01072109079970A8
1699,1801,260713171226,xxxxxxxxxxxxxxxxxxxxxxxxxxxxxxxx26071317122600013E010721090798706C
1700,1801,260713171413,xxxxxxxxxxxxxxxxxxxxxxxxxxxxxxxx26071317141300013E0107210907977074
1701,1801,260713171559,xxxxxxxxxxxxxxxxxxxxxxxxxxxxxxxx26071317155900013E01072109079570E5
1702,1801,260713171744,xxxxxxxxxxxxxxxxxxxxxxxxxxxxxxxx26071317174400013E01072109079570E5
1703,1801,260713171929,xxxxxxxxxxxxxxxxxxxxxxxxxxxxxxxx26071317192900013E0107210907947021
1704,1801,260713172112,xxxxxxxxxxxxxxxxxxxxxxxxxxxxxxxx26071317211200013E0107210907947021
1705,1801,260713172257,xxxxxxxxxxxxxxxxxxxxxxxxxxxxxxxx26071317225700013E010721090793704F
1706,1801,260713172442,xxxxxxxxxxxxxxxxxxxxxxxxxxxxxxxx26071317244200013E010721090792708B
1707,1801,260713172627,xxxxxxxxxxxxxxxxxxxxxxxxxxxxxxxx26071317262700013E01072109079170DE
1708,1801,260713172812,xxxxxxxxxxxxxxxxxxxxxxxxxxxxxxxx26071317281200013E0107220907917090
1709,1801,260713172958,xxxxxxxxxxxxxxxxxxxxxxxxxxxxxxxx26071317295800013E0107220907907054
1710,1801,260713173143,xxxxxxxxxxxxxxxxxxxxxxxxxxxxxxxx26071317314300013E0107220907907054
1711,1800,260713173328,xxxxxxxxxxxxxxxxxxxxxxxxxxxxxxxx26071317332800013E01072208078F702F
1712,1800,260713173513,xxxxxxxxxxxxxxxxxxxxxxxxxxxxxxxx26071317351300013E01072208078F702F
1713,1800,260713173657,xxxxxxxxxxxxxxxxxxxxxxxxxxxxxxxx26071317365700013E01072208078E70EB
1714,1800,260713173842,xxxxxxxxxxxxxxxxxxxxxxxxxxxxxxxx26071317384200013E01072208078D70BE
1715,1800,260713174027,xxxxxxxxxxxxxxxxxxxxxxxxxxxxxxxx26071317402700013E01072208078B7014
1716,1800,260713174212,xxxxxxxxxxxxxxxxxxxxxxxxxxxxxxxx26071317421200013E01072208078B7014
1717,1800,260713174357,xxxxxxxxxxxxxxxxxxxxxxxxxxxxxxxx26071317435700013E0107220807897085
1718,1800,260713174543,xxxxxxxxxxxxxxxxxxxxxxxxxxxxxxxx26071317454300013E0107220807877059
1719,1800,260713174728,xxxxxxxxxxxxxxxxxxxxxxxxxxxxxxxx26071317472800013E010722080784700C
1720,1800,260713174913,xxxxxxxxxxxxxxxxxxxxxxxxxxxxxxxx26071317491300013E01072208078270A6
1721,1800,260713175058,xxxxxxxxxxxxxxxxxxxxxxxxxxxxxxxx26071317505800013E01072208078170F3
1722,1800,260713175243,xxxxxxxxxxxxxxxxxxxxxxxxxxxxxxxx26071317524300013E0107220807807037
1723,1799,260713175428,xxxxxxxxxxxxxxxxxxxxxxxxxxxxxxxx26071317542800013E01072207077F702C
1724,1799,260713175613,xxxxxxxxxxxxxxxxxxxxxxxxxxxxxxxx26071317561300013E01072207077F702C
1725,1800,260713175758,xxxxxxxxxxxxxxxxxxxxxxxxxxxxxxxx26071317575800013E0107220807807037
1726,1799,260713175943,xxxxxxxxxxxxxxxxxxxxxxxxxxxxxxxx26071317594300013E01072207077F702C
1727,1800,260713180127,xxxxxxxxxxxxxxxxxxxxxxxxxxxxxxxx26071318012700013E0107220807807037
1728,1799,260713180312,xxxxxxxxxxxxxxxxxxxxxxxxxxxxxxxx26071318031200013E01072207077D70BD
1729,1799,260713180457,xxxxxxxxxxxxxxxxxxxxxxxxxxxxxxxx26071318045700013E0107220707787042
1730,1821,260713180642,xxxxxxxxxxxxxxxxxxxxxxxxxxxxxxxx26071318064200013E0107221D07D97115
1731,1789,260713180827,xxxxxxxxxxxxxxxxxxxxxxxxxxxxxxxx26071318082700013E010722FD06D96F75
1732,1763,260713181013,xxxxxxxxxxxxxxxxxxxxxxxxxxxxxxxx26071318101300013E010722E3063B6EE2
1733,1816,260713181158,xxxxxxxxxxxxxxxxxxxxxxxxxxxxxxxx26071318115800013E01072218078A71B6
1734,1823,260713181343,xxxxxxxxxxxxxxxxxxxxxxxxxxxxxxxx26071318134300013E0107221F07FB7142
1735,1805,260713181528,xxxxxxxxxxxxxxxxxxxxxxxxxxxxxxxx26071318152800013E0107230D07DF7014
1736,1794,260713181713,xxxxxxxxxxxxxxxxxxxxxxxxxxxxxxxx26071318171300013E01072302072D7086
1737,1796,260713181858,xxxxxxxxxxxxxxxxxxxxxxxxxxxxxxxx26071318185800013E01072404074970BF
1738,1776,260713182043,xxxxxxxxxxxxxxxxxxxxxxxxxxxxxxxx26071318204300013E010724F006016F5A
1739,1746,260713182228,xxxxxxxxxxxxxxxxxxxxxxxxxxxxxxxx26071318222800013E010724D206206D94
1740,1703,260713182413,xxxxxxxxxxxxxxxxxxxxxxxxxxxxxxxx26071318241300013E010724A7067D6AC0
1741,1780,260713182558,xxxxxxxxxxxxxxxxxxxxxxxxxxxxxxxx26071318255800013E010725F406416F02
1742,1737,260713182743,xxxxxxxxxxxxxxxxxxxxxxxxxxxxxxxx26071318274300013E010725C9069D6C20
1743,1686,260713182928,xxxxxxxxxxxxxxxxxxxxxxxxxxxxxxxx26071318292800013E0107269606636956
1744,1762,260713183113,xxxxxxxxxxxxxxxxxxxxxxxxxxxxxxxx26071318311300013E010726E206206EBD
1745,1750,260713183258,xxxxxxxxxxxxxxxxxxxxxxxxxxxxxxxx26071318325800013E010726D6066E6D5E
1746,1727,260713183443,xxxxxxxxxxxxxxxxxxxxxxxxxxxxxxxx26071318344300013E010726BF06FD6B16
1747,1740,260713183628,xxxxxxxxxxxxxxxxxxxxxxxxxxxxxxxx26071318362800013E010726CC06C86C67
1748,1770,260713183813,xxxxxxxxxxxxxxxxxxxxxxxxxxxxxxxx26071318381300013E010726EA06A26E1F
1749,1772,260713183958,xxxxxxxxxxxxxxxxxxxxxxxxxxxxxxxx26071318395800013E010727EC06C66EBA
1750,1781,260713184143,xxxxxxxxxxxxxxxxxxxxxxxxxxxxxxxx26071318414300013E010727F506576F48
1751,1780,260713184328,xxxxxxxxxxxxxxxxxxxxxxxxxxxxxxxx26071318432800013E010727F406466FEF
1752,1780,260713184513,xxxxxxxxxxxxxxxxxxxxxxxxxxxxxxxx26071318451300013E010727F406486F33
1753,1780,260713184658,xxxxxxxxxxxxxxxxxxxxxxxxxxxxxxxx26071318465800013E010726F406406F88
1754,1779,260713184843,xxxxxxxxxxxxxxxxxxxxxxxxxxxxxxxx26071318484300013E010726F306336FED
1755,1778,260713185028,xxxxxxxxxxxxxxxxxxxxxxxxxxxxxxxx26071318502800013E010726F2062A6F3C
1756,1778,260713185213,xxxxxxxxxxxxxxxxxxxxxxxxxxxxxxxx26071318521300013E010725F206286FE3
1757,1778,260713185358,xxxxxxxxxxxxxxxxxxxxxxxxxxxxxxxx26071318535800013E010725F206286FE3
1758,1778,260713185543,xxxxxxxxxxxxxxxxxxxxxxxxxxxxxxxx26071318554300013E010725F206276FFB
1759,1778,260713185912,xxxxxxxxxxxxxxxxxxxxxxxxxxxxxxxx26071318591200013E010725F206266F3F
1760,1778,260713190057,xxxxxxxxxxxxxxxxxxxxxxxxxxxxxxxx26071319005700013E010725F206266F3F
1761,1778,260713190242,xxxxxxxxxxxxxxxxxxxxxxxxxxxxxxxx26071319024200013E010725F206276FFB
1762,1778,260713190428,xxxxxxxxxxxxxxxxxxxxxxxxxxxxxxxx26071319042800013E010725F206276FFB
1763,1778,260713190612,xxxxxxxxxxxxxxxxxxxxxxxxxxxxxxxx26071319061200013E010725F206276FFB
1764,1778,260713190757,xxxxxxxxxxxxxxxxxxxxxxxxxxxxxxxx26071319075700013E010725F206266F3F
1765,1778,260713190942,xxxxxxxxxxxxxxxxxxxxxxxxxxxxxxxx26071319094200013E010725F206266F3F
1766,1778,260713191127,xxxxxxxxxxxxxxxxxxxxxxxxxxxxxxxx26071319112700013E010725F206266F3F
1767,1778,260713191312,xxxxxxxxxxxxxxxxxxxxxxxxxxxxxxxx26071319131200013E010725F206266F3F
1768,1778,260713191457,xxxxxxxxxxxxxxxxxxxxxxxxxxxxxxxx26071319145700013E010725F206256F6A
1769,1778,260713191642,xxxxxxxxxxxxxxxxxxxxxxxxxxxxxxxx26071319164200013E010725F206246FAE
1770,1778,260713191827,xxxxxxxxxxxxxxxxxxxxxxxxxxxxxxxx26071319182700013E010725F206236FC0
1771,1778,260713192012,xxxxxxxxxxxxxxxxxxxxxxxxxxxxxxxx26071319201200013E010725F206226F04
1772,1778,260713192157,xxxxxxxxxxxxxxxxxxxxxxxxxxxxxxxx26071319215700013E010725F206216F51
1773,1778,260713192342,xxxxxxxxxxxxxxxxxxxxxxxxxxxxxxxx26071319234200013E010724F206216F9C
1774,1778,260713192527,xxxxxxxxxxxxxxxxxxxxxxxxxxxxxxxx26071319252700013E010724F206206F58
1775,1778,260713192712,xxxxxxxxxxxxxxxxxxxxxxxxxxxxxxxx26071319271200013E010724F206206F58
1776,1778,260713192857,xxxxxxxxxxxxxxxxxxxxxxxxxxxxxxxx26071319285700013E010724F206216F9C
1777,1778,260713193042,xxxxxxxxxxxxxxxxxxxxxxxxxxxxxxxx26071319304200013E010724F206216F9C
1778,1778,260713193227,xxxxxxxxxxxxxxxxxxxxxxxxxxxxxxxx26071319322700013E010724F206216F9C
1779,1778,260713193412,xxxxxxxxxxxxxxxxxxxxxxxxxxxxxxxx26071319341200013E010724F206216F9C
1780,1778,260713193557,xxxxxxxxxxxxxxxxxxxxxxxxxxxxxxxx26071319355700013E010724F206226FC9
1781,1778,260713193928,xxxxxxxxxxxxxxxxxxxxxxxxxxxxxxxx26071319392800013E010724F206226FC9
1782,1778,260713194113,xxxxxxxxxxxxxxxxxxxxxxxxxxxxxxxx26071319411300013E010724F206216F9C
1783,1778,260713194258,xxxxxxxxxxxxxxxxxxxxxxxxxxxxxxxx26071319425800013E010724F206226FC9
1784,1778,260713194443,xxxxxxxxxxxxxxxxxxxxxxxxxxxxxxxx26071319444300013E010724F206216F9C
1785,1778,260713194443,xxxxxxxxxxxxxxxxxxxxxxxxxxxxxxxx26071319444300013E010724F206216F9C
1786,1778,260713194627,xxxxxxxxxxxxxxxxxxxxxxxxxxxxxxxx26071319462700013E010724F206216F9C
1787,1778,260713194812,xxxxxxxxxxxxxxxxxxxxxxxxxxxxxxxx26071319481200013E010724F206216F9C
1788,1778,260713194957,xxxxxxxxxxxxxxxxxxxxxxxxxxxxxxxx26071319495700013E010724F206216F9C
1789,1778,260713195142,xxxxxxxxxxxxxxxxxxxxxxxxxxxxxxxx26071319514200013E010724F206206F58
1790,1778,260713195327,xxxxxxxxxxxxxxxxxxxxxxxxxxxxxxxx26071319532700013E010724F206206F58
1791,1777,260713195513,xxxxxxxxxxxxxxxxxxxxxxxxxxxxxxxx26071319551300013E010724F1061F6FE5
1792,1775,260713195658,xxxxxxxxxxxxxxxxxxxxxxxxxxxxxxxx26071319565800013E010724EF06FF6EE3
1793,1776,260713195843,xxxxxxxxxxxxxxxxxxxxxxxxxxxxxxxx26071319584300013E010725F006086F25
1794,1754,260713200028,xxxxxxxxxxxxxxxxxxxxxxxxxxxxxxxx26071320002800013E010726DA06A16DE0
1795,1772,260713200212,xxxxxxxxxxxxxxxxxxxxxxxxxxxxxxxx26071320021200013E010726EC06C86EAB
1796,1767,260713200357,xxxxxxxxxxxxxxxxxxxxxxxxxxxxxxxx26071320035700013E010726E7067E6E97
1797,1814,260713200542,xxxxxxxxxxxxxxxxxxxxxxxxxxxxxxxx26071320054200013E01072616076271BF
1798,1814,260713200727,xxxxxxxxxxxxxxxxxxxxxxxxxxxxxxxx26071320072700013E010726160763717B
1799,1814,260713200912,xxxxxxxxxxxxxxxxxxxxxxxxxxxxxxxx26071320091200013E01072616076171EA
1800,1813,260713201100,xxxxxxxxxxxxxxxxxxxxxxxxxxxxxxxx26071320110000013E01072515075A7122
1801,1813,260713201245,xxxxxxxxxxxxxxxxxxxxxxxxxxxxxxxx26071320124500013E01072515075771AB
1802,1813,260713201430,xxxxxxxxxxxxxxxxxxxxxxxxxxxxxxxx26071320143000013E010725150755713A
1803,1813,260713201615,xxxxxxxxxxxxxxxxxxxxxxxxxxxxxxxx26071320161500013E010725150756716F
1804,1813,260713201943,xxxxxxxxxxxxxxxxxxxxxxxxxxxxxxxx26071320194300013E010724150753715D
1805,1813,260713202128,xxxxxxxxxxxxxxxxxxxxxxxxxxxxxxxx26071320212800013E0107241507547133
1806,1813,260713202313,xxxxxxxxxxxxxxxxxxxxxxxxxxxxxxxx26071320231300013E01072515075471FE
1807,1813,260713202458,xxxxxxxxxxxxxxxxxxxxxxxxxxxxxxxx26071320245800013E010725150755713A
1808,1813,260713202645,xxxxxxxxxxxxxxxxxxxxxxxxxxxxxxxx26071320264500013E010725150755713A
1809,1813,260713202830,xxxxxxxxxxxxxxxxxxxxxxxxxxxxxxxx26071320283000013E01072515075471FE
1810,1813,260713203015,xxxxxxxxxxxxxxxxxxxxxxxxxxxxxxxx26071320301500013E01072515075471FE
1811,1813,260713203200,xxxxxxxxxxxxxxxxxxxxxxxxxxxxxxxx26071320320000013E01072515075471FE
1812,1813,260713203345,xxxxxxxxxxxxxxxxxxxxxxxxxxxxxxxx26071320334500013E01072515075471FE
1813,1813,260713203529,xxxxxxxxxxxxxxxxxxxxxxxxxxxxxxxx26071320352900013E010725150755713A
1814,1813,260713203714,xxxxxxxxxxxxxxxxxxxxxxxxxxxxxxxx26071320371400013E010725150755713A
1815,1813,260713203859,xxxxxxxxxxxxxxxxxxxxxxxxxxxxxxxx26071320385900013E01072515075471FE
1816,1813,260713204044,xxxxxxxxxxxxxxxxxxxxxxxxxxxxxxxx26071320404400013E01072515075471FE
1817,1781,260713204228,xxxxxxxxxxxxxxxxxxxxxxxxxxxxxxxx26071320422800013E010725F506576FCB
1818,1815,260713204413,xxxxxxxxxxxxxxxxxxxxxxxxxxxxxxxx26071320441300013E0107251707787175
1819,1813,260713204558,xxxxxxxxxxxxxxxxxxxxxxxxxxxxxxxx26071320455800013E01072515075F71DD
1820,1814,260713204743,xxxxxxxxxxxxxxxxxxxxxxxxxxxxxxxx26071320474300013E010725160767710E
1821,1814,260713204928,xxxxxxxxxxxxxxxxxxxxxxxxxxxxxxxx26071320492800013E0107241607617169
1822,1813,260713205113,xxxxxxxxxxxxxxxxxxxxxxxxxxxxxxxx26071320511300013E0107241507577166
1823,1812,260713205258,xxxxxxxxxxxxxxxxxxxxxxxxxxxxxxxx26071320525800013E01072414074C7126
1824,1811,260713205443,xxxxxxxxxxxxxxxxxxxxxxxxxxxxxxxx26071320544300013E01072413073C7116
1825,1811,260713205628,xxxxxxxxxxxxxxxxxxxxxxxxxxxxxxxx26071320562800013E01072413073571A4
1826,1811,260713205813,xxxxxxxxxxxxxxxxxxxxxxxxxxxxxxxx26071320581300013E01072413073571A4
1827,1813,260713205958,xxxxxxxxxxxxxxxxxxxxxxxxxxxxxxxx26071320595800013E0107241507527199
1828,1812,260713210143,xxxxxxxxxxxxxxxxxxxxxxxxxxxxxxxx26071321014300013E01072414074E71B7
1829,1811,260713210328,xxxxxxxxxxxxxxxxxxxxxxxxxxxxxxxx26071321032800013E01072413073571A4
1830,1809,260713210513,xxxxxxxxxxxxxxxxxxxxxxxxxxxxxxxx26071321051300013E010724110719712F
1831,1807,260713210659,xxxxxxxxxxxxxxxxxxxxxxxxxxxxxxxx26071321065900013E0107240F07FB70B8
1832,1807,260713210844,xxxxxxxxxxxxxxxxxxxxxxxxxxxxxxxx26071321084400013E0107240F07F57064
1833,1807,260713211029,xxxxxxxxxxxxxxxxxxxxxxxxxxxxxxxx26071321102900013E0107240F07F2700A
1834,1807,260713211214,xxxxxxxxxxxxxxxxxxxxxxxxxxxxxxxx26071321121400013E0107240F07F370CE
1835,1728,260713211359,xxxxxxxxxxxxxxxxxxxxxxxxxxxxxxxx26071321135900013E010724C0060B6C17
1836,1748,260713211543,xxxxxxxxxxxxxxxxxxxxxxxxxxxxxxxx26071321154300013E010725D4064F6D12
1837,1750,260713211728,xxxxxxxxxxxxxxxxxxxxxxxxxxxxxxxx26071321172800013E010725D606606DCC
1838,1750,260713211913,xxxxxxxxxxxxxxxxxxxxxxxxxxxxxxxx26071321191300013E010725D606606DCC
1839,1749,260713212058,xxxxxxxxxxxxxxxxxxxxxxxxxxxxxxxx26071321205800013E010725D5065F6D71
1840,1750,260713212243,xxxxxxxxxxxxxxxxxxxxxxxxxxxxxxxx26071321224300013E010725D606606DCC
1841,1750,260713212428,xxxxxxxxxxxxxxxxxxxxxxxxxxxxxxxx26071321242800013E010725D606606DCC
1842,1750,260713212613,xxxxxxxxxxxxxxxxxxxxxxxxxxxxxxxx26071321261300013E010725D606606DCC
1843,1750,260713212758,xxxxxxxxxxxxxxxxxxxxxxxxxxxxxxxx26071321275800013E010725D606606DCC
1844,1749,260713212943,xxxxxxxxxxxxxxxxxxxxxxxxxxxxxxxx26071321294300013E010725D5065F6D71
1845,1750,260713213128,xxxxxxxxxxxxxxxxxxxxxxxxxxxxxxxx26071321312800013E010725D606606DCC
1846,1750,260713213313,xxxxxxxxxxxxxxxxxxxxxxxxxxxxxxxx26071321331300013E010725D606606DCC
1847,1749,260713213458,xxxxxxxxxxxxxxxxxxxxxxxxxxxxxxxx26071321345800013E010725D5065F6D71
1848,1749,260713213643,xxxxxxxxxxxxxxxxxxxxxxxxxxxxxxxx26071321364300013E010725D5065F6D71
1849,1749,260713213828,xxxxxxxxxxxxxxxxxxxxxxxxxxxxxxxx26071321382800013E010725D5065E6DB5
1850,1749,260713214013,xxxxxxxxxxxxxxxxxxxxxxxxxxxxxxxx26071321401300013E010725D5065D6DE0
1851,1749,260713214158,xxxxxxxxxxxxxxxxxxxxxxxxxxxxxxxx26071321415800013E010725D5065E6DB5
1852,1749,260713214343,xxxxxxxxxxxxxxxxxxxxxxxxxxxxxxxx26071321434300013E010725D5065F6D71
1853,1750,260713214528,xxxxxxxxxxxxxxxxxxxxxxxxxxxxxxxx26071321452800013E010725D606606DCC
1854,1750,260713214713,xxxxxxxxxxxxxxxxxxxxxxxxxxxxxxxx26071321471300013E010725D606606DCC
1855,1749,260713214858,xxxxxxxxxxxxxxxxxxxxxxxxxxxxxxxx26071321485800013E010725D5065F6D71
1856,1749,260713215043,xxxxxxxxxxxxxxxxxxxxxxxxxxxxxxxx26071321504300013E010725D5065F6D71
1857,1749,260713215228,xxxxxxxxxxxxxxxxxxxxxxxxxxxxxxxx26071321522800013E010725D5065E6DB5
1858,1719,260713215413,xxxxxxxxxxxxxxxxxxxxxxxxxxxxxxxx26071321541300013E010725B706796B50
1859,1631,260713215558,xxxxxxxxxxxxxxxxxxxxxxxxxxxxxxxx26071321555800013E0107255F06F365D2
1860,1732,260713215743,xxxxxxxxxxxxxxxxxxxxxxxxxxxxxxxx26071321574300013E010725C4064B6C4F
1861,1717,260713215928,xxxxxxxxxxxxxxxxxxxxxxxxxxxxxxxx26071321592800013E010725B506506B24
1862,1704,260713220113,xxxxxxxxxxxxxxxxxxxxxxxxxxxxxxxx26071322011300013E010725A806806A87
1863,1750,260713220258,xxxxxxxxxxxxxxxxxxxxxxxxxxxxxxxx26071322025800013E010725D6066D6D45
1864,1699,260713220443,xxxxxxxxxxxxxxxxxxxxxxxxxxxxxxxx26071322044300013E010726A306306A5F
1865,1649,260713220628,xxxxxxxxxxxxxxxxxxxxxxxxxxxxxxxx26071322062800013E01072671061B6746
1866,1729,260713220813,xxxxxxxxxxxxxxxxxxxxxxxxxxxxxxxx26071322081300013E010726C106156C2B
1867,1700,260713220958,xxxxxxxxxxxxxxxxxxxxxxxxxxxxxxxx26071322095800013E010726A4064F6A77
1868,1676,260713221143,xxxxxxxxxxxxxxxxxxxxxxxxxxxxxxxx26071322114300013E0107278C06C46866
1869,1665,260713221328,xxxxxxxxxxxxxxxxxxxxxxxxxxxxxxxx26071322132800013E010726810617683B
1870,1667,260713221513,xxxxxxxxxxxxxxxxxxxxxxxxxxxxxxxx26071322151300013E01072783063668F4
1871,1662,260713221658,xxxxxxxxxxxxxxxxxxxxxxxxxxxxxxxx26071322165800013E0107277E06ED6722
1872,1658,260713221843,xxxxxxxxxxxxxxxxxxxxxxxxxxxxxxxx26071322184300013E0107277A06AA67D9
1873,1672,260713222029,xxxxxxxxxxxxxxxxxxxxxxxxxxxxxxxx26071322202900013E0107278806856837
1874,1661,260713222214,xxxxxxxxxxxxxxxxxxxxxxxxxxxxxxxx26071322221400013E0107277D06D76760
1875,1729,260713222359,xxxxxxxxxxxxxxxxxxxxxxxxxxxxxxxx26071322235900013E010727C106156CE6
1876,1727,260713222544,xxxxxxxxxxxxxxxxxxxxxxxxxxxxxxxx26071322254400013E010727BF06F36B07
1877,1725,260713222730,xxxxxxxxxxxxxxxxxxxxxxxxxxxxxxxx26071322273000013E010727BD06D76BFA
1878,1724,260713222915,xxxxxxxxxxxxxxxxxxxxxxxxxxxxxxxx26071322291500013E010726BC06C86B4C
1879,1723,260713223100,xxxxxxxxxxxxxxxxxxxxxxxxxxxxxxxx26071322310000013E010726BB06BC6B47
1880,1723,260713223245,xxxxxxxxxxxxxxxxxxxxxxxxxxxxxxxx26071322324500013E010726BB06B46B31
1881,1722,260713223430,xxxxxxxxxxxxxxxxxxxxxxxxxxxxxxxx26071322343000013E010726BA06AD6BE0
1882,1722,260713223615,xxxxxxxxxxxxxxxxxxxxxxxxxxxxxxxx26071322361500013E010726BA06A86B1F
1883,1722,260713223800,xxxxxxxxxxxxxxxxxxxxxxxxxxxxxxxx26071322380000013E010726BA06A46B52
1884,1721,260713223945,xxxxxxxxxxxxxxxxxxxxxxxxxxxxxxxx26071322394500013E010726B9069F6BD4
1885,1721,260713224130,xxxxxxxxxxxxxxxxxxxxxxxxxxxxxxxx26071322413000013E010725B9069B6BA1
1886,1721,260713224314,xxxxxxxxxxxxxxxxxxxxxxxxxxxxxxxx26071322431400013E010725B906986BF4
1887,1721,260713224459,xxxxxxxxxxxxxxxxxxxxxxxxxxxxxxxx26071322445900013E010725B906966B28
1888,1721,260713224644,xxxxxxxxxxxxxxxxxxxxxxxxxxxxxxxx26071322464400013E010725B906926B13
1889,1721,260713224829,xxxxxxxxxxxxxxxxxxxxxxxxxxxxxxxx26071322482900013E010724B906906B4F
1890,1720,260713225014,xxxxxxxxxxxxxxxxxxxxxxxxxxxxxxxx26071322501400013E010724B8068E6BF0
1891,1720,260713225159,xxxxxxxxxxxxxxxxxxxxxxxxxxxxxxxx26071322515900013E010724B8068D6BA5
1892,1720,260713225344,xxxxxxxxxxxxxxxxxxxxxxxxxxxxxxxx26071322534400013E010724B8068B6B0F
1893,1720,260713225529,xxxxxxxxxxxxxxxxxxxxxxxxxxxxxxxx26071322552900013E010724B8068A6BCB
1894,1720,260713225714,xxxxxxxxxxxxxxxxxxxxxxxxxxxxxxxx26071322571400013E010724B806896B9E
1895,1720,260713225859,xxxxxxxxxxxxxxxxxxxxxxxxxxxxxxxx26071322585900013E010724B806886B5A
1896,1720,260713230044,xxxxxxxxxxxxxxxxxxxxxxxxxxxxxxxx26071323004400013E010724B806876B42
1897,1720,260713230229,xxxxxxxxxxxxxxxxxxxxxxxxxxxxxxxx26071323022900013E010724B806866B86
1898,1720,260713230414,xxxxxxxxxxxxxxxxxxxxxxxxxxxxxxxx26071323041400013E010723B806866BD7
1899,1720,260713230559,xxxxxxxxxxxxxxxxxxxxxxxxxxxxxxxx26071323055900013E010723B806866BD7
1900,1720,260713230744,xxxxxxxxxxxxxxxxxxxxxxxxxxxxxxxx26071323074400013E010723B806846B46
1901,1720,260713230929,xxxxxxxxxxxxxxxxxxxxxxxxxxxxxxxx26071323092900013E010723B806846B46
1902,1720,260713231114,xxxxxxxxxxxxxxxxxxxxxxxxxxxxxxxx26071323111400013E010723B806846B46
1903,1720,260713231259,xxxxxxxxxxxxxxxxxxxxxxxxxxxxxxxx26071323125900013E010723B806836B28
1904,1720,260713231444,xxxxxxxxxxxxxxxxxxxxxxxxxxxxxxxx26071323144400013E010723B806836B28
1905,1720,260713231629,xxxxxxxxxxxxxxxxxxxxxxxxxxxxxxxx26071323162900013E010723B806826BEC
1906,1720,260713231814,xxxxxxxxxxxxxxxxxxxxxxxxxxxxxxxx26071323181400013E010723B806826BEC
1907,1720,260713231959,xxxxxxxxxxxxxxxxxxxxxxxxxxxxxxxx26071323195900013E010723B806806B7D
1908,1720,260713232144,xxxxxxxxxxxxxxxxxxxxxxxxxxxxxxxx26071323214400013E010723B806806B7D
1909,1720,260713232328,xxxxxxxxxxxxxxxxxxxxxxxxxxxxxxxx26071323232800013E010723B806806B7D
1910,1720,260713232515,xxxxxxxxxxxxxxxxxxxxxxxxxxxxxxxx26071323251500013E010723B806806B7D
1911,1720,260713232701,xxxxxxxxxxxxxxxxxxxxxxxxxxxxxxxx26071323270100013E010723B806806B7D
1912,1719,260713232846,xxxxxxxxxxxxxxxxxxxxxxxxxxxxxxxx26071323284600013E010723B7067F6B66
1913,1720,260713233031,xxxxxxxxxxxxxxxxxxxxxxxxxxxxxxxx26071323303100013E010723B806806B7D
1914,1720,260713233214,xxxxxxxxxxxxxxxxxxxxxxxxxxxxxxxx26071323321400013E010722B806806BB0
1915,1720,260713233400,xxxxxxxxxxxxxxxxxxxxxxxxxxxxxxxx26071323340000013E010722B806806BB0
1916,1720,260713233545,xxxxxxxxxxxxxxxxxxxxxxxxxxxxxxxx26071323354500013E010722B806806BB0
1917,1720,260713233730,xxxxxxxxxxxxxxxxxxxxxxxxxxxxxxxx26071323373000013E010722B806806BB0
1918,1720,260713233915,xxxxxxxxxxxxxxxxxxxxxxxxxxxxxxxx26071323391500013E010722B806806BB0
1919,1720,260713234059,xxxxxxxxxxxxxxxxxxxxxxxxxxxxxxxx26071323405900013E010722B806806BB0
1920,1720,260713234244,xxxxxxxxxxxxxxxxxxxxxxxxxxxxxxxx26071323424400013E010722B806816B74
1921,1720,260713234429,xxxxxxxxxxxxxxxxxxxxxxxxxxxxxxxx26071323442900013E010722B806816B74
1922,1720,260713234614,xxxxxxxxxxxxxxxxxxxxxxxxxxxxxxxx26071323461400013E010722B806826B21
1923,1720,260713234801,xxxxxxxxxxxxxxxxxxxxxxxxxxxxxxxx26071323480100013E010722B806826B21
1924,1720,260713234946,xxxxxxxxxxxxxxxxxxxxxxxxxxxxxxxx26071323494600013E010722B806826B21
1925,1720,260713235131,xxxxxxxxxxxxxxxxxxxxxxxxxxxxxxxx26071323513100013E010722B806836BE5
1926,1720,260713235316,xxxxxxxxxxxxxxxxxxxxxxxxxxxxxxxx26071323531600013E010722B806846B8B
1927,1720,260713235501,xxxxxxxxxxxxxxxxxxxxxxxxxxxxxxxx26071323550100013E010722B806846B8B
1928,1720,260713235645,xxxxxxxxxxxxxxxxxxxxxxxxxxxxxxxx26071323564500013E010722B806846B8B
1929,1720,260713235830,xxxxxxxxxxxxxxxxxxxxxxxxxxxxxxxx26071323583000013E010722B806856B4F
1930,1720,260714000015,xxxxxxxxxxxxxxxxxxxxxxxxxxxxxxxx26071400001500013E010721B806856B01
1931,1720,260714000200,xxxxxxxxxxxxxxxxxxxxxxxxxxxxxxxx26071400020000013E010721B806866B54
1932,1720,260714000530,xxxxxxxxxxxxxxxxxxxxxxxxxxxxxxxx26071400053000013E010721B806866B54
1933,1720,260714000715,xxxxxxxxxxxxxxxxxxxxxxxxxxxxxxxx26071400071500013E010721B806876B90
1934,1720,260714000900,xxxxxxxxxxxxxxxxxxxxxxxxxxxxxxxx26071400090000013E010721B806876B90
1935,1720,260714001045,xxxxxxxxxxxxxxxxxxxxxxxxxxxxxxxx26071400104500013E010721B806886B88
1936,1720,260714001229,xxxxxxxxxxxxxxxxxxxxxxxxxxxxxxxx26071400122900013E010721B806886B88
1937,1720,260714001414,xxxxxxxxxxxxxxxxxxxxxxxxxxxxxxxx26071400141400013E010721B806886B88
1938,1720,260714001559,xxxxxxxxxxxxxxxxxxxxxxxxxxxxxxxx26071400155900013E010721B806896B4C
1939,1720,260714001744,xxxxxxxxxxxxxxxxxxxxxxxxxxxxxxxx26071400174400013E010721B8068A6B19
1940,1720,260714001929,xxxxxxxxxxxxxxxxxxxxxxxxxxxxxxxx26071400192900013E010721B8068A6B19
1941,1720,260714002116,xxxxxxxxxxxxxxxxxxxxxxxxxxxxxxxx26071400211600013E010721B8068A6B19
1942,1720,260714002301,xxxxxxxxxxxxxxxxxxxxxxxxxxxxxxxx26071400230100013E010721B8068A6B19
1943,1720,260714002446,xxxxxxxxxxxxxxxxxxxxxxxxxxxxxxxx26071400244600013E010721B8068B6BDD
1944,1720,260714002631,xxxxxxxxxxxxxxxxxxxxxxxxxxxxxxxx26071400263100013E010721B8068B6BDD
1945,1720,260714002815,xxxxxxxxxxxxxxxxxxxxxxxxxxxxxxxx26071400281500013E010721B8068C6BB3
1946,1720,260714003000,xxxxxxxxxxxxxxxxxxxxxxxxxxxxxxxx26071400300000013E010721B8068C6BB3
1947,1720,260714003145,xxxxxxxxxxxxxxxxxxxxxxxxxxxxxxxx26071400314500013E010721B8068D6B77
1948,1720,260714003330,xxxxxxxxxxxxxxxxxxxxxxxxxxxxxxxx26071400333000013E010721B8068E6B22
1949,1720,260714003515,xxxxxxxxxxxxxxxxxxxxxxxxxxxxxxxx26071400351500013E010721B8068E6B22
1950,1720,260714003659,xxxxxxxxxxxxxxxxxxxxxxxxxxxxxxxx26071400365900013E010721B8068E6B22
1951,1720,260714003844,xxxxxxxxxxxxxxxxxxxxxxxxxxxxxxxx26071400384400013E010721B8068E6B22
1952,1720,260714004029,xxxxxxxxxxxxxxxxxxxxxxxxxxxxxxxx26071400402900013E010721B8068F6BE6
1953,1721,260714004214,xxxxxxxxxxxxxxxxxxxxxxxxxxxxxxxx26071400421400013E010721B906906B9D
1954,1721,260714004544,xxxxxxxxxxxxxxxxxxxxxxxxxxxxxxxx26071400454400013E010721B906906B9D
1955,1721,260714004729,xxxxxxxxxxxxxxxxxxxxxxxxxxxxxxxx26071400472900013E010721B906916B59
1956,1721,260714004914,xxxxxxxxxxxxxxxxxxxxxxxxxxxxxxxx26071400491400013E010721B906926B0C
1957,1721,260714005059,xxxxxxxxxxxxxxxxxxxxxxxxxxxxxxxx26071400505900013E010721B906926B0C
1958,1721,260714005244,xxxxxxxxxxxxxxxxxxxxxxxxxxxxxxxx26071400524400013E010721B906936BC8
1959,1721,260714005429,xxxxxxxxxxxxxxxxxxxxxxxxxxxxxxxx26071400542900013E010721B906936BC8
1960,1721,260714005614,xxxxxxxxxxxxxxxxxxxxxxxxxxxxxxxx26071400561400013E010720B906946B6B
1961,1721,260714005759,xxxxxxxxxxxxxxxxxxxxxxxxxxxxxxxx26071400575900013E010720B906956BAF
1962,1721,260714005944,xxxxxxxxxxxxxxxxxxxxxxxxxxxxxxxx26071400594400013E010720B906956BAF
1963,1721,260714010131,xxxxxxxxxxxxxxxxxxxxxxxxxxxxxxxx26071401013100013E010720B906966BFA
1964,1721,260714010316,xxxxxxxxxxxxxxxxxxxxxxxxxxxxxxxx26071401031600013E010720B906976B3E
1965,1721,260714010501,xxxxxxxxxxxxxxxxxxxxxxxxxxxxxxxx26071401050100013E010720B906976B3E
1966,1721,260714010646,xxxxxxxxxxxxxxxxxxxxxxxxxxxxxxxx26071401064600013E010720B906986B26
1967,1721,260714010830,xxxxxxxxxxxxxxxxxxxxxxxxxxxxxxxx26071401083000013E010720B906996BE2
1968,1721,260714011015,xxxxxxxxxxxxxxxxxxxxxxxxxxxxxxxx26071401101500013E010720B9069A6BB7
1969,1721,260714011200,xxxxxxxxxxxxxxxxxxxxxxxxxxxxxxxx26071401120000013E010720B9069B6B73
1970,1721,260714011345,xxxxxxxxxxxxxxxxxxxxxxxxxxxxxxxx26071401134500013E010720B9069B6B73
1971,1721,260714011530,xxxxxxxxxxxxxxxxxxxxxxxxxxxxxxxx26071401153000013E010720B9069C6B1D
1972,1721,260714011715,xxxxxxxxxxxxxxxxxxxxxxxxxxxxxxxx26071401171500013E010720B9069C6B1D
1973,1721,260714011900,xxxxxxxxxxxxxxxxxxxxxxxxxxxxxxxx26071401190000013E010720B9069D6BD9
1974,1721,260714012045,xxxxxxxxxxxxxxxxxxxxxxxxxxxxxxxx26071401204500013E010720B9069E6B8C
1975,1721,260714012230,xxxxxxxxxxxxxxxxxxxxxxxxxxxxxxxx26071401223000013E010720B9069F6B48
1976,1722,260714012602,xxxxxxxxxxxxxxxxxxxxxxxxxxxxxxxx26071401260200013E010720BA06A06BF5
1977,1722,260714012747,xxxxxxxxxxxxxxxxxxxxxxxxxxxxxxxx26071401274700013E010720BA06A06BF5
1978,1722,260714012932,xxxxxxxxxxxxxxxxxxxxxxxxxxxxxxxx26071401293200013E010720BA06A16B31
1979,1722,260714013117,xxxxxxxxxxxxxxxxxxxxxxxxxxxxxxxx26071401311700013E010720BA06A36BA0
1980,1722,260714013300,xxxxxxxxxxxxxxxxxxxxxxxxxxxxxxxx26071401330000013E010720BA06A36BA0
1981,1722,260714013446,xxxxxxxxxxxxxxxxxxxxxxxxxxxxxxxx26071401344600013E010720BA06A46BCE
1982,1722,260714013631,xxxxxxxxxxxxxxxxxxxxxxxxxxxxxxxx26071401363100013E01071FBA06A56BE1
1983,1722,260714013816,xxxxxxxxxxxxxxxxxxxxxxxxxxxxxxxx26071401381600013E010720BA06A66B5F
1984,1722,260714014001,xxxxxxxxxxxxxxxxxxxxxxxxxxxxxxxx26071401400100013E01071FBA06A76B70
1985,1722,260714014145,xxxxxxxxxxxxxxxxxxxxxxxxxxxxxxxx26071401414500013E01071FBA06A86B68
1986,1722,260714014330,xxxxxxxxxxxxxxxxxxxxxxxxxxxxxxxx26071401433000013E01071FBA06A86B68
1987,1722,260714014515,xxxxxxxxxxxxxxxxxxxxxxxxxxxxxxxx26071401451500013E01071FBA06A96BAC
1988,1722,260714014700,xxxxxxxxxxxxxxxxxxxxxxxxxxxxxxxx26071401470000013E01071FBA06AA6BF9
1989,1722,260714014845,xxxxxxxxxxxxxxxxxxxxxxxxxxxxxxxx26071401484500013E01071FBA06AA6BF9
1990,1722,260714015030,xxxxxxxxxxxxxxxxxxxxxxxxxxxxxxxx26071401503000013E01071FBA06AC6B53
1991,1722,260714015215,xxxxxxxxxxxxxxxxxxxxxxxxxxxxxxxx26071401521500013E01071FBA06AD6B97
1992,1722,260714015400,xxxxxxxxxxxxxxxxxxxxxxxxxxxxxxxx26071401540000013E01071FBA06AD6B97
1993,1722,260714015545,xxxxxxxxxxxxxxxxxxxxxxxxxxxxxxxx26071401554500013E01071FBA06AD6B97
1994,1722,260714015730,xxxxxxxxxxxxxxxxxxxxxxxxxxxxxxxx26071401573000013E01071FBA06AE6BC2
1995,1722,260714015915,xxxxxxxxxxxxxxxxxxxxxxxxxxxxxxxx26071401591500013E01071FBA06AF6B06
1996,1722,260714020100,xxxxxxxxxxxxxxxxxxxxxxxxxxxxxxxx26071402010000013E01071FBA06AF6B06
1997,1723,260714020245,xxxxxxxxxxxxxxxxxxxxxxxxxxxxxxxx26071402024500013E01071FBB06B06B7D
1998,1723,260714020430,xxxxxxxxxxxxxxxxxxxxxxxxxxxxxxxx26071402043000013E01071FBB06B16BB9
1999,1723,260714020617,xxxxxxxxxxxxxxxxxxxxxxxxxxxxxxxx26071402061700013E01071FBB06B26BEC
2000,1723,260714020802,xxxxxxxxxxxxxxxxxxxxxxxxxxxxxxxx26071402080200013E01071FBB06B26BEC
2001,1723,260714020947,xxxxxxxxxxxxxxxxxxxxxxxxxxxxxxxx26071402094700013E01071FBB06B26BEC
2002,1723,260714021132,xxxxxxxxxxxxxxxxxxxxxxxxxxxxxxxx26071402113200013E01071FBB06B36B28
2003,1723,260714021316,xxxxxxxxxxxxxxxxxxxxxxxxxxxxxxxx26071402131600013E01071FBB06B46B46
2004,1723,260714021501,xxxxxxxxxxxxxxxxxxxxxxxxxxxxxxxx26071402150100013E01071FBB06B56B82
2005,1723,260714021646,xxxxxxxxxxxxxxxxxxxxxxxxxxxxxxxx26071402164600013E01071FBB06B56B82
2006,1723,260714021831,xxxxxxxxxxxxxxxxxxxxxxxxxxxxxxxx26071402183100013E01071FBB06B66BD7
2007,1723,260714022016,xxxxxxxxxxxxxxxxxxxxxxxxxxxxxxxx26071402201600013E01071FBB06B66BD7
2008,1723,260714022201,xxxxxxxxxxxxxxxxxxxxxxxxxxxxxxxx26071402220100013E01071FBB06B76B13
2009,1723,260714022346,xxxxxxxxxxxxxxxxxxxxxxxxxxxxxxxx26071402234600013E01071FBB06B86B0B
2010,1723,260714022531,xxxxxxxxxxxxxxxxxxxxxxxxxxxxxxxx26071402253100013E01071FBB06B96BCF
2011,1723,260714022716,xxxxxxxxxxxxxxxxxxxxxxxxxxxxxxxx26071402271600013E01071EBB06B96B02
2012,1723,260714022901,xxxxxxxxxxxxxxxxxxxxxxxxxxxxxxxx26071402290100013E01071FBB06BA6B9A
2013,1723,260714023046,xxxxxxxxxxxxxxxxxxxxxxxxxxxxxxxx26071402304600013E01071EBB06BB6B93
2014,1723,260714023231,xxxxxxxxxxxxxxxxxxxxxxxxxxxxxxxx26071402323100013E01071EBB06BC6BFD
2015,1723,260714023416,xxxxxxxxxxxxxxxxxxxxxxxxxxxxxxxx26071402341600013E01071EBB06BC6BFD
2016,1723,260714023601,xxxxxxxxxxxxxxxxxxxxxxxxxxxxxxxx26071402360100013E01071EBB06BC6BFD
2017,1723,260714023745,xxxxxxxxxxxxxxxxxxxxxxxxxxxxxxxx26071402374500013E01071EBB06BD6B39
2018,1723,260714023930,xxxxxxxxxxxxxxxxxxxxxxxxxxxxxxxx26071402393000013E01071EBB06BE6B6C
2019,1723,260714024115,xxxxxxxxxxxxxxxxxxxxxxxxxxxxxxxx26071402411500013E01071EBB06BE6B6C
2020,1724,260714024300,xxxxxxxxxxxxxxxxxxxxxxxxxxxxxxxx26071402430000013E01071EBC06C06B80
2021,1724,260714024445,xxxxxxxxxxxxxxxxxxxxxxxxxxxxxxxx26071402444500013E01071EBC06C06B80
2022,1724,260714024630,xxxxxxxxxxxxxxxxxxxxxxxxxxxxxxxx26071402463000013E01071EBC06C06B80
2023,1724,260714024815,xxxxxxxxxxxxxxxxxxxxxxxxxxxxxxxx26071402481500013E01071EBC06C26B11
2024,1724,260714025000,xxxxxxxxxxxxxxxxxxxxxxxxxxxxxxxx26071402500000013E01071EBC06C26B11
2025,1724,260714025145,xxxxxxxxxxxxxxxxxxxxxxxxxxxxxxxx26071402514500013E01071EBC06C36BD5
2026,1724,260714025332,xxxxxxxxxxxxxxxxxxxxxxxxxxxxxxxx26071402533200013E01071EBC06C36BD5
2027,1724,260714025517,xxxxxxxxxxxxxxxxxxxxxxxxxxxxxxxx26071402551700013E01071EBC06C46BBB
2028,1724,260714025702,xxxxxxxxxxxxxxxxxxxxxxxxxxxxxxxx26071402570200013E01071EBC06C56B7F
2029,1724,260714025847,xxxxxxxxxxxxxxxxxxxxxxxxxxxxxxxx26071402584700013E01071EBC06C66B2A
2030,1724,260714030032,xxxxxxxxxxxxxxxxxxxxxxxxxxxxxxxx26071403003200013E01071EBC06C66B2A
2031,1724,260714030216,xxxxxxxxxxxxxxxxxxxxxxxxxxxxxxxx26071403021600013E01071EBC06C76BEE
2032,1724,260714030401,xxxxxxxxxxxxxxxxxxxxxxxxxxxxxxxx26071403040100013E01071EBC06C76BEE
2033,1724,260714030546,xxxxxxxxxxxxxxxxxxxxxxxxxxxxxxxx26071403054600013E01071EBC06C76BEE
2034,1724,260714030546,xxxxxxxxxxxxxxxxxxxxxxxxxxxxxxxx26071403054600013E01071EBC06C76BEE
2035,1724,260714030731,xxxxxxxxxxxxxxxxxxxxxxxxxxxxxxxx26071403073100013E01071EBC06C76BEE
2036,1724,260714030916,xxxxxxxxxxxxxxxxxxxxxxxxxxxxxxxx26071403091600013E01071EBC06C96B32
2037,1724,260714031101,xxxxxxxxxxxxxxxxxxxxxxxxxxxxxxxx26071403110100013E01071EBC06C96B32
2038,1724,260714031246,xxxxxxxxxxxxxxxxxxxxxxxxxxxxxxxx26071403124600013E01071EBC06CA6B67
2039,1724,260714031431,xxxxxxxxxxxxxxxxxxxxxxxxxxxxxxxx26071403143100013E01071EBC06CA6B67
2040,1724,260714031616,xxxxxxxxxxxxxxxxxxxxxxxxxxxxxxxx26071403161600013E01071EBC06CB6BA3
2041,1724,260714031801,xxxxxxxxxxxxxxxxxxxxxxxxxxxxxxxx26071403180100013E01071EBC06CB6BA3
2042,1724,260714031947,xxxxxxxxxxxxxxxxxxxxxxxxxxxxxxxx26071403194700013E01071EBC06CC6BCD
2043,1724,260714032132,xxxxxxxxxxxxxxxxxxxxxxxxxxxxxxxx26071403213200013E01071EBC06CD6B09
2044,1724,260714032317,xxxxxxxxxxxxxxxxxxxxxxxxxxxxxxxx26071403231700013E01071EBC06CD6B09
2045,1724,260714032502,xxxxxxxxxxxxxxxxxxxxxxxxxxxxxxxx26071403250200013E01071EBC06CD6B09
2046,1724,260714032646,xxxxxxxxxxxxxxxxxxxxxxxxxxxxxxxx26071403264600013E01071EBC06CE6B5C
2047,1724,260714032831,xxxxxxxxxxxxxxxxxxxxxxxxxxxxxxxx26071403283100013E01071EBC06CF6B98
2048,1724,260714033016,xxxxxxxxxxxxxxxxxxxxxxxxxxxxxxxx26071403301600013E01071EBC06CF6B98
2049,1725,260714033201,xxxxxxxxxxxxxxxxxxxxxxxxxxxxxxxx26071403320100013E01071EBD06D06BE3
2050,1725,260714033346,xxxxxxxxxxxxxxxxxxxxxxxxxxxxxxxx26071403334600013E01071EBD06D16B27
2051,1725,260714033531,xxxxxxxxxxxxxxxxxxxxxxxxxxxxxxxx26071403353100013E01071EBD06D16B27
2052,1725,260714033716,xxxxxxxxxxxxxxxxxxxxxxxxxxxxxxxx26071403371600013E01071EBD06D26B72
2053,1725,260714033901,xxxxxxxxxxxxxxxxxxxxxxxxxxxxxxxx26071403390100013E01071EBD06D26B72
2054,1725,260714034046,xxxxxxxxxxxxxxxxxxxxxxxxxxxxxxxx26071403404600013E01071EBD06D46BD8
2055,1725,260714034231,xxxxxxxxxxxxxxxxxxxxxxxxxxxxxxxx26071403423100013E01071EBD06D46BD8
2056,1725,260714034416,xxxxxxxxxxxxxxxxxxxxxxxxxxxxxxxx26071403441600013E01071EBD06D46BD8
2057,1725,260714034601,xxxxxxxxxxxxxxxxxxxxxxxxxxxxxxxx26071403460100013E01071EBD06D56B1C
2058,1725,260714034746,xxxxxxxxxxxxxxxxxxxxxxxxxxxxxxxx26071403474600013E01071EBD06D56B1C
2059,1725,260714034931,xxxxxxxxxxxxxxxxxxxxxxxxxxxxxxxx26071403493100013E01071EBD06D66B49
2060,1725,260714035116,xxxxxxxxxxxxxxxxxxxxxxxxxxxxxxxx26071403511600013E01071EBD06D66B49
2061,1725,260714035301,xxxxxxxxxxxxxxxxxxxxxxxxxxxxxxxx26071403530100013E01071EBD06D76B8D
2062,1725,260714035446,xxxxxxxxxxxxxxxxxxxxxxxxxxxxxxxx26071403544600013E01071EBD06D76B8D
2063,1725,260714035631,xxxxxxxxxxxxxxxxxxxxxxxxxxxxxxxx26071403563100013E01071EBD06D86B95
2064,1725,260714035817,xxxxxxxxxxxxxxxxxxxxxxxxxxxxxxxx26071403581700013E01071EBD06D96B51
2065,1725,260714040002,xxxxxxxxxxxxxxxxxxxxxxxxxxxxxxxx26071404000200013E01071EBD06D96B51
2066,1725,260714040147,xxxxxxxxxxxxxxxxxxxxxxxxxxxxxxxx26071404014700013E01071DBD06DA6B4A
2067,1725,260714040332,xxxxxxxxxxxxxxxxxxxxxxxxxxxxxxxx26071404033200013E01071DBD06D96B1F
2068,1725,260714040517,xxxxxxxxxxxxxxxxxxxxxxxxxxxxxxxx26071404051700013E01071EBD06DA6B04
2069,1725,260714040701,xxxxxxxxxxxxxxxxxxxxxxxxxxxxxxxx26071404070100013E01071DBD06DB6B8E
2070,1725,260714040846,xxxxxxxxxxxxxxxxxxxxxxxxxxxxxxxx26071404084600013E01071DBD06DB6B8E
2071,1725,260714041031,xxxxxxxxxxxxxxxxxxxxxxxxxxxxxxxx26071404103100013E01071DBD06DC6BE0
2072,1725,260714041216,xxxxxxxxxxxxxxxxxxxxxxxxxxxxxxxx26071404121600013E01071DBD06DD6B24
2073,1725,260714041402,xxxxxxxxxxxxxxxxxxxxxxxxxxxxxxxx26071404140200013E01071DBD06DD6B24
2074,1725,260714041547,xxxxxxxxxxxxxxxxxxxxxxxxxxxxxxxx26071404154700013E01071DBD06DE6B71
2075,1725,260714041732,xxxxxxxxxxxxxxxxxxxxxxxxxxxxxxxx26071404173200013E01071DBD06DE6B71
2076,1725,260714041917,xxxxxxxxxxxxxxxxxxxxxxxxxxxxxxxx26071404191700013E01071DBD06DF6BB5
2077,1725,260714042102,xxxxxxxxxxxxxxxxxxxxxxxxxxxxxxxx26071404210200013E01071DBD06DF6BB5
2078,1726,260714042247,xxxxxxxxxxxxxxxxxxxxxxxxxxxxxxxx26071404224700013E01071DBE06E06B08
2079,1726,260714042432,xxxxxxxxxxxxxxxxxxxxxxxxxxxxxxxx26071404243200013E01071DBE06E06B08
2080,1726,260714042617,xxxxxxxxxxxxxxxxxxxxxxxxxxxxxxxx26071404261700013E01071DBE06E16BCC
2081,1726,260714042802,xxxxxxxxxxxxxxxxxxxxxxxxxxxxxxxx26071404280200013E01071DBE06E16BCC
2082,1726,260714042946,xxxxxxxxxxxxxxxxxxxxxxxxxxxxxxxx26071404294600013E01071DBE06E26B99
2083,1726,260714043131,xxxxxxxxxxxxxxxxxxxxxxxxxxxxxxxx26071404313100013E01071DBE06E26B99
2084,1726,260714043316,xxxxxxxxxxxxxxxxxxxxxxxxxxxxxxxx26071404331600013E01071DBE06E36B5D
2085,1726,260714043501,xxxxxxxxxxxxxxxxxxxxxxxxxxxxxxxx26071404350100013E01071DBE06E36B5D
2086,1726,260714043646,xxxxxxxxxxxxxxxxxxxxxxxxxxxxxxxx26071404364600013E01071DBE06E46B33
2087,1726,260714043833,xxxxxxxxxxxxxxxxxxxxxxxxxxxxxxxx26071404383300013E01071DBE06E46B33
2088,1726,260714044018,xxxxxxxxxxxxxxxxxxxxxxxxxxxxxxxx26071404401800013E01071DBE06E56BF7
2089,1726,260714044203,xxxxxxxxxxxxxxxxxxxxxxxxxxxxxxxx26071404420300013E01071DBE06E66BA2
2090,1726,260714044348,xxxxxxxxxxxxxxxxxxxxxxxxxxxxxxxx26071404434800013E01071DBE06E76B66
2091,1726,260714044533,xxxxxxxxxxxxxxxxxxxxxxxxxxxxxxxx26071404453300013E01071DBE06E76B66
2092,1726,260714044716,xxxxxxxxxxxxxxxxxxxxxxxxxxxxxxxx26071404471600013E01071DBE06E86B7E
2093,1726,260714044901,xxxxxxxxxxxxxxxxxxxxxxxxxxxxxxxx26071404490100013E01071CBE06E96B77
2094,1726,260714045047,xxxxxxxxxxxxxxxxxxxxxxxxxxxxxxxx26071404504700013E01071CBE06E96B77
2095,1726,260714045232,xxxxxxxxxxxxxxxxxxxxxxxxxxxxxxxx26071404523200013E01071CBE06EA6B22
2096,1726,260714045418,xxxxxxxxxxxxxxxxxxxxxxxxxxxxxxxx26071404541800013E01071CBE06EA6B22
2097,1726,260714045603,xxxxxxxxxxxxxxxxxxxxxxxxxxxxxxxx26071404560300013E01071CBE06EB6BE6
2098,1726,260714045748,xxxxxxxxxxxxxxxxxxxxxxxxxxxxxxxx26071404574800013E01071CBE06EB6BE6
2099,1726,260714045933,xxxxxxxxxxxxxxxxxxxxxxxxxxxxxxxx26071404593300013E01071CBE06EC6B88
2100,1726,260714050118,xxxxxxxxxxxxxxxxxxxxxxxxxxxxxxxx26071405011800013E01071CBE06ED6B4C
2101,1726,260714050302,xxxxxxxxxxxxxxxxxxxxxxxxxxxxxxxx26071405030200013E01071CBE06ED6B4C
2102,1726,260714050447,xxxxxxxxxxxxxxxxxxxxxxxxxxxxxxxx26071405044700013E01071CBE06EE6B19
2103,1726,260714050632,xxxxxxxxxxxxxxxxxxxxxxxxxxxxxxxx26071405063200013E01071CBE06EF6BDD
2104,1727,260714050817,xxxxxxxxxxxxxxxxxxxxxxxxxxxxxxxx26071405081700013E01071CBF06F06BA6
2105,1727,260714051147,xxxxxxxxxxxxxxxxxxxxxxxxxxxxxxxx26071405114700013E01071CBF06F16B62
2106,1727,260714051332,xxxxxxxxxxxxxxxxxxxxxxxxxxxxxxxx26071405133200013E01071CBF06F26B37
2107,1727,260714051517,xxxxxxxxxxxxxxxxxxxxxxxxxxxxxxxx26071405151700013E01071CBF06F26B37
2108,1727,260714051702,xxxxxxxxxxxxxxxxxxxxxxxxxxxxxxxx26071405170200013E01071CBF06F36BF3
2109,1727,260714051847,xxxxxxxxxxxxxxxxxxxxxxxxxxxxxxxx26071405184700013E01071CBF06F46B9D
2110,1727,260714052032,xxxxxxxxxxxxxxxxxxxxxxxxxxxxxxxx26071405203200013E01071CBF06F46B9D
2111,1727,260714052217,xxxxxxxxxxxxxxxxxxxxxxxxxxxxxxxx26071405221700013E01071CBF06F56B59
2112,1727,260714052402,xxxxxxxxxxxxxxxxxxxxxxxxxxxxxxxx26071405240200013E01071CBF06F66B0C
2113,1727,260714052547,xxxxxxxxxxxxxxxxxxxxxxxxxxxxxxxx26071405254700013E01071CBF06F76BC8
2114,1727,260714052732,xxxxxxxxxxxxxxxxxxxxxxxxxxxxxxxx26071405273200013E01071CBF06F76BC8
2115,1727,260714052917,xxxxxxxxxxxxxxxxxxxxxxxxxxxxxxxx26071405291700013E01071CBF06F76BC8
2116,1727,260714053102,xxxxxxxxxxxxxxxxxxxxxxxxxxxxxxxx26071405310200013E01071CBF06F86BD0
2118,1727,260714053247,xxxxxxxxxxxxxxxxxxxxxxxxxxxxxxxx26071405324700013E01071CBF06F86BD0
2117,1727,260714053247,xxxxxxxxxxxxxxxxxxxxxxxxxxxxxxxx26071405324700013E01071CBF06F86BD0
2119,1727,260714053432,xxxxxxxxxxxxxxxxxxxxxxxxxxxxxxxx26071405343200013E01071CBF06F96B14
2120,1727,260714053617,xxxxxxxxxxxxxxxxxxxxxxxxxxxxxxxx26071405361700013E01071CBF06F96B14
2121,1727,260714053802,xxxxxxxxxxxxxxxxxxxxxxxxxxxxxxxx26071405380200013E01071CBF06FA6B41
2122,1727,260714053947,xxxxxxxxxxxxxxxxxxxxxxxxxxxxxxxx26071405394700013E01071CBF06FB6B85
2123,1727,260714054132,xxxxxxxxxxxxxxxxxxxxxxxxxxxxxxxx26071405413200013E01071CBF06FB6B85
2124,1727,260714054317,xxxxxxxxxxxxxxxxxxxxxxxxxxxxxxxx26071405431700013E01071CBF06FB6B85
2125,1727,260714054502,xxxxxxxxxxxxxxxxxxxxxxxxxxxxxxxx26071405450200013E01071CBF06FD6B2F
2126,1727,260714054647,xxxxxxxxxxxxxxxxxxxxxxxxxxxxxxxx26071405464700013E01071CBF06FD6B2F
2127,1727,260714054832,xxxxxxxxxxxxxxxxxxxxxxxxxxxxxxxx26071405483200013E01071CBF06FE6B7A
2128,1727,260714055202,xxxxxxxxxxxxxxxxxxxxxxxxxxxxxxxx26071405520200013E01071CBF06FF6BBE
2129,1728,260714055347,xxxxxxxxxxxxxxxxxxxxxxxxxxxxxxxx26071405534700013E01071CC006006C8E
2130,1728,260714055532,xxxxxxxxxxxxxxxxxxxxxxxxxxxxxxxx26071405553200013E01071CC006016C4A
2131,1728,260714055717,xxxxxxxxxxxxxxxxxxxxxxxxxxxxxxxx26071405571700013E01071CC006016C4A
2132,1728,260714055902,xxxxxxxxxxxxxxxxxxxxxxxxxxxxxxxx26071405590200013E01071CC006026C1F
2133,1728,260714060047,xxxxxxxxxxxxxxxxxxxxxxxxxxxxxxxx26071406004700013E01071CC006026C1F
2134,1728,260714060232,xxxxxxxxxxxxxxxxxxxxxxxxxxxxxxxx26071406023200013E01071CC006036CDB
2135,1728,260714060417,xxxxxxxxxxxxxxxxxxxxxxxxxxxxxxxx26071406041700013E01071CC006046CB5
2136,1728,260714060602,xxxxxxxxxxxxxxxxxxxxxxxxxxxxxxxx26071406060200013E01071CC006046CB5
2137,1728,260714060746,xxxxxxxxxxxxxxxxxxxxxxxxxxxxxxxx26071406074600013E01071CC006056C71
2138,1728,260714060931,xxxxxxxxxxxxxxxxxxxxxxxxxxxxxxxx26071406093100013E01071CC006056C71
2139,1728,260714061116,xxxxxxxxxxxxxxxxxxxxxxxxxxxxxxxx26071406111600013E01071CC006066C24
2140,1728,260714061301,xxxxxxxxxxxxxxxxxxxxxxxxxxxxxxxx26071406130100013E01071CC006076CE0
2141,1728,260714061446,xxxxxxxxxxxxxxxxxxxxxxxxxxxxxxxx26071406144600013E01071CC006086CF8
2142,1728,260714061631,xxxxxxxxxxxxxxxxxxxxxxxxxxxxxxxx26071406163100013E01071CC006086CF8
2143,1728,260714061816,xxxxxxxxxxxxxxxxxxxxxxxxxxxxxxxx26071406181600013E01071CC006086CF8
2144,1728,260714062001,xxxxxxxxxxxxxxxxxxxxxxxxxxxxxxxx26071406200100013E01071CC006096C3C
2145,1728,260714062146,xxxxxxxxxxxxxxxxxxxxxxxxxxxxxxxx26071406214600013E01071CC006096C3C
2146,1728,260714062333,xxxxxxxxxxxxxxxxxxxxxxxxxxxxxxxx26071406233300013E01071CC006096C3C
2147,1728,260714062518,xxxxxxxxxxxxxxxxxxxxxxxxxxxxxxxx26071406251800013E01071CC006096C3C
2148,1728,260714062703,xxxxxxxxxxxxxxxxxxxxxxxxxxxxxxxx26071406270300013E01071BC0060A6C38
2149,1728,260714062848,xxxxxxxxxxxxxxxxxxxxxxxxxxxxxxxx26071406284800013E01071BC0060B6CFC
2150,1728,260714063217,xxxxxxxxxxxxxxxxxxxxxxxxxxxxxxxx26071406321700013E01071BC0060B6CFC
2151,1728,260714063402,xxxxxxxxxxxxxxxxxxxxxxxxxxxxxxxx26071406340200013E01071BC0060C6C92
2152,1728,260714063547,xxxxxxxxxxxxxxxxxxxxxxxxxxxxxxxx26071406354700013E01071BC0060C6C92
2153,1728,260714063732,xxxxxxxxxxxxxxxxxxxxxxxxxxxxxxxx26071406373200013E01071BC0060E6C03
2154,1728,260714063918,xxxxxxxxxxxxxxxxxxxxxxxxxxxxxxxx26071406391800013E01071BC0060D6C56
2155,1728,260714064103,xxxxxxxxxxxxxxxxxxxxxxxxxxxxxxxx26071406410300013E01071BC0060E6C03
2156,1728,260714064248,xxxxxxxxxxxxxxxxxxxxxxxxxxxxxxxx26071406424800013E01071BC0060F6CC7
2157,1728,260714064433,xxxxxxxxxxxxxxxxxxxxxxxxxxxxxxxx26071406443300013E01071BC0060F6CC7
2158,1728,260714064618,xxxxxxxxxxxxxxxxxxxxxxxxxxxxxxxx26071406461800013E01071BC0060F6CC7
2159,1729,260714064802,xxxxxxxxxxxxxxxxxxxxxxxxxxxxxxxx26071406480200013E01071BC106106CBC
2160,1729,260714064947,xxxxxxxxxxxxxxxxxxxxxxxxxxxxxxxx26071406494700013E01071BC106106CBC
2161,1729,260714065132,xxxxxxxxxxxxxxxxxxxxxxxxxxxxxxxx26071406513200013E01071BC106116C78
2162,1729,260714065317,xxxxxxxxxxxxxxxxxxxxxxxxxxxxxxxx26071406531700013E01071BC106116C78
2163,1729,260714065503,xxxxxxxxxxxxxxxxxxxxxxxxxxxxxxxx26071406550300013E01071BC106136CE9
2164,1729,260714065648,xxxxxxxxxxxxxxxxxxxxxxxxxxxxxxxx26071406564800013E01071BC106136CE9
2165,1729,260714065833,xxxxxxxxxxxxxxxxxxxxxxxxxxxxxxxx26071406583300013E01071BC106136CE9
2166,1729,260714070018,xxxxxxxxxxxxxxxxxxxxxxxxxxxxxxxx26071407001800013E01071BC106146C87
2167,1729,260714070203,xxxxxxxxxxxxxxxxxxxxxxxxxxxxxxxx26071407020300013E01071BC106156C43
2168,1729,260714070347,xxxxxxxxxxxxxxxxxxxxxxxxxxxxxxxx26071407034700013E01071BC106156C43
2169,1729,260714070532,xxxxxxxxxxxxxxxxxxxxxxxxxxxxxxxx26071407053200013E01071BC106166C16
2170,1729,260714070717,xxxxxxxxxxxxxxxxxxxxxxxxxxxxxxxx26071407071700013E01071BC106166C16
2171,1729,260714070902,xxxxxxxxxxxxxxxxxxxxxxxxxxxxxxxx26071407090200013E01071BC106176CD2
2172,1729,260714071047,xxxxxxxxxxxxxxxxxxxxxxxxxxxxxxxx26071407104700013E01071BC106186CCA
2173,1729,260714071232,xxxxxxxxxxxxxxxxxxxxxxxxxxxxxxxx26071407123200013E01071BC106186CCA
2174,1729,260714071417,xxxxxxxxxxxxxxxxxxxxxxxxxxxxxxxx26071407141700013E01071BC106196C0E
2175,1729,260714071602,xxxxxxxxxxxxxxxxxxxxxxxxxxxxxxxx26071407160200013E01071BC1061A6C5B
2176,1729,260714071747,xxxxxxxxxxxxxxxxxxxxxxxxxxxxxxxx26071407174700013E01071BC1061A6C5B
2177,1729,260714071932,xxxxxxxxxxxxxxxxxxxxxxxxxxxxxxxx26071407193200013E01071BC1061A6C5B
2178,1729,260714072117,xxxxxxxxxxxxxxxxxxxxxxxxxxxxxxxx26071407211700013E01071BC1061B6C9F
2179,1729,260714072302,xxxxxxxxxxxxxxxxxxxxxxxxxxxxxxxx26071407230200013E01071BC1061C6CF1
2180,1729,260714072447,xxxxxxxxxxxxxxxxxxxxxxxxxxxxxxxx26071407244700013E01071BC1061C6CF1
2181,1729,260714072632,xxxxxxxxxxxxxxxxxxxxxxxxxxxxxxxx26071407263200013E01071BC1061C6CF1
2182,1729,260714072819,xxxxxxxxxxxxxxxxxxxxxxxxxxxxxxxx26071407281900013E01071BC1061D6C35
2183,1729,260714073004,xxxxxxxxxxxxxxxxxxxxxxxxxxxxxxxx26071407300400013E01071BC1061D6C35
2184,1729,260714073149,xxxxxxxxxxxxxxxxxxxxxxxxxxxxxxxx26071407314900013E01071BC1061E6C60
2185,1729,260714073334,xxxxxxxxxxxxxxxxxxxxxxxxxxxxxxxx26071407333400013E01071BC1061E6C60
2186,1729,260714073518,xxxxxxxxxxxxxxxxxxxxxxxxxxxxxxxx26071407351800013E01071BC1061F6CA4
2187,1729,260714073703,xxxxxxxxxxxxxxxxxxxxxxxxxxxxxxxx26071407370300013E01071AC1061F6C69
2188,1730,260714073848,xxxxxxxxxxxxxxxxxxxxxxxxxxxxxxxx26071407384800013E01071AC206206CD4
2189,1730,260714074033,xxxxxxxxxxxxxxxxxxxxxxxxxxxxxxxx26071407403300013E01071BC206216CDD
2190,1730,260714074218,xxxxxxxxxxxxxxxxxxxxxxxxxxxxxxxx26071407421800013E01071AC206206CD4
2191,1730,260714074403,xxxxxxxxxxxxxxxxxxxxxxxxxxxxxxxx26071407440300013E01071BC206226C88
2192,1730,260714074548,xxxxxxxxxxxxxxxxxxxxxxxxxxxxxxxx26071407454800013E01071AC206226C45
2193,1730,260714074733,xxxxxxxxxxxxxxxxxxxxxxxxxxxxxxxx26071407473300013E01071AC206236C81
2194,1730,260714074918,xxxxxxxxxxxxxxxxxxxxxxxxxxxxxxxx26071407491800013E01071AC206236C81
2195,1730,260714075103,xxxxxxxxxxxxxxxxxxxxxxxxxxxxxxxx26071407510300013E01071BC206246C22
2196,1730,260714075248,xxxxxxxxxxxxxxxxxxxxxxxxxxxxxxxx26071407524800013E01071AC206246CEF
2197,1730,260714075433,xxxxxxxxxxxxxxxxxxxxxxxxxxxxxxxx26071407543300013E01071BC206256CE6
2198,1730,260714075618,xxxxxxxxxxxxxxxxxxxxxxxxxxxxxxxx26071407561800013E01071AC206256C2B
2199,1730,260714075803,xxxxxxxxxxxxxxxxxxxxxxxxxxxxxxxx26071407580300013E01071AC206266C7E
2200,1730,260714075948,xxxxxxxxxxxxxxxxxxxxxxxxxxxxxxxx26071407594800013E01071AC206276CBA
2201,1730,260714080133,xxxxxxxxxxxxxxxxxxxxxxxxxxxxxxxx26071408013300013E01071AC206276CBA
2202,1730,260714080318,xxxxxxxxxxxxxxxxxxxxxxxxxxxxxxxx26071408031800013E01071AC206286CA2
2203,1730,260714080503,xxxxxxxxxxxxxxxxxxxxxxxxxxxxxxxx26071408050300013E01071AC206286CA2
2204,1730,260714080648,xxxxxxxxxxxxxxxxxxxxxxxxxxxxxxxx26071408064800013E01071AC206296C66
2205,1730,260714080832,xxxxxxxxxxxxxxxxxxxxxxxxxxxxxxxx26071408083200013E01071AC206296C66
2206,1730,260714081017,xxxxxxxxxxxxxxxxxxxxxxxxxxxxxxxx26071408101700013E01071AC2062A6C33
2207,1730,260714081202,xxxxxxxxxxxxxxxxxxxxxxxxxxxxxxxx26071408120200013E01071AC2062A6C33
2208,1730,260714081347,xxxxxxxxxxxxxxxxxxxxxxxxxxxxxxxx26071408134700013E01071AC2062B6CF7
2209,1730,260714081532,xxxxxxxxxxxxxxxxxxxxxxxxxxxxxxxx26071408153200013E01071AC2062B6CF7
2210,1730,260714081717,xxxxxxxxxxxxxxxxxxxxxxxxxxxxxxxx26071408171700013E01071AC2062B6CF7
2211,1730,260714081902,xxxxxxxxxxxxxxxxxxxxxxxxxxxxxxxx26071408190200013E01071AC2062C6C99
2212,1730,260714082047,xxxxxxxxxxxxxxxxxxxxxxxxxxxxxxxx26071408204700013E01071AC2062D6C5D
2213,1730,260714082232,xxxxxxxxxxxxxxxxxxxxxxxxxxxxxxxx26071408223200013E01071AC2062D6C5D
2214,1730,260714082419,xxxxxxxxxxxxxxxxxxxxxxxxxxxxxxxx26071408241900013E01071AC2062D6C5D
2215,1730,260714082604,xxxxxxxxxxxxxxxxxxxxxxxxxxxxxxxx26071408260400013E01071AC2062E6C08
2216,1730,260714082749,xxxxxxxxxxxxxxxxxxxxxxxxxxxxxxxx26071408274900013E01071AC2062E6C08
2217,1730,260714082934,xxxxxxxxxxxxxxxxxxxxxxxxxxxxxxxx26071408293400013E01071AC2062E6C08
2218,1730,260714083119,xxxxxxxxxxxxxxxxxxxxxxxxxxxxxxxx26071408311900013E01071AC2062F6CCC
2219,1731,260714083303,xxxxxxxxxxxxxxxxxxxxxxxxxxxxxxxx26071408330300013E01071AC306306CB7
2220,1731,260714083448,xxxxxxxxxxxxxxxxxxxxxxxxxxxxxxxx26071408344800013E01071AC306306CB7
2221,1731,260714083633,xxxxxxxxxxxxxxxxxxxxxxxxxxxxxxxx26071408363300013E01071AC306316C73
2222,1731,260714083818,xxxxxxxxxxxxxxxxxxxxxxxxxxxxxxxx26071408381800013E01071AC306316C73
2223,1731,260714084004,xxxxxxxxxxxxxxxxxxxxxxxxxxxxxxxx26071408400400013E01071AC306326C26
2224,1731,260714084149,xxxxxxxxxxxxxxxxxxxxxxxxxxxxxxxx26071408414900013E01071AC306326C26
2225,1731,260714084334,xxxxxxxxxxxxxxxxxxxxxxxxxxxxxxxx26071408433400013E01071AC306336CE2
2226,1731,260714084519,xxxxxxxxxxxxxxxxxxxxxxxxxxxxxxxx26071408451900013E01071AC306336CE2
2227,1731,260714084704,xxxxxxxxxxxxxxxxxxxxxxxxxxxxxxxx26071408470400013E01071AC306346C8C
2228,1731,260714084849,xxxxxxxxxxxxxxxxxxxxxxxxxxxxxxxx26071408484900013E01071AC306346C8C
2229,1731,260714085034,xxxxxxxxxxxxxxxxxxxxxxxxxxxxxxxx26071408503400013E01071AC306346C8C
2230,1731,260714085219,xxxxxxxxxxxxxxxxxxxxxxxxxxxxxxxx26071408521900013E01071AC306356C48
2231,1731,260714085404,xxxxxxxxxxxxxxxxxxxxxxxxxxxxxxxx26071408540400013E01071AC306356C48
2232,1731,260714085548,xxxxxxxxxxxxxxxxxxxxxxxxxxxxxxxx26071408554800013E01071AC306366C1D
2233,1731,260714085733,xxxxxxxxxxxxxxxxxxxxxxxxxxxxxxxx26071408573300013E01071AC306366C1D
2234,1731,260714085918,xxxxxxxxxxxxxxxxxxxxxxxxxxxxxxxx26071408591800013E01071AC306376CD9
2235,1731,260714090103,xxxxxxxxxxxxxxxxxxxxxxxxxxxxxxxx26071409010300013E01071AC306386CC1
2236,1731,260714090248,xxxxxxxxxxxxxxxxxxxxxxxxxxxxxxxx26071409024800013E01071AC306386CC1
2237,1731,260714090433,xxxxxxxxxxxxxxxxxxxxxxxxxxxxxxxx26071409043300013E01071AC306396C05
2238,1731,260714090618,xxxxxxxxxxxxxxxxxxxxxxxxxxxxxxxx26071409061800013E01071AC306396C05
2239,1731,260714090803,xxxxxxxxxxxxxxxxxxxxxxxxxxxxxxxx26071409080300013E01071AC306396C05
2240,1731,260714090948,xxxxxxxxxxxxxxxxxxxxxxxxxxxxxxxx26071409094800013E01071AC3063A6C50
2241,1731,260714091133,xxxxxxxxxxxxxxxxxxxxxxxxxxxxxxxx26071409113300013E01071AC3063B6C94
2242,1731,260714091317,xxxxxxxxxxxxxxxxxxxxxxxxxxxxxxxx26071409131700013E01071AC3063A6C50
2243,1731,260714091502,xxxxxxxxxxxxxxxxxxxxxxxxxxxxxxxx26071409150200013E01071AC3063B6C94
2244,1731,260714091647,xxxxxxxxxxxxxxxxxxxxxxxxxxxxxxxx26071409164700013E01071AC3063B6C94
2245,1731,260714091832,xxxxxxxxxxxxxxxxxxxxxxxxxxxxxxxx26071409183200013E01071AC3063B6C94
2246,1731,260714092018,xxxxxxxxxxxxxxxxxxxxxxxxxxxxxxxx26071409201800013E01071AC3063C6CFA
2247,1731,260714092203,xxxxxxxxxxxxxxxxxxxxxxxxxxxxxxxx26071409220300013E01071AC3063C6CFA
2248,1731,260714092348,xxxxxxxxxxxxxxxxxxxxxxxxxxxxxxxx26071409234800013E01071AC3063C6CFA
2249,1731,260714092533,xxxxxxxxxxxxxxxxxxxxxxxxxxxxxxxx26071409253300013E010719C3063D6C70
2250,1731,260714092718,xxxxxxxxxxxxxxxxxxxxxxxxxxxxxxxx26071409271800013E01071AC3063D6C3E
2251,1731,260714092904,xxxxxxxxxxxxxxxxxxxxxxxxxxxxxxxx26071409290400013E01071AC3063E6C6B
2252,1731,260714093049,xxxxxxxxxxxxxxxxxxxxxxxxxxxxxxxx26071409304900013E010719C3063F6CE1
2253,1731,260714093234,xxxxxxxxxxxxxxxxxxxxxxxxxxxxxxxx26071409323400013E010719C3063F6CE1
2254,1731,260714093419,xxxxxxxxxxxxxxxxxxxxxxxxxxxxxxxx26071409341900013E01071AC3063F6CAF
2255,1731,260714093604,xxxxxxxxxxxxxxxxxxxxxxxxxxxxxxxx26071409360400013E010719C3063F6CE1
2256,1731,260714093749,xxxxxxxxxxxxxxxxxxxxxxxxxxxxxxxx26071409374900013E01071AC3063F6CAF
2257,1732,260714093934,xxxxxxxxxxxxxxxxxxxxxxxxxxxxxxxx26071409393400013E010719C406406CC9
2258,1732,260714094119,xxxxxxxxxxxxxxxxxxxxxxxxxxxxxxxx26071409411900013E010719C406406CC9
2259,1732,260714094304,xxxxxxxxxxxxxxxxxxxxxxxxxxxxxxxx26071409430400013E010719C406416C0D
2260,1732,260714094449,xxxxxxxxxxxxxxxxxxxxxxxxxxxxxxxx26071409444900013E010719C406426C58
2261,1732,260714094634,xxxxxxxxxxxxxxxxxxxxxxxxxxxxxxxx26071409463400013E010719C406416C0D
2262,1732,260714094819,xxxxxxxxxxxxxxxxxxxxxxxxxxxxxxxx26071409481900013E010719C406426C58
2263,1732,260714095004,xxxxxxxxxxxxxxxxxxxxxxxxxxxxxxxx26071409500400013E010719C406426C58
2264,1732,260714095149,xxxxxxxxxxxxxxxxxxxxxxxxxxxxxxxx26071409514900013E010719C406426C58
2265,1732,260714095334,xxxxxxxxxxxxxxxxxxxxxxxxxxxxxxxx26071409533400013E010719C406436C9C
2266,1732,260714095519,xxxxxxxxxxxxxxxxxxxxxxxxxxxxxxxx26071409551900013E010719C406446CF2
2267,1732,260714095704,xxxxxxxxxxxxxxxxxxxxxxxxxxxxxxxx26071409570400013E010719C406446CF2
2268,1732,260714095849,xxxxxxxxxxxxxxxxxxxxxxxxxxxxxxxx26071409584900013E010719C406446CF2
2269,1732,260714100033,xxxxxxxxxxxxxxxxxxxxxxxxxxxxxxxx26071410003300013E010719C406456C36
2270,1732,260714100218,xxxxxxxxxxxxxxxxxxxxxxxxxxxxxxxx26071410021800013E010719C406456C36
2271,1732,260714100403,xxxxxxxxxxxxxxxxxxxxxxxxxxxxxxxx26071410040300013E010719C406456C36
2272,1732,260714100548,xxxxxxxxxxxxxxxxxxxxxxxxxxxxxxxx26071410054800013E010719C406466C63
2273,1732,260714100733,xxxxxxxxxxxxxxxxxxxxxxxxxxxxxxxx26071410073300013E010719C406466C63
2274,1732,260714100918,xxxxxxxxxxxxxxxxxxxxxxxxxxxxxxxx26071410091800013E010719C406476CA7
2275,1732,260714101103,xxxxxxxxxxxxxxxxxxxxxxxxxxxxxxxx26071410110300013E010719C406476CA7
2276,1732,260714101248,xxxxxxxxxxxxxxxxxxxxxxxxxxxxxxxx26071410124800013E010719C406486CBF
2277,1732,260714101433,xxxxxxxxxxxxxxxxxxxxxxxxxxxxxxxx26071410143300013E010719C406486CBF
2278,1732,260714101805,xxxxxxxxxxxxxxxxxxxxxxxxxxxxxxxx26071410180500013E010719C406486CBF
2279,1732,260714101950,xxxxxxxxxxxxxxxxxxxxxxxxxxxxxxxx26071410195000013E010719C406496C7B
2280,1732,260714102135,xxxxxxxxxxxxxxxxxxxxxxxxxxxxxxxx26071410213500013E010719C406496C7B
2281,1732,260714102320,xxxxxxxxxxxxxxxxxxxxxxxxxxxxxxxx26071410232000013E010719C4064A6C2E
2282,1732,260714102504,xxxxxxxxxxxxxxxxxxxxxxxxxxxxxxxx26071410250400013E010719C4064A6C2E
2283,1732,260714102649,xxxxxxxxxxxxxxxxxxxxxxxxxxxxxxxx26071410264900013E010719C4064B6CEA
2284,1732,260714102834,xxxxxxxxxxxxxxxxxxxxxxxxxxxxxxxx26071410283400013E010719C4064B6CEA
2285,1732,260714103019,xxxxxxxxxxxxxxxxxxxxxxxxxxxxxxxx26071410301900013E010719C4064B6CEA
2286,1732,260714103204,xxxxxxxxxxxxxxxxxxxxxxxxxxxxxxxx26071410320400013E010719C4064B6CEA
2287,1732,260714103349,xxxxxxxxxxxxxxxxxxxxxxxxxxxxxxxx26071410334900013E010719C4064B6CEA
2288,1732,260714103534,xxxxxxxxxxxxxxxxxxxxxxxxxxxxxxxx26071410353400013E010719C4064C6C84
2289,1732,260714103719,xxxxxxxxxxxxxxxxxxxxxxxxxxxxxxxx26071410371900013E010719C4064D6C40
2290,1732,260714103904,xxxxxxxxxxxxxxxxxxxxxxxxxxxxxxxx26071410390400013E010719C4064D6C40
2291,1732,260714104049,xxxxxxxxxxxxxxxxxxxxxxxxxxxxxxxx26071410404900013E010719C4064D6C40
2292,1732,260714104234,xxxxxxxxxxxxxxxxxxxxxxxxxxxxxxxx26071410423400013E010719C4064D6C40
2293,1732,260714104419,xxxxxxxxxxxxxxxxxxxxxxxxxxxxxxxx26071410441900013E010719C4064E6C15
2294,1732,260714104604,xxxxxxxxxxxxxxxxxxxxxxxxxxxxxxxx26071410460400013E010719C4064E6C15
2295,1732,260714104749,xxxxxxxxxxxxxxxxxxxxxxxxxxxxxxxx26071410474900013E010719C4064E6C15
2296,1732,260714104935,xxxxxxxxxxxxxxxxxxxxxxxxxxxxxxxx26071410493500013E010719C4064E6C15
2297,1732,260714105120,xxxxxxxxxxxxxxxxxxxxxxxxxxxxxxxx26071410512000013E010719C4064F6CD1
2298,1732,260714105305,xxxxxxxxxxxxxxxxxxxxxxxxxxxxxxxx26071410530500013E010719C4064F6CD1
2299,1732,260714105450,xxxxxxxxxxxxxxxxxxxxxxxxxxxxxxxx26071410545000013E010719C4064F6CD1
2300,1732,260714105820,xxxxxxxxxxxxxxxxxxxxxxxxxxxxxxxx26071410582000013E010719C4064F6CD1
2301,1732,260714110005,xxxxxxxxxxxxxxxxxxxxxxxxxxxxxxxx26071411000500013E010719C4064F6CD1
2302,1733,260714110150,xxxxxxxxxxxxxxxxxxxxxxxxxxxxxxxx26071411015000013E010719C506506CAA
2303,1733,260714110335,xxxxxxxxxxxxxxxxxxxxxxxxxxxxxxxx26071411033500013E01071AC506506CE4
2304,1733,260714110521,xxxxxxxxxxxxxxxxxxxxxxxxxxxxxxxx26071411052100013E010719C506516C6E
2305,1733,260714110706,xxxxxxxxxxxxxxxxxxxxxxxxxxxxxxxx26071411070600013E010719C506516C6E
2306,1733,260714110851,xxxxxxxxxxxxxxxxxxxxxxxxxxxxxxxx26071411085100013E010719C506516C6E
2307,1733,260714111036,xxxxxxxxxxxxxxxxxxxxxxxxxxxxxxxx26071411103600013E010719C506516C6E
2308,1733,260714111221,xxxxxxxxxxxxxxxxxxxxxxxxxxxxxxxx26071411122100013E01071AC506526C75
2309,1733,260714111405,xxxxxxxxxxxxxxxxxxxxxxxxxxxxxxxx26071411140500013E01071AC506526C75
2310,1733,260714111550,xxxxxxxxxxxxxxxxxxxxxxxxxxxxxxxx26071411155000013E010719C506526C3B
2311,1733,260714111735,xxxxxxxxxxxxxxxxxxxxxxxxxxxxxxxx26071411173500013E010719C506526C3B
2312,1733,260714111920,xxxxxxxxxxxxxxxxxxxxxxxxxxxxxxxx26071411192000013E01071AC506536CB1
2313,1733,260714112105,xxxxxxxxxxxxxxxxxxxxxxxxxxxxxxxx26071411210500013E010719C506526C3B
2314,1733,260714112250,xxxxxxxxxxxxxxxxxxxxxxxxxxxxxxxx26071411225000013E010719C506536CFF
2315,1733,260714112435,xxxxxxxxxxxxxxxxxxxxxxxxxxxxxxxx26071411243500013E010719C506536CFF
2316,1733,260714112620,xxxxxxxxxxxxxxxxxxxxxxxxxxxxxxxx26071411262000013E010719C506536CFF
2317,1733,260714112805,xxxxxxxxxxxxxxxxxxxxxxxxxxxxxxxx26071411280500013E010719C506546C91
2318,1733,260714112949,xxxxxxxxxxxxxxxxxxxxxxxxxxxxxxxx26071411294900013E010719C506546C91
2319,1733,260714113134,xxxxxxxxxxxxxxxxxxxxxxxxxxxxxxxx26071411313400013E010719C506546C91
2320,1733,260714113319,xxxxxxxxxxxxxxxxxxxxxxxxxxxxxxxx26071411331900013E010719C506546C91
2321,1733,260714113504,xxxxxxxxxxxxxxxxxxxxxxxxxxxxxxxx26071411350400013E010719C506556C55
2322,1733,260714113835,xxxxxxxxxxxxxxxxxxxxxxxxxxxxxxxx26071411383500013E010719C506556C55
2323,1733,260714114020,xxxxxxxxxxxxxxxxxxxxxxxxxxxxxxxx26071411402000013E010719C506566C00
2324,1733,260714114205,xxxxxxxxxxxxxxxxxxxxxxxxxxxxxxxx26071411420500013E010719C506556C55
2325,1733,260714114350,xxxxxxxxxxxxxxxxxxxxxxxxxxxxxxxx26071411435000013E010719C506566C00
2326,1733,260714114534,xxxxxxxxxxxxxxxxxxxxxxxxxxxxxxxx26071411453400013E010719C506566C00
2327,1733,260714114719,xxxxxxxxxxxxxxxxxxxxxxxxxxxxxxxx26071411471900013E010719C506566C00
2328,1733,260714114904,xxxxxxxxxxxxxxxxxxxxxxxxxxxxxxxx26071411490400013E01071AC506576C8A
2329,1733,260714115049,xxxxxxxxxxxxxxxxxxxxxxxxxxxxxxxx26071411504900013E01071AC506576C8A
2330,1733,260714115234,xxxxxxxxxxxxxxxxxxxxxxxxxxxxxxxx26071411523400013E01071AC506576C8A
2331,1733,260714115418,xxxxxxxxxxxxxxxxxxxxxxxxxxxxxxxx26071411541800013E01071AC506576C8A
2332,1733,260714115603,xxxxxxxxxxxxxxxxxxxxxxxxxxxxxxxx26071411560300013E01071AC506576C8A
2333,1733,260714115748,xxxxxxxxxxxxxxxxxxxxxxxxxxxxxxxx26071411574800013E01071AC506576C8A
2334,1733,260714115933,xxxxxxxxxxxxxxxxxxxxxxxxxxxxxxxx26071411593300013E01071AC506576C8A
2335,1733,260714120119,xxxxxxxxxxxxxxxxxxxxxxxxxxxxxxxx26071412011900013E01071AC506576C8A
2336,1733,260714120304,xxxxxxxxxxxxxxxxxxxxxxxxxxxxxxxx26071412030400013E01071AC506576C8A
2337,1733,260714120449,xxxxxxxxxxxxxxxxxxxxxxxxxxxxxxxx26071412044900013E01071AC506586C92
2338,1733,260714120634,xxxxxxxxxxxxxxxxxxxxxxxxxxxxxxxx26071412063400013E01071AC506586C92
2339,1733,260714120819,xxxxxxxxxxxxxxxxxxxxxxxxxxxxxxxx26071412081900013E01071AC506576C8A
2340,1733,260714121005,xxxxxxxxxxxxxxxxxxxxxxxxxxxxxxxx26071412100500013E01071AC506576C8A
2341,1733,260714121150,xxxxxxxxxxxxxxxxxxxxxxxxxxxxxxxx26071412115000013E01071AC506576C8A
2342,1733,260714121335,xxxxxxxxxxxxxxxxxxxxxxxxxxxxxxxx26071412133500013E01071AC506586C92
2343,1733,260714121520,xxxxxxxxxxxxxxxxxxxxxxxxxxxxxxxx26071412152000013E01071AC506586C92
2344,1733,260714121850,xxxxxxxxxxxxxxxxxxxxxxxxxxxxxxxx26071412185000013E01071AC506586C92
2345,1733,260714122035,xxxxxxxxxxxxxxxxxxxxxxxxxxxxxxxx26071412203500013E01071AC506586C92
2346,1733,260714122220,xxxxxxxxxxxxxxxxxxxxxxxxxxxxxxxx26071412222000013E01071AC506576C8A
2347,1733,260714122405,xxxxxxxxxxxxxxxxxxxxxxxxxxxxxxxx26071412240500013E01071AC506586C92
2348,1733,260714122550,xxxxxxxxxxxxxxxxxxxxxxxxxxxxxxxx26071412255000013E01071AC506576C8A
2349,1733,260714122735,xxxxxxxxxxxxxxxxxxxxxxxxxxxxxxxx26071412273500013E01071AC506586C92
2350,1733,260714122920,xxxxxxxxxxxxxxxxxxxxxxxxxxxxxxxx26071412292000013E01071AC506586C92
2351,1733,260714123105,xxxxxxxxxxxxxxxxxxxxxxxxxxxxxxxx26071412310500013E01071AC506586C92
2352,1733,260714123250,xxxxxxxxxxxxxxxxxxxxxxxxxxxxxxxx26071412325000013E01071AC506596C56
2353,1733,260714123435,xxxxxxxxxxxxxxxxxxxxxxxxxxxxxxxx26071412343500013E01071AC506586C92
2354,1733,260714123620,xxxxxxxxxxxxxxxxxxxxxxxxxxxxxxxx26071412362000013E01071AC506586C92
2355,1733,260714123805,xxxxxxxxxxxxxxxxxxxxxxxxxxxxxxxx26071412380500013E01071AC506586C92
2356,1733,260714123950,xxxxxxxxxxxxxxxxxxxxxxxxxxxxxxxx26071412395000013E01071AC506596C56
2357,1733,260714124135,xxxxxxxxxxxxxxxxxxxxxxxxxxxxxxxx26071412413500013E01071AC506586C92
2358,1733,260714124320,xxxxxxxxxxxxxxxxxxxxxxxxxxxxxxxx26071412432000013E01071AC506596C56
2359,1733,260714124505,xxxxxxxxxxxxxxxxxxxxxxxxxxxxxxxx26071412450500013E01071AC506596C56
2360,1733,260714124650,xxxxxxxxxxxxxxxxxxxxxxxxxxxxxxxx26071412465000013E01071AC506596C56
2361,1733,260714124835,xxxxxxxxxxxxxxxxxxxxxxxxxxxxxxxx26071412483500013E01071AC506596C56
2362,1733,260714125021,xxxxxxxxxxxxxxxxxxxxxxxxxxxxxxxx26071412502100013E01071AC506596C56
2363,1733,260714125206,xxxxxxxxxxxxxxxxxxxxxxxxxxxxxxxx26071412520600013E01071AC5065A6C03
2364,1733,260714125351,xxxxxxxxxxxxxxxxxxxxxxxxxxxxxxxx26071412535100013E01071AC5065A6C03
2365,1733,260714125536,xxxxxxxxxxxxxxxxxxxxxxxxxxxxxxxx26071412553600013E01071AC5065A6C03
2366,1733,260714125721,xxxxxxxxxxxxxxxxxxxxxxxxxxxxxxxx26071412572100013E01071AC5065B6CC7
2367,1733,260714125906,xxxxxxxxxxxxxxxxxxxxxxxxxxxxxxxx26071412590600013E01071AC5065A6C03
2368,1733,260714130051,xxxxxxxxxxxxxxxxxxxxxxxxxxxxxxxx26071413005100013E01071AC5065A6C03
2369,1733,260714130236,xxxxxxxxxxxxxxxxxxxxxxxxxxxxxxxx26071413023600013E01071AC5065A6C03
2370,1733,260714130421,xxxxxxxxxxxxxxxxxxxxxxxxxxxxxxxx26071413042100013E01071AC5065B6CC7
2371,1733,260714130606,xxxxxxxxxxxxxxxxxxxxxxxxxxxxxxxx26071413060600013E01071AC5065B6CC7
2372,1733,260714130751,xxxxxxxxxxxxxxxxxxxxxxxxxxxxxxxx26071413075100013E01071BC5065B6C0A
2373,1733,260714130936,xxxxxxxxxxxxxxxxxxxxxxxxxxxxxxxx26071413093600013E01071BC5065A6CCE
2374,1733,260714131122,xxxxxxxxxxxxxxxxxxxxxxxxxxxxxxxx26071413112200013E01071BC5065A6CCE
2375,1733,260714131307,xxxxxxxxxxxxxxxxxxxxxxxxxxxxxxxx26071413130700013E01071BC5065A6CCE
2376,1733,260714131451,xxxxxxxxxxxxxxxxxxxxxxxxxxxxxxxx26071413145100013E01071BC5065A6CCE
2377,1733,260714131636,xxxxxxxxxxxxxxxxxxxxxxxxxxxxxxxx26071413163600013E01071BC506596C9B
2378,1733,260714131821,xxxxxxxxxxxxxxxxxxxxxxxxxxxxxxxx26071413182100013E01071BC506586C5F
2379,1733,260714132006,xxxxxxxxxxxxxxxxxxxxxxxxxxxxxxxx26071413200600013E01071BC506596C9B
2380,1733,260714132151,xxxxxxxxxxxxxxxxxxxxxxxxxxxxxxxx26071413215100013E01071BC506566C83
2381,1733,260714132336,xxxxxxxxxxxxxxxxxxxxxxxxxxxxxxxx26071413233600013E01071BC506576C47
2382,1733,260714132521,xxxxxxxxxxxxxxxxxxxxxxxxxxxxxxxx26071413252100013E01071BC506586C5F
2383,1733,260714132706,xxxxxxxxxxxxxxxxxxxxxxxxxxxxxxxx26071413270600013E01071BC506566C83
2384,1733,260714132851,xxxxxxxxxxxxxxxxxxxxxxxxxxxxxxxx26071413285100013E01071BC506576C47
2385,1733,260714133036,xxxxxxxxxxxxxxxxxxxxxxxxxxxxxxxx26071413303600013E01071BC506566C83
2386,1733,260714133221,xxxxxxxxxxxxxxxxxxxxxxxxxxxxxxxx26071413322100013E01071BC506566C83
2387,1733,260714133406,xxxxxxxxxxxxxxxxxxxxxxxxxxxxxxxx26071413340600013E01071BC506566C83
2388,1733,260714133551,xxxxxxxxxxxxxxxxxxxxxxxxxxxxxxxx26071413355100013E01071BC506576C47
2389,1733,260714133551,xxxxxxxxxxxxxxxxxxxxxxxxxxxxxxxx26071413355100013E01071BC506576C47
2390,1733,260714133551,xxxxxxxxxxxxxxxxxxxxxxxxxxxxxxxx26071413355100013E01071BC506576C47
2391,1733,260714133551,xxxxxxxxxxxxxxxxxxxxxxxxxxxxxxxx26071413355100013E01071BC506576C47
2392,1733,260714133736,xxxxxxxxxxxxxxxxxxxxxxxxxxxxxxxx26071413373600013E01071BC506576C47
2393,1733,260714133920,xxxxxxxxxxxxxxxxxxxxxxxxxxxxxxxx26071413392000013E01071BC506576C47
2394,1733,260714134105,xxxxxxxxxxxxxxxxxxxxxxxxxxxxxxxx26071413410500013E01071BC506586C5F
2395,1733,260714134250,xxxxxxxxxxxxxxxxxxxxxxxxxxxxxxxx26071413425000013E01071BC506586C5F
2396,1733,260714134435,xxxxxxxxxxxxxxxxxxxxxxxxxxxxxxxx26071413443500013E01071BC506576C47
2397,1733,260714134620,xxxxxxxxxxxxxxxxxxxxxxxxxxxxxxxx26071413462000013E01071BC506586C5F
2398,1733,260714134805,xxxxxxxxxxxxxxxxxxxxxxxxxxxxxxxx26071413480500013E01071BC506576C47
2399,1733,260714134950,xxxxxxxxxxxxxxxxxxxxxxxxxxxxxxxx26071413495000013E01071BC506586C5F
2400,1733,260714135135,xxxxxxxxxxxxxxxxxxxxxxxxxxxxxxxx26071413513500013E01071BC506586C5F
2401,1733,260714135320,xxxxxxxxxxxxxxxxxxxxxxxxxxxxxxxx26071413532000013E01071BC506576C47
2402,1733,260714135504,xxxxxxxxxxxxxxxxxxxxxxxxxxxxxxxx26071413550400013E01071BC506576C47
2403,1733,260714135649,xxxxxxxxxxxxxxxxxxxxxxxxxxxxxxxx26071413564900013E01071CC506546C43
2404,1733,260714135834,xxxxxxxxxxxxxxxxxxxxxxxxxxxxxxxx26071413583400013E01071BC506556CD6
2405,1733,260714140019,xxxxxxxxxxxxxxxxxxxxxxxxxxxxxxxx26071414001900013E01071BC506556CD6
2406,1733,260714140204,xxxxxxxxxxxxxxxxxxxxxxxxxxxxxxxx26071414020400013E01071BC506556CD6
2407,1733,260714140351,xxxxxxxxxxxxxxxxxxxxxxxxxxxxxxxx26071414035100013E01071BC506556CD6
2408,1733,260714140536,xxxxxxxxxxxxxxxxxxxxxxxxxxxxxxxx26071414053600013E01071BC506556CD6
2409,1733,260714140721,xxxxxxxxxxxxxxxxxxxxxxxxxxxxxxxx26071414072100013E01071BC506556CD6
2410,1733,260714140906,xxxxxxxxxxxxxxxxxxxxxxxxxxxxxxxx26071414090600013E01071CC506556C87
2411,1733,260714141051,xxxxxxxxxxxxxxxxxxxxxxxxxxxxxxxx26071414105100013E01071CC506556C87
2412,1733,260714141236,xxxxxxxxxxxxxxxxxxxxxxxxxxxxxxxx26071414123600013E01071BC506556CD6
2413,1733,260714141421,xxxxxxxxxxxxxxxxxxxxxxxxxxxxxxxx26071414142100013E01071CC506546C43
2414,1733,260714141606,xxxxxxxxxxxxxxxxxxxxxxxxxxxxxxxx26071414160600013E01071CC506556C87
2415,1733,260714141751,xxxxxxxxxxxxxxxxxxxxxxxxxxxxxxxx26071414175100013E01071CC506546C43
2416,1733,260714141936,xxxxxxxxxxxxxxxxxxxxxxxxxxxxxxxx26071414193600013E01071CC506546C43
2417,1733,260714142121,xxxxxxxxxxxxxxxxxxxxxxxxxxxxxxxx26071414212100013E01071CC506566CD2
2418,1733,260714142306,xxxxxxxxxxxxxxxxxxxxxxxxxxxxxxxx26071414230600013E01071CC506506C78
2419,1734,260714142451,xxxxxxxxxxxxxxxxxxxxxxxxxxxxxxxx26071414245100013E01071CC606606CDD
2420,1706,260714142635,xxxxxxxxxxxxxxxxxxxxxxxxxxxxxxxx26071414263500013E01071CAA06A76A58
2421,1728,260714142820,xxxxxxxxxxxxxxxxxxxxxxxxxxxxxxxx26071414282000013E01071CC0060A6C69
2422,1721,260714143005,xxxxxxxxxxxxxxxxxxxxxxxxxxxxxxxx26071414300500013E01071CB9069C6BB8
2423,1720,260714143150,xxxxxxxxxxxxxxxxxxxxxxxxxxxxxxxx26071414315000013E01071CB806896B24
2424,1720,260714143335,xxxxxxxxxxxxxxxxxxxxxxxxxxxxxxxx26071414333500013E01071CB806826B07
2425,1719,260714143519,xxxxxxxxxxxxxxxxxxxxxxxxxxxxxxxx26071414351900013E01071DB7067D6BD1
2426,1719,260714143704,xxxxxxxxxxxxxxxxxxxxxxxxxxxxxxxx26071414370400013E01071DB706786B2E
2427,1719,260714143849,xxxxxxxxxxxxxxxxxxxxxxxxxxxxxxxx26071414384900013E01071DB706746B63
2428,1719,260714144034,xxxxxxxxxxxxxxxxxxxxxxxxxxxxxxxx26071414403400013E01071DB706726BC9
2429,1718,260714144220,xxxxxxxxxxxxxxxxxxxxxxxxxxxxxxxx26071414422000013E01071DB6066E6BE7
2430,1718,260714144405,xxxxxxxxxxxxxxxxxxxxxxxxxxxxxxxx26071414440500013E01071DB606696B89
2431,1718,260714144550,xxxxxxxxxxxxxxxxxxxxxxxxxxxxxxxx26071414455000013E01071DB606646B00
2432,1718,260714144735,xxxxxxxxxxxxxxxxxxxxxxxxxxxxxxxx26071414473500013E01071DB606616BFF
2433,1717,260714144920,xxxxxxxxxxxxxxxxxxxxxxxxxxxxxxxx26071414492000013E01071EB5065D6B59
2434,1717,260714145106,xxxxxxxxxxxxxxxxxxxxxxxxxxxxxxxx26071414510600013E01071EB506596B62
2435,1717,260714145251,xxxxxxxxxxxxxxxxxxxxxxxxxxxxxxxx26071414525100013E01071EB506576BBE
2436,1717,260714145436,xxxxxxxxxxxxxxxxxxxxxxxxxxxxxxxx26071414543600013E01071EB506546BEB
2437,1867,260714145621,xxxxxxxxxxxxxxxxxxxxxxxxxxxxxxxx26071414562100013E01071E4B07B4748D
2438,1863,260714145806,xxxxxxxxxxxxxxxxxxxxxxxxxxxxxxxx26071414580600013E01071D4707777430
2439,1834,260714145952,xxxxxxxxxxxxxxxxxxxxxxxxxxxxxxxx26071414595200013E01071D2A07A472ED
2440,1834,260714150137,xxxxxxxxxxxxxxxxxxxxxxxxxxxxxxxx26071415013700013E01071D2A07A17212
2441,1834,260714150322,xxxxxxxxxxxxxxxxxxxxxxxxxxxxxxxx26071415032200013E01071D2A07A072D6
2442,1833,260714150507,xxxxxxxxxxxxxxxxxxxxxxxxxxxxxxxx26071415050700013E01071D29079F726B
2443,1833,260714150651,xxxxxxxxxxxxxxxxxxxxxxxxxxxxxxxx26071415065100013E01071D29079C723E
2444,1833,260714150836,xxxxxxxxxxxxxxxxxxxxxxxxxxxxxxxx26071415083600013E01071D29079B7250
2445,1833,260714151021,xxxxxxxxxxxxxxxxxxxxxxxxxxxxxxxx26071415102100013E01071C29079B729D
2446,1833,260714151206,xxxxxxxxxxxxxxxxxxxxxxxxxxxxxxxx26071415120600013E01071C29079B729D
2447,1833,260714151351,xxxxxxxxxxxxxxxxxxxxxxxxxxxxxxxx26071415135100013E01071C290799720C
2448,1833,260714151536,xxxxxxxxxxxxxxxxxxxxxxxxxxxxxxxx26071415153600013E01071C29079872C8
2449,1833,260714151721,xxxxxxxxxxxxxxxxxxxxxxxxxxxxxxxx26071415172100013E01071C29079872C8
2450,1833,260714151906,xxxxxxxxxxxxxxxxxxxxxxxxxxxxxxxx26071415190600013E01071C2907967214
2451,1833,260714152051,xxxxxxxxxxxxxxxxxxxxxxxxxxxxxxxx26071415205100013E01071C2907967214
2452,1833,260714152420,xxxxxxxxxxxxxxxxxxxxxxxxxxxxxxxx26071415242000013E01071C2907947285
2453,1833,260714152605,xxxxxxxxxxxxxxxxxxxxxxxxxxxxxxxx26071415260500013E01071D29079272E2
2454,1833,260714152750,xxxxxxxxxxxxxxxxxxxxxxxxxxxxxxxx26071415275000013E01071D29079272E2
2455,1833,260714152935,xxxxxxxxxxxxxxxxxxxxxxxxxxxxxxxx26071415293500013E01071D29079172B7
2456,1833,260714153122,xxxxxxxxxxxxxxxxxxxxxxxxxxxxxxxx26071415312200013E01071D2907907273
2457,1832,260714153307,xxxxxxxxxxxxxxxxxxxxxxxxxxxxxxxx26071415330700013E01071D28078F7208
2458,1832,260714153452,xxxxxxxxxxxxxxxxxxxxxxxxxxxxxxxx26071415345200013E01071D28078E72CC
2459,1832,260714153637,xxxxxxxxxxxxxxxxxxxxxxxxxxxxxxxx26071415363700013E01071D28078D7299
2460,1832,260714153822,xxxxxxxxxxxxxxxxxxxxxxxxxxxxxxxx26071415382200013E01071E28078C7213
2461,1832,260714154008,xxxxxxxxxxxxxxxxxxxxxxxxxxxxxxxx26071415400800013E01071E28078B727D
2462,1832,260714154153,xxxxxxxxxxxxxxxxxxxxxxxxxxxxxxxx26071415415300013E01071E28078C7213
2463,1832,260714154338,xxxxxxxxxxxxxxxxxxxxxxxxxxxxxxxx26071415433800013E01071E28078B727D
2464,1832,260714154523,xxxxxxxxxxxxxxxxxxxxxxxxxxxxxxxx26071415452300013E01071E28078972EC
2465,1832,260714154707,xxxxxxxxxxxxxxxxxxxxxxxxxxxxxxxx26071415470700013E01071E2807887228
2466,1832,260714154852,xxxxxxxxxxxxxxxxxxxxxxxxxxxxxxxx26071415485200013E01071E2807877230
2467,1832,260714155038,xxxxxxxxxxxxxxxxxxxxxxxxxxxxxxxx26071415503800013E01071E2807877230
2468,1832,260714155223,xxxxxxxxxxxxxxxxxxxxxxxxxxxxxxxx26071415522300013E01071E28078672F4
2469,1832,260714155223,xxxxxxxxxxxxxxxxxxxxxxxxxxxxxxxx26071415522300013E01071E28078672F4
2470,1832,260714155223,xxxxxxxxxxxxxxxxxxxxxxxxxxxxxxxx26071415522300013E01071E28078672F4
2471,1832,260714155408,xxxxxxxxxxxxxxxxxxxxxxxxxxxxxxxx26071415540800013E01071E28078672F4
2472,1832,260714155552,xxxxxxxxxxxxxxxxxxxxxxxxxxxxxxxx26071415555200013E01071E28078A72B9
2473,1833,260714155737,xxxxxxxxxxxxxxxxxxxxxxxxxxxxxxxx26071415573700013E01071F29079072F0
2474,1833,260714155922,xxxxxxxxxxxxxxxxxxxxxxxxxxxxxxxx26071415592200013E01071F2907917234
2475,1833,260714160107,xxxxxxxxxxxxxxxxxxxxxxxxxxxxxxxx26071416010700013E01071F290795720F
2476,1832,260714160436,xxxxxxxxxxxxxxxxxxxxxxxxxxxxxxxx26071416043600013E01072028078E72A4
2477,1831,260714160621,xxxxxxxxxxxxxxxxxxxxxxxxxxxxxxxx26071416062100013E01071F27077C72DD
2478,1832,260714160806,xxxxxxxxxxxxxxxxxxxxxxxxxxxxxxxx26071416080600013E01071E280780725E
2479,1832,260714160951,xxxxxxxxxxxxxxxxxxxxxxxxxxxxxxxx26071416095100013E01071C2807817219
2480,1832,260714160951,xxxxxxxxxxxxxxxxxxxxxxxxxxxxxxxx26071416095100013E01071C2807817219
2481,1832,260714161136,xxxxxxxxxxxxxxxxxxxxxxxxxxxxxxxx26071416113600013E01071B28078472B7
2482,1832,260714161321,xxxxxxxxxxxxxxxxxxxxxxxxxxxxxxxx26071416132100013E01071A280784727A
2483,1832,260714161506,xxxxxxxxxxxxxxxxxxxxxxxxxxxxxxxx26071416150600013E01071A28078672EB
2484,1832,260714161651,xxxxxxxxxxxxxxxxxxxxxxxxxxxxxxxx26071416165100013E01071A28078B7262
2485,1832,260714161836,xxxxxxxxxxxxxxxxxxxxxxxxxxxxxxxx26071416183600013E01071928078D7286
2486,1833,260714162020,xxxxxxxxxxxxxxxxxxxxxxxxxxxxxxxx26071416202000013E010719290790726C
2487,1833,260714162205,xxxxxxxxxxxxxxxxxxxxxxxxxxxxxxxx26071416220500013E0107192907937239
2488,1832,260714162350,xxxxxxxxxxxxxxxxxxxxxxxxxxxxxxxx26071416235000013E010719280782729E
2489,1832,260714162535,xxxxxxxxxxxxxxxxxxxxxxxxxxxxxxxx26071416253500013E010719280782729E
2490,1832,260714162722,xxxxxxxxxxxxxxxxxxxxxxxxxxxxxxxx26071416272200013E0107192807877261
2491,1833,260714162907,xxxxxxxxxxxxxxxxxxxxxxxxxxxxxxxx26071416290700013E01071929079272FD
2492,1833,260714163052,xxxxxxxxxxxxxxxxxxxxxxxxxxxxxxxx26071416305200013E0107192907977202
2493,1833,260714163237,xxxxxxxxxxxxxxxxxxxxxxxxxxxxxxxx26071416323700013E01071929079272FD
2494,1833,260714163422,xxxxxxxxxxxxxxxxxxxxxxxxxxxxxxxx26071416342200013E01071929079172A8
2495,1833,260714163607,xxxxxxxxxxxxxxxxxxxxxxxxxxxxxxxx26071416360700013E0107192907957293
2496,1833,260714163607,xxxxxxxxxxxxxxxxxxxxxxxxxxxxxxxx26071416360700013E0107192907957293
2497,1833,260714163607,xxxxxxxxxxxxxxxxxxxxxxxxxxxxxxxx26071416360700013E0107192907957293
2498,1832,260714163752,xxxxxxxxxxxxxxxxxxxxxxxxxxxxxxxx26071416375200013E01071928078D7286
2499,1832,260714163937,xxxxxxxxxxxxxxxxxxxxxxxxxxxxxxxx26071416393700013E01071928078D7286
2500,1832,260714164122,xxxxxxxxxxxxxxxxxxxxxxxxxxxxxxxx26071416412200013E01071828078B72E1
2501,1824,260714164452,xxxxxxxxxxxxxxxxxxxxxxxxxxxxxxxx26071416445200013E01071820070D7278
2502,1684,260714164637,xxxxxxxxxxxxxxxxxxxxxxxxxxxxxxxx26071416463700013E01071894064369B6
2503,1688,260714164822,xxxxxxxxxxxxxxxxxxxxxxxxxxxxxxxx26071416482200013E0107199806806988
2504,1688,260714165007,xxxxxxxxxxxxxxxxxxxxxxxxxxxxxxxx26071416500700013E01071998068E6954
2505,1748,260714165152,xxxxxxxxxxxxxxxxxxxxxxxxxxxxxxxx26071416515200013E010719D406416D6B
2506,1654,260714165337,xxxxxxxxxxxxxxxxxxxxxxxxxxxxxxxx26071416533700013E0107197606656741
2507,1692,260714165522,xxxxxxxxxxxxxxxxxxxxxxxxxxxxxxxx26071416552200013E01071A9C06CF694B
2508,1693,260714165707,xxxxxxxxxxxxxxxxxxxxxxxxxxxxxxxx26071416570700013E01071A9D06D4690B
2509,1693,260714165852,xxxxxxxxxxxxxxxxxxxxxxxxxxxxxxxx26071416585200013E01071A9D06D269A1
2510,1692,260714170037,xxxxxxxxxxxxxxxxxxxxxxxxxxxxxxxx26071417003700013E01071B9C06CC69D3
2511,1692,260714170222,xxxxxxxxxxxxxxxxxxxxxxxxxxxxxxxx26071417022200013E01071C9C06C56930
2512,1692,260714170407,xxxxxxxxxxxxxxxxxxxxxxxxxxxxxxxx26071417040700013E01071C9C06C66965
2513,1692,260714170552,xxxxxxxxxxxxxxxxxxxxxxxxxxxxxxxx26071417055200013E01071D9C06C36957
2514,1691,260714170737,xxxxxxxxxxxxxxxxxxxxxxxxxxxxxxxx26071417073700013E01071D9B06BF692A
2515,1691,260714170922,xxxxxxxxxxxxxxxxxxxxxxxxxxxxxxxx26071417092200013E01071E9B06BC6931
2516,1691,260714171107,xxxxxxxxxxxxxxxxxxxxxxxxxxxxxxxx26071417110700013E01071E9B06B969CE
2517,1691,260714171252,xxxxxxxxxxxxxxxxxxxxxxxxxxxxxxxx26071417125200013E01071E9B06B669D6
2518,1691,260714171437,xxxxxxxxxxxxxxxxxxxxxxxxxxxxxxxx26071417143700013E01071F9B06B5694E
2519,1691,260714171621,xxxxxxxxxxxxxxxxxxxxxxxxxxxxxxxx26071417162100013E01071F9B06B369E4
2520,1691,260714171806,xxxxxxxxxxxxxxxxxxxxxxxxxxxxxxxx26071417180600013E01071F9B06B369E4
2521,1691,260714171951,xxxxxxxxxxxxxxxxxxxxxxxxxxxxxxxx26071417195100013E0107209B06B76934
2522,1691,260714172136,xxxxxxxxxxxxxxxxxxxxxxxxxxxxxxxx26071417213600013E0107209B06BB6979
2523,1691,260714172136,xxxxxxxxxxxxxxxxxxxxxxxxxxxxxxxx26071417213600013E0107209B06BB6979
2524,1692,260714172506,xxxxxxxxxxxxxxxxxxxxxxxxxxxxxxxx26071417250600013E0107209C06C669C0
2525,1692,260714172651,xxxxxxxxxxxxxxxxxxxxxxxxxxxxxxxx26071417265100013E0107209C06CB6949
2526,1692,260714172836,xxxxxxxxxxxxxxxxxxxxxxxxxxxxxxxx26071417283600013E0107209C06CE69B6
2527,1692,260714173021,xxxxxxxxxxxxxxxxxxxxxxxxxxxxxxxx26071417302100013E0107209C06CF6972
2528,1693,260714173207,xxxxxxxxxxxxxxxxxxxxxxxxxxxxxxxx26071417320700013E0107209D06D06909
2529,1693,260714173352,xxxxxxxxxxxxxxxxxxxxxxxxxxxxxxxx26071417335200013E0107219D06D069C4
2530,1692,260714173537,xxxxxxxxxxxxxxxxxxxxxxxxxxxxxxxx26071417353700013E0107209C06CF6972
2531,1692,260714173722,xxxxxxxxxxxxxxxxxxxxxxxxxxxxxxxx26071417372200013E0107209C06CE69B6
2532,1692,260714173908,xxxxxxxxxxxxxxxxxxxxxxxxxxxxxxxx26071417390800013E0107219C06CD692E
2533,1692,260714174052,xxxxxxxxxxxxxxxxxxxxxxxxxxxxxxxx26071417405200013E0107219C06CC69EA
2534,1692,260714174237,xxxxxxxxxxxxxxxxxxxxxxxxxxxxxxxx26071417423700013E0107219C06CB6984
2535,1692,260714174422,xxxxxxxxxxxxxxxxxxxxxxxxxxxxxxxx26071417442200013E0107219C06CC69EA
2536,1692,260714174607,xxxxxxxxxxxxxxxxxxxxxxxxxxxxxxxx26071417460700013E0107219C06CB6984
2537,1692,260714174751,xxxxxxxxxxxxxxxxxxxxxxxxxxxxxxxx26071417475100013E0107219C06C96915
2538,1692,260714174936,xxxxxxxxxxxxxxxxxxxxxxxxxxxxxxxx26071417493600013E0107219C06C4699C
2539,1692,260714175121,xxxxxxxxxxxxxxxxxxxxxxxxxxxxxxxx26071417512100013E0107209C06C0696A
2540,1691,260714175306,xxxxxxxxxxxxxxxxxxxxxxxxxxxxxxxx26071417530600013E0107209B06BF6942
2541,1691,260714175451,xxxxxxxxxxxxxxxxxxxxxxxxxxxxxxxx26071417545100013E0107209B06BE6986
2542,1691,260714175636,xxxxxxxxxxxxxxxxxxxxxxxxxxxxxxxx26071417563600013E0107209B06BC6917
2543,1691,260714175821,xxxxxxxxxxxxxxxxxxxxxxxxxxxxxxxx26071417582100013E0107219B06BB69B4
2544,1691,260714180006,xxxxxxxxxxxxxxxxxxxxxxxxxxxxxxxx26071418000600013E0107219B06BC69DA
2545,1692,260714180151,xxxxxxxxxxxxxxxxxxxxxxxxxxxxxxxx26071418015100013E0107219C06C069A7
2546,1692,260714180336,xxxxxxxxxxxxxxxxxxxxxxxxxxxxxxxx26071418033600013E0107219C06C16963
2547,1692,260714180522,xxxxxxxxxxxxxxxxxxxxxxxxxxxxxxxx26071418052200013E0107219C06C369F2
2548,1692,260714180707,xxxxxxxxxxxxxxxxxxxxxxxxxxxxxxxx26071418070700013E0107219C06C4699C
2549,1692,260714180852,xxxxxxxxxxxxxxxxxxxxxxxxxxxxxxxx26071418085200013E0107219C06C4699C
2550,1692,260714181037,xxxxxxxxxxxxxxxxxxxxxxxxxxxxxxxx26071418103700013E0107219C06C56958
2551,1692,260714181222,xxxxxxxxxxxxxxxxxxxxxxxxxxxxxxxx26071418122200013E0107219C06C56958
2552,1692,260714181407,xxxxxxxxxxxxxxxxxxxxxxxxxxxxxxxx26071418140700013E0107219C06C56958
2553,1692,260714181552,xxxxxxxxxxxxxxxxxxxxxxxxxxxxxxxx26071418155200013E0107219C06C56958
2554,1692,260714181737,xxxxxxxxxxxxxxxxxxxxxxxxxxxxxxxx26071418173700013E0107219C06C4699C
2555,1692,260714181922,xxxxxxxxxxxxxxxxxxxxxxxxxxxxxxxx26071418192200013E0107219C06C4699C
2556,1692,260714182106,xxxxxxxxxxxxxxxxxxxxxxxxxxxxxxxx26071418210600013E0107219C06C4699C
2557,1692,260714182251,xxxxxxxxxxxxxxxxxxxxxxxxxxxxxxxx26071418225100013E0107219C06C369F2
2558,1692,260714182436,xxxxxxxxxxxxxxxxxxxxxxxxxxxxxxxx26071418243600013E0107219C06C16963
2559,1692,260714182621,xxxxxxxxxxxxxxxxxxxxxxxxxxxxxxxx26071418262100013E0107219C06C069A7
2560,1691,260714182807,xxxxxxxxxxxxxxxxxxxxxxxxxxxxxxxx26071418280700013E0107219B06BF698F
2561,1691,260714182952,xxxxxxxxxxxxxxxxxxxxxxxxxxxxxxxx26071418295200013E0107219B06BE694B
2562,1691,260714183137,xxxxxxxxxxxxxxxxxxxxxxxxxxxxxxxx26071418313700013E0107229B06BF69C1
2563,1691,260714183322,xxxxxxxxxxxxxxxxxxxxxxxxxxxxxxxx26071418332200013E0107229B06BE6905
2564,1691,260714183507,xxxxxxxxxxxxxxxxxxxxxxxxxxxxxxxx26071418350700013E0107229B06BE6905
2565,1691,260714183651,xxxxxxxxxxxxxxxxxxxxxxxxxxxxxxxx26071418365100013E0107229B06BF69C1
2566,1691,260714183836,xxxxxxxxxxxxxxxxxxxxxxxxxxxxxxxx26071418383600013E0107229B06BF69C1
2567,1691,260714184021,xxxxxxxxxxxxxxxxxxxxxxxxxxxxxxxx26071418402100013E0107229B06BF69C1
2568,1691,260714184206,xxxxxxxxxxxxxxxxxxxxxxxxxxxxxxxx26071418420600013E0107229B06BC6994
2569,1691,260714184351,xxxxxxxxxxxxxxxxxxxxxxxxxxxxxxxx26071418435100013E0107229B06B9696B
2570,1691,260714184538,xxxxxxxxxxxxxxxxxxxxxxxxxxxxxxxx26071418453800013E0107229B06B869AF
2571,1691,260714184723,xxxxxxxxxxxxxxxxxxxxxxxxxxxxxxxx26071418472300013E0107229B06B869AF
2572,1691,260714184908,xxxxxxxxxxxxxxxxxxxxxxxxxxxxxxxx26071418490800013E0107229B06B769B7
2573,1691,260714185053,xxxxxxxxxxxxxxxxxxxxxxxxxxxxxxxx26071418505300013E0107229B06B769B7
2574,1691,260714185237,xxxxxxxxxxxxxxxxxxxxxxxxxxxxxxxx26071418523700013E0107229B06B66973
2575,1691,260714185422,xxxxxxxxxxxxxxxxxxxxxxxxxxxxxxxx26071418542200013E0107229B06B469E2
2576,1691,260714185607,xxxxxxxxxxxxxxxxxxxxxxxxxxxxxxxx26071418560700013E0107229B06B26948
2577,1691,260714185752,xxxxxxxxxxxxxxxxxxxxxxxxxxxxxxxx26071418575200013E0107229B06B26948
2578,1691,260714185937,xxxxxxxxxxxxxxxxxxxxxxxxxxxxxxxx26071418593700013E0107229B06B1691D
2579,1690,260714190121,xxxxxxxxxxxxxxxxxxxxxxxxxxxxxxxx26071419012100013E0107229A06AF69A2
2580,1691,260714190306,xxxxxxxxxxxxxxxxxxxxxxxxxxxxxxxx26071419030600013E0107229B06B069D9
2581,1690,260714190451,xxxxxxxxxxxxxxxxxxxxxxxxxxxxxxxx26071419045100013E0107229A06AE6966
2582,1690,260714190636,xxxxxxxxxxxxxxxxxxxxxxxxxxxxxxxx26071419063600013E0107229A06AD6933
2583,1690,260714190821,xxxxxxxxxxxxxxxxxxxxxxxxxxxxxxxx26071419082100013E0107229A06AC69F7
2584,1690,260714191008,xxxxxxxxxxxxxxxxxxxxxxxxxxxxxxxx26071419100800013E0107229A06AB6999
2585,1690,260714191153,xxxxxxxxxxxxxxxxxxxxxxxxxxxxxxxx26071419115300013E0107229A06A96908
2586,1690,260714191338,xxxxxxxxxxxxxxxxxxxxxxxxxxxxxxxx26071419133800013E0107229A06A769D4
2587,1690,260714191523,xxxxxxxxxxxxxxxxxxxxxxxxxxxxxxxx26071419152300013E0107229A06A66910
2588,1690,260714191707,xxxxxxxxxxxxxxxxxxxxxxxxxxxxxxxx26071419170700013E0107229A06A56945
2589,1690,260714191852,xxxxxxxxxxxxxxxxxxxxxxxxxxxxxxxx26071419185200013E0107229A06A56945
2590,1690,260714192037,xxxxxxxxxxxxxxxxxxxxxxxxxxxxxxxx26071419203700013E0107229A06A66910
2591,1690,260714192222,xxxxxxxxxxxxxxxxxxxxxxxxxxxxxxxx26071419222200013E0107239A06A56988
2592,1690,260714192407,xxxxxxxxxxxxxxxxxxxxxxxxxxxxxxxx26071419240700013E0107239A06A76919
2593,1690,260714192552,xxxxxxxxxxxxxxxxxxxxxxxxxxxxxxxx26071419255200013E0107239A06A76919
2594,1690,260714192737,xxxxxxxxxxxxxxxxxxxxxxxxxxxxxxxx26071419273700013E0107239A06A86901
2595,1690,260714192922,xxxxxxxxxxxxxxxxxxxxxxxxxxxxxxxx26071419292200013E0107239A06A86901
2596,1690,260714193107,xxxxxxxxxxxxxxxxxxxxxxxxxxxxxxxx26071419310700013E0107239A06A76919
2597,1690,260714193253,xxxxxxxxxxxxxxxxxxxxxxxxxxxxxxxx26071419325300013E0107239A06A76919
2598,1690,260714193438,xxxxxxxxxxxxxxxxxxxxxxxxxxxxxxxx26071419343800013E0107239A06A669DD
2599,1690,260714193623,xxxxxxxxxxxxxxxxxxxxxxxxxxxxxxxx26071419362300013E0107239A06A56988
2600,1690,260714193808,xxxxxxxxxxxxxxxxxxxxxxxxxxxxxxxx26071419380800013E0107239A06A36922
2601,1690,260714193953,xxxxxxxxxxxxxxxxxxxxxxxxxxxxxxxx26071419395300013E0107229A06A1697E
2602,1689,260714194138,xxxxxxxxxxxxxxxxxxxxxxxxxxxxxxxx26071419413800013E01072299069E69C3
2603,1689,260714194323,xxxxxxxxxxxxxxxxxxxxxxxxxxxxxxxx26071419432300013E01072299069C6952
2604,1689,260714194508,xxxxxxxxxxxxxxxxxxxxxxxxxxxxxxxx26071419450800013E01072299069969AD
2605,1689,260714194653,xxxxxxxxxxxxxxxxxxxxxxxxxxxxxxxx26071419465300013E0107229906976971
2606,1689,260714194837,xxxxxxxxxxxxxxxxxxxxxxxxxxxxxxxx26071419483700013E01072299069569E0
2607,1689,260714195022,xxxxxxxxxxxxxxxxxxxxxxxxxxxxxxxx26071419502200013E010722990693694A
2608,1689,260714195207,xxxxxxxxxxxxxxxxxxxxxxxxxxxxxxxx26071419520700013E01072299069169DB
2609,1689,260714195352,xxxxxxxxxxxxxxxxxxxxxxxxxxxxxxxx26071419535200013E010722990690691F
2610,1688,260714195537,xxxxxxxxxxxxxxxxxxxxxxxxxxxxxxxx26071419553700013E01072298068F6964
2611,1688,260714195721,xxxxxxxxxxxxxxxxxxxxxxxxxxxxxxxx26071419572100013E01072298068F6964
2612,1688,260714195906,xxxxxxxxxxxxxxxxxxxxxxxxxxxxxxxx26071419590600013E01072298068F6964
2613,1688,260714200051,xxxxxxxxxxxxxxxxxxxxxxxxxxxxxxxx26071420005100013E01072298068E69A0
2614,1688,260714200236,xxxxxxxxxxxxxxxxxxxxxxxxxxxxxxxx26071420023600013E01072398068F69A9
2615,1688,260714200421,xxxxxxxxxxxxxxxxxxxxxxxxxxxxxxxx26071420042100013E01072298068D69F5
2616,1688,260714200608,xxxxxxxxxxxxxxxxxxxxxxxxxxxxxxxx26071420060800013E01072298068B695F
2617,1688,260714200753,xxxxxxxxxxxxxxxxxxxxxxxxxxxxxxxx26071420075300013E010722980688690A
2618,1688,260714200938,xxxxxxxxxxxxxxxxxxxxxxxxxxxxxxxx26071420093800013E01072298068669D6
2619,1688,260714201123,xxxxxxxxxxxxxxxxxxxxxxxxxxxxxxxx26071420112300013E0107229806856983
2620,1688,260714201307,xxxxxxxxxxxxxxxxxxxxxxxxxxxxxxxx26071420130700013E0107229806836929
2621,1688,260714201452,xxxxxxxxxxxxxxxxxxxxxxxxxxxxxxxx26071420145200013E01072298068269ED
2622,1687,260714201637,xxxxxxxxxxxxxxxxxxxxxxxxxxxxxxxx26071420163700013E01072297067E69A3
2624,1681,260714201822,xxxxxxxxxxxxxxxxxxxxxxxxxxxxxxxx26071420182200013E0107229106176942
2623,1681,260714201822,xxxxxxxxxxxxxxxxxxxxxxxxxxxxxxxx26071420182200013E0107229106176942
2625,1651,260714202007,xxxxxxxxxxxxxxxxxxxxxxxxxxxxxxxx26071420200700013E01072373063A6796
2626,1649,260714202152,xxxxxxxxxxxxxxxxxxxxxxxxxxxxxxxx26071420215200013E01072371061A6750
2627,1683,260714202337,xxxxxxxxxxxxxxxxxxxxxxxxxxxxxxxx26071420233700013E0107239306396995
2628,1686,260714202522,xxxxxxxxxxxxxxxxxxxxxxxxxxxxxxxx26071420252200013E01072496066469BB
2629,1637,260714202707,xxxxxxxxxxxxxxxxxxxxxxxxxxxxxxxx26071420270700013E01072365065F665C
2630,1664,260714203036,xxxxxxxxxxxxxxxxxxxxxxxxxxxxxxxx26071420303600013E01072480060C68F8
2631,1687,260714203221,xxxxxxxxxxxxxxxxxxxxxxxxxxxxxxxx26071420322100013E010724970675691C
2632,1673,260714203406,xxxxxxxxxxxxxxxxxxxxxxxxxxxxxxxx26071420340600013E01072589069268B9
2633,1656,260714203551,xxxxxxxxxxxxxxxxxxxxxxxxxxxxxxxx26071420355100013E0107267806886743
2634,1698,260714203738,xxxxxxxxxxxxxxxxxxxxxxxxxxxxxxxx26071420373800013E010728A206226A0F
2635,1662,260714203923,xxxxxxxxxxxxxxxxxxxxxxxxxxxxxxxx26071420392300013E0107287E06EE6718
2636,1708,260714204108,xxxxxxxxxxxxxxxxxxxxxxxxxxxxxxxx26071420410800013E010728AC06C86A88
2637,1703,260714204253,xxxxxxxxxxxxxxxxxxxxxxxxxxxxxxxx26071420425300013E010728A706796ADA
2638,1619,260714204438,xxxxxxxxxxxxxxxxxxxxxxxxxxxxxxxx26071420443800013E0107285306356532
2639,1615,260714204622,xxxxxxxxxxxxxxxxxxxxxxxxxxxxxxxx26071420462200013E0107284F06FC6440
2640,1613,260714204807,xxxxxxxxxxxxxxxxxxxxxxxxxxxxxxxx26071420480700013E0107284D06D464F0
2641,1637,260714204952,xxxxxxxxxxxxxxxxxxxxxxxxxxxxxxxx26071420495200013E0107286506536661
2642,1623,260714205137,xxxxxxxxxxxxxxxxxxxxxxxxxxxxxxxx26071420513700013E01072857067B657B
2643,1615,260714205323,xxxxxxxxxxxxxxxxxxxxxxxxxxxxxxxx26071420532300013E0107284F06F2649C
2644,1617,260714205508,xxxxxxxxxxxxxxxxxxxxxxxxxxxxxxxx26071420550800013E010727510614655F
2645,1650,260714205653,xxxxxxxxxxxxxxxxxxxxxxxxxxxxxxxx26071420565300013E01072772062A67EA
2646,1650,260714205653,xxxxxxxxxxxxxxxxxxxxxxxxxxxxxxxx26071420565300013E01072772062A67EA
2647,1639,260714205838,xxxxxxxxxxxxxxxxxxxxxxxxxxxxxxxx26071420583800013E0107286706726663
2648,1639,260714210023,xxxxxxxxxxxxxxxxxxxxxxxxxxxxxxxx26071421002300013E010729670670663F
2649,1638,260714210207,xxxxxxxxxxxxxxxxxxxxxxxxxxxxxxxx26071421020700013E01072A66066A66F5
2650,1638,260714210352,xxxxxxxxxxxxxxxxxxxxxxxxxxxxxxxx26071421035200013E01072B660662664E
2651,1653,260714210537,xxxxxxxxxxxxxxxxxxxxxxxxxxxxxxxx26071421053700013E01072C7506536718
2652,1612,260714210722,xxxxxxxxxxxxxxxxxxxxxxxxxxxxxxxx26071421072200013E01072B4C06CA6401
2653,1605,260714211052,xxxxxxxxxxxxxxxxxxxxxxxxxxxxxxxx26071421105200013E01072945065E64E9
2654,1592,260714211237,xxxxxxxxxxxxxxxxxxxxxxxxxxxxxxxx26071421123700013E01072838068563E9
2655,1596,260714211422,xxxxxxxxxxxxxxxxxxxxxxxxxxxxxxxx26071421142200013E0107273C06CA630B
2656,1588,260714211607,xxxxxxxxxxxxxxxxxxxxxxxxxxxxxxxx26071421160700013E01072634064163D6
2657,1599,260714211753,xxxxxxxxxxxxxxxxxxxxxxxxxxxxxxxx26071421175300013E0107263F06F5637B
2658,1563,260714211938,xxxxxxxxxxxxxxxxxxxxxxxxxxxxxxxx26071421193800013E0107261B06B2614C
2659,1552,260714212123,xxxxxxxxxxxxxxxxxxxxxxxxxxxxxxxx26071421212300013E01072610060661E1
2660,1571,260714212308,xxxxxxxxxxxxxxxxxxxxxxxxxxxxxxxx26071421230800013E01072623063E6298
2661,1549,260714212453,xxxxxxxxxxxxxxxxxxxxxxxxxxxxxxxx26071421245300013E0107260D06D8609E
2662,1583,260714212637,xxxxxxxxxxxxxxxxxxxxxxxxxxxxxxxx26071421263700013E0107262F06F86294
2663,1530,260714212822,xxxxxxxxxxxxxxxxxxxxxxxxxxxxxxxx26071421282200013E010726FA05AC5FFF
2664,1524,260714213007,xxxxxxxxxxxxxxxxxxxxxxxxxxxxxxxx26071421300700013E010726F405445FE9
2665,1599,260714213153,xxxxxxxxxxxxxxxxxxxxxxxxxxxxxxxx26071421315300013E0107263F06F863F2
2666,1601,260714213338,xxxxxxxxxxxxxxxxxxxxxxxxxxxxxxxx26071421333800013E01072641061F64D7
2667,1555,260714213523,xxxxxxxxxxxxxxxxxxxxxxxxxxxxxxxx26071421352300013E010726130631612A
2668,1539,260714213708,xxxxxxxxxxxxxxxxxxxxxxxxxxxxxxxx26071421370800013E01072603063A606F
2669,1554,260714213853,xxxxxxxxxxxxxxxxxxxxxxxxxxxxxxxx26071421385300013E01072612062B61AE
2670,1512,260714214038,xxxxxxxxxxxxxxxxxxxxxxxxxxxxxxxx26071421403800013E010726E8058D5E9B
2671,1543,260714214222,xxxxxxxxxxxxxxxxxxxxxxxxxxxxxxxx26071421422200013E0107250706786025
2672,1530,260714214407,xxxxxxxxxxxxxxxxxxxxxxxxxxxxxxxx26071421440700013E010725FA05AA5F1B
2675,1540,260714214552,xxxxxxxxxxxxxxxxxxxxxxxxxxxxxxxx26071421455200013E0107260406426029
2676,1540,260714214552,xxxxxxxxxxxxxxxxxxxxxxxxxxxxxxxx26071421455200013E0107260406426029
2673,1540,260714214552,xxxxxxxxxxxxxxxxxxxxxxxxxxxxxxxx26071421455200013E0107260406426029
2674,1540,260714214552,xxxxxxxxxxxxxxxxxxxxxxxxxxxxxxxx26071421455200013E0107260406426029
2677,1471,260714214737,xxxxxxxxxxxxxxxxxxxxxxxxxxxxxxxx26071421473700013E010726BF05F85BB3
2678,1494,260714215107,xxxxxxxxxxxxxxxxxxxxxxxxxxxxxxxx26071421510700013E010726D605645DE3
2679,1532,260714215252,xxxxxxxxxxxxxxxxxxxxxxxxxxxxxxxx26071421525200013E010726FC05C75F8F
2680,1512,260714215437,xxxxxxxxxxxxxxxxxxxxxxxxxxxxxxxx26071421543700013E010726E8058F5E0A
2681,1510,260714215622,xxxxxxxxxxxxxxxxxxxxxxxxxxxxxxxx26071421562200013E010726E605635E27
2682,1535,260714215806,xxxxxxxxxxxxxxxxxxxxxxxxxxxxxxxx26071421580600013E010726FF05F55FBB
2683,1475,260714215951,xxxxxxxxxxxxxxxxxxxxxxxxxxxxxxxx26071421595100013E010725C305315CC2
2684,1465,260714220136,xxxxxxxxxxxxxxxxxxxxxxxxxxxxxxxx26071422013600013E010725B9059F5BC0
2685,1482,260714220321,xxxxxxxxxxxxxxxxxxxxxxxxxxxxxxxx26071422032100013E010725CA05A85C20
2686,1495,260714220506,xxxxxxxxxxxxxxxxxxxxxxxxxxxxxxxx26071422050600013E010725D7057E5D29
2687,1484,260714220654,xxxxxxxxxxxxxxxxxxxxxxxxxxxxxxxx26071422065400013E010725CC05CD5C8C
2688,1505,260714220839,xxxxxxxxxxxxxxxxxxxxxxxxxxxxxxxx26071422083900013E010725E105105E0C
2689,1474,260714221024,xxxxxxxxxxxxxxxxxxxxxxxxxxxxxxxx26071422102400013E010726C205285C5D
2690,1508,260714221209,xxxxxxxxxxxxxxxxxxxxxxxxxxxxxxxx26071422120900013E010726E405435EE1
2691,1450,260714221353,xxxxxxxxxxxxxxxxxxxxxxxxxxxxxxxx26071422135300013E010727AA05AD5A11
2692,1425,260714221538,xxxxxxxxxxxxxxxxxxxxxxxxxxxxxxxx26071422153800013E0107269105145952
2693,1465,260714221723,xxxxxxxxxxxxxxxxxxxxxxxxxxxxxxxx26071422172300013E010726B905905B96
2694,1463,260714221908,xxxxxxxxxxxxxxxxxxxxxxxxxxxxxxxx26071422190800013E010726B705755B09
2695,1437,260714222053,xxxxxxxxxxxxxxxxxxxxxxxxxxxxxxxx26071422205300013E0107269D05D3599A
2696,1434,260714222238,xxxxxxxxxxxxxxxxxxxxxxxxxxxxxxxx26071422223800013E0107269A05AA5918
2697,1434,260714222423,xxxxxxxxxxxxxxxxxxxxxxxxxxxxxxxx26071422242300013E0107269A05AB59DC
2698,1422,260714222608,xxxxxxxxxxxxxxxxxxxxxxxxxxxxxxxx26071422260800013E0107268E05EE58D0
2699,1444,260714222753,xxxxxxxxxxxxxxxxxxxxxxxxxxxxxxxx26071422275300013E010727A405475A96
2700,1458,260714223124,xxxxxxxxxxxxxxxxxxxxxxxxxxxxxxxx26071422312400013E010727B205265B67
2701,1457,260714223309,xxxxxxxxxxxxxxxxxxxxxxxxxxxxxxxx26071422330900013E010726B105105BA5
2702,1355,260714223454,xxxxxxxxxxxxxxxxxxxxxxxxxxxxxxxx26071422345400013E0107264B05B4545B
2703,1426,260714223639,xxxxxxxxxxxxxxxxxxxxxxxxxxxxxxxx26071422363900013E01072692052759A2
2704,1417,260714223824,xxxxxxxxxxxxxxxxxxxxxxxxxxxxxxxx26071422382400013E01072589059F586A
2705,1410,260714224009,xxxxxxxxxxxxxxxxxxxxxxxxxxxxxxxx26071422400900013E01072682052858DC
2706,1380,260714224154,xxxxxxxxxxxxxxxxxxxxxxxxxxxxxxxx26071422415400013E01072564054A5606
2707,1382,260714224339,xxxxxxxxxxxxxxxxxxxxxxxxxxxxxxxx26071422433900013E0107256605685651
2708,1441,260714224524,xxxxxxxxxxxxxxxxxxxxxxxxxxxxxxxx26071422452400013E010726A105195A71
2709,1416,260714224709,xxxxxxxxxxxxxxxxxxxxxxxxxxxxxxxx26071422470900013E010725880584582A
2710,1414,260714224854,xxxxxxxxxxxxxxxxxxxxxxxxxxxxxxxx26071422485400013E01072586056A5896
2711,1399,260714225039,xxxxxxxxxxxxxxxxxxxxxxxxxxxxxxxx26071422503900013E010724770572577E
2712,1310,260714225224,xxxxxxxxxxxxxxxxxxxxxxxxxxxxxxxx26071422522400013E0107241E05EA5115
2713,1425,260714225409,xxxxxxxxxxxxxxxxxxxxxxxxxxxxxxxx26071422540900013E01072491051F59F2
2714,1426,260714225554,xxxxxxxxxxxxxxxxxxxxxxxxxxxxxxxx26071422555400013E010724920523591A
2715,1252,260714225739,xxxxxxxxxxxxxxxxxxxxxxxxxxxxxxxx26071422573900013E010724E404474E6F
2716,1405,260714225925,xxxxxxxxxxxxxxxxxxxxxxxxxxxxxxxx26071422592500013E0107257D05DC579A
2717,1374,260714230110,xxxxxxxxxxxxxxxxxxxxxxxxxxxxxxxx26071423011000013E0107255E05E355EB
2718,1364,260714230254,xxxxxxxxxxxxxxxxxxxxxxxxxxxxxxxx26071423025400013E01072554054D55C2
2720,1410,260714230439,xxxxxxxxxxxxxxxxxxxxxxxxxxxxxxxx26071423043900013E01072582052358B1
2719,1410,260714230439,xxxxxxxxxxxxxxxxxxxxxxxxxxxxxxxx26071423043900013E01072582052358B1
2721,1336,260714230624,xxxxxxxxxxxxxxxxxxxxxxxxxxxxxxxx26071423062400013E01072538058F53B8
2722,1359,260714230809,xxxxxxxxxxxxxxxxxxxxxxxxxxxxxxxx26071423080900013E0107244F05FB5455
2723,1390,260714230954,xxxxxxxxxxxxxxxxxxxxxxxxxxxxxxxx26071423095400013E0107246E05E856AF
2724,1375,260714231138,xxxxxxxxxxxxxxxxxxxxxxxxxxxxxxxx26071423113800013E0107245F05FC555D
2725,1336,260714231323,xxxxxxxxxxxxxxxxxxxxxxxxxxxxxxxx26071423132300013E01072438058A538A
2726,1363,260714231508,xxxxxxxxxxxxxxxxxxxxxxxxxxxxxxxx26071423150800013E01072453053B5595
2727,1312,260714231653,xxxxxxxxxxxxxxxxxxxxxxxxxxxxxxxx26071423165300013E01072420050F5220
2728,1348,260714231839,xxxxxxxxxxxxxxxxxxxxxxxxxxxxxxxx26071423183900013E010724440545541F
2729,1311,260714232024,xxxxxxxxxxxxxxxxxxxxxxxxxxxxxxxx26071423202400013E0107231F05FE511C
2730,1355,260714232209,xxxxxxxxxxxxxxxxxxxxxxxxxxxxxxxx26071423220900013E0107234B05BA5455
2731,1339,260714232354,xxxxxxxxxxxxxxxxxxxxxxxxxxxxxxxx26071423235400013E0107233B05B55366
2732,1335,260714232539,xxxxxxxxxxxxxxxxxxxxxxxxxxxxxxxx26071423253900013E0107233705745304
2733,1304,260714232723,xxxxxxxxxxxxxxxxxxxxxxxxxxxxxxxx26071423272300013E0107231805815134
2734,1288,260714232908,xxxxxxxxxxxxxxxxxxxxxxxxxxxxxxxx26071423290800013E01072308058B50B5
2735,1322,260714233053,xxxxxxxxxxxxxxxxxxxxxxxxxxxxxxxx26071423305300013E0107232A05A852EA
2736,1308,260714233238,xxxxxxxxxxxxxxxxxxxxxxxxxxxxxxxx26071423323800013E0107221C05C851DE
2737,1311,260714233422,xxxxxxxxxxxxxxxxxxxxxxxxxxxxxxxx26071423342200013E0107221F05F2519C
2738,1254,260714233607,xxxxxxxxxxxxxxxxxxxxxxxxxxxxxxxx26071423360700013E010722E604664EF1
2739,1234,260714233752,xxxxxxxxxxxxxxxxxxxxxxxxxxxxxxxx26071423375200013E010722D2042A4D83
2740,1301,260714233937,xxxxxxxxxxxxxxxxxxxxxxxxxxxxxxxx26071423393700013E010722150551513C
2741,1301,260714233937,xxxxxxxxxxxxxxxxxxxxxxxxxxxxxxxx26071423393700013E010722150551513C
2742,1310,260714234122,xxxxxxxxxxxxxxxxxxxxxxxxxxxxxxxx26071423412200013E0107221E05E251FF
2743,1326,260714234310,xxxxxxxxxxxxxxxxxxxxxxxxxxxxxxxx26071423431000013E0107222E05E95276
2744,1234,260714234455,xxxxxxxxxxxxxxxxxxxxxxxxxxxxxxxx26071423445500013E010723D2042F4DB1
2745,1354,260714234640,xxxxxxxxxxxxxxxxxxxxxxxxxxxxxxxx26071423464000013E0107234A05A35484
2746,1360,260714234825,xxxxxxxxxxxxxxxxxxxxxxxxxxxxxxxx26071423482500013E01072350050C550F
2747,1307,260714235010,xxxxxxxxxxxxxxxxxxxxxxxxxxxxxxxx26071423501000013E0107241B05BC5149
2748,1360,260714235154,xxxxxxxxxxxxxxxxxxxxxxxxxxxxxxxx26071423515400013E01072450050D559A
2749,1310,260714235339,xxxxxxxxxxxxxxxxxxxxxxxxxxxxxxxx26071423533900013E0107231E05E851D5
2750,1313,260714235524,xxxxxxxxxxxxxxxxxxxxxxxxxxxxxxxx26071423552400013E01072321051152CE
2751,1215,260714235709,xxxxxxxxxxxxxxxxxxxxxxxxxxxxxxxx26071423570900013E010723BF04F84B57
2752,1225,260714235853,xxxxxxxxxxxxxxxxxxxxxxxxxxxxxxxx26071423585300013E010723C904994CEB
2753,1346,260715000038,xxxxxxxxxxxxxxxxxxxxxxxxxxxxxxxx26071500003800013E01072342052354B7
2754,1349,260715000223,xxxxxxxxxxxxxxxxxxxxxxxxxxxxxxxx26071500022300013E01072345055854A4
2755,1337,260715000408,xxxxxxxxxxxxxxxxxxxxxxxxxxxxxxxx26071500040800013E01072439059553F1
2756,1335,260715000553,xxxxxxxxxxxxxxxxxxxxxxxxxxxxxxxx26071500055300013E01072437057D53E7
2757,1334,260715000739,xxxxxxxxxxxxxxxxxxxxxxxxxxxxxxxx26071500073900013E01072536056D5349
2758,1334,260715000924,xxxxxxxxxxxxxxxxxxxxxxxxxxxxxxxx26071500092400013E0107253605625351
2759,1333,260715001109,xxxxxxxxxxxxxxxxxxxxxxxxxxxxxxxx26071500110900013E01072535055A5382
2760,1328,260715001254,xxxxxxxxxxxxxxxxxxxxxxxxxxxxxxxx26071500125400013E0107243005045365
2761,1320,260715001438,xxxxxxxxxxxxxxxxxxxxxxxxxxxxxxxx26071500143800013E01072328058952E8
2762,1288,260715001623,xxxxxxxxxxxxxxxxxxxxxxxxxxxxxxxx26071500162300013E01072108058C5058
2763,1285,260715001808,xxxxxxxxxxxxxxxxxxxxxxxxxxxxxxxx26071500180800013E01072005055C5050
2764,1195,260715001953,xxxxxxxxxxxxxxxxxxxxxxxxxxxxxxxx26071500195300013E01071FAB04B84A01
2765,1254,260715002138,xxxxxxxxxxxxxxxxxxxxxxxxxxxxxxxx26071500213800013E01071EE604694E4C
2766,1232,260715002324,xxxxxxxxxxxxxxxxxxxxxxxxxxxxxxxx26071500232400013E01071DD004014D8D
2767,1239,260715002508,xxxxxxxxxxxxxxxxxxxxxxxxxxxxxxxx26071500250800013E01071CD7047D4D3D
2768,1169,260715002654,xxxxxxxxxxxxxxxxxxxxxxxxxxxxxxxx26071500265400013E01071C91041149A2
2769,1119,260715002839,xxxxxxxxxxxxxxxxxxxxxxxxxxxxxxxx26071500283900013E01071C5F04F845EA
2770,1148,260715003024,xxxxxxxxxxxxxxxxxxxxxxxxxxxxxxxx26071500302400013E01071B7C04C94716
2771,1259,260715003209,xxxxxxxxxxxxxxxxxxxxxxxxxxxxxxxx26071500320900013E01071BEB04B24E78
2772,1220,260715003354,xxxxxxxxxxxxxxxxxxxxxxxxxxxxxxxx26071500335400013E01071BC404414CE2
2773,1208,260715003539,xxxxxxxxxxxxxxxxxxxxxxxxxxxxxxxx26071500353900013E01071BB804804BAB
2774,1247,260715003724,xxxxxxxxxxxxxxxxxxxxxxxxxxxxxxxx26071500372400013E01071BDF04F04DD6
2775,1226,260715003908,xxxxxxxxxxxxxxxxxxxxxxxxxxxxxxxx26071500390800013E01071BCA04A84C30
2776,1195,260715004053,xxxxxxxxxxxxxxxxxxxxxxxxxxxxxxxx26071500405300013E01071AAB04BC4AE8
2777,1193,260715004238,xxxxxxxxxxxxxxxxxxxxxxxxxxxxxxxx26071500423800013E01071AA9049B4A40
2778,1174,260715004423,xxxxxxxxxxxxxxxxxxxxxxxxxxxxxxxx26071500442300013E0107199604604984
2779,1221,260715004608,xxxxxxxxxxxxxxxxxxxxxxxxxxxxxxxx26071500460800013E010719C5045B4CE5
2780,1165,260715004755,xxxxxxxxxxxxxxxxxxxxxxxxxxxxxxxx26071500475500013E0107188D04D748D7
2781,1201,260715004940,xxxxxxxxxxxxxxxxxxxxxxxxxxxxxxxx26071500494000013E010718B104154B4A
2782,1146,260715005125,xxxxxxxxxxxxxxxxxxxxxxxxxxxxxxxx26071500512500013E0107177A04AC479B
2783,1205,260715005310,xxxxxxxxxxxxxxxxxxxxxxxxxxxxxxxx26071500531000013E010717B504534B1A
2784,1116,260715005454,xxxxxxxxxxxxxxxxxxxxxxxxxxxxxxxx26071500545400013E0107175C04CE4595
2785,1201,260715005639,xxxxxxxxxxxxxxxxxxxxxxxxxxxxxxxx26071500563900013E010717B104114B1E
2786,1182,260715005824,xxxxxxxxxxxxxxxxxxxxxxxxxxxxxxxx26071500582400013E0107179E04EF490D
2788,1182,260715005824,xxxxxxxxxxxxxxxxxxxxxxxxxxxxxxxx26071500582400013E0107179E04EF490D
2789,1182,260715005824,xxxxxxxxxxxxxxxxxxxxxxxxxxxxxxxx26071500582400013E0107179E04EF490D
2790,1182,260715005824,xxxxxxxxxxxxxxxxxxxxxxxxxxxxxxxx26071500582400013E0107179E04EF490D
2787,1053,260715010009,xxxxxxxxxxxxxxxxxxxxxxxxxxxxxxxx26071501000900013E0107171D04D94119
2791,995,260715010154,xxxxxxxxxxxxxxxxxxxxxxxxxxxxxxxx26071501015400013E010716E303303EB4
2792,1146,260715010339,xxxxxxxxxxxxxxxxxxxxxxxxxxxxxxxx26071501033900013E0107167A04A947A9
2793,1161,260715010524,xxxxxxxxxxxxxxxxxxxxxxxxxxxxxxxx26071501052400013E0107168904964824
2794,1061,260715010709,xxxxxxxxxxxxxxxxxxxxxxxxxxxxxxxx26071501070900013E01071625045C42B2
2795,1070,260715010854,xxxxxxxxxxxxxxxxxxxxxxxxxxxxxxxx26071501085400013E0107162E04E8421F
2796,949,260715011039,xxxxxxxxxxxxxxxxxxxxxxxxxxxxxxxx26071501103900013E010716B503533B55
2797,1127,260715011224,xxxxxxxxxxxxxxxxxxxxxxxxxxxxxxxx26071501122400013E01071667047846CE
2798,1124,260715011409,xxxxxxxxxxxxxxxxxxxxxxxxxxxxxxxx26071501140900013E01071764044A4637
2799,1022,260715011554,xxxxxxxxxxxxxxxxxxxxxxxxxxxxxxxx26071501155400013E010717FE03EC3F97
2800,1113,260715011739,xxxxxxxxxxxxxxxxxxxxxxxxxxxxxxxx26071501173900013E01071859049C459D
2801,1096,260715011924,xxxxxxxxxxxxxxxxxxxxxxxxxxxxxxxx26071501192400013E0107184804814411
2802,1135,260715012109,xxxxxxxxxxxxxxxxxxxxxxxxxxxxxxxx26071501210900013E0107186F04F246B8
2803,1078,260715012254,xxxxxxxxxxxxxxxxxxxxxxxxxxxxxxxx26071501225400013E0107193604604353
2804,1028,260715012439,xxxxxxxxxxxxxxxxxxxxxxxxxxxxxxxx26071501243900013E0107190404444004
2805,1049,260715012624,xxxxxxxxxxxxxxxxxxxxxxxxxxxxxxxx26071501262400013E01071819049F4149
2806,1030,260715012808,xxxxxxxxxxxxxxxxxxxxxxxxxxxxxxxx26071501280800013E01071806046B4017
2807,1069,260715012953,xxxxxxxxxxxxxxxxxxxxxxxxxxxxxxxx26071501295300013E0107182D04DF4276
2808,986,260715013138,xxxxxxxxxxxxxxxxxxxxxxxxxxxxxxxx26071501313800013E010718DA03AA3D0B
2809,1023,260715013323,xxxxxxxxxxxxxxxxxxxxxxxxxxxxxxxx26071501332300013E010718FF03F73FB8
2810,1049,260715013653,xxxxxxxxxxxxxxxxxxxxxxxxxxxxxxxx26071501365300013E01071819049F4149
2811,965,260715013838,xxxxxxxxxxxxxxxxxxxxxxxxxxxxxxxx26071501383800013E010719C503503C44
2812,1037,260715014023,xxxxxxxxxxxxxxxxxxxxxxxxxxxxxxxx26071501402300013E0107190D04D0406F
2813,1082,260715014208,xxxxxxxxxxxxxxxxxxxxxxxxxxxxxxxx26071501420800013E0107193A04A043F5
2814,981,260715014355,xxxxxxxxxxxxxxxxxxxxxxxxxxxxxxxx26071501435500013E010719D5035C3D6F
2815,1079,260715014540,xxxxxxxxxxxxxxxxxxxxxxxxxxxxxxxx26071501454000013E01071937047143F4
2816,1032,260715014725,xxxxxxxxxxxxxxxxxxxxxxxxxxxxxxxx26071501472500013E01071908048740F7
2817,989,260715014910,xxxxxxxxxxxxxxxxxxxxxxxxxxxxxxxx26071501491000013E010719DD03DD3D98
2818,1017,260715015056,xxxxxxxxxxxxxxxxxxxxxxxxxxxxxxxx26071501505600013E010718F903973FEB
2819,982,260715015240,xxxxxxxxxxxxxxxxxxxxxxxxxxxxxxxx26071501524000013E010718D603653DB5
2820,959,260715015425,xxxxxxxxxxxxxxxxxxxxxxxxxxxxxxxx26071501542500013E010718BF03F03B57
2821,1007,260715015610,xxxxxxxxxxxxxxxxxxxxxxxxxxxxxxxx26071501561000013E010718EF03FA3E57
2822,1006,260715015755,xxxxxxxxxxxxxxxxxxxxxxxxxxxxxxxx26071501575500013E010719EE03ED3E97
2823,1086,260715015940,xxxxxxxxxxxxxxxxxxxxxxxxxxxxxxxx26071501594000013E0107183E04E9431F
2824,1043,260715020125,xxxxxxxxxxxxxxxxxxxxxxxxxxxxxxxx26071502012500013E01071813043741CA
2825,946,260715020310,xxxxxxxxxxxxxxxxxxxxxxxxxxxxxxxx26071502031000013E010718B203293B20
2826,1068,260715020455,xxxxxxxxxxxxxxxxxxxxxxxxxxxxxxxx26071502045500013E0107182C04C34258
2827,969,260715020640,xxxxxxxxxxxxxxxxxxxxxxxxxxxxxxxx26071502064000013E010717C903953CBF
2828,945,260715020824,xxxxxxxxxxxxxxxxxxxxxxxxxxxxxxxx26071502082400013E010717B1031C3B15
2829,1055,260715021009,xxxxxxxxxxxxxxxxxxxxxxxxxxxxxxxx26071502100900013E0107181F04F24193
2830,1073,260715021154,xxxxxxxxxxxxxxxxxxxxxxxxxxxxxxxx26071502115400013E01071831041C43E3
2831,1075,260715021339,xxxxxxxxxxxxxxxxxxxxxxxxxxxxxxxx26071502133900013E01071733043143C3
2832,1075,260715021709,xxxxxxxxxxxxxxxxxxxxxxxxxxxxxxxx26071502170900013E01071633043043CA
2833,1074,260715021854,xxxxxxxxxxxxxxxxxxxxxxxxxxxxxxxx26071502185400013E01071632042E4375
2834,1075,260715022039,xxxxxxxxxxxxxxxxxxxxxxxxxxxxxxxx26071502203900013E0107153304304384
2835,1075,260715022224,xxxxxxxxxxxxxxxxxxxxxxxxxxxxxxxx26071502222400013E010715330435437B
2836,1075,260715022410,xxxxxxxxxxxxxxxxxxxxxxxxxxxxxxxx26071502241000013E01071533043A4363
2837,1075,260715022555,xxxxxxxxxxxxxxxxxxxxxxxxxxxxxxxx26071502255500013E01071533043E4358
2838,1076,260715022740,xxxxxxxxxxxxxxxxxxxxxxxxxxxxxxxx26071502274000013E0107153404424325
2839,1076,260715022925,xxxxxxxxxxxxxxxxxxxxxxxxxxxxxxxx26071502292500013E0107153404424325
2840,1076,260715023110,xxxxxxxxxxxxxxxxxxxxxxxxxxxxxxxx26071502311000013E01071534044743DA
2841,1076,260715023254,xxxxxxxxxxxxxxxxxxxxxxxxxxxxxxxx26071502325400013E01071434044B435A
2842,1076,260715023439,xxxxxxxxxxxxxxxxxxxxxxxxxxxxxxxx26071502343900013E01071534044A4353
2843,1076,260715023624,xxxxxxxxxxxxxxxxxxxxxxxxxxxxxxxx26071502362400013E01071534044D433D
2844,1077,260715023809,xxxxxxxxxxxxxxxxxxxxxxxxxxxxxxxx26071502380900013E01071535045043D7
2845,1077,260715023954,xxxxxxxxxxxxxxxxxxxxxxxxxxxxxxxx26071502395400013E0107153504514313
2846,1077,260715024139,xxxxxxxxxxxxxxxxxxxxxxxxxxxxxxxx26071502413900013E0107153504534382
2847,1077,260715024324,xxxxxxxxxxxxxxxxxxxxxxxxxxxxxxxx26071502432400013E010715350456437D
2848,1077,260715024509,xxxxxxxxxxxxxxxxxxxxxxxxxxxxxxxx26071502450900013E01071535045843A1
2849,1077,260715024654,xxxxxxxxxxxxxxxxxxxxxxxxxxxxxxxx26071502465400013E01071535045A4330
2850,1077,260715024841,xxxxxxxxxxxxxxxxxxxxxxxxxxxxxxxx26071502484100013E01071535045D435E
2851,1078,260715025026,xxxxxxxxxxxxxxxxxxxxxxxxxxxxxxxx26071502502600013E01071536046143B6
2852,1078,260715025211,xxxxxxxxxxxxxxxxxxxxxxxxxxxxxxxx26071502521100013E01071536046243E3
2853,1078,260715025356,xxxxxxxxxxxxxxxxxxxxxxxxxxxxxxxx26071502535600013E0107153604644349
2854,1078,260715025725,xxxxxxxxxxxxxxxxxxxxxxxxxxxxxxxx26071502572500013E0107153604684304
2855,1078,260715025910,xxxxxxxxxxxxxxxxxxxxxxxxxxxxxxxx26071502591000013E01071536046943C0
2856,1078,260715030055,xxxxxxxxxxxxxxxxxxxxxxxxxxxxxxxx26071503005500013E01071536046B4351
2857,1078,260715030240,xxxxxxxxxxxxxxxxxxxxxxxxxxxxxxxx26071503024000013E01071536046D43FB
2858,1078,260715030424,xxxxxxxxxxxxxxxxxxxxxxxxxxxxxxxx26071503042400013E01071636046E43E0
2859,1079,260715030609,xxxxxxxxxxxxxxxxxxxxxxxxxxxxxxxx26071503060900013E01071637047243CE
2860,1079,260715030754,xxxxxxxxxxxxxxxxxxxxxxxxxxxxxxxx26071503075400013E0107163704744364
2861,1079,260715030939,xxxxxxxxxxxxxxxxxxxxxxxxxxxxxxxx26071503093900013E01071637047543A0
2862,1079,260715031124,xxxxxxxxxxxxxxxxxxxxxxxxxxxxxxxx26071503112400013E010715370477437F
2863,1079,260715031309,xxxxxxxxxxxxxxxxxxxxxxxxxxxxxxxx26071503130900013E010715370477437F
2864,1079,260715031454,xxxxxxxxxxxxxxxxxxxxxxxxxxxxxxxx26071503145400013E01071537047943A3
2865,1079,260715031639,xxxxxxxxxxxxxxxxxxxxxxxxxxxxxxxx26071503163900013E01071537047A43F6
2866,1079,260715031824,xxxxxxxxxxxxxxxxxxxxxxxxxxxxxxxx26071503182400013E01071537047C435C
2867,1079,260715032011,xxxxxxxxxxxxxxxxxxxxxxxxxxxxxxxx26071503201100013E01071537047E43CD
2868,1080,260715032156,xxxxxxxxxxxxxxxxxxxxxxxxxxxxxxxx26071503215600013E0107153804804312
2869,1080,260715032341,xxxxxxxxxxxxxxxxxxxxxxxxxxxxxxxx26071503234100013E0107153804804312
2870,1080,260715032526,xxxxxxxxxxxxxxxxxxxxxxxxxxxxxxxx26071503252600013E0107153804824383
2871,1080,260715032711,xxxxxxxxxxxxxxxxxxxxxxxxxxxxxxxx26071503271100013E0107153804834347
2872,1080,260715032854,xxxxxxxxxxxxxxxxxxxxxxxxxxxxxxxx26071503285400013E0107153804844329
2873,1080,260715033039,xxxxxxxxxxxxxxxxxxxxxxxxxxxxxxxx26071503303900013E01071538048643B8
2874,1080,260715033224,xxxxxxxxxxxxxxxxxxxxxxxxxxxxxxxx26071503322400013E010715380487437C
2875,1080,260715033409,xxxxxxxxxxxxxxxxxxxxxxxxxxxxxxxx26071503340900013E0107153804884364
2876,1080,260715033741,xxxxxxxxxxxxxxxxxxxxxxxxxxxxxxxx26071503374100013E01071538048B4331
2877,1080,260715033926,xxxxxxxxxxxxxxxxxxxxxxxxxxxxxxxx26071503392600013E01071538048C435F
2878,1080,260715034111,xxxxxxxxxxxxxxxxxxxxxxxxxxxxxxxx26071503411100013E01071438048D4356
2879,1080,260715034256,xxxxxxxxxxxxxxxxxxxxxxxxxxxxxxxx26071503425600013E01071438048E4303
2880,1081,260715034441,xxxxxxxxxxxxxxxxxxxxxxxxxxxxxxxx26071503444100013E01071439049043BC
2881,1081,260715034626,xxxxxxxxxxxxxxxxxxxxxxxxxxxxxxxx26071503462600013E0107143904914378
2882,1081,260715034811,xxxxxxxxxxxxxxxxxxxxxxxxxxxxxxxx26071503481100013E0107143904914378
2883,1081,260715034956,xxxxxxxxxxxxxxxxxxxxxxxxxxxxxxxx26071503495600013E010714390492432D
2884,1081,260715035141,xxxxxxxxxxxxxxxxxxxxxxxxxxxxxxxx26071503514100013E0107143904944387
2885,1081,260715035325,xxxxxxxxxxxxxxxxxxxxxxxxxxxxxxxx26071503532500013E01071439049743D2
2886,1081,260715035510,xxxxxxxxxxxxxxxxxxxxxxxxxxxxxxxx26071503551000013E01071439049843CA
2887,1081,260715035655,xxxxxxxxxxxxxxxxxxxxxxxxxxxxxxxx26071503565500013E010714390499430E
2888,1081,260715035840,xxxxxxxxxxxxxxxxxxxxxxxxxxxxxxxx26071503584000013E01071439049A435B
2889,1081,260715040024,xxxxxxxxxxxxxxxxxxxxxxxxxxxxxxxx26071504002400013E01071339049C43A0
2890,1081,260715040209,xxxxxxxxxxxxxxxxxxxxxxxxxxxxxxxx26071504020900013E01071339049E4331
2891,1082,260715040354,xxxxxxxxxxxxxxxxxxxxxxxxxxxxxxxx26071504035400013E0107133A04A04348
2892,1082,260715040539,xxxxxxxxxxxxxxxxxxxxxxxxxxxxxxxx26071504053900013E0107133A04A1438C
2893,1082,260715040724,xxxxxxxxxxxxxxxxxxxxxxxxxxxxxxxx26071504072400013E0107123A04A04385
2894,1082,260715040911,xxxxxxxxxxxxxxxxxxxxxxxxxxxxxxxx26071504091100013E0107123A04A04385
2895,1082,260715041056,xxxxxxxxxxxxxxxxxxxxxxxxxxxxxxxx26071504105600013E0107123A04A04385
2896,1082,260715041241,xxxxxxxxxxxxxxxxxxxxxxxxxxxxxxxx26071504124100013E0107123A04A24314
2897,1082,260715041426,xxxxxxxxxxxxxxxxxxxxxxxxxxxxxxxx26071504142600013E0107123A04A5437A
2898,1082,260715041611,xxxxxxxxxxxxxxxxxxxxxxxxxxxxxxxx26071504161100013E0107113A04A54334
2899,1082,260715041756,xxxxxxxxxxxxxxxxxxxxxxxxxxxxxxxx26071504175600013E0107113A04A64361
2900,1082,260715041941,xxxxxxxxxxxxxxxxxxxxxxxxxxxxxxxx26071504194100013E0107113A04A94379
2901,1082,260715042126,xxxxxxxxxxxxxxxxxxxxxxxxxxxxxxxx26071504212600013E0107113A04AA432C
2902,1082,260715042311,xxxxxxxxxxxxxxxxxxxxxxxxxxxxxxxx26071504231100013E0107113A04AB43E8
2903,1082,260715042456,xxxxxxxxxxxxxxxxxxxxxxxxxxxxxxxx26071504245600013E0107113A04AD4342
2904,1082,260715042641,xxxxxxxxxxxxxxxxxxxxxxxxxxxxxxxx26071504264100013E0107113A04AE4317
2905,1083,260715042826,xxxxxxxxxxxxxxxxxxxxxxxxxxxxxxxx26071504282600013E0107113B04B043A8
2906,1083,260715043011,xxxxxxxxxxxxxxxxxxxxxxxxxxxxxxxx26071504301100013E0107113B04B24339
2907,1083,260715043156,xxxxxxxxxxxxxxxxxxxxxxxxxxxxxxxx26071504315600013E0107113B04B44393
2908,1083,260715043341,xxxxxxxxxxxxxxxxxxxxxxxxxxxxxxxx26071504334100013E0107113B04B54357
2909,1083,260715043526,xxxxxxxxxxxxxxxxxxxxxxxxxxxxxxxx26071504352600013E0107113B04B743C6
2910,1083,260715043711,xxxxxxxxxxxxxxxxxxxxxxxxxxxxxxxx26071504371100013E0107113B04B9431A
2911,1083,260715043856,xxxxxxxxxxxxxxxxxxxxxxxxxxxxxxxx26071504385600013E0107113B04B9431A
2912,1083,260715044037,xxxxxxxxxxxxxxxxxxxxxxxxxxxxxxxx26071504403700013E0107113B04BB438B
2913,1083,260715044226,xxxxxxxxxxxxxxxxxxxxxxxxxxxxxxxx26071504422600013E0107113B04BC43E5
2914,1083,260715044411,xxxxxxxxxxxxxxxxxxxxxxxxxxxxxxxx26071504441100013E0107113B04BE4374
2915,1083,260715044556,xxxxxxxxxxxxxxxxxxxxxxxxxxxxxxxx26071504455600013E0107113B04BF43B0
2916,1084,260715044741,xxxxxxxxxxxxxxxxxxxxxxxxxxxxxxxx26071504474100013E0107113C04C04398
2917,1084,260715044926,xxxxxxxxxxxxxxxxxxxxxxxxxxxxxxxx26071504492600013E0107113C04C04398
2918,1084,260715045111,xxxxxxxxxxxxxxxxxxxxxxxxxxxxxxxx26071504511100013E0107113C04C1435C
2919,1084,260715045256,xxxxxxxxxxxxxxxxxxxxxxxxxxxxxxxx26071504525600013E0107113C04C24309
2920,1084,260715045442,xxxxxxxxxxxxxxxxxxxxxxxxxxxxxxxx26071504544200013E0107113C04C343CD
2921,1084,260715045627,xxxxxxxxxxxxxxxxxxxxxxxxxxxxxxxx26071504562700013E0107113C04C443A3
2922,1084,260715045811,xxxxxxxxxxxxxxxxxxxxxxxxxxxxxxxx26071504581100013E0107113C04C54367
2923,1084,260715045956,xxxxxxxxxxxxxxxxxxxxxxxxxxxxxxxx26071504595600013E0107113C04C64332
2924,1084,260715050141,xxxxxxxxxxxxxxxxxxxxxxxxxxxxxxxx26071505014100013E0107113C04C743F6
2925,1084,260715050326,xxxxxxxxxxxxxxxxxxxxxxxxxxxxxxxx26071505032600013E0107113C04C743F6
2926,1084,260715050511,xxxxxxxxxxxxxxxxxxxxxxxxxxxxxxxx26071505051100013E0107113C04C9432A
2927,1084,260715050656,xxxxxxxxxxxxxxxxxxxxxxxxxxxxxxxx26071505065600013E0107113C04C9432A
2928,1084,260715050841,xxxxxxxxxxxxxxxxxxxxxxxxxxxxxxxx26071505084100013E0107113C04C9432A
2929,1084,260715051026,xxxxxxxxxxxxxxxxxxxxxxxxxxxxxxxx26071505102600013E0107113C04CA437F
2930,1084,260715051211,xxxxxxxxxxxxxxxxxxxxxxxxxxxxxxxx26071505121100013E0107113C04CC43D5
2931,1084,260715051357,xxxxxxxxxxxxxxxxxxxxxxxxxxxxxxxx26071505135700013E0107113C04CC43D5
2932,1084,260715051542,xxxxxxxxxxxxxxxxxxxxxxxxxxxxxxxx26071505154200013E0107113C04CE4344
2933,1084,260715051727,xxxxxxxxxxxxxxxxxxxxxxxxxxxxxxxx26071505172700013E0107123C04CE430A
2934,1084,260715051912,xxxxxxxxxxxxxxxxxxxxxxxxxxxxxxxx26071505191200013E0107123C04CF43CE
2935,1085,260715052053,xxxxxxxxxxxxxxxxxxxxxxxxxxxxxxxx26071505205300013E0107123D04D043B5
2936,1085,260715052241,xxxxxxxxxxxxxxxxxxxxxxxxxxxxxxxx26071505224100013E0107123D04D043B5
2937,1085,260715052426,xxxxxxxxxxxxxxxxxxxxxxxxxxxxxxxx26071505242600013E0107123D04D14371
2938,1085,260715052611,xxxxxxxxxxxxxxxxxxxxxxxxxxxxxxxx26071505261100013E0107123D04D24324
2939,1085,260715052756,xxxxxxxxxxxxxxxxxxxxxxxxxxxxxxxx26071505275600013E0107123D04D343E0
2940,1085,260715052941,xxxxxxxxxxxxxxxxxxxxxxxxxxxxxxxx26071505294100013E0107113D04D343AE
2941,1085,260715053126,xxxxxxxxxxxxxxxxxxxxxxxxxxxxxxxx26071505312600013E0107123D04D4438E
2942,1085,260715053311,xxxxxxxxxxxxxxxxxxxxxxxxxxxxxxxx26071505331100013E0107123D04D5434A
2943,1085,260715053456,xxxxxxxxxxxxxxxxxxxxxxxxxxxxxxxx26071505345600013E0107113D04D64351
2944,1085,260715053641,xxxxxxxxxxxxxxxxxxxxxxxxxxxxxxxx26071505364100013E0107113D04D8438D
2945,1085,260715053826,xxxxxxxxxxxxxxxxxxxxxxxxxxxxxxxx26071505382600013E0107113D04D8438D
2946,1085,260715054011,xxxxxxxxxxxxxxxxxxxxxxxxxxxxxxxx26071505401100013E0107113D04D8438D
2947,1085,260715054156,xxxxxxxxxxxxxxxxxxxxxxxxxxxxxxxx26071505415600013E0107113D04DB43D8
2948,1085,260715054341,xxxxxxxxxxxxxxxxxxxxxxxxxxxxxxxx26071505434100013E0107113D04DA431C
2949,1085,260715054527,xxxxxxxxxxxxxxxxxxxxxxxxxxxxxxxx26071505452700013E0107113D04DB43D8
2950,1085,260715054712,xxxxxxxxxxxxxxxxxxxxxxxxxxxxxxxx26071505471200013E0107113D04DD4372
2951,1085,260715054857,xxxxxxxxxxxxxxxxxxxxxxxxxxxxxxxx26071505485700013E0107113D04DC43B6
2952,1085,260715055042,xxxxxxxxxxxxxxxxxxxxxxxxxxxxxxxx26071505504200013E0107103D04DB4315
2953,1085,260715055227,xxxxxxxxxxxxxxxxxxxxxxxxxxxxxxxx26071505522700013E0107103D04DB4315
2954,1085,260715055411,xxxxxxxxxxxxxxxxxxxxxxxxxxxxxxxx26071505541100013E0107103D04DB4315
2955,1085,260715055556,xxxxxxxxxxxxxxxxxxxxxxxxxxxxxxxx26071505555600013E0107103D04DC437B
2956,1085,260715055741,xxxxxxxxxxxxxxxxxxxxxxxxxxxxxxxx26071505574100013E0107103D04DD43BF
2957,1085,260715055926,xxxxxxxxxxxxxxxxxxxxxxxxxxxxxxxx26071505592600013E0107103D04DE43EA
2958,1085,260715060107,xxxxxxxxxxxxxxxxxxxxxxxxxxxxxxxx26071506010700013E0107103D04DF432E
2959,1086,260715060256,xxxxxxxxxxxxxxxxxxxxxxxxxxxxxxxx26071506025600013E0107103E04E14357
2960,1086,260715060441,xxxxxxxxxxxxxxxxxxxxxxxxxxxxxxxx26071506044100013E0107103E04E343C6
2961,1086,260715060626,xxxxxxxxxxxxxxxxxxxxxxxxxxxxxxxx26071506062600013E0107103E04E443A8
2962,1086,260715060811,xxxxxxxxxxxxxxxxxxxxxxxxxxxxxxxx26071506081100013E01070F3E04E6432A
2963,1086,260715060957,xxxxxxxxxxxxxxxxxxxxxxxxxxxxxxxx26071506095700013E01070F3E04E843F6
2964,1086,260715061142,xxxxxxxxxxxxxxxxxxxxxxxxxxxxxxxx26071506114200013E01070F3E04E94332
2965,1086,260715061327,xxxxxxxxxxxxxxxxxxxxxxxxxxxxxxxx26071506132700013E01070F3E04EA4367
2966,1086,260715061512,xxxxxxxxxxxxxxxxxxxxxxxxxxxxxxxx26071506151200013E01070F3E04EB43A3
2967,1086,260715061657,xxxxxxxxxxxxxxxxxxxxxxxxxxxxxxxx26071506165700013E01070F3E04EC43CD
2968,1086,260715061842,xxxxxxxxxxxxxxxxxxxxxxxxxxxxxxxx26071506184200013E01070F3E04EC43CD
2969,1086,260715062027,xxxxxxxxxxxxxxxxxxxxxxxxxxxxxxxx26071506202700013E01070F3E04ED4309
2970,1086,260715062212,xxxxxxxxxxxxxxxxxxxxxxxxxxxxxxxx26071506221200013E01070F3E04EE435C
2971,1086,260715062357,xxxxxxxxxxxxxxxxxxxxxxxxxxxxxxxx26071506235700013E01070F3E04EE435C
2972,1087,260715062542,xxxxxxxxxxxxxxxxxxxxxxxxxxxxxxxx26071506254200013E01070F3F04F043E3
2973,1087,260715062727,xxxxxxxxxxxxxxxxxxxxxxxxxxxxxxxx26071506272700013E01070F3F04F043E3
2974,1087,260715062912,xxxxxxxxxxxxxxxxxxxxxxxxxxxxxxxx26071506291200013E01070F3F04F043E3
2975,1087,260715063057,xxxxxxxxxxxxxxxxxxxxxxxxxxxxxxxx26071506305700013E01070F3F04F343B6
2976,1087,260715063242,xxxxxxxxxxxxxxxxxxxxxxxxxxxxxxxx26071506324200013E01070F3F04F443D8
2977,1087,260715063427,xxxxxxxxxxxxxxxxxxxxxxxxxxxxxxxx26071506342700013E01070F3F04F64349
2978,1087,260715063612,xxxxxxxxxxxxxxxxxxxxxxxxxxxxxxxx26071506361200013E01070F3F04F64349
2979,1087,260715063757,xxxxxxxxxxxxxxxxxxxxxxxxxxxxxxxx26071506375700013E01070F3F04F64349
2980,1087,260715063942,xxxxxxxxxxxxxxxxxxxxxxxxxxxxxxxx26071506394200013E01070F3F04F7438D
2981,1087,260715064312,xxxxxxxxxxxxxxxxxxxxxxxxxxxxxxxx26071506431200013E01070F3F04F84395
2982,1087,260715064457,xxxxxxxxxxxxxxxxxxxxxxxxxxxxxxxx26071506445700013E01070F3F04F94351
2983,1087,260715064642,xxxxxxxxxxxxxxxxxxxxxxxxxxxxxxxx26071506464200013E01070F3F04FA4304
2984,1087,260715064827,xxxxxxxxxxxxxxxxxxxxxxxxxxxxxxxx26071506482700013E01070F3F04FA4304
2985,1087,260715065012,xxxxxxxxxxxxxxxxxxxxxxxxxxxxxxxx26071506501200013E01070F3F04FB43C0
2986,1087,260715065157,xxxxxxxxxxxxxxxxxxxxxxxxxxxxxxxx26071506515700013E01070F3F04FD436A
2987,1087,260715065342,xxxxxxxxxxxxxxxxxxxxxxxxxxxxxxxx26071506534200013E01070F3F04FD436A
2988,1087,260715065527,xxxxxxxxxxxxxxxxxxxxxxxxxxxxxxxx26071506552700013E01070F3F04FD436A
2989,1087,260715065712,xxxxxxxxxxxxxxxxxxxxxxxxxxxxxxxx26071506571200013E01070F3F04FE433F
2990,1087,260715065857,xxxxxxxxxxxxxxxxxxxxxxxxxxxxxxxx26071506585700013E01070F3F04FE433F
2991,1087,260715070042,xxxxxxxxxxxxxxxxxxxxxxxxxxxxxxxx26071507004200013E01070F3F04FF43FB
2992,1087,260715070227,xxxxxxxxxxxxxxxxxxxxxxxxxxxxxxxx26071507022700013E01070F3F04FF43FB
2993,1088,260715070412,xxxxxxxxxxxxxxxxxxxxxxxxxxxxxxxx26071507041200013E01070F40040044CB
2994,1088,260715070557,xxxxxxxxxxxxxxxxxxxxxxxxxxxxxxxx26071507055700013E01070F40040044CB
2995,1088,260715070742,xxxxxxxxxxxxxxxxxxxxxxxxxxxxxxxx26071507074200013E01070F400402445A
2996,1088,260715070927,xxxxxxxxxxxxxxxxxxxxxxxxxxxxxxxx26071507092700013E01070F400402445A
2997,1088,260715071112,xxxxxxxxxxxxxxxxxxxxxxxxxxxxxxxx26071507111200013E01070F400403449E
2998,1088,260715071257,xxxxxxxxxxxxxxxxxxxxxxxxxxxxxxxx26071507125700013E01070F40040444F0
2999,1088,260715071442,xxxxxxxxxxxxxxxxxxxxxxxxxxxxxxxx26071507144200013E01070F400402445A
3000,1088,260715071627,xxxxxxxxxxxxxxxxxxxxxxxxxxxxxxxx26071507162700013E01070F400402445A
3001,1088,260715071812,xxxxxxxxxxxxxxxxxxxxxxxxxxxxxxxx26071507181200013E01070F400403449E
3002,1088,260715071957,xxxxxxxxxxxxxxxxxxxxxxxxxxxxxxxx26071507195700013E01070F40040444F0
3003,1088,260715072327,xxxxxxxxxxxxxxxxxxxxxxxxxxxxxxxx26071507232700013E01070F40040444F0
3004,1088,260715072512,xxxxxxxxxxxxxxxxxxxxxxxxxxxxxxxx26071507251200013E01070F4004054434
3005,1088,260715072657,xxxxxxxxxxxxxxxxxxxxxxxxxxxxxxxx26071507265700013E01070F4004064461
3006,1088,260715072842,xxxxxxxxxxxxxxxxxxxxxxxxxxxxxxxx26071507284200013E01070F4004064461
3007,1088,260715073027,xxxxxxxxxxxxxxxxxxxxxxxxxxxxxxxx26071507302700013E01070F40040744A5
3008,1088,260715073212,xxxxxxxxxxxxxxxxxxxxxxxxxxxxxxxx26071507321200013E01070F40040744A5
3009,1088,260715073357,xxxxxxxxxxxxxxxxxxxxxxxxxxxxxxxx26071507335700013E01070F40040844BD
3010,1088,260715073542,xxxxxxxxxxxxxxxxxxxxxxxxxxxxxxxx26071507354200013E01070F40040844BD
3011,1088,260715073727,xxxxxxxxxxxxxxxxxxxxxxxxxxxxxxxx26071507372700013E01070F4004094479
3012,1088,260715073912,xxxxxxxxxxxxxxxxxxxxxxxxxxxxxxxx26071507391200013E01070F40040A442C
3013,1088,260715074057,xxxxxxxxxxxxxxxxxxxxxxxxxxxxxxxx26071507405700013E01070F40040A442C
3014,1088,260715074242,xxxxxxxxxxxxxxxxxxxxxxxxxxxxxxxx26071507424200013E01070F40040B44E8
3015,1088,260715074427,xxxxxxxxxxxxxxxxxxxxxxxxxxxxxxxx26071507442700013E01070F40040A442C
3016,1088,260715074612,xxxxxxxxxxxxxxxxxxxxxxxxxxxxxxxx26071507461200013E01070F40040B44E8
3017,1088,260715074757,xxxxxxxxxxxxxxxxxxxxxxxxxxxxxxxx26071507475700013E01070F40040B44E8
3018,1088,260715074942,xxxxxxxxxxxxxxxxxxxxxxxxxxxxxxxx26071507494200013E01070F40040C4486
3019,1088,260715075127,xxxxxxxxxxxxxxxxxxxxxxxxxxxxxxxx26071507512700013E01070F40040D4442
3020,1088,260715075312,xxxxxxxxxxxxxxxxxxxxxxxxxxxxxxxx26071507531200013E01070F40040C4486
3021,1088,260715075457,xxxxxxxxxxxxxxxxxxxxxxxxxxxxxxxx26071507545700013E01070F40040D4442
3022,1088,260715075642,xxxxxxxxxxxxxxxxxxxxxxxxxxxxxxxx26071507564200013E01070F40040D4442
3023,1088,260715075827,xxxxxxxxxxxxxxxxxxxxxxxxxxxxxxxx26071507582700013E01070F40040E4417
3024,1088,260715080012,xxxxxxxxxxxxxxxxxxxxxxxxxxxxxxxx26071508001200013E01070F40040E4417
3025,1088,260715080342,xxxxxxxxxxxxxxxxxxxxxxxxxxxxxxxx26071508034200013E01070F40040F44D3
3026,1088,260715080527,xxxxxxxxxxxxxxxxxxxxxxxxxxxxxxxx26071508052700013E01070F40040F44D3
3027,1088,260715080712,xxxxxxxxxxxxxxxxxxxxxxxxxxxxxxxx26071508071200013E01070F40040F44D3
3028,1089,260715080857,xxxxxxxxxxxxxxxxxxxxxxxxxxxxxxxx26071508085700013E01070F41041044A8
3029,1089,260715081043,xxxxxxxxxxxxxxxxxxxxxxxxxxxxxxxx26071508104300013E01070F41041044A8
3030,1089,260715081228,xxxxxxxxxxxxxxxxxxxxxxxxxxxxxxxx26071508122800013E01070F41041044A8
3031,1089,260715081413,xxxxxxxxxxxxxxxxxxxxxxxxxxxxxxxx26071508141300013E01070F410411446C
3032,1089,260715081558,xxxxxxxxxxxxxxxxxxxxxxxxxxxxxxxx26071508155800013E01070F410411446C
3033,1089,260715081743,xxxxxxxxxxxxxxxxxxxxxxxxxxxxxxxx26071508174300013E01070F410411446C
3034,1089,260715081927,xxxxxxxxxxxxxxxxxxxxxxxxxxxxxxxx26071508192700013E01070F4104124439
3035,1089,260715082112,xxxxxxxxxxxxxxxxxxxxxxxxxxxxxxxx26071508211200013E01070F4104124439
3036,1089,260715082257,xxxxxxxxxxxxxxxxxxxxxxxxxxxxxxxx26071508225700013E01070F4104124439
3037,1089,260715082442,xxxxxxxxxxxxxxxxxxxxxxxxxxxxxxxx26071508244200013E01070F4104124439
3038,1089,260715082628,xxxxxxxxxxxxxxxxxxxxxxxxxxxxxxxx26071508262800013E01070F41041344FD
3039,1089,260715082813,xxxxxxxxxxxxxxxxxxxxxxxxxxxxxxxx26071508281300013E01070F41041344FD
3040,1089,260715082958,xxxxxxxxxxxxxxxxxxxxxxxxxxxxxxxx26071508295800013E01070F41041344FD
3041,1089,260715083143,xxxxxxxxxxxxxxxxxxxxxxxxxxxxxxxx26071508314300013E01070F4104144493
3042,1089,260715083328,xxxxxxxxxxxxxxxxxxxxxxxxxxxxxxxx26071508332800013E01070F4104144493
3043,1089,260715083512,xxxxxxxxxxxxxxxxxxxxxxxxxxxxxxxx26071508351200013E01070F4104144493
3044,1089,260715083657,xxxxxxxxxxxxxxxxxxxxxxxxxxxxxxxx26071508365700013E01070F4104154457
3045,1089,260715083842,xxxxxxxxxxxxxxxxxxxxxxxxxxxxxxxx26071508384200013E01070F4104154457
3046,1089,260715084027,xxxxxxxxxxxxxxxxxxxxxxxxxxxxxxxx26071508402700013E01070F4104154457
3047,1089,260715084358,xxxxxxxxxxxxxxxxxxxxxxxxxxxxxxxx26071508435800013E01070F4104164402
3048,1089,260715084543,xxxxxxxxxxxxxxxxxxxxxxxxxxxxxxxx26071508454300013E01070F4104164402
3049,1089,260715084728,xxxxxxxxxxxxxxxxxxxxxxxxxxxxxxxx26071508472800013E01070F41041744C6
3050,1089,260715084913,xxxxxxxxxxxxxxxxxxxxxxxxxxxxxxxx26071508491300013E01070F41041744C6
3051,1089,260715085058,xxxxxxxxxxxxxxxxxxxxxxxxxxxxxxxx26071508505800013E01070F41041744C6
3052,1089,260715085243,xxxxxxxxxxxxxxxxxxxxxxxxxxxxxxxx26071508524300013E01070E410417440B
3053,1089,260715085428,xxxxxxxxxxxxxxxxxxxxxxxxxxxxxxxx26071508542800013E01070E410417440B
3054,1089,260715085613,xxxxxxxxxxxxxxxxxxxxxxxxxxxxxxxx26071508561300013E01070E4104184413
3055,1089,260715085758,xxxxxxxxxxxxxxxxxxxxxxxxxxxxxxxx26071508575800013E01070E4104184413
3056,1089,260715085942,xxxxxxxxxxxxxxxxxxxxxxxxxxxxxxxx26071508594200013E01070E41041944D7
3057,1089,260715090127,xxxxxxxxxxxxxxxxxxxxxxxxxxxxxxxx26071509012700013E01070E41041944D7
3058,1089,260715090312,xxxxxxxxxxxxxxxxxxxxxxxxxxxxxxxx26071509031200013E01070E41041944D7
3059,1089,260715090458,xxxxxxxxxxxxxxxxxxxxxxxxxxxxxxxx26071509045800013E01070E4104184413
3060,1089,260715090643,xxxxxxxxxxxxxxxxxxxxxxxxxxxxxxxx26071509064300013E01070E41041A4482
3061,1089,260715090828,xxxxxxxxxxxxxxxxxxxxxxxxxxxxxxxx26071509082800013E01070E41041A4482
3062,1089,260715091013,xxxxxxxxxxxxxxxxxxxxxxxxxxxxxxxx26071509101300013E01070E41041A4482
3063,1089,260715091158,xxxxxxxxxxxxxxxxxxxxxxxxxxxxxxxx26071509115800013E01070E41041A4482
3064,1089,260715091343,xxxxxxxxxxxxxxxxxxxxxxxxxxxxxxxx26071509134300013E01070E41041B4446
3065,1089,260715091527,xxxxxxxxxxxxxxxxxxxxxxxxxxxxxxxx26071509152700013E01070E41041B4446
3066,1089,260715091712,xxxxxxxxxxxxxxxxxxxxxxxxxxxxxxxx26071509171200013E01070E41041B4446
3067,1089,260715091857,xxxxxxxxxxxxxxxxxxxxxxxxxxxxxxxx26071509185700013E01070E41041B4446
3068,1089,260715092042,xxxxxxxxxxxxxxxxxxxxxxxxxxxxxxxx26071509204200013E01070E41041A4482
3069,1089,260715092227,xxxxxxxxxxxxxxxxxxxxxxxxxxxxxxxx26071509222700013E01070E41041A4482
3070,1089,260715092413,xxxxxxxxxxxxxxxxxxxxxxxxxxxxxxxx26071509241300013E01070E41041A4482
3071,1089,260715092558,xxxxxxxxxxxxxxxxxxxxxxxxxxxxxxxx26071509255800013E01070E41041A4482
3072,1089,260715092743,xxxxxxxxxxxxxxxxxxxxxxxxxxxxxxxx26071509274300013E01070E41041B4446
3073,1089,260715092928,xxxxxxxxxxxxxxxxxxxxxxxxxxxxxxxx26071509292800013E01070E41041B4446
3074,1089,260715093113,xxxxxxxxxxxxxxxxxxxxxxxxxxxxxxxx26071509311300013E01070E41041C4428
3075,1089,260715093258,xxxxxxxxxxxxxxxxxxxxxxxxxxxxxxxx26071509325800013E01070E41041144A1
3076,1088,260715093443,xxxxxxxxxxxxxxxxxxxxxxxxxxxxxxxx26071509344300013E01070E4004074468
3077,1017,260715093628,xxxxxxxxxxxxxxxxxxxxxxxxxxxxxxxx26071509362800013E01070FF9039D3F21
3078,988,260715093813,xxxxxxxxxxxxxxxxxxxxxxxxxxxxxxxx26071509381300013E01070FDC03C73DFC
3079,1007,260715093958,xxxxxxxxxxxxxxxxxxxxxxxxxxxxxxxx26071509395800013E01070FEF03F13E59
3080,1005,260715094143,xxxxxxxxxxxxxxxxxxxxxxxxxxxxxxxx26071509414300013E01070FED03D73E35
3081,1018,260715094328,xxxxxxxxxxxxxxxxxxxxxxxxxxxxxxxx26071509432800013E01070FFA03AD3F84
3082,1010,260715094513,xxxxxxxxxxxxxxxxxxxxxxxxxxxxxxxx26071509451300013E010710F203283F5B
3083,1000,260715094658,xxxxxxxxxxxxxxxxxxxxxxxxxxxxxxxx26071509465800013E010710E803813E7A
3084,999,260715094843,xxxxxxxxxxxxxxxxxxxxxxxxxxxxxxxx26071509484300013E010710E703773ED3
3085,1003,260715095028,xxxxxxxxxxxxxxxxxxxxxxxxxxxxxxxx26071509502800013E010710EB03B13EDF
3086,983,260715095213,xxxxxxxxxxxxxxxxxxxxxxxxxxxxxxxx26071509521300013E010710D7037B3D34
3087,1012,260715095358,xxxxxxxxxxxxxxxxxxxxxxxxxxxxxxxx26071509535800013E010710F403483F08
3088,982,260715095543,xxxxxxxxxxxxxxxxxxxxxxxxxxxxxxxx26071509554300013E010710D603623DE5
3089,982,260715095728,xxxxxxxxxxxxxxxxxxxxxxxxxxxxxxxx26071509572800013E010710D603663DDE
3090,974,260715095913,xxxxxxxxxxxxxxxxxxxxxxxxxxxxxxxx26071509591300013E010710CE03EE3CFD
3091,990,260715100058,xxxxxxxxxxxxxxxxxxxxxxxxxxxxxxxx26071510005800013E010710DE03E63DED
3092,956,260715100243,xxxxxxxxxxxxxxxxxxxxxxxxxxxxxxxx26071510024300013E010710BC03CC3B81
3093,995,260715100428,xxxxxxxxxxxxxxxxxxxxxxxxxxxxxxxx26071510042800013E010710E303383E5E
3094,977,260715100613,xxxxxxxxxxxxxxxxxxxxxxxxxxxxxxxx26071510061300013E010710D103133D11
3095,965,260715100758,xxxxxxxxxxxxxxxxxxxxxxxxxxxxxxxx26071510075800013E010710C5035D3C3E
3096,975,260715100943,xxxxxxxxxxxxxxxxxxxxxxxxxxxxxxxx26071510094300013E010710CF03F93CF0
3097,964,260715101128,xxxxxxxxxxxxxxxxxxxxxxxxxxxxxxxx26071510112800013E010710C403473CBA
3098,994,260715101313,xxxxxxxxxxxxxxxxxxxxxxxxxxxxxxxx26071510131300013E01070FE203223EC9
3099,969,260715101458,xxxxxxxxxxxxxxxxxxxxxxxxxxxxxxxx26071510145800013E01070FC903903C02
3100,952,260715101643,xxxxxxxxxxxxxxxxxxxxxxxxxxxxxxxx26071510164300013E010710B803873B37
3101,979,260715101828,xxxxxxxxxxxxxxxxxxxxxxxxxxxxxxxx26071510182800013E010710D303303D82
3102,976,260715102013,xxxxxxxxxxxxxxxxxxxxxxxxxxxxxxxx26071510201300013E010710D003063D8D
3103,1002,260715102158,xxxxxxxxxxxxxxxxxxxxxxxxxxxxxxxx26071510215800013E01070FEA03A43E50
3104,963,260715102343,xxxxxxxxxxxxxxxxxxxxxxxxxxxxxxxx26071510234300013E01070FC303303CF7
3105,999,260715102528,xxxxxxxxxxxxxxxxxxxxxxxxxxxxxxxx26071510252800013E01070EE703753E9C
3106,1003,260715102709,xxxxxxxxxxxxxxxxxxxxxxxxxxxxxxxx26071510270900013E01070EEB03BE3E19
3107,976,260715102858,xxxxxxxxxxxxxxxxxxxxxxxxxxxxxxxx26071510285800013E01070ED003063D53
3108,1011,260715103043,xxxxxxxxxxxxxxxxxxxxxxxxxxxxxxxx26071510304300013E01070DF303373FB0
3109,954,260715103228,xxxxxxxxxxxxxxxxxxxxxxxxxxxxxxxx26071510322800013E01070DBA03AC3B42
3110,967,260715103413,xxxxxxxxxxxxxxxxxxxxxxxxxxxxxxxx26071510341300013E01070DC703763C4B
3111,942,260715103559,xxxxxxxxxxxxxxxxxxxxxxxxxxxxxxxx26071510355900013E01070DAE03E03AFC
3112,988,260715103744,xxxxxxxxxxxxxxxxxxxxxxxxxxxxxxxx26071510374400013E01070DDC03CF3D09
3113,886,260715103929,xxxxxxxxxxxxxxxxxxxxxxxxxxxxxxxx26071510392900013E01070E76036D37F4
3114,1005,260715104114,xxxxxxxxxxxxxxxxxxxxxxxxxxxxxxxx26071510411400013E01070EED03D63E3C
3115,1006,260715104259,xxxxxxxxxxxxxxxxxxxxxxxxxxxxxxxx26071510425900013E01070EEE03E93E81
3116,1006,260715104444,xxxxxxxxxxxxxxxxxxxxxxxxxxxxxxxx26071510444400013E01070FEE03E13E3A
3117,1006,260715104629,xxxxxxxxxxxxxxxxxxxxxxxxxxxxxxxx26071510462900013E01070FEE03E03EFE
3118,1006,260715104814,xxxxxxxxxxxxxxxxxxxxxxxxxxxxxxxx26071510481400013E01070FEE03E23E6F
3119,1005,260715104959,xxxxxxxxxxxxxxxxxxxxxxxxxxxxxxxx26071510495900013E01070FED03DF3E43
3120,1006,260715105143,xxxxxxxxxxxxxxxxxxxxxxxxxxxxxxxx26071510514300013E01070EEE03E63E99
3121,1006,260715105328,xxxxxxxxxxxxxxxxxxxxxxxxxxxxxxxx26071510532800013E01070EEE03E73E5D
3122,1006,260715105513,xxxxxxxxxxxxxxxxxxxxxxxxxxxxxxxx26071510551300013E01070EEE03EA3ED4
3123,1006,260715105658,xxxxxxxxxxxxxxxxxxxxxxxxxxxxxxxx26071510565800013E01070EEE03EC3E7E
3124,1006,260715105843,xxxxxxxxxxxxxxxxxxxxxxxxxxxxxxxx26071510584300013E01070FEE03EC3EB3
3125,1006,260715110028,xxxxxxxxxxxxxxxxxxxxxxxxxxxxxxxx26071511002800013E01070FEE03EF3EE6
3126,1006,260715110213,xxxxxxxxxxxxxxxxxxxxxxxxxxxxxxxx26071511021300013E01070FEE03EF3EE6
3127,1007,260715110358,xxxxxxxxxxxxxxxxxxxxxxxxxxxxxxxx26071511035800013E01070FEF03F03E9D
3128,1007,260715110543,xxxxxxxxxxxxxxxxxxxxxxxxxxxxxxxx26071511054300013E01070FEF03F23E0C
3129,1007,260715110724,xxxxxxxxxxxxxxxxxxxxxxxxxxxxxxxx26071511072400013E01070FEF03F33EC8
3130,1007,260715110914,xxxxxxxxxxxxxxxxxxxxxxxxxxxxxxxx26071511091400013E01070FEF03F33EC8
3131,1007,260715111059,xxxxxxxxxxxxxxxxxxxxxxxxxxxxxxxx26071511105900013E01070FEF03F33EC8
3132,1007,260715111244,xxxxxxxxxxxxxxxxxxxxxxxxxxxxxxxx26071511124400013E01070FEF03F53E62
3133,1007,260715111429,xxxxxxxxxxxxxxxxxxxxxxxxxxxxxxxx26071511142900013E01070FEF03F63E37
3134,1007,260715111613,xxxxxxxxxxxxxxxxxxxxxxxxxxxxxxxx26071511161300013E01070FEF03F73EF3
3135,1007,260715111758,xxxxxxxxxxxxxxxxxxxxxxxxxxxxxxxx26071511175800013E01070FEF03F83EEB
3136,1007,260715111943,xxxxxxxxxxxxxxxxxxxxxxxxxxxxxxxx26071511194300013E01070FEF03F93E2F
3137,1007,260715112128,xxxxxxxxxxxxxxxxxxxxxxxxxxxxxxxx26071511212800013E01070FEF03F93E2F
3138,1007,260715112313,xxxxxxxxxxxxxxxxxxxxxxxxxxxxxxxx26071511231300013E01070FEF03FB3EBE
3139,1007,260715112458,xxxxxxxxxxxxxxxxxxxxxxxxxxxxxxxx26071511245800013E01070FEF03FA3E7A
3140,1007,260715112643,xxxxxxxxxxxxxxxxxxxxxxxxxxxxxxxx26071511264300013E01070FEF03FB3EBE
3141,1007,260715112828,xxxxxxxxxxxxxxxxxxxxxxxxxxxxxxxx26071511282800013E01070FEF03FF3E85
3142,1007,260715113013,xxxxxxxxxxxxxxxxxxxxxxxxxxxxxxxx26071511301300013E01070FEF03F93E2F
3143,1007,260715113159,xxxxxxxxxxxxxxxxxxxxxxxxxxxxxxxx26071511315900013E01070FEF03F93E2F
3144,1007,260715113344,xxxxxxxxxxxxxxxxxxxxxxxxxxxxxxxx26071511334400013E01070FEF03FA3E7A
3145,1007,260715113529,xxxxxxxxxxxxxxxxxxxxxxxxxxxxxxxx26071511352900013E01070EEF03FA3EB7
3146,1007,260715113714,xxxxxxxxxxxxxxxxxxxxxxxxxxxxxxxx26071511371400013E01070EEF03FB3E73
3147,1007,260715113859,xxxxxxxxxxxxxxxxxxxxxxxxxxxxxxxx26071511385900013E01070EEF03FB3E73
3148,1007,260715114043,xxxxxxxxxxxxxxxxxxxxxxxxxxxxxxxx26071511404300013E01070EEF03FC3E1D
3149,1007,260715114228,xxxxxxxxxxxxxxxxxxxxxxxxxxxxxxxx26071511422800013E01070EEF03FD3ED9
3150,1007,260715114413,xxxxxxxxxxxxxxxxxxxxxxxxxxxxxxxx26071511441300013E01070EEF03FF3E48
3151,1008,260715114558,xxxxxxxxxxxxxxxxxxxxxxxxxxxxxxxx26071511455800013E01070EF003003F35
3152,1008,260715114929,xxxxxxxxxxxxxxxxxxxxxxxxxxxxxxxx26071511492900013E01070FF003033FAD
3153,1008,260715115114,xxxxxxxxxxxxxxxxxxxxxxxxxxxxxxxx26071511511400013E01070FF003033FAD
3154,1008,260715115259,xxxxxxxxxxxxxxxxxxxxxxxxxxxxxxxx26071511525900013E01070FF003043FC3
3155,1008,260715115444,xxxxxxxxxxxxxxxxxxxxxxxxxxxxxxxx26071511544400013E01070FF0030A3F1F
3156,1008,260715115629,xxxxxxxxxxxxxxxxxxxxxxxxxxxxxxxx26071511562900013E01070FF0030D3F71
3157,1008,260715115814,xxxxxxxxxxxxxxxxxxxxxxxxxxxxxxxx26071511581400013E01070FF0030C3FB5
3158,1008,260715115959,xxxxxxxxxxxxxxxxxxxxxxxxxxxxxxxx26071511595900013E010710F0030C3FA6
3159,1008,260715120144,xxxxxxxxxxxxxxxxxxxxxxxxxxxxxxxx26071512014400013E010710F0030C3FA6
3160,1008,260715120329,xxxxxxxxxxxxxxxxxxxxxxxxxxxxxxxx26071512032900013E010710F0030C3FA6
3161,1008,260715120513,xxxxxxxxxxxxxxxxxxxxxxxxxxxxxxxx26071512051300013E010710F0030D3F62
3162,1008,260715120658,xxxxxxxxxxxxxxxxxxxxxxxxxxxxxxxx26071512065800013E010710F0030E3F37
3163,1008,260715120843,xxxxxxxxxxxxxxxxxxxxxxxxxxxxxxxx26071512084300013E010710F0030F3FF3
3164,1008,260715121028,xxxxxxxxxxxxxxxxxxxxxxxxxxxxxxxx26071512102800013E010710F0030F3FF3
3165,1008,260715121214,xxxxxxxxxxxxxxxxxxxxxxxxxxxxxxxx26071512121400013E010710F0030F3FF3
3166,1009,260715121359,xxxxxxxxxxxxxxxxxxxxxxxxxxxxxxxx26071512135900013E010710F103113F4C
3167,1008,260715121544,xxxxxxxxxxxxxxxxxxxxxxxxxxxxxxxx26071512154400013E010710F0030C3FA6
3168,1003,260715121729,xxxxxxxxxxxxxxxxxxxxxxxxxxxxxxxx26071512172900013E010710EB03B53EE4
3169,1014,260715121914,xxxxxxxxxxxxxxxxxxxxxxxxxxxxxxxx26071512191400013E010711F603603F75
3170,987,260715122059,xxxxxxxxxxxxxxxxxxxxxxxxxxxxxxxx26071512205900013E010711DB03BC3D31
3171,1001,260715122244,xxxxxxxxxxxxxxxxxxxxxxxxxxxxxxxx26071512224400013E010711E903923E81
3172,1000,260715122429,xxxxxxxxxxxxxxxxxxxxxxxxxxxxxxxx26071512242900013E010711E8038D3EFA
3173,1000,260715122614,xxxxxxxxxxxxxxxxxxxxxxxxxxxxxxxx26071512261400013E010711E803863ED9
3174,998,260715122944,xxxxxxxxxxxxxxxxxxxxxxxxxxxxxxxx26071512294400013E010711E6036B3E30
3175,952,260715123129,xxxxxxxxxxxxxxxxxxxxxxxxxxxxxxxx26071512312900013E010711B803883BE2
3176,1004,260715123314,xxxxxxxxxxxxxxxxxxxxxxxxxxxxxxxx26071512331400013E010711EC03C43EDD
3177,1003,260715123459,xxxxxxxxxxxxxxxxxxxxxxxxxxxxxxxx26071512345900013E010711EB03B73EB8
3178,1002,260715123643,xxxxxxxxxxxxxxxxxxxxxxxxxxxxxxxx26071512364300013E010711EA03AD3E3C
3179,1002,260715123829,xxxxxxxxxxxxxxxxxxxxxxxxxxxxxxxx26071512382900013E010711EA03A73EDB
3180,986,260715124014,xxxxxxxxxxxxxxxxxxxxxxxxxxxxxxxx26071512401400013E010711DA03AB3D3C
3181,988,260715124159,xxxxxxxxxxxxxxxxxxxxxxxxxxxxxxxx26071512415900013E010711DC03CE3D90
3182,988,260715124344,xxxxxxxxxxxxxxxxxxxxxxxxxxxxxxxx26071512434400013E010711DC03CC3D01
3183,988,260715124529,xxxxxxxxxxxxxxxxxxxxxxxxxxxxxxxx26071512452900013E010711DC03CC3D01
3184,988,260715124714,xxxxxxxxxxxxxxxxxxxxxxxxxxxxxxxx26071512471400013E010711DC03CA3DAB
3185,988,260715124859,xxxxxxxxxxxxxxxxxxxxxxxxxxxxxxxx26071512485900013E010711DC03C93DFE
3186,988,260715125044,xxxxxxxxxxxxxxxxxxxxxxxxxxxxxxxx26071512504400013E010711DC03C73D22
3187,988,260715125228,xxxxxxxxxxxxxxxxxxxxxxxxxxxxxxxx26071512522800013E010711DC03C63DE6
3188,988,260715125413,xxxxxxxxxxxxxxxxxxxxxxxxxxxxxxxx26071512541300013E010711DC03C43D77
3189,988,260715125558,xxxxxxxxxxxxxxxxxxxxxxxxxxxxxxxx26071512555800013E010711DC03C23DDD
3190,988,260715125743,xxxxxxxxxxxxxxxxxxxxxxxxxxxxxxxx26071512574300013E010711DC03C13D88
3191,988,260715125928,xxxxxxxxxxxxxxxxxxxxxxxxxxxxxxxx26071512592800013E010711DC03C13D88
3192,988,260715130114,xxxxxxxxxxxxxxxxxxxxxxxxxxxxxxxx26071513011400013E010711DC03C13D88
3193,988,260715130259,xxxxxxxxxxxxxxxxxxxxxxxxxxxxxxxx26071513025900013E010711DC03C13D88
3194,988,260715130444,xxxxxxxxxxxxxxxxxxxxxxxxxxxxxxxx26071513044400013E010711DC03C13D88
3195,988,260715130629,xxxxxxxxxxxxxxxxxxxxxxxxxxxxxxxx26071513062900013E010711DC03C23DDD
3196,988,260715130959,xxxxxxxxxxxxxxxxxxxxxxxxxxxxxxxx26071513095900013E010710DC03C33DD4
3197,988,260715131144,xxxxxxxxxxxxxxxxxxxxxxxxxxxxxxxx26071513114400013E010710DC03C33DD4
3198,988,260715131329,xxxxxxxxxxxxxxxxxxxxxxxxxxxxxxxx26071513132900013E010710DC03C33DD4
3199,988,260715131514,xxxxxxxxxxxxxxxxxxxxxxxxxxxxxxxx26071513151400013E010710DC03C43DBA
3200,988,260715131700,xxxxxxxxxxxxxxxxxxxxxxxxxxxxxxxx26071513170000013E010710DC03C53D7E
3201,988,260715131845,xxxxxxxxxxxxxxxxxxxxxxxxxxxxxxxx26071513184500013E010710DC03C53D7E
3202,988,260715132030,xxxxxxxxxxxxxxxxxxxxxxxxxxxxxxxx26071513203000013E010710DC03C63D2B
3203,988,260715132215,xxxxxxxxxxxxxxxxxxxxxxxxxxxxxxxx26071513221500013E010710DC03C63D2B
3204,988,260715132400,xxxxxxxxxxxxxxxxxxxxxxxxxxxxxxxx26071513240000013E010710DC03C73DEF
3205,988,260715132544,xxxxxxxxxxxxxxxxxxxxxxxxxxxxxxxx26071513254400013E010710DC03C73DEF
3206,988,260715132729,xxxxxxxxxxxxxxxxxxxxxxxxxxxxxxxx26071513272900013E010710DC03C73DEF
3207,988,260715132914,xxxxxxxxxxxxxxxxxxxxxxxxxxxxxxxx26071513291400013E010710DC03C83DF7
3208,988,260715133059,xxxxxxxxxxxxxxxxxxxxxxxxxxxxxxxx26071513305900013E010710DC03C83DF7
3209,988,260715133243,xxxxxxxxxxxxxxxxxxxxxxxxxxxxxxxx26071513324300013E010710DC03C93D33
3210,988,260715133428,xxxxxxxxxxxxxxxxxxxxxxxxxxxxxxxx26071513342800013E010710DC03C93D33
3211,988,260715133613,xxxxxxxxxxxxxxxxxxxxxxxxxxxxxxxx26071513361300013E010710DC03CA3D66
3212,988,260715133758,xxxxxxxxxxxxxxxxxxxxxxxxxxxxxxxx26071513375800013E010710DC03CD3D08
3213,988,260715133943,xxxxxxxxxxxxxxxxxxxxxxxxxxxxxxxx26071513394300013E010710DC03CE3D5D
3214,988,260715134129,xxxxxxxxxxxxxxxxxxxxxxxxxxxxxxxx26071513412900013E010710DC03CA3D66
3215,988,260715134314,xxxxxxxxxxxxxxxxxxxxxxxxxxxxxxxx26071513431400013E010710DC03CA3D66
3216,988,260715134459,xxxxxxxxxxxxxxxxxxxxxxxxxxxxxxxx26071513445900013E010710DC03CB3DA2
3217,988,260715134644,xxxxxxxxxxxxxxxxxxxxxxxxxxxxxxxx26071513464400013E010710DC03CB3DA2
3218,988,260715135015,xxxxxxxxxxxxxxxxxxxxxxxxxxxxxxxx26071513501500013E01070FDC03CC3DDF
3219,988,260715135200,xxxxxxxxxxxxxxxxxxxxxxxxxxxxxxxx26071513520000013E01070FDC03CC3DDF
3220,988,260715135345,xxxxxxxxxxxxxxxxxxxxxxxxxxxxxxxx26071513534500013E01070FDC03CD3D1B
3221,988,260715135530,xxxxxxxxxxxxxxxxxxxxxxxxxxxxxxxx26071513553000013E01070FDC03CE3D4E
3222,988,260715135714,xxxxxxxxxxxxxxxxxxxxxxxxxxxxxxxx26071513571400013E01070FDC03CE3D4E
3223,988,260715135859,xxxxxxxxxxxxxxxxxxxxxxxxxxxxxxxx26071513585900013E01070FDC03CF3D8A
3224,989,260715140044,xxxxxxxxxxxxxxxxxxxxxxxxxxxxxxxx26071514004400013E01070FDD03D03DF1
3225,989,260715140229,xxxxxxxxxxxxxxxxxxxxxxxxxxxxxxxx26071514022900013E01070FDD03D13D35
3226,989,260715140414,xxxxxxxxxxxxxxxxxxxxxxxxxxxxxxxx26071514041400013E01070FDD03D13D35
3227,989,260715140559,xxxxxxxxxxxxxxxxxxxxxxxxxxxxxxxx26071514055900013E01070FDD03D13D35
3228,989,260715140744,xxxxxxxxxxxxxxxxxxxxxxxxxxxxxxxx26071514074400013E01070FDD03D13D35
3229,989,260715140929,xxxxxxxxxxxxxxxxxxxxxxxxxxxxxxxx26071514092900013E01070FDD03D23D60
3230,989,260715141114,xxxxxxxxxxxxxxxxxxxxxxxxxxxxxxxx26071514111400013E01070FDD03D23D60
3231,989,260715141258,xxxxxxxxxxxxxxxxxxxxxxxxxxxxxxxx26071514125800013E01070FDD03D13D35
3232,989,260715141443,xxxxxxxxxxxxxxxxxxxxxxxxxxxxxxxx26071514144300013E01070FDD03D23D60
3233,989,260715141628,xxxxxxxxxxxxxxxxxxxxxxxxxxxxxxxx26071514162800013E01070FDD03D23D60
3234,989,260715141813,xxxxxxxxxxxxxxxxxxxxxxxxxxxxxxxx26071514181300013E01070FDD03D53D0E
3235,989,260715141958,xxxxxxxxxxxxxxxxxxxxxxxxxxxxxxxx26071514195800013E01070FDD03D63D5B
3236,989,260715142142,xxxxxxxxxxxxxxxxxxxxxxxxxxxxxxxx26071514214200013E01070FDD03D73D9F
3237,989,260715142327,xxxxxxxxxxxxxxxxxxxxxxxxxxxxxxxx26071514232700013E01070FDD03D83D87
3238,989,260715142512,xxxxxxxxxxxxxxxxxxxxxxxxxxxxxxxx26071514251200013E01070FDD03D83D87
3239,989,260715142657,xxxxxxxxxxxxxxxxxxxxxxxxxxxxxxxx26071514265700013E01070FDD03D63D5B
3240,989,260715142842,xxxxxxxxxxxxxxxxxxxxxxxxxxxxxxxx26071514284200013E01070FDD03D63D5B
3241,989,260715143030,xxxxxxxxxxxxxxxxxxxxxxxxxxxxxxxx26071514303000013E01070FDD03D73D9F
3242,989,260715143215,xxxxxxxxxxxxxxxxxxxxxxxxxxxxxxxx26071514321500013E01070FDD03D83D87
3243,989,260715143400,xxxxxxxxxxxxxxxxxxxxxxxxxxxxxxxx26071514340000013E01070FDD03DA3D16
3244,989,260715143545,xxxxxxxxxxxxxxxxxxxxxxxxxxxxxxxx26071514354500013E01070FDD03D83D87
3245,989,260715143729,xxxxxxxxxxxxxxxxxxxxxxxxxxxxxxxx26071514372900013E01070FDD03D83D87
3246,989,260715143914,xxxxxxxxxxxxxxxxxxxxxxxxxxxxxxxx26071514391400013E01070FDD03D93D43
3247,989,260715144059,xxxxxxxxxxxxxxxxxxxxxxxxxxxxxxxx26071514405900013E01070FDD03DA3D16
3248,948,260715144244,xxxxxxxxxxxxxxxxxxxxxxxxxxxxxxxx26071514424400013E010710B403463B55
3249,985,260715144429,xxxxxxxxxxxxxxxxxxxxxxxxxxxxxxxx26071514442900013E010710D9039F3D6F
3250,986,260715144613,xxxxxxxxxxxxxxxxxxxxxxxxxxxxxxxx26071514461300013E010710DA03A03DD2
3251,985,260715144758,xxxxxxxxxxxxxxxxxxxxxxxxxxxxxxxx26071514475800013E010710D9039E3DAB
3252,985,260715144943,xxxxxxxxxxxxxxxxxxxxxxxxxxxxxxxx26071514494300013E010710D9039E3DAB
3253,985,260715145128,xxxxxxxxxxxxxxxxxxxxxxxxxxxxxxxx26071514512800013E010710D9039E3DAB
3254,985,260715145315,xxxxxxxxxxxxxxxxxxxxxxxxxxxxxxxx26071514531500013E010710D9039E3DAB
3255,985,260715145500,xxxxxxxxxxxxxxxxxxxxxxxxxxxxxxxx26071514550000013E010710D9039D3DFE
3256,985,260715145645,xxxxxxxxxxxxxxxxxxxxxxxxxxxxxxxx26071514564500013E010710D9039E3DAB
3257,985,260715145830,xxxxxxxxxxxxxxxxxxxxxxxxxxxxxxxx26071514583000013E010710D9039F3D6F
3258,985,260715150015,xxxxxxxxxxxxxxxxxxxxxxxxxxxxxxxx26071515001500013E010710D9039F3D6F
3259,985,260715150159,xxxxxxxxxxxxxxxxxxxxxxxxxxxxxxxx26071515015900013E010710D9039F3D6F
3260,985,260715150344,xxxxxxxxxxxxxxxxxxxxxxxxxxxxxxxx26071515034400013E01070FD9039F3D7C
3261,986,260715150529,xxxxxxxxxxxxxxxxxxxxxxxxxxxxxxxx26071515052900013E01070FDA03A03DC1
3262,986,260715150714,xxxxxxxxxxxxxxxxxxxxxxxxxxxxxxxx26071515071400013E01070FDA03A13D05
3263,986,260715150859,xxxxxxxxxxxxxxxxxxxxxxxxxxxxxxxx26071515085900013E01070FDA03A13D05
3264,986,260715151043,xxxxxxxxxxxxxxxxxxxxxxxxxxxxxxxx26071515104300013E01070FDA03A13D05
3265,986,260715151228,xxxxxxxxxxxxxxxxxxxxxxxxxxxxxxxx26071515122800013E01070FDA03A13D05
3266,986,260715151413,xxxxxxxxxxxxxxxxxxxxxxxxxxxxxxxx26071515141300013E01070FDA03A23D50
3267,986,260715151558,xxxxxxxxxxxxxxxxxxxxxxxxxxxxxxxx26071515155800013E01070FDA03A23D50
3268,986,260715151745,xxxxxxxxxxxxxxxxxxxxxxxxxxxxxxxx26071515174500013E01070FDA03A63D6B
3269,986,260715151930,xxxxxxxxxxxxxxxxxxxxxxxxxxxxxxxx26071515193000013E01070FDA03A63D6B
3270,987,260715152115,xxxxxxxxxxxxxxxxxxxxxxxxxxxxxxxx26071515211500013E01070FDB03B23D33
3271,987,260715152300,xxxxxxxxxxxxxxxxxxxxxxxxxxxxxxxx26071515230000013E01070FDB03B23D33
3272,987,260715152445,xxxxxxxxxxxxxxxxxxxxxxxxxxxxxxxx26071515244500013E01070FDB03B13D66
3273,986,260715152630,xxxxxxxxxxxxxxxxxxxxxxxxxxxxxxxx26071515263000013E01070FDA03AF3DD9
3274,987,260715152815,xxxxxxxxxxxxxxxxxxxxxxxxxxxxxxxx26071515281500013E01070FDB03B13D66
3275,987,260715153000,xxxxxxxxxxxxxxxxxxxxxxxxxxxxxxxx26071515300000013E01070FDB03B53D5D
3276,988,260715153145,xxxxxxxxxxxxxxxxxxxxxxxxxxxxxxxx26071515314500013E01070FDC03C23D03
3277,988,260715153329,xxxxxxxxxxxxxxxxxxxxxxxxxxxxxxxx26071515332900013E01070FDC03CD3D1B
3278,989,260715153514,xxxxxxxxxxxxxxxxxxxxxxxxxxxxxxxx26071515351400013E01070FDD03DA3D16
3279,990,260715153659,xxxxxxxxxxxxxxxxxxxxxxxxxxxxxxxx26071515365900013E01070FDE03E63DFE
3280,991,260715153844,xxxxxxxxxxxxxxxxxxxxxxxxxxxxxxxx26071515384400013E01070FDF03F23DA6
3281,991,260715154029,xxxxxxxxxxxxxxxxxxxxxxxxxxxxxxxx26071515402900013E01070FDF03FE3DEB
3282,992,260715154215,xxxxxxxxxxxxxxxxxxxxxxxxxxxxxxxx26071515421500013E01070FE003073EF0
3283,993,260715154400,xxxxxxxxxxxxxxxxxxxxxxxxxxxxxxxx26071515440000013E01070FE103113E39
3284,993,260715154545,xxxxxxxxxxxxxxxxxxxxxxxxxxxxxxxx26071515454500013E01070FE103183E8B
3285,994,260715154730,xxxxxxxxxxxxxxxxxxxxxxxxxxxxxxxx26071515473000013E01070FE203223EC9
3286,994,260715154915,xxxxxxxxxxxxxxxxxxxxxxxxxxxxxxxx26071515491500013E01070FE2032B3E7B
3287,995,260715155059,xxxxxxxxxxxxxxxxxxxxxxxxxxxxxxxx26071515505900013E01070FE303343E00
3288,995,260715155244,xxxxxxxxxxxxxxxxxxxxxxxxxxxxxxxx26071515524400013E01070FE303393E89
3289,995,260715155429,xxxxxxxxxxxxxxxxxxxxxxxxxxxxxxxx26071515542900013E01070FE3033E3EE7
3290,996,260715155614,xxxxxxxxxxxxxxxxxxxxxxxxxxxxxxxx26071515561400013E01070FE403453EF4
3291,996,260715155800,xxxxxxxxxxxxxxxxxxxxxxxxxxxxxxxx26071515580000013E01070FE4034F3E13
3292,997,260715155945,xxxxxxxxxxxxxxxxxxxxxxxxxxxxxxxx26071515594500013E01070FE503533E3D
3293,997,260715160130,xxxxxxxxxxxxxxxxxxxxxxxxxxxxxxxx26071516013000013E01070FE503593EDA
3294,997,260715160315,xxxxxxxxxxxxxxxxxxxxxxxxxxxxxxxx26071516031500013E01070FE5035A3E8F
3295,997,260715160500,xxxxxxxxxxxxxxxxxxxxxxxxxxxxxxxx26071516050000013E01070FE5035A3E8F
3296,997,260715160645,xxxxxxxxxxxxxxxxxxxxxxxxxxxxxxxx26071516064500013E01070FE503563EC2
3297,996,260715160830,xxxxxxxxxxxxxxxxxxxxxxxxxxxxxxxx26071516083000013E01070FE4034E3ED7
3298,977,260715161015,xxxxxxxxxxxxxxxxxxxxxxxxxxxxxxxx26071516101500013E010710D1031D3DCD
3299,1003,260715161200,xxxxxxxxxxxxxxxxxxxxxxxxxxxxxxxx26071516120000013E010710EB03BE3EC7
3300,1003,260715161345,xxxxxxxxxxxxxxxxxxxxxxxxxxxxxxxx26071516134500013E010710EB03BF3E03
3301,1003,260715161530,xxxxxxxxxxxxxxxxxxxxxxxxxxxxxxxx26071516153000013E010711EB03BB3EF5
3302,1002,260715161715,xxxxxxxxxxxxxxxxxxxxxxxxxxxxxxxx26071516171500013E010711EA03AF3EAD
3303,998,260715161900,xxxxxxxxxxxxxxxxxxxxxxxxxxxxxxxx26071516190000013E010712E6036F3E45
3304,977,260715162045,xxxxxxxxxxxxxxxxxxxxxxxxxxxxxxxx26071516204500013E010712D103173DA9
3305,991,260715162230,xxxxxxxxxxxxxxxxxxxxxxxxxxxxxxxx26071516223000013E010712DF03FB3D84
3306,991,260715162415,xxxxxxxxxxxxxxxxxxxxxxxxxxxxxxxx26071516241500013E010712DF03F93D15
3307,990,260715162600,xxxxxxxxxxxxxxxxxxxxxxxxxxxxxxxx26071516260000013E010712DE03ED3D4D
3308,980,260715162745,xxxxxxxxxxxxxxxxxxxxxxxxxxxxxxxx26071516274500013E010712D4034F3D29
3309,955,260715162930,xxxxxxxxxxxxxxxxxxxxxxxxxxxxxxxx26071516293000013E010712BB03BB3B5C
3310,1020,260715163114,xxxxxxxxxxxxxxxxxxxxxxxxxxxxxxxx26071516311400013E010712FC03C83FB8
3311,1020,260715163259,xxxxxxxxxxxxxxxxxxxxxxxxxxxxxxxx26071516325900013E010712FC03C53F31
3312,1020,260715163444,xxxxxxxxxxxxxxxxxxxxxxxxxxxxxxxx26071516344400013E010712FC03C33F9B
3313,1020,260715163629,xxxxxxxxxxxxxxxxxxxxxxxxxxxxxxxx26071516362900013E010712FC03C23F5F
3314,1020,260715163814,xxxxxxxxxxxxxxxxxxxxxxxxxxxxxxxx26071516381400013E010712FC03C33F9B
3315,1020,260715163959,xxxxxxxxxxxxxxxxxxxxxxxxxxxxxxxx26071516395900013E010712FC03C53F31
3316,1020,260715164144,xxxxxxxxxxxxxxxxxxxxxxxxxxxxxxxx26071516414400013E010712FC03CE3F12
3317,1020,260715164329,xxxxxxxxxxxxxxxxxxxxxxxxxxxxxxxx26071516432900013E010713FC03CE3FDF
3318,1020,260715164514,xxxxxxxxxxxxxxxxxxxxxxxxxxxxxxxx26071516451400013E010713FC03CE3FDF
3319,1020,260715164659,xxxxxxxxxxxxxxxxxxxxxxxxxxxxxxxx26071516465900013E010713FC03CD3F8A
3320,1020,260715164844,xxxxxxxxxxxxxxxxxxxxxxxxxxxxxxxx26071516484400013E010713FC03CE3FDF
3321,1020,260715165029,xxxxxxxxxxxxxxxxxxxxxxxxxxxxxxxx26071516502900013E010713FC03CD3F8A
3322,1020,260715165214,xxxxxxxxxxxxxxxxxxxxxxxxxxxxxxxx26071516521400013E010713FC03CD3F8A
3323,1021,260715165544,xxxxxxxxxxxxxxxxxxxxxxxxxxxxxxxx26071516554400013E010713FD03D23FF1
3324,967,260715165729,xxxxxxxxxxxxxxxxxxxxxxxxxxxxxxxx26071516572900013E010713C703733C6A
3325,1015,260715165914,xxxxxxxxxxxxxxxxxxxxxxxxxxxxxxxx26071516591400013E010714F703763F6E
3326,979,260715170059,xxxxxxxxxxxxxxxxxxxxxxxxxxxxxxxx26071517005900013E010714D303343DA6
3327,994,260715170244,xxxxxxxxxxxxxxxxxxxxxxxxxxxxxxxx26071517024400013E010714E203243E6F
3328,974,260715170429,xxxxxxxxxxxxxxxxxxxxxxxxxxxxxxxx26071517042900013E010714CE03EB3C1D
3329,938,260715170614,xxxxxxxxxxxxxxxxxxxxxxxxxxxxxxxx26071517061400013E010715AA03AE3AF7
3330,985,260715170759,xxxxxxxxxxxxxxxxxxxxxxxxxxxxxxxx26071517075900013E010715D903923D34
3331,984,260715170944,xxxxxxxxxxxxxxxxxxxxxxxxxxxxxxxx26071517094400013E010715D8038A3D21
3332,984,260715171129,xxxxxxxxxxxxxxxxxxxxxxxxxxxxxxxx26071517112900013E010715D803853D39
3333,984,260715171314,xxxxxxxxxxxxxxxxxxxxxxxxxxxxxxxx26071517131400013E010714D803833D5E
3334,984,260715171459,xxxxxxxxxxxxxxxxxxxxxxxxxxxxxxxx26071517145900013E010714D803833D5E
3335,984,260715171644,xxxxxxxxxxxxxxxxxxxxxxxxxxxxxxxx26071517164400013E010714D803843D30
3337,984,260715171644,xxxxxxxxxxxxxxxxxxxxxxxxxxxxxxxx26071517164400013E010714D803843D30
3336,984,260715171828,xxxxxxxxxxxxxxxxxxxxxxxxxxxxxxxx26071517182800013E010714D803853DF4
3338,984,260715172013,xxxxxxxxxxxxxxxxxxxxxxxxxxxxxxxx26071517201300013E010714D803853DF4
3339,984,260715172158,xxxxxxxxxxxxxxxxxxxxxxxxxxxxxxxx26071517215800013E010714D803873D65
3340,984,260715172343,xxxxxxxxxxxxxxxxxxxxxxxxxxxxxxxx26071517234300013E010714D803893DB9
3341,984,260715172528,xxxxxxxxxxxxxxxxxxxxxxxxxxxxxxxx26071517252800013E010714D8038C3D46
3342,1391,260715172714,xxxxxxxxxxxxxxxxxxxxxxxxxxxxxxxx26071517271400013E0107146F05FF5626
3343,1823,260715172859,xxxxxxxxxxxxxxxxxxxxxxxxxxxxxxxx26071517285900013E0107131F07F571D7
3344,2120,260715173044,xxxxxxxxxxxxxxxxxxxxxxxxxxxxxxxx26071517304400013E010713480886847E
3345,2646,260715173229,xxxxxxxxxxxxxxxxxxxxxxxxxxxxxxxx26071517322900013E010713560A6AA559
3346,2886,260715173601,xxxxxxxxxxxxxxxxxxxxxxxxxxxxxxxx26071517360100013E010713460B6CB4A3
3347,2897,260715173746,xxxxxxxxxxxxxxxxxxxxxxxxxxxxxxxx26071517374600013E010713510B12B529
3348,2874,260715173931,xxxxxxxxxxxxxxxxxxxxxxxxxxxxxxxx26071517393100013E0107143A0BA5B3CD
3349,2871,260715174116,xxxxxxxxxxxxxxxxxxxxxxxxxxxxxxxx26071517411600013E010714370B7AB310
3350,2864,260715174300,xxxxxxxxxxxxxxxxxxxxxxxxxxxxxxxx26071517430000013E010715300B09B3B8
3351,2860,260715174445,xxxxxxxxxxxxxxxxxxxxxxxxxxxxxxxx26071517444500013E0107152C0BCBB2E9
3352,2859,260715174630,xxxxxxxxxxxxxxxxxxxxxxxxxxxxxxxx26071517463000013E0107152B0BB1B23E
3353,2861,260715174815,xxxxxxxxxxxxxxxxxxxxxxxxxxxxxxxx26071517481500013E0107152D0BD3B2FC
3354,2853,260715175000,xxxxxxxxxxxxxxxxxxxxxxxxxxxxxxxx26071517500000013E010715250B59B228
3355,2861,260715175144,xxxxxxxxxxxxxxxxxxxxxxxxxxxxxxxx26071517514400013E0107152D0BD8B2DF
3356,2870,260715175329,xxxxxxxxxxxxxxxxxxxxxxxxxxxxxxxx26071517532900013E010715360B6AB3BE
3357,2870,260715175514,xxxxxxxxxxxxxxxxxxxxxxxxxxxxxxxx26071517551400013E010715360B64B362
3358,2869,260715175659,xxxxxxxxxxxxxxxxxxxxxxxxxxxxxxxx26071517565900013E010714350B5CB37C
3359,2869,260715175845,xxxxxxxxxxxxxxxxxxxxxxxxxxxxxxxx26071517584500013E010714350B59B383
3360,2869,260715180030,xxxxxxxxxxxxxxxxxxxxxxxxxxxxxxxx26071518003000013E010715350B58B38A
3361,2869,260715180215,xxxxxxxxxxxxxxxxxxxxxxxxxxxxxxxx26071518021500013E010715350B55B303
3362,2869,260715180400,xxxxxxxxxxxxxxxxxxxxxxxxxxxxxxxx26071518040000013E010715350B56B356
3363,2869,260715180545,xxxxxxxxxxxxxxxxxxxxxxxxxxxxxxxx26071518054500013E010715350B51B338
3364,2868,260715180730,xxxxxxxxxxxxxxxxxxxxxxxxxxxxxxxx26071518073000013E010715340B4FB387
3365,2868,260715180915,xxxxxxxxxxxxxxxxxxxxxxxxxxxxxxxx26071518091500013E010714340B4EB38E
3366,2868,260715181100,xxxxxxxxxxxxxxxxxxxxxxxxxxxxxxxx26071518110000013E010714340B4DB3DB
3367,2868,260715181245,xxxxxxxxxxxxxxxxxxxxxxxxxxxxxxxx26071518124500013E010714340B4CB31F
3368,2868,260715181614,xxxxxxxxxxxxxxxxxxxxxxxxxxxxxxxx26071518161400013E010714340B4DB3DB
3369,2868,260715181759,xxxxxxxxxxxxxxxxxxxxxxxxxxxxxxxx26071518175900013E010714340B4DB3DB
3370,2868,260715181944,xxxxxxxxxxxxxxxxxxxxxxxxxxxxxxxx26071518194400013E010714340B4BB371
3371,2868,260715182129,xxxxxxxxxxxxxxxxxxxxxxxxxxxxxxxx26071518212900013E010714340B4DB3DB
3372,2881,260715182315,xxxxxxxxxxxxxxxxxxxxxxxxxxxxxxxx26071518231500013E010714410B1CB4C2
3373,2845,260715182500,xxxxxxxxxxxxxxxxxxxxxxxxxxxxxxxx26071518250000013E0107151D0BDEB1DF
3374,2794,260715182645,xxxxxxxxxxxxxxxxxxxxxxxxxxxxxxxx26071518264500013E010715EA0AA3AE60
3375,2826,260715182830,xxxxxxxxxxxxxxxxxxxxxxxxxxxxxxxx26071518283000013E0107150A0BA4B06E
3376,2877,260715183015,xxxxxxxxxxxxxxxxxxxxxxxxxxxxxxxx26071518301500013E0107163D0BDAB366
3377,2851,260715183159,xxxxxxxxxxxxxxxxxxxxxxxxxxxxxxxx26071518315900013E010717230B3BB269
3378,2824,260715183344,xxxxxxxxxxxxxxxxxxxxxxxxxxxxxxxx26071518334400013E010717080B80B010
3379,2850,260715183529,xxxxxxxxxxxxxxxxxxxxxxxxxxxxxxxx26071518352900013E010718220B25B2B9
3380,2829,260715183714,xxxxxxxxxxxxxxxxxxxxxxxxxxxxxxxx26071518371400013E0107180D0BD2B018
3381,2806,260715183900,xxxxxxxxxxxxxxxxxxxxxxxxxxxxxxxx26071518390000013E010718F60A61AFDD
3382,2830,260715184045,xxxxxxxxxxxxxxxxxxxxxxxxxxxxxxxx26071518404500013E0107180E0BE3B079
3383,2832,260715184230,xxxxxxxxxxxxxxxxxxxxxxxxxxxxxxxx26071518423000013E010718100B00B12A
3384,2829,260715184415,xxxxxxxxxxxxxxxxxxxxxxxxxxxxxxxx26071518441500013E0107190D0BDAB0A3
3385,2823,260715184600,xxxxxxxxxxxxxxxxxxxxxxxxxxxxxxxx26071518460000013E010719070B79B003
3386,2836,260715184745,xxxxxxxxxxxxxxxxxxxxxxxxxxxxxxxx26071518474500013E010718140B4CB1F2
3387,2814,260715184930,xxxxxxxxxxxxxxxxxxxxxxxxxxxxxxxx26071518493000013E010719FE0AEEAF3B
3388,2826,260715185115,xxxxxxxxxxxxxxxxxxxxxxxxxxxxxxxx26071518511500013E0107180A0BA3B0EC
3389,2824,260715185300,xxxxxxxxxxxxxxxxxxxxxxxxxxxxxxxx26071518530000013E010718080B8DB0F6
3390,2826,260715185630,xxxxxxxxxxxxxxxxxxxxxxxxxxxxxxxx26071518563000013E0107180A0BA2B028
3391,2823,260715185815,xxxxxxxxxxxxxxxxxxxxxxxxxxxxxxxx26071518581500013E010719070B75B04E
3392,2792,260715190000,xxxxxxxxxxxxxxxxxxxxxxxxxxxxxxxx26071519000000013E010719E80A86AE78
3393,2818,260715190145,xxxxxxxxxxxxxxxxxxxxxxxxxxxxxxxx26071519014500013E01071A020B28B07F
3394,2766,260715190330,xxxxxxxxxxxxxxxxxxxxxxxxxxxxxxxx26071519033000013E01071ACE0AECAC4E
3395,2780,260715190515,xxxxxxxxxxxxxxxxxxxxxxxxxxxxxxxx26071519051500013E01071ADC0ACEAD7F
3396,2835,260715190700,xxxxxxxxxxxxxxxxxxxxxxxxxxxxxxxx26071519070000013E010719130B3AB1A5
3397,2812,260715190845,xxxxxxxxxxxxxxxxxxxxxxxxxxxxxxxx26071519084500013E010719FC0AC1AFE5
3398,2781,260715191030,xxxxxxxxxxxxxxxxxxxxxxxxxxxxxxxx26071519103000013E010719DD0AD1AD4A
3399,2792,260715191214,xxxxxxxxxxxxxxxxxxxxxxxxxxxxxxxx26071519121400013E010719E80A80AED2
3400,2791,260715191359,xxxxxxxxxxxxxxxxxxxxxxxxxxxxxxxx26071519135900013E010719E70A79AE63
3401,2781,260715191544,xxxxxxxxxxxxxxxxxxxxxxxxxxxxxxxx26071519154400013E010719DD0AD4ADB5
3402,2795,260715191730,xxxxxxxxxxxxxxxxxxxxxxxxxxxxxxxx26071519173000013E010719EB0AB4AE4C
3403,2820,260715191916,xxxxxxxxxxxxxxxxxxxxxxxxxxxxxxxx26071519191600013E010719040B44B02F
3404,2769,260715192101,xxxxxxxxxxxxxxxxxxxxxxxxxxxxxxxx26071519210100013E010719D10A17AD46
3405,2783,260715192246,xxxxxxxxxxxxxxxxxxxxxxxxxxxxxxxx26071519224600013E010719DF0AFEAD94
3406,2771,260715192431,xxxxxxxxxxxxxxxxxxxxxxxxxxxxxxxx26071519243100013E010719D30A39AD5C
3407,2766,260715192616,xxxxxxxxxxxxxxxxxxxxxxxxxxxxxxxx26071519261600013E01071ACE0AEBAC20
3408,2786,260715192801,xxxxxxxxxxxxxxxxxxxxxxxxxxxxxxxx26071519280100013E01071AE20A2CAE24
3409,2733,260715192946,xxxxxxxxxxxxxxxxxxxxxxxxxxxxxxxx26071519294600013E01071AAD0AD6AA41
3410,2755,260715193131,xxxxxxxxxxxxxxxxxxxxxxxxxxxxxxxx26071519313100013E01071AC30A39AC74
3411,2723,260715193316,xxxxxxxxxxxxxxxxxxxxxxxxxxxxxxxx26071519331600013E01071AA30A30AA8B
3412,2775,260715193501,xxxxxxxxxxxxxxxxxxxxxxxxxxxxxxxx26071519350100013E01071BD70A7FADE0
3413,2771,260715193645,xxxxxxxxxxxxxxxxxxxxxxxxxxxxxxxx26071519364500013E01071BD30A34AD56
3414,2769,260715193830,xxxxxxxxxxxxxxxxxxxxxxxxxxxxxxxx26071519383000013E01071CD10A18AD8C
3415,2797,260715194015,xxxxxxxxxxxxxxxxxxxxxxxxxxxxxxxx26071519401500013E01071CED0AD9AE44
3416,2747,260715194200,xxxxxxxxxxxxxxxxxxxxxxxxxxxxxxxx26071519420000013E01071CBB0ABCAB0F
3417,2749,260715194345,xxxxxxxxxxxxxxxxxxxxxxxxxxxxxxxx26071519434500013E01071BBD0ADDABC9
3418,2749,260715194345,xxxxxxxxxxxxxxxxxxxxxxxxxxxxxxxx26071519434500013E01071BBD0ADDABC9
3419,2759,260715194530,xxxxxxxxxxxxxxxxxxxxxxxxxxxxxxxx26071519453000013E01071BC70A7CACD3
3420,2749,260715194715,xxxxxxxxxxxxxxxxxxxxxxxxxxxxxxxx26071519471500013E01071BBD0AD7AB2E
3421,2778,260715194900,xxxxxxxxxxxxxxxxxxxxxxxxxxxxxxxx26071519490000013E01071ADA0AA0ADF0
3422,2787,260715195045,xxxxxxxxxxxxxxxxxxxxxxxxxxxxxxxx26071519504500013E01071AE30A32AE9B
3423,2795,260715195230,xxxxxxxxxxxxxxxxxxxxxxxxxxxxxxxx26071519523000013E01071CEB0AB0AEA5
3424,2769,260715195415,xxxxxxxxxxxxxxxxxxxxxxxxxxxxxxxx26071519541500013E01071DD10A11ADF3
3425,2695,260715195600,xxxxxxxxxxxxxxxxxxxxxxxxxxxxxxxx26071519560000013E01071F870A70A800
3426,2640,260715195745,xxxxxxxxxxxxxxxxxxxxxxxxxxxxxxxx26071519574500013E010720500A0DA5AE
3427,2648,260715195931,xxxxxxxxxxxxxxxxxxxxxxxxxxxxxxxx26071519593100013E010720580A8AA5F3
3428,2629,260715200116,xxxxxxxxxxxxxxxxxxxxxxxxxxxxxxxx26071520011600013E010720450A55A448
3429,2628,260715200301,xxxxxxxxxxxxxxxxxxxxxxxxxxxxxxxx26071520030100013E01071E440A4FA4EA
3430,2652,260715200446,xxxxxxxxxxxxxxxxxxxxxxxxxxxxxxxx26071520044600013E01071E5C0ACBA584
3431,2650,260715200631,xxxxxxxxxxxxxxxxxxxxxxxxxxxxxxxx26071520063100013E01071E5A0AA0A5F4
3432,2643,260715200817,xxxxxxxxxxxxxxxxxxxxxxxxxxxxxxxx26071520081700013E01071E530A36A50E
3433,2730,260715201002,xxxxxxxxxxxxxxxxxxxxxxxxxxxxxxxx26071520100200013E01071DAA0AAFAA92
3434,2651,260715201147,xxxxxxxxxxxxxxxxxxxxxxxxxxxxxxxx26071520114700013E01071C5B0ABEA5C8
3435,2643,260715201332,xxxxxxxxxxxxxxxxxxxxxxxxxxxxxxxx26071520133200013E01071C530A39A595
3436,2634,260715201517,xxxxxxxxxxxxxxxxxxxxxxxxxxxxxxxx26071520151700013E01071C4A0AA9A4A3
3437,2631,260715201702,xxxxxxxxxxxxxxxxxxxxxxxxxxxxxxxx26071520170200013E01071D470A7BA43A
3438,2648,260715201847,xxxxxxxxxxxxxxxxxxxxxxxxxxxxxxxx26071520184700013E01071D580A85A583
3439,2673,260715202032,xxxxxxxxxxxxxxxxxxxxxxxxxxxxxxxx26071520203200013E01071D710A1FA7F8
3440,2673,260715202217,xxxxxxxxxxxxxxxxxxxxxxxxxxxxxxxx26071520221700013E01071D710A13A7B5
3441,2735,260715202403,xxxxxxxxxxxxxxxxxxxxxxxxxxxxxxxx26071520240300013E01071CAF0AF2AA20
3442,2716,260715202548,xxxxxxxxxxxxxxxxxxxxxxxxxxxxxxxx26071520254800013E01071E9C0ACCA970
3443,2723,260715202733,xxxxxxxxxxxxxxxxxxxxxxxxxxxxxxxx26071520273300013E01071EA30A33AAC1
3444,2689,260715202918,xxxxxxxxxxxxxxxxxxxxxxxxxxxxxxxx26071520291800013E01071F810A1CA81E
3445,2639,260715203103,xxxxxxxxxxxxxxxxxxxxxxxxxxxxxxxx26071520310300013E01071F4F0AFBA48A
3446,2635,260715203246,xxxxxxxxxxxxxxxxxxxxxxxxxxxxxxxx26071520324600013E01071F4B0AB6A496
3447,2629,260715203431,xxxxxxxxxxxxxxxxxxxxxxxxxxxxxxxx26071520343100013E01071F450A58A42A
3448,2639,260715203616,xxxxxxxxxxxxxxxxxxxxxxxxxxxxxxxx26071520361600013E01071F4F0AF8A4DF
3449,2664,260715203801,xxxxxxxxxxxxxxxxxxxxxxxxxxxxxxxx26071520380100013E010720680A8AA659
3450,2640,260715203945,xxxxxxxxxxxxxxxxxxxxxxxxxxxxxxxx26071520394500013E01071F500A04A5F7
3451,2617,260715204130,xxxxxxxxxxxxxxxxxxxxxxxxxxxxxxxx26071520413000013E01071F390A93A384
3452,2641,260715204315,xxxxxxxxxxxxxxxxxxxxxxxxxxxxxxxx26071520431500013E01071F510A17A5C1
3453,2630,260715204500,xxxxxxxxxxxxxxxxxxxxxxxxxxxxxxxx26071520450000013E01071F460A69A44B
3454,2657,260715204645,xxxxxxxxxxxxxxxxxxxxxxxxxxxxxxxx26071520464500013E01071F610A10A605
3455,2653,260715204830,xxxxxxxxxxxxxxxxxxxxxxxxxxxxxxxx26071520483000013E01071E5D0AD2A555
3456,2631,260715205015,xxxxxxxxxxxxxxxxxxxxxxxxxxxxxxxx26071520501500013E01071E470A70A457
3457,2618,260715205200,xxxxxxxxxxxxxxxxxxxxxxxxxxxxxxxx26071520520000013E01071F3A0AA2A3E5
3458,2624,260715205345,xxxxxxxxxxxxxxxxxxxxxxxxxxxxxxxx26071520534500013E010720400A0DA4C8
3459,2626,260715205530,xxxxxxxxxxxxxxxxxxxxxxxxxxxxxxxx26071520553000013E010720420A2DA40E
3460,2694,260715205717,xxxxxxxxxxxxxxxxxxxxxxxxxxxxxxxx26071520571700013E010720860A61A84C
3461,2621,260715205902,xxxxxxxxxxxxxxxxxxxxxxxxxxxxxxxx26071520590200013E0107203D0ADBA38C
3462,2629,260715210047,xxxxxxxxxxxxxxxxxxxxxxxxxxxxxxxx26071521004700013E010721450A53A42F
3463,2628,260715210232,xxxxxxxxxxxxxxxxxxxxxxxxxxxxxxxx26071521023200013E010723440A47A4F4
3464,2628,260715210416,xxxxxxxxxxxxxxxxxxxxxxxxxxxxxxxx26071521041600013E010725440A4CA44B
3465,2626,260715210601,xxxxxxxxxxxxxxxxxxxxxxxxxxxxxxxx26071521060100013E010726420A25A4E4
3466,2632,260715210746,xxxxxxxxxxxxxxxxxxxxxxxxxxxxxxxx26071521074600013E010727480A81A4E7
3467,2633,260715210931,xxxxxxxxxxxxxxxxxxxxxxxxxxxxxxxx26071521093100013E010727490A9DA4C9
3468,2618,260715211116,xxxxxxxxxxxxxxxxxxxxxxxxxxxxxxxx26071521111600013E0107253A0AA1A389
3469,2618,260715211302,xxxxxxxxxxxxxxxxxxxxxxxxxxxxxxxx26071521130200013E0107253A0AA1A389
3470,2649,260715211447,xxxxxxxxxxxxxxxxxxxxxxxxxxxxxxxx26071521144700013E010724590A96A5C2
3471,2637,260715211632,xxxxxxxxxxxxxxxxxxxxxxxxxxxxxxxx26071521163200013E0107244D0AD3A4CE
3472,2635,260715211817,xxxxxxxxxxxxxxxxxxxxxxxxxxxxxxxx26071521181700013E0107244B0ABFA4D0
3473,2635,260715212002,xxxxxxxxxxxxxxxxxxxxxxxxxxxxxxxx26071521200200013E0107234B0AB3A4CC
3474,2635,260715212147,xxxxxxxxxxxxxxxxxxxxxxxxxxxxxxxx26071521214700013E0107234B0AB0A499
3475,2634,260715212332,xxxxxxxxxxxxxxxxxxxxxxxxxxxxxxxx26071521233200013E0107234A0AACA4B7
3476,2634,260715212517,xxxxxxxxxxxxxxxxxxxxxxxxxxxxxxxx26071521251700013E0107234A0AA9A448
3477,2634,260715212702,xxxxxxxxxxxxxxxxxxxxxxxxxxxxxxxx26071521270200013E0107224A0AA6A49D
3478,2634,260715212846,xxxxxxxxxxxxxxxxxxxxxxxxxxxxxxxx26071521284600013E0107224A0AA3A462
3479,2634,260715213031,xxxxxxxxxxxxxxxxxxxxxxxxxxxxxxxx26071521303100013E0107224A0AA1A4F3
3480,2633,260715213216,xxxxxxxxxxxxxxxxxxxxxxxxxxxxxxxx26071521321600013E010722490A9DA41B
3481,2633,260715213401,xxxxxxxxxxxxxxxxxxxxxxxxxxxxxxxx26071521340100013E010722490A9CA4DF
3482,2633,260715213546,xxxxxxxxxxxxxxxxxxxxxxxxxxxxxxxx26071521354600013E010722490A99A420
3483,2633,260715213731,xxxxxxxxxxxxxxxxxxxxxxxxxxxxxxxx26071521373100013E010722490A97A4FC
3484,2633,260715213916,xxxxxxxxxxxxxxxxxxxxxxxxxxxxxxxx26071521391600013E010722490A95A46D
3485,2633,260715214101,xxxxxxxxxxxxxxxxxxxxxxxxxxxxxxxx26071521410100013E010721490A93A489
3486,2633,260715214246,xxxxxxxxxxxxxxxxxxxxxxxxxxxxxxxx26071521424600013E010721490A91A418
3487,2632,260715214432,xxxxxxxxxxxxxxxxxxxxxxxxxxxxxxxx26071521443200013E010721480A8FA4A7
3488,2632,260715214617,xxxxxxxxxxxxxxxxxxxxxxxxxxxxxxxx26071521461700013E010721480A8EA463
3489,2632,260715214802,xxxxxxxxxxxxxxxxxxxxxxxxxxxxxxxx26071521480200013E010721480A8DA436
3490,2632,260715214947,xxxxxxxxxxxxxxxxxxxxxxxxxxxxxxxx26071521494700013E010721480A8CA4F2
3491,2632,260715215132,xxxxxxxxxxxxxxxxxxxxxxxxxxxxxxxx26071521513200013E010721480A8AA458
3492,2632,260715215316,xxxxxxxxxxxxxxxxxxxxxxxxxxxxxxxx26071521531600013E010721480A89A40D
3493,2632,260715215501,xxxxxxxxxxxxxxxxxxxxxxxxxxxxxxxx26071521550100013E010721480A87A4D1
3494,2632,260715215646,xxxxxxxxxxxxxxxxxxxxxxxxxxxxxxxx26071521564600013E010721480A87A4D1
3495,2632,260715215831,xxxxxxxxxxxxxxxxxxxxxxxxxxxxxxxx26071521583100013E010721480A87A4D1
3496,2632,260715220202,xxxxxxxxxxxxxxxxxxxxxxxxxxxxxxxx26071522020200013E010721480A85A440
3497,2632,260715220347,xxxxxxxxxxxxxxxxxxxxxxxxxxxxxxxx26071522034700013E010721480A84A484
3498,2639,260715220532,xxxxxxxxxxxxxxxxxxxxxxxxxxxxxxxx26071522053200013E0107214F0AF3A4DA
3499,2638,260715220717,xxxxxxxxxxxxxxxxxxxxxxxxxxxxxxxx26071522071700013E0107224E0AE3A4F7
3500,2634,260715220901,xxxxxxxxxxxxxxxxxxxxxxxxxxxxxxxx26071522090100013E0107224A0AA6A49D
3501,2674,260715221046,xxxxxxxxxxxxxxxxxxxxxxxxxxxxxxxx26071522104600013E010722720A2EA772
3502,2579,260715221231,xxxxxxxxxxxxxxxxxxxxxxxxxxxxxxxx26071522123100013E010722130A30A180
3503,2610,260715221416,xxxxxxxxxxxxxxxxxxxxxxxxxxxxxxxx26071522141600013E010724320A23A3E6
3504,2652,260715221601,xxxxxxxxxxxxxxxxxxxxxxxxxxxxxxxx26071522160100013E0107235C0AC4A5F4
3505,2659,260715221746,xxxxxxxxxxxxxxxxxxxxxxxxxxxxxxxx26071522174600013E010723630A30A666
3506,2602,260715221931,xxxxxxxxxxxxxxxxxxxxxxxxxxxxxxxx26071522193100013E0107232A0AA6A21D
3507,2640,260715222116,xxxxxxxxxxxxxxxxxxxxxxxxxxxxxxxx26071522211600013E010724500A0FA520
3508,2631,260715222301,xxxxxxxxxxxxxxxxxxxxxxxxxxxxxxxx26071522230100013E010725470A73A4F6
3509,2639,260715222446,xxxxxxxxxxxxxxxxxxxxxxxxxxxxxxxx26071522244600013E0107254F0AF8A4E6
3510,2647,260715222631,xxxxxxxxxxxxxxxxxxxxxxxxxxxxxxxx26071522263100013E010725570A76A56F
3511,2659,260715222816,xxxxxxxxxxxxxxxxxxxxxxxxxxxxxxxx26071522281600013E010725630A32A66B
3512,2696,260715223001,xxxxxxxxxxxxxxxxxxxxxxxxxxxxxxxx26071522300100013E010725880A82A8AB
3513,2707,260715223146,xxxxxxxxxxxxxxxxxxxxxxxxxxxxxxxx26071522314600013E010724930A34A93C
3514,2646,260715223333,xxxxxxxxxxxxxxxxxxxxxxxxxxxxxxxx26071522333300013E010723560A64A501
3515,2605,260715223518,xxxxxxxxxxxxxxxxxxxxxxxxxxxxxxxx26071522351800013E0107232D0AD5A278
3516,2617,260715223703,xxxxxxxxxxxxxxxxxxxxxxxxxxxxxxxx26071522370300013E010723390A9AA393
3517,2700,260715223848,xxxxxxxxxxxxxxxxxxxxxxxxxxxxxxxx26071522384800013E0107238C0ACCA87E
3518,2598,260715224217,xxxxxxxxxxxxxxxxxxxxxxxxxxxxxxxx26071522421700013E010723260A63A244
3519,2581,260715224402,xxxxxxxxxxxxxxxxxxxxxxxxxxxxxxxx26071522440200013E010723150A51A1DA
3520,2661,260715224547,xxxxxxxxxxxxxxxxxxxxxxxxxxxxxxxx26071522454700013E010723650A5BA616
3521,2677,260715224732,xxxxxxxxxxxxxxxxxxxxxxxxxxxxxxxx26071522473200013E010723750A5FA74B
3522,2593,260715224918,xxxxxxxxxxxxxxxxxxxxxxxxxxxxxxxx26071522491800013E010723210A11A2E5
3523,2645,260715225103,xxxxxxxxxxxxxxxxxxxxxxxxxxxxxxxx26071522510300013E010723550A58A5E9
3524,2670,260715225248,xxxxxxxxxxxxxxxxxxxxxxxxxxxxxxxx26071522524800013E0107236E0AE7A6CD
3525,2586,260715225433,xxxxxxxxxxxxxxxxxxxxxxxxxxxxxxxx26071522543300013E0107231A0AA6A1B7
3526,2656,260715225618,xxxxxxxxxxxxxxxxxxxxxxxxxxxxxxxx26071522561800013E010723600A09A671
3527,2562,260715225802,xxxxxxxxxxxxxxxxxxxxxxxxxxxxxxxx26071522580200013E010724020A26A0B3
3528,2625,260715225947,xxxxxxxxxxxxxxxxxxxxxxxxxxxxxxxx26071522594700013E010725410A15A40F
3529,2695,260715230132,xxxxxxxxxxxxxxxxxxxxxxxxxxxxxxxx26071523013200013E010725870A73A86C
3530,2697,260715230317,xxxxxxxxxxxxxxxxxxxxxxxxxxxxxxxx26071523031700013E010724890A92A805
3531,2696,260715230503,xxxxxxxxxxxxxxxxxxxxxxxxxxxxxxxx26071523050300013E010724880A83A8A2
3532,2696,260715230648,xxxxxxxxxxxxxxxxxxxxxxxxxxxxxxxx26071523064800013E010724880A82A866
3533,2696,260715230833,xxxxxxxxxxxxxxxxxxxxxxxxxxxxxxxx26071523083300013E010723880A81A862
3534,2696,260715231018,xxxxxxxxxxxxxxxxxxxxxxxxxxxxxxxx26071523101800013E010723880A82A837
3535,2696,260715231203,xxxxxxxxxxxxxxxxxxxxxxxxxxxxxxxx26071523120300013E010722880A81A8AF
3536,2696,260715231346,xxxxxxxxxxxxxxxxxxxxxxxxxxxxxxxx26071523134600013E010722880A80A86B
3537,2696,260715231531,xxxxxxxxxxxxxxxxxxxxxxxxxxxxxxxx26071523153100013E010721880A82A8B4
3538,2696,260715231716,xxxxxxxxxxxxxxxxxxxxxxxxxxxxxxxx26071523171600013E010721880A82A8B4
3539,2696,260715231901,xxxxxxxxxxxxxxxxxxxxxxxxxxxxxxxx26071523190100013E010721880A85A8DA
3540,2723,260715232233,xxxxxxxxxxxxxxxxxxxxxxxxxxxxxxxx26071523223300013E010721A30A3CAA32
3541,2725,260715232418,xxxxxxxxxxxxxxxxxxxxxxxxxxxxxxxx26071523241800013E010721A50A51AAE8
3542,2723,260715232603,xxxxxxxxxxxxxxxxxxxxxxxxxxxxxxxx26071523260300013E010721A30A39AACD
3543,2722,260715232748,xxxxxxxxxxxxxxxxxxxxxxxxxxxxxxxx26071523274800013E010721A20A2EAAC0
3544,2722,260715232933,xxxxxxxxxxxxxxxxxxxxxxxxxxxxxxxx26071523293300013E010721A20A2EAAC0
3545,2722,260715233118,xxxxxxxxxxxxxxxxxxxxxxxxxxxxxxxx26071523311800013E010721A20A29AAAE
3546,2722,260715233303,xxxxxxxxxxxxxxxxxxxxxxxxxxxxxxxx26071523330300013E010721A20A27AA72
3547,2722,260715233448,xxxxxxxxxxxxxxxxxxxxxxxxxxxxxxxx26071523344800013E010721A20A26AAB6
3548,2722,260715233633,xxxxxxxxxxxxxxxxxxxxxxxxxxxxxxxx26071523363300013E010721A20A25AAE3
3549,2722,260715233818,xxxxxxxxxxxxxxxxxxxxxxxxxxxxxxxx26071523381800013E010720A20A25AA2E
3550,2722,260715234003,xxxxxxxxxxxxxxxxxxxxxxxxxxxxxxxx26071523400300013E010720A20A26AA7B
3551,2722,260715234148,xxxxxxxxxxxxxxxxxxxxxxxxxxxxxxxx26071523414800013E010721A20A26AAB6
3552,2722,260715234333,xxxxxxxxxxxxxxxxxxxxxxxxxxxxxxxx26071523433300013E010720A20A26AA7B
3553,2722,260715234518,xxxxxxxxxxxxxxxxxxxxxxxxxxxxxxxx26071523451800013E010720A20A27AABF
3554,2722,260715234703,xxxxxxxxxxxxxxxxxxxxxxxxxxxxxxxx26071523470300013E010720A20A27AABF
3555,2722,260715234848,xxxxxxxxxxxxxxxxxxxxxxxxxxxxxxxx26071523484800013E010721A20A28AA6A
3556,2722,260715235033,xxxxxxxxxxxxxxxxxxxxxxxxxxxxxxxx26071523503300013E010720A20A28AAA7
3557,2722,260715235218,xxxxxxxxxxxxxxxxxxxxxxxxxxxxxxxx26071523521800013E010720A20A28AAA7
3558,2722,260715235401,xxxxxxxxxxxxxxxxxxxxxxxxxxxxxxxx26071523540100013E010720A20A28AAA7
3559,2722,260715235546,xxxxxxxxxxxxxxxxxxxxxxxxxxxxxxxx26071523554600013E010720A20A29AA63
3560,2722,260715235731,xxxxxxxxxxxxxxxxxxxxxxxxxxxxxxxx26071523573100013E010720A20A2AAA36
3561,2722,260715235916,xxxxxxxxxxxxxxxxxxxxxxxxxxxxxxxx26071523591600013E010720A20A2AAA36
3562,2722,260716000248,xxxxxxxxxxxxxxxxxxxxxxxxxxxxxxxx26071600024800013E010721A20A2BAA3F
3563,2722,260716000433,xxxxxxxxxxxxxxxxxxxxxxxxxxxxxxxx26071600043300013E010721A20A2BAA3F
3564,2722,260716000618,xxxxxxxxxxxxxxxxxxxxxxxxxxxxxxxx26071600061800013E010721A20A2BAA3F
3565,2722,260716000803,xxxxxxxxxxxxxxxxxxxxxxxxxxxxxxxx26071600080300013E010720A20A2BAAF2
3566,2722,260716000947,xxxxxxxxxxxxxxxxxxxxxxxxxxxxxxxx26071600094700013E010720A20A2CAA9C
3567,2722,260716001132,xxxxxxxxxxxxxxxxxxxxxxxxxxxxxxxx26071600113200013E010720A20A2DAA58
3568,2722,260716001317,xxxxxxxxxxxxxxxxxxxxxxxxxxxxxxxx26071600131700013E010720A20A2DAA58
3569,2722,260716001502,xxxxxxxxxxxxxxxxxxxxxxxxxxxxxxxx26071600150200013E010720A20A2EAA0D
3570,2722,260716001647,xxxxxxxxxxxxxxxxxxxxxxxxxxxxxxxx26071600164700013E010720A20A2EAA0D
3571,2722,260716001832,xxxxxxxxxxxxxxxxxxxxxxxxxxxxxxxx26071600183200013E010720A20A2FAAC9
3572,2723,260716002017,xxxxxxxxxxxxxxxxxxxxxxxxxxxxxxxx26071600201700013E010720A30A31AA76
3573,2723,260716002202,xxxxxxxxxxxxxxxxxxxxxxxxxxxxxxxx26071600220200013E010720A30A31AA76
3574,2723,260716002347,xxxxxxxxxxxxxxxxxxxxxxxxxxxxxxxx26071600234700013E010720A30A33AAE7
3575,2723,260716002533,xxxxxxxxxxxxxxxxxxxxxxxxxxxxxxxx26071600253300013E010720A30A34AA89
3576,2723,260716002718,xxxxxxxxxxxxxxxxxxxxxxxxxxxxxxxx26071600271800013E010720A30A33AAE7
3577,2723,260716002903,xxxxxxxxxxxxxxxxxxxxxxxxxxxxxxxx26071600290300013E010720A30A35AA4D
3578,2723,260716003048,xxxxxxxxxxxxxxxxxxxxxxxxxxxxxxxx26071600304800013E010720A30A35AA4D
3579,2723,260716003233,xxxxxxxxxxxxxxxxxxxxxxxxxxxxxxxx26071600323300013E010720A30A37AADC
3580,2723,260716003418,xxxxxxxxxxxxxxxxxxxxxxxxxxxxxxxx26071600341800013E010720A30A37AADC
3581,2723,260716003603,xxxxxxxxxxxxxxxxxxxxxxxxxxxxxxxx26071600360300013E010720A30A39AA00
3582,2723,260716003748,xxxxxxxxxxxxxxxxxxxxxxxxxxxxxxxx26071600374800013E010720A30A39AA00
3583,2723,260716003933,xxxxxxxxxxxxxxxxxxxxxxxxxxxxxxxx26071600393300013E010720A30A3AAA55
3584,2723,260716004118,xxxxxxxxxxxxxxxxxxxxxxxxxxxxxxxx26071600411800013E010720A30A3CAAFF
3585,2723,260716004302,xxxxxxxxxxxxxxxxxxxxxxxxxxxxxxxx26071600430200013E010720A30A3DAA3B
3586,2723,260716004447,xxxxxxxxxxxxxxxxxxxxxxxxxxxxxxxx26071600444700013E010720A30A3EAA6E
3587,2723,260716004632,xxxxxxxxxxxxxxxxxxxxxxxxxxxxxxxx26071600463200013E010720A30A3FAAAA
3588,2724,260716004817,xxxxxxxxxxxxxxxxxxxxxxxxxxxxxxxx26071600481700013E010720A40A41AA46
3589,2724,260716005003,xxxxxxxxxxxxxxxxxxxxxxxxxxxxxxxx26071600500300013E010720A40A42AA13
3590,2724,260716005148,xxxxxxxxxxxxxxxxxxxxxxxxxxxxxxxx26071600514800013E010720A40A43AAD7
3591,2724,260716005333,xxxxxxxxxxxxxxxxxxxxxxxxxxxxxxxx26071600533300013E01071FA40A44AA52
3592,2724,260716005518,xxxxxxxxxxxxxxxxxxxxxxxxxxxxxxxx26071600551800013E010720A40A46AA28
3593,2724,260716005703,xxxxxxxxxxxxxxxxxxxxxxxxxxxxxxxx26071600570300013E01071FA40A47AA07
3594,2724,260716005847,xxxxxxxxxxxxxxxxxxxxxxxxxxxxxxxx26071600584700013E01071FA40A47AA07
3595,2724,260716010032,xxxxxxxxxxxxxxxxxxxxxxxxxxxxxxxx26071601003200013E01071FA40A48AA1F
3596,2724,260716010217,xxxxxxxxxxxxxxxxxxxxxxxxxxxxxxxx26071601021700013E01071FA40A49AADB
3597,2724,260716010402,xxxxxxxxxxxxxxxxxxxxxxxxxxxxxxxx26071601040200013E01071FA40A4BAA4A
3598,2724,260716010547,xxxxxxxxxxxxxxxxxxxxxxxxxxxxxxxx26071601054700013E01071FA40A4BAA4A
3599,2724,260716010732,xxxxxxxxxxxxxxxxxxxxxxxxxxxxxxxx26071601073200013E01071FA40A4DAAE0
3600,2724,260716010917,xxxxxxxxxxxxxxxxxxxxxxxxxxxxxxxx26071601091700013E01071FA40A4EAAB5
3601,2725,260716011102,xxxxxxxxxxxxxxxxxxxxxxxxxxxxxxxx26071601110200013E01071FA50A50AA0A
3602,2725,260716011247,xxxxxxxxxxxxxxxxxxxxxxxxxxxxxxxx26071601124700013E01071FA50A50AA0A
3603,2725,260716011434,xxxxxxxxxxxxxxxxxxxxxxxxxxxxxxxx26071601143400013E01071FA50A51AACE
3604,2725,260716011619,xxxxxxxxxxxxxxxxxxxxxxxxxxxxxxxx26071601161900013E01071FA50A51AACE
3605,2725,260716011804,xxxxxxxxxxxxxxxxxxxxxxxxxxxxxxxx26071601180400013E01071FA50A53AA5F
3606,2725,260716011949,xxxxxxxxxxxxxxxxxxxxxxxxxxxxxxxx26071601194900013E01071FA50A53AA5F
3607,2725,260716012134,xxxxxxxxxxxxxxxxxxxxxxxxxxxxxxxx26071601213400013E01071FA50A54AA31
3608,2725,260716012318,xxxxxxxxxxxxxxxxxxxxxxxxxxxxxxxx26071601231800013E01071FA50A55AAF5
3609,2725,260716012503,xxxxxxxxxxxxxxxxxxxxxxxxxxxxxxxx26071601250300013E01071FA50A55AAF5
3610,2725,260716012648,xxxxxxxxxxxxxxxxxxxxxxxxxxxxxxxx26071601264800013E01071FA50A56AAA0
3611,2725,260716012833,xxxxxxxxxxxxxxxxxxxxxxxxxxxxxxxx26071601283300013E01071FA50A58AA7C
3612,2725,260716013018,xxxxxxxxxxxxxxxxxxxxxxxxxxxxxxxx26071601301800013E01071FA50A58AA7C
3613,2725,260716013203,xxxxxxxxxxxxxxxxxxxxxxxxxxxxxxxx26071601320300013E01071FA50A59AAB8
3614,2725,260716013348,xxxxxxxxxxxxxxxxxxxxxxxxxxxxxxxx26071601334800013E01071FA50A5AAAED
3615,2725,260716013533,xxxxxxxxxxxxxxxxxxxxxxxxxxxxxxxx26071601353300013E01071FA50A5BAA29
3616,2725,260716013718,xxxxxxxxxxxxxxxxxxxxxxxxxxxxxxxx26071601371800013E010720A50A5CAAAC
3617,2725,260716013903,xxxxxxxxxxxxxxxxxxxxxxxxxxxxxxxx26071601390300013E010720A50A5CAAAC
3618,2725,260716014048,xxxxxxxxxxxxxxxxxxxxxxxxxxxxxxxx26071601404800013E010720A50A5DAA68
3619,2725,260716014233,xxxxxxxxxxxxxxxxxxxxxxxxxxxxxxxx26071601423300013E010720A50A5DAA68
3620,2725,260716014418,xxxxxxxxxxxxxxxxxxxxxxxxxxxxxxxx26071601441800013E010720A50A5EAA3D
3621,2725,260716014603,xxxxxxxxxxxxxxxxxxxxxxxxxxxxxxxx26071601460300013E010720A50A5EAA3D
3622,2725,260716014748,xxxxxxxxxxxxxxxxxxxxxxxxxxxxxxxx26071601474800013E010720A50A5EAA3D
3623,2725,260716014933,xxxxxxxxxxxxxxxxxxxxxxxxxxxxxxxx26071601493300013E010720A50A5EAA3D
3624,2725,260716015118,xxxxxxxxxxxxxxxxxxxxxxxxxxxxxxxx26071601511800013E010720A50A5FAAF9
3625,2726,260716015303,xxxxxxxxxxxxxxxxxxxxxxxxxxxxxxxx26071601530300013E010720A60A60AA44
3626,2726,260716015448,xxxxxxxxxxxxxxxxxxxxxxxxxxxxxxxx26071601544800013E010720A60A61AA80
3627,2726,260716015633,xxxxxxxxxxxxxxxxxxxxxxxxxxxxxxxx26071601563300013E010720A60A61AA80
3628,2726,260716015818,xxxxxxxxxxxxxxxxxxxxxxxxxxxxxxxx26071601581800013E010720A60A63AA11
3629,2726,260716020003,xxxxxxxxxxxxxxxxxxxxxxxxxxxxxxxx26071602000300013E010720A60A62AAD5
3630,2726,260716020148,xxxxxxxxxxxxxxxxxxxxxxxxxxxxxxxx26071602014800013E010720A60A63AA11
3631,2726,260716020334,xxxxxxxxxxxxxxxxxxxxxxxxxxxxxxxx26071602033400013E01071FA60A64AA94
3632,2726,260716020519,xxxxxxxxxxxxxxxxxxxxxxxxxxxxxxxx26071602051900013E01071FA60A66AA05
3633,2726,260716020704,xxxxxxxxxxxxxxxxxxxxxxxxxxxxxxxx26071602070400013E01071FA60A66AA05
3634,2726,260716020849,xxxxxxxxxxxxxxxxxxxxxxxxxxxxxxxx26071602084900013E01071FA60A67AAC1
3635,2726,260716021033,xxxxxxxxxxxxxxxxxxxxxxxxxxxxxxxx26071602103300013E01071FA60A69AA1D
3636,2726,260716021218,xxxxxxxxxxxxxxxxxxxxxxxxxxxxxxxx26071602121800013E01071FA60A6AAA48
3637,2726,260716021403,xxxxxxxxxxxxxxxxxxxxxxxxxxxxxxxx26071602140300013E01071FA60A6BAA8C
3638,2726,260716021548,xxxxxxxxxxxxxxxxxxxxxxxxxxxxxxxx26071602154800013E01071EA60A6CAA2F
3639,2726,260716021733,xxxxxxxxxxxxxxxxxxxxxxxxxxxxxxxx26071602173300013E01071EA60A6DAAEB
3640,2726,260716021918,xxxxxxxxxxxxxxxxxxxxxxxxxxxxxxxx26071602191800013E01071EA60A6FAA7A
3641,2727,260716022103,xxxxxxxxxxxxxxxxxxxxxxxxxxxxxxxx26071602210300013E01071EA70A70AA01
3642,2727,260716022248,xxxxxxxxxxxxxxxxxxxxxxxxxxxxxxxx26071602224800013E01071EA70A72AA90
3643,2727,260716022433,xxxxxxxxxxxxxxxxxxxxxxxxxxxxxxxx26071602243300013E01071EA70A73AA54
3644,2727,260716022617,xxxxxxxxxxxxxxxxxxxxxxxxxxxxxxxx26071602261700013E01071EA70A75AAFE
3645,2727,260716022804,xxxxxxxxxxxxxxxxxxxxxxxxxxxxxxxx26071602280400013E01071EA70A76AAAB
3646,2727,260716022949,xxxxxxxxxxxxxxxxxxxxxxxxxxxxxxxx26071602294900013E01071EA70A77AA6F
3647,2727,260716023134,xxxxxxxxxxxxxxxxxxxxxxxxxxxxxxxx26071602313400013E01071EA70A78AA77
3648,2727,260716023319,xxxxxxxxxxxxxxxxxxxxxxxxxxxxxxxx26071602331900013E01071EA70A79AAB3
3649,2727,260716023502,xxxxxxxxxxxxxxxxxxxxxxxxxxxxxxxx26071602350200013E01071EA70A7AAAE6
3650,2727,260716023647,xxxxxxxxxxxxxxxxxxxxxxxxxxxxxxxx26071602364700013E01071EA70A7BAA22
3651,2727,260716023832,xxxxxxxxxxxxxxxxxxxxxxxxxxxxxxxx26071602383200013E01071EA70A7CAA4C
3652,2727,260716024017,xxxxxxxxxxxxxxxxxxxxxxxxxxxxxxxx26071602401700013E01071EA70A7EAADD
3653,2728,260716024202,xxxxxxxxxxxxxxxxxxxxxxxxxxxxxxxx26071602420200013E01071EA80A81AAC6
3654,2728,260716024348,xxxxxxxxxxxxxxxxxxxxxxxxxxxxxxxx26071602434800013E01071EA80A81AAC6
3655,2728,260716024533,xxxxxxxxxxxxxxxxxxxxxxxxxxxxxxxx26071602453300013E01071DA80A82AADD
3656,2728,260716024718,xxxxxxxxxxxxxxxxxxxxxxxxxxxxxxxx26071602471800013E01071DA80A84AA77
3657,2728,260716024903,xxxxxxxxxxxxxxxxxxxxxxxxxxxxxxxx26071602490300013E01071DA80A86AAE6
3658,2728,260716025049,xxxxxxxxxxxxxxxxxxxxxxxxxxxxxxxx26071602504900013E01071DA80A87AA22
3659,2728,260716025234,xxxxxxxxxxxxxxxxxxxxxxxxxxxxxxxx26071602523400013E01071DA80A89AAFE
3660,2728,260716025419,xxxxxxxxxxxxxxxxxxxxxxxxxxxxxxxx26071602541900013E01071DA80A8BAA6F
3661,2728,260716025604,xxxxxxxxxxxxxxxxxxxxxxxxxxxxxxxx26071602560400013E01071DA80A8BAA6F
3662,2728,260716025750,xxxxxxxxxxxxxxxxxxxxxxxxxxxxxxxx26071602575000013E01071DA80A8DAAC5
3663,2728,260716025934,xxxxxxxxxxxxxxxxxxxxxxxxxxxxxxxx26071602593400013E01071DA80A8EAA90
3664,2728,260716030119,xxxxxxxxxxxxxxxxxxxxxxxxxxxxxxxx26071603011900013E01071DA80A8FAA54
3665,2729,260716030304,xxxxxxxxxxxxxxxxxxxxxxxxxxxxxxxx26071603030400013E01071DA90A90AA2F
3666,2729,260716030449,xxxxxxxxxxxxxxxxxxxxxxxxxxxxxxxx26071603044900013E01071DA90A92AABE
3667,2729,260716030818,xxxxxxxxxxxxxxxxxxxxxxxxxxxxxxxx26071603081800013E01071DA90A94AA14
3668,2729,260716031003,xxxxxxxxxxxxxxxxxxxxxxxxxxxxxxxx26071603100300013E01071DA90A96AA85
3669,2729,260716031148,xxxxxxxxxxxxxxxxxxxxxxxxxxxxxxxx26071603114800013E01071CA90A96AA48
3670,2729,260716031333,xxxxxxxxxxxxxxxxxxxxxxxxxxxxxxxx26071603133300013E01071CA90A99AA50
3671,2729,260716031519,xxxxxxxxxxxxxxxxxxxxxxxxxxxxxxxx26071603151900013E01071CA90A9AAA05
3672,2729,260716031704,xxxxxxxxxxxxxxxxxxxxxxxxxxxxxxxx26071603170400013E01071CA90A9BAAC1
3673,2729,260716031849,xxxxxxxxxxxxxxxxxxxxxxxxxxxxxxxx26071603184900013E01071CA90A9CAAAF
3674,2729,260716032034,xxxxxxxxxxxxxxxxxxxxxxxxxxxxxxxx26071603203400013E01071CA90A9EAA3E
3675,2729,260716032219,xxxxxxxxxxxxxxxxxxxxxxxxxxxxxxxx26071603221900013E01071CA90A9FAAFA
3676,2730,260716032403,xxxxxxxxxxxxxxxxxxxxxxxxxxxxxxxx26071603240300013E01071CAA0AA2AAD6
3677,2730,260716032548,xxxxxxxxxxxxxxxxxxxxxxxxxxxxxxxx26071603254800013E01071CAA0AA2AAD6
3678,2730,260716032733,xxxxxxxxxxxxxxxxxxxxxxxxxxxxxxxx26071603273300013E01071CAA0AA3AA12
3679,2730,260716032918,xxxxxxxxxxxxxxxxxxxxxxxxxxxxxxxx26071603291800013E01071CAA0AA4AA7C
3680,2730,260716033103,xxxxxxxxxxxxxxxxxxxxxxxxxxxxxxxx26071603310300013E01071CAA0AA7AA29
3681,2730,260716033248,xxxxxxxxxxxxxxxxxxxxxxxxxxxxxxxx26071603324800013E01071CAA0AA9AAF5
3682,2730,260716033433,xxxxxxxxxxxxxxxxxxxxxxxxxxxxxxxx26071603343300013E01071CAA0AAAAAA0
3683,2730,260716033618,xxxxxxxxxxxxxxxxxxxxxxxxxxxxxxxx26071603361800013E01071BAA0AACAA5B
3684,2730,260716033803,xxxxxxxxxxxxxxxxxxxxxxxxxxxxxxxx26071603380300013E01071BAA0AAEAACA
3685,2731,260716033949,xxxxxxxxxxxxxxxxxxxxxxxxxxxxxxxx26071603394900013E01071BAB0AB1AAB1
3686,2731,260716034134,xxxxxxxxxxxxxxxxxxxxxxxxxxxxxxxx26071603413400013E01071BAB0AB1AAB1
3687,2731,260716034319,xxxxxxxxxxxxxxxxxxxxxxxxxxxxxxxx26071603431900013E01071CAB0AB2AAB5
3688,2731,260716034504,xxxxxxxxxxxxxxxxxxxxxxxxxxxxxxxx26071603450400013E01071BAB0AB4AA4E
3689,2731,260716034834,xxxxxxxxxxxxxxxxxxxxxxxxxxxxxxxx26071603483400013E01071CAB0AB7AA4A
3690,2731,260716035019,xxxxxxxxxxxxxxxxxxxxxxxxxxxxxxxx26071603501900013E01071BAB0AB9AAC7
3691,2731,260716035204,xxxxxxxxxxxxxxxxxxxxxxxxxxxxxxxx26071603520400013E01071BAB0ABAAA92
3692,2731,260716035349,xxxxxxxxxxxxxxxxxxxxxxxxxxxxxxxx26071603534900013E01071BAB0ABBAA56
3693,2731,260716035533,xxxxxxxxxxxxxxxxxxxxxxxxxxxxxxxx26071603553300013E01071BAB0ABCAA38
3694,2731,260716035718,xxxxxxxxxxxxxxxxxxxxxxxxxxxxxxxx26071603571800013E01071BAB0ABEAAA9
3695,2731,260716035903,xxxxxxxxxxxxxxxxxxxxxxxxxxxxxxxx26071603590300013E01071BAB0ABFAA6D
3696,2732,260716040048,xxxxxxxxxxxxxxxxxxxxxxxxxxxxxxxx26071604004800013E01071BAC0AC1AA81
3697,2732,260716040233,xxxxxxxxxxxxxxxxxxxxxxxxxxxxxxxx26071604023300013E01071BAC0AC3AA10
3698,2732,260716040419,xxxxxxxxxxxxxxxxxxxxxxxxxxxxxxxx26071604041900013E01071BAC0AC4AA7E
3699,2732,260716040604,xxxxxxxxxxxxxxxxxxxxxxxxxxxxxxxx26071604060400013E01071BAC0AC6AAEF
3700,2732,260716040749,xxxxxxxxxxxxxxxxxxxxxxxxxxxxxxxx26071604074900013E01071BAC0AC7AA2B
3701,2732,260716040934,xxxxxxxxxxxxxxxxxxxxxxxxxxxxxxxx26071604093400013E01071BAC0AC8AA33
3702,2732,260716041120,xxxxxxxxxxxxxxxxxxxxxxxxxxxxxxxx26071604112000013E01071BAC0AC9AAF7
3703,2732,260716041305,xxxxxxxxxxxxxxxxxxxxxxxxxxxxxxxx26071604130500013E01071BAC0ACCAA08
3704,2732,260716041450,xxxxxxxxxxxxxxxxxxxxxxxxxxxxxxxx26071604145000013E01071BAC0ACCAA08
3705,2732,260716041635,xxxxxxxxxxxxxxxxxxxxxxxxxxxxxxxx26071604163500013E01071BAC0ACCAA08
3706,2732,260716041820,xxxxxxxxxxxxxxxxxxxxxxxxxxxxxxxx26071604182000013E01071BAC0ACCAA08
3707,2732,260716042004,xxxxxxxxxxxxxxxxxxxxxxxxxxxxxxxx26071604200400013E01071BAC0ACEAA99
3708,2733,260716042149,xxxxxxxxxxxxxxxxxxxxxxxxxxxxxxxx26071604214900013E01071BAD0AD0AA26
3709,2733,260716042334,xxxxxxxxxxxxxxxxxxxxxxxxxxxxxxxx26071604233400013E01071BAD0AD0AA26
3710,2733,260716042519,xxxxxxxxxxxxxxxxxxxxxxxxxxxxxxxx26071604251900013E01071CAD0AD1AAB3
3711,2733,260716042850,xxxxxxxxxxxxxxxxxxxxxxxxxxxxxxxx26071604285000013E01071CAD0AD2AAE6
3712,2733,260716043035,xxxxxxxxxxxxxxxxxxxxxxxxxxxxxxxx26071604303500013E01071BAD0AD2AAB7
3713,2733,260716043220,xxxxxxxxxxxxxxxxxxxxxxxxxxxxxxxx26071604322000013E01071BAD0AD3AA73
3714,2733,260716043405,xxxxxxxxxxxxxxxxxxxxxxxxxxxxxxxx26071604340500013E01071BAD0AD4AA1D
3715,2733,260716043548,xxxxxxxxxxxxxxxxxxxxxxxxxxxxxxxx26071604354800013E01071BAD0AD6AA8C
3716,2733,260716043733,xxxxxxxxxxxxxxxxxxxxxxxxxxxxxxxx26071604373300013E01071BAD0AD7AA48
3717,2733,260716043918,xxxxxxxxxxxxxxxxxxxxxxxxxxxxxxxx26071604391800013E01071BAD0AD8AA50
3718,2733,260716044103,xxxxxxxxxxxxxxxxxxxxxxxxxxxxxxxx26071604410300013E01071BAD0ADAAAC1
3719,2733,260716044248,xxxxxxxxxxxxxxxxxxxxxxxxxxxxxxxx26071604424800013E01071BAD0ADCAA6B
3720,2733,260716044434,xxxxxxxxxxxxxxxxxxxxxxxxxxxxxxxx26071604443400013E01071BAD0ADDAAAF
3721,2733,260716044619,xxxxxxxxxxxxxxxxxxxxxxxxxxxxxxxx26071604461900013E01071BAD0ADFAA3E
3722,2734,260716044804,xxxxxxxxxxxxxxxxxxxxxxxxxxxxxxxx26071604480400013E01071BAE0AE0AA83
3723,2734,260716044949,xxxxxxxxxxxxxxxxxxxxxxxxxxxxxxxx26071604494900013E01071BAE0AE3AAD6
3724,2734,260716045134,xxxxxxxxxxxxxxxxxxxxxxxxxxxxxxxx26071604513400013E01071BAE0AE3AAD6
3725,2734,260716045319,xxxxxxxxxxxxxxxxxxxxxxxxxxxxxxxx26071604531900013E01071BAE0AE5AA7C
3726,2734,260716045504,xxxxxxxxxxxxxxxxxxxxxxxxxxxxxxxx26071604550400013E01071BAE0AE6AA29
3727,2734,260716045649,xxxxxxxxxxxxxxxxxxxxxxxxxxxxxxxx26071604564900013E01071BAE0AE7AAED
3728,2734,260716045834,xxxxxxxxxxxxxxxxxxxxxxxxxxxxxxxx26071604583400013E01071BAE0AE8AAF5
3729,2734,260716050018,xxxxxxxxxxxxxxxxxxxxxxxxxxxxxxxx26071605001800013E01071BAE0AEAAA64
3730,2734,260716050203,xxxxxxxxxxxxxxxxxxxxxxxxxxxxxxxx26071605020300013E01071BAE0AEAAA64
3731,2734,260716050348,xxxxxxxxxxxxxxxxxxxxxxxxxxxxxxxx26071605034800013E01071BAE0AEAAA64
3732,2734,260716050533,xxxxxxxxxxxxxxxxxxxxxxxxxxxxxxxx26071605053300013E01071BAE0AEBAAA0
3733,2734,260716050905,xxxxxxxxxxxxxxxxxxxxxxxxxxxxxxxx26071605090500013E01071BAE0AECAACE
3734,2734,260716051050,xxxxxxxxxxxxxxxxxxxxxxxxxxxxxxxx26071605105000013E01071BAE0AECAACE
3735,2734,260716051235,xxxxxxxxxxxxxxxxxxxxxxxxxxxxxxxx26071605123500013E01071BAE0AECAACE
3736,2734,260716051420,xxxxxxxxxxxxxxxxxxxxxxxxxxxxxxxx26071605142000013E01071BAE0AEDAA0A
3737,2734,260716051604,xxxxxxxxxxxxxxxxxxxxxxxxxxxxxxxx26071605160400013E01071BAE0AEEAA5F
3738,2735,260716051749,xxxxxxxxxxxxxxxxxxxxxxxxxxxxxxxx26071605174900013E01071AAF0AF1AAE9
3739,2735,260716051934,xxxxxxxxxxxxxxxxxxxxxxxxxxxxxxxx26071605193400013E01071BAF0AF2AA71
3740,2735,260716052119,xxxxxxxxxxxxxxxxxxxxxxxxxxxxxxxx26071605211900013E01071AAF0AF4AA16
3741,2735,260716052304,xxxxxxxxxxxxxxxxxxxxxxxxxxxxxxxx26071605230400013E01071AAF0AF6AA87
3742,2735,260716052450,xxxxxxxxxxxxxxxxxxxxxxxxxxxxxxxx26071605245000013E01071AAF0AF7AA43
3743,2735,260716052635,xxxxxxxxxxxxxxxxxxxxxxxxxxxxxxxx26071605263500013E01071AAF0AF9AA9F
3744,2735,260716052820,xxxxxxxxxxxxxxxxxxxxxxxxxxxxxxxx26071605282000013E01071AAF0AFAAACA
3745,2735,260716053005,xxxxxxxxxxxxxxxxxxxxxxxxxxxxxxxx26071605300500013E01071AAF0AFBAA0E
3746,2735,260716053149,xxxxxxxxxxxxxxxxxxxxxxxxxxxxxxxx26071605314900013E01071AAF0AFEAAF1
3747,2735,260716053334,xxxxxxxxxxxxxxxxxxxxxxxxxxxxxxxx26071605333400013E01071AAF0AFFAA35
3748,2736,260716053519,xxxxxxxxxxxxxxxxxxxxxxxxxxxxxxxx26071605351900013E01071AB00A00AB48
3749,2736,260716053704,xxxxxxxxxxxxxxxxxxxxxxxxxxxxxxxx26071605370400013E01071AB00A03AB1D
3750,2736,260716053849,xxxxxxxxxxxxxxxxxxxxxxxxxxxxxxxx26071605384900013E01071AB00A04AB73
3751,2736,260716054034,xxxxxxxxxxxxxxxxxxxxxxxxxxxxxxxx26071605403400013E01071AB00A04AB73
3752,2736,260716054219,xxxxxxxxxxxxxxxxxxxxxxxxxxxxxxxx26071605421900013E01071AB00A06ABE2
3753,2736,260716054404,xxxxxxxxxxxxxxxxxxxxxxxxxxxxxxxx26071605440400013E01071AB00A07AB26
3754,2736,260716054549,xxxxxxxxxxxxxxxxxxxxxxxxxxxxxxxx26071605454900013E01071AB00A07AB26
3755,2736,260716054734,xxxxxxxxxxxxxxxxxxxxxxxxxxxxxxxx26071605473400013E01071AB00A09ABFA
3756,2736,260716054919,xxxxxxxxxxxxxxxxxxxxxxxxxxxxxxxx26071605491900013E01071AB00A0AABAF
3757,2736,260716055104,xxxxxxxxxxxxxxxxxxxxxxxxxxxxxxxx26071605510400013E01071AB00A0AABAF
3758,2736,260716055249,xxxxxxxxxxxxxxxxxxxxxxxxxxxxxxxx26071605524900013E01071AB00A0CAB05
3759,2736,260716055434,xxxxxxxxxxxxxxxxxxxxxxxxxxxxxxxx26071605543400013E01071AB00A0DABC1
3760,2736,260716055620,xxxxxxxxxxxxxxxxxxxxxxxxxxxxxxxx26071605562000013E01071AB00A0EAB94
3761,2736,260716055805,xxxxxxxxxxxxxxxxxxxxxxxxxxxxxxxx26071605580500013E01071AB00A0FAB50
3762,2737,260716055950,xxxxxxxxxxxxxxxxxxxxxxxxxxxxxxxx26071605595000013E01071AB10A10AB2B
3763,2737,260716060135,xxxxxxxxxxxxxxxxxxxxxxxxxxxxxxxx26071606013500013E01071AB10A12ABBA
3764,2737,260716060320,xxxxxxxxxxxxxxxxxxxxxxxxxxxxxxxx26071606032000013E01071AB10A12ABBA
3765,2737,260716060504,xxxxxxxxxxxxxxxxxxxxxxxxxxxxxxxx26071606050400013E01071AB10A12ABBA
3766,2737,260716060649,xxxxxxxxxxxxxxxxxxxxxxxxxxxxxxxx26071606064900013E01071AB10A12ABBA
3767,2737,260716060834,xxxxxxxxxxxxxxxxxxxxxxxxxxxxxxxx26071606083400013E01071AB10A13AB7E
3768,2737,260716061019,xxxxxxxxxxxxxxxxxxxxxxxxxxxxxxxx26071606101900013E01071AB10A15ABD4
3769,2737,260716061205,xxxxxxxxxxxxxxxxxxxxxxxxxxxxxxxx26071606120500013E01071AB10A15ABD4
3770,2737,260716061350,xxxxxxxxxxxxxxxxxxxxxxxxxxxxxxxx26071606135000013E01071AB10A16AB81
3771,2737,260716061535,xxxxxxxxxxxxxxxxxxxxxxxxxxxxxxxx26071606153500013E01071AB10A17AB45
3772,2737,260716061720,xxxxxxxxxxxxxxxxxxxxxxxxxxxxxxxx26071606172000013E01071AB10A18AB5D
3773,2737,260716061905,xxxxxxxxxxxxxxxxxxxxxxxxxxxxxxxx26071606190500013E01071AB10A19AB99
3774,2737,260716062049,xxxxxxxxxxxxxxxxxxxxxxxxxxxxxxxx26071606204900013E01071AB10A1AABCC
3775,2737,260716062234,xxxxxxxxxxxxxxxxxxxxxxxxxxxxxxxx26071606223400013E01071AB10A1AABCC
3776,2737,260716062419,xxxxxxxxxxxxxxxxxxxxxxxxxxxxxxxx26071606241900013E01071AB10A1AABCC
3777,2737,260716062604,xxxxxxxxxxxxxxxxxxxxxxxxxxxxxxxx26071606260400013E01071AB10A1BAB08
3778,2737,260716062749,xxxxxxxxxxxxxxxxxxxxxxxxxxxxxxxx26071606274900013E01071AB10A1CAB66
3779,2737,260716062934,xxxxxxxxxxxxxxxxxxxxxxxxxxxxxxxx26071606293400013E01071AB10A1DABA2
3780,2737,260716063119,xxxxxxxxxxxxxxxxxxxxxxxxxxxxxxxx26071606311900013E01071AB10A1EABF7
3781,2737,260716063304,xxxxxxxxxxxxxxxxxxxxxxxxxxxxxxxx26071606330400013E01071AB10A1EABF7
3782,2737,260716063449,xxxxxxxxxxxxxxxxxxxxxxxxxxxxxxxx26071606344900013E01071AB10A1FAB33
3783,2738,260716063634,xxxxxxxxxxxxxxxxxxxxxxxxxxxxxxxx26071606363400013E01071AB20A20AB8E
3784,2738,260716063819,xxxxxxxxxxxxxxxxxxxxxxxxxxxxxxxx26071606381900013E01071AB20A21AB4A
3785,2738,260716064004,xxxxxxxxxxxxxxxxxxxxxxxxxxxxxxxx26071606400400013E01071AB20A22AB1F
3786,2738,260716064149,xxxxxxxxxxxxxxxxxxxxxxxxxxxxxxxx26071606414900013E01071AB20A22AB1F
3787,2738,260716064334,xxxxxxxxxxxxxxxxxxxxxxxxxxxxxxxx26071606433400013E01071AB20A23ABDB
3788,2738,260716064520,xxxxxxxxxxxxxxxxxxxxxxxxxxxxxxxx26071606452000013E01071AB20A24ABB5
3789,2738,260716064706,xxxxxxxxxxxxxxxxxxxxxxxxxxxxxxxx26071606470600013E01071AB20A24ABB5
3790,2738,260716064851,xxxxxxxxxxxxxxxxxxxxxxxxxxxxxxxx26071606485100013E01071AB20A26AB24
3791,2738,260716065036,xxxxxxxxxxxxxxxxxxxxxxxxxxxxxxxx26071606503600013E01071AB20A27ABE0
3792,2738,260716065221,xxxxxxxxxxxxxxxxxxxxxxxxxxxxxxxx26071606522100013E01071AB20A27ABE0
3793,2738,260716065406,xxxxxxxxxxxxxxxxxxxxxxxxxxxxxxxx26071606540600013E01071AB20A28ABF8
3794,2738,260716065551,xxxxxxxxxxxxxxxxxxxxxxxxxxxxxxxx26071606555100013E01071AB20A29AB3C
3795,2738,260716065736,xxxxxxxxxxxxxxxxxxxxxxxxxxxxxxxx26071606573600013E01071AB20A2AAB69
3796,2738,260716065921,xxxxxxxxxxxxxxxxxxxxxxxxxxxxxxxx26071606592100013E01071AB20A2BABAD
3797,2738,260716070105,xxxxxxxxxxxxxxxxxxxxxxxxxxxxxxxx26071607010500013E01071AB20A2BABAD
3798,2738,260716070250,xxxxxxxxxxxxxxxxxxxxxxxxxxxxxxxx26071607025000013E01071AB20A2CABC3
3799,2738,260716070435,xxxxxxxxxxxxxxxxxxxxxxxxxxxxxxxx26071607043500013E01071AB20A2DAB07
3800,2738,260716070620,xxxxxxxxxxxxxxxxxxxxxxxxxxxxxxxx26071607062000013E01071AB20A2FAB96
3801,2739,260716070805,xxxxxxxxxxxxxxxxxxxxxxxxxxxxxxxx26071607080500013E01071AB30A30ABED
3802,2739,260716070951,xxxxxxxxxxxxxxxxxxxxxxxxxxxxxxxx26071607095100013E01071AB30A30ABED
3803,2739,260716071136,xxxxxxxxxxxxxxxxxxxxxxxxxxxxxxxx26071607113600013E010719B30A31AB67
3804,2739,260716071321,xxxxxxxxxxxxxxxxxxxxxxxxxxxxxxxx26071607132100013E01071AB30A32AB7C
3805,2739,260716071506,xxxxxxxxxxxxxxxxxxxxxxxxxxxxxxxx26071607150600013E01071AB30A33ABB8
3806,2739,260716071651,xxxxxxxxxxxxxxxxxxxxxxxxxxxxxxxx26071607165100013E010719B30A32AB32
3807,2739,260716071836,xxxxxxxxxxxxxxxxxxxxxxxxxxxxxxxx26071607183600013E010719B30A34AB98
3808,2739,260716072021,xxxxxxxxxxxxxxxxxxxxxxxxxxxxxxxx26071607202100013E010719B30A35AB5C
3809,2739,260716072206,xxxxxxxxxxxxxxxxxxxxxxxxxxxxxxxx26071607220600013E010719B30A36AB09
3810,2739,260716072351,xxxxxxxxxxxxxxxxxxxxxxxxxxxxxxxx26071607235100013E010719B30A38ABD5
3811,2739,260716072536,xxxxxxxxxxxxxxxxxxxxxxxxxxxxxxxx26071607253600013E010719B30A38ABD5
3812,2739,260716072721,xxxxxxxxxxxxxxxxxxxxxxxxxxxxxxxx26071607272100013E010719B30A39AB11
3813,2739,260716072906,xxxxxxxxxxxxxxxxxxxxxxxxxxxxxxxx26071607290600013E010719B30A3AAB44
3814,2739,260716073051,xxxxxxxxxxxxxxxxxxxxxxxxxxxxxxxx26071607305100013E010719B30A3AAB44
3815,2739,260716073235,xxxxxxxxxxxxxxxxxxxxxxxxxxxxxxxx26071607323500013E010719B30A3BAB80
3816,2739,260716073420,xxxxxxxxxxxxxxxxxxxxxxxxxxxxxxxx26071607342000013E010719B30A3DAB2A
3817,2739,260716073605,xxxxxxxxxxxxxxxxxxxxxxxxxxxxxxxx26071607360500013E010719B30A3EAB7F
3818,2739,260716073750,xxxxxxxxxxxxxxxxxxxxxxxxxxxxxxxx26071607375000013E010719B30A3EAB7F
3819,2739,260716073935,xxxxxxxxxxxxxxxxxxxxxxxxxxxxxxxx26071607393500013E010719B30A3FABBB
3820,2739,260716074120,xxxxxxxxxxxxxxxxxxxxxxxxxxxxxxxx26071607412000013E010719B30A3FABBB
3821,2740,260716074305,xxxxxxxxxxxxxxxxxxxxxxxxxxxxxxxx26071607430500013E010719B40A40AB93
3822,2740,260716074450,xxxxxxxxxxxxxxxxxxxxxxxxxxxxxxxx26071607445000013E010719B40A41AB57
3823,2740,260716074635,xxxxxxxxxxxxxxxxxxxxxxxxxxxxxxxx26071607463500013E010719B40A41AB57
3824,2740,260716074820,xxxxxxxxxxxxxxxxxxxxxxxxxxxxxxxx26071607482000013E010719B40A43ABC6
3825,2740,260716075005,xxxxxxxxxxxxxxxxxxxxxxxxxxxxxxxx26071607500500013E010719B40A44ABA8
3826,2740,260716075150,xxxxxxxxxxxxxxxxxxxxxxxxxxxxxxxx26071607515000013E010719B40A44ABA8
3827,2740,260716075335,xxxxxxxxxxxxxxxxxxxxxxxxxxxxxxxx26071607533500013E010719B40A46AB39
3828,2740,260716075520,xxxxxxxxxxxxxxxxxxxxxxxxxxxxxxxx26071607552000013E010719B40A46AB39
3829,2740,260716075705,xxxxxxxxxxxxxxxxxxxxxxxxxxxxxxxx26071607570500013E010719B40A48ABE5
3830,2740,260716075850,xxxxxxxxxxxxxxxxxxxxxxxxxxxxxxxx26071607585000013E010719B40A48ABE5
3831,2740,260716080035,xxxxxxxxxxxxxxxxxxxxxxxxxxxxxxxx26071608003500013E010719B40A49AB21
3832,2740,260716080220,xxxxxxxxxxxxxxxxxxxxxxxxxxxxxxxx26071608022000013E010719B40A4AAB74
3833,2740,260716080405,xxxxxxxxxxxxxxxxxxxxxxxxxxxxxxxx26071608040500013E010719B40A4AAB74
3834,2740,260716080549,xxxxxxxxxxxxxxxxxxxxxxxxxxxxxxxx26071608054900013E010719B40A4AAB74
3835,2740,260716080734,xxxxxxxxxxxxxxxxxxxxxxxxxxxxxxxx26071608073400013E010719B40A4CABDE
3836,2740,260716080919,xxxxxxxxxxxxxxxxxxxxxxxxxxxxxxxx26071608091900013E010719B40A4CABDE
3837,2740,260716081104,xxxxxxxxxxxxxxxxxxxxxxxxxxxxxxxx26071608110400013E010719B40A4CABDE
3838,2740,260716081434,xxxxxxxxxxxxxxxxxxxxxxxxxxxxxxxx26071608143400013E010719B40A4EAB4F
3839,2740,260716081619,xxxxxxxxxxxxxxxxxxxxxxxxxxxxxxxx26071608161900013E010719B40A4FAB8B
3840,2741,260716081804,xxxxxxxxxxxxxxxxxxxxxxxxxxxxxxxx26071608180400013E010719B50A50ABF0
3841,2741,260716081949,xxxxxxxxxxxxxxxxxxxxxxxxxxxxxxxx26071608194900013E010719B50A51AB34
3842,2741,260716082136,xxxxxxxxxxxxxxxxxxxxxxxxxxxxxxxx26071608213600013E010719B50A51AB34
3843,2741,260716082321,xxxxxxxxxxxxxxxxxxxxxxxxxxxxxxxx26071608232100013E010719B50A52AB61
3844,2741,260716082506,xxxxxxxxxxxxxxxxxxxxxxxxxxxxxxxx26071608250600013E010719B50A54ABCB
3845,2741,260716082651,xxxxxxxxxxxxxxxxxxxxxxxxxxxxxxxx26071608265100013E010719B50A54ABCB
3846,2741,260716082836,xxxxxxxxxxxxxxxxxxxxxxxxxxxxxxxx26071608283600013E010719B50A55AB0F
3847,2741,260716083020,xxxxxxxxxxxxxxxxxxxxxxxxxxxxxxxx26071608302000013E010719B50A55AB0F
3848,2741,260716083205,xxxxxxxxxxxxxxxxxxxxxxxxxxxxxxxx26071608320500013E010719B50A56AB5A
3849,2741,260716083350,xxxxxxxxxxxxxxxxxxxxxxxxxxxxxxxx26071608335000013E010719B50A56AB5A
3850,2741,260716083535,xxxxxxxxxxxxxxxxxxxxxxxxxxxxxxxx26071608353500013E010719B50A58AB86
3851,2741,260716083721,xxxxxxxxxxxxxxxxxxxxxxxxxxxxxxxx26071608372100013E010719B50A59AB42
3852,2741,260716083906,xxxxxxxxxxxxxxxxxxxxxxxxxxxxxxxx26071608390600013E010719B50A5AAB17
3853,2741,260716084051,xxxxxxxxxxxxxxxxxxxxxxxxxxxxxxxx26071608405100013E010719B50A5AAB17
3854,2741,260716084236,xxxxxxxxxxxxxxxxxxxxxxxxxxxxxxxx26071608423600013E010719B50A5CABBD
3855,2741,260716084421,xxxxxxxxxxxxxxxxxxxxxxxxxxxxxxxx26071608442100013E010719B50A5CABBD
3856,2741,260716084606,xxxxxxxxxxxxxxxxxxxxxxxxxxxxxxxx26071608460600013E010719B50A5DAB79
3857,2741,260716084751,xxxxxxxxxxxxxxxxxxxxxxxxxxxxxxxx26071608475100013E010719B50A5DAB79
3858,2741,260716084936,xxxxxxxxxxxxxxxxxxxxxxxxxxxxxxxx26071608493600013E010719B50A5EAB2C
3859,2741,260716085121,xxxxxxxxxxxxxxxxxxxxxxxxxxxxxxxx26071608512100013E010718B50A5FAB25
3860,2742,260716085451,xxxxxxxxxxxxxxxxxxxxxxxxxxxxxxxx26071608545100013E010718B60A61AB5C
3861,2742,260716085636,xxxxxxxxxxxxxxxxxxxxxxxxxxxxxxxx26071608563600013E010718B60A61AB5C
3862,2742,260716085821,xxxxxxxxxxxxxxxxxxxxxxxxxxxxxxxx26071608582100013E010718B60A63ABCD
3863,2742,260716090006,xxxxxxxxxxxxxxxxxxxxxxxxxxxxxxxx26071609000600013E010718B60A64ABA3
3864,2742,260716090150,xxxxxxxxxxxxxxxxxxxxxxxxxxxxxxxx26071609015000013E010718B60A65AB67
3865,2742,260716090335,xxxxxxxxxxxxxxxxxxxxxxxxxxxxxxxx26071609033500013E010718B60A65AB67
3866,2742,260716090520,xxxxxxxxxxxxxxxxxxxxxxxxxxxxxxxx26071609052000013E010718B60A66AB32
3867,2742,260716090705,xxxxxxxxxxxxxxxxxxxxxxxxxxxxxxxx26071609070500013E010718B60A67ABF6
3868,2742,260716090850,xxxxxxxxxxxxxxxxxxxxxxxxxxxxxxxx26071609085000013E010718B60A68ABEE
3869,2742,260716091036,xxxxxxxxxxxxxxxxxxxxxxxxxxxxxxxx26071609103600013E010718B60A69AB2A
3870,2742,260716091221,xxxxxxxxxxxxxxxxxxxxxxxxxxxxxxxx26071609122100013E010718B60A69AB2A
3871,2742,260716091406,xxxxxxxxxxxxxxxxxxxxxxxxxxxxxxxx26071609140600013E010718B60A6BABBB
3872,2742,260716091551,xxxxxxxxxxxxxxxxxxxxxxxxxxxxxxxx26071609155100013E010718B60A6CABD5
3873,2742,260716091736,xxxxxxxxxxxxxxxxxxxxxxxxxxxxxxxx26071609173600013E010718B60A6CABD5
3874,2742,260716091921,xxxxxxxxxxxxxxxxxxxxxxxxxxxxxxxx26071609192100013E010718B60A6CABD5
3875,2742,260716092106,xxxxxxxxxxxxxxxxxxxxxxxxxxxxxxxx26071609210600013E010718B60A6DAB11
3876,2742,260716092251,xxxxxxxxxxxxxxxxxxxxxxxxxxxxxxxx26071609225100013E010718B60A6DAB11
3877,2742,260716092436,xxxxxxxxxxxxxxxxxxxxxxxxxxxxxxxx26071609243600013E010718B60A6DAB11
3878,2742,260716092620,xxxxxxxxxxxxxxxxxxxxxxxxxxxxxxxx26071609262000013E010718B60A6EAB44
3879,2742,260716092805,xxxxxxxxxxxxxxxxxxxxxxxxxxxxxxxx26071609280500013E010718B60A6EAB44
3880,2742,260716092951,xxxxxxxxxxxxxxxxxxxxxxxxxxxxxxxx26071609295100013E010718B60A6FAB80
3881,2742,260716093136,xxxxxxxxxxxxxxxxxxxxxxxxxxxxxxxx26071609313600013E010718B60A6FAB80
3882,2743,260716093506,xxxxxxxxxxxxxxxxxxxxxxxxxxxxxxxx26071609350600013E010718B70A70ABFB
3883,2743,260716093651,xxxxxxxxxxxxxxxxxxxxxxxxxxxxxxxx26071609365100013E010718B70A70ABFB
3884,2743,260716093836,xxxxxxxxxxxxxxxxxxxxxxxxxxxxxxxx26071609383600013E010718B70A71AB3F
3885,2743,260716094021,xxxxxxxxxxxxxxxxxxxxxxxxxxxxxxxx26071609402100013E010718B70A71AB3F
3886,2743,260716094205,xxxxxxxxxxxxxxxxxxxxxxxxxxxxxxxx26071609420500013E010718B70A71AB3F
3887,2743,260716094350,xxxxxxxxxxxxxxxxxxxxxxxxxxxxxxxx26071609435000013E010718B70A72AB6A
3888,2743,260716094535,xxxxxxxxxxxxxxxxxxxxxxxxxxxxxxxx26071609453500013E010718B70A73ABAE
3889,2743,260716094720,xxxxxxxxxxxxxxxxxxxxxxxxxxxxxxxx26071609472000013E010718B70A73ABAE
3890,2743,260716094905,xxxxxxxxxxxxxxxxxxxxxxxxxxxxxxxx26071609490500013E010718B70A74ABC0
3891,2743,260716095051,xxxxxxxxxxxxxxxxxxxxxxxxxxxxxxxx26071609505100013E010718B70A74ABC0
3892,2743,260716095236,xxxxxxxxxxxxxxxxxxxxxxxxxxxxxxxx26071609523600013E010718B70A75AB04
3893,2743,260716095421,xxxxxxxxxxxxxxxxxxxxxxxxxxxxxxxx26071609542100013E010718B70A76AB51
3894,2743,260716095606,xxxxxxxxxxxxxxxxxxxxxxxxxxxxxxxx26071609560600013E010718B70A77AB95
3895,2743,260716095750,xxxxxxxxxxxxxxxxxxxxxxxxxxxxxxxx26071609575000013E010718B70A78AB8D
3896,2743,260716095935,xxxxxxxxxxxxxxxxxxxxxxxxxxxxxxxx26071609593500013E010718B70A77AB95
3897,2743,260716100120,xxxxxxxxxxxxxxxxxxxxxxxxxxxxxxxx26071610012000013E010718B70A78AB8D
3898,2743,260716100305,xxxxxxxxxxxxxxxxxxxxxxxxxxxxxxxx26071610030500013E010718B70A7AAB1C
3899,2743,260716100450,xxxxxxxxxxxxxxxxxxxxxxxxxxxxxxxx26071610045000013E010718B70A7AAB1C
3900,2743,260716100636,xxxxxxxxxxxxxxxxxxxxxxxxxxxxxxxx26071610063600013E010718B70A7BABD8
3901,2743,260716100821,xxxxxxxxxxxxxxxxxxxxxxxxxxxxxxxx26071610082100013E010718B70A7BABD8
3902,2743,260716101006,xxxxxxxxxxxxxxxxxxxxxxxxxxxxxxxx26071610100600013E010718B70A7CABB6
3903,2743,260716101151,xxxxxxxxxxxxxxxxxxxxxxxxxxxxxxxx26071610115100013E010718B70A7DAB72
3904,2743,260716101521,xxxxxxxxxxxxxxxxxxxxxxxxxxxxxxxx26071610152100013E010718B70A7FABE3
3905,2743,260716101706,xxxxxxxxxxxxxxxxxxxxxxxxxxxxxxxx26071610170600013E010718B70A7FABE3
3906,2744,260716101851,xxxxxxxxxxxxxxxxxxxxxxxxxxxxxxxx26071610185100013E010718B80A80ABF8
3907,2744,260716102036,xxxxxxxxxxxxxxxxxxxxxxxxxxxxxxxx26071610203600013E010718B80A80ABF8
3908,2744,260716102221,xxxxxxxxxxxxxxxxxxxxxxxxxxxxxxxx26071610222100013E010718B80A81AB3C
3909,2744,260716102406,xxxxxxxxxxxxxxxxxxxxxxxxxxxxxxxx26071610240600013E010718B80A82AB69
3910,2744,260716102551,xxxxxxxxxxxxxxxxxxxxxxxxxxxxxxxx26071610255100013E010718B80A82AB69
3911,2744,260716102736,xxxxxxxxxxxxxxxxxxxxxxxxxxxxxxxx26071610273600013E010718B80A83ABAD
3912,2744,260716102921,xxxxxxxxxxxxxxxxxxxxxxxxxxxxxxxx26071610292100013E010718B80A83ABAD
3913,2744,260716103106,xxxxxxxxxxxxxxxxxxxxxxxxxxxxxxxx26071610310600013E010718B80A84ABC3
3914,2744,260716103251,xxxxxxxxxxxxxxxxxxxxxxxxxxxxxxxx26071610325100013E010718B80A84ABC3
3915,2744,260716103436,xxxxxxxxxxxxxxxxxxxxxxxxxxxxxxxx26071610343600013E010718B80A84ABC3
3916,2744,260716103621,xxxxxxxxxxxxxxxxxxxxxxxxxxxxxxxx26071610362100013E010718B80A85AB07
3917,2744,260716103807,xxxxxxxxxxxxxxxxxxxxxxxxxxxxxxxx26071610380700013E010718B80A86AB52
3918,2744,260716103952,xxxxxxxxxxxxxxxxxxxxxxxxxxxxxxxx26071610395200013E010718B80A86AB52
3919,2744,260716104137,xxxxxxxxxxxxxxxxxxxxxxxxxxxxxxxx26071610413700013E010718B80A87AB96
3920,2744,260716104322,xxxxxxxxxxxxxxxxxxxxxxxxxxxxxxxx26071610432200013E010718B80A87AB96
3921,2744,260716104507,xxxxxxxxxxxxxxxxxxxxxxxxxxxxxxxx26071610450700013E010718B80A88AB8E
3922,2744,260716104652,xxxxxxxxxxxxxxxxxxxxxxxxxxxxxxxx26071610465200013E010718B80A89AB4A
3923,2744,260716104837,xxxxxxxxxxxxxxxxxxxxxxxxxxxxxxxx26071610483700013E010718B80A8AAB1F
3924,2744,260716105022,xxxxxxxxxxxxxxxxxxxxxxxxxxxxxxxx26071610502200013E010718B80A8AAB1F
3925,2744,260716105207,xxxxxxxxxxxxxxxxxxxxxxxxxxxxxxxx26071610520700013E010718B80A8BABDB
3926,2744,260716105352,xxxxxxxxxxxxxxxxxxxxxxxxxxxxxxxx26071610535200013E010717B80A8BABB4
3927,2744,260716105536,xxxxxxxxxxxxxxxxxxxxxxxxxxxxxxxx26071610553600013E010717B80A8CABDA
3928,2744,260716105721,xxxxxxxxxxxxxxxxxxxxxxxxxxxxxxxx26071610572100013E010717B80A8CABDA
3929,2744,260716105906,xxxxxxxxxxxxxxxxxxxxxxxxxxxxxxxx26071610590600013E010717B80A8DAB1E
3930,2744,260716110051,xxxxxxxxxxxxxxxxxxxxxxxxxxxxxxxx26071611005100013E010717B80A8EAB4B
3931,2744,260716110237,xxxxxxxxxxxxxxxxxxxxxxxxxxxxxxxx26071611023700013E010718B80A8EAB24
3932,2744,260716110422,xxxxxxxxxxxxxxxxxxxxxxxxxxxxxxxx26071611042200013E010718B80A8FABE0
3933,2744,260716110607,xxxxxxxxxxxxxxxxxxxxxxxxxxxxxxxx26071611060700013E010718B80A8FABE0
3934,2745,260716110752,xxxxxxxxxxxxxxxxxxxxxxxxxxxxxxxx26071611075200013E010717B90A90ABF4
3935,2745,260716110937,xxxxxxxxxxxxxxxxxxxxxxxxxxxxxxxx26071611093700013E010717B90A91AB30
3936,2745,260716111121,xxxxxxxxxxxxxxxxxxxxxxxxxxxxxxxx26071611112100013E010717B90A91AB30
3937,2745,260716111306,xxxxxxxxxxxxxxxxxxxxxxxxxxxxxxxx26071611130600013E010718B90A92AB0A
3938,2745,260716111451,xxxxxxxxxxxxxxxxxxxxxxxxxxxxxxxx26071611145100013E010717B90A92AB65
3939,2745,260716111636,xxxxxxxxxxxxxxxxxxxxxxxxxxxxxxxx26071611163600013E010717B90A92AB65
3940,2745,260716111821,xxxxxxxxxxxxxxxxxxxxxxxxxxxxxxxx26071611182100013E010717B90A92AB65
3941,2745,260716112006,xxxxxxxxxxxxxxxxxxxxxxxxxxxxxxxx26071611200600013E010717B90A93ABA1
3942,2745,260716112151,xxxxxxxxxxxxxxxxxxxxxxxxxxxxxxxx26071611215100013E010717B90A94ABCF
3943,2745,260716112336,xxxxxxxxxxxxxxxxxxxxxxxxxxxxxxxx26071611233600013E010717B90A94ABCF
3944,2745,260716112521,xxxxxxxxxxxxxxxxxxxxxxxxxxxxxxxx26071611252100013E010717B90A95AB0B
3945,2745,260716112707,xxxxxxxxxxxxxxxxxxxxxxxxxxxxxxxx26071611270700013E010717B90A96AB5E
3946,2745,260716112852,xxxxxxxxxxxxxxxxxxxxxxxxxxxxxxxx26071611285200013E010717B90A97AB9A
3947,2745,260716113037,xxxxxxxxxxxxxxxxxxxxxxxxxxxxxxxx26071611303700013E010717B90A97AB9A
3948,2745,260716113222,xxxxxxxxxxxxxxxxxxxxxxxxxxxxxxxx26071611322200013E010717B90A99AB46
3949,2745,260716113407,xxxxxxxxxxxxxxxxxxxxxxxxxxxxxxxx26071611340700013E010717B90A9AAB13
3950,2745,260716113552,xxxxxxxxxxxxxxxxxxxxxxxxxxxxxxxx26071611355200013E010717B90A99AB46
3951,2745,260716113737,xxxxxxxxxxxxxxxxxxxxxxxxxxxxxxxx26071611373700013E010717B90A9AAB13
3952,2745,260716113922,xxxxxxxxxxxxxxxxxxxxxxxxxxxxxxxx26071611392200013E010717B90A9BABD7
3953,2745,260716114107,xxxxxxxxxxxxxxxxxxxxxxxxxxxxxxxx26071611410700013E010717B90A9CABB9
3954,2745,260716114251,xxxxxxxxxxxxxxxxxxxxxxxxxxxxxxxx26071611425100013E010717B90A9CABB9
3955,2745,260716114436,xxxxxxxxxxxxxxxxxxxxxxxxxxxxxxxx26071611443600013E010717B90A9DAB7D
3956,2745,260716114621,xxxxxxxxxxxxxxxxxxxxxxxxxxxxxxxx26071611462100013E010717B90A9DAB7D
3957,2745,260716114806,xxxxxxxxxxxxxxxxxxxxxxxxxxxxxxxx26071611480600013E010717B90A9EAB28
3958,2745,260716114951,xxxxxxxxxxxxxxxxxxxxxxxxxxxxxxxx26071611495100013E010717B90A9FABEC
3959,2745,260716115136,xxxxxxxxxxxxxxxxxxxxxxxxxxxxxxxx26071611513600013E010717B90A9FABEC
3960,2745,260716115323,xxxxxxxxxxxxxxxxxxxxxxxxxxxxxxxx26071611532300013E010717B90A9FABEC
3961,2745,260716115508,xxxxxxxxxxxxxxxxxxxxxxxxxxxxxxxx26071611550800013E010717B90A9FABEC
3962,2745,260716115653,xxxxxxxxxxxxxxxxxxxxxxxxxxxxxxxx26071611565300013E010717B90A9FABEC
3963,2745,260716115837,xxxxxxxxxxxxxxxxxxxxxxxxxxxxxxxx26071611583700013E010717B90A9FABEC
3964,2745,260716120022,xxxxxxxxxxxxxxxxxxxxxxxxxxxxxxxx26071612002200013E010717B90A9EAB28
3965,2745,260716120207,xxxxxxxxxxxxxxxxxxxxxxxxxxxxxxxx26071612020700013E010717B90A9EAB28
3966,2745,260716120352,xxxxxxxxxxxxxxxxxxxxxxxxxxxxxxxx26071612035200013E010717B90A9EAB28
3967,2745,260716120537,xxxxxxxxxxxxxxxxxxxxxxxxxxxxxxxx26071612053700013E010717B90A9EAB28
3968,2745,260716120722,xxxxxxxxxxxxxxxxxxxxxxxxxxxxxxxx26071612072200013E010717B90A9EAB28
3969,2745,260716120907,xxxxxxxxxxxxxxxxxxxxxxxxxxxxxxxx26071612090700013E010717B90A9EAB28
3970,2745,260716121052,xxxxxxxxxxxxxxxxxxxxxxxxxxxxxxxx26071612105200013E010718B90A9EAB47
3971,2745,260716121237,xxxxxxxxxxxxxxxxxxxxxxxxxxxxxxxx26071612123700013E010718B90A9EAB47
3972,2745,260716121422,xxxxxxxxxxxxxxxxxxxxxxxxxxxxxxxx26071612142200013E010718B90A9FAB83
3973,2745,260716121607,xxxxxxxxxxxxxxxxxxxxxxxxxxxxxxxx26071612160700013E010718B90A9EAB47
3974,2745,260716121752,xxxxxxxxxxxxxxxxxxxxxxxxxxxxxxxx26071612175200013E010718B90A9EAB47
3975,2745,260716121937,xxxxxxxxxxxxxxxxxxxxxxxxxxxxxxxx26071612193700013E010718B90A9EAB47
3976,2745,260716122122,xxxxxxxxxxxxxxxxxxxxxxxxxxxxxxxx26071612212200013E010718B90A9EAB47
3977,2745,260716122306,xxxxxxxxxxxxxxxxxxxxxxxxxxxxxxxx26071612230600013E010718B90A9DAB12
3978,2745,260716122451,xxxxxxxxxxxxxxxxxxxxxxxxxxxxxxxx26071612245100013E010718B90A9DAB12
3979,2745,260716122636,xxxxxxxxxxxxxxxxxxxxxxxxxxxxxxxx26071612263600013E010718B90A9DAB12
3980,2745,260716122821,xxxxxxxxxxxxxxxxxxxxxxxxxxxxxxxx26071612282100013E010718B90A9CABD6
3981,2745,260716123006,xxxxxxxxxxxxxxxxxxxxxxxxxxxxxxxx26071612300600013E010718B90A9CABD6
3982,2745,260716123153,xxxxxxxxxxxxxxxxxxxxxxxxxxxxxxxx26071612315300013E010718B90A9CABD6
3983,2745,260716123338,xxxxxxxxxxxxxxxxxxxxxxxxxxxxxxxx26071612333800013E010719B90A9BAB75
3984,2745,260716123523,xxxxxxxxxxxxxxxxxxxxxxxxxxxxxxxx26071612352300013E010719B90A9BAB75
3985,2745,260716123708,xxxxxxxxxxxxxxxxxxxxxxxxxxxxxxxx26071612370800013E010719B90A9BAB75
3986,2745,260716123852,xxxxxxxxxxxxxxxxxxxxxxxxxxxxxxxx26071612385200013E010719B90A9BAB75
3987,2745,260716124037,xxxxxxxxxxxxxxxxxxxxxxxxxxxxxxxx26071612403700013E010719B90A9AABB1
3988,2745,260716124222,xxxxxxxxxxxxxxxxxxxxxxxxxxxxxxxx26071612422200013E010719B90A9AABB1
3989,2745,260716124407,xxxxxxxxxxxxxxxxxxxxxxxxxxxxxxxx26071612440700013E010719B90A99ABE4
3990,2745,260716124552,xxxxxxxxxxxxxxxxxxxxxxxxxxxxxxxx26071612455200013E010719B90A99ABE4
3991,2745,260716124737,xxxxxxxxxxxxxxxxxxxxxxxxxxxxxxxx26071612473700013E010719B90A99ABE4
3992,2745,260716124922,xxxxxxxxxxxxxxxxxxxxxxxxxxxxxxxx26071612492200013E010719B90A97AB38
3993,2745,260716125107,xxxxxxxxxxxxxxxxxxxxxxxxxxxxxxxx26071612510700013E010719B90A96ABFC
3994,2745,260716125252,xxxxxxxxxxxxxxxxxxxxxxxxxxxxxxxx26071612525200013E010719B90A96ABFC
3995,2745,260716125437,xxxxxxxxxxxxxxxxxxxxxxxxxxxxxxxx26071612543700013E010719B90A96ABFC
3996,2745,260716125621,xxxxxxxxxxxxxxxxxxxxxxxxxxxxxxxx26071612562100013E010719B90A95ABA9
3997,2745,260716125806,xxxxxxxxxxxxxxxxxxxxxxxxxxxxxxxx26071612580600013E010719B90A95ABA9
3998,2745,260716125951,xxxxxxxxxxxxxxxxxxxxxxxxxxxxxxxx26071612595100013E01071AB90A94AB23
3999,2745,260716130136,xxxxxxxxxxxxxxxxxxxxxxxxxxxxxxxx26071613013600013E01071AB90A94AB23
4000,2745,260716130322,xxxxxxxxxxxxxxxxxxxxxxxxxxxxxxxx26071613032200013E01071AB90A94AB23
4001,2745,260716130507,xxxxxxxxxxxxxxxxxxxxxxxxxxxxxxxx26071613050700013E01071AB90A93AB4D
4002,2745,260716130652,xxxxxxxxxxxxxxxxxxxxxxxxxxxxxxxx26071613065200013E01071AB90A93AB4D
4003,2745,260716130837,xxxxxxxxxxxxxxxxxxxxxxxxxxxxxxxx26071613083700013E01071AB90A93AB4D
4004,2745,260716131022,xxxxxxxxxxxxxxxxxxxxxxxxxxxxxxxx26071613102200013E01071AB90A92AB89
4005,2745,260716131207,xxxxxxxxxxxxxxxxxxxxxxxxxxxxxxxx26071613120700013E01071AB90A91ABDC
4006,2745,260716131352,xxxxxxxxxxxxxxxxxxxxxxxxxxxxxxxx26071613135200013E01071AB90A91ABDC
4007,2745,260716131537,xxxxxxxxxxxxxxxxxxxxxxxxxxxxxxxx26071613153700013E01071AB90A90AB18
4008,2744,260716131722,xxxxxxxxxxxxxxxxxxxxxxxxxxxxxxxx26071613172200013E01071AB80A8FAB63
4009,2744,260716132052,xxxxxxxxxxxxxxxxxxxxxxxxxxxxxxxx26071613205200013E01071AB80A8FAB63
4010,2744,260716132237,xxxxxxxxxxxxxxxxxxxxxxxxxxxxxxxx26071613223700013E01071AB80A8FAB63
4011,2744,260716132422,xxxxxxxxxxxxxxxxxxxxxxxxxxxxxxxx26071613242200013E01071AB80A8EABA7
4012,2744,260716132607,xxxxxxxxxxxxxxxxxxxxxxxxxxxxxxxx26071613260700013E01071AB80A8FAB63
4013,2744,260716132751,xxxxxxxxxxxxxxxxxxxxxxxxxxxxxxxx26071613275100013E01071AB80A8EABA7
4014,2744,260716132936,xxxxxxxxxxxxxxxxxxxxxxxxxxxxxxxx26071613293600013E01071AB80A8EABA7
4015,2744,260716133121,xxxxxxxxxxxxxxxxxxxxxxxxxxxxxxxx26071613312100013E01071AB80A8DABF2
4016,2744,260716133306,xxxxxxxxxxxxxxxxxxxxxxxxxxxxxxxx26071613330600013E01071AB80A8CAB36
4017,2744,260716133451,xxxxxxxxxxxxxxxxxxxxxxxxxxxxxxxx26071613345100013E01071AB80A8CAB36
4018,2744,260716133637,xxxxxxxxxxxxxxxxxxxxxxxxxxxxxxxx26071613363700013E01071AB80A8DABF2
4019,2744,260716133822,xxxxxxxxxxxxxxxxxxxxxxxxxxxxxxxx26071613382200013E01071AB80A8CAB36
4020,2744,260716134007,xxxxxxxxxxxxxxxxxxxxxxxxxxxxxxxx26071613400700013E01071AB80A8CAB36
4021,2744,260716134152,xxxxxxxxxxxxxxxxxxxxxxxxxxxxxxxx26071613415200013E01071AB80A8CAB36
4022,2744,260716134338,xxxxxxxxxxxxxxxxxxxxxxxxxxxxxxxx26071613433800013E01071AB80A8BAB58
4023,2744,260716134523,xxxxxxxxxxxxxxxxxxxxxxxxxxxxxxxx26071613452300013E01071AB80A8BAB58
4024,2744,260716134708,xxxxxxxxxxxxxxxxxxxxxxxxxxxxxxxx26071613470800013E01071AB80A8AAB9C
4025,2744,260716134853,xxxxxxxxxxxxxxxxxxxxxxxxxxxxxxxx26071613485300013E01071AB80A88AB0D
4026,2743,260716135038,xxxxxxxxxxxxxxxxxxxxxxxxxxxxxxxx26071613503800013E01071AB70A77AB16
4027,2743,260716135222,xxxxxxxxxxxxxxxxxxxxxxxxxxxxxxxx26071613522200013E01071AB70A72ABE9
4028,2742,260716135407,xxxxxxxxxxxxxxxxxxxxxxxxxxxxxxxx26071613540700013E01071BB60A6DAB5F
4029,2742,260716135552,xxxxxxxxxxxxxxxxxxxxxxxxxxxxxxxx26071613555200013E01071BB60A68ABA0
4030,2742,260716135737,xxxxxxxxxxxxxxxxxxxxxxxxxxxxxxxx26071613573700013E01071BB60A63AB83
4031,2741,260716140108,xxxxxxxxxxxxxxxxxxxxxxxxxxxxxxxx26071614010800013E01071BB50A5AAB94
4032,2741,260716140253,xxxxxxxxxxxxxxxxxxxxxxxxxxxxxxxx26071614025300013E01071BB50A59ABC1
4033,2741,260716140438,xxxxxxxxxxxxxxxxxxxxxxxxxxxxxxxx26071614043800013E01071BB50A58AB05
4034,2741,260716140623,xxxxxxxxxxxxxxxxxxxxxxxxxxxxxxxx26071614062300013E01071BB50A57AB1D
4035,2741,260716140808,xxxxxxxxxxxxxxxxxxxxxxxxxxxxxxxx26071614080800013E01071BB50A57AB1D
4036,2741,260716140953,xxxxxxxxxxxxxxxxxxxxxxxxxxxxxxxx26071614095300013E01071BB50A56ABD9
4037,2695,260716141138,xxxxxxxxxxxxxxxxxxxxxxxxxxxxxxxx26071614113800013E01071C870A71A88A
4038,2566,260716141323,xxxxxxxxxxxxxxxxxxxxxxxxxxxxxxxx26071614132300013E01071C060A66A09C
4039,2689,260716141508,xxxxxxxxxxxxxxxxxxxxxxxxxxxxxxxx26071614150800013E01071C810A19A8AF
4040,2687,260716141652,xxxxxxxxxxxxxxxxxxxxxxxxxxxxxxxx26071614165200013E01071C7F0AF2A7DC
4041,2679,260716141837,xxxxxxxxxxxxxxxxxxxxxxxxxxxxxxxx26071614183700013E01071D770A77A7DD
4042,2651,260716142022,xxxxxxxxxxxxxxxxxxxxxxxxxxxxxxxx26071614202200013E01071D5B0AB3A58C
4043,2641,260716142208,xxxxxxxxxxxxxxxxxxxxxxxxxxxxxxxx26071614220800013E01071E510A19A5D0
4044,2659,260716142352,xxxxxxxxxxxxxxxxxxxxxxxxxxxxxxxx26071614235200013E01071E630A38A678
4045,2652,260716142537,xxxxxxxxxxxxxxxxxxxxxxxxxxxxxxxx26071614253700013E01071F5C0ACEA5B6
4046,2651,260716142722,xxxxxxxxxxxxxxxxxxxxxxxxxxxxxxxx26071614272200013E0107205B0AB9A503
4047,2636,260716142907,xxxxxxxxxxxxxxxxxxxxxxxxxxxxxxxx26071614290700013E0107204C0ACAA400
4048,2637,260716143052,xxxxxxxxxxxxxxxxxxxxxxxxxxxxxxxx26071614305200013E0107214D0AD0A449
4049,2622,260716143237,xxxxxxxxxxxxxxxxxxxxxxxxxxxxxxxx26071614323700013E0107213E0AE9A375
4050,2626,260716143422,xxxxxxxxxxxxxxxxxxxxxxxxxxxxxxxx26071614342200013E010722420A26A4AE
4051,2631,260716143607,xxxxxxxxxxxxxxxxxxxxxxxxxxxxxxxx26071614360700013E010722470A77A49C
4052,2620,260716143752,xxxxxxxxxxxxxxxxxxxxxxxxxxxxxxxx26071614375200013E0107243C0AC5A32C
4053,2624,260716144122,xxxxxxxxxxxxxxxxxxxxxxxxxxxxxxxx26071614412200013E010726400A06A477
4054,2574,260716144307,xxxxxxxxxxxxxxxxxxxxxxxxxxxxxxxx26071614430700013E0107270E0AE8A087
4055,2600,260716144452,xxxxxxxxxxxxxxxxxxxxxxxxxxxxxxxx26071614445200013E010728280A8EA2DD
4056,2596,260716144637,xxxxxxxxxxxxxxxxxxxxxxxxxxxxxxxx26071614463700013E010729240A42A2FB
4057,2580,260716144821,xxxxxxxxxxxxxxxxxxxxxxxxxxxxxxxx26071614482100013E010729140A45A13F
4058,2553,260716145006,xxxxxxxxxxxxxxxxxxxxxxxxxxxxxxxx26071614500600013E010728F9099B9FE7
4059,2584,260716145151,xxxxxxxxxxxxxxxxxxxxxxxxxxxxxxxx26071614515100013E010728180A84A190
4060,2525,260716145336,xxxxxxxxxxxxxxxxxxxxxxxxxxxxxxxx26071614533600013E010727DD09DE9D2E
4061,2539,260716145521,xxxxxxxxxxxxxxxxxxxxxxxxxxxxxxxx26071614552100013E010726EB09BF9EDE
4062,2509,260716145707,xxxxxxxxxxxxxxxxxxxxxxxxxxxxxxxx26071614570700013E010724CD09D39C8F
4063,2466,260716145852,xxxxxxxxxxxxxxxxxxxxxxxxxxxxxxxx26071614585200013E010723A2092B9AE6
4064,2457,260716150037,xxxxxxxxxxxxxxxxxxxxxxxxxxxxxxxx26071615003700013E010722990997995A
4065,2458,260716150222,xxxxxxxxxxxxxxxxxxxxxxxxxxxxxxxx26071615022200013E0107229A09AA9976
4066,2447,260716150409,xxxxxxxxxxxxxxxxxxxxxxxxxxxxxxxx26071615040900013E0107218F09FD98C6
4067,2456,260716150554,xxxxxxxxxxxxxxxxxxxxxxxxxxxxxxxx26071615055400013E0107219809809919
4068,2451,260716150739,xxxxxxxxxxxxxxxxxxxxxxxxxxxxxxxx26071615073900013E010721930932991E
4069,2451,260716150924,xxxxxxxxxxxxxxxxxxxxxxxxxxxxxxxx26071615092400013E01072193093799E1
4070,2432,260716151109,xxxxxxxxxxxxxxxxxxxxxxxxxxxxxxxx26071615110900013E01072080090E985D
4071,2478,260716151253,xxxxxxxxxxxxxxxxxxxxxxxxxxxxxxxx26071615125300013E010720AE09E89A5B
4072,2423,260716151438,xxxxxxxxxxxxxxxxxxxxxxxxxxxxxxxx26071615143800013E010720770976972B
4073,2416,260716151623,xxxxxxxxxxxxxxxxxxxxxxxxxxxxxxxx26071615162300013E01072070090E976D
4074,2417,260716151808,xxxxxxxxxxxxxxxxxxxxxxxxxxxxxxxx26071615180800013E01072071091F97CA
4075,2433,260716152137,xxxxxxxxxxxxxxxxxxxxxxxxxxxxxxxx26071615213700013E01072181091A98C8
4076,2437,260716152322,xxxxxxxxxxxxxxxxxxxxxxxxxxxxxxxx26071615232200013E0107218509559845
4077,2430,260716152507,xxxxxxxxxxxxxxxxxxxxxxxxxxxxxxxx26071615250700013E0107227E09EB9771
4078,2430,260716152652,xxxxxxxxxxxxxxxxxxxxxxxxxxxxxxxx26071615265200013E0107227E09ED97DB
4079,2443,260716152837,xxxxxxxxxxxxxxxxxxxxxxxxxxxxxxxx26071615283700013E0107228B09BE9848
4080,2400,260716153022,xxxxxxxxxxxxxxxxxxxxxxxxxxxxxxxx26071615302200013E01072260090E9688
4081,2419,260716153207,xxxxxxxxxxxxxxxxxxxxxxxxxxxxxxxx26071615320700013E010723730938972C
4082,2420,260716153352,xxxxxxxxxxxxxxxxxxxxxxxxxxxxxxxx26071615335200013E01072374094B9749
4083,2435,260716153537,xxxxxxxxxxxxxxxxxxxxxxxxxxxxxxxx26071615353700013E0107238309349851
4084,2437,260716153722,xxxxxxxxxxxxxxxxxxxxxxxxxxxxxxxx26071615372200013E01072385095D98B0
4085,2482,260716153907,xxxxxxxxxxxxxxxxxxxxxxxxxxxxxxxx26071615390700013E010723B2092E9B7F
4086,2491,260716154052,xxxxxxxxxxxxxxxxxxxxxxxxxxxxxxxx26071615405200013E010723BB09B19B37
4087,2491,260716154237,xxxxxxxxxxxxxxxxxxxxxxxxxxxxxxxx26071615423700013E010723BB09BA9B14
4088,2491,260716154423,xxxxxxxxxxxxxxxxxxxxxxxxxxxxxxxx26071615442300013E010723BB09B69B59
4089,2491,260716154608,xxxxxxxxxxxxxxxxxxxxxxxxxxxxxxxx26071615460800013E010723BB09B59B0C
4090,2491,260716154753,xxxxxxxxxxxxxxxxxxxxxxxxxxxxxxxx26071615475300013E010723BB09B59B0C
4091,2491,260716154938,xxxxxxxxxxxxxxxxxxxxxxxxxxxxxxxx26071615493800013E010723BB09B39BA6
4092,2491,260716155123,xxxxxxxxxxxxxxxxxxxxxxxxxxxxxxxx26071615512300013E010722BB09B39B6B
4093,2491,260716155307,xxxxxxxxxxxxxxxxxxxxxxxxxxxxxxxx26071615530700013E010722BB09B29BAF
4094,2490,260716155452,xxxxxxxxxxxxxxxxxxxxxxxxxxxxxxxx26071615545200013E010722BA09A99BEF
4095,2443,260716155637,xxxxxxxxxxxxxxxxxxxxxxxxxxxxxxxx26071615563700013E0107238B09BA98BE
4096,2474,260716155822,xxxxxxxxxxxxxxxxxxxxxxxxxxxxxxxx26071615582200013E010723AA09AD9A7F
4097,2460,260716160007,xxxxxxxxxxxxxxxxxxxxxxxxxxxxxxxx26071616000700013E0107239C09C199CB
4098,2492,260716160152,xxxxxxxxxxxxxxxxxxxxxxxxxxxxxxxx26071616015200013E010723BC09C19B07
4099,2495,260716160337,xxxxxxxxxxxxxxxxxxxxxxxxxxxxxxxx26071616033700013E010723BF09F09B66
4100,2543,260716160522,xxxxxxxxxxxxxxxxxxxxxxxxxxxxxxxx26071616052200013E010724EF09FA9E37
4101,2530,260716160707,xxxxxxxxxxxxxxxxxxxxxxxxxxxxxxxx26071616070700013E010724E209249E2E
4102,2397,260716160853,xxxxxxxxxxxxxxxxxxxxxxxxxxxxxxxx26071616085300013E0107255D09D0956A
4103,2427,260716161038,xxxxxxxxxxxxxxxxxxxxxxxxxxxxxxxx26071616103800013E0107267B09BD9732
4104,2397,260716161223,xxxxxxxxxxxxxxxxxxxxxxxxxxxxxxxx26071616122300013E0107265D09D09524
4105,2382,260716161408,xxxxxxxxxxxxxxxxxxxxxxxxxxxxxxxx26071616140800013E0107264E09E19423
4106,2401,260716161553,xxxxxxxxxxxxxxxxxxxxxxxxxxxxxxxx26071616155300013E01072661091E96F4
4107,2456,260716161738,xxxxxxxxxxxxxxxxxxxxxxxxxxxxxxxx26071616173800013E0107269809849973
4108,2378,260716161923,xxxxxxxxxxxxxxxxxxxxxxxxxxxxxxxx26071616192300013E0107264A09A7941C
4109,2400,260716162108,xxxxxxxxxxxxxxxxxxxxxxxxxxxxxxxx26071616210800013E01072660090996F9
4110,2404,260716162253,xxxxxxxxxxxxxxxxxxxxxxxxxxxxxxxx26071616225300013E01072664094D9657
4111,2403,260716162439,xxxxxxxxxxxxxxxxxxxxxxxxxxxxxxxx26071616243900013E0107276309389655
4112,2400,260716162624,xxxxxxxxxxxxxxxxxxxxxxxxxxxxxxxx26071616262400013E01072860090096E9
4113,2408,260716162809,xxxxxxxxxxxxxxxxxxxxxxxxxxxxxxxx26071616280900013E0107286809869670
4114,2404,260716162954,xxxxxxxxxxxxxxxxxxxxxxxxxxxxxxxx26071616295400013E0107286409459683
4115,2430,260716163139,xxxxxxxxxxxxxxxxxxxxxxxxxxxxxxxx26071616313900013E0107287E09EF97F7
4116,2373,260716163323,xxxxxxxxxxxxxxxxxxxxxxxxxxxxxxxx26071616332300013E01072945095B943D
4117,2402,260716163508,xxxxxxxxxxxxxxxxxxxxxxxxxxxxxxxx26071616350800013E0107296209289694
4118,2439,260716163653,xxxxxxxxxxxxxxxxxxxxxxxxxxxxxxxx26071616365300013E01072987097C980F
4119,2460,260716163838,xxxxxxxxxxxxxxxxxxxxxxxxxxxxxxxx26071616383800013E0107299C09CE996E
4120,2423,260716164023,xxxxxxxxxxxxxxxxxxxxxxxxxxxxxxxx26071616402300013E0107287709749784
4121,2400,260716164208,xxxxxxxxxxxxxxxxxxxxxxxxxxxxxxxx26071616420800013E01072860090496D2
4122,2424,260716164353,xxxxxxxxxxxxxxxxxxxxxxxxxxxxxxxx26071616435300013E01072878098C97F1
4123,2425,260716164538,xxxxxxxxxxxxxxxxxxxxxxxxxxxxxxxx26071616453800013E0107287909959720
4124,2425,260716164723,xxxxxxxxxxxxxxxxxxxxxxxxxxxxxxxx26071616472300013E01072879099797B1
4125,2425,260716164907,xxxxxxxxxxxxxxxxxxxxxxxxxxxxxxxx26071616490700013E01072879099797B1
4126,2439,260716165052,xxxxxxxxxxxxxxxxxxxxxxxxxxxxxxxx26071616505200013E01072887097798E1
4127,2414,260716165237,xxxxxxxxxxxxxxxxxxxxxxxxxxxxxxxx26071616523700013E0107286E09EA966E
4128,2424,260716165422,xxxxxxxxxxxxxxxxxxxxxxxxxxxxxxxx26071616542200013E01072878098B979F
4129,2408,260716165607,xxxxxxxxxxxxxxxxxxxxxxxxxxxxxxxx26071616560700013E010728680983968F
4130,2438,260716165753,xxxxxxxxxxxxxxxxxxxxxxxxxxxxxxxx26071616575300013E010729860967984F
4131,2441,260716165938,xxxxxxxxxxxxxxxxxxxxxxxxxxxxxxxx26071616593800013E0107298909949819
4132,2411,260716170123,xxxxxxxxxxxxxxxxxxxxxxxxxxxxxxxx26071617012300013E0107286B09B196BB
4133,2402,260716170308,xxxxxxxxxxxxxxxxxxxxxxxxxxxxxxxx26071617030800013E01072862092B960C
4134,2402,260716170452,xxxxxxxxxxxxxxxxxxxxxxxxxxxxxxxx26071617045200013E0107286209279641
4135,2438,260716170639,xxxxxxxxxxxxxxxxxxxxxxxxxxxxxxxx26071617063900013E0107288609679882
4136,2467,260716170824,xxxxxxxxxxxxxxxxxxxxxxxxxxxxxxxx26071617082400013E010728A309339A83
4137,2461,260716171009,xxxxxxxxxxxxxxxxxxxxxxxxxxxxxxxx26071617100900013E0107299D09D39984
4138,2401,260716171154,xxxxxxxxxxxxxxxxxxxxxxxxxxxxxxxx26071617115400013E0107296109139612
4139,2382,260716171339,xxxxxxxxxxxxxxxxxxxxxxxxxxxxxxxx26071617133900013E0107294E09ED9401
4140,2398,260716171524,xxxxxxxxxxxxxxxxxxxxxxxxxxxxxxxx26071617152400013E0107295E09E9955C
4141,2331,260716171709,xxxxxxxxxxxxxxxxxxxxxxxxxxxxxxxx26071617170900013E0107291B09B891EF
4142,2328,260716171854,xxxxxxxxxxxxxxxxxxxxxxxxxxxxxxxx26071617185400013E01072A18098291E3
4143,2360,260716172039,xxxxxxxxxxxxxxxxxxxxxxxxxxxxxxxx26071617203900013E010729380986935A
4144,2354,260716172223,xxxxxxxxxxxxxxxxxxxxxxxxxxxxxxxx26071617222300013E010729320924933E
4145,2353,260716172408,xxxxxxxxxxxxxxxxxxxxxxxxxxxxxxxx26071617240800013E01072A3109159311
4146,2410,260716172553,xxxxxxxxxxxxxxxxxxxxxxxxxxxxxxxx26071617255300013E01072A6A09A796F1
4147,2365,260716172738,xxxxxxxxxxxxxxxxxxxxxxxxxxxxxxxx26071617273800013E01072A3D09DD93C1
4148,2406,260716172923,xxxxxxxxxxxxxxxxxxxxxxxxxxxxxxxx26071617292300013E01072A66096E96E5
4149,2373,260716173108,xxxxxxxxxxxxxxxxxxxxxxxxxxxxxxxx26071617310800013E01072B45095D9414
4150,2309,260716173255,xxxxxxxxxxxxxxxxxxxxxxxxxxxxxxxx26071617325500013E01072B0509549027
4151,2290,260716173440,xxxxxxxxxxxxxxxxxxxxxxxxxxxxxxxx26071617344000013E01072BF2082C8F67
4152,2319,260716173625,xxxxxxxxxxxxxxxxxxxxxxxxxxxxxxxx26071617362500013E01072B0F09F390BC
4153,2321,260716173809,xxxxxxxxxxxxxxxxxxxxxxxxxxxxxxxx26071617380900013E01072C11091091BE
4154,2333,260716173954,xxxxxxxxxxxxxxxxxxxxxxxxxxxxxxxx26071617395400013E01072B1D09DD91C0
4155,2374,260716174139,xxxxxxxxxxxxxxxxxxxxxxxxxxxxxxxx26071617413900013E01072B46096D94B1
4156,2351,260716174324,xxxxxxxxxxxxxxxxxxxxxxxxxxxxxxxx26071617432400013E01072B2F09F7924B
4157,2336,260716174508,xxxxxxxxxxxxxxxxxxxxxxxxxxxxxxxx26071617450800013E01072B2009009226
4158,2318,260716174653,xxxxxxxxxxxxxxxxxxxxxxxxxxxxxxxx26071617465300013E01072B0E09E0908A
4159,2352,260716174838,xxxxxxxxxxxxxxxxxxxxxxxxxxxxxxxx26071617483800013E01072B30090693EA
4160,2355,260716175023,xxxxxxxxxxxxxxxxxxxxxxxxxxxxxxxx26071617502300013E01072B33093F93FD
4161,2336,260716175208,xxxxxxxxxxxxxxxxxxxxxxxxxxxxxxxx26071617520800013E01072B20090292B7
4162,2346,260716175354,xxxxxxxxxxxxxxxxxxxxxxxxxxxxxxxx26071617535400013E01072B2A09A19217
4163,2326,260716175539,xxxxxxxxxxxxxxxxxxxxxxxxxxxxxxxx26071617553900013E01072B16096E9103
4164,2326,260716175724,xxxxxxxxxxxxxxxxxxxxxxxxxxxxxxxx26071617572400013E01072B160962914E
4165,2332,260716175909,xxxxxxxxxxxxxxxxxxxxxxxxxxxxxxxx26071617590900013E01072B1C09CE91F6
4166,2326,260716180054,xxxxxxxxxxxxxxxxxxxxxxxxxxxxxxxx26071618005400013E01072B160962914E
4167,2308,260716180238,xxxxxxxxxxxxxxxxxxxxxxxxxxxxxxxx26071618023800013E01072B04094990CD
4168,2312,260716180423,xxxxxxxxxxxxxxxxxxxxxxxxxxxxxxxx26071618042300013E01072B0809859026
4169,2314,260716180608,xxxxxxxxxxxxxxxxxxxxxxxxxxxxxxxx26071618060800013E01072B0A09A990AD
4170,2305,260716180753,xxxxxxxxxxxxxxxxxxxxxxxxxxxxxxxx26071618075300013E01072B01091390DC
4171,2304,260716180938,xxxxxxxxxxxxxxxxxxxxxxxxxxxxxxxx26071618093800013E01072B000908909C
4172,2271,260716181123,xxxxxxxxxxxxxxxxxxxxxxxxxxxxxxxx26071618112300013E01072BDF08F28DB2
4173,2314,260716181308,xxxxxxxxxxxxxxxxxxxxxxxxxxxxxxxx26071618130800013E01072B0A09A89069
4174,2292,260716181454,xxxxxxxxxxxxxxxxxxxxxxxxxxxxxxxx26071618145400013E01072BF4084B8F5A
4175,2322,260716181639,xxxxxxxxxxxxxxxxxxxxxxxxxxxxxxxx26071618163900013E01072B12092F9152
4176,2291,260716181824,xxxxxxxxxxxxxxxxxxxxxxxxxxxxxxxx26071618182400013E01072BF3083C8F04
4177,2269,260716182009,xxxxxxxxxxxxxxxxxxxxxxxxxxxxxxxx26071618200900013E01072CDD08D68D1E
4178,2290,260716182154,xxxxxxxxxxxxxxxxxxxxxxxxxxxxxxxx26071618215400013E01072CF208208F7B
4179,2276,260716182339,xxxxxxxxxxxxxxxxxxxxxxxxxxxxxxxx26071618233900013E01072CE4084F8E56
4180,2239,260716182524,xxxxxxxxxxxxxxxxxxxxxxxxxxxxxxxx26071618252400013E01072CBF08F68B95
4181,2295,260716182709,xxxxxxxxxxxxxxxxxxxxxxxxxxxxxxxx26071618270900013E01072CF7087D8F04
4182,2256,260716182854,xxxxxxxxxxxxxxxxxxxxxxxxxxxxxxxx26071618285400013E01072CD008088D07
4183,2250,260716183039,xxxxxxxxxxxxxxxxxxxxxxxxxxxxxxxx26071618303900013E01072CCA08A08CE2
4184,2253,260716183224,xxxxxxxxxxxxxxxxxxxxxxxxxxxxxxxx26071618322400013E01072CCD08DE8C0E
4185,2233,260716183409,xxxxxxxxxxxxxxxxxxxxxxxxxxxxxxxx26071618340900013E01072CB908908B6C
4186,2287,260716183554,xxxxxxxxxxxxxxxxxxxxxxxxxxxxxxxx26071618355400013E01072DEF08F88E63
4187,2248,260716183739,xxxxxxxxxxxxxxxxxxxxxxxxxxxxxxxx26071618373900013E01072CC8088E8CF8
4188,2243,260716183924,xxxxxxxxxxxxxxxxxxxxxxxxxxxxxxxx26071618392400013E01072CC308388CC4
4189,2256,260716184109,xxxxxxxxxxxxxxxxxxxxxxxxxxxxxxxx26071618410900013E01072CD0080C8D3C
4190,2278,260716184255,xxxxxxxxxxxxxxxxxxxxxxxxxxxxxxxx26071618425500013E01072CE6086D8E01
4191,2256,260716184440,xxxxxxxxxxxxxxxxxxxxxxxxxxxxxxxx26071618444000013E01072DD0080E8D60
4192,2221,260716184625,xxxxxxxxxxxxxxxxxxxxxxxxxxxxxxxx26071618462500013E01072DAD08DE8A8E
4193,2240,260716184810,xxxxxxxxxxxxxxxxxxxxxxxxxxxxxxxx26071618481000013E01072CC008078C79
4194,2237,260716184953,xxxxxxxxxxxxxxxxxxxxxxxxxxxxxxxx26071618495300013E01072CBD08DB8BDA
4195,2237,260716185138,xxxxxxxxxxxxxxxxxxxxxxxxxxxxxxxx26071618513800013E01072CBD08D08BF9
4196,2261,260716185323,xxxxxxxxxxxxxxxxxxxxxxxxxxxxxxxx26071618532300013E01072BD508568D7C
4197,2209,260716185508,xxxxxxxxxxxxxxxxxxxxxxxxxxxxxxxx26071618550800013E01072CA1081B8A1A
4198,2241,260716185653,xxxxxxxxxxxxxxxxxxxxxxxxxxxxxxxx26071618565300013E01072DC108108CB9
4199,2235,260716185840,xxxxxxxxxxxxxxxxxxxxxxxxxxxxxxxx26071618584000013E01072EBB08B18BED
4200,2274,260716190025,xxxxxxxxxxxxxxxxxxxxxxxxxxxxxxxx26071619002500013E01072EE208288EE8
4201,2274,260716190025,xxxxxxxxxxxxxxxxxxxxxxxxxxxxxxxx26071619002500013E01072EE208288EE8
4202,2265,260716190210,xxxxxxxxxxxxxxxxxxxxxxxxxxxxxxxx26071619021000013E01072FD908958D90
4203,2254,260716190355,xxxxxxxxxxxxxxxxxxxxxxxxxxxxxxxx26071619035500013E010730CE08E98C98
4204,2136,260716190723,xxxxxxxxxxxxxxxxxxxxxxxxxxxxxxxx26071619072300013E01072F58088C855A
4205,2174,260716190908,xxxxxxxxxxxxxxxxxxxxxxxxxxxxxxxx26071619090800013E01072E7E08E18781
4206,2221,260716191053,xxxxxxxxxxxxxxxxxxxxxxxxxxxxxxxx26071619105300013E01072EAD08D68AB6
4207,2231,260716191238,xxxxxxxxxxxxxxxxxxxxxxxxxxxxxxxx26071619123800013E01072DB708768B6B
4208,2181,260716191423,xxxxxxxxxxxxxxxxxxxxxxxxxxxxxxxx26071619142300013E01072C85085A8887
4209,2172,260716191608,xxxxxxxxxxxxxxxxxxxxxxxxxxxxxxxx26071619160800013E01072C7C08CE87DC
4210,2158,260716191753,xxxxxxxxxxxxxxxxxxxxxxxxxxxxxxxx26071619175300013E01072C6E08E4869B
4211,2177,260716191938,xxxxxxxxxxxxxxxxxxxxxxxxxxxxxxxx26071619193800013E01072C8108188883
4212,2173,260716192123,xxxxxxxxxxxxxxxxxxxxxxxxxxxxxxxx26071619212300013E01072C7D08D48758
4213,2171,260716192308,xxxxxxxxxxxxxxxxxxxxxxxxxxxxxxxx26071619230800013E01072C7B08BF8728
4214,2171,260716192456,xxxxxxxxxxxxxxxxxxxxxxxxxxxxxxxx26071619245600013E01072C7B08B88746
4215,2171,260716192641,xxxxxxxxxxxxxxxxxxxxxxxxxxxxxxxx26071619264100013E01072C7B08B4870B
4216,2159,260716192826,xxxxxxxxxxxxxxxxxxxxxxxxxxxxxxxx26071619282600013E01072C6F08F68669
4217,2190,260716193009,xxxxxxxxxxxxxxxxxxxxxxxxxxxxxxxx26071619300900013E01072C8E08E58809
4218,2152,260716193154,xxxxxxxxxxxxxxxxxxxxxxxxxxxxxxxx26071619315400013E01072C6808868659
4219,2223,260716193339,xxxxxxxxxxxxxxxxxxxxxxxxxxxxxxxx26071619333900013E01072CAF08FF8A41
4220,2116,260716193524,xxxxxxxxxxxxxxxxxxxxxxxxxxxxxxxx26071619352400013E01072C44084A847E
4221,2118,260716193709,xxxxxxxxxxxxxxxxxxxxxxxxxxxxxxxx26071619370900013E01072C4608688429
4222,2122,260716193854,xxxxxxxxxxxxxxxxxxxxxxxxxxxxxxxx26071619385400013E01072C4A08A9844B
4223,2146,260716194039,xxxxxxxxxxxxxxxxxxxxxxxxxxxxxxxx26071619403900013E01072D62082486F0
4224,2194,260716194224,xxxxxxxxxxxxxxxxxxxxxxxxxxxxxxxx26071619422400013E01072C920826899C
4225,2192,260716194409,xxxxxxxxxxxxxxxxxxxxxxxxxxxxxxxx26071619440900013E01072C90080089F0
4226,2209,260716194738,xxxxxxxxxxxxxxxxxxxxxxxxxxxxxxxx26071619473800013E01072DA1081E8A28
4227,2184,260716194923,xxxxxxxxxxxxxxxxxxxxxxxxxxxxxxxx26071619492300013E01072D8808878806
4228,2202,260716195108,xxxxxxxxxxxxxxxxxxxxxxxxxxxxxxxx26071619510800013E01072D9A08A889BE
4231,2149,260716195253,xxxxxxxxxxxxxxxxxxxxxxxxxxxxxxxx26071619525300013E01072D650858868D
4229,2149,260716195253,xxxxxxxxxxxxxxxxxxxxxxxxxxxxxxxx26071619525300013E01072D650858868D
4230,2149,260716195253,xxxxxxxxxxxxxxxxxxxxxxxxxxxxxxxx26071619525300013E01072D650858868D
4232,2177,260716195440,xxxxxxxxxxxxxxxxxxxxxxxxxxxxxxxx26071619544000013E01072C8108188883
4233,2177,260716195440,xxxxxxxxxxxxxxxxxxxxxxxxxxxxxxxx26071619544000013E01072C8108188883
4234,2177,260716195440,xxxxxxxxxxxxxxxxxxxxxxxxxxxxxxxx26071619544000013E01072C8108188883
4235,2177,260716195440,xxxxxxxxxxxxxxxxxxxxxxxxxxxxxxxx26071619544000013E01072C8108188883
4236,2163,260716195625,xxxxxxxxxxxxxxxxxxxxxxxxxxxxxxxx26071619562500013E01072C7308388775
4237,2163,260716195625,xxxxxxxxxxxxxxxxxxxxxxxxxxxxxxxx26071619562500013E01072C7308388775
4238,2055,260716195810,xxxxxxxxxxxxxxxxxxxxxxxxxxxxxxxx26071619581000013E01072C07087080BD
4239,2130,260716195955,xxxxxxxxxxxxxxxxxxxxxxxxxxxxxxxx26071619595500013E01072C520822853D
4240,2148,260716200140,xxxxxxxxxxxxxxxxxxxxxxxxxxxxxxxx26071620014000013E01072C64084A86B2
4241,2165,260716200324,xxxxxxxxxxxxxxxxxxxxxxxxxxxxxxxx26071620032400013E01072C75085987E2
4242,2135,260716200509,xxxxxxxxxxxxxxxxxxxxxxxxxxxxxxxx26071620050900013E01072D570876853D
4243,2112,260716200654,xxxxxxxxxxxxxxxxxxxxxxxxxxxxxxxx26071620065400013E01072D40080C848C
4244,2055,260716200839,xxxxxxxxxxxxxxxxxxxxxxxxxxxxxxxx26071620083900013E01072D0708788006
4245,2059,260716201026,xxxxxxxxxxxxxxxxxxxxxxxxxxxxxxxx26071620102600013E01072C0B08BF8003
4246,2020,260716201211,xxxxxxxxxxxxxxxxxxxxxxxxxxxxxxxx26071620121100013E01072CE407437E30
4247,2025,260716201356,xxxxxxxxxxxxxxxxxxxxxxxxxxxxxxxx26071620135600013E01072CE9079A7E47
4248,2034,260716201541,xxxxxxxxxxxxxxxxxxxxxxxxxxxxxxxx26071620154100013E01072DF2072D7F14
4249,2040,260716201726,xxxxxxxxxxxxxxxxxxxxxxxxxxxxxxxx26071620172600013E01072DF807867FC2
4250,2013,260716201910,xxxxxxxxxxxxxxxxxxxxxxxxxxxxxxxx26071620191000013E01072DDD07D97DE0
4251,2039,260716202055,xxxxxxxxxxxxxxxxxxxxxxxxxxxxxxxx26071620205500013E01072DF7077C7F26
4252,2010,260716202240,xxxxxxxxxxxxxxxxxxxxxxxxxxxxxxxx26071620224000013E01072CDA07A17D6B
4253,2034,260716202425,xxxxxxxxxxxxxxxxxxxxxxxxxxxxxxxx26071620242500013E01072CF207287F26
4254,2126,260716202756,xxxxxxxxxxxxxxxxxxxxxxxxxxxxxxxx26071620275600013E01072C4E08E284FD
4255,2133,260716202941,xxxxxxxxxxxxxxxxxxxxxxxxxxxxxxxx26071620294100013E01072C550850859C
4256,2126,260716203126,xxxxxxxxxxxxxxxxxxxxxxxxxxxxxxxx26071620312600013E01072C4E08E38439
4257,2112,260716203311,xxxxxxxxxxxxxxxxxxxxxxxxxxxxxxxx26071620331100013E01072C400808847A
4258,2074,260716203455,xxxxxxxxxxxxxxxxxxxxxxxxxxxxxxxx26071620345500013E01072C1A08A581E1
4259,2106,260716203640,xxxxxxxxxxxxxxxxxxxxxxxxxxxxxxxx26071620364000013E01072D3A08AF8307
4260,2082,260716203825,xxxxxxxxxxxxxxxxxxxxxxxxxxxxxxxx26071620382500013E01072D22082C8207
4261,2096,260716204010,xxxxxxxxxxxxxxxxxxxxxxxxxxxxxxxx26071620401000013E01072D30080F83F2
4262,2095,260716204155,xxxxxxxxxxxxxxxxxxxxxxxxxxxxxxxx26071620415500013E01072D2F08F782E1
4263,2024,260716204341,xxxxxxxxxxxxxxxxxxxxxxxxxxxxxxxx26071620434100013E01072DE8078A7EE9
4264,2028,260716204526,xxxxxxxxxxxxxxxxxxxxxxxxxxxxxxxx26071620452600013E01072CEC07C97EE4
4265,1996,260716204711,xxxxxxxxxxxxxxxxxxxxxxxxxxxxxxxx26071620471100013E01072CCC07C77CF4
4266,1999,260716204856,xxxxxxxxxxxxxxxxxxxxxxxxxxxxxxxx26071620485600013E01072CCF07FC7C72
4267,2003,260716205040,xxxxxxxxxxxxxxxxxxxxxxxxxxxxxxxx26071620504000013E01072CD307367D55
4268,2082,260716205225,xxxxxxxxxxxxxxxxxxxxxxxxxxxxxxxx26071620522500013E01072C22082E825B
4269,2072,260716205410,xxxxxxxxxxxxxxxxxxxxxxxxxxxxxxxx26071620541000013E01072B1808828118
4270,2055,260716205555,xxxxxxxxxxxxxxxxxxxxxxxxxxxxxxxx26071620555500013E01072A07087C806C
4271,2058,260716205740,xxxxxxxxxxxxxxxxxxxxxxxxxxxxxxxx26071620574000013E01072C0A08A8800E
4272,1990,260716205925,xxxxxxxxxxxxxxxxxxxxxxxxxxxxxxxx26071620592500013E01072CC6076C7C22
4273,2006,260716210110,xxxxxxxxxxxxxxxxxxxxxxxxxxxxxxxx26071621011000013E01072DD607637D91
4274,2022,260716210255,xxxxxxxxxxxxxxxxxxxxxxxxxxxxxxxx26071621025500013E01072EE6076C7E6D
4275,2009,260716210440,xxxxxxxxxxxxxxxxxxxxxxxxxxxxxxxx26071621044000013E01072ED907927D18
4276,2004,260716210625,xxxxxxxxxxxxxxxxxxxxxxxxxxxxxxxx26071621062500013E01072ED407487D3A
4277,2007,260716210810,xxxxxxxxxxxxxxxxxxxxxxxxxxxxxxxx26071621081000013E01072DD7077D7D2E
4278,1901,260716210955,xxxxxxxxxxxxxxxxxxxxxxxxxxxxxxxx26071621095500013E01072D6D07D7768D
4279,1911,260716211140,xxxxxxxxxxxxxxxxxxxxxxxxxxxxxxxx26071621114000013E01072C770779770F
4280,1910,260716211325,xxxxxxxxxxxxxxxxxxxxxxxxxxxxxxxx26071621132500013E01072B76076477B4
4281,1967,260716211510,xxxxxxxxxxxxxxxxxxxxxxxxxxxxxxxx26071621151000013E01072BAF07F47A18
4282,1912,260716211655,xxxxxxxxxxxxxxxxxxxxxxxxxxxxxxxx26071621165500013E01072B78078D7766
4283,1947,260716211840,xxxxxxxxxxxxxxxxxxxxxxxxxxxxxxxx26071621184000013E01072A9B07B5792E
4284,1938,260716212025,xxxxxxxxxxxxxxxxxxxxxxxxxxxxxxxx26071621202500013E01072A920725797E
4285,1905,260716212210,xxxxxxxxxxxxxxxxxxxxxxxxxxxxxxxx26071621221000013E01072971071B771F
4286,1912,260716212356,xxxxxxxxxxxxxxxxxxxxxxxxxxxxxxxx26071621235600013E01072978078677C6
4287,1951,260716212541,xxxxxxxxxxxxxxxxxxxxxxxxxxxxxxxx26071621254100013E0107299F07F0790A
4288,2020,260716212726,xxxxxxxxxxxxxxxxxxxxxxxxxxxxxxxx26071621272600013E010728E407447E41
4289,2020,260716212911,xxxxxxxxxxxxxxxxxxxxxxxxxxxxxxxx26071621291100013E010728E407457E85
4290,1997,260716213055,xxxxxxxxxxxxxxxxxxxxxxxxxxxxxxxx26071621305500013E010728CD07D77C88
4291,2008,260716213240,xxxxxxxxxxxxxxxxxxxxxxxxxxxxxxxx26071621324000013E010728D807807D76
4292,2002,260716213425,xxxxxxxxxxxxxxxxxxxxxxxxxxxxxxxx26071621342500013E010728D207237DD6
4293,1997,260716213610,xxxxxxxxxxxxxxxxxxxxxxxxxxxxxxxx26071621361000013E010728CD07D67C4C
4294,1987,260716213755,xxxxxxxxxxxxxxxxxxxxxxxxxxxxxxxx26071621375500013E010729C3073F7C53
4295,1981,260716213941,xxxxxxxxxxxxxxxxxxxxxxxxxxxxxxxx26071621394100013E01072ABD07D17B8A
4296,1957,260716214126,xxxxxxxxxxxxxxxxxxxxxxxxxxxxxxxx26071621412600013E010729A5075F7A4D
4297,1936,260716214311,xxxxxxxxxxxxxxxxxxxxxxxxxxxxxxxx26071621431100013E0107299007077967
4298,1907,260716214456,xxxxxxxxxxxxxxxxxxxxxxxxxxxxxxxx26071621445600013E0107297307397748
4299,1881,260716214641,xxxxxxxxxxxxxxxxxxxxxxxxxxxxxxxx26071621464100013E01072959079075C3
4300,1939,260716214826,xxxxxxxxxxxxxxxxxxxxxxxxxxxxxxxx26071621482600013E01072993073A794B
4301,1921,260716215011,xxxxxxxxxxxxxxxxxxxxxxxxxxxxxxxx26071621501100013E01072881071A7826
4302,1925,260716215156,xxxxxxxxxxxxxxxxxxxxxxxxxxxxxxxx26071621515600013E0107298507507899
4303,1932,260716215341,xxxxxxxxxxxxxxxxxxxxxxxxxxxxxxxx26071621534100013E0107298C07CC7884
4304,1867,260716215526,xxxxxxxxxxxxxxxxxxxxxxxxxxxxxxxx26071621552600013E0107294B07B07463
4305,1864,260716215711,xxxxxxxxxxxxxxxxxxxxxxxxxxxxxxxx26071621571100013E01072A48078374DD
4306,1898,260716215856,xxxxxxxxxxxxxxxxxxxxxxxxxxxxxxxx26071621585600013E01072A6A07A67628
4307,1841,260716220041,xxxxxxxxxxxxxxxxxxxxxxxxxxxxxxxx26071622004100013E01072A310717739D
4308,1853,260716220226,xxxxxxxxxxxxxxxxxxxxxxxxxxxxxxxx26071622022600013E01072B3D07DF7380
4309,1910,260716220410,xxxxxxxxxxxxxxxxxxxxxxxxxxxxxxxx26071622041000013E01072B760769773D
4310,1902,260716220555,xxxxxxxxxxxxxxxxxxxxxxxxxxxxxxxx26071622055500013E01072B6E07ED7653
4311,1927,260716220740,xxxxxxxxxxxxxxxxxxxxxxxxxxxxxxxx26071622074000013E01072C87077F7895
4312,1871,260716220925,xxxxxxxxxxxxxxxxxxxxxxxxxxxxxxxx26071622092500013E01072C4F07FF743C
4313,1834,260716221110,xxxxxxxxxxxxxxxxxxxxxxxxxxxxxxxx26071622111000013E01072C2A07A9722D
4314,1929,260716221257,xxxxxxxxxxxxxxxxxxxxxxxxxxxxxxxx26071622125700013E01072B89079C78F1
4315,1870,260716221442,xxxxxxxxxxxxxxxxxxxxxxxxxxxxxxxx26071622144200013E01072B4E07E4742D
4316,1867,260716221627,xxxxxxxxxxxxxxxxxxxxxxxxxxxxxxxx26071622162700013E01072B4B07BD7469
4317,1887,260716221812,xxxxxxxxxxxxxxxxxxxxxxxxxxxxxxxx26071622181200013E0107295F07F27501
4318,1891,260716221956,xxxxxxxxxxxxxxxxxxxxxxxxxxxxxxxx26071622195600013E01072863073E768D
4319,1879,260716222141,xxxxxxxxxxxxxxxxxxxxxxxxxxxxxxxx26071622214100013E01072757077E75DD
4320,1869,260716222326,xxxxxxxxxxxxxxxxxxxxxxxxxxxxxxxx26071622232600013E0107264D07D3740A
4321,1867,260716222511,xxxxxxxxxxxxxxxxxxxxxxxxxxxxxxxx26071622251100013E0107264B07BA74EB
4322,1873,260716222656,xxxxxxxxxxxxxxxxxxxxxxxxxxxxxxxx26071622265600013E010726510712750E
4323,1844,260716222839,xxxxxxxxxxxxxxxxxxxxxxxxxxxxxxxx26071622283900013E010726340747734A
4324,1867,260716223024,xxxxxxxxxxxxxxxxxxxxxxxxxxxxxxxx26071622302400013E0107254B07BF745A
4325,1846,260716223209,xxxxxxxxxxxxxxxxxxxxxxxxxxxxxxxx26071622320900013E01072636076373B7
4326,1851,260716223354,xxxxxxxxxxxxxxxxxxxxxxxxxxxxxxxx26071622335400013E0107263B07B6738D
4327,1820,260716223540,xxxxxxxxxxxxxxxxxxxxxxxxxxxxxxxx26071622354000013E0107271C07CA71F1
4328,1792,260716223725,xxxxxxxxxxxxxxxxxxxxxxxxxxxxxxxx26071622372500013E01072800070D7030
4329,1841,260716223910,xxxxxxxxxxxxxxxxxxxxxxxxxxxxxxxx26071622391000013E010728310715738F
4330,1840,260716224055,xxxxxxxxxxxxxxxxxxxxxxxxxxxxxxxx26071622405500013E01072730070B735F
4331,1839,260716224240,xxxxxxxxxxxxxxxxxxxxxxxxxxxxxxxx26071622424000013E0107282F07F77218
4332,1838,260716224425,xxxxxxxxxxxxxxxxxxxxxxxxxxxxxxxx26071622442500013E0107272E07EB7259
4333,1838,260716224610,xxxxxxxxxxxxxxxxxxxxxxxxxxxxxxxx26071622461000013E0107262E07ED723E
4334,1839,260716224755,xxxxxxxxxxxxxxxxxxxxxxxxxxxxxxxx26071622475500013E0107252F07F97228
4335,1840,260716224940,xxxxxxxxxxxxxxxxxxxxxxxxxxxxxxxx26071622494000013E01072530070073FF
4336,1840,260716225125,xxxxxxxxxxxxxxxxxxxxxxxxxxxxxxxx26071622512500013E0107243007097380
4337,1841,260716225312,xxxxxxxxxxxxxxxxxxxxxxxxxxxxxxxx26071622531200013E01072331071173C4
4338,1841,260716225457,xxxxxxxxxxxxxxxxxxxxxxxxxxxxxxxx26071622545700013E01072331071673AA
4339,1841,260716225642,xxxxxxxxxxxxxxxxxxxxxxxxxxxxxxxx26071622564200013E01072231071D7344
4340,1842,260716225827,xxxxxxxxxxxxxxxxxxxxxxxxxxxxxxxx26071622582700013E0107223207277306
4341,1842,260716230012,xxxxxxxxxxxxxxxxxxxxxxxxxxxxxxxx26071623001200013E01072232072E73B4
4342,1843,260716230157,xxxxxxxxxxxxxxxxxxxxxxxxxxxxxxxx26071623015700013E01072233073673A1
4343,1843,260716230342,xxxxxxxxxxxxxxxxxxxxxxxxxxxxxxxx26071623034200013E01072233073D7382
4344,1844,260716230527,xxxxxxxxxxxxxxxxxxxxxxxxxxxxxxxx26071623052700013E0107213407407375
4345,1844,260716230712,xxxxxxxxxxxxxxxxxxxxxxxxxxxxxxxx26071623071200013E01072234074573C4
4346,1844,260716230857,xxxxxxxxxxxxxxxxxxxxxxxxxxxxxxxx26071623085700013E0107223407497389
4347,1844,260716231042,xxxxxxxxxxxxxxxxxxxxxxxxxxxxxxxx26071623104200013E01072234074F7323
4348,1845,260716231227,xxxxxxxxxxxxxxxxxxxxxxxxxxxxxxxx26071623122700013E0107223507547363
4349,1845,260716231412,xxxxxxxxxxxxxxxxxxxxxxxxxxxxxxxx26071623141200013E0107223507577336
4350,1845,260716231556,xxxxxxxxxxxxxxxxxxxxxxxxxxxxxxxx26071623155600013E01072235075D73D1
4351,1846,260716231741,xxxxxxxxxxxxxxxxxxxxxxxxxxxxxxxx26071623174100013E01072236076073FD
4352,1846,260716231926,xxxxxxxxxxxxxxxxxxxxxxxxxxxxxxxx26071623192600013E01072236076373A8
4353,1846,260716232111,xxxxxxxxxxxxxxxxxxxxxxxxxxxxxxxx26071623211100013E0107223607667357
4354,1846,260716232256,xxxxxxxxxxxxxxxxxxxxxxxxxxxxxxxx26071623225600013E010722360768738B
4355,1846,260716232441,xxxxxxxxxxxxxxxxxxxxxxxxxxxxxxxx26071623244100013E01072236076A731A
4356,1847,260716232626,xxxxxxxxxxxxxxxxxxxxxxxxxxxxxxxx26071623262600013E010722370770739E
4357,1847,260716232811,xxxxxxxxxxxxxxxxxxxxxxxxxxxxxxxx26071623281100013E01072237077473A5
4358,1847,260716232956,xxxxxxxxxxxxxxxxxxxxxxxxxxxxxxxx26071623295600013E01072237077773F0
4359,1847,260716233140,xxxxxxxxxxxxxxxxxxxxxxxxxxxxxxxx26071623314000013E01072237077B73BD
4360,1847,260716233325,xxxxxxxxxxxxxxxxxxxxxxxxxxxxxxxx26071623332500013E01072237077F7386
4361,1848,260716233510,xxxxxxxxxxxxxxxxxxxxxxxxxxxxxxxx26071623351000013E01072238078373C8
4362,1848,260716233655,xxxxxxxxxxxxxxxxxxxxxxxxxxxxxxxx26071623365500013E0107223807867337
4363,1848,260716233840,xxxxxxxxxxxxxxxxxxxxxxxxxxxxxxxx26071623384000013E01072238078873EB
4364,1848,260716234025,xxxxxxxxxxxxxxxxxxxxxxxxxxxxxxxx26071623402500013E01072238078C73D0
4365,1848,260716234210,xxxxxxxxxxxxxxxxxxxxxxxxxxxxxxxx26071623421000013E01072238078D7314
4366,1849,260716234355,xxxxxxxxxxxxxxxxxxxxxxxxxxxxxxxx26071623435500013E010722390791733A
4367,1849,260716234540,xxxxxxxxxxxxxxxxxxxxxxxxxxxxxxxx26071623454000013E01072239079373AB
4368,1849,260716234725,xxxxxxxxxxxxxxxxxxxxxxxxxxxxxxxx26071623472500013E010721390795734F
4369,1849,260716234912,xxxxxxxxxxxxxxxxxxxxxxxxxxxxxxxx26071623491200013E01072139079873C6
4370,1849,260716235057,xxxxxxxxxxxxxxxxxxxxxxxxxxxxxxxx26071623505700013E01072139079B7393
4371,1849,260716235242,xxxxxxxxxxxxxxxxxxxxxxxxxxxxxxxx26071623524200013E01072139079E736C
4372,1850,260716235427,xxxxxxxxxxxxxxxxxxxxxxxxxxxxxxxx26071623542700013E0107213A07A173D1
4373,1850,260716235612,xxxxxxxxxxxxxxxxxxxxxxxxxxxxxxxx26071623561200013E0107213A07A573EA
4374,1850,260716235757,xxxxxxxxxxxxxxxxxxxxxxxxxxxxxxxx26071623575700013E0107213A07A87363
4375,1850,260716235942,xxxxxxxxxxxxxxxxxxxxxxxxxxxxxxxx26071623594200013E0107213A07AE73C9
4376,1850,260717000127,xxxxxxxxxxxxxxxxxxxxxxxxxxxxxxxx26071700012700013E0107213A07AF730D
4377,1850,260717000312,xxxxxxxxxxxxxxxxxxxxxxxxxxxxxxxx26071700031200013E0107203A07AE7304
4378,1851,260717000458,xxxxxxxxxxxxxxxxxxxxxxxxxxxxxxxx26071700045800013E0107203B07B2732A
4379,1851,260717000643,xxxxxxxxxxxxxxxxxxxxxxxxxxxxxxxx26071700064300013E0107203B07B873CD
4380,1851,260717000828,xxxxxxxxxxxxxxxxxxxxxxxxxxxxxxxx26071700082800013E0107203B07BB7398
4381,1851,260717001013,xxxxxxxxxxxxxxxxxxxxxxxxxxxxxxxx26071700101300013E0107203B07BE7367
4382,1851,260717001342,xxxxxxxxxxxxxxxxxxxxxxxxxxxxxxxx26071700134200013E01071F3B07BF7348
4383,1852,260717001527,xxxxxxxxxxxxxxxxxxxxxxxxxxxxxxxx26071700152700013E0107203C07C57374
4384,1852,260717001712,xxxxxxxxxxxxxxxxxxxxxxxxxxxxxxxx26071700171200013E01071F3C07C87316
4385,1852,260717001857,xxxxxxxxxxxxxxxxxxxxxxxxxxxxxxxx26071700185700013E01071F3C07CA7387
4386,1852,260717002042,xxxxxxxxxxxxxxxxxxxxxxxxxxxxxxxx26071700204200013E01071F3C07CF7378
4387,1853,260717002227,xxxxxxxxxxxxxxxxxxxxxxxxxxxxxxxx26071700222700013E01071F3D07D173C7
4388,1853,260717002412,xxxxxxxxxxxxxxxxxxxxxxxxxxxxxxxx26071700241200013E01071F3D07D47338
4389,1853,260717002557,xxxxxxxxxxxxxxxxxxxxxxxxxxxxxxxx26071700255700013E01071F3D07D673A9
4390,1853,260717002742,xxxxxxxxxxxxxxxxxxxxxxxxxxxxxxxx26071700274200013E01071F3D07DA73E4
4391,1853,260717002927,xxxxxxxxxxxxxxxxxxxxxxxxxxxxxxxx26071700292700013E01071F3D07DD738A
4392,1854,260717003112,xxxxxxxxxxxxxxxxxxxxxxxxxxxxxxxx26071700311200013E01071F3E07E17362
4393,1854,260717003257,xxxxxxxxxxxxxxxxxxxxxxxxxxxxxxxx26071700325700013E01071F3E07E373F3
4394,1854,260717003442,xxxxxxxxxxxxxxxxxxxxxxxxxxxxxxxx26071700344200013E01071F3E07E6730C
4395,1854,260717003627,xxxxxxxxxxxxxxxxxxxxxxxxxxxxxxxx26071700362700013E01071F3E07E773C8
4396,1854,260717003812,xxxxxxxxxxxxxxxxxxxxxxxxxxxxxxxx26071700381200013E01071F3E07EA7341
4397,1854,260717003957,xxxxxxxxxxxxxxxxxxxxxxxxxxxxxxxx26071700395700013E01071F3E07EC73EB
4398,1854,260717004142,xxxxxxxxxxxxxxxxxxxxxxxxxxxxxxxx26071700414200013E01071E3E07EF7373
4399,1855,260717004327,xxxxxxxxxxxxxxxxxxxxxxxxxxxxxxxx26071700432700013E01071E3F07F173CC
4400,1855,260717004512,xxxxxxxxxxxxxxxxxxxxxxxxxxxxxxxx26071700451200013E01071E3F07F573F7
4401,1855,260717004657,xxxxxxxxxxxxxxxxxxxxxxxxxxxxxxxx26071700465700013E01071E3F07F8737E
4402,1855,260717004842,xxxxxxxxxxxxxxxxxxxxxxxxxxxxxxxx26071700484200013E01071E3F07FA73EF
4403,1855,260717005027,xxxxxxxxxxxxxxxxxxxxxxxxxxxxxxxx26071700502700013E01071E3F07FC7345
4404,1856,260717005357,xxxxxxxxxxxxxxxxxxxxxxxxxxxxxxxx26071700535700013E01071E40070274B1
4405,1856,260717005542,xxxxxxxxxxxxxxxxxxxxxxxxxxxxxxxx26071700554200013E01071E4007037475
4406,1856,260717005727,xxxxxxxxxxxxxxxxxxxxxxxxxxxxxxxx26071700572700013E01071E40070574DF
4407,1856,260717005912,xxxxxxxxxxxxxxxxxxxxxxxxxxxxxxxx26071700591200013E01071E400706748A
4408,1856,260717010056,xxxxxxxxxxxxxxxxxxxxxxxxxxxxxxxx26071701005600013E01071D40070A7489
4409,1856,260717010241,xxxxxxxxxxxxxxxxxxxxxxxxxxxxxxxx26071701024100013E01071E40070D74A9
4410,1857,260717010426,xxxxxxxxxxxxxxxxxxxxxxxxxxxxxxxx26071701042600013E01071E4107107443
4411,1857,260717010611,xxxxxxxxxxxxxxxxxxxxxxxxxxxxxxxx26071701061100013E01071D4107147436
4412,1857,260717010756,xxxxxxxxxxxxxxxxxxxxxxxxxxxxxxxx26071701075600013E01071D41071674A7
4413,1857,260717010941,xxxxxxxxxxxxxxxxxxxxxxxxxxxxxxxx26071701094100013E01071D41071974BF
4414,1857,260717011126,xxxxxxxxxxxxxxxxxxxxxxxxxxxxxxxx26071701112600013E01071D41071B742E
4415,1857,260717011311,xxxxxxxxxxxxxxxxxxxxxxxxxxxxxxxx26071701131100013E01071D41071F7415
4416,1858,260717011456,xxxxxxxxxxxxxxxxxxxxxxxxxxxxxxxx26071701145600013E01071D42072074A8
4417,1857,260717011641,xxxxxxxxxxxxxxxxxxxxxxxxxxxxxxxx26071701164100013E01071D41071F7415
4418,1858,260717011826,xxxxxxxxxxxxxxxxxxxxxxxxxxxxxxxx26071701182600013E01071C42072274F4
4419,1858,260717012011,xxxxxxxxxxxxxxxxxxxxxxxxxxxxxxxx26071701201100013E01071C4207237430
4420,1858,260717012156,xxxxxxxxxxxxxxxxxxxxxxxxxxxxxxxx26071701215600013E01071C420727740B
4421,1858,260717012341,xxxxxxxxxxxxxxxxxxxxxxxxxxxxxxxx26071701234100013E01071C42072974D7
4422,1858,260717012525,xxxxxxxxxxxxxxxxxxxxxxxxxxxxxxxx26071701252500013E01071C42072C7428
4423,1859,260717012710,xxxxxxxxxxxxxxxxxxxxxxxxxxxxxxxx26071701271000013E01071C43073174C2
4424,1859,260717012855,xxxxxxxxxxxxxxxxxxxxxxxxxxxxxxxx26071701285500013E01071C43073574F9
4425,1859,260717013040,xxxxxxxxxxxxxxxxxxxxxxxxxxxxxxxx26071701304000013E01071B43073574A8
4426,1859,260717013413,xxxxxxxxxxxxxxxxxxxxxxxxxxxxxxxx26071701341300013E01071B43073A74B0
4427,1859,260717013558,xxxxxxxxxxxxxxxxxxxxxxxxxxxxxxxx26071701355800013E01071B43073B7474
4428,1860,260717013743,xxxxxxxxxxxxxxxxxxxxxxxxxxxxxxxx26071701374300013E01071B4407407467
4429,1860,260717013928,xxxxxxxxxxxxxxxxxxxxxxxxxxxxxxxx26071701392800013E01071C4407437463
4430,1860,260717014112,xxxxxxxxxxxxxxxxxxxxxxxxxxxxxxxx26071701411200013E01071B440744745C
4431,1860,260717014257,xxxxxxxxxxxxxxxxxxxxxxxxxxxxxxxx26071701425700013E01071B44074674CD
4432,1860,260717014442,xxxxxxxxxxxxxxxxxxxxxxxxxxxxxxxx26071701444200013E01071B4407477409
4433,1860,260717014627,xxxxxxxxxxxxxxxxxxxxxxxxxxxxxxxx26071701462700013E01071B4407487411
4434,1860,260717014812,xxxxxxxxxxxxxxxxxxxxxxxxxxxxxxxx26071701481200013E01071B44074D74EE
4435,1860,260717014956,xxxxxxxxxxxxxxxxxxxxxxxxxxxxxxxx26071701495600013E01071B44074F747F
4436,1861,260717015141,xxxxxxxxxxxxxxxxxxxxxxxxxxxxxxxx26071701514100013E01071B45075174C0
4437,1861,260717015326,xxxxxxxxxxxxxxxxxxxxxxxxxxxxxxxx26071701532600013E01071B4507537451
4438,1861,260717015511,xxxxxxxxxxxxxxxxxxxxxxxxxxxxxxxx26071701551100013E01071B45075574FB
4439,1861,260717015655,xxxxxxxxxxxxxxxxxxxxxxxxxxxxxxxx26071701565500013E01071B45075974B6
4440,1861,260717015840,xxxxxxxxxxxxxxxxxxxxxxxxxxxxxxxx26071701584000013E01071B45075C7449
4441,1861,260717020025,xxxxxxxxxxxxxxxxxxxxxxxxxxxxxxxx26071702002500013E01071B45075E74D8
4442,1862,260717020210,xxxxxxxxxxxxxxxxxxxxxxxxxxxxxxxx26071702021000013E01071B4607617465
4443,1862,260717020355,xxxxxxxxxxxxxxxxxxxxxxxxxxxxxxxx26071702035500013E01071B4607627430
4444,1862,260717020542,xxxxxxxxxxxxxxxxxxxxxxxxxxxxxxxx26071702054200013E01071B460765745E
4445,1862,260717020727,xxxxxxxxxxxxxxxxxxxxxxxxxxxxxxxx26071702072700013E01071C460767749E
4446,1862,260717020912,xxxxxxxxxxxxxxxxxxxxxxxxxxxxxxxx26071702091200013E01071C4607697442
4447,1862,260717021057,xxxxxxxxxxxxxxxxxxxxxxxxxxxxxxxx26071702105700013E01071C46076A7417
4448,1862,260717021242,xxxxxxxxxxxxxxxxxxxxxxxxxxxxxxxx26071702124200013E01071C46076E742C
4449,1862,260717021426,xxxxxxxxxxxxxxxxxxxxxxxxxxxxxxxx26071702142600013E01071C46076F74E8
4450,1863,260717021611,xxxxxxxxxxxxxxxxxxxxxxxxxxxxxxxx26071702161100013E01071C4707717457
4451,1863,260717021756,xxxxxxxxxxxxxxxxxxxxxxxxxxxxxxxx26071702175600013E01071C4707727402
4452,1863,260717021941,xxxxxxxxxxxxxxxxxxxxxxxxxxxxxxxx26071702194100013E01071B470775743D
4453,1863,260717022127,xxxxxxxxxxxxxxxxxxxxxxxxxxxxxxxx26071702212700013E01071B47077774AC
4454,1863,260717022312,xxxxxxxxxxxxxxxxxxxxxxxxxxxxxxxx26071702231200013E01071B47077874B4
4455,1863,260717022457,xxxxxxxxxxxxxxxxxxxxxxxxxxxxxxxx26071702245700013E01071B47077B74E1
4456,1863,260717022642,xxxxxxxxxxxxxxxxxxxxxxxxxxxxxxxx26071702264200013E01071B47077D744B
4457,1863,260717022827,xxxxxxxxxxxxxxxxxxxxxxxxxxxxxxxx26071702282700013E01071B47077E741E
4458,1864,260717023012,xxxxxxxxxxxxxxxxxxxxxxxxxxxxxxxx26071702301200013E01071B48078074C1
4459,1864,260717023157,xxxxxxxxxxxxxxxxxxxxxxxxxxxxxxxx26071702315700013E01071B4807827450
4460,1864,260717023342,xxxxxxxxxxxxxxxxxxxxxxxxxxxxxxxx26071702334200013E01071B4807837494
4461,1864,260717023527,xxxxxxxxxxxxxxxxxxxxxxxxxxxxxxxx26071702352700013E01071B480785743E
4462,1864,260717023711,xxxxxxxxxxxxxxxxxxxxxxxxxxxxxxxx26071702371100013E01071B48078874B7
4463,1864,260717023856,xxxxxxxxxxxxxxxxxxxxxxxxxxxxxxxx26071702385600013E01071B48078A7426
4464,1864,260717024041,xxxxxxxxxxxxxxxxxxxxxxxxxxxxxxxx26071702404100013E01071B48078B74E2
4465,1864,260717024226,xxxxxxxxxxxxxxxxxxxxxxxxxxxxxxxx26071702422600013E01071B48078D7448
4466,1865,260717024411,xxxxxxxxxxxxxxxxxxxxxxxxxxxxxxxx26071702441100013E01071B49079074A2
4467,1865,260717024558,xxxxxxxxxxxxxxxxxxxxxxxxxxxxxxxx26071702455800013E01071B49079074A2
4468,1865,260717024743,xxxxxxxxxxxxxxxxxxxxxxxxxxxxxxxx26071702474300013E01071B4907927433
4469,1865,260717024928,xxxxxxxxxxxxxxxxxxxxxxxxxxxxxxxx26071702492800013E01071B4907947499
4470,1865,260717025113,xxxxxxxxxxxxxxxxxxxxxxxxxxxxxxxx26071702511300013E01071B490795745D
4471,1865,260717025258,xxxxxxxxxxxxxxxxxxxxxxxxxxxxxxxx26071702525800013E01071B49079774CC
4472,1865,260717025441,xxxxxxxxxxxxxxxxxxxxxxxxxxxxxxxx26071702544100013E01071B4907997410
4473,1865,260717025626,xxxxxxxxxxxxxxxxxxxxxxxxxxxxxxxx26071702562600013E01071A49079B744C
4474,1865,260717025811,xxxxxxxxxxxxxxxxxxxxxxxxxxxxxxxx26071702581100013E01071A49079D74E6
4475,1866,260717025956,xxxxxxxxxxxxxxxxxxxxxxxxxxxxxxxx26071702595600013E01071A4A07A074CA
4476,1866,260717030142,xxxxxxxxxxxxxxxxxxxxxxxxxxxxxxxx26071703014200013E01071A4A07A074CA
4477,1866,260717030327,xxxxxxxxxxxxxxxxxxxxxxxxxxxxxxxx26071703032700013E01071A4A07A2745B
4478,1866,260717030512,xxxxxxxxxxxxxxxxxxxxxxxxxxxxxxxx26071703051200013E01071A4A07A3749F
4479,1866,260717030657,xxxxxxxxxxxxxxxxxxxxxxxxxxxxxxxx26071703065700013E01071A4A07A57435
4480,1866,260717030842,xxxxxxxxxxxxxxxxxxxxxxxxxxxxxxxx26071703084200013E01071A4A07A774A4
4481,1866,260717031026,xxxxxxxxxxxxxxxxxxxxxxxxxxxxxxxx26071703102600013E01071A4A07A874BC
4482,1866,260717031211,xxxxxxxxxxxxxxxxxxxxxxxxxxxxxxxx26071703121100013E01071A4A07AA742D
4483,1866,260717031356,xxxxxxxxxxxxxxxxxxxxxxxxxxxxxxxx26071703135600013E01071A4A07AC7487
4484,1866,260717031541,xxxxxxxxxxxxxxxxxxxxxxxxxxxxxxxx26071703154100013E01071A4A07AE7416
4485,1867,260717031726,xxxxxxxxxxxxxxxxxxxxxxxxxxxxxxxx26071703172600013E01071A4B07B074A9
4486,1867,260717031913,xxxxxxxxxxxxxxxxxxxxxxxxxxxxxxxx26071703191300013E01071A4B07B1746D
4487,1867,260717032058,xxxxxxxxxxxxxxxxxxxxxxxxxxxxxxxx26071703205800013E01071A4B07B27438
4488,1867,260717032243,xxxxxxxxxxxxxxxxxxxxxxxxxxxxxxxx26071703224300013E01071A4B07B47492
4489,1867,260717032428,xxxxxxxxxxxxxxxxxxxxxxxxxxxxxxxx26071703242800013E01071A4B07B57456
4490,1867,260717032613,xxxxxxxxxxxxxxxxxxxxxxxxxxxxxxxx26071703261300013E01071A4B07B874DF
4491,1867,260717032758,xxxxxxxxxxxxxxxxxxxxxxxxxxxxxxxx26071703275800013E01071A4B07BA744E
4492,1867,260717032943,xxxxxxxxxxxxxxxxxxxxxxxxxxxxxxxx26071703294300013E01071A4B07BB748A
4493,1867,260717033128,xxxxxxxxxxxxxxxxxxxxxxxxxxxxxxxx26071703312800013E01071A4B07BC74E4
4494,1867,260717033313,xxxxxxxxxxxxxxxxxxxxxxxxxxxxxxxx26071703331300013E01071A4B07BE7475
4495,1868,260717033458,xxxxxxxxxxxxxxxxxxxxxxxxxxxxxxxx26071703345800013E01071A4C07C07499
4496,1868,260717033643,xxxxxxxxxxxxxxxxxxxxxxxxxxxxxxxx26071703364300013E01071A4C07C1745D
4497,1868,260717033828,xxxxxxxxxxxxxxxxxxxxxxxxxxxxxxxx26071703382800013E01071A4C07C374CC
4498,1868,260717034013,xxxxxxxxxxxxxxxxxxxxxxxxxxxxxxxx26071703401300013E01071A4C07C474A2
4499,1868,260717034158,xxxxxxxxxxxxxxxxxxxxxxxxxxxxxxxx26071703415800013E01071A4C07C67433
4500,1868,260717034343,xxxxxxxxxxxxxxxxxxxxxxxxxxxxxxxx26071703434300013E01071A4C07C874EF
4501,1868,260717034528,xxxxxxxxxxxxxxxxxxxxxxxxxxxxxxxx26071703452800013E01071A4C07CA747E
4502,1868,260717034713,xxxxxxxxxxxxxxxxxxxxxxxxxxxxxxxx26071703471300013E0107194C07CC749A
4503,1868,260717034858,xxxxxxxxxxxxxxxxxxxxxxxxxxxxxxxx26071703485800013E0107194C07CC749A
4504,1868,260717035044,xxxxxxxxxxxxxxxxxxxxxxxxxxxxxxxx26071703504400013E0107194C07CE740B
4505,1869,260717035229,xxxxxxxxxxxxxxxxxxxxxxxxxxxxxxxx26071703522900013E0107194D07D074B4
4506,1869,260717035414,xxxxxxxxxxxxxxxxxxxxxxxxxxxxxxxx26071703541400013E0107194D07D17470
4507,1869,260717035559,xxxxxxxxxxxxxxxxxxxxxxxxxxxxxxxx26071703555900013E0107194D07D27425
4508,1869,260717035743,xxxxxxxxxxxxxxxxxxxxxxxxxxxxxxxx26071703574300013E0107194D07D374E1
4509,1869,260717035928,xxxxxxxxxxxxxxxxxxxxxxxxxxxxxxxx26071703592800013E0107194D07D4748F
4510,1869,260717040113,xxxxxxxxxxxxxxxxxxxxxxxxxxxxxxxx26071704011300013E0107194D07D6741E
4511,1869,260717040258,xxxxxxxxxxxxxxxxxxxxxxxxxxxxxxxx26071704025800013E0107194D07D774DA
4512,1869,260717040443,xxxxxxxxxxxxxxxxxxxxxxxxxxxxxxxx26071704044300013E0107194D07D97406
4513,1869,260717040628,xxxxxxxxxxxxxxxxxxxxxxxxxxxxxxxx26071704062800013E0107194D07DA7453
4514,1869,260717040813,xxxxxxxxxxxxxxxxxxxxxxxxxxxxxxxx26071704081300013E0107194D07DC74F9
4515,1869,260717040958,xxxxxxxxxxxxxxxxxxxxxxxxxxxxxxxx26071704095800013E0107194D07DD743D
4516,1869,260717041143,xxxxxxxxxxxxxxxxxxxxxxxxxxxxxxxx26071704114300013E0107194D07DE7468
4517,1869,260717041328,xxxxxxxxxxxxxxxxxxxxxxxxxxxxxxxx26071704132800013E0107194D07DF74AC
4518,1870,260717041513,xxxxxxxxxxxxxxxxxxxxxxxxxxxxxxxx26071704151300013E0107194E07E07411
4519,1870,260717041658,xxxxxxxxxxxxxxxxxxxxxxxxxxxxxxxx26071704165800013E0107194E07E174D5
4520,1870,260717041843,xxxxxxxxxxxxxxxxxxxxxxxxxxxxxxxx26071704184300013E0107194E07E37444
4521,1870,260717042028,xxxxxxxxxxxxxxxxxxxxxxxxxxxxxxxx26071704202800013E0107194E07E4742A
4522,1870,260717042213,xxxxxxxxxxxxxxxxxxxxxxxxxxxxxxxx26071704221300013E0107184E07E67476
4523,1870,260717042358,xxxxxxxxxxxxxxxxxxxxxxxxxxxxxxxx26071704235800013E0107184E07E774B2
4524,1870,260717042543,xxxxxxxxxxxxxxxxxxxxxxxxxxxxxxxx26071704254300013E0107184E07E9746E
4525,1870,260717042728,xxxxxxxxxxxxxxxxxxxxxxxxxxxxxxxx26071704272800013E0107184E07EB74FF
4526,1870,260717042913,xxxxxxxxxxxxxxxxxxxxxxxxxxxxxxxx26071704291300013E0107184E07EE7400
4527,1870,260717043059,xxxxxxxxxxxxxxxxxxxxxxxxxxxxxxxx26071704305900013E0107184E07EE7400
4528,1871,260717043244,xxxxxxxxxxxxxxxxxxxxxxxxxxxxxxxx26071704324400013E0107184F07F074BF
4529,1871,260717043429,xxxxxxxxxxxxxxxxxxxxxxxxxxxxxxxx26071704342900013E0107184F07F1747B
4530,1871,260717043614,xxxxxxxxxxxxxxxxxxxxxxxxxxxxxxxx26071704361400013E0107184F07F374EA
4531,1871,260717043758,xxxxxxxxxxxxxxxxxxxxxxxxxxxxxxxx26071704375800013E0107184F07F67415
4532,1871,260717043943,xxxxxxxxxxxxxxxxxxxxxxxxxxxxxxxx26071704394300013E0107184F07F774D1
4533,1871,260717044128,xxxxxxxxxxxxxxxxxxxxxxxxxxxxxxxx26071704412800013E0107184F07F9740D
4534,1871,260717044313,xxxxxxxxxxxxxxxxxxxxxxxxxxxxxxxx26071704431300013E0107184F07FA7458
4535,1871,260717044458,xxxxxxxxxxxxxxxxxxxxxxxxxxxxxxxx26071704445800013E0107184F07FC74F2
4536,1871,260717044642,xxxxxxxxxxxxxxxxxxxxxxxxxxxxxxxx26071704464200013E0107184F07FD7436
4537,1871,260717044827,xxxxxxxxxxxxxxxxxxxxxxxxxxxxxxxx26071704482700013E0107184F07FE7463
4538,1872,260717045012,xxxxxxxxxxxxxxxxxxxxxxxxxxxxxxxx26071704501200013E01071850070075DA
4539,1872,260717045157,xxxxxxxxxxxxxxxxxxxxxxxxxxxxxxxx26071704515700013E0107175007027524
4540,1872,260717045342,xxxxxxxxxxxxxxxxxxxxxxxxxxxxxxxx26071704534200013E0107175007017571
4541,1872,260717045529,xxxxxxxxxxxxxxxxxxxxxxxxxxxxxxxx26071704552900013E010717500704758E
4542,1872,260717045714,xxxxxxxxxxxxxxxxxxxxxxxxxxxxxxxx26071704571400013E01071750070775DB
4543,1872,260717045859,xxxxxxxxxxxxxxxxxxxxxxxxxxxxxxxx26071704585900013E01071750070875C3
4544,1872,260717050044,xxxxxxxxxxxxxxxxxxxxxxxxxxxxxxxx26071705004400013E01071750070B7596
4545,1872,260717050227,xxxxxxxxxxxxxxxxxxxxxxxxxxxxxxxx26071705022700013E01071750070C75F8
4546,1872,260717050412,xxxxxxxxxxxxxxxxxxxxxxxxxxxxxxxx26071705041200013E01071750070D753C
4547,1872,260717050557,xxxxxxxxxxxxxxxxxxxxxxxxxxxxxxxx26071705055700013E01071750070E7569
4548,1873,260717050742,xxxxxxxxxxxxxxxxxxxxxxxxxxxxxxxx26071705074200013E01071751071075D6
4549,1873,260717050927,xxxxxxxxxxxxxxxxxxxxxxxxxxxxxxxx26071705092700013E0107175107117512
4550,1873,260717051114,xxxxxxxxxxxxxxxxxxxxxxxxxxxxxxxx26071705111400013E0107175107127547
4551,1873,260717051259,xxxxxxxxxxxxxxxxxxxxxxxxxxxxxxxx26071705125900013E0107175107137583
4552,1873,260717051444,xxxxxxxxxxxxxxxxxxxxxxxxxxxxxxxx26071705144400013E0107175107157529
4553,1873,260717051629,xxxxxxxxxxxxxxxxxxxxxxxxxxxxxxxx26071705162900013E010717510716757C
4554,1873,260717051957,xxxxxxxxxxxxxxxxxxxxxxxxxxxxxxxx26071705195700013E01071751071A7531
4555,1873,260717052142,xxxxxxxxxxxxxxxxxxxxxxxxxxxxxxxx26071705214200013E01071751071B75F5
4556,1873,260717052327,xxxxxxxxxxxxxxxxxxxxxxxxxxxxxxxx26071705232700013E01071751071C759B
4557,1873,260717052512,xxxxxxxxxxxxxxxxxxxxxxxxxxxxxxxx26071705251200013E01071751071E750A
4558,1874,260717052659,xxxxxxxxxxxxxxxxxxxxxxxxxxxxxxxx26071705265900013E0107175207207573
4559,1874,260717052844,xxxxxxxxxxxxxxxxxxxxxxxxxxxxxxxx26071705284400013E0107175207207573
4560,1874,260717053029,xxxxxxxxxxxxxxxxxxxxxxxxxxxxxxxx26071705302900013E01071752072275E2
4561,1874,260717053214,xxxxxxxxxxxxxxxxxxxxxxxxxxxxxxxx26071705321400013E0107175207237526
4562,1874,260717053359,xxxxxxxxxxxxxxxxxxxxxxxxxxxxxxxx26071705335900013E010717520725758C
4563,1874,260717053544,xxxxxxxxxxxxxxxxxxxxxxxxxxxxxxxx26071705354400013E010717520727751D
4564,1874,260717053729,xxxxxxxxxxxxxxxxxxxxxxxxxxxxxxxx26071705372900013E010716520729750C
4565,1874,260717053914,xxxxxxxxxxxxxxxxxxxxxxxxxxxxxxxx26071705391400013E01071652072A7559
4566,1874,260717054059,xxxxxxxxxxxxxxxxxxxxxxxxxxxxxxxx26071705405900013E01071652072B759D
4567,1874,260717054244,xxxxxxxxxxxxxxxxxxxxxxxxxxxxxxxx26071705424400013E01071652072C75F3
4568,1874,260717054429,xxxxxxxxxxxxxxxxxxxxxxxxxxxxxxxx26071705442900013E01071652072C75F3
4569,1874,260717054614,xxxxxxxxxxxxxxxxxxxxxxxxxxxxxxxx26071705461400013E01071652072F75A6
4570,1875,260717054759,xxxxxxxxxxxxxxxxxxxxxxxxxxxxxxxx26071705475900013E01071653073075DD
4571,1875,260717054944,xxxxxxxxxxxxxxxxxxxxxxxxxxxxxxxx26071705494400013E01071653073075DD
4572,1875,260717055128,xxxxxxxxxxxxxxxxxxxxxxxxxxxxxxxx26071705512800013E010716530732754C
4573,1875,260717055313,xxxxxxxxxxxxxxxxxxxxxxxxxxxxxxxx26071705531300013E01071653073475E6
4574,1875,260717055458,xxxxxxxxxxxxxxxxxxxxxxxxxxxxxxxx26071705545800013E0107165307357522
4575,1875,260717055643,xxxxxxxxxxxxxxxxxxxxxxxxxxxxxxxx26071705564300013E0107165307367577
4576,1875,260717060013,xxxxxxxxxxxxxxxxxxxxxxxxxxxxxxxx26071706001300013E01071653073875AB
4577,1875,260717060158,xxxxxxxxxxxxxxxxxxxxxxxxxxxxxxxx26071706015800013E01071653073B75FE
4578,1875,260717060343,xxxxxxxxxxxxxxxxxxxxxxxxxxxxxxxx26071706034300013E01071653073C7590
4579,1875,260717060528,xxxxxxxxxxxxxxxxxxxxxxxxxxxxxxxx26071706052800013E01071653073D7554
4580,1875,260717060712,xxxxxxxxxxxxxxxxxxxxxxxxxxxxxxxx26071706071200013E01071653073E7501
4581,1875,260717060857,xxxxxxxxxxxxxxxxxxxxxxxxxxxxxxxx26071706085700013E01071653073F75C5
4582,1876,260717061042,xxxxxxxxxxxxxxxxxxxxxxxxxxxxxxxx26071706104200013E01071654074075ED
4583,1876,260717061227,xxxxxxxxxxxxxxxxxxxxxxxxxxxxxxxx26071706122700013E0107165407417529
4584,1876,260717061412,xxxxxxxxxxxxxxxxxxxxxxxxxxxxxxxx26071706141200013E010716540742757C
4585,1876,260717061559,xxxxxxxxxxxxxxxxxxxxxxxxxxxxxxxx26071706155900013E0107165407457512
4586,1876,260717061744,xxxxxxxxxxxxxxxxxxxxxxxxxxxxxxxx26071706174400013E0107165407457512
4587,1876,260717061929,xxxxxxxxxxxxxxxxxxxxxxxxxxxxxxxx26071706192900013E0107165407457512
4588,1876,260717062114,xxxxxxxxxxxxxxxxxxxxxxxxxxxxxxxx26071706211400013E0107165407477583
4589,1876,260717062257,xxxxxxxxxxxxxxxxxxxxxxxxxxxxxxxx26071706225700013E0107165407477583
4590,1876,260717062442,xxxxxxxxxxxxxxxxxxxxxxxxxxxxxxxx26071706244200013E010716540749755F
4591,1876,260717062627,xxxxxxxxxxxxxxxxxxxxxxxxxxxxxxxx26071706262700013E01071554074B7580
4592,1876,260717062812,xxxxxxxxxxxxxxxxxxxxxxxxxxxxxxxx26071706281200013E01071554074C75EE
4593,1876,260717062957,xxxxxxxxxxxxxxxxxxxxxxxxxxxxxxxx26071706295700013E01071554074D752A
4594,1876,260717063144,xxxxxxxxxxxxxxxxxxxxxxxxxxxxxxxx26071706314400013E01071554074F75BB
4595,1877,260717063329,xxxxxxxxxxxxxxxxxxxxxxxxxxxxxxxx26071706332900013E01071555075075C0
4596,1877,260717063514,xxxxxxxxxxxxxxxxxxxxxxxxxxxxxxxx26071706351400013E0107155507517504
4597,1877,260717063659,xxxxxxxxxxxxxxxxxxxxxxxxxxxxxxxx26071706365900013E0107155507527551
4598,1877,260717064029,xxxxxxxxxxxxxxxxxxxxxxxxxxxxxxxx26071706402900013E01071555075475FB
4599,1877,260717064214,xxxxxxxxxxxxxxxxxxxxxxxxxxxxxxxx26071706421400013E01071555075475FB
4600,1877,260717064359,xxxxxxxxxxxxxxxxxxxxxxxxxxxxxxxx26071706435900013E010715550756756A
4601,1877,260717064544,xxxxxxxxxxxxxxxxxxxxxxxxxxxxxxxx26071706454400013E01071555075875B6
4602,1877,260717064729,xxxxxxxxxxxxxxxxxxxxxxxxxxxxxxxx26071706472900013E01071555075875B6
4603,1877,260717064914,xxxxxxxxxxxxxxxxxxxxxxxxxxxxxxxx26071706491400013E01071555075B75E3
4604,1877,260717065059,xxxxxxxxxxxxxxxxxxxxxxxxxxxxxxxx26071706505900013E01071555075B75E3
4605,1877,260717065244,xxxxxxxxxxxxxxxxxxxxxxxxxxxxxxxx26071706524400013E01071555075B75E3
4606,1877,260717065429,xxxxxxxxxxxxxxxxxxxxxxxxxxxxxxxx26071706542900013E01071555075D7549
4607,1877,260717065615,xxxxxxxxxxxxxxxxxxxxxxxxxxxxxxxx26071706561500013E01071555075D7549
4608,1877,260717065800,xxxxxxxxxxxxxxxxxxxxxxxxxxxxxxxx26071706580000013E01071555075F75D8
4609,1878,260717065945,xxxxxxxxxxxxxxxxxxxxxxxxxxxxxxxx26071706594500013E01071556076175A1
4610,1878,260717070130,xxxxxxxxxxxxxxxxxxxxxxxxxxxxxxxx26071707013000013E01071556076275F4
4611,1878,260717070314,xxxxxxxxxxxxxxxxxxxxxxxxxxxxxxxx26071707031400013E01071556076275F4
4612,1878,260717070459,xxxxxxxxxxxxxxxxxxxxxxxxxxxxxxxx26071707045900013E0107155607637530
4613,1878,260717070644,xxxxxxxxxxxxxxxxxxxxxxxxxxxxxxxx26071707064400013E010715560764755E
4614,1878,260717070829,xxxxxxxxxxxxxxxxxxxxxxxxxxxxxxxx26071707082900013E01071556076675CF
4615,1878,260717071014,xxxxxxxxxxxxxxxxxxxxxxxxxxxxxxxx26071707101400013E010715560767750B
4616,1878,260717071159,xxxxxxxxxxxxxxxxxxxxxxxxxxxxxxxx26071707115900013E01071556076975D7
4617,1878,260717071344,xxxxxxxxxxxxxxxxxxxxxxxxxxxxxxxx26071707134400013E01071556076A7582
4618,1878,260717071529,xxxxxxxxxxxxxxxxxxxxxxxxxxxxxxxx26071707152900013E01071556076B7546
4619,1878,260717071714,xxxxxxxxxxxxxxxxxxxxxxxxxxxxxxxx26071707171400013E01071456076C75E5
4620,1878,260717071859,xxxxxxxxxxxxxxxxxxxxxxxxxxxxxxxx26071707185900013E01071456076E7574
4621,1878,260717072044,xxxxxxxxxxxxxxxxxxxxxxxxxxxxxxxx26071707204400013E01071456076F75B0
4622,1878,260717072229,xxxxxxxxxxxxxxxxxxxxxxxxxxxxxxxx26071707222900013E01071456076F75B0
4623,1879,260717072414,xxxxxxxxxxxxxxxxxxxxxxxxxxxxxxxx26071707241400013E01071457077075CB
4624,1879,260717072559,xxxxxxxxxxxxxxxxxxxxxxxxxxxxxxxx26071707255900013E010714570772755A
4625,1879,260717072744,xxxxxxxxxxxxxxxxxxxxxxxxxxxxxxxx26071707274400013E01071457077475F0
4626,1879,260717072929,xxxxxxxxxxxxxxxxxxxxxxxxxxxxxxxx26071707292900013E0107145707757534
4627,1879,260717073114,xxxxxxxxxxxxxxxxxxxxxxxxxxxxxxxx26071707311400013E0107145707757534
4628,1879,260717073259,xxxxxxxxxxxxxxxxxxxxxxxxxxxxxxxx26071707325900013E01071457077775A5
4629,1879,260717073444,xxxxxxxxxxxxxxxxxxxxxxxxxxxxxxxx26071707344400013E0107145707797579
4630,1879,260717073630,xxxxxxxxxxxxxxxxxxxxxxxxxxxxxxxx26071707363000013E0107145707797579
4631,1879,260717073815,xxxxxxxxxxxxxxxxxxxxxxxxxxxxxxxx26071707381500013E01071457077A752C
4632,1879,260717074000,xxxxxxxxxxxxxxxxxxxxxxxxxxxxxxxx26071707400000013E01071457077B75E8
4633,1879,260717074145,xxxxxxxxxxxxxxxxxxxxxxxxxxxxxxxx26071707414500013E01071457077C7586
4634,1879,260717074326,xxxxxxxxxxxxxxxxxxxxxxxxxxxxxxxx26071707432600013E01071457077C7586
4635,1879,260717074514,xxxxxxxxxxxxxxxxxxxxxxxxxxxxxxxx26071707451400013E01071457077E7517
4636,1879,260717074659,xxxxxxxxxxxxxxxxxxxxxxxxxxxxxxxx26071707465900013E01071457077F75D3
4637,1880,260717074844,xxxxxxxxxxxxxxxxxxxxxxxxxxxxxxxx26071707484400013E010714580781750C
4638,1880,260717075029,xxxxxxxxxxxxxxxxxxxxxxxxxxxxxxxx26071707502900013E010714580781750C
4639,1880,260717075211,xxxxxxxxxxxxxxxxxxxxxxxxxxxxxxxx26071707521100013E010714580783759D
4640,1880,260717075400,xxxxxxxxxxxxxxxxxxxxxxxxxxxxxxxx26071707540000013E010714580783759D
4641,1880,260717075545,xxxxxxxxxxxxxxxxxxxxxxxxxxxxxxxx26071707554500013E0107145807867562
4642,1880,260717075730,xxxxxxxxxxxxxxxxxxxxxxxxxxxxxxxx26071707573000013E0107145807867562
4643,1880,260717080100,xxxxxxxxxxxxxxxxxxxxxxxxxxxxxxxx26071708010000013E01071458078875BE
4644,1880,260717080245,xxxxxxxxxxxxxxxxxxxxxxxxxxxxxxxx26071708024500013E01071458078875BE
4645,1880,260717080430,xxxxxxxxxxxxxxxxxxxxxxxxxxxxxxxx26071708043000013E010714580789757A
4646,1880,260717080615,xxxxxxxxxxxxxxxxxxxxxxxxxxxxxxxx26071708061500013E01071458078A752F
4647,1880,260717080757,xxxxxxxxxxxxxxxxxxxxxxxxxxxxxxxx26071708075700013E01071458078B75EB
4648,1880,260717080945,xxxxxxxxxxxxxxxxxxxxxxxxxxxxxxxx26071708094500013E01071458078D7541
4649,1880,260717081130,xxxxxxxxxxxxxxxxxxxxxxxxxxxxxxxx26071708113000013E01071458078D7541
4650,1880,260717081315,xxxxxxxxxxxxxxxxxxxxxxxxxxxxxxxx26071708131500013E01071458078D7541
4651,1880,260717081500,xxxxxxxxxxxxxxxxxxxxxxxxxxxxxxxx26071708150000013E01071458078E7514
4652,1880,260717081641,xxxxxxxxxxxxxxxxxxxxxxxxxxxxxxxx26071708164100013E01071458078F75D0
4653,1881,260717081830,xxxxxxxxxxxxxxxxxxxxxxxxxxxxxxxx26071708183000013E01071459079075AB
4654,1881,260717082015,xxxxxxxxxxxxxxxxxxxxxxxxxxxxxxxx26071708201500013E010714590791756F
4655,1881,260717082200,xxxxxxxxxxxxxxxxxxxxxxxxxxxxxxxx26071708220000013E010714590792753A
4656,1881,260717082341,xxxxxxxxxxxxxxxxxxxxxxxxxxxxxxxx26071708234100013E010714590792753A
4657,1881,260717082530,xxxxxxxxxxxxxxxxxxxxxxxxxxxxxxxx26071708253000013E01071459079375FE
4658,1881,260717082715,xxxxxxxxxxxxxxxxxxxxxxxxxxxxxxxx26071708271500013E0107145907947590
4659,1881,260717082900,xxxxxxxxxxxxxxxxxxxxxxxxxxxxxxxx26071708290000013E0107145907947590
4660,1881,260717083045,xxxxxxxxxxxxxxxxxxxxxxxxxxxxxxxx26071708304500013E0107145907957554
4661,1881,260717083230,xxxxxxxxxxxxxxxxxxxxxxxxxxxxxxxx26071708323000013E0107145907967501
4662,1881,260717083415,xxxxxxxxxxxxxxxxxxxxxxxxxxxxxxxx26071708341500013E01071459079775C5
4663,1881,260717083600,xxxxxxxxxxxxxxxxxxxxxxxxxxxxxxxx26071708360000013E010713590798758C
4664,1881,260717083745,xxxxxxxxxxxxxxxxxxxxxxxxxxxxxxxx26071708374500013E0107135907997548
4665,1881,260717083930,xxxxxxxxxxxxxxxxxxxxxxxxxxxxxxxx26071708393000013E0107135907997548
4666,1881,260717084115,xxxxxxxxxxxxxxxxxxxxxxxxxxxxxxxx26071708411500013E0107135907997548
4667,1881,260717084300,xxxxxxxxxxxxxxxxxxxxxxxxxxxxxxxx26071708430000013E01071359079A751D
4668,1881,260717084445,xxxxxxxxxxxxxxxxxxxxxxxxxxxxxxxx26071708444500013E01071359079B75D9
4669,1881,260717084630,xxxxxxxxxxxxxxxxxxxxxxxxxxxxxxxx26071708463000013E01071359079A751D
4670,1881,260717084815,xxxxxxxxxxxxxxxxxxxxxxxxxxxxxxxx26071708481500013E01071359079C75B7
4671,1881,260717085000,xxxxxxxxxxxxxxxxxxxxxxxxxxxxxxxx26071708500000013E01071359079D7573
4672,1881,260717085145,xxxxxxxxxxxxxxxxxxxxxxxxxxxxxxxx26071708514500013E01071359079E7526
4673,1881,260717085330,xxxxxxxxxxxxxxxxxxxxxxxxxxxxxxxx26071708533000013E01071359079F75E2
4674,1881,260717085515,xxxxxxxxxxxxxxxxxxxxxxxxxxxxxxxx26071708551500013E01071359079F75E2
4675,1882,260717085700,xxxxxxxxxxxxxxxxxxxxxxxxxxxxxxxx26071708570000013E0107135A07A0755F
4676,1882,260717085845,xxxxxxxxxxxxxxxxxxxxxxxxxxxxxxxx26071708584500013E0107135A07A1759B
4677,1882,260717090030,xxxxxxxxxxxxxxxxxxxxxxxxxxxxxxxx26071709003000013E0107135A07A1759B
4678,1882,260717090215,xxxxxxxxxxxxxxxxxxxxxxxxxxxxxxxx26071709021500013E0107135A07A1759B
4679,1882,260717090356,xxxxxxxxxxxxxxxxxxxxxxxxxxxxxxxx26071709035600013E0107135A07A3750A
4680,1882,260717090545,xxxxxxxxxxxxxxxxxxxxxxxxxxxxxxxx26071709054500013E0107135A07A3750A
4681,1882,260717090730,xxxxxxxxxxxxxxxxxxxxxxxxxxxxxxxx26071709073000013E0107135A07A47564
4682,1882,260717090915,xxxxxxxxxxxxxxxxxxxxxxxxxxxxxxxx26071709091500013E0107135A07A47564
4683,1882,260717091100,xxxxxxxxxxxxxxxxxxxxxxxxxxxxxxxx26071709110000013E0107135A07A575A0
4684,1882,260717091246,xxxxxxxxxxxxxxxxxxxxxxxxxxxxxxxx26071709124600013E0107135A07A575A0
4685,1882,260717091431,xxxxxxxxxxxxxxxxxxxxxxxxxxxxxxxx26071709143100013E0107135A07A675F5
4686,1882,260717091616,xxxxxxxxxxxxxxxxxxxxxxxxxxxxxxxx26071709161600013E0107135A07A675F5
4687,1882,260717091801,xxxxxxxxxxxxxxxxxxxxxxxxxxxxxxxx26071709180100013E0107135A07A77531
4688,1882,260717091946,xxxxxxxxxxxxxxxxxxxxxxxxxxxxxxxx26071709194600013E0107135A07A87529
4689,1882,260717092130,xxxxxxxxxxxxxxxxxxxxxxxxxxxxxxxx26071709213000013E0107135A07A87529
4690,1882,260717092315,xxxxxxxxxxxxxxxxxxxxxxxxxxxxxxxx26071709231500013E0107135A07A975ED
4691,1882,260717092500,xxxxxxxxxxxxxxxxxxxxxxxxxxxxxxxx26071709250000013E0107135A07A975ED
4692,1882,260717092645,xxxxxxxxxxxxxxxxxxxxxxxxxxxxxxxx26071709264500013E0107135A07AB757C
4693,1882,260717092830,xxxxxxxxxxxxxxxxxxxxxxxxxxxxxxxx26071709283000013E0107135A07AB757C
4694,1882,260717093015,xxxxxxxxxxxxxxxxxxxxxxxxxxxxxxxx26071709301500013E0107135A07A87529
4695,1882,260717093200,xxxxxxxxxxxxxxxxxxxxxxxxxxxxxxxx26071709320000013E0107135A07A47564
4696,1865,260717093345,xxxxxxxxxxxxxxxxxxxxxxxxxxxxxxxx26071709334500013E010713490799742E
4697,1836,260717093530,xxxxxxxxxxxxxxxxxxxxxxxxxxxxxxxx26071709353000013E0107132C07C572D8
4698,1863,260717093716,xxxxxxxxxxxxxxxxxxxxxxxxxxxxxxxx26071709371600013E0107134707717438
4699,1855,260717093901,xxxxxxxxxxxxxxxxxxxxxxxxxxxxxxxx26071709390100013E0107123F07F3737C
4700,1762,260717094046,xxxxxxxxxxxxxxxxxxxxxxxxxxxxxxxx26071709404600013E010713E206206EEB
4701,1739,260717094231,xxxxxxxxxxxxxxxxxxxxxxxxxxxxxxxx26071709423100013E010714CB06B26CB7
4702,1783,260717094412,xxxxxxxxxxxxxxxxxxxxxxxxxxxxxxxx26071709441200013E010713F706766FD1
4703,1768,260717094600,xxxxxxxxxxxxxxxxxxxxxxxxxxxxxxxx26071709460000013E010713E8068D6E97
4704,1783,260717094745,xxxxxxxxxxxxxxxxxxxxxxxxxxxxxxxx26071709474500013E010713F706776F15
4705,1801,260717094930,xxxxxxxxxxxxxxxxxxxxxxxxxxxxxxxx26071709493000013E01071209079070D0
4706,1728,260717095115,xxxxxxxxxxxxxxxxxxxxxxxxxxxxxxxx26071709511500013E010712C006046C17
4707,1781,260717095301,xxxxxxxxxxxxxxxxxxxxxxxxxxxxxxxx26071709530100013E010712F506556F8F
4708,1797,260717095446,xxxxxxxxxxxxxxxxxxxxxxxxxxxxxxxx26071709544600013E0107120507557089
4709,1779,260717095631,xxxxxxxxxxxxxxxxxxxxxxxxxxxxxxxx26071709563100013E010711F306366FC7
4710,1757,260717095816,xxxxxxxxxxxxxxxxxxxxxxxxxxxxxxxx26071709581600013E010710DD06DA6DEB
4711,1784,260717100001,xxxxxxxxxxxxxxxxxxxxxxxxxxxxxxxx26071710000100013E010710F8068C6F7B
4712,1765,260717100145,xxxxxxxxxxxxxxxxxxxxxxxxxxxxxxxx26071710014500013E010710E506506E95
4713,1799,260717100330,xxxxxxxxxxxxxxxxxxxxxxxxxxxxxxxx26071710033000013E01071007077B7010
4714,1793,260717100515,xxxxxxxxxxxxxxxxxxxxxxxxxxxxxxxx26071710051500013E01071101071A704A
4715,1688,260717100700,xxxxxxxxxxxxxxxxxxxxxxxxxxxxxxxx26071710070000013E01071098068D69F2
4716,1787,260717100846,xxxxxxxxxxxxxxxxxxxxxxxxxxxxxxxx26071710084600013E010711FB06B66FF4
4717,1771,260717101031,xxxxxxxxxxxxxxxxxxxxxxxxxxxxxxxx26071710103100013E010710EB06BD6E7C
4718,1740,260717101216,xxxxxxxxxxxxxxxxxxxxxxxxxxxxxxxx26071710121600013E010710CC06CD6C80
4719,1788,260717101401,xxxxxxxxxxxxxxxxxxxxxxxxxxxxxxxx26071710140100013E010710FC06C46F98
4720,1788,260717101546,xxxxxxxxxxxxxxxxxxxxxxxxxxxxxxxx26071710154600013E010710FC06C06FA3
4721,1788,260717101731,xxxxxxxxxxxxxxxxxxxxxxxxxxxxxxxx26071710173100013E010710FC06C56F5C
4722,1788,260717101916,xxxxxxxxxxxxxxxxxxxxxxxxxxxxxxxx26071710191600013E010710FC06C56F5C
4723,1788,260717102101,xxxxxxxxxxxxxxxxxxxxxxxxxxxxxxxx26071710210100013E010710FC06C76FCD
4724,1788,260717102246,xxxxxxxxxxxxxxxxxxxxxxxxxxxxxxxx26071710224600013E010710FC06CA6F44
4725,1789,260717102616,xxxxxxxxxxxxxxxxxxxxxxxxxxxxxxxx26071710261600013E010710FD06D06FC0
4726,1789,260717102801,xxxxxxxxxxxxxxxxxxxxxxxxxxxxxxxx26071710280100013E010710FD06D36F95
4727,1789,260717102946,xxxxxxxxxxxxxxxxxxxxxxxxxxxxxxxx26071710294600013E010710FD06D56F3F
4728,1789,260717103131,xxxxxxxxxxxxxxxxxxxxxxxxxxxxxxxx26071710313100013E010710FD06D76FAE
4729,1789,260717103316,xxxxxxxxxxxxxxxxxxxxxxxxxxxxxxxx26071710331600013E010710FD06DA6F27
4730,1789,260717103501,xxxxxxxxxxxxxxxxxxxxxxxxxxxxxxxx26071710350100013E010710FD06DD6F49
4731,1789,260717103646,xxxxxxxxxxxxxxxxxxxxxxxxxxxxxxxx26071710364600013E010710FD06DF6FD8
4732,1790,260717103831,xxxxxxxxxxxxxxxxxxxxxxxxxxxxxxxx26071710383100013E01070FFE06E16FB2
4733,1790,260717104016,xxxxxxxxxxxxxxxxxxxxxxxxxxxxxxxx26071710401600013E01070FFE06E36F23
4734,1790,260717104200,xxxxxxxxxxxxxxxxxxxxxxxxxxxxxxxx26071710420000013E01070FFE06E56F89
4735,1790,260717104345,xxxxxxxxxxxxxxxxxxxxxxxxxxxxxxxx26071710434500013E01070FFE06E86F00
4736,1790,260717104530,xxxxxxxxxxxxxxxxxxxxxxxxxxxxxxxx26071710453000013E01070FFE06EA6F91
4737,1790,260717104715,xxxxxxxxxxxxxxxxxxxxxxxxxxxxxxxx26071710471500013E01070FFE06EB6F55
4738,1790,260717104901,xxxxxxxxxxxxxxxxxxxxxxxxxxxxxxxx26071710490100013E01070FFE06ED6FFF
4739,1790,260717105046,xxxxxxxxxxxxxxxxxxxxxxxxxxxxxxxx26071710504600013E01070FFE06EF6F6E
4740,1791,260717105231,xxxxxxxxxxxxxxxxxxxxxxxxxxxxxxxx26071710523100013E01070FFF06F06F15
4741,1791,260717105416,xxxxxxxxxxxxxxxxxxxxxxxxxxxxxxxx26071710541600013E01070FFF06F16FD1
4742,1791,260717105601,xxxxxxxxxxxxxxxxxxxxxxxxxxxxxxxx26071710560100013E01070FFF06F46F2E
4743,1791,260717105746,xxxxxxxxxxxxxxxxxxxxxxxxxxxxxxxx26071710574600013E01070FFF06F66FBF
4744,1791,260717105931,xxxxxxxxxxxxxxxxxxxxxxxxxxxxxxxx26071710593100013E01070FFF06F76F7B
4745,1791,260717110116,xxxxxxxxxxxxxxxxxxxxxxxxxxxxxxxx26071711011600013E01070FFF06F96FA7
4746,1791,260717110301,xxxxxxxxxxxxxxxxxxxxxxxxxxxxxxxx26071711030100013E01070FFF06FC6F58
4747,1791,260717110631,xxxxxxxxxxxxxxxxxxxxxxxxxxxxxxxx26071711063100013E01070FFF06FF6F0D
4748,1792,260717110816,xxxxxxxxxxxxxxxxxxxxxxxxxxxxxxxx26071711081600013E01070F0007007010
4749,1792,260717111001,xxxxxxxxxxxxxxxxxxxxxxxxxxxxxxxx26071711100100013E01070F0007027081
4750,1792,260717111146,xxxxxxxxxxxxxxxxxxxxxxxxxxxxxxxx26071711114600013E01070F0007037045
4751,1792,260717111331,xxxxxxxxxxxxxxxxxxxxxxxxxxxxxxxx26071711133100013E01070F000704702B
4752,1792,260717111516,xxxxxxxxxxxxxxxxxxxxxxxxxxxxxxxx26071711151600013E01070F000704702B
4753,1792,260717111701,xxxxxxxxxxxxxxxxxxxxxxxxxxxxxxxx26071711170100013E01070F00070670BA
4754,1792,260717111846,xxxxxxxxxxxxxxxxxxxxxxxxxxxxxxxx26071711184600013E01070F000707707E
4755,1792,260717112031,xxxxxxxxxxxxxxxxxxxxxxxxxxxxxxxx26071711203100013E01070F00070970A2
4756,1792,260717112216,xxxxxxxxxxxxxxxxxxxxxxxxxxxxxxxx26071711221600013E01070F00070B7033
4757,1792,260717112401,xxxxxxxxxxxxxxxxxxxxxxxxxxxxxxxx26071711240100013E01070F00070C705D
4758,1792,260717112546,xxxxxxxxxxxxxxxxxxxxxxxxxxxxxxxx26071711254600013E01070F00070E70CC
4759,1792,260717112731,xxxxxxxxxxxxxxxxxxxxxxxxxxxxxxxx26071711273100013E01070F00070F7008
4760,1793,260717112916,xxxxxxxxxxxxxxxxxxxxxxxxxxxxxxxx26071711291600013E01070F0107107073
4761,1793,260717113101,xxxxxxxxxxxxxxxxxxxxxxxxxxxxxxxx26071711310100013E01070F01071170B7
4762,1793,260717113246,xxxxxxxxxxxxxxxxxxxxxxxxxxxxxxxx26071711324600013E01070F0107137026
4763,1793,260717113431,xxxxxxxxxxxxxxxxxxxxxxxxxxxxxxxx26071711343100013E01070F0107147048
4764,1793,260717113616,xxxxxxxxxxxxxxxxxxxxxxxxxxxxxxxx26071711361600013E01070F0107147048
4765,1793,260717113801,xxxxxxxxxxxxxxxxxxxxxxxxxxxxxxxx26071711380100013E01070F01071670D9
4766,1793,260717113946,xxxxxxxxxxxxxxxxxxxxxxxxxxxxxxxx26071711394600013E01070F010717701D
4767,1793,260717114131,xxxxxxxxxxxxxxxxxxxxxxxxxxxxxxxx26071711413100013E01070F01071970C1
4768,1793,260717114316,xxxxxxxxxxxxxxxxxxxxxxxxxxxxxxxx26071711431600013E01071001071A7087
4769,1793,260717114646,xxxxxxxxxxxxxxxxxxxxxxxxxxxxxxxx26071711464600013E01071001071C702D
4770,1793,260717114831,xxxxxxxxxxxxxxxxxxxxxxxxxxxxxxxx26071711483100013E01071001071D70E9
4771,1793,260717115016,xxxxxxxxxxxxxxxxxxxxxxxxxxxxxxxx26071711501600013E01071001071E70BC
4772,1793,260717115201,xxxxxxxxxxxxxxxxxxxxxxxxxxxxxxxx26071711520100013E01071001071F7078
4773,1793,260717115346,xxxxxxxxxxxxxxxxxxxxxxxxxxxxxxxx26071711534600013E01071001071F7078
4774,1794,260717115531,xxxxxxxxxxxxxxxxxxxxxxxxxxxxxxxx26071711553100013E01071002072070C5
4775,1794,260717115716,xxxxxxxxxxxxxxxxxxxxxxxxxxxxxxxx26071711571600013E0107100207217001
4776,1794,260717115901,xxxxxxxxxxxxxxxxxxxxxxxxxxxxxxxx26071711590100013E0107100207227054
4777,1794,260717120046,xxxxxxxxxxxxxxxxxxxxxxxxxxxxxxxx26071712004600013E0107100207237090
4778,1794,260717120231,xxxxxxxxxxxxxxxxxxxxxxxxxxxxxxxx26071712023100013E01071002072470FE
4779,1794,260717120416,xxxxxxxxxxxxxxxxxxxxxxxxxxxxxxxx26071712041600013E01071002072470FE
4780,1794,260717120601,xxxxxxxxxxxxxxxxxxxxxxxxxxxxxxxx26071712060100013E010710020726706F
4781,1794,260717120746,xxxxxxxxxxxxxxxxxxxxxxxxxxxxxxxx26071712074600013E010710020725703A
4782,1794,260717120931,xxxxxxxxxxxxxxxxxxxxxxxxxxxxxxxx26071712093100013E010710020725703A
4783,1794,260717121116,xxxxxxxxxxxxxxxxxxxxxxxxxxxxxxxx26071712111600013E010710020726706F
4784,1794,260717121301,xxxxxxxxxxxxxxxxxxxxxxxxxxxxxxxx26071712130100013E010710020726706F
4785,1794,260717121446,xxxxxxxxxxxxxxxxxxxxxxxxxxxxxxxx26071712144600013E01071002072770AB
4786,1794,260717121631,xxxxxxxxxxxxxxxxxxxxxxxxxxxxxxxx26071712163100013E0107110207277066
4787,1794,260717121817,xxxxxxxxxxxxxxxxxxxxxxxxxxxxxxxx26071712181700013E010711020728707E
4788,1794,260717122002,xxxxxxxxxxxxxxxxxxxxxxxxxxxxxxxx26071712200200013E010711020728707E
4789,1794,260717122147,xxxxxxxxxxxxxxxxxxxxxxxxxxxxxxxx26071712214700013E010711020728707E
4790,1794,260717122332,xxxxxxxxxxxxxxxxxxxxxxxxxxxxxxxx26071712233200013E01071102072970BA
4791,1792,260717122517,xxxxxxxxxxxxxxxxxxxxxxxxxxxxxxxx26071712251700013E01071100070F70D6
4792,1736,260717122700,xxxxxxxxxxxxxxxxxxxxxxxxxxxxxxxx26071712270000013E010711C806846C6A
4793,1767,260717122845,xxxxxxxxxxxxxxxxxxxxxxxxxxxxxxxx26071712284500013E010712E7067D6E59
4794,1764,260717123030,xxxxxxxxxxxxxxxxxxxxxxxxxxxxxxxx26071712303000013E010712E406436E20
4795,1770,260717123215,xxxxxxxxxxxxxxxxxxxxxxxxxxxxxxxx26071712321500013E010712EA06A36E40
4796,1823,260717123400,xxxxxxxxxxxxxxxxxxxxxxxxxxxxxxxx26071712340000013E0107121F07FA7102
4797,1824,260717123545,xxxxxxxxxxxxxxxxxxxxxxxxxxxxxxxx26071712354500013E01071220070972FE
4798,1824,260717123730,xxxxxxxxxxxxxxxxxxxxxxxxxxxxxxxx26071712373000013E010712200708723A
4799,1824,260717123915,xxxxxxxxxxxxxxxxxxxxxxxxxxxxxxxx26071712391500013E01071320070872F7
4800,1824,260717124100,xxxxxxxxxxxxxxxxxxxxxxxxxxxxxxxx26071712410000013E0107122007077222
4801,1824,260717124247,xxxxxxxxxxxxxxxxxxxxxxxxxxxxxxxx26071712424700013E01071320070772EF
4802,1824,260717124432,xxxxxxxxxxxxxxxxxxxxxxxxxxxxxxxx26071712443200013E01071320070872F7
4803,1824,260717124617,xxxxxxxxxxxxxxxxxxxxxxxxxxxxxxxx26071712461700013E010712200708723A
4804,1824,260717124802,xxxxxxxxxxxxxxxxxxxxxxxxxxxxxxxx26071712480200013E01071320070872F7
4805,1824,260717124946,xxxxxxxxxxxxxxxxxxxxxxxxxxxxxxxx26071712494600013E010712200708723A
4806,1824,260717125131,xxxxxxxxxxxxxxxxxxxxxxxxxxxxxxxx26071712513100013E01071220070972FE
4807,1824,260717125316,xxxxxxxxxxxxxxxxxxxxxxxxxxxxxxxx26071712531600013E01071220070972FE
4808,1824,260717125501,xxxxxxxxxxxxxxxxxxxxxxxxxxxxxxxx26071712550100013E01071220070672E6
4809,1824,260717125646,xxxxxxxxxxxxxxxxxxxxxxxxxxxxxxxx26071712564600013E01071220070272DD
4810,1823,260717125830,xxxxxxxxxxxxxxxxxxxxxxxxxxxxxxxx26071712583000013E0107121F07FF71FD
4811,1823,260717130015,xxxxxxxxxxxxxxxxxxxxxxxxxxxxxxxx26071713001500013E0107121F07FB71C6
4812,1823,260717130200,xxxxxxxxxxxxxxxxxxxxxxxxxxxxxxxx26071713020000013E0107131F07F47113
4813,1822,260717130345,xxxxxxxxxxxxxxxxxxxxxxxxxxxxxxxx26071713034500013E0107131E07ED71C2
4814,1822,260717130530,xxxxxxxxxxxxxxxxxxxxxxxxxxxxxxxx26071713053000013E0107131E07EE7197
4815,1822,260717130716,xxxxxxxxxxxxxxxxxxxxxxxxxxxxxxxx26071713071600013E0107131E07EB7168
4816,1824,260717130901,xxxxxxxxxxxxxxxxxxxxxxxxxxxxxxxx26071713090100013E01071320070B72A2
4817,1825,260717131046,xxxxxxxxxxxxxxxxxxxxxxxxxxxxxxxx26071713104600013E01071321071F72FA
4818,1826,260717131231,xxxxxxxxxxxxxxxxxxxxxxxxxxxxxxxx26071713123100013E01071322072272D6
4819,1826,260717131416,xxxxxxxxxxxxxxxxxxxxxxxxxxxxxxxx26071713141600013E0107132207237212
4820,1826,260717131601,xxxxxxxxxxxxxxxxxxxxxxxxxxxxxxxx26071713160100013E010713220724727C
4821,1826,260717131746,xxxxxxxxxxxxxxxxxxxxxxxxxxxxxxxx26071713174600013E0107132207217283
4822,1825,260717131931,xxxxxxxxxxxxxxxxxxxxxxxxxxxxxxxx26071713193100013E01071321071D726B
4823,1825,260717132116,xxxxxxxxxxxxxxxxxxxxxxxxxxxxxxxx26071713211600013E0107132107167248
4824,1824,260717132300,xxxxxxxxxxxxxxxxxxxxxxxxxxxxxxxx26071713230000013E01071420070E720C
4825,1824,260717132445,xxxxxxxxxxxxxxxxxxxxxxxxxxxxxxxx26071713244500013E0107142007037285
4826,1823,260717132630,xxxxxxxxxxxxxxxxxxxxxxxxxxxxxxxx26071713263000013E0107141F07F971CB
4827,1822,260717132815,xxxxxxxxxxxxxxxxxxxxxxxxxxxxxxxx26071713281500013E0107141E07E971A8
4828,1821,260717133000,xxxxxxxxxxxxxxxxxxxxxxxxxxxxxxxx26071713300000013E0107141D07D9710D
4829,1820,260717133145,xxxxxxxxxxxxxxxxxxxxxxxxxxxxxxxx26071713314500013E0107141C07CC7191
4830,1821,260717133330,xxxxxxxxxxxxxxxxxxxxxxxxxxxxxxxx26071713333000013E0107141D07D1717B
4831,1821,260717133515,xxxxxxxxxxxxxxxxxxxxxxxxxxxxxxxx26071713351500013E0107141D07D371EA
4832,1821,260717133700,xxxxxxxxxxxxxxxxxxxxxxxxxxxxxxxx26071713370000013E0107141D07D67115
4833,1821,260717133844,xxxxxxxxxxxxxxxxxxxxxxxxxxxxxxxx26071713384400013E0107141D07D771D1
4834,1821,260717134029,xxxxxxxxxxxxxxxxxxxxxxxxxxxxxxxx26071713402900013E0107141D07D9710D
4835,1821,260717134214,xxxxxxxxxxxxxxxxxxxxxxxxxxxxxxxx26071713421400013E0107151D07DD71FB
4836,1822,260717134400,xxxxxxxxxxxxxxxxxxxxxxxxxxxxxxxx26071713440000013E0107151E07E071D7
4837,1822,260717134545,xxxxxxxxxxxxxxxxxxxxxxxxxxxxxxxx26071713454500013E0107151E07E37182
4838,1822,260717134730,xxxxxxxxxxxxxxxxxxxxxxxxxxxxxxxx26071713473000013E0107151E07E57128
4839,1822,260717134915,xxxxxxxxxxxxxxxxxxxxxxxxxxxxxxxx26071713491500013E0107151E07E771B9
4840,1821,260717135100,xxxxxxxxxxxxxxxxxxxxxxxxxxxxxxxx26071713510000013E0107151D07D47149
4841,1820,260717135245,xxxxxxxxxxxxxxxxxxxxxxxxxxxxxxxx26071713524500013E0107151C07CC715C
4842,1820,260717135430,xxxxxxxxxxxxxxxxxxxxxxxxxxxxxxxx26071713543000013E0107151C07CF7109
4843,1821,260717135615,xxxxxxxxxxxxxxxxxxxxxxxxxxxxxxxx26071713561500013E0107151D07D07172
4844,1821,260717135800,xxxxxxxxxxxxxxxxxxxxxxxxxxxxxxxx26071713580000013E0107151D07D171B6
4845,1821,260717135945,xxxxxxxxxxxxxxxxxxxxxxxxxxxxxxxx26071713594500013E0107151D07D37127
4846,1821,260717140130,xxxxxxxxxxxxxxxxxxxxxxxxxxxxxxxx26071714013000013E0107161D07D37169
4847,1820,260717140315,xxxxxxxxxxxxxxxxxxxxxxxxxxxxxxxx26071714031500013E0107161C07CC7112
4848,1820,260717140500,xxxxxxxxxxxxxxxxxxxxxxxxxxxxxxxx26071714050000013E0107161C07CB717C
4849,1820,260717140645,xxxxxxxxxxxxxxxxxxxxxxxxxxxxxxxx26071714064500013E0107161C07CB717C
4850,1820,260717140830,xxxxxxxxxxxxxxxxxxxxxxxxxxxxxxxx26071714083000013E0107161C07CC7112
4851,1757,260717141015,xxxxxxxxxxxxxxxxxxxxxxxxxxxxxxxx26071714101500013E010716DD06DB6DB3
4852,1772,260717141200,xxxxxxxxxxxxxxxxxxxxxxxxxxxxxxxx26071714120000013E010716EC06CE6E85
4853,1775,260717141345,xxxxxxxxxxxxxxxxxxxxxxxxxxxxxxxx26071714134500013E010717EF06FC6E7C
4854,1774,260717141530,xxxxxxxxxxxxxxxxxxxxxxxxxxxxxxxx26071714153000013E010717EE06EA6EB5
4855,1764,260717141715,xxxxxxxxxxxxxxxxxxxxxxxxxxxxxxxx26071714171500013E010717E406486ED1
4856,1772,260717141900,xxxxxxxxxxxxxxxxxxxxxxxxxxxxxxxx26071714190000013E010717EC06CC6ED9
4857,1777,260717142045,xxxxxxxxxxxxxxxxxxxxxxxxxxxxxxxx26071714204500013E010717F106196F85
4858,1777,260717142230,xxxxxxxxxxxxxxxxxxxxxxxxxxxxxxxx26071714223000013E010717F106156FC8
4859,1777,260717142415,xxxxxxxxxxxxxxxxxxxxxxxxxxxxxxxx26071714241500013E010717F106156FC8
4860,1777,260717142600,xxxxxxxxxxxxxxxxxxxxxxxxxxxxxxxx26071714260000013E010716F106136FAF
4861,1777,260717142747,xxxxxxxxxxxxxxxxxxxxxxxxxxxxxxxx26071714274700013E010716F106136FAF
4862,1776,260717142932,xxxxxxxxxxxxxxxxxxxxxxxxxxxxxxxx26071714293200013E010716F0060F6F81
4863,1776,260717143117,xxxxxxxxxxxxxxxxxxxxxxxxxxxxxxxx26071714311700013E010716F0060C6FD4
4864,1728,260717143302,xxxxxxxxxxxxxxxxxxxxxxxxxxxxxxxx26071714330200013E010716C006046C08
4865,1751,260717143447,xxxxxxxxxxxxxxxxxxxxxxxxxxxxxxxx26071714344700013E010717D706766D02
4866,1747,260717143632,xxxxxxxxxxxxxxxxxxxxxxxxxxxxxxxx26071714363200013E010717D3063C6D70
4867,1748,260717143817,xxxxxxxxxxxxxxxxxxxxxxxxxxxxxxxx26071714381700013E010717D4064B6D2E
4868,1761,260717144002,xxxxxxxxxxxxxxxxxxxxxxxxxxxxxxxx26071714400200013E010718E106156EC1
4869,1759,260717144147,xxxxxxxxxxxxxxxxxxxxxxxxxxxxxxxx26071714414700013E010718DF06FB6DD7
4870,1772,260717144331,xxxxxxxxxxxxxxxxxxxxxxxxxxxxxxxx26071714433100013E010719EC06C16EF2
4871,1724,260717144516,xxxxxxxxxxxxxxxxxxxxxxxxxxxxxxxx26071714451600013E010719BC06CC6B9C
4872,1726,260717144701,xxxxxxxxxxxxxxxxxxxxxxxxxxxxxxxx26071714470100013E010719BE06E46B2C
4873,1718,260717144846,xxxxxxxxxxxxxxxxxxxxxxxxxxxxxxxx26071714484600013E010719B606696B96
4874,1744,260717145031,xxxxxxxxxxxxxxxxxxxxxxxxxxxxxxxx26071714503100013E010719D006086D4C
4875,1713,260717145216,xxxxxxxxxxxxxxxxxxxxxxxxxxxxxxxx26071714521600013E010719B106156BEB
4876,1720,260717145401,xxxxxxxxxxxxxxxxxxxxxxxxxxxxxxxx26071714540100013E010719B8068C6B09
4877,1682,260717145546,xxxxxxxxxxxxxxxxxxxxxxxxxxxxxxxx26071714554600013E01071992062669D7
4878,1646,260717145731,xxxxxxxxxxxxxxxxxxxxxxxxxxxxxxxx26071714573100013E0107186E06ED66AF
4879,1736,260717145916,xxxxxxxxxxxxxxxxxxxxxxxxxxxxxxxx26071714591600013E010719C806856C90
4880,1675,260717150101,xxxxxxxxxxxxxxxxxxxxxxxxxxxxxxxx26071715010100013E0107188B06BD680F
4881,1736,260717150246,xxxxxxxxxxxxxxxxxxxxxxxxxxxxxxxx26071715024600013E010718C8068C6CEF
4882,1704,260717150431,xxxxxxxxxxxxxxxxxxxxxxxxxxxxxxxx26071715043100013E010718A806816A2B
4883,1637,260717150616,xxxxxxxxxxxxxxxxxxxxxxxxxxxxxxxx26071715061600013E0107186506526621
4884,1670,260717150802,xxxxxxxxxxxxxxxxxxxxxxxxxxxxxxxx26071715080200013E0107188606616887
4885,1740,260717150947,xxxxxxxxxxxxxxxxxxxxxxxxxxxxxxxx26071715094700013E010718CC06CA6CD0
4886,1741,260717151132,xxxxxxxxxxxxxxxxxxxxxxxxxxxxxxxx26071715113200013E010718CD06D26CC5
4887,1740,260717151317,xxxxxxxxxxxxxxxxxxxxxxxxxxxxxxxx26071715131700013E010718CC06CE6CEB
4888,1740,260717151501,xxxxxxxxxxxxxxxxxxxxxxxxxxxxxxxx26071715150100013E010718CC06CC6C7A
4889,1740,260717151646,xxxxxxxxxxxxxxxxxxxxxxxxxxxxxxxx26071715164600013E010718CC06CA6CD0
4890,1740,260717151831,xxxxxxxxxxxxxxxxxxxxxxxxxxxxxxxx26071715183100013E010718CC06C86C41
4891,1740,260717152017,xxxxxxxxxxxxxxxxxxxxxxxxxxxxxxxx26071715201700013E010718CC06C76C59
4892,1740,260717152202,xxxxxxxxxxxxxxxxxxxxxxxxxxxxxxxx26071715220200013E010718CC06C66C9D
4893,1740,260717152345,xxxxxxxxxxxxxxxxxxxxxxxxxxxxxxxx26071715234500013E010718CC06C56CC8
4894,1740,260717152530,xxxxxxxxxxxxxxxxxxxxxxxxxxxxxxxx26071715253000013E010718CC06C56CC8
4895,1740,260717152715,xxxxxxxxxxxxxxxxxxxxxxxxxxxxxxxx26071715271500013E010718CC06C46C0C
4896,1740,260717152900,xxxxxxxxxxxxxxxxxxxxxxxxxxxxxxxx26071715290000013E010718CC06C36C62
4897,1667,260717153232,xxxxxxxxxxxxxxxxxxxxxxxxxxxxxxxx26071715323200013E01071983063F6860
4898,1593,260717153417,xxxxxxxxxxxxxxxxxxxxxxxxxxxxxxxx26071715341700013E01071839069E632D
4899,1623,260717153602,xxxxxxxxxxxxxxxxxxxxxxxxxxxxxxxx26071715360200013E01071857067765B2
4900,1633,260717153747,xxxxxxxxxxxxxxxxxxxxxxxxxxxxxxxx26071715374700013E01071861061E66F9
4902,1633,260717153747,xxxxxxxxxxxxxxxxxxxxxxxxxxxxxxxx26071715374700013E01071861061E66F9
4901,1598,260717153932,xxxxxxxxxxxxxxxxxxxxxxxxxxxxxxxx26071715393200013E0107183E06E063C1
4903,1601,260717154117,xxxxxxxxxxxxxxxxxxxxxxxxxxxxxxxx26071715411700013E01071941061564DB
4904,1604,260717154302,xxxxxxxxxxxxxxxxxxxxxxxxxxxxxxxx26071715430200013E01071A44064764F2
4905,1628,260717154447,xxxxxxxxxxxxxxxxxxxxxxxxxxxxxxxx26071715444700013E01071A5C06CF65D1
4906,1583,260717154632,xxxxxxxxxxxxxxxxxxxxxxxxxxxxxxxx26071715463200013E01071B2F06F462B1
4907,1651,260717154817,xxxxxxxxxxxxxxxxxxxxxxxxxxxxxxxx26071715481700013E01071B730633679E
4908,1587,260717155002,xxxxxxxxxxxxxxxxxxxxxxxxxxxxxxxx26071715500200013E01071B330630634A
4909,1577,260717155147,xxxxxxxxxxxxxxxxxxxxxxxxxxxxxxxx26071715514700013E01071B29069F62C1
4910,1604,260717155332,xxxxxxxxxxxxxxxxxxxxxxxxxxxxxxxx26071715533200013E01071C44064564FF
4911,1541,260717155516,xxxxxxxxxxxxxxxxxxxxxxxxxxxxxxxx26071715551600013E01071C05065B60C1
4912,1588,260717155701,xxxxxxxxxxxxxxxxxxxxxxxxxxxxxxxx26071715570100013E01071C34064A63CC
4913,1611,260717155846,xxxxxxxxxxxxxxxxxxxxxxxxxxxxxxxx26071715584600013E01071D4B06B064CE
4914,1600,260717160031,xxxxxxxxxxxxxxxxxxxxxxxxxxxxxxxx26071716003100013E01071D40060664F2
4915,1634,260717160216,xxxxxxxxxxxxxxxxxxxxxxxxxxxxxxxx26071716021600013E01071D62062B6671
4916,1551,260717160403,xxxxxxxxxxxxxxxxxxxxxxxxxxxxxxxx26071716040300013E01071D0F06F460E1
4917,1570,260717160548,xxxxxxxxxxxxxxxxxxxxxxxxxxxxxxxx26071716054800013E01071E22062D6214
4918,1564,260717160733,xxxxxxxxxxxxxxxxxxxxxxxxxxxxxxxx26071716073300013E01071E1C06C76139
4919,1524,260717160918,xxxxxxxxxxxxxxxxxxxxxxxxxxxxxxxx26071716091800013E01071FF405495F17
4920,1707,260717161247,xxxxxxxxxxxxxxxxxxxxxxxxxxxxxxxx26071716124700013E010720AB06BB6AD3
4921,1712,260717161432,xxxxxxxxxxxxxxxxxxxxxxxxxxxxxxxx26071716143200013E010720B006016BC4
4922,1666,260717161617,xxxxxxxxxxxxxxxxxxxxxxxxxxxxxxxx26071716161700013E010720820628681A
4923,1661,260717161802,xxxxxxxxxxxxxxxxxxxxxxxxxxxxxxxx26071716180200013E0107207D06DB677C
4924,1652,260717161947,xxxxxxxxxxxxxxxxxxxxxxxxxxxxxxxx26071716194700013E010720740643675A
4925,1678,260717162132,xxxxxxxxxxxxxxxxxxxxxxxxxxxxxxxx26071716213200013E0107208E06E56835
4926,1679,260717162317,xxxxxxxxxxxxxxxxxxxxxxxxxxxxxxxx26071716231700013E0107208F06F768C7
4927,1617,260717162502,xxxxxxxxxxxxxxxxxxxxxxxxxxxxxxxx26071716250200013E01072051061265A4
4928,1691,260717162647,xxxxxxxxxxxxxxxxxxxxxxxxxxxxxxxx26071716264700013E0107219B06B06997
4929,1451,260717162832,xxxxxxxxxxxxxxxxxxxxxxxxxxxxxxxx26071716283200013E010721AB05B15AA3
4930,1584,260717163017,xxxxxxxxxxxxxxxxxxxxxxxxxxxxxxxx26071716301700013E01072130060A6331
4931,1546,260717163202,xxxxxxxxxxxxxxxxxxxxxxxxxxxxxxxx26071716320200013E0107210A06AC60C4
4932,1552,260717163347,xxxxxxxxxxxxxxxxxxxxxxxxxxxxxxxx26071716334700013E010721100608616C
4933,1578,260717163532,xxxxxxxxxxxxxxxxxxxxxxxxxxxxxxxx26071716353200013E0107212A06A36210
4934,1585,260717163717,xxxxxxxxxxxxxxxxxxxxxxxxxxxxxxxx26071716371700013E010721310614638E
4935,1585,260717163902,xxxxxxxxxxxxxxxxxxxxxxxxxxxxxxxx26071716390200013E010721310616631F
4936,1585,260717164047,xxxxxxxxxxxxxxxxxxxxxxxxxxxxxxxx26071716404700013E010721310614638E
4937,1585,260717164232,xxxxxxxxxxxxxxxxxxxxxxxxxxxxxxxx26071716423200013E010721310614638E
4938,1585,260717164417,xxxxxxxxxxxxxxxxxxxxxxxxxxxxxxxx26071716441700013E0107213106126324
4939,1585,260717164602,xxxxxxxxxxxxxxxxxxxxxxxxxxxxxxxx26071716460200013E0107213106116371
4940,1584,260717164747,xxxxxxxxxxxxxxxxxxxxxxxxxxxxxxxx26071716474700013E01072130060C639B
4941,1585,260717164932,xxxxxxxxxxxxxxxxxxxxxxxxxxxxxxxx26071716493200013E01072131061B6396
4942,1585,260717164932,xxxxxxxxxxxxxxxxxxxxxxxxxxxxxxxx26071716493200013E01072131061B6396
4943,1516,260717165302,xxxxxxxxxxxxxxxxxxxxxxxxxxxxxxxx26071716530200013E010721EC05CC5E9B
4944,1516,260717165302,xxxxxxxxxxxxxxxxxxxxxxxxxxxxxxxx26071716530200013E010721EC05CC5E9B
4945,1637,260717165447,xxxxxxxxxxxxxxxxxxxxxxxxxxxxxxxx26071716544700013E01072165065766A9
4946,1595,260717165632,xxxxxxxxxxxxxxxxxxxxxxxxxxxxxxxx26071716563200013E0107213B06B563BF
4947,1539,260717165817,xxxxxxxxxxxxxxxxxxxxxxxxxxxxxxxx26071716581700013E01072103063B60FA
4948,1535,260717170002,xxxxxxxxxxxxxxxxxxxxxxxxxxxxxxxx26071717000200013E010722FF05FD5FD2
4949,1519,260717170147,xxxxxxxxxxxxxxxxxxxxxxxxxxxxxxxx26071717014700013E010722EF05FF5E25
4950,1519,260717170147,xxxxxxxxxxxxxxxxxxxxxxxxxxxxxxxx26071717014700013E010722EF05FF5E25
4951,1503,260717170332,xxxxxxxxxxxxxxxxxxxxxxxxxxxxxxxx26071717033200013E010722DF05FC5DDA
4952,1647,260717170517,xxxxxxxxxxxxxxxxxxxxxxxxxxxxxxxx26071717051700013E0107226F06FB665F
4953,1645,260717170702,xxxxxxxxxxxxxxxxxxxxxxxxxxxxxxxx26071717070200013E0107236D06D966C5
4954,1645,260717170702,xxxxxxxxxxxxxxxxxxxxxxxxxxxxxxxx26071717070200013E0107236D06D966C5
4955,1641,260717170846,xxxxxxxxxxxxxxxxxxxxxxxxxxxxxxxx26071717084600013E0107236906916626
4956,1662,260717171031,xxxxxxxxxxxxxxxxxxxxxxxxxxxxxxxx26071717103100013E0107237E06E067B4
4957,1620,260717171216,xxxxxxxxxxxxxxxxxxxxxxxxxxxxxxxx26071717121600013E01072354064C65C0
4958,1589,260717171401,xxxxxxxxxxxxxxxxxxxxxxxxxxxxxxxx26071717140100013E010724350655630D
4959,1550,260717171547,xxxxxxxxxxxxxxxxxxxxxxxxxxxxxxxx26071717154700013E0107240E06EB60ED
4960,1527,260717171732,xxxxxxxxxxxxxxxxxxxxxxxxxxxxxxxx26071717173200013E010724F705795F46
4961,1509,260717171917,xxxxxxxxxxxxxxxxxxxxxxxxxxxxxxxx26071717191700013E010725E505535ECC
4962,1447,260717172102,xxxxxxxxxxxxxxxxxxxxxxxxxxxxxxxx26071717210200013E010724A7057E5ACF
4963,1512,260717172247,xxxxxxxxxxxxxxxxxxxxxxxxxxxxxxxx26071717224700013E010724E805895E23
4964,1611,260717172432,xxxxxxxxxxxxxxxxxxxxxxxxxxxxxxxx26071717243200013E0107244B06BB649A
4967,1468,260717172617,xxxxxxxxxxxxxxxxxxxxxxxxxxxxxxxx26071717261700013E010724BC05CD5B6A
4965,1468,260717172617,xxxxxxxxxxxxxxxxxxxxxxxxxxxxxxxx26071717261700013E010724BC05CD5B6A
4966,1468,260717172617,xxxxxxxxxxxxxxxxxxxxxxxxxxxxxxxx26071717261700013E010724BC05CD5B6A
4968,1495,260717172802,xxxxxxxxxxxxxxxxxxxxxxxxxxxxxxxx26071717280200013E010724D705755DC7
4969,1495,260717172802,xxxxxxxxxxxxxxxxxxxxxxxxxxxxxxxx26071717280200013E010724D705755DC7
4970,1474,260717172947,xxxxxxxxxxxxxxxxxxxxxxxxxxxxxxxx26071717294700013E010724C205205CA8
4971,1440,260717173132,xxxxxxxxxxxxxxxxxxxxxxxxxxxxxxxx26071717313200013E010725A0050C5AA3
4972,1440,260717173317,xxxxxxxxxxxxxxxxxxxxxxxxxxxxxxxx26071717331700013E010725A005015A2A
4973,1484,260717173502,xxxxxxxxxxxxxxxxxxxxxxxxxxxxxxxx26071717350200013E010726CC05CB5C68
4974,1580,260717173647,xxxxxxxxxxxxxxxxxxxxxxxxxxxxxxxx26071717364700013E0107262C06C262D6
4975,1513,260717173832,xxxxxxxxxxxxxxxxxxxxxxxxxxxxxxxx26071717383200013E010726E9059D5EF8
4976,1444,260717174016,xxxxxxxxxxxxxxxxxxxxxxxxxxxxxxxx26071717401600013E010726A405415AF1
4977,1485,260717174203,xxxxxxxxxxxxxxxxxxxxxxxxxxxxxxxx26071717420300013E010726CD05DD5CA1
4978,1485,260717174203,xxxxxxxxxxxxxxxxxxxxxxxxxxxxxxxx26071717420300013E010726CD05DD5CA1
4979,1551,260717174348,xxxxxxxxxxxxxxxxxxxxxxxxxxxxxxxx26071717434800013E0107260F06F3607B
4980,1551,260717174348,xxxxxxxxxxxxxxxxxxxxxxxxxxxxxxxx26071717434800013E0107260F06F3607B
4981,1503,260717174533,xxxxxxxxxxxxxxxxxxxxxxxxxxxxxxxx26071717453300013E010726DF05FD5D01
4982,1503,260717174533,xxxxxxxxxxxxxxxxxxxxxxxxxxxxxxxx26071717453300013E010726DF05FD5D01
4983,1504,260717174718,xxxxxxxxxxxxxxxxxxxxxxxxxxxxxxxx26071717471800013E010726E005005E21
4984,1485,260717174903,xxxxxxxxxxxxxxxxxxxxxxxxxxxxxxxx26071717490300013E010726CD05D95C9A
4985,1528,260717175048,xxxxxxxxxxxxxxxxxxxxxxxxxxxxxxxx26071717504800013E010726F805825FE5
4986,1529,260717175233,xxxxxxxxxxxxxxxxxxxxxxxxxxxxxxxx26071717523300013E010726F9059B5F34
4988,1529,260717175233,xxxxxxxxxxxxxxxxxxxxxxxxxxxxxxxx26071717523300013E010726F9059B5F34
4989,1529,260717175233,xxxxxxxxxxxxxxxxxxxxxxxxxxxxxxxx26071717523300013E010726F9059B5F34
4987,1469,260717175418,xxxxxxxxxxxxxxxxxxxxxxxxxxxxxxxx26071717541800013E010727BD05DB5BED
4990,1418,260717175603,xxxxxxxxxxxxxxxxxxxxxxxxxxxxxxxx26071717560300013E0107278A05A7583A
4991,1463,260717175748,xxxxxxxxxxxxxxxxxxxxxxxxxxxxxxxx26071717574800013E010728B705785B22
4992,1451,260717175933,xxxxxxxxxxxxxxxxxxxxxxxxxxxxxxxx26071717593300013E010728AB05B25A05
4993,1516,260717180118,xxxxxxxxxxxxxxxxxxxxxxxxxxxxxxxx26071718011800013E010729EC05C55E17
4994,1461,260717180303,xxxxxxxxxxxxxxxxxxxxxxxxxxxxxxxx26071718030300013E010729B505585B29
4995,1516,260717180447,xxxxxxxxxxxxxxxxxxxxxxxxxxxxxxxx26071718044700013E010728EC05C75E4B
4996,1472,260717180632,xxxxxxxxxxxxxxxxxxxxxxxxxxxxxxxx26071718063200013E010728C0050B5C6C
4997,1467,260717180817,xxxxxxxxxxxxxxxxxxxxxxxxxxxxxxxx26071718081700013E010728BB05B85B84
4998,1433,260717181002,xxxxxxxxxxxxxxxxxxxxxxxxxxxxxxxx26071718100200013E01072899059E5924
4999,1502,260717181333,xxxxxxxxxxxxxxxxxxxxxxxxxxxxxxxx26071718133300013E010728DE05E75D27
5000,1460,260717181518,xxxxxxxxxxxxxxxxxxxxxxxxxxxxxxxx26071718151800013E010728B4054C5BBC
5001,1458,260717181703,xxxxxxxxxxxxxxxxxxxxxxxxxxxxxxxx26071718170300013E010728B205275BCC
5002,1483,260717181848,xxxxxxxxxxxxxxxxxxxxxxxxxxxxxxxx26071718184800013E010728CB05B75CB7
5003,1454,260717182032,xxxxxxxxxxxxxxxxxxxxxxxxxxxxxxxx26071718203200013E010728AE05E35A37
5004,1454,260717182032,xxxxxxxxxxxxxxxxxxxxxxxxxxxxxxxx26071718203200013E010728AE05E35A37
5005,1455,260717182217,xxxxxxxxxxxxxxxxxxxxxxxxxxxxxxxx26071718221700013E010728AF05F85A77
5006,1453,260717182402,xxxxxxxxxxxxxxxxxxxxxxxxxxxxxxxx26071718240200013E010729AD05D35A5F
5007,1466,260717182547,xxxxxxxxxxxxxxxxxxxxxxxxxxxxxxxx26071718254700013E010729BA05A05B5C
5008,1473,260717182732,xxxxxxxxxxxxxxxxxxxxxxxxxxxxxxxx26071718273200013E010729C105175C8F
5009,1523,260717182917,xxxxxxxxxxxxxxxxxxxxxxxxxxxxxxxx26071718291700013E010729F305335FD8
5010,1442,260717183102,xxxxxxxxxxxxxxxxxxxxxxxxxxxxxxxx26071718310200013E010729A205255AF6
5011,1453,260717183247,xxxxxxxxxxxxxxxxxxxxxxxxxxxxxxxx26071718324700013E010729AD05DC5A47
5012,1395,260717183432,xxxxxxxxxxxxxxxxxxxxxxxxxxxxxxxx26071718343200013E0107297305355769
5013,1395,260717183432,xxxxxxxxxxxxxxxxxxxxxxxxxxxxxxxx26071718343200013E0107297305355769
5014,1395,260717183432,xxxxxxxxxxxxxxxxxxxxxxxxxxxxxxxx26071718343200013E0107297305355769
5015,1395,260717183432,xxxxxxxxxxxxxxxxxxxxxxxxxxxxxxxx26071718343200013E0107297305355769
5016,1451,260717183617,xxxxxxxxxxxxxxxxxxxxxxxxxxxxxxxx26071718361700013E010729AB05BC5A14
5017,1441,260717183802,xxxxxxxxxxxxxxxxxxxxxxxxxxxxxxxx26071718380200013E010729A1051A5A4B
5018,1443,260717183947,xxxxxxxxxxxxxxxxxxxxxxxxxxxxxxxx26071718394700013E010729A305335A3F
5019,1422,260717184132,xxxxxxxxxxxxxxxxxxxxxxxxxxxxxxxx26071718413200013E0107298E05EB5840
5020,1440,260717184317,xxxxxxxxxxxxxxxxxxxxxxxxxxxxxxxx26071718431700013E010729A005015A0B
5021,1444,260717184504,xxxxxxxxxxxxxxxxxxxxxxxxxxxxxxxx26071718450400013E01072AA4054F5A0C
5022,1446,260717184649,xxxxxxxxxxxxxxxxxxxxxxxxxxxxxxxx26071718464900013E01072AA605675ABC
5023,1446,260717184834,xxxxxxxxxxxxxxxxxxxxxxxxxxxxxxxx26071718483400013E01072AA6056A5A35
5024,1446,260717185019,xxxxxxxxxxxxxxxxxxxxxxxxxxxxxxxx26071718501900013E01072BA6056D5A96
5025,1447,260717185204,xxxxxxxxxxxxxxxxxxxxxxxxxxxxxxxx26071718520400013E01072BA705705A7C
5026,1415,260717185348,xxxxxxxxxxxxxxxxxxxxxxxxxxxxxxxx26071718534800013E01072C870576584B
5029,1417,260717185533,xxxxxxxxxxxxxxxxxxxxxxxxxxxxxxxx26071718553300013E01072C8905995833
5027,1417,260717185533,xxxxxxxxxxxxxxxxxxxxxxxxxxxxxxxx26071718553300013E01072C8905995833
5028,1417,260717185533,xxxxxxxxxxxxxxxxxxxxxxxxxxxxxxxx26071718553300013E01072C8905995833
5030,1423,260717185718,xxxxxxxxxxxxxxxxxxxxxxxxxxxxxxxx26071718571800013E01072C8F05FB58F1
5031,1427,260717185903,xxxxxxxxxxxxxxxxxxxxxxxxxxxxxxxx26071718590300013E01072C93053D599B
5032,1416,260717190048,xxxxxxxxxxxxxxxxxxxxxxxxxxxxxxxx26071719004800013E01072B880585584C
5033,1405,260717190233,xxxxxxxxxxxxxxxxxxxxxxxxxxxxxxxx26071719023300013E01072B7D05D35720
5034,1399,260717190418,xxxxxxxxxxxxxxxxxxxxxxxxxxxxxxxx26071719041800013E01072B77057D5709
5035,1399,260717190603,xxxxxxxxxxxxxxxxxxxxxxxxxxxxxxxx26071719060300013E01072B77057457BB
5036,1427,260717190748,xxxxxxxxxxxxxxxxxxxxxxxxxxxxxxxx26071719074800013E01072B930537592D
5037,1371,260717190932,xxxxxxxxxxxxxxxxxxxxxxxxxxxxxxxx26071719093200013E01072B5B05BA550D
5038,1305,260717191117,xxxxxxxxxxxxxxxxxxxxxxxxxxxxxxxx26071719111700013E01072B19059351F8
5039,1305,260717191117,xxxxxxxxxxxxxxxxxxxxxxxxxxxxxxxx26071719111700013E01072B19059351F8
5040,1305,260717191117,xxxxxxxxxxxxxxxxxxxxxxxxxxxxxxxx26071719111700013E01072B19059351F8
5041,1305,260717191117,xxxxxxxxxxxxxxxxxxxxxxxxxxxxxxxx26071719111700013E01072B19059351F8
5042,1305,260717191117,xxxxxxxxxxxxxxxxxxxxxxxxxxxxxxxx26071719111700013E01072B19059351F8
5043,1400,260717191302,xxxxxxxxxxxxxxxxxxxxxxxxxxxxxxxx26071719130200013E01072B78058457B8
5044,1400,260717191302,xxxxxxxxxxxxxxxxxxxxxxxxxxxxxxxx26071719130200013E01072B78058457B8
5045,1424,260717191447,xxxxxxxxxxxxxxxxxxxxxxxxxxxxxxxx26071719144700013E01072C90050759D9
5046,1408,260717191632,xxxxxxxxxxxxxxxxxxxxxxxxxxxxxxxx26071719163200013E01072C80050C589C
5047,1331,260717191817,xxxxxxxxxxxxxxxxxxxxxxxxxxxxxxxx26071719181700013E01072B33053453AF
5048,1338,260717192002,xxxxxxxxxxxxxxxxxxxxxxxxxxxxxxxx26071719200200013E01072B3A05AB53E7
5049,1324,260717192147,xxxxxxxxxxxxxxxxxxxxxxxxxxxxxxxx26071719214700013E01072A2C05CC5271
5050,1345,260717192332,xxxxxxxxxxxxxxxxxxxxxxxxxxxxxxxx26071719233200013E01072A4105125425
5051,1343,260717192517,xxxxxxxxxxxxxxxxxxxxxxxxxxxxxxxx26071719251700013E01072A3F05F75391
5052,1343,260717192702,xxxxxxxxxxxxxxxxxxxxxxxxxxxxxxxx26071719270200013E01072A3F05F2536E
5053,1292,260717192847,xxxxxxxxxxxxxxxxxxxxxxxxxxxxxxxx26071719284700013E01072A0C05C7509E
5054,1392,260717193032,xxxxxxxxxxxxxxxxxxxxxxxxxxxxxxxx26071719303200013E01072A700508570B
5055,1393,260717193217,xxxxxxxxxxxxxxxxxxxxxxxxxxxxxxxx26071719321700013E01072A710513574B
5056,1402,260717193402,xxxxxxxxxxxxxxxxxxxxxxxxxxxxxxxx26071719340200013E01072A7A05A05788
5057,1327,260717193547,xxxxxxxxxxxxxxxxxxxxxxxxxxxxxxxx26071719354700013E01072A2F05F452A2
5058,1301,260717193732,xxxxxxxxxxxxxxxxxxxxxxxxxxxxxxxx26071719373200013E01072A15055C518B
5059,1289,260717193917,xxxxxxxxxxxxxxxxxxxxxxxxxxxxxxxx26071719391700013E01072A0905985070
5060,1315,260717194104,xxxxxxxxxxxxxxxxxxxxxxxxxxxxxxxx26071719410400013E01072A23053252AE
5061,1303,260717194249,xxxxxxxxxxxxxxxxxxxxxxxxxxxxxxxx26071719424900013E01072A17057A51E7
5062,1303,260717194434,xxxxxxxxxxxxxxxxxxxxxxxxxxxxxxxx26071719443400013E01072A1705785176
5063,1299,260717194619,xxxxxxxxxxxxxxxxxxxxxxxxxxxxxxxx26071719461900013E010729130532514A
5064,1318,260717194804,xxxxxxxxxxxxxxxxxxxxxxxxxxxxxxxx26071719480400013E01072926056852F1
5065,1324,260717194948,xxxxxxxxxxxxxxxxxxxxxxxxxxxxxxxx26071719494800013E0107292C05C152B6
5066,1288,260717195133,xxxxxxxxxxxxxxxxxxxxxxxxxxxxxxxx26071719513300013E01072908058D50A2
5067,1350,260717195318,xxxxxxxxxxxxxxxxxxxxxxxxxxxxxxxx26071719531800013E010729460561540E
5068,1292,260717195503,xxxxxxxxxxxxxxxxxxxxxxxxxxxxxxxx26071719550300013E0107290C05C9500C
5069,1278,260717195648,xxxxxxxxxxxxxxxxxxxxxxxxxxxxxxxx26071719564800013E010729FE04EA4F99
5070,1366,260717195833,xxxxxxxxxxxxxxxxxxxxxxxxxxxxxxxx26071719583300013E0107295605665506
5071,1361,260717200018,xxxxxxxxxxxxxxxxxxxxxxxxxxxxxxxx26071720001800013E010729510510559C
5072,1346,260717200203,xxxxxxxxxxxxxxxxxxxxxxxxxxxxxxxx26071720020300013E01072942052554A0
5073,1351,260717200348,xxxxxxxxxxxxxxxxxxxxxxxxxxxxxxxx26071720034800013E01072947057854DF
5074,1313,260717200534,xxxxxxxxxxxxxxxxxxxxxxxxxxxxxxxx26071720053400013E0107292105125226
5075,1295,260717200719,xxxxxxxxxxxxxxxxxxxxxxxxxxxxxxxx26071720071900013E0107290F05F650B1
5076,1322,260717200904,xxxxxxxxxxxxxxxxxxxxxxxxxxxxxxxx26071720090400013E0107292A05AF5239
5077,1253,260717201049,xxxxxxxxxxxxxxxxxxxxxxxxxxxxxxxx26071720104900013E010729E5045C4EC3
5078,1215,260717201234,xxxxxxxxxxxxxxxxxxxxxxxxxxxxxxxx26071720123400013E010729BF04F54B63
5079,1084,260717201419,xxxxxxxxxxxxxxxxxxxxxxxxxxxxxxxx26071720141900013E0107283C04CD4366
5080,1193,260717201604,xxxxxxxxxxxxxxxxxxxxxxxxxxxxxxxx26071720160400013E010728A904904A64
5081,1224,260717201749,xxxxxxxxxxxxxxxxxxxxxxxxxxxxxxxx26071720174900013E010728C8048C4C07
5082,1279,260717201934,xxxxxxxxxxxxxxxxxxxxxxxxxxxxxxxx26071720193400013E010729FF04F14FD9
5083,1197,260717202118,xxxxxxxxxxxxxxxxxxxxxxxxxxxxxxxx26071720211800013E010729AD04D54AC3
5084,1247,260717202303,xxxxxxxxxxxxxxxxxxxxxxxxxxxxxxxx26071720230300013E010729DF04FB4DF2
5085,1231,260717202448,xxxxxxxxxxxxxxxxxxxxxxxxxxxxxxxx26071720244800013E010729CF04F74CD9
5086,1286,260717202633,xxxxxxxxxxxxxxxxxxxxxxxxxxxxxxxx26071720263300013E010729060561508F
5087,1250,260717202818,xxxxxxxxxxxxxxxxxxxxxxxxxxxxxxxx26071720281800013E010729E204264E14
5088,1275,260717203004,xxxxxxxxxxxxxxxxxxxxxxxxxxxxxxxx26071720300400013E010729FB04B54F77
5089,1250,260717203149,xxxxxxxxxxxxxxxxxxxxxxxxxxxxxxxx26071720314900013E01072AE2042B4ED3
5090,1205,260717203334,xxxxxxxxxxxxxxxxxxxxxxxxxxxxxxxx26071720333400013E01072BB504534BBF
5091,1266,260717203519,xxxxxxxxxxxxxxxxxxxxxxxxxxxxxxxx26071720351900013E01072BF204294FE9
5092,1218,260717203849,xxxxxxxxxxxxxxxxxxxxxxxxxxxxxxxx26071720384900013E01072AC2042F4C24
5093,1218,260717203849,xxxxxxxxxxxxxxxxxxxxxxxxxxxxxxxx26071720384900013E01072AC2042F4C24
5094,1218,260717203849,xxxxxxxxxxxxxxxxxxxxxxxxxxxxxxxx26071720384900013E01072AC2042F4C24
5095,1218,260717203849,xxxxxxxxxxxxxxxxxxxxxxxxxxxxxxxx26071720384900013E01072AC2042F4C24
5096,1203,260717204034,xxxxxxxxxxxxxxxxxxxxxxxxxxxxxxxx26071720403400013E01072BB304364B13
5097,1161,260717204219,xxxxxxxxxxxxxxxxxxxxxxxxxxxxxxxx26071720421900013E01072B89049348B3
5098,1195,260717204404,xxxxxxxxxxxxxxxxxxxxxxxxxxxxxxxx26071720440400013E01072AAB04B84A57
5099,1212,260717204550,xxxxxxxxxxxxxxxxxxxxxxxxxxxxxxxx26071720455000013E01072ABC04C84B01
5100,1147,260717204735,xxxxxxxxxxxxxxxxxxxxxxxxxxxxxxxx26071720473500013E0107297B04B04793
5101,1188,260717204920,xxxxxxxxxxxxxxxxxxxxxxxxxxxxxxxx26071720492000013E010728A404454A5E
5102,1257,260717205105,xxxxxxxxxxxxxxxxxxxxxxxxxxxxxxxx26071720510500013E010728E904974E8B
5103,1166,260717205250,xxxxxxxxxxxxxxxxxxxxxxxxxxxxxxxx26071720525000013E0107288E04E348CD
5104,1183,260717205434,xxxxxxxxxxxxxxxxxxxxxxxxxxxxxxxx26071720543400013E0107289F04F749F3
5105,1130,260717205619,xxxxxxxxxxxxxxxxxxxxxxxxxxxxxxxx26071720561900013E0107276A04A04634
5106,1125,260717205804,xxxxxxxxxxxxxxxxxxxxxxxxxxxxxxxx26071720580400013E01072765045F462F
5107,1096,260717205949,xxxxxxxxxxxxxxxxxxxxxxxxxxxxxxxx26071720594900013E0107264804824462
5108,1170,260717210133,xxxxxxxxxxxxxxxxxxxxxxxxxxxxxxxx26071721013300013E01072692042349AF
5109,1099,260717210318,xxxxxxxxxxxxxxxxxxxxxxxxxxxxxxxx26071721031800013E0107264B04B04456
5110,1077,260717210503,xxxxxxxxxxxxxxxxxxxxxxxxxxxxxxxx26071721050300013E01072535045E438F
5111,1051,260717210648,xxxxxxxxxxxxxxxxxxxxxxxxxxxxxxxx26071721064800013E0107241B04BD41BB
5112,1004,260717210833,xxxxxxxxxxxxxxxxxxxxxxxxxxxxxxxx26071721083300013E010724EC03C63E1A
5113,1151,260717211018,xxxxxxxxxxxxxxxxxxxxxxxxxxxxxxxx26071721101800013E0107247F04F447D1
5114,1256,260717211203,xxxxxxxxxxxxxxxxxxxxxxxxxxxxxxxx26071721120300013E010723E8048F4EEE
5115,1257,260717211348,xxxxxxxxxxxxxxxxxxxxxxxxxxxxxxxx26071721134800013E01071EE9049C4EB0
5116,1258,260717211533,xxxxxxxxxxxxxxxxxxxxxxxxxxxxxxxx26071721153300013E01071CEA04A54E24
5117,1259,260717211905,xxxxxxxxxxxxxxxxxxxxxxxxxxxxxxxx26071721190500013E01071AEB04B54EDB
5118,1259,260717212050,xxxxxxxxxxxxxxxxxxxxxxxxxxxxxxxx26071721205000013E01071AEB04BA4EC3
5119,1260,260717212235,xxxxxxxxxxxxxxxxxxxxxxxxxxxxxxxx26071721223500013E01071AEC04C04E14
5120,1260,260717212420,xxxxxxxxxxxxxxxxxxxxxxxxxxxxxxxx26071721242000013E01071AEC04C74E7A
5121,1260,260717212604,xxxxxxxxxxxxxxxxxxxxxxxxxxxxxxxx26071721260400013E01071BEC04CC4E94
5122,1260,260717212749,xxxxxxxxxxxxxxxxxxxxxxxxxxxxxxxx26071721274900013E01071AEC04C34E41
5123,1260,260717212934,xxxxxxxxxxxxxxxxxxxxxxxxxxxxxxxx26071721293400013E010719EC04CD4ED3
5124,1125,260717213119,xxxxxxxxxxxxxxxxxxxxxxxxxxxxxxxx26071721311900013E01071965045C465C
5125,1000,260717213304,xxxxxxxxxxxxxxxxxxxxxxxxxxxxxxxx26071721330400013E010719E8038C3E00
5126,1098,260717213448,xxxxxxxxxxxxxxxxxxxxxxxxxxxxxxxx26071721344800013E0107194A04A444E5
5127,1040,260717213633,xxxxxxxxxxxxxxxxxxxxxxxxxxxxxxxx26071721363300013E01071A10040A4165
5128,1067,260717213818,xxxxxxxxxxxxxxxxxxxxxxxxxxxxxxxx26071721381800013E01071B2B04B34226
5129,1062,260717214003,xxxxxxxxxxxxxxxxxxxxxxxxxxxxxxxx26071721400300013E01071C26046B42C4
5130,1051,260717214148,xxxxxxxxxxxxxxxxxxxxxxxxxxxxxxxx26071721414800013E01071E1B04BA41EC
5131,1062,260717214333,xxxxxxxxxxxxxxxxxxxxxxxxxxxxxxxx26071721433300013E01071F260469421B
5132,1068,260717214518,xxxxxxxxxxxxxxxxxxxxxxxxxxxxxxxx26071721451800013E0107202C04C6421D
5133,976,260717214703,xxxxxxxxxxxxxxxxxxxxxxxxxxxxxxxx26071721470300013E010721D003043D55
5134,1091,260717214848,xxxxxxxxxxxxxxxxxxxxxxxxxxxxxxxx26071721484800013E01072243043944C8
5135,1150,260717215033,xxxxxxxxxxxxxxxxxxxxxxxxxxxxxxxx26071721503300013E0107237E04ED4751
5136,1146,260717215218,xxxxxxxxxxxxxxxxxxxxxxxxxxxxxxxx26071721521800013E0107237A04AF4755
5137,1247,260717215403,xxxxxxxxxxxxxxxxxxxxxxxxxxxxxxxx26071721540300013E010723DF04F24DFD
5138,1247,260717215548,xxxxxxxxxxxxxxxxxxxxxxxxxxxxxxxx26071721554800013E010723DF04F84D1A
5139,1228,260717215919,xxxxxxxxxxxxxxxxxxxxxxxxxxxxxxxx26071721591900013E010723CC04CB4C8C
5140,1192,260717220104,xxxxxxxxxxxxxxxxxxxxxxxxxxxxxxxx26071722010400013E010723A8048E4AAB
5141,1195,260717220249,xxxxxxxxxxxxxxxxxxxxxxxxxxxxxxxx26071722024900013E010723AB04BC4A9F
5142,1195,260717220434,xxxxxxxxxxxxxxxxxxxxxxxxxxxxxxxx26071722043400013E010723AB04BD4A5B
5143,1195,260717220618,xxxxxxxxxxxxxxxxxxxxxxxxxxxxxxxx26071722061800013E010723AB04BE4A0E
5144,1195,260717220803,xxxxxxxxxxxxxxxxxxxxxxxxxxxxxxxx26071722080300013E010723AB04BE4A0E
5145,1195,260717220948,xxxxxxxxxxxxxxxxxxxxxxxxxxxxxxxx26071722094800013E010723AB04BE4A0E
5146,1195,260717221133,xxxxxxxxxxxxxxxxxxxxxxxxxxxxxxxx26071722113300013E010723AB04BF4ACA
5147,1195,260717221318,xxxxxxxxxxxxxxxxxxxxxxxxxxxxxxxx26071722131800013E010723AB04BB4AF1
5148,1195,260717221505,xxxxxxxxxxxxxxxxxxxxxxxxxxxxxxxx26071722150500013E010723AB04B64A78
5149,1195,260717221650,xxxxxxxxxxxxxxxxxxxxxxxxxxxxxxxx26071722165000013E010723AB04B04AD2
5150,1194,260717221835,xxxxxxxxxxxxxxxxxxxxxxxxxxxxxxxx26071722183500013E010723AA04AC4AFC
5151,1194,260717222020,xxxxxxxxxxxxxxxxxxxxxxxxxxxxxxxx26071722202000013E010723AA04AA4A56
5152,1194,260717222205,xxxxxxxxxxxxxxxxxxxxxxxxxxxxxxxx26071722220500013E010723AA04A54A4E
5153,1194,260717222350,xxxxxxxxxxxxxxxxxxxxxxxxxxxxxxxx26071722235000013E010723AA04A24A20
5154,1193,260717222535,xxxxxxxxxxxxxxxxxxxxxxxxxxxxxxxx26071722253500013E010723A9049D4A9D
5155,1193,260717222720,xxxxxxxxxxxxxxxxxxxxxxxxxxxxxxxx26071722272000013E010723A9049E4AC8
5156,1193,260717222905,xxxxxxxxxxxxxxxxxxxxxxxxxxxxxxxx26071722290500013E010723A9049E4AC8
5157,1193,260717223049,xxxxxxxxxxxxxxxxxxxxxxxxxxxxxxxx26071722304900013E010722A9049E4A05
5158,1193,260717223234,xxxxxxxxxxxxxxxxxxxxxxxxxxxxxxxx26071722323400013E010722A9049E4A05
5159,1193,260717223419,xxxxxxxxxxxxxxxxxxxxxxxxxxxxxxxx26071722341900013E010722A9049F4AC1
5160,1193,260717223604,xxxxxxxxxxxxxxxxxxxxxxxxxxxxxxxx26071722360400013E010722A9049F4AC1
5161,1194,260717223934,xxxxxxxxxxxxxxxxxxxxxxxxxxxxxxxx26071722393400013E010722AA04A04A7C
5162,1194,260717224119,xxxxxxxxxxxxxxxxxxxxxxxxxxxxxxxx26071722411900013E010722AA04A14AB8
5163,1194,260717224304,xxxxxxxxxxxxxxxxxxxxxxxxxxxxxxxx26071722430400013E010722AA04A24AED
5164,1194,260717224449,xxxxxxxxxxxxxxxxxxxxxxxxxxxxxxxx26071722444900013E010722AA04A24AED
5165,1194,260717224635,xxxxxxxxxxxxxxxxxxxxxxxxxxxxxxxx26071722463500013E010722AA04A34A29
5166,1194,260717224820,xxxxxxxxxxxxxxxxxxxxxxxxxxxxxxxx26071722482000013E010722AA04A44A47
5167,1194,260717225006,xxxxxxxxxxxxxxxxxxxxxxxxxxxxxxxx26071722500600013E010722AA04A54A83
5168,1194,260717225151,xxxxxxxxxxxxxxxxxxxxxxxxxxxxxxxx26071722515100013E010721AA04A54ACD
5169,1194,260717225336,xxxxxxxxxxxxxxxxxxxxxxxxxxxxxxxx26071722533600013E010721AA04A54ACD
5170,1194,260717225520,xxxxxxxxxxxxxxxxxxxxxxxxxxxxxxxx26071722552000013E010721AA04A64A98
5171,1194,260717225705,xxxxxxxxxxxxxxxxxxxxxxxxxxxxxxxx26071722570500013E010721AA04A74A5C
5172,1194,260717225705,xxxxxxxxxxxxxxxxxxxxxxxxxxxxxxxx26071722570500013E010721AA04A74A5C
5173,1194,260717225850,xxxxxxxxxxxxxxxxxxxxxxxxxxxxxxxx26071722585000013E010721AA04A84A44
5174,1194,260717230035,xxxxxxxxxxxxxxxxxxxxxxxxxxxxxxxx26071723003500013E010721AA04A94A80
5175,1194,260717230220,xxxxxxxxxxxxxxxxxxxxxxxxxxxxxxxx26071723022000013E010721AA04A94A80
5176,1194,260717230405,xxxxxxxxxxxxxxxxxxxxxxxxxxxxxxxx26071723040500013E010721AA04AA4AD5
5177,1194,260717230550,xxxxxxxxxxxxxxxxxxxxxxxxxxxxxxxx26071723055000013E010721AA04A74A5C
5178,1194,260717230735,xxxxxxxxxxxxxxxxxxxxxxxxxxxxxxxx26071723073500013E010721AA04AA4AD5
5179,1194,260717230920,xxxxxxxxxxxxxxxxxxxxxxxxxxxxxxxx26071723092000013E010721AA04AB4A11
5180,1194,260717231105,xxxxxxxxxxxxxxxxxxxxxxxxxxxxxxxx26071723110500013E010721AA04AB4A11
5181,1194,260717231250,xxxxxxxxxxxxxxxxxxxxxxxxxxxxxxxx26071723125000013E010721AA04AB4A11
5182,1194,260717231435,xxxxxxxxxxxxxxxxxxxxxxxxxxxxxxxx26071723143500013E010721AA04AC4A7F
5183,1194,260717231620,xxxxxxxxxxxxxxxxxxxxxxxxxxxxxxxx26071723162000013E010721AA04AD4ABB
5184,1194,260717231805,xxxxxxxxxxxxxxxxxxxxxxxxxxxxxxxx26071723180500013E010721AA04AD4ABB
5185,1194,260717231950,xxxxxxxxxxxxxxxxxxxxxxxxxxxxxxxx26071723195000013E010721AA04AE4AEE
5186,1194,260717232135,xxxxxxxxxxxxxxxxxxxxxxxxxxxxxxxx26071723213500013E010720AA04AF4AE7
5187,1195,260717232320,xxxxxxxxxxxxxxxxxxxxxxxxxxxxxxxx26071723232000013E010720AB04B04A9C
5188,1195,260717232505,xxxxxxxxxxxxxxxxxxxxxxxxxxxxxxxx26071723250500013E010720AB04B14A58
5189,1194,260717232650,xxxxxxxxxxxxxxxxxxxxxxxxxxxxxxxx26071723265000013E010720AA04AE4A23
5190,1195,260717232835,xxxxxxxxxxxxxxxxxxxxxxxxxxxxxxxx26071723283500013E010720AB04B04A9C
5191,1195,260717233020,xxxxxxxxxxxxxxxxxxxxxxxxxxxxxxxx26071723302000013E010720AB04B14A58
5192,1195,260717233205,xxxxxxxxxxxxxxxxxxxxxxxxxxxxxxxx26071723320500013E010720AB04B24A0D
5194,1195,260717233350,xxxxxxxxxxxxxxxxxxxxxxxxxxxxxxxx26071723335000013E010720AB04B14A58
5195,1195,260717233350,xxxxxxxxxxxxxxxxxxxxxxxxxxxxxxxx26071723335000013E010720AB04B14A58
5193,1195,260717233350,xxxxxxxxxxxxxxxxxxxxxxxxxxxxxxxx26071723335000013E010720AB04B14A58
5196,1195,260717233534,xxxxxxxxxxxxxxxxxxxxxxxxxxxxxxxx26071723353400013E010720AB04B24A0D
5197,1195,260717233718,xxxxxxxxxxxxxxxxxxxxxxxxxxxxxxxx26071723371800013E010720AB04B34AC9
5198,1195,260717233903,xxxxxxxxxxxxxxxxxxxxxxxxxxxxxxxx26071723390300013E010720AB04B34AC9
5199,1195,260717234048,xxxxxxxxxxxxxxxxxxxxxxxxxxxxxxxx26071723404800013E010720AB04B54A63
5200,1195,260717234233,xxxxxxxxxxxxxxxxxxxxxxxxxxxxxxxx26071723423300013E010720AB04B54A63
5201,1195,260717234419,xxxxxxxxxxxxxxxxxxxxxxxxxxxxxxxx26071723441901013E010720AB04B64A36
5202,1195,260717234604,xxxxxxxxxxxxxxxxxxxxxxxxxxxxxxxx26071723460401013E010720AB04B64A36
5203,1136,260718004021,xxxxxxxxxxxxxxxxxxxxxxxxxxxxxxxx26071800402101013E01071F70040947AF
5204,1184,260718004206,xxxxxxxxxxxxxxxxxxxxxxxxxxxxxxxx26071800420601013E01071FA004044ADA
5205,1129,260718004351,xxxxxxxxxxxxxxxxxxxxxxxxxxxxxxxx26071800435101013E01071F690490462B
5206,1189,260718004536,xxxxxxxxxxxxxxxxxxxxxxxxxxxxxxxx26071800453601013E01071EA504544AE1
5207,1028,260718004721,xxxxxxxxxxxxxxxxxxxxxxxxxxxxxxxx26071800472101013E01071E04044D40E7
5208,1197,260718004906,xxxxxxxxxxxxxxxxxxxxxxxxxxxxxxxx26071800490601013E01071DAD04D34AF2
5209,1080,260718005051,xxxxxxxxxxxxxxxxxxxxxxxxxxxxxxxx26071800505101013E01071D38048C4361
5210,1204,260718005236,xxxxxxxxxxxxxxxxxxxxxxxxxxxxxxxx26071800523601013E01071DB404414B55
5211,1212,260718005421,xxxxxxxxxxxxxxxxxxxxxxxxxxxxxxxx26071800542101013E01071DBC04C34BF7
5212,1150,260718005605,xxxxxxxxxxxxxxxxxxxxxxxxxxxxxxxx26071800560501013E01071D7E04E347AB
5213,1050,260718005750,xxxxxxxxxxxxxxxxxxxxxxxxxxxxxxxx26071800575001013E01071D1A04A4411D
5214,1072,260718005935,xxxxxxxxxxxxxxxxxxxxxxxxxxxxxxxx26071800593501013E01071D300400431F
5215,1200,260718010120,xxxxxxxxxxxxxxxxxxxxxxxxxxxxxxxx26071801012001013E01071DB004094BB6
5216,1113,260718010306,xxxxxxxxxxxxxxxxxxxxxxxxxxxxxxxx26071801030601013E01071C590493459A
5217,1131,260718010451,xxxxxxxxxxxxxxxxxxxxxxxxxxxxxxxx26071801045101013E01071C6B04B24632
5218,1079,260718010636,xxxxxxxxxxxxxxxxxxxxxxxxxxxxxxxx26071801063601013E01071C3704714326
5219,1151,260718010821,xxxxxxxxxxxxxxxxxxxxxxxxxxxxxxxx26071801082101013E01071C7F04F14794
5220,972,260718011006,xxxxxxxxxxxxxxxxxxxxxxxxxxxxxxxx26071801100601013E01071BCC03C53C68
5221,1175,260718011150,xxxxxxxxxxxxxxxxxxxxxxxxxxxxxxxx26071801115001013E01071C97047D49BC
5222,1187,260718011335,xxxxxxxxxxxxxxxxxxxxxxxxxxxxxxxx26071801133501013E01071DA3043E4A1B
5223,1171,260718011520,xxxxxxxxxxxxxxxxxxxxxxxxxxxxxxxx26071801152001013E01071E9304334976
5224,1169,260718011705,xxxxxxxxxxxxxxxxxxxxxxxxxxxxxxxx26071801170501013E01071E91041049E5
5225,1174,260718011850,xxxxxxxxxxxxxxxxxxxxxxxxxxxxxxxx26071801185001013E01071E9604624944
5226,1053,260718012034,xxxxxxxxxxxxxxxxxxxxxxxxxxxxxxxx26071801203401013E01071E1D04D3410D
5227,1138,260718012219,xxxxxxxxxxxxxxxxxxxxxxxxxxxxxxxx26071801221901013E01071E72042947A4
5228,1118,260718012404,xxxxxxxxxxxxxxxxxxxxxxxxxxxxxxxx26071801240401013E01071E5E04E74512
5229,1141,260718012549,xxxxxxxxxxxxxxxxxxxxxxxxxxxxxxxx26071801254901013E01071E75045F473E
5231,1132,260718012734,xxxxxxxxxxxxxxxxxxxxxxxxxxxxxxxx26071801273401013E01071E6C04C146D4
5230,1132,260718012734,xxxxxxxxxxxxxxxxxxxxxxxxxxxxxxxx26071801273401013E01071E6C04C146D4
5232,1144,260718012919,xxxxxxxxxxxxxxxxxxxxxxxxxxxxxxxx26071801291901013E01071E78048447D8
5233,1051,260718013104,xxxxxxxxxxxxxxxxxxxxxxxxxxxxxxxx26071801310401013E01071D1B04BC4108
5234,1060,260718013249,xxxxxxxxxxxxxxxxxxxxxxxxxxxxxxxx26071801324901013E01071D2404414228
5235,1105,260718013434,xxxxxxxxxxxxxxxxxxxxxxxxxxxxxxxx26071801343401013E01071C510418458A
5236,1055,260718013619,xxxxxxxxxxxxxxxxxxxxxxxxxxxxxxxx26071801361901013E01071C1F04F141D9
5237,1095,260718013804,xxxxxxxxxxxxxxxxxxxxxxxxxxxxxxxx26071801380401013E01071C4704754436
5238,1084,260718013949,xxxxxxxxxxxxxxxxxxxxxxxxxxxxxxxx26071801394901013E01071B3C04CC4368
5239,978,260718014134,xxxxxxxxxxxxxxxxxxxxxxxxxxxxxxxx26071801413401013E01071BD2032D3D18
5240,1032,260718014321,xxxxxxxxxxxxxxxxxxxxxxxxxxxxxxxx26071801432101013E01071A0804894065
5241,1055,260718014506,xxxxxxxxxxxxxxxxxxxxxxxxxxxxxxxx26071801450601013E01071A1F04F5417E
5242,1083,260718014651,xxxxxxxxxxxxxxxxxxxxxxxxxxxxxxxx26071801465101013E0107193B04B6433C
5243,1067,260718014836,xxxxxxxxxxxxxxxxxxxxxxxxxxxxxxxx26071801483601013E0107192B04BC42BD
5244,960,260718015021,xxxxxxxxxxxxxxxxxxxxxxxxxxxxxxxx26071801502101013E010719C003083CC4
5245,1045,260718015205,xxxxxxxxxxxxxxxxxxxxxxxxxxxxxxxx26071801520501013E01071815045E412B
5246,1047,260718015350,xxxxxxxxxxxxxxxxxxxxxxxxxxxxxxxx26071801535001013E01071717047241CF
5247,998,260718015535,xxxxxxxxxxxxxxxxxxxxxxxxxxxxxxxx26071801553501013E010717E603603E8F
5248,909,260718015720,xxxxxxxxxxxxxxxxxxxxxxxxxxxxxxxx26071801572001013E0107178D03D33801
5249,915,260718015905,xxxxxxxxxxxxxxxxxxxxxxxxxxxxxxxx26071801590501013E010716930331395B
5250,977,260718020050,xxxxxxxxxxxxxxxxxxxxxxxxxxxxxxxx26071802005001013E010715D1031C3DDB
5251,978,260718020235,xxxxxxxxxxxxxxxxxxxxxxxxxxxxxxxx26071802023501013E010715D203233D66
5252,938,260718020420,xxxxxxxxxxxxxxxxxxxxxxxxxxxxxxxx26071802042001013E010714AA03AF3AFE
5253,972,260718020605,xxxxxxxxxxxxxxxxxxxxxxxxxxxxxxxx26071802060501013E010714CC03CC3CB5
5254,944,260718020751,xxxxxxxxxxxxxxxxxxxxxxxxxxxxxxxx26071802075101013E010713B0030A3BC3
5255,929,260718020936,xxxxxxxxxxxxxxxxxxxxxxxxxxxxxxxx26071802093601013E010713A103183A57
5256,860,260718021121,xxxxxxxxxxxxxxxxxxxxxxxxxxxxxxxx26071802112101013E0107135C03C435EF
5257,997,260718021457,xxxxxxxxxxxxxxxxxxxxxxxxxxxxxxxx26071802145701013E010714E503543E5F
5258,997,260718021642,xxxxxxxxxxxxxxxxxxxxxxxxxxxxxxxx26071802164201013E010714E503583E12
5259,997,260718021827,xxxxxxxxxxxxxxxxxxxxxxxxxxxxxxxx26071802182701013E010714E5035D3EED
5260,998,260718022012,xxxxxxxxxxxxxxxxxxxxxxxxxxxxxxxx26071802201201013E010714E603633E94
5261,998,260718022157,xxxxxxxxxxxxxxxxxxxxxxxxxxxxxxxx26071802215701013E010714E603663E6B
5262,998,260718022342,xxxxxxxxxxxxxxxxxxxxxxxxxxxxxxxx26071802234201013E010714E603693E73
5263,998,260718022527,xxxxxxxxxxxxxxxxxxxxxxxxxxxxxxxx26071802252701013E010714E6036D3E48
5264,999,260718022712,xxxxxxxxxxxxxxxxxxxxxxxxxxxxxxxx26071802271201013E010714E703713E66
5265,999,260718022857,xxxxxxxxxxxxxxxxxxxxxxxxxxxxxxxx26071802285701013E010714E703743E99
5266,999,260718023042,xxxxxxxxxxxxxxxxxxxxxxxxxxxxxxxx26071802304201013E010714E703773ECC
5267,999,260718023227,xxxxxxxxxxxxxxxxxxxxxxxxxxxxxxxx26071802322701013E010714E7037B3E81
5268,999,260718023412,xxxxxxxxxxxxxxxxxxxxxxxxxxxxxxxx26071802341201013E010714E7037F3EBA
5269,1000,260718023557,xxxxxxxxxxxxxxxxxxxxxxxxxxxxxxxx26071802355701013E010713E803833EA5
5270,1000,260718023742,xxxxxxxxxxxxxxxxxxxxxxxxxxxxxxxx26071802374201013E010713E803853E0F
5271,1000,260718023927,xxxxxxxxxxxxxxxxxxxxxxxxxxxxxxxx26071802392701013E010714E803873ECF
5272,1000,260718024112,xxxxxxxxxxxxxxxxxxxxxxxxxxxxxxxx26071802411201013E010714E8038A3E46
5273,1000,260718024257,xxxxxxxxxxxxxxxxxxxxxxxxxxxxxxxx26071802425701013E010714E8038C3EEC
5274,1001,260718024442,xxxxxxxxxxxxxxxxxxxxxxxxxxxxxxxx26071802444201013E010713E903913E57
5275,1001,260718024627,xxxxxxxxxxxxxxxxxxxxxxxxxxxxxxxx26071802462701013E010713E903943EA8
5276,1001,260718024812,xxxxxxxxxxxxxxxxxxxxxxxxxxxxxxxx26071802481201013E010713E903973EFD
5277,1001,260718024957,xxxxxxxxxxxxxxxxxxxxxxxxxxxxxxxx26071802495701013E010713E903993E21
5278,1001,260718025142,xxxxxxxxxxxxxxxxxxxxxxxxxxxxxxxx26071802514201013E010713E9039B3EB0
5279,1001,260718025327,xxxxxxxxxxxxxxxxxxxxxxxxxxxxxxxx26071802532701013E010713E9039E3E4F
5280,1002,260718025512,xxxxxxxxxxxxxxxxxxxxxxxxxxxxxxxx26071802551201013E010713EA03A13EF2
5281,1002,260718025657,xxxxxxxxxxxxxxxxxxxxxxxxxxxxxxxx26071802565701013E010713EA03A33E63
5282,1002,260718025842,xxxxxxxxxxxxxxxxxxxxxxxxxxxxxxxx26071802584201013E010713EA03A63E9C
5283,1002,260718030027,xxxxxxxxxxxxxxxxxxxxxxxxxxxxxxxx26071803002701013E010713EA03A83E40
5284,1002,260718030212,xxxxxxxxxxxxxxxxxxxxxxxxxxxxxxxx26071803021201013E010712EA03A93E49
5285,1002,260718030357,xxxxxxxxxxxxxxxxxxxxxxxxxxxxxxxx26071803035701013E010712EA03AB3ED8
5286,1002,260718030542,xxxxxxxxxxxxxxxxxxxxxxxxxxxxxxxx26071803054201013E010712EA03AC3EB6
5287,1002,260718030727,xxxxxxxxxxxxxxxxxxxxxxxxxxxxxxxx26071803072701013E010712EA03AE3E27
5288,1003,260718030912,xxxxxxxxxxxxxxxxxxxxxxxxxxxxxxxx26071803091201013E010712EB03B03E98
5289,1003,260718031057,xxxxxxxxxxxxxxxxxxxxxxxxxxxxxxxx26071803105701013E010712EB03B33ECD
5290,1003,260718031242,xxxxxxxxxxxxxxxxxxxxxxxxxxxxxxxx26071803124201013E010712EB03B53E67
5291,1003,260718031427,xxxxxxxxxxxxxxxxxxxxxxxxxxxxxxxx26071803142701013E010712EB03B83EEE
5292,1003,260718031612,xxxxxxxxxxxxxxxxxxxxxxxxxxxxxxxx26071803161201013E010712EB03BA3E7F
5293,1003,260718031757,xxxxxxxxxxxxxxxxxxxxxxxxxxxxxxxx26071803175701013E010712EB03BA3E7F
5294,1003,260718031942,xxxxxxxxxxxxxxxxxxxxxxxxxxxxxxxx26071803194201013E010712EB03BC3ED5
5295,1003,260718032128,xxxxxxxxxxxxxxxxxxxxxxxxxxxxxxxx26071803212801013E010712EB03BE3E44
5296,1004,260718032313,xxxxxxxxxxxxxxxxxxxxxxxxxxxxxxxx26071803231301013E010712EC03C03EA8
5297,1004,260718032458,xxxxxxxxxxxxxxxxxxxxxxxxxxxxxxxx26071803245801013E010712EC03C13E6C
5298,1004,260718032643,xxxxxxxxxxxxxxxxxxxxxxxxxxxxxxxx26071803264301013E010712EC03C33EFD
5299,1004,260718033913,xxxxxxxxxxxxxxxxxxxxxxxxxxxxxxxx26071803391301013E010712EC03C83EDE
5300,996,260718034058,xxxxxxxxxxxxxxxxxxxxxxxxxxxxxxxx26071803405801013E010711E403463E7F
5301,807,260718034243,xxxxxxxxxxxxxxxxxxxxxxxxxxxxxxxx26071803424301013E0107112703763240
5302,970,260718034428,xxxxxxxxxxxxxxxxxxxxxxxxxxxxxxxx26071803442801013E010711CA03AE3CA5
5303,979,260718034612,xxxxxxxxxxxxxxxxxxxxxxxxxxxxxxxx26071803461201013E010711D303363DE5
5304,979,260718034612,xxxxxxxxxxxxxxxxxxxxxxxxxxxxxxxx26071803461201013E010711D303363DE5
5305,977,260718034757,xxxxxxxxxxxxxxxxxxxxxxxxxxxxxxxx26071803475701013E010711D1031B3DAA
5306,952,260718034942,xxxxxxxxxxxxxxxxxxxxxxxxxxxxxxxx26071803494201013E010710B8038F3B41
5307,950,260718035127,xxxxxxxxxxxxxxxxxxxxxxxxxxxxxxxx26071803512701013E010711B603663B5E
5308,1000,260718035312,xxxxxxxxxxxxxxxxxxxxxxxxxxxxxxxx26071803531201013E010711E8038F3E6B
5309,974,260718035458,xxxxxxxxxxxxxxxxxxxxxxxxxxxxxxxx26071803545801013E010711CE03ED3C65
5310,984,260718035643,xxxxxxxxxxxxxxxxxxxxxxxxxxxxxxxx26071803564301013E010711D803853D26
5311,960,260718035828,xxxxxxxxxxxxxxxxxxxxxxxxxxxxxxxx26071803582801013E010711C0030A3C6B
5312,877,260718040013,xxxxxxxxxxxxxxxxxxxxxxxxxxxxxxxx26071804001301013E0107116D03D836E8
5313,949,260718040158,xxxxxxxxxxxxxxxxxxxxxxxxxxxxxxxx26071804015801013E010712B503573B71
5314,878,260718040343,xxxxxxxxxxxxxxxxxxxxxxxxxxxxxxxx26071804034301013E0107126E03E236E4
5315,901,260718040528,xxxxxxxxxxxxxxxxxxxxxxxxxxxxxxxx26071804052801013E010712850354388E
5316,960,260718040713,xxxxxxxxxxxxxxxxxxxxxxxxxxxxxxxx26071804071301013E010712C0030A3C25
5317,936,260718040858,xxxxxxxxxxxxxxxxxxxxxxxxxxxxxxxx26071804085801013E010712A803883ACA
5318,925,260718041042,xxxxxxxxxxxxxxxxxxxxxxxxxxxxxxxx26071804104201013E0107129D03D23971
5319,878,260718041227,xxxxxxxxxxxxxxxxxxxxxxxxxxxxxxxx26071804122701013E0107126E03E236E4
5320,799,260718041412,xxxxxxxxxxxxxxxxxxxxxxxxxxxxxxxx26071804141201013E0107121F03F33168
5321,925,260718041557,xxxxxxxxxxxxxxxxxxxxxxxxxxxxxxxx26071804155701013E0107129D03D6394A
5322,918,260718041742,xxxxxxxxxxxxxxxxxxxxxxxxxxxxxxxx26071804174201013E01071296036F396E
5323,902,260718041927,xxxxxxxxxxxxxxxxxxxxxxxxxxxxxxxx26071804192701013E01071286036538EF
5324,925,260718042112,xxxxxxxxxxxxxxxxxxxxxxxxxxxxxxxx26071804211201013E0107119D03DD3927
5325,924,260718042257,xxxxxxxxxxxxxxxxxxxxxxxxxxxxxxxx26071804225701013E0107119C03C739A3
5326,903,260718042442,xxxxxxxxxxxxxxxxxxxxxxxxxxxxxxxx26071804244201013E0107118703773853
5327,882,260718042626,xxxxxxxxxxxxxxxxxxxxxxxxxxxxxxxx26071804262601013E01071172032337AE
5328,826,260718042811,xxxxxxxxxxxxxxxxxxxxxxxxxxxxxxxx26071804281101013E0107113A03A533B6
5329,937,260718042956,xxxxxxxxxxxxxxxxxxxxxxxxxxxxxxxx26071804295601013E010711A903963A3B
5330,924,260718043141,xxxxxxxxxxxxxxxxxxxxxxxxxxxxxxxx26071804314101013E0107119C03CA392A
5331,952,260718043326,xxxxxxxxxxxxxxxxxxxxxxxxxxxxxxxx26071804332601013E010711B803843BAF
5332,954,260718043512,xxxxxxxxxxxxxxxxxxxxxxxxxxxxxxxx26071804351201013E010711BA03AB3B71
5333,924,260718043657,xxxxxxxxxxxxxxxxxxxxxxxxxxxxxxxx26071804365701013E0107119C03C839BB
5334,908,260718043842,xxxxxxxxxxxxxxxxxxxxxxxxxxxxxxxx26071804384201013E0107118C03C93819
5335,923,260718044027,xxxxxxxxxxxxxxxxxxxxxxxxxxxxxxxx26071804402701013E0107109B03B03930
5336,917,260718044213,xxxxxxxxxxxxxxxxxxxxxxxxxxxxxxxx26071804421301013E010710950357393E
5337,899,260718044358,xxxxxxxxxxxxxxxxxxxxxxxxxxxxxxxx26071804435801013E010710830334385E
5338,901,260718044543,xxxxxxxxxxxxxxxxxxxxxxxxxxxxxxxx26071804454301013E0107108503573858
5339,866,260718044728,xxxxxxxxxxxxxxxxxxxxxxxxxxxxxxxx26071804472801013E01071062032D36D9
5340,924,260718044913,xxxxxxxxxxxxxxxxxxxxxxxxxxxxxxxx26071804491301013E0107109C03CB3923
5341,924,260718045058,xxxxxxxxxxxxxxxxxxxxxxxxxxxxxxxx26071804505801013E0107109C03C33955
5342,923,260718045243,xxxxxxxxxxxxxxxxxxxxxxxxxxxxxxxx26071804524301013E0107109B03BF3928
5343,873,260718045428,xxxxxxxxxxxxxxxxxxxxxxxxxxxxxxxx26071804542801013E010710690396366C
5344,915,260718045613,xxxxxxxxxxxxxxxxxxxxxxxxxxxxxxxx26071804561301013E010711930333399B
5345,926,260718045758,xxxxxxxxxxxxxxxxxxxxxxxxxxxxxxxx26071804575801013E0107119E03EC3946
5346,927,260718045943,xxxxxxxxxxxxxxxxxxxxxxxxxxxxxxxx26071804594301013E0107119F03F73906
5347,927,260718050128,xxxxxxxxxxxxxxxxxxxxxxxxxxxxxxxx26071805012801013E0107129F03F83950
5348,927,260718050313,xxxxxxxxxxxxxxxxxxxxxxxxxxxxxxxx26071805031301013E0107129F03FB3905
5349,927,260718050458,xxxxxxxxxxxxxxxxxxxxxxxxxxxxxxxx26071805045801013E0107129F03FC396B
5350,927,260718050643,xxxxxxxxxxxxxxxxxxxxxxxxxxxxxxxx26071805064301013E0107129F03FD39AF
5351,927,260718050828,xxxxxxxxxxxxxxxxxxxxxxxxxxxxxxxx26071805082801013E0107129F03FF393E
5352,928,260718051013,xxxxxxxxxxxxxxxxxxxxxxxxxxxxxxxx26071805101301013E010712A003043AB4
5353,928,260718051158,xxxxxxxxxxxxxxxxxxxxxxxxxxxxxxxx26071805115801013E010712A003053A70
5354,928,260718051343,xxxxxxxxxxxxxxxxxxxxxxxxxxxxxxxx26071805134301013E010712A003093A3D
5355,929,260718051527,xxxxxxxxxxxxxxxxxxxxxxxxxxxxxxxx26071805152701013E010712A103123A7D
5356,929,260718051712,xxxxxxxxxxxxxxxxxxxxxxxxxxxxxxxx26071805171201013E010712A103143AD7
5357,929,260718051857,xxxxxxxxxxxxxxxxxxxxxxxxxxxxxxxx26071805185701013E010712A103153A13
5358,929,260718052042,xxxxxxxxxxxxxxxxxxxxxxxxxxxxxxxx26071805204201013E010712A1031A3A0B
5359,929,260718052227,xxxxxxxxxxxxxxxxxxxxxxxxxxxxxxxx26071805222701013E010712A1031B3ACF
5360,929,260718052412,xxxxxxxxxxxxxxxxxxxxxxxxxxxxxxxx26071805241201013E010712A1031B3ACF
5361,929,260718052557,xxxxxxxxxxxxxxxxxxxxxxxxxxxxxxxx26071805255701013E010712A1031B3ACF
5362,929,260718052742,xxxxxxxxxxxxxxxxxxxxxxxxxxxxxxxx26071805274201013E010712A1031C3AA1
5363,929,260718052927,xxxxxxxxxxxxxxxxxxxxxxxxxxxxxxxx26071805292701013E010712A1031B3ACF
5364,929,260718053112,xxxxxxxxxxxxxxxxxxxxxxxxxxxxxxxx26071805311201013E010712A1031B3ACF
5365,929,260718053257,xxxxxxxxxxxxxxxxxxxxxxxxxxxxxxxx26071805325701013E010712A103193A5E
5366,929,260718053442,xxxxxxxxxxxxxxxxxxxxxxxxxxxxxxxx26071805344201013E010712A1031B3ACF
5367,929,260718053627,xxxxxxxxxxxxxxxxxxxxxxxxxxxxxxxx26071805362701013E010712A1031B3ACF
5368,929,260718053957,xxxxxxxxxxxxxxxxxxxxxxxxxxxxxxxx26071805395701013E010712A1031B3ACF
5369,929,260718054142,xxxxxxxxxxxxxxxxxxxxxxxxxxxxxxxx26071805414201013E010712A1031D3A65
5370,929,260718054327,xxxxxxxxxxxxxxxxxxxxxxxxxxxxxxxx26071805432701013E010711A1031E3A7E
5371,929,260718054512,xxxxxxxxxxxxxxxxxxxxxxxxxxxxxxxx26071805451201013E010711A1031F3ABA
5372,930,260718054658,xxxxxxxxxxxxxxxxxxxxxxxxxxxxxxxx26071805465801013E010711A203203A07
5373,929,260718054843,xxxxxxxxxxxxxxxxxxxxxxxxxxxxxxxx26071805484301013E010711A1031F3ABA
5374,930,260718055028,xxxxxxxxxxxxxxxxxxxxxxxxxxxxxxxx26071805502801013E010711A203213AC3
5375,930,260718055213,xxxxxxxxxxxxxxxxxxxxxxxxxxxxxxxx26071805521301013E010711A203213AC3
5376,930,260718055358,xxxxxxxxxxxxxxxxxxxxxxxxxxxxxxxx26071805535801013E010711A203223A96
5377,930,260718055541,xxxxxxxxxxxxxxxxxxxxxxxxxxxxxxxx26071805554101013E010711A203223A96
5378,930,260718055726,xxxxxxxxxxxxxxxxxxxxxxxxxxxxxxxx26071805572601013E010711A203233A52
5379,930,260718055911,xxxxxxxxxxxxxxxxxxxxxxxxxxxxxxxx26071805591101013E010711A203243A3C
5380,930,260718060056,xxxxxxxxxxxxxxxxxxxxxxxxxxxxxxxx26071806005601013E010711A203253AF8
5381,930,260718060244,xxxxxxxxxxxxxxxxxxxxxxxxxxxxxxxx26071806024401013E010711A203253AF8
5382,930,260718060429,xxxxxxxxxxxxxxxxxxxxxxxxxxxxxxxx26071806042901013E010711A203273A69
5383,930,260718060614,xxxxxxxxxxxxxxxxxxxxxxxxxxxxxxxx26071806061401013E010711A203283A71
5384,930,260718060759,xxxxxxxxxxxxxxxxxxxxxxxxxxxxxxxx26071806075901013E010711A203293AB5
5385,930,260718060944,xxxxxxxxxxxxxxxxxxxxxxxxxxxxxxxx26071806094401013E010711A2032A3AE0
5386,930,260718061128,xxxxxxxxxxxxxxxxxxxxxxxxxxxxxxxx26071806112801013E010711A2032B3A24
5387,930,260718061313,xxxxxxxxxxxxxxxxxxxxxxxxxxxxxxxx26071806131301013E010711A2032B3A24
5388,930,260718061458,xxxxxxxxxxxxxxxxxxxxxxxxxxxxxxxx26071806145801013E010711A2032C3A4A
5389,930,260718061643,xxxxxxxxxxxxxxxxxxxxxxxxxxxxxxxx26071806164301013E010711A2032D3A8E
5390,930,260718062012,xxxxxxxxxxxxxxxxxxxxxxxxxxxxxxxx26071806201201013E010711A2032F3A1F
5391,931,260718062157,xxxxxxxxxxxxxxxxxxxxxxxxxxxxxxxx26071806215701013E010711A303303A64
5392,931,260718062342,xxxxxxxxxxxxxxxxxxxxxxxxxxxxxxxx26071806234201013E010711A303313AA0
5393,931,260718062527,xxxxxxxxxxxxxxxxxxxxxxxxxxxxxxxx26071806252701013E010711A303313AA0
5394,931,260718062713,xxxxxxxxxxxxxxxxxxxxxxxxxxxxxxxx26071806271301013E010710A303323A38
5395,931,260718062858,xxxxxxxxxxxxxxxxxxxxxxxxxxxxxxxx26071806285801013E010710A303333AFC
5396,931,260718063043,xxxxxxxxxxxxxxxxxxxxxxxxxxxxxxxx26071806304301013E010710A303343A92
5397,931,260718063228,xxxxxxxxxxxxxxxxxxxxxxxxxxxxxxxx26071806322801013E010710A303353A56
5398,931,260718063413,xxxxxxxxxxxxxxxxxxxxxxxxxxxxxxxx26071806341301013E010711A303363ACE
5399,931,260718063559,xxxxxxxxxxxxxxxxxxxxxxxxxxxxxxxx26071806355901013E010710A303373AC7
5400,931,260718063744,xxxxxxxxxxxxxxxxxxxxxxxxxxxxxxxx26071806374401013E010710A303383ADF
5401,931,260718063929,xxxxxxxxxxxxxxxxxxxxxxxxxxxxxxxx26071806392901013E010710A303383ADF
5402,931,260718064114,xxxxxxxxxxxxxxxxxxxxxxxxxxxxxxxx26071806411401013E010710A303393A1B
5403,931,260718064259,xxxxxxxxxxxxxxxxxxxxxxxxxxxxxxxx26071806425901013E010710A303393A1B
5404,931,260718064444,xxxxxxxxxxxxxxxxxxxxxxxxxxxxxxxx26071806444401013E010710A3033A3A4E
5405,931,260718064629,xxxxxxxxxxxxxxxxxxxxxxxxxxxxxxxx26071806462901013E010710A3033A3A4E
5406,931,260718064814,xxxxxxxxxxxxxxxxxxxxxxxxxxxxxxxx26071806481401013E010710A3033B3A8A
5407,931,260718064959,xxxxxxxxxxxxxxxxxxxxxxxxxxxxxxxx26071806495901013E010710A3033B3A8A
5408,931,260718065144,xxxxxxxxxxxxxxxxxxxxxxxxxxxxxxxx26071806514401013E010710A3033D3A20
5409,931,260718065329,xxxxxxxxxxxxxxxxxxxxxxxxxxxxxxxx26071806532901013E010710A3033E3A75
5410,931,260718065514,xxxxxxxxxxxxxxxxxxxxxxxxxxxxxxxx26071806551401013E010710A3033F3AB1
5411,931,260718065659,xxxxxxxxxxxxxxxxxxxxxxxxxxxxxxxx26071806565901013E010710A3033F3AB1
5412,932,260718070029,xxxxxxxxxxxxxxxxxxxxxxxxxxxxxxxx26071807002901013E010710A403413A5D
5413,932,260718070214,xxxxxxxxxxxxxxxxxxxxxxxxxxxxxxxx26071807021401013E010710A403413A5D
5414,932,260718070359,xxxxxxxxxxxxxxxxxxxxxxxxxxxxxxxx26071807035901013E010710A403423A08
5415,932,260718070544,xxxxxxxxxxxxxxxxxxxxxxxxxxxxxxxx26071807054401013E010710A403423A08
5416,932,260718070729,xxxxxxxxxxxxxxxxxxxxxxxxxxxxxxxx26071807072901013E010710A403433ACC
5417,932,260718070914,xxxxxxxxxxxxxxxxxxxxxxxxxxxxxxxx26071807091401013E010710A403443AA2
5418,932,260718071059,xxxxxxxxxxxxxxxxxxxxxxxxxxxxxxxx26071807105901013E010710A403443AA2
5419,932,260718071244,xxxxxxxxxxxxxxxxxxxxxxxxxxxxxxxx26071807124401013E010710A403463A33
5420,932,260718071429,xxxxxxxxxxxxxxxxxxxxxxxxxxxxxxxx26071807142901013E010710A403463A33
5421,932,260718071614,xxxxxxxxxxxxxxxxxxxxxxxxxxxxxxxx26071807161401013E010710A403463A33
5422,932,260718071759,xxxxxxxxxxxxxxxxxxxxxxxxxxxxxxxx26071807175901013E010710A403473AF7
5423,932,260718071944,xxxxxxxxxxxxxxxxxxxxxxxxxxxxxxxx26071807194401013E010710A403483AEF
5424,932,260718072129,xxxxxxxxxxxxxxxxxxxxxxxxxxxxxxxx26071807212901013E010710A403493A2B
5425,932,260718072314,xxxxxxxxxxxxxxxxxxxxxxxxxxxxxxxx26071807231401013E010710A403493A2B
5426,932,260718072459,xxxxxxxxxxxxxxxxxxxxxxxxxxxxxxxx26071807245901013E010710A403493A2B
5427,932,260718072644,xxxxxxxxxxxxxxxxxxxxxxxxxxxxxxxx26071807264401013E010710A4034A3A7E
5428,932,260718072829,xxxxxxxxxxxxxxxxxxxxxxxxxxxxxxxx26071807282901013E010710A4034B3ABA
5429,932,260718073014,xxxxxxxxxxxxxxxxxxxxxxxxxxxxxxxx26071807301401013E010710A4034C3AD4
5430,932,260718073159,xxxxxxxxxxxxxxxxxxxxxxxxxxxxxxxx26071807315901013E010710A4034D3A10
5431,932,260718073344,xxxxxxxxxxxxxxxxxxxxxxxxxxxxxxxx26071807334401013E010710A4034E3A45
5432,932,260718073529,xxxxxxxxxxxxxxxxxxxxxxxxxxxxxxxx26071807352901013E010710A4034E3A45
5433,932,260718073714,xxxxxxxxxxxxxxxxxxxxxxxxxxxxxxxx26071807371401013E010710A4034F3A81
5434,933,260718074044,xxxxxxxxxxxxxxxxxxxxxxxxxxxxxxxx26071807404401013E010710A503503AFA
5435,933,260718074229,xxxxxxxxxxxxxxxxxxxxxxxxxxxxxxxx26071807422901013E01070FA503513A2D
5436,933,260718074414,xxxxxxxxxxxxxxxxxxxxxxxxxxxxxxxx26071807441401013E01070FA503513A2D
5437,933,260718074559,xxxxxxxxxxxxxxxxxxxxxxxxxxxxxxxx26071807455901013E01070FA503513A2D
5438,933,260718074744,xxxxxxxxxxxxxxxxxxxxxxxxxxxxxxxx26071807474401013E01070FA503513A2D
5439,933,260718074929,xxxxxxxxxxxxxxxxxxxxxxxxxxxxxxxx26071807492901013E01070FA503503AE9
5440,932,260718075114,xxxxxxxxxxxxxxxxxxxxxxxxxxxxxxxx26071807511401013E01070FA4034F3A92
5441,932,260718075259,xxxxxxxxxxxxxxxxxxxxxxxxxxxxxxxx26071807525901013E01070FA4034F3A92
5442,933,260718075444,xxxxxxxxxxxxxxxxxxxxxxxxxxxxxxxx26071807544401013E01070FA503503AE9
5443,933,260718075629,xxxxxxxxxxxxxxxxxxxxxxxxxxxxxxxx26071807562901013E01070FA503513A2D
5444,933,260718075814,xxxxxxxxxxxxxxxxxxxxxxxxxxxxxxxx26071807581401013E01070FA503523A78
5445,933,260718075959,xxxxxxxxxxxxxxxxxxxxxxxxxxxxxxxx26071807595901013E01070EA503533A71
5446,933,260718080144,xxxxxxxxxxxxxxxxxxxxxxxxxxxxxxxx26071808014401013E01070EA503543A1F
5447,933,260718080329,xxxxxxxxxxxxxxxxxxxxxxxxxxxxxxxx26071808032901013E01070EA503543A1F
5448,933,260718080514,xxxxxxxxxxxxxxxxxxxxxxxxxxxxxxxx26071808051401013E01070EA503553ADB
5449,933,260718080659,xxxxxxxxxxxxxxxxxxxxxxxxxxxxxxxx26071808065901013E01070EA503563A8E
5450,933,260718080844,xxxxxxxxxxxxxxxxxxxxxxxxxxxxxxxx26071808084401013E01070EA503573A4A
5451,933,260718081029,xxxxxxxxxxxxxxxxxxxxxxxxxxxxxxxx26071808102901013E01070EA503593A96
5452,933,260718081214,xxxxxxxxxxxxxxxxxxxxxxxxxxxxxxxx26071808121401013E01070EA5035A3AC3
5453,933,260718081359,xxxxxxxxxxxxxxxxxxxxxxxxxxxxxxxx26071808135901013E01070EA5035B3A07
5454,933,260718081544,xxxxxxxxxxxxxxxxxxxxxxxxxxxxxxxx26071808154401013E01070EA5035D3AAD
5455,933,260718081729,xxxxxxxxxxxxxxxxxxxxxxxxxxxxxxxx26071808172901013E01070EA5035D3AAD
5456,933,260718081914,xxxxxxxxxxxxxxxxxxxxxxxxxxxxxxxx26071808191401013E01070EA5035E3AF8
5457,933,260718082100,xxxxxxxxxxxxxxxxxxxxxxxxxxxxxxxx26071808210001013E01070EA5035F3A3C
5458,934,260718082245,xxxxxxxxxxxxxxxxxxxxxxxxxxxxxxxx26071808224501013E01070EA603603A81
5459,934,260718082430,xxxxxxxxxxxxxxxxxxxxxxxxxxxxxxxx26071808243001013E01070EA603603A81
5460,934,260718082615,xxxxxxxxxxxxxxxxxxxxxxxxxxxxxxxx26071808261501013E01070EA603613A45
5461,934,260718082759,xxxxxxxxxxxxxxxxxxxxxxxxxxxxxxxx26071808275901013E01070EA603623A10
5462,934,260718082944,xxxxxxxxxxxxxxxxxxxxxxxxxxxxxxxx26071808294401013E01070EA603623A10
5463,934,260718083129,xxxxxxxxxxxxxxxxxxxxxxxxxxxxxxxx26071808312901013E01070EA603633AD4
5464,934,260718083314,xxxxxxxxxxxxxxxxxxxxxxxxxxxxxxxx26071808331401013E01070EA603643ABA
5465,934,260718083459,xxxxxxxxxxxxxxxxxxxxxxxxxxxxxxxx26071808345901013E01070EA603643ABA
5466,934,260718083644,xxxxxxxxxxxxxxxxxxxxxxxxxxxxxxxx26071808364401013E01070EA603653A7E
5467,934,260718083829,xxxxxxxxxxxxxxxxxxxxxxxxxxxxxxxx26071808382901013E01070EA603663A2B
5468,934,260718084014,xxxxxxxxxxxxxxxxxxxxxxxxxxxxxxxx26071808401401013E01070EA603663A2B
5469,934,260718084159,xxxxxxxxxxxxxxxxxxxxxxxxxxxxxxxx26071808415901013E01070EA603673AEF
5470,934,260718084344,xxxxxxxxxxxxxxxxxxxxxxxxxxxxxxxx26071808434401013E01070DA603673AA1
5471,934,260718084529,xxxxxxxxxxxxxxxxxxxxxxxxxxxxxxxx26071808452901013E01070DA603673AA1
5472,934,260718084714,xxxxxxxxxxxxxxxxxxxxxxxxxxxxxxxx26071808471401013E01070DA603673AA1
5473,934,260718084859,xxxxxxxxxxxxxxxxxxxxxxxxxxxxxxxx26071808485901013E01070DA603683AB9
5474,934,260718085044,xxxxxxxxxxxxxxxxxxxxxxxxxxxxxxxx26071808504401013E01070DA603693A7D
5475,934,260718085229,xxxxxxxxxxxxxxxxxxxxxxxxxxxxxxxx26071808522901013E01070DA603693A7D
5476,934,260718085414,xxxxxxxxxxxxxxxxxxxxxxxxxxxxxxxx26071808541401013E01070DA6036A3A28
5477,934,260718085559,xxxxxxxxxxxxxxxxxxxxxxxxxxxxxxxx26071808555901013E01070DA6036B3AEC
5478,934,260718085744,xxxxxxxxxxxxxxxxxxxxxxxxxxxxxxxx26071808574401013E01070DA6036B3AEC
5479,934,260718085929,xxxxxxxxxxxxxxxxxxxxxxxxxxxxxxxx26071808592901013E01070DA6036C3A82
5480,934,260718090115,xxxxxxxxxxxxxxxxxxxxxxxxxxxxxxxx26071809011501013E01070DA6036D3A46
5481,934,260718090300,xxxxxxxxxxxxxxxxxxxxxxxxxxxxxxxx26071809030001013E01070DA6036D3A46
5482,934,260718090445,xxxxxxxxxxxxxxxxxxxxxxxxxxxxxxxx26071809044501013E01070DA6036D3A46
5483,934,260718090630,xxxxxxxxxxxxxxxxxxxxxxxxxxxxxxxx26071809063001013E01070DA6036F3AD7
5484,935,260718090814,xxxxxxxxxxxxxxxxxxxxxxxxxxxxxxxx26071809081401013E01070DA703703AAC
5485,935,260718090959,xxxxxxxxxxxxxxxxxxxxxxxxxxxxxxxx26071809095901013E01070DA703713A68
5486,935,260718091144,xxxxxxxxxxxxxxxxxxxxxxxxxxxxxxxx26071809114401013E01070DA703723A3D
5487,935,260718091329,xxxxxxxxxxxxxxxxxxxxxxxxxxxxxxxx26071809132901013E01070DA703723A3D
5488,935,260718091514,xxxxxxxxxxxxxxxxxxxxxxxxxxxxxxxx26071809151401013E01070DA703733AF9
5489,935,260718091659,xxxxxxxxxxxxxxxxxxxxxxxxxxxxxxxx26071809165901013E01070DA703743A97
5490,935,260718091844,xxxxxxxxxxxxxxxxxxxxxxxxxxxxxxxx26071809184401013E01070DA703753A53
5491,935,260718092029,xxxxxxxxxxxxxxxxxxxxxxxxxxxxxxxx26071809202901013E01070DA703763A06
5492,935,260718092214,xxxxxxxxxxxxxxxxxxxxxxxxxxxxxxxx26071809221401013E01070DA703773AC2
5493,935,260718092356,xxxxxxxxxxxxxxxxxxxxxxxxxxxxxxxx26071809235601013E01070DA703783ADA
5494,935,260718092544,xxxxxxxxxxxxxxxxxxxxxxxxxxxxxxxx26071809254401013E01070DA703793A1E
5495,935,260718092729,xxxxxxxxxxxxxxxxxxxxxxxxxxxxxxxx26071809272901013E01070DA7037A3A4B
5496,935,260718092914,xxxxxxxxxxxxxxxxxxxxxxxxxxxxxxxx26071809291401013E01070DA7037A3A4B
5497,935,260718093059,xxxxxxxxxxxxxxxxxxxxxxxxxxxxxxxx26071809305901013E01070DA7037C3AE1
5498,935,260718093244,xxxxxxxxxxxxxxxxxxxxxxxxxxxxxxxx26071809324401013E01070DA7037C3AE1
5499,935,260718093429,xxxxxxxxxxxxxxxxxxxxxxxxxxxxxxxx26071809342901013E01070DA7037C3AE1
5500,935,260718093614,xxxxxxxxxxxxxxxxxxxxxxxxxxxxxxxx26071809361401013E01070DA7037D3A25
5501,935,260718093759,xxxxxxxxxxxxxxxxxxxxxxxxxxxxxxxx26071809375901013E01070DA7037E3A70
5502,935,260718093944,xxxxxxxxxxxxxxxxxxxxxxxxxxxxxxxx26071809394401013E01070DA7037D3A25
5503,935,260718094130,xxxxxxxxxxxxxxxxxxxxxxxxxxxxxxxx26071809413001013E01070DA7037F3AB4
5504,935,260718094315,xxxxxxxxxxxxxxxxxxxxxxxxxxxxxxxx26071809431501013E01070DA7037F3AB4
5505,936,260718094500,xxxxxxxxxxxxxxxxxxxxxxxxxxxxxxxx26071809450001013E01070DA803803AAF
5506,936,260718094645,xxxxxxxxxxxxxxxxxxxxxxxxxxxxxxxx26071809464501013E01070DA803803AAF
5507,936,260718094830,xxxxxxxxxxxxxxxxxxxxxxxxxxxxxxxx26071809483001013E01070DA803813A6B
5508,936,260718095015,xxxxxxxxxxxxxxxxxxxxxxxxxxxxxxxx26071809501501013E01070DA803823A3E
5509,936,260718095200,xxxxxxxxxxxxxxxxxxxxxxxxxxxxxxxx26071809520001013E01070DA803823A3E
5510,936,260718095345,xxxxxxxxxxxxxxxxxxxxxxxxxxxxxxxx26071809534501013E01070DA803823A3E
5511,936,260718095530,xxxxxxxxxxxxxxxxxxxxxxxxxxxxxxxx26071809553001013E01070DA803823A3E
5512,936,260718095715,xxxxxxxxxxxxxxxxxxxxxxxxxxxxxxxx26071809571501013E01070DA803833AFA
5513,936,260718095900,xxxxxxxxxxxxxxxxxxxxxxxxxxxxxxxx26071809590001013E01070DA803843A94
5514,935,260718100045,xxxxxxxxxxxxxxxxxxxxxxxxxxxxxxxx26071810004501013E01070DA7037C3AE1
5515,935,260718100230,xxxxxxxxxxxxxxxxxxxxxxxxxxxxxxxx26071810023001013E01070DA703773AC2
5516,920,260718100411,xxxxxxxxxxxxxxxxxxxxxxxxxxxxxxxx26071810041101013E01070D9803883973
5517,812,260718100600,xxxxxxxxxxxxxxxxxxxxxxxxxxxxxxxx26071810060001013E01070D2C03CE32FD
5518,879,260718100745,xxxxxxxxxxxxxxxxxxxxxxxxxxxxxxxx26071810074501013E01070D6F03FE36D9
5519,867,260718100930,xxxxxxxxxxxxxxxxxxxxxxxxxxxxxxxx26071810093001013E01070D63033C36EE
5520,891,260718101115,xxxxxxxxxxxxxxxxxxxxxxxxxxxxxxxx26071810111501013E01070D7B03B23767
5521,852,260718101300,xxxxxxxxxxxxxxxxxxxxxxxxxxxxxxxx26071810130001013E01070D5403403539
5522,893,260718101445,xxxxxxxxxxxxxxxxxxxxxxxxxxxxxxxx26071810144501013E01070D7D03DA3742
5523,913,260718101630,xxxxxxxxxxxxxxxxxxxxxxxxxxxxxxxx26071810163001013E01070D91031939E7
5524,913,260718101815,xxxxxxxxxxxxxxxxxxxxxxxxxxxxxxxx26071810181501013E01070D9103133900
5525,913,260718102000,xxxxxxxxxxxxxxxxxxxxxxxxxxxxxxxx26071810200001013E01070D91031239C4
5526,913,260718102145,xxxxxxxxxxxxxxxxxxxxxxxxxxxxxxxx26071810214501013E01070D910317393B
5527,913,260718102330,xxxxxxxxxxxxxxxxxxxxxxxxxxxxxxxx26071810233001013E01070D9103183923
5528,913,260718102515,xxxxxxxxxxxxxxxxxxxxxxxxxxxxxxxx26071810251501013E01070D9103183923
5529,913,260718102700,xxxxxxxxxxxxxxxxxxxxxxxxxxxxxxxx26071810270001013E01070D9103183923
5530,913,260718102845,xxxxxxxxxxxxxxxxxxxxxxxxxxxxxxxx26071810284501013E01070D91031939E7
5531,913,260718103030,xxxxxxxxxxxxxxxxxxxxxxxxxxxxxxxx26071810303001013E01070D9103183923
5532,913,260718103215,xxxxxxxxxxxxxxxxxxxxxxxxxxxxxxxx26071810321501013E01070D91031A39B2
5533,913,260718103400,xxxxxxxxxxxxxxxxxxxxxxxxxxxxxxxx26071810340001013E01070D91031939E7
5534,913,260718103545,xxxxxxxxxxxxxxxxxxxxxxxxxxxxxxxx26071810354501013E01070D91031A39B2
5535,913,260718103730,xxxxxxxxxxxxxxxxxxxxxxxxxxxxxxxx26071810373001013E01070D91031B3976
5536,913,260718103915,xxxxxxxxxxxxxxxxxxxxxxxxxxxxxxxx26071810391501013E01070D91031B3976
5537,913,260718104100,xxxxxxxxxxxxxxxxxxxxxxxxxxxxxxxx26071810410001013E01070D91031C3918
5538,913,260718104245,xxxxxxxxxxxxxxxxxxxxxxxxxxxxxxxx26071810424501013E01070D91031C3918
5539,913,260718104615,xxxxxxxxxxxxxxxxxxxxxxxxxxxxxxxx26071810461501013E01070D91031D39DC
5540,913,260718104800,xxxxxxxxxxxxxxxxxxxxxxxxxxxxxxxx26071810480001013E01070D91031D39DC
5541,913,260718104945,xxxxxxxxxxxxxxxxxxxxxxxxxxxxxxxx26071810494501013E01070D91031D39DC
5542,913,260718105130,xxxxxxxxxxxxxxxxxxxxxxxxxxxxxxxx26071810513001013E01070D91031E3989
5543,913,260718105315,xxxxxxxxxxxxxxxxxxxxxxxxxxxxxxxx26071810531501013E01070D91031F394D
5544,913,260718105500,xxxxxxxxxxxxxxxxxxxxxxxxxxxxxxxx26071810550001013E01070D91031F394D
5545,913,260718105645,xxxxxxxxxxxxxxxxxxxxxxxxxxxxxxxx26071810564501013E01070D91031F394D
5546,914,260718105830,xxxxxxxxxxxxxxxxxxxxxxxxxxxxxxxx26071810583001013E01070D92032039F0
5547,914,260718110015,xxxxxxxxxxxxxxxxxxxxxxxxxxxxxxxx26071811001501013E01070D92032039F0
5548,914,260718110201,xxxxxxxxxxxxxxxxxxxxxxxxxxxxxxxx26071811020101013E01070D9203213934
5549,914,260718110346,xxxxxxxxxxxxxxxxxxxxxxxxxxxxxxxx26071811034601013E01070D9203213934
5550,914,260718110531,xxxxxxxxxxxxxxxxxxxxxxxxxxxxxxxx26071811053101013E01070D9203213934
5551,914,260718110716,xxxxxxxxxxxxxxxxxxxxxxxxxxxxxxxx26071811071601013E01070D9203213934
5552,914,260718110900,xxxxxxxxxxxxxxxxxxxxxxxxxxxxxxxx26071811090001013E01070D9203213934
5553,890,260718111045,xxxxxxxxxxxxxxxxxxxxxxxxxxxxxxxx26071811104501013E01070D7A03A23704
5554,920,260718111230,xxxxxxxxxxxxxxxxxxxxxxxxxxxxxxxx26071811123001013E01070D98038139C1
5555,905,260718111415,xxxxxxxxxxxxxxxxxxxxxxxxxxxxxxxx26071811141501013E01070E89039938FC
5556,904,260718111600,xxxxxxxxxxxxxxxxxxxxxxxxxxxxxxxx26071811160001013E01070E880389389F
5557,891,260718111745,xxxxxxxxxxxxxxxxxxxxxxxxxxxxxxxx26071811174501013E01070E7B03B837CE
5558,894,260718111930,xxxxxxxxxxxxxxxxxxxxxxxxxxxxxxxx26071811193001013E01070E7E03E237DF
5559,893,260718112115,xxxxxxxxxxxxxxxxxxxxxxxxxxxxxxxx26071811211501013E01070F7D03DA37C1
5560,893,260718112300,xxxxxxxxxxxxxxxxxxxxxxxxxxxxxxxx26071811230001013E01070F7D03D93794
5561,893,260718112630,xxxxxxxxxxxxxxxxxxxxxxxxxxxxxxxx26071811263001013E01070F7D03D93794
5562,893,260718112815,xxxxxxxxxxxxxxxxxxxxxxxxxxxxxxxx26071811281501013E01070F7D03D83750
5563,893,260718113001,xxxxxxxxxxxxxxxxxxxxxxxxxxxxxxxx26071811300101013E01070F7D03D73748
5564,893,260718113146,xxxxxxxxxxxxxxxxxxxxxxxxxxxxxxxx26071811314601013E01070F7D03D73748
5565,893,260718113330,xxxxxxxxxxxxxxxxxxxxxxxxxxxxxxxx26071811333001013E01070E7D03D8379D
5566,893,260718113515,xxxxxxxxxxxxxxxxxxxxxxxxxxxxxxxx26071811351501013E01070E7D03D8379D
5567,893,260718113700,xxxxxxxxxxxxxxxxxxxxxxxxxxxxxxxx26071811370001013E01070E7D03D8379D
5568,893,260718113845,xxxxxxxxxxxxxxxxxxxxxxxxxxxxxxxx26071811384501013E01070E7D03D73785
5569,893,260718114030,xxxxxxxxxxxxxxxxxxxxxxxxxxxxxxxx26071811403001013E01070E7D03D93759
5570,893,260718114216,xxxxxxxxxxxxxxxxxxxxxxxxxxxxxxxx26071811421601013E01070E7D03D73785
5571,893,260718114401,xxxxxxxxxxxxxxxxxxxxxxxxxxxxxxxx26071811440101013E01070E7D03D53714
5572,893,260718114546,xxxxxxxxxxxxxxxxxxxxxxxxxxxxxxxx26071811454601013E01070E7D03D73785
5573,893,260718114731,xxxxxxxxxxxxxxxxxxxxxxxxxxxxxxxx26071811473101013E01070E7D03D73785
5574,893,260718114916,xxxxxxxxxxxxxxxxxxxxxxxxxxxxxxxx26071811491601013E01070E7D03D73785
5575,893,260718115101,xxxxxxxxxxxxxxxxxxxxxxxxxxxxxxxx26071811510101013E01070E7D03D63741
5576,893,260718115246,xxxxxxxxxxxxxxxxxxxxxxxxxxxxxxxx26071811524601013E01070E7D03D73785
5577,893,260718115431,xxxxxxxxxxxxxxxxxxxxxxxxxxxxxxxx26071811543101013E01070E7D03D73785
5578,893,260718115616,xxxxxxxxxxxxxxxxxxxxxxxxxxxxxxxx26071811561601013E01070E7D03D73785
5579,893,260718115801,xxxxxxxxxxxxxxxxxxxxxxxxxxxxxxxx26071811580101013E01070E7D03D8379D
5580,893,260718115946,xxxxxxxxxxxxxxxxxxxxxxxxxxxxxxxx26071811594601013E01070E7D03D8379D
5581,893,260718120131,xxxxxxxxxxxxxxxxxxxxxxxxxxxxxxxx26071812013101013E01070E7D03D8379D
5582,893,260718120316,xxxxxxxxxxxxxxxxxxxxxxxxxxxxxxxx26071812031601013E01070E7D03D93759
5583,884,260718120645,xxxxxxxxxxxxxxxxxxxxxxxxxxxxxxxx26071812064501013E01070E74034337EE
5584,893,260718120830,xxxxxxxxxxxxxxxxxxxxxxxxxxxxxxxx26071812083001013E01070E7D03D437D0
5585,893,260718121015,xxxxxxxxxxxxxxxxxxxxxxxxxxxxxxxx26071812101501013E01070D7D03D337F0
5586,893,260718121200,xxxxxxxxxxxxxxxxxxxxxxxxxxxxxxxx26071812120001013E01070D7D03D037A5
5587,893,260718121345,xxxxxxxxxxxxxxxxxxxxxxxxxxxxxxxx26071812134501013E01070D7D03D337F0
5588,893,260718121530,xxxxxxxxxxxxxxxxxxxxxxxxxxxxxxxx26071812153001013E01070D7D03D93717
5589,894,260718121715,xxxxxxxxxxxxxxxxxxxxxxxxxxxxxxxx26071812171501013E01070D7E03E33755
5590,895,260718121900,xxxxxxxxxxxxxxxxxxxxxxxxxxxxxxxx26071812190001013E01070D7F03F33736
5591,895,260718122045,xxxxxxxxxxxxxxxxxxxxxxxxxxxxxxxx26071812204501013E01070D7F03FE37BF
5592,896,260718122231,xxxxxxxxxxxxxxxxxxxxxxxxxxxxxxxx26071812223101013E01070D8003083826
5593,897,260718122416,xxxxxxxxxxxxxxxxxxxxxxxxxxxxxxxx26071812241601013E01070D81031138F7
5594,897,260718122601,xxxxxxxxxxxxxxxxxxxxxxxxxxxxxxxx26071812260101013E01070D81031A38D4
5595,897,260718122746,xxxxxxxxxxxxxxxxxxxxxxxxxxxxxxxx26071812274601013E01070D8103163899
5596,898,260718122930,xxxxxxxxxxxxxxxxxxxxxxxxxxxxxxxx26071812293001013E01070D8203223807
5597,898,260718123115,xxxxxxxxxxxxxxxxxxxxxxxxxxxxxxxx26071812311501013E01070D82032A3871
5598,899,260718123300,xxxxxxxxxxxxxxxxxxxxxxxxxxxxxxxx26071812330001013E01070D83033338A0
5599,899,260718123445,xxxxxxxxxxxxxxxxxxxxxxxxxxxxxxxx26071812344501013E01070D83033C38B8
5600,900,260718123630,xxxxxxxxxxxxxxxxxxxxxxxxxxxxxxxx26071812363001013E01070D8403413801
5601,900,260718123816,xxxxxxxxxxxxxxxxxxxxxxxxxxxxxxxx26071812381601013E01070D84034838B3
5602,900,260718124001,xxxxxxxxxxxxxxxxxxxxxxxxxxxxxxxx26071812400101013E01070D84034F38DD
5603,901,260718124146,xxxxxxxxxxxxxxxxxxxxxxxxxxxxxxxx26071812414601013E01070D8503553859
5604,901,260718124331,xxxxxxxxxxxxxxxxxxxxxxxxxxxxxxxx26071812433101013E01070D85035A3841
5605,901,260718124700,xxxxxxxxxxxxxxxxxxxxxxxxxxxxxxxx26071812470001013E01070D85035D382F
5606,901,260718124845,xxxxxxxxxxxxxxxxxxxxxxxxxxxxxxxx26071812484501013E01070D85035B3885
5607,902,260718125030,xxxxxxxxxxxxxxxxxxxxxxxxxxxxxxxx26071812503001013E01070D8603623892
5608,902,260718125216,xxxxxxxxxxxxxxxxxxxxxxxxxxxxxxxx26071812521601013E01070D86036B3820
5609,903,260718125401,xxxxxxxxxxxxxxxxxxxxxxxxxxxxxxxx26071812540101013E01070D8703733835
5610,903,260718125546,xxxxxxxxxxxxxxxxxxxxxxxxxxxxxxxx26071812554601013E01070D87037638CA
5611,903,260718125731,xxxxxxxxxxxxxxxxxxxxxxxxxxxxxxxx26071812573101013E01070D8703783816
5612,903,260718125916,xxxxxxxxxxxxxxxxxxxxxxxxxxxxxxxx26071812591601013E01070E870379389C
5613,903,260718130101,xxxxxxxxxxxxxxxxxxxxxxxxxxxxxxxx26071813010101013E01070E87037A38C9
5614,903,260718130246,xxxxxxxxxxxxxxxxxxxxxxxxxxxxxxxx26071813024601013E01070E87037B380D
5615,903,260718130431,xxxxxxxxxxxxxxxxxxxxxxxxxxxxxxxx26071813043101013E01070E87037A38C9
5616,903,260718130616,xxxxxxxxxxxxxxxxxxxxxxxxxxxxxxxx26071813061601013E01070E87037F3836
5617,903,260718130801,xxxxxxxxxxxxxxxxxxxxxxxxxxxxxxxx26071813080101013E01070E8703783858
5618,903,260718130946,xxxxxxxxxxxxxxxxxxxxxxxxxxxxxxxx26071813094601013E01070E8703783858
5619,903,260718131131,xxxxxxxxxxxxxxxxxxxxxxxxxxxxxxxx26071813113101013E01070E8703763884
5620,885,260718131316,xxxxxxxxxxxxxxxxxxxxxxxxxxxxxxxx26071813131601013E01070E75035B37FB
5621,910,260718131501,xxxxxxxxxxxxxxxxxxxxxxxxxxxxxxxx26071813150101013E01070F8E03E038B3
5622,901,260718131646,xxxxxxxxxxxxxxxxxxxxxxxxxxxxxxxx26071813164601013E01070F8503593897
5623,902,260718131831,xxxxxxxxxxxxxxxxxxxxxxxxxxxxxxxx26071813183101013E01071086036E384F
5624,900,260718132016,xxxxxxxxxxxxxxxxxxxxxxxxxxxxxxxx26071813201601013E0107108403433800
5625,901,260718132201,xxxxxxxxxxxxxxxxxxxxxxxxxxxxxxxx26071813220101013E01071085035138F2
5626,900,260718132346,xxxxxxxxxxxxxxxxxxxxxxxxxxxxxxxx26071813234601013E01070F84034F385E
5627,900,260718132531,xxxxxxxxxxxxxxxxxxxxxxxxxxxxxxxx26071813253101013E01070F84034B3865
5628,900,260718132716,xxxxxxxxxxxxxxxxxxxxxxxxxxxxxxxx26071813271601013E01070F8403483830
5629,900,260718132901,xxxxxxxxxxxxxxxxxxxxxxxxxxxxxxxx26071813290101013E01070F8403413882
5630,899,260718133046,xxxxxxxxxxxxxxxxxxxxxxxxxxxxxxxx26071813304601013E01070F83033F386E
5631,899,260718133231,xxxxxxxxxxxxxxxxxxxxxxxxxxxxxxxx26071813323101013E01070F83033E38AA
5632,899,260718133416,xxxxxxxxxxxxxxxxxxxxxxxxxxxxxxxx26071813341601013E01070F83033E38AA
5633,899,260718133601,xxxxxxxxxxxxxxxxxxxxxxxxxxxxxxxx26071813360101013E01070F83033E38AA
5634,899,260718133746,xxxxxxxxxxxxxxxxxxxxxxxxxxxxxxxx26071813374601013E01070F83033E38AA
5635,899,260718133931,xxxxxxxxxxxxxxxxxxxxxxxxxxxxxxxx26071813393101013E01070F83033E38AA
5636,899,260718134116,xxxxxxxxxxxxxxxxxxxxxxxxxxxxxxxx26071813411601013E01070F83033F386E
5637,899,260718134300,xxxxxxxxxxxxxxxxxxxxxxxxxxxxxxxx26071813430001013E01070F83033F386E
5638,899,260718134445,xxxxxxxxxxxxxxxxxxxxxxxxxxxxxxxx26071813444501013E01070F83033F386E
5639,899,260718134631,xxxxxxxxxxxxxxxxxxxxxxxxxxxxxxxx26071813463101013E01070F83033F386E
5640,899,260718134816,xxxxxxxxxxxxxxxxxxxxxxxxxxxxxxxx26071813481601013E01070F83033C383B
5641,899,260718135000,xxxxxxxxxxxxxxxxxxxxxxxxxxxxxxxx26071813500001013E01070F83033E38AA
5642,899,260718135145,xxxxxxxxxxxxxxxxxxxxxxxxxxxxxxxx26071813514501013E01070F83033D38FF
5643,899,260718135330,xxxxxxxxxxxxxxxxxxxxxxxxxxxxxxxx26071813533001013E01070F83033D38FF
5644,899,260718135624,xxxxxxxxxxxxxxxxxxxxxxxxxxxxxxxx26071813562401013E01070F83033E38AA
5645,896,260718135808,xxxxxxxxxxxxxxxxxxxxxxxxxxxxxxxx26071813580801013E01070F80030B38F0
5646,908,260718135953,xxxxxxxxxxxxxxxxxxxxxxxxxxxxxxxx26071813595301013E0107108C03C238F7
5647,908,260718140138,xxxxxxxxxxxxxxxxxxxxxxxxxxxxxxxx26071814013801013E0107118C03C2383A
5648,907,260718140323,xxxxxxxxxxxxxxxxxxxxxxxxxxxxxxxx26071814032301013E0107118B03BF3883
5649,907,260718140508,xxxxxxxxxxxxxxxxxxxxxxxxxxxxxxxx26071814050801013E0107118B03BA387C
5650,900,260718140653,xxxxxxxxxxxxxxxxxxxxxxxxxxxxxxxx26071814065301013E01071284034E380A
5651,931,260718140838,xxxxxxxxxxxxxxxxxxxxxxxxxxxxxxxx26071814083801013E010712A3033C3A67
5652,931,260718141023,xxxxxxxxxxxxxxxxxxxxxxxxxxxxxxxx26071814102301013E010712A303353AD5
5653,931,260718141208,xxxxxxxxxxxxxxxxxxxxxxxxxxxxxxxx26071814120801013E010712A303323ABB
5654,930,260718141537,xxxxxxxxxxxxxxxxxxxxxxxxxxxxxxxx26071814153701013E010712A2032E3A95
5655,930,260718141722,xxxxxxxxxxxxxxxxxxxxxxxxxxxxxxxx26071814172201013E010712A2032C3A04
5656,930,260718141907,xxxxxxxxxxxxxxxxxxxxxxxxxxxxxxxx26071814190701013E010712A2032A3AAE
5657,930,260718142052,xxxxxxxxxxxxxxxxxxxxxxxxxxxxxxxx26071814205201013E010712A203293AFB
5658,930,260718142237,xxxxxxxxxxxxxxxxxxxxxxxxxxxxxxxx26071814223701013E010712A2032A3AAE
5659,930,260718142422,xxxxxxxxxxxxxxxxxxxxxxxxxxxxxxxx26071814242201013E010712A203293AFB
5660,930,260718142607,xxxxxxxxxxxxxxxxxxxxxxxxxxxxxxxx26071814260701013E010712A2032A3AAE
5661,930,260718142752,xxxxxxxxxxxxxxxxxxxxxxxxxxxxxxxx26071814275201013E010712A203293AFB
5662,930,260718142938,xxxxxxxxxxxxxxxxxxxxxxxxxxxxxxxx26071814293801013E010712A203293AFB
5663,930,260718143122,xxxxxxxxxxxxxxxxxxxxxxxxxxxxxxxx26071814312201013E010712A2032A3AAE
5664,930,260718143307,xxxxxxxxxxxxxxxxxxxxxxxxxxxxxxxx26071814330701013E010713A2032B3AA7
5665,930,260718143452,xxxxxxxxxxxxxxxxxxxxxxxxxxxxxxxx26071814345201013E010712A2032B3A6A
5666,930,260718143637,xxxxxxxxxxxxxxxxxxxxxxxxxxxxxxxx26071814363701013E010713A2032B3AA7
5667,930,260718143825,xxxxxxxxxxxxxxxxxxxxxxxxxxxxxxxx26071814382501013E010713A2032E3A58
5668,930,260718144010,xxxxxxxxxxxxxxxxxxxxxxxxxxxxxxxx26071814401001013E010713A2032E3A58
5669,930,260718144155,xxxxxxxxxxxxxxxxxxxxxxxxxxxxxxxx26071814415501013E010713A2032F3A9C
5670,930,260718144340,xxxxxxxxxxxxxxxxxxxxxxxxxxxxxxxx26071814434001013E010713A2032F3A9C
5671,930,260718144525,xxxxxxxxxxxxxxxxxxxxxxxxxxxxxxxx26071814452501013E010713A2032F3A9C
5672,930,260718144709,xxxxxxxxxxxxxxxxxxxxxxxxxxxxxxxx26071814470901013E010713A2032E3A58
5673,930,260718144854,xxxxxxxxxxxxxxxxxxxxxxxxxxxxxxxx26071814485401013E010713A2032F3A9C
5674,930,260718145038,xxxxxxxxxxxxxxxxxxxxxxxxxxxxxxxx26071814503801013E010713A2032F3A9C
5675,930,260718145223,xxxxxxxxxxxxxxxxxxxxxxxxxxxxxxxx26071814522301013E010713A2032F3A9C
5676,931,260718145408,xxxxxxxxxxxxxxxxxxxxxxxxxxxxxxxx26071814540801013E010713A303303AE7
5677,931,260718145553,xxxxxxxxxxxxxxxxxxxxxxxxxxxxxxxx26071814555301013E010713A303303AE7
5678,931,260718145738,xxxxxxxxxxxxxxxxxxxxxxxxxxxxxxxx26071814573801013E010713A303303AE7
5679,930,260718145923,xxxxxxxxxxxxxxxxxxxxxxxxxxxxxxxx26071814592301013E010713A2032D3A0D
5680,930,260718150108,xxxxxxxxxxxxxxxxxxxxxxxxxxxxxxxx26071815010801013E010713A2032D3A0D
5681,930,260718150253,xxxxxxxxxxxxxxxxxxxxxxxxxxxxxxxx26071815025301013E010713A2032D3A0D
5682,930,260718150438,xxxxxxxxxxxxxxxxxxxxxxxxxxxxxxxx26071815043801013E010713A2032E3A58
5683,930,260718150623,xxxxxxxxxxxxxxxxxxxxxxxxxxxxxxxx26071815062301013E010713A2032F3A9C
5684,930,260718150808,xxxxxxxxxxxxxxxxxxxxxxxxxxxxxxxx26071815080801013E010713A2032F3A9C
5685,930,260718150953,xxxxxxxxxxxxxxxxxxxxxxxxxxxxxxxx26071815095301013E010713A2032F3A9C
5686,930,260718151138,xxxxxxxxxxxxxxxxxxxxxxxxxxxxxxxx26071815113801013E010713A2032F3A9C
5687,930,260718151323,xxxxxxxxxxxxxxxxxxxxxxxxxxxxxxxx26071815132301013E010713A2032E3A58
5688,930,260718151508,xxxxxxxxxxxxxxxxxxxxxxxxxxxxxxxx26071815150801013E010713A2032F3A9C
5689,931,260718151653,xxxxxxxxxxxxxxxxxxxxxxxxxxxxxxxx26071815165301013E010713A303303AE7
5690,931,260718151838,xxxxxxxxxxxxxxxxxxxxxxxxxxxxxxxx26071815183801013E010713A303323A76
5691,931,260718152023,xxxxxxxxxxxxxxxxxxxxxxxxxxxxxxxx26071815202301013E010713A303363A4D
5692,931,260718152208,xxxxxxxxxxxxxxxxxxxxxxxxxxxxxxxx26071815220801013E010713A303373A89
5693,931,260718152353,xxxxxxxxxxxxxxxxxxxxxxxxxxxxxxxx26071815235301013E010713A303383A91
5694,931,260718152538,xxxxxxxxxxxxxxxxxxxxxxxxxxxxxxxx26071815253801013E010713A3033B3AC4
5695,931,260718152723,xxxxxxxxxxxxxxxxxxxxxxxxxxxxxxxx26071815272301013E010713A3033C3AAA
5696,931,260718152908,xxxxxxxxxxxxxxxxxxxxxxxxxxxxxxxx26071815290801013E010713A3033D3A6E
5697,931,260718153053,xxxxxxxxxxxxxxxxxxxxxxxxxxxxxxxx26071815305301013E010713A3033E3A3B
5698,932,260718153238,xxxxxxxxxxxxxxxxxxxxxxxxxxxxxxxx26071815323801013E010713A403403AD7
5699,931,260718153423,xxxxxxxxxxxxxxxxxxxxxxxxxxxxxxxx26071815342301013E010713A3033F3AFF
5700,931,260718153608,xxxxxxxxxxxxxxxxxxxxxxxxxxxxxxxx26071815360801013E010713A3033F3AFF
5701,931,260718153753,xxxxxxxxxxxxxxxxxxxxxxxxxxxxxxxx26071815375301013E010713A3033E3A3B
5702,931,260718153938,xxxxxxxxxxxxxxxxxxxxxxxxxxxxxxxx26071815393801013E010713A3033E3A3B
5703,931,260718154123,xxxxxxxxxxxxxxxxxxxxxxxxxxxxxxxx26071815412301013E010713A3033F3AFF
5704,932,260718154308,xxxxxxxxxxxxxxxxxxxxxxxxxxxxxxxx26071815430801013E010713A403403AD7
5705,932,260718154453,xxxxxxxxxxxxxxxxxxxxxxxxxxxxxxxx26071815445301013E010713A403413A13
5706,932,260718154823,xxxxxxxxxxxxxxxxxxxxxxxxxxxxxxxx26071815482301013E010713A403453A28
5707,932,260718155008,xxxxxxxxxxxxxxxxxxxxxxxxxxxxxxxx26071815500801013E010713A403463A7D
5708,932,260718155153,xxxxxxxxxxxxxxxxxxxxxxxxxxxxxxxx26071815515301013E010713A403473AB9
5709,932,260718155338,xxxxxxxxxxxxxxxxxxxxxxxxxxxxxxxx26071815533801013E010713A4034A3A30
5710,932,260718155523,xxxxxxxxxxxxxxxxxxxxxxxxxxxxxxxx26071815552301013E010713A4034E3A0B
5711,932,260718155709,xxxxxxxxxxxxxxxxxxxxxxxxxxxxxxxx26071815570901013E010713A4034F3ACF
5712,932,260718155854,xxxxxxxxxxxxxxxxxxxxxxxxxxxxxxxx26071815585401013E010714A4034F3A9E
5713,933,260718160039,xxxxxxxxxxxxxxxxxxxxxxxxxxxxxxxx26071816003901013E010714A503503AE5
5714,933,260718160224,xxxxxxxxxxxxxxxxxxxxxxxxxxxxxxxx26071816022401013E010714A503503AE5
5715,933,260718160410,xxxxxxxxxxxxxxxxxxxxxxxxxxxxxxxx26071816041001013E010714A503503AE5
5716,932,260718160555,xxxxxxxxxxxxxxxxxxxxxxxxxxxxxxxx26071816055501013E010714A4034F3A9E
5717,932,260718160740,xxxxxxxxxxxxxxxxxxxxxxxxxxxxxxxx26071816074001013E010714A4034F3A9E
5718,932,260718160925,xxxxxxxxxxxxxxxxxxxxxxxxxxxxxxxx26071816092501013E010714A4034F3A9E
5719,932,260718161109,xxxxxxxxxxxxxxxxxxxxxxxxxxxxxxxx26071816110901013E010714A4034E3A5A
5720,932,260718161254,xxxxxxxxxxxxxxxxxxxxxxxxxxxxxxxx26071816125401013E010714A4034F3A9E
5721,933,260718161439,xxxxxxxxxxxxxxxxxxxxxxxxxxxxxxxx26071816143901013E010714A503503AE5
5722,933,260718161624,xxxxxxxxxxxxxxxxxxxxxxxxxxxxxxxx26071816162401013E010714A503503AE5
5723,932,260718161809,xxxxxxxxxxxxxxxxxxxxxxxxxxxxxxxx26071816180901013E010714A4034F3A9E
5724,932,260718161954,xxxxxxxxxxxxxxxxxxxxxxxxxxxxxxxx26071816195401013E010714A4034E3A5A
5725,932,260718162139,xxxxxxxxxxxxxxxxxxxxxxxxxxxxxxxx26071816213901013E010714A4034E3A5A
5726,932,260718162324,xxxxxxxxxxxxxxxxxxxxxxxxxxxxxxxx26071816232401013E010715A4034E3A97
5727,932,260718162509,xxxxxxxxxxxxxxxxxxxxxxxxxxxxxxxx26071816250901013E010714A4034E3A5A
5728,932,260718162838,xxxxxxxxxxxxxxxxxxxxxxxxxxxxxxxx26071816283801013E010714A4034C3ACB
5729,932,260718163023,xxxxxxxxxxxxxxxxxxxxxxxxxxxxxxxx26071816302301013E010714A4034B3AA5
5730,932,260718163208,xxxxxxxxxxxxxxxxxxxxxxxxxxxxxxxx26071816320801013E010714A4034B3AA5
5731,932,260718163353,xxxxxxxxxxxxxxxxxxxxxxxxxxxxxxxx26071816335301013E010714A4034B3AA5
5732,932,260718163539,xxxxxxxxxxxxxxxxxxxxxxxxxxxxxxxx26071816353901013E010714A4034B3AA5
5733,932,260718163724,xxxxxxxxxxxxxxxxxxxxxxxxxxxxxxxx26071816372401013E010714A4034B3AA5
5734,932,260718163909,xxxxxxxxxxxxxxxxxxxxxxxxxxxxxxxx26071816390901013E010714A4034D3A0F
5735,932,260718164054,xxxxxxxxxxxxxxxxxxxxxxxxxxxxxxxx26071816405401013E010714A4034E3A5A
5736,932,260718164239,xxxxxxxxxxxxxxxxxxxxxxxxxxxxxxxx26071816423901013E010714A4034D3A0F
5737,932,260718164423,xxxxxxxxxxxxxxxxxxxxxxxxxxxxxxxx26071816442301013E010714A4034C3ACB
5738,932,260718164608,xxxxxxxxxxxxxxxxxxxxxxxxxxxxxxxx26071816460801013E010714A403493A34
5739,932,260718164753,xxxxxxxxxxxxxxxxxxxxxxxxxxxxxxxx26071816475301013E010714A403453A79
5740,932,260718164938,xxxxxxxxxxxxxxxxxxxxxxxxxxxxxxxx26071816493801013E010714A403433AD3
5741,932,260718165124,xxxxxxxxxxxxxxxxxxxxxxxxxxxxxxxx26071816512401013E010714A403413A42
5742,932,260718165309,xxxxxxxxxxxxxxxxxxxxxxxxxxxxxxxx26071816530901013E010714A403423A17
5743,932,260718165454,xxxxxxxxxxxxxxxxxxxxxxxxxxxxxxxx26071816545401013E010714A403423A17
5744,932,260718165639,xxxxxxxxxxxxxxxxxxxxxxxxxxxxxxxx26071816563901013E010713A403403AD7
5745,932,260718165824,xxxxxxxxxxxxxxxxxxxxxxxxxxxxxxxx26071816582401013E010714A403423A17
5746,932,260718170008,xxxxxxxxxxxxxxxxxxxxxxxxxxxxxxxx26071817000801013E010714A403443ABD
5747,932,260718170153,xxxxxxxxxxxxxxxxxxxxxxxxxxxxxxxx26071817015301013E010713A403443AEC
5748,932,260718170338,xxxxxxxxxxxxxxxxxxxxxxxxxxxxxxxx26071817033801013E010713A403453A28
5749,932,260718170523,xxxxxxxxxxxxxxxxxxxxxxxxxxxxxxxx26071817052301013E010713A403463A7D
5750,932,260718170855,xxxxxxxxxxxxxxxxxxxxxxxxxxxxxxxx26071817085501013E010713A403493A65
5751,932,260718171040,xxxxxxxxxxxxxxxxxxxxxxxxxxxxxxxx26071817104001013E010713A4034A3A30
5752,932,260718171225,xxxxxxxxxxxxxxxxxxxxxxxxxxxxxxxx26071817122501013E010714A4034C3ACB
5753,932,260718171410,xxxxxxxxxxxxxxxxxxxxxxxxxxxxxxxx26071817141001013E010714A4034C3ACB
5754,932,260718171555,xxxxxxxxxxxxxxxxxxxxxxxxxxxxxxxx26071817155501013E010714A4034C3ACB
5755,932,260718171749,xxxxxxxxxxxxxxxxxxxxxxxxxxxxxxxx26071817174901013E010713A4034B3AF4
5756,932,260718171934,xxxxxxxxxxxxxxxxxxxxxxxxxxxxxxxx26071817193401013E010714A4034A3A61
5757,932,260718172119,xxxxxxxxxxxxxxxxxxxxxxxxxxxxxxxx26071817211901013E010714A4034C3ACB
5758,932,260718172304,xxxxxxxxxxxxxxxxxxxxxxxxxxxxxxxx26071817230401013E010714A4034C3ACB
5759,932,260718172449,xxxxxxxxxxxxxxxxxxxxxxxxxxxxxxxx26071817244901013E010713A4034C3A9A
5760,932,260718172634,xxxxxxxxxxxxxxxxxxxxxxxxxxxxxxxx26071817263401013E010713A4034E3A0B
5761,932,260718172819,xxxxxxxxxxxxxxxxxxxxxxxxxxxxxxxx26071817281901013E010714A4034E3A5A
5762,932,260718173004,xxxxxxxxxxxxxxxxxxxxxxxxxxxxxxxx26071817300401013E010714A4034F3A9E
5763,933,260718173149,xxxxxxxxxxxxxxxxxxxxxxxxxxxxxxxx26071817314901013E010714A503503AE5
5764,933,260718173334,xxxxxxxxxxxxxxxxxxxxxxxxxxxxxxxx26071817333401013E010714A503513A21
5765,933,260718173519,xxxxxxxxxxxxxxxxxxxxxxxxxxxxxxxx26071817351901013E010714A503513A21
5766,933,260718173704,xxxxxxxxxxxxxxxxxxxxxxxxxxxxxxxx26071817370401013E010714A503513A21
5767,933,260718173849,xxxxxxxxxxxxxxxxxxxxxxxxxxxxxxxx26071817384901013E010714A503513A21
5768,933,260718174034,xxxxxxxxxxxxxxxxxxxxxxxxxxxxxxxx26071817403401013E010714A503533AB0
5769,933,260718174219,xxxxxxxxxxxxxxxxxxxxxxxxxxxxxxxx26071817421901013E010714A503533AB0
5770,933,260718174404,xxxxxxxxxxxxxxxxxxxxxxxxxxxxxxxx26071817440401013E010714A503533AB0
5771,933,260718174549,xxxxxxxxxxxxxxxxxxxxxxxxxxxxxxxx26071817454901013E010714A503553A1A
5772,933,260718174734,xxxxxxxxxxxxxxxxxxxxxxxxxxxxxxxx26071817473401013E010714A503553A1A
5773,933,260718174919,xxxxxxxxxxxxxxxxxxxxxxxxxxxxxxxx26071817491901013E010713A503543A8F
5774,933,260718175104,xxxxxxxxxxxxxxxxxxxxxxxxxxxxxxxx26071817510401013E010713A503533AE1
5775,933,260718175249,xxxxxxxxxxxxxxxxxxxxxxxxxxxxxxxx26071817524901013E010713A503533AE1
5776,933,260718175434,xxxxxxxxxxxxxxxxxxxxxxxxxxxxxxxx26071817543401013E010714A503533AB0
5777,933,260718175619,xxxxxxxxxxxxxxxxxxxxxxxxxxxxxxxx26071817561901013E010714A503553A1A
5778,933,260718175804,xxxxxxxxxxxxxxxxxxxxxxxxxxxxxxxx26071817580401013E010714A503563A4F
5779,933,260718175949,xxxxxxxxxxxxxxxxxxxxxxxxxxxxxxxx26071817594901013E010714A503563A4F
5780,933,260718180134,xxxxxxxxxxxxxxxxxxxxxxxxxxxxxxxx26071818013401013E010714A503563A4F
5781,933,260718180319,xxxxxxxxxxxxxxxxxxxxxxxxxxxxxxxx26071818031901013E010714A503553A1A
5782,933,260718180504,xxxxxxxxxxxxxxxxxxxxxxxxxxxxxxxx26071818050401013E010714A503553A1A
5783,933,260718180649,xxxxxxxxxxxxxxxxxxxxxxxxxxxxxxxx26071818064901013E010714A503553A1A
5784,933,260718180834,xxxxxxxxxxxxxxxxxxxxxxxxxxxxxxxx26071818083401013E010714A503563A4F
5785,933,260718181019,xxxxxxxxxxxxxxxxxxxxxxxxxxxxxxxx26071818101901013E010714A503563A4F
5786,933,260718181204,xxxxxxxxxxxxxxxxxxxxxxxxxxxxxxxx26071818120401013E010714A503563A4F
5787,933,260718181349,xxxxxxxxxxxxxxxxxxxxxxxxxxxxxxxx26071818134901013E010714A503553A1A
5788,933,260718181534,xxxxxxxxxxxxxxxxxxxxxxxxxxxxxxxx26071818153401013E010714A503563A4F
5789,933,260718181719,xxxxxxxxxxxxxxxxxxxxxxxxxxxxxxxx26071818171901013E010714A503553A1A
5790,933,260718181904,xxxxxxxxxxxxxxxxxxxxxxxxxxxxxxxx26071818190401013E010714A503563A4F
5791,933,260718182049,xxxxxxxxxxxxxxxxxxxxxxxxxxxxxxxx26071818204901013E010714A503553A1A
5792,933,260718182234,xxxxxxxxxxxxxxxxxxxxxxxxxxxxxxxx26071818223401013E010714A503543ADE
5793,933,260718182419,xxxxxxxxxxxxxxxxxxxxxxxxxxxxxxxx26071818241901013E010714A503573A8B
5794,933,260718182604,xxxxxxxxxxxxxxxxxxxxxxxxxxxxxxxx26071818260401013E010714A503573A8B
5795,933,260718182749,xxxxxxxxxxxxxxxxxxxxxxxxxxxxxxxx26071818274901013E010714A503573A8B
5796,933,260718182934,xxxxxxxxxxxxxxxxxxxxxxxxxxxxxxxx26071818293401013E010715A503573A46
5797,933,260718183119,xxxxxxxxxxxxxxxxxxxxxxxxxxxxxxxx26071818311901013E010715A503593A9A
5798,933,260718183304,xxxxxxxxxxxxxxxxxxxxxxxxxxxxxxxx26071818330401013E010715A503593A9A
5799,933,260718183450,xxxxxxxxxxxxxxxxxxxxxxxxxxxxxxxx26071818345001013E010715A503593A9A
5800,933,260718183635,xxxxxxxxxxxxxxxxxxxxxxxxxxxxxxxx26071818363501013E010715A503593A9A
5801,933,260718183820,xxxxxxxxxxxxxxxxxxxxxxxxxxxxxxxx26071818382001013E010715A503593A9A
5802,933,260718184005,xxxxxxxxxxxxxxxxxxxxxxxxxxxxxxxx26071818400501013E010715A503593A9A
5803,933,260718184150,xxxxxxxxxxxxxxxxxxxxxxxxxxxxxxxx26071818415001013E010715A503583A5E
5804,917,260718184707,xxxxxxxxxxxxxxxxxxxxxxxxxxxxxxxx26071818470701013E01071595035D390B
5805,935,260718184852,xxxxxxxxxxxxxxxxxxxxxxxxxxxxxxxx26071818485201013E010715A7037F3AF6
5806,928,260718185037,xxxxxxxxxxxxxxxxxxxxxxxxxxxxxxxx26071818503701013E010716A003043AAB
5807,924,260718185222,xxxxxxxxxxxxxxxxxxxxxxxxxxxxxxxx26071818522201013E0107169C03C9392E
5808,922,260718185407,xxxxxxxxxxxxxxxxxxxxxxxxxxxxxxxx26071818540701013E0107169A03AC3982
5809,921,260718185552,xxxxxxxxxxxxxxxxxxxxxxxxxxxxxxxx26071818555201013E0107169903943951
5810,920,260718185737,xxxxxxxxxxxxxxxxxxxxxxxxxxxxxxxx26071818573701013E0107169803843932
5811,866,260718185922,xxxxxxxxxxxxxxxxxxxxxxxxxxxxxxxx26071818592201013E010717620324363A
5812,914,260718190107,xxxxxxxxxxxxxxxxxxxxxxxxxxxxxxxx26071819010700013E01071792032139F5
5813,918,260718190252,xxxxxxxxxxxxxxxxxxxxxxxxxxxxxxxx26071819025200013E0107179603693916
5814,917,260718190437,xxxxxxxxxxxxxxxxxxxxxxxxxxxxxxxx26071819043700013E01071795035A39E6
5815,917,260718190622,xxxxxxxxxxxxxxxxxxxxxxxxxxxxxxxx26071819062200013E0107179503523990
5816,916,260718190807,xxxxxxxxxxxxxxxxxxxxxxxxxxxxxxxx26071819080700013E01071794034D39EB
5817,916,260718190952,xxxxxxxxxxxxxxxxxxxxxxxxxxxxxxxx26071819095200013E01071794034A3985
5818,916,260718191137,xxxxxxxxxxxxxxxxxxxxxxxxxxxxxxxx26071819113700013E0107179403443959
5819,915,260718191322,xxxxxxxxxxxxxxxxxxxxxxxxxxxxxxxx26071819132200013E01071793033E398E
5820,915,260718191507,xxxxxxxxxxxxxxxxxxxxxxxxxxxxxxxx26071819150700013E01071793033A39B5
5821,915,260718191652,xxxxxxxxxxxxxxxxxxxxxxxxxxxxxxxx26071819165200013E01071793033239C3
5822,914,260718191837,xxxxxxxxxxxxxxxxxxxxxxxxxxxxxxxx26071819183700013E01071792032E39ED
5823,914,260718192022,xxxxxxxxxxxxxxxxxxxxxxxxxxxxxxxx26071819202200013E01071892032C3913
5824,914,260718192207,xxxxxxxxxxxxxxxxxxxxxxxxxxxxxxxx26071819220700013E01071892032639F4
5825,914,260718192352,xxxxxxxxxxxxxxxxxxxxxxxxxxxxxxxx26071819235200013E0107189203243965
5826,914,260718192537,xxxxxxxxxxxxxxxxxxxxxxxxxxxxxxxx26071819253700013E010718920320395E
5827,913,260718192722,xxxxxxxxxxxxxxxxxxxxxxxxxxxxxxxx26071819272200013E01071891031B39D8
5828,913,260718192907,xxxxxxxxxxxxxxxxxxxxxxxxxxxxxxxx26071819290700013E0107199103183940
5829,913,260718193052,xxxxxxxxxxxxxxxxxxxxxxxxxxxxxxxx26071819305200013E0107199103133963
5830,913,260718193237,xxxxxxxxxxxxxxxxxxxxxxxxxxxxxxxx26071819323700013E0107199103103936
5831,912,260718193422,xxxxxxxxxxxxxxxxxxxxxxxxxxxxxxxx26071819342200013E01071990030F394D
5832,912,260718193607,xxxxxxxxxxxxxxxxxxxxxxxxxxxxxxxx26071819360700013E01071990030939E7
5833,912,260718193752,xxxxxxxxxxxxxxxxxxxxxxxxxxxxxxxx26071819375200013E01071A9003073975
5834,912,260718193937,xxxxxxxxxxxxxxxxxxxxxxxxxxxxxxxx26071819393700013E01071B90030439ED
5835,912,260718194122,xxxxxxxxxxxxxxxxxxxxxxxxxxxxxxxx26071819412200013E01071C9003003987
5836,911,260718194307,xxxxxxxxxxxxxxxxxxxxxxxxxxxxxxxx26071819430700013E01071B8F03FC38FE
5837,911,260718194452,xxxxxxxxxxxxxxxxxxxxxxxxxxxxxxxx26071819445201013E01071B8F03F63819
5838,910,260718194637,xxxxxxxxxxxxxxxxxxxxxxxxxxxxxxxx26071819463701013E01071B8E03EE380C
5839,910,260718194822,xxxxxxxxxxxxxxxxxxxxxxxxxxxxxxxx26071819482201013E01071B8E03E5382F
5840,909,260718195007,xxxxxxxxxxxxxxxxxxxxxxxxxxxxxxxx26071819500701013E01071B8D03DC3838
5841,909,260718195152,xxxxxxxxxxxxxxxxxxxxxxxxxxxxxxxx26071819515201013E01071B8D03D33820
5842,908,260718195337,xxxxxxxxxxxxxxxxxxxxxxxxxxxxxxxx26071819533701013E01071A8C03CA383C
5843,908,260718195522,xxxxxxxxxxxxxxxxxxxxxxxxxxxxxxxx26071819552201013E01071A8C03C1381F
5844,907,260718195707,xxxxxxxxxxxxxxxxxxxxxxxxxxxxxxxx26071819570701013E01071A8B03B93859
5845,907,260718195852,xxxxxxxxxxxxxxxxxxxxxxxxxxxxxxxx26071819585201013E0107198B03B13861
5846,880,260718200037,xxxxxxxxxxxxxxxxxxxxxxxxxxxxxxxx26071820003701013E0107197003023792
5847,887,260718200222,xxxxxxxxxxxxxxxxxxxxxxxxxxxxxxxx26071820022201013E01071877037037FE
5848,861,260718200407,xxxxxxxxxxxxxxxxxxxxxxxxxxxxxxxx26071820040701013E0107175D03D1356C
5849,885,260718200552,xxxxxxxxxxxxxxxxxxxxxxxxxxxxxxxx26071820055201013E01071775035B3774
5850,1106,260718200737,xxxxxxxxxxxxxxxxxxxxxxxxxxxxxxxx26071820073701013E01071652042C45A9
5851,1858,260718200922,xxxxxxxxxxxxxxxxxxxxxxxxxxxxxxxx26071820092201013E0107164207227449
5852,1848,260718201107,xxxxxxxxxxxxxxxxxxxxxxxxxxxxxxxx26071820110701013E010715380788733E
5853,1859,260718201252,xxxxxxxxxxxxxxxxxxxxxxxxxxxxxxxx26071820125201013E01071543073B74D6
5854,1857,260718201437,xxxxxxxxxxxxxxxxxxxxxxxxxxxxxxxx26071820143701013E0107154107197481
5855,1833,260718201622,xxxxxxxxxxxxxxxxxxxxxxxxxxxxxxxx26071820162201013E0107152907917289
5856,1830,260718201807,xxxxxxxxxxxxxxxxxxxxxxxxxxxxxxxx26071820180701013E01071526076B726D
5857,1839,260718201952,xxxxxxxxxxxxxxxxxxxxxxxxxxxxxxxx26071820195201013E0107162F07F4726B
5858,1851,260718202137,xxxxxxxxxxxxxxxxxxxxxxxxxxxxxxxx26071820213701013E0107173B07B77300
5859,1828,260718202322,xxxxxxxxxxxxxxxxxxxxxxxxxxxxxxxx26071820232201013E01071724074972B9
5860,1828,260718202507,xxxxxxxxxxxxxxxxxxxxxxxxxxxxxxxx26071820250701013E01071724074F7213
5861,1823,260718202652,xxxxxxxxxxxxxxxxxxxxxxxxxxxxxxxx26071820265201013E0107171F07F37162
5862,1810,260718202837,xxxxxxxxxxxxxxxxxxxxxxxxxxxxxxxx26071820283701013E01071712072471C9
5863,1808,260718203022,xxxxxxxxxxxxxxxxxxxxxxxxxxxxxxxx26071820302201013E01071710070171F0
5864,1811,260718203207,xxxxxxxxxxxxxxxxxxxxxxxxxxxxxxxx26071820320701013E01071713073F7189
5865,1797,260718203352,xxxxxxxxxxxxxxxxxxxxxxxxxxxxxxxx26071820335201013E01071705075D702D
5866,1814,260718203537,xxxxxxxxxxxxxxxxxxxxxxxxxxxxxxxx26071820353701013E0107171607687111
5867,1798,260718203722,xxxxxxxxxxxxxxxxxxxxxxxxxxxxxxxx26071820372201013E01071706076B7022
5868,1785,260718203907,xxxxxxxxxxxxxxxxxxxxxxxxxxxxxxxx26071820390701013E010717F9069C6F49
5869,1807,260718204052,xxxxxxxxxxxxxxxxxxxxxxxxxxxxxxxx26071820405201013E0107170F07F570AE
5870,1781,260718204237,xxxxxxxxxxxxxxxxxxxxxxxxxxxxxxxx26071820423701013E010718F5065D6F44
5871,1804,260718204422,xxxxxxxxxxxxxxxxxxxxxxxxxxxxxxxx26071820442201013E0107190C07CC701B
5872,1808,260718204607,xxxxxxxxxxxxxxxxxxxxxxxxxxxxxxxx26071820460701013E01071910070B71B5
5873,1798,260718204752,xxxxxxxxxxxxxxxxxxxxxxxxxxxxxxxx26071820475201013E01071A0607677083
5874,1794,260718204937,xxxxxxxxxxxxxxxxxxxxxxxxxxxxxxxx26071820493701013E01071A02072B705B
5875,1777,260718205123,xxxxxxxxxxxxxxxxxxxxxxxxxxxxxxxx26071820512301013E010719F106106F95
5876,1791,260718205308,xxxxxxxxxxxxxxxxxxxxxxxxxxxxxxxx26071820530801013E01071AFF06FC6FF6
5877,1781,260718205453,xxxxxxxxxxxxxxxxxxxxxxxxxxxxxxxx26071820545301013E01071AF5065A6FA9
5878,1812,260718205638,xxxxxxxxxxxxxxxxxxxxxxxxxxxxxxxx26071820563801013E01071A14074571B2
5879,1732,260718205823,xxxxxxxxxxxxxxxxxxxxxxxxxxxxxxxx26071820582301013E01071AC406446CBC
5880,1759,260718210008,xxxxxxxxxxxxxxxxxxxxxxxxxxxxxxxx26071821000801013E01071ADF06FC6D3A
5881,1787,260718210153,xxxxxxxxxxxxxxxxxxxxxxxxxxxxxxxx26071821015301013E01071AFB06B76F40
5882,1741,260718210338,xxxxxxxxxxxxxxxxxxxxxxxxxxxxxxxx26071821033801013E01071BCD06D66CB0
5883,1728,260718210523,xxxxxxxxxxxxxxxxxxxxxxxxxxxxxxxx26071821052301013E01071BC006036C8A
5884,1782,260718210708,xxxxxxxxxxxxxxxxxxxxxxxxxxxxxxxx26071821070801013E01071AF606616F2F
5885,1776,260718210853,xxxxxxxxxxxxxxxxxxxxxxxxxxxxxxxx26071821085301013E01071AF006076FD6
5886,1741,260718211038,xxxxxxxxxxxxxxxxxxxxxxxxxxxxxxxx26071821103801013E01071ACD06DB6CF4
5887,1753,260718211223,xxxxxxxxxxxxxxxxxxxxxxxxxxxxxxxx26071821122301013E01071AD906966D8E
5888,1752,260718211408,xxxxxxxxxxxxxxxxxxxxxxxxxxxxxxxx26071821140801013E01071BD806816D4E
5889,1743,260718211553,xxxxxxxxxxxxxxxxxxxxxxxxxxxxxxxx26071821155301013E01071BCF06FB6CFF
5890,1711,260718211738,xxxxxxxxxxxxxxxxxxxxxxxxxxxxxxxx26071821173801013E01071BAF06FB6AB2
5891,1787,260718211923,xxxxxxxxxxxxxxxxxxxxxxxxxxxxxxxx26071821192301013E01071AFB06B26FBF
5892,1795,260718212108,xxxxxxxxxxxxxxxxxxxxxxxxxxxxxxxx26071821210801013E01071A03073C7056
5893,1730,260718212253,xxxxxxxxxxxxxxxxxxxxxxxxxxxxxxxx26071821225301013E010719C2062D6C13
5894,1743,260718212438,xxxxxxxxxxxxxxxxxxxxxxxxxxxxxxxx26071821243801013E010719CF06F96CED
5895,1764,260718212623,xxxxxxxxxxxxxxxxxxxxxxxxxxxxxxxx26071821262301013E010719E406486E73
5896,1749,260718212808,xxxxxxxxxxxxxxxxxxxxxxxxxxxxxxxx26071821280801013E010719D506506DCC
5897,1734,260718212953,xxxxxxxxxxxxxxxxxxxxxxxxxxxxxxxx26071821295301013E010719C606686C79
5898,1757,260718213138,xxxxxxxxxxxxxxxxxxxxxxxxxxxxxxxx26071821313801013E010719DD06D76D91
5899,1745,260718213323,xxxxxxxxxxxxxxxxxxxxxxxxxxxxxxxx26071821332301013E010719D106156DA6
5900,1709,260718213508,xxxxxxxxxxxxxxxxxxxxxxxxxxxxxxxx26071821350801013E01071AAD06DA6A7D
5901,1746,260718213653,xxxxxxxxxxxxxxxxxxxxxxxxxxxxxxxx26071821365301013E010719D206206DFC
5902,1738,260718213838,xxxxxxxxxxxxxxxxxxxxxxxxxxxxxxxx26071821383801013E010719CA06A26C38
5903,1738,260718214023,xxxxxxxxxxxxxxxxxxxxxxxxxxxxxxxx26071821402301013E010719CA06AC6CE4
5904,1725,260718214208,xxxxxxxxxxxxxxxxxxxxxxxxxxxxxxxx26071821420801013E010719BD06D36BE7
5905,1760,260718214353,xxxxxxxxxxxxxxxxxxxxxxxxxxxxxxxx26071821435301013E010719E006096E22
5906,1735,260718214538,xxxxxxxxxxxxxxxxxxxxxxxxxxxxxxxx26071821453801013E01071AC706786C54
5907,1751,260718214723,xxxxxxxxxxxxxxxxxxxxxxxxxxxxxxxx26071821472301013E01071AD7067D6DCD
5908,1729,260718214908,xxxxxxxxxxxxxxxxxxxxxxxxxxxxxxxx26071821490801013E01071AC106116CB5
5909,1669,260718215053,xxxxxxxxxxxxxxxxxxxxxxxxxxxxxxxx26071821505301013E01071985065568D4
5910,1769,260718215238,xxxxxxxxxxxxxxxxxxxxxxxxxxxxxxxx26071821523801013E010719E9069D6E49
5911,1717,260718215423,xxxxxxxxxxxxxxxxxxxxxxxxxxxxxxxx26071821542301013E010719B506566B2B
5912,1701,260718215608,xxxxxxxxxxxxxxxxxxxxxxxxxxxxxxxx26071821560801013E010719A5065F6AFF
5913,1715,260718215753,xxxxxxxxxxxxxxxxxxxxxxxxxxxxxxxx26071821575301013E010719B306386BA4
5914,1696,260718215938,xxxxxxxxxxxxxxxxxxxxxxxxxxxxxxxx26071821593801013E010718A006026A4D
5915,1728,260718220123,xxxxxxxxxxxxxxxxxxxxxxxxxxxxxxxx26071822012301013E010717C0060F6CE6
5916,1736,260718220308,xxxxxxxxxxxxxxxxxxxxxxxxxxxxxxxx26071822030801013E010717C8068A6C2A
5917,1748,260718220453,xxxxxxxxxxxxxxxxxxxxxxxxxxxxxxxx26071822045301013E010717D406466DA7
5918,1748,260718220638,xxxxxxxxxxxxxxxxxxxxxxxxxxxxxxxx26071822063801013E010717D406486D7B
5919,1747,260718220823,xxxxxxxxxxxxxxxxxxxxxxxxxxxxxxxx26071822082301013E010717D3063D6DB4
5920,1747,260718221008,xxxxxxxxxxxxxxxxxxxxxxxxxxxxxxxx26071822100801013E010717D306396D8F
5921,1747,260718221153,xxxxxxxxxxxxxxxxxxxxxxxxxxxxxxxx26071822115301013E010717D306366D97
5922,1747,260718221338,xxxxxxxxxxxxxxxxxxxxxxxxxxxxxxxx26071822133801013E010717D306346D06
5923,1747,260718221523,xxxxxxxxxxxxxxxxxxxxxxxxxxxxxxxx26071822152301013E010717D306316DF9
5924,1754,260718221708,xxxxxxxxxxxxxxxxxxxxxxxxxxxxxxxx26071822170801013E010717DA06A26DFC
5925,1722,260718221853,xxxxxxxxxxxxxxxxxxxxxxxxxxxxxxxx26071822185301013E010718BA06AD6BC6
5926,1742,260718222038,xxxxxxxxxxxxxxxxxxxxxxxxxxxxxxxx26071822203801013E010718CE06EE6C2D
5927,1757,260718222223,xxxxxxxxxxxxxxxxxxxxxxxxxxxxxxxx26071822222301013E010718DD06D96D80
5928,1734,260718222408,xxxxxxxxxxxxxxxxxxxxxxxxxxxxxxxx26071822240801013E010719C606616CCB
5929,1732,260718222553,xxxxxxxxxxxxxxxxxxxxxxxxxxxxxxxx26071822255301013E01071AC406406C87
5930,1626,260718222738,xxxxxxxxxxxxxxxxxxxxxxxxxxxxxxxx26071822273801013E01071B5A06AD65DE
5931,1615,260718222923,xxxxxxxxxxxxxxxxxxxxxxxxxxxxxxxx26071822292301013E01071D4F06FB6478
5932,1602,260718223108,xxxxxxxxxxxxxxxxxxxxxxxxxxxxxxxx26071822310801013E01071D420620649E
5933,1626,260718223253,xxxxxxxxxxxxxxxxxxxxxxxxxxxxxxxx26071822325301013E01071D5A06AE6517
5934,1630,260718223438,xxxxxxxxxxxxxxxxxxxxxxxxxxxxxxxx26071822343801013E01071C5E06ED651A
5935,1624,260718223623,xxxxxxxxxxxxxxxxxxxxxxxxxxxxxxxx26071822362301013E01071C58068065C0
5936,1598,260718223808,xxxxxxxxxxxxxxxxxxxxxxxxxxxxxxxx26071822380801013E01071B3E06ED6306
5937,1625,260718223953,xxxxxxxxxxxxxxxxxxxxxxxxxxxxxxxx26071822395301013E01071B59069C65BF
5938,1629,260718224138,xxxxxxxxxxxxxxxxxxxxxxxxxxxxxxxx26071822413801013E01071A5D06D365FF
5939,1630,260718224323,xxxxxxxxxxxxxxxxxxxxxxxxxxxxxxxx26071822432301013E01071A5E06E46534
5940,1620,260718224508,xxxxxxxxxxxxxxxxxxxxxxxxxxxxxxxx26071822450801013E01071A540648658C
5941,1556,260718224653,xxxxxxxxxxxxxxxxxxxxxxxxxxxxxxxx26071822465301013E01071A14064E61A7
5942,1589,260718224838,xxxxxxxxxxxxxxxxxxxxxxxxxxxxxxxx26071822483801013E01071A3506536381
5943,1617,260718225023,xxxxxxxxxxxxxxxxxxxxxxxxxxxxxxxx26071822502301013E01071A51061665A6
5944,1643,260718225208,xxxxxxxxxxxxxxxxxxxxxxxxxxxxxxxx26071822520801013E01071A6B06B36606
5945,1631,260718225353,xxxxxxxxxxxxxxxxxxxxxxxxxxxxxxxx26071822535301013E0107195F06FA65C5
5946,1657,260718225538,xxxxxxxxxxxxxxxxxxxxxxxxxxxxxxxx26071822553801013E01071979069067BD
5947,1571,260718225723,xxxxxxxxxxxxxxxxxxxxxxxxxxxxxxxx26071822572301013E01071823063E62BE
5948,1583,260718225908,xxxxxxxxxxxxxxxxxxxxxxxxxxxxxxxx26071822590801013E0107192F06FC6244
5949,1610,260718230053,xxxxxxxxxxxxxxxxxxxxxxxxxxxxxxxx26071823005301013E0107194A06A46489
5950,1611,260718230238,xxxxxxxxxxxxxxxxxxxxxxxxxxxxxxxx26071823023801013E01071A4B06BE6443
5951,1621,260718230423,xxxxxxxxxxxxxxxxxxxxxxxxxxxxxxxx26071823042301013E01071A55065D6510
5952,1574,260718230608,xxxxxxxxxxxxxxxxxxxxxxxxxxxxxxxx26071823060801013E01071926066262C8
5953,1582,260718230753,xxxxxxxxxxxxxxxxxxxxxxxxxxxxxxxx26071823075301013E0107192E06EE62B6
5954,1581,260718230938,xxxxxxxxxxxxxxxxxxxxxxxxxxxxxxxx26071823093801013E01071A2D06D6622B
5955,1635,260718231123,xxxxxxxxxxxxxxxxxxxxxxxxxxxxxxxx26071823112301013E01071A6306386616
5956,1640,260718231308,xxxxxxxxxxxxxxxxxxxxxxxxxxxxxxxx26071823130801013E01071A68068E662A
5957,1577,260718231453,xxxxxxxxxxxxxxxxxxxxxxxxxxxxxxxx26071823145301013E01071A29069B6237
5958,1552,260718231638,xxxxxxxxxxxxxxxxxxxxxxxxxxxxxxxx26071823163801013E01071A1006066144
5959,1603,260718231823,xxxxxxxxxxxxxxxxxxxxxxxxxxxxxxxx26071823182301013E01071B430635649E
5960,1612,260718232008,xxxxxxxxxxxxxxxxxxxxxxxxxxxxxxxx26071823200801013E01071B4C06C264F3
5961,1548,260718232153,xxxxxxxxxxxxxxxxxxxxxxxxxxxxxxxx26071823215301013E01071B0C06C5601C
5962,1580,260718232338,xxxxxxxxxxxxxxxxxxxxxxxxxxxxxxxx26071823233801013E01071C2C06CB625D
5963,1604,260718232523,xxxxxxxxxxxxxxxxxxxxxxxxxxxxxxxx26071823252301013E01071C44064B6423
5964,1598,260718232708,xxxxxxxxxxxxxxxxxxxxxxxxxxxxxxxx26071823270801013E01071D3E06EB6330
5965,1608,260718232853,xxxxxxxxxxxxxxxxxxxxxxxxxxxxxxxx26071823285301013E01071D4806876405
5966,1583,260718233038,xxxxxxxxxxxxxxxxxxxxxxxxxxxxxxxx26071823303801013E01071D2F06FD629F
5967,1592,260718233223,xxxxxxxxxxxxxxxxxxxxxxxxxxxxxxxx26071823322301013E01071E38068D6387
5968,1638,260718233408,xxxxxxxxxxxxxxxxxxxxxxxxxxxxxxxx26071823340801013E01071D66066766A9
5969,1571,260718233553,xxxxxxxxxxxxxxxxxxxxxxxxxxxxxxxx26071823355301013E01071D230636621A
5970,1593,260718233738,xxxxxxxxxxxxxxxxxxxxxxxxxxxxxxxx26071823373801013E01071D3906966389
5971,1597,260718233923,xxxxxxxxxxxxxxxxxxxxxxxxxxxxxxxx26071823392301013E01071E3D06DF63E0
5972,1608,260718234108,xxxxxxxxxxxxxxxxxxxxxxxxxxxxxxxx26071823410801013E01071E4806806425
5973,1572,260718234254,xxxxxxxxxxxxxxxxxxxxxxxxxxxxxxxx26071823425401013E01071E2406456231
5974,1630,260718234439,xxxxxxxxxxxxxxxxxxxxxxxxxxxxxxxx26071823443901013E01071F5E06E36588
5975,1574,260718234624,xxxxxxxxxxxxxxxxxxxxxxxxxxxxxxxx26071823462401013E01071E26066162CC
5976,1608,260718234809,xxxxxxxxxxxxxxxxxxxxxxxxxxxxxxxx26071823480901013E01071E48068F643D
5977,1652,260718234954,xxxxxxxxxxxxxxxxxxxxxxxxxxxxxxxx26071823495401013E01071E74064B670A
5978,1549,260718235139,xxxxxxxxxxxxxxxxxxxxxxxxxxxxxxxx26071823513901013E01071E0D06D960E0
5979,1653,260718235324,xxxxxxxxxxxxxxxxxxxxxxxxxxxxxxxx26071823532401013E01071E75065A67AD
5980,1623,260718235509,xxxxxxxxxxxxxxxxxxxxxxxxxxxxxxxx26071823550901013E01071E570674657B
5981,1658,260718235654,xxxxxxxxxxxxxxxxxxxxxxxxxxxxxxxx26071823565401013E01071E7A06A967FB
5982,1635,260718235839,xxxxxxxxxxxxxxxxxxxxxxxxxxxxxxxx26071823583901013E01071E63063D66F6
5983,1609,260719000024,xxxxxxxxxxxxxxxxxxxxxxxxxxxxxxxx26071900002401013E01071E4906936413
5984,1629,260719000209,xxxxxxxxxxxxxxxxxxxxxxxxxxxxxxxx26071900020901013E01071E5D06D26524
5985,1658,260719000354,xxxxxxxxxxxxxxxxxxxxxxxxxxxxxxxx26071900035401013E01071E7A06A46772
5986,1569,260719000539,xxxxxxxxxxxxxxxxxxxxxxxxxxxxxxxx26071900053901013E01071F21061E6229
5987,1613,260719000724,xxxxxxxxxxxxxxxxxxxxxxxxxxxxxxxx26071900072401013E01071F4D06D86468
5988,1594,260719000909,xxxxxxxxxxxxxxxxxxxxxxxxxxxxxxxx26071900090901013E0107203A06AF63F6
5989,1562,260719001054,xxxxxxxxxxxxxxxxxxxxxxxxxxxxxxxx26071900105401013E0107201A06A06122
5990,1621,260719001239,xxxxxxxxxxxxxxxxxxxxxxxxxxxxxxxx26071900123901013E01072055065065A0
5991,1691,260719001424,xxxxxxxxxxxxxxxxxxxxxxxxxxxxxxxx26071900142401013E01071F9B06BD6938
5992,1656,260719001609,xxxxxxxxxxxxxxxxxxxxxxxxxxxxxxxx26071900160901013E01072078068367FC
5993,1635,260719001754,xxxxxxxxxxxxxxxxxxxxxxxxxxxxxxxx26071900175401013E01072263063466E1
5994,1584,260719001939,xxxxxxxxxxxxxxxxxxxxxxxxxxxxxxxx26071900193901013E010722300601635C
5995,1651,260719002124,xxxxxxxxxxxxxxxxxxxxxxxxxxxxxxxx26071900212401013E010721730635670D
5996,1652,260719002309,xxxxxxxxxxxxxxxxxxxxxxxxxxxxxxxx26071900230901013E01072074064C6742
5997,1621,260719002454,xxxxxxxxxxxxxxxxxxxxxxxxxxxxxxxx26071900245401013E01072055065B6583
5998,1591,260719002639,xxxxxxxxxxxxxxxxxxxxxxxxxxxxxxxx26071900263901013E01071F37067D6349
5999,1579,260719002824,xxxxxxxxxxxxxxxxxxxxxxxxxxxxxxxx26071900282401013E01071F2B06BC624D
6000,1617,260719003009,xxxxxxxxxxxxxxxxxxxxxxxxxxxxxxxx26071900300901013E01072051061B6516
6001,1619,260719003154,xxxxxxxxxxxxxxxxxxxxxxxxxxxxxxxx26071900315401013E010720530635650C
6002,1532,260719003339,xxxxxxxxxxxxxxxxxxxxxxxxxxxxxxxx26071900333901013E010721FC05C35FE5
6003,1581,260719003524,xxxxxxxxxxxxxxxxxxxxxxxxxxxxxxxx26071900352401013E0107212D06D162B1
6004,1578,260719003709,xxxxxxxxxxxxxxxxxxxxxxxxxxxxxxxx26071900370901013E0107212A06AA62A2
6005,1617,260719003854,xxxxxxxxxxxxxxxxxxxxxxxxxxxxxxxx26071900385401013E01072151061F65E0
6006,1605,260719004039,xxxxxxxxxxxxxxxxxxxxxxxxxxxxxxxx26071900403901013E0107224506586433
6007,1598,260719004224,xxxxxxxxxxxxxxxxxxxxxxxxxxxxxxxx26071900422401013E0107233E06EC6378
6008,1579,260719004409,xxxxxxxxxxxxxxxxxxxxxxxxxxxxxxxx26071900440901013E0107242B06B86282
6009,1578,260719004554,xxxxxxxxxxxxxxxxxxxxxxxxxxxxxxxx26071900455401013E0107242A06A56268
6010,1588,260719004739,xxxxxxxxxxxxxxxxxxxxxxxxxxxxxxxx26071900473901013E01072534064663F6
6011,1529,260719004924,xxxxxxxxxxxxxxxxxxxxxxxxxxxxxxxx26071900492401013E010726F9059E5FCB
6012,1546,260719005109,xxxxxxxxxxxxxxxxxxxxxxxxxxxxxxxx26071900510901013E0107260A06A860AE
6013,1571,260719005254,xxxxxxxxxxxxxxxxxxxxxxxxxxxxxxxx26071900525401013E010727230639623B
6014,1554,260719005439,xxxxxxxxxxxxxxxxxxxxxxxxxxxxxxxx26071900543901013E0107271206236115
6015,1563,260719005624,xxxxxxxxxxxxxxxxxxxxxxxxxxxxxxxx26071900562401013E0107271B06B7617E
6016,1505,260719005809,xxxxxxxxxxxxxxxxxxxxxxxxxxxxxxxx26071900580901013E010727E1051D5E06
6017,1484,260719005954,xxxxxxxxxxxxxxxxxxxxxxxxxxxxxxxx26071900595401013E010727CC05C15C42
6018,1486,260719010139,xxxxxxxxxxxxxxxxxxxxxxxxxxxxxxxx26071901013901013E010727CE05EF5C58
6019,1517,260719010324,xxxxxxxxxxxxxxxxxxxxxxxxxxxxxxxx26071901032401013E010727ED05DD5EA0
6020,1525,260719010509,xxxxxxxxxxxxxxxxxxxxxxxxxxxxxxxx26071901050901013E010727F5055E5FA0
6021,1522,260719010654,xxxxxxxxxxxxxxxxxxxxxxxxxxxxxxxx26071901065401013E010727F205275F22
6022,1492,260719010839,xxxxxxxxxxxxxxxxxxxxxxxxxxxxxxxx26071901083901013E010727D4054E5D0F
6023,1460,260719011024,xxxxxxxxxxxxxxxxxxxxxxxxxxxxxxxx26071901102401013E010727B405425B0F
6024,1520,260719011209,xxxxxxxxxxxxxxxxxxxxxxxxxxxxxxxx26071901120901013E010726F005005F47
6025,1467,260719011354,xxxxxxxxxxxxxxxxxxxxxxxxxxxxxxxx26071901135401013E010725BB05BE5BC2
6026,1419,260719011539,xxxxxxxxxxxxxxxxxxxxxxxxxxxxxxxx26071901153901013E0107248B05B658D3
6027,1415,260719011724,xxxxxxxxxxxxxxxxxxxxxxxxxxxxxxxx26071901172401013E010724870572584E
6028,1385,260719011909,xxxxxxxxxxxxxxxxxxxxxxxxxxxxxxxx26071901190901013E0107236905925629
6029,1407,260719012054,xxxxxxxxxxxxxxxxxxxxxxxxxxxxxxxx26071901205401013E0107217F05FE57D2
6030,1430,260719012239,xxxxxxxxxxxxxxxxxxxxxxxxxxxxxxxx26071901223901013E0107209605695977
6031,1436,260719012424,xxxxxxxxxxxxxxxxxxxxxxxxxxxxxxxx26071901242401013E01071F9C05C3598E
6032,1422,260719012609,xxxxxxxxxxxxxxxxxxxxxxxxxxxxxxxx26071901260901013E01071E8E05EF58AE
6033,1387,260719012754,xxxxxxxxxxxxxxxxxxxxxxxxxxxxxxxx26071901275401013E01071D6B05BC5615
6034,1396,260719012939,xxxxxxxxxxxxxxxxxxxxxxxxxxxxxxxx26071901293901013E01071C74054D5779
6035,1384,260719013124,xxxxxxxxxxxxxxxxxxxxxxxxxxxxxxxx26071901312401013E01071B68058E56BD
6036,1408,260719013309,xxxxxxxxxxxxxxxxxxxxxxxxxxxxxxxx26071901330901013E01071B800507586A
6037,1409,260719013454,xxxxxxxxxxxxxxxxxxxxxxxxxxxxxxxx26071901345401013E01071B81051A5880
6038,1409,260719013639,xxxxxxxxxxxxxxxxxxxxxxxxxxxxxxxx26071901363901013E01071B81051658CD
6039,1370,260719013824,xxxxxxxxxxxxxxxxxxxxxxxxxxxxxxxx26071901382401013E01071B5A05AC5540
6040,1407,260719014009,xxxxxxxxxxxxxxxxxxxxxxxxxxxxxxxx26071901400901013E01071B7F05F157F3
6041,1402,260719014154,xxxxxxxxxxxxxxxxxxxxxxxxxxxxxxxx26071901415401013E01071C7A05A357C5
6042,1400,260719014339,xxxxxxxxxxxxxxxxxxxxxxxxxxxxxxxx26071901433901013E01071C7805835703
6043,1376,260719014524,xxxxxxxxxxxxxxxxxxxxxxxxxxxxxxxx26071901452401013E01071C60050956B1
6044,1403,260719014709,xxxxxxxxxxxxxxxxxxxxxxxxxxxxxxxx26071901470901013E01071C7B05BA5714
6045,1418,260719014854,xxxxxxxxxxxxxxxxxxxxxxxxxxxxxxxx26071901485401013E01071C8A05AA5847
6046,1374,260719015039,xxxxxxxxxxxxxxxxxxxxxxxxxxxxxxxx26071901503901013E01071C5E05EA552E
6047,1406,260719015224,xxxxxxxxxxxxxxxxxxxxxxxxxxxxxxxx26071901522401013E01071D7E05E3579D
6048,1400,260719015409,xxxxxxxxxxxxxxxxxxxxxxxxxxxxxxxx26071901540901013E01071D78058C57D6
6049,1399,260719015554,xxxxxxxxxxxxxxxxxxxxxxxxxxxxxxxx26071901555401013E01071D77057C57D5
6050,1457,260719015739,xxxxxxxxxxxxxxxxxxxxxxxxxxxxxxxx26071901573901013E01071DB105155BAE
6051,1460,260719015924,xxxxxxxxxxxxxxxxxxxxxxxxxxxxxxxx26071901592401013E01071EB405475B87
6052,1463,260719020109,xxxxxxxxxxxxxxxxxxxxxxxxxxxxxxxx26071902010901013E01071EB705705B4C
6053,1477,260719020254,xxxxxxxxxxxxxxxxxxxxxxxxxxxxxxxx26071902025401013E01071EC505525C30
6054,1449,260719020439,xxxxxxxxxxxxxxxxxxxxxxxxxxxxxxxx26071902043901013E01071EA905935A1F
6055,1446,260719020624,xxxxxxxxxxxxxxxxxxxxxxxxxxxxxxxx26071902062401013E01071FA605615A40
6056,1392,260719020809,xxxxxxxxxxxxxxxxxxxxxxxxxxxxxxxx26071902080901013E01071F7005065781
6057,1398,260719020954,xxxxxxxxxxxxxxxxxxxxxxxxxxxxxxxx26071902095401013E01071E76056C57F8
6058,1445,260719021139,xxxxxxxxxxxxxxxxxxxxxxxxxxxxxxxx26071902113901013E01071EA505515A28
6059,1465,260719021324,xxxxxxxxxxxxxxxxxxxxxxxxxxxxxxxx26071902132401013E01071EB905995B9E
6060,1474,260719021509,xxxxxxxxxxxxxxxxxxxxxxxxxxxxxxxx26071902150901013E01071EC2052A5C76
6061,1448,260719021654,xxxxxxxxxxxxxxxxxxxxxxxxxxxxxxxx26071902165401013E01071EA805815AED
6062,1503,260719021839,xxxxxxxxxxxxxxxxxxxxxxxxxxxxxxxx26071902183901013E01071DDF05F15DB8
6063,1509,260719022024,xxxxxxxxxxxxxxxxxxxxxxxxxxxxxxxx26071902202401013E01071DE505565E89
6064,1377,260719022209,xxxxxxxxxxxxxxxxxxxxxxxxxxxxxxxx26071902220901013E01071D61051856DB
6065,1376,260719022354,xxxxxxxxxxxxxxxxxxxxxxxxxxxxxxxx26071902235401013E01071D6005055631
6066,1352,260719022539,xxxxxxxxxxxxxxxxxxxxxxxxxxxxxxxx26071902253901013E01071D48058254A0
6067,1383,260719022724,xxxxxxxxxxxxxxxxxxxxxxxxxxxxxxxx26071902272401013E01071D6705765654
6068,1384,260719022909,xxxxxxxxxxxxxxxxxxxxxxxxxxxxxxxx26071902290901013E01071D68058E5621
6069,1393,260719023055,xxxxxxxxxxxxxxxxxxxxxxxxxxxxxxxx26071902305501013E01071D71051457F0
6070,1354,260719023240,xxxxxxxxxxxxxxxxxxxxxxxxxxxxxxxx26071902324001013E01071D4A05AC54BA
6071,1388,260719023425,xxxxxxxxxxxxxxxxxxxxxxxxxxxxxxxx26071902342501013E01071D6C05C256F9
6072,1385,260719023610,xxxxxxxxxxxxxxxxxxxxxxxxxxxxxxxx26071902361001013E01071E69059C569D
6073,1381,260719023755,xxxxxxxxxxxxxxxxxxxxxxxxxxxxxxxx26071902375501013E01071E65055256E7
6074,1406,260719023940,xxxxxxxxxxxxxxxxxxxxxxxxxxxxxxxx26071902394001013E01071E7E05ED570F
6075,1365,260719024125,xxxxxxxxxxxxxxxxxxxxxxxxxxxxxxxx26071902412501013E01071E55055C5591
6076,1382,260719024310,xxxxxxxxxxxxxxxxxxxxxxxxxxxxxxxx26071902431001013E01071E6605615617
6077,1405,260719024455,xxxxxxxxxxxxxxxxxxxxxxxxxxxxxxxx26071902445501013E01071F7D05DB57CD
6078,1459,260719024640,xxxxxxxxxxxxxxxxxxxxxxxxxxxxxxxx26071902464001013E01071EB3053C5B94
6079,1433,260719024825,xxxxxxxxxxxxxxxxxxxxxxxxxxxxxxxx26071902482501013E01071E99059D5969
6080,1447,260719025010,xxxxxxxxxxxxxxxxxxxxxxxxxxxxxxxx26071902501001013E01071EA705745A11
6081,1408,260719025155,xxxxxxxxxxxxxxxxxxxxxxxxxxxxxxxx26071902515501013E01071D8005065832
6082,1439,260719025340,xxxxxxxxxxxxxxxxxxxxxxxxxxxxxxxx26071902534001013E01071C9F05FE59EC
6083,1406,260719025525,xxxxxxxxxxxxxxxxxxxxxxxxxxxxxxxx26071902552501013E01071C7E05E35750
6084,1411,260719025710,xxxxxxxxxxxxxxxxxxxxxxxxxxxxxxxx26071902571001013E01071C83053E582C
6085,1430,260719025855,xxxxxxxxxxxxxxxxxxxxxxxxxxxxxxxx26071902585501013E01071C96056B5943
6086,1383,260719030040,xxxxxxxxxxxxxxxxxxxxxxxxxxxxxxxx26071903004001013E01071C67057D56BA
6087,1383,260719030225,xxxxxxxxxxxxxxxxxxxxxxxxxxxxxxxx26071903022501013E01071C67057B5610
6088,1436,260719030410,xxxxxxxxxxxxxxxxxxxxxxxxxxxxxxxx26071903041001013E01071D9C05C8592E
6089,1458,260719030555,xxxxxxxxxxxxxxxxxxxxxxxxxxxxxxxx26071903055501013E01071DB205255B0B
6090,1445,260719030740,xxxxxxxxxxxxxxxxxxxxxxxxxxxxxxxx26071903074001013E01071DA505595A10
6091,1421,260719030925,xxxxxxxxxxxxxxxxxxxxxxxxxxxxxxxx26071903092501013E01071D8D05DC5810
6092,1373,260719031110,xxxxxxxxxxxxxxxxxxxxxxxxxxxxxxxx26071903111001013E01071D5D05D4559A
6093,1349,260719031255,xxxxxxxxxxxxxxxxxxxxxxxxxxxxxxxx26071903125501013E01071D450556545E
6094,1393,260719031440,xxxxxxxxxxxxxxxxxxxxxxxxxxxxxxxx26071903144001013E01071E71051A5762
6095,1295,260719031625,xxxxxxxxxxxxxxxxxxxxxxxxxxxxxxxx26071903162501013E01071E0F05F750A0
6096,1370,260719031810,xxxxxxxxxxxxxxxxxxxxxxxxxxxxxxxx26071903181001013E01071D5A05A755FF
6097,1292,260719031955,xxxxxxxxxxxxxxxxxxxxxxxxxxxxxxxx26071903195501013E01071D0C05C95097
6098,1408,260719032140,xxxxxxxxxxxxxxxxxxxxxxxxxxxxxxxx26071903214001013E01071C8005015891
6099,1390,260719032325,xxxxxxxxxxxxxxxxxxxxxxxxxxxxxxxx26071903232501013E01071C6E05E85615
6100,1379,260719032510,xxxxxxxxxxxxxxxxxxxxxxxxxxxxxxxx26071903251001013E01071D6305355694
6101,1356,260719032655,xxxxxxxxxxxxxxxxxxxxxxxxxxxxxxxx26071903265501013E01071D4C05C754CA
6102,1290,260719032840,xxxxxxxxxxxxxxxxxxxxxxxxxxxxxxxx26071903284001013E01071D0A05A75018
6103,1291,260719033025,xxxxxxxxxxxxxxxxxxxxxxxxxxxxxxxx26071903302501013E01071E0B05B250CA
6104,1258,260719033210,xxxxxxxxxxxxxxxxxxxxxxxxxxxxxxxx26071903321001013E01071EEA04A64EF2
6105,1258,260719033210,xxxxxxxxxxxxxxxxxxxxxxxxxxxxxxxx26071903321001013E01071EEA04A64EF2
6106,1258,260719033210,xxxxxxxxxxxxxxxxxxxxxxxxxxxxxxxx26071903321001013E01071EEA04A64EF2
6107,1308,260719033355,xxxxxxxxxxxxxxxxxxxxxxxxxxxxxxxx26071903335501013E01071E1C05C551F2
6108,1327,260719033540,xxxxxxxxxxxxxxxxxxxxxxxxxxxxxxxx26071903354001013E01071E2F05F652A8
6109,1358,260719033725,xxxxxxxxxxxxxxxxxxxxxxxxxxxxxxxx26071903372501013E01071E4E05EC5461
6110,1363,260719033910,xxxxxxxxxxxxxxxxxxxxxxxxxxxxxxxx26071903391001013E01071F5305315586
6111,1364,260719034055,xxxxxxxxxxxxxxxxxxxxxxxxxxxxxxxx26071903405501013E01071F54054B5551
6112,1348,260719034240,xxxxxxxxxxxxxxxxxxxxxxxxxxxxxxxx26071903424001013E01071F4405435441
6113,1291,260719034425,xxxxxxxxxxxxxxxxxxxxxxxxxxxxxxxx26071903442501013E01071F0B05B95024
6114,1332,260719034610,xxxxxxxxxxxxxxxxxxxxxxxxxxxxxxxx26071903461001013E01071F3405485349
6115,1285,260719034755,xxxxxxxxxxxxxxxxxxxxxxxxxxxxxxxx26071903475501013E01071F05055A5011
6116,1362,260719034940,xxxxxxxxxxxxxxxxxxxxxxxxxxxxxxxx26071903494001013E01071F52052D55A8
6117,1331,260719035125,xxxxxxxxxxxxxxxxxxxxxxxxxxxxxxxx26071903512501013E01071E33053753AC
6118,1321,260719035310,xxxxxxxxxxxxxxxxxxxxxxxxxxxxxxxx26071903531001013E01071E29059552AE
6119,1321,260719035455,xxxxxxxxxxxxxxxxxxxxxxxxxxxxxxxx26071903545501013E01071E29059D52D8
6120,1327,260719035640,xxxxxxxxxxxxxxxxxxxxxxxxxxxxxxxx26071903564001013E01071E2F05F85274
6121,1327,260719035640,xxxxxxxxxxxxxxxxxxxxxxxxxxxxxxxx26071903564001013E01071E2F05F85274
6122,1327,260719035640,xxxxxxxxxxxxxxxxxxxxxxxxxxxxxxxx26071903564001013E01071E2F05F85274
6123,1312,260719035825,xxxxxxxxxxxxxxxxxxxxxxxxxxxxxxxx26071903582501013E01071D20050E5293
6124,1319,260719040010,xxxxxxxxxxxxxxxxxxxxxxxxxxxxxxxx26071904001001013E01071D27057E52A3
6125,1322,260719040155,xxxxxxxxxxxxxxxxxxxxxxxxxxxxxxxx26071904015501013E01071D2A05A1527E
6126,1290,260719040340,xxxxxxxxxxxxxxxxxxxxxxxxxxxxxxxx26071904034001013E01071D0A05A950C4
6127,1293,260719040525,xxxxxxxxxxxxxxxxxxxxxxxxxxxxxxxx26071904052501013E01071C0D05DA506C
6128,1297,260719040710,xxxxxxxxxxxxxxxxxxxxxxxxxxxxxxxx26071904071001013E01071C110510514B
6129,1321,260719040855,xxxxxxxxxxxxxxxxxxxxxxxxxxxxxxxx26071904085501013E01071C2905925243
6130,1305,260719041040,xxxxxxxxxxxxxxxxxxxxxxxxxxxxxxxx26071904104001013E01071C19059651D2
6131,1244,260719041225,xxxxxxxxxxxxxxxxxxxxxxxxxxxxxxxx26071904122501013E01071DDC04CD4D66
6132,1300,260719041410,xxxxxxxxxxxxxxxxxxxxxxxxxxxxxxxx26071904141001013E01071D14054951C2
6133,1301,260719041555,xxxxxxxxxxxxxxxxxxxxxxxxxxxxxxxx26071904155501013E01071E1505515199
6134,1299,260719041740,xxxxxxxxxxxxxxxxxxxxxxxxxxxxxxxx26071904174001013E01071E13053551F1
6135,1310,260719041925,xxxxxxxxxxxxxxxxxxxxxxxxxxxxxxxx26071904192501013E01071E1E05EC5186
6136,1275,260719042110,xxxxxxxxxxxxxxxxxxxxxxxxxxxxxxxx26071904211001013E01071EFB04B34F08
6137,1277,260719042255,xxxxxxxxxxxxxxxxxxxxxxxxxxxxxxxx26071904225501013E01071EFD04D14FCA
6138,1267,260719042440,xxxxxxxxxxxxxxxxxxxxxxxxxxxxxxxx26071904244001013E01071EF304304F6E
6139,1264,260719042625,xxxxxxxxxxxxxxxxxxxxxxxxxxxxxxxx26071904262501013E01071EF0040E4F17
6140,1235,260719042810,xxxxxxxxxxxxxxxxxxxxxxxxxxxxxxxx26071904281001013E01071ED304364D08
6141,1206,260719042955,xxxxxxxxxxxxxxxxxxxxxxxxxxxxxxxx26071904295501013E01071EB604604B19
6142,1239,260719043140,xxxxxxxxxxxxxxxxxxxxxxxxxxxxxxxx26071904314001013E01071ED7047C4D7A
6143,1196,260719043325,xxxxxxxxxxxxxxxxxxxxxxxxxxxxxxxx26071904332501013E01071EAC04CD4A03
6144,1252,260719043510,xxxxxxxxxxxxxxxxxxxxxxxxxxxxxxxx26071904351001013E01071EE404414EFC
6145,1219,260719043655,xxxxxxxxxxxxxxxxxxxxxxxxxxxxxxxx26071904365501013E01071EC3043B4CE7
6146,1248,260719043840,xxxxxxxxxxxxxxxxxxxxxxxxxxxxxxxx26071904384001013E01071EE0040C4EE0
6147,1249,260719044025,xxxxxxxxxxxxxxxxxxxxxxxxxxxxxxxx26071904402501013E01071EE104104ECE
6148,1199,260719044210,xxxxxxxxxxxxxxxxxxxxxxxxxxxxxxxx26071904421001013E01071EAF04FB4A0C
6149,1169,260719044355,xxxxxxxxxxxxxxxxxxxxxxxxxxxxxxxx26071904435501013E01071E910415491A
6150,1212,260719044540,xxxxxxxxxxxxxxxxxxxxxxxxxxxxxxxx26071904454001013E01071FBC04CC4B6C
6151,1226,260719044725,xxxxxxxxxxxxxxxxxxxxxxxxxxxxxxxx26071904472501013E01071FCA04A34C0C
6152,1260,260719044910,xxxxxxxxxxxxxxxxxxxxxxxxxxxxxxxx26071904491001013E01071FEC04CF4EDE
6153,1213,260719045055,xxxxxxxxxxxxxxxxxxxxxxxxxxxxxxxx26071904505501013E01071EBD04D54B70
6154,1227,260719045240,xxxxxxxxxxxxxxxxxxxxxxxxxxxxxxxx26071904524001013E01071ECB04B74C99
6155,1186,260719045425,xxxxxxxxxxxxxxxxxxxxxxxxxxxxxxxx26071904542501013E01071EA204274A84
6156,1193,260719045610,xxxxxxxxxxxxxxxxxxxxxxxxxxxxxxxx26071904561001013E01071EA904994ACE
6157,1207,260719045755,xxxxxxxxxxxxxxxxxxxxxxxxxxxxxxxx26071904575501013E01071EB704714BBE
6158,1173,260719045940,xxxxxxxxxxxxxxxxxxxxxxxxxxxxxxxx26071904594001013E01071E95045E49AC
6159,1196,260719050125,xxxxxxxxxxxxxxxxxxxxxxxxxxxxxxxx26071905012501013E01071EAC04CA4A6D
6160,1173,260719050310,xxxxxxxxxxxxxxxxxxxxxxxxxxxxxxxx26071905031001013E01071E95045149B4
6161,1193,260719050455,xxxxxxxxxxxxxxxxxxxxxxxxxxxxxxxx26071905045501013E01071EA9049A4A9B
6162,1195,260719050640,xxxxxxxxxxxxxxxxxxxxxxxxxxxxxxxx26071905064001013E01071EAB04BF4AA2
6163,1136,260719050825,xxxxxxxxxxxxxxxxxxxxxxxxxxxxxxxx26071905082501013E01071E70040847A6
6164,1191,260719051010,xxxxxxxxxxxxxxxxxxxxxxxxxxxxxxxx26071905101001013E01071EA7047D4A95
6165,1171,260719051155,xxxxxxxxxxxxxxxxxxxxxxxxxxxxxxxx26071905115501013E01071E9304304923
6166,1126,260719051340,xxxxxxxxxxxxxxxxxxxxxxxxxxxxxxxx26071905134001013E01071E660467468B
6167,1121,260719051525,xxxxxxxxxxxxxxxxxxxxxxxxxxxxxxxx26071905152501013E01071E61041446EE
6168,1149,260719051710,xxxxxxxxxxxxxxxxxxxxxxxxxxxxxxxx26071905171001013E01071E7D04D34740
6169,1136,260719051856,xxxxxxxxxxxxxxxxxxxxxxxxxxxxxxxx26071905185601013E01071E70040447EB
6170,1160,260719052041,xxxxxxxxxxxxxxxxxxxxxxxxxxxxxxxx26071905204101013E01071E88048A4834
6171,1164,260719052226,xxxxxxxxxxxxxxxxxxxxxxxxxxxxxxxx26071905222600013E01071E8C04C948F4
6172,1164,260719052411,xxxxxxxxxxxxxxxxxxxxxxxxxxxxxxxx26071905241100013E01071F8C04C848FD
6173,1164,260719052556,xxxxxxxxxxxxxxxxxxxxxxxxxxxxxxxx26071905255600013E01071F8C04CB48A8
6174,1164,260719052741,xxxxxxxxxxxxxxxxxxxxxxxxxxxxxxxx26071905274100013E01071F8C04CD4802
6175,1165,260719052926,xxxxxxxxxxxxxxxxxxxxxxxxxxxxxxxx26071905292600013E01071F8D04D1482C
6176,1165,260719053111,xxxxxxxxxxxxxxxxxxxxxxxxxxxxxxxx26071905311100013E01071F8D04D24879
6177,1165,260719053256,xxxxxxxxxxxxxxxxxxxxxxxxxxxxxxxx26071905325600013E01071F8D04D54817
6178,1165,260719053441,xxxxxxxxxxxxxxxxxxxxxxxxxxxxxxxx26071905344100013E01071F8D04D74886
6179,1165,260719053626,xxxxxxxxxxxxxxxxxxxxxxxxxxxxxxxx26071905362600013E01071F8D04D9485A
6180,1165,260719053811,xxxxxxxxxxxxxxxxxxxxxxxxxxxxxxxx26071905381100013E01071F8D04DB48CB
6181,1165,260719053956,xxxxxxxxxxxxxxxxxxxxxxxxxxxxxxxx26071905395600013E01071F8D04DD4861
6182,1165,260719054141,xxxxxxxxxxxxxxxxxxxxxxxxxxxxxxxx26071905414100013E01071F8D04DE4834
6183,1166,260719054326,xxxxxxxxxxxxxxxxxxxxxxxxxxxxxxxx26071905432600013E01071F8E04E0484D
6184,1166,260719054511,xxxxxxxxxxxxxxxxxxxxxxxxxxxxxxxx26071905451101013E01071F8E04E14889
6185,1172,260719054656,xxxxxxxxxxxxxxxxxxxxxxxxxxxxxxxx26071905465601013E01071F94044F49C6
6186,1148,260719054841,xxxxxxxxxxxxxxxxxxxxxxxxxxxxxxxx26071905484101013E01071F7C04C94709
6187,1138,260719055026,xxxxxxxxxxxxxxxxxxxxxxxxxxxxxxxx26071905502601013E01071E7204274778
6188,1129,260719055211,xxxxxxxxxxxxxxxxxxxxxxxxxxxxxxxx26071905521101013E01071E6904984690
6189,1127,260719055356,xxxxxxxxxxxxxxxxxxxxxxxxxxxxxxxx26071905535601013E01071E670476462C
6190,1126,260719055541,xxxxxxxxxxxxxxxxxxxxxxxxxxxxxxxx26071905554101013E01071E66046B46C6
6191,1095,260719055726,xxxxxxxxxxxxxxxxxxxxxxxxxxxxxxxx26071905572601013E01071E47047E4496
6192,1099,260719055911,xxxxxxxxxxxxxxxxxxxxxxxxxxxxxxxx26071905591101013E01071E4B04B9445E
6193,1124,260719060056,xxxxxxxxxxxxxxxxxxxxxxxxxxxxxxxx26071906005601013E01071F64044A4609
6194,1104,260719060241,xxxxxxxxxxxxxxxxxxxxxxxxxxxxxxxx26071906024101013E01071F50040445EA
6195,1090,260719060426,xxxxxxxxxxxxxxxxxxxxxxxxxxxxxxxx26071906042601013E01071F42042E44AD
6196,1101,260719060611,xxxxxxxxxxxxxxxxxxxxxxxxxxxxxxxx26071906061101013E01071F4D04DF446A
6197,1083,260719060756,xxxxxxxxxxxxxxxxxxxxxxxxxxxxxxxx26071906075601013E01071F3B04BA43ED
6198,1049,260719060941,xxxxxxxxxxxxxxxxxxxxxxxxxxxxxxxx26071906094101013E01071F19049D4189
6199,1041,260719061126,xxxxxxxxxxxxxxxxxxxxxxxxxxxxxxxx26071906112601013E01071F11041D41BA
6200,1069,260719061311,xxxxxxxxxxxxxxxxxxxxxxxxxxxxxxxx26071906131101013E01071F2D04D242AE
6201,1071,260719061456,xxxxxxxxxxxxxxxxxxxxxxxxxxxxxxxx26071906145601013E01071E2F04F6429E
6202,1065,260719061641,xxxxxxxxxxxxxxxxxxxxxxxxxxxxxxxx26071906164101013E01071E29049F427F
6203,1055,260719061826,xxxxxxxxxxxxxxxxxxxxxxxxxxxxxxxx26071906182601013E01071E1F04F2410F
6204,1042,260719062011,xxxxxxxxxxxxxxxxxxxxxxxxxxxxxxxx26071906201101013E01071E120420415B
6205,1068,260719062156,xxxxxxxxxxxxxxxxxxxxxxxxxxxxxxxx26071906215601013E01071E2C04CA4276
6206,1042,260719062341,xxxxxxxxxxxxxxxxxxxxxxxxxxxxxxxx26071906234101013E01071E120428412D
6207,1028,260719062526,xxxxxxxxxxxxxxxxxxxxxxxxxxxxxxxx26071906252601013E01071E04044940DC
6208,1000,260719062711,xxxxxxxxxxxxxxxxxxxxxxxxxxxxxxxx26071906271101013E01071EE803863EB6
6209,1034,260719062856,xxxxxxxxxxxxxxxxxxxxxxxxxxxxxxxx26071906285601013E01071E0A04AD4087
6210,1006,260719063041,xxxxxxxxxxxxxxxxxxxxxxxxxxxxxxxx26071906304101013E01071EEE03EC3E02
6211,980,260719063226,xxxxxxxxxxxxxxxxxxxxxxxxxxxxxxxx26071906322601013E01071ED403413DD4
6212,1014,260719063411,xxxxxxxxxxxxxxxxxxxxxxxxxxxxxxxx26071906341101013E01071EF6036F3F02
6213,991,260719063556,xxxxxxxxxxxxxxxxxxxxxxxxxxxxxxxx26071906355601013E01071EDF03FA3D61
6214,1013,260719063741,xxxxxxxxxxxxxxxxxxxxxxxxxxxxxxxx26071906374101013E01071EF503523F2E
6215,959,260719063926,xxxxxxxxxxxxxxxxxxxxxxxxxxxxxxxx26071906392601013E01071EBF03FC3B86
6216,994,260719064111,xxxxxxxxxxxxxxxxxxxxxxxxxxxxxxxx26071906411101013E01071EE203243ED2
6217,987,260719064256,xxxxxxxxxxxxxxxxxxxxxxxxxxxxxxxx26071906425601013E01071FDB03B53D21
6218,987,260719064256,xxxxxxxxxxxxxxxxxxxxxxxxxxxxxxxx26071906425601013E01071FDB03B53D21
6219,1004,260719064441,xxxxxxxxxxxxxxxxxxxxxxxxxxxxxxxx26071906444101013E01071FEC03C83E32
6220,1004,260719064441,xxxxxxxxxxxxxxxxxxxxxxxxxxxxxxxx26071906444101013E01071FEC03C83E32
6221,962,260719064626,xxxxxxxxxxxxxxxxxxxxxxxxxxxxxxxx26071906462601013E01071FC203293C5A
6222,988,260719064811,xxxxxxxxxxxxxxxxxxxxxxxxxxxxxxxx26071906481101013E01071FDC03C43DD5
6223,959,260719064956,xxxxxxxxxxxxxxxxxxxxxxxxxxxxxxxx26071906495601013E01071FBF03F93BB4
6224,957,260719065141,xxxxxxxxxxxxxxxxxxxxxxxxxxxxxxxx26071906514101013E01071FBD03DD3B49
6225,972,260719065326,xxxxxxxxxxxxxxxxxxxxxxxxxxxxxxxx26071906532601013E01071FCC03CC3CC5
6226,968,260719065511,xxxxxxxxxxxxxxxxxxxxxxxxxxxxxxxx26071906551101013E01071EC803803CD0
6227,987,260719065656,xxxxxxxxxxxxxxxxxxxxxxxxxxxxxxxx26071906565601013E01071EDB03B33D46
6228,977,260719065841,xxxxxxxxxxxxxxxxxxxxxxxxxxxxxxxx26071906584101013E01071ED1031D3D6F
6229,980,260719070026,xxxxxxxxxxxxxxxxxxxxxxxxxxxxxxxx26071907002601013E01071ED403453DEF
6230,939,260719070211,xxxxxxxxxxxxxxxxxxxxxxxxxxxxxxxx26071907021101013E01071EAB03BA3ADF
6231,944,260719070356,xxxxxxxxxxxxxxxxxxxxxxxxxxxxxxxx26071907035601013E01071EB003003BC8
6232,949,260719070541,xxxxxxxxxxxxxxxxxxxxxxxxxxxxxxxx26071907054101013E01071EB503593B8C
6233,921,260719070726,xxxxxxxxxxxxxxxxxxxxxxxxxxxxxxxx26071907072601013E01071E99039B3977
6238,921,260719070726,xxxxxxxxxxxxxxxxxxxxxxxxxxxxxxxx26071907072601013E01071E99039B3977
6235,921,260719070726,xxxxxxxxxxxxxxxxxxxxxxxxxxxxxxxx26071907072601013E01071E99039B3977
6236,921,260719070726,xxxxxxxxxxxxxxxxxxxxxxxxxxxxxxxx26071907072601013E01071E99039B3977
6237,921,260719070726,xxxxxxxxxxxxxxxxxxxxxxxxxxxxxxxx26071907072601013E01071E99039B3977
6234,793,260719070911,xxxxxxxxxxxxxxxxxxxxxxxxxxxxxxxx26071907091101013E01071E1903973121
6239,876,260719071056,xxxxxxxxxxxxxxxxxxxxxxxxxxxxxxxx26071907105601013E01071F6C03CC3612
6240,911,260719071241,xxxxxxxxxxxxxxxxxxxxxxxxxxxxxxxx26071907124101013E0107208F03F33812
6241,929,260719071426,xxxxxxxxxxxxxxxxxxxxxxxxxxxxxxxx26071907142601013E01071FA1031E3ADC
6242,928,260719071611,xxxxxxxxxxxxxxxxxxxxxxxxxxxxxxxx26071907161101013E01071EA0030E3A72
6243,904,260719071756,xxxxxxxxxxxxxxxxxxxxxxxxxxxxxxxx26071907175601013E01071E88038538AE
6244,887,260719071941,xxxxxxxxxxxxxxxxxxxxxxxxxxxxxxxx26071907194101013E01071E77037D37EB
6245,908,260719072126,xxxxxxxxxxxxxxxxxxxxxxxxxxxxxxxx26071907212601013E01071E8C03CC3889
6246,858,260719072311,xxxxxxxxxxxxxxxxxxxxxxxxxxxxxxxx26071907231101013E01071E5A03A935D9
6247,854,260719072456,xxxxxxxxxxxxxxxxxxxxxxxxxxxxxxxx26071907245601013E01071E56036435F6
6248,923,260719072641,xxxxxxxxxxxxxxxxxxxxxxxxxxxxxxxx26071907264101013E01071F9B03BA39B8
6249,887,260719072826,xxxxxxxxxxxxxxxxxxxxxxxxxxxxxxxx26071907282601013E01071F77037D3726
6250,870,260719073011,xxxxxxxxxxxxxxxxxxxxxxxxxxxxxxxx26071907301101013E01071F66036036AA
6251,843,260719073156,xxxxxxxxxxxxxxxxxxxxxxxxxxxxxxxx26071907315601013E01071F4B03B43498
6252,869,260719073341,xxxxxxxxxxxxxxxxxxxxxxxxxxxxxxxx26071907334101013E01071F6503543634
6253,870,260719073526,xxxxxxxxxxxxxxxxxxxxxxxxxxxxxxxx26071907352601013E01071F6603693618
6254,847,260719073711,xxxxxxxxxxxxxxxxxxxxxxxxxxxxxxxx26071907371101013E01071F4F03F73458
6255,848,260719073856,xxxxxxxxxxxxxxxxxxxxxxxxxxxxxxxx26071907385601013E01071F5003003553
6256,882,260719074041,xxxxxxxxxxxxxxxxxxxxxxxxxxxxxxxx26071907404101013E01071F7203243762
6257,833,260719074226,xxxxxxxxxxxxxxxxxxxxxxxxxxxxxxxx26071907422601013E01071F4103183420
6258,851,260719074411,xxxxxxxxxxxxxxxxxxxxxxxxxxxxxxxx26071907441101013E01071F53033E352A
6259,856,260719074556,xxxxxxxxxxxxxxxxxxxxxxxxxxxxxxxx26071907455600013E01071F58038D35E9
6260,856,260719074741,xxxxxxxxxxxxxxxxxxxxxxxxxxxxxxxx26071907474100013E01071F58038E35BC
6261,857,260719074926,xxxxxxxxxxxxxxxxxxxxxxxxxxxxxxxx26071907492600013E01071F5903923592
6262,857,260719075111,xxxxxxxxxxxxxxxxxxxxxxxxxxxxxxxx26071907511100013E01071F5903933556
6263,873,260719075256,xxxxxxxxxxxxxxxxxxxxxxxxxxxxxxxx26071907525601013E01071F69039F36B1
6264,866,260719075441,xxxxxxxxxxxxxxxxxxxxxxxxxxxxxxxx26071907544101013E01071F62032B361C
6265,812,260719075626,xxxxxxxxxxxxxxxxxxxxxxxxxxxxxxxx26071907562601013E01071F2C03CC3293
6266,847,260719075811,xxxxxxxxxxxxxxxxxxxxxxxxxxxxxxxx26071907581101013E0107204F03FC3490
6267,857,260719075956,xxxxxxxxxxxxxxxxxxxxxxxxxxxxxxxx26071907595600013E01072059039335BD
6268,857,260719080141,xxxxxxxxxxxxxxxxxxxxxxxxxxxxxxxx26071908014100013E0107215903983553
6269,857,260719080326,xxxxxxxxxxxxxxxxxxxxxxxxxxxxxxxx26071908032600013E01072159039C3568
6270,857,260719080511,xxxxxxxxxxxxxxxxxxxxxxxxxxxxxxxx26071908051100013E01072159039E35F9
6271,857,260719080656,xxxxxxxxxxxxxxxxxxxxxxxxxxxxxxxx26071908065600013E01072059039F35F0
6272,858,260719080842,xxxxxxxxxxxxxxxxxxxxxxxxxxxxxxxx26071908084200013E0107205A03A235DC
6273,858,260719081027,xxxxxxxxxxxxxxxxxxxxxxxxxxxxxxxx26071908102700013E0107205A03A635E7
6274,858,260719081212,xxxxxxxxxxxxxxxxxxxxxxxxxxxxxxxx26071908121200013E0107205A03A8353B
6275,858,260719081357,xxxxxxxxxxxxxxxxxxxxxxxxxxxxxxxx26071908135700013E0107205A03AB356E
6276,858,260719081542,xxxxxxxxxxxxxxxxxxxxxxxxxxxxxxxx26071908154200013E0107205A03AC3500
6277,858,260719081727,xxxxxxxxxxxxxxxxxxxxxxxxxxxxxxxx26071908172700013E0107205A03AE3591
6278,859,260719081912,xxxxxxxxxxxxxxxxxxxxxxxxxxxxxxxx26071908191200013E0107205B03B0352E
6279,859,260719082057,xxxxxxxxxxxxxxxxxxxxxxxxxxxxxxxx26071908205700013E0107205B03B135EA
6280,859,260719082242,xxxxxxxxxxxxxxxxxxxxxxxxxxxxxxxx26071908224200013E01071F5B03B5353A
6281,859,260719082427,xxxxxxxxxxxxxxxxxxxxxxxxxxxxxxxx26071908242700013E01071F5B03B6356F
6282,859,260719082612,xxxxxxxxxxxxxxxxxxxxxxxxxxxxxxxx26071908261200013E01071F5B03B735AB
6283,859,260719082757,xxxxxxxxxxxxxxxxxxxxxxxxxxxxxxxx26071908275700013E01071F5B03B93577
6284,859,260719082942,xxxxxxxxxxxxxxxxxxxxxxxxxxxxxxxx26071908294200013E01071F5B03BA3522
6285,859,260719083127,xxxxxxxxxxxxxxxxxxxxxxxxxxxxxxxx26071908312700013E01071F5B03BB35E6
6286,859,260719083312,xxxxxxxxxxxxxxxxxxxxxxxxxxxxxxxx26071908331200013E01071F5B03BC3588
6287,859,260719083457,xxxxxxxxxxxxxxxxxxxxxxxxxxxxxxxx26071908345700013E01071F5B03BF35DD
6288,860,260719083642,xxxxxxxxxxxxxxxxxxxxxxxxxxxxxxxx26071908364200013E01071F5C03C035F5
6289,860,260719083827,xxxxxxxxxxxxxxxxxxxxxxxxxxxxxxxx26071908382700013E01071F5C03C13531
6290,860,260719084012,xxxxxxxxxxxxxxxxxxxxxxxxxxxxxxxx26071908401200013E01071F5C03C23564
6291,860,260719084157,xxxxxxxxxxxxxxxxxxxxxxxxxxxxxxxx26071908415700013E01071F5C03C335A0
6292,860,260719084342,xxxxxxxxxxxxxxxxxxxxxxxxxxxxxxxx26071908434200013E01071F5C03C435CE
6293,860,260719084527,xxxxxxxxxxxxxxxxxxxxxxxxxxxxxxxx26071908452700013E01071E5C03C535C7
6294,860,260719084712,xxxxxxxxxxxxxxxxxxxxxxxxxxxxxxxx26071908471200013E01071F5C03C6355F
6295,860,260719084857,xxxxxxxxxxxxxxxxxxxxxxxxxxxxxxxx26071908485700013E01071F5C03C7359B
6296,860,260719085042,xxxxxxxxxxxxxxxxxxxxxxxxxxxxxxxx26071908504200013E01071E5C03C9358A
6297,860,260719085227,xxxxxxxxxxxxxxxxxxxxxxxxxxxxxxxx26071908522700013E01071E5C03CA35DF
6298,860,260719085412,xxxxxxxxxxxxxxxxxxxxxxxxxxxxxxxx26071908541200013E01071F5C03CB35D6
6299,860,260719085557,xxxxxxxxxxxxxxxxxxxxxxxxxxxxxxxx26071908555700013E01071F5C03CB35D6
6300,860,260719085742,xxxxxxxxxxxxxxxxxxxxxxxxxxxxxxxx26071908574200013E01071F5C03CC35B8
6301,860,260719085927,xxxxxxxxxxxxxxxxxxxxxxxxxxxxxxxx26071908592700013E01071E5C03CD35B1
6302,860,260719090112,xxxxxxxxxxxxxxxxxxxxxxxxxxxxxxxx26071909011200013E01071F5C03CE3529
6303,860,260719090257,xxxxxxxxxxxxxxxxxxxxxxxxxxxxxxxx26071909025700013E01071E5C03CE35E4
6304,860,260719090442,xxxxxxxxxxxxxxxxxxxxxxxxxxxxxxxx26071909044200013E01071E5C03CF3520
6305,861,260719090627,xxxxxxxxxxxxxxxxxxxxxxxxxxxxxxxx26071909062700013E01071E5D03D0355B
6306,861,260719090812,xxxxxxxxxxxxxxxxxxxxxxxxxxxxxxxx26071909081200013E01071E5D03D1359F
6307,861,260719090957,xxxxxxxxxxxxxxxxxxxxxxxxxxxxxxxx26071909095700013E01071E5D03D235CA
6308,861,260719091142,xxxxxxxxxxxxxxxxxxxxxxxxxxxxxxxx26071909114200013E01071E5D03D3350E
6309,861,260719091327,xxxxxxxxxxxxxxxxxxxxxxxxxxxxxxxx26071909132700013E01071E5D03D43560
6310,861,260719091512,xxxxxxxxxxxxxxxxxxxxxxxxxxxxxxxx26071909151200013E01071E5D03D535A4
6311,861,260719091657,xxxxxxxxxxxxxxxxxxxxxxxxxxxxxxxx26071909165700013E01071E5D03D635F1
6312,861,260719091842,xxxxxxxxxxxxxxxxxxxxxxxxxxxxxxxx26071909184200013E01071E5D03D8352D
6313,861,260719092027,xxxxxxxxxxxxxxxxxxxxxxxxxxxxxxxx26071909202700013E01071E5D03D8352D
6314,861,260719092212,xxxxxxxxxxxxxxxxxxxxxxxxxxxxxxxx26071909221200013E01071E5D03D935E9
6315,861,260719092357,xxxxxxxxxxxxxxxxxxxxxxxxxxxxxxxx26071909235700013E01071E5D03D935E9
6316,861,260719092542,xxxxxxxxxxxxxxxxxxxxxxxxxxxxxxxx26071909254200013E01071E5D03DA35BC
6317,861,260719092727,xxxxxxxxxxxxxxxxxxxxxxxxxxxxxxxx26071909272700013E01071E5D03DB3578
6318,861,260719092912,xxxxxxxxxxxxxxxxxxxxxxxxxxxxxxxx26071909291200013E01071E5D03DC3516
6319,861,260719093057,xxxxxxxxxxxxxxxxxxxxxxxxxxxxxxxx26071909305700013E01071E5D03DD35D2
6320,861,260719093242,xxxxxxxxxxxxxxxxxxxxxxxxxxxxxxxx26071909324200013E01071E5D03DD35D2
6321,861,260719093427,xxxxxxxxxxxxxxxxxxxxxxxxxxxxxxxx26071909342700013E01071E5D03DF3543
6322,861,260719093612,xxxxxxxxxxxxxxxxxxxxxxxxxxxxxxxx26071909361200013E01071E5D03DF3543
6323,862,260719093757,xxxxxxxxxxxxxxxxxxxxxxxxxxxxxxxx26071909375700013E01071E5E03E035FE
6324,862,260719093942,xxxxxxxxxxxxxxxxxxxxxxxxxxxxxxxx26071909394200013E01071E5E03E1353A
6325,862,260719094127,xxxxxxxxxxxxxxxxxxxxxxxxxxxxxxxx26071909412700013E01071E5E03E2356F
6326,862,260719094312,xxxxxxxxxxxxxxxxxxxxxxxxxxxxxxxx26071909431200013E01071E5E03E335AB
6327,862,260719094457,xxxxxxxxxxxxxxxxxxxxxxxxxxxxxxxx26071909445700013E01071D5E03E4358B
6328,862,260719094642,xxxxxxxxxxxxxxxxxxxxxxxxxxxxxxxx26071909464200013E01071D5E03E4358B
6329,862,260719094827,xxxxxxxxxxxxxxxxxxxxxxxxxxxxxxxx26071909482700013E01071D5E03E6351A
6330,862,260719095012,xxxxxxxxxxxxxxxxxxxxxxxxxxxxxxxx26071909501200013E01071D5E03E735DE
6331,862,260719095157,xxxxxxxxxxxxxxxxxxxxxxxxxxxxxxxx26071909515700013E01071D5E03E735DE
6332,862,260719095342,xxxxxxxxxxxxxxxxxxxxxxxxxxxxxxxx26071909534200013E01071D5E03E735DE
6333,862,260719095527,xxxxxxxxxxxxxxxxxxxxxxxxxxxxxxxx26071909552700013E01071D5E03E93502
6334,862,260719095712,xxxxxxxxxxxxxxxxxxxxxxxxxxxxxxxx26071909571200013E01071D5E03E93502
6335,862,260719095857,xxxxxxxxxxxxxxxxxxxxxxxxxxxxxxxx26071909585700013E01071D5E03EA3557
6336,862,260719100042,xxxxxxxxxxxxxxxxxxxxxxxxxxxxxxxx26071910004200013E01071D5E03EB3593
6337,862,260719100227,xxxxxxxxxxxxxxxxxxxxxxxxxxxxxxxx26071910022700013E01071D5E03EC35FD
6338,862,260719100412,xxxxxxxxxxxxxxxxxxxxxxxxxxxxxxxx26071910041200013E01071D5E03EC35FD
6339,862,260719100557,xxxxxxxxxxxxxxxxxxxxxxxxxxxxxxxx26071910055700013E01071D5E03ED3539
6340,862,260719100742,xxxxxxxxxxxxxxxxxxxxxxxxxxxxxxxx26071910074200013E01071D5E03EE356C
6341,862,260719100927,xxxxxxxxxxxxxxxxxxxxxxxxxxxxxxxx26071910092700013E01071D5E03EE356C
6342,862,260719101112,xxxxxxxxxxxxxxxxxxxxxxxxxxxxxxxx26071910111200013E01071D5E03EF35A8
6343,863,260719101257,xxxxxxxxxxxxxxxxxxxxxxxxxxxxxxxx26071910125700013E01071D5F03F035D3
6344,863,260719101442,xxxxxxxxxxxxxxxxxxxxxxxxxxxxxxxx26071910144200013E01071D5F03F035D3
6345,863,260719101627,xxxxxxxxxxxxxxxxxxxxxxxxxxxxxxxx26071910162700013E01071D5F03F13517
6346,863,260719101812,xxxxxxxxxxxxxxxxxxxxxxxxxxxxxxxx26071910181200013E01071D5F03F23542
6347,863,260719101957,xxxxxxxxxxxxxxxxxxxxxxxxxxxxxxxx26071910195700013E01071D5F03F23542
6348,863,260719102142,xxxxxxxxxxxxxxxxxxxxxxxxxxxxxxxx26071910214200013E01071D5F03F33586
6349,863,260719102327,xxxxxxxxxxxxxxxxxxxxxxxxxxxxxxxx26071910232700013E01071D5F03F435E8
6350,863,260719102512,xxxxxxxxxxxxxxxxxxxxxxxxxxxxxxxx26071910251200013E01071C5F03F43525
6351,863,260719102657,xxxxxxxxxxxxxxxxxxxxxxxxxxxxxxxx26071910265700013E01071C5F03F535E1
6352,863,260719102842,xxxxxxxxxxxxxxxxxxxxxxxxxxxxxxxx26071910284200013E01071C5F03F635B4
6353,863,260719103027,xxxxxxxxxxxxxxxxxxxxxxxxxxxxxxxx26071910302700013E01071C5F03F73570
6354,863,260719103212,xxxxxxxxxxxxxxxxxxxxxxxxxxxxxxxx26071910321200013E01071C5F03F83568
6355,863,260719103357,xxxxxxxxxxxxxxxxxxxxxxxxxxxxxxxx26071910335700013E01071C5F03F83568
6356,863,260719103542,xxxxxxxxxxxxxxxxxxxxxxxxxxxxxxxx26071910354200013E01071C5F03F83568
6357,863,260719103727,xxxxxxxxxxxxxxxxxxxxxxxxxxxxxxxx26071910372700013E01071C5F03F935AC
6358,863,260719103912,xxxxxxxxxxxxxxxxxxxxxxxxxxxxxxxx26071910391200013E01071C5F03FA35F9
6359,863,260719104057,xxxxxxxxxxxxxxxxxxxxxxxxxxxxxxxx26071910405700013E01071C5F03FB353D
6360,863,260719104242,xxxxxxxxxxxxxxxxxxxxxxxxxxxxxxxx26071910424200013E01071C5F03FB353D
6361,863,260719104427,xxxxxxxxxxxxxxxxxxxxxxxxxxxxxxxx26071910442700013E01071C5F03FC3553
6362,863,260719104612,xxxxxxxxxxxxxxxxxxxxxxxxxxxxxxxx26071910461200013E01071C5F03FC3553
6363,863,260719104757,xxxxxxxxxxxxxxxxxxxxxxxxxxxxxxxx26071910475700013E01071C5F03FD3597
6364,863,260719104942,xxxxxxxxxxxxxxxxxxxxxxxxxxxxxxxx26071910494200013E01071C5F03FD3597
6365,863,260719105127,xxxxxxxxxxxxxxxxxxxxxxxxxxxxxxxx26071910512700013E01071C5F03FD3597
6366,863,260719105312,xxxxxxxxxxxxxxxxxxxxxxxxxxxxxxxx26071910531200013E01071C5F03FE35C2
6367,863,260719105457,xxxxxxxxxxxxxxxxxxxxxxxxxxxxxxxx26071910545700013E01071C5F03FE35C2
6368,863,260719105642,xxxxxxxxxxxxxxxxxxxxxxxxxxxxxxxx26071910564200013E01071C5F03FF3506
6369,864,260719105828,xxxxxxxxxxxxxxxxxxxxxxxxxxxxxxxx26071910582800013E01071C60030036B7
6370,864,260719110013,xxxxxxxxxxxxxxxxxxxxxxxxxxxxxxxx26071911001300013E01071C6003013673
6371,864,260719110158,xxxxxxxxxxxxxxxxxxxxxxxxxxxxxxxx26071911015800013E01071C6003013673
6372,864,260719110343,xxxxxxxxxxxxxxxxxxxxxxxxxxxxxxxx26071911034300013E01071C6003023626
6373,864,260719110528,xxxxxxxxxxxxxxxxxxxxxxxxxxxxxxxx26071911052800013E01071B6003023677
6374,864,260719110713,xxxxxxxxxxxxxxxxxxxxxxxxxxxxxxxx26071911071300013E01071B60030336B3
6375,864,260719110858,xxxxxxxxxxxxxxxxxxxxxxxxxxxxxxxx26071911085800013E01071B60030336B3
6376,864,260719111043,xxxxxxxxxxxxxxxxxxxxxxxxxxxxxxxx26071911104300013E01071B60030436DD
6377,864,260719111228,xxxxxxxxxxxxxxxxxxxxxxxxxxxxxxxx26071911122800013E01071B60030436DD
6378,864,260719111413,xxxxxxxxxxxxxxxxxxxxxxxxxxxxxxxx26071911141300013E01071B6003053619
6379,864,260719111558,xxxxxxxxxxxxxxxxxxxxxxxxxxxxxxxx26071911155800013E01071B6003053619
6380,864,260719111743,xxxxxxxxxxxxxxxxxxxxxxxxxxxxxxxx26071911174300013E01071B600306364C
6381,864,260719111928,xxxxxxxxxxxxxxxxxxxxxxxxxxxxxxxx26071911192800013E01071B6003093654
6382,864,260719112113,xxxxxxxxxxxxxxxxxxxxxxxxxxxxxxxx26071911211300013E01071B6003093654
6383,864,260719112258,xxxxxxxxxxxxxxxxxxxxxxxxxxxxxxxx26071911225800013E01071B60030A3601
6384,864,260719112443,xxxxxxxxxxxxxxxxxxxxxxxxxxxxxxxx26071911244300013E01071B60030B36C5
6385,864,260719112628,xxxxxxxxxxxxxxxxxxxxxxxxxxxxxxxx26071911262800013E01071B60030B36C5
6386,864,260719112813,xxxxxxxxxxxxxxxxxxxxxxxxxxxxxxxx26071911281300013E01071B60030C36AB
6387,864,260719112958,xxxxxxxxxxxxxxxxxxxxxxxxxxxxxxxx26071911295800013E01071B60030D366F
6388,864,260719113143,xxxxxxxxxxxxxxxxxxxxxxxxxxxxxxxx26071911314300013E01071B60030D366F
6389,864,260719113328,xxxxxxxxxxxxxxxxxxxxxxxxxxxxxxxx26071911332800013E01071B6003093654
6390,864,260719113513,xxxxxxxxxxxxxxxxxxxxxxxxxxxxxxxx26071911351300013E01071B60030A3601
6391,864,260719113658,xxxxxxxxxxxxxxxxxxxxxxxxxxxxxxxx26071911365800013E01071B60030B36C5
6392,864,260719113843,xxxxxxxxxxxxxxxxxxxxxxxxxxxxxxxx26071911384300013E01071B60030C36AB
6393,864,260719114028,xxxxxxxxxxxxxxxxxxxxxxxxxxxxxxxx26071911402800013E01071B60030E363A
6394,864,260719114213,xxxxxxxxxxxxxxxxxxxxxxxxxxxxxxxx26071911421300013E01071B60030F36FE
6395,864,260719114358,xxxxxxxxxxxxxxxxxxxxxxxxxxxxxxxx26071911435800013E01071B60030F36FE
6396,864,260719114543,xxxxxxxxxxxxxxxxxxxxxxxxxxxxxxxx26071911454300013E01071C60030E366B
6397,864,260719114728,xxxxxxxxxxxxxxxxxxxxxxxxxxxxxxxx26071911472800013E01071C60030F36AF
6398,865,260719114913,xxxxxxxxxxxxxxxxxxxxxxxxxxxxxxxx26071911491300013E01071C61031036D4
6399,865,260719115058,xxxxxxxxxxxxxxxxxxxxxxxxxxxxxxxx26071911505800013E01071C6103113610
6400,865,260719115243,xxxxxxxxxxxxxxxxxxxxxxxxxxxxxxxx26071911524300013E01071C6103113610
6401,865,260719120418,xxxxxxxxxxxxxxxxxxxxxxxxxxxxxxxx26071912041800013E01071C6103133681
6402,865,260719120603,xxxxxxxxxxxxxxxxxxxxxxxxxxxxxxxx26071912060300013E01071C6103133681
6403,865,260719120748,xxxxxxxxxxxxxxxxxxxxxxxxxxxxxxxx26071912074800013E01071C6103133681
6404,865,260719120933,xxxxxxxxxxxxxxxxxxxxxxxxxxxxxxxx26071912093300013E01071C610315362B
6405,865,260719121118,xxxxxxxxxxxxxxxxxxxxxxxxxxxxxxxx26071912111800013E01071C610316367E
6406,865,260719121347,xxxxxxxxxxxxxxxxxxxxxxxxxxxxxxxx26071912134701013E01071C610315362B
6407,865,260719121532,xxxxxxxxxxxxxxxxxxxxxxxxxxxxxxxx26071912153201013E01071C6103123645
6408,864,260719121717,xxxxxxxxxxxxxxxxxxxxxxxxxxxxxxxx26071912171701013E01071C60030F36AF
6409,864,260719121902,xxxxxxxxxxxxxxxxxxxxxxxxxxxxxxxx26071912190200013E01071C6003093605
6410,864,260719122047,xxxxxxxxxxxxxxxxxxxxxxxxxxxxxxxx26071912204700013E01071C6003093605
6411,864,260719122232,xxxxxxxxxxxxxxxxxxxxxxxxxxxxxxxx26071912223200013E01071C60030836C1
6412,864,260719122417,xxxxxxxxxxxxxxxxxxxxxxxxxxxxxxxx26071912241700013E01071C60030836C1
6413,864,260719122602,xxxxxxxxxxxxxxxxxxxxxxxxxxxxxxxx26071912260200013E01071C60030836C1
6414,864,260719122747,xxxxxxxxxxxxxxxxxxxxxxxxxxxxxxxx26071912274700013E01071C60030736D9
6415,864,260719122932,xxxxxxxxxxxxxxxxxxxxxxxxxxxxxxxx26071912293200013E01071D60030E36A6
6416,864,260719123117,xxxxxxxxxxxxxxxxxxxxxxxxxxxxxxxx26071912311700013E01071D60030D36F3
6417,865,260719123302,xxxxxxxxxxxxxxxxxxxxxxxxxxxxxxxx26071912330200013E01071D6103103619
6418,865,260719123447,xxxxxxxxxxxxxxxxxxxxxxxxxxxxxxxx26071912344700013E01071D61031136DD
6419,865,260719123632,xxxxxxxxxxxxxxxxxxxxxxxxxxxxxxxx26071912363200013E01071D6103103619
6420,865,260719123817,xxxxxxxxxxxxxxxxxxxxxxxxxxxxxxxx26071912381700013E01071D6103103619
6421,865,260719124002,xxxxxxxxxxxxxxxxxxxxxxxxxxxxxxxx26071912400200013E01071D61031136DD
6422,854,260719124734,xxxxxxxxxxxxxxxxxxxxxxxxxxxxxxxx26071912473401013E01071D5603623512
6423,861,260719124919,xxxxxxxxxxxxxxxxxxxxxxxxxxxxxxxx26071912491901013E01071D5D03D535EA
6424,879,260719125104,xxxxxxxxxxxxxxxxxxxxxxxxxxxxxxxx26071912510401013E01071D6F03FC3634
6425,849,260719125249,xxxxxxxxxxxxxxxxxxxxxxxxxxxxxxxx26071912524901013E01071D5103123522
6426,848,260719125434,xxxxxxxxxxxxxxxxxxxxxxxxxxxxxxxx26071912543401013E01071D500305352F
6427,891,260719125619,xxxxxxxxxxxxxxxxxxxxxxxxxxxxxxxx26071912561901013E01071E7B03B33791
6428,860,260719125804,xxxxxxxxxxxxxxxxxxxxxxxxxxxxxxxx26071912580401013E01071E5C03CF3520
6429,841,260719125949,xxxxxxxxxxxxxxxxxxxxxxxxxxxxxxxx26071912594901013E01071E490391346C
6430,840,260719130134,xxxxxxxxxxxxxxxxxxxxxxxxxxxxxxxx26071913013401013E01071E4803893479
6431,859,260719130319,xxxxxxxxxxxxxxxxxxxxxxxxxxxxxxxx26071913031901013E01071E5B03BA35EF
6432,798,260719130504,xxxxxxxxxxxxxxxxxxxxxxxxxxxxxxxx26071913050401013E01071E1E03E43144
6433,868,260719130649,xxxxxxxxxxxxxxxxxxxxxxxxxxxxxxxx26071913064901013E01071E64034A3646
6434,833,260719130834,xxxxxxxxxxxxxxxxxxxxxxxxxxxxxxxx26071913083401013E01071E41031A347C
6435,794,260719131019,xxxxxxxxxxxxxxxxxxxxxxxxxxxxxxxx26071913101901013E01071E1A03A63140
6436,829,260719131204,xxxxxxxxxxxxxxxxxxxxxxxxxxxxxxxx26071913120401013E01071E3D03D23387
6437,818,260719131349,xxxxxxxxxxxxxxxxxxxxxxxxxxxxxxxx26071913134901013E01071E32032A33F2
6438,802,260719131534,xxxxxxxxxxxxxxxxxxxxxxxxxxxxxxxx26071913153401013E01071E2203243248
6439,771,260719131719,xxxxxxxxxxxxxxxxxxxxxxxxxxxxxxxx26071913171901013E01071F0303303011
6440,808,260719131904,xxxxxxxxxxxxxxxxxxxxxxxxxxxxxxxx26071913190401013E01071F28038932F9
6441,755,260719132049,xxxxxxxxxxxxxxxxxxxxxxxxxxxxxxxx26071913204901013E01071FF3023F2F0F
6442,784,260719132234,xxxxxxxxxxxxxxxxxxxxxxxxxxxxxxxx26071913223401013E01072010030D31B0
6443,775,260719132419,xxxxxxxxxxxxxxxxxxxxxxxxxxxxxxxx26071913241901013E01072007037630C5
6444,787,260719132604,xxxxxxxxxxxxxxxxxxxxxxxxxxxxxxxx26071913260401013E01072113033D31D8
6445,769,260719132749,xxxxxxxxxxxxxxxxxxxxxxxxxxxxxxxx26071913274901013E01072101031C30BC
6446,762,260719132934,xxxxxxxxxxxxxxxxxxxxxxxxxxxxxxxx26071913293401013E010721FA02A52F9E
6447,762,260719133119,xxxxxxxxxxxxxxxxxxxxxxxxxxxxxxxx26071913311901013E010721FA02AE2FBD
6448,742,260719133304,xxxxxxxxxxxxxxxxxxxxxxxxxxxxxxxx26071913330401013E010721E602682ED7
6449,790,260719133449,xxxxxxxxxxxxxxxxxxxxxxxxxxxxxxxx26071913344901013E01072116036031A7
6450,728,260719133634,xxxxxxxxxxxxxxxxxxxxxxxxxxxxxxxx26071913363401013E010721D802872D05
6451,769,260719133819,xxxxxxxxxxxxxxxxxxxxxxxxxxxxxxxx26071913381901013E010721010316305B
6452,770,260719134004,xxxxxxxxxxxxxxxxxxxxxxxxxxxxxxxx26071913400401013E01072102032F304C
6453,771,260719134149,xxxxxxxxxxxxxxxxxxxxxxxxxxxxxxxx26071913414901013E0107220303343042
6454,748,260719134334,xxxxxxxxxxxxxxxxxxxxxxxxxxxxxxxx26071913433401013E010724EC02CE2E5A
6455,748,260719134334,xxxxxxxxxxxxxxxxxxxxxxxxxxxxxxxx26071913433401013E010724EC02CE2E5A
6456,752,260719134519,xxxxxxxxxxxxxxxxxxxxxxxxxxxxxxxx26071913451901013E010724F002012F82
6457,750,260719134704,xxxxxxxxxxxxxxxxxxxxxxxxxxxxxxxx26071913470401013E010723EE02E92EA3
6458,674,260719134849,xxxxxxxxxxxxxxxxxxxxxxxxxxxxxxxx26071913484901013E010723A2022C2A7B
6459,769,260719135034,xxxxxxxxxxxxxxxxxxxxxxxxxxxxxxxx26071913503401013E010723010315308D
6460,720,260719135219,xxxxxxxxxxxxxxxxxxxxxxxxxxxxxxxx26071913521901013E010723D002052D24
6461,695,260719135404,xxxxxxxxxxxxxxxxxxxxxxxxxxxxxxxx26071913540401013E010724B702772B99
6462,689,260719135549,xxxxxxxxxxxxxxxxxxxxxxxxxxxxxxxx26071913554901013E010724B102142B9F
6463,740,260719135734,xxxxxxxxxxxxxxxxxxxxxxxxxxxxxxxx26071913573401013E010724E4024B2E96
6464,715,260719135919,xxxxxxxxxxxxxxxxxxxxxxxxxxxxxxxx26071913591901013E010725CB02B12C73
6465,714,260719140104,xxxxxxxxxxxxxxxxxxxxxxxxxxxxxxxx26071914010401013E010725CA02A32C81
6466,694,260719140249,xxxxxxxxxxxxxxxxxxxxxxxxxxxxxxxx26071914024901013E010725B602672B37
6467,721,260719140434,xxxxxxxxxxxxxxxxxxxxxxxxxxxxxxxx26071914043401013E010726D102122DFB
6468,720,260719140619,xxxxxxxxxxxxxxxxxxxxxxxxxxxxxxxx26071914061900013E010726D0020D2D80
6469,720,260719140804,xxxxxxxxxxxxxxxxxxxxxxxxxxxxxxxx26071914080400013E010726D002082D7F
6470,720,260719140949,xxxxxxxxxxxxxxxxxxxxxxxxxxxxxxxx26071914094900013E010726D002002D09
6471,719,260719141134,xxxxxxxxxxxxxxxxxxxxxxxxxxxxxxxx26071914113400013E010726CF02F52C93
6472,718,260719141319,xxxxxxxxxxxxxxxxxxxxxxxxxxxxxxxx26071914131900013E010726CE02EB2C2C
6473,718,260719141504,xxxxxxxxxxxxxxxxxxxxxxxxxxxxxxxx26071914150400013E010726CE02E12CCB
6474,717,260719141649,xxxxxxxxxxxxxxxxxxxxxxxxxxxxxxxx26071914164900013E010726CD02DB2C89
6475,717,260719141834,xxxxxxxxxxxxxxxxxxxxxxxxxxxxxxxx26071914183400013E010726CD02D52C55
6476,717,260719142019,xxxxxxxxxxxxxxxxxxxxxxxxxxxxxxxx26071914201900013E010726CD02D12C6E
6477,716,260719142204,xxxxxxxxxxxxxxxxxxxxxxxxxxxxxxxx26071914220400013E010726CC02CE2C15
6478,716,260719142349,xxxxxxxxxxxxxxxxxxxxxxxxxxxxxxxx26071914234900013E010726CC02C82CBF
6479,716,260719142534,xxxxxxxxxxxxxxxxxxxxxxxxxxxxxxxx26071914253400013E010726CC02C52C36
6480,698,260719142719,xxxxxxxxxxxxxxxxxxxxxxxxxxxxxxxx26071914271901013E010726BA02AF2BA9
6481,720,260719142904,xxxxxxxxxxxxxxxxxxxxxxxxxxxxxxxx26071914290401013E010725D002072D29
6482,706,260719143049,xxxxxxxxxxxxxxxxxxxxxxxxxxxxxxxx26071914304901013E010724C202262C80
6483,703,260719143234,xxxxxxxxxxxxxxxxxxxxxxxxxxxxxxxx26071914323401013E010723BF02F82BE3
6484,675,260719143419,xxxxxxxxxxxxxxxxxxxxxxxxxxxxxxxx26071914341901013E010723A302352AAA
6485,714,260719143604,xxxxxxxxxxxxxxxxxxxxxxxxxxxxxxxx26071914360401013E010723CA02A02C48
6486,683,260719143749,xxxxxxxxxxxxxxxxxxxxxxxxxxxxxxxx26071914374901013E010723AB02BE2ABA
6487,653,260719143934,xxxxxxxxxxxxxxxxxxxxxxxxxxxxxxxx26071914393401013E0107238D02D428C2
6488,713,260719144119,xxxxxxxxxxxxxxxxxxxxxxxxxxxxxxxx26071914411901013E010724C9029E2C60
6489,639,260719144304,xxxxxxxxxxxxxxxxxxxxxxxxxxxxxxxx26071914430401013E0107247F02F527A1
6490,690,260719144449,xxxxxxxxxxxxxxxxxxxxxxxxxxxxxxxx26071914444900013E010724B2022C2B4C
6491,694,260719144634,xxxxxxxxxxxxxxxxxxxxxxxxxxxxxxxx26071914463400013E010725B6026B2B7A
6492,695,260719144819,xxxxxxxxxxxxxxxxxxxxxxxxxxxxxxxx26071914481900013E010725B7027A2BDD
6493,696,260719145004,xxxxxxxxxxxxxxxxxxxxxxxxxxxxxxxx26071914500400013E010726B802812BB3
6494,696,260719145149,xxxxxxxxxxxxxxxxxxxxxxxxxxxxxxxx26071914514900013E010727B802832BEF
6495,696,260719145334,xxxxxxxxxxxxxxxxxxxxxxxxxxxxxxxx26071914533400013E010728B802842BEE
6496,696,260719145519,xxxxxxxxxxxxxxxxxxxxxxxxxxxxxxxx26071914551900013E010728B802842BEE
6497,696,260719145704,xxxxxxxxxxxxxxxxxxxxxxxxxxxxxxxx26071914570400013E010729B802852BE7
6498,696,260719145849,xxxxxxxxxxxxxxxxxxxxxxxxxxxxxxxx26071914584900013E010729B802852BE7
6499,696,260719150034,xxxxxxxxxxxxxxxxxxxxxxxxxxxxxxxx26071915003400013E01072AB802862BFC
6500,696,260719150219,xxxxxxxxxxxxxxxxxxxxxxxxxxxxxxxx26071915021900013E01072AB802842B6D
6501,696,260719150404,xxxxxxxxxxxxxxxxxxxxxxxxxxxxxxxx26071915040400013E01072AB802812B92
6502,696,260719150549,xxxxxxxxxxxxxxxxxxxxxxxxxxxxxxxx26071915054900013E01072AB802842B6D
6503,699,260719150734,xxxxxxxxxxxxxxxxxxxxxxxxxxxxxxxx26071915073400013E010729BB02BA2B5A
6504,699,260719150919,xxxxxxxxxxxxxxxxxxxxxxxxxxxxxxxx26071915091900013E010728BB02BD2BF9
6505,700,260719151104,xxxxxxxxxxxxxxxxxxxxxxxxxxxxxxxx26071915110400013E010727BC02C32B7A
6506,699,260719151250,xxxxxxxxxxxxxxxxxxxxxxxxxxxxxxxx26071915125000013E010726BB02BF2BCA
6507,699,260719151435,xxxxxxxxxxxxxxxxxxxxxxxxxxxxxxxx26071915143500013E010726BB02B32B87
6508,698,260719151620,xxxxxxxxxxxxxxxxxxxxxxxxxxxxxxxx26071915162000013E010725BA02AF2BE7
6509,699,260719151805,xxxxxxxxxxxxxxxxxxxxxxxxxxxxxxxx26071915180500013E010724BB02B02B51
6510,699,260719151950,xxxxxxxxxxxxxxxxxxxxxxxxxxxxxxxx26071915195000013E010724BB02B12B95
6511,699,260719152135,xxxxxxxxxxxxxxxxxxxxxxxxxxxxxxxx26071915213500013E010724BB02B22BC0
6512,685,260719152320,xxxxxxxxxxxxxxxxxxxxxxxxxxxxxxxx26071915232001013E010724AD02DA2A83
6513,700,260719152505,xxxxxxxxxxxxxxxxxxxxxxxxxxxxxxxx26071915250501013E010723BC02C32B65
6514,668,260719152650,xxxxxxxxxxxxxxxxxxxxxxxxxxxxxxxx26071915265001013E0107239C02C429C7
6515,649,260719152835,xxxxxxxxxxxxxxxxxxxxxxxxxxxxxxxx26071915283501013E01072389029C2821
6516,693,260719153020,xxxxxxxxxxxxxxxxxxxxxxxxxxxxxxxx26071915302001013E010723B502582B16
6517,684,260719153205,xxxxxxxxxxxxxxxxxxxxxxxxxxxxxxxx26071915320501013E010723AC02C12A92
6518,577,260719153350,xxxxxxxxxxxxxxxxxxxxxxxxxxxxxxxx26071915335001013E01072341021E2419
6519,697,260719153535,xxxxxxxxxxxxxxxxxxxxxxxxxxxxxxxx26071915353501013E010723B902972BA8
6520,697,260719153720,xxxxxxxxxxxxxxxxxxxxxxxxxxxxxxxx26071915372001013E010723B902922B57
6521,696,260719153905,xxxxxxxxxxxxxxxxxxxxxxxxxxxxxxxx26071915390501013E010723B8028C2BE8
6522,608,260719154050,xxxxxxxxxxxxxxxxxxxxxxxxxxxxxxxx26071915405001013E010724600208264D
6523,649,260719154235,xxxxxxxxxxxxxxxxxxxxxxxxxxxxxxxx26071915423501013E01072489029128F9
6524,620,260719154420,xxxxxxxxxxxxxxxxxxxxxxxxxxxxxxxx26071915442001013E0107246C02C726F3
6525,632,260719154605,xxxxxxxxxxxxxxxxxxxxxxxxxxxxxxxx26071915460501013E01072478028C2723
6526,633,260719154750,xxxxxxxxxxxxxxxxxxxxxxxxxxxxxxxx26071915475001013E01072479029927BF
6527,638,260719154935,xxxxxxxxxxxxxxxxxxxxxxxxxxxxxxxx26071915493501013E0107247E02EA27DA
6528,634,260719155120,xxxxxxxxxxxxxxxxxxxxxxxxxxxxxxxx26071915512001013E0107247A02AB278B
6529,622,260719155305,xxxxxxxxxxxxxxxxxxxxxxxxxxxxxxxx26071915530501013E0107256E02EA2671
6530,614,260719155450,xxxxxxxxxxxxxxxxxxxxxxxxxxxxxxxx26071915545001013E010725660266260F
6531,614,260719155635,xxxxxxxxxxxxxxxxxxxxxxxxxxxxxxxx26071915563501013E01072566026326F0
6532,614,260719155820,xxxxxxxxxxxxxxxxxxxxxxxxxxxxxxxx26071915582001013E01072566026C26E8
6533,598,260719160005,xxxxxxxxxxxxxxxxxxxxxxxxxxxxxxxx26071916000501013E01072456026825B4
6534,596,260719160150,xxxxxxxxxxxxxxxxxxxxxxxxxxxxxxxx26071916015001013E0107245402432551
6535,596,260719160150,xxxxxxxxxxxxxxxxxxxxxxxxxxxxxxxx26071916015001013E0107245402432551
6536,596,260719160335,xxxxxxxxxxxxxxxxxxxxxxxxxxxxxxxx26071916033501013E01072454024125C0
6537,602,260719160520,xxxxxxxxxxxxxxxxxxxxxxxxxxxxxxxx26071916052001013E0107245A02AF257C
6538,576,260719160705,xxxxxxxxxxxxxxxxxxxxxxxxxxxxxxxx26071916070501013E01072440020024F7
6539,572,260719160850,xxxxxxxxxxxxxxxxxxxxxxxxxxxxxxxx26071916085001013E0107243C02CA239D
6540,584,260719161035,xxxxxxxxxxxxxxxxxxxxxxxxxxxxxxxx26071916103501013E0107254802802409
6541,590,260719161220,xxxxxxxxxxxxxxxxxxxxxxxxxxxxxxxx26071916122001013E0107264E02EA24F3
6542,590,260719161405,xxxxxxxxxxxxxxxxxxxxxxxxxxxxxxxx26071916140501013E0107264E02EA24F3
6543,590,260719161550,xxxxxxxxxxxxxxxxxxxxxxxxxxxxxxxx26071916155001013E0107274E02EA243E
6544,591,260719161735,xxxxxxxxxxxxxxxxxxxxxxxxxxxxxxxx26071916173501013E0107284F02F024D5
6545,590,260719161920,xxxxxxxxxxxxxxxxxxxxxxxxxxxxxxxx26071916192001013E0107284E02ED243F
6546,590,260719162105,xxxxxxxxxxxxxxxxxxxxxxxxxxxxxxxx26071916210501013E0107284E02E724D8
6547,590,260719162250,xxxxxxxxxxxxxxxxxxxxxxxxxxxxxxxx26071916225001013E0107294E02E224EA
6548,589,260719162435,xxxxxxxxxxxxxxxxxxxxxxxxxxxxxxxx26071916243501013E0107294D02DD2457
6549,550,260719162620,xxxxxxxxxxxxxxxxxxxxxxxxxxxxxxxx26071916262001013E01072926026D228C
6550,564,260719162805,xxxxxxxxxxxxxxxxxxxxxxxxxxxxxxxx26071916280501013E01072A34024023EB
6551,548,260719162950,xxxxxxxxxxxxxxxxxxxxxxxxxxxxxxxx26071916295001013E01072B24024B2263
6552,566,260719163135,xxxxxxxxxxxxxxxxxxxxxxxxxxxxxxxx26071916313501013E01072C360265234E
6553,565,260719163320,xxxxxxxxxxxxxxxxxxxxxxxxxxxxxxxx26071916332001013E01072B35025F235D
6554,523,260719163505,xxxxxxxxxxxxxxxxxxxxxxxxxxxxxxxx26071916350501013E01072B0B02B9203D
6555,561,260719163650,xxxxxxxxxxxxxxxxxxxxxxxxxxxxxxxx26071916365001013E01072B310216237A
6556,568,260719163835,xxxxxxxxxxxxxxxxxxxxxxxxxxxxxxxx26071916383501013E01072B380286232A
6557,568,260719164020,xxxxxxxxxxxxxxxxxxxxxxxxxxxxxxxx26071916402001013E01072B3802822311
6558,567,260719164205,xxxxxxxxxxxxxxxxxxxxxxxxxxxxxxxx26071916420501013E01072B37027B23A0
6559,567,260719164350,xxxxxxxxxxxxxxxxxxxxxxxxxxxxxxxx26071916435001013E01072B370275237C
6560,567,260719164535,xxxxxxxxxxxxxxxxxxxxxxxxxxxxxxxx26071916453501013E01072B3702702383
6561,566,260719164720,xxxxxxxxxxxxxxxxxxxxxxxxxxxxxxxx26071916472001013E01072A360269239F
6562,566,260719164905,xxxxxxxxxxxxxxxxxxxxxxxxxxxxxxxx26071916490501013E01072A36026223BC
6563,565,260719165050,xxxxxxxxxxxxxxxxxxxxxxxxxxxxxxxx26071916505001013E01072A35025B23AB
6564,565,260719165235,xxxxxxxxxxxxxxxxxxxxxxxxxxxxxxxx26071916523501013E01072B350254237E
6565,564,260719165420,xxxxxxxxxxxxxxxxxxxxxxxxxxxxxxxx26071916542001013E01072A34024F23F3
6566,564,260719165605,xxxxxxxxxxxxxxxxxxxxxxxxxxxxxxxx26071916560501013E01072A3402462341
6567,563,260719165750,xxxxxxxxxxxxxxxxxxxxxxxxxxxxxxxx26071916575001013E01072A33023E2307
6568,563,260719165935,xxxxxxxxxxxxxxxxxxxxxxxxxxxxxxxx26071916593501013E01072A33023723B5
6569,563,260719170120,xxxxxxxxxxxxxxxxxxxxxxxxxxxxxxxx26071917012001013E0107293302302395
6570,562,260719170305,xxxxxxxxxxxxxxxxxxxxxxxxxxxxxxxx26071917030501013E0107293202282380
6571,562,260719170450,xxxxxxxxxxxxxxxxxxxxxxxxxxxxxxxx26071917045001013E01072932022023F6
6572,561,260719170635,xxxxxxxxxxxxxxxxxxxxxxxxxxxxxxxx26071917063501013E01072931021A23B4
6573,561,260719170820,xxxxxxxxxxxxxxxxxxxxxxxxxxxxxxxx26071917082001013E0107293102112397
6574,560,260719171005,xxxxxxxxxxxxxxxxxxxxxxxxxxxxxxxx26071917100501013E0107293002092382
6575,560,260719171150,xxxxxxxxxxxxxxxxxxxxxxxxxxxxxxxx26071917115001013E0107293002002330
6576,559,260719171335,xxxxxxxxxxxxxxxxxxxxxxxxxxxxxxxx26071917133501013E0107292F02F922E7
6577,559,260719171520,xxxxxxxxxxxxxxxxxxxxxxxxxxxxxxxx26071917152001013E0107292F02F522AA
6578,559,260719171705,xxxxxxxxxxxxxxxxxxxxxxxxxxxxxxxx26071917170501013E0107292F02F12291
6579,558,260719171850,xxxxxxxxxxxxxxxxxxxxxxxxxxxxxxxx26071917185001013E01072A2E02EE22A4
6580,558,260719172035,xxxxxxxxxxxxxxxxxxxxxxxxxxxxxxxx26071917203501013E0107292E02EE22EA
6581,558,260719172220,xxxxxxxxxxxxxxxxxxxxxxxxxxxxxxxx26071917222001013E0107292E02E92284
6582,558,260719172405,xxxxxxxxxxxxxxxxxxxxxxxxxxxxxxxx26071917240501013E01072A2E02E222E9
6583,557,260719172550,xxxxxxxxxxxxxxxxxxxxxxxxxxxxxxxx26071917255001013E01072A2D02DB22FE
6584,557,260719172735,xxxxxxxxxxxxxxxxxxxxxxxxxxxxxxxx26071917273501013E01072A2D02D32288
6585,556,260719172920,xxxxxxxxxxxxxxxxxxxxxxxxxxxxxxxx26071917292001013E01072A2C02CB229D
6586,556,260719173105,xxxxxxxxxxxxxxxxxxxxxxxxxxxxxxxx26071917310501013E01072A2C02C322EB
6587,556,260719173250,xxxxxxxxxxxxxxxxxxxxxxxxxxxxxxxx26071917325001013E01072A2C02C022BE
6588,556,260719173435,xxxxxxxxxxxxxxxxxxxxxxxxxxxxxxxx26071917343501013E01072A2C02C322EB
6589,556,260719173620,xxxxxxxxxxxxxxxxxxxxxxxxxxxxxxxx26071917362001013E01072B2C02C122B7
6590,556,260719173805,xxxxxxxxxxxxxxxxxxxxxxxxxxxxxxxx26071917380501013E01072B2C02C32226
6591,556,260719173950,xxxxxxxxxxxxxxxxxxxxxxxxxxxxxxxx26071917395001013E01072C2C02C122E6
6592,555,260719174135,xxxxxxxxxxxxxxxxxxxxxxxxxxxxxxxx26071917413501013E01072B2B02BC220E
6593,555,260719174320,xxxxxxxxxxxxxxxxxxxxxxxxxxxxxxxx26071917432000013E01072B2B02B922F1
6594,555,260719174505,xxxxxxxxxxxxxxxxxxxxxxxxxxxxxxxx26071917450500013E01072B2B02B82235
6595,555,260719174650,xxxxxxxxxxxxxxxxxxxxxxxxxxxxxxxx26071917465000013E01072B2B02B622E9
6596,555,260719174835,xxxxxxxxxxxxxxxxxxxxxxxxxxxxxxxx26071917483500013E01072B2B02B7222D
6597,555,260719175020,xxxxxxxxxxxxxxxxxxxxxxxxxxxxxxxx26071917502000013E01072B2B02B522BC
6598,555,260719175205,xxxxxxxxxxxxxxxxxxxxxxxxxxxxxxxx26071917520500013E01072B2B02B12287
6599,554,260719175350,xxxxxxxxxxxxxxxxxxxxxxxxxxxxxxxx26071917535000013E01072A2A02AF22F5
6600,554,260719175535,xxxxxxxxxxxxxxxxxxxxxxxxxxxxxxxx26071917553500013E01072A2A02A52212
6601,553,260719175720,xxxxxxxxxxxxxxxxxxxxxxxxxxxxxxxx26071917572000013E01072A29029E2294
6602,553,260719175906,xxxxxxxxxxxxxxxxxxxxxxxxxxxxxxxx26071917590600013E01072A290298223E
6603,553,260719180051,xxxxxxxxxxxxxxxxxxxxxxxxxxxxxxxx26071918005100013E0107292902982270
6604,553,260719180236,xxxxxxxxxxxxxxxxxxxxxxxxxxxxxxxx26071918023600013E01072929029922B4
6605,553,260719180421,xxxxxxxxxxxxxxxxxxxxxxxxxxxxxxxx26071918042100013E01072929029B2225
6606,553,260719180606,xxxxxxxxxxxxxxxxxxxxxxxxxxxxxxxx26071918060600013E01072929029B2225
6607,553,260719180751,xxxxxxxxxxxxxxxxxxxxxxxxxxxxxxxx26071918075100013E01072929029E22DA
6608,554,260719180936,xxxxxxxxxxxxxxxxxxxxxxxxxxxxxxxx26071918093600013E0107292A02A022A3
6609,554,260719181121,xxxxxxxxxxxxxxxxxxxxxxxxxxxxxxxx26071918112100013E0107292A02A022A3
6610,554,260719181306,xxxxxxxxxxxxxxxxxxxxxxxxxxxxxxxx26071918130600013E0107282A02A222FF
6611,554,260719181451,xxxxxxxxxxxxxxxxxxxxxxxxxxxxxxxx26071918145100013E0107282A02A3223B
6612,554,260719181636,xxxxxxxxxxxxxxxxxxxxxxxxxxxxxxxx26071918163600013E0107282A02A42255
6613,554,260719181821,xxxxxxxxxxxxxxxxxxxxxxxxxxxxxxxx26071918182100013E0107282A02A52291
6614,554,260719182006,xxxxxxxxxxxxxxxxxxxxxxxxxxxxxxxx26071918200600013E0107282A02A622C4
6615,554,260719182151,xxxxxxxxxxxxxxxxxxxxxxxxxxxxxxxx26071918215100013E0107272A02A622AB
6616,554,260719182336,xxxxxxxxxxxxxxxxxxxxxxxxxxxxxxxx26071918233600013E0107272A02A7226F
6617,554,260719182521,xxxxxxxxxxxxxxxxxxxxxxxxxxxxxxxx26071918252100013E0107272A02A82277
6618,554,260719182706,xxxxxxxxxxxxxxxxxxxxxxxxxxxxxxxx26071918270600013E0107272A02AA22E6
6619,554,260719182851,xxxxxxxxxxxxxxxxxxxxxxxxxxxxxxxx26071918285100013E0107272A02AB2222
6620,554,260719183036,xxxxxxxxxxxxxxxxxxxxxxxxxxxxxxxx26071918303600013E0107262A02AD2245
6621,554,260719183221,xxxxxxxxxxxxxxxxxxxxxxxxxxxxxxxx26071918322100013E0107262A02AF22D4
6622,555,260719183406,xxxxxxxxxxxxxxxxxxxxxxxxxxxxxxxx26071918340600013E0107262B02B1226B
6623,555,260719183551,xxxxxxxxxxxxxxxxxxxxxxxxxxxxxxxx26071918355100013E0107262B02B022AF
6624,555,260719183736,xxxxxxxxxxxxxxxxxxxxxxxxxxxxxxxx26071918373600013E0107262B02B322FA
6625,555,260719183921,xxxxxxxxxxxxxxxxxxxxxxxxxxxxxxxx26071918392100013E0107262B02B42294
6626,555,260719184106,xxxxxxxxxxxxxxxxxxxxxxxxxxxxxxxx26071918410600013E0107262B02B62205
6627,555,260719184251,xxxxxxxxxxxxxxxxxxxxxxxxxxxxxxxx26071918425100013E0107262B02B722C1
6628,525,260719184436,xxxxxxxxxxxxxxxxxxxxxxxxxxxxxxxx26071918443601013E0107260D02D4200B
6629,537,260719184621,xxxxxxxxxxxxxxxxxxxxxxxxxxxxxxxx26071918462101013E01072519029D2104
6630,534,260719184806,xxxxxxxxxxxxxxxxxxxxxxxxxxxxxxxx26071918480601013E0107241602632116
6631,533,260719184951,xxxxxxxxxxxxxxxxxxxxxxxxxxxxxxxx26071918495101013E0107241502572188
6632,483,260719185136,xxxxxxxxxxxxxxxxxxxxxxxxxxxxxxxx26071918513601013E010723E301311E4A
6633,527,260719185321,xxxxxxxxxxxxxxxxxxxxxxxxxxxxxxxx26071918532101013E0107230F02FB2007
6634,510,260719185506,xxxxxxxxxxxxxxxxxxxxxxxxxxxxxxxx26071918550601013E010722FE01E21F71
6635,513,260719185651,xxxxxxxxxxxxxxxxxxxxxxxxxxxxxxxx26071918565101013E01072201021A206E
6636,496,260719185836,xxxxxxxxxxxxxxxxxxxxxxxxxxxxxxxx26071918583601013E010721F001061F64
6637,469,260719190021,xxxxxxxxxxxxxxxxxxxxxxxxxxxxxxxx26071919002101013E010721D501521D65
6638,498,260719190206,xxxxxxxxxxxxxxxxxxxxxxxxxxxxxxxx26071919020601013E01071FF2012D1FA7
6639,498,260719190351,xxxxxxxxxxxxxxxxxxxxxxxxxxxxxxxx26071919035101013E01071DF2012F1FB5
6640,479,260719190536,xxxxxxxxxxxxxxxxxxxxxxxxxxxxxxxx26071919053601013E01071BDF01F81D4E
6641,476,260719190721,xxxxxxxxxxxxxxxxxxxxxxxxxxxxxxxx26071919072101013E01071BDC01C91D2F
6642,484,260719190906,xxxxxxxxxxxxxxxxxxxxxxxxxxxxxxxx26071919090601013E01071AE401491E7B
6643,470,260719191051,xxxxxxxxxxxxxxxxxxxxxxxxxxxxxxxx26071919105101013E01071AD601631DF0
6644,481,260719191236,xxxxxxxxxxxxxxxxxxxxxxxxxxxxxxxx26071919123601013E01071AE101181E49
6645,455,260719191421,xxxxxxxxxxxxxxxxxxxxxxxxxxxxxxxx26071919142101013E01071AC7017F1CB8
6646,407,260719191606,xxxxxxxxxxxxxxxxxxxxxxxxxxxxxxxx26071919160601013E01071B9701791938
6647,423,260719191751,xxxxxxxxxxxxxxxxxxxxxxxxxxxxxxxx26071919175101013E01071CA701781A07
6648,449,260719191936,xxxxxxxxxxxxxxxxxxxxxxxxxxxxxxxx26071919193601013E01071DC101191C10
6649,434,260719192121,xxxxxxxxxxxxxxxxxxxxxxxxxxxxxxxx26071919212101013E01071EB201231B37
6650,425,260719192306,xxxxxxxxxxxxxxxxxxxxxxxxxxxxxxxx26071919230601013E01071EA901981AE4
6651,417,260719192451,xxxxxxxxxxxxxxxxxxxxxxxxxxxxxxxx26071919245101013E01071EA1011A1A46
6652,429,260719192636,xxxxxxxxxxxxxxxxxxxxxxxxxxxxxxxx26071919263601013E01071DAD01D01A49
6653,382,260719192821,xxxxxxxxxxxxxxxxxxxxxxxxxxxxxxxx26071919282101013E01071C7E01E817AB
6654,403,260719193006,xxxxxxxxxxxxxxxxxxxxxxxxxxxxxxxx26071919300601013E01071B930133194A
6655,411,260719193151,xxxxxxxxxxxxxxxxxxxxxxxxxxxxxxxx26071919315101013E01071B9B01B8195A
6656,400,260719193336,xxxxxxxxxxxxxxxxxxxxxxxxxxxxxxxx26071919333601013E01071B9001051945
6657,400,260719193521,xxxxxxxxxxxxxxxxxxxxxxxxxxxxxxxx26071919352101013E01071B90010019BA
6658,387,260719193706,xxxxxxxxxxxxxxxxxxxxxxxxxxxxxxxx26071919370601013E01071D8301321874
6659,358,260719193851,xxxxxxxxxxxxxxxxxxxxxxxxxxxxxxxx26071919385101013E01071E66016C1646
6660,356,260719194036,xxxxxxxxxxxxxxxxxxxxxxxxxxxxxxxx26071919403601013E01072064014B16C8
6661,294,260719194221,xxxxxxxxxxxxxxxxxxxxxxxxxxxxxxxx26071919422101013E01072126016D12E8
6662,371,260719194406,xxxxxxxxxxxxxxxxxxxxxxxxxxxxxxxx26071919440601013E01072373013A1714
6663,353,260719194551,xxxxxxxxxxxxxxxxxxxxxxxxxxxxxxxx26071919455101013E01072361011B1670
6664,320,260719194736,xxxxxxxxxxxxxxxxxxxxxxxxxxxxxxxx26071919473601013E01072340010D1475
6665,309,260719194921,xxxxxxxxxxxxxxxxxxxxxxxxxxxxxxxx26071919492101013E0107213501541399
6666,323,260719195106,xxxxxxxxxxxxxxxxxxxxxxxxxxxxxxxx26071919510601013E01072143013E1406
6667,327,260719195251,xxxxxxxxxxxxxxxxxxxxxxxxxxxxxxxx26071919525101013E01072047017414B9
6668,266,260719195436,xxxxxxxxxxxxxxxxxxxxxxxxxxxxxxxx26071919543601013E01071E0A01AB10C3
6669,259,260719195621,xxxxxxxxxxxxxxxxxxxxxxxxxxxxxxxx26071919562101013E01071D03013B10DD
6670,293,260719195806,xxxxxxxxxxxxxxxxxxxxxxxxxxxxxxxx26071919580601013E01071C2501551253
6671,306,260719195951,xxxxxxxxxxxxxxxxxxxxxxxxxxxxxxxx26071919595101013E01071C32012A131D
6672,290,260719200136,xxxxxxxxxxxxxxxxxxxxxxxxxxxxxxxx26071920013601013E01071C22012B12BF
6673,286,260719200321,xxxxxxxxxxxxxxxxxxxxxxxxxxxxxxxx26071920032101013E01071C1E01E11154
6674,283,260719200506,xxxxxxxxxxxxxxxxxxxxxxxxxxxxxxxx26071920050601013E01071D1B01B1116F
6675,281,260719200651,xxxxxxxxxxxxxxxxxxxxxxxxxxxxxxxx26071920065101013E01071E1901901123
6676,270,260719200836,xxxxxxxxxxxxxxxxxxxxxxxxxxxxxxxx26071920083601013E01071F0E01E9100A
6677,277,260719201021,xxxxxxxxxxxxxxxxxxxxxxxxxxxxxxxx26071920102100013E01072015015A1144
6678,279,260719201206,xxxxxxxxxxxxxxxxxxxxxxxxxxxxxxxx26071920120600013E01072017017E11B9
6679,280,260719201351,xxxxxxxxxxxxxxxxxxxxxxxxxxxxxxxx26071920135100013E01072018018C112B
6680,281,260719201536,xxxxxxxxxxxxxxxxxxxxxxxxxxxxxxxx26071920153600013E010721190191110C
6681,281,260719201721,xxxxxxxxxxxxxxxxxxxxxxxxxxxxxxxx26071920172100013E01072119019711A6
6682,281,260719201906,xxxxxxxxxxxxxxxxxxxxxxxxxxxxxxxx26071920190600013E01072119019E1114
6683,282,260719202051,xxxxxxxxxxxxxxxxxxxxxxxxxxxxxxxx26071920205100013E0107211A01A51192
6684,282,260719202236,xxxxxxxxxxxxxxxxxxxxxxxxxxxxxxxx26071920223600013E0107211A01AA118A
6685,282,260719202421,xxxxxxxxxxxxxxxxxxxxxxxxxxxxxxxx26071920242100013E0107211A01AE11B1
6686,283,260719202606,xxxxxxxxxxxxxxxxxxxxxxxxxxxxxxxx26071920260600013E0107211B01B0110E
6687,397,260719202751,xxxxxxxxxxxxxxxxxxxxxxxxxxxxxxxx26071920275100013E0107218D01DA18C7
6688,536,260719202936,xxxxxxxxxxxxxxxxxxxxxxxxxxxxxxxx26071920293600013E0107211802892143
6689,659,260719203121,xxxxxxxxxxxxxxxxxxxxxxxxxxxxxxxx26071920312100013E010721930238290A
6690,748,260719203306,xxxxxxxxxxxxxxxxxxxxxxxxxxxxxxxx26071920330600013E010721EC02CB2E77
6691,746,260719203451,xxxxxxxxxxxxxxxxxxxxxxxxxxxxxxxx26071920345101013E010721EA02A92EB5
6692,746,260719203636,xxxxxxxxxxxxxxxxxxxxxxxxxxxxxxxx26071920363601013E010722EA02A32E1C
6693,746,260719203821,xxxxxxxxxxxxxxxxxxxxxxxxxxxxxxxx26071920382101013E010722EA02A12E8D
6694,746,260719204006,xxxxxxxxxxxxxxxxxxxxxxxxxxxxxxxx26071920400601013E010722EA02A02E49
6695,745,260719204151,xxxxxxxxxxxxxxxxxxxxxxxxxxxxxxxx26071920415101013E010722E9029E2E30
6696,745,260719204336,xxxxxxxxxxxxxxxxxxxxxxxxxxxxxxxx26071920433601013E010722E902942ED7
6697,744,260719204521,xxxxxxxxxxxxxxxxxxxxxxxxxxxxxxxx26071920452101013E010723E8028D2ECB
6698,682,260719204706,xxxxxxxxxxxxxxxxxxxxxxxxxxxxxxxx26071920470601013E010723AA02A52AFA
6699,702,260719204852,xxxxxxxxxxxxxxxxxxxxxxxxxxxxxxxx26071920485201013E010723BE02E62B5C
6700,732,260719205037,xxxxxxxxxxxxxxxxxxxxxxxxxxxxxxxx26071920503701013E010723DC02C52D82
6701,726,260719205222,xxxxxxxxxxxxxxxxxxxxxxxxxxxxxxxx26071920522201013E010723D6026A2D6F
6702,690,260719205407,xxxxxxxxxxxxxxxxxxxxxxxxxxxxxxxx26071920540701013E010723B2022C2B1D
6703,690,260719205552,xxxxxxxxxxxxxxxxxxxxxxxxxxxxxxxx26071920555201013E010722B202202B9D
6704,684,260719205737,xxxxxxxxxxxxxxxxxxxxxxxxxxxxxxxx26071920573701013E010722AC02CB2AB8
6705,679,260719205922,xxxxxxxxxxxxxxxxxxxxxxxxxxxxxxxx26071920592201013E010721A702722AD2
6706,696,260719210107,xxxxxxxxxxxxxxxxxxxxxxxxxxxxxxxx26071921010701013E010721B8028F2B3E
6707,539,260719210252,xxxxxxxxxxxxxxxxxxxxxxxxxxxxxxxx26071921025201013E0107211B02BA21B3
6708,650,260719210437,xxxxxxxxxxxxxxxxxxxxxxxxxxxxxxxx26071921043701013E0107218A02A1288E
6709,674,260719210622,xxxxxxxxxxxxxxxxxxxxxxxxxxxxxxxx26071921062201013E010722A2022E2A27
6710,713,260719210807,xxxxxxxxxxxxxxxxxxxxxxxxxxxxxxxx26071921080701013E010722C902992C92
6711,663,260719210952,xxxxxxxxxxxxxxxxxxxxxxxxxxxxxxxx26071921095201013E01072297027D292E
6712,605,260719211137,xxxxxxxxxxxxxxxxxxxxxxxxxxxxxxxx26071921113701013E0107225D02D22559
6713,672,260719211322,xxxxxxxxxxxxxxxxxxxxxxxxxxxxxxxx26071921132200013E010722A0020D2AB4
6714,735,260719211507,xxxxxxxxxxxxxxxxxxxxxxxxxxxxxxxx26071921150700013E010721DF02F62DF1
6715,1522,260719211652,xxxxxxxxxxxxxxxxxxxxxxxxxxxxxxxx26071921165200013E010721F205285FA6
6716,1643,260719211837,xxxxxxxxxxxxxxxxxxxxxxxxxxxxxxxx26071921183700013E0107216B06B066A7
6717,1643,260719212022,xxxxxxxxxxxxxxxxxxxxxxxxxxxxxxxx26071921202200013E0107216B06B866D1
6718,1643,260719212207,xxxxxxxxxxxxxxxxxxxxxxxxxxxxxxxx26071921220701013E0107206B06BD66E3
6719,1612,260719212352,xxxxxxxxxxxxxxxxxxxxxxxxxxxxxxxx26071921235201013E0107214C06C3640E
6720,1639,260719212537,xxxxxxxxxxxxxxxxxxxxxxxxxxxxxxxx26071921253701013E01072167067F6619
6721,1545,260719212722,xxxxxxxxxxxxxxxxxxxxxxxxxxxxxxxx26071921272201013E0107200906926070
6722,1626,260719212907,xxxxxxxxxxxxxxxxxxxxxxxxxxxxxxxx26071921290701013E0107205A06AE657F
6723,1666,260719213052,xxxxxxxxxxxxxxxxxxxxxxxxxxxxxxxx26071921305201013E01072082062B684F
6724,1608,260719213237,xxxxxxxxxxxxxxxxxxxxxxxxxxxxxxxx26071921323701013E01071F480688649E
6725,1609,260719213422,xxxxxxxxxxxxxxxxxxxxxxxxxxxxxxxx26071921342201013E01071F49069C64C6
6726,1606,260719213607,xxxxxxxxxxxxxxxxxxxxxxxxxxxxxxxx26071921360701013E01071F4606656477
6727,1592,260719213752,xxxxxxxxxxxxxxxxxxxxxxxxxxxxxxxx26071921375201013E01071F3806836396
6728,1606,260719213937,xxxxxxxxxxxxxxxxxxxxxxxxxxxxxxxx26071921393701013E01071F46066B64AB
6729,1560,260719214122,xxxxxxxxxxxxxxxxxxxxxxxxxxxxxxxx26071921412201013E01072018068A6103
6730,1566,260719214307,xxxxxxxxxxxxxxxxxxxxxxxxxxxxxxxx26071921430701013E0107201E06EE616B
6731,1576,260719214452,xxxxxxxxxxxxxxxxxxxxxxxxxxxxxxxx26071921445201013E0107212806806283
6732,1584,260719214637,xxxxxxxxxxxxxxxxxxxxxxxxxxxxxxxx26071921463701013E01072130060463ED
6733,1598,260719214822,xxxxxxxxxxxxxxxxxxxxxxxxxxxxxxxx26071921482201013E0107223E06E8638E
6734,1599,260719215007,xxxxxxxxxxxxxxxxxxxxxxxxxxxxxxxx26071921500701013E0107223F06FD6312
6735,1597,260719215152,xxxxxxxxxxxxxxxxxxxxxxxxxxxxxxxx26071921515201013E0107223D06D46366
6736,1561,260719215337,xxxxxxxxxxxxxxxxxxxxxxxxxxxxxxxx26071921533701013E01072219069561FB
6737,1561,260719215337,xxxxxxxxxxxxxxxxxxxxxxxxxxxxxxxx26071921533701013E01072219069561FB
6738,1584,260719215522,xxxxxxxxxxxxxxxxxxxxxxxxxxxxxxxx26071921552201013E010723300604636E
6739,1546,260719215707,xxxxxxxxxxxxxxxxxxxxxxxxxxxxxxxx26071921570701013E0107230A06A46031
6740,1567,260719215852,xxxxxxxxxxxxxxxxxxxxxxxxxxxxxxxx26071921585201013E0107231F06F461A1
6741,1614,260719220037,xxxxxxxxxxxxxxxxxxxxxxxxxxxxxxxx26071922003701013E0107244E06E564B0
6742,1568,260719220222,xxxxxxxxxxxxxxxxxxxxxxxxxxxxxxxx26071922022201013E01072420060662C8
6743,1541,260719220407,xxxxxxxxxxxxxxxxxxxxxxxxxxxxxxxx26071922040701013E01072405065E6084
6744,1546,260719220552,xxxxxxxxxxxxxxxxxxxxxxxxxxxxxxxx26071922055201013E0107230A06A46031
6745,1563,260719220737,xxxxxxxxxxxxxxxxxxxxxxxxxxxxxxxx26071922073701013E0107231B06B76161
6746,1553,260719220922,xxxxxxxxxxxxxxxxxxxxxxxxxxxxxxxx26071922092201013E01072411061761C5
6747,1552,260719221107,xxxxxxxxxxxxxxxxxxxxxxxxxxxxxxxx26071922110701013E0107241006056137
6748,1562,260719221252,xxxxxxxxxxxxxxxxxxxxxxxxxxxxxxxx26071922125201013E0107251A06AD6179
6749,1564,260719221437,xxxxxxxxxxxxxxxxxxxxxxxxxxxxxxxx26071922143701013E0107251C06CC61EE
6750,1533,260719221622,xxxxxxxxxxxxxxxxxxxxxxxxxxxxxxxx26071922162201013E010725FD05D75FA2
6751,1533,260719221622,xxxxxxxxxxxxxxxxxxxxxxxxxxxxxxxx26071922162201013E010725FD05D75FA2
6752,1533,260719221622,xxxxxxxxxxxxxxxxxxxxxxxxxxxxxxxx26071922162201013E010725FD05D75FA2
6753,1525,260719221807,xxxxxxxxxxxxxxxxxxxxxxxxxxxxxxxx26071922180701013E010724F5055C5F7F
6754,1547,260719221952,xxxxxxxxxxxxxxxxxxxxxxxxxxxxxxxx26071922195201013E0107240B06B3606D
6755,1537,260719222137,xxxxxxxxxxxxxxxxxxxxxxxxxxxxxxxx26071922213701013E01072401061460F6
6756,1545,260719222322,xxxxxxxxxxxxxxxxxxxxxxxxxxxxxxxx26071922232201013E010724090691603A
6757,1544,260719222507,xxxxxxxxxxxxxxxxxxxxxxxxxxxxxxxx26071922250701013E01072508068A60B7
6758,1515,260719222652,xxxxxxxxxxxxxxxxxxxxxxxxxxxxxxxx26071922265201013E010725EB05B25E68
6759,1515,260719222837,xxxxxxxxxxxxxxxxxxxxxxxxxxxxxxxx26071922283701013E010725EB05B25E68
6760,1505,260719223022,xxxxxxxxxxxxxxxxxxxxxxxxxxxxxxxx26071922302201013E010725E105165EA6
6761,1533,260719223207,xxxxxxxxxxxxxxxxxxxxxxxxxxxxxxxx26071922320701013E010725FD05D65F66
6762,1542,260719223352,xxxxxxxxxxxxxxxxxxxxxxxxxxxxxxxx26071922335201013E0107260606686008
6763,1444,260719223537,xxxxxxxxxxxxxxxxxxxxxxxxxxxxxxxx26071922353701013E010726A405455ACA
6764,1486,260719223722,xxxxxxxxxxxxxxxxxxxxxxxxxxxxxxxx26071922372201013E010726CE05E05C8D
6765,1526,260719223907,xxxxxxxxxxxxxxxxxxxxxxxxxxxxxxxx26071922390701013E010726F605635F41
6766,1524,260719224052,xxxxxxxxxxxxxxxxxxxxxxxxxxxxxxxx26071922405201013E010726F405475FBC
6767,1519,260719224237,xxxxxxxxxxxxxxxxxxxxxxxxxxxxxxxx26071922423701013E010726EF05F45E19
6768,1474,260719224422,xxxxxxxxxxxxxxxxxxxxxxxxxxxxxxxx26071922442201013E010726C205215CEF
6769,1506,260719224607,xxxxxxxxxxxxxxxxxxxxxxxxxxxxxxxx26071922460701013E010726E205275E89
6770,1491,260719224752,xxxxxxxxxxxxxxxxxxxxxxxxxxxxxxxx26071922475201013E010726D305335D7B
6771,1506,260719224937,xxxxxxxxxxxxxxxxxxxxxxxxxxxxxxxx26071922493701013E010726E2052C5EAA
6772,1490,260719225122,xxxxxxxxxxxxxxxxxxxxxxxxxxxxxxxx26071922512201013E010726D205215D89
6773,1496,260719225307,xxxxxxxxxxxxxxxxxxxxxxxxxxxxxxxx26071922530701013E010726D805815D7C
6774,1501,260719225452,xxxxxxxxxxxxxxxxxxxxxxxxxxxxxxxx26071922545200013E010726DD05DF5D56
6775,1502,260719225637,xxxxxxxxxxxxxxxxxxxxxxxxxxxxxxxx26071922563700013E010727DE05E55DD9
6776,1502,260719225822,xxxxxxxxxxxxxxxxxxxxxxxxxxxxxxxx26071922582200013E010727DE05E35D73
6777,1502,260719231201,xxxxxxxxxxxxxxxxxxxxxxxxxxxxxxxx26071923120100013E010726DE05E85D9D
6778,1480,260719231346,xxxxxxxxxxxxxxxxxxxxxxxxxxxxxxxx26071923134601013E010726C805845CE5
6779,1515,260719231531,xxxxxxxxxxxxxxxxxxxxxxxxxxxxxxxx26071923153101013E010727EB05B45E41
6780,1477,260719231716,xxxxxxxxxxxxxxxxxxxxxxxxxxxxxxxx26071923171601013E010728C505565C13
6781,1460,260719231902,xxxxxxxxxxxxxxxxxxxxxxxxxxxxxxxx26071923190201013E010727B405415B5A
6782,1377,260719232047,xxxxxxxxxxxxxxxxxxxxxxxxxxxxxxxx26071923204701013E01072761051F568C
6783,1506,260719232232,xxxxxxxxxxxxxxxxxxxxxxxxxxxxxxxx26071923223201013E010727E2052B5E09
6784,1505,260719232417,xxxxxxxxxxxxxxxxxxxxxxxxxxxxxxxx26071923241701013E010727E1051D5E06
6785,1489,260719232602,xxxxxxxxxxxxxxxxxxxxxxxxxxxxxxxx26071923260201013E010726D105155D17
6786,1467,260719232747,xxxxxxxxxxxxxxxxxxxxxxxxxxxxxxxx26071923274701013E010726BB05B15B94
6787,1484,260719232932,xxxxxxxxxxxxxxxxxxxxxxxxxxxxxxxx26071923293201013E010725CC05C55CFA
6788,1470,260719233117,xxxxxxxxxxxxxxxxxxxxxxxxxxxxxxxx26071923311701013E010724BE05EF5B3D
6789,1401,260719233302,xxxxxxxxxxxxxxxxxxxxxxxxxxxxxxxx26071923330201013E01072479059357DA
6790,1444,260719233447,xxxxxxxxxxxxxxxxxxxxxxxxxxxxxxxx26071923344701013E010724A4054E5A6A
6791,1474,260719233632,xxxxxxxxxxxxxxxxxxxxxxxxxxxxxxxx26071923363201013E010725C205295CD7
6792,1376,260719233817,xxxxxxxxxxxxxxxxxxxxxxxxxxxxxxxx26071923381701013E010725600504564F
6793,1454,260719234002,xxxxxxxxxxxxxxxxxxxxxxxxxxxxxxxx26071923400201013E010725AE05E75AE0
6794,1460,260719234147,xxxxxxxxxxxxxxxxxxxxxxxxxxxxxxxx26071923414701013E010724B405405BD0
6795,1443,260719234332,xxxxxxxxxxxxxxxxxxxxxxxxxxxxxxxx26071923433201013E010724A3053C5ACB
6796,1468,260719234517,xxxxxxxxxxxxxxxxxxxxxxxxxxxxxxxx26071923451701013E010723BC05C65B18
6797,1453,260719234702,xxxxxxxxxxxxxxxxxxxxxxxxxxxxxxxx26071923470201013E010723AD05DB5A94
6798,1456,260719234847,xxxxxxxxxxxxxxxxxxxxxxxxxxxxxxxx26071923484701013E010723B005095BA6
6799,1437,260719235032,xxxxxxxxxxxxxxxxxxxxxxxxxxxxxxxx26071923503201013E0107229D05DB59F3
6800,1444,260719235217,xxxxxxxxxxxxxxxxxxxxxxxxxxxxxxxx26071923521701013E010721A405435A31
6801,1433,260719235402,xxxxxxxxxxxxxxxxxxxxxxxxxxxxxxxx26071923540201013E01072199059659A1
6802,1432,260719235547,xxxxxxxxxxxxxxxxxxxxxxxxxxxxxxxx26071923554701013E01072198058B594B
6803,1454,260719235732,xxxxxxxxxxxxxxxxxxxxxxxxxxxxxxxx26071923573201013E010721AE05E75AFF
6804,1411,260719235917,xxxxxxxxxxxxxxxxxxxxxxxxxxxxxxxx26071923591701013E0107218305305898
6805,1408,260720000102,xxxxxxxxxxxxxxxxxxxxxxxxxxxxxxxx26072000010201013E010721800509588F
6806,1414,260720000247,xxxxxxxxxxxxxxxxxxxxxxxxxxxxxxxx26072000024701013E010722860566588A
6807,1412,260720000432,xxxxxxxxxxxxxxxxxxxxxxxxxxxxxxxx26072000043201013E01072384054158EF
6808,1402,260720000617,xxxxxxxxxxxxxxxxxxxxxxxxxxxxxxxx26072000061701013E0107237A05A45740
6809,1438,260720000802,xxxxxxxxxxxxxxxxxxxxxxxxxxxxxxxx26072000080201013E0107239E05EC59F5
6810,1424,260720000947,xxxxxxxxxxxxxxxxxxxxxxxxxxxxxxxx26072000094701013E01072290050159D1
6811,1408,260720001132,xxxxxxxxxxxxxxxxxxxxxxxxxxxxxxxx26072000113201013E01072280050158B7
6812,1398,260720001317,xxxxxxxxxxxxxxxxxxxxxxxxxxxxxxxx26072000131701013E01072176056A57B9
6813,1390,260720001502,xxxxxxxxxxxxxxxxxxxxxxxxxxxxxxxx26072000150201013E0107216E05E2569A
6814,1382,260720001647,xxxxxxxxxxxxxxxxxxxxxxxxxxxxxxxx26072000164701013E01072166056A56DF
6815,1358,260720001832,xxxxxxxxxxxxxxxxxxxxxxxxxxxxxxxx26072000183201013E0107214E05EC548A
6816,1424,260720002017,xxxxxxxxxxxxxxxxxxxxxxxxxxxxxxxx26072000201701013E01072190050F5943
6817,1430,260720002202,xxxxxxxxxxxxxxxxxxxxxxxxxxxxxxxx26072000220200013E01072196056659A2
6818,1429,260720002347,xxxxxxxxxxxxxxxxxxxxxxxxxxxxxxxx26072000234700013E01072195055D5924
6819,1432,260720010016,xxxxxxxxxxxxxxxxxxxxxxxxxxxxxxxx26072001001600013E010720980585595A
6820,1432,260720010201,xxxxxxxxxxxxxxxxxxxxxxxxxxxxxxxx26072001020100013E01072098058859D3
6821,1413,260720010346,xxxxxxxxxxxxxxxxxxxxxxxxxxxxxxxx26072001034601013E01072085055D588F
6822,1408,260720010531,xxxxxxxxxxxxxxxxxxxxxxxxxxxxxxxx26072001053101013E01072080050B58D3
6823,1418,260720010716,xxxxxxxxxxxxxxxxxxxxxxxxxxxxxxxx26072001071601013E0107208A05AC5848
6824,1404,260720010901,xxxxxxxxxxxxxxxxxxxxxxxxxxxxxxxx26072001090101013E0107207C05CB5745
6825,1393,260720011046,xxxxxxxxxxxxxxxxxxxxxxxxxxxxxxxx26072001104601013E01071F71051B576B
6826,1403,260720011231,xxxxxxxxxxxxxxxxxxxxxxxxxxxxxxxx26072001123101013E01071F7B05BD5734
6827,1402,260720011416,xxxxxxxxxxxxxxxxxxxxxxxxxxxxxxxx26072001141601013E01071F7A05A65774
6828,1398,260720011601,xxxxxxxxxxxxxxxxxxxxxxxxxxxxxxxx26072001160101013E01071E7605625724
6829,1355,260720011746,xxxxxxxxxxxxxxxxxxxxxxxxxxxxxxxx26072001174601013E01071E4B05BE5406
6830,1396,260720011931,xxxxxxxxxxxxxxxxxxxxxxxxxxxxxxxx26072001193101013E01071E74054B5750
6831,1395,260720012116,xxxxxxxxxxxxxxxxxxxxxxxxxxxxxxxx26072001211600013E01071E73053E579F
6832,1394,260720012301,xxxxxxxxxxxxxxxxxxxxxxxxxxxxxxxx26072001230101013E01071F72052B57CE
6833,1395,260720012446,xxxxxxxxxxxxxxxxxxxxxxxxxxxxxxxx26072001244600013E01071F730531574A
6834,1390,260720012631,xxxxxxxxxxxxxxxxxxxxxxxxxxxxxxxx26072001263100013E01071F6E05ED56A4
6835,1389,260720012816,xxxxxxxxxxxxxxxxxxxxxxxxxxxxxxxx26072001281601013E01071F6D05D25619
6836,1383,260720013001,xxxxxxxxxxxxxxxxxxxxxxxxxxxxxxxx26072001300101013E01072067057B56B5
6837,1371,260720013146,xxxxxxxxxxxxxxxxxxxxxxxxxxxxxxxx26072001314601013E0107205B05B1555E
6838,1380,260720013331,xxxxxxxxxxxxxxxxxxxxxxxxxxxxxxxx26072001333101013E010720640547565D
6839,1367,260720013516,xxxxxxxxxxxxxxxxxxxxxxxxxxxxxxxx26072001351601013E01071F5705795565
6840,1343,260720013701,xxxxxxxxxxxxxxxxxxxxxxxxxxxxxxxx26072001370101013E01071E3F05F153A0
6841,1364,260720013846,xxxxxxxxxxxxxxxxxxxxxxxxxxxxxxxx26072001384601013E01071E54054D5536
6842,1321,260720014031,xxxxxxxxxxxxxxxxxxxxxxxxxxxxxxxx26072001403101013E01071E29059B5272
6843,1337,260720014216,xxxxxxxxxxxxxxxxxxxxxxxxxxxxxxxx26072001421601013E01071E39059D53BE
6844,1353,260720014401,xxxxxxxxxxxxxxxxxxxxxxxxxxxxxxxx26072001440101013E01071F4905915415
6845,1336,260720014546,xxxxxxxxxxxxxxxxxxxxxxxxxxxxxxxx26072001454601013E01071E3805805354
6846,1350,260720014731,xxxxxxxxxxxxxxxxxxxxxxxxxxxxxxxx26072001473101013E01071E46056154DB
6847,1357,260720014916,xxxxxxxxxxxxxxxxxxxxxxxxxxxxxxxx26072001491601013E01071E4D05DA546E
6848,1328,260720015101,xxxxxxxxxxxxxxxxxxxxxxxxxxxxxxxx26072001510101013E01071E30050F537F
6849,1319,260720015246,xxxxxxxxxxxxxxxxxxxxxxxxxxxxxxxx26072001524601013E01071E27057C527C
6850,1323,260720015431,xxxxxxxxxxxxxxxxxxxxxxxxxxxxxxxx26072001543101013E01071E2B05B15253
6851,1316,260720015616,xxxxxxxxxxxxxxxxxxxxxxxxxxxxxxxx26072001561601013E01071E2405405294
6852,1298,260720015801,xxxxxxxxxxxxxxxxxxxxxxxxxxxxxxxx26072001580101013E01071E120528511B
6853,1315,260720015946,xxxxxxxxxxxxxxxxxxxxxxxxxxxxxxxx26072001594601013E01071E2305315260
6854,1305,260720020131,xxxxxxxxxxxxxxxxxxxxxxxxxxxxxxxx26072002013101013E01071E19059351AE
6855,1241,260720020316,xxxxxxxxxxxxxxxxxxxxxxxxxxxxxxxx26072002031601013E01071ED904974D39
6856,1299,260720020501,xxxxxxxxxxxxxxxxxxxxxxxxxxxxxxxx26072002050101013E01071F13053F51DB
6857,1303,260720020646,xxxxxxxxxxxxxxxxxxxxxxxxxxxxxxxx26072002064601013E01071F17057C511B
6858,1300,260720020831,xxxxxxxxxxxxxxxxxxxxxxxxxxxxxxxx26072002083101013E01071E14054251AF
6859,1286,260720021016,xxxxxxxxxxxxxxxxxxxxxxxxxxxxxxxx26072002101601013E01071E060562500F
6860,1285,260720021201,xxxxxxxxxxxxxxxxxxxxxxxxxxxxxxxx26072002120101013E01071E0505575055
6861,1305,260720021346,xxxxxxxxxxxxxxxxxxxxxxxxxxxxxxxx26072002134601013E01071D190595514A
6862,1301,260720021531,xxxxxxxxxxxxxxxxxxxxxxxxxxxxxxxx26072002153101013E01071C15055751B0
6863,1274,260720021716,xxxxxxxxxxxxxxxxxxxxxxxxxxxxxxxx26072002171601013E01071CFA04A44F86
6864,1287,260720021901,xxxxxxxxxxxxxxxxxxxxxxxxxxxxxxxx26072002190101013E01071D0705725022
6865,1262,260720022046,xxxxxxxxxxxxxxxxxxxxxxxxxxxxxxxx26072002204601013E01071EEE04E64E67
6866,1284,260720022231,xxxxxxxxxxxxxxxxxxxxxxxxxxxxxxxx26072002223101013E01071D04054D509F
6867,1290,260720022416,xxxxxxxxxxxxxxxxxxxxxxxxxxxxxxxx26072002241601013E01071C0A05A2502A
6868,1266,260720022601,xxxxxxxxxxxxxxxxxxxxxxxxxxxxxxxx26072002260101013E01071BF204284FA9
6869,1274,260720022746,xxxxxxxxxxxxxxxxxxxxxxxxxxxxxxxx26072002274601013E01071AFA04A54FDE
6870,1268,260720022931,xxxxxxxxxxxxxxxxxxxxxxxxxxxxxxxx26072002293101013E01071AF4044C4F0C
6871,1272,260720023116,xxxxxxxxxxxxxxxxxxxxxxxxxxxxxxxx26072002311601013E01071AF804824F76
6872,1252,260720023301,xxxxxxxxxxxxxxxxxxxxxxxxxxxxxxxx26072002330101013E01071AE404484E51
6873,1254,260720023446,xxxxxxxxxxxxxxxxxxxxxxxxxxxxxxxx26072002344601013E01071AE604694E53
6874,1255,260720023631,xxxxxxxxxxxxxxxxxxxxxxxxxxxxxxxx26072002363101013E01071AE704714E46
6875,1252,260720023816,xxxxxxxxxxxxxxxxxxxxxxxxxxxxxxxx26072002381601013E01071AE404414EE3
6876,1239,260720024001,xxxxxxxxxxxxxxxxxxxxxxxxxxxxxxxx26072002400101013E01071AD704724DB9
6877,1240,260720024146,xxxxxxxxxxxxxxxxxxxxxxxxxxxxxxxx26072002414601013E01071AD8048C4D66
6878,1234,260720024331,xxxxxxxxxxxxxxxxxxxxxxxxxxxxxxxx26072002433101013E01071AD204264D74
6879,1228,260720024516,xxxxxxxxxxxxxxxxxxxxxxxxxxxxxxxx26072002451601013E01071ACC04CD4C51
6880,1187,260720024701,xxxxxxxxxxxxxxxxxxxxxxxxxxxxxxxx26072002470101013E01071BA304374A35
6881,1217,260720024846,xxxxxxxxxxxxxxxxxxxxxxxxxxxxxxxx26072002484601013E01071BC104124C41
6882,1196,260720025032,xxxxxxxxxxxxxxxxxxxxxxxxxxxxxxxx26072002503201013E01071CAC04C44A32
6883,1200,260720025217,xxxxxxxxxxxxxxxxxxxxxxxxxxxxxxxx26072002521701013E01071DB004064BAE
6884,1182,260720025402,xxxxxxxxxxxxxxxxxxxxxxxxxxxxxxxx26072002540201013E01071D9E04E24939
6885,1228,260720025547,xxxxxxxxxxxxxxxxxxxxxxxxxxxxxxxx26072002554701013E01071DCC04CF4C91
6886,1193,260720025732,xxxxxxxxxxxxxxxxxxxxxxxxxxxxxxxx26072002573201013E01071DA9049E4AEE
6887,1183,260720025917,xxxxxxxxxxxxxxxxxxxxxxxxxxxxxxxx26072002591701013E01071D9F04FB49E8
6888,1188,260720030102,xxxxxxxxxxxxxxxxxxxxxxxxxxxxxxxx26072003010201013E01071DA404404AF7
6889,1162,260720030247,xxxxxxxxxxxxxxxxxxxxxxxxxxxxxxxx26072003024701013E01071D8A04AB4878
6890,1190,260720030432,xxxxxxxxxxxxxxxxxxxxxxxxxxxxxxxx26072003043201013E01071EA6046D4AF6
6891,1199,260720030617,xxxxxxxxxxxxxxxxxxxxxxxxxxxxxxxx26072003061701013E01071EAF04F24ABE
6892,1189,260720030802,xxxxxxxxxxxxxxxxxxxxxxxxxxxxxxxx26072003080201013E01071EA504554A25
6893,1181,260720030947,xxxxxxxxxxxxxxxxxxxxxxxxxxxxxxxx26072003094701013E01071E9D04D34916
6894,1155,260720031132,xxxxxxxxxxxxxxxxxxxxxxxxxxxxxxxx26072003113201013E01071E83043548BA
6895,1185,260720031317,xxxxxxxxxxxxxxxxxxxxxxxxxxxxxxxx26072003131701013E01071EA1041B4A6C
6896,1150,260720031502,xxxxxxxxxxxxxxxxxxxxxxxxxxxxxxxx26072003150201013E01071E7E04E747DE
6897,1195,260720031647,xxxxxxxxxxxxxxxxxxxxxxxxxxxxxxxx26072003164701013E01071EAB04B74AD4
6898,1161,260720031832,xxxxxxxxxxxxxxxxxxxxxxxxxxxxxxxx26072003183201013E01071F89049148B9
6899,1171,260720032017,xxxxxxxxxxxxxxxxxxxxxxxxxxxxxxxx26072003201701013E01071F93043049EE
6900,1087,260720032202,xxxxxxxxxxxxxxxxxxxxxxxxxxxxxxxx26072003220201013E01071F3F04F2430E
6901,1148,260720032347,xxxxxxxxxxxxxxxxxxxxxxxxxxxxxxxx26072003234701013E01071F7C04CE4767
6902,1161,260720032532,xxxxxxxxxxxxxxxxxxxxxxxxxxxxxxxx26072003253201013E01071E89049A4857
6903,1150,260720032717,xxxxxxxxxxxxxxxxxxxxxxxxxxxxxxxx26072003271701013E01071E7E04EA4757
6904,1144,260720032902,xxxxxxxxxxxxxxxxxxxxxxxxxxxxxxxx26072003290201013E01071E78048F47FB
6905,1155,260720033047,xxxxxxxxxxxxxxxxxxxxxxxxxxxxxxxx26072003304701013E01071E83043E4899
6906,1147,260720033232,xxxxxxxxxxxxxxxxxxxxxxxxxxxxxxxx26072003323201013E01071D7B04BC4745
6908,1145,260720033417,xxxxxxxxxxxxxxxxxxxxxxxxxxxxxxxx26072003341701013E01071D79049047CE
6907,1145,260720033417,xxxxxxxxxxxxxxxxxxxxxxxxxxxxxxxx26072003341701013E01071D79049047CE
6909,1139,260720033602,xxxxxxxxxxxxxxxxxxxxxxxxxxxxxxxx26072003360201013E01071E7304334720
6910,1107,260720033747,xxxxxxxxxxxxxxxxxxxxxxxxxxxxxxxx26072003374701013E01071E5304364513
6911,1141,260720033932,xxxxxxxxxxxxxxxxxxxxxxxxxxxxxxxx26072003393201013E01071E7504574748
6912,1135,260720034117,xxxxxxxxxxxxxxxxxxxxxxxxxxxxxxxx26072003411701013E01071E6F04F5464A
6913,1125,260720034302,xxxxxxxxxxxxxxxxxxxxxxxxxxxxxxxx26072003430201013E01071E6504534615
6914,1116,260720034447,xxxxxxxxxxxxxxxxxxxxxxxxxxxxxxxx26072003444701013E01071E5C04CB4599
6915,1113,260720034632,xxxxxxxxxxxxxxxxxxxxxxxxxxxxxxxx26072003463201013E01071E59049E4590
6916,1108,260720034817,xxxxxxxxxxxxxxxxxxxxxxxxxxxxxxxx26072003481701013E01071E54044A456E
6917,1104,260720035002,xxxxxxxxxxxxxxxxxxxxxxxxxxxxxxxx26072003500201013E01071D5004014596
6918,1097,260720035147,xxxxxxxxxxxxxxxxxxxxxxxxxxxxxxxx26072003514701013E01071D49049F447C
6919,1090,260720035332,xxxxxxxxxxxxxxxxxxxxxxxxxxxxxxxx26072003533201013E01071D4204214436
6920,1078,260720035517,xxxxxxxxxxxxxxxxxxxxxxxxxxxxxxxx26072003551701013E01071D3604614388
6921,1108,260720035702,xxxxxxxxxxxxxxxxxxxxxxxxxxxxxxxx26072003570201013E01071D54044C458A
6922,1103,260720035847,xxxxxxxxxxxxxxxxxxxxxxxxxxxxxxxx26072003584701013E01071D4F04FB4414
6923,1076,260720040032,xxxxxxxxxxxxxxxxxxxxxxxxxxxxxxxx26072004003201013E01071D34044343DF
6924,1081,260720040217,xxxxxxxxxxxxxxxxxxxxxxxxxxxxxxxx26072004021701013E01071E39049E43DD
6925,1029,260720040402,xxxxxxxxxxxxxxxxxxxxxxxxxxxxxxxx26072004040201013E01071E0504574063
6926,1077,260720040547,xxxxxxxxxxxxxxxxxxxxxxxxxxxxxxxx26072004054700013E01071E35045843D1
6927,1083,260720040732,xxxxxxxxxxxxxxxxxxxxxxxxxxxxxxxx26072004073201013E01071E3B04B14303
6928,1083,260720040917,xxxxxxxxxxxxxxxxxxxxxxxxxxxxxxxx26072004091700013E01071E3B04B843B1
6929,1083,260720041102,xxxxxxxxxxxxxxxxxxxxxxxxxxxxxxxx26072004110200013E01071E3B04B843B1
6930,1083,260720041247,xxxxxxxxxxxxxxxxxxxxxxxxxxxxxxxx26072004124700013E01071E3B04BA4320
6931,1083,260720041432,xxxxxxxxxxxxxxxxxxxxxxxxxxxxxxxx26072004143200013E01071E3B04BB43E4
6932,1083,260720041617,xxxxxxxxxxxxxxxxxxxxxxxxxxxxxxxx26072004161700013E01071F3B04BD4383
6933,1083,260720041802,xxxxxxxxxxxxxxxxxxxxxxxxxxxxxxxx26072004180200013E01071F3B04BF4312
6934,1084,260720041947,xxxxxxxxxxxxxxxxxxxxxxxxxxxxxxxx26072004194700013E01071F3C04C0433A
6935,1084,260720042132,xxxxxxxxxxxxxxxxxxxxxxxxxxxxxxxx26072004213200013E01071F3C04C143FE
6936,1084,260720042317,xxxxxxxxxxxxxxxxxxxxxxxxxxxxxxxx26072004231700013E01071F3C04C0433A
6937,1084,260720042502,xxxxxxxxxxxxxxxxxxxxxxxxxxxxxxxx26072004250200013E01071F3C04C3436F
6938,1084,260720042647,xxxxxxxxxxxxxxxxxxxxxxxxxxxxxxxx26072004264700013E01071F3C04C44301
6939,1084,260720042832,xxxxxxxxxxxxxxxxxxxxxxxxxxxxxxxx26072004283200013E01071F3C04C543C5
6940,1084,260720043017,xxxxxxxxxxxxxxxxxxxxxxxxxxxxxxxx26072004301700013E01071F3C04C74354
6941,1084,260720043202,xxxxxxxxxxxxxxxxxxxxxxxxxxxxxxxx26072004320200013E01071F3C04C94388
6942,1084,260720043347,xxxxxxxxxxxxxxxxxxxxxxxxxxxxxxxx26072004334700013E01071F3C04CA43DD
6943,1084,260720043532,xxxxxxxxxxxxxxxxxxxxxxxxxxxxxxxx26072004353200013E01071E3C04CB43D4
6944,1084,260720043717,xxxxxxxxxxxxxxxxxxxxxxxxxxxxxxxx26072004371700013E01071E3C04CC43BA
6945,1084,260720043902,xxxxxxxxxxxxxxxxxxxxxxxxxxxxxxxx26072004390200013E01071E3C04CD437E
6946,1084,260720044047,xxxxxxxxxxxxxxxxxxxxxxxxxxxxxxxx26072004404700013E01071E3C04CE432B
6947,1084,260720044232,xxxxxxxxxxxxxxxxxxxxxxxxxxxxxxxx26072004423200013E01071E3C04CF43EF
6948,1085,260720044417,xxxxxxxxxxxxxxxxxxxxxxxxxxxxxxxx26072004441700013E01071E3D04D14350
6949,1085,260720044602,xxxxxxxxxxxxxxxxxxxxxxxxxxxxxxxx26072004460200013E01071E3D04D14350
6950,1085,260720044747,xxxxxxxxxxxxxxxxxxxxxxxxxxxxxxxx26072004474700013E01071E3D04D343C1
6951,1085,260720044932,xxxxxxxxxxxxxxxxxxxxxxxxxxxxxxxx26072004493200013E01071E3D04D443AF
6952,1085,260720045117,xxxxxxxxxxxxxxxxxxxxxxxxxxxxxxxx26072004511700013E01071E3D04D443AF
6953,1085,260720045302,xxxxxxxxxxxxxxxxxxxxxxxxxxxxxxxx26072004530200013E01071E3D04D443AF
6954,1085,260720045447,xxxxxxxxxxxxxxxxxxxxxxxxxxxxxxxx26072004544700013E01071E3D04D5436B
6955,1085,260720045632,xxxxxxxxxxxxxxxxxxxxxxxxxxxxxxxx26072004563200013E01071E3D04D6433E
6956,1085,260720045817,xxxxxxxxxxxxxxxxxxxxxxxxxxxxxxxx26072004581700013E01071E3D04D94326
6957,1085,260720050002,xxxxxxxxxxxxxxxxxxxxxxxxxxxxxxxx26072005000200013E01071E3D04DA4373
6958,1085,260720050147,xxxxxxxxxxxxxxxxxxxxxxxxxxxxxxxx26072005014700013E01071E3D04DB43B7
6959,1085,260720050332,xxxxxxxxxxxxxxxxxxxxxxxxxxxxxxxx26072005033200013E01071E3D04DD431D
6960,1085,260720050517,xxxxxxxxxxxxxxxxxxxxxxxxxxxxxxxx26072005051700013E01071E3D04DE4348
6961,1085,260720050702,xxxxxxxxxxxxxxxxxxxxxxxxxxxxxxxx26072005070200013E01071E3D04DF438C
6962,1085,260720050847,xxxxxxxxxxxxxxxxxxxxxxxxxxxxxxxx26072005084700013E01071E3D04DF438C
6963,1086,260720051032,xxxxxxxxxxxxxxxxxxxxxxxxxxxxxxxx26072005103200013E01071E3E04E04331
6964,1086,260720051217,xxxxxxxxxxxxxxxxxxxxxxxxxxxxxxxx26072005121700013E01071E3E04E143F5
6965,1086,260720051402,xxxxxxxxxxxxxxxxxxxxxxxxxxxxxxxx26072005140200013E01071E3E04E34364
6966,1086,260720051547,xxxxxxxxxxxxxxxxxxxxxxxxxxxxxxxx26072005154700013E01071E3E04E34364
6967,1086,260720051732,xxxxxxxxxxxxxxxxxxxxxxxxxxxxxxxx26072005173200013E01071E3E04E4430A
6968,1086,260720051917,xxxxxxxxxxxxxxxxxxxxxxxxxxxxxxxx26072005191700013E01071E3E04E543CE
6969,1086,260720052102,xxxxxxxxxxxxxxxxxxxxxxxxxxxxxxxx26072005210200013E01071E3E04E6439B
6970,1086,260720052247,xxxxxxxxxxxxxxxxxxxxxxxxxxxxxxxx26072005224700013E01071E3E04E6439B
6971,1086,260720052432,xxxxxxxxxxxxxxxxxxxxxxxxxxxxxxxx26072005243200013E01071E3E04E7435F
6972,1086,260720052617,xxxxxxxxxxxxxxxxxxxxxxxxxxxxxxxx26072005261700013E01071E3E04E94383
6973,1086,260720052802,xxxxxxxxxxxxxxxxxxxxxxxxxxxxxxxx26072005280200013E01071E3E04E94383
6974,1086,260720052947,xxxxxxxxxxxxxxxxxxxxxxxxxxxxxxxx26072005294700013E01071E3E04EA43D6
6975,1086,260720053132,xxxxxxxxxxxxxxxxxxxxxxxxxxxxxxxx26072005313200013E01071E3E04EA43D6
6976,1086,260720053317,xxxxxxxxxxxxxxxxxxxxxxxxxxxxxxxx26072005331700013E01071E3E04EB4312
6977,1086,260720053502,xxxxxxxxxxxxxxxxxxxxxxxxxxxxxxxx26072005350200013E01071E3E04EC437C
6978,1086,260720053647,xxxxxxxxxxxxxxxxxxxxxxxxxxxxxxxx26072005364700013E01071E3E04EC437C
6979,1086,260720053832,xxxxxxxxxxxxxxxxxxxxxxxxxxxxxxxx26072005383200013E01071E3E04EE43ED
6980,1086,260720054018,xxxxxxxxxxxxxxxxxxxxxxxxxxxxxxxx26072005401800013E01071E3E04EE43ED
6981,1086,260720054203,xxxxxxxxxxxxxxxxxxxxxxxxxxxxxxxx26072005420300013E01071E3E04EF4329
6982,1086,260720054348,xxxxxxxxxxxxxxxxxxxxxxxxxxxxxxxx26072005434800013E01071E3E04EF4329
6983,1087,260720054533,xxxxxxxxxxxxxxxxxxxxxxxxxxxxxxxx26072005453300013E01071E3F04F04352
6984,1087,260720054718,xxxxxxxxxxxxxxxxxxxxxxxxxxxxxxxx26072005471800013E01071E3F04F04352
6985,1087,260720054903,xxxxxxxxxxxxxxxxxxxxxxxxxxxxxxxx26072005490300013E01071E3F04F04352
6986,1087,260720055048,xxxxxxxxxxxxxxxxxxxxxxxxxxxxxxxx26072005504800013E01071E3F04F243C3
6987,1087,260720055233,xxxxxxxxxxxxxxxxxxxxxxxxxxxxxxxx26072005523300013E01071E3F04F243C3
6988,1087,260720055418,xxxxxxxxxxxxxxxxxxxxxxxxxxxxxxxx26072005541800013E01071E3F04F34307
6989,1087,260720055603,xxxxxxxxxxxxxxxxxxxxxxxxxxxxxxxx26072005560300013E01071E3F04F44369
6990,1087,260720055748,xxxxxxxxxxxxxxxxxxxxxxxxxxxxxxxx26072005574800013E01071E3F04F643F8
6991,1087,260720055933,xxxxxxxxxxxxxxxxxxxxxxxxxxxxxxxx26072005593300013E01071E3F04F543AD
6992,1087,260720060118,xxxxxxxxxxxxxxxxxxxxxxxxxxxxxxxx26072006011800013E01071E3F04F643F8
6993,1087,260720060303,xxxxxxxxxxxxxxxxxxxxxxxxxxxxxxxx26072006030300013E01071E3F04F7433C
6998,1087,260720060448,xxxxxxxxxxxxxxxxxxxxxxxxxxxxxxxx26072006044800013E01071E3F04F84324
6997,1087,260720060448,xxxxxxxxxxxxxxxxxxxxxxxxxxxxxxxx26072006044800013E01071E3F04F84324
6996,1087,260720060448,xxxxxxxxxxxxxxxxxxxxxxxxxxxxxxxx26072006044800013E01071E3F04F84324
6995,1087,260720060448,xxxxxxxxxxxxxxxxxxxxxxxxxxxxxxxx26072006044800013E01071E3F04F84324
6994,1087,260720060448,xxxxxxxxxxxxxxxxxxxxxxxxxxxxxxxx26072006044800013E01071E3F04F84324
6999,1087,260720060633,xxxxxxxxxxxxxxxxxxxxxxxxxxxxxxxx26072006063300013E01071E3F04F84324
7000,1087,260720060818,xxxxxxxxxxxxxxxxxxxxxxxxxxxxxxxx26072006081800013E01071E3F04F943E0
7001,1087,260720061003,xxxxxxxxxxxxxxxxxxxxxxxxxxxxxxxx26072006100300013E01071E3F04FA43B5
7002,1087,260720061148,xxxxxxxxxxxxxxxxxxxxxxxxxxxxxxxx26072006114800013E01071E3F04FA43B5
7007,1087,260720061333,xxxxxxxxxxxxxxxxxxxxxxxxxxxxxxxx26072006133300013E01071E3F04FB4371
7006,1087,260720061333,xxxxxxxxxxxxxxxxxxxxxxxxxxxxxxxx26072006133300013E01071E3F04FB4371
7004,1087,260720061333,xxxxxxxxxxxxxxxxxxxxxxxxxxxxxxxx26072006133300013E01071E3F04FB4371
7003,1087,260720061333,xxxxxxxxxxxxxxxxxxxxxxxxxxxxxxxx26072006133300013E01071E3F04FB4371
7005,1087,260720061333,xxxxxxxxxxxxxxxxxxxxxxxxxxxxxxxx26072006133300013E01071E3F04FB4371
7008,1087,260720061518,xxxxxxxxxxxxxxxxxxxxxxxxxxxxxxxx26072006151800013E01071E3F04FC431F
7009,1087,260720061703,xxxxxxxxxxxxxxxxxxxxxxxxxxxxxxxx26072006170300013E01071E3F04FC431F
7010,1087,260720061848,xxxxxxxxxxxxxxxxxxxxxxxxxxxxxxxx26072006184800013E01071E3F04FC431F
7011,1087,260720061848,xxxxxxxxxxxxxxxxxxxxxxxxxxxxxxxx26072006184800013E01071E3F04FC431F
7012,1087,260720061848,xxxxxxxxxxxxxxxxxxxxxxxxxxxxxxxx26072006184800013E01071E3F04FC431F
7013,1087,260720061848,xxxxxxxxxxxxxxxxxxxxxxxxxxxxxxxx26072006184800013E01071E3F04FC431F
7014,1087,260720062033,xxxxxxxxxxxxxxxxxxxxxxxxxxxxxxxx26072006203300013E01071E3F04FD43DB
7015,1087,260720062218,xxxxxxxxxxxxxxxxxxxxxxxxxxxxxxxx26072006221800013E01071E3F04FE438E
7016,1087,260720062218,xxxxxxxxxxxxxxxxxxxxxxxxxxxxxxxx26072006221800013E01071E3F04FE438E
7017,1087,260720062403,xxxxxxxxxxxxxxxxxxxxxxxxxxxxxxxx26072006240300013E01071E3F04FE438E
7018,1087,260720062403,xxxxxxxxxxxxxxxxxxxxxxxxxxxxxxxx26072006240300013E01071E3F04FE438E
7024,1087,260720062548,xxxxxxxxxxxxxxxxxxxxxxxxxxxxxxxx26072006254800013E01071E3F04FF434A
7025,1087,260720062548,xxxxxxxxxxxxxxxxxxxxxxxxxxxxxxxx26072006254800013E01071E3F04FF434A
7022,1087,260720062548,xxxxxxxxxxxxxxxxxxxxxxxxxxxxxxxx26072006254800013E01071E3F04FF434A
7023,1087,260720062548,xxxxxxxxxxxxxxxxxxxxxxxxxxxxxxxx26072006254800013E01071E3F04FF434A
7019,1087,260720062548,xxxxxxxxxxxxxxxxxxxxxxxxxxxxxxxx26072006254800013E01071E3F04FF434A
7020,1088,260720062733,xxxxxxxxxxxxxxxxxxxxxxxxxxxxxxxx26072006273300013E01071E400400447A
7021,1088,260720062918,xxxxxxxxxxxxxxxxxxxxxxxxxxxxxxxx26072006291800013E01071E400400447A
7026,1088,260720063103,xxxxxxxxxxxxxxxxxxxxxxxxxxxxxxxx26072006310300013E01071E400400447A
7027,1088,260720063248,xxxxxxxxxxxxxxxxxxxxxxxxxxxxxxxx26072006324800013E01071E40040144BE
7028,1088,260720063433,xxxxxxxxxxxxxxxxxxxxxxxxxxxxxxxx26072006343300013E01071E40040144BE
7029,1088,260720063618,xxxxxxxxxxxxxxxxxxxxxxxxxxxxxxxx26072006361800013E01071E40040244EB
7030,1088,260720063803,xxxxxxxxxxxxxxxxxxxxxxxxxxxxxxxx26072006380300013E01071E40040244EB
7031,1088,260720063948,xxxxxxxxxxxxxxxxxxxxxxxxxxxxxxxx26072006394800013E01071E400403442F
7032,1088,260720064133,xxxxxxxxxxxxxxxxxxxxxxxxxxxxxxxx26072006413300013E01071E400403442F
7033,1088,260720064318,xxxxxxxxxxxxxxxxxxxxxxxxxxxxxxxx26072006431800013E01071E400403442F
7034,1088,260720064503,xxxxxxxxxxxxxxxxxxxxxxxxxxxxxxxx26072006450300013E01071E4004044441
7035,1088,260720064648,xxxxxxxxxxxxxxxxxxxxxxxxxxxxxxxx26072006464800013E01071E4004054485
7036,1088,260720064833,xxxxxxxxxxxxxxxxxxxxxxxxxxxxxxxx26072006483300013E01071E4004054485
7037,1088,260720065018,xxxxxxxxxxxxxxxxxxxxxxxxxxxxxxxx26072006501800013E01071E40040644D0
7038,1088,260720065203,xxxxxxxxxxxxxxxxxxxxxxxxxxxxxxxx26072006520300013E01071E4004074414
7039,1088,260720065348,xxxxxxxxxxxxxxxxxxxxxxxxxxxxxxxx26072006534800013E01071E4004074414
7040,1088,260720065533,xxxxxxxxxxxxxxxxxxxxxxxxxxxxxxxx26072006553300013E01071E4004074414
7041,1088,260720065718,xxxxxxxxxxxxxxxxxxxxxxxxxxxxxxxx26072006571800013E01071E400408440C
7042,1088,260720065903,xxxxxxxxxxxxxxxxxxxxxxxxxxxxxxxx26072006590300013E01071E40040944C8
7043,1088,260720070048,xxxxxxxxxxxxxxxxxxxxxxxxxxxxxxxx26072007004800013E01071E40040944C8
7044,1088,260720070233,xxxxxxxxxxxxxxxxxxxxxxxxxxxxxxxx26072007023300013E01071E40040944C8
7045,1088,260720070418,xxxxxxxxxxxxxxxxxxxxxxxxxxxxxxxx26072007041800013E01071E40040944C8
7046,1088,260720070603,xxxxxxxxxxxxxxxxxxxxxxxxxxxxxxxx26072007060300013E01071D4004094486
7047,1088,260720070748,xxxxxxxxxxxxxxxxxxxxxxxxxxxxxxxx26072007074800013E01071E40040944C8
7048,1088,260720070933,xxxxxxxxxxxxxxxxxxxxxxxxxxxxxxxx26072007093300013E01071D40040A44D3
7049,1088,260720071118,xxxxxxxxxxxxxxxxxxxxxxxxxxxxxxxx26072007111800013E01071D40040B4417
7050,1088,260720071303,xxxxxxxxxxxxxxxxxxxxxxxxxxxxxxxx26072007130300013E01071D40040C4479
7051,1088,260720071448,xxxxxxxxxxxxxxxxxxxxxxxxxxxxxxxx26072007144800013E01071D40040C4479
7052,1088,260720071633,xxxxxxxxxxxxxxxxxxxxxxxxxxxxxxxx26072007163300013E01071D40040D44BD
7053,1088,260720071818,xxxxxxxxxxxxxxxxxxxxxxxxxxxxxxxx26072007181800013E01071D40040C4479
7054,1088,260720072003,xxxxxxxxxxxxxxxxxxxxxxxxxxxxxxxx26072007200300013E01071D40040D44BD
7055,1088,260720072148,xxxxxxxxxxxxxxxxxxxxxxxxxxxxxxxx26072007214800013E01071D40040E44E8
7056,1088,260720072333,xxxxxxxxxxxxxxxxxxxxxxxxxxxxxxxx26072007233300013E01071D40040D44BD
7057,1088,260720072518,xxxxxxxxxxxxxxxxxxxxxxxxxxxxxxxx26072007251800013E01071D40040D44BD
7058,1088,260720072703,xxxxxxxxxxxxxxxxxxxxxxxxxxxxxxxx26072007270300013E01071D40040E44E8
7059,1088,260720072848,xxxxxxxxxxxxxxxxxxxxxxxxxxxxxxxx26072007284800013E01071D40040F442C
7060,1088,260720073033,xxxxxxxxxxxxxxxxxxxxxxxxxxxxxxxx26072007303300013E01071D40040F442C
7061,1089,260720073218,xxxxxxxxxxxxxxxxxxxxxxxxxxxxxxxx26072007321800013E01071D4104104457
7062,1089,260720073403,xxxxxxxxxxxxxxxxxxxxxxxxxxxxxxxx26072007340300013E01071D4104114493
7063,1089,260720073548,xxxxxxxxxxxxxxxxxxxxxxxxxxxxxxxx26072007354800013E01071D4104114493
7064,1089,260720073733,xxxxxxxxxxxxxxxxxxxxxxxxxxxxxxxx26072007373300013E01071D4104114493
7065,1089,260720073918,xxxxxxxxxxxxxxxxxxxxxxxxxxxxxxxx26072007391800013E01071D41041244C6
7066,1089,260720074103,xxxxxxxxxxxxxxxxxxxxxxxxxxxxxxxx26072007410300013E01071D4104134402
7067,1089,260720074248,xxxxxxxxxxxxxxxxxxxxxxxxxxxxxxxx26072007424800013E01071D410414446C
7068,1089,260720074433,xxxxxxxxxxxxxxxxxxxxxxxxxxxxxxxx26072007443300013E01071D41041544A8
7069,1089,260720074618,xxxxxxxxxxxxxxxxxxxxxxxxxxxxxxxx26072007461800013E01071D410414446C
7070,1089,260720074803,xxxxxxxxxxxxxxxxxxxxxxxxxxxxxxxx26072007480300013E01071D41041544A8
7071,1089,260720074948,xxxxxxxxxxxxxxxxxxxxxxxxxxxxxxxx26072007494800013E01071D41041644FD
7072,1089,260720075133,xxxxxxxxxxxxxxxxxxxxxxxxxxxxxxxx26072007513300013E01071D41041644FD
7073,1089,260720075318,xxxxxxxxxxxxxxxxxxxxxxxxxxxxxxxx26072007531800013E01071D4104174439
7074,1089,260720075503,xxxxxxxxxxxxxxxxxxxxxxxxxxxxxxxx26072007550300013E01071D4104174439
7075,1089,260720075648,xxxxxxxxxxxxxxxxxxxxxxxxxxxxxxxx26072007564800013E01071D4104184421
7076,1089,260720075833,xxxxxxxxxxxxxxxxxxxxxxxxxxxxxxxx26072007583300013E01071D41041944E5
7077,1089,260720080018,xxxxxxxxxxxxxxxxxxxxxxxxxxxxxxxx26072008001800013E01071D41041944E5
7078,1089,260720080203,xxxxxxxxxxxxxxxxxxxxxxxxxxxxxxxx26072008020300013E01071D41041A44B0
7079,1089,260720080348,xxxxxxxxxxxxxxxxxxxxxxxxxxxxxxxx26072008034800013E01071D41041944E5
7080,1089,260720080533,xxxxxxxxxxxxxxxxxxxxxxxxxxxxxxxx26072008053300013E01071D41041944E5
7081,1089,260720080718,xxxxxxxxxxxxxxxxxxxxxxxxxxxxxxxx26072008071800013E01071D41041A44B0
7082,1089,260720080903,xxxxxxxxxxxxxxxxxxxxxxxxxxxxxxxx26072008090300013E01071D41041B4474
7083,1089,260720081048,xxxxxxxxxxxxxxxxxxxxxxxxxxxxxxxx26072008104800013E01071D41041B4474
7084,1089,260720081233,xxxxxxxxxxxxxxxxxxxxxxxxxxxxxxxx26072008123300013E01071D41041C441A
7085,1089,260720081418,xxxxxxxxxxxxxxxxxxxxxxxxxxxxxxxx26072008141800013E01071D41041C441A
7086,1089,260720081603,xxxxxxxxxxxxxxxxxxxxxxxxxxxxxxxx26072008160300013E01071C41041C44D7
7087,1089,260720081748,xxxxxxxxxxxxxxxxxxxxxxxxxxxxxxxx26072008174800013E01071D41041D44DE
7088,1089,260720081933,xxxxxxxxxxxxxxxxxxxxxxxxxxxxxxxx26072008193300013E01071D41041D44DE
7089,1089,260720082118,xxxxxxxxxxxxxxxxxxxxxxxxxxxxxxxx26072008211800013E01071D41041E448B
7090,1089,260720082303,xxxxxxxxxxxxxxxxxxxxxxxxxxxxxxxx26072008230300013E01071C41041D4413
7091,1089,260720082448,xxxxxxxxxxxxxxxxxxxxxxxxxxxxxxxx26072008244800013E01071C41041D4413
7092,1089,260720082633,xxxxxxxxxxxxxxxxxxxxxxxxxxxxxxxx26072008263300013E01071C41041E4446
7093,1089,260720082818,xxxxxxxxxxxxxxxxxxxxxxxxxxxxxxxx26072008281800013E01071C41041E4446
7094,1089,260720083004,xxxxxxxxxxxxxxxxxxxxxxxxxxxxxxxx26072008300400013E01071C41041F4482
7095,1090,260720083149,xxxxxxxxxxxxxxxxxxxxxxxxxxxxxxxx26072008314900013E01071C420420443F
7096,1090,260720083334,xxxxxxxxxxxxxxxxxxxxxxxxxxxxxxxx26072008333400013E01071C42042144FB
7097,1090,260720083519,xxxxxxxxxxxxxxxxxxxxxxxxxxxxxxxx26072008351900013E01071C42042144FB
7098,1090,260720083704,xxxxxxxxxxxxxxxxxxxxxxxxxxxxxxxx26072008370400013E01071C42042244AE
7099,1090,260720083849,xxxxxxxxxxxxxxxxxxxxxxxxxxxxxxxx26072008384900013E01071C42042244AE
7100,1090,260720084034,xxxxxxxxxxxxxxxxxxxxxxxxxxxxxxxx26072008403400013E01071C42042144FB
7101,1090,260720084219,xxxxxxxxxxxxxxxxxxxxxxxxxxxxxxxx26072008421900013E01071C42042244AE
7102,1090,260720084404,xxxxxxxxxxxxxxxxxxxxxxxxxxxxxxxx26072008440400013E01071C42042244AE
7103,1090,260720084549,xxxxxxxxxxxxxxxxxxxxxxxxxxxxxxxx26072008454900013E01071C420423446A
7104,1090,260720084734,xxxxxxxxxxxxxxxxxxxxxxxxxxxxxxxx26072008473400013E01071C420423446A
7105,1090,260720084919,xxxxxxxxxxxxxxxxxxxxxxxxxxxxxxxx26072008491900013E01071C4204244404
7106,1090,260720085104,xxxxxxxxxxxxxxxxxxxxxxxxxxxxxxxx26072008510400013E01071C42042544C0
7107,1090,260720085249,xxxxxxxxxxxxxxxxxxxxxxxxxxxxxxxx26072008524900013E01071C42042544C0
7108,1090,260720085434,xxxxxxxxxxxxxxxxxxxxxxxxxxxxxxxx26072008543400013E01071C42042544C0
7109,1090,260720085619,xxxxxxxxxxxxxxxxxxxxxxxxxxxxxxxx26072008561900013E01071C42042544C0
7110,1090,260720085804,xxxxxxxxxxxxxxxxxxxxxxxxxxxxxxxx26072008580400013E01071C4204264495
7111,1090,260720085949,xxxxxxxxxxxxxxxxxxxxxxxxxxxxxxxx26072008594900013E01071C4204264495
7112,1090,260720090134,xxxxxxxxxxxxxxxxxxxxxxxxxxxxxxxx26072009013400013E01071C4204264495
7113,1090,260720090319,xxxxxxxxxxxxxxxxxxxxxxxxxxxxxxxx26072009031900013E01071C4204274451
7114,1090,260720090504,xxxxxxxxxxxxxxxxxxxxxxxxxxxxxxxx26072009050400013E01071C4204274451
7115,1090,260720090649,xxxxxxxxxxxxxxxxxxxxxxxxxxxxxxxx26072009064900013E01071C4204284449
7116,1090,260720090834,xxxxxxxxxxxxxxxxxxxxxxxxxxxxxxxx26072009083400013E01071C420429448D
7117,1090,260720091019,xxxxxxxxxxxxxxxxxxxxxxxxxxxxxxxx26072009101900013E01071C420429448D
7118,1090,260720091204,xxxxxxxxxxxxxxxxxxxxxxxxxxxxxxxx26072009120400013E01071C420429448D
7119,1090,260720091349,xxxxxxxxxxxxxxxxxxxxxxxxxxxxxxxx26072009134900013E01071C420429448D
7120,1090,260720091534,xxxxxxxxxxxxxxxxxxxxxxxxxxxxxxxx26072009153400013E01071C4204284449
7121,1090,260720091719,xxxxxxxxxxxxxxxxxxxxxxxxxxxxxxxx26072009171901013E01071C4204284449
7122,1090,260720091904,xxxxxxxxxxxxxxxxxxxxxxxxxxxxxxxx26072009190401013E01071C4204244404
7123,1047,260720092049,xxxxxxxxxxxxxxxxxxxxxxxxxxxxxxxx26072009204901013E01071C17047241BF
7124,1095,260720092234,xxxxxxxxxxxxxxxxxxxxxxxxxxxxxxxx26072009223401013E01071C47047A442E
7125,1082,260720092419,xxxxxxxxxxxxxxxxxxxxxxxxxxxxxxxx26072009241901013E01071B3A04A943C4
7126,1091,260720092604,xxxxxxxxxxxxxxxxxxxxxxxxxxxxxxxx26072009260401013E01071B43043944BF
7127,1088,260720092749,xxxxxxxxxxxxxxxxxxxxxxxxxxxxxxxx26072009274901013E01071B4004024439
7128,1065,260720092934,xxxxxxxxxxxxxxxxxxxxxxxxxxxxxxxx26072009293401013E01071B29049D423C
7129,1085,260720093119,xxxxxxxxxxxxxxxxxxxxxxxxxxxxxxxx26072009311901013E01071B3D04DF435E
7130,1108,260720093304,xxxxxxxxxxxxxxxxxxxxxxxxxxxxxxxx26072009330401013E01071B54044B4578
7131,1055,260720093449,xxxxxxxxxxxxxxxxxxxxxxxxxxxxxxxx26072009344901013E01071B1F04F74122
7132,1072,260720093634,xxxxxxxxxxxxxxxxxxxxxxxxxxxxxxxx26072009363401013E01071C30040F43CA
7133,1022,260720093819,xxxxxxxxxxxxxxxxxxxxxxxxxxxxxxxx26072009381901013E01071CFE03E53F55
7134,1063,260720094004,xxxxxxxxxxxxxxxxxxxxxxxxxxxxxxxx26072009400401013E01071C270476422E
7135,1054,260720094149,xxxxxxxxxxxxxxxxxxxxxxxxxxxxxxxx26072009414901013E01071C1E04E0417E
7136,1039,260720094334,xxxxxxxxxxxxxxxxxxxxxxxxxxxxxxxx26072009433401013E01071C0F04F44040
7137,1037,260720094519,xxxxxxxxxxxxxxxxxxxxxxxxxxxxxxxx26072009451901013E01071C0D04DB409E
7138,1031,260720094704,xxxxxxxxxxxxxxxxxxxxxxxxxxxxxxxx26072009470401013E01071C0704704048
7139,1048,260720094849,xxxxxxxxxxxxxxxxxxxxxxxxxxxxxxxx26072009484901013E01071C18048B410E
7140,1026,260720095034,xxxxxxxxxxxxxxxxxxxxxxxxxxxxxxxx26072009503401013E01071C02042B409D
7141,1017,260720095219,xxxxxxxxxxxxxxxxxxxxxxxxxxxxxxxx26072009521901013E01071CF9039E3F46
7142,1044,260720095404,xxxxxxxxxxxxxxxxxxxxxxxxxxxxxxxx26072009540401013E01071C1404454174
7143,1031,260720095549,xxxxxxxxxxxxxxxxxxxxxxxxxxxxxxxx26072009554901013E01071C070478403E
7144,1000,260720095734,xxxxxxxxxxxxxxxxxxxxxxxxxxxxxxxx26072009573401013E01071CE803813E5B
7145,1005,260720095919,xxxxxxxxxxxxxxxxxxxxxxxxxxxxxxxx26072009591901013E01071CED03D93EDB
7146,1013,260720100104,xxxxxxxxxxxxxxxxxxxxxxxxxxxxxxxx26072010010401013E01071CF503583F4A
7147,1007,260720100249,xxxxxxxxxxxxxxxxxxxxxxxxxxxxxxxx26072010024901013E01071CEF03FD3E26
7148,991,260720100434,xxxxxxxxxxxxxxxxxxxxxxxxxxxxxxxx26072010043401013E01071DDF03F43DF3
7149,1008,260720100619,xxxxxxxxxxxxxxxxxxxxxxxxxxxxxxxx26072010061901013E01071DF0030C3F4A
7150,1008,260720100804,xxxxxxxxxxxxxxxxxxxxxxxxxxxxxxxx26072010080401013E01071DF0030C3F4A
7151,1008,260720100949,xxxxxxxxxxxxxxxxxxxxxxxxxxxxxxxx26072010094901013E01071DF003063FAD
7152,1001,260720101134,xxxxxxxxxxxxxxxxxxxxxxxxxxxxxxxx26072010113401013E01071DE9039D3EB8
7153,988,260720101319,xxxxxxxxxxxxxxxxxxxxxxxxxxxxxxxx26072010131901013E01071DDC03C93DDF
7154,998,260720101504,xxxxxxxxxxxxxxxxxxxxxxxxxxxxxxxx26072010150401013E01071DE603613EF6
7155,967,260720101649,xxxxxxxxxxxxxxxxxxxxxxxxxxxxxxxx26072010164901013E01071DC703723C0C
7156,1004,260720101834,xxxxxxxxxxxxxxxxxxxxxxxxxxxxxxxx26072010183401013E01071DEC03CC3E8A
7157,990,260720102019,xxxxxxxxxxxxxxxxxxxxxxxxxxxxxxxx26072010201901013E01071DDE03E13D6F
7158,1005,260720102204,xxxxxxxxxxxxxxxxxxxxxxxxxxxxxxxx26072010220401013E01071DED03DD3E2D
7159,952,260720102349,xxxxxxxxxxxxxxxxxxxxxxxxxxxxxxxx26072010234901013E01071DB8038D3B3C
7160,963,260720102534,xxxxxxxxxxxxxxxxxxxxxxxxxxxxxxxx26072010253401013E01071DC3033C3C45
7161,958,260720102719,xxxxxxxxxxxxxxxxxxxxxxxxxxxxxxxx26072010271901013E01071DBE03E13B22
7162,962,260720102904,xxxxxxxxxxxxxxxxxxxxxxxxxxxxxxxx26072010290401013E01071DC203233C3E
7163,959,260720103049,xxxxxxxxxxxxxxxxxxxxxxxxxxxxxxxx26072010304901013E01071DBF03F23B14
7164,942,260720103234,xxxxxxxxxxxxxxxxxxxxxxxxxxxxxxxx26072010323401013E01071DAE03E73AEE
7165,962,260720103419,xxxxxxxxxxxxxxxxxxxxxxxxxxxxxxxx26072010341901013E01071DC203233C3E
7166,930,260720103604,xxxxxxxxxxxxxxxxxxxxxxxxxxxxxxxx26072010360401013E01071DA203243A1D
7167,931,260720103749,xxxxxxxxxxxxxxxxxxxxxxxxxxxxxxxx26072010374901013E01071DA303373A2B
7168,959,260720103934,xxxxxxxxxxxxxxxxxxxxxxxxxxxxxxxx26072010393401013E01071DBF03F23B14
7169,967,260720104119,xxxxxxxxxxxxxxxxxxxxxxxxxxxxxxxx26072010411901013E01071EC7037D3C5A
7170,938,260720104304,xxxxxxxxxxxxxxxxxxxxxxxxxxxxxxxx26072010430401013E01071EAA03A53AA4
7171,937,260720104449,xxxxxxxxxxxxxxxxxxxxxxxxxxxxxxxx26072010444901013E01071EA903983A88
7172,840,260720104634,xxxxxxxxxxxxxxxxxxxxxxxxxxxxxxxx26072010463401013E01071E4803863461
7173,935,260720104819,xxxxxxxxxxxxxxxxxxxxxxxxxxxxxxxx26072010481901013E01071EA703733ACB
7174,864,260720105004,xxxxxxxxxxxxxxxxxxxxxxxxxxxxxxxx26072010500401013E01071E6003033661
7175,926,260720105149,xxxxxxxxxxxxxxxxxxxxxxxxxxxxxxxx26072010514901013E01071E9E03E03964
7176,919,260720105334,xxxxxxxxxxxxxxxxxxxxxxxxxxxxxxxx26072010533401013E01071E97037E39E8
7177,928,260720105519,xxxxxxxxxxxxxxxxxxxxxxxxxxxxxxxx26072010551901013E01071FA003003A63
7178,905,260720105704,xxxxxxxxxxxxxxxxxxxxxxxxxxxxxxxx26072010570401013E01071F890391383B
7179,900,260720105849,xxxxxxxxxxxxxxxxxxxxxxxxxxxxxxxx26072010584901013E01071F84034538C5
7180,855,260720110034,xxxxxxxxxxxxxxxxxxxxxxxxxxxxxxxx26072011003401013E01071F5703783515
7181,901,260720110219,xxxxxxxxxxxxxxxxxxxxxxxxxxxxxxxx26072011021901013E01071F8503573837
7182,894,260720110404,xxxxxxxxxxxxxxxxxxxxxxxxxxxxxxxx26072011040401013E01071F7E03E73791
7183,903,260720110549,xxxxxxxxxxxxxxxxxxxxxxxxxxxxxxxx26072011054901013E01071F87037E3843
7184,880,260720110734,xxxxxxxxxxxxxxxxxxxxxxxxxxxxxxxx26072011073401013E01071E70030F374A
7185,878,260720110919,xxxxxxxxxxxxxxxxxxxxxxxxxxxxxxxx26072011091901013E01071E6E03E83622
7186,879,260720111104,xxxxxxxxxxxxxxxxxxxxxxxxxxxxxxxx26072011110401013E01071E6F03F73659
7187,882,260720111249,xxxxxxxxxxxxxxxxxxxxxxxxxxxxxxxx26072011124901013E01071E72032737FA
7188,868,260720111434,xxxxxxxxxxxxxxxxxxxxxxxxxxxxxxxx26072011143401013E01071E64034D3628
7189,878,260720111619,xxxxxxxxxxxxxxxxxxxxxxxxxxxxxxxx26072011161901013E01071F6E03E736F7
7191,852,260720111804,xxxxxxxxxxxxxxxxxxxxxxxxxxxxxxxx26072011180401013E01071F54034A3521
7190,852,260720111804,xxxxxxxxxxxxxxxxxxxxxxxxxxxxxxxx26072011180401013E01071F54034A3521
7192,835,260720111949,xxxxxxxxxxxxxxxxxxxxxxxxxxxxxxxx26072011194901013E01071F4303313454
7193,853,260720112135,xxxxxxxxxxxxxxxxxxxxxxxxxxxxxxxx26072011213501013E01071F55035D352C
7194,845,260720112320,xxxxxxxxxxxxxxxxxxxxxxxxxxxxxxxx26072011232001013E01071F4D03DC34BD
7195,827,260720112505,xxxxxxxxxxxxxxxxxxxxxxxxxxxxxxxx26072011250501013E01071E3B03B933F7
7196,818,260720112650,xxxxxxxxxxxxxxxxxxxxxxxxxxxxxxxx26072011265001013E01071E32032A33F2
7197,827,260720112835,xxxxxxxxxxxxxxxxxxxxxxxxxxxxxxxx26072011283501013E01071E3B03BC3308
7198,828,260720113020,xxxxxxxxxxxxxxxxxxxxxxxxxxxxxxxx26072011302001013E01071F3C03C9330A
7199,807,260720113205,xxxxxxxxxxxxxxxxxxxxxxxxxxxxxxxx26072011320501013E01071F2703773226
7200,808,260720113350,xxxxxxxxxxxxxxxxxxxxxxxxxxxxxxxx26072011335001013E01071E28038832F0
7201,829,260720113535,xxxxxxxxxxxxxxxxxxxxxxxxxxxxxxxx26072011353501013E01071E3D03DD339F
7202,809,260720113720,xxxxxxxxxxxxxxxxxxxxxxxxxxxxxxxx26072011372001013E01071E29039D326C
7203,683,260720113905,xxxxxxxxxxxxxxxxxxxxxxxxxxxxxxxx26072011390501013E01071EAB02BA2AE9
7204,726,260720114050,xxxxxxxxxxxxxxxxxxxxxxxxxxxxxxxx26072011405001013E01071ED602642DDB
7205,752,260720114235,xxxxxxxxxxxxxxxxxxxxxxxxxxxxxxxx26072011423501013E01071FF002092F00
7206,762,260720114420,xxxxxxxxxxxxxxxxxxxxxxxxxxxxxxxx26072011442001013E010720FA02AE2F70
7207,833,260720114605,xxxxxxxxxxxxxxxxxxxxxxxxxxxxxxxx26072011460501013E0107204103163417
7208,746,260720114750,xxxxxxxxxxxxxxxxxxxxxxxxxxxxxxxx26072011475001013E010720EA02AC2E87
7209,755,260720114935,xxxxxxxxxxxxxxxxxxxxxxxxxxxxxxxx26072011493501013E010720F302322F6D
7210,755,260720115120,xxxxxxxxxxxxxxxxxxxxxxxxxxxxxxxx26072011512001013E010720F302382F8A
7211,724,260720115305,xxxxxxxxxxxxxxxxxxxxxxxxxxxxxxxx26072011530501013E010720D402432D55
7212,718,260720115450,xxxxxxxxxxxxxxxxxxxxxxxxxxxxxxxx26072011545001013E010720CE02E62C39
7213,760,260720115635,xxxxxxxxxxxxxxxxxxxxxxxxxxxxxxxx26072011563501013E010720F802832F3F
7214,760,260720115820,xxxxxxxxxxxxxxxxxxxxxxxxxxxxxxxx26072011582001013E010721F802852F58
7215,724,260720120005,xxxxxxxxxxxxxxxxxxxxxxxxxxxxxxxx26072012000501013E010721D402452D32
7216,785,260720120150,xxxxxxxxxxxxxxxxxxxxxxxxxxxxxxxx26072012015001013E0107211103123106
7217,789,260720120335,xxxxxxxxxxxxxxxxxxxxxxxxxxxxxxxx26072012033501013E010722150358313A
7218,789,260720120520,xxxxxxxxxxxxxxxxxxxxxxxxxxxxxxxx26072012052001013E01072215035931FE
7219,789,260720120705,xxxxxxxxxxxxxxxxxxxxxxxxxxxxxxxx26072012070501013E010722150358313A
7220,789,260720120850,xxxxxxxxxxxxxxxxxxxxxxxxxxxxxxxx26072012085001013E01072215035531B3
7221,789,260720121035,xxxxxxxxxxxxxxxxxxxxxxxxxxxxxxxx26072012103501013E0107221503533119
7222,789,260720121220,xxxxxxxxxxxxxxxxxxxxxxxxxxxxxxxx26072012122000013E01072215035E3190
7223,790,260720121405,xxxxxxxxxxxxxxxxxxxxxxxxxxxxxxxx26072012140500013E0107221603653116
7224,790,260720121550,xxxxxxxxxxxxxxxxxxxxxxxxxxxxxxxx26072012155000013E010722160369315B
7225,790,260720121735,xxxxxxxxxxxxxxxxxxxxxxxxxxxxxxxx26072012173500013E01072216036C31A4
7226,790,260720121920,xxxxxxxxxxxxxxxxxxxxxxxxxxxxxxxx26072012192000013E01072216036C31A4
7227,790,260720122105,xxxxxxxxxxxxxxxxxxxxxxxxxxxxxxxx26072012210500013E01072216036A310E
7228,790,260720122250,xxxxxxxxxxxxxxxxxxxxxxxxxxxxxxxx26072012225000013E010722160369315B
7229,790,260720122435,xxxxxxxxxxxxxxxxxxxxxxxxxxxxxxxx26072012243500013E0107221603663143
7230,790,260720122620,xxxxxxxxxxxxxxxxxxxxxxxxxxxxxxxx26072012262000013E0107221603623178
7231,789,260720122805,xxxxxxxxxxxxxxxxxxxxxxxxxxxxxxxx26072012280500013E01072215035931FE
7232,788,260720122950,xxxxxxxxxxxxxxxxxxxxxxxxxxxxxxxx26072012295000013E01072114034A3186
7233,787,260720123135,xxxxxxxxxxxxxxxxxxxxxxxxxxxxxxxx26072012313500013E01072113033C311C
7234,787,260720123320,xxxxxxxxxxxxxxxxxxxxxxxxxxxxxxxx26072012332000013E01072113033A31B6
7235,787,260720123505,xxxxxxxxxxxxxxxxxxxxxxxxxxxxxxxx26072012350500013E01072013033C31D1
7236,788,260720123650,xxxxxxxxxxxxxxxxxxxxxxxxxxxxxxxx26072012365000013E010720140342313D
7237,788,260720123835,xxxxxxxxxxxxxxxxxxxxxxxxxxxxxxxx26072012383500013E01071F14034531B8
7238,788,260720124020,xxxxxxxxxxxxxxxxxxxxxxxxxxxxxxxx26072012402000013E01071E1403493138
7239,788,260720124205,xxxxxxxxxxxxxxxxxxxxxxxxxxxxxxxx26072012420500013E01071E14034A316D
7240,788,260720124350,xxxxxxxxxxxxxxxxxxxxxxxxxxxxxxxx26072012435000013E01071D14034F31DC
7241,788,260720124535,xxxxxxxxxxxxxxxxxxxxxxxxxxxxxxxx26072012453500013E01071D14034E3118
7242,789,260720124720,xxxxxxxxxxxxxxxxxxxxxxxxxxxxxxxx26072012472000013E01071D15035031A7
7243,789,260720124905,xxxxxxxxxxxxxxxxxxxxxxxxxxxxxxxx26072012490500013E01071D150356310D
7244,789,260720125050,xxxxxxxxxxxxxxxxxxxxxxxxxxxxxxxx26072012505000013E01071C15035C3127
7245,790,260720125235,xxxxxxxxxxxxxxxxxxxxxxxxxxxxxxxx26072012523500013E01071C160361310B
7246,790,260720125420,xxxxxxxxxxxxxxxxxxxxxxxxxxxxxxxx26072012542000013E01071C1603653130
7247,790,260720125605,xxxxxxxxxxxxxxxxxxxxxxxxxxxxxxxx26072012560500013E01071C160369317D
7248,790,260720125750,xxxxxxxxxxxxxxxxxxxxxxxxxxxxxxxx26072012575000013E01071C16036A3128
7249,790,260720125935,xxxxxxxxxxxxxxxxxxxxxxxxxxxxxxxx26072012593500013E01071C16036E3113
7251,791,260720130120,xxxxxxxxxxxxxxxxxxxxxxxxxxxxxxxx26072013012000013E01071C17037031AC
7250,791,260720130305,xxxxxxxxxxxxxxxxxxxxxxxxxxxxxxxx26072013030500013E01071C170372313D
7252,791,260720130450,xxxxxxxxxxxxxxxxxxxxxxxxxxxxxxxx26072013045000013E01071C1703743197
7253,791,260720130635,xxxxxxxxxxxxxxxxxxxxxxxxxxxxxxxx26072013063500013E01071C17037731C2
7254,791,260720130820,xxxxxxxxxxxxxxxxxxxxxxxxxxxxxxxx26072013082000013E01071C170379311E
7255,791,260720131005,xxxxxxxxxxxxxxxxxxxxxxxxxxxxxxxx26072013100500013E01071C17037C31E1
7256,791,260720131150,xxxxxxxxxxxxxxxxxxxxxxxxxxxxxxxx26072013115000013E01071C17037E3170
7257,791,260720131335,xxxxxxxxxxxxxxxxxxxxxxxxxxxxxxxx26072013133500013E01071C17037F31B4
7258,792,260720131520,xxxxxxxxxxxxxxxxxxxxxxxxxxxxxxxx26072013152000013E01071C180382313E
7259,792,260720131705,xxxxxxxxxxxxxxxxxxxxxxxxxxxxxxxx26072013170500013E01071C1803853150
7260,792,260720131850,xxxxxxxxxxxxxxxxxxxxxxxxxxxxxxxx26072013185000013E01071C18038A3148
7261,792,260720132035,xxxxxxxxxxxxxxxxxxxxxxxxxxxxxxxx26072013203500013E01071B18038E3122
7262,793,260720132220,xxxxxxxxxxxxxxxxxxxxxxxxxxxxxxxx26072013222000013E01071B1903913159
7263,793,260720132405,xxxxxxxxxxxxxxxxxxxxxxxxxxxxxxxx26072013240500013E01071B1903953162
7264,793,260720132550,xxxxxxxxxxxxxxxxxxxxxxxxxxxxxxxx26072013255000013E01071B1903963137
7265,793,260720132735,xxxxxxxxxxxxxxxxxxxxxxxxxxxxxxxx26072013273500013E01071C19039831BA
7266,793,260720132920,xxxxxxxxxxxxxxxxxxxxxxxxxxxxxxxx26072013292000013E01071C19039831BA
7267,793,260720133105,xxxxxxxxxxxxxxxxxxxxxxxxxxxxxxxx26072013310500013E01071C19039B31EF
7268,793,260720133250,xxxxxxxxxxxxxxxxxxxxxxxxxxxxxxxx26072013325000013E01071C19039C3181
7269,793,260720133435,xxxxxxxxxxxxxxxxxxxxxxxxxxxxxxxx26072013343500013E01071C19039D3145
7270,793,260720133620,xxxxxxxxxxxxxxxxxxxxxxxxxxxxxxxx26072013362000013E01071C19039E3110
7271,793,260720133805,xxxxxxxxxxxxxxxxxxxxxxxxxxxxxxxx26072013380500013E01071C19039D3145
7272,793,260720133950,xxxxxxxxxxxxxxxxxxxxxxxxxxxxxxxx26072013395000013E01071C19039E3110
7273,793,260720134135,xxxxxxxxxxxxxxxxxxxxxxxxxxxxxxxx26072013413500013E01071C19039F31D4
7274,793,260720134320,xxxxxxxxxxxxxxxxxxxxxxxxxxxxxxxx26072013432000013E01071C19039E3110
7275,794,260720134505,xxxxxxxxxxxxxxxxxxxxxxxxxxxxxxxx26072013450501013E01071D1A03A731CA
7276,793,260720134650,xxxxxxxxxxxxxxxxxxxxxxxxxxxxxxxx26072013465001013E01071D19039F3119
7277,793,260720134835,xxxxxxxxxxxxxxxxxxxxxxxxxxxxxxxx26072013483501013E01071D190397316F
7278,771,260720135020,xxxxxxxxxxxxxxxxxxxxxxxxxxxxxxxx26072013502001013E01071E03033730B2
7279,791,260720135205,xxxxxxxxxxxxxxxxxxxxxxxxxxxxxxxx26072013520501013E01071E1703783159
7280,791,260720135350,xxxxxxxxxxxxxxxxxxxxxxxxxxxxxxxx26072013535001013E01071E1703743114
7281,791,260720135535,xxxxxxxxxxxxxxxxxxxxxxxxxxxxxxxx26072013553501013E01071F1703723173
7282,790,260720135720,xxxxxxxxxxxxxxxxxxxxxxxxxxxxxxxx26072013572001013E01071F16036C31CC
7283,790,260720135905,xxxxxxxxxxxxxxxxxxxxxxxxxxxxxxxx26072013590501013E01072016036631C0
7284,790,260720140050,xxxxxxxxxxxxxxxxxxxxxxxxxxxxxxxx26072014005001013E010720160360316A
7285,789,260720140235,xxxxxxxxxxxxxxxxxxxxxxxxxxxxxxxx26072014023501013E01072015035B31EC
7286,789,260720140420,xxxxxxxxxxxxxxxxxxxxxxxxxxxxxxxx26072014042001013E0107201503553130
7287,788,260720140605,xxxxxxxxxxxxxxxxxxxxxxxxxxxxxxxx26072014060501013E01072114034F3179
7288,788,260720140750,xxxxxxxxxxxxxxxxxxxxxxxxxxxxxxxx26072014075001013E010721140347310F
7289,788,260720140936,xxxxxxxxxxxxxxxxxxxxxxxxxxxxxxxx26072014093601013E01072114034131A5
7290,787,260720141121,xxxxxxxxxxxxxxxxxxxxxxxxxxxxxxxx26072014112101013E01072113033A31B6
7291,787,260720141306,xxxxxxxxxxxxxxxxxxxxxxxxxxxxxxxx26072014130600013E0107211303303151
7292,787,260720141451,xxxxxxxxxxxxxxxxxxxxxxxxxxxxxxxx26072014145100013E0107211303303151
7293,786,260720141636,xxxxxxxxxxxxxxxxxxxxxxxxxxxxxxxx26072014163600013E01072112032E31EE
7294,786,260720141821,xxxxxxxxxxxxxxxxxxxxxxxxxxxxxxxx26072014182100013E01072112032C317F
7295,786,260720142006,xxxxxxxxxxxxxxxxxxxxxxxxxxxxxxxx26072014200600013E01072112032B3111
7296,786,260720142151,xxxxxxxxxxxxxxxxxxxxxxxxxxxxxxxx26072014215101013E01072112032C317F
7297,786,260720142336,xxxxxxxxxxxxxxxxxxxxxxxxxxxxxxxx26072014233601013E0107221203273112
7298,785,260720142521,xxxxxxxxxxxxxxxxxxxxxxxxxxxxxxxx26072014252101013E01072211031E3105
7299,785,260720142706,xxxxxxxxxxxxxxxxxxxxxxxxxxxxxxxx26072014270601013E01072211031731B7
7300,784,260720142851,xxxxxxxxxxxxxxxxxxxxxxxxxxxxxxxx26072014285101013E01072210030F31A2
7301,784,260720143036,xxxxxxxxxxxxxxxxxxxxxxxxxxxxxxxx26072014303601013E0107221003093108
7302,784,260720143221,xxxxxxxxxxxxxxxxxxxxxxxxxxxxxxxx26072014322101013E0107231003083101
7303,784,260720143406,xxxxxxxxxxxxxxxxxxxxxxxxxxxxxxxx26072014340601013E0107231003073119
7304,784,260720143551,xxxxxxxxxxxxxxxxxxxxxxxxxxxxxxxx26072014355101013E01072310030231E6
7305,783,260720143736,xxxxxxxxxxxxxxxxxxxxxxxxxxxxxxxx26072014373601013E0107230F03FC305F
7306,783,260720143921,xxxxxxxxxxxxxxxxxxxxxxxxxxxxxxxx26072014392101013E0107230F03F43029
7307,782,260720144106,xxxxxxxxxxxxxxxxxxxxxxxxxxxxxxxx26072014410601013E0107230E03EB3052
7308,782,260720144251,xxxxxxxxxxxxxxxxxxxxxxxxxxxxxxxx26072014425101013E0107230E03E5308E
7309,781,260720144436,xxxxxxxxxxxxxxxxxxxxxxxxxxxxxxxx26072014443601013E0107230D03DF30CC
7310,781,260720144621,xxxxxxxxxxxxxxxxxxxxxxxxxxxxxxxx26072014462100013E0107230D03D830A2
7311,781,260720144806,xxxxxxxxxxxxxxxxxxxxxxxxxxxxxxxx26072014480600013E0107230D03DB30F7
7312,781,260720144951,xxxxxxxxxxxxxxxxxxxxxxxxxxxxxxxx26072014495100013E0107230D03DB30F7
7313,781,260720145136,xxxxxxxxxxxxxxxxxxxxxxxxxxxxxxxx26072014513600013E0107230D03D830A2
7314,781,260720145321,xxxxxxxxxxxxxxxxxxxxxxxxxxxxxxxx26072014532100013E0107230D03D5302B
7315,781,260720145506,xxxxxxxxxxxxxxxxxxxxxxxxxxxxxxxx26072014550600013E0107230D03D13010
7316,780,260720145651,xxxxxxxxxxxxxxxxxxxxxxxxxxxxxxxx26072014565100013E0107220C03CD30F3
7317,780,260720145836,xxxxxxxxxxxxxxxxxxxxxxxxxxxxxxxx26072014583600013E0107220C03C930C8
7318,780,260720150021,xxxxxxxxxxxxxxxxxxxxxxxxxxxxxxxx26072015002100013E0107220C03C73014
7319,780,260720150206,xxxxxxxxxxxxxxxxxxxxxxxxxxxxxxxx26072015020600013E0107220C03C630D0
7320,780,260720150351,xxxxxxxxxxxxxxxxxxxxxxxxxxxxxxxx26072015035100013E0107220C03C43041
7321,780,260720150536,xxxxxxxxxxxxxxxxxxxxxxxxxxxxxxxx26072015053600013E0107220C03C230EB
7322,780,260720150721,xxxxxxxxxxxxxxxxxxxxxxxxxxxxxxxx26072015072100013E0107220C03C130BE
7323,780,260720150906,xxxxxxxxxxxxxxxxxxxxxxxxxxxxxxxx26072015090600013E0107220C03C0307A
7324,780,260720151051,xxxxxxxxxxxxxxxxxxxxxxxxxxxxxxxx26072015105100013E0107220C03C130BE
7325,779,260720151236,xxxxxxxxxxxxxxxxxxxxxxxxxxxxxxxx26072015123600013E0107220B03BD30C3
7326,779,260720151421,xxxxxxxxxxxxxxxxxxxxxxxxxxxxxxxx26072015142100013E0107220B03BE3096
7327,779,260720151606,xxxxxxxxxxxxxxxxxxxxxxxxxxxxxxxx26072015160600013E0107220B03BE3096
7328,779,260720151751,xxxxxxxxxxxxxxxxxxxxxxxxxxxxxxxx26072015175100013E0107220B03BF3052
7329,779,260720151936,xxxxxxxxxxxxxxxxxxxxxxxxxxxxxxxx26072015193600013E0107220B03BE3096
7330,779,260720152121,xxxxxxxxxxxxxxxxxxxxxxxxxxxxxxxx26072015212100013E0107220B03BF3052
7331,779,260720152306,xxxxxxxxxxxxxxxxxxxxxxxxxxxxxxxx26072015230600013E0107220B03BF3052
7332,779,260720152451,xxxxxxxxxxxxxxxxxxxxxxxxxxxxxxxx26072015245100013E0107220B03BF3052
7333,780,260720152636,xxxxxxxxxxxxxxxxxxxxxxxxxxxxxxxx26072015263600013E0107220C03C0307A
7334,779,260720152821,xxxxxxxxxxxxxxxxxxxxxxxxxxxxxxxx26072015282100013E0107220B03BF3052
7335,780,260720153006,xxxxxxxxxxxxxxxxxxxxxxxxxxxxxxxx26072015300600013E0107220C03C0307A
7336,780,260720153151,xxxxxxxxxxxxxxxxxxxxxxxxxxxxxxxx26072015315100013E0107210C03C03034
7337,780,260720153336,xxxxxxxxxxxxxxxxxxxxxxxxxxxxxxxx26072015333600013E0107210C03C03034
7338,780,260720153521,xxxxxxxxxxxxxxxxxxxxxxxxxxxxxxxx26072015352100013E0107210C03C03034
7339,780,260720153706,xxxxxxxxxxxxxxxxxxxxxxxxxxxxxxxx26072015370600013E0107210C03C230A5
7340,780,260720153851,xxxxxxxxxxxxxxxxxxxxxxxxxxxxxxxx26072015385100013E0107210C03C130F0
7341,780,260720154036,xxxxxxxxxxxxxxxxxxxxxxxxxxxxxxxx26072015403600013E0107210C03C230A5
7342,780,260720154221,xxxxxxxxxxxxxxxxxxxxxxxxxxxxxxxx26072015422100013E0107210C03C230A5
7343,780,260720154406,xxxxxxxxxxxxxxxxxxxxxxxxxxxxxxxx26072015440600013E0107220C03C230EB
7344,780,260720154551,xxxxxxxxxxxxxxxxxxxxxxxxxxxxxxxx26072015455100013E0107220C03C230EB
7345,780,260720154736,xxxxxxxxxxxxxxxxxxxxxxxxxxxxxxxx26072015473600013E0107220C03C230EB
7346,780,260720154921,xxxxxxxxxxxxxxxxxxxxxxxxxxxxxxxx26072015492100013E0107220C03C3302F
7347,780,260720155106,xxxxxxxxxxxxxxxxxxxxxxxxxxxxxxxx26072015510600013E0107220C03C3302F
7348,780,260720155251,xxxxxxxxxxxxxxxxxxxxxxxxxxxxxxxx26072015525100013E0107220C03C43041
7349,780,260720155436,xxxxxxxxxxxxxxxxxxxxxxxxxxxxxxxx26072015543600013E0107220C03C43041
7350,780,260720155621,xxxxxxxxxxxxxxxxxxxxxxxxxxxxxxxx26072015562100013E0107220C03C43041
7351,780,260720155806,xxxxxxxxxxxxxxxxxxxxxxxxxxxxxxxx26072015580600013E0107220C03C43041
7352,780,260720155951,xxxxxxxxxxxxxxxxxxxxxxxxxxxxxxxx26072015595100013E0107220C03C53085
7353,780,260720160136,xxxxxxxxxxxxxxxxxxxxxxxxxxxxxxxx26072016013600013E0107220C03C43041
7354,780,260720160321,xxxxxxxxxxxxxxxxxxxxxxxxxxxxxxxx26072016032100013E0107220C03C630D0
7355,780,260720160506,xxxxxxxxxxxxxxxxxxxxxxxxxxxxxxxx26072016050600013E0107220C03C630D0
7356,780,260720160651,xxxxxxxxxxxxxxxxxxxxxxxxxxxxxxxx26072016065100013E0107220C03C73014
7357,780,260720160836,xxxxxxxxxxxxxxxxxxxxxxxxxxxxxxxx26072016083600013E0107220C03C73014
7358,780,260720161021,xxxxxxxxxxxxxxxxxxxxxxxxxxxxxxxx26072016102100013E0107220C03C73014
7359,780,260720161206,xxxxxxxxxxxxxxxxxxxxxxxxxxxxxxxx26072016120600013E0107220C03C73014
7360,780,260720161351,xxxxxxxxxxxxxxxxxxxxxxxxxxxxxxxx26072016135100013E0107220C03C73014
7361,780,260720161536,xxxxxxxxxxxxxxxxxxxxxxxxxxxxxxxx26072016153600013E0107220C03C73014
7362,780,260720161721,xxxxxxxxxxxxxxxxxxxxxxxxxxxxxxxx26072016172100013E0107220C03C8300C
7363,780,260720161906,xxxxxxxxxxxxxxxxxxxxxxxxxxxxxxxx26072016190600013E0107210C03C83042
7364,780,260720162051,xxxxxxxxxxxxxxxxxxxxxxxxxxxxxxxx26072016205100013E0107210C03C7305A
7365,780,260720162236,xxxxxxxxxxxxxxxxxxxxxxxxxxxxxxxx26072016223600013E0107210C03C83042
7366,779,260720162421,xxxxxxxxxxxxxxxxxxxxxxxxxxxxxxxx26072016242100013E0107200B03BF30D1
7367,779,260720162606,xxxxxxxxxxxxxxxxxxxxxxxxxxxxxxxx26072016260600013E0107200B03BC3084
7368,779,260720162751,xxxxxxxxxxxxxxxxxxxxxxxxxxxxxxxx26072016275100013E01071F0B03BE30FE
7369,780,260720162936,xxxxxxxxxxxxxxxxxxxxxxxxxxxxxxxx26072016293600013E01071E0C03C1301B
7370,780,260720163121,xxxxxxxxxxxxxxxxxxxxxxxxxxxxxxxx26072016312100013E01071C0C03C8302A
7371,780,260720163306,xxxxxxxxxxxxxxxxxxxxxxxxxxxxxxxx26072016330600013E01071C0C03CC3011
7372,781,260720163451,xxxxxxxxxxxxxxxxxxxxxxxxxxxxxxxx26072016345100013E01071B0D03D0306E
7373,781,260720163636,xxxxxxxxxxxxxxxxxxxxxxxxxxxxxxxx26072016363600013E01071B0D03D230FF
7374,781,260720163821,xxxxxxxxxxxxxxxxxxxxxxxxxxxxxxxx26072016382100013E01071B0D03D630C4
7375,781,260720164006,xxxxxxxxxxxxxxxxxxxxxxxxxxxxxxxx26072016400600013E01071B0D03D930DC
7376,781,260720164151,xxxxxxxxxxxxxxxxxxxxxxxxxxxxxxxx26072016415100013E01071B0D03DB304D
7377,781,260720164336,xxxxxxxxxxxxxxxxxxxxxxxxxxxxxxxx26072016433600013E01071A0D03DE307F
7378,782,260720164521,xxxxxxxxxxxxxxxxxxxxxxxxxxxxxxxx26072016452100013E01071A0E03E130C2
7379,782,260720164706,xxxxxxxxxxxxxxxxxxxxxxxxxxxxxxxx26072016470600013E01071A0E03E33053
7380,782,260720164851,xxxxxxxxxxxxxxxxxxxxxxxxxxxxxxxx26072016485100013E01071A0E03E630AC
7381,782,260720165036,xxxxxxxxxxxxxxxxxxxxxxxxxxxxxxxx26072016503600013E01071A0E03E73068
7382,782,260720165221,xxxxxxxxxxxxxxxxxxxxxxxxxxxxxxxx26072016522100013E01071A0E03E930B4
7383,782,260720165406,xxxxxxxxxxxxxxxxxxxxxxxxxxxxxxxx26072016540600013E01071A0E03EA30E1
7384,782,260720165551,xxxxxxxxxxxxxxxxxxxxxxxxxxxxxxxx26072016555100013E01071A0E03EB3025
7385,782,260720165736,xxxxxxxxxxxxxxxxxxxxxxxxxxxxxxxx26072016573600013E01071A0E03ED308F
7386,782,260720165921,xxxxxxxxxxxxxxxxxxxxxxxxxxxxxxxx26072016592100013E01071A0E03ED308F
7387,782,260720170107,xxxxxxxxxxxxxxxxxxxxxxxxxxxxxxxx26072017010700013E01071A0E03EE30DA
7388,782,260720170252,xxxxxxxxxxxxxxxxxxxxxxxxxxxxxxxx26072017025200013E01071A0E03EF301E
7389,782,260720170437,xxxxxxxxxxxxxxxxxxxxxxxxxxxxxxxx26072017043700013E01071A0E03EF301E
7390,783,260720170622,xxxxxxxxxxxxxxxxxxxxxxxxxxxxxxxx26072017062200013E01071A0F03F03065
7391,783,260720170807,xxxxxxxxxxxxxxxxxxxxxxxxxxxxxxxx26072017080700013E01071A0F03F03065
7392,783,260720170952,xxxxxxxxxxxxxxxxxxxxxxxxxxxxxxxx26072017095200013E01071A0F03F130A1
7393,783,260720171137,xxxxxxxxxxxxxxxxxxxxxxxxxxxxxxxx26072017113700013E01071A0F03F33030
7394,783,260720171322,xxxxxxxxxxxxxxxxxxxxxxxxxxxxxxxx26072017132200013E01071A0F03F4305E
7395,783,260720171507,xxxxxxxxxxxxxxxxxxxxxxxxxxxxxxxx26072017150700013E01071A0F03F5309A
7396,783,260720171652,xxxxxxxxxxxxxxxxxxxxxxxxxxxxxxxx26072017165200013E01071A0F03F5309A
7397,783,260720171837,xxxxxxxxxxxxxxxxxxxxxxxxxxxxxxxx26072017183700013E01071A0F03F7300B
7398,783,260720172022,xxxxxxxxxxxxxxxxxxxxxxxxxxxxxxxx26072017202200013E01071A0F03F930D7
7399,783,260720172207,xxxxxxxxxxxxxxxxxxxxxxxxxxxxxxxx26072017220700013E01071A0F03FA3082
7400,783,260720172352,xxxxxxxxxxxxxxxxxxxxxxxxxxxxxxxx26072017235200013E01071A0F03FC3028
7401,783,260720172537,xxxxxxxxxxxxxxxxxxxxxxxxxxxxxxxx26072017253700013E01071A0F03FD30EC
7402,783,260720172722,xxxxxxxxxxxxxxxxxxxxxxxxxxxxxxxx26072017272200013E01071A0F03FF307D
7403,784,260720172907,xxxxxxxxxxxxxxxxxxxxxxxxxxxxxxxx26072017290700013E01071A1003003100
7404,784,260720173052,xxxxxxxxxxxxxxxxxxxxxxxxxxxxxxxx26072017305200013E01071A10030131C4
7405,784,260720173237,xxxxxxxxxxxxxxxxxxxxxxxxxxxxxxxx26072017323700013E01071A10030131C4
7406,784,260720173422,xxxxxxxxxxxxxxxxxxxxxxxxxxxxxxxx26072017342200013E01071A1003023191
7407,784,260720173607,xxxxxxxxxxxxxxxxxxxxxxxxxxxxxxxx26072017360700013E01071A1003033155
7408,784,260720173752,xxxxxxxxxxxxxxxxxxxxxxxxxxxxxxxx26072017375200013E01071A10030531FF
7409,784,260720173937,xxxxxxxxxxxxxxxxxxxxxxxxxxxxxxxx26072017393700013E01071A10030531FF
7410,784,260720174122,xxxxxxxxxxxxxxxxxxxxxxxxxxxxxxxx26072017412200013E01071A10030631AA
7411,784,260720174307,xxxxxxxxxxxxxxxxxxxxxxxxxxxxxxxx26072017430700013E01071A100307316E
7412,784,260720174452,xxxxxxxxxxxxxxxxxxxxxxxxxxxxxxxx26072017445200013E01071A100307316E
7413,784,260720174637,xxxxxxxxxxxxxxxxxxxxxxxxxxxxxxxx26072017463700013E01071A10030931B2
7414,784,260720174822,xxxxxxxxxxxxxxxxxxxxxxxxxxxxxxxx26072017482200013E01071A10030931B2
7415,784,260720175007,xxxxxxxxxxxxxxxxxxxxxxxxxxxxxxxx26072017500700013E01071A10030B3123
7416,784,260720175152,xxxxxxxxxxxxxxxxxxxxxxxxxxxxxxxx26072017515200013E01071A10030B3123
7417,784,260720175337,xxxxxxxxxxxxxxxxxxxxxxxxxxxxxxxx26072017533700013E01071A10030C314D
7418,784,260720175522,xxxxxxxxxxxxxxxxxxxxxxxxxxxxxxxx26072017552200013E01071A10030C314D
7419,784,260720175707,xxxxxxxxxxxxxxxxxxxxxxxxxxxxxxxx26072017570700013E01071A10030D3189
7420,784,260720175852,xxxxxxxxxxxxxxxxxxxxxxxxxxxxxxxx26072017585200013E01071A10030E31DC
7421,784,260720180037,xxxxxxxxxxxxxxxxxxxxxxxxxxxxxxxx26072018003700013E01071A10030E31DC
7422,784,260720180222,xxxxxxxxxxxxxxxxxxxxxxxxxxxxxxxx26072018022200013E01071A10030F3118
7423,785,260720180407,xxxxxxxxxxxxxxxxxxxxxxxxxxxxxxxx26072018040700013E01071A1103103163
7424,785,260720180552,xxxxxxxxxxxxxxxxxxxxxxxxxxxxxxxx26072018055200013E01071A11031131A7
7425,785,260720180737,xxxxxxxxxxxxxxxxxxxxxxxxxxxxxxxx26072018073700013E01071A11031131A7
7426,785,260720180922,xxxxxxxxxxxxxxxxxxxxxxxxxxxxxxxx26072018092200013E01071A11031231F2
7427,785,260720181107,xxxxxxxxxxxxxxxxxxxxxxxxxxxxxxxx26072018110700013E01071A11031231F2
7428,785,260720181252,xxxxxxxxxxxxxxxxxxxxxxxxxxxxxxxx26072018125200013E01071A1103133136
7429,785,260720181437,xxxxxxxxxxxxxxxxxxxxxxxxxxxxxxxx26072018143700013E01071A1103133136
7430,785,260720181622,xxxxxxxxxxxxxxxxxxxxxxxxxxxxxxxx26072018162200013E01071A110315319C
7431,785,260720181807,xxxxxxxxxxxxxxxxxxxxxxxxxxxxxxxx26072018180700013E01071A110315319C
7432,785,260720181952,xxxxxxxxxxxxxxxxxxxxxxxxxxxxxxxx26072018195200013E0107191103163187
7433,785,260720182137,xxxxxxxxxxxxxxxxxxxxxxxxxxxxxxxx26072018213700013E0107191103173143
7434,785,260720182322,xxxxxxxxxxxxxxxxxxxxxxxxxxxxxxxx26072018232200013E0107191103173143
7435,785,260720182507,xxxxxxxxxxxxxxxxxxxxxxxxxxxxxxxx26072018250700013E010719110318315B
7436,785,260720182652,xxxxxxxxxxxxxxxxxxxxxxxxxxxxxxxx26072018265200013E010719110318315B
7437,785,260720182837,xxxxxxxxxxxxxxxxxxxxxxxxxxxxxxxx26072018283700013E010719110319319F
7438,785,260720183022,xxxxxxxxxxxxxxxxxxxxxxxxxxxxxxxx26072018302200013E01071911031A31CA
7439,785,260720183207,xxxxxxxxxxxxxxxxxxxxxxxxxxxxxxxx26072018320700013E01071911031A31CA
7440,785,260720183352,xxxxxxxxxxxxxxxxxxxxxxxxxxxxxxxx26072018335200013E01071911031A31CA
7441,785,260720183537,xxxxxxxxxxxxxxxxxxxxxxxxxxxxxxxx26072018353700013E01071911031B310E
7442,785,260720183722,xxxxxxxxxxxxxxxxxxxxxxxxxxxxxxxx26072018372200013E01071911031B310E
7443,785,260720183907,xxxxxxxxxxxxxxxxxxxxxxxxxxxxxxxx26072018390700013E01071911031C3160
7444,785,260720184052,xxxxxxxxxxxxxxxxxxxxxxxxxxxxxxxx26072018405200013E01071911031C3160
7445,785,260720184237,xxxxxxxxxxxxxxxxxxxxxxxxxxxxxxxx26072018423700013E01071911031D31A4
7446,785,260720184422,xxxxxxxxxxxxxxxxxxxxxxxxxxxxxxxx26072018442200013E01071911031D31A4
7447,785,260720184607,xxxxxxxxxxxxxxxxxxxxxxxxxxxxxxxx26072018460700013E01071911031E31F1
7448,785,260720184752,xxxxxxxxxxxxxxxxxxxxxxxxxxxxxxxx26072018475200013E01071911031E31F1
7449,785,260720184937,xxxxxxxxxxxxxxxxxxxxxxxxxxxxxxxx26072018493700013E01071911031F3135
7450,786,260720185122,xxxxxxxxxxxxxxxxxxxxxxxxxxxxxxxx26072018512200013E0107191203203188
7451,786,260720185307,xxxxxxxxxxxxxxxxxxxxxxxxxxxxxxxx26072018530700013E0107191203203188
7452,786,260720185452,xxxxxxxxxxxxxxxxxxxxxxxxxxxxxxxx26072018545200013E0107191203203188
7453,786,260720185637,xxxxxxxxxxxxxxxxxxxxxxxxxxxxxxxx26072018563700013E010719120321314C
7454,786,260720185822,xxxxxxxxxxxxxxxxxxxxxxxxxxxxxxxx26072018582200013E010719120321314C
7455,786,260720190007,xxxxxxxxxxxxxxxxxxxxxxxxxxxxxxxx26072019000700013E010719120321314C
7456,786,260720190152,xxxxxxxxxxxxxxxxxxxxxxxxxxxxxxxx26072019015200013E010719120321314C
7457,786,260720190337,xxxxxxxxxxxxxxxxxxxxxxxxxxxxxxxx26072019033700013E0107191203223119
7458,786,260720190522,xxxxxxxxxxxxxxxxxxxxxxxxxxxxxxxx26072019052200013E0107191203223119
7459,786,260720190707,xxxxxxxxxxxxxxxxxxxxxxxxxxxxxxxx26072019070700013E0107191203223119
7460,786,260720190852,xxxxxxxxxxxxxxxxxxxxxxxxxxxxxxxx26072019085200013E01071912032331DD
7461,786,260720191037,xxxxxxxxxxxxxxxxxxxxxxxxxxxxxxxx26072019103700013E01071912032331DD
7462,786,260720191222,xxxxxxxxxxxxxxxxxxxxxxxxxxxxxxxx26072019122200013E01071912032331DD
7463,786,260720191407,xxxxxxxxxxxxxxxxxxxxxxxxxxxxxxxx26072019140700013E01071912032331DD
7464,786,260720191552,xxxxxxxxxxxxxxxxxxxxxxxxxxxxxxxx26072019155200013E01071912032331DD
7465,786,260720191737,xxxxxxxxxxxxxxxxxxxxxxxxxxxxxxxx26072019173700013E01071912032331DD
7466,786,260720191922,xxxxxxxxxxxxxxxxxxxxxxxxxxxxxxxx26072019192200013E01071912032331DD
7467,786,260720192107,xxxxxxxxxxxxxxxxxxxxxxxxxxxxxxxx26072019210700013E0107191203223119
7468,786,260720192252,xxxxxxxxxxxxxxxxxxxxxxxxxxxxxxxx26072019225200013E01071912032331DD
7469,786,260720192437,xxxxxxxxxxxxxxxxxxxxxxxxxxxxxxxx26072019243700013E01071912032431B3
7470,786,260720192622,xxxxxxxxxxxxxxxxxxxxxxxxxxxxxxxx26072019262200013E01071912032331DD
7471,786,260720192807,xxxxxxxxxxxxxxxxxxxxxxxxxxxxxxxx26072019280700013E01071A12032431FD
7472,786,260720192952,xxxxxxxxxxxxxxxxxxxxxxxxxxxxxxxx26072019295200013E01071912032431B3
7473,786,260720193137,xxxxxxxxxxxxxxxxxxxxxxxxxxxxxxxx26072019313700013E01071912032431B3
7474,786,260720193322,xxxxxxxxxxxxxxxxxxxxxxxxxxxxxxxx26072019332200013E0107191203253177
7475,786,260720193507,xxxxxxxxxxxxxxxxxxxxxxxxxxxxxxxx26072019350700013E01071912032431B3
7476,786,260720193652,xxxxxxxxxxxxxxxxxxxxxxxxxxxxxxxx26072019365200013E01071912032431B3
7477,786,260720193837,xxxxxxxxxxxxxxxxxxxxxxxxxxxxxxxx26072019383700013E01071912032431B3
7478,786,260720194022,xxxxxxxxxxxxxxxxxxxxxxxxxxxxxxxx26072019402200013E0107191203253177
7479,786,260720194207,xxxxxxxxxxxxxxxxxxxxxxxxxxxxxxxx26072019420700013E01071A1203253139
7480,786,260720194352,xxxxxxxxxxxxxxxxxxxxxxxxxxxxxxxx26072019435200013E01071A1203253139
7481,786,260720194537,xxxxxxxxxxxxxxxxxxxxxxxxxxxxxxxx26072019453700013E01071A120326316C
7482,786,260720194722,xxxxxxxxxxxxxxxxxxxxxxxxxxxxxxxx26072019472200013E01071A120326316C
7483,786,260720194907,xxxxxxxxxxxxxxxxxxxxxxxxxxxxxxxx26072019490700013E01071A120326316C
7484,786,260720195052,xxxxxxxxxxxxxxxxxxxxxxxxxxxxxxxx26072019505200013E01071A120326316C
7485,786,260720195237,xxxxxxxxxxxxxxxxxxxxxxxxxxxxxxxx26072019523700013E01071A12032731A8
7486,786,260720195423,xxxxxxxxxxxxxxxxxxxxxxxxxxxxxxxx26072019542300013E01071A120326316C
7487,786,260720195608,xxxxxxxxxxxxxxxxxxxxxxxxxxxxxxxx26072019560800013E01071A120326316C
7488,786,260720195753,xxxxxxxxxxxxxxxxxxxxxxxxxxxxxxxx26072019575300013E01071A120326316C
7489,786,260720195938,xxxxxxxxxxxxxxxxxxxxxxxxxxxxxxxx26072019593800013E01071A120326316C
7490,786,260720200123,xxxxxxxxxxxxxxxxxxxxxxxxxxxxxxxx26072020012300013E01071A120326316C
7491,786,260720200308,xxxxxxxxxxxxxxxxxxxxxxxxxxxxxxxx26072020030800013E01071A120326316C
7492,786,260720200453,xxxxxxxxxxxxxxxxxxxxxxxxxxxxxxxx26072020045300013E01071A120326316C
7493,786,260720200638,xxxxxxxxxxxxxxxxxxxxxxxxxxxxxxxx26072020063800013E01071A120326316C
7494,786,260720200823,xxxxxxxxxxxxxxxxxxxxxxxxxxxxxxxx26072020082300013E01071A120326316C
7495,786,260720201008,xxxxxxxxxxxxxxxxxxxxxxxxxxxxxxxx26072020100800013E01071A1203253139
7496,786,260720201153,xxxxxxxxxxxxxxxxxxxxxxxxxxxxxxxx26072020115300013E01071A1203253139
7497,786,260720201338,xxxxxxxxxxxxxxxxxxxxxxxxxxxxxxxx26072020133800013E01071A1203253139
7498,786,260720201523,xxxxxxxxxxxxxxxxxxxxxxxxxxxxxxxx26072020152300013E01071A120326316C
7499,786,260720201708,xxxxxxxxxxxxxxxxxxxxxxxxxxxxxxxx26072020170800013E01071A120326316C
7500,786,260720201853,xxxxxxxxxxxxxxxxxxxxxxxxxxxxxxxx26072020185300013E01071A120326316C
7501,786,260720202038,xxxxxxxxxxxxxxxxxxxxxxxxxxxxxxxx26072020203800013E01071A120326316C
7502,786,260720202223,xxxxxxxxxxxxxxxxxxxxxxxxxxxxxxxx26072020222300013E01071A120326316C
7503,786,260720202408,xxxxxxxxxxxxxxxxxxxxxxxxxxxxxxxx26072020240800013E01071A120326316C
7504,786,260720202553,xxxxxxxxxxxxxxxxxxxxxxxxxxxxxxxx26072020255300013E01071A12032731A8
7505,786,260720202738,xxxxxxxxxxxxxxxxxxxxxxxxxxxxxxxx26072020273800013E01071A12032731A8
7506,786,260720202923,xxxxxxxxxxxxxxxxxxxxxxxxxxxxxxxx26072020292300013E01071A12032731A8
7507,786,260720203108,xxxxxxxxxxxxxxxxxxxxxxxxxxxxxxxx26072020310800013E01071A12032731A8
7508,786,260720203253,xxxxxxxxxxxxxxxxxxxxxxxxxxxxxxxx26072020325300013E01071A12032731A8
7509,786,260720203438,xxxxxxxxxxxxxxxxxxxxxxxxxxxxxxxx26072020343800013E01071A12032731A8
7510,786,260720203623,xxxxxxxxxxxxxxxxxxxxxxxxxxxxxxxx26072020362300013E01071A12032731A8
7511,786,260720203808,xxxxxxxxxxxxxxxxxxxxxxxxxxxxxxxx26072020380800013E01071A12032731A8
7512,786,260720203953,xxxxxxxxxxxxxxxxxxxxxxxxxxxxxxxx26072020395300013E01071A12032731A8
7513,786,260720204138,xxxxxxxxxxxxxxxxxxxxxxxxxxxxxxxx26072020413800013E01071A12032731A8
7514,786,260720204323,xxxxxxxxxxxxxxxxxxxxxxxxxxxxxxxx26072020432300013E01071A12032831B0
7515,786,260720204508,xxxxxxxxxxxxxxxxxxxxxxxxxxxxxxxx26072020450800013E01071A12032831B0
7516,786,260720204653,xxxxxxxxxxxxxxxxxxxxxxxxxxxxxxxx26072020465300013E01071A12032731A8
7517,786,260720204838,xxxxxxxxxxxxxxxxxxxxxxxxxxxxxxxx26072020483800013E01071A12032731A8
7518,786,260720205023,xxxxxxxxxxxxxxxxxxxxxxxxxxxxxxxx26072020502300013E01071A12032731A8
7519,786,260720205208,xxxxxxxxxxxxxxxxxxxxxxxxxxxxxxxx26072020520800013E01071A12032831B0
7520,786,260720205353,xxxxxxxxxxxxxxxxxxxxxxxxxxxxxxxx26072020535300013E01071A12032831B0
7521,786,260720205538,xxxxxxxxxxxxxxxxxxxxxxxxxxxxxxxx26072020553800013E01071A1203293174
7522,786,260720205723,xxxxxxxxxxxxxxxxxxxxxxxxxxxxxxxx26072020572300013E01071A1203293174
7523,786,260720205908,xxxxxxxxxxxxxxxxxxxxxxxxxxxxxxxx26072020590800013E01071A1203293174
7524,786,260720210053,xxxxxxxxxxxxxxxxxxxxxxxxxxxxxxxx26072021005300013E01071A1203293174
7525,786,260720210238,xxxxxxxxxxxxxxxxxxxxxxxxxxxxxxxx26072021023800013E01071A1203293174
7526,786,260720210423,xxxxxxxxxxxxxxxxxxxxxxxxxxxxxxxx26072021042300013E01071A1203293174
7527,786,260720210608,xxxxxxxxxxxxxxxxxxxxxxxxxxxxxxxx26072021060800013E01071A1203293174
7528,786,260720210753,xxxxxxxxxxxxxxxxxxxxxxxxxxxxxxxx26072021075300013E01071A12032A3121
7529,786,260720210938,xxxxxxxxxxxxxxxxxxxxxxxxxxxxxxxx26072021093800013E01071A12032A3121
7530,786,260720211123,xxxxxxxxxxxxxxxxxxxxxxxxxxxxxxxx26072021112300013E01071A1203293174
7531,786,260720211308,xxxxxxxxxxxxxxxxxxxxxxxxxxxxxxxx26072021130800013E01071A1203293174
7532,786,260720211453,xxxxxxxxxxxxxxxxxxxxxxxxxxxxxxxx26072021145300013E01071A12032A3121
7533,786,260720211638,xxxxxxxxxxxxxxxxxxxxxxxxxxxxxxxx26072021163800013E01071A12032A3121
7534,786,260720211823,xxxxxxxxxxxxxxxxxxxxxxxxxxxxxxxx26072021182300013E01071A12032A3121
7535,786,260720212008,xxxxxxxxxxxxxxxxxxxxxxxxxxxxxxxx26072021200800013E01071A12032A3121
7536,786,260720212153,xxxxxxxxxxxxxxxxxxxxxxxxxxxxxxxx26072021215300013E01071A12032A3121
7537,786,260720212338,xxxxxxxxxxxxxxxxxxxxxxxxxxxxxxxx26072021233800013E01071A12032A3121
7538,786,260720212523,xxxxxxxxxxxxxxxxxxxxxxxxxxxxxxxx26072021252300013E01071A12032B31E5
7539,786,260720212708,xxxxxxxxxxxxxxxxxxxxxxxxxxxxxxxx26072021270800013E01071A12032A3121
7540,786,260720212853,xxxxxxxxxxxxxxxxxxxxxxxxxxxxxxxx26072021285300013E01071A12032A3121
7541,786,260720213038,xxxxxxxxxxxxxxxxxxxxxxxxxxxxxxxx26072021303800013E01071A12032A3121
7542,786,260720213223,xxxxxxxxxxxxxxxxxxxxxxxxxxxxxxxx26072021322300013E01071A12032A3121
7543,786,260720213408,xxxxxxxxxxxxxxxxxxxxxxxxxxxxxxxx26072021340800013E01071A12032B31E5
7544,786,260720213553,xxxxxxxxxxxxxxxxxxxxxxxxxxxxxxxx26072021355300013E01071A12032A3121
7545,786,260720213738,xxxxxxxxxxxxxxxxxxxxxxxxxxxxxxxx26072021373800013E01071A12032A3121
7546,786,260720213923,xxxxxxxxxxxxxxxxxxxxxxxxxxxxxxxx26072021392300013E01071A12032A3121
7547,786,260720214108,xxxxxxxxxxxxxxxxxxxxxxxxxxxxxxxx26072021410800013E01071A12032A3121
7548,786,260720214253,xxxxxxxxxxxxxxxxxxxxxxxxxxxxxxxx26072021425300013E01071A12032A3121
7549,786,260720214438,xxxxxxxxxxxxxxxxxxxxxxxxxxxxxxxx26072021443800013E01071A12032A3121
7550,786,260720214623,xxxxxxxxxxxxxxxxxxxxxxxxxxxxxxxx26072021462300013E01071A12032A3121
7551,786,260720214808,xxxxxxxxxxxxxxxxxxxxxxxxxxxxxxxx26072021480800013E01071A12032B31E5
7552,786,260720214953,xxxxxxxxxxxxxxxxxxxxxxxxxxxxxxxx26072021495300013E01071A12032B31E5
7553,786,260720215138,xxxxxxxxxxxxxxxxxxxxxxxxxxxxxxxx26072021513800013E01071A12032B31E5
7554,786,260720215323,xxxxxxxxxxxxxxxxxxxxxxxxxxxxxxxx26072021532300013E01071A12032B31E5
7555,786,260720215508,xxxxxxxxxxxxxxxxxxxxxxxxxxxxxxxx26072021550800013E01071A12032B31E5
7556,786,260720215653,xxxxxxxxxxxxxxxxxxxxxxxxxxxxxxxx26072021565300013E01071A12032A3121
7557,786,260720215838,xxxxxxxxxxxxxxxxxxxxxxxxxxxxxxxx26072021583800013E01071A12032B31E5
7558,786,260720220023,xxxxxxxxxxxxxxxxxxxxxxxxxxxxxxxx26072022002300013E01071A12032B31E5
7559,786,260720220208,xxxxxxxxxxxxxxxxxxxxxxxxxxxxxxxx26072022020800013E01071A12032B31E5
7560,786,260720220353,xxxxxxxxxxxxxxxxxxxxxxxxxxxxxxxx26072022035300013E01071A12032B31E5
7561,786,260720220538,xxxxxxxxxxxxxxxxxxxxxxxxxxxxxxxx26072022053800013E01071A12032B31E5
7562,786,260720220723,xxxxxxxxxxxxxxxxxxxxxxxxxxxxxxxx26072022072300013E01071A12032B31E5
7563,786,260720220908,xxxxxxxxxxxxxxxxxxxxxxxxxxxxxxxx26072022090800013E01071A12032B31E5
7564,786,260720221053,xxxxxxxxxxxxxxxxxxxxxxxxxxxxxxxx26072022105300013E01071A12032B31E5
7565,786,260720221238,xxxxxxxxxxxxxxxxxxxxxxxxxxxxxxxx26072022123800013E01071A12032B31E5
7566,786,260720221423,xxxxxxxxxxxxxxxxxxxxxxxxxxxxxxxx26072022142300013E01071A12032C318B
7567,786,260720221608,xxxxxxxxxxxxxxxxxxxxxxxxxxxxxxxx26072022160800013E01071A12032B31E5
7568,786,260720221753,xxxxxxxxxxxxxxxxxxxxxxxxxxxxxxxx26072022175300013E01071A12032B31E5
7569,786,260720221938,xxxxxxxxxxxxxxxxxxxxxxxxxxxxxxxx26072022193800013E01071A12032C318B
7570,786,260720222123,xxxxxxxxxxxxxxxxxxxxxxxxxxxxxxxx26072022212300013E01071A12032B31E5
7571,786,260720222308,xxxxxxxxxxxxxxxxxxxxxxxxxxxxxxxx26072022230800013E01071A12032B31E5
7572,786,260720222453,xxxxxxxxxxxxxxxxxxxxxxxxxxxxxxxx26072022245300013E01071A12032B31E5
7573,786,260720222638,xxxxxxxxxxxxxxxxxxxxxxxxxxxxxxxx26072022263800013E01071A12032B31E5
7574,786,260720222823,xxxxxxxxxxxxxxxxxxxxxxxxxxxxxxxx26072022282300013E01071A12032B31E5
7575,786,260720223008,xxxxxxxxxxxxxxxxxxxxxxxxxxxxxxxx26072022300800013E01071A12032B31E5
7576,786,260720223153,xxxxxxxxxxxxxxxxxxxxxxxxxxxxxxxx26072022315300013E01071A12032B31E5
7577,786,260720223338,xxxxxxxxxxxxxxxxxxxxxxxxxxxxxxxx26072022333800013E01071A12032B31E5
7578,786,260720223523,xxxxxxxxxxxxxxxxxxxxxxxxxxxxxxxx26072022352300013E01071A12032C318B
7579,786,260720223708,xxxxxxxxxxxxxxxxxxxxxxxxxxxxxxxx26072022370800013E01071A12032B31E5
7580,786,260720223853,xxxxxxxxxxxxxxxxxxxxxxxxxxxxxxxx26072022385300013E01071A12032B31E5
7581,786,260720224038,xxxxxxxxxxxxxxxxxxxxxxxxxxxxxxxx26072022403800013E01071A12032B31E5
7582,786,260720224223,xxxxxxxxxxxxxxxxxxxxxxxxxxxxxxxx26072022422300013E01071A12032B31E5
7583,786,260720224408,xxxxxxxxxxxxxxxxxxxxxxxxxxxxxxxx26072022440800013E01071A12032B31E5
7584,786,260720224554,xxxxxxxxxxxxxxxxxxxxxxxxxxxxxxxx26072022455400013E01071A12032C318B
7585,786,260720224739,xxxxxxxxxxxxxxxxxxxxxxxxxxxxxxxx26072022473900013E01071A12032B31E5
7586,786,260720224924,xxxxxxxxxxxxxxxxxxxxxxxxxxxxxxxx26072022492400013E01071A12032C318B
7587,786,260720225109,xxxxxxxxxxxxxxxxxxxxxxxxxxxxxxxx26072022510900013E01071A12032B31E5
7588,786,260720225254,xxxxxxxxxxxxxxxxxxxxxxxxxxxxxxxx26072022525400013E01071A12032B31E5
7589,786,260720225439,xxxxxxxxxxxxxxxxxxxxxxxxxxxxxxxx26072022543900013E01071A12032C318B
7590,786,260720225624,xxxxxxxxxxxxxxxxxxxxxxxxxxxxxxxx26072022562400013E01071A12032B31E5
7591,786,260720225809,xxxxxxxxxxxxxxxxxxxxxxxxxxxxxxxx26072022580900013E01071A12032B31E5
7592,786,260720225954,xxxxxxxxxxxxxxxxxxxxxxxxxxxxxxxx26072022595400013E01071A12032B31E5
7593,786,260720230139,xxxxxxxxxxxxxxxxxxxxxxxxxxxxxxxx26072023013900013E01071A12032B31E5
7594,786,260720230324,xxxxxxxxxxxxxxxxxxxxxxxxxxxxxxxx26072023032400013E01071A12032B31E5
7595,786,260720230509,xxxxxxxxxxxxxxxxxxxxxxxxxxxxxxxx26072023050900013E01071A12032B31E5
7596,786,260720230654,xxxxxxxxxxxxxxxxxxxxxxxxxxxxxxxx26072023065400013E01071A12032B31E5
7597,786,260720230839,xxxxxxxxxxxxxxxxxxxxxxxxxxxxxxxx26072023083900013E01071A12032B31E5
7598,786,260720231024,xxxxxxxxxxxxxxxxxxxxxxxxxxxxxxxx26072023102400013E01071A12032B31E5
7599,786,260720231209,xxxxxxxxxxxxxxxxxxxxxxxxxxxxxxxx26072023120900013E01071A12032B31E5
7600,786,260720231354,xxxxxxxxxxxxxxxxxxxxxxxxxxxxxxxx26072023135400013E01071A12032B31E5
7601,786,260720231539,xxxxxxxxxxxxxxxxxxxxxxxxxxxxxxxx26072023153900013E01071A12032C318B
7602,786,260720231724,xxxxxxxxxxxxxxxxxxxxxxxxxxxxxxxx26072023172400013E01071A12032B31E5
7603,786,260720231909,xxxxxxxxxxxxxxxxxxxxxxxxxxxxxxxx26072023190900013E01071A12032B31E5
7604,786,260720232054,xxxxxxxxxxxxxxxxxxxxxxxxxxxxxxxx26072023205400013E01071A12032B31E5
7605,786,260720232239,xxxxxxxxxxxxxxxxxxxxxxxxxxxxxxxx26072023223900013E01071A12032B31E5
7606,786,260720232424,xxxxxxxxxxxxxxxxxxxxxxxxxxxxxxxx26072023242400013E01071A12032B31E5
7607,786,260720232609,xxxxxxxxxxxxxxxxxxxxxxxxxxxxxxxx26072023260900013E01071A12032B31E5
7608,786,260720232754,xxxxxxxxxxxxxxxxxxxxxxxxxxxxxxxx26072023275400013E01071A12032B31E5
7609,786,260720232939,xxxxxxxxxxxxxxxxxxxxxxxxxxxxxxxx26072023293900013E01071A12032B31E5
7610,786,260720233124,xxxxxxxxxxxxxxxxxxxxxxxxxxxxxxxx26072023312400013E01071A12032B31E5
7611,786,260720233309,xxxxxxxxxxxxxxxxxxxxxxxxxxxxxxxx26072023330900013E01071A12032A3121
7612,786,260720233454,xxxxxxxxxxxxxxxxxxxxxxxxxxxxxxxx26072023345400013E01071A12032B31E5
7613,786,260720233639,xxxxxxxxxxxxxxxxxxxxxxxxxxxxxxxx26072023363900013E01071A12032A3121
7614,786,260720233824,xxxxxxxxxxxxxxxxxxxxxxxxxxxxxxxx26072023382400013E01071A12032A3121
7615,786,260720234009,xxxxxxxxxxxxxxxxxxxxxxxxxxxxxxxx26072023400900013E01071A12032A3121
7616,786,260720234154,xxxxxxxxxxxxxxxxxxxxxxxxxxxxxxxx26072023415400013E01071A12032A3121
7617,786,260720234339,xxxxxxxxxxxxxxxxxxxxxxxxxxxxxxxx26072023433900013E01071A1203293174
7618,786,260720234524,xxxxxxxxxxxxxxxxxxxxxxxxxxxxxxxx26072023452400013E01071A12032A3121
7619,786,260720234709,xxxxxxxxxxxxxxxxxxxxxxxxxxxxxxxx26072023470900013E01071A12032A3121
7620,786,260720234854,xxxxxxxxxxxxxxxxxxxxxxxxxxxxxxxx26072023485400013E01071A12032A3121
7621,786,260720235039,xxxxxxxxxxxxxxxxxxxxxxxxxxxxxxxx26072023503900013E01071A12032A3121
7622,786,260720235224,xxxxxxxxxxxxxxxxxxxxxxxxxxxxxxxx26072023522400013E01071A12032A3121
7623,786,260720235409,xxxxxxxxxxxxxxxxxxxxxxxxxxxxxxxx26072023540900013E01071A12032A3121
7624,786,260720235554,xxxxxxxxxxxxxxxxxxxxxxxxxxxxxxxx26072023555400013E01071A12032A3121
7625,786,260720235739,xxxxxxxxxxxxxxxxxxxxxxxxxxxxxxxx26072023573900013E01071A12032B31E5
7626,786,260720235924,xxxxxxxxxxxxxxxxxxxxxxxxxxxxxxxx26072023592400013E01071A12032A3121
7627,786,260721000109,xxxxxxxxxxxxxxxxxxxxxxxxxxxxxxxx26072100010900013E01071A12032A3121
7628,786,260721000254,xxxxxxxxxxxxxxxxxxxxxxxxxxxxxxxx26072100025400013E01071A12032B31E5
7629,786,260721000439,xxxxxxxxxxxxxxxxxxxxxxxxxxxxxxxx26072100043900013E01071A12032A3121
7630,786,260721000624,xxxxxxxxxxxxxxxxxxxxxxxxxxxxxxxx26072100062400013E01071A12032A3121
7631,786,260721000809,xxxxxxxxxxxxxxxxxxxxxxxxxxxxxxxx26072100080900013E01071A12032A3121
7632,786,260721000954,xxxxxxxxxxxxxxxxxxxxxxxxxxxxxxxx26072100095400013E01071A12032A3121
7633,786,260721001139,xxxxxxxxxxxxxxxxxxxxxxxxxxxxxxxx26072100113900013E01071A12032A3121
7634,786,260721001324,xxxxxxxxxxxxxxxxxxxxxxxxxxxxxxxx26072100132400013E01071A12032A3121
7635,786,260721001509,xxxxxxxxxxxxxxxxxxxxxxxxxxxxxxxx26072100150900013E01071A12032A3121
7636,786,260721001654,xxxxxxxxxxxxxxxxxxxxxxxxxxxxxxxx26072100165400013E01071A12032A3121
7637,786,260721001839,xxxxxxxxxxxxxxxxxxxxxxxxxxxxxxxx26072100183900013E01071A12032A3121
7638,786,260721002024,xxxxxxxxxxxxxxxxxxxxxxxxxxxxxxxx26072100202400013E01071A12032A3121
7639,786,260721002209,xxxxxxxxxxxxxxxxxxxxxxxxxxxxxxxx26072100220900013E01071A1203293174
7640,786,260721002354,xxxxxxxxxxxxxxxxxxxxxxxxxxxxxxxx26072100235400013E01071A12032A3121
7641,786,260721002539,xxxxxxxxxxxxxxxxxxxxxxxxxxxxxxxx26072100253900013E01071A12032A3121
7642,786,260721002724,xxxxxxxxxxxxxxxxxxxxxxxxxxxxxxxx26072100272400013E01071A1203293174
7643,786,260721002909,xxxxxxxxxxxxxxxxxxxxxxxxxxxxxxxx26072100290900013E01071A12032A3121
7644,786,260721003054,xxxxxxxxxxxxxxxxxxxxxxxxxxxxxxxx26072100305400013E01071A12032A3121
7645,786,260721003239,xxxxxxxxxxxxxxxxxxxxxxxxxxxxxxxx26072100323900013E01071A1203293174
7646,786,260721003424,xxxxxxxxxxxxxxxxxxxxxxxxxxxxxxxx26072100342400013E01071A1203293174
7647,786,260721003609,xxxxxxxxxxxxxxxxxxxxxxxxxxxxxxxx26072100360900013E01071A12032A3121
7648,786,260721003754,xxxxxxxxxxxxxxxxxxxxxxxxxxxxxxxx26072100375400013E01071A1203293174
7649,786,260721003939,xxxxxxxxxxxxxxxxxxxxxxxxxxxxxxxx26072100393900013E01071A1203293174
7650,786,260721004124,xxxxxxxxxxxxxxxxxxxxxxxxxxxxxxxx26072100412400013E01071A12032A3121
7651,786,260721004309,xxxxxxxxxxxxxxxxxxxxxxxxxxxxxxxx26072100430900013E01071A1203293174
7652,786,260721004454,xxxxxxxxxxxxxxxxxxxxxxxxxxxxxxxx26072100445400013E01071A1203293174
7653,786,260721004639,xxxxxxxxxxxxxxxxxxxxxxxxxxxxxxxx26072100463900013E01071A1203293174
7654,786,260721004824,xxxxxxxxxxxxxxxxxxxxxxxxxxxxxxxx26072100482400013E01071A1203293174
7655,786,260721005009,xxxxxxxxxxxxxxxxxxxxxxxxxxxxxxxx26072100500900013E01071A12032831B0
7656,786,260721005154,xxxxxxxxxxxxxxxxxxxxxxxxxxxxxxxx26072100515400013E01071A1203293174
7657,786,260721005339,xxxxxxxxxxxxxxxxxxxxxxxxxxxxxxxx26072100533900013E01071A12032831B0
7658,786,260721005524,xxxxxxxxxxxxxxxxxxxxxxxxxxxxxxxx26072100552400013E01071A12032831B0
7659,786,260721005709,xxxxxxxxxxxxxxxxxxxxxxxxxxxxxxxx26072100570900013E01071A12032831B0
7660,786,260721005854,xxxxxxxxxxxxxxxxxxxxxxxxxxxxxxxx26072100585400013E01071A1203293174
7661,786,260721010039,xxxxxxxxxxxxxxxxxxxxxxxxxxxxxxxx26072101003900013E01071A12032831B0
7662,786,260721010224,xxxxxxxxxxxxxxxxxxxxxxxxxxxxxxxx26072101022400013E01071A12032831B0
7663,786,260721010409,xxxxxxxxxxxxxxxxxxxxxxxxxxxxxxxx26072101040900013E01071A12032831B0
7664,786,260721010554,xxxxxxxxxxxxxxxxxxxxxxxxxxxxxxxx26072101055400013E01071A1203293174
7665,786,260721010739,xxxxxxxxxxxxxxxxxxxxxxxxxxxxxxxx26072101073900013E01071A12032831B0
7666,786,260721010924,xxxxxxxxxxxxxxxxxxxxxxxxxxxxxxxx26072101092400013E01071A1203293174
7667,786,260721011109,xxxxxxxxxxxxxxxxxxxxxxxxxxxxxxxx26072101110900013E01071A12032831B0
7668,786,260721011254,xxxxxxxxxxxxxxxxxxxxxxxxxxxxxxxx26072101125400013E01071A1203293174
7669,786,260721011439,xxxxxxxxxxxxxxxxxxxxxxxxxxxxxxxx26072101143900013E01071A12032831B0
7670,786,260721011624,xxxxxxxxxxxxxxxxxxxxxxxxxxxxxxxx26072101162400013E01071A12032831B0
7671,786,260721011809,xxxxxxxxxxxxxxxxxxxxxxxxxxxxxxxx26072101180900013E01071A12032831B0
7672,786,260721011954,xxxxxxxxxxxxxxxxxxxxxxxxxxxxxxxx26072101195400013E01071A12032831B0
7673,786,260721012139,xxxxxxxxxxxxxxxxxxxxxxxxxxxxxxxx26072101213900013E01071A12032831B0
7674,786,260721012324,xxxxxxxxxxxxxxxxxxxxxxxxxxxxxxxx26072101232400013E01071A12032831B0
7675,786,260721012509,xxxxxxxxxxxxxxxxxxxxxxxxxxxxxxxx26072101250900013E01071A12032831B0
7676,786,260721012654,xxxxxxxxxxxxxxxxxxxxxxxxxxxxxxxx26072101265400013E01071A12032831B0
7677,786,260721012839,xxxxxxxxxxxxxxxxxxxxxxxxxxxxxxxx26072101283900013E01071A12032831B0
7678,786,260721013024,xxxxxxxxxxxxxxxxxxxxxxxxxxxxxxxx26072101302400013E01071A12032831B0
7679,786,260721013209,xxxxxxxxxxxxxxxxxxxxxxxxxxxxxxxx26072101320900013E01071A12032831B0
7680,786,260721013354,xxxxxxxxxxxxxxxxxxxxxxxxxxxxxxxx26072101335400013E01071A12032731A8
7681,786,260721013539,xxxxxxxxxxxxxxxxxxxxxxxxxxxxxxxx26072101353900013E01071A12032731A8
7682,786,260721013725,xxxxxxxxxxxxxxxxxxxxxxxxxxxxxxxx26072101372500013E01071A12032831B0
7683,786,260721013910,xxxxxxxxxxxxxxxxxxxxxxxxxxxxxxxx26072101391000013E01071A12032731A8
7684,786,260721014055,xxxxxxxxxxxxxxxxxxxxxxxxxxxxxxxx26072101405500013E01071A12032831B0
7685,786,260721014240,xxxxxxxxxxxxxxxxxxxxxxxxxxxxxxxx26072101424000013E01071A12032731A8
7686,786,260721014425,xxxxxxxxxxxxxxxxxxxxxxxxxxxxxxxx26072101442500013E01071A12032731A8
7687,786,260721014610,xxxxxxxxxxxxxxxxxxxxxxxxxxxxxxxx26072101461000013E01071A12032731A8
7688,786,260721014755,xxxxxxxxxxxxxxxxxxxxxxxxxxxxxxxx26072101475500013E01071A12032731A8
7689,786,260721014940,xxxxxxxxxxxxxxxxxxxxxxxxxxxxxxxx26072101494000013E01071A12032831B0
7690,786,260721015125,xxxxxxxxxxxxxxxxxxxxxxxxxxxxxxxx26072101512500013E01071A12032731A8
7691,786,260721015310,xxxxxxxxxxxxxxxxxxxxxxxxxxxxxxxx26072101531000013E01071A12032731A8
7692,786,260721015455,xxxxxxxxxxxxxxxxxxxxxxxxxxxxxxxx26072101545500013E01071A12032731A8
7693,786,260721015640,xxxxxxxxxxxxxxxxxxxxxxxxxxxxxxxx26072101564000013E01071A12032831B0
7694,786,260721015825,xxxxxxxxxxxxxxxxxxxxxxxxxxxxxxxx26072101582500013E01071A12032731A8
7695,786,260721020010,xxxxxxxxxxxxxxxxxxxxxxxxxxxxxxxx26072102001000013E01071A12032731A8
7696,786,260721020155,xxxxxxxxxxxxxxxxxxxxxxxxxxxxxxxx26072102015500013E01071A12032731A8
7697,786,260721020340,xxxxxxxxxxxxxxxxxxxxxxxxxxxxxxxx26072102034000013E01071A12032731A8
7698,786,260721020525,xxxxxxxxxxxxxxxxxxxxxxxxxxxxxxxx26072102052500013E01071A12032731A8
7699,786,260721020710,xxxxxxxxxxxxxxxxxxxxxxxxxxxxxxxx26072102071000013E01071A12032731A8
7700,786,260721020855,xxxxxxxxxxxxxxxxxxxxxxxxxxxxxxxx26072102085500013E01071A12032731A8
7701,786,260721021040,xxxxxxxxxxxxxxxxxxxxxxxxxxxxxxxx26072102104000013E01071A12032731A8
7702,786,260721021225,xxxxxxxxxxxxxxxxxxxxxxxxxxxxxxxx26072102122500013E01071A12032731A8
7703,786,260721021410,xxxxxxxxxxxxxxxxxxxxxxxxxxxxxxxx26072102141000013E01071A12032731A8
7704,786,260721021555,xxxxxxxxxxxxxxxxxxxxxxxxxxxxxxxx26072102155500013E01071A12032731A8
7705,786,260721021740,xxxxxxxxxxxxxxxxxxxxxxxxxxxxxxxx26072102174000013E01071A120326316C
7706,786,260721021925,xxxxxxxxxxxxxxxxxxxxxxxxxxxxxxxx26072102192500013E01071A12032731A8
7707,786,260721022110,xxxxxxxxxxxxxxxxxxxxxxxxxxxxxxxx26072102211000013E01071A12032731A8
7708,786,260721022255,xxxxxxxxxxxxxxxxxxxxxxxxxxxxxxxx26072102225500013E01071A12032731A8
7709,786,260721022440,xxxxxxxxxxxxxxxxxxxxxxxxxxxxxxxx26072102244000013E01071A12032731A8
7710,786,260721022625,xxxxxxxxxxxxxxxxxxxxxxxxxxxxxxxx26072102262500013E01071A120326316C
7711,786,260721022810,xxxxxxxxxxxxxxxxxxxxxxxxxxxxxxxx26072102281000013E01071A12032731A8
7712,786,260721022955,xxxxxxxxxxxxxxxxxxxxxxxxxxxxxxxx26072102295500013E01071A120326316C
7713,786,260721023140,xxxxxxxxxxxxxxxxxxxxxxxxxxxxxxxx26072102314000013E01071A12032731A8
7714,786,260721023325,xxxxxxxxxxxxxxxxxxxxxxxxxxxxxxxx26072102332500013E01071A120326316C
7715,786,260721023510,xxxxxxxxxxxxxxxxxxxxxxxxxxxxxxxx26072102351000013E01071A120326316C
7716,786,260721023655,xxxxxxxxxxxxxxxxxxxxxxxxxxxxxxxx26072102365500013E01071A120326316C
7717,786,260721023840,xxxxxxxxxxxxxxxxxxxxxxxxxxxxxxxx26072102384000013E01071A120326316C
7718,786,260721024025,xxxxxxxxxxxxxxxxxxxxxxxxxxxxxxxx26072102402500013E01071A120326316C
7719,786,260721024210,xxxxxxxxxxxxxxxxxxxxxxxxxxxxxxxx26072102421000013E01071A120326316C
7720,786,260721024355,xxxxxxxxxxxxxxxxxxxxxxxxxxxxxxxx26072102435500013E01071A12032731A8
7721,786,260721024540,xxxxxxxxxxxxxxxxxxxxxxxxxxxxxxxx26072102454000013E01071A120326316C
7722,786,260721024725,xxxxxxxxxxxxxxxxxxxxxxxxxxxxxxxx26072102472500013E01071A12032731A8
7723,786,260721024910,xxxxxxxxxxxxxxxxxxxxxxxxxxxxxxxx26072102491000013E01071A12032731A8
7724,786,260721025055,xxxxxxxxxxxxxxxxxxxxxxxxxxxxxxxx26072102505500013E01071A120326316C
7725,786,260721025240,xxxxxxxxxxxxxxxxxxxxxxxxxxxxxxxx26072102524000013E01071A120326316C
7726,786,260721025425,xxxxxxxxxxxxxxxxxxxxxxxxxxxxxxxx26072102542500013E01071A120326316C
7727,786,260721025610,xxxxxxxxxxxxxxxxxxxxxxxxxxxxxxxx26072102561000013E01071A120326316C
7728,786,260721025755,xxxxxxxxxxxxxxxxxxxxxxxxxxxxxxxx26072102575500013E01071A120326316C
7729,786,260721025940,xxxxxxxxxxxxxxxxxxxxxxxxxxxxxxxx26072102594000013E01071A120326316C
7730,786,260721030125,xxxxxxxxxxxxxxxxxxxxxxxxxxxxxxxx26072103012500013E01071A1203253139
7731,786,260721030310,xxxxxxxxxxxxxxxxxxxxxxxxxxxxxxxx26072103031000013E01071A120326316C
7732,786,260721030455,xxxxxxxxxxxxxxxxxxxxxxxxxxxxxxxx26072103045500013E01071A120326316C
7733,786,260721030640,xxxxxxxxxxxxxxxxxxxxxxxxxxxxxxxx26072103064000013E01071A120326316C
7734,786,260721030825,xxxxxxxxxxxxxxxxxxxxxxxxxxxxxxxx26072103082500013E01071A120326316C
7735,786,260721031010,xxxxxxxxxxxxxxxxxxxxxxxxxxxxxxxx26072103101000013E01071A120326316C
7736,786,260721031155,xxxxxxxxxxxxxxxxxxxxxxxxxxxxxxxx26072103115500013E01071A120326316C
7737,786,260721031340,xxxxxxxxxxxxxxxxxxxxxxxxxxxxxxxx26072103134000013E01071A120326316C
7738,786,260721031525,xxxxxxxxxxxxxxxxxxxxxxxxxxxxxxxx26072103152500013E01071A120326316C
7739,786,260721031710,xxxxxxxxxxxxxxxxxxxxxxxxxxxxxxxx26072103171000013E01071A120326316C
7740,786,260721031855,xxxxxxxxxxxxxxxxxxxxxxxxxxxxxxxx26072103185500013E01071A120326316C
7741,786,260721032040,xxxxxxxxxxxxxxxxxxxxxxxxxxxxxxxx26072103204000013E01071A120326316C
7742,786,260721032225,xxxxxxxxxxxxxxxxxxxxxxxxxxxxxxxx26072103222500013E01071A1203253139
7743,786,260721032410,xxxxxxxxxxxxxxxxxxxxxxxxxxxxxxxx26072103241000013E01071A120326316C
7744,786,260721032555,xxxxxxxxxxxxxxxxxxxxxxxxxxxxxxxx26072103255500013E01071A120326316C
7745,786,260721032740,xxxxxxxxxxxxxxxxxxxxxxxxxxxxxxxx26072103274000013E01071A120326316C
7746,786,260721032925,xxxxxxxxxxxxxxxxxxxxxxxxxxxxxxxx26072103292500013E01071A120326316C
7747,786,260721033110,xxxxxxxxxxxxxxxxxxxxxxxxxxxxxxxx26072103311000013E01071A120326316C
7748,786,260721033255,xxxxxxxxxxxxxxxxxxxxxxxxxxxxxxxx26072103325500013E01071A1203253139
7749,786,260721033440,xxxxxxxxxxxxxxxxxxxxxxxxxxxxxxxx26072103344000013E01071A1203253139
7750,786,260721033625,xxxxxxxxxxxxxxxxxxxxxxxxxxxxxxxx26072103362500013E01071A120326316C
7751,786,260721033810,xxxxxxxxxxxxxxxxxxxxxxxxxxxxxxxx26072103381000013E01071A1203253139
7752,786,260721033955,xxxxxxxxxxxxxxxxxxxxxxxxxxxxxxxx26072103395500013E01071A1203253139
7753,786,260721034140,xxxxxxxxxxxxxxxxxxxxxxxxxxxxxxxx26072103414000013E01071A1203253139
7754,786,260721034325,xxxxxxxxxxxxxxxxxxxxxxxxxxxxxxxx26072103432500013E01071A1203253139
7755,786,260721034510,xxxxxxxxxxxxxxxxxxxxxxxxxxxxxxxx26072103451000013E01071A1203253139
7756,786,260721034655,xxxxxxxxxxxxxxxxxxxxxxxxxxxxxxxx26072103465500013E01071A1203253139
7757,786,260721034840,xxxxxxxxxxxxxxxxxxxxxxxxxxxxxxxx26072103484000013E01071A1203253139
7758,786,260721035025,xxxxxxxxxxxxxxxxxxxxxxxxxxxxxxxx26072103502500013E01071A120326316C
7759,786,260721035210,xxxxxxxxxxxxxxxxxxxxxxxxxxxxxxxx26072103521000013E01071A1203253139
7760,786,260721035355,xxxxxxxxxxxxxxxxxxxxxxxxxxxxxxxx26072103535500013E01071A120326316C
7761,786,260721035540,xxxxxxxxxxxxxxxxxxxxxxxxxxxxxxxx26072103554000013E01071A1203253139
7762,786,260721035725,xxxxxxxxxxxxxxxxxxxxxxxxxxxxxxxx26072103572500013E01071A1203253139
7763,786,260721035910,xxxxxxxxxxxxxxxxxxxxxxxxxxxxxxxx26072103591000013E01071A1203253139
7764,786,260721040055,xxxxxxxxxxxxxxxxxxxxxxxxxxxxxxxx26072104005500013E01071A1203253139
7765,786,260721040240,xxxxxxxxxxxxxxxxxxxxxxxxxxxxxxxx26072104024000013E01071A1203253139
7766,786,260721040425,xxxxxxxxxxxxxxxxxxxxxxxxxxxxxxxx26072104042500013E01071A1203253139
7767,786,260721040610,xxxxxxxxxxxxxxxxxxxxxxxxxxxxxxxx26072104061000013E01071A1203253139
7768,786,260721040755,xxxxxxxxxxxxxxxxxxxxxxxxxxxxxxxx26072104075500013E01071A1203253139
7769,786,260721040940,xxxxxxxxxxxxxxxxxxxxxxxxxxxxxxxx26072104094000013E01071A120326316C
7770,786,260721041125,xxxxxxxxxxxxxxxxxxxxxxxxxxxxxxxx26072104112500013E01071A120326316C
7771,786,260721041310,xxxxxxxxxxxxxxxxxxxxxxxxxxxxxxxx26072104131000013E01071A1203253139
7772,786,260721041455,xxxxxxxxxxxxxxxxxxxxxxxxxxxxxxxx26072104145500013E01071A1203253139
7773,786,260721041640,xxxxxxxxxxxxxxxxxxxxxxxxxxxxxxxx26072104164000013E01071A1203253139
7774,786,260721041825,xxxxxxxxxxxxxxxxxxxxxxxxxxxxxxxx26072104182500013E01071A1203253139
7775,786,260721042010,xxxxxxxxxxxxxxxxxxxxxxxxxxxxxxxx26072104201000013E01071A1203253139
7776,786,260721042155,xxxxxxxxxxxxxxxxxxxxxxxxxxxxxxxx26072104215500013E01071A1203253139
7777,786,260721042340,xxxxxxxxxxxxxxxxxxxxxxxxxxxxxxxx26072104234000013E01071A1203253139
7778,786,260721042525,xxxxxxxxxxxxxxxxxxxxxxxxxxxxxxxx26072104252500013E01071A1203253139
7779,786,260721042710,xxxxxxxxxxxxxxxxxxxxxxxxxxxxxxxx26072104271000013E01071A1203253139
7780,786,260721042856,xxxxxxxxxxxxxxxxxxxxxxxxxxxxxxxx26072104285600013E01071A1203253139
7781,786,260721043041,xxxxxxxxxxxxxxxxxxxxxxxxxxxxxxxx26072104304100013E01071A1203253139
7782,786,260721043226,xxxxxxxxxxxxxxxxxxxxxxxxxxxxxxxx26072104322600013E01071A1203253139
7783,786,260721043411,xxxxxxxxxxxxxxxxxxxxxxxxxxxxxxxx26072104341100013E01071A1203253139
7784,786,260721043556,xxxxxxxxxxxxxxxxxxxxxxxxxxxxxxxx26072104355600013E01071A1203253139
7785,786,260721043741,xxxxxxxxxxxxxxxxxxxxxxxxxxxxxxxx26072104374100013E01071A1203253139
7786,786,260721043926,xxxxxxxxxxxxxxxxxxxxxxxxxxxxxxxx26072104392600013E01071A1203253139
7787,786,260721044111,xxxxxxxxxxxxxxxxxxxxxxxxxxxxxxxx26072104411100013E01071A1203253139
7788,786,260721044256,xxxxxxxxxxxxxxxxxxxxxxxxxxxxxxxx26072104425600013E01071A1203253139
7789,786,260721044441,xxxxxxxxxxxxxxxxxxxxxxxxxxxxxxxx26072104444100013E01071A1203253139
7790,786,260721044626,xxxxxxxxxxxxxxxxxxxxxxxxxxxxxxxx26072104462600013E01071A12032431FD
7791,786,260721044811,xxxxxxxxxxxxxxxxxxxxxxxxxxxxxxxx26072104481100013E01071A1203253139
7792,786,260721044956,xxxxxxxxxxxxxxxxxxxxxxxxxxxxxxxx26072104495600013E01071A1203253139
7793,786,260721045141,xxxxxxxxxxxxxxxxxxxxxxxxxxxxxxxx26072104514100013E01071A1203253139
7794,786,260721045326,xxxxxxxxxxxxxxxxxxxxxxxxxxxxxxxx26072104532600013E01071A1203253139
7795,786,260721045511,xxxxxxxxxxxxxxxxxxxxxxxxxxxxxxxx26072104551100013E01071A1203253139
7796,786,260721045656,xxxxxxxxxxxxxxxxxxxxxxxxxxxxxxxx26072104565600013E01071A1203253139
7797,786,260721045841,xxxxxxxxxxxxxxxxxxxxxxxxxxxxxxxx26072104584100013E01071A1203253139
7798,786,260721050026,xxxxxxxxxxxxxxxxxxxxxxxxxxxxxxxx26072105002600013E01071A1203253139
7799,786,260721050211,xxxxxxxxxxxxxxxxxxxxxxxxxxxxxxxx26072105021100013E01071A1203253139
7800,786,260721050356,xxxxxxxxxxxxxxxxxxxxxxxxxxxxxxxx26072105035600013E01071A1203253139
7801,786,260721050541,xxxxxxxxxxxxxxxxxxxxxxxxxxxxxxxx26072105054100013E01071A1203253139
7802,786,260721050726,xxxxxxxxxxxxxxxxxxxxxxxxxxxxxxxx26072105072600013E01071A1203253139
7803,786,260721050911,xxxxxxxxxxxxxxxxxxxxxxxxxxxxxxxx26072105091100013E01071A1203253139
7804,786,260721051056,xxxxxxxxxxxxxxxxxxxxxxxxxxxxxxxx26072105105600013E01071A1203253139
7805,786,260721051241,xxxxxxxxxxxxxxxxxxxxxxxxxxxxxxxx26072105124100013E01071A1203253139
7806,786,260721051426,xxxxxxxxxxxxxxxxxxxxxxxxxxxxxxxx26072105142600013E01071A1203253139
7807,786,260721051611,xxxxxxxxxxxxxxxxxxxxxxxxxxxxxxxx26072105161100013E01071A1203253139
7808,786,260721051756,xxxxxxxxxxxxxxxxxxxxxxxxxxxxxxxx26072105175600013E01071A1203253139
7809,786,260721051941,xxxxxxxxxxxxxxxxxxxxxxxxxxxxxxxx26072105194100013E01071A1203253139
7810,786,260721052126,xxxxxxxxxxxxxxxxxxxxxxxxxxxxxxxx26072105212600013E01071A1203253139
7811,786,260721052311,xxxxxxxxxxxxxxxxxxxxxxxxxxxxxxxx26072105231100013E01071A1203253139
7812,786,260721052456,xxxxxxxxxxxxxxxxxxxxxxxxxxxxxxxx26072105245600013E01071A1203253139
7813,786,260721052641,xxxxxxxxxxxxxxxxxxxxxxxxxxxxxxxx26072105264100013E01071A1203253139
7814,786,260721052826,xxxxxxxxxxxxxxxxxxxxxxxxxxxxxxxx26072105282600013E01071A1203253139
7815,786,260721053011,xxxxxxxxxxxxxxxxxxxxxxxxxxxxxxxx26072105301100013E01071A1203253139
7816,786,260721053156,xxxxxxxxxxxxxxxxxxxxxxxxxxxxxxxx26072105315600013E01071A1203253139
7817,786,260721053341,xxxxxxxxxxxxxxxxxxxxxxxxxxxxxxxx26072105334100013E01071A1203253139
7818,786,260721053526,xxxxxxxxxxxxxxxxxxxxxxxxxxxxxxxx26072105352600013E01071A1203253139
7819,786,260721053711,xxxxxxxxxxxxxxxxxxxxxxxxxxxxxxxx26072105371100013E01071A1203253139
7820,786,260721053856,xxxxxxxxxxxxxxxxxxxxxxxxxxxxxxxx26072105385600013E01071A1203253139
7821,786,260721054041,xxxxxxxxxxxxxxxxxxxxxxxxxxxxxxxx26072105404100013E01071A1203253139
7822,786,260721054226,xxxxxxxxxxxxxxxxxxxxxxxxxxxxxxxx26072105422600013E01071A1203253139
7823,786,260721054411,xxxxxxxxxxxxxxxxxxxxxxxxxxxxxxxx26072105441100013E01071A1203253139
7824,786,260721054556,xxxxxxxxxxxxxxxxxxxxxxxxxxxxxxxx26072105455600013E01071A12032431FD
7825,786,260721054741,xxxxxxxxxxxxxxxxxxxxxxxxxxxxxxxx26072105474100013E01071A1203253139
7826,786,260721054926,xxxxxxxxxxxxxxxxxxxxxxxxxxxxxxxx26072105492600013E01071A1203253139
7827,786,260721055111,xxxxxxxxxxxxxxxxxxxxxxxxxxxxxxxx26072105511100013E01071A1203253139
7828,786,260721055256,xxxxxxxxxxxxxxxxxxxxxxxxxxxxxxxx26072105525600013E01071A12032431FD
7829,786,260721055441,xxxxxxxxxxxxxxxxxxxxxxxxxxxxxxxx26072105544100013E01071A1203253139
7830,786,260721055626,xxxxxxxxxxxxxxxxxxxxxxxxxxxxxxxx26072105562600013E01071A1203253139
7831,786,260721055811,xxxxxxxxxxxxxxxxxxxxxxxxxxxxxxxx26072105581100013E01071A1203253139
7832,786,260721055956,xxxxxxxxxxxxxxxxxxxxxxxxxxxxxxxx26072105595600013E01071A1203253139
7833,786,260721060141,xxxxxxxxxxxxxxxxxxxxxxxxxxxxxxxx26072106014100013E01071A1203253139
7834,786,260721060326,xxxxxxxxxxxxxxxxxxxxxxxxxxxxxxxx26072106032600013E01071A1203253139
7835,786,260721060511,xxxxxxxxxxxxxxxxxxxxxxxxxxxxxxxx26072106051100013E01071A1203253139
7836,786,260721060656,xxxxxxxxxxxxxxxxxxxxxxxxxxxxxxxx26072106065600013E01071A1203253139
7837,786,260721060841,xxxxxxxxxxxxxxxxxxxxxxxxxxxxxxxx26072106084100013E01071A1203253139
7838,786,260721061026,xxxxxxxxxxxxxxxxxxxxxxxxxxxxxxxx26072106102600013E01071A1203253139
7839,786,260721061211,xxxxxxxxxxxxxxxxxxxxxxxxxxxxxxxx26072106121100013E01071A1203253139
7840,786,260721061356,xxxxxxxxxxxxxxxxxxxxxxxxxxxxxxxx26072106135600013E01071A1203253139
7841,786,260721061541,xxxxxxxxxxxxxxxxxxxxxxxxxxxxxxxx26072106154100013E01071A1203253139
7842,786,260721061726,xxxxxxxxxxxxxxxxxxxxxxxxxxxxxxxx26072106172600013E01071A1203253139
7843,786,260721061911,xxxxxxxxxxxxxxxxxxxxxxxxxxxxxxxx26072106191100013E01071A12032431FD
7844,786,260721062056,xxxxxxxxxxxxxxxxxxxxxxxxxxxxxxxx26072106205600013E01071A1203253139
7845,786,260721062241,xxxxxxxxxxxxxxxxxxxxxxxxxxxxxxxx26072106224100013E01071A1203253139
7846,786,260721062426,xxxxxxxxxxxxxxxxxxxxxxxxxxxxxxxx26072106242600013E01071A1203253139
7847,786,260721062611,xxxxxxxxxxxxxxxxxxxxxxxxxxxxxxxx26072106261100013E01071A1203253139
7848,786,260721062756,xxxxxxxxxxxxxxxxxxxxxxxxxxxxxxxx26072106275600013E01071A1203253139
7849,786,260721062941,xxxxxxxxxxxxxxxxxxxxxxxxxxxxxxxx26072106294100013E01071A1203253139
7850,786,260721063126,xxxxxxxxxxxxxxxxxxxxxxxxxxxxxxxx26072106312600013E01071A1203253139
7851,786,260721063311,xxxxxxxxxxxxxxxxxxxxxxxxxxxxxxxx26072106331100013E01071A1203253139
7852,786,260721063456,xxxxxxxxxxxxxxxxxxxxxxxxxxxxxxxx26072106345600013E01071A1203253139
7853,786,260721063641,xxxxxxxxxxxxxxxxxxxxxxxxxxxxxxxx26072106364100013E01071A1203253139
7854,786,260721063826,xxxxxxxxxxxxxxxxxxxxxxxxxxxxxxxx26072106382600013E01071A1203253139
7855,786,260721064011,xxxxxxxxxxxxxxxxxxxxxxxxxxxxxxxx26072106401100013E01071A1203253139
7856,786,260721064156,xxxxxxxxxxxxxxxxxxxxxxxxxxxxxxxx26072106415600013E01071A1203253139
7857,786,260721064341,xxxxxxxxxxxxxxxxxxxxxxxxxxxxxxxx26072106434100013E01071A1203253139
7858,786,260721064526,xxxxxxxxxxxxxxxxxxxxxxxxxxxxxxxx26072106452600013E01071A12032431FD
7859,786,260721064711,xxxxxxxxxxxxxxxxxxxxxxxxxxxxxxxx26072106471100013E01071A1203253139
7860,786,260721064856,xxxxxxxxxxxxxxxxxxxxxxxxxxxxxxxx26072106485600013E01071A1203253139
7861,786,260721065041,xxxxxxxxxxxxxxxxxxxxxxxxxxxxxxxx26072106504100013E01071A1203253139
7862,786,260721065226,xxxxxxxxxxxxxxxxxxxxxxxxxxxxxxxx26072106522600013E01071A12032431FD
7863,786,260721065411,xxxxxxxxxxxxxxxxxxxxxxxxxxxxxxxx26072106541100013E01071A1203253139
7864,786,260721065556,xxxxxxxxxxxxxxxxxxxxxxxxxxxxxxxx26072106555600013E01071A1203253139
7865,786,260721065741,xxxxxxxxxxxxxxxxxxxxxxxxxxxxxxxx26072106574100013E01071A1203253139
7866,786,260721065926,xxxxxxxxxxxxxxxxxxxxxxxxxxxxxxxx26072106592600013E01071A1203253139
7867,786,260721070111,xxxxxxxxxxxxxxxxxxxxxxxxxxxxxxxx26072107011100013E01071A1203253139
7868,786,260721070256,xxxxxxxxxxxxxxxxxxxxxxxxxxxxxxxx26072107025600013E01071A1203253139
7869,786,260721070441,xxxxxxxxxxxxxxxxxxxxxxxxxxxxxxxx26072107044100013E01071A1203253139
7870,786,260721070626,xxxxxxxxxxxxxxxxxxxxxxxxxxxxxxxx26072107062600013E01071A1203253139
7871,786,260721070811,xxxxxxxxxxxxxxxxxxxxxxxxxxxxxxxx26072107081100013E01071A1203253139
7872,786,260721070956,xxxxxxxxxxxxxxxxxxxxxxxxxxxxxxxx26072107095600013E01071A1203253139
7873,786,260721071141,xxxxxxxxxxxxxxxxxxxxxxxxxxxxxxxx26072107114100013E01071A1203253139
7874,786,260721071326,xxxxxxxxxxxxxxxxxxxxxxxxxxxxxxxx26072107132600013E01071A12032431FD
7875,786,260721071511,xxxxxxxxxxxxxxxxxxxxxxxxxxxxxxxx26072107151100013E01071A1203253139
7876,786,260721071656,xxxxxxxxxxxxxxxxxxxxxxxxxxxxxxxx26072107165600013E01071A1203253139
7877,786,260721071841,xxxxxxxxxxxxxxxxxxxxxxxxxxxxxxxx26072107184100013E01071A1203253139
7878,786,260721072027,xxxxxxxxxxxxxxxxxxxxxxxxxxxxxxxx26072107202700013E01071A1203253139
7879,786,260721072212,xxxxxxxxxxxxxxxxxxxxxxxxxxxxxxxx26072107221200013E01071A1203253139
7880,786,260721072357,xxxxxxxxxxxxxxxxxxxxxxxxxxxxxxxx26072107235700013E01071A1203253139
7881,786,260721072542,xxxxxxxxxxxxxxxxxxxxxxxxxxxxxxxx26072107254200013E01071A1203253139
7882,786,260721072727,xxxxxxxxxxxxxxxxxxxxxxxxxxxxxxxx26072107272700013E01071A120326316C
7883,786,260721072912,xxxxxxxxxxxxxxxxxxxxxxxxxxxxxxxx26072107291200013E01071A1203253139
7884,786,260721073057,xxxxxxxxxxxxxxxxxxxxxxxxxxxxxxxx26072107305700013E01071A120326316C
7885,786,260721073242,xxxxxxxxxxxxxxxxxxxxxxxxxxxxxxxx26072107324200013E01071A1203253139
7886,786,260721073427,xxxxxxxxxxxxxxxxxxxxxxxxxxxxxxxx26072107342700013E01071A120326316C
7887,786,260721073612,xxxxxxxxxxxxxxxxxxxxxxxxxxxxxxxx26072107361200013E01071A1203253139
7888,786,260721073757,xxxxxxxxxxxxxxxxxxxxxxxxxxxxxxxx26072107375700013E01071A120326316C
7889,786,260721073942,xxxxxxxxxxxxxxxxxxxxxxxxxxxxxxxx26072107394200013E01071A1203253139
7890,786,260721074127,xxxxxxxxxxxxxxxxxxxxxxxxxxxxxxxx26072107412700013E01071A1203253139
7891,786,260721074312,xxxxxxxxxxxxxxxxxxxxxxxxxxxxxxxx26072107431200013E01071A120326316C
7892,786,260721074457,xxxxxxxxxxxxxxxxxxxxxxxxxxxxxxxx26072107445700013E01071A1203253139
7893,786,260721074642,xxxxxxxxxxxxxxxxxxxxxxxxxxxxxxxx26072107464200013E01071A1203253139
7894,786,260721074827,xxxxxxxxxxxxxxxxxxxxxxxxxxxxxxxx26072107482700013E01071A1203253139
7895,786,260721075012,xxxxxxxxxxxxxxxxxxxxxxxxxxxxxxxx26072107501200013E01071A1203253139
7896,786,260721075157,xxxxxxxxxxxxxxxxxxxxxxxxxxxxxxxx26072107515700013E01071A1203253139
7897,786,260721075342,xxxxxxxxxxxxxxxxxxxxxxxxxxxxxxxx26072107534200013E01071A120326316C
7898,786,260721075527,xxxxxxxxxxxxxxxxxxxxxxxxxxxxxxxx26072107552700013E01071A1203253139
7899,786,260721075712,xxxxxxxxxxxxxxxxxxxxxxxxxxxxxxxx26072107571200013E01071A120326316C
7900,786,260721075857,xxxxxxxxxxxxxxxxxxxxxxxxxxxxxxxx26072107585700013E01071A120326316C
7901,786,260721080042,xxxxxxxxxxxxxxxxxxxxxxxxxxxxxxxx26072108004200013E01071A120326316C
7902,786,260721080227,xxxxxxxxxxxxxxxxxxxxxxxxxxxxxxxx26072108022700013E01071A120326316C
7903,786,260721080412,xxxxxxxxxxxxxxxxxxxxxxxxxxxxxxxx26072108041200013E01071A1203253139
7904,786,260721080557,xxxxxxxxxxxxxxxxxxxxxxxxxxxxxxxx26072108055700013E01071A120326316C
7905,786,260721080742,xxxxxxxxxxxxxxxxxxxxxxxxxxxxxxxx26072108074200013E01071A120326316C
7906,786,260721080927,xxxxxxxxxxxxxxxxxxxxxxxxxxxxxxxx26072108092700013E01071A120326316C
7907,786,260721081112,xxxxxxxxxxxxxxxxxxxxxxxxxxxxxxxx26072108111200013E01071A120326316C
7908,786,260721081257,xxxxxxxxxxxxxxxxxxxxxxxxxxxxxxxx26072108125700013E01071A120326316C
7909,786,260721081442,xxxxxxxxxxxxxxxxxxxxxxxxxxxxxxxx26072108144200013E01071A120326316C
7910,786,260721081627,xxxxxxxxxxxxxxxxxxxxxxxxxxxxxxxx26072108162700013E01071A120326316C
7911,786,260721081812,xxxxxxxxxxxxxxxxxxxxxxxxxxxxxxxx26072108181200013E01071A120326316C
7912,786,260721081957,xxxxxxxxxxxxxxxxxxxxxxxxxxxxxxxx26072108195700013E01071A1203253139
7913,786,260721082142,xxxxxxxxxxxxxxxxxxxxxxxxxxxxxxxx26072108214200013E01071A120326316C
7914,786,260721082327,xxxxxxxxxxxxxxxxxxxxxxxxxxxxxxxx26072108232700013E01071A120326316C
7915,786,260721082512,xxxxxxxxxxxxxxxxxxxxxxxxxxxxxxxx26072108251200013E01071A1203253139
7916,786,260721082657,xxxxxxxxxxxxxxxxxxxxxxxxxxxxxxxx26072108265700013E01071A120326316C
7917,786,260721082842,xxxxxxxxxxxxxxxxxxxxxxxxxxxxxxxx26072108284200013E01071A120326316C
7918,786,260721083027,xxxxxxxxxxxxxxxxxxxxxxxxxxxxxxxx26072108302700013E01071A120326316C
7919,786,260721083212,xxxxxxxxxxxxxxxxxxxxxxxxxxxxxxxx26072108321200013E01071A1203253139
7920,786,260721083357,xxxxxxxxxxxxxxxxxxxxxxxxxxxxxxxx26072108335700013E01071A120326316C
7921,786,260721083542,xxxxxxxxxxxxxxxxxxxxxxxxxxxxxxxx26072108354200013E01071A1203253139
7922,786,260721083727,xxxxxxxxxxxxxxxxxxxxxxxxxxxxxxxx26072108372700013E01071A1203253139
7923,786,260721083912,xxxxxxxxxxxxxxxxxxxxxxxxxxxxxxxx26072108391200013E01071A120326316C
7924,786,260721084057,xxxxxxxxxxxxxxxxxxxxxxxxxxxxxxxx26072108405700013E01071A1203253139
7925,786,260721084242,xxxxxxxxxxxxxxxxxxxxxxxxxxxxxxxx26072108424200013E01071A1203253139
7926,786,260721084427,xxxxxxxxxxxxxxxxxxxxxxxxxxxxxxxx26072108442700013E01071A120326316C
7927,786,260721084612,xxxxxxxxxxxxxxxxxxxxxxxxxxxxxxxx26072108461200013E01071A120326316C
7928,786,260721084757,xxxxxxxxxxxxxxxxxxxxxxxxxxxxxxxx26072108475700013E01071A1203253139
7929,786,260721084942,xxxxxxxxxxxxxxxxxxxxxxxxxxxxxxxx26072108494200013E01071A120326316C
7930,786,260721085127,xxxxxxxxxxxxxxxxxxxxxxxxxxxxxxxx26072108512700013E01071A1203253139
7931,786,260721085312,xxxxxxxxxxxxxxxxxxxxxxxxxxxxxxxx26072108531200013E01071A120326316C
7932,786,260721085457,xxxxxxxxxxxxxxxxxxxxxxxxxxxxxxxx26072108545700013E01071A120326316C
7933,786,260721085642,xxxxxxxxxxxxxxxxxxxxxxxxxxxxxxxx26072108564200013E01071A120326316C
7934,786,260721085827,xxxxxxxxxxxxxxxxxxxxxxxxxxxxxxxx26072108582700013E01071A1203253139
7935,786,260721090012,xxxxxxxxxxxxxxxxxxxxxxxxxxxxxxxx26072109001200013E01071A1203253139
7936,786,260721090157,xxxxxxxxxxxxxxxxxxxxxxxxxxxxxxxx26072109015700013E01071A120326316C
7937,786,260721090342,xxxxxxxxxxxxxxxxxxxxxxxxxxxxxxxx26072109034200013E01071A1203253139
7938,786,260721090527,xxxxxxxxxxxxxxxxxxxxxxxxxxxxxxxx26072109052700013E01071A1203253139
7939,786,260721090712,xxxxxxxxxxxxxxxxxxxxxxxxxxxxxxxx26072109071200013E01071A120326316C
7940,786,260721090857,xxxxxxxxxxxxxxxxxxxxxxxxxxxxxxxx26072109085700013E01071A1203253139
7941,786,260721091042,xxxxxxxxxxxxxxxxxxxxxxxxxxxxxxxx26072109104200013E01071A120326316C
7942,786,260721091227,xxxxxxxxxxxxxxxxxxxxxxxxxxxxxxxx26072109122700013E01071A1203253139
7943,786,260721091412,xxxxxxxxxxxxxxxxxxxxxxxxxxxxxxxx26072109141200013E01071A120326316C
7944,786,260721091557,xxxxxxxxxxxxxxxxxxxxxxxxxxxxxxxx26072109155700013E01071A1203253139
7945,786,260721091742,xxxxxxxxxxxxxxxxxxxxxxxxxxxxxxxx26072109174200013E01071A120326316C
7946,786,260721091927,xxxxxxxxxxxxxxxxxxxxxxxxxxxxxxxx26072109192700013E01071A1203253139
7947,786,260721092112,xxxxxxxxxxxxxxxxxxxxxxxxxxxxxxxx26072109211200013E01071A1203253139
7948,786,260721092257,xxxxxxxxxxxxxxxxxxxxxxxxxxxxxxxx26072109225700013E01071A1203253139
7949,786,260721092442,xxxxxxxxxxxxxxxxxxxxxxxxxxxxxxxx26072109244200013E01071A120326316C
7950,786,260721092627,xxxxxxxxxxxxxxxxxxxxxxxxxxxxxxxx26072109262700013E01071A1203253139
7951,786,260721092812,xxxxxxxxxxxxxxxxxxxxxxxxxxxxxxxx26072109281200013E01071A1203253139
7952,786,260721092957,xxxxxxxxxxxxxxxxxxxxxxxxxxxxxxxx26072109295700013E01071A120326316C
7953,786,260721093142,xxxxxxxxxxxxxxxxxxxxxxxxxxxxxxxx26072109314200013E01071A120326316C
7954,786,260721093327,xxxxxxxxxxxxxxxxxxxxxxxxxxxxxxxx26072109332700013E01071A120326316C
7955,786,260721093512,xxxxxxxxxxxxxxxxxxxxxxxxxxxxxxxx26072109351200013E01071A120326316C
7956,786,260721093657,xxxxxxxxxxxxxxxxxxxxxxxxxxxxxxxx26072109365700013E0107191203263122
7957,786,260721093842,xxxxxxxxxxxxxxxxxxxxxxxxxxxxxxxx26072109384200013E0107191203263122
7958,786,260721094027,xxxxxxxxxxxxxxxxxxxxxxxxxxxxxxxx26072109402700013E0107191203263122
7959,786,260721094212,xxxxxxxxxxxxxxxxxxxxxxxxxxxxxxxx26072109421200013E0107191203263122
7960,786,260721094357,xxxxxxxxxxxxxxxxxxxxxxxxxxxxxxxx26072109435700013E01071A120326316C
7961,786,260721094542,xxxxxxxxxxxxxxxxxxxxxxxxxxxxxxxx26072109454200013E0107191203263122
7962,786,260721094727,xxxxxxxxxxxxxxxxxxxxxxxxxxxxxxxx26072109472700013E0107191203263122
7963,786,260721094912,xxxxxxxxxxxxxxxxxxxxxxxxxxxxxxxx26072109491200013E0107191203263122
7964,786,260721095057,xxxxxxxxxxxxxxxxxxxxxxxxxxxxxxxx26072109505700013E0107191203263122
7965,786,260721095242,xxxxxxxxxxxxxxxxxxxxxxxxxxxxxxxx26072109524200013E01071A120326316C
7966,786,260721095427,xxxxxxxxxxxxxxxxxxxxxxxxxxxxxxxx26072109542700013E01071912032731E6
7967,786,260721095612,xxxxxxxxxxxxxxxxxxxxxxxxxxxxxxxx26072109561200013E0107191203263122
7968,786,260721095757,xxxxxxxxxxxxxxxxxxxxxxxxxxxxxxxx26072109575700013E01071912032731E6
7969,786,260721095942,xxxxxxxxxxxxxxxxxxxxxxxxxxxxxxxx26072109594200013E01071912032731E6
7970,786,260721100127,xxxxxxxxxxxxxxxxxxxxxxxxxxxxxxxx26072110012700013E01071912032731E6
7971,786,260721100312,xxxxxxxxxxxxxxxxxxxxxxxxxxxxxxxx26072110031200013E0107191203263122
7972,786,260721100457,xxxxxxxxxxxxxxxxxxxxxxxxxxxxxxxx26072110045700013E01071912032731E6
7973,786,260721100642,xxxxxxxxxxxxxxxxxxxxxxxxxxxxxxxx26072110064200013E01071912032731E6
7974,786,260721100827,xxxxxxxxxxxxxxxxxxxxxxxxxxxxxxxx26072110082700013E01071912032731E6
7975,786,260721101013,xxxxxxxxxxxxxxxxxxxxxxxxxxxxxxxx26072110101300013E01071912032731E6
7976,786,260721101158,xxxxxxxxxxxxxxxxxxxxxxxxxxxxxxxx26072110115800013E01071912032731E6
7977,786,260721101343,xxxxxxxxxxxxxxxxxxxxxxxxxxxxxxxx26072110134300013E0107191203263122
7978,786,260721101528,xxxxxxxxxxxxxxxxxxxxxxxxxxxxxxxx26072110152800013E01071912032731E6
7979,786,260721101713,xxxxxxxxxxxxxxxxxxxxxxxxxxxxxxxx26072110171300013E01071912032731E6
7980,786,260721101858,xxxxxxxxxxxxxxxxxxxxxxxxxxxxxxxx26072110185800013E01071912032731E6
7981,786,260721102043,xxxxxxxxxxxxxxxxxxxxxxxxxxxxxxxx26072110204300013E01071912032731E6
7982,786,260721102228,xxxxxxxxxxxxxxxxxxxxxxxxxxxxxxxx26072110222800013E01071912032731E6
7983,786,260721102413,xxxxxxxxxxxxxxxxxxxxxxxxxxxxxxxx26072110241300013E01071912032731E6
7984,786,260721102558,xxxxxxxxxxxxxxxxxxxxxxxxxxxxxxxx26072110255800013E01071912032731E6
7985,786,260721102743,xxxxxxxxxxxxxxxxxxxxxxxxxxxxxxxx26072110274300013E01071912032731E6
7986,786,260721102928,xxxxxxxxxxxxxxxxxxxxxxxxxxxxxxxx26072110292800013E01071912032731E6
7987,786,260721103113,xxxxxxxxxxxxxxxxxxxxxxxxxxxxxxxx26072110311300013E01071912032731E6
7988,786,260721103258,xxxxxxxxxxxxxxxxxxxxxxxxxxxxxxxx26072110325800013E01071912032731E6
7989,786,260721103443,xxxxxxxxxxxxxxxxxxxxxxxxxxxxxxxx26072110344300013E01071912032731E6
7990,786,260721103628,xxxxxxxxxxxxxxxxxxxxxxxxxxxxxxxx26072110362800013E01071912032731E6
7991,786,260721103813,xxxxxxxxxxxxxxxxxxxxxxxxxxxxxxxx26072110381300013E01071912032831FE
7992,786,260721103958,xxxxxxxxxxxxxxxxxxxxxxxxxxxxxxxx26072110395800013E01071912032731E6
7993,786,260721104143,xxxxxxxxxxxxxxxxxxxxxxxxxxxxxxxx26072110414300013E01071912032731E6
7994,786,260721104328,xxxxxxxxxxxxxxxxxxxxxxxxxxxxxxxx26072110432800013E01071912032831FE
7995,786,260721104513,xxxxxxxxxxxxxxxxxxxxxxxxxxxxxxxx26072110451300013E01071912032831FE
7996,786,260721104658,xxxxxxxxxxxxxxxxxxxxxxxxxxxxxxxx26072110465800013E01071912032731E6
7997,786,260721104843,xxxxxxxxxxxxxxxxxxxxxxxxxxxxxxxx26072110484300013E01071912032731E6
7998,786,260721105028,xxxxxxxxxxxxxxxxxxxxxxxxxxxxxxxx26072110502800013E01071912032731E6
7999,786,260721105213,xxxxxxxxxxxxxxxxxxxxxxxxxxxxxxxx26072110521300013E01071912032731E6
8000,786,260721105358,xxxxxxxxxxxxxxxxxxxxxxxxxxxxxxxx26072110535800013E01071912032831FE
8001,786,260721105543,xxxxxxxxxxxxxxxxxxxxxxxxxxxxxxxx26072110554300013E01071912032831FE
8002,786,260721105728,xxxxxxxxxxxxxxxxxxxxxxxxxxxxxxxx26072110572800013E01071912032731E6
8003,786,260721105913,xxxxxxxxxxxxxxxxxxxxxxxxxxxxxxxx26072110591300013E01071912032831FE
8004,786,260721110058,xxxxxxxxxxxxxxxxxxxxxxxxxxxxxxxx26072111005800013E01071912032831FE
8005,786,260721110243,xxxxxxxxxxxxxxxxxxxxxxxxxxxxxxxx26072111024300013E01071912032831FE
8006,786,260721110428,xxxxxxxxxxxxxxxxxxxxxxxxxxxxxxxx26072111042800013E01071912032731E6
8007,786,260721110613,xxxxxxxxxxxxxxxxxxxxxxxxxxxxxxxx26072111061300013E01071912032831FE
8008,786,260721110758,xxxxxxxxxxxxxxxxxxxxxxxxxxxxxxxx26072111075800013E01071912032731E6
8009,786,260721110943,xxxxxxxxxxxxxxxxxxxxxxxxxxxxxxxx26072111094300013E01071912032731E6
8010,786,260721111128,xxxxxxxxxxxxxxxxxxxxxxxxxxxxxxxx26072111112800013E01071912032831FE
8011,786,260721111313,xxxxxxxxxxxxxxxxxxxxxxxxxxxxxxxx26072111131300013E01071912032831FE
8012,786,260721111458,xxxxxxxxxxxxxxxxxxxxxxxxxxxxxxxx26072111145800013E01071912032831FE
8013,786,260721111643,xxxxxxxxxxxxxxxxxxxxxxxxxxxxxxxx26072111164300013E01071912032831FE
8014,786,260721111828,xxxxxxxxxxxxxxxxxxxxxxxxxxxxxxxx26072111182800013E01071912032831FE
8015,786,260721112013,xxxxxxxxxxxxxxxxxxxxxxxxxxxxxxxx26072111201300013E01071912032731E6
8016,786,260721112158,xxxxxxxxxxxxxxxxxxxxxxxxxxxxxxxx26072111215800013E01071912032831FE
8017,786,260721112343,xxxxxxxxxxxxxxxxxxxxxxxxxxxxxxxx26072111234300013E01071912032831FE
8018,786,260721112528,xxxxxxxxxxxxxxxxxxxxxxxxxxxxxxxx26072111252800013E01071912032831FE
8019,786,260721112713,xxxxxxxxxxxxxxxxxxxxxxxxxxxxxxxx26072111271300013E01071912032831FE
8020,786,260721112858,xxxxxxxxxxxxxxxxxxxxxxxxxxxxxxxx26072111285800013E01071912032831FE
8021,786,260721113043,xxxxxxxxxxxxxxxxxxxxxxxxxxxxxxxx26072111304300013E01071912032831FE
8022,786,260721113228,xxxxxxxxxxxxxxxxxxxxxxxxxxxxxxxx26072111322800013E01071A1203293174
8023,786,260721113413,xxxxxxxxxxxxxxxxxxxxxxxxxxxxxxxx26072111341300013E01071A12032831B0
8024,786,260721113558,xxxxxxxxxxxxxxxxxxxxxxxxxxxxxxxx26072111355800013E01071A12032831B0
8025,786,260721113743,xxxxxxxxxxxxxxxxxxxxxxxxxxxxxxxx26072111374300013E01071A12032831B0
8026,786,260721113928,xxxxxxxxxxxxxxxxxxxxxxxxxxxxxxxx26072111392800013E01071A1203293174
8027,786,260721114113,xxxxxxxxxxxxxxxxxxxxxxxxxxxxxxxx26072111411300013E01071A12032831B0
8028,786,260721114258,xxxxxxxxxxxxxxxxxxxxxxxxxxxxxxxx26072111425800013E01071A12032831B0
8029,786,260721114443,xxxxxxxxxxxxxxxxxxxxxxxxxxxxxxxx26072111444300013E01071A12032831B0
8030,786,260721114628,xxxxxxxxxxxxxxxxxxxxxxxxxxxxxxxx26072111462800013E01071A1203293174
8031,786,260721114813,xxxxxxxxxxxxxxxxxxxxxxxxxxxxxxxx26072111481300013E01071A1203293174
8032,786,260721114958,xxxxxxxxxxxxxxxxxxxxxxxxxxxxxxxx26072111495800013E01071A12032831B0
8033,786,260721115143,xxxxxxxxxxxxxxxxxxxxxxxxxxxxxxxx26072111514300013E01071A1203293174
8034,786,260721115328,xxxxxxxxxxxxxxxxxxxxxxxxxxxxxxxx26072111532800013E01071A1203293174
8035,786,260721115513,xxxxxxxxxxxxxxxxxxxxxxxxxxxxxxxx26072111551300013E01071A12032831B0
8036,786,260721115658,xxxxxxxxxxxxxxxxxxxxxxxxxxxxxxxx26072111565800013E01071A1203293174
8037,786,260721115843,xxxxxxxxxxxxxxxxxxxxxxxxxxxxxxxx26072111584300013E01071A1203293174
8038,786,260721120028,xxxxxxxxxxxxxxxxxxxxxxxxxxxxxxxx26072112002800013E01071A1203293174
8039,786,260721120213,xxxxxxxxxxxxxxxxxxxxxxxxxxxxxxxx26072112021300013E01071A1203293174
8040,786,260721120358,xxxxxxxxxxxxxxxxxxxxxxxxxxxxxxxx26072112035800013E01071A1203293174
8041,786,260721120543,xxxxxxxxxxxxxxxxxxxxxxxxxxxxxxxx26072112054300013E01071A12032831B0
8042,786,260721120728,xxxxxxxxxxxxxxxxxxxxxxxxxxxxxxxx26072112072800013E01071A1203293174
8043,786,260721120913,xxxxxxxxxxxxxxxxxxxxxxxxxxxxxxxx26072112091300013E01071A12032831B0
8044,786,260721121058,xxxxxxxxxxxxxxxxxxxxxxxxxxxxxxxx26072112105800013E01071A12032831B0
8045,786,260721121243,xxxxxxxxxxxxxxxxxxxxxxxxxxxxxxxx26072112124300013E01071A1203293174
8046,786,260721121428,xxxxxxxxxxxxxxxxxxxxxxxxxxxxxxxx26072112142800013E01071A12032831B0
8047,786,260721121613,xxxxxxxxxxxxxxxxxxxxxxxxxxxxxxxx26072112161300013E01071A12032831B0
8048,786,260721121758,xxxxxxxxxxxxxxxxxxxxxxxxxxxxxxxx26072112175800013E01071A12032831B0
8049,786,260721121943,xxxxxxxxxxxxxxxxxxxxxxxxxxxxxxxx26072112194300013E01071A12032831B0
8050,786,260721122128,xxxxxxxxxxxxxxxxxxxxxxxxxxxxxxxx26072112212800013E01071A12032831B0
8051,786,260721122313,xxxxxxxxxxxxxxxxxxxxxxxxxxxxxxxx26072112231300013E01071A12032831B0
8052,786,260721122458,xxxxxxxxxxxxxxxxxxxxxxxxxxxxxxxx26072112245800013E01071A12032831B0
8053,786,260721122643,xxxxxxxxxxxxxxxxxxxxxxxxxxxxxxxx26072112264300013E01071A12032831B0
8054,786,260721122828,xxxxxxxxxxxxxxxxxxxxxxxxxxxxxxxx26072112282800013E01071A12032731A8
8055,786,260721123013,xxxxxxxxxxxxxxxxxxxxxxxxxxxxxxxx26072112301301013E01071A12032731A8
8056,785,260721123158,xxxxxxxxxxxxxxxxxxxxxxxxxxxxxxxx26072112315801013E01071A11031E31BF
8057,785,260721123343,xxxxxxxxxxxxxxxxxxxxxxxxxxxxxxxx26072112334301013E01071A11031631C9
8058,770,260721123528,xxxxxxxxxxxxxxxxxxxxxxxxxxxxxxxx26072112352801013E01071B020328301B
8059,712,260721123713,xxxxxxxxxxxxxxxxxxxxxxxxxxxxxxxx26072112371301013E01071BC8028B2C17
8060,777,260721123858,xxxxxxxxxxxxxxxxxxxxxxxxxxxxxxxx26072112385800013E01071B09039430C0
8061,779,260721124043,xxxxxxxxxxxxxxxxxxxxxxxxxxxxxxxx26072112404300013E01071B0B03B230AC
8062,779,260721124228,xxxxxxxxxxxxxxxxxxxxxxxxxxxxxxxx26072112422800013E01071B0B03B130F9
8063,752,260721124413,xxxxxxxxxxxxxxxxxxxxxxxxxxxxxxxx26072112441301013E01071BF0020F2FB5
8064,773,260721124558,xxxxxxxxxxxxxxxxxxxxxxxxxxxxxxxx26072112455801013E01071C05035D3085
8065,772,260721124743,xxxxxxxxxxxxxxxxxxxxxxxxxxxxxxxx26072112474301013E01071C04034C3022
8066,751,260721124928,xxxxxxxxxxxxxxxxxxxxxxxxxxxxxxxx26072112492801013E01071DEF02F82E22
8067,707,260721125113,xxxxxxxxxxxxxxxxxxxxxxxxxxxxxxxx26072112511301013E01071DC3023C2C73
8068,760,260721125258,xxxxxxxxxxxxxxxxxxxxxxxxxxxxxxxx26072112525800013E01071EF802882F3A
8069,746,260721125443,xxxxxxxxxxxxxxxxxxxxxxxxxxxxxxxx26072112544301013E01071FEA02A92E93
8070,735,260721125628,xxxxxxxxxxxxxxxxxxxxxxxxxxxxxxxx26072112562801013E01071FDF02FE2DA1
8071,755,260721125813,xxxxxxxxxxxxxxxxxxxxxxxxxxxxxxxx26072112581300013E01071FF302352FE8
8072,755,260721125958,xxxxxxxxxxxxxxxxxxxxxxxxxxxxxxxx26072112595800013E01071FF302382F61
8073,755,260721130143,xxxxxxxxxxxxxxxxxxxxxxxxxxxxxxxx26072113014300013E01071FF302342F2C
8074,755,260721130329,xxxxxxxxxxxxxxxxxxxxxxxxxxxxxxxx26072113032900013E01071EF302322F4B
8075,755,260721130514,xxxxxxxxxxxxxxxxxxxxxxxxxxxxxxxx26072113051400013E01071EF302302FDA
8076,754,260721130659,xxxxxxxxxxxxxxxxxxxxxxxxxxxxxxxx26072113065900013E01071EF2022F2FA1
8077,754,260721130844,xxxxxxxxxxxxxxxxxxxxxxxxxxxxxxxx26072113084400013E01071EF2022E2F65
8078,755,260721131029,xxxxxxxxxxxxxxxxxxxxxxxxxxxxxxxx26072113102900013E01071EF302302FDA
8079,755,260721131214,xxxxxxxxxxxxxxxxxxxxxxxxxxxxxxxx26072113121400013E01071EF302302FDA
8080,755,260721131359,xxxxxxxxxxxxxxxxxxxxxxxxxxxxxxxx26072113135900013E01071EF302302FDA
8081,755,260721131544,xxxxxxxxxxxxxxxxxxxxxxxxxxxxxxxx26072113154400013E01071EF302302FDA
8082,754,260721131729,xxxxxxxxxxxxxxxxxxxxxxxxxxxxxxxx26072113172900013E01071EF2022E2F65
8083,754,260721131914,xxxxxxxxxxxxxxxxxxxxxxxxxxxxxxxx26072113191400013E01071EF2022E2F65
8084,754,260721132059,xxxxxxxxxxxxxxxxxxxxxxxxxxxxxxxx26072113205900013E01071EF2022E2F65
8085,754,260721132244,xxxxxxxxxxxxxxxxxxxxxxxxxxxxxxxx26072113224400013E01071EF2022E2F65
8086,754,260721132429,xxxxxxxxxxxxxxxxxxxxxxxxxxxxxxxx26072113242900013E01071EF2022D2F30
8087,754,260721132614,xxxxxxxxxxxxxxxxxxxxxxxxxxxxxxxx26072113261400013E01071EF2022B2F9A
8088,754,260721132759,xxxxxxxxxxxxxxxxxxxxxxxxxxxxxxxx26072113275900013E01071EF202282FCF
8089,754,260721132944,xxxxxxxxxxxxxxxxxxxxxxxxxxxxxxxx26072113294400013E01071EF202262F13
8090,754,260721133129,xxxxxxxxxxxxxxxxxxxxxxxxxxxxxxxx26072113312900013E01071EF202242F82
8091,754,260721133314,xxxxxxxxxxxxxxxxxxxxxxxxxxxxxxxx26072113331400013E01071EF202222F28
8092,753,260721133459,xxxxxxxxxxxxxxxxxxxxxxxxxxxxxxxx26072113345900013E01071EF1021E2FC0
8093,753,260721133644,xxxxxxxxxxxxxxxxxxxxxxxxxxxxxxxx26072113364400013E01071EF102192FAE
8094,752,260721133829,xxxxxxxxxxxxxxxxxxxxxxxxxxxxxxxx26072113382900013E01071EF0020E2FA3
8095,786,260721134014,xxxxxxxxxxxxxxxxxxxxxxxxxxxxxxxx26072113401400013E01071E1203223148
8096,786,260721134159,xxxxxxxxxxxxxxxxxxxxxxxxxxxxxxxx26072113415900013E01071E12032B31FA
8097,786,260721134344,xxxxxxxxxxxxxxxxxxxxxxxxxxxxxxxx26072113434400013E01071E12032C3194
8098,786,260721134529,xxxxxxxxxxxxxxxxxxxxxxxxxxxxxxxx26072113452900013E01071E12032B31FA
8099,786,260721134714,xxxxxxxxxxxxxxxxxxxxxxxxxxxxxxxx26072113471400013E01071E1203263173
8100,786,260721134859,xxxxxxxxxxxxxxxxxxxxxxxxxxxxxxxx26072113485900013E01071E12032031D9
8101,785,260721135044,xxxxxxxxxxxxxxxxxxxxxxxxxxxxxxxx26072113504400013E01071E11031A319B
8102,785,260721135229,xxxxxxxxxxxxxxxxxxxxxxxxxxxxxxxx26072113522900013E01071E11031231ED
8103,784,260721135414,xxxxxxxxxxxxxxxxxxxxxxxxxxxxxxxx26072113541400013E01071E10030931AD
8104,784,260721135559,xxxxxxxxxxxxxxxxxxxxxxxxxxxxxxxx26072113555900013E01071E10030931AD
8105,784,260721135744,xxxxxxxxxxxxxxxxxxxxxxxxxxxxxxxx26072113574400013E01071E1003083169
8106,734,260721135929,xxxxxxxxxxxxxxxxxxxxxxxxxxxxxxxx26072113592901013E01071EDE02EB2DF0
8107,716,260721140114,xxxxxxxxxxxxxxxxxxxxxxxxxxxxxxxx26072114011401013E01071ECC02C92CC1
8108,743,260721140259,xxxxxxxxxxxxxxxxxxxxxxxxxxxxxxxx26072114025901013E01071EE7027C2E64
8109,743,260721140444,xxxxxxxxxxxxxxxxxxxxxxxxxxxxxxxx26072114044401013E01071EE702762E83
8110,728,260721140629,xxxxxxxxxxxxxxxxxxxxxxxxxxxxxxxx26072114062901013E01071ED802852D7F
8111,744,260721140814,xxxxxxxxxxxxxxxxxxxxxxxxxxxxxxxx26072114081401013E01071FE802802EE7
8112,745,260721140959,xxxxxxxxxxxxxxxxxxxxxxxxxxxxxxxx26072114095901013E010720E902922EFE
8113,745,260721141144,xxxxxxxxxxxxxxxxxxxxxxxxxxxxxxxx26072114114401013E010721E902952E5D
8114,745,260721141329,xxxxxxxxxxxxxxxxxxxxxxxxxxxxxxxx26072114132901013E010721E902932EF7
8115,692,260721141514,xxxxxxxxxxxxxxxxxxxxxxxxxxxxxxxx26072114151401013E010721B4024B2BA3
8116,671,260721141659,xxxxxxxxxxxxxxxxxxxxxxxxxxxxxxxx26072114165901013E0107219F02F62970
8117,714,260721141844,xxxxxxxxxxxxxxxxxxxxxxxxxxxxxxxx26072114184401013E010721CA02A32C9E
8118,674,260721142029,xxxxxxxxxxxxxxxxxxxxxxxxxxxxxxxx26072114202901013E010720A2022C2A35
8119,614,260721142214,xxxxxxxxxxxxxxxxxxxxxxxxxxxxxxxx26072114221401013E0107206602602677
8120,660,260721142359,xxxxxxxxxxxxxxxxxxxxxxxxxxxxxxxx26072114235901013E01072094024329D4
8121,609,260721142544,xxxxxxxxxxxxxxxxxxxxxxxxxxxxxxxx26072114254401013E01072061021D26CE
8122,694,260721142729,xxxxxxxxxxxxxxxxxxxxxxxxxxxxxxxx26072114272901013E010720B602632BDE
8123,647,260721142914,xxxxxxxxxxxxxxxxxxxxxxxxxxxxxxxx26072114291401013E01072087027A28A5
8124,629,260721143059,xxxxxxxxxxxxxxxxxxxxxxxxxxxxxxxx26072114305901013E010720750254278F
8125,651,260721143244,xxxxxxxxxxxxxxxxxxxxxxxxxxxxxxxx26072114324401013E0107218B02B3287C
8126,731,260721143429,xxxxxxxxxxxxxxxxxxxxxxxxxxxxxxxx26072114342901013E010720DB02B12DC7
8127,671,260721143614,xxxxxxxxxxxxxxxxxxxxxxxxxxxxxxxx26072114361401013E0107219F02FE2906
8128,757,260721143759,xxxxxxxxxxxxxxxxxxxxxxxxxxxxxxxx26072114375900013E010721F502512FA6
8129,757,260721143944,xxxxxxxxxxxxxxxxxxxxxxxxxxxxxxxx26072114394400013E010721F502522FF3
8130,757,260721144129,xxxxxxxxxxxxxxxxxxxxxxxxxxxxxxxx26072114412900013E010721F502532F37
8131,757,260721144314,xxxxxxxxxxxxxxxxxxxxxxxxxxxxxxxx26072114431400013E010721F502542F59
8132,757,260721144459,xxxxxxxxxxxxxxxxxxxxxxxxxxxxxxxx26072114445900013E010721F502572F0C
8133,757,260721144644,xxxxxxxxxxxxxxxxxxxxxxxxxxxxxxxx26072114464400013E010721F502582F14
8134,757,260721144829,xxxxxxxxxxxxxxxxxxxxxxxxxxxxxxxx26072114482900013E010721F5025A2F85
8135,757,260721145014,xxxxxxxxxxxxxxxxxxxxxxxxxxxxxxxx26072114501400013E010721F5025C2F2F
8136,757,260721145159,xxxxxxxxxxxxxxxxxxxxxxxxxxxxxxxx26072114515900013E010721F5025C2F2F
8137,757,260721145344,xxxxxxxxxxxxxxxxxxxxxxxxxxxxxxxx26072114534400013E010721F5025B2F41
8138,757,260721145529,xxxxxxxxxxxxxxxxxxxxxxxxxxxxxxxx26072114552900013E010721F502582F14
8139,757,260721145714,xxxxxxxxxxxxxxxxxxxxxxxxxxxxxxxx26072114571400013E010721F502562FC8
8140,757,260721145859,xxxxxxxxxxxxxxxxxxxxxxxxxxxxxxxx26072114585900013E010721F502542F59
8141,757,260721150044,xxxxxxxxxxxxxxxxxxxxxxxxxxxxxxxx26072115004400013E010721F502522FF3
8142,757,260721150229,xxxxxxxxxxxxxxxxxxxxxxxxxxxxxxxx26072115022900013E010721F502502F62
8143,756,260721150414,xxxxxxxxxxxxxxxxxxxxxxxxxxxxxxxx26072115041400013E010721F4024F2F19
8144,756,260721150559,xxxxxxxxxxxxxxxxxxxxxxxxxxxxxxxx26072115055900013E010721F4024D2F88
8145,756,260721150744,xxxxxxxxxxxxxxxxxxxxxxxxxxxxxxxx26072115074400013E010721F4024A2FE6
8146,756,260721150929,xxxxxxxxxxxxxxxxxxxxxxxxxxxxxxxx26072115092900013E010720F402432F99
8147,756,260721151114,xxxxxxxxxxxxxxxxxxxxxxxxxxxxxxxx26072115111400013E01071FF402422FB6
8148,756,260721151259,xxxxxxxxxxxxxxxxxxxxxxxxxxxxxxxx26072115125900013E01071EF402422F7B
8149,756,260721151444,xxxxxxxxxxxxxxxxxxxxxxxxxxxxxxxx26072115144400013E01071EF402432FBF
8150,756,260721151629,xxxxxxxxxxxxxxxxxxxxxxxxxxxxxxxx26072115162900013E01071DF402452F5B
8151,756,260721151814,xxxxxxxxxxxxxxxxxxxxxxxxxxxxxxxx26072115181400013E01071DF402482FD2
8152,756,260721151959,xxxxxxxxxxxxxxxxxxxxxxxxxxxxxxxx26072115195900013E01071DF402492F16
8153,756,260721152144,xxxxxxxxxxxxxxxxxxxxxxxxxxxxxxxx26072115214400013E01071DF4024A2F43
8154,756,260721152329,xxxxxxxxxxxxxxxxxxxxxxxxxxxxxxxx26072115232900013E01071DF4024B2F87
8155,756,260721152514,xxxxxxxxxxxxxxxxxxxxxxxxxxxxxxxx26072115251400013E01071EF4024D2F63
8156,756,260721152659,xxxxxxxxxxxxxxxxxxxxxxxxxxxxxxxx26072115265900013E01071EF4024E2F36
8157,756,260721152844,xxxxxxxxxxxxxxxxxxxxxxxxxxxxxxxx26072115284400013E01071EF4024D2F63
8158,756,260721153029,xxxxxxxxxxxxxxxxxxxxxxxxxxxxxxxx26072115302900013E01071EF4024D2F63
8159,756,260721153214,xxxxxxxxxxxxxxxxxxxxxxxxxxxxxxxx26072115321400013E01071EF4024E2F36
8160,756,260721153359,xxxxxxxxxxxxxxxxxxxxxxxxxxxxxxxx26072115335900013E01071EF4024F2FF2
8161,756,260721153544,xxxxxxxxxxxxxxxxxxxxxxxxxxxxxxxx26072115354400013E01071EF4024F2FF2
8162,756,260721153729,xxxxxxxxxxxxxxxxxxxxxxxxxxxxxxxx26072115372900013E01071EF4024F2FF2
8163,756,260721153914,xxxxxxxxxxxxxxxxxxxxxxxxxxxxxxxx26072115391400013E01071EF4024E2F36
8164,756,260721154059,xxxxxxxxxxxxxxxxxxxxxxxxxxxxxxxx26072115405900013E01071FF4024F2F3F
8165,757,260721154244,xxxxxxxxxxxxxxxxxxxxxxxxxxxxxxxx26072115424400013E01071FF502502F44
8166,757,260721154429,xxxxxxxxxxxxxxxxxxxxxxxxxxxxxxxx26072115442900013E01071FF502512F80
8167,757,260721154614,xxxxxxxxxxxxxxxxxxxxxxxxxxxxxxxx26072115461400013E01071FF502522FD5
8168,757,260721154759,xxxxxxxxxxxxxxxxxxxxxxxxxxxxxxxx26072115475900013E01071FF502532F11
8169,757,260721154944,xxxxxxxxxxxxxxxxxxxxxxxxxxxxxxxx26072115494400013E01071FF502532F11
8170,757,260721155129,xxxxxxxxxxxxxxxxxxxxxxxxxxxxxxxx26072115512900013E01071FF502532F11
8171,757,260721155314,xxxxxxxxxxxxxxxxxxxxxxxxxxxxxxxx26072115531400013E01071FF502522FD5
8172,757,260721155459,xxxxxxxxxxxxxxxxxxxxxxxxxxxxxxxx26072115545900013E010720F502502FAF
8173,757,260721155645,xxxxxxxxxxxxxxxxxxxxxxxxxxxxxxxx26072115564500013E010720F502512F6B
8174,756,260721155830,xxxxxxxxxxxxxxxxxxxxxxxxxxxxxxxx26072115583000013E010720F4024F2FD4
8175,757,260721160015,xxxxxxxxxxxxxxxxxxxxxxxxxxxxxxxx26072116001500013E010720F502502FAF
8176,756,260721160200,xxxxxxxxxxxxxxxxxxxxxxxxxxxxxxxx26072116020000013E010720F4024A2F2B
8177,756,260721160345,xxxxxxxxxxxxxxxxxxxxxxxxxxxxxxxx26072116034500013E01071FF4024D2FAE
8178,757,260721160530,xxxxxxxxxxxxxxxxxxxxxxxxxxxxxxxx26072116053000013E01071EF502522F18
8179,757,260721160715,xxxxxxxxxxxxxxxxxxxxxxxxxxxxxxxx26072116071500013E01071EF502522F18
8180,757,260721160900,xxxxxxxxxxxxxxxxxxxxxxxxxxxxxxxx26072116090000013E01071EF502532FDC
8181,757,260721161045,xxxxxxxxxxxxxxxxxxxxxxxxxxxxxxxx26072116104500013E01071EF502542FB2
8182,757,260721161230,xxxxxxxxxxxxxxxxxxxxxxxxxxxxxxxx26072116123000013E01071EF502542FB2
8183,757,260721161415,xxxxxxxxxxxxxxxxxxxxxxxxxxxxxxxx26072116141500013E01071EF502562F23
8184,757,260721161600,xxxxxxxxxxxxxxxxxxxxxxxxxxxxxxxx26072116160000013E01071EF502582FFF
8185,757,260721161745,xxxxxxxxxxxxxxxxxxxxxxxxxxxxxxxx26072116174500013E01071EF502582FFF
8186,757,260721161930,xxxxxxxxxxxxxxxxxxxxxxxxxxxxxxxx26072116193000013E01071EF502592F3B
8187,757,260721162115,xxxxxxxxxxxxxxxxxxxxxxxxxxxxxxxx26072116211501013E01071EF5025A2F6E
8188,660,260721162300,xxxxxxxxxxxxxxxxxxxxxxxxxxxxxxxx26072116230001013E01071E94024D292E
8189,701,260721162445,xxxxxxxxxxxxxxxxxxxxxxxxxxxxxxxx26072116244501013E01071EBD02D42B00
8190,629,260721162630,xxxxxxxxxxxxxxxxxxxxxxxxxxxxxxxx26072116263001013E01071F75025C2712
8191,636,260721162815,xxxxxxxxxxxxxxxxxxxxxxxxxxxxxxxx26072116281501013E01071F7C02C0270F
8192,677,260721163000,xxxxxxxxxxxxxxxxxxxxxxxxxxxxxxxx26072116300001013E010720A5025A2AAF
8193,615,260721163145,xxxxxxxxxxxxxxxxxxxxxxxxxxxxxxxx26072116314501013E0107206702782662
8194,645,260721163330,xxxxxxxxxxxxxxxxxxxxxxxxxxxxxxxx26072116333001013E01072185025D28C0
8195,729,260721163515,xxxxxxxxxxxxxxxxxxxxxxxxxxxxxxxx26072116351500013E010722D9029B2D65
8196,729,260721163700,xxxxxxxxxxxxxxxxxxxxxxxxxxxxxxxx26072116370000013E010722D902972D28
8197,729,260721163845,xxxxxxxxxxxxxxxxxxxxxxxxxxxxxxxx26072116384500013E010722D9029A2DA1
8198,729,260721164030,xxxxxxxxxxxxxxxxxxxxxxxxxxxxxxxx26072116403000013E010722D9029E2D9A
8199,730,260721164215,xxxxxxxxxxxxxxxxxxxxxxxxxxxxxxxx26072116421500013E010722DA02A12D27
8200,730,260721164400,xxxxxxxxxxxxxxxxxxxxxxxxxxxxxxxx26072116440000013E010722DA02A22D72
8201,730,260721164545,xxxxxxxxxxxxxxxxxxxxxxxxxxxxxxxx26072116454500013E010722DA02A22D72
8202,730,260721164730,xxxxxxxxxxxxxxxxxxxxxxxxxxxxxxxx26072116473000013E010722DA02A22D72
8203,730,260721164915,xxxxxxxxxxxxxxxxxxxxxxxxxxxxxxxx26072116491500013E010723DA02A42D15
8204,730,260721165100,xxxxxxxxxxxxxxxxxxxxxxxxxxxxxxxx26072116510000013E010723DA02A82D58
8205,730,260721165245,xxxxxxxxxxxxxxxxxxxxxxxxxxxxxxxx26072116524500013E010722DA02A82D95
8206,730,260721165430,xxxxxxxxxxxxxxxxxxxxxxxxxxxxxxxx26072116543000013E010723DA02A92D9C
8207,730,260721165615,xxxxxxxxxxxxxxxxxxxxxxxxxxxxxxxx26072116561500013E010723DA02AC2D63
8208,691,260721165800,xxxxxxxxxxxxxxxxxxxxxxxxxxxxxxxx26072116580001013E010723B302372B5D
8209,715,260721165945,xxxxxxxxxxxxxxxxxxxxxxxxxxxxxxxx26072116594501013E010723CB02BC2C66
8210,657,260721170130,xxxxxxxxxxxxxxxxxxxxxxxxxxxxxxxx26072117013001013E0107239102102939
8211,651,260721170315,xxxxxxxxxxxxxxxxxxxxxxxxxxxxxxxx26072117031501013E0107238B02B62800
8212,639,260721170500,xxxxxxxxxxxxxxxxxxxxxxxxxxxxxxxx26072117050001013E0107247F02FD27D7
8213,602,260721170645,xxxxxxxxxxxxxxxxxxxxxxxxxxxxxxxx26072117064501013E0107245A02A925D6
8214,705,260721170830,xxxxxxxxxxxxxxxxxxxxxxxxxxxxxxxx26072117083000013E010724C1021A2C68
8215,742,260721171015,xxxxxxxxxxxxxxxxxxxxxxxxxxxxxxxx26072117101500013E010724E602682E05
8216,1321,260721171200,xxxxxxxxxxxxxxxxxxxxxxxxxxxxxxxx26072117120000013E01072429059C5225
8217,1834,260721171345,xxxxxxxxxxxxxxxxxxxxxxxxxxxxxxxx26072117134500013E0107242A07A372F4
8218,2320,260721171530,xxxxxxxxxxxxxxxxxxxxxxxxxxxxxxxx26072117153000013E0107241009099151
8219,2829,260721171715,xxxxxxxxxxxxxxxxxxxxxxxxxxxxxxxx26072117171500013E0107240D0BD0B02C
8220,3307,260721171900,xxxxxxxxxxxxxxxxxxxxxxxxxxxxxxxx26072117190000013E010724EB0CBBCE88
8221,3710,260721172045,xxxxxxxxxxxxxxxxxxxxxxxxxxxxxxxx26072117204500013E0107237E0EE0E71D
8222,3721,260721172230,xxxxxxxxxxxxxxxxxxxxxxxxxxxxxxxx26072117223000013E010723890E97E873
8223,3721,260721172415,xxxxxxxxxxxxxxxxxxxxxxxxxxxxxxxx26072117241500013E010723890E97E873
8224,3721,260721172600,xxxxxxxxxxxxxxxxxxxxxxxxxxxxxxxx26072117260000013E010723890E97E873
8225,3721,260721172745,xxxxxxxxxxxxxxxxxxxxxxxxxxxxxxxx26072117274500013E010723890E94E826
8226,3721,260721172930,xxxxxxxxxxxxxxxxxxxxxxxxxxxxxxxx26072117293000013E010723890E94E826
8227,3720,260721173115,xxxxxxxxxxxxxxxxxxxxxxxxxxxxxxxx26072117311500013E010722880E8DE83A
8228,3720,260721173300,xxxxxxxxxxxxxxxxxxxxxxxxxxxxxxxx26072117330000013E010722880E89E801
8229,3720,260721173445,xxxxxxxxxxxxxxxxxxxxxxxxxxxxxxxx26072117344500013E010722880E89E801
8230,3720,260721173630,xxxxxxxxxxxxxxxxxxxxxxxxxxxxxxxx26072117363000013E010722880E86E819
8231,3720,260721173815,xxxxxxxxxxxxxxxxxxxxxxxxxxxxxxxx26072117381500013E010722880E85E84C
8232,3720,260721174000,xxxxxxxxxxxxxxxxxxxxxxxxxxxxxxxx26072117400000013E010722880E83E8E6
8233,3720,260721174145,xxxxxxxxxxxxxxxxxxxxxxxxxxxxxxxx26072117414500013E010722880E82E822
8234,3736,260721174330,xxxxxxxxxxxxxxxxxxxxxxxxxxxxxxxx26072117433001013E010722980E80E9D5
8235,3707,260721174515,xxxxxxxxxxxxxxxxxxxxxxxxxxxxxxxx26072117451501013E0107237B0EB2E77A
8236,3708,260721174700,xxxxxxxxxxxxxxxxxxxxxxxxxxxxxxxx26072117470001013E0107247C0ECBE7A9
8237,3745,260721174845,xxxxxxxxxxxxxxxxxxxxxxxxxxxxxxxx26072117484501013E010725A10E18EA08
8238,3706,260721175030,xxxxxxxxxxxxxxxxxxxxxxxxxxxxxxxx26072117503001013E0107257A0EA9E7A6
8239,3785,260721175215,xxxxxxxxxxxxxxxxxxxxxxxxxxxxxxxx26072117521501013E010725C90E93EC55
8240,3716,260721175400,xxxxxxxxxxxxxxxxxxxxxxxxxxxxxxxx26072117540001013E010724840E4AE86E
8241,3742,260721175545,xxxxxxxxxxxxxxxxxxxxxxxxxxxxxxxx26072117554501013E0107249E0EE1E9DE
8242,3696,260721175730,xxxxxxxxxxxxxxxxxxxxxxxxxxxxxxxx26072117573001013E010724700E0DE7A5
8243,3708,260721175915,xxxxxxxxxxxxxxxxxxxxxxxxxxxxxxxx26072117591500013E0107247C0ECFE792
8244,3705,260721180100,xxxxxxxxxxxxxxxxxxxxxxxxxxxxxxxx26072118010000013E010724790E9FE764
8245,3705,260721180245,xxxxxxxxxxxxxxxxxxxxxxxxxxxxxxxx26072118024500013E010724790E9CE731
8246,3705,260721180430,xxxxxxxxxxxxxxxxxxxxxxxxxxxxxxxx26072118043000013E010724790E98E70A
8247,3705,260721180615,xxxxxxxxxxxxxxxxxxxxxxxxxxxxxxxx26072118061500013E010724790E94E747
8248,3705,260721180800,xxxxxxxxxxxxxxxxxxxxxxxxxxxxxxxx26072118080000013E010724790E90E77C
8249,3704,260721180945,xxxxxxxxxxxxxxxxxxxxxxxxxxxxxxxx26072118094500013E010724780E8EE7C3
8250,3704,260721181130,xxxxxxxxxxxxxxxxxxxxxxxxxxxxxxxx26072118113000013E010725780E8CE79F
8251,3704,260721181315,xxxxxxxxxxxxxxxxxxxxxxxxxxxxxxxx26072118131500013E010724780E8BE73C
8252,3704,260721181500,xxxxxxxxxxxxxxxxxxxxxxxxxxxxxxxx26072118150000013E010724780E8EE7C3
8253,3704,260721181645,xxxxxxxxxxxxxxxxxxxxxxxxxxxxxxxx26072118164500013E010724780E8FE707
8254,3704,260721181830,xxxxxxxxxxxxxxxxxxxxxxxxxxxxxxxx26072118183000013E010724780E8FE707
8255,3705,260721182015,xxxxxxxxxxxxxxxxxxxxxxxxxxxxxxxx26072118201500013E010724790E94E747
8256,3705,260721182200,xxxxxxxxxxxxxxxxxxxxxxxxxxxxxxxx26072118220000013E010724790E96E7D6
8257,3705,260721182345,xxxxxxxxxxxxxxxxxxxxxxxxxxxxxxxx26072118234500013E010724790E98E70A
8258,3705,260721182530,xxxxxxxxxxxxxxxxxxxxxxxxxxxxxxxx26072118253000013E010724790E99E7CE
8259,3705,260721182715,xxxxxxxxxxxxxxxxxxxxxxxxxxxxxxxx26072118271500013E010724790E9AE79B
8260,3705,260721182900,xxxxxxxxxxxxxxxxxxxxxxxxxxxxxxxx26072118290000013E010724790E9AE79B
8261,3705,260721183045,xxxxxxxxxxxxxxxxxxxxxxxxxxxxxxxx26072118304500013E010724790E9AE79B
8262,3705,260721183230,xxxxxxxxxxxxxxxxxxxxxxxxxxxxxxxx26072118323000013E010724790E9AE79B
8263,3705,260721183415,xxxxxxxxxxxxxxxxxxxxxxxxxxxxxxxx26072118341500013E010724790E99E7CE
8264,3705,260721183600,xxxxxxxxxxxxxxxxxxxxxxxxxxxxxxxx26072118360000013E010724790E9AE79B
8265,3705,260721183745,xxxxxxxxxxxxxxxxxxxxxxxxxxxxxxxx26072118374500013E010724790E99E7CE
8266,3705,260721183930,xxxxxxxxxxxxxxxxxxxxxxxxxxxxxxxx26072118393000013E010724790E9AE79B
8267,3705,260721184115,xxxxxxxxxxxxxxxxxxxxxxxxxxxxxxxx26072118411500013E010724790E9AE79B
8268,3705,260721184300,xxxxxxxxxxxxxxxxxxxxxxxxxxxxxxxx26072118430000013E010724790E99E7CE
8269,3705,260721184445,xxxxxxxxxxxxxxxxxxxxxxxxxxxxxxxx26072118444500013E010724790E99E7CE
8270,3705,260721184631,xxxxxxxxxxxxxxxxxxxxxxxxxxxxxxxx26072118463100013E010724790E9AE79B
8271,3705,260721184816,xxxxxxxxxxxxxxxxxxxxxxxxxxxxxxxx26072118481600013E010724790E9AE79B
8272,3705,260721185001,xxxxxxxxxxxxxxxxxxxxxxxxxxxxxxxx26072118500100013E010724790E9AE79B
8273,3705,260721185146,xxxxxxxxxxxxxxxxxxxxxxxxxxxxxxxx26072118514600013E010724790E99E7CE
8274,3705,260721185331,xxxxxxxxxxxxxxxxxxxxxxxxxxxxxxxx26072118533100013E010724790E99E7CE
8275,3705,260721185516,xxxxxxxxxxxxxxxxxxxxxxxxxxxxxxxx26072118551600013E010724790E98E70A
8276,3705,260721185701,xxxxxxxxxxxxxxxxxxxxxxxxxxxxxxxx26072118570100013E010724790E99E7CE
8277,3705,260721185846,xxxxxxxxxxxxxxxxxxxxxxxxxxxxxxxx26072118584600013E010724790E98E70A
8278,3705,260721190031,xxxxxxxxxxxxxxxxxxxxxxxxxxxxxxxx26072119003100013E010724790E9AE79B
8279,3705,260721190216,xxxxxxxxxxxxxxxxxxxxxxxxxxxxxxxx26072119021600013E010724790E9CE731
8280,3705,260721190401,xxxxxxxxxxxxxxxxxxxxxxxxxxxxxxxx26072119040100013E010723790E9DE7A4
8281,3705,260721190546,xxxxxxxxxxxxxxxxxxxxxxxxxxxxxxxx26072119054600013E010723790E9DE7A4
8282,3705,260721190731,xxxxxxxxxxxxxxxxxxxxxxxxxxxxxxxx26072119073100013E010723790E9CE760
8283,3705,260721190916,xxxxxxxxxxxxxxxxxxxxxxxxxxxxxxxx26072119091600013E010723790E9FE735
8284,3705,260721191101,xxxxxxxxxxxxxxxxxxxxxxxxxxxxxxxx26072119110100013E010723790E9FE735
8285,3706,260721191246,xxxxxxxxxxxxxxxxxxxxxxxxxxxxxxxx26072119124600013E0107237A0EA1E74C
8286,3706,260721191431,xxxxxxxxxxxxxxxxxxxxxxxxxxxxxxxx26072119143100013E0107237A0EA4E7B3
8287,3706,260721191616,xxxxxxxxxxxxxxxxxxxxxxxxxxxxxxxx26072119161600013E0107237A0EA6E722
8288,3706,260721191801,xxxxxxxxxxxxxxxxxxxxxxxxxxxxxxxx26072119180100013E0107237A0EA7E7E6
8289,3706,260721191946,xxxxxxxxxxxxxxxxxxxxxxxxxxxxxxxx26072119194600013E0107237A0EA6E722
8290,3706,260721192131,xxxxxxxxxxxxxxxxxxxxxxxxxxxxxxxx26072119213100013E0107237A0EA9E73A
8291,3706,260721192316,xxxxxxxxxxxxxxxxxxxxxxxxxxxxxxxx26072119231600013E0107237A0EA9E73A
8292,3706,260721192501,xxxxxxxxxxxxxxxxxxxxxxxxxxxxxxxx26072119250100013E0107237A0EAAE76F
8293,3706,260721192646,xxxxxxxxxxxxxxxxxxxxxxxxxxxxxxxx26072119264600013E0107237A0EAAE76F
8294,3706,260721192831,xxxxxxxxxxxxxxxxxxxxxxxxxxxxxxxx26072119283100013E0107237A0EABE7AB
8295,3706,260721193016,xxxxxxxxxxxxxxxxxxxxxxxxxxxxxxxx26072119301600013E0107237A0EACE7C5
8296,3706,260721193201,xxxxxxxxxxxxxxxxxxxxxxxxxxxxxxxx26072119320100013E0107237A0EABE7AB
8297,3706,260721193346,xxxxxxxxxxxxxxxxxxxxxxxxxxxxxxxx26072119334600013E0107237A0EADE701
8298,3706,260721193531,xxxxxxxxxxxxxxxxxxxxxxxxxxxxxxxx26072119353100013E0107237A0EADE701
8299,3706,260721193716,xxxxxxxxxxxxxxxxxxxxxxxxxxxxxxxx26072119371600013E0107237A0EACE7C5
8300,3706,260721193901,xxxxxxxxxxxxxxxxxxxxxxxxxxxxxxxx26072119390100013E0107237A0EADE701
8301,3706,260721194046,xxxxxxxxxxxxxxxxxxxxxxxxxxxxxxxx26072119404600013E0107237A0EACE7C5
8302,3706,260721194231,xxxxxxxxxxxxxxxxxxxxxxxxxxxxxxxx26072119423100013E0107237A0EAEE754
8303,3706,260721194416,xxxxxxxxxxxxxxxxxxxxxxxxxxxxxxxx26072119441600013E0107237A0EADE701
8304,3706,260721194601,xxxxxxxxxxxxxxxxxxxxxxxxxxxxxxxx26072119460100013E0107237A0EACE7C5
8305,3706,260721194746,xxxxxxxxxxxxxxxxxxxxxxxxxxxxxxxx26072119474600013E0107237A0EAEE754
8306,3706,260721194931,xxxxxxxxxxxxxxxxxxxxxxxxxxxxxxxx26072119493100013E0107237A0EAEE754
8307,3706,260721195116,xxxxxxxxxxxxxxxxxxxxxxxxxxxxxxxx26072119511600013E0107237A0EAEE754
8308,3706,260721195301,xxxxxxxxxxxxxxxxxxxxxxxxxxxxxxxx26072119530100013E0107237A0EAEE754
8309,3706,260721195446,xxxxxxxxxxxxxxxxxxxxxxxxxxxxxxxx26072119544600013E0107237A0EACE7C5
8310,3706,260721195631,xxxxxxxxxxxxxxxxxxxxxxxxxxxxxxxx26072119563100013E0107237A0EADE701
8311,3706,260721195816,xxxxxxxxxxxxxxxxxxxxxxxxxxxxxxxx26072119581600013E0107237A0EAFE790
8312,3706,260721200001,xxxxxxxxxxxxxxxxxxxxxxxxxxxxxxxx26072120000100013E0107237A0EAFE790
8313,3709,260721200146,xxxxxxxxxxxxxxxxxxxxxxxxxxxxxxxx26072120014601013E0107237D0EDCE7F5
8314,3683,260721200331,xxxxxxxxxxxxxxxxxxxxxxxxxxxxxxxx26072120033101013E010722630E3EE6AF
8315,3683,260721200516,xxxxxxxxxxxxxxxxxxxxxxxxxxxxxxxx26072120051600013E010722630E30E673
8316,3682,260721200701,xxxxxxxxxxxxxxxxxxxxxxxxxxxxxxxx26072120070100013E010722620E2DE699
8317,3682,260721200846,xxxxxxxxxxxxxxxxxxxxxxxxxxxxxxxx26072120084600013E010721620E2AE6B9
8318,3682,260721201031,xxxxxxxxxxxxxxxxxxxxxxxxxxxxxxxx26072120103100013E010721620E29E6EC
8319,3682,260721201216,xxxxxxxxxxxxxxxxxxxxxxxxxxxxxxxx26072120121600013E010721620E29E6EC
8320,3682,260721201525,xxxxxxxxxxxxxxxxxxxxxxxxxxxxxxxx26072120152500013E010721620E26E6F4
8321,3682,260721201710,xxxxxxxxxxxxxxxxxxxxxxxxxxxxxxxx26072120171000013E010721620E26E6F4
8322,3682,260721201855,xxxxxxxxxxxxxxxxxxxxxxxxxxxxxxxx26072120185500013E010721620E25E6A1
8323,3682,260721202040,xxxxxxxxxxxxxxxxxxxxxxxxxxxxxxxx26072120204000013E010721620E26E6F4
8324,3682,260721202225,xxxxxxxxxxxxxxxxxxxxxxxxxxxxxxxx26072120222500013E010721620E26E6F4
8325,3682,260721202410,xxxxxxxxxxxxxxxxxxxxxxxxxxxxxxxx26072120241000013E010721620E27E630
8326,127,260721202948,xxxxxxxxxxxxxxxxxxxxxxxxxxxxxxxx26072120294800013E0107217F00F407DB
8327,4011,260721220033,xxxxxxxxxxxxxxxxxxxxxxxxxxxxxxxx26072122003301013E010720AB0FBBFA4C
8328,4011,260721220218,xxxxxxxxxxxxxxxxxxxxxxxxxxxxxxxx26072122021801013E010720AB0FBCFA22
8329,4011,260721220403,xxxxxxxxxxxxxxxxxxxxxxxxxxxxxxxx26072122040301013E010720AB0FBBFA4C
8330,4011,260721220548,xxxxxxxxxxxxxxxxxxxxxxxxxxxxxxxx26072122054801013E010721AB0FBBFA81
8331,4011,260721220733,xxxxxxxxxxxxxxxxxxxxxxxxxxxxxxxx26072122073301013E010720AB0FBCFA22
8332,4011,260721220918,xxxxxxxxxxxxxxxxxxxxxxxxxxxxxxxx26072122091801013E010720AB0FBDFAE6
8333,4011,260721221103,xxxxxxxxxxxxxxxxxxxxxxxxxxxxxxxx26072122110301013E010720AB0FBDFAE6
8334,4012,260721221248,xxxxxxxxxxxxxxxxxxxxxxxxxxxxxxxx26072122124801013E010720AC0FC1FA9B
8335,4012,260721221433,xxxxxxxxxxxxxxxxxxxxxxxxxxxxxxxx26072122143301013E010720AC0FC1FA9B
8336,4012,260721221618,xxxxxxxxxxxxxxxxxxxxxxxxxxxxxxxx26072122161801013E010720AC0FC1FA9B
8337,4011,260721221803,xxxxxxxxxxxxxxxxxxxxxxxxxxxxxxxx26072122180301013E010720AB0FBEFAB3
8338,4011,260721221948,xxxxxxxxxxxxxxxxxxxxxxxxxxxxxxxx26072122194800013E010720AB0FB7FA01
8339,4011,260721222133,xxxxxxxxxxxxxxxxxxxxxxxxxxxxxxxx26072122213300013E010720AB0FB7FA01
8340,4011,260721222318,xxxxxxxxxxxxxxxxxxxxxxxxxxxxxxxx26072122231800013E010720AB0FB6FAC5
8341,4011,260721222503,xxxxxxxxxxxxxxxxxxxxxxxxxxxxxxxx26072122250300013E010720AB0FB6FAC5
8342,4011,260721222648,xxxxxxxxxxxxxxxxxxxxxxxxxxxxxxxx26072122264800013E010720AB0FB7FA01
8343,3893,260721222946,xxxxxxxxxxxxxxxxxxxxxxxxxxxxxxxx26072122294600013E010720350F55F38D
8344,3893,260721223131,xxxxxxxxxxxxxxxxxxxxxxxxxxxxxxxx26072122313100013E010720350F54F349
8345,3892,260721223316,xxxxxxxxxxxxxxxxxxxxxxxxxxxxxxxx26072122331600013E010720340F4FF309
8346,3892,260721223501,xxxxxxxxxxxxxxxxxxxxxxxxxxxxxxxx26072122350101013E010720340F4DF398
8347,3892,260721223646,xxxxxxxxxxxxxxxxxxxxxxxxxxxxxxxx26072122364600013E010720340F4FF309
8348,3893,260721223831,xxxxxxxxxxxxxxxxxxxxxxxxxxxxxxxx26072122383100013E010720350F55F38D
8349,3893,260721224016,xxxxxxxxxxxxxxxxxxxxxxxxxxxxxxxx26072122401600013E010720350F55F38D
8350,3893,260721224201,xxxxxxxxxxxxxxxxxxxxxxxxxxxxxxxx26072122420100013E010720350F56F3D8
8351,4011,260721224500,xxxxxxxxxxxxxxxxxxxxxxxxxxxxxxxx26072122450000013E010720AB0FBCFA22
8352,4013,260721224645,xxxxxxxxxxxxxxxxxxxxxxxxxxxxxxxx26072122464501013E010720AD0FD6FA96
8353,3999,260721224830,xxxxxxxxxxxxxxxxxxxxxxxxxxxxxxxx26072122483000013E0107219F0FFDF914
8354,3998,260721225015,xxxxxxxxxxxxxxxxxxxxxxxxxxxxxxxx26072122501500013E0107219E0FE7F990
8355,3998,260721225200,xxxxxxxxxxxxxxxxxxxxxxxxxxxxxxxx26072122520000013E0107219E0FE6F954
8356,3998,260721225345,xxxxxxxxxxxxxxxxxxxxxxxxxxxxxxxx26072122534500013E0107219E0FE2F96F
8357,3998,260721225530,xxxxxxxxxxxxxxxxxxxxxxxxxxxxxxxx26072122553000013E0107219E0FE1F93A
8358,3997,260721225715,xxxxxxxxxxxxxxxxxxxxxxxxxxxxxxxx26072122571500013E0107209D0FDFF98E
8359,3997,260721225900,xxxxxxxxxxxxxxxxxxxxxxxxxxxxxxxx26072122590000013E0107209D0FDCF9DB
8360,3997,260721230045,xxxxxxxxxxxxxxxxxxxxxxxxxxxxxxxx26072123004500013E0107209D0FD9F924
8361,3997,260721230230,xxxxxxxxxxxxxxxxxxxxxxxxxxxxxxxx26072123023000013E0107209D0FD6F93C
8362,3997,260721230415,xxxxxxxxxxxxxxxxxxxxxxxxxxxxxxxx26072123041500013E0107209D0FD5F969
8363,3997,260721230600,xxxxxxxxxxxxxxxxxxxxxxxxxxxxxxxx26072123060000013E0107209D0FD1F952
8364,3996,260721230745,xxxxxxxxxxxxxxxxxxxxxxxxxxxxxxxx26072123074500013E0107209C0FCEF929
8365,3996,260721230930,xxxxxxxxxxxxxxxxxxxxxxxxxxxxxxxx26072123093000013E0107209C0FCDF97C
8366,3996,260721231115,xxxxxxxxxxxxxxxxxxxxxxxxxxxxxxxx26072123111500013E0107209C0FCCF9B8
8367,3996,260721231300,xxxxxxxxxxxxxxxxxxxxxxxxxxxxxxxx26072123130000013E0107209C0FCCF9B8
8368,3996,260721231445,xxxxxxxxxxxxxxxxxxxxxxxxxxxxxxxx26072123144500013E0107209C0FCCF9B8
8369,3996,260721231630,xxxxxxxxxxxxxxxxxxxxxxxxxxxxxxxx26072123163000013E0107209C0FCDF97C
8370,3996,260721231815,xxxxxxxxxxxxxxxxxxxxxxxxxxxxxxxx26072123181500013E0107209C0FCDF97C
8371,3996,260721232000,xxxxxxxxxxxxxxxxxxxxxxxxxxxxxxxx26072123200000013E0107209C0FCEF929
8372,3996,260721232145,xxxxxxxxxxxxxxxxxxxxxxxxxxxxxxxx26072123214500013E0107209C0FCCF9B8
8373,3996,260721232330,xxxxxxxxxxxxxxxxxxxxxxxxxxxxxxxx26072123233000013E0107209C0FCDF97C
8374,3996,260721232515,xxxxxxxxxxxxxxxxxxxxxxxxxxxxxxxx26072123251500013E0107209C0FCEF929
8375,3996,260721232700,xxxxxxxxxxxxxxxxxxxxxxxxxxxxxxxx26072123270000013E0107209C0FCEF929
8376,3996,260721232845,xxxxxxxxxxxxxxxxxxxxxxxxxxxxxxxx26072123284500013E0107209C0FCFF9ED
8377,3996,260721233030,xxxxxxxxxxxxxxxxxxxxxxxxxxxxxxxx26072123303000013E0107209C0FCFF9ED
8378,3997,260721233215,xxxxxxxxxxxxxxxxxxxxxxxxxxxxxxxx26072123321500013E0107209D0FD0F996
8379,3997,260721233400,xxxxxxxxxxxxxxxxxxxxxxxxxxxxxxxx26072123340000013E0107209D0FD1F952
8380,3997,260721233545,xxxxxxxxxxxxxxxxxxxxxxxxxxxxxxxx26072123354500013E0107209D0FD1F952
8381,3997,260721233730,xxxxxxxxxxxxxxxxxxxxxxxxxxxxxxxx26072123373000013E0107209D0FD1F952
8382,3997,260721233915,xxxxxxxxxxxxxxxxxxxxxxxxxxxxxxxx26072123391500013E0107209D0FD1F952
8383,3997,260721234100,xxxxxxxxxxxxxxxxxxxxxxxxxxxxxxxx26072123410000013E0107209D0FD1F952
8384,3997,260721234245,xxxxxxxxxxxxxxxxxxxxxxxxxxxxxxxx26072123424500013E0107209D0FD1F952
8385,3997,260721234430,xxxxxxxxxxxxxxxxxxxxxxxxxxxxxxxx26072123443000013E0107209D0FD2F907
8386,3997,260721234615,xxxxxxxxxxxxxxxxxxxxxxxxxxxxxxxx26072123461500013E0107209D0FD2F907
8387,3997,260721234800,xxxxxxxxxxxxxxxxxxxxxxxxxxxxxxxx26072123480000013E0107209D0FD3F9C3
8388,3997,260721234945,xxxxxxxxxxxxxxxxxxxxxxxxxxxxxxxx26072123494500013E0107209D0FD3F9C3
8389,3997,260721235130,xxxxxxxxxxxxxxxxxxxxxxxxxxxxxxxx26072123513000013E0107209D0FD2F907
8390,3997,260721235315,xxxxxxxxxxxxxxxxxxxxxxxxxxxxxxxx26072123531500013E0107209D0FD3F9C3
8391,3997,260721235500,xxxxxxxxxxxxxxxxxxxxxxxxxxxxxxxx26072123550000013E01071F9D0FD4F946
8392,3997,260721235645,xxxxxxxxxxxxxxxxxxxxxxxxxxxxxxxx26072123564500013E01071F9D0FD5F982
8393,3997,260721235830,xxxxxxxxxxxxxxxxxxxxxxxxxxxxxxxx26072123583000013E01071F9D0FD5F982
8394,3997,260722000015,xxxxxxxxxxxxxxxxxxxxxxxxxxxxxxxx26072200001500013E01071F9D0FD6F9D7
8395,3997,260722000200,xxxxxxxxxxxxxxxxxxxxxxxxxxxxxxxx26072200020000013E01071F9D0FD6F9D7
8396,3997,260722000345,xxxxxxxxxxxxxxxxxxxxxxxxxxxxxxxx26072200034500013E01071F9D0FD7F913
8397,3997,260722000530,xxxxxxxxxxxxxxxxxxxxxxxxxxxxxxxx26072200053000013E01071F9D0FD7F913
8398,3997,260722000715,xxxxxxxxxxxxxxxxxxxxxxxxxxxxxxxx26072200071500013E01071F9D0FD7F913
8399,3997,260722000900,xxxxxxxxxxxxxxxxxxxxxxxxxxxxxxxx26072200090000013E01071F9D0FD7F913
8400,3997,260722001045,xxxxxxxxxxxxxxxxxxxxxxxxxxxxxxxx26072200104500013E0107209D0FD8F9E0
8401,3997,260722001230,xxxxxxxxxxxxxxxxxxxxxxxxxxxxxxxx26072200123000013E01071F9D0FD7F913
8402,3997,260722001415,xxxxxxxxxxxxxxxxxxxxxxxxxxxxxxxx26072200141500013E01071F9D0FD8F90B
8403,3997,260722001600,xxxxxxxxxxxxxxxxxxxxxxxxxxxxxxxx26072200160000013E01071F9D0FD9F9CF
8404,3997,260722001745,xxxxxxxxxxxxxxxxxxxxxxxxxxxxxxxx26072200174500013E01071F9D0FD9F9CF
8405,3997,260722001930,xxxxxxxxxxxxxxxxxxxxxxxxxxxxxxxx26072200193000013E01071F9D0FD9F9CF
8406,3997,260722002115,xxxxxxxxxxxxxxxxxxxxxxxxxxxxxxxx26072200211500013E01071F9D0FD9F9CF
8407,3997,260722002300,xxxxxxxxxxxxxxxxxxxxxxxxxxxxxxxx26072200230000013E01071F9D0FD9F9CF
8408,3997,260722002445,xxxxxxxxxxxxxxxxxxxxxxxxxxxxxxxx26072200244500013E01071F9D0FDAF99A
8409,3997,260722002630,xxxxxxxxxxxxxxxxxxxxxxxxxxxxxxxx26072200263000013E01071F9D0FDAF99A
8410,3997,260722002815,xxxxxxxxxxxxxxxxxxxxxxxxxxxxxxxx26072200281500013E01071F9D0FDBF95E
8411,3997,260722003000,xxxxxxxxxxxxxxxxxxxxxxxxxxxxxxxx26072200300000013E01071F9D0FDBF95E
8412,3997,260722003145,xxxxxxxxxxxxxxxxxxxxxxxxxxxxxxxx26072200314500013E01071F9D0FDBF95E
8413,3997,260722003330,xxxxxxxxxxxxxxxxxxxxxxxxxxxxxxxx26072200333000013E01071F9D0FDBF95E
8414,3997,260722003515,xxxxxxxxxxxxxxxxxxxxxxxxxxxxxxxx26072200351500013E01071F9D0FDCF930
8415,3997,260722003700,xxxxxxxxxxxxxxxxxxxxxxxxxxxxxxxx26072200370000013E01071F9D0FDBF95E
8416,3997,260722003845,xxxxxxxxxxxxxxxxxxxxxxxxxxxxxxxx26072200384500013E01071F9D0FDCF930
8417,3997,260722004030,xxxxxxxxxxxxxxxxxxxxxxxxxxxxxxxx26072200403000013E01071F9D0FDCF930
8418,3997,260722004215,xxxxxxxxxxxxxxxxxxxxxxxxxxxxxxxx26072200421500013E01071F9D0FDDF9F4
8419,3997,260722004400,xxxxxxxxxxxxxxxxxxxxxxxxxxxxxxxx26072200440000013E01071F9D0FDDF9F4
8420,3997,260722004545,xxxxxxxxxxxxxxxxxxxxxxxxxxxxxxxx26072200454500013E01071F9D0FDDF9F4
8421,3997,260722004730,xxxxxxxxxxxxxxxxxxxxxxxxxxxxxxxx26072200473000013E01071F9D0FDDF9F4
8422,3997,260722004915,xxxxxxxxxxxxxxxxxxxxxxxxxxxxxxxx26072200491500013E01071F9D0FDEF9A1
8423,3997,260722005100,xxxxxxxxxxxxxxxxxxxxxxxxxxxxxxxx26072200510000013E01071F9D0FDFF965
8424,3997,260722005245,xxxxxxxxxxxxxxxxxxxxxxxxxxxxxxxx26072200524500013E01071F9D0FDFF965
8425,3997,260722005430,xxxxxxxxxxxxxxxxxxxxxxxxxxxxxxxx26072200543000013E01071F9D0FDFF965
8426,3998,260722005615,xxxxxxxxxxxxxxxxxxxxxxxxxxxxxxxx26072200561500013E01071F9E0FE0F9D8
8427,3998,260722005800,xxxxxxxxxxxxxxxxxxxxxxxxxxxxxxxx26072200580000013E01071F9E0FE1F91C
8428,3998,260722005945,xxxxxxxxxxxxxxxxxxxxxxxxxxxxxxxx26072200594500013E01071F9E0FE1F91C
8429,3998,260722010130,xxxxxxxxxxxxxxxxxxxxxxxxxxxxxxxx26072201013000013E01071F9E0FE2F949
8430,3998,260722010315,xxxxxxxxxxxxxxxxxxxxxxxxxxxxxxxx26072201031500013E01071F9E0FE2F949
8431,3998,260722010500,xxxxxxxxxxxxxxxxxxxxxxxxxxxxxxxx26072201050000013E01071F9E0FE2F949
8432,3998,260722010645,xxxxxxxxxxxxxxxxxxxxxxxxxxxxxxxx26072201064500013E01071F9E0FE2F949
8433,3998,260722010830,xxxxxxxxxxxxxxxxxxxxxxxxxxxxxxxx26072201083000013E01071F9E0FE2F949
8434,3998,260722011015,xxxxxxxxxxxxxxxxxxxxxxxxxxxxxxxx26072201101500013E01071F9E0FE3F98D
8435,3998,260722011200,xxxxxxxxxxxxxxxxxxxxxxxxxxxxxxxx26072201120000013E01071F9E0FE3F98D
8436,3998,260722011345,xxxxxxxxxxxxxxxxxxxxxxxxxxxxxxxx26072201134500013E01071F9E0FE4F9E3
8437,3998,260722011530,xxxxxxxxxxxxxxxxxxxxxxxxxxxxxxxx26072201153000013E01071F9E0FE3F98D
8438,3998,260722011715,xxxxxxxxxxxxxxxxxxxxxxxxxxxxxxxx26072201171500013E01071F9E0FE4F9E3
8439,3998,260722011900,xxxxxxxxxxxxxxxxxxxxxxxxxxxxxxxx26072201190000013E01071F9E0FE4F9E3
8440,3998,260722012045,xxxxxxxxxxxxxxxxxxxxxxxxxxxxxxxx26072201204500013E01071F9E0FE4F9E3
8441,3998,260722012230,xxxxxxxxxxxxxxxxxxxxxxxxxxxxxxxx26072201223000013E01071F9E0FE5F927
8442,3998,260722012415,xxxxxxxxxxxxxxxxxxxxxxxxxxxxxxxx26072201241500013E01071F9E0FE5F927
8443,3998,260722012600,xxxxxxxxxxxxxxxxxxxxxxxxxxxxxxxx26072201260000013E01071F9E0FE6F972
8444,3998,260722012746,xxxxxxxxxxxxxxxxxxxxxxxxxxxxxxxx26072201274600013E01071F9E0FE6F972
8445,3998,260722012931,xxxxxxxxxxxxxxxxxxxxxxxxxxxxxxxx26072201293100013E01071F9E0FE6F972
8446,3998,260722013116,xxxxxxxxxxxxxxxxxxxxxxxxxxxxxxxx26072201311600013E01071F9E0FE6F972
8447,3998,260722013301,xxxxxxxxxxxxxxxxxxxxxxxxxxxxxxxx26072201330100013E01071F9E0FE6F972
8448,3998,260722013446,xxxxxxxxxxxxxxxxxxxxxxxxxxxxxxxx26072201344600013E01071F9E0FE7F9B6
8449,3998,260722013631,xxxxxxxxxxxxxxxxxxxxxxxxxxxxxxxx26072201363100013E01071F9E0FE7F9B6
8450,3998,260722013816,xxxxxxxxxxxxxxxxxxxxxxxxxxxxxxxx26072201381600013E01071F9E0FE7F9B6
8451,3998,260722014001,xxxxxxxxxxxxxxxxxxxxxxxxxxxxxxxx26072201400100013E01071F9E0FE8F9AE
8452,3998,260722014146,xxxxxxxxxxxxxxxxxxxxxxxxxxxxxxxx26072201414600013E01071E9E0FE8F963
8453,3998,260722014331,xxxxxxxxxxxxxxxxxxxxxxxxxxxxxxxx26072201433100013E01071F9E0FE9F96A
8454,3998,260722014516,xxxxxxxxxxxxxxxxxxxxxxxxxxxxxxxx26072201451600013E01071E9E0FE9F9A7
8455,3998,260722014701,xxxxxxxxxxxxxxxxxxxxxxxxxxxxxxxx26072201470100013E01071E9E0FEAF9F2
8456,3998,260722014846,xxxxxxxxxxxxxxxxxxxxxxxxxxxxxxxx26072201484600013E01071E9E0FEAF9F2
8457,3998,260722015031,xxxxxxxxxxxxxxxxxxxxxxxxxxxxxxxx26072201503100013E01071E9E0FEBF936
8458,3998,260722015216,xxxxxxxxxxxxxxxxxxxxxxxxxxxxxxxx26072201521600013E01071E9E0FEBF936
8459,3998,260722015401,xxxxxxxxxxxxxxxxxxxxxxxxxxxxxxxx26072201540100013E01071E9E0FECF958
8460,3998,260722015546,xxxxxxxxxxxxxxxxxxxxxxxxxxxxxxxx26072201554600013E01071E9E0FECF958
8461,3998,260722015731,xxxxxxxxxxxxxxxxxxxxxxxxxxxxxxxx26072201573100013E01071E9E0FEDF99C
8462,3998,260722015916,xxxxxxxxxxxxxxxxxxxxxxxxxxxxxxxx26072201591600013E01071E9E0FEDF99C
8463,3998,260722020101,xxxxxxxxxxxxxxxxxxxxxxxxxxxxxxxx26072202010100013E01071E9E0FEDF99C
8464,3998,260722020246,xxxxxxxxxxxxxxxxxxxxxxxxxxxxxxxx26072202024600013E01071E9E0FEDF99C
8465,3998,260722020431,xxxxxxxxxxxxxxxxxxxxxxxxxxxxxxxx26072202043100013E01071E9E0FEDF99C
8466,3998,260722020616,xxxxxxxxxxxxxxxxxxxxxxxxxxxxxxxx26072202061600013E01071E9E0FEDF99C
8467,3998,260722020801,xxxxxxxxxxxxxxxxxxxxxxxxxxxxxxxx26072202080100013E01071E9E0FEDF99C
8468,3998,260722020946,xxxxxxxxxxxxxxxxxxxxxxxxxxxxxxxx26072202094600013E01071E9E0FEDF99C
8469,3998,260722021131,xxxxxxxxxxxxxxxxxxxxxxxxxxxxxxxx26072202113100013E01071E9E0FEEF9C9
8470,3998,260722021316,xxxxxxxxxxxxxxxxxxxxxxxxxxxxxxxx26072202131600013E01071E9E0FEEF9C9
8471,3998,260722021501,xxxxxxxxxxxxxxxxxxxxxxxxxxxxxxxx26072202150100013E01071E9E0FEEF9C9
8472,3998,260722021646,xxxxxxxxxxxxxxxxxxxxxxxxxxxxxxxx26072202164600013E01071E9E0FEEF9C9
8473,3998,260722021831,xxxxxxxxxxxxxxxxxxxxxxxxxxxxxxxx26072202183100013E01071E9E0FEFF90D
8474,3998,260722022016,xxxxxxxxxxxxxxxxxxxxxxxxxxxxxxxx26072202201600013E01071E9E0FEFF90D
8475,3998,260722022201,xxxxxxxxxxxxxxxxxxxxxxxxxxxxxxxx26072202220100013E01071E9E0FEFF90D
8476,3999,260722022346,xxxxxxxxxxxxxxxxxxxxxxxxxxxxxxxx26072202234600013E01071E9F0FF0F976
8477,3999,260722022531,xxxxxxxxxxxxxxxxxxxxxxxxxxxxxxxx26072202253100013E01071E9F0FF0F976
8478,3999,260722022716,xxxxxxxxxxxxxxxxxxxxxxxxxxxxxxxx26072202271600013E01071E9F0FF1F9B2
8479,3999,260722022901,xxxxxxxxxxxxxxxxxxxxxxxxxxxxxxxx26072202290100013E01071E9F0FF1F9B2
8480,3999,260722023046,xxxxxxxxxxxxxxxxxxxxxxxxxxxxxxxx26072202304600013E01071E9F0FF1F9B2
8481,3999,260722023231,xxxxxxxxxxxxxxxxxxxxxxxxxxxxxxxx26072202323100013E01071E9F0FF2F9E7
8482,3999,260722023416,xxxxxxxxxxxxxxxxxxxxxxxxxxxxxxxx26072202341600013E01071E9F0FF2F9E7
8483,3999,260722023601,xxxxxxxxxxxxxxxxxxxxxxxxxxxxxxxx26072202360100013E01071E9F0FF3F923
8484,3999,260722023746,xxxxxxxxxxxxxxxxxxxxxxxxxxxxxxxx26072202374600013E01071E9F0FF3F923
8485,3999,260722023931,xxxxxxxxxxxxxxxxxxxxxxxxxxxxxxxx26072202393100013E01071E9F0FF4F94D
8486,3999,260722024116,xxxxxxxxxxxxxxxxxxxxxxxxxxxxxxxx26072202411600013E01071E9F0FF4F94D
8487,3999,260722024301,xxxxxxxxxxxxxxxxxxxxxxxxxxxxxxxx26072202430100013E01071E9F0FF4F94D
8488,3999,260722024446,xxxxxxxxxxxxxxxxxxxxxxxxxxxxxxxx26072202444600013E01071E9F0FF4F94D
8489,3999,260722024631,xxxxxxxxxxxxxxxxxxxxxxxxxxxxxxxx26072202463100013E01071E9F0FF4F94D
8490,3999,260722024816,xxxxxxxxxxxxxxxxxxxxxxxxxxxxxxxx26072202481600013E01071E9F0FF5F989
8491,3999,260722025001,xxxxxxxxxxxxxxxxxxxxxxxxxxxxxxxx26072202500100013E01071E9F0FF5F989
8492,3999,260722025146,xxxxxxxxxxxxxxxxxxxxxxxxxxxxxxxx26072202514600013E01071E9F0FF6F9DC
8493,3999,260722025331,xxxxxxxxxxxxxxxxxxxxxxxxxxxxxxxx26072202533100013E01071E9F0FF6F9DC
8494,3999,260722025516,xxxxxxxxxxxxxxxxxxxxxxxxxxxxxxxx26072202551600013E01071E9F0FF7F918
8495,3999,260722025701,xxxxxxxxxxxxxxxxxxxxxxxxxxxxxxxx26072202570100013E01071E9F0FF7F918
8496,3999,260722025846,xxxxxxxxxxxxxxxxxxxxxxxxxxxxxxxx26072202584600013E01071E9F0FF7F918
8497,3999,260722030031,xxxxxxxxxxxxxxxxxxxxxxxxxxxxxxxx26072203003100013E01071E9F0FF7F918
8498,3999,260722030216,xxxxxxxxxxxxxxxxxxxxxxxxxxxxxxxx26072203021600013E01071E9F0FF8F900
8499,3999,260722030401,xxxxxxxxxxxxxxxxxxxxxxxxxxxxxxxx26072203040100013E01071E9F0FF8F900
8500,3999,260722030546,xxxxxxxxxxxxxxxxxxxxxxxxxxxxxxxx26072203054600013E01071E9F0FF9F9C4
8501,3999,260722030731,xxxxxxxxxxxxxxxxxxxxxxxxxxxxxxxx26072203073100013E01071E9F0FF9F9C4
8502,3999,260722030916,xxxxxxxxxxxxxxxxxxxxxxxxxxxxxxxx26072203091600013E01071E9F0FF9F9C4
8503,3999,260722031101,xxxxxxxxxxxxxxxxxxxxxxxxxxxxxxxx26072203110100013E01071E9F0FFAF991
8504,3999,260722031246,xxxxxxxxxxxxxxxxxxxxxxxxxxxxxxxx26072203124600013E01071E9F0FFAF991
8505,3999,260722031431,xxxxxxxxxxxxxxxxxxxxxxxxxxxxxxxx26072203143100013E01071E9F0FFAF991
8506,3999,260722031616,xxxxxxxxxxxxxxxxxxxxxxxxxxxxxxxx26072203161600013E01071E9F0FFBF955
8507,3999,260722031801,xxxxxxxxxxxxxxxxxxxxxxxxxxxxxxxx26072203180100013E01071E9F0FFBF955
8508,3999,260722031946,xxxxxxxxxxxxxxxxxxxxxxxxxxxxxxxx26072203194600013E01071E9F0FFCF93B
8509,3999,260722032131,xxxxxxxxxxxxxxxxxxxxxxxxxxxxxxxx26072203213100013E01071E9F0FFCF93B
8510,3999,260722032316,xxxxxxxxxxxxxxxxxxxxxxxxxxxxxxxx26072203231600013E01071E9F0FFDF9FF
8511,3999,260722032501,xxxxxxxxxxxxxxxxxxxxxxxxxxxxxxxx26072203250100013E01071E9F0FFDF9FF
8512,3999,260722032646,xxxxxxxxxxxxxxxxxxxxxxxxxxxxxxxx26072203264600013E01071E9F0FFDF9FF
8513,3999,260722032831,xxxxxxxxxxxxxxxxxxxxxxxxxxxxxxxx26072203283100013E01071E9F0FFEF9AA
8514,3999,260722033016,xxxxxxxxxxxxxxxxxxxxxxxxxxxxxxxx26072203301600013E01071E9F0FFEF9AA
8515,3999,260722033201,xxxxxxxxxxxxxxxxxxxxxxxxxxxxxxxx26072203320100013E01071E9F0FFEF9AA
8516,3999,260722033346,xxxxxxxxxxxxxxxxxxxxxxxxxxxxxxxx26072203334600013E01071E9F0FFFF96E
8517,3999,260722033531,xxxxxxxxxxxxxxxxxxxxxxxxxxxxxxxx26072203353100013E01071E9F0FFFF96E
8518,3999,260722033716,xxxxxxxxxxxxxxxxxxxxxxxxxxxxxxxx26072203371600013E01071E9F0FFFF96E
8519,3999,260722033901,xxxxxxxxxxxxxxxxxxxxxxxxxxxxxxxx26072203390100013E01071E9F0FFFF96E
8520,3999,260722034046,xxxxxxxxxxxxxxxxxxxxxxxxxxxxxxxx26072203404600013E01071E9F0FFFF96E
8521,4000,260722034231,xxxxxxxxxxxxxxxxxxxxxxxxxxxxxxxx26072203423100013E01071EA00F00FADF
8522,4000,260722034416,xxxxxxxxxxxxxxxxxxxxxxxxxxxxxxxx26072203441600013E01071EA00F00FADF
8523,4000,260722034601,xxxxxxxxxxxxxxxxxxxxxxxxxxxxxxxx26072203460100013E01071EA00F01FA1B
8524,4000,260722034746,xxxxxxxxxxxxxxxxxxxxxxxxxxxxxxxx26072203474600013E01071EA00F01FA1B
8525,4000,260722034931,xxxxxxxxxxxxxxxxxxxxxxxxxxxxxxxx26072203493100013E01071EA00F02FA4E
8526,4000,260722035116,xxxxxxxxxxxxxxxxxxxxxxxxxxxxxxxx26072203511600013E01071EA00F02FA4E
8527,4000,260722035301,xxxxxxxxxxxxxxxxxxxxxxxxxxxxxxxx26072203530100013E01071EA00F02FA4E
8528,4000,260722035446,xxxxxxxxxxxxxxxxxxxxxxxxxxxxxxxx26072203544600013E01071EA00F03FA8A
8529,4000,260722035631,xxxxxxxxxxxxxxxxxxxxxxxxxxxxxxxx26072203563100013E01071EA00F03FA8A
8530,4000,260722035816,xxxxxxxxxxxxxxxxxxxxxxxxxxxxxxxx26072203581600013E01071EA00F03FA8A
8531,4000,260722040001,xxxxxxxxxxxxxxxxxxxxxxxxxxxxxxxx26072204000100013E01071EA00F04FAE4
8532,4000,260722040146,xxxxxxxxxxxxxxxxxxxxxxxxxxxxxxxx26072204014600013E01071EA00F04FAE4
8533,4000,260722040331,xxxxxxxxxxxxxxxxxxxxxxxxxxxxxxxx26072204033100013E01071EA00F04FAE4
8534,4000,260722040516,xxxxxxxxxxxxxxxxxxxxxxxxxxxxxxxx26072204051600013E01071EA00F04FAE4
8535,4000,260722040701,xxxxxxxxxxxxxxxxxxxxxxxxxxxxxxxx26072204070100013E01071EA00F05FA20
8536,4000,260722040846,xxxxxxxxxxxxxxxxxxxxxxxxxxxxxxxx26072204084600013E01071EA00F06FA75
8537,4000,260722041031,xxxxxxxxxxxxxxxxxxxxxxxxxxxxxxxx26072204103100013E01071EA00F05FA20
8538,4000,260722041216,xxxxxxxxxxxxxxxxxxxxxxxxxxxxxxxx26072204121600013E01071EA00F05FA20
8539,4000,260722041401,xxxxxxxxxxxxxxxxxxxxxxxxxxxxxxxx26072204140100013E01071EA00F06FA75
8540,4000,260722041546,xxxxxxxxxxxxxxxxxxxxxxxxxxxxxxxx26072204154600013E01071EA00F05FA20
8541,4000,260722041732,xxxxxxxxxxxxxxxxxxxxxxxxxxxxxxxx26072204173200013E01071EA00F06FA75
8542,4000,260722041917,xxxxxxxxxxxxxxxxxxxxxxxxxxxxxxxx26072204191700013E01071EA00F06FA75
8543,4000,260722042102,xxxxxxxxxxxxxxxxxxxxxxxxxxxxxxxx26072204210200013E01071EA00F06FA75
8544,4000,260722042247,xxxxxxxxxxxxxxxxxxxxxxxxxxxxxxxx26072204224700013E01071EA00F06FA75
8545,4000,260722042432,xxxxxxxxxxxxxxxxxxxxxxxxxxxxxxxx26072204243200013E01071EA00F06FA75
8546,4000,260722042617,xxxxxxxxxxxxxxxxxxxxxxxxxxxxxxxx26072204261700013E01071EA00F07FAB1
8547,4000,260722042802,xxxxxxxxxxxxxxxxxxxxxxxxxxxxxxxx26072204280200013E01071EA00F08FAA9
8548,4000,260722042947,xxxxxxxxxxxxxxxxxxxxxxxxxxxxxxxx26072204294700013E01071EA00F08FAA9
8549,4000,260722043132,xxxxxxxxxxxxxxxxxxxxxxxxxxxxxxxx26072204313200013E01071EA00F08FAA9
8550,4000,260722043317,xxxxxxxxxxxxxxxxxxxxxxxxxxxxxxxx26072204331700013E01071EA00F09FA6D
8551,4000,260722043502,xxxxxxxxxxxxxxxxxxxxxxxxxxxxxxxx26072204350200013E01071EA00F09FA6D
8552,4000,260722043647,xxxxxxxxxxxxxxxxxxxxxxxxxxxxxxxx26072204364700013E01071EA00F0AFA38
8553,4000,260722043832,xxxxxxxxxxxxxxxxxxxxxxxxxxxxxxxx26072204383200013E01071EA00F0AFA38
8554,4000,260722044017,xxxxxxxxxxxxxxxxxxxxxxxxxxxxxxxx26072204401700013E01071EA00F0AFA38
8555,4000,260722044202,xxxxxxxxxxxxxxxxxxxxxxxxxxxxxxxx26072204420200013E01071DA00F0AFA76
8556,4000,260722044347,xxxxxxxxxxxxxxxxxxxxxxxxxxxxxxxx26072204434700013E01071DA00F0AFA76
8557,4000,260722044532,xxxxxxxxxxxxxxxxxxxxxxxxxxxxxxxx26072204453200013E01071DA00F0BFAB2
8558,4000,260722044717,xxxxxxxxxxxxxxxxxxxxxxxxxxxxxxxx26072204471700013E01071DA00F0BFAB2
8559,4000,260722044902,xxxxxxxxxxxxxxxxxxxxxxxxxxxxxxxx26072204490200013E01071DA00F0BFAB2
8560,4000,260722045047,xxxxxxxxxxxxxxxxxxxxxxxxxxxxxxxx26072204504700013E01071DA00F0CFADC
8561,4000,260722045232,xxxxxxxxxxxxxxxxxxxxxxxxxxxxxxxx26072204523200013E01071EA00F0CFA92
8562,4000,260722045417,xxxxxxxxxxxxxxxxxxxxxxxxxxxxxxxx26072204541700013E01071DA00F0CFADC
8563,4000,260722045602,xxxxxxxxxxxxxxxxxxxxxxxxxxxxxxxx26072204560200013E01071EA00F0CFA92
8564,4000,260722045747,xxxxxxxxxxxxxxxxxxxxxxxxxxxxxxxx26072204574700013E01071EA00F0CFA92
8565,4000,260722045932,xxxxxxxxxxxxxxxxxxxxxxxxxxxxxxxx26072204593200013E01071DA00F0CFADC
8566,4000,260722050117,xxxxxxxxxxxxxxxxxxxxxxxxxxxxxxxx26072205011700013E01071EA00F0CFA92
8567,4000,260722050302,xxxxxxxxxxxxxxxxxxxxxxxxxxxxxxxx26072205030200013E01071EA00F0DFA56
8568,4000,260722050447,xxxxxxxxxxxxxxxxxxxxxxxxxxxxxxxx26072205044700013E01071DA00F0DFA18
8569,4000,260722050632,xxxxxxxxxxxxxxxxxxxxxxxxxxxxxxxx26072205063200013E01071DA00F0DFA18
8570,4000,260722050817,xxxxxxxxxxxxxxxxxxxxxxxxxxxxxxxx26072205081700013E01071DA00F0DFA18
8571,4000,260722051002,xxxxxxxxxxxxxxxxxxxxxxxxxxxxxxxx26072205100200013E01071DA00F0EFA4D
8572,4000,260722051147,xxxxxxxxxxxxxxxxxxxxxxxxxxxxxxxx26072205114700013E01071DA00F0EFA4D
8573,4000,260722051332,xxxxxxxxxxxxxxxxxxxxxxxxxxxxxxxx26072205133200013E01071DA00F0EFA4D
8574,4000,260722051517,xxxxxxxxxxxxxxxxxxxxxxxxxxxxxxxx26072205151700013E01071DA00F0FFA89
8575,4000,260722051702,xxxxxxxxxxxxxxxxxxxxxxxxxxxxxxxx26072205170200013E01071DA00F0FFA89
8576,4001,260722051847,xxxxxxxxxxxxxxxxxxxxxxxxxxxxxxxx26072205184700013E01071DA10F10FAF2
8577,4001,260722052032,xxxxxxxxxxxxxxxxxxxxxxxxxxxxxxxx26072205203200013E01071DA10F10FAF2
8578,4001,260722052217,xxxxxxxxxxxxxxxxxxxxxxxxxxxxxxxx26072205221700013E01071DA10F10FAF2
8579,4001,260722052402,xxxxxxxxxxxxxxxxxxxxxxxxxxxxxxxx26072205240200013E01071DA10F11FA36
8580,4001,260722052547,xxxxxxxxxxxxxxxxxxxxxxxxxxxxxxxx26072205254700013E01071DA10F11FA36
8581,4001,260722052732,xxxxxxxxxxxxxxxxxxxxxxxxxxxxxxxx26072205273200013E01071DA10F11FA36
8582,4001,260722052917,xxxxxxxxxxxxxxxxxxxxxxxxxxxxxxxx26072205291700013E01071DA10F12FA63
8583,4001,260722053102,xxxxxxxxxxxxxxxxxxxxxxxxxxxxxxxx26072205310200013E01071DA10F12FA63
8584,4001,260722053247,xxxxxxxxxxxxxxxxxxxxxxxxxxxxxxxx26072205324700013E01071DA10F12FA63
8585,4001,260722053432,xxxxxxxxxxxxxxxxxxxxxxxxxxxxxxxx26072205343200013E01071DA10F12FA63
8586,4001,260722053617,xxxxxxxxxxxxxxxxxxxxxxxxxxxxxxxx26072205361700013E01071DA10F12FA63
8587,4001,260722053802,xxxxxxxxxxxxxxxxxxxxxxxxxxxxxxxx26072205380200013E01071DA10F12FA63
8588,4001,260722053947,xxxxxxxxxxxxxxxxxxxxxxxxxxxxxxxx26072205394700013E01071DA10F13FAA7
8589,4001,260722054132,xxxxxxxxxxxxxxxxxxxxxxxxxxxxxxxx26072205413200013E01071DA10F13FAA7
8590,4001,260722054317,xxxxxxxxxxxxxxxxxxxxxxxxxxxxxxxx26072205431700013E01071DA10F13FAA7
8591,4001,260722054502,xxxxxxxxxxxxxxxxxxxxxxxxxxxxxxxx26072205450200013E01071DA10F13FAA7
8592,4001,260722054647,xxxxxxxxxxxxxxxxxxxxxxxxxxxxxxxx26072205464700013E01071DA10F14FAC9
8593,4001,260722054832,xxxxxxxxxxxxxxxxxxxxxxxxxxxxxxxx26072205483200013E01071DA10F14FAC9
8594,4001,260722055017,xxxxxxxxxxxxxxxxxxxxxxxxxxxxxxxx26072205501700013E01071DA10F14FAC9
8595,4001,260722055202,xxxxxxxxxxxxxxxxxxxxxxxxxxxxxxxx26072205520200013E01071DA10F14FAC9
8596,4001,260722055347,xxxxxxxxxxxxxxxxxxxxxxxxxxxxxxxx26072205534700013E01071DA10F14FAC9
8597,4001,260722055532,xxxxxxxxxxxxxxxxxxxxxxxxxxxxxxxx26072205553200013E01071DA10F15FA0D
8598,4001,260722055717,xxxxxxxxxxxxxxxxxxxxxxxxxxxxxxxx26072205571700013E01071DA10F15FA0D
8599,4001,260722055902,xxxxxxxxxxxxxxxxxxxxxxxxxxxxxxxx26072205590200013E01071DA10F15FA0D
8600,4001,260722060047,xxxxxxxxxxxxxxxxxxxxxxxxxxxxxxxx26072206004700013E01071DA10F16FA58
8601,4001,260722060232,xxxxxxxxxxxxxxxxxxxxxxxxxxxxxxxx26072206023200013E01071DA10F16FA58
8602,4001,260722060417,xxxxxxxxxxxxxxxxxxxxxxxxxxxxxxxx26072206041700013E01071DA10F16FA58
8603,4001,260722060602,xxxxxxxxxxxxxxxxxxxxxxxxxxxxxxxx26072206060200013E01071DA10F16FA58
8604,4001,260722060747,xxxxxxxxxxxxxxxxxxxxxxxxxxxxxxxx26072206074700013E01071DA10F16FA58
8605,4001,260722060932,xxxxxxxxxxxxxxxxxxxxxxxxxxxxxxxx26072206093200013E01071DA10F17FA9C
8606,4001,260722061117,xxxxxxxxxxxxxxxxxxxxxxxxxxxxxxxx26072206111700013E01071DA10F17FA9C
8607,4001,260722061302,xxxxxxxxxxxxxxxxxxxxxxxxxxxxxxxx26072206130200013E01071DA10F17FA9C
8608,4001,260722061447,xxxxxxxxxxxxxxxxxxxxxxxxxxxxxxxx26072206144700013E01071DA10F17FA9C
8609,4001,260722061632,xxxxxxxxxxxxxxxxxxxxxxxxxxxxxxxx26072206163200013E01071DA10F18FA84
8610,4001,260722061817,xxxxxxxxxxxxxxxxxxxxxxxxxxxxxxxx26072206181700013E01071DA10F18FA84
8611,4001,260722062002,xxxxxxxxxxxxxxxxxxxxxxxxxxxxxxxx26072206200200013E01071DA10F18FA84
8612,4001,260722062147,xxxxxxxxxxxxxxxxxxxxxxxxxxxxxxxx26072206214700013E01071DA10F18FA84
8613,4001,260722062332,xxxxxxxxxxxxxxxxxxxxxxxxxxxxxxxx26072206233200013E01071DA10F18FA84
8614,4001,260722062517,xxxxxxxxxxxxxxxxxxxxxxxxxxxxxxxx26072206251700013E01071DA10F19FA40
8615,4001,260722062702,xxxxxxxxxxxxxxxxxxxxxxxxxxxxxxxx26072206270200013E01071DA10F19FA40
8616,4001,260722062847,xxxxxxxxxxxxxxxxxxxxxxxxxxxxxxxx26072206284700013E01071DA10F19FA40
8617,4001,260722063032,xxxxxxxxxxxxxxxxxxxxxxxxxxxxxxxx26072206303200013E01071DA10F19FA40
8618,4001,260722063217,xxxxxxxxxxxxxxxxxxxxxxxxxxxxxxxx26072206321700013E01071DA10F19FA40
8619,4001,260722063402,xxxxxxxxxxxxxxxxxxxxxxxxxxxxxxxx26072206340200013E01071DA10F19FA40
8620,4001,260722063547,xxxxxxxxxxxxxxxxxxxxxxxxxxxxxxxx26072206354700013E01071DA10F1AFA15
8621,4001,260722063732,xxxxxxxxxxxxxxxxxxxxxxxxxxxxxxxx26072206373200013E01071DA10F1AFA15
8622,4001,260722063917,xxxxxxxxxxxxxxxxxxxxxxxxxxxxxxxx26072206391700013E01071DA10F1AFA15
8623,4001,260722064102,xxxxxxxxxxxxxxxxxxxxxxxxxxxxxxxx26072206410200013E01071DA10F1AFA15
8624,4001,260722064247,xxxxxxxxxxxxxxxxxxxxxxxxxxxxxxxx26072206424700013E01071DA10F1BFAD1
8625,4001,260722064432,xxxxxxxxxxxxxxxxxxxxxxxxxxxxxxxx26072206443200013E01071DA10F1BFAD1
8626,4001,260722064617,xxxxxxxxxxxxxxxxxxxxxxxxxxxxxxxx26072206461700013E01071DA10F1BFAD1
8627,4001,260722064802,xxxxxxxxxxxxxxxxxxxxxxxxxxxxxxxx26072206480200013E01071DA10F1BFAD1
8628,4001,260722064947,xxxxxxxxxxxxxxxxxxxxxxxxxxxxxxxx26072206494700013E01071DA10F1BFAD1
8629,4001,260722065132,xxxxxxxxxxxxxxxxxxxxxxxxxxxxxxxx26072206513200013E01071DA10F1BFAD1
8630,4001,260722065317,xxxxxxxxxxxxxxxxxxxxxxxxxxxxxxxx26072206531700013E01071DA10F1BFAD1
8631,4001,260722065502,xxxxxxxxxxxxxxxxxxxxxxxxxxxxxxxx26072206550200013E01071DA10F1BFAD1
8632,4001,260722065647,xxxxxxxxxxxxxxxxxxxxxxxxxxxxxxxx26072206564700013E01071DA10F1CFABF
8633,4001,260722065832,xxxxxxxxxxxxxxxxxxxxxxxxxxxxxxxx26072206583200013E01071DA10F1CFABF
8634,4001,260722070017,xxxxxxxxxxxxxxxxxxxxxxxxxxxxxxxx26072207001700013E01071DA10F1DFA7B
8635,4001,260722070202,xxxxxxxxxxxxxxxxxxxxxxxxxxxxxxxx26072207020200013E01071DA10F1CFABF
8636,4001,260722070347,xxxxxxxxxxxxxxxxxxxxxxxxxxxxxxxx26072207034700013E01071DA10F1DFA7B
8637,4001,260722070532,xxxxxxxxxxxxxxxxxxxxxxxxxxxxxxxx26072207053200013E01071DA10F1DFA7B
8638,4001,260722070718,xxxxxxxxxxxxxxxxxxxxxxxxxxxxxxxx26072207071800013E01071DA10F1DFA7B
8639,4001,260722070903,xxxxxxxxxxxxxxxxxxxxxxxxxxxxxxxx26072207090300013E01071DA10F1DFA7B
8640,4001,260722071048,xxxxxxxxxxxxxxxxxxxxxxxxxxxxxxxx26072207104800013E01071DA10F1DFA7B
8641,4001,260722071233,xxxxxxxxxxxxxxxxxxxxxxxxxxxxxxxx26072207123300013E01071DA10F1DFA7B
8642,4001,260722071418,xxxxxxxxxxxxxxxxxxxxxxxxxxxxxxxx26072207141800013E01071DA10F1EFA2E
8643,4001,260722071603,xxxxxxxxxxxxxxxxxxxxxxxxxxxxxxxx26072207160300013E01071DA10F1DFA7B
8644,4001,260722071748,xxxxxxxxxxxxxxxxxxxxxxxxxxxxxxxx26072207174800013E01071DA10F1DFA7B
8645,4001,260722071933,xxxxxxxxxxxxxxxxxxxxxxxxxxxxxxxx26072207193300013E01071DA10F1DFA7B
8646,4001,260722072118,xxxxxxxxxxxxxxxxxxxxxxxxxxxxxxxx26072207211800013E01071DA10F1DFA7B
8647,4001,260722072303,xxxxxxxxxxxxxxxxxxxxxxxxxxxxxxxx26072207230300013E01071DA10F1EFA2E
8648,4001,260722072448,xxxxxxxxxxxxxxxxxxxxxxxxxxxxxxxx26072207244800013E01071DA10F1EFA2E
8649,4001,260722072633,xxxxxxxxxxxxxxxxxxxxxxxxxxxxxxxx26072207263300013E01071DA10F1EFA2E
8650,4001,260722072818,xxxxxxxxxxxxxxxxxxxxxxxxxxxxxxxx26072207281800013E01071DA10F1FFAEA
8651,4001,260722073003,xxxxxxxxxxxxxxxxxxxxxxxxxxxxxxxx26072207300300013E01071DA10F1FFAEA
8652,4001,260722073148,xxxxxxxxxxxxxxxxxxxxxxxxxxxxxxxx26072207314800013E01071DA10F1FFAEA
8653,4001,260722073333,xxxxxxxxxxxxxxxxxxxxxxxxxxxxxxxx26072207333300013E01071DA10F1FFAEA
8654,4001,260722073518,xxxxxxxxxxxxxxxxxxxxxxxxxxxxxxxx26072207351800013E01071DA10F1FFAEA
8655,4001,260722073703,xxxxxxxxxxxxxxxxxxxxxxxxxxxxxxxx26072207370300013E01071DA10F1FFAEA
8656,4001,260722073848,xxxxxxxxxxxxxxxxxxxxxxxxxxxxxxxx26072207384800013E01071DA10F1FFAEA
8657,4002,260722074033,xxxxxxxxxxxxxxxxxxxxxxxxxxxxxxxx26072207403300013E01071DA20F20FA57
8658,4002,260722074218,xxxxxxxxxxxxxxxxxxxxxxxxxxxxxxxx26072207421800013E01071DA20F20FA57
8659,4002,260722074403,xxxxxxxxxxxxxxxxxxxxxxxxxxxxxxxx26072207440300013E01071DA20F20FA57
8660,4001,260722074548,xxxxxxxxxxxxxxxxxxxxxxxxxxxxxxxx26072207454800013E01071DA10F1FFAEA
8661,4002,260722074733,xxxxxxxxxxxxxxxxxxxxxxxxxxxxxxxx26072207473300013E01071DA20F20FA57
8662,4002,260722074918,xxxxxxxxxxxxxxxxxxxxxxxxxxxxxxxx26072207491800013E01071DA20F20FA57
8663,4002,260722075103,xxxxxxxxxxxxxxxxxxxxxxxxxxxxxxxx26072207510300013E01071DA20F20FA57
8664,4002,260722075248,xxxxxxxxxxxxxxxxxxxxxxxxxxxxxxxx26072207524800013E01071DA20F20FA57
8665,4002,260722075433,xxxxxxxxxxxxxxxxxxxxxxxxxxxxxxxx26072207543300013E01071DA20F20FA57
8666,4002,260722075618,xxxxxxxxxxxxxxxxxxxxxxxxxxxxxxxx26072207561800013E01071DA20F20FA57
8667,4002,260722075803,xxxxxxxxxxxxxxxxxxxxxxxxxxxxxxxx26072207580300013E01071DA20F20FA57
8668,4002,260722075948,xxxxxxxxxxxxxxxxxxxxxxxxxxxxxxxx26072207594800013E01071DA20F21FA93
8669,4002,260722080133,xxxxxxxxxxxxxxxxxxxxxxxxxxxxxxxx26072208013300013E01071DA20F21FA93
8670,4002,260722080318,xxxxxxxxxxxxxxxxxxxxxxxxxxxxxxxx26072208031800013E01071DA20F21FA93
8671,4002,260722080503,xxxxxxxxxxxxxxxxxxxxxxxxxxxxxxxx26072208050300013E01071DA20F20FA57
8672,4002,260722080648,xxxxxxxxxxxxxxxxxxxxxxxxxxxxxxxx26072208064800013E01071DA20F21FA93
8673,4002,260722080833,xxxxxxxxxxxxxxxxxxxxxxxxxxxxxxxx26072208083300013E01071DA20F21FA93
8674,4002,260722081018,xxxxxxxxxxxxxxxxxxxxxxxxxxxxxxxx26072208101800013E01071DA20F21FA93
8675,4002,260722081203,xxxxxxxxxxxxxxxxxxxxxxxxxxxxxxxx26072208120300013E01071DA20F21FA93
8676,4002,260722081348,xxxxxxxxxxxxxxxxxxxxxxxxxxxxxxxx26072208134800013E01071DA20F22FAC6
8677,4002,260722081533,xxxxxxxxxxxxxxxxxxxxxxxxxxxxxxxx26072208153300013E01071DA20F22FAC6
8678,4002,260722081718,xxxxxxxxxxxxxxxxxxxxxxxxxxxxxxxx26072208171800013E01071DA20F22FAC6
8679,4002,260722081903,xxxxxxxxxxxxxxxxxxxxxxxxxxxxxxxx26072208190300013E01071DA20F22FAC6
8680,4002,260722082048,xxxxxxxxxxxxxxxxxxxxxxxxxxxxxxxx26072208204800013E01071DA20F22FAC6
8681,4002,260722082233,xxxxxxxxxxxxxxxxxxxxxxxxxxxxxxxx26072208223300013E01071DA20F22FAC6
8682,4002,260722082418,xxxxxxxxxxxxxxxxxxxxxxxxxxxxxxxx26072208241800013E01071DA20F23FA02
8683,4002,260722082603,xxxxxxxxxxxxxxxxxxxxxxxxxxxxxxxx26072208260300013E01071DA20F22FAC6
8684,4002,260722082748,xxxxxxxxxxxxxxxxxxxxxxxxxxxxxxxx26072208274800013E01071DA20F22FAC6
8685,4002,260722082933,xxxxxxxxxxxxxxxxxxxxxxxxxxxxxxxx26072208293300013E01071DA20F23FA02
8686,4002,260722083118,xxxxxxxxxxxxxxxxxxxxxxxxxxxxxxxx26072208311800013E01071DA20F23FA02
8687,4002,260722083303,xxxxxxxxxxxxxxxxxxxxxxxxxxxxxxxx26072208330300013E01071DA20F23FA02
8688,4002,260722083448,xxxxxxxxxxxxxxxxxxxxxxxxxxxxxxxx26072208344800013E01071DA20F23FA02
8689,4002,260722083633,xxxxxxxxxxxxxxxxxxxxxxxxxxxxxxxx26072208363300013E01071DA20F23FA02
8690,4002,260722083818,xxxxxxxxxxxxxxxxxxxxxxxxxxxxxxxx26072208381800013E01071DA20F23FA02
8691,4002,260722084003,xxxxxxxxxxxxxxxxxxxxxxxxxxxxxxxx26072208400300013E01071DA20F23FA02
8692,4002,260722084148,xxxxxxxxxxxxxxxxxxxxxxxxxxxxxxxx26072208414800013E01071DA20F23FA02
8693,4002,260722084333,xxxxxxxxxxxxxxxxxxxxxxxxxxxxxxxx26072208433300013E01071DA20F24FA6C
8694,4002,260722084518,xxxxxxxxxxxxxxxxxxxxxxxxxxxxxxxx26072208451800013E01071DA20F23FA02
8695,4002,260722084703,xxxxxxxxxxxxxxxxxxxxxxxxxxxxxxxx26072208470300013E01071DA20F23FA02
8696,4002,260722084848,xxxxxxxxxxxxxxxxxxxxxxxxxxxxxxxx26072208484800013E01071DA20F24FA6C
8697,4002,260722085033,xxxxxxxxxxxxxxxxxxxxxxxxxxxxxxxx26072208503300013E01071DA20F24FA6C
8698,4002,260722085218,xxxxxxxxxxxxxxxxxxxxxxxxxxxxxxxx26072208521800013E01071CA20F24FAA1
8699,4002,260722085403,xxxxxxxxxxxxxxxxxxxxxxxxxxxxxxxx26072208540300013E01071DA20F24FA6C
8700,4002,260722085548,xxxxxxxxxxxxxxxxxxxxxxxxxxxxxxxx26072208554800013E01071DA20F24FA6C
8701,4002,260722085733,xxxxxxxxxxxxxxxxxxxxxxxxxxxxxxxx26072208573300013E01071DA20F24FA6C
8702,4002,260722085918,xxxxxxxxxxxxxxxxxxxxxxxxxxxxxxxx26072208591800013E01071CA20F25FA65
8703,4002,260722090103,xxxxxxxxxxxxxxxxxxxxxxxxxxxxxxxx26072209010300013E01071CA20F25FA65
8704,4002,260722090248,xxxxxxxxxxxxxxxxxxxxxxxxxxxxxxxx26072209024800013E01071CA20F25FA65
8705,4002,260722090433,xxxxxxxxxxxxxxxxxxxxxxxxxxxxxxxx26072209043300013E01071CA20F24FAA1
8706,4002,260722090618,xxxxxxxxxxxxxxxxxxxxxxxxxxxxxxxx26072209061800013E01071CA20F25FA65
8707,4002,260722090803,xxxxxxxxxxxxxxxxxxxxxxxxxxxxxxxx26072209080300013E01071CA20F25FA65
8708,4002,260722090948,xxxxxxxxxxxxxxxxxxxxxxxxxxxxxxxx26072209094800013E01071CA20F25FA65
8709,4002,260722091133,xxxxxxxxxxxxxxxxxxxxxxxxxxxxxxxx26072209113300013E01071CA20F25FA65
8710,4002,260722091318,xxxxxxxxxxxxxxxxxxxxxxxxxxxxxxxx26072209131800013E01071CA20F26FA30
8711,4002,260722091503,xxxxxxxxxxxxxxxxxxxxxxxxxxxxxxxx26072209150300013E01071CA20F26FA30
8712,4002,260722091648,xxxxxxxxxxxxxxxxxxxxxxxxxxxxxxxx26072209164800013E01071CA20F26FA30
8713,4002,260722091833,xxxxxxxxxxxxxxxxxxxxxxxxxxxxxxxx26072209183300013E01071CA20F26FA30
8714,4002,260722092018,xxxxxxxxxxxxxxxxxxxxxxxxxxxxxxxx26072209201800013E01071CA20F26FA30
8715,4002,260722092203,xxxxxxxxxxxxxxxxxxxxxxxxxxxxxxxx26072209220300013E01071CA20F27FAF4
8716,4002,260722092348,xxxxxxxxxxxxxxxxxxxxxxxxxxxxxxxx26072209234800013E01071CA20F27FAF4
8717,4002,260722092533,xxxxxxxxxxxxxxxxxxxxxxxxxxxxxxxx26072209253300013E01071CA20F27FAF4
8718,4002,260722092718,xxxxxxxxxxxxxxxxxxxxxxxxxxxxxxxx26072209271800013E01071CA20F27FAF4
8719,4002,260722092903,xxxxxxxxxxxxxxxxxxxxxxxxxxxxxxxx26072209290300013E01071CA20F27FAF4
8720,4002,260722093048,xxxxxxxxxxxxxxxxxxxxxxxxxxxxxxxx26072209304800013E01071CA20F28FAEC
8721,4002,260722093233,xxxxxxxxxxxxxxxxxxxxxxxxxxxxxxxx26072209323300013E01071CA20F28FAEC
8722,4002,260722093418,xxxxxxxxxxxxxxxxxxxxxxxxxxxxxxxx26072209341800013E01071CA20F28FAEC
8723,4002,260722093603,xxxxxxxxxxxxxxxxxxxxxxxxxxxxxxxx26072209360300013E01071CA20F28FAEC
8724,4002,260722093748,xxxxxxxxxxxxxxxxxxxxxxxxxxxxxxxx26072209374800013E01071CA20F28FAEC
8725,4002,260722093933,xxxxxxxxxxxxxxxxxxxxxxxxxxxxxxxx26072209393300013E01071CA20F29FA28
8726,4002,260722094118,xxxxxxxxxxxxxxxxxxxxxxxxxxxxxxxx26072209411800013E01071CA20F29FA28
8727,4002,260722094303,xxxxxxxxxxxxxxxxxxxxxxxxxxxxxxxx26072209430300013E01071CA20F29FA28
8728,4002,260722094448,xxxxxxxxxxxxxxxxxxxxxxxxxxxxxxxx26072209444800013E01071CA20F2AFA7D
8729,4002,260722094633,xxxxxxxxxxxxxxxxxxxxxxxxxxxxxxxx26072209463300013E01071CA20F2AFA7D
8730,4002,260722094818,xxxxxxxxxxxxxxxxxxxxxxxxxxxxxxxx26072209481800013E01071CA20F2AFA7D
8731,4002,260722095003,xxxxxxxxxxxxxxxxxxxxxxxxxxxxxxxx26072209500300013E01071CA20F2AFA7D
8732,4002,260722095148,xxxxxxxxxxxxxxxxxxxxxxxxxxxxxxxx26072209514800013E01071CA20F2BFAB9
8733,4002,260722095333,xxxxxxxxxxxxxxxxxxxxxxxxxxxxxxxx26072209533300013E01071CA20F2BFAB9
8734,4002,260722095518,xxxxxxxxxxxxxxxxxxxxxxxxxxxxxxxx26072209551800013E01071CA20F2BFAB9
8735,4002,260722095703,xxxxxxxxxxxxxxxxxxxxxxxxxxxxxxxx26072209570300013E01071CA20F2BFAB9
8736,4002,260722095849,xxxxxxxxxxxxxxxxxxxxxxxxxxxxxxxx26072209584900013E01071CA20F2CFAD7
8737,4002,260722100034,xxxxxxxxxxxxxxxxxxxxxxxxxxxxxxxx26072210003400013E01071CA20F2CFAD7
8738,4002,260722100219,xxxxxxxxxxxxxxxxxxxxxxxxxxxxxxxx26072210021900013E01071CA20F2CFAD7
8739,4002,260722100404,xxxxxxxxxxxxxxxxxxxxxxxxxxxxxxxx26072210040400013E01071CA20F2CFAD7
8740,4002,260722100549,xxxxxxxxxxxxxxxxxxxxxxxxxxxxxxxx26072210054900013E01071CA20F2CFAD7
8741,4002,260722100734,xxxxxxxxxxxxxxxxxxxxxxxxxxxxxxxx26072210073400013E01071CA20F2CFAD7
8742,4002,260722100919,xxxxxxxxxxxxxxxxxxxxxxxxxxxxxxxx26072210091900013E01071CA20F2CFAD7
8743,4002,260722101104,xxxxxxxxxxxxxxxxxxxxxxxxxxxxxxxx26072210110400013E01071CA20F2CFAD7
8744,4002,260722101249,xxxxxxxxxxxxxxxxxxxxxxxxxxxxxxxx26072210124900013E01071CA20F2CFAD7
8745,4002,260722101434,xxxxxxxxxxxxxxxxxxxxxxxxxxxxxxxx26072210143400013E01071CA20F2DFA13
8746,4002,260722101619,xxxxxxxxxxxxxxxxxxxxxxxxxxxxxxxx26072210161900013E01071CA20F2CFAD7
8747,4002,260722101804,xxxxxxxxxxxxxxxxxxxxxxxxxxxxxxxx26072210180400013E01071CA20F2CFAD7
8748,4002,260722101949,xxxxxxxxxxxxxxxxxxxxxxxxxxxxxxxx26072210194900013E01071CA20F2DFA13
8749,4002,260722102134,xxxxxxxxxxxxxxxxxxxxxxxxxxxxxxxx26072210213400013E01071CA20F2DFA13
8750,4002,260722102319,xxxxxxxxxxxxxxxxxxxxxxxxxxxxxxxx26072210231900013E01071CA20F2DFA13
8751,4002,260722102504,xxxxxxxxxxxxxxxxxxxxxxxxxxxxxxxx26072210250400013E01071CA20F2DFA13
8752,4002,260722102649,xxxxxxxxxxxxxxxxxxxxxxxxxxxxxxxx26072210264900013E01071CA20F2DFA13
8753,4002,260722102834,xxxxxxxxxxxxxxxxxxxxxxxxxxxxxxxx26072210283400013E01071CA20F2EFA46
8754,4002,260722103019,xxxxxxxxxxxxxxxxxxxxxxxxxxxxxxxx26072210301900013E01071CA20F2DFA13
8755,4002,260722103204,xxxxxxxxxxxxxxxxxxxxxxxxxxxxxxxx26072210320400013E01071CA20F2EFA46
8756,4002,260722103349,xxxxxxxxxxxxxxxxxxxxxxxxxxxxxxxx26072210334900013E01071CA20F2DFA13
8757,4002,260722103534,xxxxxxxxxxxxxxxxxxxxxxxxxxxxxxxx26072210353400013E01071CA20F2DFA13
8758,4002,260722103719,xxxxxxxxxxxxxxxxxxxxxxxxxxxxxxxx26072210371900013E01071CA20F2EFA46
8759,4002,260722103904,xxxxxxxxxxxxxxxxxxxxxxxxxxxxxxxx26072210390400013E01071CA20F2EFA46
8760,4002,260722104049,xxxxxxxxxxxxxxxxxxxxxxxxxxxxxxxx26072210404900013E01071CA20F2EFA46
8761,4002,260722104234,xxxxxxxxxxxxxxxxxxxxxxxxxxxxxxxx26072210423400013E01071CA20F2EFA46
8762,4002,260722104419,xxxxxxxxxxxxxxxxxxxxxxxxxxxxxxxx26072210441900013E01071CA20F2EFA46
8763,4002,260722104604,xxxxxxxxxxxxxxxxxxxxxxxxxxxxxxxx26072210460400013E01071CA20F2EFA46
8764,4002,260722104749,xxxxxxxxxxxxxxxxxxxxxxxxxxxxxxxx26072210474900013E01071CA20F2EFA46
8765,4002,260722104934,xxxxxxxxxxxxxxxxxxxxxxxxxxxxxxxx26072210493400013E01071CA20F2FFA82
8766,4002,260722105119,xxxxxxxxxxxxxxxxxxxxxxxxxxxxxxxx26072210511900013E01071CA20F2FFA82
8767,4002,260722105304,xxxxxxxxxxxxxxxxxxxxxxxxxxxxxxxx26072210530400013E01071CA20F2FFA82
8768,4002,260722105449,xxxxxxxxxxxxxxxxxxxxxxxxxxxxxxxx26072210544900013E01071CA20F2FFA82
8769,4002,260722105634,xxxxxxxxxxxxxxxxxxxxxxxxxxxxxxxx26072210563400013E01071CA20F2FFA82
8770,4002,260722105819,xxxxxxxxxxxxxxxxxxxxxxxxxxxxxxxx26072210581900013E01071CA20F2EFA46
8771,4002,260722110004,xxxxxxxxxxxxxxxxxxxxxxxxxxxxxxxx26072211000400013E01071CA20F2FFA82
8772,4002,260722110149,xxxxxxxxxxxxxxxxxxxxxxxxxxxxxxxx26072211014900013E01071CA20F2FFA82
8773,4002,260722110334,xxxxxxxxxxxxxxxxxxxxxxxxxxxxxxxx26072211033400013E01071CA20F2FFA82
8774,4002,260722110519,xxxxxxxxxxxxxxxxxxxxxxxxxxxxxxxx26072211051900013E01071CA20F2FFA82
8775,4003,260722110704,xxxxxxxxxxxxxxxxxxxxxxxxxxxxxxxx26072211070400013E01071CA30F30FAF9
8776,4002,260722110849,xxxxxxxxxxxxxxxxxxxxxxxxxxxxxxxx26072211084900013E01071CA20F2FFA82
8777,4002,260722111034,xxxxxxxxxxxxxxxxxxxxxxxxxxxxxxxx26072211103400013E01071CA20F2FFA82
8778,4002,260722111219,xxxxxxxxxxxxxxxxxxxxxxxxxxxxxxxx26072211121900013E01071CA20F2FFA82
8779,4002,260722111404,xxxxxxxxxxxxxxxxxxxxxxxxxxxxxxxx26072211140400013E01071CA20F2FFA82
8780,4002,260722111549,xxxxxxxxxxxxxxxxxxxxxxxxxxxxxxxx26072211154900013E01071CA20F2FFA82
8781,4002,260722111734,xxxxxxxxxxxxxxxxxxxxxxxxxxxxxxxx26072211173400013E01071CA20F2FFA82
8782,4002,260722111919,xxxxxxxxxxxxxxxxxxxxxxxxxxxxxxxx26072211191900013E01071CA20F2FFA82
8783,4002,260722112104,xxxxxxxxxxxxxxxxxxxxxxxxxxxxxxxx26072211210400013E01071CA20F2FFA82
8784,4002,260722112249,xxxxxxxxxxxxxxxxxxxxxxxxxxxxxxxx26072211224900013E01071CA20F2FFA82
8785,4002,260722112434,xxxxxxxxxxxxxxxxxxxxxxxxxxxxxxxx26072211243400013E01071CA20F2FFA82
8786,4002,260722112619,xxxxxxxxxxxxxxxxxxxxxxxxxxxxxxxx26072211261900013E01071CA20F2FFA82
8787,4002,260722112804,xxxxxxxxxxxxxxxxxxxxxxxxxxxxxxxx26072211280400013E01071CA20F2EFA46
8788,4002,260722112949,xxxxxxxxxxxxxxxxxxxxxxxxxxxxxxxx26072211294900013E01071CA20F2EFA46
8789,4002,260722113134,xxxxxxxxxxxxxxxxxxxxxxxxxxxxxxxx26072211313400013E01071CA20F2EFA46
8790,4002,260722113319,xxxxxxxxxxxxxxxxxxxxxxxxxxxxxxxx26072211331900013E01071CA20F2EFA46
8791,4002,260722113504,xxxxxxxxxxxxxxxxxxxxxxxxxxxxxxxx26072211350400013E01071CA20F2EFA46
8792,4002,260722113649,xxxxxxxxxxxxxxxxxxxxxxxxxxxxxxxx26072211364900013E01071CA20F2EFA46
8793,4002,260722113834,xxxxxxxxxxxxxxxxxxxxxxxxxxxxxxxx26072211383400013E01071CA20F2DFA13
8794,4002,260722114019,xxxxxxxxxxxxxxxxxxxxxxxxxxxxxxxx26072211401900013E01071CA20F2DFA13
8795,4002,260722114204,xxxxxxxxxxxxxxxxxxxxxxxxxxxxxxxx26072211420400013E01071CA20F2DFA13
8796,4002,260722114349,xxxxxxxxxxxxxxxxxxxxxxxxxxxxxxxx26072211434900013E01071CA20F2DFA13
8797,4002,260722114534,xxxxxxxxxxxxxxxxxxxxxxxxxxxxxxxx26072211453400013E01071CA20F2DFA13
8798,4002,260722114719,xxxxxxxxxxxxxxxxxxxxxxxxxxxxxxxx26072211471900013E01071CA20F2DFA13
8799,4002,260722114904,xxxxxxxxxxxxxxxxxxxxxxxxxxxxxxxx26072211490400013E01071CA20F2DFA13
8800,4002,260722115049,xxxxxxxxxxxxxxxxxxxxxxxxxxxxxxxx26072211504900013E01071CA20F2CFAD7
8801,4002,260722115234,xxxxxxxxxxxxxxxxxxxxxxxxxxxxxxxx26072211523400013E01071CA20F2CFAD7
8802,4002,260722115419,xxxxxxxxxxxxxxxxxxxxxxxxxxxxxxxx26072211541900013E01071CA20F2CFAD7
8803,4002,260722115604,xxxxxxxxxxxxxxxxxxxxxxxxxxxxxxxx26072211560400013E01071DA20F2CFA1A
8804,4002,260722115749,xxxxxxxxxxxxxxxxxxxxxxxxxxxxxxxx26072211574900013E01071DA20F2CFA1A
8805,4002,260722115934,xxxxxxxxxxxxxxxxxxxxxxxxxxxxxxxx26072211593400013E01071DA20F2BFA74
8806,4002,260722120119,xxxxxxxxxxxxxxxxxxxxxxxxxxxxxxxx26072212011900013E01071DA20F2BFA74
8807,4002,260722120304,xxxxxxxxxxxxxxxxxxxxxxxxxxxxxxxx26072212030400013E01071DA20F2AFAB0
8808,4002,260722120449,xxxxxxxxxxxxxxxxxxxxxxxxxxxxxxxx26072212044900013E01071DA20F2BFA74
8809,4002,260722120634,xxxxxxxxxxxxxxxxxxxxxxxxxxxxxxxx26072212063400013E01071DA20F2AFAB0
8810,4002,260722120819,xxxxxxxxxxxxxxxxxxxxxxxxxxxxxxxx26072212081900013E01071DA20F2AFAB0
8811,4002,260722121004,xxxxxxxxxxxxxxxxxxxxxxxxxxxxxxxx26072212100400013E01071DA20F29FAE5
8812,4002,260722121149,xxxxxxxxxxxxxxxxxxxxxxxxxxxxxxxx26072212114900013E01071DA20F29FAE5
8813,4002,260722121334,xxxxxxxxxxxxxxxxxxxxxxxxxxxxxxxx26072212133400013E01071DA20F29FAE5
8814,4002,260722121519,xxxxxxxxxxxxxxxxxxxxxxxxxxxxxxxx26072212151900013E01071DA20F28FA21
8815,4002,260722121704,xxxxxxxxxxxxxxxxxxxxxxxxxxxxxxxx26072212170400013E01071DA20F28FA21
8816,4002,260722121849,xxxxxxxxxxxxxxxxxxxxxxxxxxxxxxxx26072212184900013E01071DA20F29FAE5
8817,4002,260722122034,xxxxxxxxxxxxxxxxxxxxxxxxxxxxxxxx26072212203400013E01071DA20F28FA21
8818,4002,260722122219,xxxxxxxxxxxxxxxxxxxxxxxxxxxxxxxx26072212221900013E01071DA20F28FA21
8819,4002,260722122404,xxxxxxxxxxxxxxxxxxxxxxxxxxxxxxxx26072212240400013E01071DA20F27FA39
8820,4002,260722122549,xxxxxxxxxxxxxxxxxxxxxxxxxxxxxxxx26072212254900013E01071DA20F27FA39
8821,4002,260722122734,xxxxxxxxxxxxxxxxxxxxxxxxxxxxxxxx26072212273400013E01071DA20F27FA39
8822,4002,260722122919,xxxxxxxxxxxxxxxxxxxxxxxxxxxxxxxx26072212291900013E01071DA20F27FA39
8823,4002,260722123104,xxxxxxxxxxxxxxxxxxxxxxxxxxxxxxxx26072212310400013E01071DA20F27FA39
8824,4002,260722123249,xxxxxxxxxxxxxxxxxxxxxxxxxxxxxxxx26072212324900013E01071DA20F26FAFD
8825,4002,260722123434,xxxxxxxxxxxxxxxxxxxxxxxxxxxxxxxx26072212343400013E01071DA20F26FAFD
8826,4002,260722123619,xxxxxxxxxxxxxxxxxxxxxxxxxxxxxxxx26072212361900013E01071DA20F26FAFD
8827,4002,260722123804,xxxxxxxxxxxxxxxxxxxxxxxxxxxxxxxx26072212380400013E01071DA20F25FAA8
8828,4002,260722123949,xxxxxxxxxxxxxxxxxxxxxxxxxxxxxxxx26072212394900013E01071DA20F25FAA8
8829,4002,260722124134,xxxxxxxxxxxxxxxxxxxxxxxxxxxxxxxx26072212413400013E01071DA20F25FAA8
8830,4002,260722124319,xxxxxxxxxxxxxxxxxxxxxxxxxxxxxxxx26072212431900013E01071DA20F25FAA8
8831,4002,260722124504,xxxxxxxxxxxxxxxxxxxxxxxxxxxxxxxx26072212450400013E01071DA20F25FAA8
8832,4002,260722124649,xxxxxxxxxxxxxxxxxxxxxxxxxxxxxxxx26072212464900013E01071DA20F24FA6C
8833,4002,260722124835,xxxxxxxxxxxxxxxxxxxxxxxxxxxxxxxx26072212483500013E01071DA20F24FA6C
8834,4002,260722125020,xxxxxxxxxxxxxxxxxxxxxxxxxxxxxxxx26072212502000013E01071DA20F23FA02
8835,4002,260722125205,xxxxxxxxxxxxxxxxxxxxxxxxxxxxxxxx26072212520500013E01071DA20F23FA02
8836,4002,260722125350,xxxxxxxxxxxxxxxxxxxxxxxxxxxxxxxx26072212535000013E01071DA20F23FA02
8837,4002,260722125535,xxxxxxxxxxxxxxxxxxxxxxxxxxxxxxxx26072212553500013E01071DA20F22FAC6
8838,4002,260722125720,xxxxxxxxxxxxxxxxxxxxxxxxxxxxxxxx26072212572000013E01071DA20F22FAC6
8839,4001,260722130007,xxxxxxxxxxxxxxxxxxxxxxxxxxxxxxxx26072213000701013E01071EA10F1CFAF1
8840,4000,260722130152,xxxxxxxxxxxxxxxxxxxxxxxxxxxxxxxx26072213015201013E01071EA00F0DFA56
8841,4000,260722130337,xxxxxxxxxxxxxxxxxxxxxxxxxxxxxxxx26072213033701013E01071EA00F04FAE4
8842,3999,260722130522,xxxxxxxxxxxxxxxxxxxxxxxxxxxxxxxx26072213052201013E01071E9F0FFCF93B
8843,4047,260722130707,xxxxxxxxxxxxxxxxxxxxxxxxxxxxxxxx26072213070701013E01071ECF0FF1FC55
8844,4091,260722130854,xxxxxxxxxxxxxxxxxxxxxxxxxxxxxxxx26072213085400013E01071EFB0FB1FF6A
8845,4009,260722131039,xxxxxxxxxxxxxxxxxxxxxxxxxxxxxxxx26072213103900013E01071EA90F9EFA53
8846,4015,260722131224,xxxxxxxxxxxxxxxxxxxxxxxxxxxxxxxx26072213122400013E01071DAF0FFFFA8A
8847,4059,260722131409,xxxxxxxxxxxxxxxxxxxxxxxxxxxxxxxx26072213140900013E01071DDB0FBAFDCB
8848,4008,260722131554,xxxxxxxxxxxxxxxxxxxxxxxxxxxxxxxx26072213155400013E01071DA80F87FACC
8849,4000,260722131739,xxxxxxxxxxxxxxxxxxxxxxxxxxxxxxxx26072213173900013E01071DA00F00FA91
8850,4010,260722131924,xxxxxxxxxxxxxxxxxxxxxxxxxxxxxxxx26072213192400013E01071EAA0FA4FA11
8851,4030,260722132109,xxxxxxxxxxxxxxxxxxxxxxxxxxxxxxxx26072213210900013E01071EBE0FE6FB73
8852,4004,260722132254,xxxxxxxxxxxxxxxxxxxxxxxxxxxxxxxx26072213225400013E01071EA40F49FAF8
8853,4004,260722132439,xxxxxxxxxxxxxxxxxxxxxxxxxxxxxxxx26072213243900013E01071EA40F4FFA52
8854,4028,260722132624,xxxxxxxxxxxxxxxxxxxxxxxxxxxxxxxx26072213262400013E01071EBC0FCEFBC3
8855,4008,260722132809,xxxxxxxxxxxxxxxxxxxxxxxxxxxxxxxx26072213280900013E01071EA80F86FA46
8856,4020,260722132954,xxxxxxxxxxxxxxxxxxxxxxxxxxxxxxxx26072213295400013E01071EB40F43FB79
8857,3994,260722133139,xxxxxxxxxxxxxxxxxxxxxxxxxxxxxxxx26072213313900013E01071E9A0FAFF998
8858,3981,260722133324,xxxxxxxxxxxxxxxxxxxxxxxxxxxxxxxx26072213332400013E01071E8D0FDFF8CE
8859,3989,260722133509,xxxxxxxxxxxxxxxxxxxxxxxxxxxxxxxx26072213350900013E01071F950F5BF96D
8860,3997,260722133654,xxxxxxxxxxxxxxxxxxxxxxxxxxxxxxxx26072213365400013E01071F9D0FDCF930
8861,3998,260722133839,xxxxxxxxxxxxxxxxxxxxxxxxxxxxxxxx26072213383900013E01071E9E0FE6F9BF
8862,3997,260722134024,xxxxxxxxxxxxxxxxxxxxxxxxxxxxxxxx26072213402400013E01071E9D0FD1F974
8863,3996,260722134209,xxxxxxxxxxxxxxxxxxxxxxxxxxxxxxxx26072213420900013E01071E9C0FC9F961
8864,3996,260722134354,xxxxxxxxxxxxxxxxxxxxxxxxxxxxxxxx26072213435400013E01071F9C0FC5F9E1
8865,3996,260722134539,xxxxxxxxxxxxxxxxxxxxxxxxxxxxxxxx26072213453900013E01071F9C0FC0F91E
8866,3995,260722134724,xxxxxxxxxxxxxxxxxxxxxxxxxxxxxxxx26072213472400013E01071F9B0FBBF90D
8867,3995,260722134909,xxxxxxxxxxxxxxxxxxxxxxxxxxxxxxxx26072213490900013E01071F9B0FBAF9C9
8868,3995,260722135054,xxxxxxxxxxxxxxxxxxxxxxxxxxxxxxxx26072213505400013E01071F9B0FB8F958
8869,3994,260722135239,xxxxxxxxxxxxxxxxxxxxxxxxxxxxxxxx26072213523901013E01071F9A0FAEF991
8870,3994,260722135424,xxxxxxxxxxxxxxxxxxxxxxxxxxxxxxxx26072213542400013E01071F9A0FAFF955
8871,3994,260722135609,xxxxxxxxxxxxxxxxxxxxxxxxxxxxxxxx26072213560900013E01071F9A0FA9F9FF
8872,3994,260722135754,xxxxxxxxxxxxxxxxxxxxxxxxxxxxxxxx26072213575400013E01071F9A0FA5F9B2
8873,3994,260722135939,xxxxxxxxxxxxxxxxxxxxxxxxxxxxxxxx26072213593900013E01071F9A0FA1F989
8874,3993,260722140124,xxxxxxxxxxxxxxxxxxxxxxxxxxxxxxxx26072214012400013E01071F990F9DF961
8875,3993,260722140309,xxxxxxxxxxxxxxxxxxxxxxxxxxxxxxxx26072214030900013E01071F990F9BF9CB
8876,3993,260722140454,xxxxxxxxxxxxxxxxxxxxxxxxxxxxxxxx26072214045400013E01071F990F99F95A
8877,3993,260722140639,xxxxxxxxxxxxxxxxxxxxxxxxxxxxxxxx26072214063900013E01071F990F97F986
8878,3993,260722140824,xxxxxxxxxxxxxxxxxxxxxxxxxxxxxxxx26072214082400013E01071F990F95F917
8879,3993,260722141009,xxxxxxxxxxxxxxxxxxxxxxxxxxxxxxxx26072214100900013E01071F990F94F9D3
8880,3993,260722141154,xxxxxxxxxxxxxxxxxxxxxxxxxxxxxxxx26072214115400013E01071F990F93F9BD
8881,3993,260722141339,xxxxxxxxxxxxxxxxxxxxxxxxxxxxxxxx26072214133900013E01071F990F91F92C
8882,3992,260722141524,xxxxxxxxxxxxxxxxxxxxxxxxxxxxxxxx26072214152400013E01071F980F8FF993
8883,3992,260722141709,xxxxxxxxxxxxxxxxxxxxxxxxxxxxxxxx26072214170900013E01071F980F8EF957
8884,3992,260722141854,xxxxxxxxxxxxxxxxxxxxxxxxxxxxxxxx26072214185400013E01071F980F8DF902
8885,3992,260722142925,xxxxxxxxxxxxxxxxxxxxxxxxxxxxxxxx26072214292500013E01071F980F84F9B0
8886,3991,260722143110,xxxxxxxxxxxxxxxxxxxxxxxxxxxxxxxx26072214311000013E010720970F7AF984
8887,3991,260722143255,xxxxxxxxxxxxxxxxxxxxxxxxxxxxxxxx26072214325500013E010720970F70F963
8888,4018,260722143440,xxxxxxxxxxxxxxxxxxxxxxxxxxxxxxxx26072214344000013E010720B20F22FBC8
8889,3981,260722143808,xxxxxxxxxxxxxxxxxxxxxxxxxxxxxxxx26072214380800013E0107208D0FD2F861
8890,3987,260722143953,xxxxxxxxxxxxxxxxxxxxxxxxxxxxxxxx26072214395300013E010720930F31F932
8891,3980,260722144138,xxxxxxxxxxxxxxxxxxxxxxxxxxxxxxxx26072214413800013E0107208C0FC9F821
8892,3979,260722144323,xxxxxxxxxxxxxxxxxxxxxxxxxxxxxxxx26072214432300013E0107208B0FBEF87F
8893,3979,260722144507,xxxxxxxxxxxxxxxxxxxxxxxxxxxxxxxx26072214450700013E0107208B0FB8F8D5
8894,3979,260722144652,xxxxxxxxxxxxxxxxxxxxxxxxxxxxxxxx26072214465200013E0107218B0FB6F8C4
8895,3979,260722144837,xxxxxxxxxxxxxxxxxxxxxxxxxxxxxxxx26072214483700013E0107218B0FB9F8DC
8896,3979,260722145022,xxxxxxxxxxxxxxxxxxxxxxxxxxxxxxxx26072214502200013E0107218B0FB9F8DC
8897,3979,260722145207,xxxxxxxxxxxxxxxxxxxxxxxxxxxxxxxx26072214520700013E0107218B0FBAF889
8898,3979,260722145354,xxxxxxxxxxxxxxxxxxxxxxxxxxxxxxxx26072214535400013E0107218B0FBCF823
8899,3980,260722145539,xxxxxxxxxxxxxxxxxxxxxxxxxxxxxxxx26072214553900013E0107218C0FC0F85E
8900,3980,260722145724,xxxxxxxxxxxxxxxxxxxxxxxxxxxxxxxx26072214572400013E0107228C0FC0F810
8901,3979,260722145909,xxxxxxxxxxxxxxxxxxxxxxxxxxxxxxxx26072214590900013E0107228B0FBFF838
8902,3979,260722150054,xxxxxxxxxxxxxxxxxxxxxxxxxxxxxxxx26072215005400013E0107228B0FBDF8A9
8903,3979,260722150239,xxxxxxxxxxxxxxxxxxxxxxxxxxxxxxxx26072215023900013E0107228B0FB7F84E
8904,3979,260722150424,xxxxxxxxxxxxxxxxxxxxxxxxxxxxxxxx26072215042400013E0107228B0FB6F88A
8905,3979,260722150609,xxxxxxxxxxxxxxxxxxxxxxxxxxxxxxxx26072215060900013E0107228B0FB5F8DF
8906,3979,260722150754,xxxxxxxxxxxxxxxxxxxxxxxxxxxxxxxx26072215075400013E0107228B0FB4F81B
8907,3979,260722150939,xxxxxxxxxxxxxxxxxxxxxxxxxxxxxxxx26072215093900013E0107228B0FB4F81B
8908,3979,260722151124,xxxxxxxxxxxxxxxxxxxxxxxxxxxxxxxx26072215112400013E0107228B0FB4F81B
8909,3979,260722151309,xxxxxxxxxxxxxxxxxxxxxxxxxxxxxxxx26072215130900013E0107228B0FB2F8B1
8910,3979,260722151454,xxxxxxxxxxxxxxxxxxxxxxxxxxxxxxxx26072215145400013E0107228B0FB0F820
8911,3979,260722151823,xxxxxxxxxxxxxxxxxxxxxxxxxxxxxxxx26072215182300013E0107228B0FB0F820
8912,3978,260722152008,xxxxxxxxxxxxxxxxxxxxxxxxxxxxxxxx26072215200800013E0107228A0FAEF89F
8913,3978,260722152153,xxxxxxxxxxxxxxxxxxxxxxxxxxxxxxxx26072215215300013E0107228A0FAEF89F
8914,3978,260722152338,xxxxxxxxxxxxxxxxxxxxxxxxxxxxxxxx26072215233800013E0107228A0FACF80E
8915,3978,260722152523,xxxxxxxxxxxxxxxxxxxxxxxxxxxxxxxx26072215252300013E0107228A0FABF860
8916,3978,260722152708,xxxxxxxxxxxxxxxxxxxxxxxxxxxxxxxx26072215270800013E0107228A0FAAF8A4
8917,3978,260722152853,xxxxxxxxxxxxxxxxxxxxxxxxxxxxxxxx26072215285300013E0107228A0FAAF8A4
8918,3978,260722153038,xxxxxxxxxxxxxxxxxxxxxxxxxxxxxxxx26072215303800013E0107228A0FAAF8A4
8919,3978,260722153223,xxxxxxxxxxxxxxxxxxxxxxxxxxxxxxxx26072215322300013E0107228A0FA9F8F1
8920,3978,260722153409,xxxxxxxxxxxxxxxxxxxxxxxxxxxxxxxx26072215340900013E0107228A0FA8F835
8921,3978,260722153554,xxxxxxxxxxxxxxxxxxxxxxxxxxxxxxxx26072215355400013E0107228A0FA7F82D
8922,3978,260722153739,xxxxxxxxxxxxxxxxxxxxxxxxxxxxxxxx26072215373900013E0107228A0FA8F835
8923,3978,260722153924,xxxxxxxxxxxxxxxxxxxxxxxxxxxxxxxx26072215392400013E0107228A0FA6F8E9
8924,3978,260722154109,xxxxxxxxxxxxxxxxxxxxxxxxxxxxxxxx26072215410900013E0107228A0FA6F8E9
8925,3978,260722154254,xxxxxxxxxxxxxxxxxxxxxxxxxxxxxxxx26072215425400013E0107228A0FA5F8BC
8926,3978,260722154439,xxxxxxxxxxxxxxxxxxxxxxxxxxxxxxxx26072215443900013E0107228A0FA4F878
8927,3978,260722154624,xxxxxxxxxxxxxxxxxxxxxxxxxxxxxxxx26072215462400013E0107228A0FA2F8D2
8928,3978,260722154952,xxxxxxxxxxxxxxxxxxxxxxxxxxxxxxxx26072215495200013E0107228A0FA0F843
8929,3977,260722155137,xxxxxxxxxxxxxxxxxxxxxxxxxxxxxxxx26072215513700013E010722890F9FF8FE
8930,3977,260722155322,xxxxxxxxxxxxxxxxxxxxxxxxxxxxxxxx26072215532200013E010722890F9FF8FE
8931,3977,260722155507,xxxxxxxxxxxxxxxxxxxxxxxxxxxxxxxx26072215550700013E010722890F9EF83A
8932,3977,260722155652,xxxxxxxxxxxxxxxxxxxxxxxxxxxxxxxx26072215565200013E010722890F9EF83A
8933,3977,260722155837,xxxxxxxxxxxxxxxxxxxxxxxxxxxxxxxx26072215583700013E010722890F9CF8AB
8934,3977,260722160022,xxxxxxxxxxxxxxxxxxxxxxxxxxxxxxxx26072216002200013E010722890F9CF8AB
8935,3977,260722160207,xxxxxxxxxxxxxxxxxxxxxxxxxxxxxxxx26072216020700013E010722890F9CF8AB
8936,3977,260722160352,xxxxxxxxxxxxxxxxxxxxxxxxxxxxxxxx26072216035200013E010722890F9BF8C5
8937,3977,260722160538,xxxxxxxxxxxxxxxxxxxxxxxxxxxxxxxx26072216053800013E010722890F9BF8C5
8938,3977,260722160723,xxxxxxxxxxxxxxxxxxxxxxxxxxxxxxxx26072216072300013E010722890F9AF801
8939,3977,260722160908,xxxxxxxxxxxxxxxxxxxxxxxxxxxxxxxx26072216090800013E010722890F9AF801
8940,3977,260722161053,xxxxxxxxxxxxxxxxxxxxxxxxxxxxxxxx26072216105300013E010722890F9AF801
8941,3977,260722161238,xxxxxxxxxxxxxxxxxxxxxxxxxxxxxxxx26072216123800013E010722890F99F854
8942,3977,260722161423,xxxxxxxxxxxxxxxxxxxxxxxxxxxxxxxx26072216142300013E010722890F99F854
8943,3977,260722161608,xxxxxxxxxxxxxxxxxxxxxxxxxxxxxxxx26072216160800013E010722890F98F890
8944,3977,260722161753,xxxxxxxxxxxxxxxxxxxxxxxxxxxxxxxx26072216175300013E010722890F97F888
8945,3977,260722161938,xxxxxxxxxxxxxxxxxxxxxxxxxxxxxxxx26072216193800013E010722890F97F888
8946,3977,260722162123,xxxxxxxxxxxxxxxxxxxxxxxxxxxxxxxx26072216212300013E010722890F96F84C
8947,3977,260722162308,xxxxxxxxxxxxxxxxxxxxxxxxxxxxxxxx26072216230800013E010722890F94F8DD
8948,3977,260722162453,xxxxxxxxxxxxxxxxxxxxxxxxxxxxxxxx26072216245300013E010722890F93F8B3
8949,3977,260722162638,xxxxxxxxxxxxxxxxxxxxxxxxxxxxxxxx26072216263800013E010722890F92F877
8950,3977,260722162823,xxxxxxxxxxxxxxxxxxxxxxxxxxxxxxxx26072216282300013E010722890F91F822
8951,3977,260722163008,xxxxxxxxxxxxxxxxxxxxxxxxxxxxxxxx26072216300800013E010722890F92F877
8952,3977,260722163153,xxxxxxxxxxxxxxxxxxxxxxxxxxxxxxxx26072216315300013E010722890F91F822
8953,3976,260722163338,xxxxxxxxxxxxxxxxxxxxxxxxxxxxxxxx26072216333800013E010722880F8EF859
8954,3976,260722163523,xxxxxxxxxxxxxxxxxxxxxxxxxxxxxxxx26072216352300013E010722880F8DF80C
8955,3976,260722163708,xxxxxxxxxxxxxxxxxxxxxxxxxxxxxxxx26072216370800013E010722880F8CF8C8
8956,3976,260722163853,xxxxxxxxxxxxxxxxxxxxxxxxxxxxxxxx26072216385300013E010722880F8CF8C8
8957,3976,260722164038,xxxxxxxxxxxxxxxxxxxxxxxxxxxxxxxx26072216403800013E010722880F8CF8C8
8958,3976,260722164223,xxxxxxxxxxxxxxxxxxxxxxxxxxxxxxxx26072216422300013E010722880F8CF8C8
8959,3976,260722164408,xxxxxxxxxxxxxxxxxxxxxxxxxxxxxxxx26072216440800013E010722880F8BF8A6
8960,3976,260722164553,xxxxxxxxxxxxxxxxxxxxxxxxxxxxxxxx26072216455300013E010722880F8CF8C8
8961,3976,260722164738,xxxxxxxxxxxxxxxxxxxxxxxxxxxxxxxx26072216473800013E010722880F8CF8C8
8962,3976,260722164923,xxxxxxxxxxxxxxxxxxxxxxxxxxxxxxxx26072216492300013E010722880F8EF859
8963,3976,260722165108,xxxxxxxxxxxxxxxxxxxxxxxxxxxxxxxx26072216510800013E010722880F8DF80C
8964,3976,260722165253,xxxxxxxxxxxxxxxxxxxxxxxxxxxxxxxx26072216525300013E010722880F8BF8A6
8965,3976,260722165438,xxxxxxxxxxxxxxxxxxxxxxxxxxxxxxxx26072216543800013E010722880F8AF862
8966,3976,260722165623,xxxxxxxxxxxxxxxxxxxxxxxxxxxxxxxx26072216562300013E010722880F8AF862
8967,3976,260722165808,xxxxxxxxxxxxxxxxxxxxxxxxxxxxxxxx26072216580800013E010722880F8AF862
8968,3976,260722165953,xxxxxxxxxxxxxxxxxxxxxxxxxxxxxxxx26072216595300013E010722880F89F837
8969,3976,260722170138,xxxxxxxxxxxxxxxxxxxxxxxxxxxxxxxx26072217013800013E010722880F89F837
8970,3976,260722170323,xxxxxxxxxxxxxxxxxxxxxxxxxxxxxxxx26072217032300013E010722880F89F837
8971,3976,260722170508,xxxxxxxxxxxxxxxxxxxxxxxxxxxxxxxx26072217050800013E010722880F8AF862
8972,3976,260722170653,xxxxxxxxxxxxxxxxxxxxxxxxxxxxxxxx26072217065300013E010722880F89F837
8973,3976,260722170838,xxxxxxxxxxxxxxxxxxxxxxxxxxxxxxxx26072217083800013E010722880F89F837
8974,3976,260722171023,xxxxxxxxxxxxxxxxxxxxxxxxxxxxxxxx26072217102300013E010722880F88F8F3
8975,3976,260722171208,xxxxxxxxxxxxxxxxxxxxxxxxxxxxxxxx26072217120800013E010722880F88F8F3
8976,3976,260722171353,xxxxxxxxxxxxxxxxxxxxxxxxxxxxxxxx26072217135300013E010722880F88F8F3
8977,3976,260722171538,xxxxxxxxxxxxxxxxxxxxxxxxxxxxxxxx26072217153800013E010722880F89F837
8978,3976,260722171723,xxxxxxxxxxxxxxxxxxxxxxxxxxxxxxxx26072217172300013E010722880F88F8F3
8979,3976,260722171908,xxxxxxxxxxxxxxxxxxxxxxxxxxxxxxxx26072217190800013E010722880F89F837
8980,3976,260722172053,xxxxxxxxxxxxxxxxxxxxxxxxxxxxxxxx26072217205300013E010722880F88F8F3
8981,3976,260722172238,xxxxxxxxxxxxxxxxxxxxxxxxxxxxxxxx26072217223800013E010722880F88F8F3
8982,3976,260722172423,xxxxxxxxxxxxxxxxxxxxxxxxxxxxxxxx26072217242300013E010722880F88F8F3
8983,3976,260722172608,xxxxxxxxxxxxxxxxxxxxxxxxxxxxxxxx26072217260800013E010722880F87F8EB
8984,3976,260722172753,xxxxxxxxxxxxxxxxxxxxxxxxxxxxxxxx26072217275300013E010722880F87F8EB
8985,3976,260722172938,xxxxxxxxxxxxxxxxxxxxxxxxxxxxxxxx26072217293800013E010722880F87F8EB
8986,3976,260722173123,xxxxxxxxxxxxxxxxxxxxxxxxxxxxxxxx26072217312300013E010722880F88F8F3
8987,3976,260722173308,xxxxxxxxxxxxxxxxxxxxxxxxxxxxxxxx26072217330800013E010722880F88F8F3
8988,3976,260722173453,xxxxxxxxxxxxxxxxxxxxxxxxxxxxxxxx26072217345300013E010722880F88F8F3
8989,3976,260722173638,xxxxxxxxxxxxxxxxxxxxxxxxxxxxxxxx26072217363800013E010722880F88F8F3
8990,3976,260722173823,xxxxxxxxxxxxxxxxxxxxxxxxxxxxxxxx26072217382300013E010722880F87F8EB
8991,3976,260722174008,xxxxxxxxxxxxxxxxxxxxxxxxxxxxxxxx26072217400800013E010722880F86F82F
8992,3976,260722174153,xxxxxxxxxxxxxxxxxxxxxxxxxxxxxxxx26072217415300013E010722880F83F8D0
8993,3976,260722174338,xxxxxxxxxxxxxxxxxxxxxxxxxxxxxxxx26072217433800013E010722880F83F8D0
8994,3976,260722174523,xxxxxxxxxxxxxxxxxxxxxxxxxxxxxxxx26072217452300013E010722880F83F8D0
8995,3976,260722174708,xxxxxxxxxxxxxxxxxxxxxxxxxxxxxxxx26072217470800013E010722880F83F8D0
8996,3976,260722174853,xxxxxxxxxxxxxxxxxxxxxxxxxxxxxxxx26072217485300013E010722880F82F814
8997,3976,260722175038,xxxxxxxxxxxxxxxxxxxxxxxxxxxxxxxx26072217503800013E010722880F82F814
8998,3976,260722175223,xxxxxxxxxxxxxxxxxxxxxxxxxxxxxxxx26072217522300013E010722880F81F841
8999,3976,260722175408,xxxxxxxxxxxxxxxxxxxxxxxxxxxxxxxx26072217540800013E010722880F81F841
9000,3976,260722175553,xxxxxxxxxxxxxxxxxxxxxxxxxxxxxxxx26072217555300013E010722880F81F841
9001,3976,260722175738,xxxxxxxxxxxxxxxxxxxxxxxxxxxxxxxx26072217573800013E010722880F80F885
9002,3976,260722175923,xxxxxxxxxxxxxxxxxxxxxxxxxxxxxxxx26072217592300013E010722880F80F885
9003,3975,260722180108,xxxxxxxxxxxxxxxxxxxxxxxxxxxxxxxx26072218010800013E010722870F7FF89E
9004,3975,260722180253,xxxxxxxxxxxxxxxxxxxxxxxxxxxxxxxx26072218025300013E010722870F7FF89E
9005,3975,260722180438,xxxxxxxxxxxxxxxxxxxxxxxxxxxxxxxx26072218043800013E010722870F7FF89E
9006,3975,260722180623,xxxxxxxxxxxxxxxxxxxxxxxxxxxxxxxx26072218062300013E010722870F7EF85A
9007,3975,260722180808,xxxxxxxxxxxxxxxxxxxxxxxxxxxxxxxx26072218080800013E010722870F7EF85A
9008,3975,260722180953,xxxxxxxxxxxxxxxxxxxxxxxxxxxxxxxx26072218095300013E010722870F7DF80F
9009,3975,260722181138,xxxxxxxxxxxxxxxxxxxxxxxxxxxxxxxx26072218113800013E010722870F7BF8A5
9010,3975,260722181323,xxxxxxxxxxxxxxxxxxxxxxxxxxxxxxxx26072218132300013E010721870F7BF8EB
9011,3975,260722181508,xxxxxxxxxxxxxxxxxxxxxxxxxxxxxxxx26072218150800013E010721870F7AF82F
9012,3975,260722181653,xxxxxxxxxxxxxxxxxxxxxxxxxxxxxxxx26072218165300013E010721870F7AF82F
9013,3975,260722181838,xxxxxxxxxxxxxxxxxxxxxxxxxxxxxxxx26072218183800013E010722870F7AF861
9014,3975,260722182023,xxxxxxxxxxxxxxxxxxxxxxxxxxxxxxxx26072218202300013E010722870F7BF8A5
9015,3975,260722182208,xxxxxxxxxxxxxxxxxxxxxxxxxxxxxxxx26072218220800013E010722870F7BF8A5
9016,3975,260722182353,xxxxxxxxxxxxxxxxxxxxxxxxxxxxxxxx26072218235300013E010722870F7BF8A5
9017,3975,260722182538,xxxxxxxxxxxxxxxxxxxxxxxxxxxxxxxx26072218253800013E010722870F7BF8A5
9018,3975,260722182723,xxxxxxxxxxxxxxxxxxxxxxxxxxxxxxxx26072218272300013E010722870F7BF8A5
9019,3975,260722182908,xxxxxxxxxxxxxxxxxxxxxxxxxxxxxxxx26072218290800013E010722870F7CF8CB
9020,3975,260722183053,xxxxxxxxxxxxxxxxxxxxxxxxxxxxxxxx26072218305300013E010722870F7CF8CB
9021,3975,260722183238,xxxxxxxxxxxxxxxxxxxxxxxxxxxxxxxx26072218323800013E010722870F7CF8CB
9022,3975,260722183423,xxxxxxxxxxxxxxxxxxxxxxxxxxxxxxxx26072218342300013E010722870F7DF80F
9023,3975,260722183608,xxxxxxxxxxxxxxxxxxxxxxxxxxxxxxxx26072218360800013E010722870F7DF80F
9024,3975,260722183753,xxxxxxxxxxxxxxxxxxxxxxxxxxxxxxxx26072218375300013E010722870F7DF80F
9025,3975,260722183938,xxxxxxxxxxxxxxxxxxxxxxxxxxxxxxxx26072218393800013E010722870F7CF8CB
9026,3975,260722184123,xxxxxxxxxxxxxxxxxxxxxxxxxxxxxxxx26072218412300013E010722870F7CF8CB
9027,3975,260722184308,xxxxxxxxxxxxxxxxxxxxxxxxxxxxxxxx26072218430800013E010722870F7BF8A5
9028,3975,260722184453,xxxxxxxxxxxxxxxxxxxxxxxxxxxxxxxx26072218445300013E010721870F7AF82F
9029,3975,260722184638,xxxxxxxxxxxxxxxxxxxxxxxxxxxxxxxx26072218463800013E010722870F7AF861
9030,3975,260722184823,xxxxxxxxxxxxxxxxxxxxxxxxxxxxxxxx26072218482300013E010721870F7AF82F
9031,3975,260722185008,xxxxxxxxxxxxxxxxxxxxxxxxxxxxxxxx26072218500800013E010721870F7AF82F
9032,3975,260722185153,xxxxxxxxxxxxxxxxxxxxxxxxxxxxxxxx26072218515300013E010721870F78F8BE
9033,3975,260722185338,xxxxxxxxxxxxxxxxxxxxxxxxxxxxxxxx26072218533800013E010721870F77F8A6
9034,3975,260722185523,xxxxxxxxxxxxxxxxxxxxxxxxxxxxxxxx26072218552300013E010721870F76F862
9035,3975,260722185708,xxxxxxxxxxxxxxxxxxxxxxxxxxxxxxxx26072218570800013E010721870F75F837
9036,3975,260722185854,xxxxxxxxxxxxxxxxxxxxxxxxxxxxxxxx26072218585400013E010721870F73F89D
9037,3975,260722190039,xxxxxxxxxxxxxxxxxxxxxxxxxxxxxxxx26072219003900013E010721870F74F8F3
9038,3975,260722190224,xxxxxxxxxxxxxxxxxxxxxxxxxxxxxxxx26072219022400013E010721870F74F8F3
9039,3975,260722190409,xxxxxxxxxxxxxxxxxxxxxxxxxxxxxxxx26072219040900013E010721870F75F837
9040,3975,260722190554,xxxxxxxxxxxxxxxxxxxxxxxxxxxxxxxx26072219055400013E010721870F75F837
9041,3975,260722190739,xxxxxxxxxxxxxxxxxxxxxxxxxxxxxxxx26072219073900013E010721870F75F837
9042,3975,260722190924,xxxxxxxxxxxxxxxxxxxxxxxxxxxxxxxx26072219092400013E010721870F75F837
9043,3975,260722191109,xxxxxxxxxxxxxxxxxxxxxxxxxxxxxxxx26072219110900013E010721870F75F837
9044,3975,260722191254,xxxxxxxxxxxxxxxxxxxxxxxxxxxxxxxx26072219125400013E010721870F76F862
9045,3975,260722191439,xxxxxxxxxxxxxxxxxxxxxxxxxxxxxxxx26072219143900013E010721870F75F837
9046,3975,260722191624,xxxxxxxxxxxxxxxxxxxxxxxxxxxxxxxx26072219162400013E010721870F75F837
9047,3975,260722191809,xxxxxxxxxxxxxxxxxxxxxxxxxxxxxxxx26072219180900013E010721870F75F837
9048,3975,260722191954,xxxxxxxxxxxxxxxxxxxxxxxxxxxxxxxx26072219195400013E010721870F75F837
9049,3975,260722192139,xxxxxxxxxxxxxxxxxxxxxxxxxxxxxxxx26072219213900013E010721870F75F837
9050,3975,260722192324,xxxxxxxxxxxxxxxxxxxxxxxxxxxxxxxx26072219232400013E010721870F76F862
9051,3975,260722192509,xxxxxxxxxxxxxxxxxxxxxxxxxxxxxxxx26072219250900013E010721870F76F862
9052,3975,260722192654,xxxxxxxxxxxxxxxxxxxxxxxxxxxxxxxx26072219265400013E010721870F76F862
9053,3975,260722192839,xxxxxxxxxxxxxxxxxxxxxxxxxxxxxxxx26072219283900013E010721870F76F862
9054,3975,260722193024,xxxxxxxxxxxxxxxxxxxxxxxxxxxxxxxx26072219302400013E010721870F76F862
9055,3975,260722193209,xxxxxxxxxxxxxxxxxxxxxxxxxxxxxxxx26072219320900013E010721870F76F862
9056,3975,260722193354,xxxxxxxxxxxxxxxxxxxxxxxxxxxxxxxx26072219335400013E010721870F75F837
9057,3975,260722193539,xxxxxxxxxxxxxxxxxxxxxxxxxxxxxxxx26072219353900013E010721870F76F862
9058,3975,260722193724,xxxxxxxxxxxxxxxxxxxxxxxxxxxxxxxx26072219372400013E010721870F76F862
9059,3975,260722193909,xxxxxxxxxxxxxxxxxxxxxxxxxxxxxxxx26072219390900013E010721870F75F837
9060,3975,260722194054,xxxxxxxxxxxxxxxxxxxxxxxxxxxxxxxx26072219405400013E010721870F76F862
9061,3975,260722194239,xxxxxxxxxxxxxxxxxxxxxxxxxxxxxxxx26072219423900013E010721870F76F862
9062,3975,260722194424,xxxxxxxxxxxxxxxxxxxxxxxxxxxxxxxx26072219442400013E010721870F75F837
9063,3975,260722194609,xxxxxxxxxxxxxxxxxxxxxxxxxxxxxxxx26072219460900013E010721870F75F837
9064,3975,260722194754,xxxxxxxxxxxxxxxxxxxxxxxxxxxxxxxx26072219475400013E010721870F75F837
9065,3975,260722194939,xxxxxxxxxxxxxxxxxxxxxxxxxxxxxxxx26072219493900013E010721870F76F862
9066,3975,260722195124,xxxxxxxxxxxxxxxxxxxxxxxxxxxxxxxx26072219512400013E010721870F77F8A6
9067,3975,260722195309,xxxxxxxxxxxxxxxxxxxxxxxxxxxxxxxx26072219530900013E010721870F76F862
9068,3975,260722195454,xxxxxxxxxxxxxxxxxxxxxxxxxxxxxxxx26072219545400013E010721870F76F862
9069,3975,260722195639,xxxxxxxxxxxxxxxxxxxxxxxxxxxxxxxx26072219563900013E010721870F76F862
9070,3975,260722195824,xxxxxxxxxxxxxxxxxxxxxxxxxxxxxxxx26072219582400013E010721870F76F862
9071,3975,260722200009,xxxxxxxxxxxxxxxxxxxxxxxxxxxxxxxx26072220000900013E010721870F76F862
9072,3975,260722200154,xxxxxxxxxxxxxxxxxxxxxxxxxxxxxxxx26072220015400013E010721870F76F862
9073,3975,260722200339,xxxxxxxxxxxxxxxxxxxxxxxxxxxxxxxx26072220033900013E010721870F76F862
9074,3975,260722200524,xxxxxxxxxxxxxxxxxxxxxxxxxxxxxxxx26072220052400013E010721870F75F837
9075,3975,260722200709,xxxxxxxxxxxxxxxxxxxxxxxxxxxxxxxx26072220070900013E010721870F75F837
9076,3975,260722200854,xxxxxxxxxxxxxxxxxxxxxxxxxxxxxxxx26072220085400013E010721870F75F837
9077,3975,260722201039,xxxxxxxxxxxxxxxxxxxxxxxxxxxxxxxx26072220103900013E010721870F74F8F3
9078,3975,260722201224,xxxxxxxxxxxxxxxxxxxxxxxxxxxxxxxx26072220122400013E010721870F71F80C
9079,3975,260722201409,xxxxxxxxxxxxxxxxxxxxxxxxxxxxxxxx26072220140900013E010721870F71F80C
9080,3975,260722201554,xxxxxxxxxxxxxxxxxxxxxxxxxxxxxxxx26072220155400013E010721870F71F80C
9081,3975,260722201739,xxxxxxxxxxxxxxxxxxxxxxxxxxxxxxxx26072220173900013E010721870F72F859
