,value,date,raw data
0,2524,261001140202,0x25252100202AEB086948706018799326100114020200013E010719DC09CB9D94
1,2524,261001140347,0x25252100202AEC086948706018799326100114034700013E010719DC09CC9DFA
2,2524,261001140532,0x25252100202AEE086948706018799326100114053201013E010719DC09CD9D3E
3,2527,261001140717,0x25252100202AEF086948706018799326100114071701013E010719DF09F09D12
4,2533,261001140902,0x25252100202AF1086948706018799326100114090201013E010719E509599EFF
5,2518,261001141047,0x25252100202AF2086948706018799326100114104701013E010719D6096E9D9E
6,2541,261001141232,0x25252100202AF3086948706018799326100114123201013E010719ED09D59E81
7,2524,261001141418,0x25252100202AF5086948706018799326100114141801013E010719DC09CC9DFA
8,2520,261001141603,0x25252100202AF6086948706018799326100114160300013E010719D8098E9DFE
9,2514,261001141748,0x25252100202AF8086948706018799326100114174800013E010719D209259D28
10,2508,261001141933,0x25252100202AF9086948706018799326100114193300013E010719CC09C09CD1
11,2501,261001142118,0x25252100202AFA086948706018799326100114211800013E010719C5095E9C5D
12,2496,261001142303,0x25252100202AFC086948706018799326100114230300013E010719C009039C22
13,2490,261001142448,0x25252100202AFD086948706018799326100114244800013E010719BA09A99B1B
14,2485,261001142633,0x25252100202AFF086948706018799326100114263300013E010719B509559B55
15,2479,261001142818,0x25252100202B00086948706018799326100114281800013E010719AF09FF9A21
16,2474,261001143003,0x25252100202B02086948706018799326100114300300013E01071AAA09AB9AA2
17,2472,261001143148,0x25252100202B03086948706018799326100114314800013E010719A809839A5C
18,2465,261001143333,0x25252100202B04086948706018799326100114333300013E01071AA109159AE8
19,2466,261001143518,0x25252100202B06086948706018799326100114351800013E01071AA2092F9AAA
20,2464,261001143703,0x25252100202B07086948706018799326100114370300013E01071AA009019AB0
21,2461,261001143848,0x25252100202B09086948706018799326100114384800013E01071A9D09D199DF
22,2458,261001144033,0x25252100202B0A086948706018799326100114403300013E01071A9A09A0992B
23,2449,261001144218,0x25252100202B0B086948706018799326100114421800013E01071A91091D9934
24,2453,261001144403,0x25252100202B0D086948706018799326100114440300013E01071A9509549913
25,2445,261001144548,0x25252100202B0E086948706018799326100114454800013E01071A8D09DA989A
26,2440,261001144733,0x25252100202B10086948706018799326100114473300013E01071A88098C98C6
27,2436,261001144918,0x25252100202B11086948706018799326100114491800013E01071A84094D98A4
28,2433,261001145103,0x25252100202B12086948706018799326100114510300013E01071A81091C9896
29,2430,261001145248,0x25252100202B14086948706018799326100114524800013E01071A7E09E9975A
30,2427,261001145433,0x25252100202B15086948706018799326100114543300013E01071A7B09B697B4
31,2424,261001145618,0x25252100202B17086948706018799326100114561800013E01071A78098397EE
32,2421,261001145803,0x25252100202B18086948706018799326100114580300013E01071A75095197BA
33,2418,261001145948,0x25252100202B1A086948706018799326100114594800013E01071A720920974E
34,2414,261001150133,0x25252100202B1B086948706018799326100115013300013E01071A6E09E9963C
35,2411,261001150318,0x25252100202B1C086948706018799326100115031800013E01071A6B09BE96A4
36,2409,261001150503,0x25252100202B1E086948706018799326100115050300013E01071A690991967A
37,2406,261001150648,0x25252100202B1F086948706018799326100115064800013E01071A66096796D3
38,2404,261001150833,0x25252100202B21086948706018799326100115083300013E01071A640943962E
39,2402,261001151018,0x25252100202B22086948706018799326100115101801013E01071A62092296B9
40,2416,261001151203,0x25252100202B23086948706018799326100115120301013E01071A7009009788
41,2423,261001151348,0x25252100202B25086948706018799326100115134801013E01071A770971977C
42,2432,261001151533,0x25252100202B26086948706018799326100115153301013E01071A800901987C
43,2449,261001151718,0x25252100202B28086948706018799326100115171801013E01071A91091E9961
44,2449,261001151903,0x25252100202B29086948706018799326100115190301013E01071B91091B9953
45,2471,261001152048,0x25252100202B2A086948706018799326100115204801013E01071BA709779AE7
46,2466,261001152233,0x25252100202B2C086948706018799326100115223301013E01071BA209239A2A
47,2477,261001152418,0x25252100202B2D086948706018799326100115241801013E01071BAD09D89A0A
48,2488,261001152603,0x25252100202B2F086948706018799326100115260301013E01071BB809819B28
49,2483,261001152748,0x25252100202B30086948706018799326100115274801013E01071BB309309B7A
50,2501,261001152933,0x25252100202B32086948706018799326100115293301013E01071BC5095E9CDE
51,2492,261001153118,0x25252100202B33086948706018799326100115311801013E01071BBC09C09B79
52,2486,261001153303,0x25252100202B34086948706018799326100115330301013E01071BB6096F9B94
53,2471,261001153448,0x25252100202B36086948706018799326100115344801013E01071BA7097C9AC4
54,2464,261001153633,0x25252100202B37086948706018799326100115363301013E01071BA0090A9A5E
55,2457,261001153818,0x25252100202B39086948706018799326100115381801013E01071B9909989935
56,2450,261001154003,0x25252100202B3A086948706018799326100115400300013E01071B92092899A3
57,2444,261001154148,0x25252100202B3B086948706018799326100115414800013E01071B8C09C098D3
58,2437,261001154333,0x25252100202B3D086948706018799326100115433300013E01071B85095798ED
59,2431,261001154518,0x25252100202B3E086948706018799326100115451800013E01071B7F09F297D7
60,2425,261001154703,0x25252100202B40086948706018799326100115470300013E01071B79099597EA
61,2419,261001154848,0x25252100202B41086948706018799326100115484800013E01071B730936974A
62,2413,261001155033,0x25252100202B42086948706018799326100115503300013E01071B6D09DC96AB
63,2408,261001155218,0x25252100202B44086948706018799326100115521800013E01071B680984962B
64,2402,261001155403,0x25252100202B45086948706018799326100115540300013E01071C62092E9668
65,2397,261001155548,0x25252100202B47086948706018799326100115554800013E01071C5D09DA95FA
66,2392,261001155733,0x25252100202B48086948706018799326100115573300013E01071C58098C95A6
67,2382,261001160103,0x25252100202B4A086948706018799326100116010300013E01071B4E09EF9497
68,2378,261001160248,0x25252100202B4B086948706018799326100116024800013E01071C4A09A694E1
69,2373,261001160433,0x25252100202B4D086948706018799326100116043300013E01071C45095E9494
70,2369,261001160618,0x25252100202B4E086948706018799326100116061800013E01071C41091A943A
71,2365,261001160803,0x25252100202B50086948706018799326100116080300013E01071C3D09D7933E
72,2361,261001160948,0x25252100202B51086948706018799326100116094800013E01071C390996936F
73,2357,261001161133,0x25252100202B52086948706018799326100116113300013E01071B3509589344
74,2353,261001161318,0x25252100202B54086948706018799326100116131800013E01071C31091D937F
75,2350,261001161503,0x25252100202B55086948706018799326100116150300013E01071C2E09E5926C
76,2346,261001161648,0x25252100202B57086948706018799326100116164800013E01071B2A09AD92DE
77,2343,261001161833,0x25252100202B58086948706018799326100116183300013E01071C27097792AD
78,2340,261001162018,0x25252100202B59086948706018799326100116201800013E01071C24094292F7
79,2336,261001162203,0x25252100202B5B086948706018799326100116220300013E01071C20090D927A
80,2333,261001162348,0x25252100202B5C086948706018799326100116234800013E01071C1D09DC91D1
81,2330,261001162533,0x25252100202B5E086948706018799326100116253300013E01071C1A09AB918F
82,2327,261001162718,0x25252100202B5F086948706018799326100116271800013E01071C17097D91E0
83,2322,261001163048,0x25252100202B61086948706018799326100116304800013E01071B12092491F5
84,2319,261001163233,0x25252100202B62086948706018799326100116323300013E01071B0F09FB904E
85,2317,261001163418,0x25252100202B64086948706018799326100116341800013E01071C0D09D2906B
86,2314,261001163603,0x25252100202B65086948706018799326100116360300013E01071C0A09AC9087
87,2312,261001163748,0x25252100202B67086948706018799326100116374800013E01071C08098690A6
88,2310,261001163933,0x25252100202B68086948706018799326100116393300013E01071B06096290AC
89,2308,261001164118,0x25252100202B69086948706018799326100116411800013E01071B04094090FB
90,2305,261001164303,0x25252100202B6B086948706018799326100116430300013E01071C01091D90D5
91,2303,261001164448,0x25252100202B6C086948706018799326100116444800013E01071CFF08FC8F77
92,2301,261001164633,0x25252100202B6E086948706018799326100116463300013E01071CFD08DC8FB1
93,2300,261001164818,0x25252100202B6F086948706018799326100116481800013E01071CFC08C08F9F
94,2298,261001165003,0x25252100202B70086948706018799326100116500300013E01071CFA08A28F5D
95,2296,261001165148,0x25252100202B72086948706018799326100116514800013E01071CF808858FF5
96,2294,261001165333,0x25252100202B73086948706018799326100116533300013E01071CF6086A8F8D
97,2293,261001165519,0x25252100202B75086948706018799326100116551900013E01071CF508518F0B
98,2291,261001165704,0x25252100202B76086948706018799326100116570400013E01071CF308388FEA
99,2313,261001170034,0x25252100202B78086948706018799326100117003401013E01071B09099590C1
100,2319,261001170219,0x25252100202B79086948706018799326100117021901013E01071B0F09F990DF
101,2332,261001170404,0x25252100202B7B086948706018799326100117040401013E01071C1C09CB91DC
102,2338,261001170549,0x25252100202B7C086948706018799326100117054901013E01071B22092B9247
103,2369,261001170734,0x25252100202B7E086948706018799326100117073401013E01071B41091794E2
104,2370,261001170919,0x25252100202B7F086948706018799326100117091901013E01071C42092294E9
105,2377,261001171104,0x25252100202B80086948706018799326100117110401013E01071B490991947B
106,2395,261001171249,0x25252100202B82086948706018799326100117124901013E01071C5B09B695E4
107,2401,261001171434,0x25252100202B83086948706018799326100117143401013E01071C6109189667
108,2413,261001171619,0x25252100202B85086948706018799326100117161901013E01071B6D09D19622
109,2398,261001171804,0x25252100202B86086948706018799326100117180401013E01071C5E09E095B8
110,2402,261001171949,0x25252100202B87086948706018799326100117194901013E01071C62092F96AC
111,2407,261001172134,0x25252100202B89086948706018799326100117213401013E01071C67097D96CB
112,2398,261001172319,0x25252100202B8A086948706018799326100117231900013E01071C5E09EE9564
113,2399,261001172504,0x25252100202B8C086948706018799326100117250400013E01071C5F09FC9596
114,2396,261001172649,0x25252100202B8D086948706018799326100117264900013E01071C5C09C59581
115,2389,261001173019,0x25252100202B8F086948706018799326100117301900013E01071C5509579540
116,2386,261001173204,0x25252100202B90086948706018799326100117320400013E01071C52092695B4
117,2383,261001173349,0x25252100202B92086948706018799326100117334900013E01071C4F09F394E8
118,2380,261001173534,0x25252100202B93086948706018799326100117353400013E01071B4C09C3941C
119,2377,261001173719,0x25252100202B95086948706018799326100117371900013E01071B4909969415
120,2374,261001173904,0x25252100202B96086948706018799326100117390400013E01071B460969940E
121,2371,261001174049,0x25252100202B97086948706018799326100117404900013E01071B43093F9452
122,2369,261001174234,0x25252100202B99086948706018799326100117423400013E01071B41091494B7
123,2366,261001174419,0x25252100202B9A086948706018799326100117441900013E01071B3E09EB9387
124,2364,261001174604,0x25252100202B9C086948706018799326100117460400013E01071B3C09C39337
125,2361,261001174749,0x25252100202B9D086948706018799326100117474900013E01071B39099D931D
126,2359,261001174934,0x25252100202B9E086948706018799326100117493400013E01071B3709799346
127,2371,261001175119,0x25252100202BA0086948706018799326100117511901013E01071B43093694E0
128,2378,261001175304,0x25252100202BA1086948706018799326100117530401013E01071B4A09AF9402
129,2369,261001175449,0x25252100202BA3086948706018799326100117544901013E01071C41091794B3
130,2410,261001175634,0x25252100202BA4086948706018799326100117563401013E01071C6A09A496BC
131,2407,261001175819,0x25252100242BA5086948706018799326100117581900013E01071B6709F4963A72B5968D
132,2410,261001180004,0x25252100202BA6086948706018799326100118000400013E01071C6A09AD960E
133,2418,261001180149,0x25252100202BA7086948706018799326100118014900013E01071C72092D975B
134,2430,261001180334,0x25252100202BA9086948706018799326100118033400013E01071C7E09E997C6
135,2446,261001180519,0x25252100202BAA086948706018799326100118051900013E01071C8E09E598BB
136,2466,261001180704,0x25252100202BAC086948706018799326100118070400013E01071CA209299A9C
137,2490,261001180849,0x25252100202BAD086948706018799326100118084900013E01071CBA09AB9B58
138,2745,261001181034,0x25252100202BAE086948706018799326100118103400013E01071CB90A9FAB9C
139,3261,261001181219,0x25252100202BB0086948706018799326100118121900013E01071CBD0CD2CB34
140,3778,261001181404,0x25252100202BB1086948706018799326100118140400013E01071CC20E2DEC68
141,4095,261001181549,0x25252100202BB3086948706018799326100118154900013E01071CFF0FFFFFA0
142,4095,261001181734,0x25252100202BB4086948706018799326100118173400013E01071DFF0FFFFF6D
143,4095,261001181919,0x25252100202BB5086948706018799326100118191901013E01071DFF0FFFFF6D
144,4095,261001182104,0x25252100202BB7086948706018799326100118210401013E01071DFF0FFFFF6D
145,4095,261001182249,0x25252100202BB8086948706018799326100118224901013E01071DFF0FFFFF6D
146,4095,261001182434,0x25252100202BBA086948706018799326100118243401013E01071DFF0FFFFF6D
147,4095,261001182619,0x25252100202BBB086948706018799326100118261901013E01071DFF0FFFFF6D
148,4095,261001182804,0x25252100292BBC086948706018799326100118280400013E01071DFF0FFFFF6D3E02071CFF0FFFFFE7
149,4095,261001182949,0x25252100202BBD086948706018799326100118294900013E01071DFF0FFFFF6D
150,4095,261001183134,0x25252100202BBE086948706018799326100118313400013E01071DFF0FFFFF6D
151,4095,261001183319,0x25252100202BC0086948706018799326100118331900013E01071DFF0FFFFF6D
152,4095,261001183504,0x25252100202BC1086948706018799326100118350400013E01071DFF0FFFFF6D
153,4095,261001183649,0x25252100202BC3086948706018799326100118364901013E01071CFF0FFFFFA0
154,4095,261001183834,0x25252100202BC4086948706018799326100118383401013E01071CFF0FFFFFA0
155,4095,261001184019,0x25252100202BC5086948706018799326100118401901013E01071DFF0FFFFF6D
156,4095,261001184204,0x25252100202BC7086948706018799326100118420401013E01071DFF0FFFFF6D
157,4095,261001184349,0x25252100202BC8086948706018799326100118434901013E01071DFF0FFFFF6D
158,4095,261001184534,0x25252100202BCA086948706018799326100118453401013E01071DFF0FFFFF6D
159,4095,261001184719,0x25252100202BCB086948706018799326100118471900013E01071DFF0FFFFF6D
160,4095,261001184904,0x25252100202BCC086948706018799326100118490400013E01071DFF0FFFFF6D
161,4095,261001185049,0x25252100202BCE086948706018799326100118504900013E01071DFF0FFFFF6D
162,4095,261001185234,0x25252100202BCF086948706018799326100118523400013E01071DFF0FFFFF6D
163,4095,261001185419,0x25252100202BD1086948706018799326100118541900013E01071DFF0FFFFF6D
164,4095,261001185604,0x25252100202BD2086948706018799326100118560400013E01071DFF0FFFFF6D
165,4095,261001185749,0x25252100202BD3086948706018799326100118574900013E01071DFF0FFFFF6D
166,4095,261001185934,0x25252100202BD5086948706018799326100118593400013E01071DFF0FFFFF6D
167,4095,261001190119,0x25252100202BD6086948706018799326100119011900013E01071DFF0FFFFF6D
168,4095,261001190304,0x25252100202BD8086948706018799326100119030400013E01071DFF0FFFFF6D
169,4095,261001190449,0x25252100202BD9086948706018799326100119044900013E01071DFF0FFFFF6D
170,4095,261001190634,0x25252100202BDB086948706018799326100119063400013E01071DFF0FFFFF6D
171,4095,261001190819,0x25252100202BDC086948706018799326100119081900013E01071DFF0FFFFF6D
172,4095,261001191004,0x25252100202BDD086948706018799326100119100400013E01071DFF0FFFFF6D
173,4095,261001191149,0x25252100202BDF086948706018799326100119114900013E01071DFF0FFFFF6D
174,4095,261001191334,0x25252100202BE0086948706018799326100119133400013E01071DFF0FFFFF6D
175,4095,261001191519,0x25252100202BE2086948706018799326100119151900013E01071DFF0FFFFF6D
176,4095,261001191704,0x25252100202BE3086948706018799326100119170401013E01071DFF0FFFFF6D
177,4095,261001191849,0x25252100202BE4086948706018799326100119184901013E01071DFF0FFFFF6D
178,4095,261001192034,0x25252100202BE6086948706018799326100119203400013E01071DFF0FFFFF6D
179,4095,261001192219,0x25252100202BE7086948706018799326100119221900013E01071DFF0FFFFF6D
180,4095,261001192404,0x25252100202BE9086948706018799326100119240400013E01071DFF0FFFFF6D
181,4095,261001192549,0x25252100202BEA086948706018799326100119254900013E01071DFF0FFFFF6D
182,4095,261001192734,0x25252100202BEB086948706018799326100119273400013E01071DFF0FFFFF6D
183,4095,261001192919,0x25252100202BED086948706018799326100119291900013E01071DFF0FFFFF6D
184,4095,261001193104,0x25252100202BEE086948706018799326100119310400013E01071DFF0FFFFF6D
185,4095,261001193249,0x25252100202BF0086948706018799326100119324900013E01071DFF0FFFFF6D
186,4095,261001193434,0x25252100202BF1086948706018799326100119343400013E01071DFF0FFFFF6D
187,4095,261001193620,0x25252100202BF3086948706018799326100119362000013E01071DFF0FFFFF6D
188,4095,261001193805,0x25252100202BF4086948706018799326100119380500013E01071DFF0FFFFF6D
189,4095,261001193950,0x25252100202BF5086948706018799326100119395000013E01071DFF0FFFFF6D
190,4095,261001194135,0x25252100202BF7086948706018799326100119413500013E01071DFF0FFFFF6D
191,4095,261001194320,0x25252100202BF8086948706018799326100119432000013E01071DFF0FFFFF6D
192,4095,261001194505,0x25252100202BFA086948706018799326100119450500013E01071DFF0FFFFF6D
193,4095,261001194650,0x25252100202BFB086948706018799326100119465000013E01071DFF0FFFFF6D
194,4095,261001194835,0x25252100202BFC086948706018799326100119483500013E01071DFF0FFFFF6D
195,4095,261001195020,0x25252100202BFE086948706018799326100119502000013E01071DFF0FFFFF6D
196,4095,261001195205,0x25252100202BFF086948706018799326100119520500013E01071DFF0FFFFF6D
197,4095,261001195350,0x25252100202C01086948706018799326100119535000013E01071DFF0FFFFF6D
198,4095,261001195535,0x25252100202C02086948706018799326100119553500013E01071DFF0FFFFF6D
199,4095,261001195720,0x25252100202C03086948706018799326100119572000013E01071DFF0FFFFF6D
200,4095,261001195905,0x25252100202C05086948706018799326100119590500013E01071DFF0FFFFF6D
201,4095,261001200050,0x25252100202C06086948706018799326100120005001013E01071DFF0FFFFF6D
202,4095,261001200235,0x25252100202C08086948706018799326100120023500013E01071DFF0FFFFF6D
203,4095,261001200420,0x25252100202C09086948706018799326100120042000013E01071DFF0FFFFF6D
204,4095,261001200605,0x25252100202C0B086948706018799326100120060500013E01071DFF0FFFFF6D
205,4095,261001200750,0x25252100202C0C086948706018799326100120075000013E01071DFF0FFFFF6D
206,4095,261001200935,0x25252100202C0D086948706018799326100120093500013E01071DFF0FFFFF6D
207,4095,261001201120,0x25252100202C0F086948706018799326100120112001013E01071DFF0FFFFF6D
208,4095,261001201305,0x25252100202C10086948706018799326100120130501013E01071DFF0FFFFF6D
209,4095,261001201450,0x25252100202C12086948706018799326100120145001013E01071DFF0FFFFF6D
210,4095,261001201635,0x25252100202C13086948706018799326100120163501013E01071DFF0FFFFF6D
211,4095,261001201820,0x25252100202C14086948706018799326100120182001013E01071DFF0FFFFF6D
212,4095,261001202005,0x25252100202C16086948706018799326100120200501013E01071DFF0FFFFF6D
213,4095,261001202150,0x25252100202C17086948706018799326100120215001013E01071DFF0FFFFF6D
214,4095,261001202335,0x25252100202C19086948706018799326100120233501013E01071DFF0FFFFF6D
215,4095,261001202520,0x25252100202C1A086948706018799326100120252001013E01071DFF0FFFFF6D
216,4095,261001202705,0x25252100202C1B086948706018799326100120270501013E01071DFF0FFFFF6D
217,4095,261001202850,0x25252100202C1D086948706018799326100120285001013E01071DFF0FFFFF6D
218,4095,261001203035,0x25252100202C1E086948706018799326100120303501013E01071DFF0FFFFF6D
219,4095,261001203220,0x25252100202C20086948706018799326100120322001013E01071DFF0FFFFF6D
220,4095,261001203405,0x25252100202C21086948706018799326100120340501013E01071DFF0FFFFF6D
221,4095,261001203550,0x25252100202C23086948706018799326100120355001013E01071DFF0FFFFF6D
222,4095,261001203735,0x25252100202C24086948706018799326100120373501013E01071DFF0FFFFF6D
223,4095,261001203920,0x25252100202C25086948706018799326100120392001013E01071DFF0FFFFF6D
224,4095,261001204105,0x25252100202C27086948706018799326100120410501013E01071DFF0FFFFF6D
225,4095,261001204250,0x25252100202C28086948706018799326100120425001013E01071EFF0FFFFF23
226,4095,261001204435,0x25252100202C2A086948706018799326100120443501013E01071EFF0FFFFF23
227,4095,261001204620,0x25252100202C2B086948706018799326100120462001013E01071EFF0FFFFF23
228,4095,261001204805,0x25252100202C2C086948706018799326100120480501013E01071EFF0FFFFF23
229,4095,261001204950,0x25252100202C2E086948706018799326100120495001013E01071DFF0FFFFF6D
230,4095,261001205135,0x25252100202C2F086948706018799326100120513501013E01071EFF0FFFFF23
231,4095,261001205320,0x25252100202C31086948706018799326100120532001013E01071EFF0FFFFF23
232,4095,261001205505,0x25252100202C32086948706018799326100120550501013E01071EFF0FFFFF23
233,4095,261001205650,0x25252100202C33086948706018799326100120565001013E01071EFF0FFFFF23
234,4095,261001205835,0x25252100202C35086948706018799326100120583500013E01071EFF0FFFFF23
235,4095,261001210020,0x25252100202C36086948706018799326100121002000013E01071EFF0FFFFF23
236,4095,261001210205,0x25252100202C38086948706018799326100121020500013E01071EFF0FFFFF23
237,4095,261001210350,0x25252100202C39086948706018799326100121035000013E01071EFF0FFFFF23
238,4095,261001210535,0x25252100202C3B086948706018799326100121053500013E01071DFF0FFFFF6D
239,4095,261001210720,0x25252100202C3C086948706018799326100121072000013E01071DFF0FFFFF6D
240,4095,261001210905,0x25252100202C3D086948706018799326100121090501013E01071DFF0FFFFF6D
241,4095,261001211050,0x25252100202C3F086948706018799326100121105001013E01071DFF0FFFFF6D
242,4095,261001211235,0x25252100202C40086948706018799326100121123501013E01071DFF0FFFFF6D
243,4095,261001211420,0x25252100202C42086948706018799326100121142001013E01071DFF0FFFFF6D
244,4095,261001211605,0x25252100202C43086948706018799326100121160501013E01071DFF0FFFFF6D
245,4095,261001211750,0x25252100202C44086948706018799326100121175001013E01071DFF0FFFFF6D
246,4095,261001211935,0x25252100202C46086948706018799326100121193501013E01071DFF0FFFFF6D
247,4095,261001212120,0x25252100202C47086948706018799326100121212001013E01071DFF0FFFFF6D
248,4095,261001212305,0x25252100202C49086948706018799326100121230501013E01071DFF0FFFFF6D
249,4095,261001212450,0x25252100202C4A086948706018799326100121245001013E01071DFF0FFFFF6D
250,4095,261001212635,0x25252100202C4B086948706018799326100121263501013E01071DFF0FFFFF6D
251,4095,261001212820,0x25252100202C4D086948706018799326100121282001013E01071DFF0FFFFF6D
252,4095,261001213005,0x25252100202C4E086948706018799326100121300501013E01071DFF0FFFFF6D
253,4095,261001213150,0x25252100202C50086948706018799326100121315001013E01071DFF0FFFFF6D
254,4095,261001213335,0x25252100202C51086948706018799326100121333501013E01071DFF0FFFFF6D
255,4095,261001213520,0x25252100202C53086948706018799326100121352001013E01071DFF0FFFFF6D
256,4095,261001213705,0x25252100202C54086948706018799326100121370501013E01071DFF0FFFFF6D
257,4095,261001213850,0x25252100202C55086948706018799326100121385001013E01071DFF0FFFFF6D
258,4095,261001214035,0x25252100202C57086948706018799326100121403501013E01071DFF0FFFFF6D
259,4095,261001214220,0x25252100202C58086948706018799326100121422001013E01071DFF0FFFFF6D
260,4095,261001214405,0x25252100202C5A086948706018799326100121440501013E01071DFF0FFFFF6D
261,4095,261001214550,0x25252100202C5B086948706018799326100121455001013E01071DFF0FFFFF6D
262,4095,261001214735,0x25252100202C5C086948706018799326100121473501013E01071DFF0FFFFF6D
263,4095,261001214920,0x25252100202C5E086948706018799326100121492001013E01071DFF0FFFFF6D
264,4095,261001215105,0x25252100202C5F086948706018799326100121510501013E01071DFF0FFFFF6D
265,4095,261001215250,0x25252100202C61086948706018799326100121525001013E01071DFF0FFFFF6D
266,4095,261001215435,0x25252100202C62086948706018799326100121543500013E01071DFF0FFFFF6D
267,4095,261001215620,0x25252100202C63086948706018799326100121562000013E01071DFF0FFFFF6D
268,4095,261001215805,0x25252100202C65086948706018799326100121580501013E01071DFF0FFFFF6D
269,4095,261001215950,0x25252100202C66086948706018799326100121595000013E01071DFF0FFFFF6D
270,4095,261001220135,0x25252100202C68086948706018799326100122013501013E01071DFF0FFFFF6D
271,4095,261001220320,0x25252100202C69086948706018799326100122032001013E01071DFF0FFFFF6D
272,4095,261001220505,0x25252100202C6B086948706018799326100122050501013E01071EFF0FFFFF23
273,4095,261001220650,0x25252100202C6C086948706018799326100122065000013E01071EFF0FFFFF23
274,4095,261001220835,0x25252100202C6D086948706018799326100122083500013E01071EFF0FFFFF23
275,4095,261001221020,0x25252100202C6F086948706018799326100122102000013E01071EFF0FFFFF23
276,4095,261001221205,0x25252100202C70086948706018799326100122120500013E01071EFF0FFFFF23
277,4095,261001221350,0x25252100202C72086948706018799326100122135001013E01071EFF0FFFFF23
278,4095,261001221535,0x25252100202C73086948706018799326100122153501013E01071EFF0FFFFF23
279,4095,261001221721,0x25252100202C74086948706018799326100122172101013E01071EFF0FFFFF23
280,4095,261001221906,0x25252100202C76086948706018799326100122190601013E01071EFF0FFFFF23
281,4095,261001222051,0x25252100202C77086948706018799326100122205101013E01071EFF0FFFFF23
282,4095,261001222236,0x25252100202C79086948706018799326100122223601013E01071EFF0FFFFF23
283,4095,261001222421,0x25252100202C7A086948706018799326100122242101013E01071DFF0FFFFF6D
284,4095,261001222606,0x25252100202C7B086948706018799326100122260601013E01071DFF0FFFFF6D
285,4095,261001222751,0x25252100202C7D086948706018799326100122275101013E01071EFF0FFFFF23
286,4095,261001222936,0x25252100202C7E086948706018799326100122293601013E01071EFF0FFFFF23
287,4095,261001223121,0x25252100202C80086948706018799326100122312101013E01071EFF0FFFFF23
288,4095,261001223306,0x25252100202C81086948706018799326100122330601013E01071EFF0FFFFF23
289,4095,261001223451,0x25252100202C83086948706018799326100122345101013E01071EFF0FFFFF23
290,4095,261001223636,0x25252100202C84086948706018799326100122363601013E01071EFF0FFFFF23
291,4095,261001223821,0x25252100202C85086948706018799326100122382101013E01071EFF0FFFFF23
292,4095,261001224006,0x25252100202C87086948706018799326100122400601013E01071EFF0FFFFF23
293,4095,261001224151,0x25252100202C88086948706018799326100122415101013E01071EFF0FFFFF23
294,4095,261001224336,0x25252100202C8A086948706018799326100122433601013E01071EFF0FFFFF23
295,4095,261001224521,0x25252100202C8B086948706018799326100122452100013E01071EFF0FFFFF23
296,4095,261001224706,0x25252100202C8C086948706018799326100122470600013E01071EFF0FFFFF23
297,4095,261001224851,0x25252100202C8E086948706018799326100122485101013E01071EFF0FFFFF23
298,4095,261001225036,0x25252100202C8F086948706018799326100122503601013E01071EFF0FFFFF23
299,4095,261001225221,0x25252100202C91086948706018799326100122522101013E01071EFF0FFFFF23
300,4095,261001225406,0x25252100202C92086948706018799326100122540601013E01071EFF0FFFFF23
301,4095,261001225551,0x25252100202C93086948706018799326100122555101013E01071FFF0FFFFFEE
302,4095,261001225736,0x25252100202C95086948706018799326100122573601013E01071EFF0FFFFF23
303,4095,261001225921,0x25252100202C96086948706018799326100122592101013E01071EFF0FFFFF23
304,4095,261001230106,0x25252100202C98086948706018799326100123010601013E01071EFF0FFFFF23
305,4095,261001230251,0x25252100202C99086948706018799326100123025101013E01071EFF0FFFFF23
306,4095,261001230436,0x25252100202C9B086948706018799326100123043601013E01071EFF0FFFFF23
307,4095,261001230621,0x25252100202C9C086948706018799326100123062101013E01071FFF0FFFFFEE
308,4095,261001230806,0x25252100202C9D086948706018799326100123080601013E01071FFF0FFFFFEE
309,4095,261001230951,0x25252100202C9F086948706018799326100123095101013E01071EFF0FFFFF23
310,4095,261001231136,0x25252100202CA0086948706018799326100123113601013E01071EFF0FFFFF23
311,4095,261001231321,0x25252100202CA2086948706018799326100123132101013E01071EFF0FFFFF23
312,4095,261001231506,0x25252100202CA3086948706018799326100123150601013E01071EFF0FFFFF23
313,4095,261001231651,0x25252100202CA4086948706018799326100123165101013E01071EFF0FFFFF23
314,4095,261001231836,0x25252100202CA6086948706018799326100123183601013E01071EFF0FFFFF23
315,4095,261001232021,0x25252100202CA7086948706018799326100123202101013E01071EFF0FFFFF23
316,4095,261001232206,0x25252100202CA9086948706018799326100123220601013E01071EFF0FFFFF23
317,4095,261001232351,0x25252100202CAA086948706018799326100123235101013E01071EFF0FFFFF23
318,4095,261001232536,0x25252100202CAB086948706018799326100123253601013E01071EFF0FFFFF23
319,4095,261001232721,0x25252100202CAD086948706018799326100123272101013E01071EFF0FFFFF23
320,4095,261001232906,0x25252100202CAE086948706018799326100123290601013E01071EFF0FFFFF23
321,4095,261001233051,0x25252100202CB0086948706018799326100123305101013E01071EFF0FFFFF23
322,4095,261001233051,0x25252100202CB0086948706018799326100123305101013E01071EFF0FFFFF23
323,4095,261001233236,0x25252100202CB1086948706018799326100123323601013E01071EFF0FFFFF23
324,4095,261001233421,0x25252100202CB3086948706018799326100123342101013E01071FFF0FFFFFEE
325,4095,261001233606,0x25252100202CB4086948706018799326100123360601013E01071FFF0FFFFFEE
326,4095,261001233751,0x25252100202CB5086948706018799326100123375101013E01071FFF0FFFFFEE
327,4095,261001233936,0x25252100202CB7086948706018799326100123393601013E01071FFF0FFFFFEE
328,4095,261001234121,0x25252100202CB8086948706018799326100123412101013E01071FFF0FFFFFEE
329,4095,261001234306,0x25252100202CBA086948706018799326100123430601013E01071FFF0FFFFFEE
330,4095,261001234451,0x25252100202CBB086948706018799326100123445101013E01071FFF0FFFFFEE
331,4095,261001234636,0x25252100202CBC086948706018799326100123463601013E01071FFF0FFFFFEE
332,4095,261001234821,0x25252100202CBE086948706018799326100123482101013E01071FFF0FFFFFEE
333,4095,261001235006,0x25252100202CBF086948706018799326100123500601013E01071FFF0FFFFFEE
334,4095,261001235151,0x25252100202CC1086948706018799326100123515101013E01071FFF0FFFFFEE
335,4095,261001235336,0x25252100202CC2086948706018799326100123533601013E01071FFF0FFFFFEE
336,4095,261001235521,0x25252100202CC3086948706018799326100123552101013E01071FFF0FFFFFEE
337,4095,261001235706,0x25252100202CC5086948706018799326100123570601013E01071FFF0FFFFFEE
338,4095,261001235851,0x25252100202CC6086948706018799326100123585101013E010720FF0FFFFF05
339,4095,261002000036,0x25252100202CC8086948706018799326100200003601013E010720FF0FFFFF05
340,4095,261002000221,0x25252100202CC9086948706018799326100200022101013E010720FF0FFFFF05
341,4095,261002000406,0x25252100202CCB086948706018799326100200040601013E010720FF0FFFFF05
342,4095,261002000551,0x25252100202CCC086948706018799326100200055101013E010720FF0FFFFF05
343,4095,261002000736,0x25252100202CCD086948706018799326100200073601013E010720FF0FFFFF05
344,4095,261002000921,0x25252100202CCF086948706018799326100200092101013E010720FF0FFFFF05
345,4095,261002001106,0x25252100202CD0086948706018799326100200110601013E010720FF0FFFFF05
346,4095,261002001251,0x25252100202CD2086948706018799326100200125101013E010720FF0FFFFF05
347,4095,261002001436,0x25252100202CD3086948706018799326100200143601013E010720FF0FFFFF05
348,4095,261002001621,0x25252100202CD4086948706018799326100200162101013E010720FF0FFFFF05
349,4095,261002001806,0x25252100202CD6086948706018799326100200180601013E010720FF0FFFFF05
350,4095,261002001951,0x25252100202CD7086948706018799326100200195101013E01071FFF0FFFFFEE
351,4095,261002002136,0x25252100202CD9086948706018799326100200213601013E01071FFF0FFFFFEE
352,4095,261002002321,0x25252100202CDA086948706018799326100200232101013E010720FF0FFFFF05
353,4095,261002002506,0x25252100202CDB086948706018799326100200250601013E010720FF0FFFFF05
354,4095,261002002651,0x25252100202CDD086948706018799326100200265100013E010720FF0FFFFF05
355,4095,261002002836,0x25252100202CDE086948706018799326100200283600013E010720FF0FFFFF05
356,4095,261002003021,0x25252100202CE0086948706018799326100200302100013E010720FF0FFFFF05
357,4095,261002003206,0x25252100202CE1086948706018799326100200320600013E010720FF0FFFFF05
358,4095,261002003351,0x25252100202CE3086948706018799326100200335100013E010720FF0FFFFF05
359,4095,261002003536,0x25252100202CE4086948706018799326100200353600013E01071FFF0FFFFFEE
360,4095,261002003721,0x25252100202CE5086948706018799326100200372100013E01071FFF0FFFFFEE
361,4093,261002003906,0x25252100202CE7086948706018799326100200390600013E01071FFD0FDEFFEC
362,4071,261002004051,0x25252100202CE8086948706018799326100200405100013E01071FE70F7FFEBB
363,4050,261002004236,0x25252100202CEA086948706018799326100200423600013E01071FD20F2FFDE7
364,4030,261002004421,0x25252100202CEB086948706018799326100200442100013E01071FBE0FE6FBBE
365,4010,261002004606,0x25252100202CEC086948706018799326100200460600013E01071FAA0FA7FA89
366,3991,261002004751,0x25252100202CEE086948706018799326100200475100013E01071F970F71F94C
367,3976,261002004936,0x25252100202CEF086948706018799326100200493600013E01071F880F81F829
368,3972,261002005121,0x25252100202CF1086948706018799326100200512100013E01071F840F41F88F
369,3971,261002005306,0x25252100202CF2086948706018799326100200530600013E01071F830F31F8BF
370,3970,261002005451,0x25252100202CF3086948706018799326100200545100013E01071E820F2DF85C
371,4048,261002005636,0x25252100202CF5086948706018799326100200563601013E01071ED00F03FDA1
372,4058,261002005822,0x25252100202CF6086948706018799326100200582201013E01071EDA0FA6FDAB
373,4064,261002010007,0x25252100202CF8086948706018799326100201000701013E01071EE00F05FEA1
374,4052,261002010152,0x25252100202CF9086948706018799326100201015201013E01071ED40F4EFDBD
375,4064,261002010337,0x25252100202CFB086948706018799326100201033701013E01071EE00F03FE0B
376,4071,261002010522,0x25252100202CFC086948706018799326100201052201013E01071EE70F7EFEB2
377,4072,261002010707,0x25252100202CFD086948706018799326100201070701013E01071EE80F8CFE20
378,4080,261002010852,0x25252100202CFF086948706018799326100201085201013E01071EF00F0DFFB1
379,4082,261002011037,0x25252100202D00086948706018799326100201103701013E01071EF20F21FF3A
380,4095,261002011222,0x25252100202D02086948706018799326100201122201013E01071EFF0FFFFF23
381,4095,261002011407,0x25252100202D03086948706018799326100201140701013E01071EFF0FFFFF23
382,4094,261002011552,0x25252100202D04086948706018799326100201155201013E01071FFE0FE0FF95
383,4085,261002011737,0x25252100202D06086948706018799326100201173701013E01071FF50F57FF6D
384,4095,261002011922,0x25252100202D07086948706018799326100201192200013E01071FFF0FFFFFEE
385,4095,261002012107,0x25252100202D09086948706018799326100201210700013E01071FFF0FFFFFEE
386,4095,261002012252,0x25252100202D0A086948706018799326100201225201013E01071FFF0FFFFFEE
387,4095,261002012437,0x25252100202D0B086948706018799326100201243701013E01071FFF0FFFFFEE
388,4095,261002012622,0x25252100202D0D086948706018799326100201262201013E01071FFF0FFFFFEE
389,4095,261002012807,0x25252100202D0E086948706018799326100201280701013E01071EFF0FFFFF23
390,4095,261002012952,0x25252100202D10086948706018799326100201295201013E01071EFF0FFFFF23
391,4095,261002013137,0x25252100202D11086948706018799326100201313701013E01071EFF0FFFFF23
392,4095,261002013322,0x25252100202D13086948706018799326100201332201013E01071EFF0FFFFF23
393,4095,261002013507,0x25252100202D14086948706018799326100201350701013E01071EFF0FFFFF23
394,4093,261002013652,0x25252100202D15086948706018799326100201365201013E01071EFD0FD9FF4F
395,4088,261002013837,0x25252100202D17086948706018799326100201383701013E01071EF80F8AFFEC
396,4095,261002014022,0x25252100202D18086948706018799326100201402201013E01071DFF0FFFFF6D
397,4095,261002014207,0x25252100202D1A086948706018799326100201420701013E01071EFF0FFFFF23
398,4095,261002014352,0x25252100202D1B086948706018799326100201435201013E01071EFF0FFFFF23
399,4095,261002014537,0x25252100202D1C086948706018799326100201453701013E01071EFF0FFFFF23
400,4095,261002014722,0x25252100202D1E086948706018799326100201472201013E01071DFF0FFFFF6D
401,4095,261002014907,0x25252100202D1F086948706018799326100201490701013E01071DFF0FFFFF6D
402,4095,261002015052,0x25252100202D21086948706018799326100201505201013E01071CFF0FFFFFA0
403,4095,261002015237,0x25252100202D22086948706018799326100201523701013E01071CFF0FFFFFA0
404,4095,261002015422,0x25252100202D23086948706018799326100201542201013E01071CFF0FFFFFA0
405,4095,261002015607,0x25252100202D25086948706018799326100201560701013E01071CFF0FFFFFA0
406,4095,261002015752,0x25252100202D26086948706018799326100201575201013E01071CFF0FFFFFA0
407,4095,261002015937,0x25252100202D28086948706018799326100201593701013E01071CFF0FFFFFA0
408,4095,261002020122,0x25252100202D29086948706018799326100202012201013E01071CFF0FFFFFA0
409,4095,261002020307,0x25252100202D2B086948706018799326100202030701013E01071CFF0FFFFFA0
410,4095,261002020452,0x25252100202D2C086948706018799326100202045201013E01071CFF0FFFFFA0
411,4095,261002020637,0x25252100202D2D086948706018799326100202063701013E01071DFF0FFFFF6D
412,4095,261002020822,0x25252100202D2F086948706018799326100202082201013E01071DFF0FFFFF6D
413,4095,261002021007,0x25252100202D30086948706018799326100202100701013E01071DFF0FFFFF6D
414,4095,261002021152,0x25252100202D32086948706018799326100202115201013E01071DFF0FFFFF6D
415,4095,261002021337,0x25252100202D33086948706018799326100202133701013E01071DFF0FFFFF6D
416,4095,261002021522,0x25252100202D34086948706018799326100202152201013E01071DFF0FFFFF6D
417,4095,261002021707,0x25252100202D36086948706018799326100202170701013E01071DFF0FFFFF6D
418,4095,261002021852,0x25252100202D37086948706018799326100202185201013E01071DFF0FFFFF6D
419,4095,261002022037,0x25252100202D39086948706018799326100202203701013E01071DFF0FFFFF6D
420,4095,261002022222,0x25252100202D3A086948706018799326100202222201013E01071DFF0FFFFF6D
421,4095,261002022407,0x25252100202D3B086948706018799326100202240701013E01071DFF0FFFFF6D
422,4095,261002022552,0x25252100202D3D086948706018799326100202255201013E01071DFF0FFFFF6D
423,4095,261002022737,0x25252100202D3E086948706018799326100202273701013E01071DFF0FFFFF6D
424,4095,261002022922,0x25252100202D40086948706018799326100202292201013E01071DFF0FFFFF6D
425,4095,261002023107,0x25252100202D41086948706018799326100202310701013E01071DFF0FFFFF6D
426,4095,261002023252,0x25252100202D43086948706018799326100202325201013E01071EFF0FFFFF23
427,4095,261002023437,0x25252100202D44086948706018799326100202343701013E01071EFF0FFFFF23
428,4095,261002023622,0x25252100202D45086948706018799326100202362201013E01071EFF0FFFFF23
429,4095,261002023807,0x25252100202D47086948706018799326100202380701013E01071EFF0FFFFF23
430,4095,261002023952,0x25252100202D48086948706018799326100202395201013E01071EFF0FFFFF23
431,4095,261002024137,0x25252100202D4A086948706018799326100202413701013E01071EFF0FFFFF23
432,4095,261002024322,0x25252100202D4B086948706018799326100202432201013E01071EFF0FFFFF23
433,4095,261002024507,0x25252100202D4C086948706018799326100202450701013E01071EFF0FFFFF23
434,4095,261002024652,0x25252100202D4E086948706018799326100202465201013E01071EFF0FFFFF23
435,4095,261002024837,0x25252100202D4F086948706018799326100202483701013E01071DFF0FFFFF6D
436,4095,261002025022,0x25252100202D51086948706018799326100202502201013E01071DFF0FFFFF6D
437,4095,261002025207,0x25252100202D52086948706018799326100202520701013E01071DFF0FFFFF6D
438,4095,261002025352,0x25252100202D53086948706018799326100202535201013E01071DFF0FFFFF6D
439,4095,261002025537,0x25252100202D55086948706018799326100202553701013E01071DFF0FFFFF6D
440,4095,261002025722,0x25252100202D56086948706018799326100202572201013E01071DFF0FFFFF6D
441,4095,261002025907,0x25252100202D58086948706018799326100202590701013E01071DFF0FFFFF6D
442,4095,261002030052,0x25252100202D59086948706018799326100203005201013E01071DFF0FFFFF6D
443,4095,261002030237,0x25252100202D5B086948706018799326100203023701013E01071DFF0FFFFF6D
444,4095,261002030422,0x25252100202D5C086948706018799326100203042201013E01071DFF0FFFFF6D
445,4095,261002030607,0x25252100202D5D086948706018799326100203060701013E01071DFF0FFFFF6D
446,4095,261002030752,0x25252100202D5F086948706018799326100203075201013E01071DFF0FFFFF6D
447,4095,261002030937,0x25252100202D60086948706018799326100203093701013E01071DFF0FFFFF6D
448,4095,261002031122,0x25252100202D62086948706018799326100203112201013E01071DFF0FFFFF6D
449,4095,261002031307,0x25252100202D63086948706018799326100203130701013E01071EFF0FFFFF23
450,4095,261002031452,0x25252100202D64086948706018799326100203145201013E01071EFF0FFFFF23
451,4095,261002031637,0x25252100202D66086948706018799326100203163701013E01071EFF0FFFFF23
452,4095,261002031822,0x25252100202D67086948706018799326100203182201013E01071EFF0FFFFF23
453,4095,261002032007,0x25252100202D69086948706018799326100203200701013E01071EFF0FFFFF23
454,4095,261002032152,0x25252100202D6A086948706018799326100203215201013E01071EFF0FFFFF23
455,4095,261002032337,0x25252100202D6B086948706018799326100203233701013E01071EFF0FFFFF23
456,4095,261002032522,0x25252100202D6D086948706018799326100203252201013E01071EFF0FFFFF23
457,4095,261002032707,0x25252100202D6E086948706018799326100203270701013E01071EFF0FFFFF23
458,4095,261002032852,0x25252100202D70086948706018799326100203285201013E01071EFF0FFFFF23
459,4095,261002033037,0x25252100202D71086948706018799326100203303701013E01071DFF0FFFFF6D
460,4095,261002033222,0x25252100202D73086948706018799326100203322201013E01071EFF0FFFFF23
461,4095,261002033407,0x25252100202D74086948706018799326100203340701013E01071EFF0FFFFF23
462,4095,261002033552,0x25252100202D75086948706018799326100203355201013E01071EFF0FFFFF23
463,4095,261002033737,0x25252100202D77086948706018799326100203373701013E01071EFF0FFFFF23
464,4095,261002033923,0x25252100202D78086948706018799326100203392301013E01071EFF0FFFFF23
465,4095,261002034108,0x25252100202D7A086948706018799326100203410801013E01071EFF0FFFFF23
466,4095,261002034253,0x25252100202D7B086948706018799326100203425301013E01071FFF0FFFFFEE
467,4095,261002034438,0x25252100202D7C086948706018799326100203443801013E01071FFF0FFFFFEE
468,4095,261002034623,0x25252100202D7E086948706018799326100203462301013E010720FF0FFFFF05
469,4095,261002034808,0x25252100202D7F086948706018799326100203480801013E010720FF0FFFFF05
470,4095,261002034953,0x25252100202D81086948706018799326100203495301013E010720FF0FFFFF05
471,4095,261002035138,0x25252100202D82086948706018799326100203513801013E010720FF0FFFFF05
472,4095,261002035323,0x25252100292D83086948706018799326100203532301013E010721FF0FFFFFC83E02071B290F94F23A
473,4095,261002035508,0x25252100202D84086948706018799326100203550801013E010721FF0FFFFFC8
474,4095,261002035653,0x25252100202D85086948706018799326100203565301013E010721FF0FFFFFC8
475,4095,261002035838,0x25252100202D87086948706018799326100203583801013E010721FF0FFFFFC8
476,4095,261002040023,0x25252100202D88086948706018799326100204002301013E010721FF0FFFFFC8
477,4095,261002040208,0x25252100202D8A086948706018799326100204020801013E010721FF0FFFFFC8
478,4095,261002040353,0x25252100202D8B086948706018799326100204035301013E010721FF0FFFFFC8
479,4095,261002040538,0x25252100202D8C086948706018799326100204053801013E010721FF0FFFFFC8
480,4095,261002040723,0x25252100202D8E086948706018799326100204072301013E010721FF0FFFFFC8
481,4095,261002040908,0x25252100202D8F086948706018799326100204090801013E010721FF0FFFFFC8
482,4095,261002041053,0x25252100202D91086948706018799326100204105301013E010720FF0FFFFF05
483,4095,261002041238,0x25252100202D92086948706018799326100204123801013E010720FF0FFFFF05
484,4095,261002041423,0x25252100202D93086948706018799326100204142301013E01071FFF0FFFFFEE
485,4095,261002041608,0x25252100202D95086948706018799326100204160801013E01071EFF0FFFFF23
486,4082,261002041753,0x25252100202D96086948706018799326100204175301013E01071EF20F22FF6F
487,4056,261002041938,0x25252100202D98086948706018799326100204193801013E01071ED80F81FD03
488,4095,261002042123,0x25252100202D99086948706018799326100204212301013E01071EFF0FFFFF23
489,4068,261002042308,0x25252100292D9A086948706018799326100204230801013E01071EE40F4CFE863E02071ABB0EB0EB41
490,4095,261002042453,0x25252100202D9B086948706018799326100204245301013E01071EFF0FFFFF23
491,4095,261002042638,0x25252100202D9C086948706018799326100204263801013E01071DFF0FFFFF6D
492,4095,261002042823,0x25252100202D9E086948706018799326100204282301013E01071DFF0FFFFF6D
493,4095,261002043008,0x25252100202D9F086948706018799326100204300801013E01071DFF0FFFFF6D
494,4095,261002043153,0x25252100202DA1086948706018799326100204315301013E01071DFF0FFFFF6D
495,4075,261002043338,0x25252100202DA2086948706018799326100204333801013E01071DEB0FBCFECB
496,4094,261002043523,0x25252100202DA3086948706018799326100204352301013E01071DFE0FE8FF60
497,4063,261002043708,0x25252100202DA5086948706018799326100204370801013E01071EDF0FFCFDBA
498,4094,261002043853,0x25252100202DA6086948706018799326100204385301013E01071EFE0FE4FF63
499,4083,261002044038,0x25252100202DA8086948706018799326100204403801013E01071EF30F3BFFBE
500,4095,261002044223,0x25252100202DA9086948706018799326100204422301013E01071EFF0FFFFF23
501,4038,261002044408,0x25252100202DAA086948706018799326100204440801013E01071EC60F6AFC26
502,4067,261002044553,0x25252100202DAC086948706018799326100204455301013E01071EE30F3FFEE3
503,4060,261002044738,0x25252100202DAD086948706018799326100204473801013E01071EDC0FC5FDAD
504,4072,261002044923,0x25252100202DAF086948706018799326100204492301013E01071EE80F8FFE75
505,4064,261002045108,0x25252100202DB0086948706018799326100204510801013E01071EE00F07FE30
506,4061,261002045253,0x25252100222DB1086948706018799326100204525301013E01071FDD0FD7B28AEA76
507,4068,261002045438,0x25252100202DB2086948706018799326100204543801013E01071FE40F4EFEDA
508,4066,261002045623,0x25252100202DB3086948706018799326100204562301013E01071FE20F2BFE76
509,4095,261002045808,0x25252100202DB5086948706018799326100204580801013E01071FFF0FFFFFEE
510,4095,261002045953,0x25252100202DB6086948706018799326100204595301013E01071FFF0FFFFFEE
511,4064,261002050138,0x25252100202DB8086948706018799326100205013801013E01071FE00F0CFEDE
512,4063,261002050323,0x25252100202DB9086948706018799326100205032301013E01071EDF0FF3FDA2
513,4054,261002050508,0x25252100202DBA086948706018799326100205050801013E01071ED60F69FD15
514,4085,261002050653,0x25252100202DBC086948706018799326100205065301013E01071EF50F5EFF12
515,4095,261002050838,0x25252100202DBD086948706018799326100205083801013E01071EFF0FFFFF23
516,4095,261002051023,0x25252100202DBF086948706018799326100205102300013E01071FFF0FFFFFEE
517,4095,261002051208,0x25252100202DC0086948706018799326100205120800013E01071FFF0FFFFFEE
518,4095,261002051353,0x25252100202DC1086948706018799326100205135300013E01071FFF0FFFFFEE
519,4095,261002051538,0x25252100202DC3086948706018799326100205153800013E01071FFF0FFFFFEE
520,4095,261002051723,0x25252100202DC4086948706018799326100205172300013E01071FFF0FFFFFEE
521,4095,261002051908,0x25252100202DC6086948706018799326100205190800013E01071FFF0FFDFF7F
522,4095,261002052053,0x25252100202DC7086948706018799326100205205300013E01071FFF0FF4FFCD
523,4056,261002052423,0x25252100202DC9086948706018799326100205242301013E01071ED80F84FDFC
524,4068,261002052608,0x25252100202DCA086948706018799326100205260801013E01071EE40F45FE34
525,4065,261002052753,0x25252100202DCC086948706018799326100205275301013E01071EE10F11FEF9
526,4055,261002052938,0x25252100202DCD086948706018799326100205293801013E01071ED70F7BFDE7
527,4055,261002053123,0x25252100202DCF086948706018799326100205312301013E01071ED70F79FD76
528,4071,261002053308,0x25252100202DD0086948706018799326100205330801013E01071EE70F75FE91
529,4058,261002053453,0x25252100202DD1086948706018799326100205345301013E01071EDA0FABFD22
530,4045,261002053638,0x25252100202DD3086948706018799326100205363801013E01071ECD0FD3FC02
531,4046,261002053823,0x25252100202DD4086948706018799326100205382301013E01071ECE0FE5FC0D
532,4074,261002054008,0x25252100202DD6086948706018799326100205400801013E01071EEA0FADFE22
533,4067,261002054153,0x25252100202DD7086948706018799326100205415301013E01071EE30F37FE95
534,4074,261002054338,0x25252100202DD8086948706018799326100205433801013E01071EEA0FA2FE3A
535,4051,261002054523,0x25252100202DDA086948706018799326100205452301013E01071ED30F35FDAE
536,4079,261002054708,0x25252100202DDB086948706018799326100205470801013E01071EEF0FFCFE10
537,4094,261002054853,0x25252100202DDD086948706018799326100205485301013E01071FFE0FE5FF6A
538,4047,261002055038,0x25252100202DDE086948706018799326100205503801013E01071FCF0FFEFC80
539,4046,261002055408,0x25252100202DE0086948706018799326100205540801013E01071FCE0FE1FCFB
540,4044,261002055553,0x25252100202DE1086948706018799326100205555301013E01071FCC0FCEFC25
541,4034,261002055738,0x25252100202DE3086948706018799326100205573801013E01071EC20F29FCE6
542,4035,261002055923,0x25252100202DE4086948706018799326100205592301013E01071EC30F38FC41
543,4021,261002060108,0x25252100202DE6086948706018799326100206010801013E01071EB50F53FB1A
544,3973,261002060253,0x25252100202DE7086948706018799326100206025301013E01071E850F5BF8C6
545,3968,261002060438,0x25252100202DE8086948706018799326100206043801013E01071E800F0DF89A
546,4006,261002060623,0x25252100202DEA086948706018799326100206062301013E01071EA60F6AFA6B
547,3996,261002060808,0x25252100202DEB086948706018799326100206080801013E01071D9C0FCDF914
548,3994,261002060953,0x25252100202DED086948706018799326100206095301013E01071D9A0FA5F931
549,3998,261002061138,0x25252100202DEE086948706018799326100206113801013E01071D9E0FE9F9E9
550,4009,261002061323,0x25252100202DEF086948706018799326100206132301013E01071DA90F98FAB7
551,3962,261002061508,0x25252100202DF1086948706018799326100206150801013E01071E7A0FAFF7CE
552,3918,261002061653,0x25252100202DF2086948706018799326100206165301013E01071E4E0FE0F4E9
553,3928,261002061839,0x25252100202DF4086948706018799326100206183901013E01071E580F85F523
554,3912,261002062024,0x25252100202DF5086948706018799326100206202400013E01071E480F86F410
555,3877,261002062354,0x25252100202DF7086948706018799326100206235400013E01071E250F5CF27F
556,3860,261002062539,0x25252100202DF8086948706018799326100206253900013E01071E140F4AF11C
557,3844,261002062724,0x25252100202DFA086948706018799326100206272400013E01071E040F43F0C8
558,3828,261002062909,0x25252100202DFB086948706018799326100206290900013E01071EF40E43EFCE
559,3812,261002063054,0x25252100202DFD086948706018799326100206305400013E01071EE40E48EE8B
560,3797,261002063239,0x25252100202DFE086948706018799326100206323900013E01071ED50E54ED0F
561,3782,261002063424,0x25252100202DFF086948706018799326100206342400013E01071EC60E61EC33
562,3767,261002063609,0x25252100202E01086948706018799326100206360900013E01071EB70E77EBD1
563,3753,261002063754,0x25252100202E02086948706018799326100206375400013E01071EA90E97EAD7
564,3739,261002063939,0x25252100202E04086948706018799326100206393900013E01071E9B0EB9E967
565,3726,261002064124,0x25252100202E05086948706018799326100206412400013E01071E8E0EE3E810
566,3713,261002064309,0x25252100202E06086948706018799326100206430900013E01071E810E12E8D7
567,3700,261002064454,0x25252100202E08086948706018799326100206445400013E01071E740E44E7BB
568,3687,261002064639,0x25252100202E09086948706018799326100206463900013E01071E670E7BE660
569,3675,261002064824,0x25252100202E0B086948706018799326100206482400013E01071E5B0EBAE5A8
570,3664,261002065009,0x25252100202E0C086948706018799326100206500900013E01071E500E00E5D9
571,3641,261002065339,0x25252100202E0E086948706018799326100206533900013E01071E390E9BE3E7
572,3630,261002065524,0x25252100202E0F086948706018799326100206552400013E01071E2E0EEDE21B
573,3620,261002065709,0x25252100202E11086948706018799326100206570900013E01071E240E43E232
574,3610,261002065854,0x25252100202E12086948706018799326100206585400013E01071E1A0EA1E169
575,3600,261002070039,0x25252100202E14086948706018799326100207003900013E01071E100E02E1C9
576,3590,261002070224,0x25252100202E15086948706018799326100207022400013E01071E060E69E0DF
577,3581,261002070409,0x25252100202E16086948706018799326100207040900013E01071EFD0DD5DF6E
578,3572,261002070554,0x25252100202E18086948706018799326100207055400013E01071EF40D44DFFA
579,3563,261002070739,0x25252100202E19086948706018799326100207073900013E01071EEB0DB8DED2
580,3555,261002070924,0x25252100202E1B086948706018799326100207092400013E01071EE30D30DE97
581,3546,261002071109,0x25252100202E1C086948706018799326100207110900013E01071EDA0DAADD8A
582,3538,261002071254,0x25252100202E1D086948706018799326100207125400013E01071ED20D2ADDB9
583,3530,261002071439,0x25252100202E1F086948706018799326100207143900013E01071ECA0DAFDC13
584,3523,261002071624,0x25252100202E20086948706018799326100207162400013E01071EC30D3ADCBC
585,3516,261002071809,0x25252100202E22086948706018799326100207180900013E01071EBC0DC5DB8C
586,3509,261002071954,0x25252100202E23086948706018799326100207195400013E01071EB50D54DB18
587,3502,261002072139,0x25252100202E25086948706018799326100207213900013E01071EAE0DEADA34
588,3496,261002072324,0x25252100202E26086948706018799326100207232400013E01071EA80D82DA11
589,3489,261002072509,0x25252100202E27086948706018799326100207250900013E01071EA10D1BDAF3
590,3483,261002072654,0x25252100202E29086948706018799326100207265400013E01071E9B0DB8D9F9
591,3477,261002072839,0x25252100202E2A086948706018799326100207283900013E01071E950D58D999
592,3471,261002073024,0x25252100202E2C086948706018799326100207302400013E01071E8F0DFCD831
593,3466,261002073209,0x25252100202E2D086948706018799326100207320900013E01071E8A0DA3D8DF
594,3460,261002073354,0x25252100202E2E086948706018799326100207335400013E01071E840D4ED836
595,3455,261002073539,0x25252100202E30086948706018799326100207353900013E01071E7F0DFAD7AB
596,3450,261002073724,0x25252100202E31086948706018799326100207372400013E01071E7A0DABD799
597,3445,261002073909,0x25252100202E33086948706018799326100207390900013E01071D750D5DD77E
598,3441,261002074054,0x25252100202E34086948706018799326100207405400013E01071D710D13D737
599,3436,261002074239,0x25252100202E35086948706018799326100207423900013E01071D6C0DCBD6E2
600,3432,261002074424,0x25252100202E37086948706018799326100207442400013E01071D680D85D6AB
601,3428,261002074609,0x25252100202E38086948706018799326100207460900013E01071D640D44D6C9
602,3424,261002074754,0x25252100202E3A086948706018799326100207475400013E01071D600D02D6F6
603,3420,261002074939,0x25252100202E3B086948706018799326100207493900013E01071D5C0DC5D594
604,3416,261002075124,0x25252100202E3D086948706018799326100207512400013E01071D580D8CD5B3
605,3413,261002075309,0x25252100202E3E086948706018799326100207530900013E01071D550D52D5AA
606,3409,261002075454,0x25252100202E3F086948706018799326100207545400013E01071D510D1DD527
607,3406,261002075639,0x25252100202E41086948706018799326100207563900013E01071D4E0DE9D479
608,3403,261002075824,0x25252100202E42086948706018799326100207582400013E01071D4B0DB7D453
609,3400,261002080009,0x25252100202E44086948706018799326100208000900013E01071D480D86D432
610,3397,261002080154,0x25252100202E45086948706018799326100208015400013E01071D450D55D4A2
611,3394,261002080339,0x25252100202E46086948706018799326100208033900013E01071D420D2AD48A
612,3392,261002080524,0x25252100202E48086948706018799326100208052400013E01071D400D00D4AB
613,3389,261002080709,0x25252100202E49086948706018799326100208070900013E01071D3D0DD7D32B
614,3387,261002080854,0x25252100202E4B086948706018799326100208085400013E01071D3B0DB0D316
615,3384,261002081039,0x25252100202E4C086948706018799326100208103900013E01071D380D89D301
616,3382,261002081224,0x25252100202E4D086948706018799326100208122400013E01071D360D66D379
617,3380,261002081409,0x25252100202E4F086948706018799326100208140900013E01071D340D45D3EA
618,3378,261002081554,0x25252100202E50086948706018799326100208155400013E01071D320D23D313
619,3376,261002081739,0x25252100202E52086948706018799326100208173900013E01071D300D03D3D5
620,3374,261002081924,0x25252100202E53086948706018799326100208192400013E01071D2E0DE9D234
621,3372,261002082109,0x25252100202E55086948706018799326100208210900013E01071D2C0DCAD2A7
622,3370,261002082254,0x25252100202E56086948706018799326100208225400013E01071D2A0DAFD20B
623,3369,261002082439,0x25252100202E57086948706018799326100208243900013E01071D290D95D249
624,3367,261002082624,0x25252100202E59086948706018799326100208262400013E01071D270D7CD29B
625,3366,261002082809,0x25252100202E5A086948706018799326100208280900013E01071D260D65D24A
626,3364,261002082954,0x25252100202E5C086948706018799326100208295400013E01071D240D4ED2AF
627,3363,261002083139,0x25252100202E5D086948706018799326100208313900013E01071D230D37D22D
628,3362,261002083324,0x25252100202E5E086948706018799326100208332400013E01071D220D20D220
629,3360,261002083509,0x25252100202E60086948706018799326100208350900013E01071D200D0BD2C5
630,3359,261002083654,0x25252100202E61086948706018799326100208365400013E01071D1F0DF5D1B0
631,3357,261002083839,0x25252100202E63086948706018799326100208383900013E01071D1D0DDFD191
632,3356,261002084024,0x25252100202E64086948706018799326100208402400013E01071D1C0DCDD163
633,3355,261002084209,0x25252100202E65086948706018799326100208420900013E01071D1B0DBDD153
634,3354,261002084354,0x25252100202E67086948706018799326100208435400013E01071D1A0DACD1F4
635,3353,261002084539,0x25252100202E68086948706018799326100208453900013E01071D190D9BD13F
636,3353,261002084724,0x25252100202E6A086948706018799326100208472400013E01071D190D91D1D8
637,3352,261002084909,0x25252100202E6B086948706018799326100208490900013E01071D180D86D1D5
638,3351,261002085055,0x25252100202E6D086948706018799326100208505500013E01071D170D77D112
639,3350,261002085239,0x25252100202E6E086948706018799326100208523900013E01071D160D69D1AD
640,3349,261002085424,0x25252100202E6F086948706018799326100208542400013E01071D150D5FD1A2
641,3349,261002085609,0x25252100202E71086948706018799326100208560900013E01071D150D54D181
642,3348,261002085755,0x25252100202E72086948706018799326100208575500013E01071D140D49D16B
643,3347,261002085940,0x25252100202E74086948706018799326100208594000013E01071D130D3ED135
644,3347,261002090125,0x25252100202E75086948706018799326100209012500013E01071C130D37D14A
645,3346,261002090310,0x25252100202E76086948706018799326100209031000013E01071C120D2ED19B
646,3346,261002090455,0x25252100202E78086948706018799326100209045500013E01071C120D26D1ED
647,3345,261002090640,0x25252100202E79086948706018799326100209064000013E01071C110D1ED13E
648,3345,261002090825,0x25252100202E7B086948706018799326100209082500013E01071C110D17D18C
649,3344,261002091010,0x25252100202E7C086948706018799326100209101000013E01071C100D0ED15D
650,3344,261002091155,0x25252100202E7D086948706018799326100209115500013E01071C100D07D1EF
651,3344,261002091340,0x25252100202E7F086948706018799326100209134000013E01071C100D00D181
652,3344,261002091525,0x25252100202E80086948706018799326100209152500013E01071C100D00D181
653,3343,261002091710,0x25252100202E82086948706018799326100209171000013E01071C0F0DFBD0C7
654,3343,261002091855,0x25252100202E83086948706018799326100209185500013E01071C0F0DFBD0C7
655,3343,261002092040,0x25252100202E85086948706018799326100209204000013E01071C0F0DF5D01B
656,3343,261002092225,0x25252100202E86086948706018799326100209222500013E01071C0F0DF2D075
657,3342,261002092410,0x25252100202E87086948706018799326100209241000013E01071C0E0DEED05B
658,3342,261002092555,0x25252100202E89086948706018799326100209255500013E01071C0E0DECD0CA
659,3342,261002092740,0x25252100202E8A086948706018799326100209274000013E01071C0E0DE7D0E9
660,3342,261002092925,0x25252100202E8C086948706018799326100209292500013E01071C0E0DE4D0BC
661,3342,261002093110,0x25252100202E8D086948706018799326100209311000013E01071C0E0DE0D087
662,3341,261002093255,0x25252100202E8E086948706018799326100209325500013E01071C0D0DDFD03A
663,3341,261002093440,0x25252100202E90086948706018799326100209344000013E01071C0D0DDCD06F
664,3341,261002093625,0x25252100202E91086948706018799326100209362500013E01071C0D0DD7D04C
665,3341,261002093810,0x25252100202E93086948706018799326100209381000013E01071C0D0DD4D019
666,3341,261002093955,0x25252100202E94086948706018799326100209395500013E01071C0D0DD3D077
667,3340,261002094140,0x25252100202E95086948706018799326100209414000013E01071C0C0DCFD059
668,3340,261002094325,0x25252100202E97086948706018799326100209432500013E01071C0C0DCDD0C8
669,3340,261002094510,0x25252100202E98086948706018799326100209451000013E01071C0C0DCAD0A6
670,3340,261002094655,0x25252100202E9A086948706018799326100209465500013E01071C0C0DC7D02F
671,3340,261002094840,0x25252100202E9B086948706018799326100209484000013E01071C0C0DC4D07A
672,3340,261002095025,0x25252100202E9D086948706018799326100209502500013E01071C0C0DC2D0D0
673,3339,261002095210,0x25252100202E9E086948706018799326100209521000013E01071C0B0DBFD069
674,3339,261002095355,0x25252100202E9F086948706018799326100209535500013E01071C0B0DBFD069
675,3339,261002095540,0x25252100202EA1086948706018799326100209554000013E01071C0B0DBED0AD
676,3339,261002095725,0x25252100202EA2086948706018799326100209572500013E01071C0B0DBBD052
677,3339,261002095910,0x25252100202EA4086948706018799326100209591000013E01071C0B0DBAD096
678,3339,261002100055,0x25252100202EA5086948706018799326100210005500013E01071C0B0DB8D007
679,3339,261002100240,0x25252100202EA6086948706018799326100210024001013E01071C0B0DBAD096
680,3344,261002100425,0x25252100202EA8086948706018799326100210042501013E01071C100D07D1EF
681,3349,261002100610,0x25252100202EA9086948706018799326100210061001013E01071C150D51D1B3
682,3353,261002100755,0x25252100202EAB086948706018799326100210075501013E01071C190D9CD19C
683,3358,261002100940,0x25252100202EAC086948706018799326100210094001013E01071C1E0DE6D14B
684,3362,261002101125,0x25252100202EAD086948706018799326100210112501013E01071C220D2ED231
685,3373,261002101310,0x25252100202EAF086948706018799326100210131001013E01071C2D0DDDD267
686,3423,261002101455,0x25252100202EB0086948706018799326100210145501013E01071C5F0DF6D5A9
687,3419,261002101640,0x25252100202EB2086948706018799326100210164001013E01071B5B0DBED51B
688,3459,261002101825,0x25252100202EB3086948706018799326100210182501013E01071B830D3DD881
689,3477,261002102010,0x25252100202EB5086948706018799326100210201001013E01071B950D52D9AC
690,3453,261002102155,0x25252100202EB6086948706018799326100210215501013E01071B7D0DDCD715
691,3493,261002102340,0x25252100202EB7086948706018799326100210234001013E01071BA50D54DAAC
692,3468,261002102525,0x25252100202EB9086948706018799326100210252501013E01071B8C0DCED8D7
693,3510,261002102710,0x25252100202EBA086948706018799326100210271001013E01071BB60D68DB22
694,3506,261002102855,0x25252100202EBC086948706018799326100210285501013E01071AB20D2EDBD0
695,3493,261002103040,0x25252100202EBD086948706018799326100210304001013E01071AA50D50DA5A
696,3513,261002103225,0x25252100202EBE086948706018799326100210322501013E01071AB90D9EDB46
697,3532,261002103410,0x25252100202EC0086948706018799326100210341001013E01071BCC0DCEDC56
698,3530,261002103555,0x25252100202EC1086948706018799326100210355501013E01071BCA0DAADC3E
699,3528,261002103740,0x25252100202EC3086948706018799326100210374001013E01071BC80D8FDC07
700,3529,261002103925,0x25252100202EC4086948706018799326100210392501013E01071BC90D92DCED
701,3555,261002104110,0x25252100202EC5086948706018799326100210411001013E01071BE30D35DEBA
702,3563,261002104255,0x25252100202EC7086948706018799326100210425501013E01071BEB0DB6DEDC
703,3581,261002104440,0x25252100202EC8086948706018799326100210444001013E01071AFD0DDADF69
704,3558,261002104625,0x25252100202ECA086948706018799326100210462501013E01071AE60D69DECC
705,3565,261002104810,0x25252100202ECB086948706018799326100210481001013E01071AED0DDADE0F
706,3569,261002104955,0x25252100202ECD086948706018799326100210495501013E01071AF10D18DF5E
707,3576,261002105140,0x25252100202ECE086948706018799326100210514001013E01071AF80D84DF43
708,3575,261002105325,0x25252100202ECF086948706018799326100210532501013E01071BF70D77DFD8
709,3581,261002105510,0x25252100202ED1086948706018799326100210551001013E01071BFD0DDDDFCA
710,3606,261002105655,0x25252100202ED2086948706018799326100210565501013E01071B160E65E126
711,3602,261002105840,0x25252100202ED4086948706018799326100210584001013E01071B120E2EE190
712,3608,261002110025,0x25252100202ED5086948706018799326100211002501013E01071C180E8AE10F
713,3614,261002110210,0x25252100202ED6086948706018799326100211021001013E01071C1E0EE5E144
714,3614,261002110355,0x25252100202ED8086948706018799326100211035501013E01071C1E0EEDE132
715,3621,261002110540,0x25252100202ED9086948706018799326100211054001013E01071B250E52E247
716,3617,261002110725,0x25252100202EDB086948706018799326100211072501013E01071B210E1AE2A4
717,3630,261002110910,0x25252100202EDC086948706018799326100211091001013E01071B2E0EEDE2C9
718,3643,261002111055,0x25252100202EDD086948706018799326100211105501013E01071B3B0EB7E3BE
719,3641,261002111240,0x25252100202EDF086948706018799326100211124001013E01071B390E99E3A4
720,3640,261002111425,0x25252100202EE0086948706018799326100211142501013E01071B380E8CE338
721,3646,261002111610,0x25252100202EE2086948706018799326100211161001013E01071B3E0EE4E31D
722,3647,261002111755,0x25252100202EE3086948706018799326100211175501013E01071B3F0EFBE366
723,3644,261002111940,0x25252100202EE5086948706018799326100211194001013E01071B3C0EC9E352
724,3642,261002112125,0x25252100202EE6086948706018799326100211212501013E01071B3A0EADE33A
725,3659,261002112310,0x25252100202EE7086948706018799326100211231001013E01071B4B0EB4E4C0
726,3643,261002112455,0x25252100202EE9086948706018799326100211245501013E01071B3B0EB4E3EB
727,3645,261002112640,0x25252100202EEA086948706018799326100211264001013E01071B3D0EDDE30A
728,3667,261002112825,0x25252100202EEC086948706018799326100211282501013E01071B530E31E56A
729,3665,261002113010,0x25252100202EED086948706018799326100211301001013E01071B510E15E597
730,3685,261002113155,0x25252100202EEE086948706018799326100211315501013E01071B650E5BE674
731,3676,261002113340,0x25252100202EF0086948706018799326100211334001013E01071B5C0EC2E53C
732,3683,261002113525,0x25252100202EF1086948706018799326100211352501013E01071B630E36E6AE
733,3679,261002113711,0x25252100202EF3086948706018799326100211371101013E01071B5F0EF4E533
734,3672,261002113856,0x25252100202EF4086948706018799326100211385601013E01071B580E88E54E
735,3680,261002114041,0x25252100202EF5086948706018799326100211404101013E01071B600E08E6D7
736,3679,261002114226,0x25252100202EF7086948706018799326100211422601013E01071B5F0EF8E57E
737,3683,261002114411,0x25252100202EF8086948706018799326100211441101013E01071B630E33E651
738,3696,261002114556,0x25252100202EFA086948706018799326100211455601013E01071B700E0AE720
739,3718,261002114741,0x25252100202EFB086948706018799326100211474101013E01071C860E62E864
740,3722,261002114926,0x25252100202EFD086948706018799326100211492601013E01071C8A0EA7E83D
741,3727,261002115111,0x25252100202EFE086948706018799326100211511101013E01071C8F0EF2E834
742,3727,261002115256,0x25252100202EFF086948706018799326100211525601013E01071C8F0EFDE82C
743,3728,261002115441,0x25252100202F01086948706018799326100211544101013E01071C900E0EE91C
744,3729,261002115626,0x25252100202F02086948706018799326100211562601013E01071C910E14E998
745,3729,261002115811,0x25252100202F04086948706018799326100211581101013E01071C910E1BE980
746,3730,261002115956,0x25252100202F05086948706018799326100211595601013E01071B920E29E9E5
747,3731,261002120141,0x25252100202F06086948706018799326100212014101013E01071B930E33E961
748,3731,261002120326,0x25252100202F08086948706018799326100212032601013E01071B930E3EE9E8
749,3732,261002120511,0x25252100202F09086948706018799326100212051101013E01071B940E4CE949
750,3733,261002120656,0x25252100202F0B086948706018799326100212065601013E01071B950E55E998
751,3734,261002120841,0x25252100202F0C086948706018799326100212084101013E01071B960E62E953
752,3734,261002121026,0x25252100202F0D086948706018799326100212102601013E01071B960E6BE9E1
753,3735,261002121211,0x25252100202F0F086948706018799326100212121101013E01071C970E71E934
754,3735,261002121356,0x25252100202F10086948706018799326100212135601013E01071B970E7DE928
755,3736,261002121541,0x25252100202F12086948706018799326100212154101013E01071B980E85E95D
756,3736,261002121726,0x25252100202F13086948706018799326100212172601013E01071C980E8EE92F
757,3737,261002121911,0x25252100202F15086948706018799326100212191101013E01071B990E96E96B
758,3737,261002122056,0x25252100202F16086948706018799326100212205601013E01071B990E9DE948
759,3738,261002122241,0x25252100202F17086948706018799326100212224101013E01071B9A0EA4E95F
760,3738,261002122426,0x25252100202F19086948706018799326100212242601013E01071B9A0EABE947
761,3739,261002122611,0x25252100202F1A086948706018799326100212261101013E01071B9B0EB0E907
762,3739,261002122756,0x25252100202F1C086948706018799326100212275601013E01071B9B0EB5E9F8
763,3739,261002122941,0x25252100202F1D086948706018799326100212294101013E01071B9B0EB9E9B5
764,3739,261002123126,0x25252100202F1E086948706018799326100212312601013E01071B9B0EBCE94A
765,3740,261002123311,0x25252100202F20086948706018799326100212331101013E01071C9C0EC0E966
766,3740,261002123456,0x25252100202F21086948706018799326100212345600013E01071B9C0EC4E90C
767,3740,261002123641,0x25252100202F23086948706018799326100212364100013E01071C9C0ECDE9EF
768,3741,261002123826,0x25252100202F24086948706018799326100212382600013E01071C9D0ED7E96B
769,3741,261002124011,0x25252100202F25086948706018799326100212401100013E01071C9D0EDFE91D
770,3742,261002124156,0x25252100202F27086948706018799326100212415600013E01071C9E0EE2E931
771,3742,261002124341,0x25252100202F28086948706018799326100212434100013E01071C9E0EE6E90A
772,3742,261002124526,0x25252100202F2A086948706018799326100212452600013E01071C9E0EEAE947
773,3742,261002124711,0x25252100202F2B086948706018799326100212471100013E01071C9E0EEDE929
774,3743,261002124856,0x25252100202F2D086948706018799326100212485600013E01071C9F0EF0E9C3
775,3743,261002125041,0x25252100202F2E086948706018799326100212504100013E01071C9F0EF5E93C
776,3743,261002125226,0x25252100202F2F086948706018799326100212522600013E01071C9F0EF8E9B5
777,3743,261002125411,0x25252100202F31086948706018799326100212541100013E01071C9F0EF9E971
778,3743,261002125556,0x25252100202F32086948706018799326100212555600013E01071C9F0EFCE98E
779,3743,261002125741,0x25252100202F34086948706018799326100212574100013E01071C9F0EFCE98E
780,3743,261002125926,0x25252100202F35086948706018799326100212592600013E01071D9F0EFEE9D2
781,3743,261002130111,0x25252100202F36086948706018799326100213011100013E01071D9F0EFFE916
782,3744,261002130256,0x25252100202F38086948706018799326100213025600013E01071DA00E02EA36
783,3744,261002130441,0x25252100202F39086948706018799326100213044100013E01071DA00E02EA36
784,3744,261002130626,0x25252100202F3B086948706018799326100213062600013E01071DA00E05EA58
785,3744,261002130811,0x25252100202F3C086948706018799326100213081100013E01071DA00E06EA0D
786,3744,261002130956,0x25252100202F3D086948706018799326100213095600013E01071DA00E09EA15
787,3744,261002131141,0x25252100202F3F086948706018799326100213114100013E01071DA00E0BEA84
788,3744,261002131326,0x25252100202F40086948706018799326100213132600013E01071DA00E0BEA84
789,3744,261002131511,0x25252100202F42086948706018799326100213151100013E01071DA00E0CEAEA
790,3744,261002131656,0x25252100202F43086948706018799326100213165600013E01071DA00E0DEA2E
791,3744,261002131841,0x25252100202F45086948706018799326100213184100013E01071CA00E0FEA72
792,3745,261002132026,0x25252100202F46086948706018799326100213202600013E01071CA10E10EA09
793,3744,261002132211,0x25252100202F47086948706018799326100213221100013E01071CA00E0EEAB6
794,3745,261002132356,0x25252100202F49086948706018799326100213235600013E01071CA10E10EA09
795,3744,261002132541,0x25252100202F4A086948706018799326100213254100013E01071CA00E0EEAB6
796,3744,261002132726,0x25252100202F4C086948706018799326100213272600013E01071CA00E0FEA72
797,3745,261002132911,0x25252100202F4D086948706018799326100213291100013E01071CA10E12EA98
798,3745,261002133056,0x25252100202F4E086948706018799326100213305600013E01071CA10E11EACD
799,3745,261002133241,0x25252100202F50086948706018799326100213324100013E01071DA10E12EA55
800,3745,261002133426,0x25252100202F51086948706018799326100213342600013E01071DA10E13EA91
801,3745,261002133611,0x25252100202F53086948706018799326100213361100013E01071CA10E10EA09
802,3745,261002133756,0x25252100202F54086948706018799326100213375600013E01071DA10E10EAC4
803,3745,261002133941,0x25252100202F55086948706018799326100213394100013E01071DA10E10EAC4
804,3745,261002134126,0x25252100202F57086948706018799326100213412600013E01071DA10E11EA00
805,3745,261002134311,0x25252100202F58086948706018799326100213431100013E01071DA10E11EA00
806,3745,261002134456,0x25252100202F5A086948706018799326100213445600013E01071DA10E11EA00
807,3745,261002134641,0x25252100202F5B086948706018799326100213464100013E01071DA10E11EA00
808,3745,261002134826,0x25252100202F5D086948706018799326100213482601013E01071DA10E11EA00
809,3744,261002135011,0x25252100202F5E086948706018799326100213501101013E01071DA00E0FEABF
810,3744,261002135156,0x25252100202F5F086948706018799326100213515601013E01071DA00E0FEABF
811,3744,261002135341,0x25252100202F61086948706018799326100213534101013E01071DA00E0EEA7B
812,3744,261002135526,0x25252100202F62086948706018799326100213552601013E01071DA00E0EEA7B
813,3744,261002135711,0x25252100202F64086948706018799326100213571101013E01071DA00E0EEA7B
814,3744,261002135856,0x25252100202F65086948706018799326100213585601013E01071DA00E0DEA2E
815,3744,261002140041,0x25252100202F66086948706018799326100214004101013E01071DA00E0EEA7B
816,3744,261002140226,0x25252100202F68086948706018799326100214022601013E01071DA00E0EEA7B
817,3744,261002140411,0x25252100202F69086948706018799326100214041101013E01071DA00E0EEA7B
818,3744,261002140556,0x25252100202F6B086948706018799326100214055601013E01071DA00E0FEABF
819,3744,261002140741,0x25252100202F6C086948706018799326100214074101013E01071DA00E0FEABF
820,3744,261002140926,0x25252100202F6D086948706018799326100214092601013E01071DA00E0FEABF
821,3744,261002141111,0x25252100202F6F086948706018799326100214111101013E01071DA00E0DEA2E
822,3744,261002141256,0x25252100202F70086948706018799326100214125601013E01071DA00E0FEABF
823,3745,261002141441,0x25252100202F72086948706018799326100214144101013E01071DA10E10EAC4
824,3745,261002141626,0x25252100202F73086948706018799326100214162601013E01071DA10E10EAC4
825,3745,261002141812,0x25252100202F75086948706018799326100214181201013E01071DA10E10EAC4
826,3745,261002141957,0x25252100202F76086948706018799326100214195701013E01071DA10E10EAC4
827,3745,261002142142,0x25252100202F77086948706018799326100214214201013E01071DA10E10EAC4
828,3745,261002142327,0x25252100202F79086948706018799326100214232701013E01071DA10E10EAC4
829,3744,261002142512,0x25252100202F7A086948706018799326100214251201013E01071DA00E0FEABF
830,3744,261002142657,0x25252100202F7C086948706018799326100214265701013E01071DA00E0FEABF
831,3745,261002142842,0x25252100202F7D086948706018799326100214284201013E01071DA10E11EA00
832,3745,261002143027,0x25252100202F7E086948706018799326100214302701013E01071DA10E10EAC4
833,3745,261002143212,0x25252100202F80086948706018799326100214321201013E01071DA10E10EAC4
834,3745,261002143357,0x25252100202F81086948706018799326100214335701013E01071DA10E12EA55
835,3745,261002143542,0x25252100202F83086948706018799326100214354201013E01071DA10E13EA91
836,3737,261002143727,0x25252100202F84086948706018799326100214372701013E01071D990E9EE981
837,3746,261002143912,0x25252100202F85086948706018799326100214391201013E01071DA20E21EAA5
838,3755,261002144057,0x25252100202F87086948706018799326100214405701013E01071DAB0EB4EA0A
839,3760,261002144242,0x25252100202F88086948706018799326100214424201013E01071DB00E0AEB26
840,3759,261002144427,0x25252100202F8A086948706018799326100214442700013E01071DAF0EF2EA35
841,3758,261002144612,0x25252100202F8B086948706018799326100214461200013E01071DAE0EECEA8A
842,3758,261002144757,0x25252100202F8D086948706018799326100214475700013E01071DAE0EEFEADF
843,3759,261002144942,0x25252100202F8E086948706018799326100214494200013E01071DAF0EF4EA9F
844,3759,261002145127,0x25252100202F8F086948706018799326100214512700013E01071DAF0EF9EA16
845,3759,261002145312,0x25252100202F91086948706018799326100214531200013E01071DAF0EF5EA5B
846,3759,261002145457,0x25252100202F92086948706018799326100214545700013E01071DAF0EF1EA60
847,3759,261002145642,0x25252100202F94086948706018799326100214564200013E01071DAF0EF2EA35
848,3759,261002145827,0x25252100202F95086948706018799326100214582700013E01071DAF0EF7EACA
849,3759,261002150012,0x25252100202F96086948706018799326100215001200013E01071DAF0EF6EA0E
850,3758,261002150157,0x25252100202F98086948706018799326100215015700013E01071DAE0EECEA8A
851,3760,261002150342,0x25252100202F99086948706018799326100215034201013E01071DB00E09EB73
852,3771,261002150527,0x25252100202F9B086948706018799326100215052701013E01071DBB0EB9EBE5
853,3772,261002150712,0x25252100202F9C086948706018799326100215071200013E01071DBC0EC2EBF6
854,3771,261002150857,0x25252100202F9D086948706018799326100215085700013E01071DBB0EB0EB57
855,3771,261002151042,0x25252100202F9F086948706018799326100215104200013E01071DBB0EB5EBA8
856,3771,261002151227,0x25252100202FA0086948706018799326100215122700013E01071DBB0EBFEB4F
857,3771,261002151412,0x25252100202FA2086948706018799326100215141200013E01071DBB0EBDEBDE
858,3770,261002151557,0x25252100202FA3086948706018799326100215155700013E01071DBA0EA1EBF0
859,3769,261002151742,0x25252100202FA5086948706018799326100215174200013E01071CB90E96EBF6
860,3768,261002151927,0x25252100202FA6086948706018799326100215192700013E01071CB80E8BEB1C
861,3768,261002152112,0x25252100202FA7086948706018799326100215211200013E01071CB80E80EB3F
862,3767,261002152257,0x25252100202FA9086948706018799326100215225700013E01071CB70E7AEBDB
863,3767,261002152442,0x25252100202FAA086948706018799326100215244201013E01071CB70E75EBC3
864,3773,261002152627,0x25252100202FAC086948706018799326100215262700013E01071CBD0EDBEBEA
865,3773,261002152812,0x25252100202FAD086948706018799326100215281200013E01071CBD0ED5EB36
866,3774,261002152957,0x25252100202FAE086948706018799326100215295701013E01071CBE0EECEB21
867,3778,261002153142,0x25252100202FB0086948706018799326100215314201013E01071CC20E2FECF9
868,3784,261002153327,0x25252100202FB1086948706018799326100215332701013E01071DC80E89EC6B
869,3789,261002153512,0x25252100202FB3086948706018799326100215351201013E01071DCD0EDFEC37
870,3763,261002153657,0x25252100202FB4086948706018799326100215365701013E01071DB30E34EB5F
871,3768,261002153842,0x25252100202FB5086948706018799326100215384201013E01071DB80E8BEBD1
872,3765,261002154027,0x25252100202FB7086948706018799326100215402701013E01071CB50E52EB6B
873,3763,261002154212,0x25252100202FB8086948706018799326100215421201013E01071CB30E39EB1B
874,3794,261002154357,0x25252100202FBA086948706018799326100215435701013E01071CD20E2DED0E
875,3760,261002154542,0x25252100202FBB086948706018799326100215454201013E01071CB00E00EB0C
876,3750,261002154727,0x25252100202FBD086948706018799326100215472701013E01071CA60E60EA39
877,3758,261002154912,0x25252100202FBE086948706018799326100215491201013E01071DAE0EE8EAB1
878,3759,261002155057,0x25252100202FBF086948706018799326100215505701013E01071DAF0EFDEA2D
879,3757,261002155242,0x25252100202FC1086948706018799326100215524201013E01071DAD0ED5EA9D
880,3750,261002155427,0x25252100202FC2086948706018799326100215542701013E01071DA60E63EAA1
881,3753,261002155612,0x25252100202FC4086948706018799326100215561201013E01071DA90E9CEABA
882,3758,261002155757,0x25252100202FC5086948706018799326100215575701013E01071DAE0EEFEADF
883,3747,261002155942,0x25252100202FC6086948706018799326100215594201013E01071DA30E3BEA21
884,3769,261002160127,0x25252100202FC8086948706018799326100216012701013E01071DB90E91EB55
885,3756,261002160312,0x25252100202FC9086948706018799326100216031201013E01071DAC0EC6EAAB
886,3746,261002160457,0x25252100202FCB086948706018799326100216045701013E01071DA20E2FEA79
887,3781,261002160642,0x25252100202FCC086948706018799326100216064201013E01071DC50E56ECB6
888,3758,261002160827,0x25252100202FCD086948706018799326100216082701013E01071EAE0EE7EAE7
889,3791,261002161012,0x25252100202FCF086948706018799326100216101201013E01071ECF0EFDEC2E
890,3782,261002161157,0x25252100202FD0086948706018799326100216115701013E01071EC60E62EC66
891,3757,261002161342,0x25252100202FD2086948706018799326100216134201013E01071EAD0EDDEAA5
892,3745,261002161527,0x25252100202FD3086948706018799326100216152701013E01071EA10E12EA1B
893,3788,261002161712,0x25252100202FD5086948706018799326100216171201013E01071ECC0EC7EC6C
894,3760,261002161857,0x25252100202FD6086948706018799326100216185701013E01071EB00E0DEB06
895,3741,261002162042,0x25252100202FD7086948706018799326100216204201013E01071E9D0ED4E9BD
896,3775,261002162227,0x25252100202FD9086948706018799326100216222701013E01071EBF0EFBEBAF
897,3755,261002162412,0x25252100202FDA086948706018799326100216241201013E01071EAB0EBBEA5C
898,3754,261002162557,0x25252100202FDC086948706018799326100216255701013E01071EAA0EA5EAE3
899,3774,261002162742,0x25252100202FDD086948706018799326100216274201013E01071EBE0EE4EBD4
900,3774,261002162927,0x25252100202FDE086948706018799326100216292701013E01071EBE0EEAEB08
901,3760,261002163112,0x25252100202FE0086948706018799326100216311201013E01071EB00E0FEB97
902,3759,261002163257,0x25252100202FE1086948706018799326100216325701013E01071EAF0EF1EA2E
903,3764,261002163442,0x25252100202FE3086948706018799326100216344201013E01071EB40E41EBDE
904,3751,261002163627,0x25252100202FE4086948706018799326100216362701013E01071EA70E79EA6B
905,3742,261002163812,0x25252100202FE5086948706018799326100216381201013E01071E9E0EEFE93B
906,3765,261002163957,0x25252100202FE7086948706018799326100216395701013E01071EB50E50EB79
907,3770,261002164142,0x25252100202FE8086948706018799326100216414201013E01071EBA0EA3EB2F
908,3788,261002164327,0x25252100202FEA086948706018799326100216432701013E01071ECC0ECEECDE
909,3790,261002164512,0x25252100202FEB086948706018799326100216451201013E01071ECE0EE5EC3B
910,3750,261002164657,0x25252100202FED086948706018799326100216465701013E01071EA60E6EEA66
911,3759,261002164842,0x25252100202FEE086948706018799326100216484201013E01071EAF0EF4EAD1
912,3800,261002165027,0x25252100202FEF086948706018799326100216502701013E01071ED80E88ED87
913,3800,261002165212,0x25252100202FF1086948706018799326100216521201013E01071ED80E8CEDBC
914,3759,261002165357,0x25252100202FF2086948706018799326100216535701013E01071EAF0EFFEAF2
915,3781,261002165542,0x25252100202FF4086948706018799326100216554201013E01071EC50E5FEC4A
916,3796,261002165728,0x25252100202FF5086948706018799326100216572801013E01071ED40E4AEDB0
917,3768,261002165913,0x25252100202FF6086948706018799326100216591301013E01071EB80E8CEBF1
918,3769,261002170058,0x25252100202FF8086948706018799326100217005801013E01071EB90E90EBDF
919,3796,261002170243,0x25252100202FF9086948706018799326100217024301013E01071ED40E41ED93
920,3790,261002170428,0x25252100202FFB086948706018799326100217042801013E01071ECE0EE8ECB2
921,3783,261002170613,0x25252100202FFC086948706018799326100217061301013E01071EC70E7DEC1D
922,3773,261002170758,0x25252100202FFD086948706018799326100217075801013E01071EBD0ED1EB8E
923,3791,261002170943,0x25252100202FFF086948706018799326100217094301013E01071ECF0EFBEC84
924,3797,261002171128,0x25252100203000086948706018799326100217112801013E01071ED50E56ED9E
925,3764,261002171313,0x25252100203002086948706018799326100217131301013E01071EB40E47EB74
926,3774,261002171458,0x25252100203003086948706018799326100217145801013E01071EBE0EECEBA2
927,3771,261002171643,0x25252100203005086948706018799326100217164301013E01071EBB0EB9EBAB
928,3773,261002171828,0x25252100203006086948706018799326100217182801013E01071EBD0ED2EBDB
929,3762,261002172013,0x25252100203007086948706018799326100217201301013E01071EB20E20EB49
930,3792,261002172158,0x25252100203009086948706018799326100217215801013E01071ED00E05ED3D
931,3765,261002172343,0x2525210020300A086948706018799326100217234301013E01071FB50E5AEB53
932,3770,261002172528,0x2525210020300C086948706018799326100217252801013E01071FBA0EAEEB6B
933,3752,261002172713,0x2525210020300D086948706018799326100217271301013E01071FA80E88EA61
934,3755,261002172858,0x2525210020300E086948706018799326100217285801013E01071FAB0EB2EA23
935,3776,261002173043,0x25252100203010086948706018799326100217304301013E01071FC00E02ECF8
936,3784,261002173228,0x25252100203011086948706018799326100217322801013E01071FC80E8AECBD
937,3775,261002173413,0x25252100203013086948706018799326100217341301013E01071FBF0EFEEB9D
938,3754,261002173558,0x25252100203014086948706018799326100217355801013E01071EAA0EA0EA1C
939,3739,261002173743,0x25252100203015086948706018799326100217374301013E01071E9B0EB3E980
940,3734,261002173928,0x25252100203017086948706018799326100217392801013E01071E960E6CE95D
941,3745,261002174113,0x25252100203018086948706018799326100217411301013E01071EA10E10EA8A
942,3752,261002174258,0x2525210020301A086948706018799326100217425801013E01071EA80E89EA68
943,3738,261002174443,0x2525210020301B086948706018799326100217444301013E01071F9A0EA1E9BF
944,3733,261002174628,0x2525210020301D086948706018799326100217462801013E01071F950E59E9CA
945,3717,261002174813,0x2525210020301E086948706018799326100217481301013E01071F850E5AE8F9
946,3736,261002174958,0x2525210020301F086948706018799326100217495801013E01071F980E86E917
947,3730,261002175143,0x25252100203021086948706018799326100217514301013E01071F920E2CE905
948,3726,261002175328,0x25252100203022086948706018799326100217532801013E01071F8E0EEAE86F
949,3727,261002175513,0x25252100203024086948706018799326100217551301013E01071F8F0EF3E8BE
950,3724,261002175658,0x25252100203025086948706018799326100217565801013E01071F8C0ECEE892
951,3706,261002175843,0x25252100203026086948706018799326100217584301013E01071F7A0EAAE7CA
952,3718,261002180028,0x25252100203028086948706018799326100218002801013E010720860E68E826
953,3711,261002180213,0x25252100203029086948706018799326100218021301013E0107207F0EF2E7A1
954,3713,261002180358,0x2525210020302B086948706018799326100218035801013E010720810E17E80E
955,3711,261002180543,0x2525210020302C086948706018799326100218054301013E0107207F0EF9E782
956,3707,261002180728,0x2525210020302D086948706018799326100218072801013E0107217B0EB0E768
957,3720,261002180913,0x2525210020302F086948706018799326100218091301013E010721880E82E86C
958,3717,261002181058,0x25252100203030086948706018799326100218105801013E010721850E58E84E
959,3706,261002181243,0x25252100203032086948706018799326100218124301013E0107217A0EA8E77D
960,3704,261002181428,0x25252100203033086948706018799326100218142801013E010721780E8DE744
961,3693,261002181613,0x25252100203035086948706018799326100218161301013E0107216D0ED6E6F7
962,3689,261002181758,0x25252100203036086948706018799326100218175801013E010721690E99E67A
963,3683,261002181943,0x25252100203037086948706018799326100218194301013E010721630E3CE670
964,3684,261002182128,0x25252100203039086948706018799326100218212801013E010721640E46E6A7
965,3688,261002182313,0x2525210020303A086948706018799326100218231301013E010721680E8DE622
966,3680,261002182458,0x2525210020303C086948706018799326100218245801013E010721600E02E609
967,3667,261002182643,0x2525210020303D086948706018799326100218264301013E010721530E3BE5B4
968,3668,261002182828,0x2525210020303E086948706018799326100218282801013E010721540E45E558
969,3674,261002183013,0x25252100203040086948706018799326100218301301013E0107215A0EA7E5A9
970,3666,261002183158,0x25252100203041086948706018799326100218315801013E010721520E29E546
971,3655,261002183343,0x25252100203043086948706018799326100218334301013E010721470E7EE4B8
972,3655,261002183528,0x25252100203044086948706018799326100218352801013E010721470E75E49B
973,3652,261002183713,0x25252100203045086948706018799326100218371301013E010721440E4AE426
974,3649,261002183858,0x25252100203047086948706018799326100218385801013E010722410E13E42C
975,3656,261002184043,0x25252100203048086948706018799326100218404301013E010722480E87E447
976,3629,261002184228,0x2525210020304A086948706018799326100218422801013E0107222D0ED1E256
977,3662,261002184413,0x2525210020304B086948706018799326100218441301013E0107214E0EEEE4E8
978,3631,261002184558,0x2525210020304D086948706018799326100218455801013E0107212F0EF0E21A
979,3652,261002184743,0x2525210020304E086948706018799326100218474301013E010721440E45E43E
980,3654,261002184928,0x2525210020304F086948706018799326100218492801013E010721460E6AE4E0
981,3668,261002185113,0x25252100203051086948706018799326100218511301013E010721540E47E5C9
982,3681,261002185258,0x25252100203052086948706018799326100218525801013E010721610E1CE6B6
983,3674,261002185443,0x25252100203054086948706018799326100218544301013E0107215A0EAEE51B
984,3667,261002185628,0x25252100203055086948706018799326100218562801013E010721530E3EE54B
985,3649,261002185813,0x25252100203056086948706018799326100218581301013E010722410E14E442
986,3670,261002185958,0x25252100203058086948706018799326100218595801013E010722560E64E514
987,3667,261002190143,0x25252100203059086948706018799326100219014301013E010722530E34E5E2
988,3666,261002190328,0x2525210020305B086948706018799326100219032801013E010722520E2BE599
989,3665,261002190513,0x2525210020305C086948706018799326100219051301013E010722510E1BE53C
990,3652,261002190658,0x2525210020305D086948706018799326100219065801013E010722440E4DE406
991,3661,261002190843,0x2525210020305F086948706018799326100219084301013E0107224D0EDBE4FC
992,3654,261002191028,0x25252100203060086948706018799326100219102801013E010722460E69E4FB
993,3658,261002191213,0x25252100203062086948706018799326100219121301013E0107224A0EABE4CC
994,3657,261002191358,0x25252100203063086948706018799326100219135801013E010722490E9CE407
995,3704,261002191543,0x25252100203065086948706018799326100219154301013E010722780E85E77C
996,3701,261002191728,0x25252100203066086948706018799326100219172801013E010722750E55E7B9
997,3683,261002191913,0x25252100203067086948706018799326100219191301013E010722630E3AE694
998,3668,261002192058,0x25252100203069086948706018799326100219205801013E010722540E4EE535
999,3673,261002192243,0x2525210020306A086948706018799326100219224301013E010722590E96E586
1000,3671,261002192428,0x2525210020306C086948706018799326100219242801013E010722570E77E522
1001,3650,261002192613,0x2525210020306D086948706018799326100219261301013E010722420E20E4DC
1002,3702,261002192758,0x2525210020306E086948706018799326100219275801013E010723760E64E715
1003,3620,261002192943,0x25252100203070086948706018799326100219294301013E010723240E40E20F
1004,3693,261002193128,0x25252100203071086948706018799326100219312801013E0107236D0ED7E6B0
1005,3689,261002193313,0x25252100203073086948706018799326100219331301013E010722690E91E642
1006,3690,261002193458,0x25252100203074086948706018799326100219345801013E0107236A0EA2E67F
1007,3669,261002193643,0x25252100203075086948706018799326100219364301013E010723550E5BE564
1008,3667,261002193829,0x25252100203077086948706018799326100219382901013E010723530E3FE50C
1009,3663,261002194014,0x25252100203078086948706018799326100219401401013E0107234F0EF4E4EF
1010,3657,261002194159,0x2525210020307A086948706018799326100219415901013E010723490E90E487
1011,3641,261002194344,0x2525210020307B086948706018799326100219434401013E010723390E91E368
1012,3678,261002194529,0x2525210020307D086948706018799326100219452901013E0107225E0EE1E5D8
1013,3626,261002194714,0x2525210020307E086948706018799326100219471401013E0107222A0EABE281
1014,3638,261002194859,0x2525210020307F086948706018799326100219485901013E010721360E6BE30F
1015,3629,261002195044,0x25252100203081086948706018799326100219504401013E0107212D0ED2E24D
1016,3622,261002195229,0x25252100203082086948706018799326100219522901013E010721260E67E224
1017,3642,261002195414,0x25252100203084086948706018799326100219541401013E0107223A0EAAE323
1018,3636,261002195559,0x25252100203085086948706018799326100219555901013E010722340E4FE3BC
1019,3656,261002195744,0x25252100203086086948706018799326100219574401013E010721480E88E411
1020,3646,261002195929,0x25252100203088086948706018799326100219592901013E0107213E0EE4E324
1021,3632,261002200114,0x25252100203089086948706018799326100220011401013E010721300E07E311
1022,3615,261002200259,0x2525210020308B086948706018799326100220025901013E0107211F0EF5E14F
1023,3662,261002200444,0x2525210020308C086948706018799326100220044401013E0107204E0EE2E468
1024,3642,261002200629,0x2525210020308D086948706018799326100220062901013E0107213A0EAFE392
1025,3637,261002200814,0x2525210020308F086948706018799326100220081401013E010720350E54E37F
1026,3649,261002200959,0x25252100203090086948706018799326100220095901013E010721410E1EE4EB
1027,3648,261002201144,0x25252100203092086948706018799326100220114401013E010720400E0EE445
1028,3660,261002201329,0x25252100203093086948706018799326100220132901013E0107214C0ECBE4D1
1029,3656,261002201514,0x25252100203095086948706018799326100220151401013E010721480E8DE4EE
1030,3657,261002201659,0x25252100203096086948706018799326100220165901013E010720490E9DE440
1031,3587,261002201844,0x25252100203097086948706018799326100220184401013E010721030E3CE03D
1032,3596,261002202029,0x25252100203099086948706018799326100220202901013E0107210C0ECCE03E
1033,3582,261002202214,0x2525210020309A086948706018799326100220221400013E010721FE0DEBDFFC
1034,3565,261002202359,0x2525210020309C086948706018799326100220235900013E010721ED0DD1DED8
1035,3547,261002202544,0x2525210020309D086948706018799326100220254400013E010721DB0DBDDD6C
1036,3531,261002202729,0x2525210020309E086948706018799326100220272900013E010721CB0DB0DC83
1037,3515,261002202914,0x252521002030A0086948706018799326100220291400013E010721BB0DB1DB6C
1038,3499,261002203059,0x252521002030A1086948706018799326100220305900013E010721AB0DB4DAF5
1039,3483,261002203244,0x252521002030A3086948706018799326100220324400013E0107219B0DBCD929
1040,3482,261002203429,0x252521002030A4086948706018799326100220342901013E0107219A0DA2D996
1041,3524,261002203614,0x252521002030A5086948706018799326100220361401013E010721C40D4FDC98
1042,3530,261002203759,0x252521002030A7086948706018799326100220375901013E010720CA0DA6DC87
1043,3534,261002203944,0x252521002030A8086948706018799326100220394401013E010721CE0DE6DCDF
1044,3537,261002204129,0x252521002030AA086948706018799326100220412901013E010721D10D1CDD5D
1045,3532,261002204314,0x252521002030AB086948706018799326100220431401013E010721CC0DCEDC6F
1046,3561,261002204459,0x252521002030AD086948706018799326100220445901013E010720E90D92DED5
1047,3544,261002204644,0x252521002030AE086948706018799326100220464401013E010720D80D8EDD51
1048,3546,261002204829,0x252521002030AF086948706018799326100220482901013E010720DA0DA0DD4B
1049,3553,261002205014,0x252521002030B1086948706018799326100220501401013E01071FE10D10DE9C
1050,3550,261002205159,0x252521002030B2086948706018799326100220515901013E010720DE0DE4DDE5
1051,3565,261002205344,0x252521002030B4086948706018799326100220534401013E010720ED0DDFDEC9
1052,3550,261002205529,0x252521002030B5086948706018799326100220552901013E010720DE0DE3DD8B
1053,3564,261002205714,0x252521002030B6086948706018799326100220571401013E010720EC0DCFDEAA
1054,3577,261002205859,0x252521002030B8086948706018799326100220585901013E010720F90D9DDFAB
1055,3578,261002210044,0x252521002030B9086948706018799326100221004401013E010720FA0DAFDF9F
1056,3558,261002210229,0x252521002030BB086948706018799326100221022901013E010720E60D63DE12
1057,3570,261002210414,0x252521002030BC086948706018799326100221041401013E010720F20D21DF70
1058,3576,261002210559,0x252521002030BD086948706018799326100221055901013E01071FF80D8CDFE7
1059,3591,261002210744,0x252521002030BF086948706018799326100221074401013E01071F070E74E0F8
1060,3585,261002210929,0x252521002030C0086948706018799326100221092901013E01071F010E13E0C5
1061,3590,261002211114,0x252521002030C2086948706018799326100221111401013E010720060E66E0E1
1062,3565,261002211259,0x252521002030C3086948706018799326100221125901013E010720ED0DDCDE9C
1063,3593,261002211444,0x252521002030C5086948706018799326100221144401013E010720090E9EE094
1064,3582,261002211629,0x252521002030C6086948706018799326100221162901013E010720FE0DE8DF64
1065,3586,261002211814,0x252521002030C7086948706018799326100221181401013E010720020E2FE0C6
1066,3594,261002211959,0x252521002030C9086948706018799326100221195901013E0107200A0EA4E0D6
1067,3593,261002212144,0x252521002030CA086948706018799326100221214401013E010720090E97E026
1068,3596,261002212329,0x252521002030CC086948706018799326100221232901013E0107200C0ECDE037
1069,3603,261002212514,0x252521002030CD086948706018799326100221251401013E010720130E34E1E0
1070,3588,261002212659,0x252521002030CE086948706018799326100221265901013E010720040E43E0D8
1071,3621,261002212844,0x252521002030D0086948706018799326100221284401013E010720250E5FE23A
1072,3592,261002213029,0x252521002030D1086948706018799326100221302901013E010720080E80E02B
1073,3582,261002213214,0x252521002030D3086948706018799326100221321401013E010721FE0DE3DF8A
1074,3602,261002213359,0x252521002030D4086948706018799326100221335901013E010721120E23E120
1075,3616,261002213544,0x252521002030D5086948706018799326100221354401013E010721200E00E219
1076,3597,261002213729,0x252521002030D7086948706018799326100221372901013E0107210D0ED3E045
1077,3595,261002213914,0x252521002030D8086948706018799326100221391401013E0107210B0EBCE00E
1078,3605,261002214059,0x252521002030DA086948706018799326100221405901013E010721150E5FE15D
1079,3610,261002214244,0x252521002030DB086948706018799326100221424401013E0107211A0EA6E1EC
1080,3602,261002214429,0x252521002030DD086948706018799326100221442901013E010721120E27E11B
1081,3606,261002214614,0x252521002030DE086948706018799326100221461401013E010721160E66E14A
1082,3613,261002214759,0x252521002030DF086948706018799326100221475901013E0107211D0ED0E176
1083,3623,261002214944,0x252521002030E1086948706018799326100221494401013E010721270E76E283
1084,3612,261002215129,0x252521002030E2086948706018799326100221512901013E0107211C0ECEE1C9
1085,3619,261002215314,0x252521002030E4086948706018799326100221531401013E010721230E3BE29F
1086,3623,261002215459,0x252521002030E5086948706018799326100221545901013E010721270E7BE20A
1087,3591,261002215644,0x252521002030E6086948706018799326100221564400013E010721070E7AE002
1088,3581,261002215829,0x252521002030E8086948706018799326100221582900013E010720FD0DD3DFE2
1089,3571,261002220014,0x252521002030E9086948706018799326100222001400013E010720F30D34DFEC
1090,3561,261002220159,0x252521002030EB086948706018799326100222015900013E010720E90D91DE80
1091,3551,261002220344,0x252521002030EC086948706018799326100222034400013E010720DF0DF8DDCB
1092,3542,261002220529,0x252521002030ED086948706018799326100222052900013E010720D60D67DD83
1093,3533,261002220714,0x252521002030EF086948706018799326100222071400013E01071FCD0DD9DC44
1094,3525,261002220859,0x252521002030F0086948706018799326100222085900013E01071FC50D55DC3A
1095,3516,261002221044,0x252521002030F2086948706018799326100222104400013E01071FBC0DCBDB9D
1096,3508,261002221229,0x252521002030F3086948706018799326100222122900013E01071FB40D46DB27
1097,3500,261002221415,0x252521002030F5086948706018799326100222141501013E01071FAC0DC9DA6A
1098,3492,261002221559,0x252521002030F6086948706018799326100222155900013E01071EA40D4CDA6B
1099,3485,261002221745,0x252521002030F7086948706018799326100222174500013E01071E9D0DD5D923
1100,3477,261002221930,0x252521002030F9086948706018799326100222193000013E01071E950D5CD9A2
1101,3470,261002222115,0x252521002030FA086948706018799326100222211500013E01071E8E0DE9D8AD
1102,3463,261002222300,0x252521002030FC086948706018799326100222230000013E01071E870D7BD86C
1103,3457,261002222445,0x252521002030FD086948706018799326100222244500013E01071E810D12D88D
1104,3451,261002222630,0x252521002030FE086948706018799326100222263000013E01071E7B0DB1D71D
1105,3444,261002222815,0x25252100203100086948706018799326100222281500013E01071E740D4BD7F9
1106,3438,261002223000,0x25252100203101086948706018799326100222300000013E01071E6E0DE9D6FB
1107,3433,261002223145,0x25252100203103086948706018799326100222314500013E01071E690D91D6BD
1108,3427,261002223330,0x25252100203104086948706018799326100222333000013E01071E630D36D626
1109,3421,261002223515,0x25252100203105086948706018799326100222351500013E01071E5D0DDFD55E
1110,3416,261002223700,0x25252100203107086948706018799326100222370000013E01071E580D8DD539
1111,3412,261002223845,0x25252100203108086948706018799326100222384500013E01071E540D41D5D2
1112,3407,261002224030,0x2525210020310A086948706018799326100222403000013E01071E4F0DF4D4DD
1113,3402,261002224215,0x2525210020310B086948706018799326100222421500013E01071D4A0DADD4D7
1114,3398,261002224400,0x2525210020310D086948706018799326100222440000013E01071D460D62D469
1115,3393,261002224545,0x2525210020310E086948706018799326100222454500013E01071D410D1ED414
1116,3389,261002224730,0x2525210020310F086948706018799326100222473000013E01071D3D0DDBD366
1117,3385,261002224915,0x25252100203111086948706018799326100222491500013E01071D390D9DD359
1118,3381,261002225100,0x25252100203112086948706018799326100222510000013E01071D350D5FD36E
1119,3378,261002225245,0x25252100203114086948706018799326100222524500013E01071D320D25D3B9
1120,3376,261002225430,0x25252100203115086948706018799326100222543001013E01071D300D01D344
1121,3395,261002225615,0x25252100203116086948706018799326100222561501013E01071D430D37D460
1122,3394,261002225800,0x25252100203118086948706018799326100222580001013E01071D420D21D4A9
1123,3407,261002225945,0x25252100203119086948706018799326100222594501013E01071D4F0DF9D41A
1124,3414,261002230130,0x2525210020311B086948706018799326100223013001013E01071D560D65D561
1125,3411,261002230315,0x2525210020311C086948706018799326100223031501013E01071D530D30D568
1126,3422,261002230500,0x2525210020311D086948706018799326100223050001013E01071D5E0DEED571
1127,3425,261002230645,0x2525210020311F086948706018799326100223064501013E01071D610D16D6AE
1128,3415,261002230830,0x25252100203120086948706018799326100223083001013E01071D570D71D539
1129,3416,261002231015,0x25252100203122086948706018799326100223101501013E01071C580D86D599
1130,3430,261002231200,0x25252100203123086948706018799326100223120001013E01071D660D6DD6BD
1131,3448,261002231345,0x25252100203125086948706018799326100223134501013E01071D780D89D780
1132,3454,261002231530,0x25252100203126086948706018799326100223153001013E01071D7E0DE0D761
1133,3453,261002231715,0x25252100203127086948706018799326100223171501013E01071D7D0DDAD723
1134,3474,261003113742,0x25252100203129086948706018799326100311374200013E010717920D2ED9F0
1135,3474,261003113927,0x2525210020312A086948706018799326100311392700013E010717920D2ED9F0
1136,3474,261003114112,0x2525210020312C086948706018799326100311411200013E010717920D29D99E
1137,3475,261003114257,0x2525210020312D086948706018799326100311425701013E010717930D39D9FD
1138,3481,261003114442,0x2525210020312F086948706018799326100311444201013E010718990D93D980
1139,3489,261003114627,0x25252100203130086948706018799326100311462701013E010718A10D1FDA54
1140,3463,261003114812,0x25252100203131086948706018799326100311481201013E010718870D72D842
1141,3464,261003114957,0x25252100203133086948706018799326100311495701013E010718880D88D8A6
1142,3460,261003115142,0x25252100203134086948706018799326100311514201013E010718840D43D823
1143,3456,261003115327,0x25252100203136086948706018799326100311532701013E010718800D02D872
1144,3452,261003115512,0x25252100203137086948706018799326100311551201013E0107187C0DC4D74E
1145,3448,261003115657,0x25252100203138086948706018799326100311565701013E010718780D88D796
1146,3444,261003115842,0x2525210020313A086948706018799326100311584201013E010718740D4DD7CF
1147,3441,261003120027,0x2525210020313B086948706018799326100312002701013E010718710D14D78B
1148,3437,261003120212,0x2525210020313D086948706018799326100312021201013E0107186D0DDDD6F9
1149,3435,261003120357,0x2525210020313E086948706018799326100312035701013E0107186B0DB1D6E7
1150,3425,261003120542,0x25252100203140086948706018799326100312054200013E010718610D15D629
1151,3420,261003120727,0x25252100203141086948706018799326100312072700013E0107185C0DC7D5D7
1152,3415,261003120912,0x25252100203142086948706018799326100312091200013E010718570D7AD5C8
1153,3411,261003121057,0x25252100203144086948706018799326100312105700013E010718530D30D5BA
1154,3406,261003121242,0x25252100203145086948706018799326100312124200013E0107184E0DEAD4FE
1155,3402,261003121427,0x25252100203147086948706018799326100312142700013E0107184A0DA8D4FA
1156,3398,261003121612,0x25252100203148086948706018799326100312161201013E010718460D65D4D5
1157,3394,261003121758,0x25252100203149086948706018799326100312175801013E010718420D25D440
1158,3390,261003121943,0x2525210020314B086948706018799326100312194300013E0107183E0DE7D35C
1159,3386,261003122128,0x2525210020314C086948706018799326100312212800013E0107183A0DA9D315
1160,3382,261003122313,0x2525210020314E086948706018799326100312231300013E010718360D6FD319
1161,3379,261003122458,0x2525210020314F086948706018799326100312245800013E010718330D37D399
1162,3378,261003122643,0x25252100203150086948706018799326100312264301013E010718320D2AD373
1163,3411,261003122828,0x25252100203152086948706018799326100312282800013E010718530D37D5D4
1164,3411,261003123013,0x25252100203153086948706018799326100312301301013E010718530D33D5EF
1165,3427,261003123158,0x25252100203155086948706018799326100312315801013E010718630D32D681
1166,3438,261003123343,0x25252100203156086948706018799326100312334301013E0107186E0DE8D6A3
1167,3450,261003123528,0x25252100203158086948706018799326100312352801013E0107187A0DA9D794
1168,3453,261003123713,0x25252100203159086948706018799326100312371300013E0107187D0DDAD7F1
1169,3456,261003123858,0x2525210020315A086948706018799326100312385800013E010718800D01D827
1170,3458,261003124043,0x2525210020315C086948706018799326100312404300013E010718820D25D8DA
1171,3461,261003124228,0x2525210020315D086948706018799326100312422800013E010718850D51D8D1
1172,3463,261003124413,0x2525210020315F086948706018799326100312441300013E010718870D74D8E8
1173,3465,261003124558,0x25252100203160086948706018799326100312455800013E010718890D95D84C
1174,3467,261003124743,0x25252100203161086948706018799326100312474300013E0107188B0DB7D81B
1175,3469,261003124928,0x25252100203163086948706018799326100312492800013E0107188D0DD8D850
1176,3471,261003125113,0x25252100203164086948706018799326100312511300013E0107188F0DFBD8C3
1177,3473,261003125258,0x25252100203166086948706018799326100312525800013E010718910D1AD901
1178,3475,261003125443,0x25252100203167086948706018799326100312544300013E010718930D39D992
1179,3477,261003125628,0x25252100203168086948706018799326100312562800013E010718950D54D948
1180,3478,261003125813,0x2525210020316A086948706018799326100312581300013E010718960D6FD9CE
1181,3480,261003125958,0x2525210020316B086948706018799326100312595800013E010718980D8AD951
1182,3482,261003130143,0x2525210020316D086948706018799326100313014300013E0107189A0DA7D91E
1183,3483,261003130328,0x2525210020316E086948706018799326100313032800013E0107189B0DBED9CF
1184,3485,261003130513,0x25252100203170086948706018799326100313051300013E0107189D0DD5D9BF
1185,3486,261003130658,0x25252100203171086948706018799326100313065800013E0107189E0DE0D9E5
1186,3490,261003130843,0x25252100203172086948706018799326100313084300013E010718A20D27DA87
1187,3492,261003131028,0x25252100203174086948706018799326100313102800013E010718A40D4EDA66
1188,3495,261003131213,0x25252100203175086948706018799326100313121300013E010718A70D7DDA96
1189,3499,261003131358,0x25252100203177086948706018799326100313135800013E010718AB0DB5DA46
1190,3501,261003131543,0x25252100203178086948706018799326100313154300013E010718AD0DD9DA58
1191,3499,261003131728,0x25252100203179086948706018799326100313172800013E010718AB0DB6DA13
1192,3497,261003131913,0x2525210020317B086948706018799326100313191300013E010718A90D9FDA67
1193,3498,261003132058,0x2525210020317C086948706018799326100313205800013E010718AA0DA9DA68
1194,3502,261003132243,0x2525210020317E086948706018799326100313224300013E010718AE0DE6DAE5
1195,3506,261003132428,0x2525210020317F086948706018799326100313242800013E010718B20D28DBF9
1196,3508,261003132613,0x25252100203180086948706018799326100313261300013E010718B40D48DBAA
1197,3510,261003132758,0x25252100203182086948706018799326100313275800013E010718B60D6BDB39
1198,3512,261003132943,0x25252100203183086948706018799326100313294300013E010718B80D86DBD0
1199,3514,261003133128,0x25252100203185086948706018799326100313312800013E010718BA0DA5DB43
1200,3516,261003133313,0x25252100203186086948706018799326100313331300013E010718BC0DC4DBD4
1201,3517,261003133458,0x25252100203188086948706018799326100313345800013E010718BD0DDEDB50
1202,3529,261003133643,0x25252100203189086948706018799326100313364301013E010718C90D9BDC11
1203,3537,261003133828,0x2525210020318A086948706018799326100313382801013E010718D10D16DDCD
1204,3546,261003134013,0x2525210020318C086948706018799326100313401301013E010718DA0DAADD16
1205,3555,261003134158,0x2525210020318D086948706018799326100313415801013E010718E30D31DECF
1206,3563,261003134343,0x2525210020318F086948706018799326100313434301013E010718EB0DB7DE56
1207,3571,261003134528,0x25252100203190086948706018799326100313452801013E010718F30D3BDF4E
1208,3573,261003134713,0x25252100203191086948706018799326100313471301013E010718F50D5ADFD9
1209,3573,261003134858,0x25252100203193086948706018799326100313485801013E010718F50D58DF48
1210,3575,261003135043,0x25252100203194086948706018799326100313504300013E010718F70D7ADF1F
1211,3575,261003135228,0x25252100203196086948706018799326100313522800013E010718F70D75DF07
1212,3575,261003135413,0x25252100203197086948706018799326100313541300013E010717F70D79DF25
1213,3575,261003135558,0x25252100203198086948706018799326100313555800013E010717F70D7BDFB4
1214,3575,261003135743,0x2525210020319A086948706018799326100313574300013E010717F70D7CDFDA
1215,3575,261003135928,0x2525210020319B086948706018799326100313592800013E010717F70D7DDF1E
1216,3575,261003140113,0x2525210020319D086948706018799326100314011300013E010717F70D7FDF8F
1217,3576,261003140258,0x2525210020319E086948706018799326100314025800013E010717F80D81DF50
1218,3576,261003140628,0x252521002031A0086948706018799326100314062800013E010717F80D85DF6B
1219,3576,261003140813,0x252521002031A1086948706018799326100314081300013E010717F80D86DF3E
1220,3576,261003140958,0x252521002031A3086948706018799326100314095800013E010717F80D89DF26
1221,3576,261003141143,0x252521002031A4086948706018799326100314114300013E010717F80D8ADF73
1222,3577,261003141328,0x252521002031A6086948706018799326100314132800013E010717F90D91DF33
1223,3572,261003141513,0x252521002031A7086948706018799326100314151300013E010717F40D4EDFEE
1224,3572,261003141658,0x252521002031A8086948706018799326100314165800013E010717F40D42DFA3
1225,3571,261003141843,0x252521002031AA086948706018799326100314184300013E010717F30D3CDF4F
1226,3570,261003142028,0x252521002031AB086948706018799326100314202800013E010717F20D2FDF79
1227,3573,261003142213,0x252521002031AD086948706018799326100314221300013E010717F50D5BDF72
1228,3574,261003142358,0x252521002031AE086948706018799326100314235800013E010717F60D6DDF7D
1229,3575,261003142543,0x252521002031AF086948706018799326100314254300013E010717F70D71DF53
1230,3575,261003142728,0x252521002031B1086948706018799326100314272800013E010718F70D70DFF8
1231,3575,261003142913,0x252521002031B2086948706018799326100314291300013E010718F70D76DF52
1232,3575,261003143058,0x252521002031B4086948706018799326100314305800013E010718F70D78DF8E
1233,3582,261003143243,0x252521002031B5086948706018799326100314324300013E010718FE0DE2DF39
1234,3581,261003143613,0x252521002031B7086948706018799326100314361300013E010718FD0DD4DF36
1235,3579,261003143758,0x252521002031B8086948706018799326100314375800013E010718FB0DBEDF82
1236,3579,261003143943,0x252521002031BA086948706018799326100314394300013E010718FB0DBEDF82
1237,3580,261003144128,0x252521002031BB086948706018799326100314412800013E010718FC0DC0DF6E
1238,3583,261003144313,0x252521002031BD086948706018799326100314431301013E010718FF0DFCDF86
1239,3568,261003144458,0x252521002031BE086948706018799326100314445801013E010718F00D0ADF2F
1240,3571,261003144643,0x252521002031BF086948706018799326100314464301013E010718F30D33DF38
1241,3580,261003144828,0x252521002031C1086948706018799326100314482800013E010718FC0DCADF89
1242,3579,261003145013,0x252521002031C2086948706018799326100314501300013E010718FB0DB9DFEC
1243,3578,261003145158,0x252521002031C4086948706018799326100314515800013E010718FA0DACDF70
1244,3577,261003145343,0x252521002031C5086948706018799326100314534300013E010718F90D9EDF44
1245,3577,261003145528,0x252521002031C6086948706018799326100314552800013E010718F90D90DF98
1246,3587,261003145714,0x252521002031C8086948706018799326100314571401013E010718030E31E0C3
1247,3584,261003145859,0x252521002031C9086948706018799326100314585901013E010719000E00E06F
1248,3584,261003150044,0x252521002031CB086948706018799326100315004401013E010719000E0AE088
1249,3590,261003150229,0x252521002031CC086948706018799326100315022901013E010719060E6AE0DB
1250,3602,261003150559,0x252521002031CE086948706018799326100315055900013E010719120E29E17D
1251,3602,261003150744,0x252521002031CF086948706018799326100315074400013E010719120E28E1B9
1252,3602,261003150929,0x252521002031D1086948706018799326100315092900013E010719120E28E1B9
1253,3602,261003151114,0x252521002031D2086948706018799326100315111400013E010719120E2DE146
1254,3602,261003151259,0x252521002031D4086948706018799326100315125900013E010719120E2DE146
1255,3602,261003151444,0x252521002031D5086948706018799326100315144400013E010719120E2EE113
1256,3602,261003151629,0x252521002031D6086948706018799326100315162900013E010719120E2FE1D7
1257,3603,261003151814,0x252521002031D8086948706018799326100315181400013E010719130E38E1DA
1258,3605,261003151959,0x252521002031D9086948706018799326100315195901013E010719150E54E1C4
1259,3610,261003152144,0x252521002031DB086948706018799326100315214401013E0107191A0EA0E1FC
1260,3615,261003152329,0x252521002031DC086948706018799326100315232901013E0107191F0EF2E19B
1261,3620,261003152514,0x252521002031DD086948706018799326100315251401013E010719240E48E240
1262,3614,261003152659,0x252521002031DF086948706018799326100315265901013E01071A1E0EEBE104
1263,3618,261003152844,0x252521002031E0086948706018799326100315284401013E01071A220E24E210
1264,3616,261003153029,0x252521002031E2086948706018799326100315302901013E01071A200E02E27C
1265,3611,261003153214,0x252521002031E3086948706018799326100315321401013E01071A1B0EBDE158
1266,3621,261003153544,0x252521002031E5086948706018799326100315354400013E01071A250E5DE292
1267,3620,261003153729,0x252521002031E6086948706018799326100315372900013E01071A240E43E22D
1268,3618,261003153914,0x252521002031E8086948706018799326100315391400013E01071A220E2DE2A2
1269,3617,261003154059,0x252521002031E9086948706018799326100315405900013E01071A210E13E2DB
1270,3615,261003154244,0x252521002031EB086948706018799326100315424400013E01071A1F0EFAE1A3
1271,3614,261003154429,0x252521002031EC086948706018799326100315442900013E01071A1E0EE8E151
1272,3614,261003154614,0x252521002031ED086948706018799326100315461401013E01071A1E0EE6E18D
1273,3635,261003154759,0x252521002031EF086948706018799326100315475901013E01071A330E36E384
1274,3655,261003154944,0x252521002031F0086948706018799326100315494401013E01071A470E7EE44C
1275,3630,261003155129,0x252521002031F2086948706018799326100315512901013E01071A2E0EE7E2E3
1276,3621,261003155314,0x252521002031F3086948706018799326100315531401013E01071B250E59E264
1277,3630,261003155459,0x252521002031F4086948706018799326100315545901013E01071B2E0EE1E284
1278,3635,261003155644,0x252521002031F6086948706018799326100315564401013E01071B330E34E3D8
1279,3626,261003155829,0x252521002031F7086948706018799326100315582901013E01071B2A0EA5E22A
1280,3604,261003160014,0x252521002031F9086948706018799326100316001401013E01071B140E4DE196
1281,3642,261003160159,0x252521002031FA086948706018799326100316015901013E01071B3A0EA5E34C
1282,3642,261003160344,0x252521002131FB086948706018799326100316034401013E01071B3A0E5DFD1508
1283,3642,261003160529,0x252521002031FC086948706018799326100316052901013E01071C3A0EA9E350
1284,3645,261003160714,0x252521002031FD086948706018799326100316071401013E01071C3D0ED1E316
1285,3652,261003160859,0x252521002031FF086948706018799326100316085901013E01071C440E46E403
1286,3656,261003161044,0x25252100203200086948706018799326100316104401013E01071C480E81E4CB
1287,3633,261003161229,0x25252100203202086948706018799326100316122901013E01071C310E17E31A
1288,3712,261003161414,0x25252100203203086948706018799326100316141401013E01071C800E08E8D0
1289,3635,261003161559,0x25252100203204086948706018799326100316155901013E01071C330E30E3B2
1290,3621,261003161744,0x25252100203206086948706018799326100316174401013E01071D250E50E24A
1291,3625,261003161929,0x25252100203207086948706018799326100316192901013E01071D290E96E246
1292,3623,261003162114,0x25252100203209086948706018799326100316211401013E01071D270E75E273
1293,3626,261003162259,0x2525210020320A086948706018799326100316225901013E01071D2A0EAFE251
1294,3624,261003162444,0x2525210020320B086948706018799326100316244401013E01071D280E8AE268
1295,3612,261003162629,0x2525210020320D086948706018799326100316262901013E01071D1C0EC9E102
1296,3606,261003162814,0x2525210020320E086948706018799326100316281401013E01071E160E62E19A
1297,3611,261003162959,0x25252100203210086948706018799326100316295901013E01071E1B0EB4E1F5
1298,3600,261003163144,0x25252100203211086948706018799326100316314401013E01071E100E06E1F2
1299,3595,261003163329,0x25252100293212086948706018799326100316332901013E01071E0B0EB2E0393E02071E390C9EC333
1300,3598,261003163514,0x25252100203213086948706018799326100316351401013E01071E0E0EEFE046
1301,3594,261003163659,0x25252100203214086948706018799326100316365901013E01071F0A0EA3E053
1302,3594,261003163844,0x25252100203216086948706018799326100316384401013E01071F0A0EAAE0E1
1303,3638,261003164029,0x25252100203217086948706018799326100316402901013E01071F360E60E30A
1304,3595,261003164214,0x25252100203219086948706018799326100316421401013E01071F0B0EB2E0F4
1305,3586,261003164359,0x2525210020321A086948706018799326100316435901013E01071F020E21E0F1
1306,3584,261003164544,0x2525210020321B086948706018799326100316454401013E01071F000E02E062
1307,3579,261003164729,0x2525210020321D086948706018799326100316472901013E01071FFB0DB3DF5A
1308,3573,261003164914,0x2525210020321E086948706018799326100316491401013E01071FF50D59DFDD
1309,3568,261003165059,0x25252100203220086948706018799326100316505901013E01071FF00D0EDF45
1310,3570,261003165244,0x25252100203221086948706018799326100316524401013E01071FF20D2ADFB8
1311,3592,261003165429,0x25252100203222086948706018799326100316542901013E01071F080E8DE049
1312,3597,261003165614,0x25252100203224086948706018799326100316561401013E01071E0D0ED7E095
1313,3575,261003165759,0x25252100203225086948706018799326100316575901013E01071EF70D76DFCE
1314,3575,261003165944,0x25252100203227086948706018799326100316594401013E01071EF70D7ADF83
1315,3577,261003170129,0x25252100203228086948706018799326100317012901013E01071EF90D95DFFB
1316,3574,261003170314,0x25252100203229086948706018799326100317031401013E01071EF60D62DF96
1317,3569,261003170459,0x2525210020322B086948706018799326100317045901013E01071EF10D1FDF2F
1318,3609,261003170644,0x2525210020322C086948706018799326100317064401013E01071E190E9CE145
1319,3666,261003170829,0x2525210020322E086948706018799326100317082901013E01071D520E2DE5D8
1320,3569,261003171014,0x2525210020322F086948706018799326100317101401013E01071DF10D10DF79
1321,3568,261003171159,0x25252100203231086948706018799326100317115901013E01071CF00D0ADF30
1322,3587,261003171344,0x25252100203232086948706018799326100317134401013E01071C030E39E0AA
1323,3594,261003171529,0x25252100203233086948706018799326100317152901013E01071C0A0EA9E0FA
1324,3571,261003171714,0x25252100203235086948706018799326100317171401013E01071CF30D33DF27
1325,3590,261003171859,0x25252100203236086948706018799326100317185901013E01071D060E67E04D
1326,3566,261003172044,0x25252100203238086948706018799326100317204401013E01071DEE0DE4DE27
1327,3577,261003172229,0x25252100203239086948706018799326100317222901013E01071DF90D9ADFAD
1328,3578,261003172414,0x2525210020323A086948706018799326100317241401013E01071DFA0DABDFCC
1329,3566,261003172559,0x2525210020323C086948706018799326100317255901013E01071DEE0DEFDE04
1330,3556,261003172744,0x2525210020323D086948706018799326100317274401013E01071DE40D4CDEA4
1331,3547,261003172929,0x2525210020323F086948706018799326100317292901013E01071DDB0DB9DDF2
1332,3555,261003173114,0x25252100203240086948706018799326100317311401013E01071DE30D33DE8C
1333,3511,261003173259,0x25252100203241086948706018799326100317325901013E01071DB70D74DB90
1334,3579,261003173444,0x25252100203243086948706018799326100317344401013E01071DFB0DB9DF3E
1335,3564,261003173629,0x25252100203244086948706018799326100317362901013E01071DEC0DCFDEC2
1336,3590,261003173815,0x25252100203246086948706018799326100317381501013E01071D060E6EE0FF
1337,3559,261003174000,0x25252100203247086948706018799326100317400001013E01071DE70D76DEE6
1338,3532,261003174145,0x25252100203249086948706018799326100317414501013E01071DCC0DC4DC2D
1339,3540,261003174330,0x2525210020324A086948706018799326100317433001013E01071DD40D4ADDA4
1340,3541,261003174515,0x2525210020324B086948706018799326100317451501013E01071DD50D52DDB1
1341,3557,261003174700,0x2525210020324D086948706018799326100317470001013E01071DE50D5ADE6D
1342,3546,261003174845,0x2525210020324E086948706018799326100317484501013E01071DDA0DA1DDE7
1343,3552,261003175030,0x25252100203250086948706018799326100317503001013E01071DE00D01DEB8
1344,3541,261003175215,0x25252100203251086948706018799326100317521501013E01071DD50D5BDD03
1345,3539,261003175400,0x25252100203252086948706018799326100317540001013E01071ED30D3ADDDA
1346,3524,261003175545,0x25252100203254086948706018799326100317554501013E01071EC40D4EDCB7
1347,3531,261003175730,0x25252100203255086948706018799326100317573001013E01071ECB0DB5DC97
1348,3544,261003175915,0x25252100203257086948706018799326100317591501013E01071DD80D8BDDC6
1349,3536,261003180100,0x25252100203258086948706018799326100318010001013E01071DD00D0ADD31
1350,3525,261003180245,0x25252100203259086948706018799326100318024501013E01071DC50D5BDC65
1351,3520,261003180430,0x2525210020325B086948706018799326100318043001013E01071DC00D07DCDE
1352,3522,261003180615,0x2525210020325C086948706018799326100318061501013E01071EC20D21DCFC
1353,3508,261003180800,0x2525210020325E086948706018799326100318080001013E01071EB40D43DB15
1354,3510,261003180945,0x2525210020325F086948706018799326100318094501013E01071DB60D61DB0C
1355,3521,261003181130,0x25252100203261086948706018799326100318113001013E01071DC10D12DC42
1356,3466,261003181315,0x25252100203262086948706018799326100318131501013E01071D8A0DA1D800
1357,3481,261003181500,0x25252100203263086948706018799326100318150000013E01071D990D95D9F8
1358,3469,261003181645,0x25252100203265086948706018799326100318164500013E01071D8D0DD7D89A
1359,3457,261003181830,0x25252100203266086948706018799326100318183000013E01071D810D19D8E0
1360,3445,261003182015,0x25252100203268086948706018799326100318201500013E01071D750D59D745
1361,3434,261003182200,0x25252100203269086948706018799326100318220000013E01071C6A0DA2D6CE
1362,3423,261003182345,0x2525210020326A086948706018799326100318234500013E01071C5F0DF2D592
1363,3412,261003182530,0x2525210020326C086948706018799326100318253000013E01071C540D4FD58D
1364,3402,261003182715,0x2525210020326D086948706018799326100318271500013E01071C4A0DAFD48B
1365,3409,261003182900,0x2525210020326F086948706018799326100318290000013E01071B510D11D5F6
1366,3401,261003183045,0x25252100203270086948706018799326100318304500013E010719490D97D48A
1367,3394,261003183230,0x25252100203271086948706018799326100318323000013E010718420D28D4C9
1368,3386,261003183415,0x25252100203273086948706018799326100318341500013E0107183A0DA7D3C9
1369,3377,261003183600,0x25252100203274086948706018799326100318360000013E010718310D1ED3ED
1370,3370,261003183745,0x25252100203276086948706018799326100318374500013E0107172A0DA0D2AE
1371,3361,261003183930,0x25252100203277086948706018799326100318393000013E010717210D1BD21B
1372,3353,261003184115,0x25252100203279086948706018799326100318411500013E010717190D91D165
1373,3345,261003184300,0x2525210020327A086948706018799326100318430000013E010717110D11D156
1374,3336,261003184445,0x2525210020327B086948706018799326100318444501013E010717080D8DD02D
1375,3327,261003184630,0x2525210020327D086948706018799326100318463001013E010717FF0CF6CF38
1376,3335,261003184815,0x2525210020327E086948706018799326100318481501013E010717070D73D0F2
1377,3324,261003185000,0x25252100203280086948706018799326100318500001013E010716FC0CC4CFC1
1378,3322,261003185145,0x25252100203281086948706018799326100318514501013E010716FA0CAFCFB1
1379,3320,261003185330,0x25252100203282086948706018799326100318533001013E010716F80C8ACF88
1380,3351,261003185515,0x25252100203284086948706018799326100318551501013E010717170D7CD18C
1381,3340,261003185700,0x25252100203285086948706018799326100318570001013E0107170C0DCFD029
1382,3319,261003185845,0x25252100203287086948706018799326100318584501013E010718F70C7BCFED
1383,3286,261003190030,0x25252100203288086948706018799326100319003001013E010719D60C6BCD8F
1384,3314,261003190215,0x25252100203289086948706018799326100319021501013E01071AF20C2ACF5C
1385,3312,261003190400,0x2525210020328B086948706018799326100319040001013E01071AF00C02CFEC
1386,3315,261003190545,0x2525210020328C086948706018799326100319054501013E010719F30C3BCFB5
1387,3316,261003190730,0x2525210020328E086948706018799326100319073001013E01071AF40C4DCF61
1388,3320,261003190915,0x2525210020328F086948706018799326100319091501013E01071AF80C87CF20
1389,3332,261003191100,0x25252100203291086948706018799326100319110001013E01071B040D42D0B2
1390,3336,261003191245,0x25252100203292086948706018799326100319124501013E01071B080D89D037
1391,3340,261003191430,0x25252100203293086948706018799326100319143001013E01071A0C0DCCD090
1392,3345,261003191615,0x25252100203295086948706018799326100319161501013E01071A110D14D145
1393,3349,261003191800,0x25252100203296086948706018799326100319180001013E01071B150D53D173
1394,3353,261003191945,0x25252100203298086948706018799326100319194501013E01071B190D92D111
1395,3342,261003192130,0x25252100203299086948706018799326100319213001013E01071B0E0DE3D083
1396,3343,261003192315,0x2525210020329A086948706018799326100319231501013E01071B0F0DF3D0E0
1397,3349,261003192500,0x2525210020329C086948706018799326100319250001013E01071B150D59D194
1398,3331,261003192645,0x2525210020329D086948706018799326100319264501013E01071B030D34D028
1399,3325,261003192830,0x2525210020329F086948706018799326100319283001013E01071BFD0CDFCF6D
1400,3329,261003193015,0x252521002032A0086948706018799326100319301501013E01071C010D13D0D1
1401,3331,261003193200,0x252521002032A1086948706018799326100319320001013E01071C030D3AD0A5
1402,3327,261003193345,0x252521002032A3086948706018799326100319334501013E01071CFF0CFFCFFA
1403,3331,261003193530,0x252521002032A4086948706018799326100319353001013E01071C030D35D0BD
1404,3344,261003193715,0x252521002032A6086948706018799326100319371501013E01071D100D0FD154
1405,3352,261003193900,0x252521002032A7086948706018799326100319390001013E01071D180D86D1D5
1406,3344,261003194045,0x252521002032A9086948706018799326100319404501013E01071D100D06D1E6
1407,3366,261003194230,0x252521002032AA086948706018799326100319423001013E01071D260D6ED269
1408,3340,261003194415,0x252521002032AB086948706018799326100319441501013E01071D0C0DC3D0D9
1409,3338,261003194600,0x252521002032AD086948706018799326100319460001013E01071D0A0DA7D0B1
1410,3359,261003194745,0x252521002032AE086948706018799326100319474501013E01071D1F0DFAD1A8
1411,3326,261003194930,0x252521002032B0086948706018799326100319493001013E01071EFE0CE7CF6C
1412,3361,261003195115,0x252521002032B1086948706018799326100319511501013E01071E210D1AD22C
1413,3322,261003195300,0x252521002032B2086948706018799326100319530001013E01071EFA0CA2CF06
1414,3323,261003195445,0x252521002032B4086948706018799326100319544501013E01071EFB0CBECF28
1415,3320,261003195630,0x252521002032B5086948706018799326100319563001013E01071DF80C81CFDB
1416,3367,261003195815,0x252521002032B7086948706018799326100319581501013E01071D270D7AD231
1417,3330,261003200000,0x252521002032B8086948706018799326100320000001013E01071D020D2FD0F4
1418,3345,261003200145,0x252521002032B9086948706018799326100320014501013E01071D110D13D17A
1419,3317,261003200330,0x252521002032BB086948706018799326100320033001013E01071DF50C58CFAC
1420,3304,261003200515,0x252521002032BC086948706018799326100320051501013E01071DE80C88CE0F
1421,3320,261003200700,0x252521002032BE086948706018799326100320070001013E01071DF80C87CF71
1422,3317,261003200845,0x252521002032BF086948706018799326100320084501013E01071DF50C51CF1E
1423,3311,261003201030,0x252521002032C1086948706018799326100320103001013E01071DEF0CF2CED8
1424,3333,261003201215,0x252521002032C2086948706018799326100320121501013E01071E050D56D038
1425,3317,261003201400,0x252521002032C3086948706018799326100320140000013E01071EF50C50CF94
1426,3309,261003201545,0x252521002032C5086948706018799326100320154500013E01071EED0CD2CE50
1427,3301,261003201730,0x252521002032C6086948706018799326100320173000013E01071EE50C5CCEBF
1428,3294,261003201916,0x252521002032C8086948706018799326100320191600013E01071EDE0CE4CDF5
1429,3287,261003202101,0x252521002032C9086948706018799326100320210100013E01071ED70C71CD5A
1430,3280,261003202246,0x252521002032CA086948706018799326100320224600013E01071ED00C00CDAE
1431,3273,261003202431,0x252521002032CC086948706018799326100320243100013E01071EC90C95CC67
1432,3267,261003202616,0x252521002032CD086948706018799326100320261601013E01071EC30C32CCFC
1433,3267,261003202801,0x252521002032CF086948706018799326100320280101013E01071EC30C34CC56
1434,3266,261003202946,0x252521002032D0086948706018799326100320294601013E01071DC20C2DCCC9
1435,3262,261003203131,0x252521002032D1086948706018799326100320313101013E01071DBE0CE5CB32
1436,3285,261003203316,0x252521002032D3086948706018799326100320331601013E01071DD50C54CD2D
1437,3261,261003203501,0x252521002032D4086948706018799326100320350101013E01071DBD0CD0CB68
1438,3259,261003203646,0x252521002032D6086948706018799326100320364601013E01071CBB0CB9CB44
1439,3258,261003203831,0x252521002032D7086948706018799326100320383101013E01071CBA0CA7CBFB
1440,3249,261003204016,0x252521002032D9086948706018799326100320401601013E01071CB10C19CBB1
1441,3254,261003204201,0x252521002032DA086948706018799326100320420101013E01071DB60C6ACB19
1442,3250,261003204346,0x252521002032DB086948706018799326100320434601013E01071DB20C2ECBB7
1443,3246,261003204531,0x252521002032DD086948706018799326100320453101013E01071EAE0CE1CA21
1444,3227,261003204716,0x252521002032DE086948706018799326100320471601013E01071E9B0CBCC9F4
1445,3277,261003204901,0x252521002032E0086948706018799326100320490101013E01071ECD0CDACCEA
1446,3247,261003205046,0x252521002032E1086948706018799326100320504601013E01071EAF0CF1CA42
1447,3297,261003205231,0x252521002032E2086948706018799326100320523101013E01071EE10C18CE11
1448,3246,261003205416,0x252521002032E4086948706018799326100320541601013E01071DAE0CE9CA19
1449,3242,261003205601,0x252521002032E5086948706018799326100320560101013E01071DAA0CA2CAAF
1450,3237,261003205746,0x252521002032E7086948706018799326100320574601013E01071DA50C5ECAE1
1451,3242,261003205931,0x252521002032E8086948706018799326100320593101013E01071DAA0CA0CA3E
1452,3233,261003210116,0x252521002032E9086948706018799326100321011601013E01071DA10C12CA39
1453,3236,261003210301,0x252521002032EB086948706018799326100321030101013E01071DA40C44CA65
1454,3233,261003210446,0x252521002032EC086948706018799326100321044601013E01071DA10C11CA6C
1455,3235,261003210631,0x252521002032EE086948706018799326100321063101013E01071DA30C30CA6E
1456,3235,261003210816,0x252521002032EF086948706018799326100321081601013E01071DA30C36CAC4
1457,3245,261003211001,0x252521002032F1086948706018799326100321100101013E01071DAD0CD2CA9F
1458,3246,261003211146,0x252521002032F2086948706018799326100321114601013E01071DAE0CE6CA01
1459,3235,261003211331,0x252521002032F3086948706018799326100321133101013E01071CA30C3DCA2A
1460,3247,261003211516,0x252521002032F5086948706018799326100321151601013E01071BAF0CFCCA19
1461,3243,261003211701,0x252521002032F6086948706018799326100321170101013E01071CAB0CB4CAAB
1462,3247,261003211846,0x252521002032F8086948706018799326100321184601013E01071CAF0CF3CA50
1463,3238,261003212031,0x252521002032F9086948706018799326100321203101013E01071DA60C6ACA7F
1464,3244,261003212216,0x252521002032FA086948706018799326100321221601013E01071EAC0CC7CA4D
1465,3243,261003212401,0x252521002032FC086948706018799326100321240101013E01071EAB0CBCCA5E
1466,3222,261003212546,0x252521002032FD086948706018799326100321254601013E01071F960C6EC96D
1467,3211,261003212731,0x252521002032FF086948706018799326100321273101013E01071F8B0CB9C8A0
1468,3200,261003212916,0x25252100203300086948706018799326100321291601013E010720800C07C801
1469,3190,261003213101,0x25252100203301086948706018799326100321310101013E010720760C62C79D
1470,3179,261003213246,0x25252100203303086948706018799326100321324601013E0107206B0CBEC673
1471,3169,261003213431,0x25252100203304086948706018799326100321343101013E010721610C1EC64B
1472,3160,261003213616,0x25252100203306086948706018799326100321361601013E010721580C88C51B
1473,3151,261003213801,0x25252100203307086948706018799326100321380101013E0107214F0CF5C4C4
1474,3142,261003213946,0x25252100203309086948706018799326100321394600013E010721460C63C43E
1475,3133,261003214131,0x2525210020330A086948706018799326100321413100013E0107213D0CDBC3F5
1476,3125,261003214316,0x2525210020330B086948706018799326100321431600013E010721350C50C3E5
1477,3117,261003214501,0x2525210020330D086948706018799326100321450101013E0107212D0CD0C2B0
1478,3108,261003214646,0x2525210020330E086948706018799326100321464601013E010721240C4EC23C
1479,3101,261003214831,0x25252100203310086948706018799326100321483101013E0107211D0CD1C1DE
1480,3093,261003215016,0x25252100203311086948706018799326100321501601013E010722150C5FC17F
1481,3087,261003215201,0x25252100203312086948706018799326100321520101013E0107210F0CF1C07E
1482,3079,261003215346,0x25252100203314086948706018799326100321534601013E010721070C7DC000
1483,3073,261003215531,0x25252100203315086948706018799326100321553101013E010722010C10C094
1484,3066,261003215716,0x25252100203317086948706018799326100321571601013E010722FA0BA7BFDE
1485,3060,261003215901,0x25252100203318086948706018799326100321590101013E010722F40B44BFEB
1486,3054,261003220046,0x25252100203319086948706018799326100322004601013E010722EE0BE2BED2
1487,3048,261003220231,0x2525210020331B086948706018799326100322023101013E010722E80B84BE2B
1488,3042,261003220416,0x2525210020331C086948706018799326100322041601013E010722E20B26BE4F
1489,3036,261003220601,0x2525210020331E086948706018799326100322060101013E010722DC0BCDBDA6
1490,3031,261003220746,0x2525210020331F086948706018799326100322074601013E010722D70B78BDCF
1491,3026,261003220931,0x25252100203321086948706018799326100322093101013E010722D20B2BBD6C
1492,3021,261003221116,0x25252100203322086948706018799326100322111601013E010722CD0BDDBCA3
1493,3019,261003221301,0x25252100203323086948706018799326100322130101013E010722CB0BBCBC34
1494,3024,261003221446,0x25252100203325086948706018799326100322144601013E010722D00B09BD3B
1495,3024,261003221631,0x25252100203326086948706018799326100322163101013E010722D00B09BD3B
1496,3039,261003221816,0x25252100203328086948706018799326100322181601013E010722DF0BF5BD75
1497,3047,261003222001,0x25252100203329086948706018799326100322200101013E010721E70B71BE99
1498,3044,261003222146,0x2525210020332A086948706018799326100322214601013E010721E40B40BEF8
1499,3048,261003222331,0x2525210020332C086948706018799326100322233101013E010720E80B8CBEDE
1500,3057,261003222516,0x2525210020332D086948706018799326100322251601013E010720F10B17BFCB
1501,3061,261003222701,0x2525210020332F086948706018799326100322270101013E010720F50B58BF46
1502,3062,261003222846,0x25252100203330086948706018799326100322284601013E01071FF60B65BF81
1503,3065,261003223031,0x25252100203331086948706018799326100322303101013E01071DF90B96BF54
1504,3057,261003223216,0x25252100203333086948706018799326100322321601013E01071DF10B1BBFEE
1505,3067,261003223401,0x25252100203334086948706018799326100322340101013E01071DFB0BB4BF03
1506,3069,261003223546,0x25252100203336086948706018799326100322354601013E01071DFD0BD2BFFA
1507,3069,261003223731,0x25252100203337086948706018799326100322373101013E01071CFD0BD9BF14
1508,3068,261003223916,0x25252100203339086948706018799326100322391601013E01071CFC0BC3BF90
1509,3079,261003224101,0x2525210020333A086948706018799326100322410101013E01071D070C7AC0CB
1510,3085,261003224246,0x2525210020333B086948706018799326100322424601013E01071C0D0CDBC037
1511,3111,261003224431,0x2525210020333D086948706018799326100322443101013E01071C270C77C243
1512,3087,261003224616,0x2525210020333E086948706018799326100322461601013E01071C0F0CFAC035
1513,3081,261003224801,0x25252100203340086948706018799326100322480101013E01071B090C95C02F
1514,3086,261003224946,0x25252100203341086948706018799326100322494601013E01071B0E0CE5C01F
1515,3152,261003225131,0x25252100203342086948706018799326100322513101013E01071B500C0CC52A
1516,3064,261003225316,0x25252100203344086948706018799326100322531601013E01071BF80B86BFAB
1517,3113,261003225501,0x25252100203345086948706018799326100322550101013E01071B290C9AC2FB
1518,3132,261003225646,0x25252100203347086948706018799326100322564601013E01071B3C0CC1C348
1519,3092,261003225831,0x25252100203348086948706018799326100322583101013E01071C140C4BC101
1520,3167,261003230017,0x25252100203349086948706018799326100323001701013E01071B5F0CFEC5B8
1521,3098,261003230202,0x2525210020334B086948706018799326100323020201013E01071C1A0CA2C1D3
1522,3093,261003230347,0x2525210020334C086948706018799326100323034701013E01071C150C50C141
1523,3105,261003230532,0x2525210020334E086948706018799326100323053201013E01071C210C16C2D4
1524,3117,261003230717,0x2525210020334F086948706018799326100323071701013E01071C2D0CD5C227
1525,3100,261003230902,0x25252100203351086948706018799326100323090201013E01071B1C0CC2C1D1
1526,3116,261003231047,0x25252100203352086948706018799326100323104701013E01071C2C0CCEC267
1527,3115,261003231232,0x25252100203353086948706018799326100323123201013E01071C2B0CBEC257
1528,3117,261003231417,0x25252100203355086948706018799326100323141701013E01071C2D0CDDC251
1529,3093,261003231602,0x25252100203356086948706018799326100323160201013E01071B150C50C110
1530,3098,261003231747,0x25252100203358086948706018799326100323174701013E01071A1A0CAFC1C6
1531,3095,261003231932,0x25252100203359086948706018799326100323193201013E01071A170C71C1DF
1532,3092,261003232117,0x2525210020335A086948706018799326100323211701013E01071A140C48C1C8
1533,3124,261003232302,0x2525210020335C086948706018799326100323230201013E01071B340C47C3D1
1534,3112,261003232447,0x2525210020335D086948706018799326100323244701013E01071B280C8BC25C
1535,3071,261003232632,0x2525210020335F086948706018799326100323263201013E01071BFF0BF1BFF5
1536,3097,261003232817,0x25252100203360086948706018799326100323281701013E01071C190C97C189
1537,3100,261003233002,0x25252100203361086948706018799326100323300201013E01071C1C0CC2C180
1538,3107,261003233147,0x25252100203363086948706018799326100323314701013E01071D230C3EC2A9
1539,3119,261003233332,0x25252100203364086948706018799326100323333201013E01071D2F0CF6C279
1540,3102,261003233517,0x25252100203366086948706018799326100323351701013E01071D1E0CE7C174
1541,3094,261003233702,0x25252100203367086948706018799326100323370201013E01071D160C6AC1CE
1542,3093,261003233847,0x25252100203369086948706018799326100323384701013E01071C150C5AC1A6
1543,3085,261003234032,0x2525210020336A086948706018799326100323403201013E01071C0D0CD1C0D0
1544,3094,261003234217,0x2525210020336B086948706018799326100323421701013E01071C160C64C1DF
1545,3071,261003234402,0x2525210020336D086948706018799326100323440201013E01071CFF0BF4BF5B
1546,3091,261003234547,0x2525210020336E086948706018799326100323454701013E01071C130C3FC10A
1547,3106,261003234732,0x25252100203370086948706018799326100323473201013E01071D220C2AC2F1
1548,3102,261003234917,0x25252100203371086948706018799326100323491700013E01071D1E0CE1C1DE
1549,3095,261003235102,0x25252100203372086948706018799326100323510200013E01071D170C75C1B5
1550,3088,261003235247,0x25252100203374086948706018799326100323524700013E01071D100C0FC162
1551,3083,261003235432,0x25252100203375086948706018799326100323543200013E01071D0B0CB3C0DF
1552,3077,261003235617,0x25252100203377086948706018799326100323561700013E01071E050C5BC087
1553,3072,261003235802,0x25252100203378086948706018799326100323580200013E01071E000C07C03C
1554,3067,261003235947,0x25252100203379086948706018799326100323594700013E01071EFB0BB6BFDC
1555,3062,261004000132,0x2525210020337B086948706018799326100400013200013E01071EF60B67BFDD
1556,3057,261004000317,0x2525210020337C086948706018799326100400031700013E01071EF10B19BF31
1557,3052,261004000502,0x2525210020337E086948706018799326100400050200013E01071EEC0BCBBE03
1558,3047,261004000647,0x2525210020337F086948706018799326100400064700013E01071EE70B7FBEAE
1559,3043,261004000832,0x25252100203381086948706018799326100400083200013E01071EE30B37BE4D
1560,3039,261004001017,0x25252100203382086948706018799326100400101700013E01071DDF0BF4BD5A
1561,3035,261004001202,0x25252100203383086948706018799326100400120200013E01071DDB0BB3BDA1
1562,3031,261004001347,0x25252100203385086948706018799326100400134700013E01071DD70B74BD69
1563,3027,261004001532,0x25252100203386086948706018799326100400153200013E01071DD30B35BD38
1564,3023,261004001717,0x25252100203388086948706018799326100400171700013E01071DCF0BFBBC24
1565,3020,261004001902,0x25252100203389086948706018799326100400190200013E01071DCC0BC3BCF7
1566,3016,261004002047,0x2525210020338A086948706018799326100400204700013E01071DC80B8DBCBE
1567,3013,261004002232,0x2525210020338C086948706018799326100400223200013E01071DC50B58BC84
1568,3010,261004002417,0x2525210020338D086948706018799326100400241700013E01071DC20B25BC3D
1569,3007,261004002602,0x2525210020338F086948706018799326100400260200013E01071DBF0BF3BB79
1570,3004,261004002747,0x25252100203390086948706018799326100400274700013E01071DBC0BC5BB76
1571,3001,261004002932,0x25252100203391086948706018799326100400293200013E01071DB90B9BBB5C
1572,2999,261004003117,0x25252100203393086948706018799326100400311700013E01071DB70B70BB1F
1573,2996,261004003302,0x25252100203394086948706018799326100400330200013E01071DB40B48BBCC
1574,2993,261004003447,0x25252100203396086948706018799326100400344700013E01071DB10B1FBB54
1575,2991,261004003632,0x25252100203397086948706018799326100400363200013E01071DAF0BF8BA3C
1576,2989,261004003817,0x25252100203399086948706018799326100400381700013E01071DAD0BD3BAD9
1577,2986,261004004002,0x2525210020339A086948706018799326100400400201013E01071DAA0BAFBAA4
1578,2990,261004004147,0x2525210020339B086948706018799326100400414701013E01071DAE0BEBBA0A
1579,2979,261004004332,0x2525210020339D086948706018799326100400433201013E01071DA30B3CBAA1
1580,2978,261004004517,0x2525210020339E086948706018799326100400451701013E01071DA20B21BA4B
1581,2971,261004004702,0x252521002033A0086948706018799326100400470201013E01071D9B0BBBB956
1582,2987,261004004847,0x252521002033A1086948706018799326100400484701013E01071DAB0BBEBA03
1583,3004,261004005032,0x252521002033A2086948706018799326100400503201013E01071DBC0BC4BBB2
1584,2955,261004005217,0x252521002033A4086948706018799326100400521701013E01071D8B0BB1B8D7
1585,3003,261004005402,0x252521002033A5086948706018799326100400540201013E01071DBB0BBABB5E
1586,2998,261004005547,0x252521002033A7086948706018799326100400554701013E01071DB60B68BB0A
1587,2932,261004005732,0x252521002033A8086948706018799326100400573201013E01071D740B43B775
1588,3001,261004005917,0x252521002033A9086948706018799326100400591701013E01071DB90B96BBD5
1589,3008,261004010102,0x252521002033AB086948706018799326100401010201013E01071CC00B07BCA7
1590,3023,261004010247,0x252521002033AC086948706018799326100401024701013E01071CCF0BF8BCBC
1591,2995,261004010432,0x252521002033AE086948706018799326100401043201013E01071BB30B3BBB35
1592,2994,261004010617,0x252521002033AF086948706018799326100401061701013E01071BB20B21BBB1
1593,2985,261004010802,0x252521002033B1086948706018799326100401080201013E01071BA90B99BA37
1594,3014,261004010947,0x252521002033B2086948706018799326100401094701013E01071BC60B6DBC42
1595,2986,261004011132,0x252521002033B3086948706018799326100401113201013E01071BAA0BAEBAFC
1596,2992,261004011317,0x252521002033B5086948706018799326100401131701013E01071BB00B03BBE6
1597,2975,261004011502,0x252521002033B6086948706018799326100401150201013E01071C9F0BF5B9D2
1598,2983,261004011647,0x252521002033B8086948706018799326100401164701013E01071BA70B71BA21
1599,2987,261004011832,0x252521002033B9086948706018799326100401183201013E01071BAB0BBBBA60
1600,2958,261004012017,0x252521002033BA086948706018799326100401201701013E01071B8E0BE0B879
1601,2983,261004012202,0x252521002033BC086948706018799326100401220201013E01071CA70B7BBA97
1602,2999,261004012347,0x252521002033BD086948706018799326100401234701013E01071CB70B77BBBC
1603,2987,261004012532,0x252521002033BF086948706018799326100401253201013E01071CAB0BB9BAA0
1604,2992,261004012717,0x252521002033C0086948706018799326100401271701013E01071CB00B05BB1D
1605,2995,261004012902,0x252521002033C1086948706018799326100401290201013E01071CB30B31BB83
1606,3000,261004013047,0x252521002033C3086948706018799326100401304701013E01071CB80B89BB63
1607,2998,261004013232,0x252521002033C4086948706018799326100401323201013E01071CB60B65BB4E
1608,2998,261004013417,0x252521002033C6086948706018799326100401341701013E01071CB60B6EBB6D
1609,3011,261004013602,0x252521002033C7086948706018799326100401360201013E01071DC30B33BCF4
1610,3010,261004013747,0x252521002033C9086948706018799326100401374701013E01071DC20B23BC97
1611,2997,261004013932,0x252521002033CA086948706018799326100401393201013E01071DB50B57BBB7
1612,3016,261004014118,0x252521002033CB086948706018799326100401411801013E01071EC80B85BC86
1613,2984,261004014303,0x252521002033CD086948706018799326100401430301013E01071EA80B8ABAD3
1614,3007,261004014448,0x252521002033CE086948706018799326100401444801013E01071EBF0BF1BBA6
1615,3018,261004014633,0x252521002033D0086948706018799326100401463301013E01071ECA0BA8BCC9
1616,3012,261004014818,0x252521002033D1086948706018799326100401481801013E01071EC40B41BC1B
1617,3018,261004015003,0x252521002033D2086948706018799326100401500301013E01071ECA0BA8BCC9
1618,3005,261004015148,0x252521002033D4086948706018799326100401514801013E01071EBD0BD1BB60
1619,3005,261004015333,0x252521002033D5086948706018799326100401533301013E01071EBD0BDDBB2D
1620,3009,261004015518,0x252521002033D7086948706018799326100401551801013E01071EC10B17BC47
1621,3019,261004015703,0x252521002033D8086948706018799326100401570301013E01071ECB0BB1BC18
1622,3013,261004015848,0x252521002033D9086948706018799326100401584801013E01071EC50B5EBC60
1623,3002,261004020033,0x252521002033DB086948706018799326100402003301013E01071EBA0BA1BB50
1624,3054,261004020218,0x252521002033DC086948706018799326100402021801013E01071EEE0BE8BE90
1625,3062,261004020403,0x252521002033DE086948706018799326100402040301013E01071EF60B63BFE6
1626,3069,261004020548,0x252521002033DF086948706018799326100402054801013E01071DFD0BDABF8C
1627,3077,261004020733,0x252521002033E1086948706018799326100402073301013E01071D050C52C07B
1628,3036,261004020918,0x252521002033E2086948706018799326100402091801013E01071CDC0BCABDEE
1629,3033,261004021103,0x252521002033E3086948706018799326100402110301013E01071BD90B95BD51
1630,3036,261004021248,0x252521002033E5086948706018799326100402124801013E01071BDC0BC7BD36
1631,3046,261004021433,0x252521002033E6086948706018799326100402143301013E01071AE60B6ABE2D
1632,3051,261004021618,0x252521002033E8086948706018799326100402161801013E01071BEB0BBFBEDA
1633,3056,261004021803,0x252521002033E9086948706018799326100402180301013E01071CF00B0BBF40
1634,3049,261004021948,0x252521002033EA086948706018799326100402194801013E01071CE90B90BE55
1635,3041,261004022133,0x252521002033EC086948706018799326100402213301013E01071CE10B14BE5D
1636,3040,261004022318,0x252521002033ED086948706018799326100402231801013E01071CE00B0FBE1D
1637,3100,261004022503,0x252521002033EF086948706018799326100402250301013E01071C1C0CC8C167
1638,3108,261004022648,0x252521002033F0086948706018799326100402264800013E01071C240C47C2E6
1639,3116,261004022833,0x252521002033F1086948706018799326100402283300013E01071C2C0CC8C2CD
1640,3124,261004023018,0x252521002033F3086948706018799326100402301800013E01071B340C43C3EA
1641,3131,261004023203,0x252521002033F4086948706018799326100402320300013E01071B3B0CBAC35B
1642,3138,261004023348,0x252521002033F6086948706018799326100402334800013E01071B420C2FC4DF
1643,3146,261004023533,0x252521002033F7086948706018799326100402353300013E01071B4A0CA0C4F4
1644,3152,261004023718,0x252521002033F9086948706018799326100402371800013E01071B500C0DC5EE
1645,3158,261004023903,0x252521002033FA086948706018799326100402390300013E01071B560C6AC5D3
1646,3164,261004024048,0x252521002033FB086948706018799326100402404800013E01071B5C0CCCC58C
1647,3170,261004024233,0x252521002033FD086948706018799326100402423300013E01071B620C29C6B9
1648,3176,261004024418,0x252521002033FE086948706018799326100402441800013E01071B680C84C6C5
1649,3181,261004024603,0x25252100203400086948706018799326100402460300013E01071B6D0CDDC681
1650,3187,261004024748,0x25252100203401086948706018799326100402474800013E01071B730C34C735
1651,3192,261004024933,0x25252100203402086948706018799326100402493300013E01071B780C87C7F6
1652,3197,261004025118,0x25252100203404086948706018799326100402511800013E01071B7D0CD7C700
1653,3202,261004025303,0x25252100203405086948706018799326100402530300013E01071A820C25C86F
1654,3206,261004025448,0x25252100203407086948706018799326100402544800013E01071A860C6FC81D
1655,3211,261004025633,0x25252100203408086948706018799326100402563300013E01071A8B0CB7C8AE
1656,3215,261004025818,0x25252100203409086948706018799326100402581800013E01071A8F0CFFC84D
1657,3220,261004030003,0x2525210020340B086948706018799326100403000300013E01071A940C44C99E
1658,3224,261004030148,0x2525210020340C086948706018799326100403014800013E01071A980C85C9FC
1659,3228,261004030333,0x2525210020340E086948706018799326100403033300013E01071A9C0CC5C969
1660,3232,261004030518,0x2525210020340F086948706018799326100403051800013E01071AA00C04CAA1
1661,3235,261004030703,0x25252100203411086948706018799326100403070300013E01071AA30C3DCAB6
1662,3238,261004030848,0x25252100203412086948706018799326100403084800013E01071AA60C6DCA40
1663,3241,261004031033,0x25252100203413086948706018799326100403103300013E01071BA90C9ECADB
1664,3244,261004031218,0x25252100203415086948706018799326100403121800013E01071BAC0CCECA2D
1665,3247,261004031403,0x25252100203416086948706018799326100403140300013E01071BAF0CFDCADD
1666,3250,261004031548,0x25252100203418086948706018799326100403154800013E01071BB20C2ACB10
1667,3253,261004031733,0x25252100203419086948706018799326100403173300013E01071BB50C57CBA9
1668,3256,261004031918,0x2525210020341A086948706018799326100403191800013E01071BB80C83CB57
1669,3260,261004032103,0x2525210020341C086948706018799326100403210300013E01071BBC0CC7CBF9
1670,3263,261004032248,0x2525210020341D086948706018799326100403224800013E01071CBF0CF4CB58
1671,3265,261004032433,0x2525210020341F086948706018799326100403243300013E01071CC10C1DCCA1
1672,3268,261004032618,0x25252100203420086948706018799326100403261800013E01071CC40C48CCA8
1673,3271,261004032803,0x25252100203421086948706018799326100403280300013E01071CC70C70CC7B
1674,3273,261004032948,0x25252100203423086948706018799326100403294800013E01071CC90C98CC6D
1675,3276,261004033133,0x25252100203424086948706018799326100403313300013E01071CCC0CC2CC7C
1676,3278,261004033318,0x25252100203426086948706018799326100403331800013E01071CCE0CEACCCC
1677,3281,261004033503,0x25252100203427086948706018799326100403350300013E01071CD10C16CDE4
1678,3284,261004033648,0x25252100203429086948706018799326100403364800013E01071CD40C42CD29
1679,3286,261004033833,0x2525210020342A086948706018799326100403383300013E01071CD60C6FCD66
1680,3289,261004034018,0x2525210020342B086948706018799326100403401800013E01071CD90C9ACD9A
1681,3292,261004034203,0x2525210020342D086948706018799326100403420300013E01071CDC0CC1CD4F
1682,3294,261004034348,0x2525210020342E086948706018799326100403434800013E01071CDE0CEBCD6E
1683,3297,261004034533,0x25252100203430086948706018799326100403453300013E01071CE10C13CEB1
1684,3299,261004034718,0x25252100203431086948706018799326100403471800013E01071CE30C3ACEC5
1685,3301,261004034903,0x25252100203432086948706018799326100403490300013E01071CE50C5ECEAD
1686,3304,261004035048,0x25252100203434086948706018799326100403504800013E01071CE80C82CE25
1687,3306,261004035233,0x25252100203435086948706018799326100403523300013E01071CEA0CA6CED8
1688,3308,261004035418,0x25252100203437086948706018799326100403541800013E01071CEC0CC6CE8B
1689,3310,261004035603,0x25252100203438086948706018799326100403560300013E01071CEE0CE7CE89
1690,3312,261004035748,0x25252100203439086948706018799326100403574800013E01071CF00C0CCFAC
1691,3315,261004035933,0x2525210020343B086948706018799326100403593300013E01071BF30C30CF15
1692,3316,261004040118,0x2525210020343C086948706018799326100404011800013E01071BF40C4DCFAC
1693,3318,261004040303,0x2525210020343E086948706018799326100404030300013E01071BF60C68CF95
1694,3319,261004040448,0x2525210020343F086948706018799326100404044800013E01071BF70C77CFEE
1695,3321,261004040633,0x25252100203441086948706018799326100404063300013E01071BF90C94CFDB
1696,3322,261004040818,0x25252100203442086948706018799326100404081800013E01071AFA0CAECF54
1697,3324,261004041003,0x25252100203443086948706018799326100404100300013E01071AFC0CC7CFB5
1698,3325,261004041148,0x25252100203445086948706018799326100404114800013E01071AFD0CDCCFF5
1699,3326,261004041333,0x25252100203446086948706018799326100404133300013E01071BFE0CEDCF59
1700,3328,261004041518,0x25252100203448086948706018799326100404151800013E01071B000D05D049
1701,3329,261004041703,0x25252100203449086948706018799326100404170300013E01071B010D18D0A3
1702,3331,261004041848,0x2525210020344A086948706018799326100404184800013E01071A030D31D01A
1703,3332,261004042034,0x2525210020344C086948706018799326100404203400013E01071A040D44D0D5
1704,3333,261004042219,0x2525210020344D086948706018799326100404221900013E01071A050D54D0B6
1705,3334,261004042404,0x2525210020344F086948706018799326100404240400013E01071A060D66D082
1706,3335,261004042549,0x25252100203450086948706018799326100404254900013E01071B070D74D0BD
1707,3336,261004042734,0x25252100203451086948706018799326100404273400013E01071B080D81D041
1708,3336,261004042919,0x25252100203453086948706018799326100404291900013E01071B080D8CD0C8
1709,3337,261004043104,0x25252100203454086948706018799326100404310400013E01071B090D97D088
1710,3338,261004043249,0x25252100203456086948706018799326100404324900013E01071B0A0DA6D0E9
1711,3339,261004043434,0x25252100203457086948706018799326100404343400013E01071B0B0DB0D020
1712,3339,261004043619,0x25252100203459086948706018799326100404361900013E01071B0B0DBDD0A9
1713,3340,261004043804,0x2525210020345A086948706018799326100404380400013E01071B0C0DC8D066
1714,3341,261004043949,0x2525210020345B086948706018799326100404394900013E01071B0D0DD4D048
1715,3341,261004044134,0x2525210020345D086948706018799326100404413400013E01071C0D0DDBD001
1716,3342,261004044319,0x2525210020345E086948706018799326100404431900013E01071C0E0DE3D0D2
1717,3342,261004044504,0x25252100203460086948706018799326100404450400013E01071C0E0DECD0CA
1718,3343,261004044649,0x25252100203461086948706018799326100404464900013E01071C0F0DF3D0B1
1719,3343,261004044834,0x25252100203462086948706018799326100404483400013E01071C0F0DFCD0A9
1720,3344,261004045019,0x25252100203464086948706018799326100404501900013E01071C100D06D12B
1721,3345,261004045204,0x25252100203465086948706018799326100404520400013E01071C110D14D1D9
1722,3346,261004045349,0x25252100203467086948706018799326100404534900013E01071C120D23D112
1723,3346,261004045534,0x25252100203468086948706018799326100404553400013E01071C120D2ED19B
1724,3347,261004045719,0x25252100203469086948706018799326100404571900013E01071C130D3CD169
1725,3350,261004045904,0x2525210020346B086948706018799326100404590401013E01071C160D65D12D
1726,3285,261004050049,0x2525210020346C086948706018799326100405004901013E01071CD50C53CD8E
1727,3284,261004050234,0x2525210020346E086948706018799326100405023401013E01071CD40C4ECD64
1728,3268,261004050419,0x2525210020346F086948706018799326100405041901013E01071BC40C4DCC06
1729,3210,261004050604,0x25252100203471086948706018799326100405060401013E01071B8A0CA1C8AA
1730,3274,261004050749,0x25252100203472086948706018799326100405074901013E01071BCA0CA0CCEF
1731,3248,261004050934,0x25252100203473086948706018799326100405093401013E01071BB00C01CBF5
1732,3236,261004051119,0x25252100203475086948706018799326100405111901013E01071BA40C4FCADA
1733,3226,261004051304,0x25252100203476086948706018799326100405130401013E01071B9A0CA6C9A2
1734,3224,261004051449,0x25252100203478086948706018799326100405144901013E01071B980C8EC912
1735,3237,261004051634,0x25252100203479086948706018799326100405163401013E01071BA50C51CA65
1736,3252,261004051819,0x2525210020347A086948706018799326100405181901013E01071BB40C47CBCA
1737,3249,261004052004,0x2525210020347C086948706018799326100405200401013E01071BB10C10CB52
1738,3220,261004052149,0x2525210020347D086948706018799326100405214901013E01071B940C44C953
1739,3183,261004052334,0x2525210020347F086948706018799326100405233401013E01071B6F0CF7C6A0
1740,3192,261004052519,0x25252100203480086948706018799326100405251901013E01071B780C83C7CD
1741,3174,261004052704,0x25252100203481086948706018799326100405270401013E01071B660C6AC679
1742,3181,261004052849,0x25252100203483086948706018799326100405284901013E01071B6D0CDAC6EF
1743,3170,261004053034,0x25252100203484086948706018799326100405303401013E01071B620C21C6CF
1744,3155,261004053219,0x25252100203486086948706018799326100405321901013E01071C530C39C521
1745,3169,261004053404,0x25252100203487086948706018799326100405340401013E01071C610C1FC6E7
1746,3159,261004053549,0x25252100203489086948706018799326100405354901013E01071B570C71C593
1747,3158,261004053734,0x2525210020348A086948706018799326100405373401013E01071B560C68C542
1748,3172,261004053919,0x2525210020348B086948706018799326100405391901013E01071B640C45C6A7
1749,3129,261004054104,0x2525210020348D086948706018799326100405410401013E01071B390C96C3D0
1750,3133,261004054249,0x2525210020348E086948706018799326100405424901013E01071B3D0CD8C399
1751,3126,261004054434,0x25252100203490086948706018799326100405443401013E01071B360C6CC334
1752,3112,261004054619,0x25252100203491086948706018799326100405461901013E01071B280C8BC25C
1753,3095,261004054804,0x25252100203492086948706018799326100405480401013E01071C170C7BC1A4
1754,3093,261004054949,0x25252100203494086948706018799326100405494901013E01071B150C5AC1F7
1755,3079,261004055134,0x25252100203495086948706018799326100405513401013E01071B070C7FC0A8
1756,3091,261004055319,0x25252100203497086948706018799326100405531901013E01071B130C3DC1CA
1757,3125,261004055504,0x25252100203498086948706018799326100405550401013E01071B350C51C318
1758,3086,261004055649,0x25252100203499086948706018799326100405564901013E01071B0E0CE1C024
1759,3081,261004055834,0x2525210020349B086948706018799326100405583401013E01071B090C92C041
1760,3081,261004060019,0x2525210020349C086948706018799326100406001901013E01071B090C9EC00C
1761,3073,261004060204,0x2525210020349E086948706018799326100406020401013E01071C010C16C018
1762,3079,261004060349,0x2525210020349F086948706018799326100406034901013E01071B070C75C04F
1763,3071,261004060534,0x252521002034A1086948706018799326100406053401013E01071CFF0BF6BFCA
1764,3069,261004060719,0x252521002034A2086948706018799326100406071901013E01071CFD0BDDBF2F
1765,3059,261004060904,0x252521002034A3086948706018799326100406090401013E01071CF30B35BF39
1766,3053,261004061049,0x252521002034A5086948706018799326100406104901013E01071CED0BD2BE51
1767,3062,261004061234,0x252521002034A6086948706018799326100406123401013E01071CF60B6ABFD7
1768,3059,261004061419,0x252521002034A8086948706018799326100406141901013E01071CF30B35BF39
1769,3058,261004061604,0x252521002034A9086948706018799326100406160401013E01071CF20B2ABF42
1770,3053,261004061749,0x252521002034AA086948706018799326100406174901013E01071CED0BDCBE8D
1771,3046,261004061934,0x252521002034AC086948706018799326100406193401013E01071CE60B65BEA9
1772,3043,261004062119,0x252521002034AD086948706018799326100406211901013E01071CE30B35BE5F
1773,3031,261004062304,0x252521002034AF086948706018799326100406230401013E01071CD70B7EBD43
1774,3034,261004062449,0x252521002034B0086948706018799326100406244901013E01071CDA0BAFBD42
1775,3019,261004062634,0x252521002034B1086948706018799326100406263401013E01071CCB0BBABCB8
1776,3001,261004062819,0x252521002034B3086948706018799326100406281901013E01071DB90B96BBD5
1777,3051,261004063004,0x252521002034B4086948706018799326100406300401013E01071DEB0BB9BEEC
1778,3011,261004063149,0x252521002034B6086948706018799326100406314901013E01071CC30B36BCC6
1779,2982,261004063334,0x252521002034B7086948706018799326100406333401013E01071CA60B65BA28
1780,2989,261004063519,0x252521002034B9086948706018799326100406351901013E01071CAD0BD0BA41
1781,2991,261004063704,0x252521002034BA086948706018799326100406370401013E01071CAF0BFABA60
1782,2986,261004063849,0x252521002034BB086948706018799326100406384901013E01071CAA0BA4BA4A
1783,2978,261004064034,0x252521002034BD086948706018799326100406403401013E01071CA20B22BAD3
1784,2971,261004064219,0x252521002034BE086948706018799326100406421901013E01071C9B0BB1B97C
1785,2999,261004064404,0x252521002034C0086948706018799326100406440401013E01071CB70B76BB78
1786,2974,261004064549,0x252521002034C1086948706018799326100406454901013E01071C9E0BE8B938
1787,2970,261004064734,0x252521002034C2086948706018799326100406473401013E01071C9A0BA0B9DB
1788,3006,261004064919,0x252521002034C4086948706018799326100406491901013E01071CBE0BE1BB46
1789,2972,261004065104,0x252521002034C5086948706018799326100406510401013E01071D9C0BCEB999
1790,2964,261004065249,0x252521002034C7086948706018799326100406524901013E01071D940B4FB96E
1791,2947,261004065434,0x252521002034C8086948706018799326100406543401013E01071D830B38B856
1792,2943,261004065619,0x252521002034C9086948706018799326100406561901013E01071D7F0BFCB7FB
1793,2938,261004065804,0x252521002034CB086948706018799326100406580401013E01071D7A0BAFB758
1794,2932,261004065949,0x252521002034CC086948706018799326100406594901013E01071D740B4FB738
1795,2924,261004070135,0x252521002034CE086948706018799326100407013501013E01071D6C0BC2B6E4
1796,2925,261004070320,0x252521002034CF086948706018799326100407032001013E01071D6D0BDFB60E
1797,2964,261004070505,0x252521002034D1086948706018799326100407050501013E01071C940B43B9EE
1798,2930,261004070650,0x252521002034D2086948706018799326100407065001013E01071C720B2AB759
1799,2932,261004070835,0x252521002034D3086948706018799326100407083501013E01071C740B44B7D6
1800,2921,261004071020,0x252521002034D5086948706018799326100407102001013E01071C690B9CB603
1801,2913,261004071205,0x252521002034D6086948706018799326100407120501013E01071C610B12B6EC
1802,2917,261004071350,0x252521002034D8086948706018799326100407135001013E01071D650B58B653
1803,2908,261004071535,0x252521002034D9086948706018799326100407153501013E01071D5C0BCCB592
1804,2916,261004071720,0x252521002034DA086948706018799326100407172001013E01071D640B4AB6A1
1805,2909,261004071905,0x252521002034DC086948706018799326100407190501013E01071D5D0BDBB59F
1806,2915,261004072050,0x252521002034DD086948706018799326100407205001013E01071D630B3FB66E
1807,2903,261004072235,0x252521002034DF086948706018799326100407223501013E01071D570B7AB5AE
1808,2904,261004072420,0x252521002034E0086948706018799326100407242001013E01071D580B87B524
1809,2887,261004072605,0x252521002034E1086948706018799326100407260501013E01071D470B7AB4C8
1810,2894,261004072750,0x252521002034E3086948706018799326100407275001013E01071C4E0BE1B476
1811,2892,261004072935,0x252521002034E4086948706018799326100407293501013E01071C4C0BCEB4A8
1812,2879,261004073120,0x252521002034E6086948706018799326100407312001013E01071C3F0BF0B3FA
1813,2874,261004073305,0x252521002034E7086948706018799326100407330501013E01071C3A0BA5B3F3
1814,2870,261004073450,0x252521002034E9086948706018799326100407345001013E01071C360B63B3FF
1815,2856,261004073635,0x252521002034EA086948706018799326100407363501013E01071C280B8AB24B
1816,2857,261004073820,0x252521002034EB086948706018799326100407382001013E01071C290B9EB213
1817,2844,261004074005,0x252521002034ED086948706018799326100407400501013E01071C1C0BC7B1FD
1818,2846,261004074150,0x252521002034EE086948706018799326100407415001013E01071C1E0BE5B1AA
1819,2842,261004074335,0x252521002034F0086948706018799326100407433501013E01071D1A0BA9B1BF
1820,2840,261004074520,0x252521002034F1086948706018799326100407452001013E01071D180B8CB186
1821,2831,261004074705,0x252521002034F2086948706018799326100407470501013E01071D0F0BFDB014
1822,2831,261004074850,0x252521002034F4086948706018799326100407485001013E01071D0F0BF8B0EB
1823,2820,261004075035,0x252521002034F5086948706018799326100407503501013E01071C040B40B0C6
1824,2813,261004075220,0x252521002034F7086948706018799326100407522001013E01071DFD0AD8AF2B
1825,2812,261004075405,0x252521002034F8086948706018799326100407540501013E01071DFC0AC8AF48
1826,2802,261004075550,0x252521002034F9086948706018799326100407555001013E01071DF20A2DAFD7
1827,2804,261004075735,0x252521002034FB086948706018799326100407573501013E01071DF40A4FAF15
1828,2792,261004075920,0x252521002034FC086948706018799326100407592001013E01071CE80A82AE91
1829,2813,261004080105,0x252521002034FE086948706018799326100408010501013E01071CFD0ADEAF4C
1830,2819,261004080250,0x252521002034FF086948706018799326100408025001013E01071C030B37B098
1831,2816,261004080435,0x25252100203501086948706018799326100408043501013E01071C000B07B03D
1832,2809,261004080620,0x25252100203502086948706018799326100408062001013E01071CF90A9FAF1D
1833,2824,261004080805,0x25252100203503086948706018799326100408080501013E01071C080B86B0CA
1834,2800,261004080950,0x25252100203505086948706018799326100408095001013E01071CF00A09AFE7
1835,2807,261004081135,0x25252100203506086948706018799326100408113501013E01071CF70A71AFA1
1836,2786,261004081320,0x25252100203508086948706018799326100408132001013E01071CE20A2DAE7C
1837,2801,261004081505,0x25252100203509086948706018799326100408150501013E01071DF10A1AAF1C
1838,2813,261004081650,0x2525210020350A086948706018799326100408165001013E01071DFD0AD7AF33
1839,2814,261004081835,0x2525210020350C086948706018799326100408183501013E01071DFE0AEDAF71
1840,2814,261004082020,0x2525210020350D086948706018799326100408202001013E01071DFE0AEAAF1F
1841,2787,261004082205,0x2525210020350F086948706018799326100408220501013E01071DE30A33AE0E
1842,2808,261004082350,0x25252100203510086948706018799326100408235001013E01071DF80A83AFFE
1843,2828,261004082535,0x25252100203511086948706018799326100408253501013E01071D0C0BCCB075
1844,2783,261004082720,0x25252100203513086948706018799326100408272001013E01071EDF0AF9ADAB
1845,2824,261004082905,0x25252100203514086948706018799326100408290501013E01071E080B8BB0C0
1846,2838,261004083050,0x25252100203516086948706018799326100408305001013E01071D160B63B1FE
1847,2834,261004083235,0x25252100203517086948706018799326100408323501013E01071E120B2DB1F9
1848,2809,261004083420,0x25252100203519086948706018799326100408342001013E01071EF90A97AFE8
1849,2807,261004083605,0x2525210020351A086948706018799326100408360501013E01071EF70A7EAF3A
1850,2804,261004083750,0x2525210020351B086948706018799326100408375001013E01071EF40A4DAFCA
1851,2802,261004083935,0x2525210020351D086948706018799326100408393501013E01071EF20A28AF66
1852,2800,261004084120,0x2525210020351E086948706018799326100408412001013E01071EF00A06AF7C
1853,2798,261004084305,0x25252100203520086948706018799326100408430501013E01071DEE0AE8AEE8
1854,2799,261004084450,0x25252100203521086948706018799326100408445001013E01071DEF0AF8AE8B
1855,2818,261004084635,0x25252100203522086948706018799326100408463501013E01071D020B28B02E
1856,2818,261004084820,0x25252100203524086948706018799326100408482001013E01071D020B27B036
1857,2821,261004085005,0x25252100203525086948706018799326100408500501013E01071E050B59B094
1858,2823,261004085150,0x25252100203527086948706018799326100408515001013E01071E070B71B024
1859,2676,261005142937,0x25252100203528086948706018799326100514293700013E01071A740A40A747
1860,2676,261005143122,0x25252100203529086948706018799326100514312200013E01071A740A41A783
1861,2678,261005143307,0x2525210020352B086948706018799326100514330701013E01071A760A64A7BA
1862,2682,261005143452,0x2525210020352C086948706018799326100514345201013E01071A7A0AABA704
1863,2679,261005143637,0x2525210020352E086948706018799326100514363701013E01071A770A78A794
1864,2686,261005143822,0x2525210020352F086948706018799326100514382201013E01071A7E0AE9A700
1865,2716,261005144007,0x25252100203530086948706018799326100514400701013E01071A9C0AC1A9E6
1866,2674,261005144152,0x25252100203532086948706018799326100514415201013E01071A720A2BA737
1867,2675,261005144337,0x25252100203533086948706018799326100514433700013E01071A730A3CA73A
1868,2669,261005144522,0x25252100203535086948706018799326100514452200013E01071A6D0AD3A624
1869,2662,261005144707,0x25252100203536086948706018799326100514470700013E01071A660A61A623
1870,2655,261005144852,0x25252100203537086948706018799326100514485200013E01071A5F0AF2A58C
1871,2648,261005145037,0x25252100203539086948706018799326100514503700013E01071A580A87A543
1872,2641,261005145222,0x2525210020353A086948706018799326100514522200013E01071A510A1EA5A1
1873,2635,261005145407,0x2525210020353C086948706018799326100514540700013E01071A4B0ABAA409
1874,2629,261005145552,0x2525210020353D086948706018799326100514555200013E01071A450A59A43C
1875,2623,261005145737,0x2525210020353F086948706018799326100514573700013E01071A3F0AFDA3D9
1876,2618,261005145922,0x25252100203540086948706018799326100514592200013E01071A3A0AA1A362
1877,2612,261005150107,0x25252100203541086948706018799326100515010700013E01071A340A45A339
1878,2607,261005150252,0x25252100203543086948706018799326100515025200013E01071A2F0AF9A284
1879,2604,261005150437,0x25252100203544086948706018799326100515043700013E01071A2C0AC4A2A8
1880,2599,261005150622,0x25252100203546086948706018799326100515062200013E01071A270A76A2AF
1881,2594,261005150807,0x25252100203547086948706018799326100515080700013E01071A220A2BA2D0
1882,2590,261005150952,0x25252100203548086948706018799326100515095200013E01071A1E0AE4A1C4
1883,2585,261005151137,0x2525210020354A086948706018799326100515113700013E01071A190A9DA146
1884,2581,261005151322,0x2525210020354B086948706018799326100515132200013E01071A150A59A1DB
1885,2577,261005151507,0x2525210020354D086948706018799326100515150700013E01071A110A17A192
1886,2573,261005151652,0x2525210020354E086948706018799326100515165201013E01071A0D0AD6A096
1887,2569,261005151837,0x2525210020354F086948706018799326100515183701013E01071A090A99A01B
1888,2565,261005152022,0x25252100203551086948706018799326100515202201013E01071A050A5DA086
1889,2562,261005152207,0x25252100203552086948706018799326100515220701013E01071A020A22A0AE
1890,2558,261005152352,0x25252100203554086948706018799326100515235201013E01071AFE09E79F9D
1891,2555,261005152537,0x25252100203555086948706018799326100515253701013E01071AFB09B29F94
1892,2551,261005152722,0x25252100203557086948706018799326100515272200013E01071AF7097D9F2A
1893,2548,261005152907,0x25252100203558086948706018799326100515290700013E01071AF4094A9FE1
1894,2545,261005153052,0x25252100203559086948706018799326100515305200013E01071AF109169F5A
1895,2542,261005153237,0x2525210020355B086948706018799326100515323700013E01071AEE09E59E6A
1896,2539,261005153422,0x2525210020355C086948706018799326100515342200013E01071AEB09B89E15
1897,2536,261005153607,0x2525210020355E086948706018799326100515360700013E01071AE809889EB0
1898,2533,261005153752,0x2525210020355F086948706018799326100515375200013E01071AE5095B9E20
1899,2531,261005153937,0x25252100203560086948706018799326100515393700013E01071AE309329EC1
1900,2533,261005154122,0x25252100203562086948706018799326100515412201013E01071AE5095A9EE4
1901,2530,261005154307,0x25252100203563086948706018799326100515430700013E01071AE209299E81
1902,2527,261005154452,0x25252100203565086948706018799326100515445200013E01071ADF09F49D67
1903,2523,261005154637,0x25252100203566086948706018799326100515463700013E01071ADB09BF9DD1
1904,2520,261005154822,0x25252100203567086948706018799326100515482200013E01071AD8098E9DB0
1905,2517,261005155007,0x25252100203569086948706018799326100515500700013E01071AD5095A9D4E
1906,2514,261005155152,0x2525210020356A086948706018799326100515515200013E01071AD209249DA2
1907,2511,261005155337,0x2525210020356C086948706018799326100515533700013E01071ACF09F09C3A
1908,2508,261005155522,0x2525210020356D086948706018799326100515552200013E01071ACC09C79CF1
1909,2503,261005155852,0x2525210020356F086948706018799326100515585200013E01071AC709739C5C
1910,2500,261005160037,0x25252100203570086948706018799326100516003700013E01071AC4094C9CE1
1911,2498,261005160222,0x25252100203572086948706018799326100516022200013E01071AC209269C55
1912,2495,261005160407,0x25252100203573086948706018799326100516040700013E01071ABF09FF9B09
1913,2493,261005160552,0x25252100203575086948706018799326100516055200013E01071ABD09DD9B5E
1914,2491,261005160737,0x25252100203576086948706018799326100516073700013E01071ABB09B89BF2
1915,2489,261005160922,0x25252100203577086948706018799326100516092200013E01071AB909979B2C
1916,2487,261005161107,0x25252100203579086948706018799326100516110700013E01071AB709759BDD
1917,2485,261005161252,0x2525210020357A086948706018799326100516125200013E01071AB509579B8A
1918,2483,261005161437,0x2525210020357C086948706018799326100516143700013E01071AB309379BD9
1919,2481,261005161622,0x2525210020357D086948706018799326100516162200013E01071AB1091A9B96
1920,2479,261005161807,0x2525210020357E086948706018799326100516180700013E01071AAF09FF9A6F
1921,2478,261005161952,0x25252100203580086948706018799326100516195200013E01071BAE09E39A8C
1922,2476,261005162137,0x25252100203581086948706018799326100516213700013E01071BAC09CA9AF8
1923,2475,261005162322,0x25252100203583086948706018799326100516232200013E01071BAB09B09A2F
1924,2473,261005162507,0x25252100203584086948706018799326100516250700013E01071BA909999A5B
1925,2470,261005162837,0x25252100203586086948706018799326100516283700013E01071BA609669A40
1926,2465,261005163022,0x25252100203587086948706018799326100516302200013E01071BA1091F9AC2
1927,2466,261005163207,0x25252100203589086948706018799326100516320700013E01071BA209289A09
1928,2470,261005163352,0x2525210020358A086948706018799326100516335200013E01071BA609699A58
1929,2466,261005163537,0x2525210020358C086948706018799326100516353700013E01071BA209229AEE
1930,2472,261005163722,0x2525210020358D086948706018799326100516372200013E01071BA8098E9A56
1931,2465,261005163907,0x2525210020358E086948706018799326100516390700013E01071BA1091D9A53
1932,2465,261005164052,0x25252100203590086948706018799326100516405200013E01071BA109109ADA
1933,2463,261005164237,0x25252100203591086948706018799326100516423700013E01071B9F09F09910
1934,2461,261005164422,0x25252100203593086948706018799326100516442200013E01071B9D09DA9931
1935,2460,261005164607,0x25252100203594086948706018799326100516460700013E01071B9C09C4998E
1936,2458,261005164752,0x25252100203595086948706018799326100516475200013E01071B9A09AE993A
1937,2457,261005164937,0x25252100203597086948706018799326100516493700013E01071B99099A99A4
1938,2456,261005165122,0x25252100203598086948706018799326100516512200013E01071B98098299B1
1939,2453,261005165307,0x2525210020359A086948706018799326100516530700013E01071B95095D996C
1940,2452,261005165452,0x2525210020359B086948706018799326100516545200013E01071B940946992C
1941,56250,261005165637,0x2525210022359C086948706018799326100516563700013E01F71BBADBEEBBEBA719
1942,2449,261005165822,0x2525210020359D086948706018799326100516582200013E01071B91091999C2
1943,2446,261005170007,0x2525210020359E086948706018799326100517000701013E01071B8E09E198D1
1944,2451,261005170152,0x252521002035A0086948706018799326100517015200013E01071B93093A9951
1945,2449,261005170337,0x252521002035A1086948706018799326100517033700013E01071B91091E99AC
1946,2448,261005170523,0x252521002035A3086948706018799326100517052300013E01071B900907997D
1947,2447,261005170708,0x252521002035A4086948706018799326100517070800013E01071B8F09F39823
1948,2445,261005170853,0x252521002035A5086948706018799326100517085300013E01071B8D09DF98A8
1949,2444,261005171038,0x252521002035A7086948706018799326100517103800013E01071B8C09CB98F0
1950,2443,261005171223,0x252521002035A8086948706018799326100517122300013E01071B8B09B99851
1951,2442,261005171408,0x252521002035AA086948706018799326100517140800013E01071B8A09A798EE
1952,2441,261005171553,0x252521002035AB086948706018799326100517155300013E01071B890997984B
1953,2440,261005171738,0x252521002035AC086948706018799326100517173800013E01071B8809879828
1954,2439,261005171923,0x252521002035AE086948706018799326100517192300013E01071B8709789833
1955,2438,261005172108,0x252521002035AF086948706018799326100517210800013E01071B86096A98C1
1956,2437,261005172253,0x252521002035B1086948706018799326100517225300013E01071B85095C98CE
1957,2436,261005172438,0x252521002035B2086948706018799326100517243800013E01071B84094E983C
1958,2436,261005172623,0x252521002835B3086948706018799326100517262300013E01071B84094098FE02071B890A90A838
1959,2435,261005172808,0x252521002035B4086948706018799326100517280800013E01071B83093498EB
1960,2434,261005172953,0x252521002035B5086948706018799326100517295300013E01071B82092798DD
1961,2433,261005173138,0x252521002035B7086948706018799326100517313800013E01071B81091F980E
1962,2433,261005173323,0x252521002035B8086948706018799326100517332301013E01071B81091998A4
1963,2432,261005173508,0x252521002035BA086948706018799326100517350801013E01071B80090B9856
1964,2431,261005173653,0x252521002035BB086948706018799326100517365300013E01071B7F09FE979A
1965,2431,261005173838,0x252521002035BC086948706018799326100517383800013E01071B7F09F09746
1966,2430,261005174023,0x252521002035BE086948706018799326100517402300013E01071B7E09E4971E
1967,2429,261005174208,0x252521002035BF086948706018799326100517420800013E01071B7D09DA9767
1968,2428,261005174353,0x252521002035C1086948706018799326100517435300013E01071B7C09CC97AE
1969,2428,261005174538,0x252521002035C2086948706018799326100517453800013E01071B7C09C19727
1970,2427,261005174723,0x252521002035C3086948706018799326100517472300013E01071B7B09B69779
1971,2426,261005174908,0x252521002035C5086948706018799326100517490800013E01071B7A09AB9793
1972,2426,261005175053,0x252521002035C6086948706018799326100517505300013E01071B7A09A097B0
1973,2425,261005175238,0x252521002035C8086948706018799326100517523800013E01071B790997977B
1974,2424,261005175423,0x252521002035C9086948706018799326100517542300013E01071B78098D97FF
1975,2424,261005175608,0x252521002035CA086948706018799326100517560800013E01071B780984974D
1976,2423,261005175753,0x252521002035CC086948706018799326100517575300013E01071B77097C9738
1977,2423,261005175938,0x252521002035CD086948706018799326100517593800013E01071B77097297E4
1978,2422,261005180123,0x252521002035CF086948706018799326100518012300013E01071B76096C975B
1979,2422,261005180308,0x252521002035D0086948706018799326100518030800013E01071B760964972D
1980,2421,261005180453,0x252521002035D2086948706018799326100518045300013E01071B75095C97FE
1981,2421,261005180638,0x252521002035D3086948706018799326100518063800013E01071B7509549788
1982,2420,261005180823,0x252521002035D4086948706018799326100518082300013E01071B74094E970C
1983,2420,261005181008,0x252521002035D6086948706018799326100518100800013E01071B74094797BE
1984,2420,261005181153,0x252521002035D7086948706018799326100518115300013E01071B7409419714
1985,2419,261005181338,0x252521002035D9086948706018799326100518133800013E01071B73093D9769
1986,2419,261005181523,0x252521002035DA086948706018799326100518152300013E01071B7309389796
1987,2419,261005181708,0x252521002035DB086948706018799326100518170800013E01071B7309329771
1988,2418,261005181853,0x252521002035DD086948706018799326100518185300013E01071B72092C97CE
1989,2418,261005182038,0x252521002035DE086948706018799326100518203800013E01071A7209289738
1990,2418,261005182223,0x252521002035E0086948706018799326100518222300013E01071A72092597B1
1991,2420,261005182408,0x252521002035E1086948706018799326100518240801013E01071A740942978C
1992,2446,261005182553,0x252521002035E2086948706018799326100518255301013E01071B8E09E198D1
1993,2455,261005182738,0x252521002035E4086948706018799326100518273801013E01071B9709769989
1994,2443,261005182923,0x252521002035E5086948706018799326100518292301013E01071B8B09BA9804
1995,2478,261005183108,0x252521002035E7086948706018799326100518310800013E01071BAE09E29A48
1996,2483,261005183253,0x252521002035E8086948706018799326100518325300013E01071BB309359B85
1997,2488,261005183438,0x252521002035EA086948706018799326100518343800013E01071BB8098D9B65
1998,2498,261005183623,0x252521002035EB086948706018799326100518362300013E01071BC2092C9C7F
1999,2514,261005183808,0x252521002035EC086948706018799326100518380800013E01071BD209299DE6
2000,2535,261005183953,0x252521002035EE086948706018799326100518395300013E01071BE709709E08
2001,2558,261005184138,0x252521002035EF086948706018799326100518413800013E01071BFE09E89F48
2002,2659,261005184323,0x252521002035F1086948706018799326100518432300013E01071B630A3EA600
2003,3058,261005184508,0x252521002035F2086948706018799326100518450800013E01071BF20B29BF46
2004,3435,261005184653,0x252521002035F3086948706018799326100518465300013E01071B6B0DB6D6C7
2005,3809,261005184838,0x252521002035F5086948706018799326100518483800013E01071BE10E12EE48
2006,4095,261005185023,0x252521002035F6086948706018799326100518502300013E01071BFF0FFFFFF1
2007,4095,261005185208,0x252521002035F8086948706018799326100518520800013E01071BFF0FFFFFF1
2008,4095,261005185353,0x252521002035F9086948706018799326100518535301013E01071CFF0FFFFFA0
2009,4095,261005185538,0x252521002035FA086948706018799326100518553801013E01071CFF0FFFFFA0
2010,4095,261005185723,0x252521002035FC086948706018799326100518572301013E01071CFF0FFFFFA0
2011,4095,261005185908,0x252521002035FD086948706018799326100518590801013E01071CFF0FFFFFA0
2012,4095,261005190053,0x252521002035FF086948706018799326100519005300013E01071CFF0FFFFFA0
2013,4095,261005190238,0x25252100203600086948706018799326100519023800013E01071CFF0FFFFFA0
2014,4095,261005190423,0x25252100203602086948706018799326100519042300013E01071CFF0FFFFFA0
2015,4095,261005190608,0x25252100203603086948706018799326100519060800013E01071BFF0FFFFFF1
2016,4095,261005190753,0x25252100203604086948706018799326100519075300013E01071CFF0FFFFFA0
2017,4095,261005190938,0x25252100203606086948706018799326100519093800013E01071BFF0FFFFFF1
2018,4095,261005191123,0x25252100203607086948706018799326100519112300013E01071BFF0FFFFFF1
2019,4095,261005191308,0x25252100203609086948706018799326100519130800013E01071BFF0FFFFFF1
2020,4095,261005191453,0x2525210020360A086948706018799326100519145300013E01071BFF0FFFFFF1
2021,4095,261005191638,0x2525210020360B086948706018799326100519163800013E01071BFF0FFFFFF1
2022,4095,261005191823,0x2525210020360D086948706018799326100519182300013E01071BFF0FFFFFF1
2023,4095,261005192008,0x2525210020360E086948706018799326100519200800013E01071BFF0FFFFFF1
2024,4095,261005192153,0x25252100203610086948706018799326100519215300013E01071BFF0FFFFFF1
2025,4095,261005192338,0x25252100203611086948706018799326100519233800013E01071BFF0FFFFFF1
2026,4095,261005192523,0x25252100203612086948706018799326100519252300013E01071BFF0FFFFFF1
2027,4095,261005192708,0x25252100203614086948706018799326100519270800013E01071BFF0FFFFFF1
2028,4095,261005192853,0x25252100203615086948706018799326100519285300013E01071BFF0FFFFFF1
2029,4095,261005193038,0x25252100203617086948706018799326100519303800013E01071BFF0FFFFFF1
2030,4095,261005193223,0x25252100203618086948706018799326100519322300013E01071BFF0FFFFFF1
2031,4095,261005193408,0x2525210020361A086948706018799326100519340800013E01071BFF0FFFFFF1
2032,4095,261005193553,0x2525210020361B086948706018799326100519355300013E01071BFF0FFFFFF1
2033,4095,261005193738,0x2525210020361C086948706018799326100519373800013E01071BFF0FFFFFF1
2034,4095,261005193923,0x2525210020361E086948706018799326100519392300013E01071BFF0FFFFFF1
2035,4095,261005194108,0x2525210020361F086948706018799326100519410800013E01071BFF0FFFFFF1
2036,4095,261005194253,0x25252100203621086948706018799326100519425300013E01071BFF0FFFFFF1
2037,4095,261005194438,0x25252100203622086948706018799326100519443800013E01071BFF0FFFFFF1
2038,4095,261006124929,0x25252100203623086948706018799326100612492900013E010718FF0FFFFFBF
2039,4095,261006125114,0x25252100203624086948706018799326100612511400013E010718FF0FFFFFBF
2040,4095,261006125259,0x25252100203626086948706018799326100612525900013E010718FF0FFFFFBF
2041,4095,261006125444,0x25252100203627086948706018799326100612544400013E010718FF0FFFFFBF
2042,4095,261006125629,0x25252100203629086948706018799326100612562900013E010718FF0FFFFFBF
2043,4095,261006125814,0x2525210020362A086948706018799326100612581400013E010718FF0FFFFFBF
2044,4095,261006125959,0x2525210020362B086948706018799326100612595901013E010718FF0FFFFFBF
2045,4095,261006130144,0x2525210020362D086948706018799326100613014401013E010718FF0FFFFFBF
2046,4095,261006130329,0x2525210020362E086948706018799326100613032901013E010718FF0FFFFFBF
2047,4095,261006130514,0x25252100203630086948706018799326100613051401013E010718FF0FFFFFBF
2048,4095,261006130659,0x25252100203631086948706018799326100613065901013E010718FF0FFFFFBF
2049,4095,261006130844,0x25252100203632086948706018799326100613084401013E010718FF0FFFFFBF
2050,4095,261006131029,0x25252100203634086948706018799326100613102901013E010718FF0FFFFFBF
2051,4095,261006131214,0x25252100203635086948706018799326100613121401013E010718FF0FFFFFBF
2052,4095,261006131359,0x25252100203637086948706018799326100613135901013E010718FF0FFFFFBF
2053,4095,261006131544,0x25252100203638086948706018799326100613154400013E010718FF0FFFFFBF
2054,4095,261006131730,0x2525210020363A086948706018799326100613173000013E010718FF0FFFFFBF
2055,4095,261006131915,0x2525210020363B086948706018799326100613191500013E010718FF0FFFFFBF
2056,4095,261006132100,0x2525210020363C086948706018799326100613210000013E010718FF0FFFFFBF
2057,4095,261006132245,0x2525210020363E086948706018799326100613224500013E010718FF0FFFFFBF
2058,4095,261006132430,0x2525210020363F086948706018799326100613243000013E010718FF0FFFFFBF
2059,4095,261006132615,0x25252100203641086948706018799326100613261500013E010718FF0FFFFFBF
2060,4095,261006132800,0x25252100203642086948706018799326100613280000013E010718FF0FFFFFBF
2061,4095,261006132945,0x25252100203643086948706018799326100613294500013E010718FF0FFFFFBF
2062,4095,261006133130,0x25252100203645086948706018799326100613313000013E010718FF0FFFFFBF
2063,4095,261006133315,0x25252100203646086948706018799326100613331500013E010718FF0FFFFFBF
2064,4095,261006133500,0x25252100203648086948706018799326100613350000013E010718FF0FFFFFBF
2065,4095,261006133645,0x25252100203649086948706018799326100613364500013E010718FF0FFFFFBF
2066,4095,261006133830,0x2525210020364A086948706018799326100613383000013E010718FF0FFFFFBF
2067,4095,261006134015,0x2525210020364C086948706018799326100613401500013E010718FF0FFFFFBF
2068,4095,261006134200,0x2525210020364D086948706018799326100613420000013E010718FF0FFFFFBF
2069,4095,261006134345,0x2525210020364F086948706018799326100613434500013E010718FF0FFFFFBF
2070,4095,261006134530,0x25252100203650086948706018799326100613453000013E010718FF0FFFFFBF
2071,4095,261006134715,0x25252100203652086948706018799326100613471500013E010718FF0FFFFFBF
2072,4095,261006134900,0x25252100203653086948706018799326100613490000013E010718FF0FFFFFBF
2073,4095,261006135045,0x25252100203654086948706018799326100613504500013E010718FF0FFFFFBF
2074,4095,261006135230,0x25252100203656086948706018799326100613523000013E010718FF0FFFFFBF
2075,4095,261006135415,0x25252100203657086948706018799326100613541500013E010718FF0FFFFFBF
2076,4095,261006135600,0x25252100203659086948706018799326100613560000013E010718FF0FFFFFBF
2077,4095,261006135745,0x2525210020365A086948706018799326100613574500013E010718FF0FFFFFBF
2078,4095,261006135930,0x2525210020365B086948706018799326100613593000013E010718FF0FFFFFBF
2079,4095,261006140115,0x2525210020365D086948706018799326100614011500013E010718FF0FFFFFBF
2080,4095,261006140300,0x2525210020365E086948706018799326100614030000013E010718FF0FFFFFBF
2081,4095,261006140445,0x25252100203660086948706018799326100614044500013E010718FF0FFFFFBF
2082,4095,261006140630,0x25252100203661086948706018799326100614063000013E010718FF0FFFFFBF
2083,4095,261006140815,0x25252100203662086948706018799326100614081500013E010718FF0FFFFFBF
2084,4095,261006141000,0x25252100203664086948706018799326100614100000013E010718FF0FFFFFBF
2085,4095,261006141145,0x25252100203665086948706018799326100614114500013E010718FF0FFFFFBF
2086,4095,261006141330,0x25252100203667086948706018799326100614133000013E010718FF0FFFFFBF
2087,4095,261006141515,0x25252100203668086948706018799326100614151500013E010718FF0FFFFFBF
2088,4095,261006141845,0x2525210020366A086948706018799326100614184500013E010718FF0FFFFFBF
2089,4095,261006142030,0x2525210020366B086948706018799326100614203000013E010718FF0FFFFFBF
2090,4095,261006142215,0x2525210020366D086948706018799326100614221500013E010718FF0FFFFFBF
2091,4095,261006142400,0x2525210020366E086948706018799326100614240000013E010718FF0FFFFFBF
2092,4095,261006142545,0x25252100203670086948706018799326100614254500013E010718FF0FFFFFBF
2093,4095,261006142730,0x25252100203671086948706018799326100614273000013E010718FF0FFFFFBF
2094,4095,261006142915,0x25252100203672086948706018799326100614291500013E010718FF0FFFFFBF
2095,4095,261006143100,0x25252100203674086948706018799326100614310000013E010718FF0FFFFFBF
2096,4095,261006143245,0x25252100203675086948706018799326100614324500013E010718FF0FFFFFBF
2097,4095,261006143430,0x25252100203677086948706018799326100614343000013E010718FF0FFFFFBF
2098,4095,261006143615,0x25252100203678086948706018799326100614361500013E010718FF0FFFFFBF
2099,4095,261006143800,0x25252100203679086948706018799326100614380000013E010718FF0FFFFFBF
2100,4095,261006143945,0x2525210020367B086948706018799326100614394500013E010718FF0FFFFFBF
2101,4095,261006144130,0x2525210020367C086948706018799326100614413000013E010718FF0FFFFFBF
2102,4095,261006144315,0x2525210020367E086948706018799326100614431500013E010718FF0FFFFFBF
2103,4095,261006144500,0x2525210020367F086948706018799326100614450000013E010718FF0FFFFFBF
2104,4095,261006144830,0x25252100203681086948706018799326100614483000013E010718FF0FFFFFBF
2105,4095,261006145015,0x25252100203682086948706018799326100614501500013E010718FF0FFFFFBF
2106,4095,261006145200,0x25252100203684086948706018799326100614520000013E010718FF0FFFFFBF
2107,4095,261006145345,0x25252100203685086948706018799326100614534500013E010718FF0FFFFFBF
2108,4095,261006145530,0x25252100203687086948706018799326100614553000013E010718FF0FFFFFBF
2109,4095,261006145715,0x25252100203688086948706018799326100614571500013E010718FF0FFFFFBF
2110,4095,261006145900,0x25252100203689086948706018799326100614590000013E010718FF0FFFFFBF
2111,4095,261006150045,0x2525210020368B086948706018799326100615004500013E010718FF0FFFFFBF
2112,4095,261006150230,0x2525210020368C086948706018799326100615023000013E010718FF0FFFFFBF
2113,4095,261006150415,0x2525210020368E086948706018799326100615041500013E010718FF0FFFFFBF
2114,4095,261006150600,0x2525210020368F086948706018799326100615060000013E010718FF0FFFFFBF
2115,4095,261006150745,0x25252100203690086948706018799326100615074500013E010718FF0FFFFFBF
2116,4095,261006150930,0x25252100203692086948706018799326100615093000013E010718FF0FFFFFBF
2117,4095,261006151115,0x25252100203693086948706018799326100615111500013E010718FF0FFFFFBF
2118,4095,261006151300,0x25252100203695086948706018799326100615130000013E010718FF0FFFFFBF
2119,4095,261006151445,0x25252100203696086948706018799326100615144500013E010718FF0FFFFFBF
2120,4095,261006151815,0x25252100203698086948706018799326100615181500013E010718FF0FFFFFBF
2121,4095,261006152000,0x25252100203699086948706018799326100615200000013E010719FF0FFFFF72
2122,4095,261006152145,0x2525210020369B086948706018799326100615214500013E010719FF0FFFFF72
2123,4095,261006152330,0x2525210020369C086948706018799326100615233000013E010719FF0FFFFF72
2124,4095,261006152515,0x2525210020369E086948706018799326100615251500013E010719FF0FFFFF72
2125,4095,261006152700,0x2525210020369F086948706018799326100615270000013E010719FF0FFFFF72
2126,4095,261006152845,0x252521002036A0086948706018799326100615284500013E010719FF0FFFFF72
2127,4095,261006153030,0x252521002036A2086948706018799326100615303001013E010719FF0FFFFF72
2128,4095,261006153215,0x252521002036A3086948706018799326100615321500013E010719FF0FFFFF72
2129,4095,261006153400,0x252521002036A5086948706018799326100615340000013E010719FF0FFFFF72
2130,4095,261006153545,0x252521002036A6086948706018799326100615354500013E010719FF0FFFFF72
2131,4095,261006153730,0x252521002036A7086948706018799326100615373000013E010719FF0FFFFF72
2132,4095,261006153915,0x252521002036A9086948706018799326100615391500013E010719FF0FFFFF72
2133,4095,261006154100,0x252521002036AA086948706018799326100615410000013E010719FF0FFFFF72
2134,4095,261006154245,0x252521002036AC086948706018799326100615424500013E010719FF0FFFFF72
2135,4095,261006154430,0x252521002036AD086948706018799326100615443000013E010719FF0FFFFF72
2136,65455,261006154615,0x252521002036AE086948706018799326100615461500013E010719AFFFE8FF35
2137,4095,261006154800,0x252521002036AF086948706018799326100615480000013E010719FF0FFFFF72
2138,4095,261006154945,0x252521002036B0086948706018799326100615494500013E010719FF0FFFFF72
2139,4095,261006155130,0x252521002036B2086948706018799326100615513000013E010719FF0FFFFF72
2140,4095,261006155315,0x252521002036B3086948706018799326100615531500013E010719FF0FFFFF72
2141,4095,261006155500,0x252521002036B5086948706018799326100615550000013E010719FF0FFFFF72
2142,4095,261006155645,0x252521002036B6086948706018799326100615564500013E010719FF0FFFFF72
2143,4095,261006155831,0x252521002036B7086948706018799326100615583100013E010719FF0FFFFF72
2144,4095,261006160016,0x252521002036B9086948706018799326100616001600013E010719FF0FFFFF72
2145,4095,261006160201,0x252521002036BA086948706018799326100616020100013E010719FF0FFFFF72
2146,4095,261006160346,0x252521002036BC086948706018799326100616034600013E010719FF0FFFFF72
2147,4095,261006160531,0x252521002036BD086948706018799326100616053100013E010719FF0FFFFF72
2148,4095,261006160716,0x252521002036BE086948706018799326100616071600013E010719FF0FFFFF72
2149,4095,261006160901,0x252521002036C0086948706018799326100616090100013E010719FF0FFFFF72
2150,4095,261006161046,0x252521002036C1086948706018799326100616104601013E010719FF0FFFFF72
2151,4095,261006161231,0x252521002036C3086948706018799326100616123101013E010719FF0FFFFF72
2152,4095,261006161416,0x252521002036C4086948706018799326100616141601013E010719FF0FFFFF72
2153,4095,261006161601,0x252521002936C5086948706018799326100616160101013E010719FF0FFFFF723E020719FF0FFFFF35
2154,4095,261006161746,0x252521002036C6086948706018799326100616174601013E010719FF0FFFFF72
2155,4095,261006161931,0x252521002036C7086948706018799326100616193100013E010719FF0FFFFF72
2156,4095,261006162116,0x252521002036C9086948706018799326100616211600013E010719FF0FFFFF72
2157,4095,261006162301,0x252521002036CA086948706018799326100616230100013E010719FF0FFFFF72
2158,4095,261006162446,0x252521002036CC086948706018799326100616244600013E010719FF0FFFFF72
2159,4095,261006162631,0x252521002036CD086948706018799326100616263100013E010719FF0FFFFF72
2160,4095,261006162816,0x252521002036CE086948706018799326100616281600013E010719FF0FFFFF72
2161,4095,261006163001,0x252521002036D0086948706018799326100616300100013E010719FF0FFFFF72
2162,4095,261006163146,0x252521002036D1086948706018799326100616314600013E010719FF0FFFFF72
2163,4095,261006163331,0x252521002036D3086948706018799326100616333100013E010719FF0FFFFF72
2164,4095,261006163516,0x252521002036D4086948706018799326100616351600013E010719FF0FFFFF72
2165,4095,261006163701,0x252521002036D5086948706018799326100616370100013E010719FF0FFFFF72
2166,4095,261006163846,0x252521002036D7086948706018799326100616384600013E010719FF0FFFFF72
2167,4095,261006164031,0x252521002036D8086948706018799326100616403100013E010719FF0FFFFF72
2168,4095,261006164216,0x252521002036DA086948706018799326100616421600013E01071AFF0FFFFF3C
2169,4095,261006164401,0x252521002036DB086948706018799326100616440100013E01071AFF0FFFFF3C
2170,4095,261006164546,0x252521002036DC086948706018799326100616454600013E01071AFF0FFFFF3C
2171,4095,261006164731,0x252521002036DE086948706018799326100616473100013E01071AFF0FFFFF3C
2172,4095,261006164916,0x252521002036DF086948706018799326100616491600013E01071AFF0FFFFF3C
2173,4095,261006165101,0x252521002036E1086948706018799326100616510100013E01071AFF0FFFFF3C
2174,4095,261006165246,0x252521002036E2086948706018799326100616524600013E01071AFF0FFFFF3C
2175,4095,261006165431,0x252521002036E4086948706018799326100616543100013E01071AFF0FFFFF3C
2176,4095,261006165616,0x252521002036E5086948706018799326100616561600013E01071AFF0FFFFF3C
2177,4095,261006165801,0x252521002036E6086948706018799326100616580100013E01071AFF0FFFFF3C
2178,4095,261006165946,0x252521002036E8086948706018799326100616594600013E01071AFF0FFFFF3C
2179,4095,261006170131,0x252521002036E9086948706018799326100617013100013E01071AFF0FFFFF3C
2180,4095,261006170316,0x252521002036EB086948706018799326100617031600013E01071AFF0FFFFF3C
2181,4095,261006170501,0x252521002036EC086948706018799326100617050100013E01071AFF0FFFFF3C
2182,4095,261006170646,0x252521002036ED086948706018799326100617064600013E01071AFF0FFFFF3C
2183,4095,261006170831,0x252521002036EF086948706018799326100617083100013E01071AFF0FFFFF3C
2184,4095,261006171016,0x252521002036F0086948706018799326100617101600013E01071AFF0FFFFF3C
2185,4095,261006171201,0x252521002036F2086948706018799326100617120100013E01071AFF0FFFFF3C
2186,4095,261006171346,0x252521002036F3086948706018799326100617134600013E01071AFF0FFFFF3C
2187,4095,261006171531,0x252521002036F4086948706018799326100617153100013E01071AFF0FFFFF3C
2188,4095,261006171716,0x252521002036F6086948706018799326100617171601013E01071AFF0FFFFF3C
2189,4095,261006171901,0x252521002036F7086948706018799326100617190100013E01071AFF0FFFFF3C
2190,4095,261006172046,0x252521002036F9086948706018799326100617204600013E01071AFF0FFFFF3C
2191,4095,261006172231,0x252521002036FA086948706018799326100617223100013E01071AFF0FFFFF3C
2192,4095,261006172416,0x252521002036FC086948706018799326100617241600013E01071AFF0FFFFF3C
2193,4095,261006172601,0x252521002036FD086948706018799326100617260100013E01071AFF0FFFFF3C
2194,4095,261006172746,0x252521002036FE086948706018799326100617274600013E01071BFF0FFFFFF1
2195,4095,261006172931,0x25252100203700086948706018799326100617293100013E01071BFF0FFFFFF1
2196,4095,261006173116,0x25252100203701086948706018799326100617311600013E01071BFF0FFFFFF1
2197,4095,261006173301,0x25252100203703086948706018799326100617330100013E01071BFF0FFFFFF1
2198,4095,261006173446,0x25252100203704086948706018799326100617344600013E01071BFF0FFFFFF1
2199,4095,261006173631,0x25252100203705086948706018799326100617363100013E01071AFF0FFFFF3C
2200,4095,261006173816,0x25252100203707086948706018799326100617381600013E01071BFF0FFFFFF1
2201,4095,261006174001,0x25252100203708086948706018799326100617400100013E01071BFF0FFFFFF1
2202,4095,261006174146,0x2525210020370A086948706018799326100617414600013E01071BFF0FFFFFF1
2203,4095,261006174331,0x2525210020370B086948706018799326100617433100013E01071BFF0FFFFFF1
2204,4095,261006174516,0x2525210020370C086948706018799326100617451600013E01071BFF0FFFFFF1
2205,4095,261006174701,0x2525210020370E086948706018799326100617470100013E01071BFF0FFFFFF1
2206,4095,261006174846,0x2525210020370F086948706018799326100617484600013E01071BFF0FFFFFF1
2207,4095,261006175031,0x25252100203711086948706018799326100617503100013E01071BFF0FFFFFF1
2208,4095,261006175216,0x25252100203712086948706018799326100617521600013E01071BFF0FFFFFF1
2209,4095,261006175401,0x25252100203714086948706018799326100617540100013E01071BFF0FFFFFF1
2210,4095,261006175546,0x25252100203715086948706018799326100617554600013E01071BFF0FFFFFF1
2211,4095,261006175731,0x25252100203716086948706018799326100617573100013E01071BFF0FFFFFF1
2212,4095,261006175916,0x25252100203718086948706018799326100617591600013E01071BFF0FFFFFF1
2213,4095,261006180101,0x25252100203719086948706018799326100618010100013E01071BFF0FFFFFF1
2214,4095,261006180246,0x2525210020371B086948706018799326100618024600013E01071BFF0FFFFFF1
2215,4095,261006180431,0x2525210020371C086948706018799326100618043101013E01071BFF0FFFFFF1
2216,4095,261006180616,0x2525210020371D086948706018799326100618061600013E01071BFF0FFFFFF1
2217,4095,261006180801,0x2525210020371F086948706018799326100618080100013E01071BFF0FFFFFF1
2218,4095,261006180946,0x25252100203720086948706018799326100618094600013E01071BFF0FFFFFF1
2219,4095,261006181131,0x25252100203722086948706018799326100618113100013E01071BFF0FFFFFF1
2220,4095,261006181316,0x25252100203723086948706018799326100618131600013E01071BFF0FFFFFF1
2221,4095,261006181501,0x25252100203724086948706018799326100618150100013E01071BFF0FFFFFF1
2222,4095,261006181646,0x25252100203726086948706018799326100618164600013E01071BFF0FFFFFF1
2223,4095,261006181831,0x25252100203727086948706018799326100618183100013E01071BFF0FFFFFF1
2224,4095,261006182016,0x25252100203729086948706018799326100618201600013E01071BFF0FFFFFF1
2225,4095,261006182201,0x2525210020372A086948706018799326100618220100013E01071BFF0FFFFFF1
2226,4095,261006182346,0x2525210020372C086948706018799326100618234601013E01071BFF0FFFFFF1
2227,4095,261006182531,0x2525210020372D086948706018799326100618253101013E01071BFF0FFFFFF1
2228,4095,261006182716,0x2525210020372E086948706018799326100618271601013E01071BFF0FFFFFF1
2229,4095,261006182901,0x25252100203730086948706018799326100618290101013E01071BFF0FFFFFF1
2230,4095,261006183046,0x25252100203731086948706018799326100618304600013E01071BFF0FFFFFF1
2231,4095,261006183231,0x25252100203733086948706018799326100618323100013E01071BFF0FFFFFF1
2232,4095,261006183416,0x25252100203734086948706018799326100618341600013E01071BFF0FFFFFF1
2233,4095,261006183601,0x25252100203735086948706018799326100618360100013E01071BFF0FFFFFF1
2234,4095,261006183746,0x25252100203737086948706018799326100618374600013E01071BFF0FFFFFF1
2235,4095,261006183932,0x25252100203738086948706018799326100618393201013E01071BFF0FFFFFF1
2236,4095,261006184117,0x2525210020373A086948706018799326100618411700013E01071BFF0FFFFFF1
2237,4095,261006184302,0x2525210020373B086948706018799326100618430200013E01071BFF0FFFFFF1
2238,4095,261006184447,0x2525210020373C086948706018799326100618444700013E01071BFF0FFFFFF1
2239,4095,261006184632,0x2525210020373E086948706018799326100618463200013E01071BFF0FFFFFF1
2240,4095,261006184817,0x2525210020373F086948706018799326100618481700013E01071BFF0FFFFFF1
2241,4095,261006185002,0x25252100203741086948706018799326100618500200013E01071BFF0FFFFFF1
2242,4095,261006185147,0x25252100203742086948706018799326100618514700013E01071BFF0FFFFFF1
2243,4095,261006185332,0x25252100203744086948706018799326100618533200013E01071BFF0FFFFFF1
2244,4095,261006185517,0x25252100203745086948706018799326100618551700013E01071BFF0FFFFFF1
2245,4095,261006185702,0x25252100203746086948706018799326100618570200013E01071BFF0FFFFFF1
2246,4095,261006185847,0x25252100203748086948706018799326100618584700013E01071BFF0FFFFFF1
2247,4095,261006190032,0x25252100203749086948706018799326100619003200013E01071BFF0FFFFFF1
2248,4095,261006190217,0x2525210020374B086948706018799326100619021700013E01071BFF0FFFFFF1
2249,4095,261006190402,0x2525210020374C086948706018799326100619040200013E01071BFF0FFFFFF1
2250,4095,261006190547,0x2525210020374D086948706018799326100619054700013E01071BFF0FFFFFF1
2251,4095,261006190732,0x2525210020374F086948706018799326100619073200013E01071BFF0FFFFFF1
2252,4095,261006190917,0x25252100203750086948706018799326100619091700013E01071BFF0FFFFFF1
2253,4095,261006191102,0x25252100203752086948706018799326100619110200013E01071BFF0FFFFFF1
2254,4095,261006191247,0x25252100203753086948706018799326100619124700013E01071BFF0FFFFFF1
2255,4095,261006191432,0x25252100203754086948706018799326100619143200013E01071BFF0FFFFFF1
2256,4095,261006191617,0x25252100203756086948706018799326100619161700013E01071BFF0FFFFFF1
2257,4095,261006191802,0x25252100203757086948706018799326100619180200013E01071BFF0FFFFFF1
2258,4095,261006191947,0x25252100203759086948706018799326100619194700013E01071BFF0FFFFFF1
2259,4095,261006192132,0x2525210020375A086948706018799326100619213200013E01071BFF0FFFFFF1
2260,4095,261006192317,0x2525210020375C086948706018799326100619231700013E01071BFF0FFFFFF1
2261,4095,261006192502,0x2525210020375D086948706018799326100619250200013E01071BFF0FFFFFF1
2262,4095,261006192647,0x2525210020375E086948706018799326100619264700013E01071BFF0FFFFFF1
2263,4095,261006192832,0x25252100203760086948706018799326100619283200013E01071BFF0FFFFFF1
2264,4095,261006193017,0x25252100203761086948706018799326100619301700013E01071BFF0FFFFFF1
2265,4095,261006193202,0x25252100203763086948706018799326100619320200013E01071BFF0FFFFFF1
2266,4095,261006193347,0x25252100203764086948706018799326100619334700013E01071BFF0FFFFFF1
2267,4095,261006193532,0x25252100203765086948706018799326100619353200013E01071BFF0FFFFFF1
2268,4095,261006193717,0x25252100203767086948706018799326100619371700013E01071BFF0FFFFFF1
2269,4095,261006193902,0x25252100203768086948706018799326100619390200013E01071BFF0FFFFFF1
2270,4095,261006194047,0x2525210020376A086948706018799326100619404700013E01071BFF0FFFFFF1
2271,4095,261006194232,0x2525210020376B086948706018799326100619423200013E01071BFF0FFFFFF1
2272,4095,261006194417,0x2525210020376C086948706018799326100619441700013E01071BFF0FFFFFF1
2273,4095,261006194602,0x2525210020376E086948706018799326100619460200013E01071BFF0FFFFFF1
2274,4095,261006194747,0x2525210020376F086948706018799326100619474700013E01071BFF0FFFFFF1
2275,4095,261006194932,0x25252100203771086948706018799326100619493200013E01071BFF0FFFFFF1
2276,4095,261006195117,0x25252100203772086948706018799326100619511700013E01071BFF0FFFFFF1
2277,4095,261006195302,0x25252100203774086948706018799326100619530200013E01071BFF0FFFFFF1
2278,4095,261006195447,0x25252100203775086948706018799326100619544700013E01071BFF0FFFFFF1
2279,4095,261006195632,0x25252100203776086948706018799326100619563200013E01071BFF0FFFFFF1
2280,4095,261006195817,0x25252100203778086948706018799326100619581700013E01071BFF0FFFFFF1
2281,4095,261006200002,0x25252100203779086948706018799326100620000200013E01071BFF0FFFFFF1
2282,4095,261006200147,0x2525210020377B086948706018799326100620014700013E01071BFF0FFFFFF1
2283,4095,261006200332,0x2525210020377C086948706018799326100620033200013E01071BFF0FFFFFF1
2284,4095,261006200517,0x2525210020377D086948706018799326100620051700013E01071BFF0FFFFFF1
2285,4095,261006200702,0x2525210020377F086948706018799326100620070200013E01071BFF0FFFFFF1
2286,4095,261006200847,0x25252100203780086948706018799326100620084700013E01071BFF0FFFFFF1
2287,4095,261006201032,0x25252100203782086948706018799326100620103200013E01071BFF0FFFFFF1
2288,4095,261006201217,0x25252100203783086948706018799326100620121700013E01071BFF0FFFFFF1
2289,4095,261006201402,0x25252100203784086948706018799326100620140200013E01071BFF0FFFFFF1
2290,4095,261006201547,0x25252100203786086948706018799326100620154700013E01071BFF0FFFFFF1
2291,4095,261006201732,0x25252100203787086948706018799326100620173200013E01071BFF0FFFFFF1
2292,4095,261006201917,0x25252100203789086948706018799326100620191701013E01071BFF0FFFFFF1
2293,4095,261006202102,0x2525210020378A086948706018799326100620210201013E01071BFF0FFFFFF1
2294,4095,261006202247,0x2525210020378C086948706018799326100620224700013E01071BFF0FFFFFF1
2295,4095,261006202432,0x2525210020378D086948706018799326100620243201013E01071BFF0FFFFFF1
2296,4095,261006202617,0x2525210020378E086948706018799326100620261701013E01071BFF0FFFFFF1
2297,4095,261006202802,0x25252100203790086948706018799326100620280201013E01071BFF0FFFFFF1
2298,4095,261006202947,0x25252100203791086948706018799326100620294701013E01071BFF0FFFFFF1
2299,4095,261006203132,0x25252100203793086948706018799326100620313201013E01071BFF0FFFFFF1
2300,4095,261006203317,0x25252100203794086948706018799326100620331701013E01071BFF0FFFFFF1
2301,4095,261006203502,0x25252100203795086948706018799326100620350201013E01071BFF0FFFFFF1
2302,4095,261006203647,0x25252100203797086948706018799326100620364701013E01071BFF0FFFFFF1
2303,4095,261006203832,0x25252100203798086948706018799326100620383201013E01071BFF0FFFFFF1
2304,4095,261006204017,0x2525210020379A086948706018799326100620401701013E01071BFF0FFFFFF1
2305,4095,261006204202,0x2525210020379B086948706018799326100620420201013E01071BFF0FFFFFF1
2306,4095,261006204347,0x2525210020379C086948706018799326100620434701013E01071CFF0FFFFFA0
2307,4095,261006204532,0x2525210020379E086948706018799326100620453201013E01071CFF0FFFFFA0
2308,4095,261006204717,0x2525210020379F086948706018799326100620471701013E01071CFF0FFFFFA0
2309,4095,261006204902,0x252521002037A1086948706018799326100620490201013E01071BFF0FFFFFF1
2310,4095,261006205047,0x252521002037A2086948706018799326100620504701013E01071CFF0FFFFFA0
2311,4095,261006205232,0x252521002037A4086948706018799326100620523201013E01071CFF0FFFFFA0
2312,4095,261006205417,0x252521002037A5086948706018799326100620541701013E01071CFF0FFFFFA0
2313,4095,261006205602,0x252521002037A6086948706018799326100620560200013E01071CFF0FFFFFA0
2314,4095,261006205747,0x252521002037A8086948706018799326100620574700013E01071CFF0FFFFFA0
2315,4095,261006205932,0x252521002037A9086948706018799326100620593200013E01071CFF0FFFFFA0
2316,4095,261006210117,0x252521002037AB086948706018799326100621011700013E01071CFF0FFFFFA0
2317,4095,261006210302,0x252521002037AC086948706018799326100621030201013E01071CFF0FFFFFA0
2318,4095,261006210447,0x252521002037AD086948706018799326100621044701013E01071CFF0FFFFFA0
2319,4095,261006210632,0x252521002037AF086948706018799326100621063201013E01071CFF0FFFFFA0
2320,4095,261006210817,0x252521002037B0086948706018799326100621081701013E01071CFF0FFFFFA0
2321,4095,261006211002,0x252521002037B2086948706018799326100621100201013E01071CFF0FFFFFA0
2322,4095,261006211147,0x252521002037B3086948706018799326100621114701013E01071CFF0FFFFFA0
2323,4095,261006211332,0x252521002037B4086948706018799326100621133201013E01071CFF0FFFFFA0
2324,4095,261006211517,0x252521002037B6086948706018799326100621151701013E01071CFF0FFFFFA0
2325,4095,261006211702,0x252521002037B7086948706018799326100621170200013E01071CFF0FFFFFA0
2326,4095,261006211847,0x252521002037B9086948706018799326100621184700013E01071CFF0FFFFFA0
2327,4095,261006212033,0x252521002037BA086948706018799326100621203300013E01071CFF0FFFFFA0
2328,4095,261006212218,0x252521002037BC086948706018799326100621221800013E01071CFF0FFFFFA0
2329,4095,261006212403,0x252521002037BD086948706018799326100621240300013E01071CFF0FFFFFA0
2330,4095,261006212548,0x252521002037BE086948706018799326100621254800013E01071CFF0FFFFFA0
2331,4095,261006212733,0x252521002037C0086948706018799326100621273300013E01071CFF0FFFFFA0
2332,4095,261006212918,0x252521002037C1086948706018799326100621291801013E01071CFF0FFFFFA0
2333,4095,261006213103,0x252521002037C3086948706018799326100621310301013E01071CFF0FFFFFA0
2334,4095,261006213248,0x252521002037C4086948706018799326100621324801013E01071CFF0FFFFFA0
2335,4095,261006213433,0x252521002037C5086948706018799326100621343301013E01071CFF0FFFFFA0
2336,4095,261006213618,0x252521002037C7086948706018799326100621361801013E01071DFF0FFFFF6D
2337,4095,261006213803,0x252521002037C8086948706018799326100621380301013E01071CFF0FFFFFA0
2338,4095,261006213948,0x252521002037CA086948706018799326100621394801013E01071DFF0FFFFF6D
2339,4095,261006214133,0x252521002037CB086948706018799326100621413301013E01071DFF0FFFFF6D
2340,4095,261006214318,0x252521002037CC086948706018799326100621431801013E01071DFF0FFFFF6D
2341,4095,261006214503,0x252521002037CE086948706018799326100621450301013E01071DFF0FFFFF6D
2342,4095,261006214648,0x252521002037CF086948706018799326100621464801013E01071DFF0FFFFF6D
2343,4095,261006214833,0x252521002037D1086948706018799326100621483301013E01071DFF0FFFFF6D
2344,4095,261006215018,0x252521002037D2086948706018799326100621501801013E01071CFF0FFFFFA0
2345,4095,261006215203,0x252521002037D4086948706018799326100621520301013E01071CFF0FFFFFA0
2346,4095,261006215348,0x252521002037D5086948706018799326100621534801013E01071CFF0FFFFFA0
2347,4095,261006215533,0x252521002037D6086948706018799326100621553301013E01071DFF0FFFFF6D
2348,4095,261006215718,0x252521002037D8086948706018799326100621571801013E01071DFF0FFFFF6D
2349,4095,261006215903,0x252521002037D9086948706018799326100621590301013E01071DFF0FFFFF6D
2350,4095,261006220048,0x252521002037DB086948706018799326100622004801013E01071DFF0FFFFF6D
2351,4095,261006220233,0x252521002037DC086948706018799326100622023301013E01071DFF0FFFFF6D
2352,4095,261006220418,0x252521002037DD086948706018799326100622041801013E01071EFF0FFFFF23
2353,4095,261006220603,0x252521002037DF086948706018799326100622060301013E01071EFF0FFFFF23
2354,4095,261006220748,0x252521002037E0086948706018799326100622074801013E01071EFF0FFFFF23
2355,4095,261006220933,0x252521002037E2086948706018799326100622093301013E01071EFF0FFFFF23
2356,4095,261006221118,0x252521002037E3086948706018799326100622111801013E01071EFF0FFFFF23
2357,4095,261006221303,0x252521002037E4086948706018799326100622130301013E01071EFF0FFFFF23
2358,4095,261006221448,0x252521002037E6086948706018799326100622144801013E01071EFF0FFFFF23
2359,4095,261006221633,0x252521002037E7086948706018799326100622163301013E01071EFF0FFFFF23
2360,4095,261006221818,0x252521002037E9086948706018799326100622181801013E01071DFF0FFFFF6D
2361,4095,261006222003,0x252521002037EA086948706018799326100622200301013E01071EFF0FFFFF23
2362,4095,261006222148,0x252521002037EC086948706018799326100622214801013E01071EFF0FFFFF23
2363,4095,261006222333,0x252521002037ED086948706018799326100622233301013E01071EFF0FFFFF23
2364,4095,261006222518,0x252521002037EE086948706018799326100622251801013E01071DFF0FFFFF6D
2365,4095,261006222703,0x252521002037F0086948706018799326100622270301013E01071DFF0FFFFF6D
2366,4095,261006222848,0x252521002037F1086948706018799326100622284801013E01071DFF0FFFFF6D
2367,4095,261006223033,0x252521002037F3086948706018799326100622303301013E01071DFF0FFFFF6D
2368,4095,261006223218,0x252521002037F4086948706018799326100622321801013E01071DFF0FFFFF6D
2369,4095,261006223403,0x252521002037F5086948706018799326100622340301013E01071DFF0FFFFF6D
2370,4095,261006223548,0x252521002037F7086948706018799326100622354801013E01071EFF0FFFFF23
2371,4095,261006223733,0x252521002037F8086948706018799326100622373301013E01071EFF0FFFFF23
2372,4095,261006223918,0x252521002037FA086948706018799326100622391801013E01071EFF0FFFFF23
2373,4095,261006224103,0x252521002037FB086948706018799326100622410301013E01071EFF0FFFFF23
2374,4095,261006224248,0x252521002037FC086948706018799326100622424801013E01071EFF0FFFFF23
2375,4095,261006224433,0x252521002037FE086948706018799326100622443301013E01071EFF0FFFFF23
2376,4095,261006224618,0x252521002037FF086948706018799326100622461801013E01071EFF0FFFFF23
2377,4095,261006224803,0x25252100203801086948706018799326100622480301013E01071EFF0FFFFF23
2378,4095,261006224948,0x25252100203802086948706018799326100622494801013E01071EFF0FFFFF23
2379,4095,261006225133,0x25252100203804086948706018799326100622513301013E01071EFF0FFFFF23
2380,4095,261006225318,0x25252100203805086948706018799326100622531801013E01071EFF0FFFFF23
2381,4095,261006225503,0x25252100203806086948706018799326100622550301013E01071EFF0FFFFF23
2382,4095,261006225648,0x25252100203808086948706018799326100622564801013E01071FFF0FFFFFEE
2383,4095,261006225833,0x25252100203809086948706018799326100622583301013E01071FFF0FFFFFEE
2384,4095,261006230018,0x2525210020380B086948706018799326100623001801013E01071FFF0FFFFFEE
2385,4095,261006230203,0x2525210020380C086948706018799326100623020301013E01071FFF0FFFFFEE
2386,4095,261006230348,0x2525210020380D086948706018799326100623034801013E01071FFF0FFFFFEE
2387,4095,261006230533,0x2525210020380F086948706018799326100623053301013E01071FFF0FFFFFEE
2388,4095,261006230718,0x25252100203810086948706018799326100623071801013E01071EFF0FFFFF23
2389,4095,261006230903,0x25252100203812086948706018799326100623090301013E01071EFF0FFFFF23
2390,4095,261006231048,0x25252100203813086948706018799326100623104800013E01071FFF0FFFFFEE
2391,4095,261006231233,0x25252100203814086948706018799326100623123300013E01071FFF0FFFFFEE
2392,4095,261006231418,0x25252100203816086948706018799326100623141800013E01071FFF0FFFFFEE
2393,4095,261006231603,0x25252100203817086948706018799326100623160300013E01071EFF0FFFFF23
2394,4095,261006231748,0x25252100203819086948706018799326100623174800013E01071EFF0FFFFF23
2395,4095,261006231933,0x2525210020381A086948706018799326100623193300013E01071EFF0FFFFF23
2396,4095,261006232118,0x2525210020381C086948706018799326100623211800013E01071EFF0FFFFF23
2397,4095,261006232303,0x2525210020381D086948706018799326100623230300013E01071EFF0FFFFF23
2398,4095,261006232448,0x2525210020381E086948706018799326100623244800013E01071EFF0FFFFF23
2399,4095,261006232633,0x25252100203820086948706018799326100623263300013E01071EFF0FFFFF23
2400,4082,261006232818,0x25252100203821086948706018799326100623281800013E01071EF20F24FFC5
2401,4066,261006233003,0x25252100203823086948706018799326100623300300013E01071EE20F21FE5C
2402,4050,261006233148,0x25252100203824086948706018799326100623314800013E01071ED20F27FD5C
2403,4035,261006233333,0x25252100203825086948706018799326100623333300013E01071EC30F32FCA6
2404,4020,261006233518,0x25252100203827086948706018799326100623351800013E01071EB40F45FBD3
2405,4006,261006233703,0x25252100203828086948706018799326100623370300013E01071EA60F60FA8C
2406,3992,261006233848,0x2525210020382A086948706018799326100623384800013E01071E980F81F982
2407,3978,261006234033,0x2525210020382B086948706018799326100623403300013E01071E8A0FAAF801
2408,3965,261006234218,0x2525210020382C086948706018799326100623421800013E01071D7D0FDAF74F
2409,3952,261006234403,0x2525210020382E086948706018799326100623440300013E01071D700F0FF775
2410,3940,261006234548,0x2525210020382F086948706018799326100623454801013E01071D640F4CF6D3
2411,3936,261006234733,0x25252100203831086948706018799326100623473301013E01071D600F03F65E
2412,3937,261006234918,0x25252100203832086948706018799326100623491801013E01071E610F15F6D9
2413,3989,261006235103,0x25252100203834086948706018799326100623510301013E01071E950F50F983
2414,4016,261006235248,0x25252100203835086948706018799326100623524801013E01071DB00F05FB08
2415,4021,261006235433,0x25252100203836086948706018799326100623543301013E01071DB50F54FB3A
2416,4005,261006235618,0x25252100203838086948706018799326100623561801013E01071EA50F5FFA31
2417,4030,261006235803,0x25252100203839086948706018799326100623580301013E01071EBE0FEAFB3E
2418,4065,261006235949,0x2525210020383B086948706018799326100623594901013E01071EE10F17FE53
2419,4027,261007000134,0x2525210020383C086948706018799326100700013401013E01071EBB0FB3FB7A
2420,4033,261007000319,0x2525210020383D086948706018799326100700031901013E01071EC10F10FCF1
2421,4021,261007000504,0x2525210020383F086948706018799326100700050401013E01071EB50F5FFB57
2422,4026,261007000649,0x25252100203840086948706018799326100700064901013E01071EBA0FA0FB4C
2423,4039,261007000834,0x25252100203842086948706018799326100700083401013E01071EC70F78FCD4
2424,4045,261007001019,0x25252100203843086948706018799326100700101901013E01071ECD0FD5FCA8
2425,4076,261007001204,0x25252100203844086948706018799326100700120401013E01071EEC0FC7FE96
2426,4052,261007001349,0x25252100203846086948706018799326100700134901013E01071ED40F46FDCB
2427,4044,261007001534,0x25252100203847086948706018799326100700153401013E01071ECC0FC7FC5A
2428,4063,261007001719,0x25252100203849086948706018799326100700171901013E01071EDF0FF4FDCC
2429,4037,261007001904,0x2525210020384A086948706018799326100700190401013E01071EC50F5BFC47
2430,4028,261007002049,0x2525210020384C086948706018799326100700204901013E01071EBC0FCCFB52
2431,4030,261007002234,0x2525210020384D086948706018799326100700223401013E01071EBE0FE6FB73
2432,4056,261007002419,0x2525210020384E086948706018799326100700241901013E01071ED80F8FFDDF
2433,4073,261007002604,0x25252100203850086948706018799326100700260401013E01071DE90F92FED1
2434,4051,261007002749,0x25252100203851086948706018799326100700274901013E01071DD30F3CFD52
2435,4043,261007002934,0x25252100203853086948706018799326100700293401013E01071DCB0FBAFCAD
2436,4041,261007003119,0x25252100203854086948706018799326100700311901013E01071CC90F95FCBE
2437,4050,261007003304,0x25252100203855086948706018799326100700330401013E01071CD20F2EFD6D
2438,4048,261007003449,0x25252100203857086948706018799326100700344901013E01071CD00F07FD19
2439,4053,261007003634,0x25252100203858086948706018799326100700363401013E01071CD50F51FD45
2440,4056,261007003819,0x2525210020385A086948706018799326100700381901013E01071CD80F88FD32
2441,4055,261007004004,0x2525210020385B086948706018799326100700400401013E01071CD70F70FD47
2442,4054,261007004149,0x2525210020385C086948706018799326100700414901013E01071CD60F6DFDAD
2443,4050,261007004334,0x2525210020385E086948706018799326100700433401013E01071CD20F21FD75
2444,4053,261007004519,0x2525210020385F086948706018799326100700451901013E01071DD50F52FDDD
2445,4090,261007004704,0x25252100203861086948706018799326100700470401013E01071DFA0FABFFA0
2446,4072,261007004849,0x25252100203862086948706018799326100700484901013E01071DE80F88FE55
2447,4081,261007005034,0x25252100203864086948706018799326100700503401013E01071DF10F16FFBF
2448,4067,261007005219,0x25252100203865086948706018799326100700521901013E01071DE30F3EFE69
2449,4064,261007005404,0x25252100203866086948706018799326100700540401013E01071DE00F0BFE33
2450,4074,261007005549,0x25252100203868086948706018799326100700554901013E01071DEA0FAAFE02
2451,4050,261007005734,0x25252100203869086948706018799326100700573401013E01071DD20F21FDB8
2452,4063,261007005919,0x2525210020386B086948706018799326100700591901013E01071DDF0FF5FD46
2453,4073,261007010104,0x2525210020386C086948706018799326100701010401013E01071DE90F9FFE58
2454,4060,261007010249,0x2525210020386D086948706018799326100701024901013E01071DDC0FC7FD72
2455,4069,261007010434,0x2525210020386F086948706018799326100701043401013E01071DE50F5CFEAB
2456,4071,261007010619,0x25252100203870086948706018799326100701061901013E01071EE70F72FEFF
2457,4073,261007010804,0x25252100203872086948706018799326100701080401013E01071EE90F9BFE2D
2458,4075,261007010949,0x25252100203873086948706018799326100701094901013E01071EEB0FB3FE9D
2459,4080,261007011134,0x25252100203874086948706018799326100701113401013E01071EF00F05FFC7
2460,4095,261007011319,0x25252100203876086948706018799326100701131901013E01071DFF0FFFFF6D
2461,4068,261007011504,0x25252100203877086948706018799326100701150401013E01071DE40F44FEBE
2462,4063,261007011649,0x25252100203879086948706018799326100701164901013E01071DDF0FFFFDA1
2463,4064,261007011834,0x2525210020387A086948706018799326100701183401013E01071DE00F08FE66
2464,4082,261007012019,0x2525210020387C086948706018799326100701201901013E01071DF20F2AFF57
2465,4066,261007012204,0x2525210020387D086948706018799326100701220401013E01071DE20F2FFECE
2466,4095,261007012349,0x2525210020387E086948706018799326100701234901013E01071DFF0FFFFF6D
2467,4068,261007012534,0x25252100203880086948706018799326100701253401013E01071EE40F4BFEE8
2468,4063,261007012719,0x25252100203881086948706018799326100701271901013E01071EDF0FF0FDF7
2469,4064,261007012904,0x25252100203883086948706018799326100701290401013E01071DE00F05FEEF
2470,4066,261007013049,0x25252100203884086948706018799326100701304901013E01071DE20F26FE7C
2471,4095,261007013234,0x25252100203885086948706018799326100701323401013E01071DFF0FFFFF6D
2472,4054,261007013419,0x25252100203887086948706018799326100701341901013E01071DD60F64FDD2
2473,4069,261007013604,0x25252100203888086948706018799326100701360401013E01071DE50F58FE90
2474,4040,261007013749,0x2525210020388A086948706018799326100701374901013E01071EC80F8CFCEC
2475,4045,261007013934,0x2525210020388B086948706018799326100701393401013E01071ECD0FDCFC1A
2476,4067,261007014119,0x2525210020388C086948706018799326100701411901013E01071EE30F33FEAE
2477,4069,261007014304,0x2525210020388E086948706018799326100701430401013E01071EE50F54FE93
2478,4061,261007014449,0x2525210020388F086948706018799326100701444901013E01071EDD0FDEFDED
2479,4080,261007014634,0x25252100203891086948706018799326100701463401013E01071EF00F0DFFB1
2480,4047,261007014819,0x25252100203892086948706018799326100701481901013E01071ECF0FFAFC76
2481,4039,261007015004,0x25252100203894086948706018799326100701500401013E01071EC70F71FC66
2482,4045,261007015149,0x25252100203895086948706018799326100701514901013E01071DCD0FD6FCB3
2483,4031,261007015334,0x25252100203896086948706018799326100701533401013E01071DBF0FFFFBEC
2484,4042,261007015519,0x25252100203898086948706018799326100701551901013E01071ECA0FA8FC11
2485,4042,261007015704,0x25252100203899086948706018799326100701570401013E01071ECA0FA2FCF6
2486,4049,261007015849,0x2525210020389B086948706018799326100701584901013E01071ED10F10FD97
2487,4051,261007020034,0x2525210020389C086948706018799326100702003401013E01071ED30F3AFDB6
2488,4053,261007020219,0x2525210020389D086948706018799326100702021901013E01071ED50F5EFDDE
2489,4036,261007020404,0x2525210020389F086948706018799326100702040401013E01071FC40F49FC78
2490,4043,261007020549,0x252521002038A0086948706018799326100702054901013E01071FCB0FBEFC15
2491,4047,261007020734,0x252521002038A2086948706018799326100702073401013E01071FCF0FF8FC2A
2492,4044,261007020919,0x252521002038A3086948706018799326100702091901013E010720CC0FCCFC5F
2493,4050,261007021104,0x252521002038A4086948706018799326100702110401013E010720D20F27FD7A
2494,4051,261007021249,0x252521002038A6086948706018799326100702124901013E010720D30F3FFD6F
2495,4076,261007021434,0x252521002038A7086948706018799326100702143401013E010720EC0FCCFE93
2496,4043,261007021619,0x252521002038A9086948706018799326100702161901013E010720CB0FB8FC54
2497,4050,261007021804,0x252521002038AA086948706018799326100702180401013E010720D20F2FFD0C
2498,4050,261007021949,0x252521002038AC086948706018799326100702194901013E010720D20F29FDA6
2499,4067,261007022134,0x252521002038AD086948706018799326100702213401013E010720E30F3FFEC5
2500,4050,261007022319,0x252521002038AE086948706018799326100702231901013E010720D20F25FDEB
2501,4055,261007022504,0x252521002038B0086948706018799326100702250401013E01071FD70F78FD7F
2502,4054,261007022649,0x252521002038B1086948706018799326100702264901013E01071DD60F6BFDCA
2503,4045,261007022834,0x252521002038B3086948706018799326100702283401013E01071DCD0FD0FC19
2504,4042,261007023019,0x252521002038B4086948706018799326100702301901013E01071ECA0FA8FC11
2505,4041,261007023204,0x252521002038B5086948706018799326100702320401013E01071FC90F93FC5A
2506,4040,261007023349,0x252521002038B7086948706018799326100702334901013E01071FC80F86FCC6
2507,4038,261007023534,0x252521002038B8086948706018799326100702353401013E01071FC60F6EFCD0
2508,4036,261007023719,0x252521002038BA086948706018799326100702371901013E01071FC40F4DFC43
2509,4035,261007023904,0x252521002038BB086948706018799326100702390401013E01071FC30F37FC94
2510,4033,261007024050,0x252521002038BC086948706018799326100702405001013E01071FC10F1DFCB5
2511,4032,261007024235,0x252521002038BE086948706018799326100702423501013E01071FC00F03FC0A
2512,4030,261007024420,0x252521002038BF086948706018799326100702442001013E01071FBE0FECFB59
2513,4017,261007024605,0x252521002038C1086948706018799326100702460501013E01071FB10F14FB2C
2514,4010,261007024750,0x252521002038C2086948706018799326100702475001013E01071FAA0FABFAC4
2515,4009,261007024935,0x252521002038C4086948706018799326100702493501013E01071EA90F9CFAC2
2516,4002,261007025120,0x252521002038C5086948706018799326100702512001013E01071EA20F20FA19
2517,3991,261007025305,0x252521002038C6086948706018799326100702530501013E01071E970F7AF9A2
2518,4000,261007025450,0x252521002038C8086948706018799326100702545001013E01071EA00F06FA75
2519,4010,261007025635,0x252521002038C9086948706018799326100702563501013E01071DAA0FA0FA64
2520,4024,261007025820,0x252521002038CB086948706018799326100702582001013E01071DB80F8CFB89
2521,4025,261007030005,0x252521002038CC086948706018799326100703000501013E01071DB90F9CFBEA
2522,3968,261007030150,0x252521002038CD086948706018799326100703015001013E01071D800F08F82B
2523,4014,261007030335,0x252521002038CF086948706018799326100703033501013E01071DAE0FEFFAE9
2524,3962,261007030520,0x252521002038D0086948706018799326100703052001013E01071D7A0FA9F72A
2525,4002,261007030705,0x252521002038D2086948706018799326100703070501013E01071DA20F2CFA1A
2526,3999,261007030850,0x252521002038D3086948706018799326100703085001013E01071D9F0FF8F94E
2527,3998,261007031035,0x252521002038D4086948706018799326100703103501013E01071D9E0FE2F9CA
2528,3990,261007031220,0x252521002038D6086948706018799326100703122001013E01071D960F69F9DA
2529,3981,261007031405,0x252521002038D7086948706018799326100703140501013E01071D8D0FDBF8BB
2530,4038,261007031550,0x252521002038D9086948706018799326100703155001013E01071DC60F6EFC53
2531,3986,261007031735,0x252521002038DA086948706018799326100703173501013E01071E920F25F94C
2532,3959,261007031920,0x252521002038DC086948706018799326100703192001013E01071E770F72F782
2533,3975,261007032105,0x252521002038DD086948706018799326100703210501013E01071E870F7DF8AA
2534,3968,261007032250,0x252521002038DE086948706018799326100703225001013E01071E800F04F828
2535,3967,261007032435,0x252521002038E0086948706018799326100703243501013E01071E7F0FF4F71B
2536,3930,261007032620,0x252521002038E1086948706018799326100703262001013E01071D5A0FAFF54C
2537,3956,261007032805,0x252521002038E3086948706018799326100703280501013E01071D740F4DF771
2538,3968,261007032950,0x252521002038E4086948706018799326100703295001013E01071D800F0EF881
2539,3959,261007033135,0x252521002038E5086948706018799326100703313501013E01071D770F7BF77E
2540,3969,261007033320,0x252521002038E7086948706018799326100703332001013E01071D810F19F88C
2541,3978,261007033505,0x252521002038E8086948706018799326100703350501013E01071D8A0FA1F86C
2542,3979,261007033650,0x252521002038EA086948706018799326100703365001013E01071E8B0FBAF862
2543,3949,261007033835,0x252521002038EB086948706018799326100703383501013E01071E6D0FD4F6BB
2544,3965,261007034020,0x252521002038EC086948706018799326100703402001013E01071E7D0FD6F74C
2545,3955,261007034205,0x252521002038EE086948706018799326100703420501013E01071D730F3DF741
2546,3958,261007034350,0x252521002038EF086948706018799326100703435001013E01071E760F6AF797
2547,3959,261007034535,0x252521002038F1086948706018799326100703453501013E01071E770F72F782
2548,3965,261007034720,0x252521002038F2086948706018799326100703472001013E01071E7D0FDEF73A
2549,3951,261007034905,0x252521002038F4086948706018799326100703490501013E01071E6F0FF8F630
2550,3953,261007035050,0x252521002038F5086948706018799326100703505001013E01071E710F1EF79C
2551,3952,261007035235,0x252521002038F6086948706018799326100703523501013E01071E700F04F718
2552,3949,261007035420,0x252521002038F8086948706018799326100703542001013E01071E6D0FD0F680
2553,3946,261007035605,0x252521002038F9086948706018799326100703560501013E01071E6A0FA6F61A
2554,3954,261007035750,0x252521002038FB086948706018799326100703575001013E01071E720F28F793
2555,3954,261007035935,0x252521002038FC086948706018799326100703593501013E01071F720F2CF765
2556,3955,261007040120,0x252521002038FD086948706018799326100704012001013E01071F730F30F74B
2557,3955,261007040305,0x252521002038FF086948706018799326100704030501013E01071F730F30F74B
2558,3954,261007040450,0x25252100203900086948706018799326100704045001013E01071F720F2AF7CF
2559,3954,261007040635,0x25252100203902086948706018799326100704063501013E01071F720F24F713
2560,3953,261007040820,0x25252100203903086948706018799326100704082001013E01071F710F1EF751
2561,3953,261007041005,0x25252100203904086948706018799326100704100501013E01071F710F16F727
2562,3952,261007041150,0x25252100203906086948706018799326100704115001013E01071F700F0CF7A3
2563,3952,261007041335,0x25252100203907086948706018799326100704133501013E01071F700F02F77F
2564,3951,261007041520,0x25252100203909086948706018799326100704152001013E01071F6F0FF9F639
2565,3951,261007041705,0x2525210020390A086948706018799326100704170501013E01071F6F0FF4F6B0
2566,3936,261007041850,0x2525210020390C086948706018799326100704185001013E01071F600F0FF690
2567,3940,261007042035,0x2525210020390D086948706018799326100704203501013E01071F640F45F6E2
2568,3947,261007042220,0x2525210020390E086948706018799326100704222001013E01071E6B0FB0F6D3
2569,3941,261007042405,0x25252100203910086948706018799326100704240501013E01071E650F50F6B3
2570,3912,261007042550,0x25252100203911086948706018799326100704255001013E01071E480F8EF466
2571,3897,261007042735,0x25252100203913086948706018799326100704273501013E01071E390F94F3C9
2572,3902,261007042920,0x25252100203914086948706018799326100704292001013E01071E3E0FE3F397
2573,3868,261007043105,0x25252100203915086948706018799326100704310501013E01071D1C0FCEF15A
2574,3912,261007043250,0x25252100203917086948706018799326100704325001013E01071D480F83F4A1
2575,3915,261007043435,0x25252100203918086948706018799326100704343501013E01071D4B0FBBF472
2576,3901,261007043620,0x2525210020391A086948706018799326100704362001013E01071D3D0FDAF3CE
2577,3836,261007043805,0x2525210020391B086948706018799326100704380501013E01071DFC0EC8EF90
2578,3888,261007043950,0x2525210020391C086948706018799326100704395001013E01071D300F0AF30B
2579,3896,261007044135,0x2525210020391E086948706018799326100704413501013E01071D380F8BF3FC
2580,3894,261007044320,0x2525210020391F086948706018799326100704432001013E01071D360F6DF336
2581,3888,261007044505,0x25252100203921086948706018799326100704450501013E01071D300F0DF365
2582,3871,261007044650,0x25252100203922086948706018799326100704465001013E01071D1F0FF4F118
2583,3889,261007044835,0x25252100203924086948706018799326100704483501013E01071D310F12F31E
2584,3871,261007045020,0x25252100203925086948706018799326100704502001013E01071D1F0FFBF100
2585,3851,261007045205,0x25252100203926086948706018799326100704520501013E01071D0B0FBDF059
2586,3851,261007045350,0x25252100203928086948706018799326100704535001013E01071D0B0FBCF09D
2587,3870,261007045535,0x25252100203929086948706018799326100704553501013E01071D1E0FE4F17B
2588,3863,261007045720,0x2525210020392B086948706018799326100704572001013E01071E170F77F130
2589,3932,261007045905,0x2525210020392C086948706018799326100704590501013E01071D5C0FC2F596
2590,3855,261007050050,0x2525210020392D086948706018799326100705005001013E01071E0F0FF2F09A
2591,3848,261007050235,0x2525210020392F086948706018799326100705023501013E01071E080F8EF0E7
2592,3822,261007050420,0x25252100203930086948706018799326100705042001013E01071EEE0EE5EEF7
2593,3820,261007050605,0x25252100203932086948706018799326100705060501013E01071DEC0EC8EEF6
2594,3827,261007050750,0x25252100203933086948706018799326100705075001013E01071DF30E30EFE5
2595,3836,261007050935,0x25252100203934086948706018799326100705093501013E01071DFC0EC9EF54
2596,3829,261007051120,0x25252100203936086948706018799326100705112001013E01071DF50E53EFE3
2597,3822,261007051305,0x25252100203937086948706018799326100705130501013E01071CEE0EEAEE6C
2598,3820,261007051450,0x25252100203939086948706018799326100705145001013E01071CEC0EC9EEFF
2599,3809,261007051635,0x2525210020393A086948706018799326100705163501013E01071CE10E1AEE6F
2600,3809,261007051820,0x2525210020393C086948706018799326100705182001013E01071CE10E16EE22
2601,3808,261007052006,0x2525210020393D086948706018799326100705200601013E01071CE00E0CEEA6
2602,3805,261007052151,0x2525210020393E086948706018799326100705215101013E01071CDD0ED4EDBF
2603,3803,261007052336,0x25252100203940086948706018799326100705233601013E01071CDB0EB5ED28
2604,3816,261007052521,0x25252100203941086948706018799326100705252101013E01071CE80E84EEE3
2605,3826,261007052706,0x25252100203943086948706018799326100705270601013E01071DF20E21EF42
2606,3790,261007052851,0x25252100203944086948706018799326100705285101013E01071DCE0EECECC7
2607,3797,261007053036,0x25252100203945086948706018799326100705303601013E01071CD50E5CEDFA
2608,3789,261007053221,0x25252100203947086948706018799326100705322101013E01071CCD0ED4ECD9
2609,3784,261007053406,0x25252100203948086948706018799326100705340601013E01071CC80E80EC14
2610,3802,261007053551,0x2525210020394A086948706018799326100705355101013E01071CDA0EAFEDAC
2611,3786,261007053736,0x2525210020394B086948706018799326100705373601013E01071DCA0EA7EC71
2612,3791,261007053921,0x2525210020394C086948706018799326100705392101013E01071DCF0EFFECF1
2613,3778,261007054106,0x2525210020394E086948706018799326100705410601013E01071DC20E24EC17
2614,3826,261007054251,0x2525210020394F086948706018799326100705425101013E01071DF20E26EF2C
2615,3777,261007054436,0x25252100203951086948706018799326100705443601013E01071DC10E18ECFF
2616,3769,261007054621,0x25252100203952086948706018799326100705462101013E01071DB90E91EB55
2617,3766,261007054806,0x25252100203954086948706018799326100705480601013E01071DB60E68EBE4
2618,3770,261007054951,0x25252100203955086948706018799326100705495101013E01071DBA0EA8EB42
2619,3760,261007055136,0x25252100203956086948706018799326100705513601013E01071DB00E0DEB48
2620,3759,261007055321,0x25252100203958086948706018799326100705532101013E01071DAF0EF2EA35
2621,3753,261007055506,0x25252100203959086948706018799326100705550601013E01071DA90E91EA33
2622,3754,261007055651,0x2525210020395B086948706018799326100705565101013E01071DAA0EA4EA69
2623,3748,261007055836,0x2525210020395C086948706018799326100705583601013E01071DA40E48EA44
2624,3776,261007060021,0x2525210020395D086948706018799326100706002101013E01071DC00E08EC9C
2625,3746,261007060206,0x2525210020395F086948706018799326100706020601013E01071DA20E20EA61
2626,3746,261007060351,0x25252100203960086948706018799326100706035101013E01071DA20E2EEABD
2627,3740,261007060536,0x25252100203962086948706018799326100706053601013E01071D9C0EC5E954
2628,3746,261007060721,0x25252100203963086948706018799326100706072101013E01071DA20E28EA17
2629,3731,261007060906,0x25252100203964086948706018799326100706090601013E01071D930E36E902
2630,3717,261007061051,0x25252100203966086948706018799326100706105101013E01071D850E56E837
2631,3714,261007061236,0x25252100203967086948706018799326100706123601013E01071D820E2FE8B5
2632,3713,261007061421,0x25252100203969086948706018799326100706142101013E01071D810E1AE8EF
2633,3723,261007061606,0x2525210020396A086948706018799326100706160601013E01071D8B0EB3E8A8
2634,3710,261007061751,0x2525210020396C086948706018799326100706175101013E01071D7E0EEBE718
2635,3710,261007061936,0x2525210020396D086948706018799326100706193601013E01071E7E0EE5E78A
2636,3705,261007062121,0x2525210020396E086948706018799326100706212101013E01071E790E9BE766
2637,3712,261007062306,0x25252100203970086948706018799326100706230601013E01071E800E0FE83D
2638,3759,261007062451,0x25252100203971086948706018799326100706245101013E01071EAF0EFDEA63
2639,3769,261007062636,0x25252100203973086948706018799326100706263601013E01071FB90E90EB12
2640,3727,261007062821,0x25252100203974086948706018799326100706282101013E01071F8F0EFAE80C
2641,3715,261007063006,0x25252100203975086948706018799326100706300601013E01071E830E32E811
2642,3708,261007063151,0x25252100203977086948706018799326100706315101013E01071E7C0EC6E719
2643,3702,261007063336,0x25252100203978086948706018799326100706333601013E01071E760E64E77D
2644,3700,261007063521,0x2525210020397A086948706018799326100706352101013E01071E740E45E77F
2645,3698,261007063706,0x2525210020397B086948706018799326100706370601013E01071E720E22E742
2646,3700,261007063851,0x2525210020397C086948706018799326100706385101013E01071E740E44E7BB
2647,3692,261007064036,0x2525210020397E086948706018799326100706403601013E01071D6C0EC4E6A0
2648,3688,261007064221,0x2525210020397F086948706018799326100706422101013E01071D680E85E6F1
2649,3689,261007064406,0x25252100203981086948706018799326100706440601013E01071D690E98E61B
2650,3699,261007064551,0x25252100203982086948706018799326100706455101013E01071D730E31E73A
2651,3690,261007064736,0x25252100203984086948706018799326100706473601013E01071D6A0EA5E637
2652,3687,261007064921,0x25252100203985086948706018799326100706492101013E01071D670E72E69C
2653,3697,261007065106,0x25252100203986086948706018799326100706510601013E01071D710E13E76D
2654,3706,261007065251,0x25252100203988086948706018799326100706525101013E01071D7A0EABE78D
2655,3697,261007065436,0x25252100203989086948706018799326100706543601013E01071E710E19E7C4
2656,3693,261007065621,0x2525210020398B086948706018799326100706562101013E01071D6D0ED4E6C3
2657,3700,261007065806,0x2525210020398C086948706018799326100706580601013E01071D740E41E70A
2658,3670,261007065951,0x2525210020398D086948706018799326100706595101013E01071D560E6CE589
2659,3680,261007070136,0x2525210020398F086948706018799326100707013601013E01071D600E04E606
2660,3675,261007070321,0x25252100203990086948706018799326100707032101013E01071D5B0EB2E590
2661,3673,261007070506,0x25252100203992086948706018799326100707050601013E01071D590E9AE520
2662,3688,261007070651,0x25252100203993086948706018799326100707065101013E01071D680E8DE687
2663,3700,261007070836,0x25252100203994086948706018799326100707083601013E01071D740E4BE7ED
2664,3665,261007071021,0x25252100203996086948706018799326100707102101013E01071D510E10E5F4
2665,3666,261007071206,0x25252100203997086948706018799326100707120601013E01071D520E2EE58D
2666,3653,261007071351,0x25252100203999086948706018799326100707135101013E01071D450E54E43C
2667,3661,261007071536,0x2525210020399A086948706018799326100707153601013E01071C4D0ED5E406
2668,3680,261007071721,0x2525210020399C086948706018799326100707172101013E01071B600E05E65E
2669,3668,261007071906,0x2525210020399D086948706018799326100707190601013E01071B540E44E5A5
2670,3680,261007072051,0x2525210020399E086948706018799326100707205101013E01071C600E02E661
2671,3663,261007072236,0x252521002039A0086948706018799326100707223601013E01071C4F0EF6E495
2672,3648,261007072421,0x252521002039A1086948706018799326100707242101013E01071C400E09E48E
2673,3641,261007072606,0x252521002039A3086948706018799326100707260601013E01071C390E97E329
2674,3631,261007072751,0x252521002039A4086948706018799326100707275101013E01071C2F0EFEE2AE
2675,3566,261007072936,0x252521002039A5086948706018799326100707293601013E01071DEE0DE7DE72
2676,3551,261007073121,0x252521002039A7086948706018799326100707312101013E01071DDF0DF0DDD5
2677,3535,261007073306,0x252521002039A8086948706018799326100707330601013E01071ECF0DF2DC6C
2678,3519,261007073451,0x252521002039AA086948706018799326100707345101013E01071EBF0DF9DB64
2679,3504,261007073636,0x252521002039AB086948706018799326100707363601013E01071EB00D09DB67
2680,3569,261007073821,0x252521002039AC086948706018799326100707382101013E01071DF10D10DF79
2681,3568,261007074006,0x252521002039AE086948706018799326100707400601013E01071DF00D0FDF02
2682,3571,261007074151,0x252521002039AF086948706018799326100707415101013E01071DF30D30DFBF
2683,3561,261007074336,0x252521002039B1086948706018799326100707433601013E01071DE90D97DE42
2684,3559,261007074521,0x252521002039B2086948706018799326100707452101013E01071DE70D7ADEAB
2685,3560,261007074706,0x252521002039B4086948706018799326100707470601013E01071DE80D88DE39
2686,3568,261007074851,0x252521002039B5086948706018799326100707485101013E01071DF00D0DDF93
2687,3568,261007075036,0x252521002039B6086948706018799326100707503601013E01071DF00D00DF1A
2688,3570,261007075221,0x252521002039B8086948706018799326100707522101013E01071DF20D25DF23
2689,3558,261007075406,0x252521002039B9086948706018799326100707540601013E01071DE60D6FDE37
2690,3548,261007075551,0x252521002039BB086948706018799326100707555101013E01071DDC0DCEDDAC
2691,3568,261007075736,0x252521002039BC086948706018799326100707573601013E01071DF00D09DFA8
2692,3567,261007075921,0x252521002039BD086948706018799326100707592101013E01071DEF0DF7DE11
2693,3584,261007080107,0x252521002039BF086948706018799326100708010701013E01071D000E0AE097
2694,3555,261007080252,0x252521002039C0086948706018799326100708025201013E01071EE30D3CDEDA
2695,3554,261007080437,0x252521002039C2086948706018799326100708043701013E01071DE20D20DEBA
2696,3558,261007080622,0x252521002039C3086948706018799326100708062201013E01071EE60D63DE34
2697,3555,261007080807,0x252521002039C4086948706018799326100708080701013E01071EE30D39DE25
2698,3541,261007080952,0x252521002039C6086948706018799326100708095201013E01071ED50D5ADD89
2699,3576,261007081137,0x252521002039C7086948706018799326100708113701013E01071EF80D80DF67
2700,3561,261007081322,0x252521002039C9086948706018799326100708132201013E01071EE90D94DE59
2701,3558,261007081507,0x252521002039CA086948706018799326100708150701013E01071EE60D6DDEE8
2702,3553,261007081652,0x252521002039CC086948706018799326100708165201013E01071EE10D14DE6A
2703,3542,261007081837,0x252521002039CD086948706018799326100708183701013E01071ED60D69DD79
2704,3560,261007082022,0x252521002039CE086948706018799326100708202201013E01071DE80D8FDE57
2705,3542,261007082207,0x252521002039D0086948706018799326100708220701013E01071DD60D69DD37
2706,3544,261007082352,0x252521002039D1086948706018799326100708235201013E01071ED80D82DD3A
2707,3545,261007082537,0x252521002039D3086948706018799326100708253701013E01071ED90D99DD7A
2708,3538,261007082722,0x252521002039D4086948706018799326100708272201013E01071ED20D25DDA1
2709,3540,261007082907,0x252521002039D5086948706018799326100708290701013E01071ED40D47DD63
2710,3548,261007083052,0x252521002039D7086948706018799326100708305201013E01071EDC0DCCDD73
2711,3550,261007083237,0x252521002039D8086948706018799326100708323701013E01071EDE0DE0DDF8
2712,3545,261007083422,0x252521002039DA086948706018799326100708342201013E01071ED90D95DD37
2713,3544,261007083607,0x252521002039DB086948706018799326100708360701013E01071ED80D88DDDD
2714,3541,261007083752,0x252521002039DC086948706018799326100708375201013E01071ED50D57DD00
2715,3525,261007083937,0x252521002039DE086948706018799326100708393701013E01071EC50D5EDCD4
2716,3516,261007084122,0x252521002039DF086948706018799326100708412201013E01071EBC0DCCDB3E
2717,3528,261007084307,0x252521002039E1086948706018799326100708430701013E01071EC80D86DC67
2718,3530,261007084452,0x252521002039E2086948706018799326100708445201013E01071ECA0DA1DCCF
2719,3523,261007084637,0x252521002039E4086948706018799326100708463701013E01071EC30D33DC0E
2720,3532,261007084822,0x252521002039E5086948706018799326100708482201013E01071ECC0DC3DC0D
2721,3537,261007085007,0x252521002039E6086948706018799326100708500701013E01071ED10D14DDC0
2722,3517,261007085152,0x252521002039E8086948706018799326100708515201013E01071EBD0DD8DB66
2723,3522,261007085337,0x252521002039E9086948706018799326100708533701013E01071EC20D23DC6D
2724,3516,261007085522,0x252521002039EB086948706018799326100708552201013E01071EBC0DC2DBE2
2725,3511,261007085707,0x252521002039EC086948706018799326100708570701013E01071EB70D79DB57
2726,3502,261007085852,0x252521002039ED086948706018799326100708585201013E01071EAE0DE1DA17
2727,3505,261007090037,0x252521002039EF086948706018799326100709003701013E01071EB10D18DBC0
2728,3496,261007090222,0x252521002039F0086948706018799326100709022201013E01071EA80D82DA11
2729,3495,261007090407,0x252521002039F2086948706018799326100709040701013E01071EA70D79DA31
2730,3493,261007090552,0x252521002039F3086948706018799326100709055201013E01071EA50D54DA7E
2731,3494,261007090737,0x252521002039F4086948706018799326100709073701013E01071EA60D6DDA69
2732,3488,261007090922,0x252521002039F6086948706018799326100709092201013E01071EA00D0CDAFE
2733,3485,261007091107,0x252521002039F7086948706018799326100709110701013E01071E9D0DD7D9B2
2734,3486,261007091252,0x252521002039F9086948706018799326100709125201013E01071E9E0DE4D942
2735,3482,261007091437,0x252521002039FA086948706018799326100709143701013E01071E9A0DADD965
2736,3492,261007091622,0x252521002039FC086948706018799326100709162201013E01071EA40D46DA8C
2737,3502,261007091807,0x252521002039FD086948706018799326100709180701013E01071EAE0DECDA9E
2738,3475,261007091952,0x252521002039FE086948706018799326100709195201013E01071E930D30D9BC
2739,3493,261007092137,0x25252100203A00086948706018799326100709213701013E01071EA50D5ADAA2
2740,3500,261007092322,0x25252100203A01086948706018799326100709232201013E01071EAC0DCADAF2
2741,3484,261007092507,0x25252100203A03086948706018799326100709250701013E01071E9C0DC7D9D1
2742,3504,261007092652,0x25252100203A04086948706018799326100709265201013E01071EB00D05DB2A
2743,3482,261007092837,0x25252100203A05086948706018799326100709283701013E01071E9A0DA9D95E
2744,3495,261007093022,0x25252100203A07086948706018799326100709302201013E01071FA70D7BDA6D
2745,3495,261007093207,0x25252100203A08086948706018799326100709320701013E01071FA70D74DA75
2746,3490,261007093352,0x25252100203A0A086948706018799326100709335201013E01071FA20D2DDA31
2747,3519,261007093537,0x25252100203A0B086948706018799326100709353701013E01071FBF0DF5DBE4
2748,3488,261007093722,0x25252100203A0C086948706018799326100709372201013E01071FA00D06DAD4
2749,3509,261007093907,0x25252100203A0E086948706018799326100709390701013E01071FB50D5EDB32
2750,3471,261007094052,0x25252100203A0F086948706018799326100709405201013E01071F8F0DFFD8A9
2751,3474,261007094237,0x25252100203A11086948706018799326100709423701013E01071F920D28D964
2752,3476,261007094422,0x25252100203A12086948706018799326100709442201013E01071F940D40D941
2753,3485,261007094607,0x25252100203A14086948706018799326100709460701013E01071F9D0DDAD9F6
2754,3489,261007094752,0x25252100203A15086948706018799326100709475201013E01071FA10D16DAB7
2755,3479,261007094937,0x25252100203A16086948706018799326100709493701013E01071E970D72D9B8
2756,3485,261007095122,0x25252100203A18086948706018799326100709512201013E01071E9D0DD8D9AA
2757,3495,261007095307,0x25252100203A19086948706018799326100709530701013E01071EA70D7CDACE
2758,3491,261007095452,0x25252100203A1B086948706018799326100709545201013E01071EA30D3BDA35
2759,3494,261007095637,0x25252100203A1C086948706018799326100709563701013E01071EA60D6BDAC3
2760,3497,261007095822,0x25252100203A1D086948706018799326100709582201013E01071EA90D93DAB6
2761,3495,261007100007,0x25252100203A1F086948706018799326100710000701013E01071EA70D77DAED
2762,3491,261007100152,0x25252100203A20086948706018799326100710015201013E01071EA30D36DABC
2763,3523,261007100337,0x25252100203A22086948706018799326100710033701013E01071EC30D3BDC78
2764,3528,261007100522,0x25252100203A23086948706018799326100710052201013E01071EC80D80DCCD
2765,3527,261007100707,0x25252100203A24086948706018799326100710070701013E01071EC70D73DC9B
2766,3526,261007100852,0x25252100203A26086948706018799326100710085201013E01071EC60D6ADC4A
2767,3525,261007101037,0x25252100203A27086948706018799326100710103701013E01071EC50D5EDCD4
2768,3525,261007101222,0x25252100203A29086948706018799326100710122201013E01071EC50D56DCA2
2769,3524,261007101407,0x25252100203A2A086948706018799326100710140700013E01071EC40D47DC05
2770,3523,261007101552,0x25252100203A2C086948706018799326100710155200013E01071EC30D3EDC87
2771,3523,261007101737,0x25252100203A2D086948706018799326100710173700013E01071EC30D33DC0E
2772,3522,261007101922,0x25252100203A2E086948706018799326100710192200013E01071EC20D29DC8A
2773,3522,261007102107,0x25252100203A30086948706018799326100710210700013E01071EC20D22DCA9
2774,3521,261007102252,0x25252100203A31086948706018799326100710225200013E01071EC10D19DC2F
2775,3520,261007102437,0x25252100203A33086948706018799326100710243700013E01071EC00D0FDCE6
2776,3520,261007102622,0x25252100203A34086948706018799326100710262200013E01071EC00D05DC01
2777,3519,261007102807,0x25252100203A35086948706018799326100710280700013E01071EBF0DFEDB0A
2778,3519,261007102952,0x25252100203A37086948706018799326100710295200013E01071EBF0DF4DBED
2779,3518,261007103137,0x25252100203A38086948706018799326100710313700013E01071EBE0DEDDB3C
2780,3518,261007103322,0x25252100203A3A086948706018799326100710332200013E01071EBE0DE7DBDB
2781,3518,261007103507,0x25252100203A3B086948706018799326100710350700013E01071EBE0DE1DB71
2782,3517,261007103652,0x25252100293A3C086948706018799326100710365200013E01071EBD0DD8DB663E020719140C41C173
2783,3517,261007103837,0x25252100203A3D086948706018799326100710383700013E01071EBD0DD3DB45
2784,3517,261007104023,0x25252100203A3E086948706018799326100710402300013E01071EBD0DD0DB10
2785,3516,261007104208,0x25252100203A40086948706018799326100710420800013E01071EBC0DCCDB3E
2786,3516,261007104353,0x25252100203A41086948706018799326100710435300013E01071EBC0DC6DBD9
2787,3516,261007104538,0x25252100203A43086948706018799326100710453800013E01071EBC0DC4DB48
2788,3516,261007104723,0x25252100203A44086948706018799326100710472300013E01071DBC0DC2DBAC
2789,3515,261007104908,0x25252100203A45086948706018799326100710490800013E01071DBB0DBFDB15
2790,3515,261007105053,0x25252100203A47086948706018799326100710505300013E01071DBB0DBDDB84
2791,3515,261007105238,0x25252100203A48086948706018799326100710523800013E01071DBB0DBADBEA
2792,3515,261007105423,0x25252100203A4A086948706018799326100710542300013E01071DBB0DB8DB7B
2793,3515,261007105608,0x25252100203A4B086948706018799326100710560801013E01071DBB0DB8DB7B
2794,3515,261007105753,0x25252100203A4C086948706018799326100710575301013E01071DBB0DB5DBF2
2795,3516,261007105938,0x25252100203A4E086948706018799326100710593801013E01071DBC0DC4DB06
2796,3499,261007110123,0x25252100203A4F086948706018799326100711012301013E01071DAB0DBDDAE2
2797,3490,261007110308,0x25252100203A51086948706018799326100711030801013E01071EA20D25DA8A
2798,3478,261007110453,0x25252100203A52086948706018799326100711045300013E01071E960D66D9E0
2799,3468,261007110638,0x25252100213A53086948706018799326100711063800013E01071E8C0DC1D81DFE
2800,3458,261007110823,0x25252100203A54086948706018799326100711082300013E01071D820D29D845
2801,3449,261007111008,0x25252100203A55086948706018799326100711100800013E01071D790D94D76A
2802,3440,261007111153,0x25252100203A57086948706018799326100711115300013E01071D700D08D777
2803,3431,261007111338,0x25252100203A58086948706018799326100711133800013E01071D670D7ED68B
2804,3423,261007111523,0x25252100203A5A086948706018799326100711152300013E01071D5F0DFBD5ED
2805,3415,261007111708,0x25252100203A5B086948706018799326100711170800013E01071D570D76D557
2806,3407,261007111853,0x25252100203A5C086948706018799326100711185300013E01071D4F0DF7D4C6
2807,3400,261007112038,0x25252100203A5E086948706018799326100711203800013E01071D480D82D409
2808,3392,261007112223,0x25252100203A5F086948706018799326100711222300013E01071D400D0FD4B3
2809,3386,261007112408,0x25252100203A61086948706018799326100711240800013E01071C3A0DA4D383
2810,3379,261007112553,0x25252100203A62086948706018799326100711255300013E01071C330D3BD3CB
2811,3373,261007112738,0x25252100203A63086948706018799326100711273800013E01071C2D0DD1D22A
2812,3366,261007112923,0x25252100203A65086948706018799326100711292300013E01071C260D68D20E
2813,3360,261007113108,0x25252100203A66086948706018799326100711310800013E01071C200D03D27E
2814,3353,261007113253,0x25252100203A68086948706018799326100711325300013E01071C190D9DD158
2815,3347,261007113438,0x25252100203A69086948706018799326100711343800013E01071C130D39D196
2816,3342,261007113623,0x25252100233A6A086948706018799326100711362300013E01071C0E0DE6D00C83CCB8
2817,3337,261007113808,0x25252100203A6B086948706018799326100711380800013E01071C090D93D0E2
2818,3332,261007113953,0x25252100203A6C086948706018799326100711395300013E01071C040D41D0B6
2819,3326,261007114138,0x25252100203A6E086948706018799326100711413800013E01071CFE0CEDCF08
2820,3322,261007114323,0x25252100203A6F086948706018799326100711432300013E01071CFA0CA2CF85
2821,3317,261007114508,0x25252100203A71086948706018799326100711450800013E01071CF50C56CFBD
2822,3312,261007114653,0x25252100203A72086948706018799326100711465300013E01071CF00C06CF4B
2823,3307,261007114838,0x25252100203A73086948706018799326100711483800013E01071CEB0CBDCE98
2824,3303,261007115023,0x25252100203A75086948706018799326100711502300013E01071CE70C79CE05
2825,3299,261007115208,0x25252100203A76086948706018799326100711520800013E01071CE30C3BCE01
2826,3295,261007115353,0x25252100203A78086948706018799326100711535300013E01071BDF0CFCCD32
2827,3291,261007115538,0x25252100203A79086948706018799326100711553800013E01071CDB0CBBCD98
2828,3287,261007115723,0x25252100203A7A086948706018799326100711572300013E01071CD70C7ECDC1
2829,3284,261007115908,0x25252100203A7C086948706018799326100711590800013E01071CD40C44CD83
2830,3280,261007120053,0x25252100203A7D086948706018799326100712005300013E01071BD00C0FCD64
2831,3277,261007120238,0x25252100203A7F086948706018799326100712023800013E01071CCD0CD1CC4A
2832,3273,261007120423,0x25252100203A80086948706018799326100712042300013E01071CC90C99CCA9
2833,3270,261007120608,0x25252100283A81086948706018799326100712060800013E01071CC60C64CC7F020719150D52D173
2834,3267,261007120753,0x25252100203A82086948706018799326100712075300013E01071CC30C34CCD5
2835,3264,261007120938,0x25252100203A83086948706018799326100712093800013E01071BC00C02CC8B
2836,3260,261007121123,0x25252100203A85086948706018799326100712112300013E01071CBC0CCACB21
2837,3257,261007121308,0x25252100203A86086948706018799326100712130800013E01071CB90C9ECBEC
2838,3255,261007121453,0x25252100203A88086948706018799326100712145300013E01071CB70C73CB05
2839,3252,261007121638,0x25252100203A89086948706018799326100712163800013E01071CB40C47CB9B
2840,3249,261007121823,0x25252100203A8A086948706018799326100712182300013E01071BB10C1DCBDB
2841,3247,261007122008,0x25252100203A8C086948706018799326100712200800013E01071CAF0CF5CAFA
2842,3245,261007122153,0x25252100203A8D086948706018799326100712215300013E01071BAD0CD3CAC7
2843,3242,261007122338,0x25252100203A8F086948706018799326100712233800013E01071BAA0CAECA7E
2844,3240,261007122523,0x25252100203A90086948706018799326100712252300013E01071BA80C88CA12
2845,3238,261007122708,0x25252100203A91086948706018799326100712270800013E01071CA60C67CA3B
2846,3236,261007122853,0x25252100203A93086948706018799326100712285300013E01071CA40C44CAA8
2847,3233,261007123038,0x25252100203A94086948706018799326100712303800013E01071BA10C1DCABD
2848,3231,261007123223,0x25252100203A96086948706018799326100712322300013E01071C9F0CFBC98C
2849,3229,261007123408,0x25252100203A97086948706018799326100712340800013E01071B9D0CD4C903
2850,3226,261007123553,0x25252100233A98086948706018799326100712355300013E01071B9A0CAEC9F4015166
2851,3225,261007123738,0x25252100203A99086948706018799326100712373800013E01071B990C92C93C
2852,3223,261007123923,0x25252100203A9A086948706018799326100712392300013E01071B970C77C9A3
2853,3221,261007124108,0x25252100203A9C086948706018799326100712410800013E01071B950C5CC946
2854,3220,261007124253,0x25252100203A9D086948706018799326100712425300013E01071B940C4AC98F
2855,3219,261007124438,0x25252100203A9F086948706018799326100712443800013E01071B930C34C963
2856,3218,261007124623,0x25252100203AA0086948706018799326100712462300013E01071B920C20C93B
2857,3216,261007124808,0x25252100203AA1086948706018799326100712480801013E01071B900C0BC9DE
2858,3215,261007124953,0x25252100203AA3086948706018799326100712495301013E01071C8F0CF5C836
2859,3214,261007125138,0x25252100203AA4086948706018799326100712513801013E01071B8E0CE4C8C0
2860,3215,261007125323,0x25252100203AA6086948706018799326100712532301013E01071B8F0CFCC8D5
2861,3236,261007125508,0x25252100203AA7086948706018799326100712550801013E01071BA40C47CAAC
2862,3240,261007125653,0x25252100203AA8086948706018799326100712565301013E01071BA80C88CA12
2863,3261,261007125838,0x25252100203AAA086948706018799326100712583801013E01071BBD0CDFCBEC
2864,3284,261007130023,0x25252100203AAB086948706018799326100713002301013E01071BD40C4DCD60
2865,3272,261007130208,0x25252100203AAD086948706018799326100713020801013E01071BC80C86CC83
2866,3276,261007130353,0x25252100203AAE086948706018799326100713035301013E01071BCC0CCCCCF1
2867,3283,261007130538,0x25252100253AAF086948706018799326100713053801013E01071BD30C3ECDE5F20CEFCF0C
2868,3317,261007130723,0x25252100203AB0086948706018799326100713072301013E01071BF50C51CF82
2869,3285,261007130908,0x25252100203AB1086948706018799326100713090801013E01071BD50C5ECD56
2870,3297,261007131053,0x25252100203AB3086948706018799326100713105301013E01071BE10C11CE71
2871,3303,261007131238,0x25252100203AB4086948706018799326100713123801013E01071CE70C7DCE3E
2872,3317,261007131423,0x25252100203AB6086948706018799326100713142301013E01071CF50C53CF42
2873,3317,261007131608,0x25252100203AB7086948706018799326100713160801013E01071BF50C50CF46
2874,3317,261007131753,0x25252100203AB8086948706018799326100713175301013E01071CF50C52CF86
2875,3320,261007131938,0x25252100203ABA086948706018799326100713193801013E01071CF80C8BCFF1
2876,3329,261007132124,0x25252100203ABB086948706018799326100713212401013E01071C010D10D084
2877,3329,261007132309,0x25252100203ABD086948706018799326100713230901013E01071C010D15D07B
2878,3329,261007132454,0x25252100203ABE086948706018799326100713245401013E01071C010D16D02E
2879,3329,261007132639,0x25252100203ABF086948706018799326100713263901013E01071C010D18D0F2
2880,3329,261007132824,0x25252100203AC1086948706018799326100713282401013E01071C010D1CD0C9
2881,3345,261007133009,0x25252100203AC2086948706018799326100713300901013E01071C110D18D194
2882,3321,261007133154,0x25252100203AC4086948706018799326100713315400013E01071CF90C92CF20
2883,3317,261007133339,0x25252100203AC5086948706018799326100713333900013E01071CF50C58CF61
2884,3314,261007133524,0x25252100203AC6086948706018799326100713352400013E01071CF20C28CF51
2885,3311,261007133709,0x25252100203AC8086948706018799326100713370900013E01071CEF0CF3CED1
2886,3308,261007133854,0x25252100203AC9086948706018799326100713385400013E01071CEC0CC6CE8B
2887,3305,261007134039,0x25252100203ACB086948706018799326100713403900013E01071CE90C9CCE9A
2888,3303,261007134224,0x25252100203ACC086948706018799326100713422400013E01071CE70C74CE8C
2889,3300,261007134409,0x25252100203ACE086948706018799326100713440900013E01071CE40C4BCE31
2890,3297,261007134554,0x25252100203ACF086948706018799326100713455400013E01071CE10C1FCEFC
2891,3295,261007134739,0x25252100203AD0086948706018799326100713473900013E01071CDF0CF9CD9C
2892,3293,261007134924,0x25252100203AD2086948706018799326100713492400013E01071CDD0CD3CDBD
2893,3290,261007135109,0x25252100203AD3086948706018799326100713510900013E01071CDA0CACCD95
2894,3288,261007135254,0x25252100203AD5086948706018799326100713525400013E01071CD80C88CD68
2895,3286,261007135439,0x25252100203AD6086948706018799326100713543900013E01071CD60C67CD10
2896,3284,261007135624,0x25252100203AD7086948706018799326100713562400013E01071CD40C45CD47
2897,3282,261007135809,0x25252100203AD9086948706018799326100713580900013E01071CD20C28CD9D
2898,3280,261007135954,0x25252100203ADA086948706018799326100713595400013E01071CD00C0BCD0E
2899,3278,261007140139,0x25252100203ADC086948706018799326100714013900013E01071BCE0CEDCCF3
2900,3277,261007140324,0x25252100203ADD086948706018799326100714032400013E01071CCD0CD1CC4A
2901,3275,261007140509,0x25252100213ADE086948706018799326100714050900013E01071CCB0CB4CCF6EE
2902,3273,261007140654,0x25252100203ADF086948706018799326100714065400013E01071BC90C98CC3C
2903,3271,261007140839,0x25252100203AE0086948706018799326100714083900013E01071CC70C7FCC63
2904,3270,261007141024,0x25252100203AE2086948706018799326100714102400013E01071BC60C66CCE3
2905,3269,261007141209,0x25252100203AE3086948706018799326100714120900013E01071BC50C53CCB9
2906,3267,261007141354,0x25252100203AE5086948706018799326100714135400013E01071CC30C3CCCA3
2907,3266,261007141539,0x25252100203AE6086948706018799326100714153900013E01071BC20C23CC89
2908,3265,261007141724,0x25252100203AE7086948706018799326100714172400013E01071CC10C11CCEC
2909,3263,261007141909,0x25252100203AE9086948706018799326100714190900013E01071BBF0CFCCB7F
2910,3262,261007142054,0x25252100203AEA086948706018799326100714205400013E01071BBE0CEFCB49
2911,3261,261007142239,0x25252100203AEC086948706018799326100714223900013E01071CBD0CDFCBBD
2912,3261,261007142424,0x25252100203AED086948706018799326100714242400013E01071CBD0CD4CB9E
2913,3260,261007142609,0x25252100203AEE086948706018799326100714260900013E01071BBC0CC8CBE1
2914,3259,261007142754,0x25252100203AF0086948706018799326100714275400013E01071BBB0CB8CBD1
2915,3258,261007142939,0x25252100203AF1086948706018799326100714293900013E01071BBA0CABCBE7
2916,3258,261007143124,0x25252100203AF3086948706018799326100714312400013E01071BBA0CA1CB00
2917,3257,261007143309,0x25252100203AF4086948706018799326100714330900013E01071CB90C94CB0B
2918,3256,261007143454,0x25252100233AF5086948706018799326100714345400013E01071CB80C89CBE12A45B8
2919,3254,261007143639,0x25252100203AF6086948706018799326100714363900013E01071CB60C62CBA2
2920,3253,261007143824,0x25252100203AF7086948706018799326100714382400013E01071CB50C50CB96
2921,3251,261007144009,0x25252100203AF9086948706018799326100714400900013E01071CB30C3FCBDD
2922,3251,261007144154,0x25252100203AFA086948706018799326100714415400013E01071CB30C32CB54
2923,3250,261007144339,0x25252100203AFC086948706018799326100714433900013E01071CB20C25CB59
2924,3249,261007144524,0x25252100203AFD086948706018799326100714452400013E01071CB10C13CB56
2925,3249,261007144709,0x25252100203AFE086948706018799326100714470900013E01071CB10C17CB6D
2926,3249,261007144854,0x25252100203B00086948706018799326100714485401013E01071CB10C18CB75
2927,3265,261007145039,0x25252100203B01086948706018799326100714503901013E01071CC10C14CC13
2928,3259,261007145224,0x25252100203B03086948706018799326100714522401013E01071CBB0CBFCBEE
2929,3267,261007145409,0x25252100203B04086948706018799326100714540901013E01071CC30C38CC98
2930,3263,261007145554,0x25252100203B05086948706018799326100714555401013E01071BBF0CFBCB11
2931,3283,261007145739,0x25252100203B07086948706018799326100714573901013E01071BD30C32CD48
2932,3297,261007145924,0x25252100203B08086948706018799326100714592401013E01071BE10C1DCE3C
2933,3289,261007150109,0x25252100203B0A086948706018799326100715010901013E01071CD90C9ECDA1
2934,3300,261007150254,0x25252100203B0B086948706018799326100715025401013E01071CE40C4BCE31
2935,3303,261007150439,0x25252100293B0C086948706018799326100715043901013E01071CE70C75CE483E020719D60C6CCDA6
2936,3322,261007150624,0x25252100203B0D086948706018799326100715062401013E01071CFA0CAACFF3
2937,3299,261007150809,0x25252100203B0E086948706018799326100715080901013E01071CE30C34CE19
2938,3317,261007150954,0x25252100203B10086948706018799326100715095401013E01071BF50C57CF28
2939,3317,261007151139,0x25252100203B11086948706018799326100715113900013E01071CF50C5CCF5A
2940,3316,261007151324,0x25252100203B13086948706018799326100715132400013E01071CF40C40CF74
2941,3314,261007151509,0x25252100203B14086948706018799326100715150900013E01071BF20C2BCF55
2942,3313,261007151654,0x25252100203B15086948706018799326100715165400013E01071CF10C13CFD7
2943,3311,261007151839,0x25252100203B17086948706018799326100715183900013E01071BEF0CF1CE11
2944,3309,261007152024,0x25252100203B18086948706018799326100715202400013E01071CED0CD3CE17
2945,3307,261007152209,0x25252100203B1A086948706018799326100715220900013E01071CEB0CBECECD
2946,3306,261007152354,0x25252100203B1B086948706018799326100715235400013E01071CEA0CA8CE04
2947,3314,261007152539,0x25252100203B1C086948706018799326100715253901013E01071CF20C23CF72
2948,3325,261007152724,0x25252100203B1E086948706018799326100715272401013E01071CFD0CD4CF1F
2949,3322,261007152909,0x25252100203B1F086948706018799326100715290901013E01071CFA0CA2CF85
2950,3322,261007153054,0x25252100203B21086948706018799326100715305401013E01071CFA0CACCF59
2951,3336,261007153239,0x25252100203B22086948706018799326100715323901013E01071C080D85D02B
2952,3346,261007153424,0x25252100293B23086948706018799326100715342401013E01071B120D25D1E93E02071AA40C4ACAAF
2953,3351,261007153609,0x25252100203B24086948706018799326100715360901013E01071C170D78D1C7
2954,3333,261007153754,0x25252100203B25086948706018799326100715375401013E01071C050D5DD098
2955,3361,261007153939,0x25252100203B27086948706018799326100715393901013E01071C210D1DD2C1
2956,3355,261007154124,0x25252100203B28086948706018799326100715412401013E01071C1B0DB2D186
2957,3366,261007154309,0x25252100203B2A086948706018799326100715430901013E01071C260D68D20E
2958,3369,261007154454,0x25252100203B2B086948706018799326100715445401013E01071C290D92D2EA
2959,3360,261007154639,0x25252100203B2C086948706018799326100715463901013E01071C200D08D25D
2960,3384,261007154824,0x25252100203B2E086948706018799326100715482401013E01071C380D85D381
2961,3358,261007155009,0x25252100203B2F086948706018799326100715500901013E01071C1E0DE7D18F
2962,3346,261007155154,0x25252100203B31086948706018799326100715515401013E01071C120D2AD1A0
2963,3387,261007155339,0x25252100203B32086948706018799326100715533901013E01071C3B0DB6D371
2964,3382,261007155524,0x25252100203B33086948706018799326100715552401013E01071C360D64D325
2965,3380,261007155709,0x25252100203B35086948706018799326100715570901013E01071C340D47D3B6
2966,3372,261007155854,0x25252100203B36086948706018799326100715585401013E01071C2C0DCAD26A
2967,3379,261007160039,0x25252100203B38086948706018799326100716003901013E01071C330D36D342
2968,3371,261007160225,0x25252100203B39086948706018799326100716022501013E01071C2B0DBCD2F0
2969,3367,261007160410,0x25252100293B3A086948706018799326100716041001013E01071B270D79D2F83E02071A3D0CD1C3A1
2970,3395,261007160555,0x25252100203B3B086948706018799326100716055501013E01071C430D34D4F8
2971,3389,261007160740,0x25252100203B3C086948706018799326100716074001013E01071C3D0DD5D377
2972,3378,261007160925,0x25252100203B3E086948706018799326100716092501013E01071C320D2CD3C6
2973,3402,261007161110,0x25252100203B3F086948706018799326100716111001013E01071C4A0DAFD48B
2974,3401,261007161255,0x25252100203B41086948706018799326100716125501013E01071C490D91D4F2
2975,3413,261007161440,0x25252100203B42086948706018799326100716144001013E01071C550D5ED52A
2976,3402,261007161625,0x25252100203B43086948706018799326100716162501013E01071C4A0DACD4DE
2977,3409,261007161810,0x25252100203B45086948706018799326100716181001013E01071C510D15D59C
2978,3420,261007161955,0x25252100203B46086948706018799326100716195501013E01071D5C0DC4D550
2979,3432,261007162140,0x25252100203B48086948706018799326100716214001013E01071D680D86D6FE
2980,3420,261007162325,0x25252100203B49086948706018799326100716232501013E01071D5C0DC4D550
2981,3431,261007162510,0x25252100203B4A086948706018799326100716251001013E01071D670D79D6E5
2982,3446,261007162655,0x25252100203B4C086948706018799326100716265501013E01071D760D63D707
2983,3430,261007162840,0x25252100203B4D086948706018799326100716284001013E01071D660D62D6A5
2984,3428,261007163025,0x25252100203B4F086948706018799326100716302501013E01071D640D44D6C9
2985,3433,261007163210,0x25252100203B50086948706018799326100716321001013E01071D690D94D60C
2986,3424,261007163355,0x25252100203B51086948706018799326100716335500013E01071D600D0AD680
2987,3423,261007163540,0x25252100203B53086948706018799326100716354000013E01071D5F0DF5D531
2988,3416,261007163725,0x25252100203B54086948706018799326100716372500013E01071D580D86D554
2989,3409,261007163910,0x25252100203B56086948706018799326100716391000013E01071D510D1AD549
2990,3403,261007164055,0x25252100203B57086948706018799326100716405500013E01071D4B0DB2D4AC
2991,3396,261007164240,0x25252100203B59086948706018799326100716424000013E01071D440D4DD4B7
2992,3390,261007164425,0x25252100203B5A086948706018799326100716442500013E01071D3E0DEAD307
2993,3384,261007164610,0x25252100203B5B086948706018799326100716461000013E01071D380D8BD390
2994,3379,261007164755,0x25252100203B5D086948706018799326100716475500013E01071D330D30D325
2995,3373,261007164940,0x25252100203B5E086948706018799326100716494000013E01071D2D0DD5D2DC
2996,3367,261007165125,0x25252100203B60086948706018799326100716512500013E01071C270D7DD292
2997,3362,261007165310,0x25252100203B61086948706018799326100716531000013E01071C220D27D283
2998,3356,261007165455,0x25252100203B62086948706018799326100716545501013E01071C1C0DC2D1B6
2999,3367,261007165640,0x25252100203B64086948706018799326100716564001013E01071C270D76D2B1
3000,3368,261007165825,0x25252100203B65086948706018799326100716582501013E01071C280D85D2E7
3001,3370,261007170010,0x25252100203B67086948706018799326100717001001013E01071C2A0DA8D2A8
3002,3363,261007170155,0x25252100203B68086948706018799326100717015501013E01071C230D31D24A
3003,3357,261007170340,0x25252100203B69086948706018799326100717034000013E01071D1D0DD3D1DC
3004,3348,261007170525,0x25252100203B6B086948706018799326100717052500013E01071D140D4ED105
3005,3341,261007170710,0x25252100203B6C086948706018799326100717071000013E01071D0D0DD2D07E
3006,3332,261007170855,0x25252100203B6E086948706018799326100717085500013E01071D040D4CD0F2
3007,3324,261007171040,0x25252100203B6F086948706018799326100717104000013E01071DFC0CC8CFFC
3008,3316,261007171225,0x25252100203B71086948706018799326100717122500013E01071DF40C49CF0B
3009,3309,261007171410,0x25252100203B72086948706018799326100717141000013E01071DED0CD0CE8F
3010,3301,261007171555,0x25252100203B73086948706018799326100717155500013E01071DE50C56CE16
3011,3294,261007171740,0x25252100203B75086948706018799326100717174000013E01071DDE0CE4CDBB
3012,3287,261007171925,0x25252100203B76086948706018799326100717192500013E01071DD70C73CD85
3013,3280,261007172110,0x25252100203B78086948706018799326100717211000013E01071DD00C06CD4A
3014,3273,261007172255,0x25252100203B79086948706018799326100717225500013E01071DC90C9DCC5F
3015,3267,261007172440,0x25252100203B7A086948706018799326100717244000013E01071DC30C36CC89
3016,3261,261007172625,0x25252100203B7C086948706018799326100717262500013E01071DBD0CD4CB53
3017,3255,261007172810,0x25252100203B7D086948706018799326100717281000013E01071DB70C76CB37
3018,3249,261007172955,0x25252100203B7F086948706018799326100717295500013E01071DB10C18CBB8
3019,3243,261007173140,0x25252100203B80086948706018799326100717314000013E01071DAB0CBDCAD4
3020,3238,261007173325,0x25252100203B81086948706018799326100717332500013E01071DA60C67CAF6
3021,3233,261007173510,0x25252100203B83086948706018799326100717351000013E01071DA10C14CA93
3022,3227,261007173655,0x25252100203B84086948706018799326100717365500013E01071D9B0CBFC9EF
3023,3223,261007173840,0x25252100203B86086948706018799326100717384000013E01071D970C71C995
3024,3218,261007174025,0x25252100203B87086948706018799326100717402500013E01071D920C24C99C
3025,3213,261007174210,0x25252100203B89086948706018799326100717421000013E01071D8D0CDAC825
3026,3209,261007174355,0x25252100203B8A086948706018799326100717435500013E01071C890C92C80B
3027,3204,261007174540,0x25252100203B8B086948706018799326100717454000013E01071C840C4EC883
3028,3200,261007174725,0x25252100203B8D086948706018799326100717472500013E01071C800C0AC82D
3029,3196,261007174910,0x25252100203B8E086948706018799326100717491000013E01071D7C0CC9C723
3030,3192,261007175055,0x25252100203B90086948706018799326100717505500013E01071C780C8BC7EA
3031,3188,261007175240,0x25252100203B91086948706018799326100717524000013E01071C740C4EC7B3
3032,3185,261007175425,0x25252100203B92086948706018799326100717542500013E01071D710C13C701
3033,3181,261007175610,0x25252100203B94086948706018799326100717561000013E01071D6D0CDDC61D
3034,3178,261007175755,0x25252100203B95086948706018799326100717575500013E01071D6A0CA5C65B
3035,3175,261007175940,0x25252100203B97086948706018799326100717594000013E01071D670C70C661
3036,3171,261007180125,0x25252100203B98086948706018799326100718012500013E01071D630C3DC67D
3037,3168,261007180310,0x25252100203B99086948706018799326100718031000013E01071D600C0CC61C
3038,3165,261007180455,0x25252100203B9B086948706018799326100718045500013E01071C5D0CDEC52F
3039,3163,261007180640,0x25252100203B9C086948706018799326100718064000013E01071D5B0CB0C56D
3040,3160,261007180825,0x25252100203B9E086948706018799326100718082500013E01071D580C84C5F3
3041,3157,261007181010,0x25252100203B9F086948706018799326100718101000013E01071D550C59C5BF
3042,3155,261007181155,0x25252100203BA1086948706018799326100718115500013E01071C530C31C557
3043,3152,261007181340,0x25252100203BA2086948706018799326100718134000013E01071D500C09C549
3044,3150,261007181525,0x25252100203BA3086948706018799326100718152500013E01071D4E0CE3C4A8
3045,3147,261007181710,0x25252100203BA5086948706018799326100718171000013E01071D4B0CBEC4D7
3046,3145,261007181855,0x25252100203BA6086948706018799326100718185500013E01071D490C9BC4EE
3047,3143,261007182040,0x25252100203BA8086948706018799326100718204000013E01071D470C7BC48E
3048,3141,261007182225,0x25252100203BA9086948706018799326100718222500013E01071D450C5AC48C
3049,3139,261007182410,0x25252100203BAA086948706018799326100718241000013E01071D430C3BC41B
3050,3137,261007182555,0x25252100203BAC086948706018799326100718255500013E01071D410C1EC422
3051,3136,261007182740,0x25252100203BAD086948706018799326100718274000013E01071D400C01C459
3052,3134,261007182925,0x25252100203BAF086948706018799326100718292500013E01071D3E0CE5C329
3053,3132,261007183110,0x25252100203BB0086948706018799326100718311000013E01071D3C0CCBC333
3054,3131,261007183255,0x25252100203BB1086948706018799326100718325500013E01071D3B0CB1C3E4
3055,3129,261007183440,0x25252100203BB3086948706018799326100718344000013E01071D390C98C390
3056,3128,261007183625,0x25252100203BB4086948706018799326100718362500013E01071C380C81C38C
3057,3126,261007183810,0x25252100203BB6086948706018799326100718381000013E01071D360C6AC302
3058,3125,261007183955,0x25252100203BB7086948706018799326100718395500013E01071D350C54C37B
3059,3124,261007184141,0x25252100203BB9086948706018799326100718414100013E01071C340C40C3EE
3060,3122,261007184326,0x25252100203BBA086948706018799326100718432600013E01071C320C2AC35A
3061,3121,261007184511,0x25252100203BBB086948706018799326100718451100013E01071D310C16C37F
3062,3120,261007184656,0x25252100203BBD086948706018799326100718465600013E01071C300C05C384
3063,3119,261007184841,0x25252100203BBE086948706018799326100718484100013E01071C2F0CF5C2E1
3064,3118,261007185026,0x25252100203BC0086948706018799326100718502600013E01071C2E0CE3C228
3065,3117,261007185211,0x25252100203BC1086948706018799326100718521100013E01071C2D0CD2C249
3066,3116,261007185356,0x25252100203BC2086948706018799326100718535600013E01071C2C0CC1C27F
3067,3114,261007185541,0x25252100203BC4086948706018799326100718554100013E01071C2A0CADC261
3068,3113,261007185726,0x25252100203BC5086948706018799326100718572600013E01071C290C9DC2C4
3069,3112,261007185911,0x25252100203BC7086948706018799326100718591100013E01071C280C8CC263
3070,3111,261007190056,0x25252100203BC8086948706018799326100719005600013E01071C270C7EC2F1
3071,3111,261007190241,0x25252100203BC9086948706018799326100719024100013E01071C270C71C2E9
3072,3110,261007190426,0x25252100203BCB086948706018799326100719042600013E01071C260C65C2B1
3073,3109,261007190611,0x25252100203BCC086948706018799326100719061100013E01071C250C57C285
3074,3108,261007190756,0x25252100203BCE086948706018799326100719075600013E01071C240C4AC26F
3075,3108,261007190941,0x25252100203BCF086948706018799326100719094100013E01071C240C40C288
3076,3107,261007191126,0x25252100203BD1086948706018799326100719112600013E01071C230C33C2ED
3077,3106,261007191311,0x25252100203BD2086948706018799326100719131100013E01071C220C28C2AD
3078,3105,261007191456,0x25252100203BD3086948706018799326100719145600013E01071C210C1DC2F7
3079,3105,261007191641,0x25252100203BD5086948706018799326100719164100013E01071C210C12C2EF
3080,3104,261007191826,0x25252100203BD6086948706018799326100719182600013E01071C200C08C26B
3081,3103,261007192011,0x25252100203BD8086948706018799326100719201100013E01071C1F0CFDC13D
3082,3103,261007192156,0x25252100203BD9086948706018799326100719215600013E01071C1F0CF5C14B
3083,3102,261007192341,0x25252100203BDA086948706018799326100719234100013E01071C1E0CECC19A
3084,3102,261007192526,0x25252100203BDC086948706018799326100719252600013E01071C1E0CE2C146
3085,3101,261007192711,0x25252100203BDD086948706018799326100719271100013E01071C1D0CDAC195
3086,3101,261007192856,0x25252100203BDF086948706018799326100719285600013E01071C1D0CD1C1B6
3087,3100,261007193041,0x25252100203BE0086948706018799326100719304100013E01071C1C0CC7C17F
3088,3100,261007193226,0x25252100203BE1086948706018799326100719322600013E01071C1C0CC1C1D5
3089,3099,261007193411,0x25252100203BE3086948706018799326100719341100013E01071C1B0CB9C193
3090,3099,261007193556,0x25252100203BE4086948706018799326100719355600013E01071C1B0CB3C174
3091,3098,261007193741,0x25252100203BE6086948706018799326100719374100013E01071C1A0CABC161
3092,3098,261007193926,0x25252100203BE7086948706018799326100719392600013E01071C1A0CA4C179
3093,3097,261007194111,0x25252100203BE9086948706018799326100719411100013E01071C190C9EC13B
3094,3097,261007194256,0x25252100203BEA086948706018799326100719425600013E01071C190C98C191
3095,3097,261007194441,0x25252100203BEB086948706018799326100719444101013E01071C190C92C176
3096,3096,261007194626,0x25252100203BED086948706018799326100719462601013E01071C180C8CC1C9
3097,3096,261007194811,0x25252100203BEE086948706018799326100719481101013E01071C180C87C1EA
3098,3096,261007194956,0x25252100203BF0086948706018799326100719495600013E01071C180C84C1BF
3099,3095,261007195141,0x25252100203BF1086948706018799326100719514100013E01071C170C7FC19F
3100,3095,261007195326,0x25252100203BF2086948706018799326100719532600013E01071C170C79C135
3101,3095,261007195511,0x25252100203BF4086948706018799326100719551100013E01071C170C75C178
3102,3095,261007195656,0x25252100203BF5086948706018799326100719565600013E01071C170C72C116
3103,3094,261007195841,0x25252100203BF7086948706018799326100719584100013E01071C160C6FC1FC
3104,3094,261007200026,0x25252100203BF8086948706018799326100720002600013E01071C160C6CC1A9
3105,3094,261007200211,0x25252100203BF9086948706018799326100720021100013E01071C160C68C192
3106,3094,261007200356,0x25252100203BFB086948706018799326100720035600013E01071C160C64C1DF
3107,3094,261007200541,0x25252100203BFC086948706018799326100720054100013E01071C160C60C1E4
3108,3093,261007200726,0x25252100203BFE086948706018799326100720072600013E01071C150C5DC1C8
3109,3093,261007200911,0x25252100203BFF086948706018799326100720091100013E01071C150C5AC1A6
3110,3093,261007201056,0x25252100203C01086948706018799326100720105600013E01071C150C57C12F
3111,3093,261007201241,0x25252100203C02086948706018799326100720124100013E01071C150C54C17A
3112,3093,261007201426,0x25252100203C03086948706018799326100720142600013E01071C150C50C141
3113,3092,261007201611,0x25252100203C05086948706018799326100720161100013E01071C140C4CC16F
3114,3092,261007201756,0x25252100203C06086948706018799326100720175600013E01071C140C4AC1C5
3115,3092,261007201941,0x25252100203C08086948706018799326100720194100013E01071C140C47C14C
3116,3092,261007202126,0x25252100203C09086948706018799326100720212600013E01071C140C46C188
3117,3092,261007202311,0x25252100203C0A086948706018799326100720231100013E01071C140C43C177
3118,3092,261007202456,0x25252100203C0C086948706018799326100720245600013E01071C140C41C1E6
3119,3091,261007202641,0x25252100203C0D086948706018799326100720264100013E01071C130C3EC1CE
3120,3091,261007202826,0x25252100203C0F086948706018799326100720282600013E01071C130C3EC1CE
3121,3091,261007203011,0x25252100203C10086948706018799326100720301100013E01071C130C3AC1F5
3122,3091,261007203156,0x25252100203C11086948706018799326100720315600013E01071C130C3AC1F5
3123,3091,261007203341,0x25252100203C13086948706018799326100720334100013E01071C130C37C17C
3124,3091,261007203526,0x25252100203C14086948706018799326100720352600013E01071C130C34C129
3125,3091,261007203711,0x25252100203C16086948706018799326100720371100013E01071C130C35C1ED
3126,3091,261007203856,0x25252100203C17086948706018799326100720385600013E01071C130C33C147
3127,3091,261007204041,0x25252100203C19086948706018799326100720404100013E01071C130C33C147
3128,3091,261007204226,0x25252100203C1A086948706018799326100720422600013E01071C130C32C183
3129,3091,261007204411,0x25252100203C1B086948706018799326100720441100013E01071C130C31C1D6
3130,3090,261007204556,0x25252100203C1D086948706018799326100720455600013E01071C120C2FC169
3131,3090,261007204741,0x25252100203C1E086948706018799326100720474100013E01071C120C2EC1AD
3132,3090,261007204926,0x25252100203C20086948706018799326100720492600013E01071C120C2CC13C
3133,3090,261007205111,0x25252100203C21086948706018799326100720511100013E01071C120C2DC1F8
3134,3090,261007205256,0x25252100203C22086948706018799326100720525600013E01071B120C2DC1A9
3135,3090,261007205441,0x25252100203C24086948706018799326100720544100013E01071B120C2CC16D
3136,3090,261007205626,0x25252100203C25086948706018799326100720562600013E01071C120C2BC152
3137,3090,261007205811,0x25252100203C27086948706018799326100720581100013E01071C120C2DC1F8
3138,3090,261007205956,0x25252100203C28086948706018799326100720595600013E01071C120C2EC1AD
3139,3090,261007210141,0x25252100203C29086948706018799326100721014100013E01071C120C2CC13C
3140,3090,261007210326,0x25252100203C2B086948706018799326100721032600013E01071B120C2CC16D
3141,3090,261007210511,0x25252100203C2C086948706018799326100721051100013E01071C120C2BC152
3142,3090,261007210656,0x25252100203C2E086948706018799326100721065600013E01071C120C2BC152
3143,3090,261007210841,0x25252100203C2F086948706018799326100721084100013E01071C120C2CC13C
3144,3090,261007211026,0x25252100203C31086948706018799326100721102600013E01071B120C2CC16D
3145,3090,261007211211,0x25252100203C32086948706018799326100721121100013E01071B120C2CC16D
3146,3123,261007211356,0x25252100203C33086948706018799326100721135601013E01071B330C32C31E
3147,3128,261007211541,0x25252100203C35086948706018799326100721154100013E01071B380C8BC33A
3148,3137,261007211726,0x25252100203C36086948706018799326100721172601013E01071B410C13C437
3149,3154,261007211911,0x25252100203C38086948706018799326100721191101013E01071B520C2DC528
3150,3148,261007212056,0x25252100203C39086948706018799326100721205601013E01071B4C0CC1C463
3151,3162,261007212242,0x25252100203C3A086948706018799326100721224201013E01071B5A0CAEC54E
3152,3169,261007212427,0x25252100203C3C086948706018799326100721242701013E01071B610C1FC6B6
3153,3176,261007212612,0x25252100203C3D086948706018799326100721261201013E01071B680C89C64C
3154,3181,261007212757,0x25252100203C3F086948706018799326100721275700013E01071B6D0CD2C699
3155,3181,261007212942,0x25252100203C40086948706018799326100721294200013E01071B6D0CD8C67E
3156,3182,261007213127,0x25252100203C41086948706018799326100721312700013E01071B6E0CEBC68E
3157,3182,261007213312,0x25252100203C43086948706018799326100721331200013E01071A6E0CEFC678
3158,3183,261007213457,0x25252100203C44086948706018799326100721345700013E01071B6F0CF8C6B8
3159,3183,261007213642,0x25252100203C46086948706018799326100721364200013E01071B6F0CFFC6D6
3160,3184,261007213827,0x25252100203C47086948706018799326100721382700013E01071B700C08C7DD
3161,3185,261007214012,0x25252100203C49086948706018799326100721401200013E01071B710C13C79D
3162,3185,261007214157,0x25252100203C4A086948706018799326100721415700013E01071A710C1AC7E2
3163,3186,261007214342,0x25252100203C4B086948706018799326100721434200013E01071A720C21C764
3164,3186,261007214527,0x25252100203C4D086948706018799326100721452700013E01071A720C2EC77C
3165,3187,261007214712,0x25252100203C4E086948706018799326100721471200013E01071A730C3CC78E
3166,3188,261007214857,0x25252100203C50086948706018799326100721485700013E01071A740C4DC77A
3167,3189,261007215042,0x25252100203C51086948706018799326100721504200013E01071A750C5DC719
3168,3190,261007215227,0x25252100203C52086948706018799326100721522700013E01071A760C6CC778
3169,3191,261007215412,0x25252100203C54086948706018799326100721541200013E01071A770C71C792
3170,3191,261007215557,0x25252100203C55086948706018799326100721555700013E01071A770C78C720
3171,3192,261007215742,0x25252100203C57086948706018799326100721574200013E01071A780C80C755
3172,3192,261007215927,0x25252100203C58086948706018799326100721592700013E01071A780C8CC718
3173,3193,261007220112,0x25252100203C59086948706018799326100722011200013E01071A790C99C784
3174,3194,261007220257,0x25252100203C5B086948706018799326100722025700013E01071A7A0CA7C7FD
3175,3195,261007220442,0x25252100203C5C086948706018799326100722044200013E01071A7B0CB5C70F
3176,3196,261007220627,0x25252100203C5E086948706018799326100722062700013E01071A7C0CC2C751
3177,3196,261007220812,0x25252100203C5F086948706018799326100722081200013E01071A7C0CCFC7D8
3178,3197,261007220957,0x25252100203C61086948706018799326100722095700013E01071A7D0CDCC7EE
3179,3198,261007221142,0x25252100203C62086948706018799326100722114200013E01071A7E0CEAC7E1
3180,3198,261007221327,0x25252100203C63086948706018799326100722132700013E01071A7E0CECC74B
3181,3198,261007221512,0x25252100203C65086948706018799326100722151200013E01071A7E0CEEC7DA
3182,3199,261007221657,0x25252100203C66086948706018799326100722165700013E01071A7F0CF4C75E
3183,3199,261007221842,0x25252100203C68086948706018799326100722184200013E01071A7F0CFBC746
3184,3200,261007222027,0x25252100203C69086948706018799326100722202700013E01071A800C01C892
3185,3200,261007222212,0x25252100203C6A086948706018799326100722221200013E01071A800C07C838
3186,3200,261007222357,0x25252100203C6C086948706018799326100722235700013E01071A800C0CC81B
3187,3201,261007222542,0x25252100203C6D086948706018799326100722254200013E01071A810C11C8F1
3188,3201,261007222727,0x25252100203C6F086948706018799326100722272700013E01071A810C15C8CA
3189,3201,261007222912,0x25252100203C70086948706018799326100722291200013E01071A810C13C860
3190,3201,261007223057,0x25252100203C71086948706018799326100722305700013E01071A810C18C843
3191,3201,261007223242,0x25252100203C73086948706018799326100722324200013E01071A810C1AC8D2
3192,3201,261007223427,0x25252100203C74086948706018799326100722342700013E01071A810C1EC8E9
3193,3202,261007223612,0x25252100203C76086948706018799326100722361200013E01071A820C23C8C5
3194,3209,261007223757,0x25252100203C77086948706018799326100722375701013E01071A890C97C868
3195,3215,261007223942,0x25252100203C79086948706018799326100722394201013E01071A8F0CFCC818
3196,3221,261007224127,0x25252100203C7A086948706018799326100722412701013E01071A950C5AC921
3197,3223,261007224312,0x25252100203C7B086948706018799326100722431201013E01071A970C70C900
3198,3223,261007224457,0x25252100203C7D086948706018799326100722445701013E01071A970C76C9AA
3199,3224,261007224642,0x25252100203C7E086948706018799326100722464201013E01071A980C89C9B1
3200,3231,261007224827,0x25252100203C80086948706018799326100722482700013E01071A9F0CFCC97E
3201,3233,261007225012,0x25252100203C81086948706018799326100722501200013E01071AA10C1BCADA
3202,3236,261007225157,0x25252100203C82086948706018799326100722515701013E01071AA40C4DCA86
3203,3241,261007225342,0x25252100203C84086948706018799326100722534201013E01071AA90C9DCA43
3204,3276,261007225527,0x25252100203C85086948706018799326100722552701013E01071ACC0CC0CC71
3205,3259,261007225712,0x25252100203C87086948706018799326100722571201013E01071ABB0CB5CB95
3206,3265,261007225857,0x25252100203C88086948706018799326100722585701013E01071AC10C1CCCF9
3207,3269,261007230042,0x25252100203C89086948706018799326100723004201013E01071AC50C59CC93
3208,3264,261007230227,0x25252100203C8B086948706018799326100723022701013E01071AC00C00CCD7
3209,3274,261007230412,0x25252100203C8C086948706018799326100723041201013E01071ACA0CA8CC54
3210,3261,261007230557,0x25252100203C8E086948706018799326100723055701013E01071ABD0CDFCB21
3211,3257,261007230742,0x25252100203C8F086948706018799326100723074201013E01071AB90C97CBC2
3212,3252,261007230927,0x25252100203C91086948706018799326100723092701013E01071AB40C41CBAD
3213,3247,261007231112,0x25252100203C92086948706018799326100723111201013E01071AAF0CF0CA99
3214,3242,261007231257,0x25252100203C93086948706018799326100723125701013E01071AAA0CA3CA3A
3215,3260,261007231442,0x25252100203C95086948706018799326100723144201013E01071ABC0CCACBBD
3216,3279,261007231627,0x25252100203C96086948706018799326100723162701013E01071ACF0CF6CC7E
3217,3281,261007231812,0x25252100203C98086948706018799326100723181200013E01071AD10C1ACD35
3218,3292,261008070419,0x25252100203C99086948706018799326100807041901013E010718DC0CC5CD6B
3219,3298,261008070604,0x25252100203C9A086948706018799326100807060401013E010718E20C29CEEC
3220,3303,261008070749,0x25252100203C9C086948706018799326100807074901013E010718E70C73CEFD
3221,3300,261008070934,0x25252100203C9D086948706018799326100807093401013E010718E40C43CE58
3222,3318,261008071119,0x25252100203C9F086948706018799326100807111901013E010718F60C63CFF8
3223,3330,261008071304,0x25252100203CA0086948706018799326100807130401013E010718020D2AD0D9
3224,3322,261008071449,0x25252100203CA1086948706018799326100807144901013E010718FA0CA8CF7D
3225,3326,261008071634,0x25252100203CA3086948706018799326100807163401013E010718FE0CEECF42
3226,3328,261008071819,0x25252100203CA4086948706018799326100807181901013E010718000D0CD0B5
3227,3320,261008072004,0x25252100203CA6086948706018799326100807200401013E010718F80C87CFA3
3228,3319,261008072149,0x25252100203CA7086948706018799326100807214901013E010718F70C75CF31
3229,3321,261008072334,0x25252100203CA8086948706018799326100807233401013E010718F90C9ECF72
3230,3325,261008072519,0x25252100203CAA086948706018799326100807251901013E010718FD0CD3CF6E
3231,3353,261008072704,0x25252100203CAB086948706018799326100807270401013E010718190D90D1CE
3232,3348,261008072849,0x25252100203CAD086948706018799326100807284901013E010718140D41D1CF
3233,3348,261008073034,0x25252100203CAE086948706018799326100807303401013E010718140D4AD1EC
3234,3371,261008073219,0x25252100203CB0086948706018799326100807321901013E0107192B0DBBD24C
3235,3405,261008073404,0x25252100203CB1086948706018799326100807340401013E0107194D0DD0D471
3236,3366,261008073549,0x25252100203CB2086948706018799326100807354901013E010719260D64D291
3237,3370,261008073734,0x25252100203CB4086948706018799326100807373401013E0107192A0DAFD214
3238,3363,261008073919,0x25252100203CB5086948706018799326100807391901013E010719230D3FD244
3239,3371,261008074104,0x25252100203CB7086948706018799326100807410401013E0107192B0DB1D2AB
3240,3387,261008074249,0x25252100203CB8086948706018799326100807424901013E0107193B0DB3D35C
3241,3365,261008074434,0x25252100203CB9086948706018799326100807443401013E010719250D54D234
3242,3404,261008074619,0x25252100203CBB086948706018799326100807461901013E0107194C0DC6D4B8
3243,3395,261008074804,0x25252100203CBC086948706018799326100807480401013E010719430D39D4A3
3244,3381,261008074949,0x25252100203CBE086948706018799326100807494901013E01071A350D57D349
3245,3385,261008075135,0x25252100203CBF086948706018799326100807513501013E01071A390D98D3F7
3246,3394,261008075320,0x25252100203CC0086948706018799326100807532001013E01071A420D28D44A
3247,3391,261008075505,0x25252100203CC2086948706018799326100807550501013E01071A3F0DF3D387
3248,3395,261008075650,0x25252100203CC3086948706018799326100807565001013E01071A430D36D4F5
3249,3386,261008075835,0x25252100203CC5086948706018799326100807583501013E01071A3A0DABD307
3250,3427,261008080020,0x25252100203CC6086948706018799326100808002001013E01071A630D3FD68B
3251,3395,261008080205,0x25252100203CC8086948706018799326100808020501013E01071A430D35D4A0
3252,3408,261008080350,0x25252100203CC9086948706018799326100808035001013E01071A500D06D536
3253,3389,261008080535,0x25252100203CCA086948706018799326100808053501013E01071A3D0DD8D362
3254,3388,261008080720,0x25252100203CCC086948706018799326100808072001013E01071A3C0DC4D34C
3255,3384,261008080905,0x25252100203CCD086948706018799326100808090501013E01071A380D8DD36B
3256,3382,261008081050,0x25252100203CCF086948706018799326100808105001013E01071A360D61D346
3257,3381,261008081235,0x25252100203CD0086948706018799326100808123501013E01071A350D55D3D8
3258,3370,261008081420,0x25252100203CD1086948706018799326100808142001013E01071B2A0DA8D2F9
3259,3369,261008081605,0x25252100203CD3086948706018799326100808160501013E01071B290D93D27F
3260,3375,261008081750,0x25252100203CD4086948706018799326100808175001013E01071B2F0DF4D242
3261,3364,261008081935,0x25252100203CD6086948706018799326100808193501013E01071B240D42D27E
3262,3368,261008082120,0x25252100203CD7086948706018799326100808212001013E01071B280D87D227
3263,3371,261008082305,0x25252100203CD8086948706018799326100808230501013E01071C2B0DBAD25A
3264,3367,261008082450,0x25252100203CDA086948706018799326100808245001013E01071C270D77D275
3265,3405,261008082635,0x25252100203CDB086948706018799326100808263501013E01071C4D0DDED47F
3266,3428,261008082820,0x25252100203CDD086948706018799326100808282001013E01071B640D45D691
3267,3429,261008083005,0x25252100203CDE086948706018799326100808300501013E01071B650D5DD684
3268,3436,261008083150,0x25252100203CE0086948706018799326100808315001013E01071B6C0DC5D6A2
3269,3451,261008083335,0x25252100203CE1086948706018799326100808333501013E01071B7B0DBED7D7
3270,3433,261008083520,0x25252100203CE2086948706018799326100808352001013E01071B690D9ED677
3271,3406,261008083705,0x25252100203CE4086948706018799326100808370501013E01071C4E0DECD44B
3272,3402,261008083850,0x25252100203CE5086948706018799326100808385001013E01071C4A0DA9D421
3273,3399,261008084035,0x25252100203CE7086948706018799326100808403501013E01071C470D76D4FC
3274,3392,261008084220,0x25252100203CE8086948706018799326100808422001013E01071B400D02D4A6
3275,3396,261008084405,0x25252100203CE9086948706018799326100808440501013E01071C440D4ED42F
3276,3385,261008084550,0x25252100203CEB086948706018799326100808455001013E01071B390D91D388
3277,3392,261008084735,0x25252100203CEC086948706018799326100808473501013E01071C400D01D4A2
3278,3387,261008084920,0x25252100203CEE086948706018799326100808492001013E01071C3B0DB5D324
3279,3381,261008085105,0x25252100203CEF086948706018799326100808510501013E01071C350D56D311
3280,3388,261008085250,0x25252100203CF0086948706018799326100808525001013E01071C3C0DCDD362
3281,3378,261008085435,0x25252100203CF2086948706018799326100808543501013E01071C320D27D3E5
3282,3391,261008085620,0x25252100203CF3086948706018799326100808562001013E01071C3F0DF5D3B1
3283,3415,261008085805,0x25252100203CF5086948706018799326100808580501013E01071C570D75D5CF
3284,3406,261008085950,0x25252100203CF6086948706018799326100808595001013E01071C4E0DECD44B
3285,3385,261008090135,0x25252100203CF8086948706018799326100809013501013E01071C390D96D3B7
3286,3385,261008090320,0x25252100203CF9086948706018799326100809032001013E01071C390D94D326
3287,3386,261008090505,0x25252100203CFA086948706018799326100809050501013E01071C3A0DA5D347
3288,3381,261008090650,0x25252100203CFC086948706018799326100809065001013E01071C350D5BD398
3289,3377,261008090835,0x25252100203CFD086948706018799326100809083501013E01071C310D1CD363
3290,3381,261008091020,0x25252100203CFF086948706018799326100809102001013E01071B350D53D3BF
3291,3377,261008091205,0x25252100203D00086948706018799326100809120501013E01071B310D17D311
3292,3375,261008091350,0x25252100203D01086948706018799326100809135001013E01071B2F0DF9D2CB
3293,3406,261008091535,0x25252100203D03086948706018799326100809153501013E01071B4E0DE7D439
3294,3378,261008091720,0x25252100203D04086948706018799326100809172001013E01071B320D2FD3C2
3295,3376,261008091905,0x25252100203D06086948706018799326100809190501013E01071B300D06D3B6
3296,3375,261008092050,0x25252100203D07086948706018799326100809205001013E01071B2F0DFBD25A
3297,3470,261008092235,0x25252100203D08086948706018799326100809223501013E01071B8E0DE5D832
3298,3374,261008092420,0x25252100203D0A086948706018799326100809242001013E01071B2E0DE8D26C
3299,3380,261008092605,0x25252100203D0B086948706018799326100809260501013E01071B340D4FD391
3300,3384,261008092750,0x25252100203D0D086948706018799326100809275001013E01071B380D8CD362
3301,3384,261008092935,0x25252100203D0E086948706018799326100809293501013E01071C380D85D381
3302,3445,261008093305,0x25252100203D10086948706018799326100809330500013E01071B750D5CD726
3303,3451,261008093450,0x25252100203D11086948706018799326100809345000013E01071B7B0DBFD713
3304,3458,261008093635,0x25252100203D13086948706018799326100809363500013E01071B820D25D894
3305,3464,261008093820,0x25252100203D14086948706018799326100809382000013E01071B880D87D8F0
3306,3470,261008094005,0x25252100203D16086948706018799326100809400500013E01071B8E0DE4D8F6
3307,3475,261008094150,0x25252100203D17086948706018799326100809415000013E01071B930D3CD923
3308,3481,261008094335,0x25252100203D18086948706018799326100809433500013E01071B990D91D95F
3309,3486,261008094520,0x25252100203D1A086948706018799326100809452000013E01071C9E0DE5D905
3310,3491,261008094705,0x25252100203D1B086948706018799326100809470500013E01071CA30D37DAFB
3311,3496,261008094850,0x25252100203D1D086948706018799326100809485000013E01071BA80D86DAF8
3312,3501,261008095035,0x25252100203D1E086948706018799326100809503500013E01071BAD0DD3DAF1
3313,3505,261008095220,0x25252100203D1F086948706018799326100809522000013E01071BB10D1EDBB8
3314,3510,261008095405,0x25252100203D21086948706018799326100809540500013E01071BB60D64DB6F
3315,3514,261008095550,0x25252100203D22086948706018799326100809555000013E01071BBA0DA9DB40
3316,3518,261008095735,0x25252100203D24086948706018799326100809573500013E01071BBE0DEEDBBB
3317,3522,261008095920,0x25252100203D25086948706018799326100809592000013E01071BC20D2EDC36
3318,3530,261008100250,0x25252100203D27086948706018799326100810025000013E01071BCA0DA9DC6B
3319,3534,261008100435,0x25252100203D28086948706018799326100810043500013E01071BCE0DE4DC77
3320,3537,261008100620,0x25252100203D2A086948706018799326100810062000013E01071BD10D1BDD0A
3321,3541,261008100805,0x25252100203D2B086948706018799326100810080500013E01071BD50D52DD2D
3322,3544,261008100950,0x25252100203D2D086948706018799326100810095000013E01071BD80D88DD0F
3323,3547,261008101135,0x25252100203D2E086948706018799326100810113500013E01071BDB0DBADD3B
3324,3550,261008101320,0x25252100203D2F086948706018799326100810132000013E01071BDE0DEEDDF6
3325,3553,261008101505,0x25252100203D31086948706018799326100810150500013E01071BE10D1FDE9B
3326,3556,261008101650,0x25252100203D32086948706018799326100810165000013E01071BE40D4DDEFC
3327,3559,261008101835,0x25252100203D34086948706018799326100810183500013E01071BE70D7BDEF3
3328,3562,261008102020,0x25252100203D35086948706018799326100810202000013E01071BEA0DA6DEBF
3329,3565,261008102205,0x25252100203D36086948706018799326100810220500013E01071BED0DD2DEB4
3330,3567,261008102350,0x25252100203D38086948706018799326100810235000013E01071BEF0DFBDEC0
3331,3570,261008102535,0x25252100203D39086948706018799326100810253500013E01071BF20D25DFBF
3332,3572,261008102720,0x25252100203D3B086948706018799326100810272000013E01071BF40D4DDF9A
3333,3575,261008102905,0x25252100203D3C086948706018799326100810290500013E01071AF70D71DFBF
3334,3579,261008103236,0x25252100203D3E086948706018799326100810323600013E01071AFB0DB8DFAB
3335,3581,261008103421,0x25252100203D3F086948706018799326100810342100013E01071AFD0DDCDFC3
3336,3583,261008103606,0x25252100203D41086948706018799326100810360600013E01071AFF0DFDDFC1
3337,3586,261008103751,0x25252100203D42086948706018799326100810375100013E01071A020E20E0E7
3338,3588,261008103936,0x25252100203D44086948706018799326100810393600013E01071A040E41E070
3339,3589,261008104121,0x25252100203D45086948706018799326100810412100013E01071A050E5EE00B
3340,3591,261008104306,0x25252100203D46086948706018799326100810430600013E01071A070E78E067
3341,3593,261008104451,0x25252100203D48086948706018799326100810445100013E01071A090E92E0E0
3342,3594,261008104636,0x25252100203D49086948706018799326100810463600013E01071A0A0EACE099
3343,3596,261008104821,0x25252100203D4B086948706018799326100810482100013E01071A0C0EC5E078
3344,3597,261008105006,0x25252100203D4C086948706018799326100810500600013E01071A0D0EDEE038
3345,3599,261008105151,0x25252100203D4D086948706018799326100810515100013E01071A0F0EF5E0DD
3346,3600,261008105336,0x25252100203D4F086948706018799326100810533600013E01071A100E0CE10A
3347,3602,261008105521,0x25252100203D50086948706018799326100810552100013E01071A120E20E181
3348,3603,261008105706,0x25252100203D52086948706018799326100810570600013E01071A130E34E1D9
3349,3604,261008105851,0x25252100203D53086948706018799326100810585100013E01071A140E47E1BC
3350,3606,261008110221,0x25252100203D55086948706018799326100811022100013E01071B160E6AE13E
3351,3607,261008110406,0x25252100203D56086948706018799326100811040600013E01071B170E7CE1F7
3352,3608,261008110551,0x25252100203D58086948706018799326100811055100013E01071B180E8CE1F4
3353,3609,261008110736,0x25252100203D59086948706018799326100811073600013E01071B190E9AE13D
3354,3610,261008110921,0x25252100203D5B086948706018799326100811092100013E01071B1A0EACE132
3355,3611,261008111106,0x25252100203D5C086948706018799326100811110600013E01071B1B0EBAE1FB
3356,3612,261008111251,0x25252100203D5D086948706018799326100811125100013E01071B1C0EC7E142
3357,3613,261008111436,0x25252100203D5F086948706018799326100811143600013E01071B1D0ED3E11A
3358,3614,261008111621,0x25252100203D60086948706018799326100811162100013E01071B1E0EE2E17B
3359,3615,261008111806,0x25252100203D62086948706018799326100811180600013E01071A1F0EF1E180
3360,3615,261008111951,0x25252100203D63086948706018799326100811195100013E01071A1F0EFDE1CD
3361,3616,261008112136,0x25252100203D64086948706018799326100811213600013E01071A200E07E283
3362,3617,261008112321,0x25252100203D66086948706018799326100811232100013E01071A210E15E271
3363,3618,261008112506,0x25252100203D67086948706018799326100811250600013E01071A220E22E2BA
3364,3618,261008112651,0x25252100203D69086948706018799326100811265100013E01071A220E2EE2F7
3365,3625,261008112836,0x25252100203D6A086948706018799326100811283601013E01071A290E9EE261
3366,3572,261008113206,0x25252100203D6C086948706018799326100811320601013E01071AF40D43DF8B
3367,3586,261008113351,0x25252100203D6D086948706018799326100811335101013E01071A020E23E0B2
3368,3559,261008113536,0x25252100203D6F086948706018799326100811353601013E01071AE70D76DEB7
3369,3539,261008113721,0x25252100203D70086948706018799326100811372101013E01071AD30D34DD19
3370,3496,261008113906,0x25252100203D72086948706018799326100811390601013E01071BA80D83DA07
3371,3530,261008114051,0x25252100203D73086948706018799326100811405101013E01071ACA0DAADCF3
3372,3497,261008114236,0x25252100203D74086948706018799326100811423601013E01071BA90D94DA0A
3373,3543,261008114421,0x25252100203D76086948706018799326100811442101013E01071BD70D75DD85
3374,3517,261008114606,0x25252100203D77086948706018799326100811460601013E01071ABD0DD6DBA5
3375,3549,261008114751,0x25252100203D79086948706018799326100811475101013E01071ADD0DD8DD34
3376,3504,261008114936,0x25252100203D7A086948706018799326100811493601013E01071AB00D0CDB87
3377,3504,261008115121,0x25252100203D7B086948706018799326100811512101013E01071AB00D05DB35
3378,3501,261008115306,0x25252100203D7D086948706018799326100811530601013E01071AAD0DD0DA69
3379,3504,261008115451,0x25252100203D7E086948706018799326100811545101013E01071AB00D00DBCA
3380,3491,261008115636,0x25252100203D80086948706018799326100811563601013E01071AA30D32DA98
3381,3475,261008115821,0x25252100203D81086948706018799326100811582101013E01071A930D31D967
3382,48381,261008120006,0x25252100223D82086948706018799326100812000601013E01071BFDBCDD0A93AC6F
3383,3481,261008120151,0x25252100203D83086948706018799326100812015101013E01071B990D97D9F5
3384,3464,261008120336,0x25252100203D84086948706018799326100812033601013E01071B880D80D89E
3385,3463,261008120521,0x25252100203D86086948706018799326100812052101013E01071B870D72D80C
3386,3463,261008120706,0x25252100203D87086948706018799326100812070601013E01071B870D76D837
3387,3416,261008120851,0x25252100203D89086948706018799326100812085101013E01071B580D87D50C
3388,3388,261008121036,0x25252100203D8A086948706018799326100812103601013E01071A3C0DCDD3FE
3389,3368,261008121221,0x25252100203D8B086948706018799326100812122100013E01071A280D84D2BF
3390,3347,261008121406,0x25252100203D8D086948706018799326100812140600013E01071A130D36D112
3391,3327,261008121551,0x25252100203D8E086948706018799326100812155100013E01071AFF0CF2CFEF
3392,3307,261008121736,0x25252100203D90086948706018799326100812173600013E01071AEB0CBBCEAE
3393,3288,261008121921,0x25252100203D91086948706018799326100812192100013E01071AD80C87CDEC
3394,3283,261008122106,0x25252100203D92086948706018799326100812210601013E01071AD30C3FCD0C
3395,3275,261008122251,0x25252100203D94086948706018799326100812225101013E01071ACB0CB7CC2F
3396,3260,261008122436,0x25252100203D95086948706018799326100812243600013E01071ABC0CC0CB5A
3397,3243,261008122621,0x25252100203D97086948706018799326100812262100013E01071AAB0CB9CABE
3398,3227,261008122806,0x25252100203D98086948706018799326100812280600013E01071A9B0CB7C9C8
3399,3211,261008122951,0x25252100273D99086948706018799326100812295100013E01071A8B0CBEC8020719C00B05BCA3
3400,3196,261008123136,0x25252100203D9A086948706018799326100812313600013E01071A7C0CCDC749
3401,3182,261008123321,0x25252100203D9B086948706018799326100812332100013E01071A6E0CE4C65B
3402,3167,261008123506,0x25252100203D9D086948706018799326100812350600013E01071A5F0CF8C5DF
3403,3153,261008123651,0x25252100203D9E086948706018799326100812365100013E01071A510C15C536
3404,3139,261008123836,0x25252100203DA0086948706018799326100812383600013E01071A430C38C41F
3405,3125,261008124021,0x25252100203DA1086948706018799326100812402100013E01071A350C5EC3CD
3406,3112,261008124206,0x25252100203DA2086948706018799326100812420600013E01071A280C8DC23B
3407,3104,261008124351,0x25252100203DA4086948706018799326100812435100013E01071A200C0CC2CC
3408,3091,261008124536,0x25252100203DA5086948706018799326100812453600013E01071A130C39C13C
3409,3078,261008124721,0x25252100203DA7086948706018799326100812472100013E01071A060C6BC03D
3410,3066,261008124906,0x25252100203DA8086948706018799326100812490600013E01071AFA0BA3BF5F
3411,3054,261008125051,0x25252100203DA9086948706018799326100812505100013E01071AEE0BE4BEC2
3412,3042,261008125236,0x25252100203DAB086948706018799326100812523600013E01071AE20B27BE31
3413,3030,261008125421,0x25252100203DAC086948706018799326100812542100013E01071AD60B6DBDE9
3414,3019,261008125606,0x25252100203DAE086948706018799326100812560600013E01071ACB0BBEBC1F
3415,3008,261008125751,0x25252100203DAF086948706018799326100812575100013E01071AC00B0EBC89
3416,2998,261008125936,0x25252100293DB0086948706018799326100812593600013E010719B60B68BB153E0207199A0CA3C999
3417,2987,261008130121,0x25252100203DB1086948706018799326100813012100013E01071AAB0BBDBA07
3418,2977,261008130306,0x25252100203DB2086948706018799326100813030600013E01071AA10B18BA0D
3419,2967,261008130451,0x25252100203DB4086948706018799326100813045100013E01071A970B79B930
3420,2957,261008130636,0x25252100203DB5086948706018799326100813063600013E01071A8D0BD9B8A3
3421,2948,261008130821,0x25252100203DB7086948706018799326100813082100013E01071A840B43B814
3422,2938,261008131006,0x25252100203DB8086948706018799326100813100600013E01071A7A0BADB798
3423,2929,261008131151,0x25252100203DB9086948706018799326100813115100013E01071A710B18B7F1
3424,2920,261008131337,0x25252100203DBB086948706018799326100813133700013E01071A680B8CB6FC
3425,2917,261008131522,0x25252100203DBC086948706018799326100813152201013E01071A650B5DB6FD
3426,2912,261008131707,0x25252100203DBE086948706018799326100813170701013E01071A600B0FB69A
3427,2911,261008131852,0x25252100203DBF086948706018799326100813185201013E01071A5F0BFDB5A2
3428,2910,261008132037,0x25252100203DC0086948706018799326100813203701013E01071A5E0BE6B5E2
3429,2909,261008132222,0x25252100203DC2086948706018799326100813222201013E0107195D0BDEB57F
3430,2970,261008132407,0x25252100203DC3086948706018799326100813240701013E0107199A0BA0B909
3431,2948,261008132552,0x25252100203DC5086948706018799326100813255201013E01071A840B48B837
3432,2965,261008132737,0x25252100203DC6086948706018799326100813273701013E01071A950B52B9D5
3433,2991,261008132922,0x25252100203DC7086948706018799326100813292201013E01071AAF0BF9BAA9
3434,2971,261008133107,0x25252100203DC9086948706018799326100813310701013E01071A9B0BB2B9B5
3435,2977,261008133252,0x25252100203DCA086948706018799326100813325201013E01071BA10B1EBA6A
3436,2991,261008133437,0x25252100203DCC086948706018799326100813343701013E01071BAF0BFEBA0A
3437,2986,261008133622,0x25252100203DCD086948706018799326100813362201013E01071BAA0BADBAA9
3438,2977,261008133807,0x25252100203DCF086948706018799326100813380701013E01071BA10B15BA49
3439,2983,261008133952,0x25252100203DD0086948706018799326100813395201013E01071AA70B79BA9A
3440,2988,261008134137,0x25252100203DD1086948706018799326100813413701013E01071AAC0BC1BA7A
3441,2986,261008134322,0x25252100203DD3086948706018799326100813432201013E01071AAA0BAFBAF5
3442,3000,261008134507,0x25252100203DD4086948706018799326100813450701013E01071AB80B8ABBAA
3443,2992,261008134652,0x25252100203DD6086948706018799326100813465201013E010719B00B06BB9A
3444,2960,261008134837,0x25252100203DD7086948706018799326100813483701013E01071A900B0DB93B
3445,2986,261008135022,0x25252100203DD8086948706018799326100813502201013E010719AA0BADBA2A
3446,2997,261008135207,0x25252100203DDA086948706018799326100813520701013E010718B50B57BB65
3447,2992,261008135352,0x25252100203DDB086948706018799326100813535201013E010718B00B02BB6C
3448,3015,261008135537,0x25252100203DDD086948706018799326100813553701013E010719C70B77BC45
3449,3002,261008135722,0x25252100203DDE086948706018799326100813572201013E010719BA0BAEBB19
3450,3010,261008135907,0x25252100203DDF086948706018799326100813590701013E01071AC20B29BC21
3451,3014,261008140052,0x25252100203DE1086948706018799326100814005201013E01071AC60B64BC3D
3452,3024,261008140237,0x25252100203DE2086948706018799326100814023701013E01071AD00B07BD5D
3453,3009,261008140422,0x25252100203DE4086948706018799326100814042201013E01071AC10B17BC58
3454,3011,261008140607,0x25252100203DE5086948706018799326100814060701013E01071BC30B3CBC70
3455,3006,261008140752,0x25252100203DE7086948706018799326100814075201013E01071BBE0BECBB9E
3456,3030,261008140937,0x25252100203DE8086948706018799326100814093701013E01071BD60B61BD69
3457,3025,261008141122,0x25252100203DE9086948706018799326100814112201013E01071BD10B1DBD14
3458,3028,261008141307,0x25252100203DEB086948706018799326100814130701013E01071BD40B4ABD8C
3459,3045,261008141452,0x25252100203DEC086948706018799326100814145201013E01071CE50B50BEF3
3460,3038,261008141637,0x25252100203DEE086948706018799326100814163701013E01071CDE0BE7BDA1
3461,3034,261008141822,0x25252100203DEF086948706018799326100814182201013E01071CDA0BAABDBD
3462,3042,261008142007,0x25252100203DF0086948706018799326100814200701013E01071CE20B2EBE1F
3463,3040,261008142152,0x25252100203DF2086948706018799326100814215201013E01071CE00B08BE73
3464,3051,261008142337,0x25252100203DF3086948706018799326100814233701013E01071DEB0BB5BEA1
3465,3031,261008142522,0x25252100203DF5086948706018799326100814252201013E01071DD70B7ABDB5
3466,3053,261008142707,0x25252100203DF6086948706018799326100814270701013E01071DED0BD3BE58
3467,3034,261008142852,0x25252100203DF7086948706018799326100814285201013E01071DDA0BAEBD4B
3468,3049,261008143037,0x25252100203DF9086948706018799326100814303701013E01071DE90B9BBEBB
3469,3041,261008143222,0x25252100203DFA086948706018799326100814322201013E01071DE10B1FBEB3
3470,3060,261008143407,0x25252100203DFC086948706018799326100814340701013E01071DF40B47BF55
3471,3088,261008143552,0x25252100203DFD086948706018799326100814355201013E01071D100C07C114
3472,3045,261008143737,0x25252100203DFF086948706018799326100814373701013E01071CE50B53BEA6
3473,3043,261008143922,0x25252100203E00086948706018799326100814392201013E01071CE30B3ABE47
3474,3040,261008144107,0x25252100203E01086948706018799326100814410701013E01071CE00B05BEFA
3475,3035,261008144252,0x25252100203E03086948706018799326100814425201013E01071CDB0BBCBD74
3476,3042,261008144437,0x25252100203E04086948706018799326100814443701013E01071CE20B22BE52
3477,3039,261008144622,0x25252100203E06086948706018799326100814462201013E01071CDF0BF0BDAC
3478,3034,261008144807,0x25252100203E07086948706018799326100814480701013E01071CDA0BA8BD2C
3479,3031,261008144952,0x25252100203E08086948706018799326100814495201013E01071CD70B77BDF1
3480,3048,261008145137,0x25252100203E0A086948706018799326100814513701013E01071CE80B8BBE15
3481,3032,261008145322,0x25252100203E0B086948706018799326100814532201013E01071CD80B85BD63
3482,3028,261008145507,0x25252100203E0D086948706018799326100814550701013E01071BD40B46BDC1
3483,3024,261008145652,0x25252100203E0E086948706018799326100814565201013E01071CD00B09BD1D
3484,3018,261008145837,0x25252100203E0F086948706018799326100814583701013E01071CCA0BAEBCE0
3485,3015,261008150022,0x25252100203E11086948706018799326100815002201013E01071CC70B78BC8F
3486,3006,261008150207,0x25252100203E12086948706018799326100815020701013E01071CBE0BE6BB28
3487,3036,261008150352,0x25252100203E14086948706018799326100815035201013E01071CDC0BCFBD11
3488,3026,261008150537,0x25252100203E15086948706018799326100815053701013E01071CD20B2CBD24
3489,3013,261008150722,0x25252100203E17086948706018799326100815072201013E01071CC50B57BC51
3490,3015,261008150907,0x25252100203E18086948706018799326100815090701013E01071CC70B7DBC70
3491,3015,261008150907,0x25252100203E18086948706018799326100815090701013E01071CC70B7DBC70
3492,3006,261008151052,0x25252100203E19086948706018799326100815105201013E01071DBE0BE8BB39
3493,3016,261008151237,0x25252100203E1B086948706018799326100815123701013E01071DC80B8FBC2F
3494,3004,261008151422,0x25252100203E1C086948706018799326100815142201013E01071DBC0BC6BB23
3495,3034,261008151607,0x25252100203E1E086948706018799326100815160701013E01071DDA0BADBD1E
3496,2997,261008151752,0x25252100203E1F086948706018799326100815175201013E01071DB50B52BB48
3497,3008,261008151937,0x25252100203E20086948706018799326100815193701013E01071DC00B02BC95
3498,3008,261008152122,0x25252100203E22086948706018799326100815212201013E01071DC00B02BC95
3499,3025,261008152307,0x25252100203E23086948706018799326100815230701013E01071DD10B1FBD19
3500,3028,261008152452,0x25252100203E25086948706018799326100815245201013E01071DD40B4DBD7E
3501,3019,261008152637,0x25252100203E26086948706018799326100815263701013E01071DCB0BBCBCDF
3502,3005,261008152822,0x25252100203E27086948706018799326100815282201013E01071DBD0BDCBBA7
3503,3005,261008152822,0x25252100203E27086948706018799326100815282201013E01071DBD0BDCBBA7
3504,3007,261008153007,0x25252100203E29086948706018799326100815300701013E01071DBF0BF5BBD3
3505,3000,261008153152,0x25252100203E2A086948706018799326100815315201013E01071DB80B8BBB3F
3506,3002,261008153337,0x25252100203E2C086948706018799326100815333701013E01071EBA0BACBBD9
3507,3006,261008153522,0x25252100203E2D086948706018799326100815352201013E01071EBE0BE3BB54
3508,3020,261008153707,0x25252100203E2F086948706018799326100815370701013E01071ECC0BC4BCD7
3509,3006,261008153852,0x25252100203E30086948706018799326100815385201013E01071EBE0BECBB4C
3510,3008,261008154037,0x25252100203E31086948706018799326100815403701013E01071EC00B0FBC52
3511,3011,261008154222,0x25252100203E33086948706018799326100815422201013E01071EC30B38BC99
3512,3020,261008154407,0x25252100203E34086948706018799326100815440701013E01071ECC0BC2BC7D
3513,2983,261008154552,0x25252100203E36086948706018799326100815455201013E01071DA70B79BACB
3514,3002,261008154737,0x25252100203E37086948706018799326100815473701013E01071EBA0BAEBB48
3515,2999,261008154922,0x25252100203E38086948706018799326100815492201013E01071EB70B7CBB1C
3516,2992,261008155107,0x25252100203E3A086948706018799326100815510701013E01071DB00B0EBBF3
3517,3005,261008155253,0x25252100203E3B086948706018799326100815525301013E01071DBD0BD5BB15
3518,3023,261008155438,0x25252100203E3D086948706018799326100815543801013E01071ECF0BF9BCFB
3519,2993,261008155623,0x25252100203E3E086948706018799326100815562301013E01071EB10B13BB57
3520,3040,261008155808,0x25252100203E3F086948706018799326100815580801013E01071EE00B06BE2C
3521,3001,261008155953,0x25252100203E41086948706018799326100815595301013E01071EB90B9ABBD6
3522,3006,261008160138,0x25252100203E42086948706018799326100816013801013E01071EBE0BEFBB19
3523,3011,261008160323,0x25252100203E44086948706018799326100816032301013E01071EC30B38BC99
3524,3027,261008160508,0x25252100203E45086948706018799326100816050801013E01071ED30B3DBD00
3525,2993,261008160653,0x25252100203E47086948706018799326100816065301013E01071EB10B1FBB1A
3526,2979,261008160838,0x25252100203E48086948706018799326100816083801013E01071EA30B39BA10
3527,2979,261008161023,0x25252100203E49086948706018799326100816102301013E01071EA30B37BACC
3528,2985,261008161208,0x25252100203E4B086948706018799326100816120801013E01071EA90B9CBA1A
3529,2971,261008161353,0x25252100203E4C086948706018799326100816135301013E01071E9B0BB0B93B
3530,3008,261008161538,0x25252100203E4E086948706018799326100816153801013E01071FC00B0FBC9F
3531,2964,261008161723,0x25252100203E4F086948706018799326100816172301013E01071F940B4FB9ED
3532,2987,261008161908,0x25252100203E50086948706018799326100816190801013E01071FAB0BBEBA80
3533,2960,261008162053,0x25252100203E52086948706018799326100816205301013E01071F900B07B90E
3534,2946,261008162238,0x25252100203E53086948706018799326100816223801013E01071F820B27B8AE
3535,2958,261008162423,0x25252100203E55086948706018799326100816242301013E01071F8E0BEEB8BA
3536,2953,261008162608,0x25252100203E56086948706018799326100816260801013E01071F890B93B803
3537,2975,261008162753,0x25252100203E57086948706018799326100816275301013E01071F9F0BFAB984
3538,2965,261008162938,0x25252100203E59086948706018799326100816293801013E01071F950B54B9AD
3539,2942,261008163123,0x25252100203E5A086948706018799326100816312301013E01071E7E0BECB7D6
3540,2953,261008163308,0x25252100203E5C086948706018799326100816330801013E01071D890B96B87F
3541,2932,261008163453,0x25252100203E5D086948706018799326100816345301013E01071D740B48B756
3542,2949,261008163638,0x25252100203E5F086948706018799326100816363801013E01071D850B52B8E2
3543,2922,261008163823,0x25252100203E60086948706018799326100816382301013E01071D6A0BA1B6E2
3544,2935,261008164008,0x25252100203E61086948706018799326100816400801013E01071D770B74B7BE
3545,2927,261008164153,0x25252100203E63086948706018799326100816415301013E01071D6F0BFAB637
3546,2917,261008164338,0x25252100203E64086948706018799326100816433801013E01071E650B5FB673
3547,2901,261008164523,0x25252100203E66086948706018799326100816452301013E01071E550B5EB51D
3548,2909,261008164708,0x25252100203E67086948706018799326100816470801013E01071E5D0BDDB57B
3549,2916,261008164853,0x25252100203E68086948706018799326100816485301013E01071E640B4DB681
3550,2917,261008165038,0x25252100203E6A086948706018799326100816503801013E01071E650B5FB673
3551,2897,261008165223,0x25252100203E6B086948706018799326100816522301013E01071D510B1FB502
3552,2914,261008165408,0x25252100203E6D086948706018799326100816540801013E01071D620B28B663
3553,2889,261008165553,0x25252100203E6E086948706018799326100816555301013E01071C490B9BB4A1
3554,2889,261008165738,0x25252100203E6F086948706018799326100816573801013E01071C490B9FB49A
3555,2894,261008165923,0x25252100203E71086948706018799326100816592301013E01071C4E0BEBB491
3556,2840,261008170108,0x25252100203E72086948706018799326100817010801013E01071D180B82B15A
3557,2884,261008170253,0x25252100203E74086948706018799326100817025301013E01071D440B4EB456
3558,2890,261008170438,0x25252100203E75086948706018799326100817043801013E01071D4A0BABB4C9
3559,2887,261008170623,0x25252100203E77086948706018799326100817062301013E01071E470B7AB486
3560,2888,261008170808,0x25252100203E78086948706018799326100817080801013E01071D480B8DB4A5
3561,2873,261008170953,0x25252100203E79086948706018799326100817095301013E01071E390B90B32A
3562,2864,261008171138,0x25252100203E7B086948706018799326100817113801013E01071E300B0AB39D
3563,2894,261008171323,0x25252100203E7C086948706018799326100817132301013E01071E4E0BE4B40A
3564,2906,261008171508,0x25252100203E7E086948706018799326100817150801013E01071E5A0BA9B570
3565,2869,261008171653,0x25252100203E7F086948706018799326100817165301013E01071E350B53B3D9
3566,2859,261008171838,0x25252100203E80086948706018799326100817183801013E01071E2B0BB3B2DF
3567,2849,261008172023,0x25252100203E82086948706018799326100817202301013E01071E210B18B209
3568,2852,261008172208,0x25252100203E83086948706018799326100817220801013E01071E240B40B289
3569,2904,261008172353,0x25252100203E85086948706018799326100817235301013E01071E580B85B5FB
3570,2828,261008172538,0x25252100203E86086948706018799326100817253801013E01071E0C0BC1B0B2
3571,2879,261008172723,0x25252100203E87086948706018799326100817272301013E01071E3F0BF5B386
3572,2850,261008172908,0x25252100203E89086948706018799326100817290801013E01071E220B24B2E1
3573,2846,261008173053,0x25252100203E8A086948706018799326100817305301013E01071D1E0BE8B1EE
3574,2828,261008173238,0x25252100203E8C086948706018799326100817323801013E01071D0C0BCDB0B1
3575,2819,261008173423,0x25252100203E8D086948706018799326100817342301013E01071C030B30B0F6
3576,2826,261008173608,0x25252100203E8F086948706018799326100817360801013E01071C0A0BA0B0A6
3577,2816,261008173753,0x25252100203E90086948706018799326100817375301013E01071C000B07B03D
3578,2809,261008173938,0x25252100203E91086948706018799326100817393801013E01071CF90A97AF6B
3579,2805,261008174123,0x25252100203E93086948706018799326100817412301013E01071CF50A59AF11
3580,2799,261008174308,0x25252100203E94086948706018799326100817430801013E01071DEF0AF4AEC6
3581,2796,261008174453,0x25252100203E96086948706018799326100817445301013E01071DEC0AC8AE2E
3582,2795,261008174638,0x25252100203E97086948706018799326100817463801013E01071DEB0AB6AEC2
3583,2781,261008174823,0x25252100203E98086948706018799326100817482301013E01071DDD0AD8ADE7
3584,2797,261008175008,0x25252100203E9A086948706018799326100817500801013E01071DED0ADCAE76
3585,2781,261008175153,0x25252100203E9B086948706018799326100817515301013E01071EDD0AD5AD20
3586,2783,261008175338,0x25252100203E9D086948706018799326100817533801013E01071EDF0AF5ADE6
3587,2790,261008175523,0x25252100203E9E086948706018799326100817552301013E01071EE60A61AE27
3588,2801,261008175708,0x25252100203E9F086948706018799326100817570801013E01071EF10A17AFDB
3589,2792,261008175853,0x25252100203EA1086948706018799326100817585301013E01071EE80A84AEB8
3590,2789,261008180038,0x25252100203EA2086948706018799326100818003801013E01071EE50A5FAE5E
3591,2847,261008180223,0x25252100203EA4086948706018799326100818022301013E01071F1F0BFCB135
3592,2795,261008180408,0x25252100203EA5086948706018799326100818040801013E01071FEB0AB3AEBE
3593,2790,261008180553,0x25252100203EA7086948706018799326100818055301013E01071FE60A6FAE36
3594,2791,261008180738,0x25252100203EA8086948706018799326100818073801013E01071FE70A79AEFF
3595,2800,261008180923,0x25252100203EA9086948706018799326100818092301013E01071FF00A02AF8A
3596,2792,261008181108,0x25252100203EAB086948706018799326100818110801013E01071FE80A80AE4E
3597,2796,261008181253,0x25252100203EAC086948706018799326100818125301013E01071FEC0AC4AEE0
3598,2783,261008181438,0x25252100203EAE086948706018799326100818143801013E010720DF0AF9AD8D
3599,2791,261008181623,0x25252100203EAF086948706018799326100818162301013E010720E70A76AE0C
3600,2784,261008181808,0x25252100203EB0086948706018799326100818180801013E010720E00A0CAEDB
3601,2783,261008181953,0x25252100203EB2086948706018799326100818195301013E010721DF0AF0ADF2
3602,2786,261008182138,0x25252100203EB3086948706018799326100818213801013E010720E20A2EAE8C
3603,2790,261008182323,0x25252100203EB5086948706018799326100818232301013E010720E60A66AE6F
3604,2810,261008182508,0x25252100203EB6086948706018799326100818250801013E010720FA0AACAF48
3605,2792,261008182654,0x25252100203EB7086948706018799326100818265401013E010720E80A83AEF0
3606,2785,261008182838,0x25252100203EB9086948706018799326100818283801013E010720E10A14AECE
3607,2778,261008183023,0x25252100203EBA086948706018799326100818302301013E010720DA0AA7ADA7
3608,2775,261008183208,0x25252100203EBC086948706018799326100818320801013E01071FD70A7EAD3B
3609,2770,261008183354,0x25252100203EBD086948706018799326100818335401013E01071FD20A20AD11
3610,2776,261008183539,0x25252100203EBF086948706018799326100818353901013E01071FD80A8AAD03
3611,2770,261008183724,0x25252100203EC0086948706018799326100818372401013E01071ED20A25AD23
3612,2806,261008183909,0x25252100203EC1086948706018799326100818390901013E01071EF60A64AFBE
3613,2811,261008184054,0x25252100203EC3086948706018799326100818405401013E01071EFB0ABFAF58
3614,2780,261008184239,0x25252100203EC4086948706018799326100818423901013E01071EDC0AC7ADD2
3615,2772,261008184424,0x25252100203EC6086948706018799326100818442401013E01071DD40A48ADB7
3616,2774,261008184609,0x25252100203EC7086948706018799326100818460901013E01071DD60A63AD52
3617,2777,261008184754,0x25252100203EC8086948706018799326100818475401013E01071DD90A94AD3F
3618,2779,261008184939,0x25252100203ECA086948706018799326100818493901013E01071EDB0AB4ADB7
3619,2800,261008185124,0x25252100203ECB086948706018799326100818512401013E01071EF00A08AFA0
3620,2790,261008185309,0x25252100203ECD086948706018799326100818530901013E01071EE60A60AEE3
3621,2750,261008185454,0x25252100203ECE086948706018799326100818545401013E01071EBE0AE7AB59
3622,2752,261008185639,0x25252100203ECF086948706018799326100818563901013E01071DC00A0FAC2A
3623,2760,261008185824,0x25252100203ED1086948706018799326100818582401013E01071DC80A88AC77
3624,2758,261008190009,0x25252100203ED2086948706018799326100819000901013E01071EC60A6AACC8
3625,2751,261008190154,0x25252100203ED4086948706018799326100819015401013E01071EBF0AFCAB19
3626,2758,261008190339,0x25252100203ED5086948706018799326100819033901013E01071EC60A60AC2F
3627,2713,261008190524,0x25252100203ED7086948706018799326100819052401013E01071E990A95A934
3628,2741,261008190709,0x25252100203ED8086948706018799326100819070901013E01071EB50A5FABB9
3629,2734,261008190854,0x25252100203ED9086948706018799326100819085401013E01071EAE0AE0AA51
3630,2740,261008191039,0x25252100203EDB086948706018799326100819103901013E01071DB40A44ABB7
3631,2722,261008191224,0x25252100203EDC086948706018799326100819122401013E01071EA20A2FAAEF
3632,2722,261008191224,0x25252100203EDC086948706018799326100819122401013E01071EA20A2FAAEF
3633,2724,261008191409,0x25252100203EDE086948706018799326100819140901013E01071EA40A4DAA2D
3634,2732,261008191554,0x25252100203EDF086948706018799326100819155401013E01071EAC0AC3AAC2
3635,2748,261008191739,0x25252100203EE0086948706018799326100819173901013E01071DBC0AC3ABEA
3636,2749,261008191924,0x25252100203EE2086948706018799326100819192401013E01071DBD0AD1AB18
3637,2721,261008192109,0x25252100203EE3086948706018799326100819210901013E01071DA10A11AAD8
3638,2742,261008192254,0x25252100203EE5086948706018799326100819225401013E01071DB60A62ABDB
3639,2696,261008192439,0x25252100203EE6086948706018799326100819243901013E01071E880A89A87C
3640,2698,261008192624,0x25252100203EE7086948706018799326100819262401013E01071D8A0AA6A8EC
3641,2718,261008192809,0x25252100203EE9086948706018799326100819280901013E01071D9E0AE4A98E
3642,2689,261008192954,0x25252100203EEA086948706018799326100819295401013E01071E810A1CA8D3
3643,2694,261008193139,0x25252100203EEC086948706018799326100819313901013E01071F860A6BA840
3644,2695,261008193324,0x25252100203EED086948706018799326100819332401013E01071F870A7EA8DC
3645,2686,261008193509,0x25252100203EEF086948706018799326100819350901013E01071F7E0AEDA7E9
3646,2678,261008193654,0x25252100203EF0086948706018799326100819365401013E01071F760A65A7AC
3647,2679,261008193839,0x25252100203EF1086948706018799326100819383901013E01071E770A7DA774
3648,2661,261008194024,0x25252100203EF3086948706018799326100819402401013E01071E650A5DA6D4
3649,2638,261008194209,0x25252100203EF4086948706018799326100819420901013E01071E4E0AE0A407
3650,2636,261008194354,0x25252100203EF6086948706018799326100819435401013E01071D4C0ACCA4C2
3651,2634,261008194539,0x25252100203EF7086948706018799326100819453901013E01071D4A0AABA4FF
3652,2643,261008194724,0x25252100203EF8086948706018799326100819472401013E01071D530A33A5BF
3653,2658,261008194909,0x25252100203EFA086948706018799326100819490901013E01071C620A24A6D5
3654,2668,261008195054,0x25252100203EFB086948706018799326100819505401013E01071C6C0ACDA607
3655,2644,261008195239,0x25252100203EFD086948706018799326100819523901013E01071D540A4BA5F9
