Message,,,,,,,,,,,,,,,,,,,,,,,,,,,,,,,,,,,,,,,,,,,,,,,,,,,,,,,,,,,,,,,,,,,
"{""notificationType"":""PowerEvent""","sn:""8B5142A5""","vehicleID:""""","tripID:""""","reason:""lostWhileParking""",removedTime:1777939654752,connectedTime:-1,"poweredBy:""battery""","lastGps:{""source"":""hardware""",time:1777913361000,speed:-1,heading:-1,coordinate:[-77.00609,-12.116291,0],hDop:-1,vDop:-1},"lastGpsData:{""source"":""hardware""",time:1777913361000,speed:-1,heading:-1,coordinate:[-77.00609,-12.116291,0],hDop:-1,vDop:-1},"gpsData:{""source"":""lastValid""",time:1777913361000,speed:-1,heading:-1,coordinate:[-77.00609,-12.116291,0],hDop:-1,vDop:-1},"accessKeyID:""Tsomobile_03ZhM6I4uRjzW""","sign:""8PTrB9HfA20g47Tj2YIp8GhrKtDxz5YtDMTMV+MEWSA=""",useCache:true},,,,,,,,,,,,,,,,,,,,,,,,,,,,,,
"{""notificationType"":""PowerEvent""","sn:""8B5142A5""","vehicleID:""""","tripID:""""","reason:""lostWhileParking""",removedTime:1777940009882,connectedTime:-1,"poweredBy:""battery""","lastGps:{""source"":""hardware""",time:1777913361000,speed:-1,heading:-1,coordinate:[-77.00609,-12.116291,0],hDop:-1,vDop:-1},"lastGpsData:{""source"":""hardware""",time:1777913361000,speed:-1,heading:-1,coordinate:[-77.00609,-12.116291,0],hDop:-1,vDop:-1},"gpsData:{""source"":""lastValid""",time:1777913361000,speed:-1,heading:-1,coordinate:[-77.00609,-12.116291,0],hDop:-1,vDop:-1},"accessKeyID:""Tsomobile_03ZhM6I4uRjzW""","sign:""gVjrEqIuUkAp41IWFBV1nQyplXl6Tv0qKiJnsppO/EU=""",useCache:true},,,,,,,,,,,,,,,,,,,,,,,,,,,,,,
"{""notificationType"":""PowerEvent""","sn:""8B5142A5""","vehicleID:""""","tripID:""""","reason:""restoreCable""",removedTime:-1,connectedTime:1777939993816,"poweredBy:""cable""","lastGps:{""source"":""hardware""",time:1777913361000,speed:-1,heading:-1,coordinate:[-77.00609,-12.116291,0],hDop:-1,vDop:-1},"lastGpsData:{""source"":""hardware""",time:1777913361000,speed:-1,heading:-1,coordinate:[-77.00609,-12.116291,0],hDop:-1,vDop:-1},"gpsData:{""source"":""lastValid""",time:1777913361000,speed:-1,heading:-1,coordinate:[-77.00609,-12.116291,0],hDop:-1,vDop:-1},"accessKeyID:""Tsomobile_03ZhM6I4uRjzW""","sign:""YekjhxzDTU2GlStM2WFgpG38YGQFt//UkeJ4YaLLvLQ=""",useCache:true},,,,,,,,,,,,,,,,,,,,,,,,,,,,,,
"{""notificationType"":""PowerEvent""","sn:""8B5142A5""","vehicleID:""""","tripID:""""","reason:""restoreCable""",removedTime:-1,connectedTime:1777940823810,"poweredBy:""cable""","lastGps:{""source"":""hardware""",time:1777913361000,speed:-1,heading:-1,coordinate:[-77.00609,-12.116291,0],hDop:-1,vDop:-1},"lastGpsData:{""source"":""hardware""",time:1777913361000,speed:-1,heading:-1,coordinate:[-77.00609,-12.116291,0],hDop:-1,vDop:-1},"gpsData:{""source"":""lastValid""",time:1777913361000,speed:-1,heading:-1,coordinate:[-77.00609,-12.116291,0],hDop:-1,vDop:-1},"accessKeyID:""Tsomobile_03ZhM6I4uRjzW""","sign:""uiWaeBcUt5V3s72iCIQNPUCFUvSTTkOJZx18RdSL1Pc=""",useCache:true},,,,,,,,,,,,,,,,,,,,,,,,,,,,,,
"{""notificationType"":""PowerEvent""","sn:""8B5142A5""","vehicleID:""""","tripID:""""","reason:""lostWhileParking""",removedTime:1777940908718,connectedTime:-1,"poweredBy:""battery""","lastGps:{""source"":""hardware""",time:1777913361000,speed:-1,heading:-1,coordinate:[-77.00609,-12.116291,0],hDop:-1,vDop:-1},"lastGpsData:{""source"":""hardware""",time:1777913361000,speed:-1,heading:-1,coordinate:[-77.00609,-12.116291,0],hDop:-1,vDop:-1},"gpsData:{""source"":""lastValid""",time:1777913361000,speed:-1,heading:-1,coordinate:[-77.00609,-12.116291,0],hDop:-1,vDop:-1},"accessKeyID:""Tsomobile_03ZhM6I4uRjzW""","sign:""GP8/yqjJqJTPpl6hd5Y05BsyJcTcT1JXvWlse4Tr7RM=""",useCache:true},,,,,,,,,,,,,,,,,,,,,,,,,,,,,,
"{""notificationType"":""PowerEvent""","sn:""8B5142A5""","vehicleID:""""","tripID:""""","reason:""lostWhileParking""",removedTime:1777943057844,connectedTime:-1,"poweredBy:""battery""","lastGps:{""source"":""hardware""",time:1777913361000,speed:-1,heading:-1,coordinate:[-77.00609,-12.116291,0],hDop:-1,vDop:-1},"lastGpsData:{""source"":""hardware""",time:1777913361000,speed:-1,heading:-1,coordinate:[-77.00609,-12.116291,0],hDop:-1,vDop:-1},"gpsData:{""source"":""lastValid""",time:1777913361000,speed:-1,heading:-1,coordinate:[-77.00609,-12.116291,0],hDop:-1,vDop:-1},"accessKeyID:""Tsomobile_03ZhM6I4uRjzW""","sign:""DdAFiUmT3xYXz8DGGUbrfTuP/9SUqpJsieWBLNpewbg=""",useCache:true},,,,,,,,,,,,,,,,,,,,,,,,,,,,,,
"{""notificationType"":""PowerEvent""","sn:""8B5142A5""","vehicleID:""""","tripID:""""","reason:""restoreCable""",removedTime:-1,connectedTime:1777943062880,"poweredBy:""cable""","lastGps:{""source"":""hardware""",time:1777913361000,speed:-1,heading:-1,coordinate:[-77.00609,-12.116291,0],hDop:-1,vDop:-1},"lastGpsData:{""source"":""hardware""",time:1777913361000,speed:-1,heading:-1,coordinate:[-77.00609,-12.116291,0],hDop:-1,vDop:-1},"gpsData:{""source"":""lastValid""",time:1777913361000,speed:-1,heading:-1,coordinate:[-77.00609,-12.116291,0],hDop:-1,vDop:-1},"accessKeyID:""Tsomobile_03ZhM6I4uRjzW""","sign:""gWtmXpzWLH9TakDCu9c96OaTVvkTFGQOtook4q838Rg=""",useCache:true},,,,,,,,,,,,,,,,,,,,,,,,,,,,,,
"{""notificationType"":""PowerEvent""","sn:""8B5142A5""","vehicleID:""""","tripID:""""","reason:""lostWhileParking""",removedTime:1777963008862,connectedTime:-1,"poweredBy:""battery""","lastGps:{""source"":""hardware""",time:1777913361000,speed:-1,heading:-1,coordinate:[-77.00609,-12.116291,0],hDop:-1,vDop:-1},"lastGpsData:{""source"":""hardware""",time:1777913361000,speed:-1,heading:-1,coordinate:[-77.00609,-12.116291,0],hDop:-1,vDop:-1},"gpsData:{""source"":""lastValid""",time:1777913361000,speed:-1,heading:-1,coordinate:[-77.00609,-12.116291,0],hDop:-1,vDop:-1},"accessKeyID:""Tsomobile_03ZhM6I4uRjzW""","sign:""3HzGyqiDQAg/yAyJDOHKN+tBXnneAa2Uum6sPsqyLNM=""",useCache:true},,,,,,,,,,,,,,,,,,,,,,,,,,,,,,
"{""notificationType"":""PowerEvent""","sn:""8B5142A5""","vehicleID:""""","tripID:""""","reason:""restoreCable""",removedTime:-1,connectedTime:1777963012883,"poweredBy:""cable""","lastGps:{""source"":""hardware""",time:1777913361000,speed:-1,heading:-1,coordinate:[-77.00609,-12.116291,0],hDop:-1,vDop:-1},"lastGpsData:{""source"":""hardware""",time:1777913361000,speed:-1,heading:-1,coordinate:[-77.00609,-12.116291,0],hDop:-1,vDop:-1},"gpsData:{""source"":""lastValid""",time:1777913361000,speed:-1,heading:-1,coordinate:[-77.00609,-12.116291,0],hDop:-1,vDop:-1},"accessKeyID:""Tsomobile_03ZhM6I4uRjzW""","sign:""2Of/wqgKWRAkVaS0RKKeKCbz6DdK55x6z7EE3n+OVAY=""",useCache:true},,,,,,,,,,,,,,,,,,,,,,,,,,,,,,
"{""notificationType"":""PowerEvent""","sn:""8B5142A5""","vehicleID:""""","tripID:""""","reason:""lostWhileParking""",removedTime:1777966373658,connectedTime:-1,"poweredBy:""battery""","lastGps:{""source"":""hardware""",time:1777913361000,speed:-1,heading:-1,coordinate:[-77.00609,-12.116291,0],hDop:-1,vDop:-1},"lastGpsData:{""source"":""hardware""",time:1777913361000,speed:-1,heading:-1,coordinate:[-77.00609,-12.116291,0],hDop:-1,vDop:-1},"gpsData:{""source"":""lastValid""",time:1777913361000,speed:-1,heading:-1,coordinate:[-77.00609,-12.116291,0],hDop:-1,vDop:-1},"accessKeyID:""Tsomobile_03ZhM6I4uRjzW""","sign:""kbrlUAAOmsHYc5DWPgBvqxKlBEIRKWK3DfCKzSb/Os0=""",useCache:true},,,,,,,,,,,,,,,,,,,,,,,,,,,,,,
"{""notificationType"":""PowerEvent""","sn:""8B5142A5""","vehicleID:""""","tripID:""""","reason:""restoreCable""",removedTime:-1,connectedTime:1777966374940,"poweredBy:""cable""","lastGps:{""source"":""hardware""",time:1777913361000,speed:-1,heading:-1,coordinate:[-77.00609,-12.116291,0],hDop:-1,vDop:-1},"lastGpsData:{""source"":""hardware""",time:1777913361000,speed:-1,heading:-1,coordinate:[-77.00609,-12.116291,0],hDop:-1,vDop:-1},"gpsData:{""source"":""lastValid""",time:1777913361000,speed:-1,heading:-1,coordinate:[-77.00609,-12.116291,0],hDop:-1,vDop:-1},"accessKeyID:""Tsomobile_03ZhM6I4uRjzW""","sign:""GqC6qB+X45fLOCUrQ/klJYDEXLrQ3oVpIDtUZyWF25Q=""",useCache:true},,,,,,,,,,,,,,,,,,,,,,,,,,,,,,
"{""notificationType"":""PowerEvent""","sn:""8B5142A5""","vehicleID:""""","tripID:""""","reason:""restoreCable""",removedTime:-1,connectedTime:1777987142849,"poweredBy:""cable""","lastGps:{""source"":""hardware""",time:1777913361000,speed:-1,heading:-1,coordinate:[-77.00609,-12.116291,0],hDop:-1,vDop:-1},"lastGpsData:{""source"":""hardware""",time:1777913361000,speed:-1,heading:-1,coordinate:[-77.00609,-12.116291,0],hDop:-1,vDop:-1},"gpsData:{""source"":""lastValid""",time:1777913361000,speed:-1,heading:-1,coordinate:[-77.00609,-12.116291,0],hDop:-1,vDop:-1},"accessKeyID:""Tsomobile_03ZhM6I4uRjzW""","sign:""BvjnBaSq9cfB4jtsJAXjKNIjd1YZ20EHnmfJkKJ6Q6c=""",useCache:true},,,,,,,,,,,,,,,,,,,,,,,,,,,,,,
"{""notificationType"":""PowerEvent""","sn:""8B5142A5""","vehicleID:""""","tripID:""""","reason:""restoreCable""",removedTime:-1,connectedTime:1777987856725,"poweredBy:""cable""","lastGps:{""source"":""hardware""",time:1777987553000,speed:-1,heading:-1,coordinate:[-77.006256,-12.117438,0],hDop:-1,vDop:-1},"lastGpsData:{""source"":""hardware""",time:1777987553000,speed:-1,heading:-1,coordinate:[-77.006256,-12.117438,0],hDop:-1,vDop:-1},"gpsData:{""source"":""hardware""",time:1777987884000,speed:2.033495,heading:344.670013,coordinate:[-77.006097,-12.117605,146.296],hDop:102,vDop:228},"accessKeyID:""Tsomobile_03ZhM6I4uRjzW""","sign:""fApiFXa+EdA0+5BiGkBUsMUbzun1gIdYcFU5f2qWn4M=""",useCache:true},,,,,,,,,,,,,,,,,,,,,,,,,,,,,,
"{""notificationType"":""PowerEvent""","sn:""8B5142A5""","vehicleID:""""","tripID:""""","reason:""lostWhileParking""",removedTime:1777989388310,connectedTime:-1,"poweredBy:""battery""","lastGps:{""source"":""hardware""",time:1777989389000,speed:1.2501,heading:279.309997,coordinate:[-77.006129,-12.117731,93.521],hDop:104,vDop:195},"lastGpsData:{""source"":""hardware""",time:1777989389000,speed:1.2501,heading:279.309997,coordinate:[-77.006129,-12.117731,93.521],hDop:104,vDop:195},"gpsData:{""source"":""hardware""",time:1777989390000,speed:1.168612,heading:279.309997,coordinate:[-77.006129,-12.117733,93.515],hDop:86,vDop:142},"accessKeyID:""Tsomobile_03ZhM6I4uRjzW""","sign:""Rw4n1Y0pHyWJLYt+Cf5H4/PyJg/K5H+YHa5Q7LTz3as=""",useCache:true},,,,,,,,,,,,,,,,,,,,,,,,,,,,,,
"{""notificationType"":""AutoSnapshot""","sn:""8B5142A5""","pictureID:""1211998525374734336""",time:1778074573000,"rotate:""normal""","url:""https://cdn.vidfleet-api.gpstrackit.com/clip/8a4b5e9b4dad4f7595cdf86e5ec8c8ca/default/8B5142A5/1211998525374734336/thumbnails/1000.jpg?Policy=eyJTdGF0ZW1lbnQiOlt7IlJlc291cmNlIjoiaHR0cHM6Ly9jZG4udmlkZmxlZXQtYXBpLmdwc3RyYWNraXQuY29tL2NsaXAvOGE0YjVlOWI0ZGFkNGY3NTk1Y2RmODZlNWVjOGM4Y2EvZGVmYXVsdC84QjUxNDJBNS8xMjExOTk4NTI1Mzc0NzM0MzM2L3RodW1ibmFpbHMvMTAwMC5qcGciLCJDb25kaXRpb24iOnsiRGF0ZUxlc3NUaGFuIjp7IkFXUzpFcG9jaFRpbWUiOjE3OTM4ODU3ODF9fX1dfQ__&Signature=nOVPFneuAkWCRBEBjtynJGvL24QM-pfsyYVtSZPVgWZDfHBfPtJATmJLe~IoSHu0dkQ5WUlxG78S0bRdP6zY4s8KBx6Emnv6qXX2q-gHUMqMkfs~pCIAvns3B4DCmhsvlbaOW3efduwEf65Mw1Bof2WLJ5QuZ2Ua1RnzQMtT7GYjSvEqo-j1uMOsV7LmkvfRGHB7tHF3StYNgoUa8xLxeix4mVhTQlCn7uUxixgTu9vOQAPle22YMdR-6B7TpGyW0jkyYIJSO3bn2nOdj3kTHAyxQ9XX9krBDpN1jqooorZriIUCW1lyDpqlY9XFAihzvXQPERaY73HBru6obBppNA__&Key-Pair-Id=K1KFJH9S65S6E2""",fileSize:79723,"tripID:""fe365edc-2d08-415d-aac9-945d4643c1da""","timezone:""-05:00""","gpsData:{""source"":""hardware""",sysTime:1778074572231,time:1778074573000,speed:0.27,heading:0,coordinate:[-76.86663495,-12.28434982,29.40099907],hDop:44,vDop:74},"accessKeyID:""Tsomobile_03ZhM6I4uRjzW""","sign:""EP+hclVx++FPCkrQJ4isAw1LI5rwsEv8exH4YV0EteI=""",useCache:true},,,,,,,,,,,,,,,,,,,,,,,,,,,,,,,,,,,,,,,,,,,,,,
"{""notificationType"":""PowerEvent""","sn:""8B5142A5""","vehicleID:""""","tripID:""""","reason:""restoreCable""",removedTime:-1,connectedTime:9697,"poweredBy:""cable""","lastGps:{""source"":""hardware""",time:1777989373000,speed:-1,heading:-1,coordinate:[-77.006081,-12.11776,0],hDop:-1,vDop:-1},"lastGpsData:{""source"":""hardware""",time:1777989373000,speed:-1,heading:-1,coordinate:[-77.006081,-12.11776,0],hDop:-1,vDop:-1},"gpsData:{""source"":""hardware""",time:1778074579000,speed:0.396328,heading:0,coordinate:[-76.866636,-12.284353,29.527],hDop:43,vDop:73},"accessKeyID:""Tsomobile_03ZhM6I4uRjzW""","sign:""KkVMJCbjHJdhlF3uZfOjOZhpasbpC0t9CJZHOF9WBPY=""",useCache:true},,,,,,,,,,,,,,,,,,,,,,,,,,,,,,
"{""notificationType"":""IgnitionStatus""","sn:""8B5142A5""","vehicleID:""""","tripID:""fe365edc-2d08-415d-aac9-945d4643c1da""","previousStatus:""parking""","currentStatus:""driving""",changeTime:1778074570491,"gpsData:{""source"":""hardware""",time:1778074571000,speed:0.162975,heading:0,coordinate:[-76.866633,-12.284348,29.448],hDop:43,vDop:73},accumulatedDistance:0,"accessKeyID:""Tsomobile_03ZhM6I4uRjzW""","sign:""l17udcfsfUfRXb/MfmfFoGKVNtdRYC4Udzf2IVQ8wzk=""",useCache:true},,,,,,,,,,,,,,,,,,,,,,,,,,,,,,,,,,,,,,,,,,,,,,,,
"{""notificationType"":""MaintenanceWarning""","sn:""8B5142A5""","vehicleID:""""","tripID:""fe365edc-2d08-415d-aac9-945d4643c1da""","warning:""GPSGapTooLarge_PossiblePowerOrSignalIssue""","detail:{""gpsGap"":{""distanceInMile"":14.967","lastGps:{""tripID"":""22990e24-4561-4605-9dad-5731f637ff97""",sysTime:1777913359791,time:1777913361000,speed:8.823,heading:1.13,coordinate:[-77.00609042,-12.11629152,-111.5849991],hDop:1181,vDop:2631}}},time:1778074638047,"gpsData:{""source"":""hardware""",sysTime:1778074571230,time:1778074572000,speed:0.2,heading:0,coordinate:[-76.86663355,-12.28434883,29.46999931],hDop:44,vDop:77,odometer:0},"accessKeyID:""Tsomobile_03ZhM6I4uRjzW""","sign:""i2vjJgmJFV2d1+lbDiH5QsxNE0ilJcsTPlOF9ia3ThA=""",useCache:true},,,,,,,,,,,,,,,,,,,,,,,,,,,,,,,,,,,,,
"{""notificationType"":""TripInfo""","sn:""8B5142A5""","tripID:""fe365edc-2d08-415d-aac9-945d4643c1da""",messageTime:1778074698010,"points:[{""source"":""hardware""",sysTime:1778074600235,gpsTime:1778074601000,speed:0.169,heading:0,coordinate:[-76.86663768,-12.28435422,29.4810009],"idleStatus:""Unknown""",accumulatedDistance:0,hDop:46,vDop:74},"{""source"":""hardware""",sysTime:1778074630240,gpsTime:1778074631000,speed:0.083,heading:0,coordinate:[-76.86663598,-12.28435522,29.73800087],"idleStatus:""Unknown""",accumulatedDistance:0,hDop:44,vDop:78},"{""source"":""hardware""",sysTime:1778074660250,gpsTime:1778074661000,speed:0.283,heading:0,coordinate:[-76.86663792,-12.28435822,30.2310009],"idleStatus:""Idling""",accumulatedDistance:0,hDop:41,vDop:71},"{""source"":""hardware""",sysTime:1778074690260,gpsTime:1778074691000,speed:0.096,heading:0,coordinate:[-76.86663923,-12.28436143,30.72699928],"idleStatus:""Idling""",accumulatedDistance:0,hDop:41,vDop:71}],obdData:[],"accessKeyID:""Tsomobile_03ZhM6I4uRjzW""","sign:""9F0LO0VynulhjI45ehIIQJI2JiStd024nKxKbziNKHk=""",useCache:true},,,,,,,,,,,,
"{""notificationType"":""TripInfo""","sn:""8B5142A5""","tripID:""fe365edc-2d08-415d-aac9-945d4643c1da""",messageTime:1778074819251,"points:[{""source"":""hardware""",sysTime:1778074720238,gpsTime:1778074721000,speed:0.117,heading:0,coordinate:[-76.8666436,-12.28436592,31.70499992],"idleStatus:""Idling""",accumulatedDistance:0,hDop:46,vDop:78},"{""source"":""hardware""",sysTime:1778074750236,gpsTime:1778074751000,speed:0.167,heading:0,coordinate:[-76.86664827,-12.2843675,32.20899963],"idleStatus:""Idling""",accumulatedDistance:0,hDop:48,vDop:86},"{""source"":""hardware""",sysTime:1778074780225,gpsTime:1778074781000,speed:0.909,heading:0,coordinate:[-76.86666763,-12.28435173,33.30099869],"idleStatus:""Idling""",accumulatedDistance:0,hDop:55,vDop:89},"{""source"":""hardware""",sysTime:1778074810215,gpsTime:1778074811000,speed:0.459,heading:0,coordinate:[-76.86667723,-12.28434522,35.13399887],"idleStatus:""Idling""",accumulatedDistance:0,hDop:54,vDop:92}],obdData:[],"accessKeyID:""Tsomobile_03ZhM6I4uRjzW""","sign:""fS2XiAmCaJ4wu072ILHhqXM7sP0pYDtA3cgWAS9wNeQ=""",useCache:true},,,,,,,,,,,,
"{""notificationType"":""CameraRunningInfo""","sn:""8B5142A5""","tripID:""fe365edc-2d08-415d-aac9-945d4643c1da""",connectionEstablishedTime:1778074576079,time:1778074915991,systemTime:1778074915991,lteSignalStrength:27,gpsSignalStrength:34.42,gpsValidSatellites:23,gpsScannedSatellites:32,vehicleBatteryVoltage:10,oldestBufferedClipTime:1325374305000,oldestMarkedClipTime:1750501531000,triggeredAlarms:0,triggeredEvents:31,"alarmCnt:{""USING_PHONE"":0",HEADWAY_MONITORING_WARNING:0,HEADWAY_MONITORING_EMERGENCY:0,SPEEDING:0,DROWSINESS:0,LANE_DEPARTURE_WARNING:0,OVER_MAX_SPEED:0,PASSENGERS_NO_SEATBELT:0,PEDESTRIAN_COLLISION:0,CYCLIST_COLLISION:0,NO_SEATBELT:0,NO_DRIVER:0,DISTRACTED:0},"natState:{""status"":""disabled""",usageInMB:0},"gpsData:{""source"":""hardware""",time:1778074917000,speed:1.368628,heading:0,coordinate:[-76.866667,-12.284364,31.734],hDop:64,vDop:95},"accessKeyID:""Tsomobile_03ZhM6I4uRjzW""","sign:""R4ztgj3fqHySPGLiykrqGjDnHJUZlbKoLHo1RSHz6HQ=""",useCache:true},,,,,,,,,,,,,,,,,,,,,,,,,,
"{""notificationType"":""TripInfo""","sn:""8B5142A5""","tripID:""fe365edc-2d08-415d-aac9-945d4643c1da""",messageTime:1778074940064,"points:[{""source"":""hardware""",sysTime:1778074840225,gpsTime:1778074841000,speed:1.439,heading:0,coordinate:[-76.8666754,-12.2843644,32.11500168],"idleStatus:""Idling""",accumulatedDistance:0,hDop:58,vDop:98},"{""source"":""hardware""",sysTime:1778074870214,gpsTime:1778074871000,speed:0.369,heading:0,coordinate:[-76.8666623,-12.2843737,30.04400063],"idleStatus:""Idling""",accumulatedDistance:0,hDop:62,vDop:99},"{""source"":""hardware""",sysTime:1778074900226,gpsTime:1778074901000,speed:0.204,heading:0,coordinate:[-76.86666495,-12.28436973,30.88599968],"idleStatus:""Idling""",accumulatedDistance:0,hDop:57,vDop:91},"{""source"":""hardware""",sysTime:1778074930213,gpsTime:1778074931000,speed:2.935,heading:0,coordinate:[-76.86665392,-12.2843506,32.11700058],"idleStatus:""Idling""",accumulatedDistance:0,hDop:65,vDop:95}],obdData:[],"accessKeyID:""Tsomobile_03ZhM6I4uRjzW""","sign:""vKkL3gRAR1mZm/7B9KgjvbUZXCntvarH5NETrEyrBH4=""",useCache:true},,,,,,,,,,,,
"{""notificationType"":""TripInfo""","sn:""8B5142A5""","tripID:""fe365edc-2d08-415d-aac9-945d4643c1da""",messageTime:1778075061139,"points:[{""source"":""hardware""",sysTime:1778074960214,gpsTime:1778074961000,speed:0.163,heading:0,coordinate:[-76.86660498,-12.28433255,30.44099998],"idleStatus:""Idling""",accumulatedDistance:0,hDop:57,vDop:93},"{""source"":""hardware""",sysTime:1778074990233,gpsTime:1778074991000,speed:1.404,heading:0,coordinate:[-76.86663428,-12.28436693,33.04499817],"idleStatus:""Idling""",accumulatedDistance:0,hDop:52,vDop:93},"{""source"":""hardware""",sysTime:1778075020232,gpsTime:1778075021000,speed:1.02,heading:0,coordinate:[-76.86665815,-12.28438402,35.51800156],"idleStatus:""Idling""",accumulatedDistance:0,hDop:52,vDop:90},"{""source"":""hardware""",sysTime:1778075050232,gpsTime:1778075051000,speed:0.765,heading:0,coordinate:[-76.86667977,-12.28441237,38.72399902],"idleStatus:""Idling""",accumulatedDistance:0,hDop:52,vDop:89}],obdData:[],"accessKeyID:""Tsomobile_03ZhM6I4uRjzW""","sign:""/rRIQwtUdawJ91qG4PsAPOW6DqPx38CSKl7BuWodrc0=""",useCache:true},,,,,,,,,,,,
"{""notificationType"":""IgnitionStatus""","sn:""8B5142A5""","vehicleID:""""","tripID:""fe365edc-2d08-415d-aac9-945d4643c1da""","previousStatus:""driving""","currentStatus:""parking""",changeTime:1778075074976,"gpsData:{""source"":""hardware""",time:1778075076000,speed:0.320396,heading:0,coordinate:[-76.86668,-12.284422,40.228],hDop:50,vDop:84},accumulatedDistance:0,"accessKeyID:""Tsomobile_03ZhM6I4uRjzW""","sign:""tJ/ddFxD3BWSM/93Ly9g6TVTOaf9O3liRO4CYaUOZyQ=""",useCache:true},,,,,,,,,,,,,,,,,,,,,,,,,,,,,,,,,,,,,,,,,,,,,,,,
"{""notificationType"":""CameraRunningInfo""","sn:""8B5142A5""","tripID:""fe365edc-2d08-415d-aac9-945d4643c1da""",connectionEstablishedTime:1778074576079,time:1778075076025,systemTime:1778075076025,lteSignalStrength:28,gpsSignalStrength:31.28,gpsValidSatellites:21,gpsScannedSatellites:32,vehicleBatteryVoltage:11,oldestBufferedClipTime:1325374305000,oldestMarkedClipTime:1750501531000,triggeredAlarms:0,triggeredEvents:31,"alarmCnt:{""USING_PHONE"":0",HEADWAY_MONITORING_WARNING:0,HEADWAY_MONITORING_EMERGENCY:0,SPEEDING:0,DROWSINESS:0,LANE_DEPARTURE_WARNING:0,OVER_MAX_SPEED:0,PASSENGERS_NO_SEATBELT:0,PEDESTRIAN_COLLISION:0,CYCLIST_COLLISION:0,NO_SEATBELT:0,NO_DRIVER:0,DISTRACTED:0},"natState:{""status"":""disabled""",usageInMB:0},"gpsData:{""source"":""hardware""",time:1778075077000,speed:0.368548,heading:0,coordinate:[-76.86668,-12.284422,40.231],hDop:45,vDop:80},"accessKeyID:""Tsomobile_03ZhM6I4uRjzW""","sign:""2pBtS7/fHhL1JpTd2DTt0JSx/sf6FapXJCt8kzkZJbE=""",useCache:true},,,,,,,,,,,,,,,,,,,,,,,,,,
"{""notificationType"":""AutoSnapshot""","sn:""8B5142A5""","pictureID:""1212000634799267840""",time:1778075074000,"rotate:""normal""","url:""https://cdn.vidfleet-api.gpstrackit.com/clip/8a4b5e9b4dad4f7595cdf86e5ec8c8ca/default/8B5142A5/1212000634799267840/thumbnails/502000.jpg?Policy=eyJTdGF0ZW1lbnQiOlt7IlJlc291cmNlIjoiaHR0cHM6Ly9jZG4udmlkZmxlZXQtYXBpLmdwc3RyYWNraXQuY29tL2NsaXAvOGE0YjVlOWI0ZGFkNGY3NTk1Y2RmODZlNWVjOGM4Y2EvZGVmYXVsdC84QjUxNDJBNS8xMjEyMDAwNjM0Nzk5MjY3ODQwL3RodW1ibmFpbHMvNTAyMDAwLmpwZyIsIkNvbmRpdGlvbiI6eyJEYXRlTGVzc1RoYW4iOnsiQVdTOkVwb2NoVGltZSI6MTc5Mzg4NjI4NH19fV19&Signature=Hk0TjNF59L68VM~9nzdr1qic1HzfI92eLOFywn6GT2BTiWXcUlByokMi3WW2DIhsa7EuAeQeAAbFTCNNLsRqbY7h1hX29loweJf8T7-0byuYUGWvodhh9Wc-Hf9qK7VBrDM--x32iBEVFS7kRWqsnGf6qFsiw4VT-sDAhWQ~O8e6HE4CWCx-SiNTXG9NSGo9grbpakMJLEyDBlDkL0wfEwtp2btWFvTCzAQsiF~l90X5XVn8nKXCeO8vZmh1a-9csMsjkGS-GhPVBQR0iiKoVp3diFpeco5hb7r~72jBJoTejLkWUPYaTMm4Qq-Hr7JQnHUqLHWKarVINm1-JW1Xlw__&Key-Pair-Id=K1KFJH9S65S6E2""",fileSize:61547,"tripID:""fe365edc-2d08-415d-aac9-945d4643c1da""","timezone:""-05:00""","gpsData:{""source"":""hardware""",sysTime:1778075073232,time:1778075074000,speed:0.341,heading:0,coordinate:[-76.86668063,-12.28442278,40.20999908],hDop:52,vDop:86},"accessKeyID:""Tsomobile_03ZhM6I4uRjzW""","sign:""yy254ZOoeuyeIKUZj2zRJ4nQwLjEKw/9UCcucFY7NTA=""",useCache:true},,,,,,,,,,,,,,,,,,,,,,,,,,,,,,,,,,,,,,,,,,,,,,
"{""notificationType"":""TripInfo""","sn:""8B5142A5""","tripID:""fe365edc-2d08-415d-aac9-945d4643c1da""",ignitionStopTime:1778075074976,messageTime:1778075087257,"points:[{""source"":""hardware""",sysTime:1778075058232,gpsTime:1778075059000,speed:1.091,heading:0,coordinate:[-76.86668627,-12.28441718,39.74100113],"idleStatus:""Idling""",accumulatedDistance:0,hDop:52,vDop:89}],obdData:[],"accessKeyID:""Tsomobile_03ZhM6I4uRjzW""","sign:""VTP6R75C9gqduVxZuQGs4Iukq7kI4sZm0qKXoub7nfY=""",useCache:true},,,,,,,,,,,,,,,,,,,,,,,,,,,,,,,,,,,,,,,,,,,,,,,
"{""notificationType"":""CameraRunningInfo""","sn:""8B5142A5""","tripID:""fe365edc-2d08-415d-aac9-945d4643c1da""",connectionEstablishedTime:1778074576079,time:1778075249005,systemTime:1778075249005,lteSignalStrength:28,gpsSignalStrength:32.24,gpsValidSatellites:30,gpsScannedSatellites:32,vehicleBatteryVoltage:11,oldestBufferedClipTime:1325374305000,oldestMarkedClipTime:1750501531000,triggeredAlarms:0,triggeredEvents:31,"alarmCnt:{""USING_PHONE"":0",HEADWAY_MONITORING_WARNING:0,HEADWAY_MONITORING_EMERGENCY:0,SPEEDING:0,DROWSINESS:0,LANE_DEPARTURE_WARNING:0,OVER_MAX_SPEED:0,PASSENGERS_NO_SEATBELT:0,PEDESTRIAN_COLLISION:0,CYCLIST_COLLISION:0,NO_SEATBELT:0,NO_DRIVER:0,DISTRACTED:0},"natState:{""status"":""disabled""",usageInMB:0},"gpsData:{""source"":""hardware""",time:1778075250000,speed:0.011111,heading:0,coordinate:[-76.866666,-12.284395,38.463],hDop:48,vDop:83},"accessKeyID:""Tsomobile_03ZhM6I4uRjzW""","sign:""ogNluDXMZzogkl+jvcTVV8NcIpJVTE1e4ygTN1dloAk=""",useCache:true},,,,,,,,,,,,,,,,,,,,,,,,,,
"{""notificationType"":""AutoSnapshot""","sn:""8B5142A5""","pictureID:""1212003621529591808""",time:1778075788000,"rotate:""normal""","url:""https://cdn.vidfleet-api.gpstrackit.com/clip/8a4b5e9b4dad4f7595cdf86e5ec8c8ca/default/8B5142A5/1212003621529591808/thumbnails/3000.jpg?Policy=eyJTdGF0ZW1lbnQiOlt7IlJlc291cmNlIjoiaHR0cHM6Ly9jZG4udmlkZmxlZXQtYXBpLmdwc3RyYWNraXQuY29tL2NsaXAvOGE0YjVlOWI0ZGFkNGY3NTk1Y2RmODZlNWVjOGM4Y2EvZGVmYXVsdC84QjUxNDJBNS8xMjEyMDAzNjIxNTI5NTkxODA4L3RodW1ibmFpbHMvMzAwMC5qcGciLCJDb25kaXRpb24iOnsiRGF0ZUxlc3NUaGFuIjp7IkFXUzpFcG9jaFRpbWUiOjE3OTM4ODY5OTZ9fX1dfQ__&Signature=ChfuYux5gSn6cFJeIcrhhLbO0GqHBfiMnYIqGZgFHOhDd1BtoZ2-kOsAjyR8~uWAs-UekxzOBDv8J42ceYaAWRAFKw2bvt1Pj2vBWuQeGzC0vY0uhidzwvYKUpgh8oMfrBmYAQHcvJ7UGrwOuT-RA2zFOFh36AyjIGNj11Q61XAjBAFGJHyyfPb~RGf~ZPW3obJzXNDR41rt8Yrooco0zDBNyODRopjFBGyUuu5bn-1o7fklsU0trFaAHr~7FeDveGl0y9t-4sGXriFuFNu7PB57Vq2bS60-3KQSeuMWCV9TMygxb5SEff9x5imZQ4FWmqcDF5~gM~Fx49fKlXKhHw__&Key-Pair-Id=K1KFJH9S65S6E2""",fileSize:80919,"tripID:""0cc6bc24-43a7-4e63-9a5a-44aa113fefd1""","timezone:""-05:00""","gpsData:{""source"":""hardware""",sysTime:1778075787137,time:1778075787000,speed:0.222,heading:0,coordinate:[-76.8666327,-12.28443262,25.65800095],hDop:42,vDop:75},"accessKeyID:""Tsomobile_03ZhM6I4uRjzW""","sign:""DR7HbBhJ5d1l7GzGcJYr5yEFL6Qbuz1Zdp0A6aiqVus=""",useCache:true},,,,,,,,,,,,,,,,,,,,,,,,,,,,,,,,,,,,,,,,,,,,,,
"{""notificationType"":""IgnitionStatus""","sn:""8B5142A5""","vehicleID:""""","tripID:""0cc6bc24-43a7-4e63-9a5a-44aa113fefd1""","previousStatus:""parking""","currentStatus:""driving""",changeTime:1778075783017,"gpsData:{""source"":""hardware""",time:1778075783000,speed:0.329656,heading:0,coordinate:[-76.866661,-12.284418,15.74],hDop:42,vDop:75},accumulatedDistance:0,"accessKeyID:""Tsomobile_03ZhM6I4uRjzW""","sign:""8UHL0UiTesEdJv4Rx5SQw5rUGzPhT7katTIFcHsjQVU=""",useCache:true},,,,,,,,,,,,,,,,,,,,,,,,,,,,,,,,,,,,,,,,,,,,,,,,
"{""notificationType"":""TripInfo""","sn:""8B5142A5""","tripID:""0cc6bc24-43a7-4e63-9a5a-44aa113fefd1""",messageTime:1778075908135,"points:[{""source"":""hardware""",sysTime:1778075813112,gpsTime:1778075813000,speed:0.257,heading:0,coordinate:[-76.86665142,-12.28439468,30.5340004],"idleStatus:""Unknown""",accumulatedDistance:0,hDop:46,vDop:79},"{""source"":""hardware""",sysTime:1778075843130,gpsTime:1778075843000,speed:0.159,heading:0,coordinate:[-76.86665182,-12.28439222,30.23800087],"idleStatus:""Unknown""",accumulatedDistance:0,hDop:43,vDop:76},"{""source"":""hardware""",sysTime:1778075873102,gpsTime:1778075873000,speed:0.515,heading:0,coordinate:[-76.86665925,-12.2843923,31.91200066],"idleStatus:""Idling""",accumulatedDistance:0,hDop:46,vDop:90},"{""source"":""hardware""",sysTime:1778075903076,gpsTime:1778075903000,speed:0.304,heading:0,coordinate:[-76.86665958,-12.28439202,31.70999908],"idleStatus:""Idling""",accumulatedDistance:0,hDop:47,vDop:86}],obdData:[],"accessKeyID:""Tsomobile_03ZhM6I4uRjzW""","sign:""MPuPu9fRgHZ6ni2R3rEch85+ioi1wAmh/A2+2ML/an4=""",useCache:true},,,,,,,,,,,,
"{""notificationType"":""TripInfo""","sn:""8B5142A5""","tripID:""0cc6bc24-43a7-4e63-9a5a-44aa113fefd1""",messageTime:1778076030282,"points:[{""source"":""hardware""",sysTime:1778075933071,gpsTime:1778075933000,speed:0.237,heading:0,coordinate:[-76.86666473,-12.28438698,31.32299995],"idleStatus:""Idling""",accumulatedDistance:0,hDop:47,vDop:101},"{""source"":""hardware""",sysTime:1778075963065,gpsTime:1778075963000,speed:0.091,heading:0,coordinate:[-76.86666388,-12.2843798,31.79000092],"idleStatus:""Idling""",accumulatedDistance:0,hDop:44,vDop:99},"{""source"":""hardware""",sysTime:1778075993040,gpsTime:1778075993000,speed:0.298,heading:0,coordinate:[-76.86666095,-12.28437872,31.79299927],"idleStatus:""Idling""",accumulatedDistance:0,hDop:46,vDop:91},"{""source"":""hardware""",sysTime:1778076023024,gpsTime:1778076023000,speed:1.333,heading:0,coordinate:[-76.86665385,-12.2843687,30.95499992],"idleStatus:""Idling""",accumulatedDistance:0,hDop:46,vDop:82}],obdData:[],"accessKeyID:""Tsomobile_03ZhM6I4uRjzW""","sign:""nHl+xPcu6+aQ4ilQn3+O7GSqESkm5d7XucRXReJUsiM=""",useCache:true},,,,,,,,,,,,
"{""notificationType"":""CameraRunningInfo""","sn:""8B5142A5""","tripID:""0cc6bc24-43a7-4e63-9a5a-44aa113fefd1""",connectionEstablishedTime:1778075791785,time:1778076119495,systemTime:1778076119495,lteSignalStrength:27,gpsSignalStrength:31.83,gpsValidSatellites:29,gpsScannedSatellites:32,vehicleBatteryVoltage:11,oldestBufferedClipTime:1325374305000,oldestMarkedClipTime:1750501531000,triggeredAlarms:0,triggeredEvents:0,"alarmCnt:{""USING_PHONE"":0",HEADWAY_MONITORING_WARNING:0,HEADWAY_MONITORING_EMERGENCY:0,SPEEDING:0,DROWSINESS:0,LANE_DEPARTURE_WARNING:0,OVER_MAX_SPEED:0,PASSENGERS_NO_SEATBELT:0,PEDESTRIAN_COLLISION:0,CYCLIST_COLLISION:0,NO_SEATBELT:0,NO_DRIVER:0,DISTRACTED:0},"natState:{""status"":""disabled""",usageInMB:0},"gpsData:{""source"":""hardware""",time:1778076120000,speed:0.109268,heading:0,coordinate:[-76.866652,-12.284376,31.951],hDop:50,vDop:89},"accessKeyID:""Tsomobile_03ZhM6I4uRjzW""","sign:""2KfpMHPjFvMBHovDdV0HdzDAkHeAUm0mEkE4EjEfUu8=""",useCache:true},,,,,,,,,,,,,,,,,,,,,,,,,,
"{""notificationType"":""IgnitionStatus""","sn:""8B5142A5""","vehicleID:""""","tripID:""0cc6bc24-43a7-4e63-9a5a-44aa113fefd1""","previousStatus:""driving""","currentStatus:""parking""",changeTime:1778076143455,"gpsData:{""source"":""hardware""",time:1778076144000,speed:0.592639,heading:0,coordinate:[-76.866652,-12.284378,32.282],hDop:49,vDop:85},accumulatedDistance:0,"accessKeyID:""Tsomobile_03ZhM6I4uRjzW""","sign:""y/ufi2xwjNlXZ3vBMIjXrF1QCJ4QT9es3ewdrafxVYw=""",useCache:true},,,,,,,,,,,,,,,,,,,,,,,,,,,,,,,,,,,,,,,,,,,,,,,,
"{""notificationType"":""CameraRunningInfo""","sn:""8B5142A5""","tripID:""0cc6bc24-43a7-4e63-9a5a-44aa113fefd1""",connectionEstablishedTime:1778075791785,time:1778076144504,systemTime:1778076144504,lteSignalStrength:27,gpsSignalStrength:31.4,gpsValidSatellites:26,gpsScannedSatellites:32,vehicleBatteryVoltage:11,oldestBufferedClipTime:1325374305000,oldestMarkedClipTime:1750501531000,triggeredAlarms:0,triggeredEvents:0,"alarmCnt:{""USING_PHONE"":0",HEADWAY_MONITORING_WARNING:0,HEADWAY_MONITORING_EMERGENCY:0,SPEEDING:0,DROWSINESS:0,LANE_DEPARTURE_WARNING:0,OVER_MAX_SPEED:0,PASSENGERS_NO_SEATBELT:0,PEDESTRIAN_COLLISION:0,CYCLIST_COLLISION:0,NO_SEATBELT:0,NO_DRIVER:0,DISTRACTED:0},"natState:{""status"":""disabled""",usageInMB:0},"gpsData:{""source"":""hardware""",time:1778076145000,speed:0.296319,heading:0,coordinate:[-76.866652,-12.284378,32.32],hDop:49,vDop:85},"accessKeyID:""Tsomobile_03ZhM6I4uRjzW""","sign:""Romb00Ih/9YtwOiWVOtGR/BNgv2RvALp0fJ007OFozQ=""",useCache:true},,,,,,,,,,,,,,,,,,,,,,,,,,
"{""notificationType"":""TripInfo""","sn:""8B5142A5""","tripID:""0cc6bc24-43a7-4e63-9a5a-44aa113fefd1""",messageTime:1778076151038,"points:[{""source"":""hardware""",sysTime:1778076053002,gpsTime:1778076053000,speed:0.248,heading:0,coordinate:[-76.8666567,-12.2843704,30.89299965],"idleStatus:""Idling""",accumulatedDistance:0,hDop:49,vDop:90},"{""source"":""hardware""",sysTime:1778076082984,gpsTime:1778076083000,speed:0.311,heading:0,coordinate:[-76.86665348,-12.28437488,31.55200005],"idleStatus:""Idling""",accumulatedDistance:0,hDop:48,vDop:85},"{""source"":""hardware""",sysTime:1778076112969,gpsTime:1778076113000,speed:0.294,heading:0,coordinate:[-76.86665303,-12.28437688,31.93300056],"idleStatus:""Idling""",accumulatedDistance:0,hDop:49,vDop:87},"{""source"":""hardware""",sysTime:1778076142943,gpsTime:1778076143000,speed:0.624,heading:0,coordinate:[-76.86665195,-12.28437802,32.24100113],"idleStatus:""Idling""",accumulatedDistance:0,hDop:49,vDop:87}],obdData:[],"accessKeyID:""Tsomobile_03ZhM6I4uRjzW""","sign:""rfK7U5d9dLIO4tg8POwsq7IXIVMYbN/7uNkIoE4vXO0=""",useCache:true},,,,,,,,,,,,
"{""notificationType"":""AutoSnapshot""","sn:""8B5142A5""","pictureID:""1212005112445280256""",time:1778076143000,"rotate:""normal""","url:""https://cdn.vidfleet-api.gpstrackit.com/clip/8a4b5e9b4dad4f7595cdf86e5ec8c8ca/default/8B5142A5/1212005112445280256/thumbnails/358000.jpg?Policy=eyJTdGF0ZW1lbnQiOlt7IlJlc291cmNlIjoiaHR0cHM6Ly9jZG4udmlkZmxlZXQtYXBpLmdwc3RyYWNraXQuY29tL2NsaXAvOGE0YjVlOWI0ZGFkNGY3NTk1Y2RmODZlNWVjOGM4Y2EvZGVmYXVsdC84QjUxNDJBNS8xMjEyMDA1MTEyNDQ1MjgwMjU2L3RodW1ibmFpbHMvMzU4MDAwLmpwZyIsIkNvbmRpdGlvbiI6eyJEYXRlTGVzc1RoYW4iOnsiQVdTOkVwb2NoVGltZSI6MTc5Mzg4NzM1M319fV19&Signature=MqJpN~NJQLB5n~1~jIr-vDdOx54B~O1oiPYppIB8CIcTwhMWAoXgJA1rF5k6kQn09UPlOTbqKS3TG6X7m8-KTtL-I7qf0YQliSfH6BEpcu3nApkGWNedIbWnQgVpS~arcbrA73k~QdT3pTdNKpx6d1aVW8WUQo5D4F7jEQuu~bUdrtaUEdepiwXB76HhKQkNz2mtiFZUnq7QGZR3HCiSW1FhxjUN52J7m2j2ILhQM3uTDbcLYobpci0EJqDW-CKNHIatSeIqagty2KfnY1p3Oix8yIoQCyuY9BGmp4cT82cy63MFR5ANpxzaYhv6utYXcT3xK3KM9mBmgKawe4kWmw__&Key-Pair-Id=K1KFJH9S65S6E2""",fileSize:92178,"tripID:""0cc6bc24-43a7-4e63-9a5a-44aa113fefd1""","timezone:""-05:00""","gpsData:{""source"":""hardware""",sysTime:1778076142943,time:1778076143000,speed:0.624,heading:0,coordinate:[-76.86665195,-12.28437802,32.24100113],hDop:49,vDop:87},"accessKeyID:""Tsomobile_03ZhM6I4uRjzW""","sign:""fsXoP8JjRszIDsVML20c3heQ4eRsPsNb94bpXQivwJU=""",useCache:true},,,,,,,,,,,,,,,,,,,,,,,,,,,,,,,,,,,,,,,,,,,,,,
"{""notificationType"":""DataUsage""","sn:""8B5142A5""","vehicleID:""""",dataUsageInKB:0,"tripID:""""","gpsData:{""source"":""lastValid""",time:1778076676000,speed:0.366696,heading:0,coordinate:[-76.866655,-12.284362,43.33],hDop:47,vDop:94},"accessKeyID:""Tsomobile_03ZhM6I4uRjzW""","sign:""AeIsjyoxFxYoZiLP0ORU872aUBSHgdJLJZg6+0hOLXI=""",useCache:true},,,,,,,,,,,,,,,,,,,,,,,,,,,,,,,,,,,,,,,,,,,,,,,,,,,
"{""notificationType"":""DataUsage""","sn:""8B5142A5""","vehicleID:""""",dataUsageInKB:0,"tripID:""""","gpsData:{""source"":""lastValid""",time:1778077183000,speed:2.077944,heading:0,coordinate:[-76.866702,-12.28436,35.91],hDop:51,vDop:96},"accessKeyID:""Tsomobile_03ZhM6I4uRjzW""","sign:""P71GlBwrp/jRliHuBqC0nyrmKwLTDNS7HRqKXnuZvSs=""",useCache:true},,,,,,,,,,,,,,,,,,,,,,,,,,,,,,,,,,,,,,,,,,,,,,,,,,,
"{""notificationType"":""AutoSnapshot""","sn:""8B5142A5""","pictureID:""1212013301224054784""",time:1778078093000,"rotate:""normal""","url:""https://cdn.vidfleet-api.gpstrackit.com/clip/8a4b5e9b4dad4f7595cdf86e5ec8c8ca/default/8B5142A5/1212013301224054784/thumbnails/7000.jpg?Policy=eyJTdGF0ZW1lbnQiOlt7IlJlc291cmNlIjoiaHR0cHM6Ly9jZG4udmlkZmxlZXQtYXBpLmdwc3RyYWNraXQuY29tL2NsaXAvOGE0YjVlOWI0ZGFkNGY3NTk1Y2RmODZlNWVjOGM4Y2EvZGVmYXVsdC84QjUxNDJBNS8xMjEyMDEzMzAxMjI0MDU0Nzg0L3RodW1ibmFpbHMvNzAwMC5qcGciLCJDb25kaXRpb24iOnsiRGF0ZUxlc3NUaGFuIjp7IkFXUzpFcG9jaFRpbWUiOjE3OTM4ODkzMDR9fX1dfQ__&Signature=BmsB5vDRSZJR7VcL0mGM4d3Nicm59BwyCQz72c5UCN922eKb4rnblCcsufRQ8PTmGTKYvtLpCTQWTbrU~DHDVnkQ~cKrzBwn0TZ2WHeMx1ln1A7wyS5x9W2LbczL7TCZjblYHFNLRB-FKc9tVv0Mnr8SfGMBwaCuE50Dbl2NVjQr1v2NbiWQjPLYCxIDOJOfo0BS5VwGZw1n4Bs7VTzqTdS2azHuIXnAN20alvNpm880Xd7wM0VHfC0EDYWrcItoSzkAsF9244XMml0jKpgWvRVh86W8Wi-JwzpI3EWsqgGgEiDZCxi755X7qqYshwgKFE7gtbA8YXegDWRLRYiYBg__&Key-Pair-Id=K1KFJH9S65S6E2""",fileSize:96281,"tripID:""c2b38b06-efe0-4a94-9ade-0def4ec989f4""","timezone:""-05:00""","gpsData:{""source"":""hardware""",sysTime:1778078092086,time:1778078093000,speed:5.071,heading:95.61,coordinate:[-76.86657893,-12.28451428,34.7480011],hDop:52,vDop:99},"accessKeyID:""Tsomobile_03ZhM6I4uRjzW""","sign:""bjtavT+k4Gl02heGITJ8sHhkOea4hVrgNQsUcN1nkgA=""",useCache:true},,,,,,,,,,,,,,,,,,,,,,,,,,,,,,,,,,,,,,,,,,,,,,
"{""notificationType"":""IgnitionStatus""","sn:""8B5142A5""","vehicleID:""""","tripID:""c2b38b06-efe0-4a94-9ade-0def4ec989f4""","previousStatus:""parking""","currentStatus:""driving""",changeTime:1778078094103,"gpsData:{""source"":""hardware""",time:1778078095000,speed:6.952407,heading:107.68,coordinate:[-76.866543,-12.284523,35.135],hDop:52,vDop:98},accumulatedDistance:0,"accessKeyID:""Tsomobile_03ZhM6I4uRjzW""","sign:""SY1/rzEtFdYV+7GkBzLPqxrm3vQaOlLgTT1lyg6lZEI=""",useCache:true},,,,,,,,,,,,,,,,,,,,,,,,,,,,,,,,,,,,,,,,,,,,,,,,
"{""notificationType"":""TripInfo""","sn:""8B5142A5""","tripID:""c2b38b06-efe0-4a94-9ade-0def4ec989f4""",messageTime:1778078221021,"points:[{""source"":""hardware""",sysTime:1778078124296,gpsTime:1778078125000,speed:3.778,heading:122.37,coordinate:[-76.86605787,-12.28473577,38.73199844],"idleStatus:""Unknown""",accumulatedDistance:0,hDop:52,vDop:87},"{""source"":""hardware""",sysTime:1778078154296,gpsTime:1778078155000,speed:0.207,heading:122.37,coordinate:[-76.86605083,-12.2847434,39.12200165],"idleStatus:""Unknown""",accumulatedDistance:0,hDop:52,vDop:87},"{""source"":""hardware""",sysTime:1778078184296,gpsTime:1778078185000,speed:4.58,heading:108.87,coordinate:[-76.86600347,-12.28476428,37.43199921],"idleStatus:""Idling""",accumulatedDistance:0,hDop:56,vDop:94},"{""source"":""hardware""",sysTime:1778078214296,gpsTime:1778078215000,speed:14.477,heading:34.28,coordinate:[-76.86552427,-12.28429557,34.86899948],"idleStatus:""Moving""",accumulatedDistance:0,hDop:51,vDop:85}],obdData:[],"accessKeyID:""Tsomobile_03ZhM6I4uRjzW""","sign:""NtmlyaF8JQmLs3Lh5j6GspIwnH2fMcO9u+UNZ5VykEA=""",useCache:true},,,,,,,,,,,,
"{""notificationType"":""TripInfo""","sn:""8B5142A5""","tripID:""c2b38b06-efe0-4a94-9ade-0def4ec989f4""",messageTime:1778078341813,"points:[{""source"":""hardware""",sysTime:1778078244300,gpsTime:1778078245000,speed:15.407,heading:36.63,coordinate:[-76.86493008,-12.28351133,27.13299942],"idleStatus:""Moving""",accumulatedDistance:0,hDop:52,vDop:89},"{""source"":""hardware""",sysTime:1778078274301,gpsTime:1778078275000,speed:7.686,heading:106.03,coordinate:[-76.8645726,-12.2830266,28.34799957],"idleStatus:""Unknown""",accumulatedDistance:0,hDop:52,vDop:83},"{""source"":""hardware""",sysTime:1778078304285,gpsTime:1778078305000,speed:52.026,heading:134.57,coordinate:[-76.86265902,-12.28486748,38.8219986],"idleStatus:""Moving""",accumulatedDistance:535,hDop:50,vDop:83},"{""source"":""hardware""",sysTime:1778078334285,gpsTime:1778078335000,speed:36.692,heading:134.58,coordinate:[-76.8609967,-12.2864762,38.66899872],"idleStatus:""Moving""",accumulatedDistance:647,hDop:50,vDop:83}],obdData:[],"accessKeyID:""Tsomobile_03ZhM6I4uRjzW""","sign:""muGdxbtIsQ22sEfrvB2mwWRgqCEw2XNedDvIMHdRlfI=""",useCache:true},,,,,,,,,,,,
"{""notificationType"":""TripInfo""","sn:""8B5142A5""","tripID:""c2b38b06-efe0-4a94-9ade-0def4ec989f4""",messageTime:1778078462764,"points:[{""source"":""hardware""",sysTime:1778078364304,gpsTime:1778078365000,speed:34.264,heading:133.22,coordinate:[-76.85892572,-12.28846867,37.30500031],"idleStatus:""Moving""",accumulatedDistance:1106,hDop:47,vDop:78},"{""source"":""hardware""",sysTime:1778078394304,gpsTime:1778078395000,speed:60.118,heading:134.83,coordinate:[-76.85605203,-12.2912761,42.56700134],"idleStatus:""Moving""",accumulatedDistance:1535,hDop:47,vDop:78},"{""source"":""hardware""",sysTime:1778078424314,gpsTime:1778078425000,speed:27.358,heading:134.67,coordinate:[-76.8539564,-12.29330707,41.44200134],"idleStatus:""Moving""",accumulatedDistance:1796,hDop:47,vDop:78},"{""source"":""hardware""",sysTime:1778078454313,gpsTime:1778078455000,speed:7.982,heading:137.25,coordinate:[-76.85267403,-12.29461883,42.50299835],"idleStatus:""Unknown""",accumulatedDistance:2053,hDop:48,vDop:79}],obdData:[],"accessKeyID:""Tsomobile_03ZhM6I4uRjzW""","sign:""nC/xtnW2WpdRai7coNZa9I8G41gx/rWre/xYCS1sKoM=""",useCache:true},,,,,,,,,,,,
"{""notificationType"":""TripInfo""","sn:""8B5142A5""","tripID:""c2b38b06-efe0-4a94-9ade-0def4ec989f4""",messageTime:1778078584338,"points:[{""source"":""hardware""",sysTime:1778078484313,gpsTime:1778078485000,speed:37.653,heading:134.48,coordinate:[-76.85153193,-12.2956462,42.93399811],"idleStatus:""Moving""",accumulatedDistance:2053,hDop:47,vDop:78},"{""source"":""hardware""",sysTime:1778078514300,gpsTime:1778078515000,speed:29.601,heading:136.98,coordinate:[-76.84931352,-12.2978212,49.22100067],"idleStatus:""Moving""",accumulatedDistance:2570,hDop:50,vDop:85},"{""source"":""hardware""",sysTime:1778078544299,gpsTime:1778078545000,speed:19.587,heading:131.13,coordinate:[-76.84778077,-12.29931852,55.45999908],"idleStatus:""Moving""",accumulatedDistance:2799,hDop:49,vDop:83},"{""source"":""hardware""",sysTime:1778078574299,gpsTime:1778078575000,speed:34.812,heading:93.28,coordinate:[-76.84626808,-12.3001566,55.62200165],"idleStatus:""Moving""",accumulatedDistance:2799,hDop:48,vDop:80}],obdData:[],"accessKeyID:""Tsomobile_03ZhM6I4uRjzW""","sign:""nZrTyZWHVrVVja1T0Ha6u+Bdqg8plCaNnLaKqIET4Js=""",useCache:true},,,,,,,,,,,,
"{""notificationType"":""DataUsage""","sn:""8B5142A5""","vehicleID:""""",dataUsageInKB:0,"tripID:""c2b38b06-efe0-4a94-9ade-0def4ec989f4""","gpsData:{""source"":""lastValid""",sysTime:1778078641279,time:1778078642000,speed:35.177,heading:283.15,coordinate:[-76.84831193,-12.30015345,45.63499832],hDop:48,vDop:83},"accessKeyID:""Tsomobile_03ZhM6I4uRjzW""","sign:""m9yT4WbUWQMaAkysjaSNimMwPQErf39jAS7QA1+Tagk=""",useCache:true},,,,,,,,,,,,,,,,,,,,,,,,,,,,,,,,,,,,,,,,,,,,,,,,,,
"{""notificationType"":""AutoSnapshot""","sn:""8B5142A5""","pictureID:""1212015814291628032""",time:1778078695000,"rotate:""normal""","url:""https://cdn.vidfleet-api.gpstrackit.com/clip/8a4b5e9b4dad4f7595cdf86e5ec8c8ca/default/8B5142A5/1212015814291628032/thumbnails/599000.jpg?Policy=eyJTdGF0ZW1lbnQiOlt7IlJlc291cmNlIjoiaHR0cHM6Ly9jZG4udmlkZmxlZXQtYXBpLmdwc3RyYWNraXQuY29tL2NsaXAvOGE0YjVlOWI0ZGFkNGY3NTk1Y2RmODZlNWVjOGM4Y2EvZGVmYXVsdC84QjUxNDJBNS8xMjEyMDE1ODE0MjkxNjI4MDMyL3RodW1ibmFpbHMvNTk5MDAwLmpwZyIsIkNvbmRpdGlvbiI6eyJEYXRlTGVzc1RoYW4iOnsiQVdTOkVwb2NoVGltZSI6MTc5Mzg4OTkwNH19fV19&Signature=K6YG8zRpcQhIHN7XRMzu3viwN2BRqFnbC13QVg2h5cYNoxPjGkRBWEr-NUK02ReYTv-rh-qFb8Z-1D2sj8rdOS~SAC7QqGVhUhf62En3xk9Q8nfAOJONUtMj6kJ58D4oUiiWBcNQUdUJzCneZuFaG2~uqvQ3X0nygRAC1MvVmE1VTw9u1u3oMDD1C~KjPjKHAjQ7w95ZJLLL6fgbIs~Zi51HzQTy3tppleYJJoduNw3ywu4c0rdyEWujLBqnlb6tkD1hrnSoT35PALXJAOSHf~IvDFsLj-BjR2vRg-pnMWITeBzgdv8RvQO1xSTsyAcmPqJyzR1Vquwnpap8VJjnfw__&Key-Pair-Id=K1KFJH9S65S6E2""",fileSize:94036,"tripID:""c2b38b06-efe0-4a94-9ade-0def4ec989f4""","timezone:""-05:00""","gpsData:{""source"":""hardware""",sysTime:1778078694292,time:1778078695000,speed:66.887,heading:294.55,coordinate:[-76.85536493,-12.29710228,35.40200043],hDop:46,vDop:78},"accessKeyID:""Tsomobile_03ZhM6I4uRjzW""","sign:""nPhlUMuIuPiNT0cP9g+F4I2gYVBulCcxZ4DnfMnmck4=""",useCache:true},,,,,,,,,,,,,,,,,,,,,,,,,,,,,,,,,,,,,,,,,,,,,,
"{""notificationType"":""TripInfo""","sn:""8B5142A5""","tripID:""c2b38b06-efe0-4a94-9ade-0def4ec989f4""",messageTime:1778078705179,"points:[{""source"":""hardware""",sysTime:1778078604289,gpsTime:1778078605000,speed:30.334,heading:243.17,coordinate:[-76.84487105,-12.30112802,62.9109993],"idleStatus:""Moving""",accumulatedDistance:3262,hDop:49,vDop:81},"{""source"":""hardware""",sysTime:1778078634279,gpsTime:1778078635000,speed:32.332,heading:279.24,coordinate:[-76.84772337,-12.3002508,49.00099945],"idleStatus:""Moving""",accumulatedDistance:3590,hDop:52,vDop:85},"{""source"":""hardware""",sysTime:1778078664303,gpsTime:1778078665000,speed:56.538,heading:293.95,coordinate:[-76.8509545,-12.29904975,42.56700134],"idleStatus:""Moving""",accumulatedDistance:3957,hDop:46,vDop:78},"{""source"":""hardware""",sysTime:1778078694292,gpsTime:1778078695000,speed:66.887,heading:294.55,coordinate:[-76.85536493,-12.29710228,35.40200043],"idleStatus:""Moving""",accumulatedDistance:4478,hDop:46,vDop:78}],obdData:[],"accessKeyID:""Tsomobile_03ZhM6I4uRjzW""","sign:""ppoXsbwId+wYi+Pn9t3f8mxcbRtyfLMqBx5Opm60oIg=""",useCache:true},,,,,,,,,,,,
"{""notificationType"":""CameraRunningInfo""","sn:""8B5142A5""","tripID:""c2b38b06-efe0-4a94-9ade-0def4ec989f4""",connectionEstablishedTime:1778078488727,time:1778078760949,systemTime:1778078760949,lteSignalStrength:31,gpsSignalStrength:32.71,gpsValidSatellites:28,gpsScannedSatellites:30,vehicleBatteryVoltage:11,oldestBufferedClipTime:1325374305000,oldestMarkedClipTime:1750501531000,triggeredAlarms:0,triggeredEvents:1,"alarmCnt:{""USING_PHONE"":0",HEADWAY_MONITORING_WARNING:0,HEADWAY_MONITORING_EMERGENCY:0,SPEEDING:0,DROWSINESS:0,LANE_DEPARTURE_WARNING:0,OVER_MAX_SPEED:0,PASSENGERS_NO_SEATBELT:0,PEDESTRIAN_COLLISION:0,CYCLIST_COLLISION:0,NO_SEATBELT:0,NO_DRIVER:0,DISTRACTED:0},"natState:{""status"":""disabled""",usageInMB:0},"gpsData:{""source"":""hardware""",time:1778078762000,speed:70.6538,heading:302.540008,coordinate:[-76.866355,-12.290721,34.547],hDop:46,vDop:78},"accessKeyID:""Tsomobile_03ZhM6I4uRjzW""","sign:""YP6haNCJLPRRD9iExZi5wb2CWdHow2/SN9UrI75LMns=""",useCache:true},,,,,,,,,,,,,,,,,,,,,,,,,,
"{""notificationType"":""TripInfo""","sn:""8B5142A5""","tripID:""c2b38b06-efe0-4a94-9ade-0def4ec989f4""",messageTime:1778078825841,"points:[{""source"":""hardware""",sysTime:1778078724289,gpsTime:1778078725000,speed:77.436,heading:302.62,coordinate:[-76.86038603,-12.29446938,35.93199921],"idleStatus:""Moving""",accumulatedDistance:5090,hDop:47,vDop:82},"{""source"":""hardware""",sysTime:1778078754300,gpsTime:1778078755000,speed:71.219,heading:301.83,coordinate:[-76.8652826,-12.29139593,36.70500183],"idleStatus:""Moving""",accumulatedDistance:5723,hDop:46,vDop:86},"{""source"":""hardware""",sysTime:1778078784302,gpsTime:1778078785000,speed:70.835,heading:302.46,coordinate:[-76.86983437,-12.28852387,32.15399933],"idleStatus:""Moving""",accumulatedDistance:6313,hDop:47,vDop:78},"{""source"":""hardware""",sysTime:1778078814292,gpsTime:1778078815000,speed:65.685,heading:303.33,coordinate:[-76.87444467,-12.28563102,36.71900177],"idleStatus:""Moving""",accumulatedDistance:6906,hDop:46,vDop:78}],obdData:[],"accessKeyID:""Tsomobile_03ZhM6I4uRjzW""","sign:""p7Vv8UhX3Hfy0dITEXl+TIALViwJYLzZPmnh7/WiXNI=""",useCache:true},,,,,,,,,,,,
"{""notificationType"":""DataUsage""","sn:""8B5142A5""","vehicleID:""""",dataUsageInKB:0,"tripID:""c2b38b06-efe0-4a94-9ade-0def4ec989f4""","gpsData:{""source"":""lastValid""",sysTime:1778078823292,time:1778078824000,speed:57.456,heading:301.72,coordinate:[-76.87557187,-12.28492865,36.54000092],hDop:47,vDop:78},"accessKeyID:""Tsomobile_03ZhM6I4uRjzW""","sign:""P/ajpzsYd0xOdAiCtLNnyA5eXmLBizVhWzAHENCu7oE=""",useCache:true},,,,,,,,,,,,,,,,,,,,,,,,,,,,,,,,,,,,,,,,,,,,,,,,,,
"{""notificationType"":""DataUsage""","sn:""8B5142A5""","vehicleID:""""",dataUsageInKB:0,"tripID:""c2b38b06-efe0-4a94-9ade-0def4ec989f4""","gpsData:{""source"":""lastValid""",sysTime:1778078883299,time:1778078884000,speed:65.463,heading:303.04,coordinate:[-76.88402192,-12.27963612,33.5530014],hDop:48,vDop:81},"accessKeyID:""Tsomobile_03ZhM6I4uRjzW""","sign:""s2vND2+9NUosxXDUjBBWFUX8MvXsv4jI/1KMq9Jd1uw=""",useCache:true},,,,,,,,,,,,,,,,,,,,,,,,,,,,,,,,,,,,,,,,,,,,,,,,,,
"{""notificationType"":""TripInfo""","sn:""8B5142A5""","tripID:""c2b38b06-efe0-4a94-9ade-0def4ec989f4""",messageTime:1778078947201,"points:[{""source"":""hardware""",sysTime:1778078844288,gpsTime:1778078845000,speed:64.187,heading:301.9,coordinate:[-76.87835237,-12.28320542,36.17399979],"idleStatus:""Moving""",accumulatedDistance:7412,hDop:49,vDop:82},"{""source"":""hardware""",sysTime:1778078874289,gpsTime:1778078875000,speed:65.353,heading:301.83,coordinate:[-76.88274117,-12.28042398,36.28699875],"idleStatus:""Moving""",accumulatedDistance:7976,hDop:46,vDop:78},"{""source"":""hardware""",sysTime:1778078904288,gpsTime:1778078905000,speed:73.076,heading:302.07,coordinate:[-76.88725132,-12.27762173,33.10100174],"idleStatus:""Moving""",accumulatedDistance:8555,hDop:47,vDop:78},"{""source"":""hardware""",sysTime:1778078934302,gpsTime:1778078935000,speed:55.729,heading:302.22,coordinate:[-76.89146753,-12.27495657,33.01800156],"idleStatus:""Moving""",accumulatedDistance:9107,hDop:47,vDop:78}],obdData:[],"accessKeyID:""Tsomobile_03ZhM6I4uRjzW""","sign:""aFr4kiEgp4JCHhKPY/t/F3AdWvWg8QYcpDsCK8iOTuE=""",useCache:true},,,,,,,,,,,,
"{""notificationType"":""DataUsage""","sn:""8B5142A5""","vehicleID:""""",dataUsageInKB:0,"tripID:""c2b38b06-efe0-4a94-9ade-0def4ec989f4""","gpsData:{""source"":""lastValid""",sysTime:1778078944290,time:1778078945000,speed:47.191,heading:302.83,coordinate:[-76.89261758,-12.27424013,34.22600174],hDop:47,vDop:78},"accessKeyID:""Tsomobile_03ZhM6I4uRjzW""","sign:""I4EUDoV6Yb+yDm8xJvbwp28rInkLelRCjLLfVUZ+fps=""",useCache:true},,,,,,,,,,,,,,,,,,,,,,,,,,,,,,,,,,,,,,,,,,,,,,,,,,
"{""notificationType"":""DataUsage""","sn:""8B5142A5""","vehicleID:""""",dataUsageInKB:0,"tripID:""c2b38b06-efe0-4a94-9ade-0def4ec989f4""","gpsData:{""source"":""lastValid""",time:1778079039000,speed:82.497337,heading:302.309997,coordinate:[-76.907283,-12.265066,34.383],hDop:51,vDop:82},"accessKeyID:""Tsomobile_03ZhM6I4uRjzW""","sign:""pY1Bfj/LzpaP/NjkVNkE9bPcsPqZsFF8ywW8jYkuqi8=""",useCache:true},,,,,,,,,,,,,,,,,,,,,,,,,,,,,,,,,,,,,,,,,,,,,,,,,,,
"{""notificationType"":""TripInfo""","sn:""8B5142A5""","tripID:""c2b38b06-efe0-4a94-9ade-0def4ec989f4""",messageTime:1778079068319,"points:[{""source"":""hardware""",sysTime:1778078964288,gpsTime:1778078965000,speed:70.539,heading:302.52,coordinate:[-76.89511933,-12.2726489,34.43399811],"idleStatus:""Moving""",accumulatedDistance:9574,hDop:50,vDop:82},"{""source"":""hardware""",sysTime:1778078994298,gpsTime:1778078995000,speed:69.72,heading:302.15,coordinate:[-76.8997321,-12.26981015,37.19200134],"idleStatus:""Moving""",accumulatedDistance:10164,hDop:46,vDop:78},"{""source"":""hardware""",sysTime:1778079024287,gpsTime:1778079025000,speed:83.07,heading:302.34,coordinate:[-76.90478225,-12.26663673,32.74900055],"idleStatus:""Moving""",accumulatedDistance:10812,hDop:51,vDop:82},"{""source"":""hardware""",sysTime:1778079054276,gpsTime:1778079055000,speed:79.508,heading:302.6,coordinate:[-76.91011963,-12.26328813,33.42699814],"idleStatus:""Moving""",accumulatedDistance:11500,hDop:51,vDop:82}],obdData:[],"accessKeyID:""Tsomobile_03ZhM6I4uRjzW""","sign:""O8IvXeBvnGkg4J8Nvb9uwkNMapA1ZitIFjnGt3AeFUQ=""",useCache:true},,,,,,,,,,,,
"{""notificationType"":""CameraRunningInfo""","sn:""8B5142A5""","tripID:""c2b38b06-efe0-4a94-9ade-0def4ec989f4""",connectionEstablishedTime:1778078488727,time:1778079091956,systemTime:1778079091956,lteSignalStrength:31,gpsSignalStrength:33.3,gpsValidSatellites:27,gpsScannedSatellites:30,vehicleBatteryVoltage:11,oldestBufferedClipTime:1325374305000,oldestMarkedClipTime:1750501531000,triggeredAlarms:0,triggeredEvents:1,"alarmCnt:{""USING_PHONE"":0",HEADWAY_MONITORING_WARNING:0,HEADWAY_MONITORING_EMERGENCY:0,SPEEDING:0,DROWSINESS:0,LANE_DEPARTURE_WARNING:0,OVER_MAX_SPEED:0,PASSENGERS_NO_SEATBELT:0,PEDESTRIAN_COLLISION:0,CYCLIST_COLLISION:0,NO_SEATBELT:0,NO_DRIVER:0,DISTRACTED:0},"natState:{""status"":""disabled""",usageInMB:0},"gpsData:{""source"":""hardware""",time:1778079093000,speed:80.149002,heading:302.920013,coordinate:[-76.916624,-12.259186,31.944],hDop:51,vDop:82},"accessKeyID:""Tsomobile_03ZhM6I4uRjzW""","sign:""hiuB+9vq1ymiGhKzBNRw3HVD+ioFMqkVPYbZRPw2DMc=""",useCache:true},,,,,,,,,,,,,,,,,,,,,,,,,,
"{""notificationType"":""DataUsage""","sn:""8B5142A5""","vehicleID:""""",dataUsageInKB:0,"tripID:""c2b38b06-efe0-4a94-9ade-0def4ec989f4""","gpsData:{""source"":""lastValid""",time:1778079093000,speed:80.149002,heading:302.920013,coordinate:[-76.916624,-12.259186,31.944],hDop:51,vDop:82},"accessKeyID:""Tsomobile_03ZhM6I4uRjzW""","sign:""ERPocdmvM3T6jqztvWaGRwDmCjJcuJviUgu2EzJrzyQ=""",useCache:true},,,,,,,,,,,,,,,,,,,,,,,,,,,,,,,,,,,,,,,,,,,,,,,,,,,
"{""notificationType"":""DataUsage""","sn:""8B5142A5""","vehicleID:""""",dataUsageInKB:0,"tripID:""c2b38b06-efe0-4a94-9ade-0def4ec989f4""","gpsData:{""source"":""lastValid""",time:1778079093000,speed:80.149002,heading:302.920013,coordinate:[-76.916624,-12.259186,31.944],hDop:51,vDop:82},"accessKeyID:""Tsomobile_03ZhM6I4uRjzW""","sign:""ERPocdmvM3T6jqztvWaGRwDmCjJcuJviUgu2EzJrzyQ=""",useCache:true},,,,,,,,,,,,,,,,,,,,,,,,,,,,,,,,,,,,,,,,,,,,,,,,,,,
"{""notificationType"":""TripInfo""","sn:""8B5142A5""","tripID:""c2b38b06-efe0-4a94-9ade-0def4ec989f4""",messageTime:1778079188866,"points:[{""source"":""hardware""",sysTime:1778079084276,gpsTime:1778079085000,speed:82.483,heading:302.53,coordinate:[-76.91522888,-12.2600655,32.81200027],"idleStatus:""Moving""",accumulatedDistance:12163,hDop:52,vDop:84},"{""source"":""hardware""",sysTime:1778079114286,gpsTime:1778079115000,speed:77.523,heading:303.06,coordinate:[-76.92035307,-12.25685437,31.80800056],"idleStatus:""Moving""",accumulatedDistance:12827,hDop:47,vDop:77},"{""source"":""hardware""",sysTime:1778079144296,gpsTime:1778079145000,speed:81.134,heading:300.18,coordinate:[-76.92551133,-12.25379222,32.64300156],"idleStatus:""Moving""",accumulatedDistance:13482,hDop:47,vDop:78},"{""source"":""hardware""",sysTime:1778079174275,gpsTime:1778079175000,speed:75.843,heading:307.49,coordinate:[-76.93021802,-12.25056383,29.32999992],"idleStatus:""Moving""",accumulatedDistance:14109,hDop:52,vDop:90}],obdData:[],"accessKeyID:""Tsomobile_03ZhM6I4uRjzW""","sign:""/4phh71f3crA1F+N25ZMeT7u3ByjdaNTZfdy0aA5o6M=""",useCache:true},,,,,,,,,,,,
"{""notificationType"":""AutoSnapshot""","sn:""8B5142A5""","pictureID:""1212018331591254016""",time:1778079295000,"rotate:""normal""","url:""https://cdn.vidfleet-api.gpstrackit.com/clip/8a4b5e9b4dad4f7595cdf86e5ec8c8ca/default/8B5142A5/1212018331591254016/thumbnails/1199000.jpg?Policy=eyJTdGF0ZW1lbnQiOlt7IlJlc291cmNlIjoiaHR0cHM6Ly9jZG4udmlkZmxlZXQtYXBpLmdwc3RyYWNraXQuY29tL2NsaXAvOGE0YjVlOWI0ZGFkNGY3NTk1Y2RmODZlNWVjOGM4Y2EvZGVmYXVsdC84QjUxNDJBNS8xMjEyMDE4MzMxNTkxMjU0MDE2L3RodW1ibmFpbHMvMTE5OTAwMC5qcGciLCJDb25kaXRpb24iOnsiRGF0ZUxlc3NUaGFuIjp7IkFXUzpFcG9jaFRpbWUiOjE3OTM4OTA1MDN9fX1dfQ__&Signature=IS60f36dcUiBuRnYgtbuuBQLX8EAA-rvkjfU6O4C-O8kvuz2tQ0odmPBMMCyjf0xIHix0ThrpZkoBhvK88kA2sx8IcdWJdsG2bW5kMElyiKpLFA5C~-1caZmVs~MG1DN6u~GabTbFsyt~EMVEIkJ~fAh7yOwk2eWhqqnHkNXWuBMF6jgUDYBGp5axWurK7VrG7BPM6~gXezzdCQIcAAz16NIGBoklfiu8K~zLFYrnOb9uIuG8I5wmjIoyzT7J0c3EgbNtOUBPs2Fl95vnq-99IST6zsw7mFasojHylpjse~RkUVte-niXeZI-FGK0zHLP7TzalpShmQcQP0Vk8B~ug__&Key-Pair-Id=K1KFJH9S65S6E2""",fileSize:95250,"tripID:""c2b38b06-efe0-4a94-9ade-0def4ec989f4""","timezone:""-05:00""","gpsData:{""source"":""hardware""",sysTime:1778079294274,time:1778079295000,speed:67.985,heading:297.53,coordinate:[-76.95031093,-12.23901285,27.60099983],hDop:57,vDop:102},"accessKeyID:""Tsomobile_03ZhM6I4uRjzW""","sign:""a+yFy62dS7DFoB67hqp5/0snCRbsE3x2A3Vz8V+lP2k=""",useCache:true},,,,,,,,,,,,,,,,,,,,,,,,,,,,,,,,,,,,,,,,,,,,,,
"{""notificationType"":""TripInfo""","sn:""8B5142A5""","tripID:""c2b38b06-efe0-4a94-9ade-0def4ec989f4""",messageTime:1778079310905,"points:[{""source"":""hardware""",sysTime:1778079204275,gpsTime:1778079205000,speed:76.777,heading:301.99,coordinate:[-76.93497118,-12.2470522,30.06200027],"idleStatus:""Moving""",accumulatedDistance:14755,hDop:50,vDop:87},"{""source"":""hardware""",sysTime:1778079234274,gpsTime:1778079235000,speed:77.558,heading:297.85,coordinate:[-76.94011093,-12.24429958,25.84300041],"idleStatus:""Moving""",accumulatedDistance:15396,hDop:61,vDop:102},"{""source"":""hardware""",sysTime:1778079264275,gpsTime:1778079265000,speed:74.812,heading:298.4,coordinate:[-76.94530287,-12.24160048,26.79999924],"idleStatus:""Moving""",accumulatedDistance:16037,hDop:56,vDop:94},"{""source"":""hardware""",sysTime:1778079294274,gpsTime:1778079295000,speed:67.985,heading:297.53,coordinate:[-76.95031093,-12.23901285,27.60099983],"idleStatus:""Moving""",accumulatedDistance:16655,hDop:57,vDop:102}],obdData:[],"accessKeyID:""Tsomobile_03ZhM6I4uRjzW""","sign:""rcTYi5jVPucSKXUeNFlpC5oQMuPZHkQjdzBiR74JIro=""",useCache:true},,,,,,,,,,,,
"{""notificationType"":""TripInfo""","sn:""8B5142A5""","tripID:""c2b38b06-efe0-4a94-9ade-0def4ec989f4""",messageTime:1778079438035,"points:[{""source"":""hardware""",sysTime:1778079324272,gpsTime:1778079325000,speed:26.263,heading:298.39,coordinate:[-76.95403635,-12.23706748,30.46299934],"idleStatus:""Moving""",accumulatedDistance:17124,hDop:60,vDop:103},"{""source"":""hardware""",sysTime:1778079354262,gpsTime:1778079355000,speed:58.481,heading:297.6,coordinate:[-76.95612375,-12.23598933,25.28800011],"idleStatus:""Moving""",accumulatedDistance:17373,hDop:57,vDop:102},"{""source"":""hardware""",sysTime:1778079384272,gpsTime:1778079385000,speed:72.535,heading:297.43,coordinate:[-76.96082248,-12.23354535,20.38199997],"idleStatus:""Moving""",accumulatedDistance:17945,hDop:57,vDop:102},"{""source"":""hardware""",sysTime:1778079414283,gpsTime:1778079415000,speed:72.735,heading:302.85,coordinate:[-76.96571363,-12.23094078,25.95700073],"idleStatus:""Moving""",accumulatedDistance:18548,hDop:55,vDop:93}],obdData:[],"accessKeyID:""Tsomobile_03ZhM6I4uRjzW""","sign:""bDJxjr8VyNZkuBsuCqpbn5IVKdQl/9FKDVu+sMKA5ac=""",useCache:true},,,,,,,,,,,,
"{""notificationType"":""TripInfo""","sn:""8B5142A5""","tripID:""c2b38b06-efe0-4a94-9ade-0def4ec989f4""",messageTime:1778079559175,"points:[{""source"":""hardware""",sysTime:1778079444282,gpsTime:1778079445000,speed:76.795,heading:315.7,coordinate:[-76.96989468,-12.22702392,28.23900032],"idleStatus:""Moving""",accumulatedDistance:19174,hDop:52,vDop:87},"{""source"":""hardware""",sysTime:1778079474283,gpsTime:1778079475000,speed:62.449,heading:315.84,coordinate:[-76.9738844,-12.22304747,33.23699951],"idleStatus:""Moving""",accumulatedDistance:19795,hDop:49,vDop:81},"{""source"":""hardware""",sysTime:1778079504272,gpsTime:1778079505000,speed:45.011,heading:10.84,coordinate:[-76.9759855,-12.22003498,36.73300171],"idleStatus:""Moving""",accumulatedDistance:20220,hDop:58,vDop:99},"{""source"":""hardware""",sysTime:1778079534271,gpsTime:1778079535000,speed:34.551,heading:270.85,coordinate:[-76.9769203,-12.21790848,36.49900055],"idleStatus:""Moving""",accumulatedDistance:20537,hDop:50,vDop:84}],obdData:[],"accessKeyID:""Tsomobile_03ZhM6I4uRjzW""","sign:""Vgd/epKQkXjADDjZ2HhbrRGoLo2bEH4U7GDVaGNgVro=""",useCache:true},,,,,,,,,,,,
"{""notificationType"":""TripInfo""","sn:""8B5142A5""","tripID:""c2b38b06-efe0-4a94-9ade-0def4ec989f4""",messageTime:1778079689684,"points:[{""source"":""hardware""",sysTime:1778079564271,gpsTime:1778079565000,speed:33.403,heading:284.22,coordinate:[-76.97855883,-12.21781098,40.79800034],"idleStatus:""Moving""",accumulatedDistance:20613,hDop:50,vDop:84},"{""source"":""hardware""",sysTime:1778079594271,gpsTime:1778079595000,speed:25.385,heading:316.16,coordinate:[-76.98058043,-12.21614672,37.07899857],"idleStatus:""Moving""",accumulatedDistance:21002,hDop:52,vDop:83},"{""source"":""hardware""",sysTime:1778079624270,gpsTime:1778079625000,speed:15.868,heading:189.9,coordinate:[-76.98123715,-12.2157198,44.26900101],"idleStatus:""Moving""",accumulatedDistance:21029,hDop:49,vDop:83},"{""source"":""hardware""",sysTime:1778079654270,gpsTime:1778079655000,speed:37.32,heading:135.32,coordinate:[-76.97950265,-12.21737027,40.11000061],"idleStatus:""Moving""",accumulatedDistance:21029,hDop:49,vDop:81},"{""source"":""hardware""",sysTime:1778079684270,gpsTime:1778079685000,speed:67.137,heading:142.42,coordinate:[-76.97690448,-12.22018588,38.74200058],"idleStatus:""Moving""",accumulatedDistance:21630,hDop:48,vDop:81}],obdData:[],"accessKeyID:""Tsomobile_03ZhM6I4uRjzW""","sign:""ngSKH/pEdYDGfinmmc6lZwfADZUEWvQsS9rzqJQSE28=""",useCache:true}
"{""notificationType"":""TripInfo""","sn:""8B5142A5""","tripID:""c2b38b06-efe0-4a94-9ade-0def4ec989f4""",messageTime:1778079810685,"points:[{""source"":""hardware""",sysTime:1778079714271,gpsTime:1778079715000,speed:64.222,heading:137.69,coordinate:[-76.97326597,-12.2240114,34.77199936],"idleStatus:""Moving""",accumulatedDistance:22204,hDop:48,vDop:82},"{""source"":""hardware""",sysTime:1778079744271,gpsTime:1778079745000,speed:26.135,heading:133.87,coordinate:[-76.97126898,-12.2262246,32.31900024],"idleStatus:""Moving""",accumulatedDistance:22494,hDop:48,vDop:80},"{""source"":""hardware""",sysTime:1778079774291,gpsTime:1778079775000,speed:24.945,heading:128.97,coordinate:[-76.97028805,-12.2271267,33.83499908],"idleStatus:""Moving""",accumulatedDistance:22494,hDop:47,vDop:77},"{""source"":""hardware""",sysTime:1778079804291,gpsTime:1778079805000,speed:19.64,heading:131.82,coordinate:[-76.9692843,-12.22807242,41.57500076],"idleStatus:""Moving""",accumulatedDistance:22772,hDop:47,vDop:77}],obdData:[],"accessKeyID:""Tsomobile_03ZhM6I4uRjzW""","sign:""5qYqkmwhdTWMEBhx2TDFaL/bUtb2YQxDGg9Cig13vME=""",useCache:true},,,,,,,,,,,,
"{""notificationType"":""AutoSnapshot""","sn:""8B5142A5""","pictureID:""1212020847968133120""",time:1778079895000,"rotate:""normal""","url:""https://cdn.vidfleet-api.gpstrackit.com/clip/8a4b5e9b4dad4f7595cdf86e5ec8c8ca/default/8B5142A5/1212020847968133120/thumbnails/1799000.jpg?Policy=eyJTdGF0ZW1lbnQiOlt7IlJlc291cmNlIjoiaHR0cHM6Ly9jZG4udmlkZmxlZXQtYXBpLmdwc3RyYWNraXQuY29tL2NsaXAvOGE0YjVlOWI0ZGFkNGY3NTk1Y2RmODZlNWVjOGM4Y2EvZGVmYXVsdC84QjUxNDJBNS8xMjEyMDIwODQ3OTY4MTMzMTIwL3RodW1ibmFpbHMvMTc5OTAwMC5qcGciLCJDb25kaXRpb24iOnsiRGF0ZUxlc3NUaGFuIjp7IkFXUzpFcG9jaFRpbWUiOjE3OTM4OTExMDR9fX1dfQ__&Signature=QeEBGN3PNqjcdNEGDSz4-SsYQtd8dUpqnT9r-em2oW97OXtuf4JbnzflpC-R4vzwaTzCZCQlFMUuKhG0FagGiF3GFihNRbazo6dtO~9XlEMij3xoCrNCdA-GEyywKlfyso~s76zxgi50nWNTpDsSe4U7WZWQKiGFNIhkqZQd0rXjAW44h1WUkySH8wSA4FxdyymeKtehOVTzguagTp8zyqyE96B2nTChwBVHOHHgCMvPweMy5GeANWc12smh885-f8-p-JK~2Ph3e02jVWeSBYlPgXuVE-l0U0sxSED7bme7OmFBrbzLoifc4f55r-Kr9Gke~LIPvDGqN-lW~K-LtA__&Key-Pair-Id=K1KFJH9S65S6E2""",fileSize:109260,"tripID:""c2b38b06-efe0-4a94-9ade-0def4ec989f4""","timezone:""-05:00""","gpsData:{""source"":""hardware""",sysTime:1778079894279,time:1778079895000,speed:0.446,heading:128.36,coordinate:[-76.96733243,-12.23005057,34.94100189],hDop:54,vDop:84},"accessKeyID:""Tsomobile_03ZhM6I4uRjzW""","sign:""i14u7eqBpgGdpH7EXhlramtYCKzkbcobj8rhHBxO3wI=""",useCache:true},,,,,,,,,,,,,,,,,,,,,,,,,,,,,,,,,,,,,,,,,,,,,,
"{""notificationType"":""TripInfo""","sn:""8B5142A5""","tripID:""c2b38b06-efe0-4a94-9ade-0def4ec989f4""",messageTime:1778079933228,"points:[{""source"":""hardware""",sysTime:1778079834290,gpsTime:1778079835000,speed:21.83,heading:147.25,coordinate:[-76.96751382,-12.22986072,36.75500107],"idleStatus:""Moving""",accumulatedDistance:23116,hDop:50,vDop:83},"{""source"":""hardware""",sysTime:1778079864300,gpsTime:1778079865000,speed:0.039,heading:128.36,coordinate:[-76.96733183,-12.23004773,34.97700119],"idleStatus:""Unknown""",accumulatedDistance:23123,hDop:50,vDop:83},"{""source"":""hardware""",sysTime:1778079894279,gpsTime:1778079895000,speed:0.446,heading:128.36,coordinate:[-76.96733243,-12.23005057,34.94100189],"idleStatus:""Unknown""",accumulatedDistance:23123,hDop:54,vDop:84},"{""source"":""hardware""",sysTime:1778079924271,gpsTime:1778079925000,speed:0.456,heading:128.36,coordinate:[-76.96731967,-12.23006905,36.58300018],"idleStatus:""Idling""",accumulatedDistance:23123,hDop:55,vDop:94}],obdData:[],"accessKeyID:""Tsomobile_03ZhM6I4uRjzW""","sign:""11xR+8iYMH5gtBK2Ctem+Yz72esq3/Z7toXx/rS4PMY=""",useCache:true},,,,,,,,,,,,
"{""notificationType"":""DataUsage""","sn:""8B5142A5""","vehicleID:""""",dataUsageInKB:0,"tripID:""c2b38b06-efe0-4a94-9ade-0def4ec989f4""","gpsData:{""source"":""lastValid""",sysTime:1778079929280,time:1778079930000,speed:0.306,heading:128.36,coordinate:[-76.96731968,-12.23006922,36.59999847],hDop:51,vDop:88},"accessKeyID:""Tsomobile_03ZhM6I4uRjzW""","sign:""vixdsXFCZhRiT0viOpdt5AOjDJ9EXd7l+O8Y8pZK3AQ=""",useCache:true},,,,,,,,,,,,,,,,,,,,,,,,,,,,,,,,,,,,,,,,,,,,,,,,,,
"{""notificationType"":""DataUsage""","sn:""8B5142A5""","vehicleID:""""",dataUsageInKB:0,"tripID:""c2b38b06-efe0-4a94-9ade-0def4ec989f4""","gpsData:{""source"":""lastValid""",time:1778080043000,speed:0.088895,heading:128.36,coordinate:[-76.967316,-12.230075,37.016],hDop:50,vDop:82},"accessKeyID:""Tsomobile_03ZhM6I4uRjzW""","sign:""f0d/HpsOxh6mU8jdzxwnoTpiLwDGr9soVLsKhMXOp4c=""",useCache:true},,,,,,,,,,,,,,,,,,,,,,,,,,,,,,,,,,,,,,,,,,,,,,,,,,,
"{""notificationType"":""TripInfo""","sn:""8B5142A5""","tripID:""c2b38b06-efe0-4a94-9ade-0def4ec989f4""",messageTime:1778080054704,"points:[{""source"":""hardware""",sysTime:1778079954268,gpsTime:1778079955000,speed:0.115,heading:128.36,coordinate:[-76.96731655,-12.2300706,36.83800125],"idleStatus:""Idling""",accumulatedDistance:23123,hDop:55,vDop:93},"{""source"":""hardware""",sysTime:1778079984299,gpsTime:1778079985000,speed:0.065,heading:128.36,coordinate:[-76.96731633,-12.23007185,36.92699814],"idleStatus:""Idling""",accumulatedDistance:23123,hDop:50,vDop:82},"{""source"":""hardware""",sysTime:1778080014289,gpsTime:1778080015000,speed:0.139,heading:128.36,coordinate:[-76.96731603,-12.23007365,36.99200058],"idleStatus:""Idling""",accumulatedDistance:23123,hDop:50,vDop:82},"{""source"":""hardware""",sysTime:1778080044298,gpsTime:1778080045000,speed:0.224,heading:128.36,coordinate:[-76.96731643,-12.23007537,37.0340004],"idleStatus:""Idling""",accumulatedDistance:23123,hDop:50,vDop:82}],obdData:[],"accessKeyID:""Tsomobile_03ZhM6I4uRjzW""","sign:""6kKcMGYsv+LiZPWj1i3jcmYE68M/CSM5hwPx1Xb7MS8=""",useCache:true},,,,,,,,,,,,
"{""notificationType"":""CameraRunningInfo""","sn:""8B5142A5""","tripID:""c2b38b06-efe0-4a94-9ade-0def4ec989f4""",connectionEstablishedTime:1778079819954,time:1778080093949,systemTime:1778080093949,lteSignalStrength:31,gpsSignalStrength:33.22,gpsValidSatellites:28,gpsScannedSatellites:30,vehicleBatteryVoltage:11,oldestBufferedClipTime:1325374305000,oldestMarkedClipTime:1750501531000,triggeredAlarms:0,triggeredEvents:1,"alarmCnt:{""USING_PHONE"":0",HEADWAY_MONITORING_WARNING:0,HEADWAY_MONITORING_EMERGENCY:0,SPEEDING:0,DROWSINESS:0,LANE_DEPARTURE_WARNING:0,OVER_MAX_SPEED:0,PASSENGERS_NO_SEATBELT:0,PEDESTRIAN_COLLISION:0,CYCLIST_COLLISION:0,NO_SEATBELT:0,NO_DRIVER:0,DISTRACTED:0},"natState:{""status"":""disabled""",usageInMB:0},"gpsData:{""source"":""hardware""",time:1778080095000,speed:0.072227,heading:128.36,coordinate:[-76.967314,-12.230078,37.07],hDop:50,vDop:82},"accessKeyID:""Tsomobile_03ZhM6I4uRjzW""","sign:""MDDese8E+p4HCzl3ulgVyHPXMmq2NOhXfm9NE2pXsss=""",useCache:true},,,,,,,,,,,,,,,,,,,,,,,,,,
"{""notificationType"":""IgnitionStatus""","sn:""8B5142A5""","vehicleID:""""","tripID:""c2b38b06-efe0-4a94-9ade-0def4ec989f4""","previousStatus:""driving""","currentStatus:""parking""",changeTime:1778080140926,"gpsData:{""source"":""hardware""",time:1778080142000,speed:0.146308,heading:128.36,coordinate:[-76.967312,-12.230081,36.962],hDop:52,vDop:82},accumulatedDistance:23123,"accessKeyID:""Tsomobile_03ZhM6I4uRjzW""","sign:""RSFnMEURIQAufnQuGusVSZ72/vO95rXU+NVwxXZD1H8=""",useCache:true},,,,,,,,,,,,,,,,,,,,,,,,,,,,,,,,,,,,,,,,,,,,,,,,
"{""notificationType"":""CameraRunningInfo""","sn:""8B5142A5""","tripID:""c2b38b06-efe0-4a94-9ade-0def4ec989f4""",connectionEstablishedTime:1778079819954,time:1778080141981,systemTime:1778080141981,lteSignalStrength:31,gpsSignalStrength:33.28,gpsValidSatellites:28,gpsScannedSatellites:30,vehicleBatteryVoltage:11,oldestBufferedClipTime:1325374305000,oldestMarkedClipTime:1750501531000,triggeredAlarms:0,triggeredEvents:1,"alarmCnt:{""USING_PHONE"":0",HEADWAY_MONITORING_WARNING:0,HEADWAY_MONITORING_EMERGENCY:0,SPEEDING:0,DROWSINESS:0,LANE_DEPARTURE_WARNING:0,OVER_MAX_SPEED:0,PASSENGERS_NO_SEATBELT:0,PEDESTRIAN_COLLISION:0,CYCLIST_COLLISION:0,NO_SEATBELT:0,NO_DRIVER:0,DISTRACTED:0},"natState:{""status"":""disabled""",usageInMB:0},"gpsData:{""source"":""hardware""",time:1778080143000,speed:0.105563,heading:128.36,coordinate:[-76.967312,-12.230081,36.959],hDop:51,vDop:82},"accessKeyID:""Tsomobile_03ZhM6I4uRjzW""","sign:""fzUUUrX8AYBMrwgFe78fy/IRC5gdksP5M7LWAtsg3xg=""",useCache:true},,,,,,,,,,,,,,,,,,,,,,,,,,
"{""notificationType"":""AutoSnapshot""","sn:""8B5142A5""","pictureID:""1212021888419766272""",time:1778080140000,"rotate:""normal""","url:""https://cdn.vidfleet-api.gpstrackit.com/clip/8a4b5e9b4dad4f7595cdf86e5ec8c8ca/default/8B5142A5/1212021888419766272/thumbnails/2044000.jpg?Policy=eyJTdGF0ZW1lbnQiOlt7IlJlc291cmNlIjoiaHR0cHM6Ly9jZG4udmlkZmxlZXQtYXBpLmdwc3RyYWNraXQuY29tL2NsaXAvOGE0YjVlOWI0ZGFkNGY3NTk1Y2RmODZlNWVjOGM4Y2EvZGVmYXVsdC84QjUxNDJBNS8xMjEyMDIxODg4NDE5NzY2MjcyL3RodW1ibmFpbHMvMjA0NDAwMC5qcGciLCJDb25kaXRpb24iOnsiRGF0ZUxlc3NUaGFuIjp7IkFXUzpFcG9jaFRpbWUiOjE3OTM4OTEzNTJ9fX1dfQ__&Signature=okpw3H9TaPznLEe173uM9d2GB~rdfZoZGnGp1GdmVL3h-Hx8KQnnMveBI6nrOg6DvJj9o~vGgX7DqylV9u-PAYO70AcgNgx9YKgWjAWGcBCBmGrOkoCI68RXADZd4GzFHuXOojFGIRQBPtnOEr1q1WBu7GjY6FoMgx-MAN1qWDPxeWtqonxAGhQ8GKeNnuq0pys2e8P8LjC-mBpK2m9V8qyxO6CoAHLTvysN3D-0FO1c7Y7DEqjTeq1H3~0Ekqxub8vKIuBKNdbtAnOm7NeXFGwbGldIKrurEueXOxq4HeMzLd3Dqh7FB5-Cd9a2R7ozw9G19seTQ6sFbe8dedt1HQ__&Key-Pair-Id=K1KFJH9S65S6E2""",fileSize:106113,"tripID:""c2b38b06-efe0-4a94-9ade-0def4ec989f4""","timezone:""-05:00""","gpsData:{""source"":""hardware""",sysTime:1778080139277,time:1778080140000,speed:0.126,heading:128.36,coordinate:[-76.96731243,-12.23008177,36.9620018],hDop:51,vDop:82},"accessKeyID:""Tsomobile_03ZhM6I4uRjzW""","sign:""/TEmULRPnoShF+bS7On0CZ0Og6LBRSXG8KS9tBdyd8k=""",useCache:true},,,,,,,,,,,,,,,,,,,,,,,,,,,,,,,,,,,,,,,,,,,,,,
"{""notificationType"":""TripInfo""","sn:""8B5142A5""","tripID:""c2b38b06-efe0-4a94-9ade-0def4ec989f4""",ignitionStopTime:1778080140926,messageTime:1778080153131,"points:[{""source"":""hardware""",sysTime:1778080074289,gpsTime:1778080075000,speed:0.146,heading:128.36,coordinate:[-76.9673159,-12.23007615,37.11299896],"idleStatus:""Idling""",accumulatedDistance:23123,hDop:50,vDop:82},"{""source"":""hardware""",sysTime:1778080104278,gpsTime:1778080105000,speed:0.304,heading:128.36,coordinate:[-76.96731413,-12.23007928,37.05400085],"idleStatus:""Idling""",accumulatedDistance:23123,hDop:52,vDop:89},"{""source"":""hardware""",sysTime:1778080134316,gpsTime:1778080135000,speed:0.011,heading:128.36,coordinate:[-76.96731277,-12.2300815,36.94400024],"idleStatus:""Idling""",accumulatedDistance:23123,hDop:50,vDop:82},"{""source"":""hardware""",sysTime:1778080140288,gpsTime:1778080141000,speed:0.139,heading:128.36,coordinate:[-76.96731243,-12.23008177,36.9620018],"idleStatus:""Idling""",accumulatedDistance:23123,hDop:50,vDop:81}],obdData:[],"accessKeyID:""Tsomobile_03ZhM6I4uRjzW""","sign:""f1dfo2UwsnNn/ykA5FMpypYe1GPtbRVYsOh63Hdwnn4=""",useCache:true},,,,,,,,,,,
"{""notificationType"":""CameraRunningInfo""","sn:""8B5142A5""","tripID:""c2b38b06-efe0-4a94-9ade-0def4ec989f4""",connectionEstablishedTime:1778079819954,time:1778080428937,systemTime:1778080428937,lteSignalStrength:31,gpsSignalStrength:33.48,gpsValidSatellites:27,gpsScannedSatellites:30,vehicleBatteryVoltage:11,oldestBufferedClipTime:1325374305000,oldestMarkedClipTime:1750501531000,triggeredAlarms:0,triggeredEvents:1,"alarmCnt:{""USING_PHONE"":0",HEADWAY_MONITORING_WARNING:0,HEADWAY_MONITORING_EMERGENCY:0,SPEEDING:0,DROWSINESS:0,LANE_DEPARTURE_WARNING:0,OVER_MAX_SPEED:0,PASSENGERS_NO_SEATBELT:0,PEDESTRIAN_COLLISION:0,CYCLIST_COLLISION:0,NO_SEATBELT:0,NO_DRIVER:0,DISTRACTED:0},"natState:{""status"":""disabled""",usageInMB:0},"gpsData:{""source"":""hardware""",time:1778080430000,speed:0.564859,heading:128.36,coordinate:[-76.9673,-12.230097,36.687],hDop:52,vDop:83},"accessKeyID:""Tsomobile_03ZhM6I4uRjzW""","sign:""2aD2bE2AGI2NX6SXJQwOygpJ8HoRhTvT5CSL/MxSMMo=""",useCache:true},,,,,,,,,,,,,,,,,,,,,,,,,,
"{""notificationType"":""IgnitionStatus""","sn:""8B5142A5""","vehicleID:""""","tripID:""24e320b5-e3d4-492b-9c83-4317df9fe177""","previousStatus:""parking""","currentStatus:""driving""",changeTime:1778080588589,"gpsData:{""source"":""hardware""",time:1778080589000,speed:0.21298,heading:128.36,coordinate:[-76.967268,-12.230139,36.636],hDop:52,vDop:79},accumulatedDistance:0,"accessKeyID:""Tsomobile_03ZhM6I4uRjzW""","sign:""pRwbPMm1duepoDmiw3MXHtvvmUzsElcJFMtWBDP9j+8=""",useCache:true},,,,,,,,,,,,,,,,,,,,,,,,,,,,,,,,,,,,,,,,,,,,,,,,
"{""notificationType"":""AutoSnapshot""","sn:""8B5142A5""","pictureID:""1212023751777067008""",time:1778080586000,"rotate:""normal""","url:""https://cdn.vidfleet-api.gpstrackit.com/clip/8a4b5e9b4dad4f7595cdf86e5ec8c8ca/default/8B5142A5/1212023751777067008/thumbnails/112000.jpg?Policy=eyJTdGF0ZW1lbnQiOlt7IlJlc291cmNlIjoiaHR0cHM6Ly9jZG4udmlkZmxlZXQtYXBpLmdwc3RyYWNraXQuY29tL2NsaXAvOGE0YjVlOWI0ZGFkNGY3NTk1Y2RmODZlNWVjOGM4Y2EvZGVmYXVsdC84QjUxNDJBNS8xMjEyMDIzNzUxNzc3MDY3MDA4L3RodW1ibmFpbHMvMTEyMDAwLmpwZyIsIkNvbmRpdGlvbiI6eyJEYXRlTGVzc1RoYW4iOnsiQVdTOkVwb2NoVGltZSI6MTc5Mzg5MTc5Nn19fV19&Signature=b8sNRr~wcpC01jG-59iSsA1ZDsCqbMhTMcam~vaG0O2lPVUP48yQRPybJiZsM22LQ2r9cAe6c3DpKpUnMnsXNVeCoDMSaM4xIal~GDzHOcOH-GKLWW7SDUCVtpMFmJ6SbKFOZb78J2gjplgabcOxg-BQJLaZZoqX0J8o9MJJcUIMGPUDwVEz3kaNIKSDKse0qAggPxeamDgOQA7eS81zFVuv5Nul8AoPtGVX15Fl1d-IC6tkV28eacy7Srx9SH1oCZjJolXkJj3DzpA3kPeHYPmwniBaPGRuPYsIYa30aRFPiaXHM2N6hP-FZMljXgXPT9i6eLXokH0NbSLpU1q-aA__&Key-Pair-Id=K1KFJH9S65S6E2""",fileSize:106233,"tripID:""24e320b5-e3d4-492b-9c83-4317df9fe177""","timezone:""-05:00""","gpsData:{""source"":""hardware""",sysTime:1778080585059,time:1778080586000,speed:0.169,heading:128.36,coordinate:[-76.96726885,-12.23013918,36.59899902],hDop:50,vDop:79},"accessKeyID:""Tsomobile_03ZhM6I4uRjzW""","sign:""LU+3fMSaceQlmUgwj4ox/ZyjdVSM6Bp6+ieU38uqnPI=""",useCache:true},,,,,,,,,,,,,,,,,,,,,,,,,,,,,,,,,,,,,,,,,,,,,,
"{""notificationType"":""TripInfo""","sn:""8B5142A5""","tripID:""24e320b5-e3d4-492b-9c83-4317df9fe177""",messageTime:1778080716150,"points:[{""source"":""hardware""",sysTime:1778080618259,gpsTime:1778080619000,speed:0.228,heading:128.36,coordinate:[-76.96727313,-12.23013365,37.36700058],"idleStatus:""Unknown""",accumulatedDistance:0,hDop:52,vDop:81},"{""source"":""hardware""",sysTime:1778080648249,gpsTime:1778080649000,speed:0.063,heading:128.36,coordinate:[-76.96727322,-12.23013362,37.31900024],"idleStatus:""Unknown""",accumulatedDistance:0,hDop:50,vDop:79},"{""source"":""hardware""",sysTime:1778080678259,gpsTime:1778080679000,speed:0.176,heading:128.36,coordinate:[-76.96727655,-12.23013155,36.86100006],"idleStatus:""Idling""",accumulatedDistance:0,hDop:51,vDop:80},"{""source"":""hardware""",sysTime:1778080708248,gpsTime:1778080709000,speed:0.074,heading:128.36,coordinate:[-76.96727762,-12.23012938,36.5530014],"idleStatus:""Idling""",accumulatedDistance:0,hDop:54,vDop:90}],obdData:[],"accessKeyID:""Tsomobile_03ZhM6I4uRjzW""","sign:""d2L8RzFKb14ZlRKu3MC+HU4sH+8vUq2Ew+4dBgdlv0Q=""",useCache:true},,,,,,,,,,,,
"{""notificationType"":""CameraRunningInfo""","sn:""8B5142A5""","tripID:""24e320b5-e3d4-492b-9c83-4317df9fe177""",connectionEstablishedTime:1778080488680,time:1778080816836,systemTime:1778080816836,lteSignalStrength:31,gpsSignalStrength:33.25,gpsValidSatellites:27,gpsScannedSatellites:31,vehicleBatteryVoltage:11,oldestBufferedClipTime:1325374305000,oldestMarkedClipTime:1750501531000,triggeredAlarms:0,triggeredEvents:0,"alarmCnt:{""USING_PHONE"":0",HEADWAY_MONITORING_WARNING:0,HEADWAY_MONITORING_EMERGENCY:0,SPEEDING:0,DROWSINESS:0,LANE_DEPARTURE_WARNING:0,OVER_MAX_SPEED:0,PASSENGERS_NO_SEATBELT:0,PEDESTRIAN_COLLISION:0,CYCLIST_COLLISION:0,NO_SEATBELT:0,NO_DRIVER:0,DISTRACTED:0},"natState:{""status"":""disabled""",usageInMB:0},"gpsData:{""source"":""hardware""",time:1778080818000,speed:0.038892,heading:128.36,coordinate:[-76.967281,-12.230125,35.736],hDop:56,vDop:97},"accessKeyID:""Tsomobile_03ZhM6I4uRjzW""","sign:""VjeSsiFS4TEBSOif2UyhER+p9i6TyTFwADGXk+9zNA4=""",useCache:true},,,,,,,,,,,,,,,,,,,,,,,,,,
"{""notificationType"":""TripInfo""","sn:""8B5142A5""","tripID:""24e320b5-e3d4-492b-9c83-4317df9fe177""",messageTime:1778080837878,"points:[{""source"":""hardware""",sysTime:1778080738268,gpsTime:1778080739000,speed:0.174,heading:128.36,coordinate:[-76.9672814,-12.23012725,36.4640007],"idleStatus:""Idling""",accumulatedDistance:0,hDop:50,vDop:84},"{""source"":""hardware""",sysTime:1778080768245,gpsTime:1778080769000,speed:0.252,heading:128.36,coordinate:[-76.9672814,-12.23012663,35.8219986],"idleStatus:""Idling""",accumulatedDistance:0,hDop:52,vDop:89},"{""source"":""hardware""",sysTime:1778080798244,gpsTime:1778080799000,speed:0.148,heading:128.36,coordinate:[-76.96728105,-12.23012577,35.85200119],"idleStatus:""Idling""",accumulatedDistance:0,hDop:56,vDop:97},"{""source"":""hardware""",sysTime:1778080828244,gpsTime:1778080829000,speed:0.233,heading:128.36,coordinate:[-76.96727918,-12.23012538,35.61700058],"idleStatus:""Idling""",accumulatedDistance:0,hDop:52,vDop:87}],obdData:[],"accessKeyID:""Tsomobile_03ZhM6I4uRjzW""","sign:""k6CD/cRKdOiLxFTyFMKdMDzT2bQQvVverygw7zWKVRw=""",useCache:true},,,,,,,,,,,,
"{""notificationType"":""IgnitionStatus""","sn:""8B5142A5""","vehicleID:""""","tripID:""24e320b5-e3d4-492b-9c83-4317df9fe177""","previousStatus:""driving""","currentStatus:""parking""",changeTime:1778080912820,"gpsData:{""source"":""hardware""",time:1778080914000,speed:0.125936,heading:128.36,coordinate:[-76.96728,-12.230121,34.781],hDop:52,vDop:87},accumulatedDistance:0,"accessKeyID:""Tsomobile_03ZhM6I4uRjzW""","sign:""sj28NsKqD/BgmpSzu7X5/rp1EYQUS725BeNRgl0FuVo=""",useCache:true},,,,,,,,,,,,,,,,,,,,,,,,,,,,,,,,,,,,,,,,,,,,,,,,
"{""notificationType"":""CameraRunningInfo""","sn:""8B5142A5""","tripID:""24e320b5-e3d4-492b-9c83-4317df9fe177""",connectionEstablishedTime:1778080488680,time:1778080913870,systemTime:1778080913870,lteSignalStrength:31,gpsSignalStrength:33.47,gpsValidSatellites:24,gpsScannedSatellites:29,vehicleBatteryVoltage:11,oldestBufferedClipTime:1325374305000,oldestMarkedClipTime:1750501531000,triggeredAlarms:0,triggeredEvents:0,"alarmCnt:{""USING_PHONE"":0",HEADWAY_MONITORING_WARNING:0,HEADWAY_MONITORING_EMERGENCY:0,SPEEDING:0,DROWSINESS:0,LANE_DEPARTURE_WARNING:0,OVER_MAX_SPEED:0,PASSENGERS_NO_SEATBELT:0,PEDESTRIAN_COLLISION:0,CYCLIST_COLLISION:0,NO_SEATBELT:0,NO_DRIVER:0,DISTRACTED:0},"natState:{""status"":""disabled""",usageInMB:0},"gpsData:{""source"":""hardware""",time:1778080915000,speed:0.220387,heading:128.36,coordinate:[-76.96728,-12.230121,34.789],hDop:56,vDop:94},"accessKeyID:""Tsomobile_03ZhM6I4uRjzW""","sign:""X+xSSmWbqC/t5IMfyAAbWHHm9GBlUKZfyMNSBOCnXuI=""",useCache:true},,,,,,,,,,,,,,,,,,,,,,,,,,
"{""notificationType"":""AutoSnapshot""","sn:""8B5142A5""","pictureID:""1212025120718200832""",time:1778080909000,"rotate:""normal""","url:""https://cdn.vidfleet-api.gpstrackit.com/clip/8a4b5e9b4dad4f7595cdf86e5ec8c8ca/default/8B5142A5/1212025120718200832/thumbnails/319000.jpg?Policy=eyJTdGF0ZW1lbnQiOlt7IlJlc291cmNlIjoiaHR0cHM6Ly9jZG4udmlkZmxlZXQtYXBpLmdwc3RyYWNraXQuY29tL2NsaXAvOGE0YjVlOWI0ZGFkNGY3NTk1Y2RmODZlNWVjOGM4Y2EvZGVmYXVsdC84QjUxNDJBNS8xMjEyMDI1MTIwNzE4MjAwODMyL3RodW1ibmFpbHMvMzE5MDAwLmpwZyIsIkNvbmRpdGlvbiI6eyJEYXRlTGVzc1RoYW4iOnsiQVdTOkVwb2NoVGltZSI6MTc5Mzg5MjEyMn19fV19&Signature=GmG673mU8TIMQJUkt8dBCFBPPRGXEYgJh0WXw9QtFl5-UlVSNwj6oaWm4bvF~I8--bgLZ-A9FAInj4spv8LzFKwHqQBpJRIVCNVU9q5Ifvx0MareEXXI-KC7rKcs1UtONNArX~b7e5ZJirSMZN4YWsiYlLT2s~XHMQNrQgEMUmQPNKwaHsatMQujN2C0bM0XlVHuTP4rZ5roM8~dqX8Jyvo3tIReA-BuqjxJ3TrkTVdCBKoO9nekjPSPTY3UyN81hbfoRJpHGSdSDhvkIm0sOB7Lfr7deIH0wnV8Q01GNX9hhRE~ccWdHATErrsmduK5D7G1uBtD95ZN~Cjcy30ymw__&Key-Pair-Id=K1KFJH9S65S6E2""",fileSize:106502,"tripID:""24e320b5-e3d4-492b-9c83-4317df9fe177""","timezone:""-05:00""","gpsData:{""source"":""hardware""",sysTime:1778080908243,time:1778080909000,speed:0.063,heading:128.36,coordinate:[-76.96728058,-12.23012232,34.78699875],hDop:55,vDop:90},"accessKeyID:""Tsomobile_03ZhM6I4uRjzW""","sign:""nj6Ww69FIkvg2oF31dbZrwkp9UzJ6ipJcazbGBklKcA=""",useCache:true},,,,,,,,,,,,,,,,,,,,,,,,,,,,,,,,,,,,,,,,,,,,,,
"{""notificationType"":""TripInfo""","sn:""8B5142A5""","tripID:""24e320b5-e3d4-492b-9c83-4317df9fe177""",ignitionStopTime:1778080912820,messageTime:1778080924063,"points:[{""source"":""hardware""",sysTime:1778080858253,gpsTime:1778080859000,speed:0.126,heading:128.36,coordinate:[-76.967278,-12.23012465,35.23600006],"idleStatus:""Idling""",accumulatedDistance:0,hDop:52,vDop:88},"{""source"":""hardware""",sysTime:1778080888253,gpsTime:1778080889000,speed:0.159,heading:128.36,coordinate:[-76.9672805,-12.23012297,34.84400177],"idleStatus:""Idling""",accumulatedDistance:0,hDop:52,vDop:87},"{""source"":""hardware""",sysTime:1778080895253,gpsTime:1778080896000,speed:0.081,heading:128.36,coordinate:[-76.96728063,-12.2301228,34.83300018],"idleStatus:""Idling""",accumulatedDistance:0,hDop:52,vDop:87}],obdData:[],"accessKeyID:""Tsomobile_03ZhM6I4uRjzW""","sign:""VSNNQmlWjMr/CMvqumkUNIhIOc3CTs/P48pDTV8QJmU=""",useCache:true},,,,,,,,,,,,,,,,,,,,,,,
"{""notificationType"":""DataUsage""","sn:""8B5142A5""","vehicleID:""""",dataUsageInKB:0,"tripID:""""","gpsData:{""source"":""lastValid""",time:1778080955000,speed:0.038892,heading:128.36,coordinate:[-76.967281,-12.230121,34.752],hDop:55,vDop:93},"accessKeyID:""Tsomobile_03ZhM6I4uRjzW""","sign:""nRmylsWGe6LcfbQxk/Yjd0K6maw4/ZUGa4hqHF1MsYk=""",useCache:true},,,,,,,,,,,,,,,,,,,,,,,,,,,,,,,,,,,,,,,,,,,,,,,,,,,
"{""notificationType"":""IgnitionStatus""","sn:""8B5142A5""","vehicleID:""""","tripID:""5c932d3b-4b65-4b18-9b2c-cc6689f5a08b""","previousStatus:""parking""","currentStatus:""driving""",changeTime:1778081025259,"gpsData:{""source"":""hardware""",time:1778081026000,speed:20.536827,heading:132.639999,coordinate:[-76.96713,-12.230254,33.248],hDop:55,vDop:89},accumulatedDistance:0,"accessKeyID:""Tsomobile_03ZhM6I4uRjzW""","sign:""HxjHv84qUcrkMNoA48rsG+VRf8d3rOfg68PvGyGSNiQ=""",useCache:true},,,,,,,,,,,,,,,,,,,,,,,,,,,,,,,,,,,,,,,,,,,,,,,,
"{""notificationType"":""TripInfo""","sn:""8B5142A5""","tripID:""5c932d3b-4b65-4b18-9b2c-cc6689f5a08b""",ignitionStartTime:1778081025259,messageTime:1778081032511,"points:[{""source"":""hardware""",sysTime:1778081026000,gpsTime:1778081026000,speed:20.536827,heading:132.639999,coordinate:[-76.96713,-12.230254,33.248],"idleStatus:""Moving""",accumulatedDistance:0,hDop:55,vDop:89}],obdData:[],"accessKeyID:""Tsomobile_03ZhM6I4uRjzW""","sign:""pi1R+NMyTWswxJMs53brmbbvBgqJPlWMCJcJ/ouU00c=""",useCache:true},,,,,,,,,,,,,,,,,,,,,,,,,,,,,,,,,,,,,,,,,,,,,,,
"{""notificationType"":""AutoSnapshot""","sn:""8B5142A5""","pictureID:""1212025587753951232""",time:1778081024000,"rotate:""normal""","url:""https://cdn.vidfleet-api.gpstrackit.com/clip/8a4b5e9b4dad4f7595cdf86e5ec8c8ca/default/8B5142A5/1212025587753951232/thumbnails/109000.jpg?Policy=eyJTdGF0ZW1lbnQiOlt7IlJlc291cmNlIjoiaHR0cHM6Ly9jZG4udmlkZmxlZXQtYXBpLmdwc3RyYWNraXQuY29tL2NsaXAvOGE0YjVlOWI0ZGFkNGY3NTk1Y2RmODZlNWVjOGM4Y2EvZGVmYXVsdC84QjUxNDJBNS8xMjEyMDI1NTg3NzUzOTUxMjMyL3RodW1ibmFpbHMvMTA5MDAwLmpwZyIsIkNvbmRpdGlvbiI6eyJEYXRlTGVzc1RoYW4iOnsiQVdTOkVwb2NoVGltZSI6MTc5Mzg5MjIzNn19fV19&Signature=XMBU-cVVFrWuFG4C~rAQkHO3HimxGzVTXYUIcbCwYG3KxJEzc3O1q1OAXHHkk1A77q~QFGUnMp~T9KlsJaEiI0VE2555YDwTgOE229KJL6JbP09P9Z9px8X4o8p2S3iMKA9rXJiSjg~Gwo0~qA8eQDYksFrMMBSyj49XFR2skrvGQdRJL2esFWPCt5KWBd5gySFKkJqH2ofio7aH845jWwYE6LSmiSv9iPI5HpaG3bfZsDDIgMzNuUom6nVY8JMK92Ivnir1SF9DEUt3UFnYlYb1OtWpq5Z~4zbJfcCo6lRZ19MDqFsXV9xjtEJMdMp4F29kg-e-f4RTIvFFUoHP8A__&Key-Pair-Id=K1KFJH9S65S6E2""",fileSize:98616,"tripID:""5c932d3b-4b65-4b18-9b2c-cc6689f5a08b""","timezone:""-05:00""","gpsData:{""source"":""hardware""",sysTime:1778081023309,time:1778081024000,speed:11.158,heading:137.08,coordinate:[-76.96719327,-12.23020127,33.2120018],hDop:52,vDop:86},"accessKeyID:""Tsomobile_03ZhM6I4uRjzW""","sign:""t/Iw0B+0AHHG+dy/+3BgQmXnyhQN5ZZUL1RgCfPDqf8=""",useCache:true},,,,,,,,,,,,,,,,,,,,,,,,,,,,,,,,,,,,,,,,,,,,,,
"{""notificationType"":""DataUsage""","sn:""8B5142A5""","vehicleID:""""",dataUsageInKB:0,"tripID:""5c932d3b-4b65-4b18-9b2c-cc6689f5a08b""","gpsData:{""source"":""lastValid""",time:1778081041000,speed:48.329792,heading:121.080001,coordinate:[-76.966045,-12.231047,35.057],hDop:55,vDop:90},"accessKeyID:""Tsomobile_03ZhM6I4uRjzW""","sign:""i9XY3VR74S1cpI1VymPpZwm2Vt5Hx7Tx0jVOMQP+2pw=""",useCache:true},,,,,,,,,,,,,,,,,,,,,,,,,,,,,,,,,,,,,,,,,,,,,,,,,,,
"{""notificationType"":""CameraRunningInfo""","sn:""8B5142A5""","tripID:""5c932d3b-4b65-4b18-9b2c-cc6689f5a08b""",connectionEstablishedTime:1778080488680,time:1778081151846,systemTime:1778081151846,lteSignalStrength:31,gpsSignalStrength:34.33,gpsValidSatellites:25,gpsScannedSatellites:29,vehicleBatteryVoltage:11,oldestBufferedClipTime:1325374305000,oldestMarkedClipTime:1750501531000,triggeredAlarms:0,triggeredEvents:0,"alarmCnt:{""USING_PHONE"":0",HEADWAY_MONITORING_WARNING:0,HEADWAY_MONITORING_EMERGENCY:0,SPEEDING:0,DROWSINESS:0,LANE_DEPARTURE_WARNING:0,OVER_MAX_SPEED:0,PASSENGERS_NO_SEATBELT:0,PEDESTRIAN_COLLISION:0,CYCLIST_COLLISION:0,NO_SEATBELT:0,NO_DRIVER:0,DISTRACTED:0},"natState:{""status"":""disabled""",usageInMB:0},"gpsData:{""source"":""hardware""",time:1778081153000,speed:73.479949,heading:118.54,coordinate:[-76.949312,-12.239738,45.409],hDop:60,vDop:95},"accessKeyID:""Tsomobile_03ZhM6I4uRjzW""","sign:""f3e+S6Ba+/tpBQbQjf6MyXc6YaCZYuKbTgtcGHwPz9c=""",useCache:true},,,,,,,,,,,,,,,,,,,,,,,,,,
"{""notificationType"":""TripInfo""","sn:""8B5142A5""","tripID:""5c932d3b-4b65-4b18-9b2c-cc6689f5a08b""",messageTime:1778081153888,"points:[{""source"":""hardware""",sysTime:1778081055318,gpsTime:1778081056000,speed:69.248,heading:118.16,coordinate:[-76.9639632,-12.23214103,34.54999924],"idleStatus:""Moving""",accumulatedDistance:407,hDop:55,vDop:88},"{""source"":""hardware""",sysTime:1778081085313,gpsTime:1778081086000,speed:61.912,heading:118.06,coordinate:[-76.959058,-12.23466452,42.35599899],"idleStatus:""Moving""",accumulatedDistance:1008,hDop:56,vDop:90},"{""source"":""hardware""",sysTime:1778081115316,gpsTime:1778081116000,speed:58.073,heading:118.13,coordinate:[-76.9550309,-12.23677033,47.55699921],"idleStatus:""Moving""",accumulatedDistance:1511,hDop:55,vDop:92},"{""source"":""hardware""",sysTime:1778081145318,gpsTime:1778081146000,speed:70.426,heading:118.06,coordinate:[-76.95042948,-12.23917353,46.82300186],"idleStatus:""Moving""",accumulatedDistance:2073,hDop:57,vDop:93}],obdData:[],"accessKeyID:""Tsomobile_03ZhM6I4uRjzW""","sign:""qWsVOAkiwHJnag7/aTQvUpGZgiARXx/b+gY/bNQJ2YQ=""",useCache:true},,,,,,,,,,,,
"{""notificationType"":""DataUsage""","sn:""8B5142A5""","vehicleID:""""",dataUsageInKB:0,"tripID:""5c932d3b-4b65-4b18-9b2c-cc6689f5a08b""","gpsData:{""source"":""lastValid""",time:1778081153000,speed:73.479949,heading:118.54,coordinate:[-76.949312,-12.239738,45.409],hDop:60,vDop:95},"accessKeyID:""Tsomobile_03ZhM6I4uRjzW""","sign:""UwxC82GR8mE5MWlJMioV9Um+fEnqnvgmrqdOOIY9CUo=""",useCache:true},,,,,,,,,,,,,,,,,,,,,,,,,,,,,,,,,,,,,,,,,,,,,,,,,,,
"{""notificationType"":""TripInfo""","sn:""8B5142A5""","tripID:""5c932d3b-4b65-4b18-9b2c-cc6689f5a08b""",messageTime:1778081274835,"points:[{""source"":""hardware""",sysTime:1778081175288,gpsTime:1778081176000,speed:75.913,heading:116.74,coordinate:[-76.94538398,-12.24175907,40.90100098],"idleStatus:""Moving""",accumulatedDistance:2686,hDop:64,vDop:104},"{""source"":""hardware""",sysTime:1778081205286,gpsTime:1778081206000,speed:71.189,heading:117.56,coordinate:[-76.94038953,-12.24432428,36.09899902],"idleStatus:""Moving""",accumulatedDistance:3297,hDop:65,vDop:105},"{""source"":""hardware""",sysTime:1778081235295,gpsTime:1778081236000,speed:75.68,heading:119.61,coordinate:[-76.93534387,-12.24699618,41.54899979],"idleStatus:""Moving""",accumulatedDistance:3913,hDop:63,vDop:104},"{""source"":""hardware""",sysTime:1778081265310,gpsTime:1778081266000,speed:71.445,heading:126.87,coordinate:[-76.93089533,-12.25013093,43.65100098],"idleStatus:""Moving""",accumulatedDistance:4509,hDop:55,vDop:95}],obdData:[],"accessKeyID:""Tsomobile_03ZhM6I4uRjzW""","sign:""2FfslXI8mNr48edO3psJ471KbDn+wukjUraU1wqhpoQ=""",useCache:true},,,,,,,,,,,,
"{""notificationType"":""TripInfo""","sn:""8B5142A5""","tripID:""5c932d3b-4b65-4b18-9b2c-cc6689f5a08b""",messageTime:1778081396281,"points:[{""source"":""hardware""",sysTime:1778081295295,gpsTime:1778081296000,speed:74.904,heading:120.67,coordinate:[-76.9265669,-12.25330898,36.15100098],"idleStatus:""Moving""",accumulatedDistance:5097,hDop:55,vDop:95},"{""source"":""hardware""",sysTime:1778081325311,gpsTime:1778081326000,speed:73.213,heading:120.43,coordinate:[-76.92158062,-12.25614725,33.56999969],"idleStatus:""Moving""",accumulatedDistance:5725,hDop:63,vDop:112},"{""source"":""hardware""",sysTime:1778081355315,gpsTime:1778081356000,speed:77.415,heading:121.79,coordinate:[-76.91677325,-12.25924018,34.45199966],"idleStatus:""Moving""",accumulatedDistance:6350,hDop:58,vDop:99},"{""source"":""hardware""",sysTime:1778081385307,gpsTime:1778081386000,speed:85.457,heading:123.61,coordinate:[-76.91148995,-12.26255905,35.375],"idleStatus:""Moving""",accumulatedDistance:7026,hDop:62,vDop:93}],obdData:[],"accessKeyID:""Tsomobile_03ZhM6I4uRjzW""","sign:""Fi/GRmyKL871QAsbHeGlzLvkvGwEBKCZqsoBo5XYPWw=""",useCache:true},,,,,,,,,,,,
"{""notificationType"":""CameraRunningInfo""","sn:""8B5142A5""","tripID:""5c932d3b-4b65-4b18-9b2c-cc6689f5a08b""",connectionEstablishedTime:1778080488680,time:1778081482840,systemTime:1778081482840,lteSignalStrength:31,gpsSignalStrength:32.77,gpsValidSatellites:22,gpsScannedSatellites:29,vehicleBatteryVoltage:11,oldestBufferedClipTime:1325374305000,oldestMarkedClipTime:1750501531000,triggeredAlarms:0,triggeredEvents:0,"alarmCnt:{""USING_PHONE"":0",HEADWAY_MONITORING_WARNING:0,HEADWAY_MONITORING_EMERGENCY:0,SPEEDING:0,DROWSINESS:0,LANE_DEPARTURE_WARNING:0,OVER_MAX_SPEED:0,PASSENGERS_NO_SEATBELT:0,PEDESTRIAN_COLLISION:0,CYCLIST_COLLISION:0,NO_SEATBELT:0,NO_DRIVER:0,DISTRACTED:0},"natState:{""status"":""disabled""",usageInMB:0},"gpsData:{""source"":""hardware""",time:1778081484000,speed:33.53046,heading:126,coordinate:[-76.897323,-12.27146,32.299],hDop:61,vDop:93},"accessKeyID:""Tsomobile_03ZhM6I4uRjzW""","sign:""VnsID1+xeE2JOlbIpKFTSMz7MlJ3JodoVloDIcqcZo4=""",useCache:true},,,,,,,,,,,,,,,,,,,,,,,,,,
"{""notificationType"":""TripInfo""","sn:""8B5142A5""","tripID:""5c932d3b-4b65-4b18-9b2c-cc6689f5a08b""",messageTime:1778081516988,"points:[{""source"":""hardware""",sysTime:1778081415305,gpsTime:1778081416000,speed:69.456,heading:122.3,coordinate:[-76.9062347,-12.26588652,30.29100037],"idleStatus:""Moving""",accumulatedDistance:7704,hDop:58,vDop:89},"{""source"":""hardware""",sysTime:1778081445308,gpsTime:1778081446000,speed:63.181,heading:121.9,coordinate:[-76.90225928,-12.26837815,29.09700012],"idleStatus:""Moving""",accumulatedDistance:8218,hDop:61,vDop:89},"{""source"":""hardware""",sysTime:1778081475314,gpsTime:1778081476000,speed:53.804,heading:122.46,coordinate:[-76.89806335,-12.27097325,32.20800018],"idleStatus:""Moving""",accumulatedDistance:8760,hDop:57,vDop:87},"{""source"":""hardware""",sysTime:1778081505307,gpsTime:1778081506000,speed:0.456,heading:112.02,coordinate:[-76.8968488,-12.27203742,38.01599884],"idleStatus:""Unknown""",accumulatedDistance:8931,hDop:72,vDop:100}],obdData:[],"accessKeyID:""Tsomobile_03ZhM6I4uRjzW""","sign:""iyk4JgcA87UYdwLWYRvPJ9p3/FnwUhUJV4eMA8scAzA=""",useCache:true},,,,,,,,,,,,
"{""notificationType"":""PowerEvent""","sn:""8B5142A5""","vehicleID:""""","tripID:""""","reason:""lostWhileDriving""",removedTime:1778081559838,connectedTime:-1,"poweredBy:""battery""","lastGps:{""source"":""hardware""",time:1778081561000,speed:0.21298,heading:112.019996,coordinate:[-76.896841,-12.272047,37.043],hDop:52,vDop:84},"lastGpsData:{""source"":""hardware""",time:1778081561000,speed:0.21298,heading:112.019996,coordinate:[-76.896841,-12.272047,37.043],hDop:52,vDop:84},"gpsData:{""source"":""hardware""",time:1778081563000,speed:0.085192,heading:112.019996,coordinate:[-76.896841,-12.272046,37.086],hDop:51,vDop:83},"accessKeyID:""Tsomobile_03ZhM6I4uRjzW""","sign:""MtDclrdpeQumJFA6wtGBM6p5kfsMR/zt1Yw4Gpnte8s=""",useCache:true},,,,,,,,,,,,,,,,,,,,,,,,,,,,,,
"{""notificationType"":""AutoSnapshot""","sn:""8B5142A5""","pictureID:""1212028112699793408""",time:1778081627000,"rotate:""normal""","url:""https://cdn.vidfleet-api.gpstrackit.com/clip/8a4b5e9b4dad4f7595cdf86e5ec8c8ca/default/8B5142A5/1212028112699793408/thumbnails/600000.jpg?Policy=eyJTdGF0ZW1lbnQiOlt7IlJlc291cmNlIjoiaHR0cHM6Ly9jZG4udmlkZmxlZXQtYXBpLmdwc3RyYWNraXQuY29tL2NsaXAvOGE0YjVlOWI0ZGFkNGY3NTk1Y2RmODZlNWVjOGM4Y2EvZGVmYXVsdC84QjUxNDJBNS8xMjEyMDI4MTEyNjk5NzkzNDA4L3RodW1ibmFpbHMvNjAwMDAwLmpwZyIsIkNvbmRpdGlvbiI6eyJEYXRlTGVzc1RoYW4iOnsiQVdTOkVwb2NoVGltZSI6MTc5Mzg5Mjg0MH19fV19&Signature=XIKWKUiiUq5doNkHXD2BcGKp~qNXpIvwO0uMakPyYfx7wsr3ZEIeIVUepkTntQ4ZtcpIDA85veOQWNkTmGu8UYgoEHKmjf1R6WlHsVfhWn6jIeLwNztcDx0HG2aD7inuuoZ57B2HeoHLyik5328leo0Dy9m2ldi7cnJ0a8QDBnKAUNDNzrkfecN3YmcCEMeoyAB57eLWIw8sxSZPVF8au0blFzWtcI3QnhtVi2qiFpjVhGSJCJvQGJU1FQHFpzFnM0f2x5oMP3r74xrDwHDKKrtucHDyoF9dKXv78X2Oh0zkrR9tBp-wH1COjXmoYZ6N-UHpPt7deOa-KtXo1CfSgw__&Key-Pair-Id=K1KFJH9S65S6E2""",fileSize:57325,"tripID:""5c932d3b-4b65-4b18-9b2c-cc6689f5a08b""","timezone:""-05:00""","gpsData:{""source"":""hardware""",sysTime:1778081626303,time:1778081627000,speed:0.272,heading:112.02,coordinate:[-76.89684107,-12.27205042,36.98199844],hDop:54,vDop:86},"accessKeyID:""Tsomobile_03ZhM6I4uRjzW""","sign:""FMZTqzXnJ+mmrV7bxnRynMFtyDu+BhJaO5jbHYJ48WM=""",useCache:true},,,,,,,,,,,,,,,,,,,,,,,,,,,,,,,,,,,,,,,,,,,,,,
"{""notificationType"":""TripInfo""","sn:""8B5142A5""","tripID:""5c932d3b-4b65-4b18-9b2c-cc6689f5a08b""",messageTime:1778081641858,"points:[{""source"":""hardware""",sysTime:1778081535314,gpsTime:1778081536000,speed:0.489,heading:112.02,coordinate:[-76.89684873,-12.27204255,37.22000122],"idleStatus:""Unknown""",accumulatedDistance:8931,hDop:56,vDop:88},"{""source"":""hardware""",sysTime:1778081565304,gpsTime:1778081566000,speed:0.172,heading:112.02,coordinate:[-76.89684098,-12.2720445,37.25799942],"idleStatus:""Idling""",accumulatedDistance:8931,hDop:55,vDop:85},"{""source"":""hardware""",sysTime:1778081595303,gpsTime:1778081596000,speed:0.159,heading:112.02,coordinate:[-76.89683878,-12.2720477,37.19499969],"idleStatus:""Idling""",accumulatedDistance:8931,hDop:55,vDop:93},"{""source"":""hardware""",sysTime:1778081625312,gpsTime:1778081626000,speed:0.222,heading:112.02,coordinate:[-76.89684105,-12.27205033,36.96500015],"idleStatus:""Idling""",accumulatedDistance:8931,hDop:54,vDop:85}],obdData:[],"accessKeyID:""Tsomobile_03ZhM6I4uRjzW""","sign:""ypO9t++/VEi5x1qLd+TVYnh1BisB/cb4Otc7cNZGsKw=""",useCache:true},,,,,,,,,,,,
"{""notificationType"":""IgnitionStatus""","sn:""8B5142A5""","vehicleID:""""","tripID:""5c932d3b-4b65-4b18-9b2c-cc6689f5a08b""","previousStatus:""driving""","currentStatus:""parking""",changeTime:1778081644825,"gpsData:{""source"":""hardware""",time:1778081646000,speed:0.107415,heading:112.019996,coordinate:[-76.89684,-12.272049,36.988],hDop:56,vDop:87},accumulatedDistance:8931,"accessKeyID:""Tsomobile_03ZhM6I4uRjzW""","sign:""fFnWQTFQfkwNQdLfvdcN3WXOtoCig+BnOQkqufeeOOI=""",useCache:true},,,,,,,,,,,,,,,,,,,,,,,,,,,,,,,,,,,,,,,,,,,,,,,,
"{""notificationType"":""CameraRunningInfo""","sn:""8B5142A5""","tripID:""5c932d3b-4b65-4b18-9b2c-cc6689f5a08b""",connectionEstablishedTime:1778080488680,time:1778081645851,systemTime:1778081645851,lteSignalStrength:31,gpsSignalStrength:32.88,gpsValidSatellites:24,gpsScannedSatellites:29,vehicleBatteryVoltage:0,oldestBufferedClipTime:1325374305000,oldestMarkedClipTime:1750501531000,triggeredAlarms:0,triggeredEvents:0,"alarmCnt:{""USING_PHONE"":0",HEADWAY_MONITORING_WARNING:0,HEADWAY_MONITORING_EMERGENCY:0,SPEEDING:0,DROWSINESS:0,LANE_DEPARTURE_WARNING:0,OVER_MAX_SPEED:0,PASSENGERS_NO_SEATBELT:0,PEDESTRIAN_COLLISION:0,CYCLIST_COLLISION:0,NO_SEATBELT:0,NO_DRIVER:0,DISTRACTED:0},"natState:{""status"":""disabled""",usageInMB:0},"gpsData:{""source"":""hardware""",time:1778081647000,speed:0.090747,heading:112.019996,coordinate:[-76.89684,-12.272049,36.989],hDop:55,vDop:85},"accessKeyID:""Tsomobile_03ZhM6I4uRjzW""","sign:""SNCK/OowbuUYXYtRQ4bKsXAskOeB8o8PRPGAWa+ZI+I=""",useCache:true},,,,,,,,,,,,,,,,,,,,,,,,,,
"{""notificationType"":""AutoSnapshot""","sn:""8B5142A5""","pictureID:""1212028186347577344""",time:1778081644000,"rotate:""normal""","url:""https://cdn.vidfleet-api.gpstrackit.com/clip/8a4b5e9b4dad4f7595cdf86e5ec8c8ca/default/8B5142A5/1212028186347577344/thumbnails/617000.jpg?Policy=eyJTdGF0ZW1lbnQiOlt7IlJlc291cmNlIjoiaHR0cHM6Ly9jZG4udmlkZmxlZXQtYXBpLmdwc3RyYWNraXQuY29tL2NsaXAvOGE0YjVlOWI0ZGFkNGY3NTk1Y2RmODZlNWVjOGM4Y2EvZGVmYXVsdC84QjUxNDJBNS8xMjEyMDI4MTg2MzQ3NTc3MzQ0L3RodW1ibmFpbHMvNjE3MDAwLmpwZyIsIkNvbmRpdGlvbiI6eyJEYXRlTGVzc1RoYW4iOnsiQVdTOkVwb2NoVGltZSI6MTc5Mzg5Mjg1M319fV19&Signature=HjrUGJ-OLjh3IAo6Vf7AS5u9FlQAP55xuzpicMmfNEjYHQBf53rOkso271GsJoSyhz1AgD0W3XvArKU2fclxQI7PKcfKkPUWaNxALDVPYToW~zOmEq4-twvyYJ09ntM1RSFStbOyoLk1halSgmIuVu3ZL2CG38lfbcSxQqqy8Dq6dLEIf0ilMH3r8xMmXaYE3yw9Zez5SLf8icILr72fJCvAWb7q~F4m087mr9hSUYqe3TwScn4QFtAOEnVsSAQdeEQeASImuCCrkqH4kB4FwK8fd5E4W7HyIpBfoVb-IcU2fffbpk6S9fePLiN8JYLQf6tmi6h0ZkM4jSMNlMCuUQ__&Key-Pair-Id=K1KFJH9S65S6E2""",fileSize:58275,"tripID:""5c932d3b-4b65-4b18-9b2c-cc6689f5a08b""","timezone:""-05:00""","gpsData:{""source"":""hardware""",sysTime:1778081643312,time:1778081644000,speed:0.059,heading:112.02,coordinate:[-76.89684102,-12.27205008,37.02199936],hDop:55,vDop:85},"accessKeyID:""Tsomobile_03ZhM6I4uRjzW""","sign:""LNRepfZKxeA6LaDg7b2g8Wy9Iedrl2I9ptzpqMweDJI=""",useCache:true},,,,,,,,,,,,,,,,,,,,,,,,,,,,,,,,,,,,,,,,,,,,,,
"{""notificationType"":""AutoSnapshot""","sn:""8B5142A5""","pictureID:""1212044302297997312""",time:1778085487000,"rotate:""normal""","url:""https://cdn.vidfleet-api.gpstrackit.com/clip/8a4b5e9b4dad4f7595cdf86e5ec8c8ca/default/8B5142A5/1212044302297997312/thumbnails/7000.jpg?Policy=eyJTdGF0ZW1lbnQiOlt7IlJlc291cmNlIjoiaHR0cHM6Ly9jZG4udmlkZmxlZXQtYXBpLmdwc3RyYWNraXQuY29tL2NsaXAvOGE0YjVlOWI0ZGFkNGY3NTk1Y2RmODZlNWVjOGM4Y2EvZGVmYXVsdC84QjUxNDJBNS8xMjEyMDQ0MzAyMjk3OTk3MzEyL3RodW1ibmFpbHMvNzAwMC5qcGciLCJDb25kaXRpb24iOnsiRGF0ZUxlc3NUaGFuIjp7IkFXUzpFcG9jaFRpbWUiOjE3OTM4OTY2OTV9fX1dfQ__&Signature=kwwC4lry4vWQOTa1SJ5PNdRmraglrWekRdUvv9usfYXpKGoVassztMjevICIUEH1IzHf5~Ed-JGzTBHCg5yLs9RlV1~b-urFcNW~gDQthYKKe0RYrqoTG1Tbv~waRl8hWl6iduOjGJnxY6b9VpKW8B9Eoi2aQZXKh-IdUIS688oveTgv25PRohy~FbJilDJiiQhE0IsztaOenY7l~Bxgj82DY7hbrZLIpR3yxwB09BHG4z6PfpxtpzKPYOyLgU29GTns7~LY~bVeNgQ9bO5hCkh02irvhMT6MZ0DOu~hjrISDBEoqdfb9I3Zk-ki2GCf3FeH1T2Hy2-YzxoRBocS0Q__&Key-Pair-Id=K1KFJH9S65S6E2""",fileSize:106511,"tripID:""0758cc68-cdd3-43ee-9dbb-409e6b93eb96""","timezone:""-05:00""","gpsData:{""source"":""hardware""",sysTime:1778085486311,time:1778085487000,speed:26.91,heading:311.82,coordinate:[-76.87023352,-12.27917662,33.4280014],hDop:50,vDop:73},"accessKeyID:""Tsomobile_03ZhM6I4uRjzW""","sign:""ZAF+NWGLrCHOUGvxsPQ2BNrwmOxXKIxX6uGVEkCIzcM=""",useCache:true},,,,,,,,,,,,,,,,,,,,,,,,,,,,,,,,,,,,,,,,,,,,,,
"{""notificationType"":""TripInfo""","sn:""8B5142A5""","tripID:""0758cc68-cdd3-43ee-9dbb-409e6b93eb96""",ignitionStartTime:1778085478376,messageTime:1778085498456,"points:[{""source"":""hardware""",sysTime:1778085479000,gpsTime:1778085479000,speed:23.357423,heading:311.260009,coordinate:[-76.869842,-12.279504,31.264],"idleStatus:""Moving""",accumulatedDistance:0,hDop:50,vDop:73}],obdData:[],"accessKeyID:""Tsomobile_03ZhM6I4uRjzW""","sign:""SDtnOzO9dwhZzBrKqrHL8f2KyUxTzmUxC9mCXT9stWI=""",useCache:true},,,,,,,,,,,,,,,,,,,,,,,,,,,,,,,,,,,,,,,,,,,,,,,
"{""notificationType"":""PowerEvent""","sn:""8B5142A5""","vehicleID:""""","tripID:""""","reason:""restoreCable""",removedTime:-1,connectedTime:1778085339032,"poweredBy:""cable""","lastGps:{""source"":""hardware""",time:1778085338000,speed:44.399848,heading:319.25,coordinate:[-76.866247,-12.28113,27.736],hDop:65,vDop:93},"lastGpsData:{""source"":""hardware""",time:1778085338000,speed:44.399848,heading:319.25,coordinate:[-76.866247,-12.28113,27.736],hDop:65,vDop:93},"gpsData:{""source"":""hardware""",time:1778085498000,speed:24.535295,heading:311.880004,coordinate:[-76.870792,-12.278679,34.711],hDop:50,vDop:73},"accessKeyID:""Tsomobile_03ZhM6I4uRjzW""","sign:""NKIAm58IdQ1qayJ1p+NDClVRGTe07RQdlBbn+QsuHCo=""",useCache:true},,,,,,,,,,,,,,,,,,,,,,,,,,,,,,
"{""notificationType"":""IgnitionStatus""","sn:""8B5142A5""","vehicleID:""""","tripID:""0758cc68-cdd3-43ee-9dbb-409e6b93eb96""","previousStatus:""parking""","currentStatus:""driving""",changeTime:1778085478376,"gpsData:{""source"":""hardware""",time:1778085479000,speed:23.357423,heading:311.260009,coordinate:[-76.869842,-12.279504,31.264],hDop:50,vDop:73},accumulatedDistance:0,"accessKeyID:""Tsomobile_03ZhM6I4uRjzW""","sign:""i8SvDodgX+M8H/wXba3M5lK/i8qEykh/qB3qTp33lHE=""",useCache:true},,,,,,,,,,,,,,,,,,,,,,,,,,,,,,,,,,,,,,,,,,,,,,,,
"{""notificationType"":""TripInfo""","sn:""8B5142A5""","tripID:""0758cc68-cdd3-43ee-9dbb-409e6b93eb96""",messageTime:1778085605351,"points:[{""source"":""hardware""",sysTime:1778085508291,gpsTime:1778085509000,speed:17.905,heading:311.56,coordinate:[-76.87118218,-12.27833082,35.67399979],"idleStatus:""Moving""",accumulatedDistance:337,hDop:52,vDop:73},"{""source"":""hardware""",sysTime:1778085538310,gpsTime:1778085539000,speed:12.282,heading:308.96,coordinate:[-76.87183722,-12.27778795,37.78499985],"idleStatus:""Moving""",accumulatedDistance:337,hDop:50,vDop:73},"{""source"":""hardware""",sysTime:1778085568301,gpsTime:1778085569000,speed:0.487,heading:312.51,coordinate:[-76.8728907,-12.27685697,39.33599854],"idleStatus:""Unknown""",accumulatedDistance:608,hDop:52,vDop:75},"{""source"":""hardware""",sysTime:1778085598306,gpsTime:1778085599000,speed:0.537,heading:306.5,coordinate:[-76.87299367,-12.27676895,39.75899887],"idleStatus:""Unknown""",accumulatedDistance:608,hDop:51,vDop:75}],obdData:[],"accessKeyID:""Tsomobile_03ZhM6I4uRjzW""","sign:""9IsIs3LXNHxNc+TfdEp+sU08lFZ3bgiafvxwqNt7QHk=""",useCache:true},,,,,,,,,,,,
"{""notificationType"":""CameraRunningInfo""","sn:""8B5142A5""","tripID:""0758cc68-cdd3-43ee-9dbb-409e6b93eb96""",connectionEstablishedTime:1778085803945,time:1778085823863,systemTime:1778085823863,lteSignalStrength:31,gpsSignalStrength:41.08,gpsValidSatellites:26,gpsScannedSatellites:28,vehicleBatteryVoltage:13,oldestBufferedClipTime:1325374305000,oldestMarkedClipTime:1750501531000,triggeredAlarms:0,triggeredEvents:0,"alarmCnt:{""USING_PHONE"":0",HEADWAY_MONITORING_WARNING:0,HEADWAY_MONITORING_EMERGENCY:0,SPEEDING:0,DROWSINESS:0,LANE_DEPARTURE_WARNING:0,OVER_MAX_SPEED:0,PASSENGERS_NO_SEATBELT:0,PEDESTRIAN_COLLISION:0,CYCLIST_COLLISION:0,NO_SEATBELT:0,NO_DRIVER:0,DISTRACTED:0},"natState:{""status"":""disabled""",usageInMB:0},"gpsData:{""source"":""hardware""",time:1778085825000,speed:40.88475,heading:294.880004,coordinate:[-76.87973,-12.28215,31.101],hDop:50,vDop:72},"accessKeyID:""Tsomobile_03ZhM6I4uRjzW""","sign:""qgyYXQl5qVD+icABug4utgggxoNXe/DnJGQhiMjIm9Y=""",useCache:true},,,,,,,,,,,,,,,,,,,,,,,,,,
"{""notificationType"":""TripInfo""","sn:""8B5142A5""","tripID:""0758cc68-cdd3-43ee-9dbb-409e6b93eb96""",messageTime:1778085860629,"points:[{""source"":""hardware""",sysTime:1778085748288,gpsTime:1778085749000,speed:38.675,heading:209.14,coordinate:[-76.87499508,-12.27798707,34.54299927],"idleStatus:""Moving""",accumulatedDistance:887,hDop:52,vDop:76},"{""source"":""hardware""",sysTime:1778085778287,gpsTime:1778085779000,speed:38.605,heading:214.67,coordinate:[-76.87658223,-12.28054207,35.03099823],"idleStatus:""Moving""",accumulatedDistance:1217,hDop:50,vDop:72},"{""source"":""hardware""",sysTime:1778085808277,gpsTime:1778085809000,speed:35.61,heading:238.27,coordinate:[-76.87835673,-12.28267342,32.10900116],"idleStatus:""Moving""",accumulatedDistance:1525,hDop:52,vDop:75},"{""source"":""hardware""",sysTime:1778085838287,gpsTime:1778085839000,speed:48.339,heading:302.23,coordinate:[-76.88113087,-12.28142462,30.65299988],"idleStatus:""Moving""",accumulatedDistance:1858,hDop:50,vDop:72}],obdData:[],"accessKeyID:""Tsomobile_03ZhM6I4uRjzW""","sign:""sK7O95z5NVF6dKJFBHegV9fQA5lp8op8mccRzDrhfHE=""",useCache:true},,,,,,,,,,,,
"{""notificationType"":""TripInfo""","sn:""8B5142A5""","tripID:""0758cc68-cdd3-43ee-9dbb-409e6b93eb96""",messageTime:1778085971504,"points:[{""source"":""hardware""",sysTime:1778085868286,gpsTime:1778085869000,speed:70.076,heading:302.63,coordinate:[-76.88477387,-12.2791427,30.03000069],"idleStatus:""Moving""",accumulatedDistance:2320,hDop:52,vDop:76},"{""source"":""hardware""",sysTime:1778085898288,gpsTime:1778085899000,speed:74.882,heading:302.21,coordinate:[-76.88961213,-12.27615057,32.77700043],"idleStatus:""Moving""",accumulatedDistance:2941,hDop:52,vDop:73},"{""source"":""hardware""",sysTime:1778085928296,gpsTime:1778085929000,speed:74.182,heading:302.83,coordinate:[-76.89432137,-12.27321698,31.41300011],"idleStatus:""Moving""",accumulatedDistance:3546,hDop:50,vDop:72},"{""source"":""hardware""",sysTime:1778085958285,gpsTime:1778085959000,speed:76.873,heading:302.1,coordinate:[-76.89928733,-12.27008922,34.40499878],"idleStatus:""Moving""",accumulatedDistance:4186,hDop:51,vDop:72}],obdData:[],"accessKeyID:""Tsomobile_03ZhM6I4uRjzW""","sign:""t8aaJr+ZOKnI0OSGJzy2T/TBb6WsmTCSSd1Abga0eEM=""",useCache:true},,,,,,,,,,,,
"{""notificationType"":""TripInfo""","sn:""8B5142A5""","tripID:""0758cc68-cdd3-43ee-9dbb-409e6b93eb96""",messageTime:1778086092911,"points:[{""source"":""hardware""",sysTime:1778085988277,gpsTime:1778085989000,speed:76.808,heading:302.09,coordinate:[-76.9043295,-12.26692147,30.23200035],"idleStatus:""Moving""",accumulatedDistance:4835,hDop:51,vDop:73},"{""source"":""hardware""",sysTime:1778086018286,gpsTime:1778086019000,speed:73.993,heading:302.91,coordinate:[-76.90929068,-12.26379728,30.5340004],"idleStatus:""Moving""",accumulatedDistance:5477,hDop:51,vDop:72},"{""source"":""hardware""",sysTime:1778086048287,gpsTime:1778086049000,speed:70.948,heading:302.2,coordinate:[-76.91397995,-12.26085915,30.43899918],"idleStatus:""Moving""",accumulatedDistance:6082,hDop:51,vDop:73},"{""source"":""hardware""",sysTime:1778086078285,gpsTime:1778086079000,speed:69.252,heading:302.36,coordinate:[-76.91847427,-12.25803245,30.30599976],"idleStatus:""Moving""",accumulatedDistance:6664,hDop:51,vDop:73}],obdData:[],"accessKeyID:""Tsomobile_03ZhM6I4uRjzW""","sign:""XnJnOMMUDD2L7sdOh9WbHX6SEEsbn+78TdWSTOjwraw=""",useCache:true},,,,,,,,,,,,
"{""notificationType"":""AutoSnapshot""","sn:""8B5142A5""","pictureID:""1212046826379812864""",time:1778086088000,"rotate:""normal""","url:""https://cdn.vidfleet-api.gpstrackit.com/clip/8a4b5e9b4dad4f7595cdf86e5ec8c8ca/default/8B5142A5/1212046826379812864/thumbnails/608000.jpg?Policy=eyJTdGF0ZW1lbnQiOlt7IlJlc291cmNlIjoiaHR0cHM6Ly9jZG4udmlkZmxlZXQtYXBpLmdwc3RyYWNraXQuY29tL2NsaXAvOGE0YjVlOWI0ZGFkNGY3NTk1Y2RmODZlNWVjOGM4Y2EvZGVmYXVsdC84QjUxNDJBNS8xMjEyMDQ2ODI2Mzc5ODEyODY0L3RodW1ibmFpbHMvNjA4MDAwLmpwZyIsIkNvbmRpdGlvbiI6eyJEYXRlTGVzc1RoYW4iOnsiQVdTOkVwb2NoVGltZSI6MTc5Mzg5NzI5N319fV19&Signature=lwDt38lG3uxWcaKP-EdjJIRPPNtp8oDf1uWgb2OHczBT5UbEGgVX1439~Ma6V3dWpkiTeZ4Q7T7UrTV65Pok7u08vA34jQX7-9veGOjEKzWM2h8yLeHYEi5U-s1S6IuYTnrmEnV1RMhhrrZUx4P4clLPm~PT2FJOtb-S6KX6snyrNwtuU7luWgNZaSW6VSTbHX1C~eZ5fgxcfKYwpSjGihNHOPsobjFw3kuqJHTMISle~xkW4VatdyitCmxbnNsQmsVGgKzyICsVA~9ZMhB4-DooLVddseXTcNePVPygLIjwD6Dxnlu6ENLoz6untKJiAW9-oFUzGacXojCkFtHnVw__&Key-Pair-Id=K1KFJH9S65S6E2""",fileSize:98090,"tripID:""0758cc68-cdd3-43ee-9dbb-409e6b93eb96""","timezone:""-05:00""","gpsData:{""source"":""hardware""",sysTime:1778086087287,time:1778086088000,speed:68.711,heading:302.66,coordinate:[-76.91981065,-12.2571881,30.04899979],hDop:54,vDop:75},"accessKeyID:""Tsomobile_03ZhM6I4uRjzW""","sign:""KMpuLC+j95xF/f9zRhIXOiGNliiIUW9djJ1GCENKvhI=""",useCache:true},,,,,,,,,,,,,,,,,,,,,,,,,,,,,,,,,,,,,,,,,,,,,,
"{""notificationType"":""CameraRunningInfo""","sn:""8B5142A5""","tripID:""0758cc68-cdd3-43ee-9dbb-409e6b93eb96""",connectionEstablishedTime:1778085803945,time:1778086154880,systemTime:1778086154880,lteSignalStrength:31,gpsSignalStrength:39.67,gpsValidSatellites:26,gpsScannedSatellites:28,vehicleBatteryVoltage:13,oldestBufferedClipTime:1325374305000,oldestMarkedClipTime:1750501531000,triggeredAlarms:0,triggeredEvents:0,"alarmCnt:{""USING_PHONE"":0",HEADWAY_MONITORING_WARNING:0,HEADWAY_MONITORING_EMERGENCY:0,SPEEDING:0,DROWSINESS:0,LANE_DEPARTURE_WARNING:0,OVER_MAX_SPEED:0,PASSENGERS_NO_SEATBELT:0,PEDESTRIAN_COLLISION:0,CYCLIST_COLLISION:0,NO_SEATBELT:0,NO_DRIVER:0,DISTRACTED:0},"natState:{""status"":""disabled""",usageInMB:0},"gpsData:{""source"":""hardware""",time:1778086156000,speed:64.140312,heading:307.390014,coordinate:[-76.929358,-12.251239,32.14],hDop:54,vDop:76},"accessKeyID:""Tsomobile_03ZhM6I4uRjzW""","sign:""dmu7h1MezCw+qbQgeeTBWdukaQ/27fWqx0XQeUYKRbE=""",useCache:true},,,,,,,,,,,,,,,,,,,,,,,,,,
"{""notificationType"":""TripInfo""","sn:""8B5142A5""","tripID:""0758cc68-cdd3-43ee-9dbb-409e6b93eb96""",messageTime:1778086218218,"points:[{""source"":""hardware""",sysTime:1778086108293,gpsTime:1778086109000,speed:68.844,heading:300.32,coordinate:[-76.92295493,-12.25527977,30.05999947],"idleStatus:""Moving""",accumulatedDistance:7238,hDop:51,vDop:72},"{""source"":""hardware""",sysTime:1778086138293,gpsTime:1778086139000,speed:62.333,heading:303.94,coordinate:[-76.927214,-12.25281767,32.14899826],"idleStatus:""Moving""",accumulatedDistance:7778,hDop:51,vDop:73},"{""source"":""hardware""",sysTime:1778086168273,gpsTime:1778086169000,speed:67.031,heading:307.66,coordinate:[-76.93106818,-12.24995482,28.13800049],"idleStatus:""Moving""",accumulatedDistance:8301,hDop:52,vDop:74},"{""source"":""hardware""",sysTime:1778086198272,gpsTime:1778086199000,speed:74.074,heading:298.24,coordinate:[-76.93553275,-12.24676995,26.61899948],"idleStatus:""Moving""",accumulatedDistance:8902,hDop:58,vDop:87}],obdData:[],"accessKeyID:""Tsomobile_03ZhM6I4uRjzW""","sign:""zZIdoFU3uJHQy6UkUqhG0lWu32bQCygsirrJ043TrEk=""",useCache:true},,,,,,,,,,,,
"{""notificationType"":""TripInfo""","sn:""8B5142A5""","tripID:""0758cc68-cdd3-43ee-9dbb-409e6b93eb96""",messageTime:1778086341908,"points:[{""source"":""hardware""",sysTime:1778086228288,gpsTime:1778086229000,speed:79.458,heading:297.8,coordinate:[-76.94071738,-12.24407588,30.46299934],"idleStatus:""Moving""",accumulatedDistance:9539,hDop:55,vDop:79},"{""source"":""hardware""",sysTime:1778086258262,gpsTime:1778086259000,speed:79.882,heading:297.78,coordinate:[-76.946196,-12.24122953,33.94599915],"idleStatus:""Moving""",accumulatedDistance:10213,hDop:58,vDop:85},"{""source"":""hardware""",sysTime:1778086288274,gpsTime:1778086289000,speed:66.1,heading:298.61,coordinate:[-76.95121457,-12.23863832,34.59000015],"idleStatus:""Moving""",accumulatedDistance:10833,hDop:56,vDop:82},"{""source"":""hardware""",sysTime:1778086318271,gpsTime:1778086319000,speed:76.534,heading:297.8,coordinate:[-76.95608635,-12.23609245,32.45299911],"idleStatus:""Moving""",accumulatedDistance:11432,hDop:56,vDop:81}],obdData:[],"accessKeyID:""Tsomobile_03ZhM6I4uRjzW""","sign:""W6aTbjXw9i18QZUntPRnFmO5xiEqpnDGdkTLq4veVb4=""",useCache:true},,,,,,,,,,,,
"{""notificationType"":""TripInfo""","sn:""8B5142A5""","tripID:""0758cc68-cdd3-43ee-9dbb-409e6b93eb96""",messageTime:1778086463652,"points:[{""source"":""hardware""",sysTime:1778086348282,gpsTime:1778086349000,speed:78.064,heading:298.17,coordinate:[-76.96133187,-12.2333897,32.30899811],"idleStatus:""Moving""",accumulatedDistance:12075,hDop:56,vDop:81},"{""source"":""hardware""",sysTime:1778086378284,gpsTime:1778086379000,speed:58.692,heading:303.91,coordinate:[-76.96600982,-12.23087193,30.97800064],"idleStatus:""Moving""",accumulatedDistance:12659,hDop:54,vDop:77},"{""source"":""hardware""",sysTime:1778086408273,gpsTime:1778086409000,speed:48.639,heading:318.34,coordinate:[-76.96911398,-12.22796135,34.95399857],"idleStatus:""Moving""",accumulatedDistance:13130,hDop:52,vDop:72},"{""source"":""hardware""",sysTime:1778086438270,gpsTime:1778086439000,speed:55.49,heading:316.13,coordinate:[-76.97188267,-12.22517915,35.93399811],"idleStatus:""Moving""",accumulatedDistance:13562,hDop:55,vDop:76}],obdData:[],"accessKeyID:""Tsomobile_03ZhM6I4uRjzW""","sign:""DNMNg+30iMcwZQfcHTq6KgPN+1ypFyKw0Yr+HJxqkIE=""",useCache:true},,,,,,,,,,,,
"{""notificationType"":""CameraRunningInfo""","sn:""8B5142A5""","tripID:""0758cc68-cdd3-43ee-9dbb-409e6b93eb96""",connectionEstablishedTime:1778085803945,time:1778086484867,systemTime:1778086484867,lteSignalStrength:31,gpsSignalStrength:39.43,gpsValidSatellites:25,gpsScannedSatellites:29,vehicleBatteryVoltage:13,oldestBufferedClipTime:1325374305000,oldestMarkedClipTime:1750501531000,triggeredAlarms:0,triggeredEvents:0,"alarmCnt:{""USING_PHONE"":0",HEADWAY_MONITORING_WARNING:0,HEADWAY_MONITORING_EMERGENCY:0,SPEEDING:0,DROWSINESS:0,LANE_DEPARTURE_WARNING:0,OVER_MAX_SPEED:0,PASSENGERS_NO_SEATBELT:0,PEDESTRIAN_COLLISION:0,CYCLIST_COLLISION:0,NO_SEATBELT:0,NO_DRIVER:0,DISTRACTED:0},"natState:{""status"":""disabled""",usageInMB:0},"gpsData:{""source"":""hardware""",time:1778086486000,speed:65.679328,heading:340.950012,coordinate:[-76.976742,-12.219628,34.119],hDop:50,vDop:70},"accessKeyID:""Tsomobile_03ZhM6I4uRjzW""","sign:""G5j0lc56T7fJ0DCj+TEvvdoif2Y04WqmBa1he10F3ro=""",useCache:true},,,,,,,,,,,,,,,,,,,,,,,,,,
"{""notificationType"":""DataUsage""","sn:""8B5142A5""","vehicleID:""""",dataUsageInKB:0,"tripID:""0758cc68-cdd3-43ee-9dbb-409e6b93eb96""","gpsData:{""source"":""lastValid""",sysTime:1778086521281,time:1778086522000,speed:17.248,heading:10.78,coordinate:[-76.97639578,-12.2145589,38.54100037],hDop:51,vDop:71},"accessKeyID:""Tsomobile_03ZhM6I4uRjzW""","sign:""xFOHDbdBUNh9cZOFXruQ1pDJok0GHIg/6uIlStWzy/w=""",useCache:true},,,,,,,,,,,,,,,,,,,,,,,,,,,,,,,,,,,,,,,,,,,,,,,,,,
"{""notificationType"":""TripInfo""","sn:""8B5142A5""","tripID:""0758cc68-cdd3-43ee-9dbb-409e6b93eb96""",messageTime:1778086589311,"points:[{""source"":""hardware""",sysTime:1778086468299,gpsTime:1778086469000,speed:64.909,heading:315.9,coordinate:[-76.97511657,-12.22191468,33.30799866],"idleStatus:""Moving""",accumulatedDistance:14064,hDop:50,vDop:71},"{""source"":""hardware""",sysTime:1778086498282,gpsTime:1778086499000,speed:71.211,heading:9.54,coordinate:[-76.97694337,-12.21744025,34.72299957],"idleStatus:""Moving""",accumulatedDistance:14620,hDop:50,vDop:70},"{""source"":""hardware""",sysTime:1778086528295,gpsTime:1778086529000,speed:20.111,heading:10.57,coordinate:[-76.97633393,-12.21424802,38.88899994],"idleStatus:""Moving""",accumulatedDistance:14945,hDop:50,vDop:70},"{""source"":""hardware""",sysTime:1778086558301,gpsTime:1778086559000,speed:51.925,heading:10.47,coordinate:[-76.9759457,-12.2119187,47.91799927],"idleStatus:""Moving""",accumulatedDistance:15244,hDop:50,vDop:70}],obdData:[],"accessKeyID:""Tsomobile_03ZhM6I4uRjzW""","sign:""N3gPSr7z+U+cN1DyknhwkWCv5lV9LizyDFgnuUuNxfI=""",useCache:true},,,,,,,,,,,,
"{""notificationType"":""CameraEvent""","sn:""8B5142A5""","tripID:""0758cc68-cdd3-43ee-9dbb-409e6b93eb96""","vehicleID:""""","event:""USING_PHONE""","eventCategory:""DMS""","eventLevel:""DEFAULT""",cameraClipKey:1778068574,cameraClipOffset:1094000,time:1778086580000,"clipID:""1212048912614039552""",clipStartTime:1778086580000,"url:""https://cdn.vidfleet-api.gpstrackit.com/clip/8a4b5e9b4dad4f7595cdf86e5ec8c8ca/default/8B5142A5/1212048912614039552/thumbnails/6000.jpg?Policy=eyJTdGF0ZW1lbnQiOlt7IlJlc291cmNlIjoiaHR0cHM6Ly9jZG4udmlkZmxlZXQtYXBpLmdwc3RyYWNraXQuY29tL2NsaXAvOGE0YjVlOWI0ZGFkNGY3NTk1Y2RmODZlNWVjOGM4Y2EvZGVmYXVsdC84QjUxNDJBNS8xMjEyMDQ4OTEyNjE0MDM5NTUyL3RodW1ibmFpbHMvNjAwMC5qcGciLCJDb25kaXRpb24iOnsiRGF0ZUxlc3NUaGFuIjp7IkFXUzpFcG9jaFRpbWUiOjE3OTM4OTc3OTZ9fX1dfQ__&Signature=JScOVNuchBEQCeC3FLaf1PozzUS3MMnoFloW7HTo9hSgEutSjJnmLDDaAWhKPAoZrdmTv7NYKCiFxCZYbSUyy0Wi-Vvbvuauj7gRTN01sBHyGHC9Q3o8XtRHEf3~JqPjdxjjvUXkokpOGNULKKXkTRWIwc3OQXQKGUUVjoiMWHNqNR9RfunDinC9KZgNmRbDeHR46KeO9nd2GedqVFRzA-QapuKXJFEXsGpPwJt9Rnq8FSeDcKWGuwi-NxRoucR3MoV~okvspYcwY67aIc5YuXjPgen24wzKx7wYVkg0o~ZX~SZVrmw0lgDZHSt5UoWkUgevWIcXNO~qTTkhuxHWHw__&Key-Pair-Id=K1KFJH9S65S6E2""","rotate:""normal""",duration:0,fileSize:107569,"timezone:""-05:00""","gpsData:{""source"":""hardware""",time:1778086580000,speed:64.0829,heading:9.93,coordinate:[-76.975365,-12.208779,49.648998],hDop:52,vDop:70},"accessKeyID:""Tsomobile_03ZhM6I4uRjzW""","sign:""JgnFZ+lFAyFeDG3jXfWEoeqbILH/Ft7ODDrMZZdWgSU=""",useCache:true},,,,,,,,,,,,,,,,,,,,,,,,,,,,,,,,,,,,,,,
"{""notificationType"":""TripInfo""","sn:""8B5142A5""","tripID:""0758cc68-cdd3-43ee-9dbb-409e6b93eb96""",messageTime:1778086706822,"points:[{""source"":""hardware""",sysTime:1778086588302,gpsTime:1778086589000,speed:68.8,heading:10.17,coordinate:[-76.97510125,-12.20732037,50.18000031],"idleStatus:""Moving""",accumulatedDistance:15752,hDop:49,vDop:71},"{""source"":""hardware""",sysTime:1778086618290,gpsTime:1778086619000,speed:76.438,heading:9.65,coordinate:[-76.97413242,-12.20203427,48.54000092],"idleStatus:""Moving""",accumulatedDistance:16343,hDop:52,vDop:72},"{""source"":""hardware""",sysTime:1778086648291,gpsTime:1778086649000,speed:67.215,heading:10.3,coordinate:[-76.97308923,-12.19644257,52.36299896],"idleStatus:""Moving""",accumulatedDistance:16973,hDop:51,vDop:70},"{""source"":""hardware""",sysTime:1778086678299,gpsTime:1778086679000,speed:58.673,heading:350.84,coordinate:[-76.97268582,-12.19161027,67.34600067],"idleStatus:""Moving""",accumulatedDistance:17517,hDop:54,vDop:73}],obdData:[],"accessKeyID:""Tsomobile_03ZhM6I4uRjzW""","sign:""Y7sDzRX0yvQlH8O/CEYQ9l47XT6gLn6vYbO5tSsD62E=""",useCache:true},,,,,,,,,,,,
"{""notificationType"":""DataUsage""","sn:""8B5142A5""","vehicleID:""""",dataUsageInKB:0,"tripID:""0758cc68-cdd3-43ee-9dbb-409e6b93eb96""","gpsData:{""source"":""lastValid""",sysTime:1778086764292,time:1778086765000,speed:52.071,heading:342.2,coordinate:[-76.97598562,-12.18088177,93.73200226],hDop:50,vDop:70},"accessKeyID:""Tsomobile_03ZhM6I4uRjzW""","sign:""nORiyxEMDUZ9Q6YWCXXoh9nos8A9RCmR5bMXRZom8Y0=""",useCache:true},,,,,,,,,,,,,,,,,,,,,,,,,,,,,,,,,,,,,,,,,,,,,,,,,,
"{""notificationType"":""CameraEvent""","sn:""8B5142A5""","tripID:""0758cc68-cdd3-43ee-9dbb-409e6b93eb96""","vehicleID:""""","event:""DROWSINESS""","eventCategory:""DMS""","eventLevel:""DEFAULT""",cameraClipKey:1778068756,cameraClipOffset:1276000,time:1778086768000,"clipID:""1212049696172941312""",clipStartTime:1778086756000,"url:""https://cdn.vidfleet-api.gpstrackit.com/clip/8a4b5e9b4dad4f7595cdf86e5ec8c8ca/default/8B5142A5/1212049696172941312/1280x1080/32768.mp4?Policy=eyJTdGF0ZW1lbnQiOlt7IlJlc291cmNlIjoiaHR0cHM6Ly9jZG4udmlkZmxlZXQtYXBpLmdwc3RyYWNraXQuY29tL2NsaXAvOGE0YjVlOWI0ZGFkNGY3NTk1Y2RmODZlNWVjOGM4Y2EvZGVmYXVsdC84QjUxNDJBNS8xMjEyMDQ5Njk2MTcyOTQxMzEyLzEyODB4MTA4MC8zMjc2OC5tcDQiLCJDb25kaXRpb24iOnsiRGF0ZUxlc3NUaGFuIjp7IkFXUzpFcG9jaFRpbWUiOjE3OTM4OTgwMTV9fX1dfQ__&Signature=W9BqpumtixgNJELENAbgo~WmMsmOJYeY9rxfd1mu7~Aoum~lTVwcE2tXYupj~9LuxpjdG18UjFhXUHkRxRiDWT2gJF5X034f8fGblv8gAlvspQjzXXq7u7tlMsJZrDyv5RX8wGFrnvBFLuUKpUjfUVv1D6NKV7ljw2492CBPEYHlVbEC2xVNBt7KlIKVf0KixUkK9m99La2R~72Nh6I7xLLvuxIAFMsXn7QBac16f~OgwB8aEltnq8HqmnfURM1BKk3ihiONv8Y-Pqcsy3aBls0L8uqkiQXSmOsEQHb07JpJaP51kCvmntlRkxkAsWQe43hzdR3QwHRRtoLYrn7UKA__&Key-Pair-Id=K1KFJH9S65S6E2""","thumbnailUrl:""https://cdn.vidfleet-api.gpstrackit.com/clip/8a4b5e9b4dad4f7595cdf86e5ec8c8ca/default/8B5142A5/1212049696172941312/1280x1080/00000.jpg?Policy=eyJTdGF0ZW1lbnQiOlt7IlJlc291cmNlIjoiaHR0cHM6Ly9jZG4udmlkZmxlZXQtYXBpLmdwc3RyYWNraXQuY29tL2NsaXAvOGE0YjVlOWI0ZGFkNGY3NTk1Y2RmODZlNWVjOGM4Y2EvZGVmYXVsdC84QjUxNDJBNS8xMjEyMDQ5Njk2MTcyOTQxMzEyLzEyODB4MTA4MC8wMDAwMC5qcGciLCJDb25kaXRpb24iOnsiRGF0ZUxlc3NUaGFuIjp7IkFXUzpFcG9jaFRpbWUiOjE3OTM4OTgwMTV9fX1dfQ__&Signature=WBaIk~qAlfygFG0CpnAVap90I2zrOhBvP-RcDKtjX6GEFTiBY8poN~2Rt8DJBAuoyGCsWky5sLzzuJmU87lCqMa4QkPrNNLgLlR7-MehlzbtfJkh4zen0cVVV84EMvDfcm5-l7M6G62W1Ta~FbXoumyYJuZkJrnO2nTRQD1E1tMaLzc21fX6CzU06qcTmUM7EMY0kSEVgLD1nbgyvGL0VcRoQSWl~uXuiYGwCbFmNv6CHOPARKMWpLvAJZKRO4DcukfTWkvJs7zUdYfl457Fk7OwgVUG-1T9dLJNkDAiEzxEMA2lfEiZCFda7WeVF7rqnQicAPvaX0Oxxxtkc6Pz2A__&Key-Pair-Id=K1KFJH9S65S6E2""","rotate:""normal""",duration:16000,fileSize:10967848,"timezone:""-05:00""","gpsData:{""source"":""hardware""",time:1778086768000,speed:53.370937,heading:343.11,coordinate:[-76.976105,-12.180501,94.147003],hDop:50,vDop:70},"accessKeyID:""Tsomobile_03ZhM6I4uRjzW""","sign:""XXbt60eOJSvcI+hb1D8xA8TSTTWVkBDdD/+u/pNW3LQ=""",useCache:true},,,,,,,,,,,,,,,,,,,,,,,,,,,,,,,,,,,,,,
"{""notificationType"":""CameraRunningInfo""","sn:""8B5142A5""","tripID:""0758cc68-cdd3-43ee-9dbb-409e6b93eb96""",connectionEstablishedTime:1778086736138,time:1778086820857,systemTime:1778086820857,lteSignalStrength:31,gpsSignalStrength:39.21,gpsValidSatellites:26,gpsScannedSatellites:29,vehicleBatteryVoltage:12,oldestBufferedClipTime:1325374305000,oldestMarkedClipTime:1750501531000,triggeredAlarms:0,triggeredEvents:2,"alarmCnt:{""USING_PHONE"":0",HEADWAY_MONITORING_WARNING:0,HEADWAY_MONITORING_EMERGENCY:0,SPEEDING:0,DROWSINESS:0,LANE_DEPARTURE_WARNING:0,OVER_MAX_SPEED:0,PASSENGERS_NO_SEATBELT:0,PEDESTRIAN_COLLISION:0,CYCLIST_COLLISION:0,NO_SEATBELT:0,NO_DRIVER:0,DISTRACTED:0},"natState:{""status"":""disabled""",usageInMB:0},"gpsData:{""source"":""hardware""",time:1778086822000,speed:60.36594,heading:342.73999,coordinate:[-76.978549,-12.172766,106.334],hDop:52,vDop:71},"accessKeyID:""Tsomobile_03ZhM6I4uRjzW""","sign:""51rhE84ORfVUtWHvhM20wy2sLbdl5IoraFeRFf5ILow=""",useCache:true},,,,,,,,,,,,,,,,,,,,,,,,,,
"{""notificationType"":""TripInfo""","sn:""8B5142A5""","tripID:""0758cc68-cdd3-43ee-9dbb-409e6b93eb96""",messageTime:1778086828041,"points:[{""source"":""hardware""",sysTime:1778086708280,gpsTime:1778086709000,speed:55.041,heading:342.59,coordinate:[-76.97392133,-12.18734847,82.00700378],"idleStatus:""Moving""",accumulatedDistance:18007,hDop:50,vDop:70},"{""source"":""hardware""",sysTime:1778086738288,gpsTime:1778086739000,speed:42.609,heading:342.82,coordinate:[-76.97499165,-12.18396793,86.2440033],"idleStatus:""Moving""",accumulatedDistance:18401,hDop:50,vDop:70},"{""source"":""hardware""",sysTime:1778086768288,gpsTime:1778086769000,speed:53.765,heading:343.26,coordinate:[-76.9761442,-12.1803715,94.35700226],"idleStatus:""Moving""",accumulatedDistance:18817,hDop:51,vDop:71},"{""source"":""hardware""",sysTime:1778086798302,gpsTime:1778086799000,speed:63.794,heading:342.31,coordinate:[-76.9775001,-12.17609722,100.026001],"idleStatus:""Moving""",accumulatedDistance:19309,hDop:50,vDop:70}],obdData:[],"accessKeyID:""Tsomobile_03ZhM6I4uRjzW""","sign:""rbVYiternvQLwIIDnUwqLifYzRfwuAx3uaTb6nGXUZ4=""",useCache:true},,,,,,,,,,,,
"{""notificationType"":""CameraEvent""","sn:""8B5142A5""","tripID:""0758cc68-cdd3-43ee-9dbb-409e6b93eb96""","vehicleID:""""","event:""NO_SEATBELT""","eventCategory:""DMS""","eventLevel:""DEFAULT""",cameraClipKey:1778068820,cameraClipOffset:1340000,time:1778086826000,"clipID:""1212049978650927104""",clipStartTime:1778086826000,"url:""https://cdn.vidfleet-api.gpstrackit.com/clip/8a4b5e9b4dad4f7595cdf86e5ec8c8ca/default/8B5142A5/1212049978650927104/thumbnails/6000.jpg?Policy=eyJTdGF0ZW1lbnQiOlt7IlJlc291cmNlIjoiaHR0cHM6Ly9jZG4udmlkZmxlZXQtYXBpLmdwc3RyYWNraXQuY29tL2NsaXAvOGE0YjVlOWI0ZGFkNGY3NTk1Y2RmODZlNWVjOGM4Y2EvZGVmYXVsdC84QjUxNDJBNS8xMjEyMDQ5OTc4NjUwOTI3MTA0L3RodW1ibmFpbHMvNjAwMC5qcGciLCJDb25kaXRpb24iOnsiRGF0ZUxlc3NUaGFuIjp7IkFXUzpFcG9jaFRpbWUiOjE3OTM4OTgwNTB9fX1dfQ__&Signature=GAparZclQQ3B6y9YRZ7dbmDepSoU0KJuZ1ezqGqUZ0WyRq6orcoNHI5x9DSTde7sjtP8HMv2sL7GlIeCt5oNh7JhCzcpCLYuj17znKAMpN7~sqs~cWe9Jlt406TPvH4aUZZB8bLaAtNkHU-BSGdu745tWZ8EXFw3CMrFMkmp7uDGPMUP3Rg~OhB9jo2RQxMmjXDVyUiPvn98SSLt-kyInAp30JdSma-4j6bYdT1P1kZBJxbLc9e0EE126fcgX8KkCZK0EBz~apKOQCUKnTxK3p8i2M3cLaY4QxM5N9ViMGURFfmPoUljhVUxldbnTpj3u4ZjV72g4c0SCC2vKZRkNg__&Key-Pair-Id=K1KFJH9S65S6E2""","rotate:""normal""",duration:0,fileSize:105592,"timezone:""-05:00""","gpsData:{""source"":""hardware""",time:1778086826000,speed:54.400646,heading:342.65,coordinate:[-76.978721,-12.172224,106.426002],hDop:50,vDop:70},"accessKeyID:""Tsomobile_03ZhM6I4uRjzW""","sign:""SyJ5FXdlhIL0Ybz9DSgkPhzSX8xQkCuEMM6bRvUiA8c=""",useCache:true},,,,,,,,,,,,,,,,,,,,,,,,,,,,,,,,,,,,,,,
"{""notificationType"":""DataUsage""","sn:""8B5142A5""","vehicleID:""""",dataUsageInKB:0,"tripID:""0758cc68-cdd3-43ee-9dbb-409e6b93eb96""","gpsData:{""source"":""lastValid""",sysTime:1778086885289,time:1778086886000,speed:55.29,heading:343.44,coordinate:[-76.98093928,-12.16464948,104.9020004],hDop:52,vDop:71},"accessKeyID:""Tsomobile_03ZhM6I4uRjzW""","sign:""Te7kHcdsI2oLEmDBprSJwJj6QKfofRiaHiw7Cpn8XXM=""",useCache:true},,,,,,,,,,,,,,,,,,,,,,,,,,,,,,,,,,,,,,,,,,,,,,,,,,
"{""notificationType"":""CameraEvent""","sn:""8B5142A5""","tripID:""0758cc68-cdd3-43ee-9dbb-409e6b93eb96""","vehicleID:""""","event:""DROWSINESS""","eventCategory:""DMS""","eventLevel:""DEFAULT""",cameraClipKey:1778068876,cameraClipOffset:1396000,time:1778086889000,"clipID:""1212050203151048704""",clipStartTime:1778086876000,"url:""https://cdn.vidfleet-api.gpstrackit.com/clip/8a4b5e9b4dad4f7595cdf86e5ec8c8ca/default/8B5142A5/1212050203151048704/1280x1080/32768.mp4?Policy=eyJTdGF0ZW1lbnQiOlt7IlJlc291cmNlIjoiaHR0cHM6Ly9jZG4udmlkZmxlZXQtYXBpLmdwc3RyYWNraXQuY29tL2NsaXAvOGE0YjVlOWI0ZGFkNGY3NTk1Y2RmODZlNWVjOGM4Y2EvZGVmYXVsdC84QjUxNDJBNS8xMjEyMDUwMjAzMTUxMDQ4NzA0LzEyODB4MTA4MC8zMjc2OC5tcDQiLCJDb25kaXRpb24iOnsiRGF0ZUxlc3NUaGFuIjp7IkFXUzpFcG9jaFRpbWUiOjE3OTM4OTgxNDF9fX1dfQ__&Signature=hqzIzgX8qRqLD29~wJfr340o8ZeAZ9iJ6lYOOhRstVON3YD0Dvih9N2sk54nd3ShPcZM8r~5maXiLKgefcJ8Ars1OymvAHrZLD8TWGyJ1qAPIa1oqljW00whIVlyiqETK2CZOSZEB8WniJCQ3sETl~FR73nu0Km8yeM455A~oPD7f-lM501DrwZ3tOdJqZfeaQEHltEup3AvdMhymQx2gC4kQpbJTpCztsY7Ul75s3224xUhUjrvPSacbNw2Z4fmOerXvVZR56SY1olZBkzVXv16GDgZ5LMTKk8BE5Q9KfSWGCtJCS7hP~XAJzOiOyuMqdel2MwxJvxiEAKCPnCdCw__&Key-Pair-Id=K1KFJH9S65S6E2""","thumbnailUrl:""https://cdn.vidfleet-api.gpstrackit.com/clip/8a4b5e9b4dad4f7595cdf86e5ec8c8ca/default/8B5142A5/1212050203151048704/1280x1080/00000.jpg?Policy=eyJTdGF0ZW1lbnQiOlt7IlJlc291cmNlIjoiaHR0cHM6Ly9jZG4udmlkZmxlZXQtYXBpLmdwc3RyYWNraXQuY29tL2NsaXAvOGE0YjVlOWI0ZGFkNGY3NTk1Y2RmODZlNWVjOGM4Y2EvZGVmYXVsdC84QjUxNDJBNS8xMjEyMDUwMjAzMTUxMDQ4NzA0LzEyODB4MTA4MC8wMDAwMC5qcGciLCJDb25kaXRpb24iOnsiRGF0ZUxlc3NUaGFuIjp7IkFXUzpFcG9jaFRpbWUiOjE3OTM4OTgxNDF9fX1dfQ__&Signature=K1YGU~Rs4su1b-6cvE7E1BQHP0Rg3XQmtXDq6f~X0Q4-dfhV0o~TommVWJvACatJOcnVDXp6Y5sLZ-fBCAVtfDgIYkkFG1Mb~zKGS0kYgG3qM7Hxo-D5-aNi3hXD-tg3sAnQG1B9BpPliAQ5xCNBvT6XvKGrgvu--YsCUDN2xE7M3Qcl76VbINcnXZIW6RjstqSCtyALK7UtNd1VXPCA2l61G5JFrjBnk26kP~ah-UBPxVcd7OqN2S~a8FP5WswevU0WARq0JXNC8T-Ii8TmDbPh-duE5DfWEMOGSWCd9bW4RyNo8nQL36-VWKrpNHjtLIr5Vl3xTUD5bfO~eOH8PQ__&Key-Pair-Id=K1KFJH9S65S6E2""","rotate:""normal""",duration:16000,fileSize:11188289,"timezone:""-05:00""","gpsData:{""source"":""hardware""",time:1778086889000,speed:54.08951,heading:343.52,coordinate:[-76.981062,-12.164253,104.061996],hDop:52,vDop:71},"accessKeyID:""Tsomobile_03ZhM6I4uRjzW""","sign:""SfP8euw2UdYB/iKQN9dheYbvK72W7oO4mjep2ucZeQc=""",useCache:true},,,,,,,,,,,,,,,,,,,,,,,,,,,,,,,,,,,,,,
"{""notificationType"":""CameraEvent""","sn:""8B5142A5""","tripID:""0758cc68-cdd3-43ee-9dbb-409e6b93eb96""","vehicleID:""""","event:""USING_PHONE""","eventCategory:""DMS""","eventLevel:""DEFAULT""",cameraClipKey:1778068927,cameraClipOffset:1447000,time:1778086933000,"clipID:""1212050387687841792""",clipStartTime:1778086933000,"url:""https://cdn.vidfleet-api.gpstrackit.com/clip/8a4b5e9b4dad4f7595cdf86e5ec8c8ca/default/8B5142A5/1212050387687841792/thumbnails/6000.jpg?Policy=eyJTdGF0ZW1lbnQiOlt7IlJlc291cmNlIjoiaHR0cHM6Ly9jZG4udmlkZmxlZXQtYXBpLmdwc3RyYWNraXQuY29tL2NsaXAvOGE0YjVlOWI0ZGFkNGY3NTk1Y2RmODZlNWVjOGM4Y2EvZGVmYXVsdC84QjUxNDJBNS8xMjEyMDUwMzg3Njg3ODQxNzkyL3RodW1ibmFpbHMvNjAwMC5qcGciLCJDb25kaXRpb24iOnsiRGF0ZUxlc3NUaGFuIjp7IkFXUzpFcG9jaFRpbWUiOjE3OTM4OTgxNDh9fX1dfQ__&Signature=As5F1-wJ3pL62Fe6EYZ5WqfSfo5YmmhyEv91rtGTQgijMgARxtWpje4JicLaenOEZvfX~GOkiP84HKm-mlMiBd6I4a5GYKI6VDwm0k8MJwAsbdaWJfMlKrVXAawbOQ8Mg6gBEG35jIgfCdKz-kTuSF620yl0ViqXrNXXFap5r4daSQjYuCoUoVAyUlwRkwQcEYkLO0Ah-xTQLFFmRgxYOt2z-aHz9krrNyy19ONZKRjrdTeQUjlKxE~u2sVFIqC1uevPWWhLgmZd6ZtX2-8gsTI-DB7DMbApizMBwgr8hAGgHW9ZyEeIerauqFTjF-E2upiv1NdWkL6gTIgn-jdptA__&Key-Pair-Id=K1KFJH9S65S6E2""","rotate:""normal""",duration:0,fileSize:119475,"timezone:""-05:00""","gpsData:{""source"":""hardware""",time:1778086933000,speed:47.53158,heading:343.52,coordinate:[-76.982271,-12.160234,98.713996],hDop:52,vDop:71},"accessKeyID:""Tsomobile_03ZhM6I4uRjzW""","sign:""LRqYdDnKSRdyiFgeT5YNBq2rqdR66mqNGmFwnbRf+QU=""",useCache:true},,,,,,,,,,,,,,,,,,,,,,,,,,,,,,,,,,,,,,,
"{""notificationType"":""TripInfo""","sn:""8B5142A5""","tripID:""0758cc68-cdd3-43ee-9dbb-409e6b93eb96""",messageTime:1778086949243,"points:[{""source"":""hardware""",sysTime:1778086828290,gpsTime:1778086829000,speed:56.664,heading:342.18,coordinate:[-76.97884092,-12.1718231,105.9599991],"idleStatus:""Moving""",accumulatedDistance:19806,hDop:50,vDop:70},"{""source"":""hardware""",sysTime:1778086858279,gpsTime:1778086859000,speed:55.088,heading:344.07,coordinate:[-76.980016,-12.16791937,105.2799988],"idleStatus:""Moving""",accumulatedDistance:20256,hDop:51,vDop:70},"{""source"":""hardware""",sysTime:1778086888291,gpsTime:1778086889000,speed:54.09,heading:343.52,coordinate:[-76.98106277,-12.164253,104.0619965],"idleStatus:""Moving""",accumulatedDistance:20678,hDop:52,vDop:71},"{""source"":""hardware""",sysTime:1778086918280,gpsTime:1778086919000,speed:32.79,heading:344.97,coordinate:[-76.981812,-12.16169148,97.56999969],"idleStatus:""Moving""",accumulatedDistance:20978,hDop:52,vDop:77}],obdData:[],"accessKeyID:""Tsomobile_03ZhM6I4uRjzW""","sign:""BeSPoKqG3D4C+2zHAXOavP5p/Ob24rwIdQW3LxGbEp8=""",useCache:true},,,,,,,,,,,,
"{""notificationType"":""TripInfo""","sn:""8B5142A5""","tripID:""0758cc68-cdd3-43ee-9dbb-409e6b93eb96""",messageTime:1778087070159,"points:[{""source"":""hardware""",sysTime:1778086948287,gpsTime:1778086949000,speed:40.777,heading:344.55,coordinate:[-76.98278083,-12.15851823,102.4120026],"idleStatus:""Moving""",accumulatedDistance:21343,hDop:50,vDop:69},"{""source"":""hardware""",sysTime:1778086978277,gpsTime:1778086979000,speed:44.867,heading:354.27,coordinate:[-76.98368402,-12.15477913,108.4499969],"idleStatus:""Moving""",accumulatedDistance:21771,hDop:51,vDop:70},"{""source"":""hardware""",sysTime:1778087008278,gpsTime:1778087009000,speed:50.402,heading:10.7,coordinate:[-76.98353845,-12.15172998,109.4609985],"idleStatus:""Moving""",accumulatedDistance:22106,hDop:55,vDop:76},"{""source"":""hardware""",sysTime:1778087038276,gpsTime:1778087039000,speed:25.109,heading:67.76,coordinate:[-76.98248787,-12.14877482,112.276001],"idleStatus:""Moving""",accumulatedDistance:22464,hDop:52,vDop:71}],obdData:[],"accessKeyID:""Tsomobile_03ZhM6I4uRjzW""","sign:""qOkRRaaaGIrCLz995cKLFuIxxhKW0jLQ28+NJYvb0QI=""",useCache:true},,,,,,,,,,,,
"{""notificationType"":""CameraRunningInfo""","sn:""8B5142A5""","tripID:""0758cc68-cdd3-43ee-9dbb-409e6b93eb96""",connectionEstablishedTime:1778087057360,time:1778087154834,systemTime:1778087154834,lteSignalStrength:31,gpsSignalStrength:38.85,gpsValidSatellites:26,gpsScannedSatellites:29,vehicleBatteryVoltage:13,oldestBufferedClipTime:1325374305000,oldestMarkedClipTime:1750501531000,triggeredAlarms:0,triggeredEvents:5,"alarmCnt:{""USING_PHONE"":0",HEADWAY_MONITORING_WARNING:0,HEADWAY_MONITORING_EMERGENCY:0,SPEEDING:0,DROWSINESS:0,LANE_DEPARTURE_WARNING:0,OVER_MAX_SPEED:0,PASSENGERS_NO_SEATBELT:0,PEDESTRIAN_COLLISION:0,CYCLIST_COLLISION:0,NO_SEATBELT:0,NO_DRIVER:0,DISTRACTED:0},"natState:{""status"":""disabled""",usageInMB:0},"gpsData:{""source"":""hardware""",time:1778087156000,speed:14.930824,heading:297.109985,coordinate:[-76.985931,-12.147746,109.177],hDop:50,vDop:69},"accessKeyID:""Tsomobile_03ZhM6I4uRjzW""","sign:""dZESJ5F/jtI50/W3tK2qcosUZnWNSEAklvAbIMu22iA=""",useCache:true},,,,,,,,,,,,,,,,,,,,,,,,,,
"{""notificationType"":""TripInfo""","sn:""8B5142A5""","tripID:""0758cc68-cdd3-43ee-9dbb-409e6b93eb96""",messageTime:1778087194651,"points:[{""source"":""hardware""",sysTime:1778087068286,gpsTime:1778087069000,speed:31.325,heading:280.65,coordinate:[-76.98209823,-12.14992118,114.0240021],"idleStatus:""Moving""",accumulatedDistance:22713,hDop:50,vDop:69},"{""source"":""hardware""",sysTime:1778087098286,gpsTime:1778087099000,speed:33.269,heading:305.35,coordinate:[-76.98477612,-12.1486379,110.0770035],"idleStatus:""Moving""",accumulatedDistance:23035,hDop:51,vDop:70},"{""source"":""hardware""",sysTime:1778087128276,gpsTime:1778087129000,speed:0.098,heading:297.01,coordinate:[-76.98537162,-12.1480364,113.6930008],"idleStatus:""Unknown""",accumulatedDistance:23076,hDop:51,vDop:70},"{""source"":""hardware""",sysTime:1778087158265,gpsTime:1778087159000,speed:16.32,heading:297.14,coordinate:[-76.98603998,-12.14769263,109.3399963],"idleStatus:""Moving""",accumulatedDistance:23076,hDop:52,vDop:71},"{""source"":""hardware""",sysTime:1778087188267,gpsTime:1778087189000,speed:27.978,heading:313.38,coordinate:[-76.98728185,-12.1468908,114.6620026],"idleStatus:""Moving""",accumulatedDistance:23277,hDop:51,vDop:70}],obdData:[],"accessKeyID:""Tsomobile_03ZhM6I4uRjzW""","sign:""R9b6WTAK4T3vXIzxFp+Bb3ht3HWjDxISt07i561hGYs=""",useCache:true}
"{""notificationType"":""CameraEvent""","sn:""8B5142A5""","tripID:""0758cc68-cdd3-43ee-9dbb-409e6b93eb96""","vehicleID:""""","event:""DROWSINESS""","eventCategory:""DMS""","eventLevel:""DEFAULT""",cameraClipKey:1778069168,cameraClipOffset:1688000,time:1778087181000,"clipID:""1212051429099970560""",clipStartTime:1778087168000,"url:""https://cdn.vidfleet-api.gpstrackit.com/clip/8a4b5e9b4dad4f7595cdf86e5ec8c8ca/default/8B5142A5/1212051429099970560/1280x1080/32768.mp4?Policy=eyJTdGF0ZW1lbnQiOlt7IlJlc291cmNlIjoiaHR0cHM6Ly9jZG4udmlkZmxlZXQtYXBpLmdwc3RyYWNraXQuY29tL2NsaXAvOGE0YjVlOWI0ZGFkNGY3NTk1Y2RmODZlNWVjOGM4Y2EvZGVmYXVsdC84QjUxNDJBNS8xMjEyMDUxNDI5MDk5OTcwNTYwLzEyODB4MTA4MC8zMjc2OC5tcDQiLCJDb25kaXRpb24iOnsiRGF0ZUxlc3NUaGFuIjp7IkFXUzpFcG9jaFRpbWUiOjE3OTM4OTg0MzN9fX1dfQ__&Signature=HqAImAnhnZPNHtZuTbFtWO996eEQrFR~R-Quso3KqKb1iEreAiOBqduvfxRVfpqYv-RIKWPv1qZgXTRuOTDYZqxdTAxrIve5ZDEJh0SO9H5RHt0WSWKhpLhPvvw3-dgPxbj37a5OSVePJ4nCyAoWkiB4tRUe9~nwfhgWwJ55ZYceN0zQt7YQmAzLwoFuT6ZbI8f8zm91GE2EGvON~DxHs3snZfE4ZLBbGF9qBgUlWRBgrrGJLo8tztG1nicPWQLd~xYAHVSDYTnXTSYPsjg-HNAblYZso~r8ps~osyvYeMVyokurLQFJZl9rtbsO5abOW3dfJBlw4JKeoLOhjIT5Bw__&Key-Pair-Id=K1KFJH9S65S6E2""","thumbnailUrl:""https://cdn.vidfleet-api.gpstrackit.com/clip/8a4b5e9b4dad4f7595cdf86e5ec8c8ca/default/8B5142A5/1212051429099970560/1280x1080/00000.jpg?Policy=eyJTdGF0ZW1lbnQiOlt7IlJlc291cmNlIjoiaHR0cHM6Ly9jZG4udmlkZmxlZXQtYXBpLmdwc3RyYWNraXQuY29tL2NsaXAvOGE0YjVlOWI0ZGFkNGY3NTk1Y2RmODZlNWVjOGM4Y2EvZGVmYXVsdC84QjUxNDJBNS8xMjEyMDUxNDI5MDk5OTcwNTYwLzEyODB4MTA4MC8wMDAwMC5qcGciLCJDb25kaXRpb24iOnsiRGF0ZUxlc3NUaGFuIjp7IkFXUzpFcG9jaFRpbWUiOjE3OTM4OTg0MzN9fX1dfQ__&Signature=DBezIzwSWsNEl~FrIcbxHtvyyhGN4WlCW7t0hyio9524Ni1Iset5iBpsXON2mdvxtKqb25l80OxU6SmlVyneZhPl1wnJN6AZ0RwtmVwY~E2fLrH4FNSWZtkCbwGm75WP23ZKWGTJdcapgOF6Q2ImGAWFY7zcJJP0ipfA-Lhg3boGXYaqzrFDvGWReyrqGZteZKDr76ee7mB9FfyaEFhkl4wrklEhLKZSI~8HNhkDZlt5hw-0zH94vBHNh9yeku1oW8TdkJQt9SFvUqSpFmVKbxLXLd~zxn6SHczFqNHFEm5AlCJBupsBI943ivN4zpk4iqU8mq2ppiALV0B0a8iIkA__&Key-Pair-Id=K1KFJH9S65S6E2""","rotate:""normal""",duration:16000,fileSize:12196552,"timezone:""-05:00""","gpsData:{""source"":""hardware""",time:1778087181000,speed:23.846352,heading:303.51,coordinate:[-76.986893,-12.147215,111.908996],hDop:57,vDop:78},"accessKeyID:""Tsomobile_03ZhM6I4uRjzW""","sign:""xu8Ip4iRrWdUW6pAk4vmad139Cson32v9RylG/ozHsY=""",useCache:true},,,,,,,,,,,,,,,,,,,,,,,,,,,,,,,,,,,,,,
"{""notificationType"":""DataUsage""","sn:""8B5142A5""","vehicleID:""""",dataUsageInKB:0,"tripID:""0758cc68-cdd3-43ee-9dbb-409e6b93eb96""","gpsData:{""source"":""lastValid""",sysTime:1778087191278,time:1778087192000,speed:30.162,heading:318.91,coordinate:[-76.98743708,-12.14672975,116.0410004],hDop:50,vDop:70},"accessKeyID:""Tsomobile_03ZhM6I4uRjzW""","sign:""pBJhjMVLaNTN+LWD2RTWxvQi5ZTfvYQHRqs1fwN7w20=""",useCache:true},,,,,,,,,,,,,,,,,,,,,,,,,,,,,,,,,,,,,,,,,,,,,,,,,,
"{""notificationType"":""CameraEvent""","sn:""8B5142A5""","tripID:""0758cc68-cdd3-43ee-9dbb-409e6b93eb96""","vehicleID:""""","event:""USING_PHONE""","eventCategory:""DMS""","eventLevel:""DEFAULT""",cameraClipKey:1778069217,cameraClipOffset:1737000,time:1778087223000,"clipID:""1212051606275760128""",clipStartTime:1778087223000,"url:""https://cdn.vidfleet-api.gpstrackit.com/clip/8a4b5e9b4dad4f7595cdf86e5ec8c8ca/default/8B5142A5/1212051606275760128/thumbnails/6000.jpg?Policy=eyJTdGF0ZW1lbnQiOlt7IlJlc291cmNlIjoiaHR0cHM6Ly9jZG4udmlkZmxlZXQtYXBpLmdwc3RyYWNraXQuY29tL2NsaXAvOGE0YjVlOWI0ZGFkNGY3NTk1Y2RmODZlNWVjOGM4Y2EvZGVmYXVsdC84QjUxNDJBNS8xMjEyMDUxNjA2Mjc1NzYwMTI4L3RodW1ibmFpbHMvNjAwMC5qcGciLCJDb25kaXRpb24iOnsiRGF0ZUxlc3NUaGFuIjp7IkFXUzpFcG9jaFRpbWUiOjE3OTM4OTg0Mzh9fX1dfQ__&Signature=mOcSXjYCBTlvxPefnXs-JlWAv1rsjQhYTkxCVUwHypoUkArKoabZWicKmatuVCHNqlD3l9RoGhY~LtcUVk7mEWIG72XlYw1gEV-zlN8r2HJDqxFRv1k0EZd91mBYA9fr7M61CLSfvSejLXJkXtOItCRa2eV1lm4SVJO8un~upzg1-gHv2mBH7KUyHo0d~J00~XsI38XLvzbAOIC8stGg3Bf-OV~kOIX2rDrWnwgfzrFj0Rlm~Zf4D8xb3G04oM-OVA9xOHABJv0E4HX-ytT3-ri1GCX67IXDEnRG9Dta8MbMWJ7OXZ6qFLW-x6Io33FGpWR0BVTce3EX1IuF0g~C1A__&Key-Pair-Id=K1KFJH9S65S6E2""","rotate:""normal""",duration:0,fileSize:125902,"timezone:""-05:00""","gpsData:{""source"":""hardware""",time:1778087223000,speed:35.332455,heading:324.78,coordinate:[-76.988538,-12.145318,118.736999],hDop:50,vDop:70},"accessKeyID:""Tsomobile_03ZhM6I4uRjzW""","sign:""RpfLpf//yVUFAwHn4MjREost99jS9nD2A3PDz0kIASU=""",useCache:true},,,,,,,,,,,,,,,,,,,,,,,,,,,,,,,,,,,,,,,
"{""notificationType"":""AutoSnapshot""","sn:""8B5142A5""","pictureID:""1212051859100016640""",time:1778087288000,"rotate:""normal""","url:""https://cdn.vidfleet-api.gpstrackit.com/clip/8a4b5e9b4dad4f7595cdf86e5ec8c8ca/default/8B5142A5/1212051859100016640/thumbnails/1808000.jpg?Policy=eyJTdGF0ZW1lbnQiOlt7IlJlc291cmNlIjoiaHR0cHM6Ly9jZG4udmlkZmxlZXQtYXBpLmdwc3RyYWNraXQuY29tL2NsaXAvOGE0YjVlOWI0ZGFkNGY3NTk1Y2RmODZlNWVjOGM4Y2EvZGVmYXVsdC84QjUxNDJBNS8xMjEyMDUxODU5MTAwMDE2NjQwL3RodW1ibmFpbHMvMTgwODAwMC5qcGciLCJDb25kaXRpb24iOnsiRGF0ZUxlc3NUaGFuIjp7IkFXUzpFcG9jaFRpbWUiOjE3OTM4OTg0OTd9fX1dfQ__&Signature=SgSwgND1bGjynBzah80Hz-pMuqiP8yo0d~HZJzM9g6oUFK2NxCVfD8glwKRLMr1guKLykjDqN5qPecy~SM~67o~vPi1m2ZwHmBQfY26hvSdIGRk9PVqWWmTN3Z4J7xEdjMJQzk5FEV-DtKAFu8ad8YignWN7R8Adx3Yv8VrKYEuybv3rYTIPtsl3YgzqyldXj7K~W0Bhvg~kJ0nHVV-z9QbQMcQZlapPKtfR4PbAWEbZuKXCNqAiFqjzJGk9wxZSGCPIhy~bW9S2TQwCaA9Gd5S4mdi1Sg839JJaJ61vjLjMG4FZhe~pV1IiEGXRYmBGw55EM~zCMRIZfjRsEEQPGg__&Key-Pair-Id=K1KFJH9S65S6E2""",fileSize:114934,"tripID:""0758cc68-cdd3-43ee-9dbb-409e6b93eb96""","timezone:""-05:00""","gpsData:{""source"":""hardware""",sysTime:1778087287277,time:1778087288000,speed:38.216,heading:321.84,coordinate:[-76.9922174,-12.14105225,120.7030029],hDop:55,vDop:71},"accessKeyID:""Tsomobile_03ZhM6I4uRjzW""","sign:""a4KSRjJRZau23y1IyGmMmfzYxyJvP6SuFrSyMBIdyG8=""",useCache:true},,,,,,,,,,,,,,,,,,,,,,,,,,,,,,,,,,,,,,,,,,,,,,
"{""notificationType"":""TripInfo""","sn:""8B5142A5""","tripID:""0758cc68-cdd3-43ee-9dbb-409e6b93eb96""",messageTime:1778087315838,"points:[{""source"":""hardware""",sysTime:1778087218288,gpsTime:1778087219000,speed:26.558,heading:323.5,coordinate:[-76.98834675,-12.14557162,118.1330032],"idleStatus:""Moving""",accumulatedDistance:23478,hDop:52,vDop:74},"{""source"":""hardware""",sysTime:1778087248286,gpsTime:1778087249000,speed:35.319,heading:318.57,coordinate:[-76.9901218,-12.14325783,118.913002],"idleStatus:""Moving""",accumulatedDistance:23872,hDop:49,vDop:68},"{""source"":""hardware""",sysTime:1778087278278,gpsTime:1778087279000,speed:42.878,heading:312.21,coordinate:[-76.99157855,-12.141762,118.4079971],"idleStatus:""Moving""",accumulatedDistance:23959,hDop:51,vDop:70},"{""source"":""hardware""",sysTime:1778087308300,gpsTime:1778087309000,speed:12.695,heading:326.77,coordinate:[-76.99328302,-12.13974357,129.2220001],"idleStatus:""Moving""",accumulatedDistance:24395,hDop:50,vDop:69}],obdData:[],"accessKeyID:""Tsomobile_03ZhM6I4uRjzW""","sign:""KcjEqRzVVW7b5U4uucKvdbI3SL9vQNmjqkrnIHYiq10=""",useCache:true},,,,,,,,,,,,
"{""notificationType"":""TripInfo""","sn:""8B5142A5""","tripID:""0758cc68-cdd3-43ee-9dbb-409e6b93eb96""",messageTime:1778087436641,"points:[{""source"":""hardware""",sysTime:1778087338295,gpsTime:1778087339000,speed:0.115,heading:323.61,coordinate:[-76.99331142,-12.13970008,128.8760071],"idleStatus:""Unknown""",accumulatedDistance:24395,hDop:51,vDop:68},"{""source"":""hardware""",sysTime:1778087368295,gpsTime:1778087369000,speed:24.861,heading:325.13,coordinate:[-76.99376853,-12.1390172,126.3929977],"idleStatus:""Moving""",accumulatedDistance:24395,hDop:49,vDop:67},"{""source"":""hardware""",sysTime:1778087398277,gpsTime:1778087399000,speed:37.372,heading:326.01,coordinate:[-76.99527473,-12.13691225,124.7289963],"idleStatus:""Moving""",accumulatedDistance:24776,hDop:52,vDop:71},"{""source"":""hardware""",sysTime:1778087428295,gpsTime:1778087429000,speed:19.878,heading:330.81,coordinate:[-76.996603,-12.13499532,130.2059937],"idleStatus:""Moving""",accumulatedDistance:25038,hDop:52,vDop:71}],obdData:[],"accessKeyID:""Tsomobile_03ZhM6I4uRjzW""","sign:""ynOxe8rkf0tD/9xji8ryfDQmV7Go9msIFzmVc09I/Lk=""",useCache:true},,,,,,,,,,,,
"{""notificationType"":""CameraRunningInfo""","sn:""8B5142A5""","tripID:""0758cc68-cdd3-43ee-9dbb-409e6b93eb96""",connectionEstablishedTime:1778087057360,time:1778087485842,systemTime:1778087485842,lteSignalStrength:31,gpsSignalStrength:38.91,gpsValidSatellites:26,gpsScannedSatellites:30,vehicleBatteryVoltage:13,oldestBufferedClipTime:1325374305000,oldestMarkedClipTime:1750501531000,triggeredAlarms:0,triggeredEvents:7,"alarmCnt:{""USING_PHONE"":0",HEADWAY_MONITORING_WARNING:0,HEADWAY_MONITORING_EMERGENCY:0,SPEEDING:0,DROWSINESS:0,LANE_DEPARTURE_WARNING:0,OVER_MAX_SPEED:0,PASSENGERS_NO_SEATBELT:0,PEDESTRIAN_COLLISION:0,CYCLIST_COLLISION:0,NO_SEATBELT:0,NO_DRIVER:0,DISTRACTED:0},"natState:{""status"":""disabled""",usageInMB:0},"gpsData:{""source"":""hardware""",time:1778087487000,speed:18.786687,heading:324.220001,coordinate:[-76.998741,-12.132333,129.459],hDop:50,vDop:69},"accessKeyID:""Tsomobile_03ZhM6I4uRjzW""","sign:""Ihll5kWcBV8ikKNjIUCeQtCWyQOgTmu/ASo0tKy9oKI=""",useCache:true},,,,,,,,,,,,,,,,,,,,,,,,,,
"{""notificationType"":""TripInfo""","sn:""8B5142A5""","tripID:""0758cc68-cdd3-43ee-9dbb-409e6b93eb96""",messageTime:1778087558122,"points:[{""source"":""hardware""",sysTime:1778087458295,gpsTime:1778087459000,speed:38.616,heading:318.32,coordinate:[-76.99764505,-12.1336707,136.4570007],"idleStatus:""Moving""",accumulatedDistance:25038,hDop:51,vDop:74},"{""source"":""hardware""",sysTime:1778087488284,gpsTime:1778087489000,speed:20.235,heading:325.26,coordinate:[-76.99880062,-12.13225363,128.7910004],"idleStatus:""Moving""",accumulatedDistance:25324,hDop:52,vDop:73},"{""source"":""hardware""",sysTime:1778087518274,gpsTime:1778087519000,speed:0.05,heading:324.17,coordinate:[-76.9990477,-12.13188142,125.7480011],"idleStatus:""Unknown""",accumulatedDistance:25324,hDop:56,vDop:82},"{""source"":""hardware""",sysTime:1778087548264,gpsTime:1778087549000,speed:40.822,heading:325.87,coordinate:[-77.00012997,-12.13027488,128.0919952],"idleStatus:""Moving""",accumulatedDistance:25681,hDop:50,vDop:71}],obdData:[],"accessKeyID:""Tsomobile_03ZhM6I4uRjzW""","sign:""QjH6LnYF9ud1QyeaiUwjJPHp4AAUUvPc/UgRJaA0UqA=""",useCache:true},,,,,,,,,,,,
"{""notificationType"":""TripInfo""","sn:""8B5142A5""","tripID:""0758cc68-cdd3-43ee-9dbb-409e6b93eb96""",messageTime:1778087679236,"points:[{""source"":""hardware""",sysTime:1778087578274,gpsTime:1778087579000,speed:41.926,heading:326.63,coordinate:[-77.00216318,-12.12725588,130.3840027],"idleStatus:""Moving""",accumulatedDistance:26083,hDop:50,vDop:70},"{""source"":""hardware""",sysTime:1778087608263,gpsTime:1778087609000,speed:0.152,heading:327.96,coordinate:[-77.00287823,-12.12609097,134.397995],"idleStatus:""Unknown""",accumulatedDistance:26234,hDop:57,vDop:72},"{""source"":""hardware""",sysTime:1778087638263,gpsTime:1778087639000,speed:26.885,heading:325.86,coordinate:[-77.00331227,-12.12545405,135.8500061],"idleStatus:""Moving""",accumulatedDistance:26234,hDop:56,vDop:77},"{""source"":""hardware""",sysTime:1778087668293,gpsTime:1778087669000,speed:32.397,heading:326.41,coordinate:[-77.00468197,-12.12343977,139.3800049],"idleStatus:""Moving""",accumulatedDistance:26590,hDop:55,vDop:73}],obdData:[],"accessKeyID:""Tsomobile_03ZhM6I4uRjzW""","sign:""INiCg/OAAtUo+SFsUlH9yc5tkKsq8PICWiGQmI7vsVs=""",useCache:true},,,,,,,,,,,,
"{""notificationType"":""TripInfo""","sn:""8B5142A5""","tripID:""0758cc68-cdd3-43ee-9dbb-409e6b93eb96""",messageTime:1778087801140,"points:[{""source"":""hardware""",sysTime:1778087698272,gpsTime:1778087699000,speed:0.137,heading:324.67,coordinate:[-77.00546027,-12.12222428,142.8690033],"idleStatus:""Unknown""",accumulatedDistance:26746,hDop:65,vDop:98},"{""source"":""hardware""",sysTime:1778087728273,gpsTime:1778087729000,speed:0.002,heading:324.67,coordinate:[-77.00545522,-12.1222097,142.4830017],"idleStatus:""Unknown""",accumulatedDistance:26746,hDop:57,vDop:80},"{""source"":""hardware""",sysTime:1778087758263,gpsTime:1778087759000,speed:0.119,heading:324.67,coordinate:[-77.00544962,-12.12219798,142.8769989],"idleStatus:""Idling""",accumulatedDistance:26746,hDop:58,vDop:83},"{""source"":""hardware""",sysTime:1778087788263,gpsTime:1778087789000,speed:0.122,heading:324.67,coordinate:[-77.00545127,-12.1221951,142.2319946],"idleStatus:""Idling""",accumulatedDistance:26746,hDop:58,vDop:83}],obdData:[],"accessKeyID:""Tsomobile_03ZhM6I4uRjzW""","sign:""SpfPdr1vRekOGz7i7Mos2yflsZmX+sCAmHEjJceDUqo=""",useCache:true},,,,,,,,,,,,
"{""notificationType"":""CameraRunningInfo""","sn:""8B5142A5""","tripID:""0758cc68-cdd3-43ee-9dbb-409e6b93eb96""",connectionEstablishedTime:1778087057360,time:1778087816852,systemTime:1778087816852,lteSignalStrength:31,gpsSignalStrength:39.21,gpsValidSatellites:24,gpsScannedSatellites:30,vehicleBatteryVoltage:12,oldestBufferedClipTime:1325374305000,oldestMarkedClipTime:1777920103000,triggeredAlarms:0,triggeredEvents:7,"alarmCnt:{""USING_PHONE"":0",HEADWAY_MONITORING_WARNING:0,HEADWAY_MONITORING_EMERGENCY:0,SPEEDING:0,DROWSINESS:0,LANE_DEPARTURE_WARNING:0,OVER_MAX_SPEED:0,PASSENGERS_NO_SEATBELT:0,PEDESTRIAN_COLLISION:0,CYCLIST_COLLISION:0,NO_SEATBELT:0,NO_DRIVER:0,DISTRACTED:0},"natState:{""status"":""disabled""",usageInMB:0},"gpsData:{""source"":""hardware""",time:1778087818000,speed:29.378276,heading:325.899993,coordinate:[-77.006082,-12.1213,142.256],hDop:54,vDop:78},"accessKeyID:""Tsomobile_03ZhM6I4uRjzW""","sign:""ap+uj8bDAm1k+EirDsp04Z8IG0CPZwqq1Dhcmxl3dW4=""",useCache:true},,,,,,,,,,,,,,,,,,,,,,,,,,
"{""notificationType"":""AutoSnapshot""","sn:""8B5142A5""","pictureID:""1212054374537371648""",time:1778087888000,"rotate:""normal""","url:""https://cdn.vidfleet-api.gpstrackit.com/clip/8a4b5e9b4dad4f7595cdf86e5ec8c8ca/default/8B5142A5/1212054374537371648/thumbnails/2408000.jpg?Policy=eyJTdGF0ZW1lbnQiOlt7IlJlc291cmNlIjoiaHR0cHM6Ly9jZG4udmlkZmxlZXQtYXBpLmdwc3RyYWNraXQuY29tL2NsaXAvOGE0YjVlOWI0ZGFkNGY3NTk1Y2RmODZlNWVjOGM4Y2EvZGVmYXVsdC84QjUxNDJBNS8xMjEyMDU0Mzc0NTM3MzcxNjQ4L3RodW1ibmFpbHMvMjQwODAwMC5qcGciLCJDb25kaXRpb24iOnsiRGF0ZUxlc3NUaGFuIjp7IkFXUzpFcG9jaFRpbWUiOjE3OTM4OTkwOTd9fX1dfQ__&Signature=S9W0bVJ2BYqa-H88lwQG2LwkQxuY9jXiEahppG9w70p11Gwh5cVspWV5ykuuhDtARbkdovYbO16FzTgM-OAdDhRc4kHNDY8hCi2lwJ382A1MKMtJ-193f4YZuMoKh2JOOwEE9yYMS~4ZrUOZSChoAfaZJBN8eFCpfLjX~1BSaeovdazL-NK9r9GzZCG3dRZI2SXBrjnFDOyZloLgtiSgqUH0D9YlQOs~oZ451OhRR~zY3J1g5lRnLYpxpm08URtqjWzcn6lRNq2j6JIyi3~2Kscx4nFXqSxdWHAuV-lsxYwfWeFzGB3FPZKcoOYqUW8GdkbNOrgi2S443zsBP17nVw__&Key-Pair-Id=K1KFJH9S65S6E2""",fileSize:160147,"tripID:""0758cc68-cdd3-43ee-9dbb-409e6b93eb96""","timezone:""-05:00""","gpsData:{""source"":""hardware""",sysTime:1778087887261,time:1778087888000,speed:11.718,heading:320.5,coordinate:[-77.00436682,-12.11951528,150.6060028],hDop:71,vDop:133},"accessKeyID:""Tsomobile_03ZhM6I4uRjzW""","sign:""rsCbxTyrUHd7yFH1fYXaj7miAD4Mij5af8oEKZ0EErs=""",useCache:true},,,,,,,,,,,,,,,,,,,,,,,,,,,,,,,,,,,,,,,,,,,,,,
"{""notificationType"":""CameraEvent""","sn:""8B5142A5""","tripID:""0758cc68-cdd3-43ee-9dbb-409e6b93eb96""","vehicleID:""""","event:""USING_PHONE""","eventCategory:""DMS""","eventLevel:""DEFAULT""",cameraClipKey:1778069877,cameraClipOffset:2397000,time:1778087883000,"clipID:""1212054374273130496""",clipStartTime:1778087883000,"url:""https://cdn.vidfleet-api.gpstrackit.com/clip/8a4b5e9b4dad4f7595cdf86e5ec8c8ca/default/8B5142A5/1212054374273130496/thumbnails/6000.jpg?Policy=eyJTdGF0ZW1lbnQiOlt7IlJlc291cmNlIjoiaHR0cHM6Ly9jZG4udmlkZmxlZXQtYXBpLmdwc3RyYWNraXQuY29tL2NsaXAvOGE0YjVlOWI0ZGFkNGY3NTk1Y2RmODZlNWVjOGM4Y2EvZGVmYXVsdC84QjUxNDJBNS8xMjEyMDU0Mzc0MjczMTMwNDk2L3RodW1ibmFpbHMvNjAwMC5qcGciLCJDb25kaXRpb24iOnsiRGF0ZUxlc3NUaGFuIjp7IkFXUzpFcG9jaFRpbWUiOjE3OTM4OTkwOTh9fX1dfQ__&Signature=a0TgW5zqluXaz5lqo7mdFXdD-WEdUTck3Nuk~kvRlhc40MCM3HOQjjhRpGIhMTmyC7z106xzYtMApAWj1fpWxaMu81TCKUcf6Vje8wBuZmoyBTSAgki7Ciz1ua3o2taHunwEzRXrbPCYV3QHXAECwk-ZnrLjWnWbcrrW1vhYJN~YtJd5Z9o2dG1LT2JVd9uCv4ZOP8d~EGU9nMNX8pqFOGwA30nhOa1FW9QCjy~JoO-9xlLYSs7NEy3MxUn-KKn3tz5hr76-CSj-IqF1KGyFLimbAKEw1IbLyB1ZUO-l~ly7CjO88YY6FFfoEmv6XjgJOkqwwU6t-8M5r4~6cUQjpQ__&Key-Pair-Id=K1KFJH9S65S6E2""","rotate:""normal""",duration:0,fileSize:160250,"timezone:""-05:00""","gpsData:{""source"":""hardware""",time:1778087883000,speed:8.093239,heading:350.24,coordinate:[-77.004311,-12.119597,151.246002],hDop:58,vDop:80},"accessKeyID:""Tsomobile_03ZhM6I4uRjzW""","sign:""4hZ/q56MaHanaVWBH4/DkOUDyo7LM13a7ym987nubiM=""",useCache:true},,,,,,,,,,,,,,,,,,,,,,,,,,,,,,,,,,,,,,,
"{""notificationType"":""TripInfo""","sn:""8B5142A5""","tripID:""0758cc68-cdd3-43ee-9dbb-409e6b93eb96""",messageTime:1778087939969,"points:[{""source"":""hardware""",sysTime:1778087818285,gpsTime:1778087819000,speed:28.447,heading:327.96,coordinate:[-77.00612378,-12.1212401,142.1100006],"idleStatus:""Moving""",accumulatedDistance:26746,hDop:55,vDop:79},"{""source"":""hardware""",sysTime:1778087848263,gpsTime:1778087849000,speed:12.76,heading:55.07,coordinate:[-77.00530213,-12.1203185,147.2579956],"idleStatus:""Moving""",accumulatedDistance:26976,hDop:60,vDop:110},"{""source"":""hardware""",sysTime:1778087878273,gpsTime:1778087879000,speed:12.162,heading:60.63,coordinate:[-77.00435708,-12.11966852,150.9349976],"idleStatus:""Moving""",accumulatedDistance:26976,hDop:56,vDop:75},"{""source"":""hardware""",sysTime:1778087908271,gpsTime:1778087909000,speed:17.583,heading:332.87,coordinate:[-77.0051198,-12.11842775,150.9579926],"idleStatus:""Moving""",accumulatedDistance:27192,hDop:66,vDop:90}],obdData:[],"accessKeyID:""Tsomobile_03ZhM6I4uRjzW""","sign:""2s7Dlwe7r5YYhYw+NtQ9nGz9iNrLd9s8uGXq1GF35Js=""",useCache:true},,,,,,,,,,,,
"{""notificationType"":""TripInfo""","sn:""8B5142A5""","tripID:""0758cc68-cdd3-43ee-9dbb-409e6b93eb96""",messageTime:1778088051189,"points:[{""source"":""hardware""",sysTime:1778087938272,gpsTime:1778087939000,speed:19.318,heading:323.99,coordinate:[-77.00560172,-12.11765542,155.4929962],"idleStatus:""Moving""",accumulatedDistance:27192,hDop:61,vDop:96},"{""source"":""hardware""",sysTime:1778087968282,gpsTime:1778087969000,speed:14.729,heading:342.86,coordinate:[-77.00664032,-12.11636458,155.3470001],"idleStatus:""Moving""",accumulatedDistance:27448,hDop:60,vDop:100},"{""source"":""hardware""",sysTime:1778087998292,gpsTime:1778087999000,speed:29.365,heading:147.56,coordinate:[-77.00635747,-12.11684513,147.996994],"idleStatus:""Moving""",accumulatedDistance:27448,hDop:58,vDop:85},"{""source"":""hardware""",sysTime:1778088028272,gpsTime:1778088029000,speed:25.495,heading:149.14,coordinate:[-77.00548792,-12.11805515,143.3500061],"idleStatus:""Moving""",accumulatedDistance:27448,hDop:62,vDop:98}],obdData:[],"accessKeyID:""Tsomobile_03ZhM6I4uRjzW""","sign:""xhliCyCXCf0dGfgGanIUoFFuJnFu6QKiGmEYhAvMTjA=""",useCache:true},,,,,,,,,,,,
"{""notificationType"":""TripInfo""","sn:""8B5142A5""","tripID:""0758cc68-cdd3-43ee-9dbb-409e6b93eb96""",messageTime:1778088168005,"points:[{""source"":""hardware""",sysTime:1778088058282,gpsTime:1778088059000,speed:4.091,heading:114.74,coordinate:[-77.0044005,-12.11956872,148.2279968],"idleStatus:""Unknown""",accumulatedDistance:27740,hDop:63,vDop:93},"{""source"":""hardware""",sysTime:1778088088293,gpsTime:1778088089000,speed:13.605,heading:330.49,coordinate:[-77.00527232,-12.11819793,147.3789978],"idleStatus:""Moving""",accumulatedDistance:27740,hDop:58,vDop:85},"{""source"":""hardware""",sysTime:1778088118285,gpsTime:1778088119000,speed:24.524,heading:320.91,coordinate:[-77.0062779,-12.11692963,146.298996],"idleStatus:""Moving""",accumulatedDistance:27944,hDop:56,vDop:86},"{""source"":""hardware""",sysTime:1778088148300,gpsTime:1778088149000,speed:0.298,heading:332.09,coordinate:[-77.00673448,-12.11626392,149.1089935],"idleStatus:""Unknown""",accumulatedDistance:27944,hDop:57,vDop:79}],obdData:[],"accessKeyID:""Tsomobile_03ZhM6I4uRjzW""","sign:""npAh20zXbr+ZarhXH5QM+1iODwT4/yX9N5aHO3i4UWM=""",useCache:true},,,,,,,,,,,,
"{""notificationType"":""TripInfo""","sn:""8B5142A5""","tripID:""0758cc68-cdd3-43ee-9dbb-409e6b93eb96""",messageTime:1778088288373,"points:[{""source"":""hardware""",sysTime:1778088178263,gpsTime:1778088179000,speed:10.429,heading:145.65,coordinate:[-77.0064492,-12.11674538,150.8190002],"idleStatus:""Moving""",accumulatedDistance:27944,hDop:58,vDop:88},"{""source"":""hardware""",sysTime:1778088208271,gpsTime:1778088209000,speed:2.484,heading:240.13,coordinate:[-77.00611963,-12.1174394,146.7920074],"idleStatus:""Unknown""",accumulatedDistance:27944,hDop:62,vDop:94},"{""source"":""hardware""",sysTime:1778088238272,gpsTime:1778088239000,speed:0.093,heading:240.13,coordinate:[-77.00613247,-12.11745407,147.746994],"idleStatus:""Unknown""",accumulatedDistance:27944,hDop:58,vDop:81},"{""source"":""hardware""",sysTime:1778088268282,gpsTime:1778088269000,speed:0.13,heading:240.13,coordinate:[-77.00613272,-12.11745445,147.8359985],"idleStatus:""Idling""",accumulatedDistance:27944,hDop:58,vDop:80}],obdData:[],"accessKeyID:""Tsomobile_03ZhM6I4uRjzW""","sign:""fFBWdL8wcByJb0rCsw6J58M7Wv2Ry6R5yD2pWT2AcLU=""",useCache:true},,,,,,,,,,,,
"{""notificationType"":""TripInfo""","sn:""8B5142A5""","tripID:""0758cc68-cdd3-43ee-9dbb-409e6b93eb96""",messageTime:1778088409598,"points:[{""source"":""hardware""",sysTime:1778088298272,gpsTime:1778088299000,speed:0.119,heading:240.13,coordinate:[-77.00613565,-12.11745487,147.6690063],"idleStatus:""Idling""",accumulatedDistance:27944,hDop:62,vDop:90},"{""source"":""hardware""",sysTime:1778088328271,gpsTime:1778088329000,speed:0.104,heading:240.13,coordinate:[-77.00614082,-12.11745723,147.6499939],"idleStatus:""Idling""",accumulatedDistance:27944,hDop:63,vDop:92},"{""source"":""hardware""",sysTime:1778088358283,gpsTime:1778088359000,speed:0.043,heading:240.13,coordinate:[-77.00614092,-12.1174579,147.9450073],"idleStatus:""Idling""",accumulatedDistance:27944,hDop:55,vDop:78},"{""source"":""hardware""",sysTime:1778088388271,gpsTime:1778088389000,speed:0.161,heading:240.13,coordinate:[-77.00614263,-12.11746208,147.6060028],"idleStatus:""Idling""",accumulatedDistance:27944,hDop:55,vDop:78}],obdData:[],"accessKeyID:""Tsomobile_03ZhM6I4uRjzW""","sign:""XjBFBkj9QxvEMhgL1eamHtlLJV6ibcLXdbdBz8EvCbA=""",useCache:true},,,,,,,,,,,,
"{""notificationType"":""CameraRunningInfo""","sn:""8B5142A5""","tripID:""0758cc68-cdd3-43ee-9dbb-409e6b93eb96""",connectionEstablishedTime:1778088203551,time:1778088481854,systemTime:1778088481854,lteSignalStrength:29,gpsSignalStrength:38.09,gpsValidSatellites:23,gpsScannedSatellites:30,vehicleBatteryVoltage:12,oldestBufferedClipTime:1325374305000,oldestMarkedClipTime:1777920103000,triggeredAlarms:0,triggeredEvents:8,"alarmCnt:{""USING_PHONE"":0",HEADWAY_MONITORING_WARNING:0,HEADWAY_MONITORING_EMERGENCY:0,SPEEDING:0,DROWSINESS:0,LANE_DEPARTURE_WARNING:0,OVER_MAX_SPEED:0,PASSENGERS_NO_SEATBELT:0,PEDESTRIAN_COLLISION:0,CYCLIST_COLLISION:0,NO_SEATBELT:0,NO_DRIVER:0,DISTRACTED:0},"natState:{""status"":""disabled""",usageInMB:0},"gpsData:{""source"":""hardware""",time:1778088483000,speed:0.140752,heading:240.130004,coordinate:[-77.006147,-12.117466,147.151],hDop:60,vDop:90},"accessKeyID:""Tsomobile_03ZhM6I4uRjzW""","sign:""VjiZcmmtAb7IQBT7jnbCRSUWXE4W+OYBnRzWUlgJztk=""",useCache:true},,,,,,,,,,,,,,,,,,,,,,,,,,
"{""notificationType"":""AutoSnapshot""","sn:""8B5142A5""","pictureID:""1212056890243162112""",time:1778088488000,"rotate:""normal""","url:""https://cdn.vidfleet-api.gpstrackit.com/clip/8a4b5e9b4dad4f7595cdf86e5ec8c8ca/default/8B5142A5/1212056890243162112/thumbnails/3008000.jpg?Policy=eyJTdGF0ZW1lbnQiOlt7IlJlc291cmNlIjoiaHR0cHM6Ly9jZG4udmlkZmxlZXQtYXBpLmdwc3RyYWNraXQuY29tL2NsaXAvOGE0YjVlOWI0ZGFkNGY3NTk1Y2RmODZlNWVjOGM4Y2EvZGVmYXVsdC84QjUxNDJBNS8xMjEyMDU2ODkwMjQzMTYyMTEyL3RodW1ibmFpbHMvMzAwODAwMC5qcGciLCJDb25kaXRpb24iOnsiRGF0ZUxlc3NUaGFuIjp7IkFXUzpFcG9jaFRpbWUiOjE3OTM4OTk2OTZ9fX1dfQ__&Signature=Ft9I1UAOSdjOuwTYAePyIVs658NxnA2XGDrN-3g4UumynHUak8~KMgitnihid0k9SuL1qDvA7da5FZql2If8SXt8ton3jcOwq4BiAt5jQgZnE37EW9VyfBvsc7o-hUCeXpgIcQwhlZKFKi48rBhXWkZOlvTLq8Hgr8qbIsCkhKNPmfQ4u~9s2bDREgMdeqhqf9kgL~-1E6~UgowVIFUwR1HYZqwbstWl~jxUGu-cQfReYHSgh-Lez-8b9~fX-Vb7NLdAzk8HnoaxUw7~PGP478y417-rCR-dQJYVB2qZTm2hO9GCY~dVHTQ~D4WbmGdOZ648rGwncjmcViQUkm2U-A__&Key-Pair-Id=K1KFJH9S65S6E2""",fileSize:137799,"tripID:""0758cc68-cdd3-43ee-9dbb-409e6b93eb96""","timezone:""-05:00""","gpsData:{""source"":""hardware""",sysTime:1778088487270,time:1778088488000,speed:0.119,heading:240.13,coordinate:[-77.00614773,-12.11746657,147.1130066],hDop:60,vDop:82},"accessKeyID:""Tsomobile_03ZhM6I4uRjzW""","sign:""sGCVKeHwiO/pLeE11OuH9c/4BjxqaOQvFVxffuHR8Rw=""",useCache:true},,,,,,,,,,,,,,,,,,,,,,,,,,,,,,,,,,,,,,,,,,,,,,
"{""notificationType"":""IgnitionStatus""","sn:""8B5142A5""","vehicleID:""""","tripID:""0758cc68-cdd3-43ee-9dbb-409e6b93eb96""","previousStatus:""driving""","currentStatus:""parking""",changeTime:1778088514814,"gpsData:{""source"":""hardware""",time:1778088516000,speed:0.103711,heading:240.130004,coordinate:[-77.006148,-12.117466,146.994],hDop:58,vDop:81},accumulatedDistance:27944,"accessKeyID:""Tsomobile_03ZhM6I4uRjzW""","sign:""06nCETlV6tACVhCXMU8a3isTkE6wwPtSRgax52AIP2E=""",useCache:true},,,,,,,,,,,,,,,,,,,,,,,,,,,,,,,,,,,,,,,,,,,,,,,,
"{""notificationType"":""CameraRunningInfo""","sn:""8B5142A5""","tripID:""0758cc68-cdd3-43ee-9dbb-409e6b93eb96""",connectionEstablishedTime:1778088203551,time:1778088515896,systemTime:1778088515896,lteSignalStrength:29,gpsSignalStrength:38.09,gpsValidSatellites:23,gpsScannedSatellites:30,vehicleBatteryVoltage:12,oldestBufferedClipTime:1325374305000,oldestMarkedClipTime:1777920103000,triggeredAlarms:0,triggeredEvents:8,"alarmCnt:{""USING_PHONE"":0",HEADWAY_MONITORING_WARNING:0,HEADWAY_MONITORING_EMERGENCY:0,SPEEDING:0,DROWSINESS:0,LANE_DEPARTURE_WARNING:0,OVER_MAX_SPEED:0,PASSENGERS_NO_SEATBELT:0,PEDESTRIAN_COLLISION:0,CYCLIST_COLLISION:0,NO_SEATBELT:0,NO_DRIVER:0,DISTRACTED:0},"natState:{""status"":""disabled""",usageInMB:0},"gpsData:{""source"":""hardware""",time:1778088518000,speed:0.025927,heading:240.130004,coordinate:[-77.00615,-12.117465,146.905],hDop:61,vDop:82},"accessKeyID:""Tsomobile_03ZhM6I4uRjzW""","sign:""KzquDyOgFuwsgvxzVtsL0xdVB8qckgDIX0tj2NURuAI=""",useCache:true},,,,,,,,,,,,,,,,,,,,,,,,,,
"{""notificationType"":""TripInfo""","sn:""8B5142A5""","tripID:""0758cc68-cdd3-43ee-9dbb-409e6b93eb96""",messageTime:1778088520759,"points:[{""source"":""hardware""",sysTime:1778088418271,gpsTime:1778088419000,speed:0.107,heading:240.13,coordinate:[-77.00614213,-12.11746317,147.871994],"idleStatus:""Idling""",accumulatedDistance:27944,hDop:56,vDop:79},"{""source"":""hardware""",sysTime:1778088448281,gpsTime:1778088449000,speed:0.007,heading:240.13,coordinate:[-77.00614547,-12.11746672,147.2109985],"idleStatus:""Idling""",accumulatedDistance:27944,hDop:58,vDop:85},"{""source"":""hardware""",sysTime:1778088478270,gpsTime:1778088479000,speed:0.063,heading:240.13,coordinate:[-77.0061471,-12.11746663,147.154007],"idleStatus:""Idling""",accumulatedDistance:27944,hDop:65,vDop:98},"{""source"":""hardware""",sysTime:1778088508272,gpsTime:1778088509000,speed:0.03,heading:240.13,coordinate:[-77.0061487,-12.11746632,147.0249939],"idleStatus:""Idling""",accumulatedDistance:27944,hDop:58,vDop:81}],obdData:[],"accessKeyID:""Tsomobile_03ZhM6I4uRjzW""","sign:""rpoSIznLv8/KTgvfGbcvKbvlNFuj1wnksY0M/I0FApo=""",useCache:true},,,,,,,,,,,,
"{""notificationType"":""AutoSnapshot""","sn:""8B5142A5""","pictureID:""1212057009176846336""",time:1778088514000,"rotate:""normal""","url:""https://cdn.vidfleet-api.gpstrackit.com/clip/8a4b5e9b4dad4f7595cdf86e5ec8c8ca/default/8B5142A5/1212057009176846336/thumbnails/3034000.jpg?Policy=eyJTdGF0ZW1lbnQiOlt7IlJlc291cmNlIjoiaHR0cHM6Ly9jZG4udmlkZmxlZXQtYXBpLmdwc3RyYWNraXQuY29tL2NsaXAvOGE0YjVlOWI0ZGFkNGY3NTk1Y2RmODZlNWVjOGM4Y2EvZGVmYXVsdC84QjUxNDJBNS8xMjEyMDU3MDA5MTc2ODQ2MzM2L3RodW1ibmFpbHMvMzAzNDAwMC5qcGciLCJDb25kaXRpb24iOnsiRGF0ZUxlc3NUaGFuIjp7IkFXUzpFcG9jaFRpbWUiOjE3OTM4OTk3MjV9fX1dfQ__&Signature=lykWDsnCYjvQ1FobQS~Ps85HTCEUxXgn4qLqzd6S28QgIAyLLNa105mHaBStzcIdI9ec~mp4eBNr5lrnNbToKS0oN9XUYPAyTAbo59k~TqcdtP~ReHoruNuR-OmjMKxq1eo0s7cG~gCxA8SzQTjnIALn-nsZ8SA8EyuNAOUmtEPTzmaURnvOpTMQXjwHmUs80v1VvxrG-Jwpj3VVwXedo4LHZ5tgBDf~kkextms1sTQaFuNY4kr6WIvB27ugnZKjHrMzrPugHSBx5dJMCU2kSKtDa6bwKc7F3AZKwQokqnIWXDPUCElPjg09rXw5sXbOQCjKkszI3jhYx4iQUGIlWg__&Key-Pair-Id=K1KFJH9S65S6E2""",fileSize:138633,"tripID:""0758cc68-cdd3-43ee-9dbb-409e6b93eb96""","timezone:""-05:00""","gpsData:{""source"":""hardware""",sysTime:1778088513271,time:1778088514000,speed:0.07,heading:240.13,coordinate:[-77.00614873,-12.11746625,147.0059967],hDop:62,vDop:81},"accessKeyID:""Tsomobile_03ZhM6I4uRjzW""","sign:""xNJRHuZucaiBEoXMogIMKZvJ7l1YFhvWpdaGhfqgIWA=""",useCache:true},,,,,,,,,,,,,,,,,,,,,,,,,,,,,,,,,,,,,,,,,,,,,,
"{""notificationType"":""IgnitionStatus""","sn:""8B5142A5""","vehicleID:""""","tripID:""2dfce267-4eda-47dd-8ad0-16b83951b0c1""","previousStatus:""parking""","currentStatus:""driving""",changeTime:1778088756549,"gpsData:{""source"":""hardware""",time:1778088757000,speed:8.696991,heading:231.809997,coordinate:[-77.006149,-12.117516,146.607],hDop:56,vDop:80},accumulatedDistance:0,"accessKeyID:""Tsomobile_03ZhM6I4uRjzW""","sign:""0qUUIiEPD4hMU2111K16ahE8bkipDBBMB6xqVUEu/dg=""",useCache:true},,,,,,,,,,,,,,,,,,,,,,,,,,,,,,,,,,,,,,,,,,,,,,,,
"{""notificationType"":""TripInfo""","sn:""8B5142A5""","tripID:""2dfce267-4eda-47dd-8ad0-16b83951b0c1""",ignitionStartTime:1778088756549,messageTime:1778088761772,"points:[{""source"":""hardware""",sysTime:1778088757000,gpsTime:1778088757000,speed:8.696991,heading:231.809997,coordinate:[-77.006149,-12.117516,146.607],"idleStatus:""Moving""",accumulatedDistance:0,hDop:56,vDop:80}],obdData:[],"accessKeyID:""Tsomobile_03ZhM6I4uRjzW""","sign:""MMVqwgZHDd2lzk4qQrdr8P7J62Bm43cYKQeUbOI3Jx0=""",useCache:true},,,,,,,,,,,,,,,,,,,,,,,,,,,,,,,,,,,,,,,,,,,,,,,
"{""notificationType"":""AutoSnapshot""","sn:""8B5142A5""","pictureID:""1212058008285224960""",time:1778088755000,"rotate:""normal""","url:""https://cdn.vidfleet-api.gpstrackit.com/clip/8a4b5e9b4dad4f7595cdf86e5ec8c8ca/default/8B5142A5/1212058008285224960/thumbnails/238000.jpg?Policy=eyJTdGF0ZW1lbnQiOlt7IlJlc291cmNlIjoiaHR0cHM6Ly9jZG4udmlkZmxlZXQtYXBpLmdwc3RyYWNraXQuY29tL2NsaXAvOGE0YjVlOWI0ZGFkNGY3NTk1Y2RmODZlNWVjOGM4Y2EvZGVmYXVsdC84QjUxNDJBNS8xMjEyMDU4MDA4Mjg1MjI0OTYwL3RodW1ibmFpbHMvMjM4MDAwLmpwZyIsIkNvbmRpdGlvbiI6eyJEYXRlTGVzc1RoYW4iOnsiQVdTOkVwb2NoVGltZSI6MTc5Mzg5OTk2M319fV19&Signature=MmSkazxTH~o2Y7PqAimFqlCBn8Fe-All5iUSJwWxddg4oxbZTKTviPFNnxgEZ8j4t9nx82su8lDjP-8V3L2u9AVg6fuiukT2YhOxb9HRALnEZCjeXyPPkrsQ9RHaG1tnq-2p5CYPV2SBrFAM12LM6h3GhYDsQI5DJcWJtSK8T0H54LGvEqZS04gdTz-Os1xSsoNjqY1CPNWbPtD8tDDhbgjbesWcof0hSgWn4gb-NXwKE7zwR5qEhX1~ygujZmoRHSRDnU7j0ZhtWgHG9B9FfxkU1N6XtCxnuX5GMH2f4BxUGvX8P1s~TKyfnAnRrMXRMEcHnWJpkt5AhdatLaAceQ__&Key-Pair-Id=K1KFJH9S65S6E2""",fileSize:133698,"tripID:""2dfce267-4eda-47dd-8ad0-16b83951b0c1""","timezone:""-05:00""","gpsData:{""source"":""hardware""",sysTime:1778088754203,time:1778088755000,speed:9.062,heading:201.84,coordinate:[-77.00613022,-12.11747433,146.2590027],hDop:61,vDop:86},"accessKeyID:""Tsomobile_03ZhM6I4uRjzW""","sign:""9W9DD276P1D61uk+RNuWHRq5dzynD04MYyQOv0CJcUg=""",useCache:true},,,,,,,,,,,,,,,,,,,,,,,,,,,,,,,,,,,,,,,,,,,,,,
"{""notificationType"":""CameraRunningInfo""","sn:""8B5142A5""","tripID:""2dfce267-4eda-47dd-8ad0-16b83951b0c1""",connectionEstablishedTime:1778088203551,time:1778088815835,systemTime:1778088815835,lteSignalStrength:31,gpsSignalStrength:37.91,gpsValidSatellites:20,gpsScannedSatellites:30,vehicleBatteryVoltage:13,oldestBufferedClipTime:1325374305000,oldestMarkedClipTime:1777920103000,triggeredAlarms:0,triggeredEvents:1,"alarmCnt:{""USING_PHONE"":0",HEADWAY_MONITORING_WARNING:0,HEADWAY_MONITORING_EMERGENCY:0,SPEEDING:0,DROWSINESS:0,LANE_DEPARTURE_WARNING:0,OVER_MAX_SPEED:0,PASSENGERS_NO_SEATBELT:0,PEDESTRIAN_COLLISION:0,CYCLIST_COLLISION:0,NO_SEATBELT:0,NO_DRIVER:0,DISTRACTED:0},"natState:{""status"":""disabled""",usageInMB:0},"gpsData:{""source"":""hardware""",time:1778088817000,speed:0.957484,heading:240.699996,coordinate:[-77.007977,-12.117342,142.04],hDop:58,vDop:85},"accessKeyID:""Tsomobile_03ZhM6I4uRjzW""","sign:""G4mHf8CfzO7gzKi0EyZaBNdEy8NQsLlzVMHBvfWEc+c=""",useCache:true},,,,,,,,,,,,,,,,,,,,,,,,,,
"{""notificationType"":""CameraEvent""","sn:""8B5142A5""","tripID:""2dfce267-4eda-47dd-8ad0-16b83951b0c1""","vehicleID:""""","event:""NO_SEATBELT""","eventCategory:""DMS""","eventLevel:""DEFAULT""",cameraClipKey:1778070797,cameraClipOffset:39000,time:1778088803000,"clipID:""1212058230482673664""",clipStartTime:1778088803000,"url:""https://cdn.vidfleet-api.gpstrackit.com/clip/8a4b5e9b4dad4f7595cdf86e5ec8c8ca/default/8B5142A5/1212058230482673664/thumbnails/6000.jpg?Policy=eyJTdGF0ZW1lbnQiOlt7IlJlc291cmNlIjoiaHR0cHM6Ly9jZG4udmlkZmxlZXQtYXBpLmdwc3RyYWNraXQuY29tL2NsaXAvOGE0YjVlOWI0ZGFkNGY3NTk1Y2RmODZlNWVjOGM4Y2EvZGVmYXVsdC84QjUxNDJBNS8xMjEyMDU4MjMwNDgyNjczNjY0L3RodW1ibmFpbHMvNjAwMC5qcGciLCJDb25kaXRpb24iOnsiRGF0ZUxlc3NUaGFuIjp7IkFXUzpFcG9jaFRpbWUiOjE3OTM5MDAwMTh9fX1dfQ__&Signature=AjSfA6kOru7cYzgtRx3Slyd6n3oW3tgtgg~UvoNiurY5f~2KA4tHhlu5BL1qJq7l~QnzdRI6OtijgE-qPn8k9sDkzrvIqLVGRwavoJhXtdDPezes7p17MZOuXmfKlRKtAbZchNGyxehGVkGf8jQ80PTXC~wLWa9~Eo9E9YTAU3Z~WjoqonrwyzzieM2s2lAMBLbOd5pc7zpREIyLdkj3iIQsXWKqX4pT0uxU1Nf9pL4fmBzCOhJmLY1Iguu3EL9e2G1ih9-lehJy394jXQWmZngXbDi0XKgFPLAWscbwSo2dyNfgwDCycAQ7NffTpAKXIbeBjNvesMS1qBWZmedAbQ__&Key-Pair-Id=K1KFJH9S65S6E2""","rotate:""normal""",duration:0,fileSize:144490,"timezone:""-05:00""","gpsData:{""source"":""hardware""",time:1778088803000,speed:21.188732,heading:239.9,coordinate:[-77.007661,-12.117173,143.388],hDop:55,vDop:80},"accessKeyID:""Tsomobile_03ZhM6I4uRjzW""","sign:""kcnjJ5bUgbcKizz1v4GnjwC7w3Mx5ZZSmuGn6MoF580=""",useCache:true},,,,,,,,,,,,,,,,,,,,,,,,,,,,,,,,,,,,,,,
"{""notificationType"":""TripInfo""","sn:""8B5142A5""","tripID:""2dfce267-4eda-47dd-8ad0-16b83951b0c1""",messageTime:1778088883597,"points:[{""source"":""hardware""",sysTime:1778088786336,gpsTime:1778088787000,speed:11.584,heading:335.03,coordinate:[-77.00709747,-12.1169221,143.522995],"idleStatus:""Moving""",accumulatedDistance:0,hDop:62,vDop:91},"{""source"":""hardware""",sysTime:1778088816337,gpsTime:1778088817000,speed:0.957,heading:240.7,coordinate:[-77.00797785,-12.11734287,142.0399933],"idleStatus:""Unknown""",accumulatedDistance:200,hDop:58,vDop:85},"{""source"":""hardware""",sysTime:1778088846337,gpsTime:1778088847000,speed:0.13,heading:240.7,coordinate:[-77.00797803,-12.11734218,142.5700073],"idleStatus:""Unknown""",accumulatedDistance:200,hDop:58,vDop:86},"{""source"":""hardware""",sysTime:1778088876347,gpsTime:1778088877000,speed:29.56,heading:144.34,coordinate:[-77.00853662,-12.11818117,141.7310028],"idleStatus:""Moving""",accumulatedDistance:200,hDop:58,vDop:85}],obdData:[],"accessKeyID:""Tsomobile_03ZhM6I4uRjzW""","sign:""ijsAMzkHkxbsstfi9KW/kNbV7XgnjpeO3T598/KoEQw=""",useCache:true},,,,,,,,,,,,
"{""notificationType"":""TripInfo""","sn:""8B5142A5""","tripID:""2dfce267-4eda-47dd-8ad0-16b83951b0c1""",messageTime:1778089005342,"points:[{""source"":""hardware""",sysTime:1778088906326,gpsTime:1778088907000,speed:24.082,heading:234.95,coordinate:[-77.0080155,-12.12004885,143.0220032],"idleStatus:""Moving""",accumulatedDistance:477,hDop:67,vDop:111},"{""source"":""hardware""",sysTime:1778088936348,gpsTime:1778088937000,speed:23.006,heading:228.04,coordinate:[-77.0090097,-12.12094558,140.0039978],"idleStatus:""Moving""",accumulatedDistance:679,hDop:55,vDop:82},"{""source"":""hardware""",sysTime:1778088966349,gpsTime:1778088967000,speed:14.499,heading:135.65,coordinate:[-77.00901635,-12.1220161,130.0800018],"idleStatus:""Moving""",accumulatedDistance:679,hDop:50,vDop:74},"{""source"":""hardware""",sysTime:1778088996339,gpsTime:1778088997000,speed:5.725,heading:147.31,coordinate:[-77.00798132,-12.12336265,127.5569992],"idleStatus:""Unknown""",accumulatedDistance:954,hDop:51,vDop:75}],obdData:[],"accessKeyID:""Tsomobile_03ZhM6I4uRjzW""","sign:""/VoUx1YUadfFsmH7Lak7IA22PtfgxBMKv2kZq/1+JFY=""",useCache:true},,,,,,,,,,,,
"{""notificationType"":""TripInfo""","sn:""8B5142A5""","tripID:""2dfce267-4eda-47dd-8ad0-16b83951b0c1""",messageTime:1778089126427,"points:[{""source"":""hardware""",sysTime:1778089026348,gpsTime:1778089027000,speed:0.283,heading:149.38,coordinate:[-77.007903,-12.12346892,133.4989929],"idleStatus:""Unknown""",accumulatedDistance:954,hDop:51,vDop:77},"{""source"":""hardware""",sysTime:1778089056349,gpsTime:1778089057000,speed:25.761,heading:147.66,coordinate:[-77.00759398,-12.12391193,131.8869934],"idleStatus:""Moving""",accumulatedDistance:954,hDop:51,vDop:74},"{""source"":""hardware""",sysTime:1778089086339,gpsTime:1778089087000,speed:29.43,heading:146.78,coordinate:[-77.00655045,-12.12546373,130.802002],"idleStatus:""Moving""",accumulatedDistance:1155,hDop:56,vDop:87},"{""source"":""hardware""",sysTime:1778089116338,gpsTime:1778089117000,speed:3.487,heading:278.67,coordinate:[-77.00679552,-12.12664203,125.3820038],"idleStatus:""Unknown""",accumulatedDistance:1363,hDop:52,vDop:78}],obdData:[],"accessKeyID:""Tsomobile_03ZhM6I4uRjzW""","sign:""j7XaH9MRnq9j6SPPpGqUNVaWOdHSBKCDQlMZiI4B/4I=""",useCache:true},,,,,,,,,,,,
"{""notificationType"":""IgnitionStatus""","sn:""8B5142A5""","vehicleID:""""","tripID:""2dfce267-4eda-47dd-8ad0-16b83951b0c1""","previousStatus:""driving""","currentStatus:""parking""",changeTime:1778089125805,"gpsData:{""source"":""hardware""",time:1778089127000,speed:0.072227,heading:294.010009,coordinate:[-77.0068,-12.126644,125.721],hDop:58,vDop:91},accumulatedDistance:1363,"accessKeyID:""Tsomobile_03ZhM6I4uRjzW""","sign:""SbdT2zkh3BA4iIpVLW7o/P2B0mn7iBNiFBbze31zVSA=""",useCache:true},,,,,,,,,,,,,,,,,,,,,,,,,,,,,,,,,,,,,,,,,,,,,,,,
"{""notificationType"":""AutoSnapshot""","sn:""8B5142A5""","pictureID:""1212061382124642304""",time:1778089558000,"rotate:""normal""","url:""https://cdn.vidfleet-api.gpstrackit.com/clip/8a4b5e9b4dad4f7595cdf86e5ec8c8ca/default/8B5142A5/1212061382124642304/thumbnails/0.jpg?Policy=eyJTdGF0ZW1lbnQiOlt7IlJlc291cmNlIjoiaHR0cHM6Ly9jZG4udmlkZmxlZXQtYXBpLmdwc3RyYWNraXQuY29tL2NsaXAvOGE0YjVlOWI0ZGFkNGY3NTk1Y2RmODZlNWVjOGM4Y2EvZGVmYXVsdC84QjUxNDJBNS8xMjEyMDYxMzgyMTI0NjQyMzA0L3RodW1ibmFpbHMvMC5qcGciLCJDb25kaXRpb24iOnsiRGF0ZUxlc3NUaGFuIjp7IkFXUzpFcG9jaFRpbWUiOjE3OTM5MDA3Njd9fX1dfQ__&Signature=XIl~DeH~5EheFoz7TN5m6-kDHP95lEKCCb09wYjZdRojexqzoKzo2iye76TfgS~SPlWQ5pecRB5ea0RgzCUcaWs~hmNKRC3o9ocNkjCwxFfgO3J9MxYoAl2Ego~ufMwEhXF2utoKA7BLdWAz6DtyHzxQJYVnolDKTs8I3~fx0JN~lkm~JEVeBedVxOLiR9q2G6BZ2dQCzLZbPu00XifGxR7jOiXcJDAWStT1n5ANwYNm2-oyHM~MhmqY4E9cBbxm1Xopj6A5OpcpZutVjZhTnm6KfdS6ErlhGf5FLnX~zEC8TvUn6X78ZcE5R5YccK-PdZCKO7umZyIRNo90758ziw__&Key-Pair-Id=K1KFJH9S65S6E2""",fileSize:119342,"tripID:""ea52979c-fdb4-4cc0-baad-9be617ba6355""","timezone:""-05:00""","gpsData:{""source"":""hardware""",sysTime:1778089557856,time:1778089559000,speed:2.419,heading:291.77,coordinate:[-77.00749917,-12.12657852,128.9720001],hDop:52,vDop:80},"accessKeyID:""Tsomobile_03ZhM6I4uRjzW""","sign:""3YqAfMGCSiTPxbCH1d2oAf4vfcd9Bho/gB+4vh2yzY8=""",useCache:true},,,,,,,,,,,,,,,,,,,,,,,,,,,,,,,,,,,,,,,,,,,,,,
"{""notificationType"":""IgnitionStatus""","sn:""8B5142A5""","vehicleID:""""","tripID:""ea52979c-fdb4-4cc0-baad-9be617ba6355""","previousStatus:""parking""","currentStatus:""driving""",changeTime:1778089557753,"gpsData:{""source"":""hardware""",time:1778089559000,speed:2.418711,heading:291.769989,coordinate:[-77.007499,-12.126578,128.972],hDop:52,vDop:80},accumulatedDistance:0,"accessKeyID:""Tsomobile_03ZhM6I4uRjzW""","sign:""kAT/+db2F7FWQHN+Tw0C2nqCkqwfqvGEeNq/HAnVIzs=""",useCache:true},,,,,,,,,,,,,,,,,,,,,,,,,,,,,,,,,,,,,,,,,,,,,,,,
"{""notificationType"":""TripInfo""","sn:""8B5142A5""","tripID:""ea52979c-fdb4-4cc0-baad-9be617ba6355""",messageTime:1778089684187,"points:[{""source"":""hardware""",sysTime:1778089587846,gpsTime:1778089589000,speed:18.526,heading:35.37,coordinate:[-77.00729797,-12.12600908,125.4069977],"idleStatus:""Moving""",accumulatedDistance:0,hDop:52,vDop:82},"{""source"":""hardware""",sysTime:1778089617845,gpsTime:1778089619000,speed:7.289,heading:44.61,coordinate:[-77.00688545,-12.12554322,125.4550018],"idleStatus:""Unknown""",accumulatedDistance:0,hDop:55,vDop:82},"{""source"":""hardware""",sysTime:1778089647835,gpsTime:1778089649000,speed:24.921,heading:326.55,coordinate:[-77.00689602,-12.12495475,126.7740021],"idleStatus:""Moving""",accumulatedDistance:0,hDop:63,vDop:101},"{""source"":""hardware""",sysTime:1778089677865,gpsTime:1778089679000,speed:0.515,heading:330.25,coordinate:[-77.00776868,-12.12368165,127.4830017],"idleStatus:""Unknown""",accumulatedDistance:200,hDop:50,vDop:75}],obdData:[],"accessKeyID:""Tsomobile_03ZhM6I4uRjzW""","sign:""PIJlAkYEft1ZUS3GNxCmLsA75QWXsP1K6i5wGefb3d4=""",useCache:true},,,,,,,,,,,,
"{""notificationType"":""CameraEvent""","sn:""8B5142A5""","tripID:""ea52979c-fdb4-4cc0-baad-9be617ba6355""","vehicleID:""""","event:""NO_SEATBELT""","eventCategory:""DMS""","eventLevel:""DEFAULT""",cameraClipKey:1778071730,cameraClipOffset:172000,time:1778089736000,"clipID:""1212062143277572096""",clipStartTime:1778089736000,"url:""https://cdn.vidfleet-api.gpstrackit.com/clip/8a4b5e9b4dad4f7595cdf86e5ec8c8ca/default/8B5142A5/1212062143277572096/thumbnails/6000.jpg?Policy=eyJTdGF0ZW1lbnQiOlt7IlJlc291cmNlIjoiaHR0cHM6Ly9jZG4udmlkZmxlZXQtYXBpLmdwc3RyYWNraXQuY29tL2NsaXAvOGE0YjVlOWI0ZGFkNGY3NTk1Y2RmODZlNWVjOGM4Y2EvZGVmYXVsdC84QjUxNDJBNS8xMjEyMDYyMTQzMjc3NTcyMDk2L3RodW1ibmFpbHMvNjAwMC5qcGciLCJDb25kaXRpb24iOnsiRGF0ZUxlc3NUaGFuIjp7IkFXUzpFcG9jaFRpbWUiOjE3OTM5MDA5NTB9fX1dfQ__&Signature=fqY7z4QsG4vrOknMmSqRXNgKo~ulsv0NhaMETG2zWXqUotqGo9MXElH8PCQRxwlzLAPM7JJOgbmoTdk-CYDJnolHOWqEPWyWloH8YjKXJ8xsC5cysKi1q1Dri2alud0gxvFgVeLoY7Ri-OKRtX33qz84tt-Kkiznmz4q~nmsH56apPHAwOiMF1FOH5bOf3DBKrsPvBNqZbdDt8bMwgz3eoglKIC7NvBlIvi9~-pfr5zni8AeJlXUysDsJym6O9oJ35HXam14cXxxyfSLNQ9c-U4ekWpy0ReWR6-lSKSI-SVolOlMiGst3VE6NufGOxFlNXbm9Xcsez6JLZKVfYK-HQ__&Key-Pair-Id=K1KFJH9S65S6E2""","rotate:""normal""",duration:0,fileSize:129570,"timezone:""-05:00""","gpsData:{""source"":""hardware""",time:1778089737000,speed:11.291644,heading:330.88,coordinate:[-77.00964,-12.121263,131.378997],hDop:56,vDop:88},"accessKeyID:""Tsomobile_03ZhM6I4uRjzW""","sign:""M4ej8Uh16kEttFNZx90rcVeVVrnqey+FzLzWMlK1UpA=""",useCache:true},,,,,,,,,,,,,,,,,,,,,,,,,,,,,,,,,,,,,,,
"{""notificationType"":""TripInfo""","sn:""8B5142A5""","tripID:""ea52979c-fdb4-4cc0-baad-9be617ba6355""",messageTime:1778089806801,"points:[{""source"":""hardware""",sysTime:1778089707855,gpsTime:1778089709000,speed:33.729,heading:325.72,coordinate:[-77.00846497,-12.12263205,129.9250031],"idleStatus:""Moving""",accumulatedDistance:487,hDop:57,vDop:91},"{""source"":""hardware""",sysTime:1778089737875,gpsTime:1778089739000,speed:13.236,heading:324.37,coordinate:[-77.00967792,-12.12120962,132.2619934],"idleStatus:""Moving""",accumulatedDistance:585,hDop:52,vDop:82},"{""source"":""hardware""",sysTime:1778089767864,gpsTime:1778089769000,speed:22.026,heading:61.93,coordinate:[-77.01037288,-12.11973515,131.2709961],"idleStatus:""Moving""",accumulatedDistance:864,hDop:52,vDop:86},"{""source"":""hardware""",sysTime:1778089797864,gpsTime:1778089799000,speed:7.267,heading:331.02,coordinate:[-77.00981903,-12.1188173,131.447998],"idleStatus:""Unknown""",accumulatedDistance:864,hDop:52,vDop:83}],obdData:[],"accessKeyID:""Tsomobile_03ZhM6I4uRjzW""","sign:""dRK+V2cqCu2BjHtLVdoKV6NpG2o03kTTSljqxqJdmxw=""",useCache:true},,,,,,,,,,,,
"{""notificationType"":""CameraRunningInfo""","sn:""8B5142A5""","tripID:""ea52979c-fdb4-4cc0-baad-9be617ba6355""",connectionEstablishedTime:1778089563008,time:1778089899784,systemTime:1778089899784,lteSignalStrength:31,gpsSignalStrength:38.25,gpsValidSatellites:26,gpsScannedSatellites:31,vehicleBatteryVoltage:12,oldestBufferedClipTime:1325374305000,oldestMarkedClipTime:1777920103000,triggeredAlarms:0,triggeredEvents:1,"alarmCnt:{""USING_PHONE"":0",HEADWAY_MONITORING_WARNING:0,HEADWAY_MONITORING_EMERGENCY:0,SPEEDING:0,DROWSINESS:0,LANE_DEPARTURE_WARNING:0,OVER_MAX_SPEED:0,PASSENGERS_NO_SEATBELT:0,PEDESTRIAN_COLLISION:0,CYCLIST_COLLISION:0,NO_SEATBELT:0,NO_DRIVER:0,DISTRACTED:0},"natState:{""status"":""disabled""",usageInMB:0},"gpsData:{""source"":""hardware""",time:1778089901000,speed:18.625564,heading:352.049987,coordinate:[-77.01381,-12.118645,137.482],hDop:52,vDop:82},"accessKeyID:""Tsomobile_03ZhM6I4uRjzW""","sign:""PoxD1LtuoO1pEjn0qj6yWIZfllxNGOK+osyfsXkLtgc=""",useCache:true},,,,,,,,,,,,,,,,,,,,,,,,,,
"{""notificationType"":""TripInfo""","sn:""8B5142A5""","tripID:""ea52979c-fdb4-4cc0-baad-9be617ba6355""",messageTime:1778089928018,"points:[{""source"":""hardware""",sysTime:1778089827864,gpsTime:1778089829000,speed:10.877,heading:327.52,coordinate:[-77.00992547,-12.11867733,140.5240021],"idleStatus:""Moving""",accumulatedDistance:864,hDop:52,vDop:77},"{""source"":""hardware""",sysTime:1778089857865,gpsTime:1778089859000,speed:28.834,heading:237.3,coordinate:[-77.01091557,-12.1182053,134.8630066],"idleStatus:""Moving""",accumulatedDistance:1094,hDop:58,vDop:86},"{""source"":""hardware""",sysTime:1778089887863,gpsTime:1778089889000,speed:28.276,heading:273.35,coordinate:[-77.0132202,-12.11875213,132.7920074],"idleStatus:""Moving""",accumulatedDistance:1411,hDop:54,vDop:81},"{""source"":""hardware""",sysTime:1778089917843,gpsTime:1778089919000,speed:7.854,heading:354.07,coordinate:[-77.01393022,-12.11765633,137.3190002],"idleStatus:""Unknown""",accumulatedDistance:1465,hDop:57,vDop:87}],obdData:[],"accessKeyID:""Tsomobile_03ZhM6I4uRjzW""","sign:""bsltRN4InafKTQw45Pcn1K3Iv6Ozu8iXzQ4jvR3Wki8=""",useCache:true},,,,,,,,,,,,
"{""notificationType"":""TripInfo""","sn:""8B5142A5""","tripID:""ea52979c-fdb4-4cc0-baad-9be617ba6355""",messageTime:1778090053004,"points:[{""source"":""hardware""",sysTime:1778089947821,gpsTime:1778089949000,speed:9.26,heading:241.52,coordinate:[-77.01485932,-12.11795975,139.5970001],"idleStatus:""Moving""",accumulatedDistance:1465,hDop:89,vDop:195},"{""source"":""hardware""",sysTime:1778089977851,gpsTime:1778089979000,speed:10.968,heading:359.51,coordinate:[-77.01634092,-12.11841577,133.8600006],"idleStatus:""Moving""",accumulatedDistance:1738,hDop:62,vDop:98},"{""source"":""hardware""",sysTime:1778090007841,gpsTime:1778090009000,speed:10.099,heading:348.08,coordinate:[-77.01655988,-12.11675223,146.8619995],"idleStatus:""Moving""",accumulatedDistance:1942,hDop:61,vDop:96},"{""source"":""hardware""",sysTime:1778090037860,gpsTime:1778090039000,speed:21.252,heading:356.85,coordinate:[-77.01667425,-12.1157612,142.3059998],"idleStatus:""Moving""",accumulatedDistance:1942,hDop:51,vDop:80}],obdData:[],"accessKeyID:""Tsomobile_03ZhM6I4uRjzW""","sign:""+ZrQ57RWifkiX81HL9ACKHp4gsReRB42mZUcNyudofo=""",useCache:true},,,,,,,,,,,,
"{""notificationType"":""AutoSnapshot""","sn:""8B5142A5""","pictureID:""1212063897461334016""",time:1778090158000,"rotate:""normal""","url:""https://cdn.vidfleet-api.gpstrackit.com/clip/8a4b5e9b4dad4f7595cdf86e5ec8c8ca/default/8B5142A5/1212063897461334016/thumbnails/600000.jpg?Policy=eyJTdGF0ZW1lbnQiOlt7IlJlc291cmNlIjoiaHR0cHM6Ly9jZG4udmlkZmxlZXQtYXBpLmdwc3RyYWNraXQuY29tL2NsaXAvOGE0YjVlOWI0ZGFkNGY3NTk1Y2RmODZlNWVjOGM4Y2EvZGVmYXVsdC84QjUxNDJBNS8xMjEyMDYzODk3NDYxMzM0MDE2L3RodW1ibmFpbHMvNjAwMDAwLmpwZyIsIkNvbmRpdGlvbiI6eyJEYXRlTGVzc1RoYW4iOnsiQVdTOkVwb2NoVGltZSI6MTc5MzkwMTM2N319fV19&Signature=Z43qzOWpo9rTI3eTYE2YMeMd3tl-YNGIpqTREcwvwr9r-vulSXAJLRuZdP9bpDlxDpsI38fXV~5qkLnp~v8YN6BcIcXNqh9zOH0EhcdAK3hU2RD~WZKzhSZjM3hYbooyKHiUuZm8mrfUv7fjQUsfL8MFMlIQymH5dUHvbLY02Zc-BolfleJGyf-ZFexk5ZDX9dWr8GxS~MDEDNAAO3clPgVkZ1ew-psJygh0G6sI84M-Qe9DFbA2gwILMCOJu3L7Rw6gRbnMzhjgEemjpBDxoI3a03u1gqQkKZI6ku9YCtQ8moAC-cPJFGWB5-5b0k1jECCB-pi5iTSOKZ~Svh-jVA__&Key-Pair-Id=K1KFJH9S65S6E2""",fileSize:133155,"tripID:""ea52979c-fdb4-4cc0-baad-9be617ba6355""","timezone:""-05:00""","gpsData:{""source"":""hardware""",sysTime:1778090157851,time:1778090159000,speed:20.905,heading:172.35,coordinate:[-77.01669932,-12.11552155,137.3029938],hDop:52,vDop:81},"accessKeyID:""Tsomobile_03ZhM6I4uRjzW""","sign:""rjEvz14CRH8mwBlw1/ysvGu4/5K6zvmzsmMey/ttRgE=""",useCache:true},,,,,,,,,,,,,,,,,,,,,,,,,,,,,,,,,,,,,,,,,,,,,,
"{""notificationType"":""TripInfo""","sn:""8B5142A5""","tripID:""ea52979c-fdb4-4cc0-baad-9be617ba6355""",messageTime:1778090175059,"points:[{""source"":""hardware""",sysTime:1778090067852,gpsTime:1778090069000,speed:0.191,heading:350.54,coordinate:[-77.0168125,-12.11476803,140.0279999],"idleStatus:""Unknown""",accumulatedDistance:2151,hDop:52,vDop:82},"{""source"":""hardware""",sysTime:1778090097863,gpsTime:1778090099000,speed:15.74,heading:265.84,coordinate:[-77.01710692,-12.11468418,136.7689972],"idleStatus:""Moving""",accumulatedDistance:2151,hDop:52,vDop:82},"{""source"":""hardware""",sysTime:1778090127883,gpsTime:1778090129000,speed:11.875,heading:145.84,coordinate:[-77.01774233,-12.11532848,132.3059998],"idleStatus:""Moving""",accumulatedDistance:2151,hDop:51,vDop:77},"{""source"":""hardware""",sysTime:1778090157851,gpsTime:1778090159000,speed:20.905,heading:172.35,coordinate:[-77.01669932,-12.11552155,137.3029938],"idleStatus:""Moving""",accumulatedDistance:2151,hDop:52,vDop:81}],obdData:[],"accessKeyID:""Tsomobile_03ZhM6I4uRjzW""","sign:""9zmyrgZdsVXjA924bSlZVbtqOhnxuDLT7tRdOtWVf54=""",useCache:true},,,,,,,,,,,,
"{""notificationType"":""CameraRunningInfo""","sn:""8B5142A5""","tripID:""ea52979c-fdb4-4cc0-baad-9be617ba6355""",connectionEstablishedTime:1778089563008,time:1778090230761,systemTime:1778090230761,lteSignalStrength:29,gpsSignalStrength:37.43,gpsValidSatellites:26,gpsScannedSatellites:30,vehicleBatteryVoltage:13,oldestBufferedClipTime:1325374305000,oldestMarkedClipTime:1777920103000,triggeredAlarms:0,triggeredEvents:1,"alarmCnt:{""USING_PHONE"":0",HEADWAY_MONITORING_WARNING:0,HEADWAY_MONITORING_EMERGENCY:0,SPEEDING:0,DROWSINESS:0,LANE_DEPARTURE_WARNING:0,OVER_MAX_SPEED:0,PASSENGERS_NO_SEATBELT:0,PEDESTRIAN_COLLISION:0,CYCLIST_COLLISION:0,NO_SEATBELT:0,NO_DRIVER:0,DISTRACTED:0},"natState:{""status"":""disabled""",usageInMB:0},"gpsData:{""source"":""hardware""",time:1778090232000,speed:24.724199,heading:83.169998,coordinate:[-77.015236,-12.116165,144.463],hDop:57,vDop:90},"accessKeyID:""Tsomobile_03ZhM6I4uRjzW""","sign:""LskI9qhcqy+sF7vxrDkA9lUWXEJN9p/D7SKjHenki5o=""",useCache:true},,,,,,,,,,,,,,,,,,,,,,,,,,
"{""notificationType"":""TripInfo""","sn:""8B5142A5""","tripID:""ea52979c-fdb4-4cc0-baad-9be617ba6355""",messageTime:1778090296238,"points:[{""source"":""hardware""",sysTime:1778090187870,gpsTime:1778090189000,speed:0.111,heading:83.99,coordinate:[-77.01615613,-12.11622122,137.1470032],"idleStatus:""Unknown""",accumulatedDistance:2151,hDop:51,vDop:80},"{""source"":""hardware""",sysTime:1778090217844,gpsTime:1778090219000,speed:13.82,heading:87.2,coordinate:[-77.01569635,-12.11620077,140.6730042],"idleStatus:""Moving""",accumulatedDistance:2151,hDop:54,vDop:85},"{""source"":""hardware""",sysTime:1778090247829,gpsTime:1778090249000,speed:27.191,heading:84.84,coordinate:[-77.0139233,-12.11608473,140],"idleStatus:""Moving""",accumulatedDistance:2353,hDop:64,vDop:96},"{""source"":""hardware""",sysTime:1778090277861,gpsTime:1778090279000,speed:22.744,heading:154.24,coordinate:[-77.01299392,-12.11714287,137.1179962],"idleStatus:""Moving""",accumulatedDistance:2593,hDop:55,vDop:87}],obdData:[],"accessKeyID:""Tsomobile_03ZhM6I4uRjzW""","sign:""AQe21w/8YLWUgPYfrCTBMc6Q9X+m1L89Nu+KW805tMc=""",useCache:true},,,,,,,,,,,,
"{""notificationType"":""CameraEvent""","sn:""8B5142A5""","tripID:""ea52979c-fdb4-4cc0-baad-9be617ba6355""","vehicleID:""""","event:""USING_PHONE""","eventCategory:""DMS""","eventLevel:""DEFAULT""",cameraClipKey:1778072299,cameraClipOffset:741000,time:1778090305000,"clipID:""1212064532340547584""",clipStartTime:1778090305000,"url:""https://cdn.vidfleet-api.gpstrackit.com/clip/8a4b5e9b4dad4f7595cdf86e5ec8c8ca/default/8B5142A5/1212064532340547584/thumbnails/6000.jpg?Policy=eyJTdGF0ZW1lbnQiOlt7IlJlc291cmNlIjoiaHR0cHM6Ly9jZG4udmlkZmxlZXQtYXBpLmdwc3RyYWNraXQuY29tL2NsaXAvOGE0YjVlOWI0ZGFkNGY3NTk1Y2RmODZlNWVjOGM4Y2EvZGVmYXVsdC84QjUxNDJBNS8xMjEyMDY0NTMyMzQwNTQ3NTg0L3RodW1ibmFpbHMvNjAwMC5qcGciLCJDb25kaXRpb24iOnsiRGF0ZUxlc3NUaGFuIjp7IkFXUzpFcG9jaFRpbWUiOjE3OTM5MDE1MjB9fX1dfQ__&Signature=eDrmeBYYogMicMa-YXFIgsV5DWsrfxVNLBAcgufuoGnSN5d9OCmBxfaffRxX1ikOmTbXR7gUNCEy-F4~1sszmvn70Dv2V7F60lFmsoV7iebcYoIegEceejP~RzflG5TeO2vIHvG9jg3uRVXYg3MteYOlErlKLCuEcHLSk0CnmcE~M-u5iwnNv1SNzvT0Eb0qCa3r2~btpK3CgtxXiIIxdnWXDOndJL7v0WpJzm6zPpX48bBANe-Qo12GW7EHJ6ZNs0ugimU4RIN0fYeielj-oJ40oGvuSiRXhN7cSdlY9po4Pfyg5Lt~137jC4JAjRaLB1hk-VhkBy43IZIesbd8FQ__&Key-Pair-Id=K1KFJH9S65S6E2""","rotate:""normal""",duration:0,fileSize:124916,"timezone:""-05:00""","gpsData:{""source"":""hardware""",time:1778090306000,speed:24.27046,heading:54,coordinate:[-77.012001,-12.116811,136.436996],hDop:54,vDop:87},"accessKeyID:""Tsomobile_03ZhM6I4uRjzW""","sign:""CBh+oCSmWJDw43fJ4dz92HoqKo3QqA/P5lMoJXWNVEs=""",useCache:true},,,,,,,,,,,,,,,,,,,,,,,,,,,,,,,,,,,,,,,
"{""notificationType"":""TripInfo""","sn:""8B5142A5""","tripID:""ea52979c-fdb4-4cc0-baad-9be617ba6355""",messageTime:1778090417943,"points:[{""source"":""hardware""",sysTime:1778090307850,gpsTime:1778090309000,speed:15.29,heading:56.83,coordinate:[-77.01188068,-12.11673125,136.1470032],"idleStatus:""Moving""",accumulatedDistance:2593,hDop:54,vDop:87},"{""source"":""hardware""",sysTime:1778090337840,gpsTime:1778090339000,speed:30.462,heading:144.81,coordinate:[-77.01069028,-12.11755157,137.5970001],"idleStatus:""Moving""",accumulatedDistance:2793,hDop:54,vDop:85},"{""source"":""hardware""",sysTime:1778090367849,gpsTime:1778090369000,speed:0.276,heading:51.79,coordinate:[-77.00984073,-12.11851955,138.9980011],"idleStatus:""Unknown""",accumulatedDistance:3035,hDop:56,vDop:92},"{""source"":""hardware""",sysTime:1778090397859,gpsTime:1778090399000,speed:0.065,heading:51.79,coordinate:[-77.00984032,-12.11851995,139.0670013],"idleStatus:""Unknown""",accumulatedDistance:3035,hDop:57,vDop:86}],obdData:[],"accessKeyID:""Tsomobile_03ZhM6I4uRjzW""","sign:""17e5sR1otmlsB4TS6eovtpmfyBY6uZFEYw0QoJ5LmJg=""",useCache:true},,,,,,,,,,,,
"{""notificationType"":""TripInfo""","sn:""8B5142A5""","tripID:""ea52979c-fdb4-4cc0-baad-9be617ba6355""",messageTime:1778090539155,"points:[{""source"":""hardware""",sysTime:1778090427859,gpsTime:1778090429000,speed:0.1,heading:51.79,coordinate:[-77.00984302,-12.11851548,139.1009979],"idleStatus:""Idling""",accumulatedDistance:3035,hDop:58,vDop:90},"{""source"":""hardware""",sysTime:1778090457849,gpsTime:1778090459000,speed:6.13,heading:53.75,coordinate:[-77.0096488,-12.1183798,140.7180023],"idleStatus:""Unknown""",accumulatedDistance:3035,hDop:52,vDop:85},"{""source"":""hardware""",sysTime:1778090487860,gpsTime:1778090489000,speed:0.054,heading:49.95,coordinate:[-77.00918658,-12.11808165,141.4049988],"idleStatus:""Unknown""",accumulatedDistance:3035,hDop:52,vDop:85},"{""source"":""hardware""",sysTime:1778090517838,gpsTime:1778090519000,speed:0.015,heading:49.95,coordinate:[-77.00917663,-12.11808165,140.4149933],"idleStatus:""Unknown""",accumulatedDistance:3035,hDop:56,vDop:86}],obdData:[],"accessKeyID:""Tsomobile_03ZhM6I4uRjzW""","sign:""ekXqcA/47tARu86ElzmUzBRFR4XnptLiTbSNN+6mchw=""",useCache:true},,,,,,,,,,,,
"{""notificationType"":""CameraRunningInfo""","sn:""8B5142A5""","tripID:""ea52979c-fdb4-4cc0-baad-9be617ba6355""",connectionEstablishedTime:1778089563008,time:1778090561772,systemTime:1778090561772,lteSignalStrength:31,gpsSignalStrength:37.33,gpsValidSatellites:23,gpsScannedSatellites:30,vehicleBatteryVoltage:13,oldestBufferedClipTime:1325374305000,oldestMarkedClipTime:1777920103000,triggeredAlarms:0,triggeredEvents:2,"alarmCnt:{""USING_PHONE"":0",HEADWAY_MONITORING_WARNING:0,HEADWAY_MONITORING_EMERGENCY:0,SPEEDING:0,DROWSINESS:0,LANE_DEPARTURE_WARNING:0,OVER_MAX_SPEED:0,PASSENGERS_NO_SEATBELT:0,PEDESTRIAN_COLLISION:0,CYCLIST_COLLISION:0,NO_SEATBELT:0,NO_DRIVER:0,DISTRACTED:0},"natState:{""status"":""disabled""",usageInMB:0},"gpsData:{""source"":""hardware""",time:1778090563000,speed:0.061115,heading:49.95,coordinate:[-77.009165,-12.118081,139.279],hDop:55,vDop:83},"accessKeyID:""Tsomobile_03ZhM6I4uRjzW""","sign:""fgoQiIB/Dpk6GYld78Fy+yZGctdGuhojGqGbk1EFK+A=""",useCache:true},,,,,,,,,,,,,,,,,,,,,,,,,,
"{""notificationType"":""TripInfo""","sn:""8B5142A5""","tripID:""ea52979c-fdb4-4cc0-baad-9be617ba6355""",messageTime:1778090659812,"points:[{""source"":""hardware""",sysTime:1778090547849,gpsTime:1778090549000,speed:0.069,heading:49.95,coordinate:[-77.0091657,-12.11808312,139.0549927],"idleStatus:""Idling""",accumulatedDistance:3035,hDop:52,vDop:85},"{""source"":""hardware""",sysTime:1778090577827,gpsTime:1778090579000,speed:0.174,heading:49.95,coordinate:[-77.00916698,-12.11807995,139.3710022],"idleStatus:""Idling""",accumulatedDistance:3035,hDop:56,vDop:90},"{""source"":""hardware""",sysTime:1778090607839,gpsTime:1778090609000,speed:17.809,heading:58.2,coordinate:[-77.00907037,-12.11802708,138.5839996],"idleStatus:""Moving""",accumulatedDistance:3035,hDop:52,vDop:85},"{""source"":""hardware""",sysTime:1778090637847,gpsTime:1778090639000,speed:5.441,heading:58.13,coordinate:[-77.0079749,-12.11734078,137.6349945],"idleStatus:""Unknown""",accumulatedDistance:3236,hDop:52,vDop:83}],obdData:[],"accessKeyID:""Tsomobile_03ZhM6I4uRjzW""","sign:""FSNJsp75U7YeoxFB8KetH2+0iqPhoxsaT5pi04tkDOI=""",useCache:true},,,,,,,,,,,,
"{""notificationType"":""AutoSnapshot""","sn:""8B5142A5""","pictureID:""1212066413745938432""",time:1778090758000,"rotate:""normal""","url:""https://cdn.vidfleet-api.gpstrackit.com/clip/8a4b5e9b4dad4f7595cdf86e5ec8c8ca/default/8B5142A5/1212066413745938432/thumbnails/1200000.jpg?Policy=eyJTdGF0ZW1lbnQiOlt7IlJlc291cmNlIjoiaHR0cHM6Ly9jZG4udmlkZmxlZXQtYXBpLmdwc3RyYWNraXQuY29tL2NsaXAvOGE0YjVlOWI0ZGFkNGY3NTk1Y2RmODZlNWVjOGM4Y2EvZGVmYXVsdC84QjUxNDJBNS8xMjEyMDY2NDEzNzQ1OTM4NDMyL3RodW1ibmFpbHMvMTIwMDAwMC5qcGciLCJDb25kaXRpb24iOnsiRGF0ZUxlc3NUaGFuIjp7IkFXUzpFcG9jaFRpbWUiOjE3OTM5MDE5Njd9fX1dfQ__&Signature=AVXI5oHl~7NKxx7qHz339RR8uaCmA-6e6z0KlH1K3gkfVLwb4I-saJBfvDfX-x5~r1GxoArdiLBgIYuT3Rpvtjd2TKsHDu~vrpIE0me6BoTi3El166j4kUjKq8cdb4VaBZ5EHRPvHhp-Z4tbOyLkLNV8bTGLtIE9vx5yF4Bf6giDnG14OX4R3dSOXvM-9RJV8Sx2JfrZKlwhANTELwuSfeHteGq3al0SV6RyiHh1cHOZhcZZlrAeW33CXc94VGsvDRsH3MgON6acN-UpLXdD9g3pDqs791AHQaV30VIUeoie-bLcJKtIcKKy90h53fbe4guQWsOUMxdSXZ0ZE9WDYw__&Key-Pair-Id=K1KFJH9S65S6E2""",fileSize:151559,"tripID:""ea52979c-fdb4-4cc0-baad-9be617ba6355""","timezone:""-05:00""","gpsData:{""source"":""hardware""",sysTime:1778090757847,time:1778090759000,speed:14.764,heading:135.94,coordinate:[-77.00615227,-12.1170662,145.7769928],hDop:51,vDop:84},"accessKeyID:""Tsomobile_03ZhM6I4uRjzW""","sign:""7xrHRAW4lWSsZvKmSaj8hucPVGlHgo5FPrVaex8Uwlg=""",useCache:true},,,,,,,,,,,,,,,,,,,,,,,,,,,,,,,,,,,,,,,,,,,,,,
"{""notificationType"":""CameraEvent""","sn:""8B5142A5""","tripID:""ea52979c-fdb4-4cc0-baad-9be617ba6355""","vehicleID:""""","event:""NO_SEATBELT""","eventCategory:""DMS""","eventLevel:""DEFAULT""",cameraClipKey:1778072747,cameraClipOffset:1189000,time:1778090753000,"clipID:""1212066409182535680""",clipStartTime:1778090753000,"url:""https://cdn.vidfleet-api.gpstrackit.com/clip/8a4b5e9b4dad4f7595cdf86e5ec8c8ca/default/8B5142A5/1212066409182535680/thumbnails/6000.jpg?Policy=eyJTdGF0ZW1lbnQiOlt7IlJlc291cmNlIjoiaHR0cHM6Ly9jZG4udmlkZmxlZXQtYXBpLmdwc3RyYWNraXQuY29tL2NsaXAvOGE0YjVlOWI0ZGFkNGY3NTk1Y2RmODZlNWVjOGM4Y2EvZGVmYXVsdC84QjUxNDJBNS8xMjEyMDY2NDA5MTgyNTM1NjgwL3RodW1ibmFpbHMvNjAwMC5qcGciLCJDb25kaXRpb24iOnsiRGF0ZUxlc3NUaGFuIjp7IkFXUzpFcG9jaFRpbWUiOjE3OTM5MDE5Njd9fX1dfQ__&Signature=BEXlt8Fx-og4pNFlY8-jDJ1C5q0D49lzygqwt0HJCaU9NC37sU6VZSj4amD6393xEwHDDURx1h1r7d910bQgK~FpuRMC8fyGS7wsiROJwScPx4RpVrOSU9a8NzHXzM3mQ4utmM9eCl~MrpYt4Ny1VIvxDl9-tjj-f7-zc0VsvHDTDDjC~WiSITEInKBa~F-nr-zgqkWW0c1~Z5u86BlUti6czl05Q5EUzTJMImk5zvzO-Ukd1yHcAnC3FMH4Yud2zaJTLdZVKD6iityV5SU~H~uVl3lhqhrTokr2oBrNr-S1sOuYjZ-061WNRf7xHEmxwkLPS1qv8cjFB2HqhNkq~g__&Key-Pair-Id=K1KFJH9S65S6E2""","rotate:""normal""",duration:0,fileSize:168789,"timezone:""-05:00""","gpsData:{""source"":""hardware""",time:1778090754000,speed:21.72396,heading:140.08,coordinate:[-77.006327,-12.11686,144.235],hDop:56,vDop:88},"accessKeyID:""Tsomobile_03ZhM6I4uRjzW""","sign:""EdUDc1xNx2NqatKZ4c8mxwWWWnRvV9v3SH3BB56D8p4=""",useCache:true},,,,,,,,,,,,,,,,,,,,,,,,,,,,,,,,,,,,,,,
"{""notificationType"":""TripInfo""","sn:""8B5142A5""","tripID:""ea52979c-fdb4-4cc0-baad-9be617ba6355""",messageTime:1778090781769,"points:[{""source"":""hardware""",sysTime:1778090667848,gpsTime:1778090669000,speed:6.197,heading:339.29,coordinate:[-77.00723835,-12.1166362,146.2380066],"idleStatus:""Unknown""",accumulatedDistance:3236,hDop:51,vDop:83},"{""source"":""hardware""",sysTime:1778090697833,gpsTime:1778090699000,speed:13.91,heading:57.11,coordinate:[-77.00762397,-12.11565223,145.8639984],"idleStatus:""Moving""",accumulatedDistance:3439,hDop:56,vDop:95},"{""source"":""hardware""",sysTime:1778090727848,gpsTime:1778090729000,speed:15.727,heading:176.98,coordinate:[-77.00697742,-12.11567653,151.8619995],"idleStatus:""Moving""",accumulatedDistance:3439,hDop:51,vDop:81},"{""source"":""hardware""",sysTime:1778090757847,gpsTime:1778090759000,speed:14.764,heading:135.94,coordinate:[-77.00615227,-12.1170662,145.7769928],"idleStatus:""Moving""",accumulatedDistance:3439,hDop:51,vDop:84}],obdData:[],"accessKeyID:""Tsomobile_03ZhM6I4uRjzW""","sign:""OYmrOz7YEw8b9JbYR14XES55Eo5/6vqZ+LuxIJq06rg=""",useCache:true},,,,,,,,,,,,
"{""notificationType"":""IgnitionStatus""","sn:""8B5142A5""","vehicleID:""""","tripID:""ea52979c-fdb4-4cc0-baad-9be617ba6355""","previousStatus:""driving""","currentStatus:""parking""",changeTime:1778090782735,"gpsData:{""source"":""hardware""",time:1778090784000,speed:1.377887,heading:276.209991,coordinate:[-77.006161,-12.117447,145.464],hDop:61,vDop:98},accumulatedDistance:3641,"accessKeyID:""Tsomobile_03ZhM6I4uRjzW""","sign:""Bi9jZtgRqFoza8ZZFVk+k6USzWswvJar0dexv6vZ18Q=""",useCache:true},,,,,,,,,,,,,,,,,,,,,,,,,,,,,,,,,,,,,,,,,,,,,,,,
"{""notificationType"":""CameraRunningInfo""","sn:""8B5142A5""","tripID:""ea52979c-fdb4-4cc0-baad-9be617ba6355""",connectionEstablishedTime:1778089563008,time:1778090783779,systemTime:1778090783779,lteSignalStrength:31,gpsSignalStrength:37.56,gpsValidSatellites:24,gpsScannedSatellites:30,vehicleBatteryVoltage:12,oldestBufferedClipTime:1325374305000,oldestMarkedClipTime:1777920103000,triggeredAlarms:0,triggeredEvents:3,"alarmCnt:{""USING_PHONE"":0",HEADWAY_MONITORING_WARNING:0,HEADWAY_MONITORING_EMERGENCY:0,SPEEDING:0,DROWSINESS:0,LANE_DEPARTURE_WARNING:0,OVER_MAX_SPEED:0,PASSENGERS_NO_SEATBELT:0,PEDESTRIAN_COLLISION:0,CYCLIST_COLLISION:0,NO_SEATBELT:0,NO_DRIVER:0,DISTRACTED:0},"natState:{""status"":""disabled""",usageInMB:0},"gpsData:{""source"":""hardware""",time:1778090785000,speed:1.42604,heading:276.209991,coordinate:[-77.00616,-12.117446,145.581],hDop:58,vDop:96},"accessKeyID:""Tsomobile_03ZhM6I4uRjzW""","sign:""fVRdHKGy9NYZkR6n7W8sdOM9MG5/7J/BDXAFBqYPf6s=""",useCache:true},,,,,,,,,,,,,,,,,,,,,,,,,,
"{""notificationType"":""AutoSnapshot""","sn:""8B5142A5""","pictureID:""1212066513008336896""",time:1778090781000,"rotate:""normal""","url:""https://cdn.vidfleet-api.gpstrackit.com/clip/8a4b5e9b4dad4f7595cdf86e5ec8c8ca/default/8B5142A5/1212066513008336896/thumbnails/1223000.jpg?Policy=eyJTdGF0ZW1lbnQiOlt7IlJlc291cmNlIjoiaHR0cHM6Ly9jZG4udmlkZmxlZXQtYXBpLmdwc3RyYWNraXQuY29tL2NsaXAvOGE0YjVlOWI0ZGFkNGY3NTk1Y2RmODZlNWVjOGM4Y2EvZGVmYXVsdC84QjUxNDJBNS8xMjEyMDY2NTEzMDA4MzM2ODk2L3RodW1ibmFpbHMvMTIyMzAwMC5qcGciLCJDb25kaXRpb24iOnsiRGF0ZUxlc3NUaGFuIjp7IkFXUzpFcG9jaFRpbWUiOjE3OTM5MDE5OTF9fX1dfQ__&Signature=k-JGrJFoRW2LlRL6kCvOfpgXlQ~wejce-Dh7VdDyqTcZLGhtnUEfIfmlk8JBJSI1rundmKetdLcqnuTxyJcA5PsCX6tNoTCvj0QUI-BtJ1FkCnByysV6CYAua1omBMvDuBQ22AeXVNEFPJGj0TnWWIpzw1bR4ui~9yQ~PgD9YqE49h6t6xUP0qt9GDM33mq1UJoagKOEgOnaDRbg2OH7pCEfOd7LYzKNlplebMYJ3S1mhYyf4nLbkpIN9I-JMdNgDM-~OWoOdL4s37zN7X8UO7OxGb8swwVfn5iQiWaFMjWHsmmcHCFqYAL1zBlPH~Gc243jyjVOzhAKiJP8ra0-bQ__&Key-Pair-Id=K1KFJH9S65S6E2""",fileSize:141034,"tripID:""ea52979c-fdb4-4cc0-baad-9be617ba6355""","timezone:""-05:00""","gpsData:{""source"":""hardware""",sysTime:1778090780844,time:1778090782000,speed:0.348,heading:276.21,coordinate:[-77.00616428,-12.11745202,144.8950043],hDop:57,vDop:95},"accessKeyID:""Tsomobile_03ZhM6I4uRjzW""","sign:""ltZOe33kIn5GcSzTL8+n4Um1Yo19n3B8Zq7jCsbHH1I=""",useCache:true},,,,,,,,,,,,,,,,,,,,,,,,,,,,,,,,,,,,,,,,,,,,,,
"{""notificationType"":""IgnitionStatus""","sn:""8B5142A5""","vehicleID:""""","tripID:""195d3685-273c-4e20-b787-aad30c9b493f""","previousStatus:""parking""","currentStatus:""driving""",changeTime:1778090892559,"gpsData:{""source"":""hardware""",time:1778090893000,speed:0.025927,heading:276.209991,coordinate:[-77.006162,-12.117441,146.108],hDop:60,vDop:104},accumulatedDistance:0,"accessKeyID:""Tsomobile_03ZhM6I4uRjzW""","sign:""XEX//DIA0jVbMQiI1HvR1I+vx4EdWzUlD3Sm9sVP70Q=""",useCache:true},,,,,,,,,,,,,,,,,,,,,,,,,,,,,,,,,,,,,,,,,,,,,,,,
"{""notificationType"":""CameraRunningInfo""","sn:""8B5142A5""","tripID:""195d3685-273c-4e20-b787-aad30c9b493f""",connectionEstablishedTime:1778089563008,time:1778090893756,systemTime:1778090893756,lteSignalStrength:31,gpsSignalStrength:37.87,gpsValidSatellites:23,gpsScannedSatellites:29,vehicleBatteryVoltage:12,oldestBufferedClipTime:1325374305000,oldestMarkedClipTime:1777920103000,triggeredAlarms:0,triggeredEvents:0,"alarmCnt:{""USING_PHONE"":0",HEADWAY_MONITORING_WARNING:0,HEADWAY_MONITORING_EMERGENCY:0,SPEEDING:0,DROWSINESS:0,LANE_DEPARTURE_WARNING:0,OVER_MAX_SPEED:0,PASSENGERS_NO_SEATBELT:0,PEDESTRIAN_COLLISION:0,CYCLIST_COLLISION:0,NO_SEATBELT:0,NO_DRIVER:0,DISTRACTED:0},"natState:{""status"":""disabled""",usageInMB:0},"gpsData:{""source"":""hardware""",time:1778090899000,speed:0.251872,heading:276.209991,coordinate:[-77.006162,-12.11744,146.119],hDop:58,vDop:101},"accessKeyID:""Tsomobile_03ZhM6I4uRjzW""","sign:""qu94z6+9WTMI5kZ2y90ygdgcX8OXRFFIxrQwvJi/ZiQ=""",useCache:true},,,,,,,,,,,,,,,,,,,,,,,,,,
"{""notificationType"":""AutoSnapshot""","sn:""8B5142A5""","pictureID:""1212066966437765120""",time:1778090891000,"rotate:""normal""","url:""https://cdn.vidfleet-api.gpstrackit.com/clip/8a4b5e9b4dad4f7595cdf86e5ec8c8ca/default/8B5142A5/1212066966437765120/thumbnails/106000.jpg?Policy=eyJTdGF0ZW1lbnQiOlt7IlJlc291cmNlIjoiaHR0cHM6Ly9jZG4udmlkZmxlZXQtYXBpLmdwc3RyYWNraXQuY29tL2NsaXAvOGE0YjVlOWI0ZGFkNGY3NTk1Y2RmODZlNWVjOGM4Y2EvZGVmYXVsdC84QjUxNDJBNS8xMjEyMDY2OTY2NDM3NzY1MTIwL3RodW1ibmFpbHMvMTA2MDAwLmpwZyIsIkNvbmRpdGlvbiI6eyJEYXRlTGVzc1RoYW4iOnsiQVdTOkVwb2NoVGltZSI6MTc5MzkwMjEwNH19fV19&Signature=P-OX-mW-jpydANNiH1yOs1RUQS8aBTQmZ~KvZ0zroHQTBAGhfoGjZxqq73FKqwQEkWiSoCRD6mV5M1yt8wJgkL8Vcvgt1wot7DZO5fT-~DleUyQ2Pv-XfQWJXZKjXwStJaP9-L3ujkTC70YpqnyZM8U8Hzqm0~gSNAcxakvkOdsy6aGjYfrHEzBDnAuDwVxZ833KVUKGddUOwXxwIUTQXtz2sozm0SF4IvLPOKx4fOTIW65tSpsg1A2oe25sxIOTqpq7nScDAsVzyWGNXeAzJiSinQ1KCQc9jV66H0kuNrXMkwt3uz6O2t0lvj4CygXkbLd3wZs1wFqEE1o2L2U3tA__&Key-Pair-Id=K1KFJH9S65S6E2""",fileSize:140095,"tripID:""195d3685-273c-4e20-b787-aad30c9b493f""","timezone:""-05:00""","gpsData:{""source"":""hardware""",sysTime:1778090890299,time:1778090891000,speed:0.059,heading:276.21,coordinate:[-77.00616203,-12.11744103,146.1119995],hDop:61,vDop:104},"accessKeyID:""Tsomobile_03ZhM6I4uRjzW""","sign:""ly7Ngr90gfBA7XBBYxjajDwe/FTdZBnNHIQvXENGQAE=""",useCache:true},,,,,,,,,,,,,,,,,,,,,,,,,,,,,,,,,,,,,,,,,,,,,,
"{""notificationType"":""TripInfo""","sn:""8B5142A5""","tripID:""195d3685-273c-4e20-b787-aad30c9b493f""",messageTime:1778091017120,"points:[{""source"":""hardware""",sysTime:1778090922299,gpsTime:1778090923000,speed:23.698,heading:328.52,coordinate:[-77.00667177,-12.11760783,143.3659973],"idleStatus:""Moving""",accumulatedDistance:0,hDop:58,vDop:99},"{""source"":""hardware""",sysTime:1778090952279,gpsTime:1778090953000,speed:22.498,heading:331.96,coordinate:[-77.00754727,-12.11591252,144.6369934],"idleStatus:""Moving""",accumulatedDistance:214,hDop:63,vDop:103},"{""source"":""hardware""",sysTime:1778090982299,gpsTime:1778090983000,speed:12.945,heading:134.2,coordinate:[-77.00709753,-12.11543063,148.9309998],"idleStatus:""Moving""",accumulatedDistance:221,hDop:52,vDop:86},"{""source"":""hardware""",sysTime:1778091012288,gpsTime:1778091013000,speed:14.999,heading:129.82,coordinate:[-77.00623027,-12.11709975,156.279007],"idleStatus:""Moving""",accumulatedDistance:221,hDop:58,vDop:97}],obdData:[],"accessKeyID:""Tsomobile_03ZhM6I4uRjzW""","sign:""hZlczlKJmBbQ7Tsy4BHMfmPkMI02OOdg3Eo+jqw2WME=""",useCache:true},,,,,,,,,,,,
"{""notificationType"":""IgnitionStatus""","sn:""8B5142A5""","vehicleID:""""","tripID:""195d3685-273c-4e20-b787-aad30c9b493f""","previousStatus:""driving""","currentStatus:""parking""",changeTime:1778091025726,"gpsData:{""source"":""hardware""",time:1778091027000,speed:0.544488,heading:169.490005,coordinate:[-77.006112,-12.11723,151.258],hDop:54,vDop:90},accumulatedDistance:221,"accessKeyID:""Tsomobile_03ZhM6I4uRjzW""","sign:""LB4E8QOPXwKv0HCCCAY3eKk/7UFWwJ1c4PoE+d8VJxA=""",useCache:true},,,,,,,,,,,,,,,,,,,,,,,,,,,,,,,,,,,,,,,,,,,,,,,,
"{""notificationType"":""CameraRunningInfo""","sn:""8B5142A5""","tripID:""195d3685-273c-4e20-b787-aad30c9b493f""",connectionEstablishedTime:1778089563008,time:1778091026773,systemTime:1778091026773,lteSignalStrength:26,gpsSignalStrength:36.6,gpsValidSatellites:22,gpsScannedSatellites:29,vehicleBatteryVoltage:12,oldestBufferedClipTime:1325374305000,oldestMarkedClipTime:1777920103000,triggeredAlarms:0,triggeredEvents:0,"alarmCnt:{""USING_PHONE"":0",HEADWAY_MONITORING_WARNING:0,HEADWAY_MONITORING_EMERGENCY:0,SPEEDING:0,DROWSINESS:0,LANE_DEPARTURE_WARNING:0,OVER_MAX_SPEED:0,PASSENGERS_NO_SEATBELT:0,PEDESTRIAN_COLLISION:0,CYCLIST_COLLISION:0,NO_SEATBELT:0,NO_DRIVER:0,DISTRACTED:0},"natState:{""status"":""disabled""",usageInMB:0},"gpsData:{""source"":""hardware""",time:1778091028000,speed:0.490779,heading:169.490005,coordinate:[-77.006112,-12.11723,151.268],hDop:55,vDop:87},"accessKeyID:""Tsomobile_03ZhM6I4uRjzW""","sign:""er009uYm0uJwZ30Xg+ONAZ2soYSS+RTkCv4fN4+nvMY=""",useCache:true},,,,,,,,,,,,,,,,,,,,,,,,,,
"{""notificationType"":""AutoSnapshot""","sn:""8B5142A5""","pictureID:""1212067535474794496""",time:1778091025000,"rotate:""normal""","url:""https://cdn.vidfleet-api.gpstrackit.com/clip/8a4b5e9b4dad4f7595cdf86e5ec8c8ca/default/8B5142A5/1212067535474794496/thumbnails/131000.jpg?Policy=eyJTdGF0ZW1lbnQiOlt7IlJlc291cmNlIjoiaHR0cHM6Ly9jZG4udmlkZmxlZXQtYXBpLmdwc3RyYWNraXQuY29tL2NsaXAvOGE0YjVlOWI0ZGFkNGY3NTk1Y2RmODZlNWVjOGM4Y2EvZGVmYXVsdC84QjUxNDJBNS8xMjEyMDY3NTM1NDc0Nzk0NDk2L3RodW1ibmFpbHMvMTMxMDAwLmpwZyIsIkNvbmRpdGlvbiI6eyJEYXRlTGVzc1RoYW4iOnsiQVdTOkVwb2NoVGltZSI6MTc5MzkwMjIzNX19fV19&Signature=hpjaUv7Pi~K6c-baJENxXgLNboyEuu264kv2n51WUfEoppw2mwg3S0rHmH~9kp06M62Ik4WSjtpEhzkJwhsJo0soejATnJqDlsz0u5P7R8W2r2j3Xwwq~1OlfyQBcbLwxVrVcTAiVuAD5rxDc11EY7IVdO4NnoEt4GestIl8CKIRaSFsjExudbJBHpKt5QKSTL~DyctlPLzMBBRv~onwbt-UrJW8UpmJP2P6lF265NiBTu0-mQWk5c3WTUx6tsUcdx2xgqaw4uXRCYIblwUD1d3McaoxeCjsN6jaljMCX~V7uMZFIrfIxo3pT9MfSy5ilGjD0huGTY9XyyJaOi-knA__&Key-Pair-Id=K1KFJH9S65S6E2""",fileSize:145595,"tripID:""195d3685-273c-4e20-b787-aad30c9b493f""","timezone:""-05:00""","gpsData:{""source"":""hardware""",sysTime:1778091024288,time:1778091025000,speed:0.72,heading:169.49,coordinate:[-77.00611233,-12.11722945,151.2369995],hDop:55,vDop:91},"accessKeyID:""Tsomobile_03ZhM6I4uRjzW""","sign:""F45Dl/kyQl1EB8QQY2HFrD+jM+SHVubh5VeaKvbW5tg=""",useCache:true},,,,,,,,,,,,,,,,,,,,,,,,,,,,,,,,,,,,,,,,,,,,,,
"{""notificationType"":""CameraRunningInfo""","sn:""8B5142A5""","tripID:""195d3685-273c-4e20-b787-aad30c9b493f""",connectionEstablishedTime:1778089563008,time:1778091230755,systemTime:1778091230755,lteSignalStrength:26,gpsSignalStrength:36.62,gpsValidSatellites:23,gpsScannedSatellites:29,vehicleBatteryVoltage:12,oldestBufferedClipTime:1325374305000,oldestMarkedClipTime:1777920103000,triggeredAlarms:0,triggeredEvents:0,"alarmCnt:{""USING_PHONE"":0",HEADWAY_MONITORING_WARNING:0,HEADWAY_MONITORING_EMERGENCY:0,SPEEDING:0,DROWSINESS:0,LANE_DEPARTURE_WARNING:0,OVER_MAX_SPEED:0,PASSENGERS_NO_SEATBELT:0,PEDESTRIAN_COLLISION:0,CYCLIST_COLLISION:0,NO_SEATBELT:0,NO_DRIVER:0,DISTRACTED:0},"natState:{""status"":""disabled""",usageInMB:0},"gpsData:{""source"":""hardware""",time:1778091232000,speed:0.129639,heading:169.490005,coordinate:[-77.006105,-12.117291,147.454],hDop:51,vDop:80},"accessKeyID:""Tsomobile_03ZhM6I4uRjzW""","sign:""hG1fQsNZ0SfNz6l2XVt3oPVNTGH7sjE9Ddx/HfI1hsI=""",useCache:true},,,,,,,,,,,,,,,,,,,,,,,,,,
"{""notificationType"":""DataUsage""","sn:""8B5142A5""","vehicleID:""""",dataUsageInKB:0,"tripID:""""","gpsData:{""source"":""lastValid""",time:1778094890000,speed:0.137048,heading:169.490005,coordinate:[-77.00612,-12.117403,164.301],hDop:52,vDop:89},"accessKeyID:""Tsomobile_03ZhM6I4uRjzW""","sign:""HKYtKRQRMILDneDLDQywGV+b1sAyJQ8JMVt/IPuM6xE=""",useCache:true},,,,,,,,,,,,,,,,,,,,,,,,,,,,,,,,,,,,,,,,,,,,,,,,,,,